date,open,high,low,close,volume
2024-04-29 09:15:00,1815.9,1822.0,1815.0,1817.1,4041
2024-04-29 09:16:00,1817.1,1818.35,1812.2,1812.25,2018
2024-04-29 09:17:00,1813.0,1814.6,1812.2,1813.0,1365
2024-04-29 09:18:00,1814.0,1814.55,1812.0,1812.0,1950
2024-04-29 09:19:00,1811.2,1812.4,1807.0,1807.0,1037
2024-04-29 09:20:00,1807.0,1809.0,1806.7,1809.0,2733
2024-04-29 09:21:00,1809.0,1811.9,1808.0,1810.2,1545
2024-04-29 09:22:00,1811.75,1812.0,1810.0,1811.8,1180
2024-04-29 09:23:00,1810.25,1811.3,1807.0,1807.1,1893
2024-04-29 09:24:00,1807.1,1809.2,1807.0,1808.6,1415
2024-04-29 09:25:00,1808.6,1808.65,1805.0,1805.0,1763
2024-04-29 09:26:00,1806.0,1806.4,1804.5,1804.75,653
2024-04-29 09:27:00,1804.05,1806.9,1804.05,1806.75,2626
2024-04-29 09:28:00,1805.9,1807.0,1805.75,1807.0,1241
2024-04-29 09:29:00,1807.0,1807.0,1806.0,1806.85,485
2024-04-29 09:30:00,1806.5,1807.0,1805.0,1805.6,1666
2024-04-29 09:31:00,1805.6,1807.0,1805.0,1807.0,1726
2024-04-29 09:32:00,1805.75,1808.0,1805.75,1807.75,1790
2024-04-29 09:33:00,1806.1,1807.8,1806.0,1807.1,1550
2024-04-29 09:34:00,1807.45,1807.45,1805.6,1805.95,1213
2024-04-29 09:35:00,1807.2,1807.2,1805.0,1806.95,519
2024-04-29 09:36:00,1807.0,1807.0,1805.0,1806.4,735
2024-04-29 09:37:00,1806.4,1806.4,1805.0,1805.0,480
2024-04-29 09:38:00,1806.05,1806.1,1802.7,1804.65,3111
2024-04-29 09:39:00,1803.25,1805.2,1803.25,1804.05,220
2024-04-29 09:40:00,1804.1,1805.0,1803.0,1804.35,857
2024-04-29 09:41:00,1803.15,1804.95,1803.0,1804.95,631
2024-04-29 09:42:00,1804.95,1805.0,1803.05,1804.85,2637
2024-04-29 09:43:00,1804.85,1805.0,1803.0,1804.35,727
2024-04-29 09:44:00,1803.15,1804.4,1803.0,1804.25,432
2024-04-29 09:45:00,1803.0,1804.3,1803.0,1803.0,381
2024-04-29 09:46:00,1803.0,1803.0,1800.8,1800.85,1558
2024-04-29 09:47:00,1800.85,1803.15,1800.5,1802.4,801
2024-04-29 09:48:00,1802.4,1803.75,1802.0,1802.0,674
2024-04-29 09:49:00,1802.8,1803.75,1800.0,1803.75,4174
2024-04-29 09:50:00,1802.25,1803.75,1800.75,1801.25,734
2024-04-29 09:51:00,1801.25,1802.75,1801.25,1801.45,378
2024-04-29 09:52:00,1801.45,1802.65,1800.0,1800.05,644
2024-04-29 09:53:00,1800.05,1802.1,1800.0,1801.6,354
2024-04-29 09:54:00,1801.6,1802.0,1800.2,1801.85,922
2024-04-29 09:55:00,1801.85,1802.6,1800.9,1801.2,1676
2024-04-29 09:56:00,1801.2,1801.5,1799.8,1800.1,2795
2024-04-29 09:57:00,1800.1,1801.0,1798.5,1799.7,981
2024-04-29 09:58:00,1799.95,1799.95,1798.6,1799.5,659
2024-04-29 09:59:00,1799.05,1799.5,1798.0,1798.95,1881
2024-04-29 10:00:00,1798.95,1799.7,1798.95,1799.5,277
2024-04-29 10:01:00,1799.1,1800.2,1799.0,1799.25,617
2024-04-29 10:02:00,1799.3,1800.95,1799.25,1800.7,404
2024-04-29 10:03:00,1800.5,1802.95,1799.4,1802.95,656
2024-04-29 10:04:00,1802.0,1802.9,1800.0,1801.2,395
2024-04-29 10:05:00,1801.45,1801.45,1800.0,1801.0,297
2024-04-29 10:06:00,1801.0,1801.0,1799.45,1799.45,205
2024-04-29 10:07:00,1799.45,1800.85,1799.25,1800.6,519
2024-04-29 10:08:00,1800.0,1800.45,1799.3,1800.0,475
2024-04-29 10:09:00,1800.0,1800.4,1799.25,1799.4,186
2024-04-29 10:10:00,1799.4,1800.4,1799.25,1799.7,262
2024-04-29 10:11:00,1799.25,1800.0,1798.05,1798.05,180
2024-04-29 10:12:00,1798.05,1799.8,1798.05,1799.0,1003
2024-04-29 10:13:00,1799.0,1799.8,1798.15,1798.15,352
2024-04-29 10:14:00,1798.15,1799.35,1798.15,1798.15,361
2024-04-29 10:15:00,1798.15,1799.65,1798.05,1798.2,471
2024-04-29 10:16:00,1798.2,1799.65,1798.05,1799.0,449
2024-04-29 10:17:00,1799.0,1799.1,1798.2,1798.2,99
2024-04-29 10:18:00,1798.2,1799.4,1798.05,1799.0,477
2024-04-29 10:19:00,1799.0,1800.0,1798.1,1798.1,723
2024-04-29 10:20:00,1798.1,1799.6,1798.0,1799.6,365
2024-04-29 10:21:00,1799.6,1801.2,1798.85,1801.2,705
2024-04-29 10:22:00,1801.2,1802.0,1800.9,1801.4,378
2024-04-29 10:23:00,1802.0,1802.95,1800.9,1802.4,428
2024-04-29 10:24:00,1802.05,1802.75,1800.9,1801.95,735
2024-04-29 10:25:00,1801.95,1801.95,1800.0,1800.35,191
2024-04-29 10:26:00,1800.35,1802.35,1800.1,1802.35,2156
2024-04-29 10:27:00,1802.35,1802.6,1800.65,1800.65,406
2024-04-29 10:28:00,1800.65,1801.95,1800.5,1800.5,96
2024-04-29 10:29:00,1800.5,1801.95,1800.1,1801.95,459
2024-04-29 10:30:00,1802.0,1802.35,1800.5,1801.85,401
2024-04-29 10:31:00,1801.85,1804.15,1800.25,1804.05,2592
2024-04-29 10:32:00,1804.0,1805.75,1802.3,1803.6,1124
2024-04-29 10:33:00,1803.6,1804.25,1801.55,1802.2,149
2024-04-29 10:34:00,1802.85,1803.4,1802.2,1803.4,40
2024-04-29 10:35:00,1803.4,1803.5,1801.0,1801.0,910
2024-04-29 10:36:00,1801.85,1803.15,1800.65,1802.3,458
2024-04-29 10:37:00,1802.3,1804.55,1802.3,1803.05,190
2024-04-29 10:38:00,1804.7,1805.0,1803.1,1803.8,945
2024-04-29 10:39:00,1803.6,1804.55,1803.0,1803.1,603
2024-04-29 10:40:00,1803.1,1804.9,1802.25,1803.15,880
2024-04-29 10:41:00,1803.15,1804.85,1803.15,1804.85,467
2024-04-29 10:42:00,1804.95,1805.0,1803.15,1803.6,435
2024-04-29 10:43:00,1803.6,1804.95,1803.55,1803.6,81
2024-04-29 10:44:00,1803.6,1804.95,1802.85,1804.55,879
2024-04-29 10:45:00,1804.55,1804.55,1800.65,1800.85,1301
2024-04-29 10:46:00,1800.85,1802.7,1800.2,1800.85,913
2024-04-29 10:47:00,1800.85,1803.95,1800.2,1803.95,661
2024-04-29 10:48:00,1803.95,1804.6,1802.3,1803.05,651
2024-04-29 10:49:00,1804.35,1804.45,1801.4,1803.5,366
2024-04-29 10:50:00,1803.5,1803.5,1800.2,1801.35,156
2024-04-29 10:51:00,1801.35,1802.15,1800.55,1801.65,248
2024-04-29 10:52:00,1801.65,1801.8,1800.55,1800.55,127
2024-04-29 10:53:00,1800.55,1802.65,1800.55,1800.8,220
2024-04-29 10:54:00,1802.15,1802.15,1800.3,1800.95,552
2024-04-29 10:55:00,1802.15,1802.5,1801.1,1801.1,136
2024-04-29 10:56:00,1801.1,1802.8,1800.7,1800.7,718
2024-04-29 10:57:00,1801.75,1801.95,1800.25,1801.3,263
2024-04-29 10:58:00,1801.3,1801.75,1800.25,1800.45,316
2024-04-29 10:59:00,1800.45,1801.0,1800.25,1800.25,185
2024-04-29 11:00:00,1800.25,1802.95,1800.25,1801.4,518
2024-04-29 11:01:00,1801.4,1801.95,1800.4,1801.0,237
2024-04-29 11:02:00,1802.0,1803.4,1802.0,1803.0,314
2024-04-29 11:03:00,1803.0,1803.15,1801.85,1803.1,796
2024-04-29 11:04:00,1803.1,1803.1,1800.25,1802.8,1575
2024-04-29 11:05:00,1802.8,1803.05,1801.15,1802.5,200
2024-04-29 11:06:00,1802.5,1802.5,1800.75,1800.9,216
2024-04-29 11:07:00,1800.9,1802.35,1800.9,1802.35,364
2024-04-29 11:08:00,1802.3,1802.3,1800.95,1802.25,1080
2024-04-29 11:09:00,1802.25,1802.25,1801.25,1802.25,57
2024-04-29 11:10:00,1802.25,1802.25,1800.4,1802.0,632
2024-04-29 11:11:00,1800.95,1802.75,1800.65,1802.7,546
2024-04-29 11:12:00,1802.7,1802.95,1801.85,1801.9,294
2024-04-29 11:13:00,1803.0,1803.7,1802.35,1802.7,450
2024-04-29 11:14:00,1802.7,1803.8,1802.25,1803.5,407
2024-04-29 11:15:00,1803.5,1803.5,1802.65,1803.15,88
2024-04-29 11:16:00,1802.7,1803.45,1802.55,1802.55,78
2024-04-29 11:17:00,1802.55,1803.45,1801.2,1802.9,260
2024-04-29 11:18:00,1802.9,1803.5,1802.45,1803.5,504
2024-04-29 11:19:00,1803.5,1803.5,1802.05,1802.05,197
2024-04-29 11:20:00,1802.05,1803.05,1802.0,1803.05,269
2024-04-29 11:21:00,1803.05,1803.35,1801.1,1802.0,399
2024-04-29 11:22:00,1802.0,1803.45,1801.1,1803.45,98
2024-04-29 11:23:00,1803.45,1803.45,1801.15,1803.4,553
2024-04-29 11:24:00,1803.4,1803.4,1802.85,1802.85,53
2024-04-29 11:25:00,1803.4,1803.4,1802.0,1803.4,336
2024-04-29 11:26:00,1803.4,1803.4,1802.1,1803.3,211
2024-04-29 11:27:00,1803.3,1803.3,1802.0,1803.15,153
2024-04-29 11:28:00,1803.15,1803.2,1802.0,1802.1,474
2024-04-29 11:29:00,1802.1,1802.3,1800.25,1802.25,1264
2024-04-29 11:30:00,1802.25,1802.3,1801.0,1802.25,176
2024-04-29 11:31:00,1802.25,1802.25,1801.05,1802.2,154
2024-04-29 11:32:00,1802.2,1802.5,1801.3,1801.3,603
2024-04-29 11:33:00,1801.3,1802.45,1801.3,1802.4,98
2024-04-29 11:34:00,1802.4,1802.5,1801.0,1801.0,205
2024-04-29 11:35:00,1801.0,1802.5,1801.0,1802.5,440
2024-04-29 11:36:00,1802.5,1802.5,1802.0,1802.05,104
2024-04-29 11:37:00,1802.05,1802.5,1802.0,1802.3,387
2024-04-29 11:38:00,1802.3,1802.5,1802.0,1802.0,102
2024-04-29 11:39:00,1802.0,1802.5,1802.0,1802.5,102
2024-04-29 11:40:00,1802.0,1803.1,1802.0,1802.7,169
2024-04-29 11:41:00,1802.7,1803.1,1802.0,1802.95,172
2024-04-29 11:42:00,1802.95,1803.0,1802.0,1803.0,134
2024-04-29 11:43:00,1803.0,1803.0,1802.05,1802.05,230
2024-04-29 11:44:00,1802.05,1803.0,1802.0,1802.0,1153
2024-04-29 11:45:00,1802.0,1802.15,1801.65,1802.0,77
2024-04-29 11:46:00,1802.0,1802.0,1801.0,1801.95,485
2024-04-29 11:47:00,1801.95,1802.0,1800.05,1801.95,1916
2024-04-29 11:48:00,1801.95,1802.0,1800.15,1801.4,333
2024-04-29 11:49:00,1801.4,1801.95,1800.5,1801.0,38
2024-04-29 11:50:00,1801.0,1801.0,1800.15,1800.5,111
2024-04-29 11:51:00,1800.5,1801.45,1800.5,1800.5,126
2024-04-29 11:52:00,1800.5,1801.6,1800.25,1801.6,227
2024-04-29 11:53:00,1801.6,1801.65,1800.4,1801.4,102
2024-04-29 11:54:00,1801.4,1802.25,1800.45,1800.55,308
2024-04-29 11:55:00,1800.55,1801.15,1800.15,1801.15,75
2024-04-29 11:56:00,1800.1,1801.15,1800.1,1800.3,124
2024-04-29 11:57:00,1801.15,1801.7,1800.35,1801.7,200
2024-04-29 11:58:00,1801.7,1802.45,1800.5,1802.25,1053
2024-04-29 11:59:00,1802.25,1803.0,1801.35,1802.55,416
2024-04-29 12:00:00,1802.5,1802.55,1801.25,1802.35,161
2024-04-29 12:01:00,1802.35,1802.35,1801.2,1802.0,176
2024-04-29 12:02:00,1802.0,1802.4,1801.3,1801.7,36
2024-04-29 12:03:00,1801.7,1802.05,1800.6,1801.05,531
2024-04-29 12:04:00,1801.05,1801.95,1800.3,1801.75,241
2024-04-29 12:05:00,1801.75,1801.75,1800.1,1800.15,203
2024-04-29 12:06:00,1800.15,1801.0,1800.0,1800.0,393
2024-04-29 12:07:00,1801.0,1801.0,1800.0,1801.0,263
2024-04-29 12:08:00,1801.0,1801.0,1800.05,1800.2,73
2024-04-29 12:09:00,1800.2,1801.0,1800.1,1800.15,102
2024-04-29 12:10:00,1800.1,1801.0,1800.1,1801.0,183
2024-04-29 12:11:00,1801.0,1801.0,1800.1,1800.1,146
2024-04-29 12:12:00,1800.1,1801.35,1800.1,1801.35,187
2024-04-29 12:13:00,1801.35,1801.75,1800.55,1801.55,87
2024-04-29 12:14:00,1800.5,1801.35,1800.3,1801.3,285
2024-04-29 12:15:00,1801.3,1801.7,1800.5,1800.5,163
2024-04-29 12:16:00,1801.7,1801.7,1800.6,1801.7,186
2024-04-29 12:17:00,1801.7,1801.9,1800.6,1801.6,194
2024-04-29 12:18:00,1801.6,1801.6,1800.05,1801.45,610
2024-04-29 12:19:00,1801.45,1801.75,1800.15,1801.55,151
2024-04-29 12:20:00,1801.55,1803.0,1800.15,1801.5,2090
2024-04-29 12:21:00,1801.5,1802.5,1801.5,1801.5,166
2024-04-29 12:22:00,1802.5,1802.95,1801.75,1802.8,159
2024-04-29 12:23:00,1802.95,1802.95,1801.65,1801.65,187
2024-04-29 12:24:00,1801.65,1802.95,1801.65,1802.95,185
2024-04-29 12:25:00,1802.95,1802.95,1801.75,1802.0,166
2024-04-29 12:26:00,1802.0,1802.0,1801.1,1802.0,301
2024-04-29 12:27:00,1802.0,1802.2,1801.2,1802.2,219
2024-04-29 12:28:00,1802.2,1802.2,1801.1,1802.0,21
2024-04-29 12:29:00,1802.0,1802.95,1801.8,1802.9,66
2024-04-29 12:30:00,1802.9,1802.95,1801.85,1802.85,95
2024-04-29 12:31:00,1802.85,1802.85,1801.2,1802.7,116
2024-04-29 12:32:00,1802.7,1802.7,1801.25,1802.25,87
2024-04-29 12:33:00,1802.25,1803.2,1802.25,1803.2,2413
2024-04-29 12:34:00,1803.2,1803.2,1802.2,1802.75,208
2024-04-29 12:35:00,1802.75,1803.2,1802.0,1802.65,220
2024-04-29 12:36:00,1801.55,1802.75,1800.6,1801.15,1212
2024-04-29 12:37:00,1801.15,1802.75,1801.05,1801.5,378
2024-04-29 12:38:00,1802.65,1802.65,1802.0,1802.55,207
2024-04-29 12:39:00,1802.55,1803.0,1802.0,1803.0,233
2024-04-29 12:40:00,1803.0,1804.9,1802.85,1804.55,1545
2024-04-29 12:41:00,1804.55,1805.6,1804.55,1804.75,701
2024-04-29 12:42:00,1804.75,1805.6,1804.75,1804.9,200
2024-04-29 12:43:00,1804.9,1805.55,1804.5,1804.9,138
2024-04-29 12:44:00,1804.9,1805.55,1804.9,1805.05,1157
2024-04-29 12:45:00,1805.05,1805.55,1805.05,1805.5,181
2024-04-29 12:46:00,1805.5,1805.55,1805.0,1805.5,471
2024-04-29 12:47:00,1805.5,1805.5,1805.0,1805.5,177
2024-04-29 12:48:00,1805.5,1805.5,1804.5,1805.0,244
2024-04-29 12:49:00,1805.0,1806.35,1805.0,1805.0,1038
2024-04-29 12:50:00,1805.7,1805.7,1804.65,1805.5,176
2024-04-29 12:51:00,1805.5,1805.5,1805.0,1805.0,75
2024-04-29 12:52:00,1805.0,1805.5,1805.0,1805.5,109
2024-04-29 12:53:00,1805.5,1805.5,1805.0,1805.5,49
2024-04-29 12:54:00,1805.5,1806.35,1805.5,1806.35,114
2024-04-29 12:55:00,1806.0,1806.0,1805.0,1805.95,287
2024-04-29 12:56:00,1806.1,1806.1,1803.25,1804.7,36
2024-04-29 12:57:00,1804.7,1806.0,1804.65,1805.45,717
2024-04-29 12:58:00,1806.35,1806.35,1805.45,1806.2,479
2024-04-29 12:59:00,1806.2,1806.25,1803.65,1804.8,496
2024-04-29 13:00:00,1804.8,1806.0,1804.8,1806.0,126
2024-04-29 13:01:00,1805.95,1806.0,1805.05,1805.8,153
2024-04-29 13:02:00,1805.8,1805.8,1804.85,1805.0,223
2024-04-29 13:03:00,1805.0,1805.0,1802.0,1802.55,1603
2024-04-29 13:04:00,1803.65,1803.7,1802.4,1803.5,98
2024-04-29 13:05:00,1803.5,1803.75,1802.55,1803.5,72
2024-04-29 13:06:00,1803.5,1804.05,1802.05,1803.8,638
2024-04-29 13:07:00,1803.8,1804.2,1803.2,1804.1,162
2024-04-29 13:08:00,1804.1,1804.2,1803.25,1803.25,167
2024-04-29 13:09:00,1803.25,1804.2,1803.25,1803.25,52
2024-04-29 13:10:00,1803.25,1803.95,1803.05,1803.1,90
2024-04-29 13:11:00,1803.1,1804.2,1801.0,1802.55,582
2024-04-29 13:12:00,1802.55,1804.1,1802.4,1804.1,1096
2024-04-29 13:13:00,1804.1,1805.0,1804.1,1804.6,209
2024-04-29 13:14:00,1804.6,1804.6,1802.2,1803.25,122
2024-04-29 13:15:00,1803.25,1803.25,1802.2,1802.95,119
2024-04-29 13:16:00,1802.95,1802.95,1802.5,1802.5,63
2024-04-29 13:17:00,1802.2,1802.9,1802.0,1802.9,70
2024-04-29 13:18:00,1802.2,1802.55,1801.2,1801.2,118
2024-04-29 13:19:00,1802.0,1802.0,1802.0,1802.0,135
2024-04-29 13:20:00,1802.0,1802.0,1801.35,1802.0,44
2024-04-29 13:21:00,1801.35,1802.0,1801.3,1801.3,118
2024-04-29 13:22:00,1801.3,1801.95,1801.15,1801.2,64
2024-04-29 13:23:00,1801.2,1801.95,1801.15,1801.2,25
2024-04-29 13:24:00,1801.2,1802.8,1801.15,1801.25,275
2024-04-29 13:25:00,1801.25,1802.65,1801.25,1802.6,226
2024-04-29 13:26:00,1802.6,1802.65,1800.55,1800.85,1168
2024-04-29 13:27:00,1800.85,1801.7,1800.3,1801.3,474
2024-04-29 13:28:00,1801.3,1802.0,1801.0,1801.1,202
2024-04-29 13:29:00,1801.1,1802.1,1801.1,1802.1,86
2024-04-29 13:30:00,1802.2,1802.8,1802.0,1802.0,136
2024-04-29 13:31:00,1802.0,1802.0,1801.0,1801.75,147
2024-04-29 13:32:00,1801.75,1802.7,1801.05,1801.05,743
2024-04-29 13:33:00,1801.05,1801.5,1800.05,1801.0,826
2024-04-29 13:34:00,1801.0,1801.0,1800.0,1800.9,284
2024-04-29 13:35:00,1800.9,1800.9,1800.0,1800.05,90
2024-04-29 13:36:00,1800.0,1800.85,1799.05,1799.6,5319
2024-04-29 13:37:00,1799.6,1799.6,1799.0,1799.15,740
2024-04-29 13:38:00,1799.15,1800.05,1799.0,1799.25,220
2024-04-29 13:39:00,1799.25,1799.6,1799.15,1799.6,167
2024-04-29 13:40:00,1800.1,1800.75,1800.0,1800.0,181
2024-04-29 13:41:00,1800.0,1800.1,1799.5,1800.1,41
2024-04-29 13:42:00,1799.55,1800.35,1799.55,1800.2,134
2024-04-29 13:43:00,1800.5,1800.5,1800.0,1800.5,59
2024-04-29 13:44:00,1800.5,1800.7,1799.55,1800.7,122
2024-04-29 13:45:00,1800.7,1800.7,1799.5,1799.6,115
2024-04-29 13:46:00,1799.6,1800.45,1799.6,1800.0,251
2024-04-29 13:47:00,1800.45,1800.45,1799.5,1800.0,175
2024-04-29 13:48:00,1800.0,1800.45,1799.5,1800.45,239
2024-04-29 13:49:00,1800.45,1800.45,1800.0,1800.2,91
2024-04-29 13:50:00,1800.0,1800.2,1799.5,1799.5,288
2024-04-29 13:51:00,1799.5,1800.95,1799.5,1800.95,162
2024-04-29 13:52:00,1799.95,1800.95,1799.95,1800.85,468
2024-04-29 13:53:00,1800.85,1800.85,1800.25,1800.75,74
2024-04-29 13:54:00,1800.75,1801.9,1800.75,1801.25,632
2024-04-29 13:55:00,1801.65,1801.65,1800.25,1800.75,154
2024-04-29 13:56:00,1800.75,1801.85,1800.65,1801.85,191
2024-04-29 13:57:00,1801.85,1801.9,1800.5,1801.5,134
2024-04-29 13:58:00,1801.5,1801.6,1800.5,1801.45,62
2024-04-29 13:59:00,1800.55,1801.9,1800.35,1801.85,1247
2024-04-29 14:00:00,1801.85,1801.85,1800.35,1800.5,72
2024-04-29 14:01:00,1800.5,1800.5,1800.35,1800.5,157
2024-04-29 14:02:00,1800.5,1802.1,1800.5,1802.0,549
2024-04-29 14:03:00,1802.0,1803.3,1800.8,1801.75,610
2024-04-29 14:04:00,1801.15,1801.75,1800.8,1800.8,266
2024-04-29 14:05:00,1800.75,1802.1,1800.6,1802.1,317
2024-04-29 14:06:00,1802.1,1802.6,1800.3,1801.05,632
2024-04-29 14:07:00,1801.05,1802.1,1800.5,1800.5,272
2024-04-29 14:08:00,1801.05,1801.05,1800.5,1800.5,128
2024-04-29 14:09:00,1800.5,1800.95,1800.3,1800.3,52
2024-04-29 14:10:00,1800.3,1800.85,1800.3,1800.3,125
2024-04-29 14:11:00,1800.25,1800.3,1800.25,1800.3,354
2024-04-29 14:12:00,1800.3,1800.85,1800.25,1800.5,313
2024-04-29 14:13:00,1800.5,1800.7,1800.5,1800.5,87
2024-04-29 14:14:00,1800.5,1802.75,1800.5,1801.4,624
2024-04-29 14:15:00,1801.4,1801.45,1800.25,1800.7,778
2024-04-29 14:16:00,1800.25,1800.65,1800.25,1800.4,415
2024-04-29 14:17:00,1800.25,1800.4,1800.0,1800.1,1056
2024-04-29 14:18:00,1800.0,1800.85,1800.0,1800.85,538
2024-04-29 14:19:00,1800.85,1801.0,1800.0,1801.0,512
2024-04-29 14:20:00,1801.0,1801.0,1800.05,1800.6,91
2024-04-29 14:21:00,1800.6,1800.95,1800.0,1800.9,172
2024-04-29 14:22:00,1800.9,1800.9,1799.5,1799.95,2062
2024-04-29 14:23:00,1799.95,1799.95,1799.5,1799.95,315
2024-04-29 14:24:00,1799.95,1799.95,1799.6,1799.6,49
2024-04-29 14:25:00,1799.6,1800.4,1799.6,1800.1,654
2024-04-29 14:26:00,1800.4,1801.15,1800.4,1801.0,619
2024-04-29 14:27:00,1801.0,1801.15,1801.0,1801.0,112
2024-04-29 14:28:00,1801.0,1801.8,1801.0,1801.75,428
2024-04-29 14:29:00,1801.75,1801.8,1801.1,1801.7,272
2024-04-29 14:30:00,1801.7,1801.75,1801.0,1801.75,162
2024-04-29 14:31:00,1801.75,1801.8,1801.05,1801.8,218
2024-04-29 14:32:00,1801.8,1801.8,1800.0,1800.2,250
2024-04-29 14:33:00,1800.15,1800.15,1799.55,1800.0,559
2024-04-29 14:34:00,1800.0,1800.1,1799.55,1799.55,284
2024-04-29 14:35:00,1799.55,1799.9,1799.55,1799.55,125
2024-04-29 14:36:00,1799.55,1799.7,1799.55,1799.7,345
2024-04-29 14:37:00,1799.7,1799.7,1799.5,1799.5,569
2024-04-29 14:38:00,1799.6,1799.6,1798.2,1798.2,1396
2024-04-29 14:39:00,1799.25,1799.25,1798.1,1798.25,253
2024-04-29 14:40:00,1798.25,1799.15,1798.1,1798.95,231
2024-04-29 14:41:00,1798.95,1798.95,1798.2,1798.5,164
2024-04-29 14:42:00,1798.2,1798.7,1798.2,1798.7,196
2024-04-29 14:43:00,1798.7,1798.7,1798.5,1798.7,107
2024-04-29 14:44:00,1798.7,1799.1,1798.5,1798.55,402
2024-04-29 14:45:00,1799.1,1799.1,1798.35,1798.95,310
2024-04-29 14:46:00,1798.95,1798.95,1798.35,1798.45,176
2024-04-29 14:47:00,1798.45,1799.4,1798.35,1799.35,387
2024-04-29 14:48:00,1799.35,1799.4,1798.5,1799.4,179
2024-04-29 14:49:00,1799.4,1799.4,1798.35,1798.5,436
2024-04-29 14:50:00,1798.3,1798.5,1798.3,1798.45,290
2024-04-29 14:51:00,1798.45,1798.45,1798.3,1798.35,256
2024-04-29 14:52:00,1798.3,1798.35,1798.25,1798.3,273
2024-04-29 14:53:00,1798.3,1798.9,1798.3,1798.9,228
2024-04-29 14:54:00,1798.9,1798.9,1798.4,1798.9,119
2024-04-29 14:55:00,1798.9,1798.9,1798.4,1798.9,308
2024-04-29 14:56:00,1798.9,1798.9,1798.0,1798.5,1681
2024-04-29 14:57:00,1798.5,1798.75,1797.0,1797.0,2541
2024-04-29 14:58:00,1797.0,1797.5,1796.0,1796.0,901
2024-04-29 14:59:00,1796.0,1796.45,1795.75,1796.0,345
2024-04-29 15:00:00,1796.0,1804.1,1796.0,1804.1,3765
2024-04-29 15:01:00,1804.1,1806.45,1804.1,1805.75,5473
2024-04-29 15:02:00,1805.75,1806.35,1804.7,1805.8,3529
2024-04-29 15:03:00,1805.8,1807.5,1805.8,1807.5,5350
2024-04-29 15:04:00,1807.5,1809.0,1807.05,1807.1,3056
2024-04-29 15:05:00,1807.1,1808.25,1806.4,1808.0,3300
2024-04-29 15:06:00,1808.0,1808.0,1807.0,1807.95,2409
2024-04-29 15:07:00,1807.95,1808.0,1806.3,1807.25,2209
2024-04-29 15:08:00,1807.75,1808.0,1806.15,1808.0,2970
2024-04-29 15:09:00,1807.95,1809.0,1807.6,1809.0,5601
2024-04-29 15:10:00,1808.9,1809.0,1807.1,1808.5,3065
2024-04-29 15:11:00,1808.5,1809.0,1808.5,1809.0,3523
2024-04-29 15:12:00,1809.0,1809.0,1808.05,1808.75,2747
2024-04-29 15:13:00,1808.75,1808.75,1808.0,1808.7,2518
2024-04-29 15:14:00,1808.7,1808.75,1808.65,1808.7,2377
2024-04-29 15:15:00,1808.7,1808.7,1807.0,1808.0,2715
2024-04-29 15:16:00,1808.0,1808.0,1806.4,1807.35,4102
2024-04-29 15:17:00,1807.35,1808.0,1807.3,1807.75,2761
2024-04-29 15:18:00,1807.75,1808.0,1806.85,1807.0,3413
2024-04-29 15:19:00,1807.0,1807.65,1805.3,1806.7,4063
2024-04-29 15:20:00,1806.7,1806.7,1804.65,1804.75,4677
2024-04-29 15:21:00,1804.55,1805.95,1803.1,1804.9,5661
2024-04-29 15:22:00,1804.1,1806.0,1804.1,1804.95,3254
2024-04-29 15:23:00,1804.9,1806.0,1804.35,1805.85,2728
2024-04-29 15:24:00,1806.0,1808.0,1804.05,1804.05,3555
2024-04-29 15:25:00,1805.9,1808.45,1805.85,1806.75,5016
2024-04-29 15:26:00,1806.7,1806.8,1804.0,1804.65,3376
2024-04-29 15:27:00,1804.65,1806.7,1804.0,1806.7,2915
2024-04-29 15:28:00,1806.7,1809.0,1806.7,1808.7,2748
2024-04-29 15:29:00,1808.95,1808.95,1806.1,1806.1,1836
2024-04-30 09:15:00,1814.0,1814.0,1809.95,1811.25,3139
2024-04-30 09:16:00,1810.05,1811.3,1806.85,1806.9,4884
2024-04-30 09:17:00,1806.9,1808.2,1806.0,1806.9,1898
2024-04-30 09:18:00,1806.9,1809.1,1806.0,1807.85,3514
2024-04-30 09:19:00,1807.85,1808.45,1806.5,1806.55,772
2024-04-30 09:20:00,1806.0,1806.55,1805.1,1806.55,1172
2024-04-30 09:21:00,1805.25,1805.95,1804.0,1804.5,1126
2024-04-30 09:22:00,1804.5,1806.85,1803.4,1805.65,1083
2024-04-30 09:23:00,1805.65,1807.0,1805.5,1806.6,540
2024-04-30 09:24:00,1805.85,1809.0,1805.85,1807.9,1095
2024-04-30 09:25:00,1808.6,1808.7,1806.0,1807.9,1094
2024-04-30 09:26:00,1807.9,1808.0,1806.9,1807.0,493
2024-04-30 09:27:00,1806.6,1808.7,1806.6,1808.0,1655
2024-04-30 09:28:00,1808.0,1809.35,1808.0,1809.0,468
2024-04-30 09:29:00,1808.6,1808.95,1807.0,1808.4,882
2024-04-30 09:30:00,1807.55,1809.9,1807.35,1809.7,1890
2024-04-30 09:31:00,1809.4,1809.95,1807.95,1809.3,530
2024-04-30 09:32:00,1809.0,1809.25,1807.95,1808.55,402
2024-04-30 09:33:00,1808.55,1809.55,1806.7,1808.35,616
2024-04-30 09:34:00,1808.35,1808.35,1805.75,1807.1,733
2024-04-30 09:35:00,1807.1,1809.75,1807.1,1809.05,1402
2024-04-30 09:36:00,1809.75,1811.25,1809.0,1810.85,658
2024-04-30 09:37:00,1810.85,1814.0,1810.05,1814.0,1249
2024-04-30 09:38:00,1814.0,1830.0,1814.0,1829.8,16087
2024-04-30 09:39:00,1827.75,1837.6,1827.2,1837.4,10728
2024-04-30 09:40:00,1837.9,1838.8,1831.0,1832.9,10807
2024-04-30 09:41:00,1832.9,1835.0,1831.3,1831.95,7715
2024-04-30 09:42:00,1833.85,1834.85,1830.35,1831.95,6966
2024-04-30 09:43:00,1830.5,1832.6,1830.35,1831.0,3786
2024-04-30 09:44:00,1831.0,1832.35,1828.2,1828.2,5230
2024-04-30 09:45:00,1828.2,1831.0,1825.35,1825.35,3175
2024-04-30 09:46:00,1826.0,1827.0,1823.45,1826.3,4166
2024-04-30 09:47:00,1826.25,1827.0,1825.0,1827.0,1791
2024-04-30 09:48:00,1826.7,1828.0,1826.1,1827.0,2351
2024-04-30 09:49:00,1827.95,1828.0,1825.5,1827.0,3610
2024-04-30 09:50:00,1827.45,1827.45,1823.5,1825.45,2351
2024-04-30 09:51:00,1825.45,1825.45,1821.85,1821.85,2042
2024-04-30 09:52:00,1821.85,1821.85,1817.0,1819.6,2096
2024-04-30 09:53:00,1819.6,1820.0,1818.0,1819.25,856
2024-04-30 09:54:00,1819.25,1820.0,1818.9,1819.45,826
2024-04-30 09:55:00,1820.0,1820.0,1819.5,1819.5,478
2024-04-30 09:56:00,1820.0,1824.0,1819.25,1824.0,2119
2024-04-30 09:57:00,1824.05,1827.0,1824.05,1826.75,2023
2024-04-30 09:58:00,1826.95,1826.95,1825.0,1825.6,841
2024-04-30 09:59:00,1825.6,1826.9,1825.6,1826.6,554
2024-04-30 10:00:00,1826.05,1826.6,1826.0,1826.55,323
2024-04-30 10:01:00,1826.6,1826.6,1825.0,1825.0,911
2024-04-30 10:02:00,1825.75,1826.9,1825.75,1826.05,488
2024-04-30 10:03:00,1826.05,1826.85,1823.55,1823.55,589
2024-04-30 10:04:00,1823.55,1823.6,1821.2,1822.05,703
2024-04-30 10:05:00,1822.0,1822.0,1818.0,1819.4,1805
2024-04-30 10:06:00,1819.4,1820.85,1818.0,1820.85,1544
2024-04-30 10:07:00,1820.85,1821.0,1818.5,1819.8,726
2024-04-30 10:08:00,1819.8,1820.75,1819.0,1820.0,628
2024-04-30 10:09:00,1820.0,1820.0,1818.0,1819.9,485
2024-04-30 10:10:00,1819.95,1820.0,1819.0,1819.8,670
2024-04-30 10:11:00,1819.8,1819.85,1817.95,1819.1,407
2024-04-30 10:12:00,1819.0,1820.95,1819.0,1819.9,647
2024-04-30 10:13:00,1819.9,1819.9,1815.05,1816.5,1492
2024-04-30 10:14:00,1816.5,1818.5,1816.15,1817.8,764
2024-04-30 10:15:00,1817.8,1819.7,1817.8,1818.45,368
2024-04-30 10:16:00,1818.45,1819.3,1818.45,1818.55,152
2024-04-30 10:17:00,1818.55,1819.9,1818.55,1819.9,450
2024-04-30 10:18:00,1819.9,1819.9,1818.9,1818.95,656
2024-04-30 10:19:00,1819.35,1819.9,1817.1,1818.25,1911
2024-04-30 10:20:00,1818.25,1819.0,1818.25,1818.35,137
2024-04-30 10:21:00,1818.35,1818.85,1818.0,1818.75,302
2024-04-30 10:22:00,1818.75,1818.95,1818.0,1818.45,265
2024-04-30 10:23:00,1818.45,1818.95,1818.0,1818.8,346
2024-04-30 10:24:00,1818.8,1819.0,1818.0,1818.05,350
2024-04-30 10:25:00,1818.5,1818.95,1817.0,1817.25,618
2024-04-30 10:26:00,1818.75,1819.0,1817.7,1818.55,376
2024-04-30 10:27:00,1818.5,1818.85,1816.75,1816.75,795
2024-04-30 10:28:00,1816.75,1817.85,1816.5,1816.6,364
2024-04-30 10:29:00,1816.5,1817.35,1816.5,1816.55,196
2024-04-30 10:30:00,1816.55,1817.35,1816.5,1816.5,454
2024-04-30 10:31:00,1816.5,1817.0,1816.45,1817.0,217
2024-04-30 10:32:00,1817.0,1817.0,1816.15,1817.0,736
2024-04-30 10:33:00,1817.0,1817.0,1816.1,1816.15,357
2024-04-30 10:34:00,1816.95,1817.0,1816.1,1816.25,539
2024-04-30 10:35:00,1816.25,1818.0,1816.1,1816.1,795
2024-04-30 10:36:00,1816.1,1817.75,1815.55,1816.05,1227
2024-04-30 10:37:00,1816.05,1817.15,1815.15,1815.6,702
2024-04-30 10:38:00,1815.55,1816.9,1815.5,1815.5,319
2024-04-30 10:39:00,1815.5,1816.75,1815.1,1815.9,513
2024-04-30 10:40:00,1815.9,1816.45,1815.1,1815.95,215
2024-04-30 10:41:00,1815.95,1815.95,1815.65,1815.9,91
2024-04-30 10:42:00,1815.9,1816.6,1815.2,1816.05,624
2024-04-30 10:43:00,1815.75,1815.75,1815.1,1815.15,162
2024-04-30 10:44:00,1815.15,1816.55,1815.15,1816.55,262
2024-04-30 10:45:00,1816.55,1817.0,1815.3,1816.0,309
2024-04-30 10:46:00,1816.0,1816.0,1812.95,1813.25,2138
2024-04-30 10:47:00,1812.0,1814.45,1812.0,1814.35,353
2024-04-30 10:48:00,1814.35,1814.65,1813.15,1814.25,246
2024-04-30 10:49:00,1814.25,1815.2,1814.25,1815.2,264
2024-04-30 10:50:00,1816.0,1816.95,1815.0,1815.65,3200
2024-04-30 10:51:00,1815.65,1816.3,1814.25,1816.3,207
2024-04-30 10:52:00,1816.3,1816.3,1815.1,1816.2,192
2024-04-30 10:53:00,1816.2,1816.25,1815.15,1816.1,101
2024-04-30 10:54:00,1815.15,1816.2,1815.15,1816.15,116
2024-04-30 10:55:00,1816.15,1817.95,1815.45,1816.9,1471
2024-04-30 10:56:00,1816.9,1816.9,1815.6,1815.65,192
2024-04-30 10:57:00,1815.65,1816.8,1815.5,1815.5,231
2024-04-30 10:58:00,1815.5,1815.5,1814.85,1815.0,251
2024-04-30 10:59:00,1815.0,1817.85,1814.95,1816.5,476
2024-04-30 11:00:00,1815.3,1819.9,1815.3,1818.5,3392
2024-04-30 11:01:00,1818.5,1819.9,1818.1,1819.9,403
2024-04-30 11:02:00,1819.9,1819.9,1818.6,1819.0,278
2024-04-30 11:03:00,1819.85,1819.85,1817.05,1817.05,702
2024-04-30 11:04:00,1817.05,1818.0,1816.3,1817.5,373
2024-04-30 11:05:00,1817.5,1817.5,1816.05,1816.05,211
2024-04-30 11:06:00,1816.05,1817.55,1815.75,1817.55,333
2024-04-30 11:07:00,1816.45,1818.0,1816.25,1817.15,361
2024-04-30 11:08:00,1818.0,1818.0,1816.75,1816.75,223
2024-04-30 11:09:00,1817.45,1817.65,1816.05,1817.0,233
2024-04-30 11:10:00,1816.1,1816.1,1813.5,1815.4,1029
2024-04-30 11:11:00,1815.4,1815.4,1812.9,1814.3,410
2024-04-30 11:12:00,1813.1,1815.55,1813.1,1814.45,108
2024-04-30 11:13:00,1814.45,1815.85,1814.45,1815.75,214
2024-04-30 11:14:00,1814.55,1815.8,1814.5,1814.6,268
2024-04-30 11:15:00,1814.6,1816.9,1814.6,1815.95,610
2024-04-30 11:16:00,1816.0,1817.0,1816.0,1816.75,382
2024-04-30 11:17:00,1816.75,1817.0,1816.0,1816.0,378
2024-04-30 11:18:00,1815.1,1816.1,1815.0,1815.1,642
2024-04-30 11:19:00,1815.1,1816.0,1815.05,1815.85,429
2024-04-30 11:20:00,1815.85,1816.4,1815.05,1816.35,175
2024-04-30 11:21:00,1816.35,1817.0,1815.25,1817.0,506
2024-04-30 11:22:00,1817.9,1817.9,1817.0,1817.9,202
2024-04-30 11:23:00,1817.9,1817.9,1817.15,1817.9,190
2024-04-30 11:24:00,1817.9,1818.2,1817.2,1818.2,440
2024-04-30 11:25:00,1818.2,1818.8,1817.1,1818.1,193
2024-04-30 11:26:00,1819.9,1819.9,1818.15,1819.7,749
2024-04-30 11:27:00,1819.7,1819.85,1818.7,1819.8,531
2024-04-30 11:28:00,1819.8,1820.9,1819.05,1819.75,2469
2024-04-30 11:29:00,1819.75,1820.9,1819.3,1820.85,616
2024-04-30 11:30:00,1820.85,1820.9,1818.05,1818.1,3323
2024-04-30 11:31:00,1819.05,1819.05,1815.05,1816.8,508
2024-04-30 11:32:00,1816.8,1817.45,1815.5,1817.4,333
2024-04-30 11:33:00,1817.4,1817.95,1816.85,1817.6,180
2024-04-30 11:34:00,1816.2,1817.9,1815.75,1817.9,379
2024-04-30 11:35:00,1817.9,1817.9,1815.5,1817.75,295
2024-04-30 11:36:00,1817.75,1818.1,1816.5,1816.5,119
2024-04-30 11:37:00,1816.5,1817.6,1815.7,1816.15,153
2024-04-30 11:38:00,1816.15,1817.25,1816.05,1817.05,93
2024-04-30 11:39:00,1817.05,1817.2,1816.0,1816.05,206
2024-04-30 11:40:00,1816.05,1817.4,1815.05,1815.5,914
2024-04-30 11:41:00,1815.55,1817.95,1815.0,1817.35,4048
2024-04-30 11:42:00,1816.85,1817.4,1816.1,1817.0,174
2024-04-30 11:43:00,1817.9,1817.95,1815.25,1815.3,690
2024-04-30 11:44:00,1815.3,1817.35,1815.25,1816.25,158
2024-04-30 11:45:00,1816.25,1817.35,1815.7,1816.0,357
2024-04-30 11:46:00,1816.0,1817.7,1816.0,1817.0,197
2024-04-30 11:47:00,1816.35,1817.55,1815.0,1815.0,956
2024-04-30 11:48:00,1815.0,1816.0,1815.0,1815.95,71
2024-04-30 11:49:00,1815.95,1816.8,1815.25,1816.7,142
2024-04-30 11:50:00,1816.65,1817.75,1816.65,1817.75,68
2024-04-30 11:51:00,1817.75,1817.75,1816.05,1817.5,227
2024-04-30 11:52:00,1817.5,1817.5,1815.3,1815.3,551
2024-04-30 11:53:00,1815.3,1816.0,1815.3,1815.65,121
2024-04-30 11:54:00,1816.0,1816.0,1815.0,1815.65,235
2024-04-30 11:55:00,1815.65,1816.0,1814.1,1815.15,392
2024-04-30 11:56:00,1815.1,1815.6,1815.0,1815.6,53
2024-04-30 11:57:00,1816.0,1816.0,1814.05,1814.05,296
2024-04-30 11:58:00,1814.05,1815.0,1813.0,1813.0,597
2024-04-30 11:59:00,1813.0,1814.1,1812.75,1813.2,362
2024-04-30 12:00:00,1813.2,1815.55,1813.2,1815.55,58
2024-04-30 12:01:00,1815.55,1815.55,1814.1,1814.15,62
2024-04-30 12:02:00,1814.15,1814.15,1813.05,1813.95,212
2024-04-30 12:03:00,1813.95,1813.95,1810.0,1810.0,2338
2024-04-30 12:04:00,1809.9,1810.0,1808.0,1808.25,2225
2024-04-30 12:05:00,1809.3,1812.0,1808.55,1810.8,252
2024-04-30 12:06:00,1810.8,1811.95,1810.8,1811.0,267
2024-04-30 12:07:00,1811.0,1813.9,1811.0,1812.35,196
2024-04-30 12:08:00,1812.35,1813.65,1811.1,1812.05,231
2024-04-30 12:09:00,1812.05,1812.85,1811.7,1812.7,110
2024-04-30 12:10:00,1812.65,1813.0,1812.05,1812.8,96
2024-04-30 12:11:00,1812.0,1812.5,1811.7,1811.7,216
2024-04-30 12:12:00,1812.0,1812.5,1810.5,1810.5,324
2024-04-30 12:13:00,1811.0,1811.0,1808.15,1809.7,528
2024-04-30 12:14:00,1808.1,1809.65,1808.1,1809.5,209
2024-04-30 12:15:00,1809.5,1812.6,1808.65,1811.2,296
2024-04-30 12:16:00,1811.2,1813.6,1811.15,1811.15,348
2024-04-30 12:17:00,1811.15,1813.05,1811.15,1813.05,154
2024-04-30 12:18:00,1813.05,1813.05,1811.7,1812.8,107
2024-04-30 12:19:00,1812.8,1813.0,1811.15,1812.25,161
2024-04-30 12:20:00,1811.15,1811.15,1809.55,1810.9,288
2024-04-30 12:21:00,1810.9,1810.9,1809.7,1809.9,83
2024-04-30 12:22:00,1809.9,1810.65,1809.9,1809.9,90
2024-04-30 12:23:00,1809.9,1810.9,1809.9,1810.45,121
2024-04-30 12:24:00,1810.4,1811.95,1810.4,1811.0,259
2024-04-30 12:25:00,1811.0,1811.75,1810.5,1811.0,217
2024-04-30 12:26:00,1811.0,1811.95,1810.55,1811.95,124
2024-04-30 12:27:00,1811.95,1811.95,1811.25,1811.95,208
2024-04-30 12:28:00,1811.95,1812.0,1811.3,1812.0,138
2024-04-30 12:29:00,1812.0,1813.6,1812.0,1813.6,263
2024-04-30 12:30:00,1813.5,1813.6,1812.55,1813.45,268
2024-04-30 12:31:00,1813.45,1814.7,1813.45,1814.65,96
2024-04-30 12:32:00,1814.75,1815.0,1813.0,1815.0,1348
2024-04-30 12:33:00,1815.0,1815.0,1814.45,1815.0,57
2024-04-30 12:34:00,1815.0,1815.0,1813.2,1814.2,201
2024-04-30 12:35:00,1814.2,1814.2,1813.1,1814.0,136
2024-04-30 12:36:00,1814.0,1814.25,1813.1,1813.1,33
2024-04-30 12:37:00,1813.1,1813.95,1813.0,1813.95,156
2024-04-30 12:38:00,1813.95,1814.0,1813.1,1813.1,120
2024-04-30 12:39:00,1813.1,1815.0,1813.0,1814.0,786
2024-04-30 12:40:00,1814.0,1815.0,1814.0,1814.6,260
2024-04-30 12:41:00,1814.9,1814.95,1814.1,1814.1,162
2024-04-30 12:42:00,1814.1,1814.6,1814.1,1814.1,45
2024-04-30 12:43:00,1814.1,1814.6,1814.1,1814.6,74
2024-04-30 12:44:00,1814.6,1815.0,1814.1,1815.0,171
2024-04-30 12:45:00,1814.9,1814.9,1814.0,1814.9,305
2024-04-30 12:46:00,1814.9,1815.2,1813.3,1815.2,885
2024-04-30 12:47:00,1815.2,1815.2,1813.45,1814.6,404
2024-04-30 12:48:00,1814.6,1815.0,1813.65,1814.7,159
2024-04-30 12:49:00,1814.7,1814.95,1813.75,1814.15,185
2024-04-30 12:50:00,1814.15,1815.0,1814.15,1815.0,65
2024-04-30 12:51:00,1815.0,1815.0,1814.3,1814.3,196
2024-04-30 12:52:00,1815.2,1815.85,1814.4,1815.85,354
2024-04-30 12:53:00,1814.9,1816.0,1814.9,1814.9,265
2024-04-30 12:54:00,1814.9,1815.75,1814.9,1815.75,73
2024-04-30 12:55:00,1815.75,1816.0,1814.9,1815.7,424
2024-04-30 12:56:00,1815.7,1815.7,1814.0,1814.0,404
2024-04-30 12:57:00,1814.0,1815.4,1813.85,1815.0,199
2024-04-30 12:58:00,1815.0,1815.0,1814.05,1814.55,49
2024-04-30 12:59:00,1814.55,1814.55,1813.8,1814.2,68
2024-04-30 13:00:00,1813.7,1814.2,1813.7,1814.2,43
2024-04-30 13:01:00,1814.2,1814.2,1813.75,1814.2,89
2024-04-30 13:02:00,1814.2,1814.7,1813.75,1814.5,141
2024-04-30 13:03:00,1814.5,1814.5,1814.25,1814.5,44
2024-04-30 13:04:00,1814.5,1814.95,1814.0,1814.95,239
2024-04-30 13:05:00,1814.95,1814.95,1813.9,1814.6,82
2024-04-30 13:06:00,1814.6,1814.6,1813.75,1814.3,83
2024-04-30 13:07:00,1814.3,1814.3,1813.0,1813.8,214
2024-04-30 13:08:00,1813.8,1813.8,1813.0,1813.7,109
2024-04-30 13:09:00,1813.7,1814.0,1813.45,1813.85,183
2024-04-30 13:10:00,1813.85,1813.9,1813.0,1813.1,80
2024-04-30 13:11:00,1813.1,1813.7,1813.1,1813.3,90
2024-04-30 13:12:00,1813.3,1813.5,1813.2,1813.5,92
2024-04-30 13:13:00,1813.5,1813.5,1813.0,1813.5,211
2024-04-30 13:14:00,1813.5,1813.5,1813.0,1813.45,118
2024-04-30 13:15:00,1813.45,1813.45,1811.1,1812.15,427
2024-04-30 13:16:00,1812.15,1812.15,1811.1,1811.2,1104
2024-04-30 13:17:00,1811.2,1811.35,1810.5,1810.5,561
2024-04-30 13:18:00,1810.5,1811.25,1810.0,1810.45,28943
2024-04-30 13:19:00,1811.7,1812.35,1810.9,1810.9,766
2024-04-30 13:20:00,1810.9,1812.2,1810.0,1812.0,353
2024-04-30 13:21:00,1812.0,1812.0,1810.35,1810.7,185
2024-04-30 13:22:00,1810.7,1811.3,1810.6,1811.15,71
2024-04-30 13:23:00,1812.0,1812.0,1810.6,1810.6,568
2024-04-30 13:24:00,1810.6,1811.7,1810.6,1811.5,101
2024-04-30 13:25:00,1812.0,1812.0,1811.25,1811.25,202
2024-04-30 13:26:00,1811.25,1812.0,1811.0,1811.95,136
2024-04-30 13:27:00,1811.95,1811.95,1811.1,1811.1,142
2024-04-30 13:28:00,1811.1,1811.95,1811.0,1811.8,591
2024-04-30 13:29:00,1811.8,1812.1,1811.0,1811.85,71
2024-04-30 13:30:00,1811.85,1811.85,1810.9,1811.85,36
2024-04-30 13:31:00,1811.85,1812.0,1811.0,1811.9,246
2024-04-30 13:32:00,1811.9,1812.25,1811.0,1812.25,51
2024-04-30 13:33:00,1812.25,1812.8,1811.9,1812.55,77
2024-04-30 13:34:00,1812.55,1812.75,1811.9,1811.9,296
2024-04-30 13:35:00,1811.9,1812.35,1811.35,1812.15,168
2024-04-30 13:36:00,1812.15,1812.15,1811.5,1812.15,34
2024-04-30 13:37:00,1812.15,1812.15,1811.05,1811.85,336
2024-04-30 13:38:00,1811.85,1811.85,1810.9,1811.0,361
2024-04-30 13:39:00,1811.0,1812.35,1811.0,1811.15,322
2024-04-30 13:40:00,1811.0,1811.65,1810.85,1811.65,347
2024-04-30 13:41:00,1811.65,1812.7,1810.9,1812.2,412
2024-04-30 13:42:00,1812.2,1813.0,1812.2,1812.35,643
2024-04-30 13:43:00,1812.65,1813.0,1812.25,1813.0,183
2024-04-30 13:44:00,1813.0,1813.0,1811.5,1812.85,358
2024-04-30 13:45:00,1812.85,1813.0,1812.0,1813.0,111
2024-04-30 13:46:00,1813.0,1813.0,1812.05,1812.05,399
2024-04-30 13:47:00,1812.05,1813.0,1812.05,1812.85,165
2024-04-30 13:48:00,1812.85,1813.0,1812.1,1812.9,169
2024-04-30 13:49:00,1812.9,1812.9,1811.15,1811.5,204
2024-04-30 13:50:00,1811.5,1812.8,1811.5,1811.65,527
2024-04-30 13:51:00,1812.45,1813.0,1811.85,1813.0,325
2024-04-30 13:52:00,1812.95,1812.95,1811.9,1812.8,376
2024-04-30 13:53:00,1812.45,1812.8,1812.1,1812.8,66
2024-04-30 13:54:00,1812.8,1812.8,1812.15,1812.8,56
2024-04-30 13:55:00,1812.8,1812.9,1812.3,1812.3,159
2024-04-30 13:56:00,1812.9,1812.9,1812.25,1812.3,176
2024-04-30 13:57:00,1812.3,1812.9,1812.0,1812.0,1016
2024-04-30 13:58:00,1812.5,1812.5,1812.0,1812.5,113
2024-04-30 13:59:00,1812.0,1814.0,1812.0,1814.0,620
2024-04-30 14:00:00,1814.0,1816.0,1814.0,1816.0,1578
2024-04-30 14:01:00,1816.0,1816.0,1815.1,1815.9,93
2024-04-30 14:02:00,1815.9,1816.0,1815.1,1816.0,1046
2024-04-30 14:03:00,1815.7,1816.0,1815.0,1815.1,269
2024-04-30 14:04:00,1815.1,1816.0,1813.25,1813.25,608
2024-04-30 14:05:00,1813.25,1813.55,1812.0,1812.65,282
2024-04-30 14:06:00,1812.65,1813.55,1812.05,1813.55,67
2024-04-30 14:07:00,1813.55,1814.25,1812.35,1813.1,171
2024-04-30 14:08:00,1813.1,1813.9,1812.3,1812.3,393
2024-04-30 14:09:00,1813.0,1814.15,1812.3,1812.95,500
2024-04-30 14:10:00,1812.95,1814.1,1812.95,1813.75,241
2024-04-30 14:11:00,1813.75,1813.9,1812.9,1813.0,293
2024-04-30 14:12:00,1813.85,1813.95,1812.75,1813.0,366
2024-04-30 14:13:00,1813.0,1813.95,1813.0,1813.15,111
2024-04-30 14:14:00,1813.15,1815.0,1813.15,1814.0,1054
2024-04-30 14:15:00,1814.0,1815.0,1814.0,1815.0,155
2024-04-30 14:16:00,1814.15,1815.0,1814.1,1814.2,639
2024-04-30 14:17:00,1815.0,1815.0,1813.25,1813.25,686
2024-04-30 14:18:00,1813.25,1813.25,1813.25,1813.25,35
2024-04-30 14:19:00,1813.25,1813.9,1812.5,1813.55,1087
2024-04-30 14:20:00,1813.55,1813.55,1812.25,1812.25,115
2024-04-30 14:21:00,1812.25,1813.6,1812.25,1813.25,595
2024-04-30 14:22:00,1813.25,1814.0,1812.0,1812.0,1070
2024-04-30 14:23:00,1812.0,1814.0,1812.0,1813.1,1121
2024-04-30 14:24:00,1813.1,1813.9,1813.1,1813.9,223
2024-04-30 14:25:00,1813.9,1814.1,1813.25,1814.1,376
2024-04-30 14:26:00,1814.1,1814.1,1811.65,1812.4,1174
2024-04-30 14:27:00,1812.4,1812.4,1811.0,1811.1,271
2024-04-30 14:28:00,1811.1,1811.85,1810.35,1811.55,922
2024-04-30 14:29:00,1811.55,1812.4,1810.0,1811.7,1942
2024-04-30 14:30:00,1811.7,1812.4,1811.5,1812.4,339
2024-04-30 14:31:00,1811.75,1812.4,1810.1,1810.25,601
2024-04-30 14:32:00,1810.25,1811.5,1810.25,1810.3,211
2024-04-30 14:33:00,1810.3,1811.5,1810.25,1810.4,446
2024-04-30 14:34:00,1810.4,1811.45,1810.0,1810.5,486
2024-04-30 14:35:00,1810.5,1811.45,1810.05,1810.05,1192
2024-04-30 14:36:00,1810.05,1810.85,1810.0,1810.7,458
2024-04-30 14:37:00,1810.7,1810.75,1809.05,1809.05,943
2024-04-30 14:38:00,1809.05,1810.0,1809.05,1809.9,351
2024-04-30 14:39:00,1809.9,1809.9,1809.05,1809.85,184
2024-04-30 14:40:00,1809.85,1809.85,1808.3,1809.15,667
2024-04-30 14:41:00,1809.15,1809.8,1808.1,1809.8,1530
2024-04-30 14:42:00,1809.8,1810.0,1808.75,1809.25,284
2024-04-30 14:43:00,1809.25,1809.25,1808.1,1808.1,444
2024-04-30 14:44:00,1808.1,1809.15,1808.1,1808.55,295
2024-04-30 14:45:00,1808.55,1809.05,1808.15,1808.7,177
2024-04-30 14:46:00,1808.7,1809.7,1808.7,1809.5,170
2024-04-30 14:47:00,1809.05,1809.9,1808.7,1808.7,340
2024-04-30 14:48:00,1808.7,1809.4,1808.5,1808.5,329
2024-04-30 14:49:00,1808.4,1809.2,1808.15,1809.0,696
2024-04-30 14:50:00,1809.0,1809.0,1808.55,1808.55,155
2024-04-30 14:51:00,1808.55,1809.0,1808.5,1809.0,298
2024-04-30 14:52:00,1809.0,1809.4,1808.0,1809.4,945
2024-04-30 14:53:00,1809.4,1809.4,1808.05,1808.05,184
2024-04-30 14:54:00,1808.85,1809.4,1808.0,1809.4,332
2024-04-30 14:55:00,1809.4,1809.55,1808.4,1809.25,306
2024-04-30 14:56:00,1809.25,1809.85,1808.4,1809.2,248
2024-04-30 14:57:00,1809.2,1809.95,1808.4,1808.55,1339
2024-04-30 14:58:00,1808.55,1808.95,1808.4,1808.4,271
2024-04-30 14:59:00,1808.4,1808.95,1808.4,1808.6,222
2024-04-30 15:00:00,1808.6,1809.15,1808.0,1808.0,5520
2024-04-30 15:01:00,1808.15,1808.95,1807.0,1807.3,7149
2024-04-30 15:02:00,1807.95,1807.95,1805.0,1805.0,7238
2024-04-30 15:03:00,1805.3,1805.55,1804.35,1804.35,7073
2024-04-30 15:04:00,1804.0,1804.0,1800.1,1800.2,6475
2024-04-30 15:05:00,1800.2,1802.0,1800.0,1801.85,12367
2024-04-30 15:06:00,1801.9,1804.3,1801.85,1802.55,4107
2024-04-30 15:07:00,1802.55,1802.55,1801.0,1801.2,6351
2024-04-30 15:08:00,1801.15,1801.55,1800.1,1800.1,5440
2024-04-30 15:09:00,1800.3,1800.95,1800.1,1800.95,4841
2024-04-30 15:10:00,1800.95,1801.0,1800.1,1800.15,6490
2024-04-30 15:11:00,1800.1,1800.1,1795.5,1795.5,12391
2024-04-30 15:12:00,1796.15,1797.35,1795.1,1796.35,6598
2024-04-30 15:13:00,1796.35,1796.4,1795.1,1795.2,5371
2024-04-30 15:14:00,1795.1,1796.45,1795.1,1796.15,7619
2024-04-30 15:15:00,1795.5,1796.25,1795.5,1795.95,4915
2024-04-30 15:16:00,1795.95,1797.5,1795.0,1796.0,10030
2024-04-30 15:17:00,1796.25,1796.25,1795.15,1795.45,4055
2024-04-30 15:18:00,1796.15,1797.4,1795.65,1796.8,8753
2024-04-30 15:19:00,1796.8,1796.8,1791.0,1791.05,8585
2024-04-30 15:20:00,1791.1,1792.95,1791.1,1792.0,10694
2024-04-30 15:21:00,1792.4,1792.4,1791.65,1791.7,5354
2024-04-30 15:22:00,1791.75,1792.0,1791.75,1791.75,4954
2024-04-30 15:23:00,1791.8,1791.95,1791.75,1791.85,6342
2024-04-30 15:24:00,1791.85,1791.95,1791.75,1791.8,5963
2024-04-30 15:25:00,1791.8,1793.8,1791.8,1792.15,5926
2024-04-30 15:26:00,1792.15,1792.6,1792.0,1792.5,4715
2024-04-30 15:27:00,1792.55,1793.0,1792.2,1792.85,5779
2024-04-30 15:28:00,1793.0,1797.6,1792.9,1797.1,6201
2024-04-30 15:29:00,1796.0,1799.0,1795.05,1799.0,3561
2024-05-02 09:15:00,1798.0,1801.85,1786.5,1788.8,14879
2024-05-02 09:16:00,1787.5,1788.85,1774.45,1778.55,15588
2024-05-02 09:17:00,1776.05,1779.95,1759.2,1779.95,15505
2024-05-02 09:18:00,1779.9,1787.9,1776.0,1784.6,9146
2024-05-02 09:19:00,1785.0,1787.0,1782.1,1783.3,7097
2024-05-02 09:20:00,1782.35,1782.35,1771.0,1773.9,12109
2024-05-02 09:21:00,1771.35,1773.2,1766.7,1771.0,13754
2024-05-02 09:22:00,1770.0,1774.3,1768.25,1773.1,7099
2024-05-02 09:23:00,1773.6,1773.65,1766.0,1768.45,7925
2024-05-02 09:24:00,1768.25,1773.0,1767.75,1771.0,4652
2024-05-02 09:25:00,1770.8,1775.0,1770.15,1774.0,3183
2024-05-02 09:26:00,1774.0,1777.9,1770.45,1772.65,5603
2024-05-02 09:27:00,1772.45,1773.3,1768.0,1770.95,6573
2024-05-02 09:28:00,1770.65,1771.1,1767.55,1768.05,3988
2024-05-02 09:29:00,1770.35,1772.85,1768.05,1772.4,3758
2024-05-02 09:30:00,1772.45,1772.45,1770.05,1771.8,3359
2024-05-02 09:31:00,1770.7,1771.95,1770.0,1771.35,2542
2024-05-02 09:32:00,1771.3,1773.45,1770.0,1772.0,2731
2024-05-02 09:33:00,1771.0,1772.7,1770.0,1772.7,2846
2024-05-02 09:34:00,1772.0,1773.55,1771.1,1772.0,3262
2024-05-02 09:35:00,1773.4,1775.0,1772.0,1775.0,2204
2024-05-02 09:36:00,1775.0,1775.0,1773.0,1773.05,2147
2024-05-02 09:37:00,1774.2,1774.4,1773.0,1774.05,1941
2024-05-02 09:38:00,1774.4,1774.8,1773.25,1774.7,1779
2024-05-02 09:39:00,1774.0,1774.9,1773.1,1773.15,2093
2024-05-02 09:40:00,1773.15,1779.05,1773.05,1779.05,2802
2024-05-02 09:41:00,1777.35,1778.75,1775.15,1775.15,1827
2024-05-02 09:42:00,1776.45,1777.1,1775.0,1776.9,2263
2024-05-02 09:43:00,1776.15,1778.2,1775.55,1777.05,2014
2024-05-02 09:44:00,1777.45,1777.9,1775.9,1776.05,1493
2024-05-02 09:45:00,1776.05,1777.5,1776.05,1776.5,1052
2024-05-02 09:46:00,1776.05,1777.5,1776.0,1777.0,1300
2024-05-02 09:47:00,1776.1,1778.0,1776.0,1777.05,1586
2024-05-02 09:48:00,1778.3,1778.6,1777.0,1777.1,2222
2024-05-02 09:49:00,1777.05,1778.2,1777.05,1778.0,1494
2024-05-02 09:50:00,1778.0,1778.0,1777.0,1777.0,2431
2024-05-02 09:51:00,1777.0,1777.65,1775.75,1776.05,2056
2024-05-02 09:52:00,1776.05,1776.6,1775.5,1775.6,1760
2024-05-02 09:53:00,1777.0,1778.9,1776.55,1777.6,1764
2024-05-02 09:54:00,1777.6,1777.6,1776.1,1777.4,840
2024-05-02 09:55:00,1777.4,1777.45,1775.55,1776.05,671
2024-05-02 09:56:00,1777.25,1777.6,1776.05,1777.0,1451
2024-05-02 09:57:00,1777.4,1778.8,1775.5,1777.45,2704
2024-05-02 09:58:00,1777.45,1778.6,1776.1,1776.7,1139
2024-05-02 09:59:00,1776.7,1777.75,1775.5,1777.0,1383
2024-05-02 10:00:00,1776.95,1777.4,1775.6,1776.0,770
2024-05-02 10:01:00,1776.0,1776.95,1775.5,1776.95,1182
2024-05-02 10:02:00,1776.95,1777.0,1776.0,1776.05,936
2024-05-02 10:03:00,1776.05,1778.0,1776.0,1776.55,1222
2024-05-02 10:04:00,1776.6,1777.55,1775.5,1776.0,1119
2024-05-02 10:05:00,1776.0,1777.5,1775.7,1776.0,948
2024-05-02 10:06:00,1776.05,1777.65,1775.5,1776.95,965
2024-05-02 10:07:00,1775.85,1777.8,1775.7,1776.15,801
2024-05-02 10:08:00,1776.15,1777.45,1776.0,1777.1,864
2024-05-02 10:09:00,1777.0,1780.0,1776.0,1779.85,2082
2024-05-02 10:10:00,1779.85,1781.9,1779.0,1781.0,2047
2024-05-02 10:11:00,1781.0,1781.35,1780.05,1780.9,876
2024-05-02 10:12:00,1780.9,1781.0,1780.0,1781.0,1035
2024-05-02 10:13:00,1780.35,1781.0,1780.0,1780.0,953
2024-05-02 10:14:00,1780.0,1781.0,1778.8,1779.65,957
2024-05-02 10:15:00,1779.3,1780.75,1778.45,1779.4,788
2024-05-02 10:16:00,1779.4,1779.95,1778.1,1779.3,951
2024-05-02 10:17:00,1779.3,1779.7,1778.0,1779.05,662
2024-05-02 10:18:00,1779.05,1779.4,1778.0,1778.1,492
2024-05-02 10:19:00,1778.1,1778.9,1777.1,1777.35,810
2024-05-02 10:20:00,1777.35,1778.75,1776.0,1776.0,978
2024-05-02 10:21:00,1776.0,1777.2,1776.0,1776.0,502
2024-05-02 10:22:00,1777.3,1778.2,1776.0,1776.2,558
2024-05-02 10:23:00,1776.2,1777.15,1775.0,1775.95,1135
2024-05-02 10:24:00,1777.4,1777.4,1775.0,1775.25,1393
2024-05-02 10:25:00,1776.25,1777.7,1775.15,1777.3,845
2024-05-02 10:26:00,1776.3,1777.6,1776.3,1776.45,461
2024-05-02 10:27:00,1776.3,1777.5,1776.0,1776.05,1604
2024-05-02 10:28:00,1776.0,1777.0,1775.0,1776.85,1219
2024-05-02 10:29:00,1776.85,1777.0,1775.05,1776.05,479
2024-05-02 10:30:00,1776.05,1777.6,1775.05,1775.55,1215
2024-05-02 10:31:00,1775.55,1777.1,1774.1,1774.85,4906
2024-05-02 10:32:00,1774.85,1776.65,1773.0,1775.4,2566
2024-05-02 10:33:00,1775.4,1776.5,1774.05,1774.05,3250
2024-05-02 10:34:00,1774.35,1776.05,1774.0,1775.0,755
2024-05-02 10:35:00,1774.2,1775.25,1774.0,1775.1,523
2024-05-02 10:36:00,1775.1,1775.2,1772.0,1773.65,1376
2024-05-02 10:37:00,1772.5,1774.5,1772.45,1773.7,569
2024-05-02 10:38:00,1773.7,1774.0,1772.05,1773.7,804
2024-05-02 10:39:00,1773.85,1774.55,1772.05,1773.6,729
2024-05-02 10:40:00,1773.95,1774.35,1772.0,1773.0,1411
2024-05-02 10:41:00,1773.95,1774.35,1772.55,1772.6,665
2024-05-02 10:42:00,1774.0,1774.0,1772.0,1772.55,462
2024-05-02 10:43:00,1773.0,1775.55,1772.7,1773.85,640
2024-05-02 10:44:00,1773.85,1775.8,1773.6,1775.45,904
2024-05-02 10:45:00,1775.0,1775.8,1774.0,1775.0,895
2024-05-02 10:46:00,1775.0,1775.75,1774.0,1775.05,478
2024-05-02 10:47:00,1775.0,1776.6,1775.0,1776.0,299
2024-05-02 10:48:00,1776.0,1777.0,1776.0,1776.1,384
2024-05-02 10:49:00,1776.1,1776.9,1775.55,1776.35,388
2024-05-02 10:50:00,1776.1,1776.55,1775.0,1776.5,808
2024-05-02 10:51:00,1775.6,1776.75,1775.2,1775.35,411
2024-05-02 10:52:00,1775.3,1777.0,1775.05,1776.9,1348
2024-05-02 10:53:00,1776.9,1777.0,1775.3,1776.85,883
2024-05-02 10:54:00,1777.0,1777.0,1775.55,1777.0,699
2024-05-02 10:55:00,1777.0,1778.9,1776.15,1777.55,2217
2024-05-02 10:56:00,1777.7,1781.0,1777.7,1780.9,769
2024-05-02 10:57:00,1780.95,1783.0,1779.65,1781.8,3124
2024-05-02 10:58:00,1781.8,1782.95,1780.0,1780.05,988
2024-05-02 10:59:00,1780.55,1781.0,1780.05,1780.8,545
2024-05-02 11:00:00,1780.1,1781.5,1780.1,1780.55,758
2024-05-02 11:01:00,1781.45,1781.5,1780.45,1781.5,288
2024-05-02 11:02:00,1780.6,1784.0,1780.6,1782.15,1111
2024-05-02 11:03:00,1782.1,1784.85,1782.1,1784.0,1350
2024-05-02 11:04:00,1784.0,1784.4,1783.35,1783.35,301
2024-05-02 11:05:00,1783.35,1783.75,1781.8,1782.1,1276
2024-05-02 11:06:00,1782.1,1783.3,1780.75,1782.3,588
2024-05-02 11:07:00,1782.05,1783.0,1781.65,1782.9,634
2024-05-02 11:08:00,1781.8,1782.95,1781.2,1781.5,405
2024-05-02 11:09:00,1781.3,1783.1,1781.3,1783.1,415
2024-05-02 11:10:00,1782.15,1783.1,1781.4,1781.4,267
2024-05-02 11:11:00,1781.4,1782.3,1780.65,1780.65,386
2024-05-02 11:12:00,1781.85,1782.0,1780.1,1780.1,705
2024-05-02 11:13:00,1780.25,1782.6,1780.15,1780.3,1076
2024-05-02 11:14:00,1781.4,1781.45,1780.0,1780.05,517
2024-05-02 11:15:00,1780.05,1781.25,1779.6,1779.6,942
2024-05-02 11:16:00,1779.8,1781.4,1779.4,1780.65,649
2024-05-02 11:17:00,1781.4,1781.5,1780.0,1780.05,330
2024-05-02 11:18:00,1780.05,1781.45,1780.0,1780.1,535
2024-05-02 11:19:00,1780.05,1782.5,1778.35,1781.5,1272
2024-05-02 11:20:00,1782.45,1785.6,1781.6,1784.35,2792
2024-05-02 11:21:00,1784.35,1784.35,1781.15,1784.35,1824
2024-05-02 11:22:00,1783.0,1784.35,1782.0,1782.7,618
2024-05-02 11:23:00,1782.7,1783.9,1782.55,1782.55,349
2024-05-02 11:24:00,1782.55,1784.8,1782.55,1783.55,1011
2024-05-02 11:25:00,1783.85,1784.95,1783.3,1784.85,406
2024-05-02 11:26:00,1784.25,1784.45,1783.25,1784.45,696
2024-05-02 11:27:00,1783.3,1784.75,1783.15,1783.5,171
2024-05-02 11:28:00,1783.5,1784.55,1783.2,1783.75,732
2024-05-02 11:29:00,1783.75,1784.75,1783.5,1783.7,291
2024-05-02 11:30:00,1783.7,1784.75,1783.1,1783.7,508
2024-05-02 11:31:00,1783.15,1784.1,1783.0,1784.05,232
2024-05-02 11:32:00,1783.0,1784.15,1783.0,1783.15,282
2024-05-02 11:33:00,1783.15,1784.2,1783.15,1783.15,1005
2024-05-02 11:34:00,1783.15,1784.0,1783.0,1783.0,670
2024-05-02 11:35:00,1783.0,1783.75,1783.0,1783.0,390
2024-05-02 11:36:00,1783.0,1783.8,1783.0,1783.8,474
2024-05-02 11:37:00,1783.05,1784.6,1783.05,1783.45,759
2024-05-02 11:38:00,1783.45,1784.75,1783.45,1784.5,672
2024-05-02 11:39:00,1783.5,1784.5,1783.25,1783.3,966
2024-05-02 11:40:00,1783.3,1784.45,1783.25,1783.25,351
2024-05-02 11:41:00,1783.25,1784.4,1783.25,1783.3,281
2024-05-02 11:42:00,1783.25,1784.4,1783.0,1783.3,579
2024-05-02 11:43:00,1783.3,1784.4,1783.3,1783.6,282
2024-05-02 11:44:00,1783.6,1784.5,1783.3,1783.35,501
2024-05-02 11:45:00,1783.3,1784.35,1783.0,1783.0,276
2024-05-02 11:46:00,1783.0,1784.95,1783.0,1783.7,1185
2024-05-02 11:47:00,1784.95,1784.95,1783.1,1784.05,383
2024-05-02 11:48:00,1783.75,1784.9,1783.25,1784.9,372
2024-05-02 11:49:00,1783.35,1784.9,1783.35,1783.7,701
2024-05-02 11:50:00,1783.7,1784.9,1783.5,1783.8,530
2024-05-02 11:51:00,1783.8,1784.9,1783.0,1783.8,922
2024-05-02 11:52:00,1783.8,1784.9,1783.3,1784.0,313
2024-05-02 11:53:00,1784.0,1784.95,1783.0,1784.95,452
2024-05-02 11:54:00,1784.95,1784.95,1783.2,1783.7,439
2024-05-02 11:55:00,1783.7,1784.65,1783.5,1783.65,464
2024-05-02 11:56:00,1783.65,1784.55,1783.35,1784.0,362
2024-05-02 11:57:00,1783.5,1784.85,1783.5,1783.5,533
2024-05-02 11:58:00,1783.5,1784.65,1783.5,1783.7,291
2024-05-02 11:59:00,1783.7,1784.55,1783.55,1784.3,392
2024-05-02 12:00:00,1784.3,1784.4,1783.5,1783.5,292
2024-05-02 12:01:00,1783.5,1784.0,1783.2,1783.4,419
2024-05-02 12:02:00,1783.4,1784.0,1783.2,1783.25,406
2024-05-02 12:03:00,1783.25,1784.0,1781.05,1782.45,1162
2024-05-02 12:04:00,1782.45,1784.0,1782.45,1783.95,398
2024-05-02 12:05:00,1783.95,1784.0,1782.7,1784.0,533
2024-05-02 12:06:00,1784.0,1784.0,1783.0,1784.0,632
2024-05-02 12:07:00,1782.05,1783.45,1782.0,1782.25,1427
2024-05-02 12:08:00,1783.0,1784.4,1783.0,1783.4,348
2024-05-02 12:09:00,1784.35,1784.55,1782.75,1783.05,792
2024-05-02 12:10:00,1784.4,1784.4,1782.2,1782.75,801
2024-05-02 12:11:00,1783.6,1784.2,1782.1,1783.25,435
2024-05-02 12:12:00,1783.25,1784.2,1783.05,1784.2,227
2024-05-02 12:13:00,1783.35,1786.95,1783.35,1786.4,2431
2024-05-02 12:14:00,1786.9,1787.7,1786.4,1787.5,1432
2024-05-02 12:15:00,1786.45,1787.6,1785.0,1785.1,904
2024-05-02 12:16:00,1785.1,1786.45,1785.1,1785.25,322
2024-05-02 12:17:00,1785.25,1787.2,1785.0,1787.2,607
2024-05-02 12:18:00,1786.15,1787.2,1785.1,1785.2,263
2024-05-02 12:19:00,1785.3,1786.85,1785.0,1786.25,1040
2024-05-02 12:20:00,1785.35,1786.7,1785.0,1785.75,410
2024-05-02 12:21:00,1785.8,1787.0,1785.65,1787.0,326
2024-05-02 12:22:00,1787.0,1787.85,1786.15,1786.9,325
2024-05-02 12:23:00,1787.05,1787.95,1786.2,1787.7,505
2024-05-02 12:24:00,1787.7,1788.0,1786.85,1787.75,267
2024-05-02 12:25:00,1787.75,1788.75,1787.7,1787.7,574
2024-05-02 12:26:00,1787.7,1788.5,1787.7,1787.7,329
2024-05-02 12:27:00,1787.7,1788.5,1786.5,1786.5,598
2024-05-02 12:28:00,1786.55,1787.8,1785.55,1785.65,844
2024-05-02 12:29:00,1786.8,1787.65,1785.45,1785.6,608
2024-05-02 12:30:00,1785.6,1787.2,1785.6,1787.15,445
2024-05-02 12:31:00,1786.25,1787.35,1785.75,1785.9,141
2024-05-02 12:32:00,1785.9,1787.25,1785.75,1786.8,1236
2024-05-02 12:33:00,1785.85,1787.0,1785.75,1785.75,169
2024-05-02 12:34:00,1785.75,1786.95,1785.5,1785.75,560
2024-05-02 12:35:00,1785.75,1786.65,1785.6,1785.8,475
2024-05-02 12:36:00,1785.75,1786.55,1785.6,1785.65,342
2024-05-02 12:37:00,1785.65,1786.8,1785.65,1785.7,345
2024-05-02 12:38:00,1785.7,1786.7,1785.6,1785.65,361
2024-05-02 12:39:00,1785.65,1786.6,1785.6,1786.0,224
2024-05-02 12:40:00,1786.0,1786.45,1785.65,1785.7,447
2024-05-02 12:41:00,1785.65,1786.75,1785.6,1785.85,511
2024-05-02 12:42:00,1785.75,1786.7,1785.5,1785.9,835
2024-05-02 12:43:00,1786.0,1786.95,1786.0,1786.15,502
2024-05-02 12:44:00,1786.15,1787.0,1786.0,1786.05,310
2024-05-02 12:45:00,1786.05,1787.9,1786.05,1787.9,803
2024-05-02 12:46:00,1786.95,1787.85,1786.15,1786.15,522
2024-05-02 12:47:00,1786.15,1787.55,1786.0,1787.0,1215
2024-05-02 12:48:00,1787.55,1787.55,1786.0,1786.15,472
2024-05-02 12:49:00,1786.15,1787.0,1786.0,1786.95,486
2024-05-02 12:50:00,1786.15,1787.9,1786.0,1786.65,935
2024-05-02 12:51:00,1786.85,1793.6,1786.8,1792.3,6203
2024-05-02 12:52:00,1792.3,1792.85,1790.45,1791.95,716
2024-05-02 12:53:00,1791.9,1793.3,1790.05,1793.3,1472
2024-05-02 12:54:00,1793.4,1794.25,1791.95,1791.95,996
2024-05-02 12:55:00,1792.6,1793.0,1792.1,1793.0,636
2024-05-02 12:56:00,1793.0,1793.6,1793.0,1793.5,555
2024-05-02 12:57:00,1793.1,1793.6,1793.0,1793.3,482
2024-05-02 12:58:00,1793.0,1793.5,1793.0,1793.3,303
2024-05-02 12:59:00,1793.3,1793.85,1793.1,1793.35,562
2024-05-02 13:00:00,1793.35,1794.6,1793.2,1794.6,1156
2024-05-02 13:01:00,1793.55,1794.4,1793.55,1794.4,629
2024-05-02 13:02:00,1794.4,1794.9,1793.85,1794.1,1158
2024-05-02 13:03:00,1794.1,1794.9,1793.3,1793.45,628
2024-05-02 13:04:00,1793.45,1794.3,1792.25,1793.0,1095
2024-05-02 13:05:00,1793.0,1793.95,1792.0,1792.25,840
2024-05-02 13:06:00,1792.25,1792.95,1791.5,1791.5,707
2024-05-02 13:07:00,1791.5,1792.95,1791.5,1791.9,687
2024-05-02 13:08:00,1791.9,1792.25,1791.05,1791.25,443
2024-05-02 13:09:00,1791.35,1792.25,1791.35,1791.65,242
2024-05-02 13:10:00,1792.25,1794.15,1791.75,1794.15,1373
2024-05-02 13:11:00,1792.4,1794.4,1792.35,1794.4,242
2024-05-02 13:12:00,1793.1,1794.8,1793.1,1793.2,347
2024-05-02 13:13:00,1793.2,1793.7,1793.2,1793.25,281
2024-05-02 13:14:00,1793.25,1793.75,1793.25,1793.7,272
2024-05-02 13:15:00,1793.7,1793.7,1793.0,1793.0,401
2024-05-02 13:16:00,1793.0,1793.95,1793.0,1793.5,203
2024-05-02 13:17:00,1793.5,1793.95,1792.0,1793.0,878
2024-05-02 13:18:00,1792.0,1793.05,1792.0,1792.5,345
2024-05-02 13:19:00,1792.5,1793.85,1792.1,1793.05,1157
2024-05-02 13:20:00,1793.05,1794.45,1790.0,1790.0,1985
2024-05-02 13:21:00,1790.05,1793.75,1790.0,1793.75,1510
2024-05-02 13:22:00,1792.6,1794.4,1792.55,1792.55,615
2024-05-02 13:23:00,1792.55,1794.7,1792.55,1792.75,493
2024-05-02 13:24:00,1792.95,1793.65,1792.2,1793.0,621
2024-05-02 13:25:00,1793.0,1793.45,1792.2,1792.5,403
2024-05-02 13:26:00,1792.5,1793.6,1792.05,1793.6,839
2024-05-02 13:27:00,1793.85,1794.9,1793.1,1793.25,260
2024-05-02 13:28:00,1793.35,1794.9,1793.0,1794.2,656
2024-05-02 13:29:00,1795.5,1797.0,1794.4,1794.4,2177
2024-05-02 13:30:00,1794.4,1797.0,1794.4,1796.95,462
2024-05-02 13:31:00,1796.95,1797.4,1795.95,1797.05,886
2024-05-02 13:32:00,1797.05,1797.4,1795.05,1796.15,781
2024-05-02 13:33:00,1796.15,1796.35,1795.25,1796.0,309
2024-05-02 13:34:00,1796.0,1797.0,1795.65,1796.0,646
2024-05-02 13:35:00,1796.1,1797.0,1793.05,1793.05,2677
2024-05-02 13:36:00,1793.05,1794.95,1792.0,1794.45,644
2024-05-02 13:37:00,1794.45,1796.75,1794.45,1795.2,697
2024-05-02 13:38:00,1795.25,1796.65,1795.2,1795.85,416
2024-05-02 13:39:00,1795.85,1796.65,1794.0,1794.5,676
2024-05-02 13:40:00,1794.7,1796.2,1793.45,1793.45,805
2024-05-02 13:41:00,1793.45,1796.05,1793.45,1795.65,354
2024-05-02 13:42:00,1795.65,1796.65,1795.65,1795.65,324
2024-05-02 13:43:00,1795.65,1796.55,1793.4,1795.0,782
2024-05-02 13:44:00,1795.8,1796.3,1795.1,1796.0,248
2024-05-02 13:45:00,1795.1,1795.35,1793.7,1794.1,511
2024-05-02 13:46:00,1794.2,1796.7,1794.0,1794.1,761
2024-05-02 13:47:00,1794.1,1797.4,1794.0,1796.65,1366
2024-05-02 13:48:00,1796.65,1797.45,1794.25,1794.55,2247
2024-05-02 13:49:00,1796.05,1797.0,1794.8,1796.25,477
2024-05-02 13:50:00,1796.25,1797.0,1796.0,1796.85,390
2024-05-02 13:51:00,1796.1,1798.65,1795.85,1798.05,1853
2024-05-02 13:52:00,1797.8,1800.95,1796.9,1798.0,6872
2024-05-02 13:53:00,1797.1,1799.3,1797.1,1799.1,502
2024-05-02 13:54:00,1799.1,1800.95,1799.1,1800.45,806
2024-05-02 13:55:00,1800.15,1801.0,1798.6,1799.8,869
2024-05-02 13:56:00,1799.8,1800.0,1798.75,1799.2,551
2024-05-02 13:57:00,1799.2,1800.0,1799.0,1799.0,508
2024-05-02 13:58:00,1798.6,1799.5,1798.0,1799.45,659
2024-05-02 13:59:00,1798.7,1799.95,1798.7,1799.1,264
2024-05-02 14:00:00,1799.1,1799.95,1799.1,1799.2,298
2024-05-02 14:01:00,1799.3,1800.0,1798.2,1799.85,855
2024-05-02 14:02:00,1799.05,1802.4,1799.05,1801.45,2105
2024-05-02 14:03:00,1800.3,1804.0,1799.05,1800.3,2134
2024-05-02 14:04:00,1800.3,1805.0,1800.3,1803.5,2303
2024-05-02 14:05:00,1803.5,1804.8,1801.95,1804.0,943
2024-05-02 14:06:00,1804.25,1805.0,1803.0,1803.95,1028
2024-05-02 14:07:00,1803.95,1803.95,1802.1,1802.2,730
2024-05-02 14:08:00,1802.2,1803.35,1802.05,1802.7,255
2024-05-02 14:09:00,1802.7,1803.95,1802.15,1803.0,972
2024-05-02 14:10:00,1803.0,1803.8,1802.1,1802.3,465
2024-05-02 14:11:00,1802.45,1803.95,1802.45,1803.9,334
2024-05-02 14:12:00,1803.0,1803.95,1802.1,1802.35,1998
2024-05-02 14:13:00,1802.35,1803.0,1801.05,1802.45,585
2024-05-02 14:14:00,1802.45,1803.0,1801.0,1802.5,788
2024-05-02 14:15:00,1801.05,1803.0,1801.0,1802.5,686
2024-05-02 14:16:00,1801.45,1803.0,1801.45,1802.0,703
2024-05-02 14:17:00,1802.0,1803.9,1802.0,1803.1,581
2024-05-02 14:18:00,1803.1,1803.9,1802.0,1802.0,294
2024-05-02 14:19:00,1802.0,1803.25,1801.1,1801.15,541
2024-05-02 14:20:00,1801.15,1802.5,1800.1,1801.45,584
2024-05-02 14:21:00,1800.15,1801.7,1798.0,1798.0,2470
2024-05-02 14:22:00,1798.0,1799.05,1794.3,1795.45,2067
2024-05-02 14:23:00,1795.45,1796.1,1794.0,1795.05,866
2024-05-02 14:24:00,1795.05,1797.7,1795.0,1796.35,265
2024-05-02 14:25:00,1796.35,1798.0,1795.6,1796.45,931
2024-05-02 14:26:00,1796.55,1798.35,1796.55,1798.35,220
2024-05-02 14:27:00,1798.05,1798.9,1796.05,1796.4,1142
2024-05-02 14:28:00,1796.15,1799.4,1796.0,1798.0,1092
2024-05-02 14:29:00,1798.0,1799.45,1797.25,1797.65,1058
2024-05-02 14:30:00,1797.65,1799.05,1796.6,1796.6,646
2024-05-02 14:31:00,1796.6,1798.8,1796.6,1798.8,520
2024-05-02 14:32:00,1798.15,1798.8,1796.85,1798.0,600
2024-05-02 14:33:00,1798.8,1798.8,1797.75,1797.75,409
2024-05-02 14:34:00,1797.75,1798.75,1797.3,1798.75,520
2024-05-02 14:35:00,1798.75,1799.75,1798.0,1798.1,1357
2024-05-02 14:36:00,1799.3,1799.3,1797.45,1797.65,600
2024-05-02 14:37:00,1797.65,1798.85,1797.5,1798.75,431
2024-05-02 14:38:00,1797.55,1798.8,1797.55,1797.9,250
2024-05-02 14:39:00,1797.9,1798.8,1797.7,1797.85,530
2024-05-02 14:40:00,1797.85,1799.5,1797.7,1797.7,582
2024-05-02 14:41:00,1798.8,1798.9,1797.7,1797.8,632
2024-05-02 14:42:00,1797.8,1799.45,1797.8,1798.1,444
2024-05-02 14:43:00,1798.1,1799.15,1797.75,1797.9,690
2024-05-02 14:44:00,1797.9,1798.95,1797.75,1798.05,882
2024-05-02 14:45:00,1798.1,1800.0,1798.05,1798.25,1263
2024-05-02 14:46:00,1798.1,1799.0,1797.0,1797.0,800
2024-05-02 14:47:00,1797.0,1797.75,1796.0,1796.8,454
2024-05-02 14:48:00,1797.7,1797.7,1796.1,1797.5,395
2024-05-02 14:49:00,1797.5,1798.0,1796.4,1797.2,550
2024-05-02 14:50:00,1797.2,1799.0,1797.0,1798.7,618
2024-05-02 14:51:00,1797.5,1798.9,1797.35,1797.5,564
2024-05-02 14:52:00,1797.5,1798.6,1796.05,1796.65,968
2024-05-02 14:53:00,1796.65,1798.25,1795.0,1795.0,1090
2024-05-02 14:54:00,1795.0,1795.0,1790.0,1790.0,4489
2024-05-02 14:55:00,1790.1,1792.45,1790.0,1791.0,2150
2024-05-02 14:56:00,1791.05,1794.0,1791.0,1793.5,461
2024-05-02 14:57:00,1793.5,1794.9,1792.0,1792.2,517
2024-05-02 14:58:00,1792.9,1793.0,1792.1,1792.1,542
2024-05-02 14:59:00,1792.1,1792.9,1790.35,1790.35,1503
2024-05-02 15:00:00,1791.0,1791.0,1789.1,1789.55,1994
2024-05-02 15:01:00,1789.55,1790.0,1788.15,1789.3,2662
2024-05-02 15:02:00,1789.35,1790.9,1788.95,1790.4,1565
2024-05-02 15:03:00,1790.45,1790.65,1788.1,1788.15,1617
2024-05-02 15:04:00,1789.05,1789.15,1788.1,1788.35,1721
2024-05-02 15:05:00,1788.3,1788.3,1787.5,1787.95,1271
2024-05-02 15:06:00,1787.9,1787.9,1786.5,1787.0,1798
2024-05-02 15:07:00,1786.65,1788.5,1785.0,1787.75,2211
2024-05-02 15:08:00,1787.6,1787.75,1786.1,1786.5,1207
2024-05-02 15:09:00,1786.5,1787.0,1786.25,1786.25,2240
2024-05-02 15:10:00,1786.4,1786.6,1785.45,1785.65,2095
2024-05-02 15:11:00,1785.85,1786.95,1785.5,1786.15,1714
2024-05-02 15:12:00,1786.1,1786.65,1786.1,1786.3,1088
2024-05-02 15:13:00,1786.3,1786.3,1785.05,1785.45,1326
2024-05-02 15:14:00,1785.65,1785.65,1785.0,1785.1,3390
2024-05-02 15:15:00,1785.1,1785.4,1784.0,1784.25,5460
2024-05-02 15:16:00,1784.15,1784.15,1783.0,1783.55,2069
2024-05-02 15:17:00,1783.55,1784.35,1783.05,1783.6,1922
2024-05-02 15:18:00,1783.65,1783.65,1783.0,1783.35,1748
2024-05-02 15:19:00,1783.35,1783.35,1782.1,1782.55,3077
2024-05-02 15:20:00,1782.4,1783.25,1782.15,1783.0,4130
2024-05-02 15:21:00,1783.0,1783.4,1782.3,1783.3,1871
2024-05-02 15:22:00,1783.45,1787.35,1783.45,1787.3,4114
2024-05-02 15:23:00,1788.4,1789.8,1788.3,1788.95,2274
2024-05-02 15:24:00,1789.0,1789.25,1788.35,1788.35,2497
2024-05-02 15:25:00,1789.05,1790.0,1788.95,1789.95,3512
2024-05-02 15:26:00,1790.0,1790.0,1789.9,1789.9,2886
2024-05-02 15:27:00,1790.0,1791.0,1789.9,1791.0,2609
2024-05-02 15:28:00,1791.0,1793.0,1790.8,1791.0,2269
2024-05-02 15:29:00,1791.0,1792.8,1788.0,1790.0,2437
2024-05-03 09:15:00,1796.0,1803.75,1795.0,1802.55,9221
2024-05-03 09:16:00,1801.0,1815.15,1800.0,1815.15,7980
2024-05-03 09:17:00,1815.4,1817.25,1808.6,1811.95,12754
2024-05-03 09:18:00,1810.05,1820.0,1808.8,1819.35,9288
2024-05-03 09:19:00,1819.95,1820.0,1815.3,1815.95,5439
2024-05-03 09:20:00,1817.0,1817.0,1807.65,1807.65,4570
2024-05-03 09:21:00,1808.45,1813.75,1802.3,1811.05,2867
2024-05-03 09:22:00,1811.05,1811.05,1807.45,1809.0,2357
2024-05-03 09:23:00,1807.65,1808.7,1805.15,1806.6,1735
2024-05-03 09:24:00,1806.65,1807.3,1802.5,1804.15,5199
2024-05-03 09:25:00,1804.15,1805.0,1797.15,1798.6,7004
2024-05-03 09:26:00,1798.7,1801.9,1797.45,1801.9,2485
2024-05-03 09:27:00,1800.35,1804.95,1799.15,1804.95,2849
2024-05-03 09:28:00,1804.95,1805.95,1803.6,1804.1,2057
2024-05-03 09:29:00,1805.1,1805.1,1802.2,1805.1,2186
2024-05-03 09:30:00,1805.1,1805.25,1800.55,1803.55,2035
2024-05-03 09:31:00,1803.55,1804.0,1801.0,1803.6,1198
2024-05-03 09:32:00,1803.5,1805.0,1801.7,1804.25,1975
2024-05-03 09:33:00,1804.25,1804.25,1797.2,1797.2,5760
2024-05-03 09:34:00,1798.3,1800.35,1797.0,1797.55,2734
2024-05-03 09:35:00,1797.55,1798.0,1796.0,1797.5,1473
2024-05-03 09:36:00,1796.95,1798.25,1796.6,1798.05,2277
2024-05-03 09:37:00,1798.5,1798.5,1797.5,1798.45,1598
2024-05-03 09:38:00,1798.0,1798.45,1796.65,1797.4,1279
2024-05-03 09:39:00,1797.4,1797.75,1796.0,1797.2,359
2024-05-03 09:40:00,1797.2,1798.5,1796.5,1798.25,2029
2024-05-03 09:41:00,1797.45,1798.5,1797.3,1797.3,845
2024-05-03 09:42:00,1797.55,1798.5,1797.0,1798.0,1081
2024-05-03 09:43:00,1798.5,1798.5,1795.65,1798.5,2863
2024-05-03 09:44:00,1798.45,1798.75,1797.1,1797.6,874
2024-05-03 09:45:00,1797.6,1798.65,1797.35,1798.5,884
2024-05-03 09:46:00,1798.5,1798.65,1797.6,1798.0,2090
2024-05-03 09:47:00,1798.0,1799.0,1797.75,1798.7,832
2024-05-03 09:48:00,1798.1,1798.7,1797.0,1798.05,1898
2024-05-03 09:49:00,1798.05,1798.45,1797.0,1798.0,1012
2024-05-03 09:50:00,1797.0,1797.95,1795.0,1795.0,3033
2024-05-03 09:51:00,1795.4,1796.45,1793.15,1793.15,879
2024-05-03 09:52:00,1793.2,1795.0,1792.05,1795.0,597
2024-05-03 09:53:00,1794.25,1795.0,1794.0,1794.0,2570
2024-05-03 09:54:00,1793.2,1793.8,1792.0,1793.0,1358
2024-05-03 09:55:00,1792.0,1793.0,1791.15,1792.0,1728
2024-05-03 09:56:00,1792.0,1793.0,1791.0,1792.0,925
2024-05-03 09:57:00,1792.0,1792.25,1789.75,1789.75,2818
2024-05-03 09:58:00,1790.1,1790.8,1789.0,1789.95,1439
2024-05-03 09:59:00,1790.5,1790.5,1789.0,1790.0,3108
2024-05-03 10:00:00,1790.0,1790.0,1788.0,1788.0,1973
2024-05-03 10:01:00,1789.2,1789.95,1788.0,1789.25,1450
2024-05-03 10:02:00,1789.25,1789.25,1785.0,1789.2,4945
2024-05-03 10:03:00,1789.2,1789.5,1788.3,1789.0,1126
2024-05-03 10:04:00,1789.0,1789.5,1787.15,1788.0,1821
2024-05-03 10:05:00,1788.0,1788.75,1787.0,1788.6,1248
2024-05-03 10:06:00,1788.6,1788.9,1787.0,1787.3,638
2024-05-03 10:07:00,1787.0,1788.45,1787.0,1788.1,936
2024-05-03 10:08:00,1788.1,1788.1,1787.1,1788.1,780
2024-05-03 10:09:00,1788.1,1788.1,1787.25,1787.25,915
2024-05-03 10:10:00,1787.25,1789.0,1787.25,1788.15,2220
2024-05-03 10:11:00,1788.6,1789.0,1788.15,1788.9,635
2024-05-03 10:12:00,1788.9,1790.0,1788.0,1790.0,1940
2024-05-03 10:13:00,1790.0,1790.0,1789.0,1789.8,2508
2024-05-03 10:14:00,1789.8,1789.95,1787.9,1789.5,1983
2024-05-03 10:15:00,1789.5,1795.0,1789.0,1795.0,1938
2024-05-03 10:16:00,1795.0,1795.0,1791.1,1791.3,533
2024-05-03 10:17:00,1791.3,1795.0,1791.3,1795.0,937
2024-05-03 10:18:00,1795.0,1795.0,1794.1,1794.5,935
2024-05-03 10:19:00,1794.5,1796.45,1794.1,1796.45,3193
2024-05-03 10:20:00,1796.9,1798.35,1795.75,1796.3,775
2024-05-03 10:21:00,1796.3,1797.5,1796.3,1796.35,518
2024-05-03 10:22:00,1796.3,1796.35,1794.0,1794.0,854
2024-05-03 10:23:00,1794.0,1795.5,1793.5,1795.4,1059
2024-05-03 10:24:00,1795.2,1795.2,1793.8,1793.8,461
2024-05-03 10:25:00,1793.95,1794.95,1793.0,1793.45,1126
2024-05-03 10:26:00,1793.45,1794.0,1792.6,1793.1,412
2024-05-03 10:27:00,1793.1,1793.1,1790.8,1793.05,502
2024-05-03 10:28:00,1791.85,1793.1,1790.5,1793.1,676
2024-05-03 10:29:00,1793.1,1795.0,1792.15,1794.9,977
2024-05-03 10:30:00,1795.0,1795.0,1793.0,1793.7,573
2024-05-03 10:31:00,1793.9,1794.5,1793.0,1794.45,348
2024-05-03 10:32:00,1793.65,1794.85,1793.65,1793.75,470
2024-05-03 10:33:00,1795.0,1795.0,1793.9,1795.0,1188
2024-05-03 10:34:00,1795.0,1798.6,1794.0,1798.6,1146
2024-05-03 10:35:00,1798.6,1799.0,1797.0,1798.3,2120
2024-05-03 10:36:00,1798.3,1800.5,1798.3,1800.2,538
2024-05-03 10:37:00,1800.0,1801.15,1798.0,1799.0,1225
2024-05-03 10:38:00,1799.0,1800.0,1799.0,1799.0,429
2024-05-03 10:39:00,1798.6,1799.25,1797.0,1798.25,467
2024-05-03 10:40:00,1798.75,1798.75,1796.1,1796.1,642
2024-05-03 10:41:00,1795.05,1799.0,1795.05,1797.0,744
2024-05-03 10:42:00,1797.0,1797.6,1793.8,1794.0,645
2024-05-03 10:43:00,1795.0,1795.0,1793.5,1794.0,542
2024-05-03 10:44:00,1794.0,1795.0,1793.8,1795.0,604
2024-05-03 10:45:00,1795.0,1795.0,1793.7,1793.9,338
2024-05-03 10:46:00,1793.9,1795.0,1793.55,1794.45,273
2024-05-03 10:47:00,1794.45,1794.95,1793.5,1793.55,326
2024-05-03 10:48:00,1793.55,1794.9,1793.45,1793.55,725
2024-05-03 10:49:00,1793.5,1794.9,1793.45,1794.85,427
2024-05-03 10:50:00,1793.85,1794.9,1793.45,1793.45,399
2024-05-03 10:51:00,1793.45,1793.95,1792.0,1793.55,1959
2024-05-03 10:52:00,1793.55,1793.55,1791.0,1791.9,1201
2024-05-03 10:53:00,1791.9,1794.9,1791.9,1793.35,392
2024-05-03 10:54:00,1795.0,1799.45,1793.95,1798.2,1432
2024-05-03 10:55:00,1799.3,1799.35,1796.25,1797.8,479
2024-05-03 10:56:00,1797.8,1797.8,1794.4,1795.05,1256
2024-05-03 10:57:00,1795.05,1797.0,1795.0,1797.0,415
2024-05-03 10:58:00,1797.0,1797.0,1795.6,1795.6,548
2024-05-03 10:59:00,1795.6,1796.9,1795.4,1796.0,696
2024-05-03 11:00:00,1795.25,1795.25,1794.2,1794.5,199
2024-05-03 11:01:00,1794.5,1795.25,1792.8,1793.8,953
2024-05-03 11:02:00,1794.1,1795.15,1792.85,1793.8,1069
2024-05-03 11:03:00,1793.8,1796.9,1793.8,1796.0,791
2024-05-03 11:04:00,1796.0,1796.0,1793.9,1795.6,492
2024-05-03 11:05:00,1795.6,1796.85,1794.75,1796.0,386
2024-05-03 11:06:00,1796.35,1796.6,1794.75,1796.25,951
2024-05-03 11:07:00,1796.35,1796.8,1795.4,1795.8,346
2024-05-03 11:08:00,1795.8,1796.85,1795.5,1795.75,1219
2024-05-03 11:09:00,1795.75,1796.85,1795.3,1795.3,351
2024-05-03 11:10:00,1795.3,1796.0,1795.0,1796.0,202
2024-05-03 11:11:00,1796.0,1796.85,1795.2,1795.5,236
2024-05-03 11:12:00,1796.75,1796.85,1795.55,1795.55,80
2024-05-03 11:13:00,1795.55,1796.8,1794.6,1794.6,1174
2024-05-03 11:14:00,1794.6,1796.85,1794.6,1796.65,235
2024-05-03 11:15:00,1796.65,1796.9,1795.65,1796.9,216
2024-05-03 11:16:00,1796.9,1796.9,1796.35,1796.9,157
2024-05-03 11:17:00,1796.9,1796.9,1795.6,1796.1,231
2024-05-03 11:18:00,1796.9,1797.0,1795.7,1795.7,208
2024-05-03 11:19:00,1795.7,1796.95,1795.7,1795.7,111
2024-05-03 11:20:00,1795.7,1796.95,1795.7,1796.75,200
2024-05-03 11:21:00,1796.75,1797.0,1795.7,1795.9,2406
2024-05-03 11:22:00,1795.9,1796.9,1795.8,1796.8,720
2024-05-03 11:23:00,1796.8,1798.5,1796.05,1798.5,635
2024-05-03 11:24:00,1798.5,1799.0,1798.0,1798.9,312
2024-05-03 11:25:00,1798.9,1799.0,1798.05,1798.05,432
2024-05-03 11:26:00,1798.05,1799.0,1798.05,1799.0,181
2024-05-03 11:27:00,1799.0,1803.0,1798.1,1802.35,8057
2024-05-03 11:28:00,1802.35,1804.95,1801.3,1804.15,3190
2024-05-03 11:29:00,1803.75,1804.0,1802.8,1803.3,1018
2024-05-03 11:30:00,1803.3,1804.9,1803.3,1804.0,3926
2024-05-03 11:31:00,1804.0,1804.9,1803.6,1804.0,2944
2024-05-03 11:32:00,1804.0,1804.0,1803.0,1803.6,1683
2024-05-03 11:33:00,1803.6,1804.75,1803.55,1804.75,520
2024-05-03 11:34:00,1804.75,1804.75,1803.6,1804.05,930
2024-05-03 11:35:00,1804.05,1804.05,1803.0,1803.7,1171
2024-05-03 11:36:00,1803.7,1803.7,1803.0,1803.1,721
2024-05-03 11:37:00,1803.0,1803.5,1803.0,1803.5,2166
2024-05-03 11:38:00,1803.0,1803.7,1803.0,1803.45,1001
2024-05-03 11:39:00,1803.45,1804.5,1803.45,1804.5,1230
2024-05-03 11:40:00,1804.05,1804.65,1804.05,1804.45,374
2024-05-03 11:41:00,1804.45,1807.0,1804.45,1806.2,893
2024-05-03 11:42:00,1806.2,1807.6,1806.2,1807.15,7945
2024-05-03 11:43:00,1807.15,1807.9,1805.4,1806.65,1813
2024-05-03 11:44:00,1806.65,1808.0,1806.5,1808.0,626
2024-05-03 11:45:00,1807.65,1807.9,1806.5,1807.0,3979
2024-05-03 11:46:00,1807.0,1807.65,1806.5,1807.0,2889
2024-05-03 11:47:00,1806.65,1807.0,1806.65,1807.0,1108
2024-05-03 11:48:00,1806.65,1807.0,1804.75,1805.9,2677
2024-05-03 11:49:00,1805.9,1805.9,1803.7,1805.0,484
2024-05-03 11:50:00,1806.0,1806.95,1801.45,1801.45,3769
2024-05-03 11:51:00,1801.45,1801.7,1800.8,1800.8,264
2024-05-03 11:52:00,1800.5,1802.75,1800.1,1800.4,924
2024-05-03 11:53:00,1800.4,1800.4,1799.0,1799.1,953
2024-05-03 11:54:00,1799.0,1799.0,1795.0,1796.85,1190
2024-05-03 11:55:00,1796.65,1797.95,1795.95,1797.95,740
2024-05-03 11:56:00,1797.45,1799.1,1797.45,1798.8,440
2024-05-03 11:57:00,1798.8,1800.0,1797.7,1800.0,1027
2024-05-03 11:58:00,1800.0,1800.0,1799.45,1800.0,328
2024-05-03 11:59:00,1799.45,1800.0,1799.45,1799.45,392
2024-05-03 12:00:00,1799.45,1799.45,1797.65,1799.0,1009
2024-05-03 12:01:00,1799.0,1800.0,1798.6,1799.05,223
2024-05-03 12:02:00,1799.05,1800.0,1799.05,1800.0,447
2024-05-03 12:03:00,1800.0,1800.0,1799.35,1799.35,350
2024-05-03 12:04:00,1800.0,1800.0,1797.15,1798.3,1175
2024-05-03 12:05:00,1798.3,1798.3,1796.85,1797.9,466
2024-05-03 12:06:00,1797.9,1797.9,1795.75,1796.85,1252
2024-05-03 12:07:00,1796.85,1796.9,1795.0,1796.7,439
2024-05-03 12:08:00,1796.7,1798.0,1796.05,1798.0,679
2024-05-03 12:09:00,1796.95,1798.0,1796.95,1797.95,183
2024-05-03 12:10:00,1797.95,1798.0,1797.2,1797.2,330
2024-05-03 12:11:00,1797.2,1799.0,1797.2,1799.0,361
2024-05-03 12:12:00,1799.0,1799.2,1798.35,1799.2,117
2024-05-03 12:13:00,1799.2,1799.5,1797.2,1798.3,1086
2024-05-03 12:14:00,1798.3,1799.55,1798.3,1798.65,333
2024-05-03 12:15:00,1799.5,1799.8,1798.55,1799.8,211
2024-05-03 12:16:00,1799.8,1799.9,1797.2,1798.0,510
2024-05-03 12:17:00,1798.0,1798.0,1796.8,1798.0,305
2024-05-03 12:18:00,1798.0,1799.8,1798.0,1799.75,254
2024-05-03 12:19:00,1799.8,1799.9,1795.65,1795.65,1412
2024-05-03 12:20:00,1794.6,1794.8,1793.0,1794.3,2195
2024-05-03 12:21:00,1794.3,1795.0,1793.0,1793.7,1679
2024-05-03 12:22:00,1792.2,1793.95,1792.2,1793.95,814
2024-05-03 12:23:00,1793.95,1794.0,1793.0,1793.05,104
2024-05-03 12:24:00,1793.15,1794.0,1793.15,1793.5,347
2024-05-03 12:25:00,1794.0,1796.0,1793.5,1796.0,238
2024-05-03 12:26:00,1796.0,1799.9,1796.0,1799.9,1030
2024-05-03 12:27:00,1799.9,1799.9,1797.9,1798.8,846
2024-05-03 12:28:00,1798.8,1798.9,1797.9,1798.9,116
2024-05-03 12:29:00,1798.9,1799.0,1797.9,1799.0,236
2024-05-03 12:30:00,1799.0,1799.3,1798.35,1799.3,228
2024-05-03 12:31:00,1798.35,1799.8,1798.35,1799.4,185
2024-05-03 12:32:00,1799.4,1799.8,1799.1,1799.8,324
2024-05-03 12:33:00,1799.8,1799.8,1798.0,1798.1,394
2024-05-03 12:34:00,1798.1,1798.85,1798.0,1798.85,154
2024-05-03 12:35:00,1798.85,1799.8,1798.35,1798.85,333
2024-05-03 12:36:00,1799.75,1799.8,1798.85,1798.9,66
2024-05-03 12:37:00,1798.9,1799.8,1798.85,1798.85,273
2024-05-03 12:38:00,1799.8,1799.8,1798.85,1798.85,229
2024-05-03 12:39:00,1798.85,1799.8,1798.0,1798.05,122
2024-05-03 12:40:00,1798.05,1799.15,1796.8,1798.25,631
2024-05-03 12:41:00,1798.15,1798.8,1797.2,1797.3,111
2024-05-03 12:42:00,1797.3,1798.35,1797.3,1797.35,120
2024-05-03 12:43:00,1798.25,1798.25,1796.0,1796.05,579
2024-05-03 12:44:00,1796.05,1797.0,1796.0,1796.0,496
2024-05-03 12:45:00,1796.0,1796.55,1795.4,1795.4,89
2024-05-03 12:46:00,1795.0,1796.1,1795.0,1796.05,223
2024-05-03 12:47:00,1796.05,1796.05,1794.0,1795.0,827
2024-05-03 12:48:00,1794.85,1795.8,1794.85,1795.05,199
2024-05-03 12:49:00,1795.05,1795.85,1795.05,1795.05,125
2024-05-03 12:50:00,1795.05,1795.85,1795.0,1795.1,214
2024-05-03 12:51:00,1795.1,1795.5,1795.0,1795.5,286
2024-05-03 12:52:00,1795.0,1796.7,1793.0,1793.0,1799
2024-05-03 12:53:00,1793.0,1794.25,1792.3,1792.3,482
2024-05-03 12:54:00,1792.2,1793.35,1792.0,1792.05,237
2024-05-03 12:55:00,1792.05,1793.0,1792.0,1792.9,347
2024-05-03 12:56:00,1793.0,1793.7,1792.05,1792.1,509
2024-05-03 12:57:00,1791.9,1791.9,1790.5,1790.5,938
2024-05-03 12:58:00,1791.0,1791.0,1787.05,1787.05,2516
2024-05-03 12:59:00,1787.05,1790.65,1787.05,1790.2,975
2024-05-03 13:00:00,1790.2,1790.65,1789.0,1789.0,300
2024-05-03 13:01:00,1789.0,1790.2,1787.8,1790.2,534
2024-05-03 13:02:00,1790.2,1790.2,1788.0,1788.0,463
2024-05-03 13:03:00,1789.6,1789.9,1788.3,1789.9,788
2024-05-03 13:04:00,1789.95,1789.95,1789.2,1789.7,137
2024-05-03 13:05:00,1789.95,1793.65,1789.95,1793.65,561
2024-05-03 13:06:00,1793.65,1794.45,1793.65,1793.9,501
2024-05-03 13:07:00,1793.9,1793.9,1793.0,1793.0,143
2024-05-03 13:08:00,1793.0,1793.85,1793.0,1793.4,134
2024-05-03 13:09:00,1793.4,1793.9,1793.0,1793.0,323
2024-05-03 13:10:00,1793.0,1793.95,1792.6,1793.0,513
2024-05-03 13:11:00,1793.0,1793.85,1792.6,1793.0,145
2024-05-03 13:12:00,1794.0,1795.6,1794.0,1795.6,310
2024-05-03 13:13:00,1795.9,1796.0,1792.0,1792.0,769
2024-05-03 13:14:00,1792.0,1793.8,1792.0,1793.65,456
2024-05-03 13:15:00,1793.65,1793.75,1792.0,1792.0,246
2024-05-03 13:16:00,1792.95,1792.95,1792.0,1792.0,56
2024-05-03 13:17:00,1792.0,1792.95,1792.0,1792.15,294
2024-05-03 13:18:00,1792.15,1792.5,1789.95,1790.9,424
2024-05-03 13:19:00,1790.0,1793.0,1790.0,1793.0,257
2024-05-03 13:20:00,1793.0,1793.0,1790.7,1791.75,175
2024-05-03 13:21:00,1791.75,1792.0,1790.45,1790.45,463
2024-05-03 13:22:00,1790.45,1791.4,1790.35,1790.45,148
2024-05-03 13:23:00,1790.45,1791.05,1790.0,1790.0,340
2024-05-03 13:24:00,1790.0,1790.0,1788.6,1788.6,545
2024-05-03 13:25:00,1789.35,1789.35,1788.0,1788.0,773
2024-05-03 13:26:00,1788.35,1790.0,1787.6,1790.0,1910
2024-05-03 13:27:00,1790.0,1794.8,1789.7,1794.8,1002
2024-05-03 13:28:00,1794.8,1795.9,1794.7,1794.9,1876
2024-05-03 13:29:00,1794.9,1795.05,1793.35,1793.75,139
2024-05-03 13:30:00,1793.3,1793.75,1789.7,1790.8,1970
2024-05-03 13:31:00,1790.8,1792.0,1789.05,1791.8,977
2024-05-03 13:32:00,1791.8,1791.8,1791.0,1791.7,445
2024-05-03 13:33:00,1791.7,1791.75,1791.1,1791.65,346
2024-05-03 13:34:00,1792.7,1794.55,1792.7,1794.55,551
2024-05-03 13:35:00,1794.55,1795.6,1793.6,1794.1,509
2024-05-03 13:36:00,1794.1,1794.9,1794.1,1794.3,318
2024-05-03 13:37:00,1794.3,1795.35,1793.75,1795.35,441
2024-05-03 13:38:00,1795.35,1795.35,1793.0,1793.8,380
2024-05-03 13:39:00,1793.8,1793.8,1788.5,1789.15,729
2024-05-03 13:40:00,1789.15,1790.1,1787.0,1789.8,1732
2024-05-03 13:41:00,1789.8,1794.0,1789.8,1794.0,394
2024-05-03 13:42:00,1792.85,1795.5,1792.85,1793.45,667
2024-05-03 13:43:00,1793.45,1793.45,1788.3,1788.3,229
2024-05-03 13:44:00,1788.3,1791.3,1787.05,1789.15,1560
2024-05-03 13:45:00,1789.15,1789.15,1787.05,1788.35,681
2024-05-03 13:46:00,1787.2,1788.45,1787.2,1788.45,593
2024-05-03 13:47:00,1788.45,1789.35,1787.2,1788.0,275
2024-05-03 13:48:00,1788.0,1789.0,1787.2,1789.0,272
2024-05-03 13:49:00,1789.0,1789.95,1787.45,1789.95,396
2024-05-03 13:50:00,1789.95,1789.95,1787.45,1787.45,305
2024-05-03 13:51:00,1787.45,1788.45,1782.5,1782.5,1423
2024-05-03 13:52:00,1782.15,1782.5,1777.05,1777.05,7150
2024-05-03 13:53:00,1777.0,1778.0,1772.75,1775.0,3534
2024-05-03 13:54:00,1774.4,1782.95,1774.4,1782.95,583
2024-05-03 13:55:00,1783.35,1784.6,1781.1,1783.6,1324
2024-05-03 13:56:00,1783.6,1790.0,1783.6,1789.85,1193
2024-05-03 13:57:00,1789.85,1792.1,1788.5,1791.0,1922
2024-05-03 13:58:00,1789.95,1794.4,1789.95,1793.3,1376
2024-05-03 13:59:00,1793.3,1794.4,1790.0,1790.0,718
2024-05-03 14:00:00,1790.0,1792.85,1788.75,1791.95,247
2024-05-03 14:01:00,1792.5,1793.0,1792.05,1792.85,690
2024-05-03 14:02:00,1792.85,1796.0,1792.6,1792.85,1772
2024-05-03 14:03:00,1792.85,1794.8,1792.7,1794.8,353
2024-05-03 14:04:00,1793.6,1794.7,1793.6,1794.05,609
2024-05-03 14:05:00,1794.05,1797.65,1793.9,1797.65,2651
2024-05-03 14:06:00,1797.65,1799.85,1796.45,1799.85,573
2024-05-03 14:07:00,1799.85,1799.9,1793.75,1795.6,1066
2024-05-03 14:08:00,1795.1,1799.1,1795.1,1799.1,151
2024-05-03 14:09:00,1799.1,1799.95,1798.25,1798.95,2955
2024-05-03 14:10:00,1798.25,1799.0,1797.55,1799.0,510
2024-05-03 14:11:00,1799.0,1799.85,1798.15,1799.85,475
2024-05-03 14:12:00,1799.05,1799.8,1753.65,1756.55,45126
2024-05-03 14:13:00,1756.35,1772.0,1756.0,1766.4,18904
2024-05-03 14:14:00,1767.75,1767.8,1750.05,1754.55,28798
2024-05-03 14:15:00,1753.1,1757.7,1747.0,1748.45,25902
2024-05-03 14:16:00,1748.65,1765.35,1745.25,1763.8,21554
2024-05-03 14:17:00,1764.4,1771.6,1760.05,1763.7,13564
2024-05-03 14:18:00,1763.7,1780.0,1763.7,1774.95,16949
2024-05-03 14:19:00,1773.5,1778.25,1767.0,1770.1,11903
2024-05-03 14:20:00,1770.1,1774.25,1769.0,1770.75,2737
2024-05-03 14:21:00,1771.95,1774.8,1770.8,1773.0,4281
2024-05-03 14:22:00,1773.0,1773.85,1771.55,1772.95,4273
2024-05-03 14:23:00,1772.95,1773.95,1771.05,1773.0,5553
2024-05-03 14:24:00,1771.85,1774.05,1771.3,1774.05,5814
2024-05-03 14:25:00,1774.85,1776.7,1771.1,1771.1,8541
2024-05-03 14:26:00,1771.7,1771.7,1760.15,1762.15,21128
2024-05-03 14:27:00,1762.15,1768.0,1760.2,1766.65,9504
2024-05-03 14:28:00,1766.65,1778.0,1764.65,1776.85,15671
2024-05-03 14:29:00,1775.2,1784.0,1775.0,1780.95,10802
2024-05-03 14:30:00,1783.25,1784.95,1777.75,1780.7,10027
2024-05-03 14:31:00,1781.3,1781.95,1775.0,1775.35,14722
2024-05-03 14:32:00,1775.35,1781.95,1775.0,1781.35,9730
2024-05-03 14:33:00,1781.35,1781.8,1780.0,1780.0,8197
2024-05-03 14:34:00,1780.05,1781.0,1780.0,1780.0,2362
2024-05-03 14:35:00,1780.85,1781.85,1780.0,1780.0,3242
2024-05-03 14:36:00,1780.8,1781.8,1780.0,1780.5,12497
2024-05-03 14:37:00,1780.1,1781.8,1780.0,1781.8,1345
2024-05-03 14:38:00,1781.8,1785.0,1781.0,1784.05,8132
2024-05-03 14:39:00,1785.0,1785.0,1781.6,1781.6,2484
2024-05-03 14:40:00,1782.8,1782.8,1781.0,1781.95,1827
2024-05-03 14:41:00,1781.5,1782.7,1781.0,1781.05,3709
2024-05-03 14:42:00,1781.05,1784.95,1781.0,1782.45,5655
2024-05-03 14:43:00,1782.45,1783.0,1781.0,1782.4,1311
2024-05-03 14:44:00,1782.4,1786.0,1781.2,1785.7,13248
2024-05-03 14:45:00,1785.7,1785.85,1785.0,1785.35,2066
2024-05-03 14:46:00,1785.0,1786.0,1785.0,1785.05,1727
2024-05-03 14:47:00,1785.05,1786.8,1785.0,1785.9,3031
2024-05-03 14:48:00,1785.95,1789.0,1785.0,1789.0,4703
2024-05-03 14:49:00,1789.0,1789.0,1786.0,1786.25,2617
2024-05-03 14:50:00,1786.4,1787.0,1786.0,1786.1,1124
2024-05-03 14:51:00,1786.1,1787.0,1786.0,1786.0,1368
2024-05-03 14:52:00,1786.0,1786.9,1786.0,1786.0,419
2024-05-03 14:53:00,1786.0,1788.0,1785.0,1788.0,3655
2024-05-03 14:54:00,1788.0,1799.0,1788.0,1799.0,15377
2024-05-03 14:55:00,1799.0,1799.0,1792.45,1795.0,4309
2024-05-03 14:56:00,1795.0,1797.95,1793.85,1795.0,1859
2024-05-03 14:57:00,1796.25,1796.55,1791.25,1793.0,3536
2024-05-03 14:58:00,1792.3,1793.0,1790.5,1790.5,1660
2024-05-03 14:59:00,1792.0,1794.75,1790.9,1794.75,1598
2024-05-03 15:00:00,1792.6,1796.7,1792.2,1794.1,2712
2024-05-03 15:01:00,1795.45,1796.7,1794.1,1796.0,1527
2024-05-03 15:02:00,1796.65,1797.85,1795.7,1797.25,5172
2024-05-03 15:03:00,1797.4,1799.25,1796.25,1797.9,7483
2024-05-03 15:04:00,1797.1,1799.3,1797.1,1798.5,2555
2024-05-03 15:05:00,1798.75,1799.0,1797.5,1797.85,3689
2024-05-03 15:06:00,1797.5,1798.45,1795.5,1796.15,2693
2024-05-03 15:07:00,1796.15,1796.3,1793.0,1794.95,2105
2024-05-03 15:08:00,1795.1,1796.0,1793.7,1795.8,1550
2024-05-03 15:09:00,1795.85,1798.0,1793.65,1797.9,7101
2024-05-03 15:10:00,1798.0,1798.45,1797.05,1797.95,1926
2024-05-03 15:11:00,1798.0,1798.65,1797.0,1797.5,3637
2024-05-03 15:12:00,1798.0,1798.0,1797.5,1798.0,3154
2024-05-03 15:13:00,1798.0,1798.0,1797.0,1797.2,2743
2024-05-03 15:14:00,1797.5,1805.0,1797.2,1805.0,12993
2024-05-03 15:15:00,1804.95,1805.0,1802.15,1803.05,4543
2024-05-03 15:16:00,1803.05,1803.9,1800.0,1800.0,3490
2024-05-03 15:17:00,1801.0,1802.75,1800.0,1802.25,3191
2024-05-03 15:18:00,1802.25,1804.75,1800.8,1804.0,8590
2024-05-03 15:19:00,1804.0,1806.1,1802.6,1802.6,3400
2024-05-03 15:20:00,1803.4,1804.5,1801.0,1802.45,6938
2024-05-03 15:21:00,1802.45,1803.7,1801.0,1802.5,2612
2024-05-03 15:22:00,1802.5,1803.75,1801.05,1802.1,4019
2024-05-03 15:23:00,1802.1,1802.1,1800.0,1800.95,2811
2024-05-03 15:24:00,1800.95,1802.3,1800.0,1802.15,5048
2024-05-03 15:25:00,1801.75,1802.35,1801.0,1801.7,2052
2024-05-03 15:26:00,1801.7,1801.85,1800.0,1800.95,3019
2024-05-03 15:27:00,1800.5,1800.85,1798.25,1798.75,4453
2024-05-03 15:28:00,1800.0,1800.0,1797.0,1798.35,3088
2024-05-03 15:29:00,1797.2,1798.0,1797.0,1797.0,4366
2024-05-06 09:15:00,1760.0,1778.45,1760.0,1770.15,15956
2024-05-06 09:16:00,1769.95,1769.95,1758.3,1762.25,12764
2024-05-06 09:17:00,1764.9,1774.9,1763.2,1773.8,11427
2024-05-06 09:18:00,1773.75,1774.3,1766.2,1770.6,5730
2024-05-06 09:19:00,1770.8,1773.25,1768.0,1768.0,5120
2024-05-06 09:20:00,1769.55,1770.0,1763.0,1763.35,3995
2024-05-06 09:21:00,1763.3,1765.3,1760.0,1761.35,7613
2024-05-06 09:22:00,1761.95,1762.85,1756.35,1760.7,10607
2024-05-06 09:23:00,1762.85,1762.85,1755.0,1758.95,12131
2024-05-06 09:24:00,1758.0,1759.0,1756.0,1758.05,2877
2024-05-06 09:25:00,1757.75,1766.85,1756.55,1764.6,8750
2024-05-06 09:26:00,1766.0,1768.4,1764.0,1767.65,5605
2024-05-06 09:27:00,1767.7,1770.0,1765.0,1769.0,4204
2024-05-06 09:28:00,1768.45,1774.0,1768.05,1772.65,4534
2024-05-06 09:29:00,1772.65,1772.65,1770.05,1770.05,5181
2024-05-06 09:30:00,1770.85,1770.85,1767.3,1767.3,1592
2024-05-06 09:31:00,1768.55,1768.55,1764.0,1764.6,3163
2024-05-06 09:32:00,1763.5,1764.2,1761.0,1762.5,1723
2024-05-06 09:33:00,1762.5,1763.0,1761.0,1761.55,2879
2024-05-06 09:34:00,1761.55,1762.45,1761.0,1761.0,1852
2024-05-06 09:35:00,1761.4,1762.45,1760.1,1761.05,1541
2024-05-06 09:36:00,1760.95,1761.15,1757.0,1757.0,4502
2024-05-06 09:37:00,1757.0,1760.2,1757.0,1758.3,1977
2024-05-06 09:38:00,1758.3,1758.35,1755.5,1755.6,2653
2024-05-06 09:39:00,1755.65,1756.45,1752.65,1752.65,5519
2024-05-06 09:40:00,1753.95,1753.95,1750.0,1751.0,15436
2024-05-06 09:41:00,1751.6,1752.85,1750.0,1751.0,4808
2024-05-06 09:42:00,1750.0,1753.0,1750.0,1750.4,7470
2024-05-06 09:43:00,1750.4,1754.0,1750.4,1753.4,5024
2024-05-06 09:44:00,1753.35,1764.55,1753.35,1762.8,4829
2024-05-06 09:45:00,1764.75,1769.6,1763.2,1768.45,7701
2024-05-06 09:46:00,1768.5,1769.7,1765.5,1769.7,2221
2024-05-06 09:47:00,1769.7,1769.7,1765.0,1767.0,3734
2024-05-06 09:48:00,1767.55,1769.0,1765.0,1765.15,1877
2024-05-06 09:49:00,1765.0,1767.15,1765.0,1765.0,7084
2024-05-06 09:50:00,1765.0,1765.1,1765.0,1765.05,2288
2024-05-06 09:51:00,1765.05,1765.4,1765.0,1765.0,1940
2024-05-06 09:52:00,1765.0,1765.45,1765.0,1765.0,3293
2024-05-06 09:53:00,1765.0,1765.75,1765.0,1765.0,4914
2024-05-06 09:54:00,1765.0,1767.85,1765.0,1767.85,2187
2024-05-06 09:55:00,1767.9,1769.5,1766.7,1768.0,2132
2024-05-06 09:56:00,1768.0,1769.0,1767.0,1767.0,933
2024-05-06 09:57:00,1765.85,1767.35,1765.0,1765.8,446
2024-05-06 09:58:00,1765.8,1766.0,1762.0,1762.2,6504
2024-05-06 09:59:00,1762.0,1762.95,1758.0,1762.95,2669
2024-05-06 10:00:00,1762.6,1764.9,1762.5,1762.6,863
2024-05-06 10:01:00,1763.0,1764.95,1762.6,1764.45,1322
2024-05-06 10:02:00,1764.45,1764.45,1762.3,1762.3,894
2024-05-06 10:03:00,1762.3,1762.85,1760.0,1761.1,925
2024-05-06 10:04:00,1760.0,1762.0,1758.55,1762.0,2335
2024-05-06 10:05:00,1762.0,1762.4,1756.0,1762.0,6210
2024-05-06 10:06:00,1762.0,1764.75,1760.0,1762.0,1180
2024-05-06 10:07:00,1761.0,1761.0,1758.2,1759.8,1428
2024-05-06 10:08:00,1760.9,1762.0,1758.0,1760.75,1017
2024-05-06 10:09:00,1760.75,1762.5,1760.25,1761.15,894
2024-05-06 10:10:00,1761.95,1763.0,1760.45,1761.95,778
2024-05-06 10:11:00,1762.0,1764.75,1761.95,1764.7,1194
2024-05-06 10:12:00,1764.75,1765.4,1763.0,1764.4,770
2024-05-06 10:13:00,1765.35,1765.35,1763.1,1764.65,986
2024-05-06 10:14:00,1764.65,1767.0,1764.1,1767.0,552
2024-05-06 10:15:00,1767.05,1768.25,1764.3,1764.3,1668
2024-05-06 10:16:00,1764.3,1766.0,1764.15,1766.0,859
2024-05-06 10:17:00,1764.95,1765.8,1764.1,1764.15,1028
2024-05-06 10:18:00,1764.15,1764.9,1760.75,1763.1,2545
2024-05-06 10:19:00,1763.1,1767.95,1763.0,1767.95,1225
2024-05-06 10:20:00,1767.95,1768.0,1766.95,1767.15,531
2024-05-06 10:21:00,1768.0,1772.75,1767.2,1772.05,2453
2024-05-06 10:22:00,1772.0,1779.0,1770.9,1776.9,5390
2024-05-06 10:23:00,1776.9,1779.0,1775.0,1775.95,2092
2024-05-06 10:24:00,1775.95,1779.9,1775.05,1779.85,7518
2024-05-06 10:25:00,1779.85,1779.9,1775.55,1777.45,1165
2024-05-06 10:26:00,1777.55,1779.35,1775.15,1779.0,3099
2024-05-06 10:27:00,1778.1,1778.9,1777.75,1778.0,654
2024-05-06 10:28:00,1778.0,1785.95,1778.0,1783.0,8994
2024-05-06 10:29:00,1782.05,1782.05,1779.85,1780.05,1025
2024-05-06 10:30:00,1780.05,1781.0,1778.0,1779.3,1283
2024-05-06 10:31:00,1779.3,1779.95,1777.7,1778.5,1638
2024-05-06 10:32:00,1778.5,1779.9,1776.95,1778.0,2018
2024-05-06 10:33:00,1778.0,1778.0,1774.6,1775.15,1357
2024-05-06 10:34:00,1775.15,1779.0,1775.0,1778.05,1835
2024-05-06 10:35:00,1778.6,1779.0,1778.0,1778.0,258
2024-05-06 10:36:00,1778.0,1779.25,1777.2,1777.3,3798
2024-05-06 10:37:00,1777.3,1777.7,1775.6,1777.35,607
2024-05-06 10:38:00,1777.35,1779.35,1777.2,1777.5,260
2024-05-06 10:39:00,1777.5,1778.9,1777.5,1778.9,315
2024-05-06 10:40:00,1778.9,1778.9,1775.85,1777.0,826
2024-05-06 10:41:00,1777.0,1777.95,1777.0,1777.95,284
2024-05-06 10:42:00,1777.3,1779.5,1777.3,1778.25,629
2024-05-06 10:43:00,1778.25,1779.5,1778.25,1779.25,500
2024-05-06 10:44:00,1779.25,1779.25,1775.95,1775.95,771
2024-05-06 10:45:00,1775.95,1777.9,1775.95,1777.25,274
2024-05-06 10:46:00,1777.8,1777.8,1775.5,1776.3,526
2024-05-06 10:47:00,1776.25,1778.2,1775.5,1777.5,1562
2024-05-06 10:48:00,1776.8,1777.5,1776.8,1777.0,229
2024-05-06 10:49:00,1778.0,1781.0,1777.8,1780.0,1694
2024-05-06 10:50:00,1780.0,1781.5,1780.0,1780.6,1045
2024-05-06 10:51:00,1779.95,1780.7,1778.85,1780.6,925
2024-05-06 10:52:00,1780.6,1781.5,1779.15,1781.5,1503
2024-05-06 10:53:00,1781.5,1783.8,1780.1,1783.0,1519
2024-05-06 10:54:00,1783.0,1784.0,1782.75,1783.5,458
2024-05-06 10:55:00,1783.5,1783.5,1780.0,1781.0,432
2024-05-06 10:56:00,1780.15,1781.0,1779.8,1779.8,669
2024-05-06 10:57:00,1781.0,1781.65,1780.0,1780.7,581
2024-05-06 10:58:00,1780.7,1781.6,1780.5,1781.0,173
2024-05-06 10:59:00,1781.0,1781.0,1779.05,1780.4,320
2024-05-06 11:00:00,1780.4,1782.0,1778.8,1781.95,852
2024-05-06 11:01:00,1781.95,1782.1,1780.35,1781.25,461
2024-05-06 11:02:00,1781.25,1781.25,1778.0,1779.8,1737
2024-05-06 11:03:00,1780.95,1781.0,1779.35,1780.85,290
2024-05-06 11:04:00,1780.85,1780.85,1778.05,1778.35,302
2024-05-06 11:05:00,1778.2,1780.8,1778.0,1779.6,3980
2024-05-06 11:06:00,1779.6,1780.7,1778.2,1778.75,501
2024-05-06 11:07:00,1778.6,1780.95,1778.6,1779.2,725
2024-05-06 11:08:00,1779.2,1780.35,1778.25,1779.0,462
2024-05-06 11:09:00,1780.0,1780.0,1778.0,1778.0,105
2024-05-06 11:10:00,1778.0,1780.2,1778.0,1778.9,893
2024-05-06 11:11:00,1778.9,1780.05,1778.0,1780.0,1114
2024-05-06 11:12:00,1780.0,1780.55,1779.1,1780.0,563
2024-05-06 11:13:00,1780.0,1780.75,1779.1,1780.55,906
2024-05-06 11:14:00,1780.55,1780.75,1779.95,1780.0,401
2024-05-06 11:15:00,1779.6,1779.95,1779.1,1779.85,146
2024-05-06 11:16:00,1779.85,1779.95,1779.1,1779.95,783
2024-05-06 11:17:00,1779.95,1780.0,1779.15,1779.2,324
2024-05-06 11:18:00,1779.3,1780.0,1778.5,1778.5,578
2024-05-06 11:19:00,1778.5,1779.2,1778.5,1779.15,173
2024-05-06 11:20:00,1778.5,1779.25,1778.0,1778.05,478
2024-05-06 11:21:00,1779.0,1779.0,1777.1,1778.2,1130
2024-05-06 11:22:00,1778.2,1778.2,1777.1,1777.1,2051
2024-05-06 11:23:00,1777.1,1777.75,1776.0,1776.0,744
2024-05-06 11:24:00,1776.85,1776.85,1775.1,1775.1,332
2024-05-06 11:25:00,1775.1,1775.5,1774.1,1774.1,1995
2024-05-06 11:26:00,1774.1,1775.5,1773.65,1775.5,152
2024-05-06 11:27:00,1775.5,1776.7,1774.5,1776.7,558
2024-05-06 11:28:00,1776.7,1776.7,1775.1,1775.95,387
2024-05-06 11:29:00,1775.95,1776.95,1775.15,1776.95,689
2024-05-06 11:30:00,1776.95,1777.0,1776.25,1776.25,58
2024-05-06 11:31:00,1777.1,1778.1,1777.1,1778.1,1047
2024-05-06 11:32:00,1778.1,1778.1,1776.3,1777.35,367
2024-05-06 11:33:00,1777.35,1777.35,1775.1,1775.1,321
2024-05-06 11:34:00,1775.9,1776.95,1775.1,1775.25,587
2024-05-06 11:35:00,1775.25,1776.35,1775.1,1775.1,344
2024-05-06 11:36:00,1776.0,1776.0,1775.1,1776.0,402
2024-05-06 11:37:00,1775.1,1775.9,1775.0,1775.4,633
2024-05-06 11:38:00,1775.4,1775.6,1774.6,1775.0,320
2024-05-06 11:39:00,1775.0,1775.55,1774.6,1774.6,432
2024-05-06 11:40:00,1774.6,1775.0,1774.6,1774.6,411
2024-05-06 11:41:00,1774.6,1775.35,1774.6,1775.0,102
2024-05-06 11:42:00,1775.0,1777.0,1774.7,1776.9,2288
2024-05-06 11:43:00,1776.9,1776.9,1776.0,1776.5,869
2024-05-06 11:44:00,1776.5,1776.95,1775.0,1775.0,1293
2024-05-06 11:45:00,1775.0,1775.9,1775.0,1775.1,305
2024-05-06 11:46:00,1775.1,1775.85,1775.1,1775.15,183
2024-05-06 11:47:00,1775.85,1775.85,1775.15,1775.15,142
2024-05-06 11:48:00,1775.15,1775.85,1775.15,1775.15,432
2024-05-06 11:49:00,1775.15,1775.85,1775.15,1775.2,667
2024-05-06 11:50:00,1775.2,1776.8,1775.2,1776.8,509
2024-05-06 11:51:00,1776.8,1777.0,1775.15,1777.0,1212
2024-05-06 11:52:00,1777.0,1777.0,1776.0,1776.5,449
2024-05-06 11:53:00,1776.5,1777.0,1776.05,1776.1,395
2024-05-06 11:54:00,1776.1,1777.0,1776.1,1776.2,398
2024-05-06 11:55:00,1776.65,1777.0,1776.2,1776.2,160
2024-05-06 11:56:00,1776.2,1776.65,1776.1,1776.2,303
2024-05-06 11:57:00,1776.2,1777.0,1776.1,1776.1,471
2024-05-06 11:58:00,1776.1,1777.4,1776.1,1777.05,857
2024-05-06 11:59:00,1777.05,1778.75,1777.05,1778.75,2216
2024-05-06 12:00:00,1777.35,1778.75,1777.35,1778.75,281
2024-05-06 12:01:00,1778.75,1778.75,1777.0,1778.05,1150
2024-05-06 12:02:00,1778.05,1778.7,1777.1,1778.6,894
2024-05-06 12:03:00,1778.6,1778.65,1777.5,1778.5,91
2024-05-06 12:04:00,1778.5,1778.6,1776.7,1777.2,559
2024-05-06 12:05:00,1778.45,1778.45,1777.0,1778.0,481
2024-05-06 12:06:00,1778.0,1778.0,1777.0,1777.0,343
2024-05-06 12:07:00,1777.0,1777.9,1776.1,1777.85,345
2024-05-06 12:08:00,1776.65,1777.75,1776.1,1776.1,473
2024-05-06 12:09:00,1776.65,1777.3,1776.1,1777.25,183
2024-05-06 12:10:00,1777.25,1777.25,1776.25,1776.25,699
2024-05-06 12:11:00,1776.25,1776.5,1776.1,1776.1,594
2024-05-06 12:12:00,1776.1,1777.0,1776.1,1776.1,170
2024-05-06 12:13:00,1776.2,1777.0,1776.1,1776.1,207
2024-05-06 12:14:00,1776.1,1777.0,1776.1,1776.95,1121
2024-05-06 12:15:00,1776.55,1778.0,1776.1,1777.9,336
2024-05-06 12:16:00,1777.9,1778.0,1776.95,1776.95,232
2024-05-06 12:17:00,1776.95,1777.65,1776.55,1776.95,77
2024-05-06 12:18:00,1776.95,1777.0,1776.15,1776.95,171
2024-05-06 12:19:00,1776.95,1777.8,1776.1,1777.8,216
2024-05-06 12:20:00,1777.8,1777.85,1776.7,1777.4,160
2024-05-06 12:21:00,1777.4,1777.4,1776.25,1776.25,198
2024-05-06 12:22:00,1776.85,1777.0,1776.1,1776.1,270
2024-05-06 12:23:00,1776.1,1776.95,1776.1,1776.1,152
2024-05-06 12:24:00,1776.1,1776.9,1775.0,1775.0,2238
2024-05-06 12:25:00,1775.5,1775.5,1774.55,1774.75,466
2024-05-06 12:26:00,1774.75,1774.75,1773.0,1773.75,265
2024-05-06 12:27:00,1773.75,1774.0,1773.7,1773.8,139
2024-05-06 12:28:00,1773.8,1774.0,1773.1,1773.9,174
2024-05-06 12:29:00,1773.9,1773.9,1772.1,1772.95,193
2024-05-06 12:30:00,1772.95,1773.95,1772.1,1773.95,776
2024-05-06 12:31:00,1773.95,1776.2,1773.1,1775.0,501
2024-05-06 12:32:00,1775.0,1776.2,1775.0,1775.95,87
2024-05-06 12:33:00,1775.95,1776.0,1775.4,1776.0,410
2024-05-06 12:34:00,1776.0,1776.0,1773.7,1774.75,638
2024-05-06 12:35:00,1775.2,1775.4,1773.3,1774.1,450
2024-05-06 12:36:00,1774.1,1774.1,1773.1,1773.1,160
2024-05-06 12:37:00,1773.8,1774.6,1773.1,1773.1,203
2024-05-06 12:38:00,1773.1,1774.05,1772.1,1773.6,470
2024-05-06 12:39:00,1773.6,1774.9,1772.1,1774.9,364
2024-05-06 12:40:00,1774.9,1774.9,1772.0,1772.45,349
2024-05-06 12:41:00,1771.5,1772.55,1771.1,1771.2,315
2024-05-06 12:42:00,1771.1,1771.85,1771.1,1771.1,155
2024-05-06 12:43:00,1771.9,1772.35,1771.1,1772.35,163
2024-05-06 12:44:00,1772.35,1772.5,1771.1,1771.1,319
2024-05-06 12:45:00,1771.5,1772.65,1771.2,1772.55,117
2024-05-06 12:46:00,1772.55,1772.65,1771.15,1771.9,188
2024-05-06 12:47:00,1771.9,1772.0,1771.1,1771.9,314
2024-05-06 12:48:00,1771.9,1772.4,1771.1,1771.85,200
2024-05-06 12:49:00,1771.85,1772.0,1771.1,1772.0,18
2024-05-06 12:50:00,1772.25,1772.7,1771.15,1771.95,348
2024-05-06 12:51:00,1771.95,1771.95,1770.15,1771.1,1455
2024-05-06 12:52:00,1770.3,1770.55,1770.1,1770.1,544
2024-05-06 12:53:00,1770.1,1771.25,1770.1,1770.25,622
2024-05-06 12:54:00,1770.5,1771.45,1770.0,1771.45,959
2024-05-06 12:55:00,1771.0,1771.55,1770.1,1771.3,658
2024-05-06 12:56:00,1771.3,1771.75,1770.1,1771.75,524
2024-05-06 12:57:00,1771.5,1772.0,1770.3,1771.05,1439
2024-05-06 12:58:00,1771.05,1772.0,1771.0,1771.3,217
2024-05-06 12:59:00,1771.3,1772.0,1771.3,1771.4,58
2024-05-06 13:00:00,1771.95,1772.25,1771.0,1771.0,264
2024-05-06 13:01:00,1771.3,1772.0,1770.15,1771.65,364
2024-05-06 13:02:00,1771.65,1772.1,1771.0,1771.5,142
2024-05-06 13:03:00,1771.15,1771.5,1770.4,1771.4,167
2024-05-06 13:04:00,1771.4,1771.6,1770.6,1771.5,710
2024-05-06 13:05:00,1771.5,1772.1,1770.6,1772.05,414
2024-05-06 13:06:00,1772.05,1772.1,1770.6,1771.7,430
2024-05-06 13:07:00,1771.7,1771.7,1770.05,1770.05,538
2024-05-06 13:08:00,1770.05,1770.2,1769.1,1769.1,2010
2024-05-06 13:09:00,1769.1,1770.35,1769.1,1769.9,151
2024-05-06 13:10:00,1769.9,1770.6,1769.1,1770.6,1389
2024-05-06 13:11:00,1770.6,1770.6,1769.15,1769.8,66
2024-05-06 13:12:00,1769.15,1770.4,1769.15,1769.8,119
2024-05-06 13:13:00,1769.8,1770.0,1769.15,1769.15,131
2024-05-06 13:14:00,1769.15,1770.0,1769.1,1769.2,262
2024-05-06 13:15:00,1769.2,1770.25,1769.1,1769.5,685
2024-05-06 13:16:00,1769.3,1770.05,1768.05,1768.95,1311
2024-05-06 13:17:00,1768.1,1769.35,1765.95,1766.7,7466
2024-05-06 13:18:00,1766.7,1768.65,1765.75,1767.6,3729
2024-05-06 13:19:00,1767.6,1768.6,1765.0,1766.15,597
2024-05-06 13:20:00,1765.0,1766.15,1762.6,1764.95,2626
2024-05-06 13:21:00,1764.95,1765.5,1764.1,1765.5,4568
2024-05-06 13:22:00,1765.5,1767.8,1765.5,1767.8,235
2024-05-06 13:23:00,1767.8,1767.8,1765.1,1765.95,520
2024-05-06 13:24:00,1765.95,1767.2,1765.95,1767.2,1572
2024-05-06 13:25:00,1767.2,1767.8,1767.1,1767.1,543
2024-05-06 13:26:00,1767.0,1767.7,1767.0,1767.25,1241
2024-05-06 13:27:00,1767.25,1769.05,1767.25,1768.65,417
2024-05-06 13:28:00,1768.65,1768.65,1767.2,1768.4,728
2024-05-06 13:29:00,1768.4,1768.8,1767.5,1768.8,271
2024-05-06 13:30:00,1768.8,1768.85,1768.0,1768.75,98
2024-05-06 13:31:00,1768.0,1769.85,1768.0,1769.85,255
2024-05-06 13:32:00,1769.85,1771.0,1769.3,1771.0,1158
2024-05-06 13:33:00,1771.0,1771.6,1768.05,1769.0,576
2024-05-06 13:34:00,1769.0,1769.3,1766.75,1768.45,2876
2024-05-06 13:35:00,1768.45,1768.45,1766.6,1768.15,212
2024-05-06 13:36:00,1768.15,1769.5,1768.15,1769.5,149
2024-05-06 13:37:00,1769.5,1770.0,1769.5,1769.5,393
2024-05-06 13:38:00,1769.5,1770.95,1768.15,1769.8,820
2024-05-06 13:39:00,1769.8,1770.75,1768.5,1770.4,330
2024-05-06 13:40:00,1770.4,1770.9,1768.6,1769.35,433
2024-05-06 13:41:00,1769.35,1773.0,1769.3,1772.3,3162
2024-05-06 13:42:00,1772.05,1773.0,1770.6,1773.0,322
2024-05-06 13:43:00,1773.0,1773.0,1772.0,1773.0,226
2024-05-06 13:44:00,1773.0,1773.0,1770.15,1770.15,205
2024-05-06 13:45:00,1771.1,1771.9,1770.0,1770.95,174
2024-05-06 13:46:00,1770.95,1771.4,1770.05,1770.05,255
2024-05-06 13:47:00,1770.05,1770.9,1768.8,1769.9,253
2024-05-06 13:48:00,1769.9,1769.95,1768.0,1769.7,353
2024-05-06 13:49:00,1769.7,1769.7,1766.9,1767.05,370
2024-05-06 13:50:00,1767.05,1768.55,1767.05,1768.55,368
2024-05-06 13:51:00,1768.55,1768.9,1768.0,1768.9,157
2024-05-06 13:52:00,1768.9,1769.55,1767.4,1768.1,479
2024-05-06 13:53:00,1768.1,1769.05,1766.15,1767.75,111
2024-05-06 13:54:00,1766.35,1767.95,1766.35,1767.85,269
2024-05-06 13:55:00,1767.55,1767.95,1767.0,1767.9,87
2024-05-06 13:56:00,1768.0,1768.3,1767.0,1767.85,189
2024-05-06 13:57:00,1767.85,1768.35,1767.0,1767.05,332
2024-05-06 13:58:00,1767.05,1767.95,1766.3,1766.35,875
2024-05-06 13:59:00,1766.35,1767.5,1766.35,1767.4,119
2024-05-06 14:00:00,1767.4,1768.05,1766.45,1767.0,152
2024-05-06 14:01:00,1767.0,1768.6,1767.0,1767.55,305
2024-05-06 14:02:00,1767.55,1769.95,1767.55,1769.7,1173
2024-05-06 14:03:00,1769.7,1770.0,1768.15,1768.8,510
2024-05-06 14:04:00,1768.8,1770.0,1768.8,1770.0,110
2024-05-06 14:05:00,1770.0,1770.0,1769.0,1769.0,282
2024-05-06 14:06:00,1769.0,1769.25,1767.1,1767.1,315
2024-05-06 14:07:00,1767.1,1768.5,1765.0,1765.0,2268
2024-05-06 14:08:00,1765.0,1765.0,1764.1,1764.85,107
2024-05-06 14:09:00,1764.85,1765.0,1764.5,1764.95,529
2024-05-06 14:10:00,1764.95,1765.0,1764.0,1764.8,241
2024-05-06 14:11:00,1764.8,1765.0,1762.9,1764.1,1315
2024-05-06 14:12:00,1764.1,1765.0,1764.1,1764.3,392
2024-05-06 14:13:00,1764.3,1765.0,1762.9,1764.0,662
2024-05-06 14:14:00,1764.3,1764.95,1762.9,1764.0,279
2024-05-06 14:15:00,1764.35,1764.35,1762.0,1763.7,597
2024-05-06 14:16:00,1763.95,1763.95,1762.1,1762.15,262
2024-05-06 14:17:00,1762.15,1762.9,1761.25,1762.0,740
2024-05-06 14:18:00,1762.0,1762.95,1761.1,1762.95,985
2024-05-06 14:19:00,1762.95,1763.0,1761.0,1763.0,568
2024-05-06 14:20:00,1763.0,1765.45,1763.0,1763.3,716
2024-05-06 14:21:00,1763.3,1765.6,1763.3,1765.6,175
2024-05-06 14:22:00,1764.25,1765.95,1763.45,1763.9,983
2024-05-06 14:23:00,1763.9,1764.6,1762.85,1764.6,1558
2024-05-06 14:24:00,1764.6,1764.8,1763.15,1764.1,197
2024-05-06 14:25:00,1763.6,1767.8,1763.05,1767.05,2091
2024-05-06 14:26:00,1767.05,1767.8,1767.0,1767.45,955
2024-05-06 14:27:00,1767.45,1768.5,1767.45,1768.45,159
2024-05-06 14:28:00,1767.6,1768.4,1767.0,1767.0,311
2024-05-06 14:29:00,1767.9,1768.0,1767.0,1768.0,334
2024-05-06 14:30:00,1768.0,1768.0,1767.0,1767.0,293
2024-05-06 14:31:00,1767.0,1767.8,1767.0,1767.8,554
2024-05-06 14:32:00,1767.1,1768.8,1764.0,1764.0,1899
2024-05-06 14:33:00,1763.5,1763.75,1760.0,1760.8,4012
2024-05-06 14:34:00,1760.95,1761.1,1759.0,1759.0,3141
2024-05-06 14:35:00,1759.0,1760.0,1754.95,1756.3,9367
2024-05-06 14:36:00,1756.3,1759.9,1755.0,1759.4,3140
2024-05-06 14:37:00,1759.4,1759.4,1756.35,1759.15,866
2024-05-06 14:38:00,1759.4,1759.4,1755.85,1757.0,1678
2024-05-06 14:39:00,1757.0,1757.0,1756.0,1757.0,874
2024-05-06 14:40:00,1757.2,1759.95,1757.2,1759.65,808
2024-05-06 14:41:00,1759.65,1759.8,1757.75,1758.55,574
2024-05-06 14:42:00,1758.55,1759.45,1757.25,1759.05,846
2024-05-06 14:43:00,1759.3,1760.0,1758.0,1758.55,637
2024-05-06 14:44:00,1758.55,1759.85,1758.55,1758.75,322
2024-05-06 14:45:00,1759.75,1759.85,1758.0,1758.0,726
2024-05-06 14:46:00,1758.0,1759.75,1758.0,1759.65,483
2024-05-06 14:47:00,1759.65,1759.7,1758.2,1758.25,478
2024-05-06 14:48:00,1758.25,1759.85,1758.25,1759.8,411
2024-05-06 14:49:00,1759.75,1760.1,1758.0,1760.1,1269
2024-05-06 14:50:00,1760.1,1760.3,1758.15,1760.3,554
2024-05-06 14:51:00,1759.0,1760.1,1758.2,1759.65,762
2024-05-06 14:52:00,1759.65,1759.75,1758.0,1759.5,828
2024-05-06 14:53:00,1759.55,1759.85,1758.0,1759.55,585
2024-05-06 14:54:00,1759.55,1759.9,1758.25,1759.75,372
2024-05-06 14:55:00,1759.75,1759.8,1758.0,1758.55,1394
2024-05-06 14:56:00,1758.55,1759.4,1758.5,1759.3,282
2024-05-06 14:57:00,1759.3,1759.4,1758.5,1759.25,545
2024-05-06 14:58:00,1759.25,1759.35,1758.0,1758.95,747
2024-05-06 14:59:00,1758.95,1759.3,1758.0,1758.0,290
2024-05-06 15:00:00,1758.5,1759.6,1758.5,1759.15,630
2024-05-06 15:01:00,1759.6,1761.75,1759.6,1761.7,985
2024-05-06 15:02:00,1761.7,1765.0,1761.0,1764.4,1170
2024-05-06 15:03:00,1764.4,1764.8,1762.1,1764.0,841
2024-05-06 15:04:00,1763.75,1763.95,1761.95,1762.8,3523
2024-05-06 15:05:00,1763.6,1763.65,1762.4,1762.65,728
2024-05-06 15:06:00,1762.65,1763.15,1762.05,1762.15,1871
2024-05-06 15:07:00,1762.5,1765.0,1762.3,1765.0,2056
2024-05-06 15:08:00,1764.1,1767.95,1764.1,1767.75,3003
2024-05-06 15:09:00,1767.15,1768.0,1764.55,1764.75,2444
2024-05-06 15:10:00,1765.75,1767.9,1765.25,1767.35,1255
2024-05-06 15:11:00,1767.35,1767.5,1767.0,1767.15,1221
2024-05-06 15:12:00,1767.15,1767.5,1765.3,1765.55,1756
2024-05-06 15:13:00,1765.55,1766.2,1765.0,1765.8,1874
2024-05-06 15:14:00,1765.4,1767.85,1765.4,1767.7,1511
2024-05-06 15:15:00,1767.7,1769.0,1767.7,1768.55,2005
2024-05-06 15:16:00,1768.6,1768.6,1765.75,1767.85,2679
2024-05-06 15:17:00,1767.85,1767.85,1765.45,1767.75,2038
2024-05-06 15:18:00,1767.75,1768.0,1764.75,1767.95,2214
2024-05-06 15:19:00,1767.95,1769.0,1767.9,1768.95,2157
2024-05-06 15:20:00,1768.95,1770.0,1768.05,1769.4,2348
2024-05-06 15:21:00,1769.0,1769.9,1766.65,1769.15,1796
2024-05-06 15:22:00,1769.1,1769.85,1766.4,1767.9,1491
2024-05-06 15:23:00,1768.4,1769.7,1767.0,1768.05,2108
2024-05-06 15:24:00,1768.05,1769.95,1768.05,1769.75,1788
2024-05-06 15:25:00,1769.75,1770.7,1769.75,1770.7,1672
2024-05-06 15:26:00,1770.7,1772.0,1769.35,1770.1,2866
2024-05-06 15:27:00,1769.0,1770.15,1766.0,1766.6,1836
2024-05-06 15:28:00,1766.15,1768.0,1764.75,1767.0,2687
2024-05-06 15:29:00,1767.0,1770.0,1767.0,1767.95,1352
2024-05-07 09:15:00,1759.0,1767.05,1755.0,1765.0,4899
2024-05-07 09:16:00,1763.15,1764.95,1756.0,1759.8,3261
2024-05-07 09:17:00,1757.75,1760.0,1754.05,1756.85,6832
2024-05-07 09:18:00,1758.65,1760.0,1756.45,1759.9,1259
2024-05-07 09:19:00,1759.95,1759.95,1755.95,1756.0,1359
2024-05-07 09:20:00,1756.1,1756.85,1753.3,1755.3,3338
2024-05-07 09:21:00,1755.35,1759.15,1753.25,1754.55,4679
2024-05-07 09:22:00,1754.55,1764.35,1752.05,1761.3,3334
2024-05-07 09:23:00,1761.3,1766.05,1760.0,1762.45,2742
2024-05-07 09:24:00,1762.45,1769.0,1762.4,1769.0,1692
2024-05-07 09:25:00,1767.35,1769.0,1766.0,1766.0,3395
2024-05-07 09:26:00,1766.0,1766.8,1765.35,1765.6,1012
2024-05-07 09:27:00,1765.6,1768.8,1765.6,1768.8,1144
2024-05-07 09:28:00,1769.25,1774.7,1768.15,1774.7,4926
2024-05-07 09:29:00,1773.45,1775.0,1770.85,1773.55,4818
2024-05-07 09:30:00,1773.55,1774.65,1773.55,1774.15,765
2024-05-07 09:31:00,1774.15,1774.5,1773.0,1773.95,1190
2024-05-07 09:32:00,1773.95,1773.95,1773.0,1773.75,1617
2024-05-07 09:33:00,1773.5,1776.85,1771.05,1773.8,10356
2024-05-07 09:34:00,1773.85,1775.2,1771.05,1773.8,1435
2024-05-07 09:35:00,1772.5,1773.8,1765.5,1766.0,7981
2024-05-07 09:36:00,1766.0,1766.0,1763.7,1764.2,2012
2024-05-07 09:37:00,1765.15,1767.7,1764.2,1767.45,1476
2024-05-07 09:38:00,1766.85,1767.45,1765.15,1766.45,877
2024-05-07 09:39:00,1766.45,1766.55,1763.95,1764.65,527
2024-05-07 09:40:00,1764.65,1765.0,1764.0,1765.0,1229
2024-05-07 09:41:00,1766.35,1769.0,1765.2,1769.0,808
2024-05-07 09:42:00,1769.8,1769.85,1765.95,1766.05,1193
2024-05-07 09:43:00,1766.05,1768.8,1766.05,1768.7,474
2024-05-07 09:44:00,1768.7,1768.8,1766.8,1768.8,964
2024-05-07 09:45:00,1768.8,1771.95,1768.0,1770.65,1180
2024-05-07 09:46:00,1770.65,1784.0,1770.65,1782.35,10302
2024-05-07 09:47:00,1782.35,1790.0,1778.55,1786.35,12929
2024-05-07 09:48:00,1785.9,1787.0,1779.7,1779.7,1912
2024-05-07 09:49:00,1779.7,1783.3,1778.0,1781.2,1086
2024-05-07 09:50:00,1780.85,1783.15,1780.15,1780.15,1855
2024-05-07 09:51:00,1780.15,1781.45,1779.1,1779.8,731
2024-05-07 09:52:00,1779.8,1780.05,1775.4,1778.5,703
2024-05-07 09:53:00,1777.2,1779.9,1776.55,1777.5,946
2024-05-07 09:54:00,1777.5,1778.2,1772.55,1773.45,1074
2024-05-07 09:55:00,1772.6,1775.75,1772.6,1775.75,1240
2024-05-07 09:56:00,1775.55,1775.55,1772.6,1773.35,285
2024-05-07 09:57:00,1773.0,1777.3,1773.0,1776.0,784
2024-05-07 09:58:00,1776.0,1778.4,1776.0,1778.4,884
2024-05-07 09:59:00,1778.4,1778.4,1773.0,1773.0,1895
2024-05-07 10:00:00,1773.0,1774.2,1773.0,1773.85,267
2024-05-07 10:01:00,1773.1,1773.6,1770.9,1771.6,993
2024-05-07 10:02:00,1771.6,1773.0,1770.9,1771.85,483
2024-05-07 10:03:00,1771.85,1771.95,1770.95,1771.7,329
2024-05-07 10:04:00,1771.7,1772.7,1770.7,1772.0,801
2024-05-07 10:05:00,1772.0,1772.0,1770.15,1771.0,876
2024-05-07 10:06:00,1771.0,1771.7,1771.0,1771.7,382
2024-05-07 10:07:00,1771.7,1772.0,1771.05,1771.05,343
2024-05-07 10:08:00,1771.05,1772.0,1771.05,1772.0,163
2024-05-07 10:09:00,1771.05,1772.0,1770.1,1771.15,1295
2024-05-07 10:10:00,1771.15,1772.0,1770.15,1770.15,203
2024-05-07 10:11:00,1770.0,1770.85,1770.0,1770.85,204
2024-05-07 10:12:00,1770.15,1772.95,1770.0,1772.8,891
2024-05-07 10:13:00,1771.25,1772.15,1770.25,1771.1,772
2024-05-07 10:14:00,1770.45,1771.95,1770.45,1770.5,172
2024-05-07 10:15:00,1770.5,1771.5,1770.5,1770.5,879
2024-05-07 10:16:00,1770.5,1771.4,1770.5,1771.35,431
2024-05-07 10:17:00,1771.35,1771.35,1769.0,1769.55,728
2024-05-07 10:18:00,1769.55,1769.55,1768.0,1768.1,321
2024-05-07 10:19:00,1768.1,1768.1,1765.2,1765.2,989
2024-05-07 10:20:00,1765.2,1766.0,1765.2,1766.0,623
2024-05-07 10:21:00,1765.25,1766.5,1765.0,1765.0,2206
2024-05-07 10:22:00,1765.0,1766.5,1765.0,1766.0,1796
2024-05-07 10:23:00,1766.0,1766.5,1764.4,1764.95,751
2024-05-07 10:24:00,1764.95,1765.0,1764.4,1765.0,195
2024-05-07 10:25:00,1764.4,1765.0,1762.0,1763.55,3111
2024-05-07 10:26:00,1762.4,1764.3,1762.3,1764.25,311
2024-05-07 10:27:00,1764.7,1764.7,1762.3,1762.35,1104
2024-05-07 10:28:00,1762.35,1762.35,1760.0,1761.0,2561
2024-05-07 10:29:00,1761.0,1762.2,1760.5,1762.0,675
2024-05-07 10:30:00,1762.0,1765.0,1762.0,1763.4,1097
2024-05-07 10:31:00,1762.45,1763.6,1759.0,1761.95,2968
2024-05-07 10:32:00,1761.95,1761.95,1760.2,1761.0,339
2024-05-07 10:33:00,1761.0,1761.7,1760.05,1761.15,470
2024-05-07 10:34:00,1761.15,1761.45,1760.05,1760.8,378
2024-05-07 10:35:00,1760.8,1761.5,1760.25,1760.95,257
2024-05-07 10:36:00,1760.95,1760.95,1758.45,1759.6,721
2024-05-07 10:37:00,1759.6,1759.6,1756.0,1757.25,717
2024-05-07 10:38:00,1757.25,1757.5,1754.6,1756.25,6759
2024-05-07 10:39:00,1756.25,1757.5,1756.25,1757.2,205
2024-05-07 10:40:00,1757.2,1757.5,1756.6,1757.45,610
2024-05-07 10:41:00,1757.45,1759.0,1757.45,1757.95,1755
2024-05-07 10:42:00,1759.0,1760.45,1758.0,1760.45,448
2024-05-07 10:43:00,1759.6,1760.35,1758.35,1759.0,1449
2024-05-07 10:44:00,1759.0,1759.95,1758.75,1759.0,422
2024-05-07 10:45:00,1759.0,1760.2,1758.8,1760.2,549
2024-05-07 10:46:00,1759.85,1760.45,1758.15,1758.45,572
2024-05-07 10:47:00,1758.2,1759.35,1757.9,1759.25,688
2024-05-07 10:48:00,1759.25,1759.7,1757.75,1759.55,205
2024-05-07 10:49:00,1759.55,1759.65,1757.8,1759.05,1340
2024-05-07 10:50:00,1759.05,1759.5,1759.0,1759.0,291
2024-05-07 10:51:00,1759.0,1759.55,1757.6,1758.65,906
2024-05-07 10:52:00,1758.65,1759.2,1757.65,1759.2,472
2024-05-07 10:53:00,1759.2,1759.2,1757.75,1757.75,281
2024-05-07 10:54:00,1757.75,1758.0,1757.0,1758.0,200
2024-05-07 10:55:00,1758.0,1762.0,1758.0,1762.0,1787
2024-05-07 10:56:00,1762.0,1764.45,1761.9,1763.6,523
2024-05-07 10:57:00,1764.6,1765.0,1764.0,1764.95,469
2024-05-07 10:58:00,1765.0,1765.0,1764.1,1764.95,1302
2024-05-07 10:59:00,1764.95,1765.0,1764.2,1765.0,878
2024-05-07 11:00:00,1764.95,1765.0,1762.65,1763.8,1121
2024-05-07 11:01:00,1763.8,1763.8,1761.15,1761.95,190
2024-05-07 11:02:00,1761.9,1762.5,1761.3,1762.4,222
2024-05-07 11:03:00,1762.4,1763.0,1762.0,1762.0,252
2024-05-07 11:04:00,1763.35,1763.4,1762.95,1762.95,337
2024-05-07 11:05:00,1762.95,1762.95,1760.0,1760.1,620
2024-05-07 11:06:00,1761.05,1761.75,1758.9,1760.2,434
2024-05-07 11:07:00,1760.2,1760.8,1758.2,1758.2,397
2024-05-07 11:08:00,1758.2,1758.9,1757.1,1757.9,388
2024-05-07 11:09:00,1757.9,1759.45,1756.65,1758.95,1001
2024-05-07 11:10:00,1758.95,1759.15,1758.05,1758.15,420
2024-05-07 11:11:00,1758.3,1758.4,1756.35,1756.35,448
2024-05-07 11:12:00,1756.35,1756.9,1755.35,1755.9,1574
2024-05-07 11:13:00,1755.9,1755.9,1755.0,1755.65,194
2024-05-07 11:14:00,1755.65,1755.9,1755.0,1755.9,736
2024-05-07 11:15:00,1755.9,1755.95,1754.95,1754.95,854
2024-05-07 11:16:00,1754.5,1755.0,1753.85,1753.95,366
2024-05-07 11:17:00,1753.85,1754.05,1752.7,1753.55,892
2024-05-07 11:18:00,1753.55,1753.55,1752.0,1752.05,659
2024-05-07 11:19:00,1752.05,1753.35,1752.0,1753.15,428
2024-05-07 11:20:00,1753.3,1753.3,1752.4,1753.0,107
2024-05-07 11:21:00,1753.0,1753.0,1750.5,1751.65,1585
2024-05-07 11:22:00,1750.95,1752.45,1750.6,1751.5,599
2024-05-07 11:23:00,1751.5,1751.5,1750.25,1750.5,618
2024-05-07 11:24:00,1750.5,1751.4,1750.0,1750.0,4633
2024-05-07 11:25:00,1750.65,1751.0,1749.75,1750.0,1582
2024-05-07 11:26:00,1749.0,1751.5,1749.0,1750.0,1220
2024-05-07 11:27:00,1750.0,1752.0,1749.6,1750.8,552
2024-05-07 11:28:00,1750.1,1750.55,1749.05,1749.95,392
2024-05-07 11:29:00,1749.95,1750.0,1749.0,1749.1,1102
2024-05-07 11:30:00,1749.0,1751.25,1746.0,1746.95,9671
2024-05-07 11:31:00,1746.95,1747.0,1746.05,1747.0,683
2024-05-07 11:32:00,1746.95,1747.0,1746.0,1746.6,487
2024-05-07 11:33:00,1747.0,1747.0,1746.05,1746.95,735
2024-05-07 11:34:00,1746.95,1746.95,1745.0,1746.0,997
2024-05-07 11:35:00,1746.0,1746.0,1745.1,1745.25,394
2024-05-07 11:36:00,1745.25,1746.0,1745.0,1746.0,533
2024-05-07 11:37:00,1746.0,1746.0,1745.05,1746.0,354
2024-05-07 11:38:00,1746.0,1746.0,1745.05,1745.9,280
2024-05-07 11:39:00,1745.9,1746.0,1745.05,1745.1,369
2024-05-07 11:40:00,1745.95,1747.0,1745.15,1747.0,1492
2024-05-07 11:41:00,1747.0,1748.0,1746.25,1747.0,4415
2024-05-07 11:42:00,1747.0,1747.0,1746.65,1746.65,532
2024-05-07 11:43:00,1746.65,1747.0,1746.65,1746.65,825
2024-05-07 11:44:00,1747.0,1747.0,1746.4,1747.0,585
2024-05-07 11:45:00,1747.0,1747.0,1745.1,1745.1,857
2024-05-07 11:46:00,1745.1,1747.95,1745.1,1746.25,1609
2024-05-07 11:47:00,1746.25,1747.0,1745.65,1746.95,1114
2024-05-07 11:48:00,1746.25,1746.8,1745.1,1746.6,386
2024-05-07 11:49:00,1746.6,1746.95,1745.1,1746.95,602
2024-05-07 11:50:00,1746.95,1746.95,1745.15,1745.9,253
2024-05-07 11:51:00,1745.9,1745.9,1741.1,1741.65,3758
2024-05-07 11:52:00,1741.65,1744.0,1741.15,1743.8,313
2024-05-07 11:53:00,1743.8,1745.9,1743.8,1745.9,140
2024-05-07 11:54:00,1745.05,1746.3,1745.05,1745.95,227
2024-05-07 11:55:00,1745.95,1746.7,1745.15,1745.85,438
2024-05-07 11:56:00,1745.85,1745.95,1745.0,1745.7,242
2024-05-07 11:57:00,1745.75,1745.95,1745.1,1745.95,323
2024-05-07 11:58:00,1745.1,1745.95,1745.1,1745.9,170
2024-05-07 11:59:00,1745.1,1745.85,1743.25,1744.35,4019
2024-05-07 12:00:00,1744.35,1744.35,1743.0,1744.2,881
2024-05-07 12:01:00,1744.2,1744.2,1741.85,1742.9,180
2024-05-07 12:02:00,1742.9,1743.25,1742.0,1742.0,87
2024-05-07 12:03:00,1742.75,1742.8,1740.0,1740.35,1164
2024-05-07 12:04:00,1740.35,1741.9,1740.0,1741.9,829
2024-05-07 12:05:00,1740.6,1741.9,1740.0,1741.25,1449
2024-05-07 12:06:00,1741.25,1743.55,1740.2,1743.55,379
2024-05-07 12:07:00,1743.55,1743.55,1740.0,1740.15,1135
2024-05-07 12:08:00,1740.15,1740.15,1735.0,1735.0,7034
2024-05-07 12:09:00,1736.0,1737.1,1732.45,1734.0,2104
2024-05-07 12:10:00,1733.0,1734.5,1731.0,1733.45,1858
2024-05-07 12:11:00,1733.6,1736.0,1733.0,1734.0,749
2024-05-07 12:12:00,1734.0,1738.95,1734.0,1737.05,1207
2024-05-07 12:13:00,1738.25,1739.65,1736.2,1738.3,698
2024-05-07 12:14:00,1739.65,1739.65,1735.0,1735.2,1281
2024-05-07 12:15:00,1736.4,1736.4,1735.0,1736.4,542
2024-05-07 12:16:00,1737.75,1739.2,1736.05,1738.0,702
2024-05-07 12:17:00,1737.55,1741.45,1735.1,1740.45,575
2024-05-07 12:18:00,1741.4,1744.3,1739.55,1741.3,882
2024-05-07 12:19:00,1742.55,1742.55,1740.05,1741.8,437
2024-05-07 12:20:00,1741.8,1742.0,1739.65,1740.9,1397
2024-05-07 12:21:00,1740.9,1740.9,1738.1,1739.9,469
2024-05-07 12:22:00,1739.9,1740.15,1736.1,1737.95,1025
2024-05-07 12:23:00,1738.15,1739.75,1737.0,1738.9,453
2024-05-07 12:24:00,1738.95,1741.95,1737.35,1741.95,1775
2024-05-07 12:25:00,1741.95,1742.0,1740.65,1741.45,261
2024-05-07 12:26:00,1741.45,1742.2,1740.05,1742.2,338
2024-05-07 12:27:00,1742.7,1743.9,1741.5,1743.35,835
2024-05-07 12:28:00,1742.55,1743.3,1739.4,1739.9,386
2024-05-07 12:29:00,1739.9,1740.6,1738.0,1740.6,382
2024-05-07 12:30:00,1740.6,1741.75,1738.05,1738.8,483
2024-05-07 12:31:00,1738.8,1740.15,1738.15,1739.0,474
2024-05-07 12:32:00,1739.0,1741.15,1739.0,1739.65,574
2024-05-07 12:33:00,1739.65,1740.85,1738.0,1738.0,437
2024-05-07 12:34:00,1738.0,1739.85,1737.05,1739.85,439
2024-05-07 12:35:00,1739.85,1739.85,1737.0,1738.6,924
2024-05-07 12:36:00,1738.6,1738.8,1737.0,1738.15,223
2024-05-07 12:37:00,1738.15,1738.45,1737.0,1737.0,570
2024-05-07 12:38:00,1737.0,1738.2,1736.25,1737.5,410
2024-05-07 12:39:00,1737.5,1738.6,1737.5,1738.35,196
2024-05-07 12:40:00,1738.35,1738.95,1737.0,1737.8,732
2024-05-07 12:41:00,1737.8,1737.8,1735.15,1735.15,862
2024-05-07 12:42:00,1735.15,1737.3,1735.1,1737.3,1106
2024-05-07 12:43:00,1737.3,1737.95,1734.25,1734.8,1519
2024-05-07 12:44:00,1734.8,1734.95,1734.0,1734.0,147
2024-05-07 12:45:00,1734.0,1736.5,1734.0,1734.8,446
2024-05-07 12:46:00,1736.55,1737.35,1734.9,1736.25,476
2024-05-07 12:47:00,1736.25,1736.65,1734.0,1734.6,497
2024-05-07 12:48:00,1734.6,1736.0,1733.35,1735.1,586
2024-05-07 12:49:00,1735.1,1735.6,1733.2,1735.6,317
2024-05-07 12:50:00,1735.6,1737.0,1735.05,1736.8,216
2024-05-07 12:51:00,1736.8,1737.0,1734.6,1734.9,650
2024-05-07 12:52:00,1734.6,1735.2,1733.9,1734.8,227
2024-05-07 12:53:00,1734.8,1734.8,1733.0,1734.35,365
2024-05-07 12:54:00,1734.35,1734.7,1732.5,1733.95,268
2024-05-07 12:55:00,1732.5,1734.05,1732.4,1734.05,332
2024-05-07 12:56:00,1734.05,1734.15,1732.6,1734.0,255
2024-05-07 12:57:00,1734.0,1735.65,1732.5,1735.65,1457
2024-05-07 12:58:00,1735.65,1736.4,1733.45,1734.55,566
2024-05-07 12:59:00,1733.7,1734.5,1733.25,1733.25,150
2024-05-07 13:00:00,1733.25,1733.55,1732.1,1732.25,548
2024-05-07 13:01:00,1732.95,1733.0,1732.1,1733.0,284
2024-05-07 13:02:00,1733.0,1733.55,1731.0,1732.25,998
2024-05-07 13:03:00,1732.25,1732.35,1730.5,1730.5,843
2024-05-07 13:04:00,1730.5,1731.95,1730.05,1730.6,410
2024-05-07 13:05:00,1730.55,1732.0,1730.0,1731.25,1329
2024-05-07 13:06:00,1731.95,1732.0,1730.7,1731.5,526
2024-05-07 13:07:00,1731.5,1731.55,1730.0,1730.0,633
2024-05-07 13:08:00,1730.0,1731.8,1730.0,1731.45,363
2024-05-07 13:09:00,1731.45,1731.5,1730.25,1730.25,338
2024-05-07 13:10:00,1731.0,1732.95,1730.0,1732.45,1959
2024-05-07 13:11:00,1732.45,1734.35,1731.25,1733.35,489
2024-05-07 13:12:00,1733.35,1734.0,1732.5,1733.0,155
2024-05-07 13:13:00,1733.95,1734.0,1733.0,1733.95,126
2024-05-07 13:14:00,1734.0,1734.15,1732.0,1732.0,195
2024-05-07 13:15:00,1733.0,1733.0,1732.05,1732.05,301
2024-05-07 13:16:00,1732.0,1733.0,1731.1,1732.0,634
2024-05-07 13:17:00,1732.0,1732.95,1731.3,1731.9,245
2024-05-07 13:18:00,1731.9,1731.9,1730.5,1731.45,561
2024-05-07 13:19:00,1731.5,1733.85,1730.75,1733.85,866
2024-05-07 13:20:00,1733.4,1737.0,1733.4,1737.0,708
2024-05-07 13:21:00,1737.0,1739.65,1733.3,1739.65,687
2024-05-07 13:22:00,1739.75,1739.75,1738.1,1739.5,682
2024-05-07 13:23:00,1739.5,1739.5,1737.0,1738.5,169
2024-05-07 13:24:00,1738.5,1744.7,1738.5,1743.1,1081
2024-05-07 13:25:00,1743.1,1743.55,1742.15,1743.5,336
2024-05-07 13:26:00,1743.5,1745.0,1742.2,1743.85,467
2024-05-07 13:27:00,1743.85,1744.95,1743.0,1744.9,290
2024-05-07 13:28:00,1744.95,1745.0,1743.2,1744.9,415
2024-05-07 13:29:00,1745.0,1747.0,1744.05,1746.8,1750
2024-05-07 13:30:00,1746.8,1747.0,1745.25,1745.7,135
2024-05-07 13:31:00,1745.85,1745.85,1743.7,1744.95,389
2024-05-07 13:32:00,1744.95,1747.0,1744.0,1745.95,751
2024-05-07 13:33:00,1746.85,1747.0,1745.65,1746.0,89
2024-05-07 13:34:00,1746.85,1746.95,1745.95,1746.95,101
2024-05-07 13:35:00,1746.95,1747.0,1746.0,1746.05,547
2024-05-07 13:36:00,1746.05,1746.9,1745.1,1746.4,217
2024-05-07 13:37:00,1746.4,1746.45,1745.2,1745.35,98
2024-05-07 13:38:00,1745.35,1746.0,1745.35,1745.35,142
2024-05-07 13:39:00,1745.95,1747.0,1745.35,1746.3,1595
2024-05-07 13:40:00,1746.3,1747.0,1743.15,1744.5,974
2024-05-07 13:41:00,1745.45,1746.85,1743.25,1745.65,1014
2024-05-07 13:42:00,1745.65,1746.95,1744.3,1744.85,494
2024-05-07 13:43:00,1744.85,1746.95,1744.85,1746.0,452
2024-05-07 13:44:00,1746.0,1746.0,1745.0,1746.0,171
2024-05-07 13:45:00,1746.0,1746.0,1744.2,1744.2,279
2024-05-07 13:46:00,1745.4,1745.4,1744.0,1745.0,57
2024-05-07 13:47:00,1745.0,1746.0,1745.0,1746.0,92
2024-05-07 13:48:00,1746.0,1746.0,1743.8,1744.1,435
2024-05-07 13:49:00,1744.1,1745.15,1743.35,1743.8,107
2024-05-07 13:50:00,1743.8,1743.8,1742.0,1742.85,440
2024-05-07 13:51:00,1742.65,1742.9,1741.4,1742.9,123
2024-05-07 13:52:00,1742.9,1744.5,1740.05,1741.15,710
2024-05-07 13:53:00,1741.15,1742.85,1740.4,1742.0,424
2024-05-07 13:54:00,1742.0,1744.95,1742.0,1744.65,188
2024-05-07 13:55:00,1744.9,1744.9,1742.1,1743.65,321
2024-05-07 13:56:00,1743.65,1743.65,1742.0,1742.0,40
2024-05-07 13:57:00,1742.0,1743.4,1741.75,1742.8,274
2024-05-07 13:58:00,1742.8,1743.65,1742.8,1742.8,274
2024-05-07 13:59:00,1742.8,1742.8,1741.75,1742.8,192
2024-05-07 14:00:00,1742.8,1742.8,1742.0,1742.8,259
2024-05-07 14:01:00,1742.8,1742.8,1742.8,1742.8,71
2024-05-07 14:02:00,1742.8,1742.8,1741.0,1742.7,536
2024-05-07 14:03:00,1742.7,1742.8,1742.65,1742.8,295
2024-05-07 14:04:00,1742.8,1743.65,1742.7,1743.65,261
2024-05-07 14:05:00,1743.65,1743.65,1742.7,1743.45,308
2024-05-07 14:06:00,1743.45,1743.45,1742.0,1742.0,280
2024-05-07 14:07:00,1742.0,1743.0,1742.0,1743.0,165
2024-05-07 14:08:00,1743.0,1743.65,1743.0,1743.25,217
2024-05-07 14:09:00,1743.25,1744.0,1743.25,1744.0,126
2024-05-07 14:10:00,1744.0,1744.0,1742.65,1743.8,354
2024-05-07 14:11:00,1743.8,1744.0,1742.0,1742.8,621
2024-05-07 14:12:00,1742.8,1743.7,1740.0,1741.35,645
2024-05-07 14:13:00,1742.05,1743.25,1741.9,1743.0,109
2024-05-07 14:14:00,1743.0,1743.8,1742.05,1743.8,630
2024-05-07 14:15:00,1743.8,1744.0,1743.0,1743.9,328
2024-05-07 14:16:00,1743.9,1744.0,1742.0,1742.0,545
2024-05-07 14:17:00,1742.0,1743.0,1741.6,1741.7,137
2024-05-07 14:18:00,1741.7,1741.7,1740.5,1741.4,274
2024-05-07 14:19:00,1741.5,1741.5,1740.7,1741.5,204
2024-05-07 14:20:00,1741.5,1742.55,1741.2,1742.55,146
2024-05-07 14:21:00,1742.55,1743.0,1741.25,1743.0,374
2024-05-07 14:22:00,1743.0,1743.0,1741.2,1741.95,97
2024-05-07 14:23:00,1741.95,1742.0,1740.6,1741.65,190
2024-05-07 14:24:00,1741.65,1742.5,1741.05,1742.5,157
2024-05-07 14:25:00,1742.5,1742.5,1741.2,1741.25,145
2024-05-07 14:26:00,1741.25,1741.9,1740.05,1741.1,371
2024-05-07 14:27:00,1740.6,1741.25,1740.2,1741.0,262
2024-05-07 14:28:00,1741.0,1741.0,1739.7,1739.8,609
2024-05-07 14:29:00,1739.8,1739.9,1736.35,1736.9,1017
2024-05-07 14:30:00,1736.9,1739.95,1736.9,1738.15,1348
2024-05-07 14:31:00,1738.15,1740.3,1738.15,1740.15,267
2024-05-07 14:32:00,1740.15,1741.0,1739.5,1741.0,158
2024-05-07 14:33:00,1741.0,1741.0,1740.0,1740.95,165
2024-05-07 14:34:00,1741.0,1741.0,1740.2,1741.0,155
2024-05-07 14:35:00,1741.0,1741.0,1740.3,1741.0,326
2024-05-07 14:36:00,1741.0,1742.0,1741.0,1742.0,336
2024-05-07 14:37:00,1742.0,1742.9,1740.0,1742.9,1169
2024-05-07 14:38:00,1742.9,1743.0,1742.5,1742.5,807
2024-05-07 14:39:00,1742.5,1742.5,1741.0,1742.0,751
2024-05-07 14:40:00,1742.0,1742.05,1741.0,1742.05,233
2024-05-07 14:41:00,1742.15,1742.5,1741.0,1741.0,263
2024-05-07 14:42:00,1741.0,1742.5,1741.0,1742.5,307
2024-05-07 14:43:00,1742.5,1742.5,1741.05,1741.85,157
2024-05-07 14:44:00,1741.85,1742.0,1741.0,1741.95,277
2024-05-07 14:45:00,1741.95,1742.45,1739.15,1742.45,1834
2024-05-07 14:46:00,1742.45,1742.45,1741.1,1742.0,114
2024-05-07 14:47:00,1742.0,1742.0,1741.15,1742.0,168
2024-05-07 14:48:00,1742.3,1742.3,1740.35,1741.3,323
2024-05-07 14:49:00,1741.3,1742.0,1741.25,1742.0,155
2024-05-07 14:50:00,1742.0,1742.5,1741.3,1742.5,590
2024-05-07 14:51:00,1742.5,1742.5,1740.45,1741.65,375
2024-05-07 14:52:00,1741.65,1741.65,1740.35,1740.35,222
2024-05-07 14:53:00,1740.0,1740.75,1739.0,1739.0,375
2024-05-07 14:54:00,1739.0,1739.0,1737.0,1738.0,650
2024-05-07 14:55:00,1738.0,1738.0,1736.05,1736.05,1223
2024-05-07 14:56:00,1736.4,1738.0,1735.1,1735.1,1585
2024-05-07 14:57:00,1736.75,1736.75,1735.05,1736.0,880
2024-05-07 14:58:00,1736.0,1736.0,1735.5,1736.0,179
2024-05-07 14:59:00,1736.0,1736.0,1735.05,1735.7,537
2024-05-07 15:00:00,1735.7,1739.3,1735.7,1737.0,2951
2024-05-07 15:01:00,1736.2,1738.0,1736.2,1737.5,1630
2024-05-07 15:02:00,1737.5,1738.0,1736.6,1736.6,1631
2024-05-07 15:03:00,1736.6,1737.6,1736.2,1737.1,2117
2024-05-07 15:04:00,1737.1,1737.45,1736.5,1737.05,1741
2024-05-07 15:05:00,1737.0,1737.35,1736.0,1736.95,1923
2024-05-07 15:06:00,1736.7,1737.0,1735.3,1736.4,1403
2024-05-07 15:07:00,1736.4,1736.45,1733.35,1733.75,5018
2024-05-07 15:08:00,1733.75,1734.15,1733.05,1733.55,1937
2024-05-07 15:09:00,1733.55,1735.0,1732.3,1732.95,3415
2024-05-07 15:10:00,1732.65,1734.7,1732.0,1732.3,2954
2024-05-07 15:11:00,1732.7,1734.85,1731.25,1731.7,4074
2024-05-07 15:12:00,1731.65,1731.95,1730.8,1730.8,5215
2024-05-07 15:13:00,1730.8,1731.0,1728.3,1729.95,8339
2024-05-07 15:14:00,1729.95,1731.25,1729.8,1731.25,2640
2024-05-07 15:15:00,1731.1,1731.5,1728.0,1728.0,4545
2024-05-07 15:16:00,1729.15,1730.55,1727.75,1727.75,2733
2024-05-07 15:17:00,1728.0,1728.5,1725.1,1726.6,2570
2024-05-07 15:18:00,1726.75,1727.0,1721.2,1722.3,8385
2024-05-07 15:19:00,1722.9,1725.85,1722.3,1725.1,2452
2024-05-07 15:20:00,1725.05,1725.85,1722.0,1722.55,3452
2024-05-07 15:21:00,1722.55,1723.05,1722.05,1722.95,3131
2024-05-07 15:22:00,1722.95,1725.4,1715.0,1719.5,8589
2024-05-07 15:23:00,1719.55,1722.55,1714.0,1716.65,7723
2024-05-07 15:24:00,1717.85,1718.9,1711.0,1712.1,6426
2024-05-07 15:25:00,1712.05,1717.3,1712.0,1716.15,5369
2024-05-07 15:26:00,1715.5,1719.95,1714.75,1717.25,3420
2024-05-07 15:27:00,1716.7,1719.7,1716.55,1719.7,4195
2024-05-07 15:28:00,1719.65,1719.7,1717.0,1718.5,3569
2024-05-07 15:29:00,1718.5,1725.65,1717.0,1722.0,3703
2024-05-08 09:15:00,1728.0,1744.9,1728.0,1743.95,6467
2024-05-08 09:16:00,1743.9,1743.9,1733.55,1735.0,2911
2024-05-08 09:17:00,1734.8,1735.0,1726.15,1733.0,2427
2024-05-08 09:18:00,1733.0,1739.0,1729.9,1736.05,2855
2024-05-08 09:19:00,1737.7,1739.25,1732.0,1739.25,2565
2024-05-08 09:20:00,1737.5,1740.0,1734.15,1737.15,2323
2024-05-08 09:21:00,1737.0,1739.05,1735.05,1737.85,2349
2024-05-08 09:22:00,1738.0,1740.0,1737.2,1739.0,1993
2024-05-08 09:23:00,1739.0,1744.5,1738.9,1743.4,3598
2024-05-08 09:24:00,1743.8,1748.95,1742.5,1746.45,3383
2024-05-08 09:25:00,1746.5,1746.9,1744.3,1745.0,2274
2024-05-08 09:26:00,1744.25,1747.0,1744.25,1746.9,1877
2024-05-08 09:27:00,1746.9,1746.9,1744.0,1744.0,1087
2024-05-08 09:28:00,1743.0,1743.0,1736.25,1740.85,1899
2024-05-08 09:29:00,1740.0,1740.3,1736.2,1737.7,633
2024-05-08 09:30:00,1738.45,1742.6,1738.1,1740.0,1631
2024-05-08 09:31:00,1740.95,1740.95,1735.3,1737.85,4212
2024-05-08 09:32:00,1738.1,1743.5,1736.05,1741.9,3681
2024-05-08 09:33:00,1742.65,1743.15,1741.15,1743.15,634
2024-05-08 09:34:00,1743.0,1744.7,1742.0,1742.5,1107
2024-05-08 09:35:00,1743.6,1745.8,1742.5,1744.65,2361
2024-05-08 09:36:00,1744.55,1744.55,1740.7,1742.05,871
2024-05-08 09:37:00,1740.7,1744.1,1740.25,1743.7,1577
2024-05-08 09:38:00,1744.0,1744.95,1741.7,1744.0,1240
2024-05-08 09:39:00,1744.0,1744.0,1742.7,1743.9,285
2024-05-08 09:40:00,1743.4,1743.4,1740.0,1740.75,679
2024-05-08 09:41:00,1738.25,1740.85,1737.0,1738.3,969
2024-05-08 09:42:00,1738.0,1738.05,1736.0,1736.2,600
2024-05-08 09:43:00,1736.8,1737.6,1736.2,1736.55,1054
2024-05-08 09:44:00,1736.55,1739.7,1735.15,1738.5,593
2024-05-08 09:45:00,1738.5,1742.0,1738.05,1741.35,485
2024-05-08 09:46:00,1741.35,1742.05,1740.95,1742.0,1112
2024-05-08 09:47:00,1742.0,1743.9,1742.0,1743.9,806
2024-05-08 09:48:00,1743.9,1744.8,1743.15,1744.45,1116
2024-05-08 09:49:00,1744.5,1744.95,1744.05,1744.95,375
2024-05-08 09:50:00,1744.95,1745.9,1744.2,1744.9,993
2024-05-08 09:51:00,1744.9,1746.0,1744.9,1745.95,395
2024-05-08 09:52:00,1745.95,1746.0,1744.9,1745.2,550
2024-05-08 09:53:00,1745.2,1745.35,1742.0,1743.75,1236
2024-05-08 09:54:00,1743.8,1748.95,1743.8,1748.95,5191
2024-05-08 09:55:00,1748.9,1749.9,1747.95,1748.9,2378
2024-05-08 09:56:00,1748.9,1748.9,1747.95,1748.0,664
2024-05-08 09:57:00,1748.0,1749.6,1747.0,1747.0,1112
2024-05-08 09:58:00,1747.0,1748.45,1743.05,1744.75,820
2024-05-08 09:59:00,1744.75,1746.45,1742.95,1745.7,228
2024-05-08 10:00:00,1745.7,1746.2,1744.0,1745.1,935
2024-05-08 10:01:00,1745.1,1746.4,1745.1,1746.4,466
2024-05-08 10:02:00,1746.4,1747.15,1744.95,1746.5,748
2024-05-08 10:03:00,1746.5,1746.8,1744.5,1745.9,456
2024-05-08 10:04:00,1745.9,1745.9,1743.0,1744.55,776
2024-05-08 10:05:00,1744.55,1745.3,1743.85,1745.05,412
2024-05-08 10:06:00,1745.05,1745.05,1742.15,1743.7,309
2024-05-08 10:07:00,1744.35,1744.9,1743.4,1744.9,311
2024-05-08 10:08:00,1744.9,1745.0,1743.5,1745.0,551
2024-05-08 10:09:00,1745.0,1745.1,1743.05,1745.0,1370
2024-05-08 10:10:00,1745.0,1748.0,1744.05,1748.0,1401
2024-05-08 10:11:00,1748.0,1749.0,1746.85,1749.0,521
2024-05-08 10:12:00,1749.0,1749.9,1745.3,1747.15,1012
2024-05-08 10:13:00,1747.15,1749.6,1747.15,1749.55,428
2024-05-08 10:14:00,1749.65,1756.8,1749.0,1756.8,3772
2024-05-08 10:15:00,1756.75,1756.8,1753.9,1756.45,1729
2024-05-08 10:16:00,1756.45,1756.8,1754.35,1756.45,819
2024-05-08 10:17:00,1756.45,1756.45,1755.0,1755.65,890
2024-05-08 10:18:00,1755.65,1756.45,1755.6,1755.6,418
2024-05-08 10:19:00,1755.6,1760.0,1755.2,1755.6,4473
2024-05-08 10:20:00,1755.6,1759.0,1755.0,1756.0,1618
2024-05-08 10:21:00,1755.9,1756.95,1750.0,1751.45,934
2024-05-08 10:22:00,1751.35,1753.3,1750.0,1750.2,744
2024-05-08 10:23:00,1751.0,1755.35,1749.7,1754.7,1831
2024-05-08 10:24:00,1754.7,1756.5,1752.75,1752.75,619
2024-05-08 10:25:00,1754.15,1755.0,1752.0,1753.5,2932
2024-05-08 10:26:00,1753.5,1753.5,1750.4,1751.25,301
2024-05-08 10:27:00,1751.25,1755.35,1750.85,1751.9,1678
2024-05-08 10:28:00,1751.9,1752.85,1749.95,1750.35,433
2024-05-08 10:29:00,1750.35,1751.15,1747.6,1750.0,989
2024-05-08 10:30:00,1750.0,1755.0,1750.0,1752.7,967
2024-05-08 10:31:00,1752.9,1753.75,1752.0,1753.55,380
2024-05-08 10:32:00,1752.45,1753.5,1748.0,1751.25,658
2024-05-08 10:33:00,1751.25,1751.95,1748.0,1749.8,273
2024-05-08 10:34:00,1749.8,1750.9,1748.0,1749.1,862
2024-05-08 10:35:00,1749.1,1750.65,1748.9,1748.9,371
2024-05-08 10:36:00,1749.0,1751.25,1749.0,1750.15,355
2024-05-08 10:37:00,1750.15,1751.25,1749.0,1750.15,251
2024-05-08 10:38:00,1750.15,1750.15,1749.0,1750.0,243
2024-05-08 10:39:00,1749.8,1751.2,1749.0,1749.7,946
2024-05-08 10:40:00,1749.7,1751.2,1749.7,1751.1,521
2024-05-08 10:41:00,1751.1,1751.1,1746.9,1748.9,2411
2024-05-08 10:42:00,1748.9,1750.2,1748.1,1750.2,196
2024-05-08 10:43:00,1750.2,1750.2,1749.0,1749.95,273
2024-05-08 10:44:00,1749.95,1750.25,1749.95,1750.15,666
2024-05-08 10:45:00,1750.15,1750.25,1750.0,1750.0,299
2024-05-08 10:46:00,1750.0,1750.7,1748.2,1750.7,692
2024-05-08 10:47:00,1750.7,1750.95,1750.15,1750.25,104
2024-05-08 10:48:00,1750.25,1750.5,1750.25,1750.25,236
2024-05-08 10:49:00,1750.25,1750.45,1749.1,1749.1,285
2024-05-08 10:50:00,1749.1,1749.95,1748.7,1749.45,110
2024-05-08 10:51:00,1748.7,1749.8,1748.4,1749.45,455
2024-05-08 10:52:00,1749.45,1749.8,1748.4,1749.8,1461
2024-05-08 10:53:00,1749.8,1749.85,1748.15,1748.6,282
2024-05-08 10:54:00,1748.6,1748.6,1746.9,1747.45,572
2024-05-08 10:55:00,1747.45,1747.45,1746.5,1747.0,179
2024-05-08 10:56:00,1747.0,1747.0,1746.0,1746.25,549
2024-05-08 10:57:00,1746.95,1747.5,1746.55,1746.6,536
2024-05-08 10:58:00,1746.6,1749.75,1746.6,1748.6,588
2024-05-08 10:59:00,1748.6,1749.55,1748.6,1748.65,451
2024-05-08 11:00:00,1748.65,1749.45,1748.55,1748.7,300
2024-05-08 11:01:00,1748.7,1749.45,1748.7,1749.45,60
2024-05-08 11:02:00,1749.45,1749.55,1749.0,1749.0,533
2024-05-08 11:03:00,1749.0,1749.55,1749.0,1749.55,170
2024-05-08 11:04:00,1749.5,1749.55,1749.5,1749.5,256
2024-05-08 11:05:00,1749.5,1749.55,1749.1,1749.55,232
2024-05-08 11:06:00,1749.55,1751.25,1749.35,1751.25,1362
2024-05-08 11:07:00,1751.25,1753.55,1749.8,1753.55,1692
2024-05-08 11:08:00,1753.55,1753.8,1752.45,1753.55,95
2024-05-08 11:09:00,1753.8,1755.0,1752.9,1755.0,513
2024-05-08 11:10:00,1754.6,1754.9,1753.75,1753.85,126
2024-05-08 11:11:00,1753.85,1754.0,1752.9,1753.05,490
2024-05-08 11:12:00,1753.95,1757.95,1753.1,1757.95,1195
2024-05-08 11:13:00,1757.95,1757.95,1754.75,1755.1,512
2024-05-08 11:14:00,1755.1,1755.9,1754.4,1755.0,297
2024-05-08 11:15:00,1755.0,1758.3,1755.0,1758.3,864
2024-05-08 11:16:00,1758.3,1758.5,1756.15,1757.65,739
2024-05-08 11:17:00,1757.65,1758.0,1753.7,1755.6,641
2024-05-08 11:18:00,1755.6,1756.95,1755.6,1756.35,32
2024-05-08 11:19:00,1756.35,1757.0,1755.7,1755.8,724
2024-05-08 11:20:00,1755.8,1755.9,1754.2,1755.55,181
2024-05-08 11:21:00,1755.8,1755.9,1754.25,1755.4,293
2024-05-08 11:22:00,1754.85,1754.9,1753.35,1754.35,222
2024-05-08 11:23:00,1754.35,1754.35,1751.95,1752.9,313
2024-05-08 11:24:00,1752.9,1752.9,1751.75,1752.8,147
2024-05-08 11:25:00,1752.8,1752.8,1751.15,1751.15,375
2024-05-08 11:26:00,1752.55,1752.55,1749.8,1752.3,646
2024-05-08 11:27:00,1752.3,1752.9,1751.55,1752.9,188
2024-05-08 11:28:00,1752.9,1752.9,1751.0,1752.15,267
2024-05-08 11:29:00,1752.15,1752.25,1751.1,1752.25,83
2024-05-08 11:30:00,1752.25,1752.9,1751.75,1752.25,462
2024-05-08 11:31:00,1751.75,1752.25,1751.7,1752.0,228
2024-05-08 11:32:00,1752.25,1752.25,1752.0,1752.05,72
2024-05-08 11:33:00,1752.05,1752.85,1752.05,1752.05,101
2024-05-08 11:34:00,1752.05,1752.55,1752.0,1752.0,83
2024-05-08 11:35:00,1752.0,1752.0,1751.6,1752.0,251
2024-05-08 11:36:00,1752.0,1752.1,1751.6,1752.1,214
2024-05-08 11:37:00,1752.0,1752.1,1752.0,1752.0,127
2024-05-08 11:38:00,1752.0,1752.1,1751.8,1751.8,70
2024-05-08 11:39:00,1752.0,1752.0,1751.55,1752.0,178
2024-05-08 11:40:00,1752.0,1752.0,1751.45,1751.45,164
2024-05-08 11:41:00,1751.45,1751.8,1750.65,1751.75,263
2024-05-08 11:42:00,1751.75,1751.8,1751.35,1751.5,107
2024-05-08 11:43:00,1751.5,1752.1,1751.5,1752.1,376
2024-05-08 11:44:00,1752.1,1752.4,1751.55,1752.4,99
2024-05-08 11:45:00,1752.4,1752.9,1752.05,1752.9,274
2024-05-08 11:46:00,1752.9,1752.9,1751.5,1751.5,226
2024-05-08 11:47:00,1751.5,1752.9,1749.0,1749.65,1862
2024-05-08 11:48:00,1749.65,1750.5,1749.15,1750.5,45
2024-05-08 11:49:00,1750.5,1750.5,1749.9,1750.2,134
2024-05-08 11:50:00,1750.2,1750.75,1749.9,1750.05,475
2024-05-08 11:51:00,1750.05,1750.85,1750.0,1750.0,508
2024-05-08 11:52:00,1750.0,1750.65,1748.5,1748.5,1431
2024-05-08 11:53:00,1748.5,1748.5,1746.0,1746.7,811
2024-05-08 11:54:00,1746.7,1748.2,1746.1,1746.1,57
2024-05-08 11:55:00,1746.1,1746.85,1743.0,1746.4,3947
2024-05-08 11:56:00,1746.4,1747.4,1746.4,1747.4,47
2024-05-08 11:57:00,1747.4,1748.3,1747.0,1747.0,445
2024-05-08 11:58:00,1747.0,1747.4,1745.0,1745.0,659
2024-05-08 11:59:00,1745.0,1746.75,1744.85,1745.9,802
2024-05-08 12:00:00,1745.9,1745.9,1745.1,1745.85,717
2024-05-08 12:01:00,1745.85,1747.35,1745.1,1747.05,488
2024-05-08 12:02:00,1747.05,1748.4,1747.05,1748.4,380
2024-05-08 12:03:00,1748.4,1748.7,1747.55,1748.0,87
2024-05-08 12:04:00,1748.0,1748.0,1747.5,1747.95,52
2024-05-08 12:05:00,1747.95,1748.35,1747.05,1747.05,126
2024-05-08 12:06:00,1747.05,1747.95,1747.05,1747.3,61
2024-05-08 12:07:00,1747.3,1747.3,1746.0,1746.0,179
2024-05-08 12:08:00,1746.0,1746.0,1745.5,1745.5,44
2024-05-08 12:09:00,1745.5,1746.0,1741.05,1742.7,3348
2024-05-08 12:10:00,1742.7,1746.0,1742.7,1745.4,635
2024-05-08 12:11:00,1745.4,1745.85,1744.0,1745.0,336
2024-05-08 12:12:00,1745.15,1745.7,1744.9,1745.0,215
2024-05-08 12:13:00,1745.0,1745.7,1744.0,1744.0,497
2024-05-08 12:14:00,1744.0,1744.45,1742.75,1742.95,224
2024-05-08 12:15:00,1742.95,1744.2,1742.75,1744.0,296
2024-05-08 12:16:00,1744.0,1744.05,1743.1,1743.9,156
2024-05-08 12:17:00,1743.9,1746.0,1743.9,1745.95,699
2024-05-08 12:18:00,1745.95,1745.95,1745.0,1745.9,30
2024-05-08 12:19:00,1745.0,1746.0,1745.0,1746.0,140
2024-05-08 12:20:00,1746.0,1748.3,1746.0,1748.1,215
2024-05-08 12:21:00,1748.1,1749.85,1747.95,1749.55,332
2024-05-08 12:22:00,1749.6,1749.6,1747.0,1748.4,500
2024-05-08 12:23:00,1748.4,1748.8,1748.2,1748.8,50
2024-05-08 12:24:00,1748.8,1749.45,1748.4,1748.4,317
2024-05-08 12:25:00,1748.3,1748.65,1748.0,1748.6,207
2024-05-08 12:26:00,1748.6,1748.95,1747.0,1748.95,656
2024-05-08 12:27:00,1748.95,1748.95,1746.0,1746.05,295
2024-05-08 12:28:00,1746.05,1747.6,1746.05,1746.35,323
2024-05-08 12:29:00,1746.35,1746.35,1745.0,1745.7,360
2024-05-08 12:30:00,1745.7,1745.7,1745.05,1745.7,161
2024-05-08 12:31:00,1745.7,1748.75,1745.7,1748.7,237
2024-05-08 12:32:00,1748.7,1748.7,1745.7,1747.0,134
2024-05-08 12:33:00,1747.0,1747.15,1746.0,1746.95,154
2024-05-08 12:34:00,1746.95,1746.95,1745.9,1745.9,96
2024-05-08 12:35:00,1745.9,1746.65,1745.9,1746.65,167
2024-05-08 12:36:00,1746.65,1746.65,1745.95,1746.0,41
2024-05-08 12:37:00,1746.0,1747.4,1746.0,1746.35,225
2024-05-08 12:38:00,1746.35,1747.9,1746.35,1746.85,488
2024-05-08 12:39:00,1746.85,1747.8,1746.1,1747.15,88
2024-05-08 12:40:00,1747.15,1747.15,1745.0,1746.7,136
2024-05-08 12:41:00,1746.7,1746.7,1744.1,1744.1,342
2024-05-08 12:42:00,1744.1,1746.9,1744.1,1745.0,366
2024-05-08 12:43:00,1745.6,1745.6,1744.1,1745.0,167
2024-05-08 12:44:00,1745.0,1745.0,1744.1,1744.8,35
2024-05-08 12:45:00,1744.8,1744.8,1744.0,1744.75,132
2024-05-08 12:46:00,1744.8,1744.8,1744.1,1744.1,272
2024-05-08 12:47:00,1744.2,1744.2,1743.0,1743.05,646
2024-05-08 12:48:00,1743.05,1744.2,1743.05,1743.45,277
2024-05-08 12:49:00,1743.45,1744.8,1743.45,1744.8,238
2024-05-08 12:50:00,1744.8,1744.8,1744.65,1744.8,58
2024-05-08 12:51:00,1744.8,1744.8,1744.05,1744.55,210
2024-05-08 12:52:00,1744.55,1744.6,1742.2,1744.6,214
2024-05-08 12:53:00,1744.6,1744.6,1744.2,1744.6,276
2024-05-08 12:54:00,1744.6,1744.7,1744.15,1744.7,99
2024-05-08 12:55:00,1744.7,1744.7,1744.0,1744.0,167
2024-05-08 12:56:00,1744.0,1744.0,1738.05,1741.65,3885
2024-05-08 12:57:00,1741.65,1742.8,1740.35,1742.6,140
2024-05-08 12:58:00,1742.8,1742.8,1741.75,1741.75,236
2024-05-08 12:59:00,1742.1,1742.1,1740.35,1740.35,328
2024-05-08 13:00:00,1740.35,1741.85,1740.2,1741.85,221
2024-05-08 13:01:00,1741.85,1742.0,1741.2,1741.3,237
2024-05-08 13:02:00,1741.3,1742.2,1741.25,1741.25,171
2024-05-08 13:03:00,1741.25,1741.4,1740.0,1740.8,370
2024-05-08 13:04:00,1740.8,1740.8,1738.7,1739.0,421
2024-05-08 13:05:00,1740.05,1740.95,1740.05,1740.95,136
2024-05-08 13:06:00,1740.95,1741.4,1740.95,1741.4,226
2024-05-08 13:07:00,1741.4,1741.4,1738.85,1738.85,2461
2024-05-08 13:08:00,1738.85,1739.8,1738.85,1739.0,486
2024-05-08 13:09:00,1739.0,1739.8,1739.0,1739.8,331
2024-05-08 13:10:00,1739.8,1739.8,1739.15,1739.8,43
2024-05-08 13:11:00,1739.8,1739.8,1739.4,1739.7,584
2024-05-08 13:12:00,1739.7,1740.1,1738.0,1738.95,773
2024-05-08 13:13:00,1738.95,1739.35,1738.0,1738.0,285
2024-05-08 13:14:00,1738.0,1738.9,1738.0,1738.0,74
2024-05-08 13:15:00,1738.0,1738.0,1737.0,1737.95,396
2024-05-08 13:16:00,1737.95,1738.1,1737.3,1738.1,154
2024-05-08 13:17:00,1738.1,1738.1,1737.15,1737.55,143
2024-05-08 13:18:00,1737.55,1737.55,1737.0,1737.55,179
2024-05-08 13:19:00,1737.55,1737.6,1737.55,1737.6,124
2024-05-08 13:20:00,1737.6,1738.1,1737.25,1738.1,392
2024-05-08 13:21:00,1738.1,1738.1,1737.7,1738.0,70
2024-05-08 13:22:00,1738.0,1738.0,1737.25,1737.6,62
2024-05-08 13:23:00,1737.6,1737.75,1737.55,1737.75,51
2024-05-08 13:24:00,1737.25,1738.1,1737.25,1738.1,309
2024-05-08 13:25:00,1740.2,1740.2,1738.95,1739.85,339
2024-05-08 13:26:00,1739.75,1740.1,1739.75,1739.75,308
2024-05-08 13:27:00,1739.75,1741.05,1739.75,1741.05,29
2024-05-08 13:28:00,1741.05,1741.05,1739.35,1740.0,769
2024-05-08 13:29:00,1740.0,1741.2,1739.9,1740.7,232
2024-05-08 13:30:00,1740.75,1741.3,1740.75,1741.3,95
2024-05-08 13:31:00,1741.3,1741.3,1740.8,1741.05,273
2024-05-08 13:32:00,1741.05,1741.05,1740.5,1740.95,155
2024-05-08 13:33:00,1740.95,1740.95,1740.3,1740.95,152
2024-05-08 13:34:00,1740.95,1741.1,1740.25,1740.9,49
2024-05-08 13:35:00,1740.9,1741.1,1740.45,1740.6,110
2024-05-08 13:36:00,1740.6,1741.4,1738.15,1738.8,334
2024-05-08 13:37:00,1738.8,1738.8,1738.05,1738.2,24
2024-05-08 13:38:00,1738.2,1738.9,1738.2,1738.9,123
2024-05-08 13:39:00,1738.9,1740.0,1738.3,1740.0,142
2024-05-08 13:40:00,1740.0,1740.7,1739.55,1740.25,88
2024-05-08 13:41:00,1741.2,1742.85,1741.0,1741.0,849
2024-05-08 13:42:00,1741.0,1741.2,1739.5,1741.2,258
2024-05-08 13:43:00,1741.15,1741.45,1740.35,1741.2,110
2024-05-08 13:44:00,1741.4,1741.4,1740.0,1740.35,272
2024-05-08 13:45:00,1740.35,1740.35,1738.5,1738.5,180
2024-05-08 13:46:00,1738.5,1739.3,1738.5,1739.2,60
2024-05-08 13:47:00,1739.2,1740.75,1739.15,1739.15,560
2024-05-08 13:48:00,1739.15,1739.15,1738.0,1738.05,437
2024-05-08 13:49:00,1738.0,1738.0,1735.0,1735.5,2924
2024-05-08 13:50:00,1735.5,1735.5,1731.25,1731.75,1326
2024-05-08 13:51:00,1731.75,1732.0,1731.5,1732.0,2690
2024-05-08 13:52:00,1732.0,1732.0,1731.45,1732.0,148
2024-05-08 13:53:00,1732.0,1732.5,1731.35,1731.35,1381
2024-05-08 13:54:00,1731.35,1732.0,1731.35,1732.0,184
2024-05-08 13:55:00,1732.0,1732.0,1731.5,1732.0,512
2024-05-08 13:56:00,1732.0,1732.85,1731.55,1732.85,899
2024-05-08 13:57:00,1732.5,1732.85,1732.0,1732.8,197
2024-05-08 13:58:00,1731.1,1732.95,1731.0,1732.8,817
2024-05-08 13:59:00,1732.8,1733.0,1731.05,1731.8,757
2024-05-08 14:00:00,1731.8,1732.0,1731.05,1732.0,337
2024-05-08 14:01:00,1732.0,1732.0,1731.8,1732.0,58
2024-05-08 14:02:00,1732.0,1732.0,1731.8,1731.95,196
2024-05-08 14:03:00,1731.95,1731.95,1730.05,1730.35,793
2024-05-08 14:04:00,1730.35,1731.75,1730.35,1731.6,272
2024-05-08 14:05:00,1731.6,1731.6,1727.0,1727.1,3419
2024-05-08 14:06:00,1727.1,1728.9,1727.1,1728.85,449
2024-05-08 14:07:00,1728.85,1729.4,1728.0,1729.35,158
2024-05-08 14:08:00,1729.35,1729.5,1727.0,1727.75,668
2024-05-08 14:09:00,1727.75,1727.75,1727.0,1727.75,222
2024-05-08 14:10:00,1727.75,1727.75,1725.3,1725.85,1625
2024-05-08 14:11:00,1725.85,1727.0,1725.85,1726.95,439
2024-05-08 14:12:00,1727.0,1728.85,1726.2,1728.2,615
2024-05-08 14:13:00,1728.2,1728.8,1727.0,1727.9,385
2024-05-08 14:14:00,1727.9,1727.95,1726.05,1727.0,449
2024-05-08 14:15:00,1727.0,1728.0,1726.15,1728.0,300
2024-05-08 14:16:00,1728.0,1728.9,1727.8,1728.2,56
2024-05-08 14:17:00,1728.2,1731.25,1728.2,1730.75,927
2024-05-08 14:18:00,1730.45,1730.5,1727.0,1727.0,536
2024-05-08 14:19:00,1727.0,1728.95,1727.0,1728.5,263
2024-05-08 14:20:00,1728.5,1728.5,1727.35,1728.0,124
2024-05-08 14:21:00,1728.0,1728.0,1726.25,1726.25,568
2024-05-08 14:22:00,1726.25,1727.6,1725.85,1726.35,716
2024-05-08 14:23:00,1727.05,1727.5,1726.75,1727.5,285
2024-05-08 14:24:00,1727.5,1728.95,1726.75,1728.05,397
2024-05-08 14:25:00,1728.05,1728.95,1728.05,1728.85,102
2024-05-08 14:26:00,1728.85,1731.0,1728.8,1731.0,677
2024-05-08 14:27:00,1731.05,1732.9,1730.25,1731.8,358
2024-05-08 14:28:00,1731.8,1731.8,1730.75,1731.8,64
2024-05-08 14:29:00,1732.1,1732.7,1731.35,1732.7,292
2024-05-08 14:30:00,1732.85,1733.0,1731.65,1732.3,436
2024-05-08 14:31:00,1732.85,1733.0,1732.3,1732.3,150
2024-05-08 14:32:00,1732.3,1732.85,1731.3,1732.0,361
2024-05-08 14:33:00,1732.0,1732.0,1731.25,1731.35,165
2024-05-08 14:34:00,1731.35,1731.95,1731.35,1731.75,73
2024-05-08 14:35:00,1731.75,1731.75,1730.0,1730.0,459
2024-05-08 14:36:00,1730.0,1730.85,1729.0,1729.85,563
2024-05-08 14:37:00,1729.85,1729.85,1729.6,1729.6,96
2024-05-08 14:38:00,1729.6,1729.6,1727.15,1727.65,329
2024-05-08 14:39:00,1727.65,1727.75,1726.8,1727.55,213
2024-05-08 14:40:00,1727.55,1727.55,1726.35,1726.35,443
2024-05-08 14:41:00,1726.35,1729.35,1726.0,1728.9,599
2024-05-08 14:42:00,1728.9,1728.9,1728.3,1728.35,176
2024-05-08 14:43:00,1728.35,1728.9,1728.35,1728.4,196
2024-05-08 14:44:00,1728.4,1728.95,1727.65,1728.95,274
2024-05-08 14:45:00,1728.95,1730.0,1728.4,1728.5,592
2024-05-08 14:46:00,1728.5,1729.8,1728.5,1729.75,51
2024-05-08 14:47:00,1729.75,1729.75,1729.5,1729.7,137
2024-05-08 14:48:00,1729.7,1730.0,1729.0,1729.75,628
2024-05-08 14:49:00,1729.75,1730.0,1728.75,1728.75,240
2024-05-08 14:50:00,1729.35,1730.0,1729.1,1729.9,728
2024-05-08 14:51:00,1730.65,1732.0,1730.65,1731.4,1171
2024-05-08 14:52:00,1731.85,1731.9,1731.4,1731.75,181
2024-05-08 14:53:00,1731.75,1732.0,1730.65,1730.65,839
2024-05-08 14:54:00,1730.65,1731.95,1730.15,1731.95,155
2024-05-08 14:55:00,1732.0,1732.0,1731.25,1731.25,193
2024-05-08 14:56:00,1731.25,1732.0,1731.25,1731.55,316
2024-05-08 14:57:00,1731.55,1734.8,1730.9,1734.8,1091
2024-05-08 14:58:00,1733.65,1736.25,1733.65,1735.6,1954
2024-05-08 14:59:00,1735.6,1735.6,1734.45,1734.7,126
2024-05-08 15:00:00,1734.7,1740.2,1734.7,1740.2,2724
2024-05-08 15:01:00,1740.75,1744.0,1739.8,1743.35,2772
2024-05-08 15:02:00,1744.0,1746.4,1743.75,1746.15,3279
2024-05-08 15:03:00,1746.0,1749.75,1746.0,1749.75,1507
2024-05-08 15:04:00,1749.85,1751.0,1749.25,1750.9,5578
2024-05-08 15:05:00,1749.35,1756.95,1746.95,1756.3,7773
2024-05-08 15:06:00,1756.3,1756.8,1752.65,1752.85,3827
2024-05-08 15:07:00,1753.0,1759.95,1752.9,1759.3,4313
2024-05-08 15:08:00,1759.3,1759.75,1755.35,1757.2,4387
2024-05-08 15:09:00,1757.2,1762.0,1757.2,1761.25,6930
2024-05-08 15:10:00,1761.25,1761.8,1754.25,1756.9,3802
2024-05-08 15:11:00,1756.9,1762.0,1756.9,1761.3,3727
2024-05-08 15:12:00,1761.3,1765.0,1761.3,1763.7,6134
2024-05-08 15:13:00,1763.4,1765.0,1763.4,1764.95,3561
2024-05-08 15:14:00,1764.95,1769.0,1764.95,1768.45,4160
2024-05-08 15:15:00,1768.5,1771.0,1768.5,1771.0,8202
2024-05-08 15:16:00,1772.0,1775.0,1771.6,1774.95,4160
2024-05-08 15:17:00,1774.9,1780.0,1774.9,1778.85,6403
2024-05-08 15:18:00,1778.7,1780.0,1775.55,1778.7,10593
2024-05-08 15:19:00,1779.2,1782.0,1778.7,1782.0,6479
2024-05-08 15:20:00,1781.6,1782.0,1775.0,1778.65,5108
2024-05-08 15:21:00,1778.85,1782.0,1778.65,1781.05,4595
2024-05-08 15:22:00,1782.0,1785.0,1781.65,1784.95,4348
2024-05-08 15:23:00,1784.95,1789.75,1784.85,1789.75,6683
2024-05-08 15:24:00,1788.4,1791.0,1788.25,1791.0,13465
2024-05-08 15:25:00,1791.0,1795.0,1789.65,1789.95,6889
2024-05-08 15:26:00,1789.1,1796.45,1789.1,1795.55,4997
2024-05-08 15:27:00,1795.55,1799.0,1792.8,1795.7,6356
2024-05-08 15:28:00,1795.55,1799.0,1792.1,1792.15,3484
2024-05-08 15:29:00,1792.15,1794.7,1786.7,1788.0,5068
2024-05-09 09:15:00,1788.0,1794.05,1776.05,1794.05,4970
2024-05-09 09:16:00,1792.1,1794.8,1789.25,1794.25,4996
2024-05-09 09:17:00,1794.0,1809.4,1792.6,1805.8,14053
2024-05-09 09:18:00,1806.85,1821.65,1806.55,1818.0,14987
2024-05-09 09:19:00,1818.0,1818.0,1805.5,1811.75,8311
2024-05-09 09:20:00,1811.1,1811.6,1798.7,1805.15,9397
2024-05-09 09:21:00,1805.15,1807.0,1796.85,1806.0,5417
2024-05-09 09:22:00,1805.0,1806.8,1800.05,1806.0,4914
2024-05-09 09:23:00,1806.0,1806.0,1800.05,1804.95,2983
2024-05-09 09:24:00,1805.0,1805.0,1795.75,1796.1,2456
2024-05-09 09:25:00,1796.8,1796.95,1790.2,1792.3,1963
2024-05-09 09:26:00,1790.2,1792.05,1788.1,1790.65,2687
2024-05-09 09:27:00,1789.45,1790.55,1788.0,1788.0,1327
2024-05-09 09:28:00,1788.0,1791.75,1787.3,1790.45,1602
2024-05-09 09:29:00,1789.4,1789.7,1788.5,1789.5,1920
2024-05-09 09:30:00,1789.5,1790.7,1788.5,1789.35,608
2024-05-09 09:31:00,1788.5,1788.5,1784.7,1786.0,2290
2024-05-09 09:32:00,1787.2,1792.9,1785.0,1785.0,1775
2024-05-09 09:33:00,1785.0,1785.3,1780.0,1780.0,1913
2024-05-09 09:34:00,1779.4,1779.85,1776.0,1779.75,2139
2024-05-09 09:35:00,1779.75,1790.85,1778.05,1789.7,3172
2024-05-09 09:36:00,1790.65,1790.65,1787.15,1789.0,941
2024-05-09 09:37:00,1789.0,1789.9,1787.1,1787.1,1371
2024-05-09 09:38:00,1787.6,1788.0,1777.5,1778.05,2023
2024-05-09 09:39:00,1777.55,1784.65,1776.5,1784.65,2972
2024-05-09 09:40:00,1785.45,1791.35,1785.35,1786.4,3581
2024-05-09 09:41:00,1786.2,1786.4,1782.0,1782.0,1718
2024-05-09 09:42:00,1782.0,1783.0,1780.8,1783.0,1004
2024-05-09 09:43:00,1783.0,1783.0,1781.15,1781.15,1449
2024-05-09 09:44:00,1781.15,1783.5,1781.15,1783.5,1868
2024-05-09 09:45:00,1783.5,1786.95,1783.5,1786.8,1236
2024-05-09 09:46:00,1786.8,1788.95,1784.15,1784.15,1187
2024-05-09 09:47:00,1784.15,1784.9,1780.1,1781.45,1465
2024-05-09 09:48:00,1782.95,1785.5,1780.65,1783.85,990
2024-05-09 09:49:00,1783.75,1787.85,1783.5,1783.5,1433
2024-05-09 09:50:00,1783.5,1783.5,1781.05,1782.5,519
2024-05-09 09:51:00,1782.5,1782.5,1781.0,1781.3,683
2024-05-09 09:52:00,1781.3,1786.3,1781.3,1786.3,651
2024-05-09 09:53:00,1786.35,1788.0,1785.8,1788.0,583
2024-05-09 09:54:00,1788.0,1788.0,1784.1,1785.95,814
2024-05-09 09:55:00,1785.95,1787.0,1785.75,1786.8,491
2024-05-09 09:56:00,1786.1,1786.75,1783.5,1785.35,1444
2024-05-09 09:57:00,1785.35,1785.35,1780.45,1780.5,1323
2024-05-09 09:58:00,1781.55,1783.2,1781.55,1782.75,445
2024-05-09 09:59:00,1782.2,1787.0,1782.2,1786.95,894
2024-05-09 10:00:00,1786.95,1789.95,1786.2,1787.0,2109
2024-05-09 10:01:00,1787.0,1787.0,1784.15,1784.15,1006
2024-05-09 10:02:00,1785.05,1785.3,1784.4,1785.05,529
2024-05-09 10:03:00,1785.05,1785.45,1784.0,1784.65,614
2024-05-09 10:04:00,1784.65,1786.15,1784.2,1785.45,470
2024-05-09 10:05:00,1785.45,1786.0,1785.1,1785.8,650
2024-05-09 10:06:00,1785.8,1786.0,1784.2,1785.85,1487
2024-05-09 10:07:00,1785.25,1785.25,1781.0,1781.0,1110
2024-05-09 10:08:00,1781.0,1781.3,1778.0,1779.25,2099
2024-05-09 10:09:00,1778.75,1778.75,1776.0,1776.8,969
2024-05-09 10:10:00,1776.8,1778.7,1776.0,1778.7,1109
2024-05-09 10:11:00,1779.45,1779.45,1778.45,1779.3,669
2024-05-09 10:12:00,1779.3,1779.45,1778.0,1778.05,793
2024-05-09 10:13:00,1778.05,1778.85,1776.75,1777.05,876
2024-05-09 10:14:00,1777.7,1777.7,1773.0,1773.0,5922
2024-05-09 10:15:00,1773.0,1775.75,1771.1,1774.05,1396
2024-05-09 10:16:00,1774.05,1778.45,1774.05,1778.0,734
2024-05-09 10:17:00,1777.95,1778.0,1776.05,1776.05,445
2024-05-09 10:18:00,1776.05,1777.05,1775.35,1775.9,918
2024-05-09 10:19:00,1775.9,1775.9,1775.0,1775.45,387
2024-05-09 10:20:00,1775.45,1776.0,1775.0,1775.95,872
2024-05-09 10:21:00,1776.0,1776.6,1775.2,1775.2,1187
2024-05-09 10:22:00,1775.2,1775.2,1774.05,1775.0,875
2024-05-09 10:23:00,1775.0,1775.0,1771.05,1773.3,1302
2024-05-09 10:24:00,1773.3,1773.3,1770.0,1770.0,931
2024-05-09 10:25:00,1768.7,1768.7,1765.0,1765.0,2449
2024-05-09 10:26:00,1765.0,1766.95,1765.0,1765.75,959
2024-05-09 10:27:00,1766.8,1768.0,1765.0,1768.0,1496
2024-05-09 10:28:00,1768.0,1772.1,1768.0,1772.1,1548
2024-05-09 10:29:00,1772.1,1773.45,1770.4,1771.95,1389
2024-05-09 10:30:00,1772.75,1773.35,1771.95,1772.55,491
2024-05-09 10:31:00,1772.55,1777.0,1772.55,1776.65,1770
2024-05-09 10:32:00,1776.65,1776.65,1772.75,1774.7,1159
2024-05-09 10:33:00,1774.7,1774.95,1774.05,1774.65,332
2024-05-09 10:34:00,1774.65,1776.3,1774.2,1776.25,491
2024-05-09 10:35:00,1775.8,1777.0,1775.05,1775.05,791
2024-05-09 10:36:00,1775.05,1776.3,1774.15,1776.3,441
2024-05-09 10:37:00,1777.0,1777.0,1775.75,1775.75,3277
2024-05-09 10:38:00,1775.75,1775.75,1773.4,1775.75,1524
2024-05-09 10:39:00,1775.75,1776.0,1775.0,1776.0,697
2024-05-09 10:40:00,1776.0,1777.0,1776.0,1776.45,766
2024-05-09 10:41:00,1776.45,1776.95,1776.1,1776.7,818
2024-05-09 10:42:00,1776.7,1776.7,1773.5,1774.45,1349
2024-05-09 10:43:00,1774.45,1775.0,1774.1,1775.0,422
2024-05-09 10:44:00,1775.0,1775.0,1773.1,1773.8,834
2024-05-09 10:45:00,1773.8,1773.8,1770.0,1770.75,1740
2024-05-09 10:46:00,1770.75,1770.75,1767.05,1769.95,642
2024-05-09 10:47:00,1769.75,1769.95,1764.95,1764.95,2187
2024-05-09 10:48:00,1765.4,1766.75,1764.6,1765.25,528
2024-05-09 10:49:00,1766.1,1768.8,1766.1,1767.45,1171
2024-05-09 10:50:00,1767.45,1769.45,1767.1,1769.4,1142
2024-05-09 10:51:00,1769.4,1770.6,1768.6,1769.7,714
2024-05-09 10:52:00,1769.7,1771.95,1769.4,1769.9,437
2024-05-09 10:53:00,1769.9,1773.1,1769.4,1773.05,425
2024-05-09 10:54:00,1773.05,1773.05,1768.05,1768.45,784
2024-05-09 10:55:00,1768.45,1768.45,1765.0,1765.1,1197
2024-05-09 10:56:00,1766.0,1767.65,1765.8,1766.4,424
2024-05-09 10:57:00,1766.4,1767.7,1766.15,1767.45,890
2024-05-09 10:58:00,1767.45,1768.6,1766.4,1767.85,1003
2024-05-09 10:59:00,1767.85,1770.0,1767.85,1769.9,1481
2024-05-09 11:00:00,1769.65,1769.9,1769.2,1769.25,357
2024-05-09 11:01:00,1769.25,1769.6,1767.0,1767.0,1292
2024-05-09 11:02:00,1767.0,1767.05,1765.0,1765.8,380
2024-05-09 11:03:00,1765.8,1765.8,1762.75,1764.25,820
2024-05-09 11:04:00,1764.85,1766.0,1764.85,1764.85,459
2024-05-09 11:05:00,1764.85,1764.85,1758.8,1760.0,4059
2024-05-09 11:06:00,1761.05,1761.05,1756.7,1756.7,2295
2024-05-09 11:07:00,1756.7,1757.55,1755.45,1756.9,1123
2024-05-09 11:08:00,1756.9,1759.8,1756.9,1759.8,2946
2024-05-09 11:09:00,1759.7,1759.8,1757.6,1759.75,754
2024-05-09 11:10:00,1759.45,1759.7,1757.45,1757.45,570
2024-05-09 11:11:00,1757.45,1758.0,1757.05,1758.0,480
2024-05-09 11:12:00,1758.0,1759.0,1756.0,1757.95,888
2024-05-09 11:13:00,1757.95,1761.05,1757.95,1760.95,539
2024-05-09 11:14:00,1760.95,1760.95,1758.9,1759.85,786
2024-05-09 11:15:00,1759.85,1765.1,1759.85,1764.15,692
2024-05-09 11:16:00,1764.15,1764.15,1761.35,1763.9,452
2024-05-09 11:17:00,1763.9,1763.9,1762.45,1762.45,404
2024-05-09 11:18:00,1761.65,1761.65,1754.4,1759.4,1808
2024-05-09 11:19:00,1759.4,1763.65,1759.4,1762.0,489
2024-05-09 11:20:00,1761.8,1762.0,1758.45,1761.2,450
2024-05-09 11:21:00,1761.2,1761.8,1757.2,1758.6,580
2024-05-09 11:22:00,1758.6,1758.6,1755.1,1756.2,398
2024-05-09 11:23:00,1755.95,1756.4,1754.0,1755.0,514
2024-05-09 11:24:00,1755.0,1755.65,1754.0,1754.0,423
2024-05-09 11:25:00,1754.8,1754.8,1751.6,1754.4,1246
2024-05-09 11:26:00,1754.4,1754.4,1753.15,1754.4,398
2024-05-09 11:27:00,1754.4,1757.85,1753.9,1756.85,374
2024-05-09 11:28:00,1756.85,1757.05,1755.95,1756.0,766
2024-05-09 11:29:00,1756.0,1756.45,1756.0,1756.4,305
2024-05-09 11:30:00,1756.4,1756.4,1753.65,1754.4,887
2024-05-09 11:31:00,1754.4,1755.65,1753.25,1755.65,474
2024-05-09 11:32:00,1755.65,1755.65,1753.4,1754.05,385
2024-05-09 11:33:00,1754.7,1754.7,1753.0,1753.1,248
2024-05-09 11:34:00,1753.1,1754.05,1753.0,1753.35,308
2024-05-09 11:35:00,1753.35,1753.35,1750.85,1752.35,592
2024-05-09 11:36:00,1752.35,1753.85,1751.95,1752.35,414
2024-05-09 11:37:00,1752.35,1755.5,1752.35,1755.5,643
2024-05-09 11:38:00,1755.5,1757.1,1754.4,1757.05,447
2024-05-09 11:39:00,1757.05,1760.0,1755.65,1760.0,356
2024-05-09 11:40:00,1760.0,1763.0,1758.9,1762.2,662
2024-05-09 11:41:00,1762.2,1762.2,1760.05,1761.0,310
2024-05-09 11:42:00,1760.0,1761.25,1760.0,1760.0,497
2024-05-09 11:43:00,1760.0,1760.7,1760.0,1760.6,411
2024-05-09 11:44:00,1760.6,1760.6,1758.6,1759.0,529
2024-05-09 11:45:00,1759.65,1759.65,1757.15,1758.05,330
2024-05-09 11:46:00,1758.0,1761.0,1757.0,1760.55,543
2024-05-09 11:47:00,1760.55,1760.55,1756.65,1757.95,461
2024-05-09 11:48:00,1757.9,1757.9,1756.6,1757.5,273
2024-05-09 11:49:00,1756.6,1757.85,1756.6,1757.25,271
2024-05-09 11:50:00,1757.0,1757.75,1757.0,1757.75,293
2024-05-09 11:51:00,1757.75,1757.75,1757.05,1757.25,248
2024-05-09 11:52:00,1757.25,1757.75,1757.0,1757.0,304
2024-05-09 11:53:00,1757.0,1757.1,1756.0,1756.0,1452
2024-05-09 11:54:00,1756.0,1757.8,1755.4,1756.95,779
2024-05-09 11:55:00,1756.95,1756.95,1753.65,1753.65,697
2024-05-09 11:56:00,1753.65,1756.35,1753.25,1756.15,728
2024-05-09 11:57:00,1756.15,1756.15,1754.25,1755.5,304
2024-05-09 11:58:00,1755.5,1756.15,1754.3,1754.3,206
2024-05-09 11:59:00,1754.25,1756.85,1754.0,1756.75,2700
2024-05-09 12:00:00,1756.75,1756.75,1753.9,1754.65,251
2024-05-09 12:01:00,1754.65,1754.65,1753.35,1753.35,268
2024-05-09 12:02:00,1754.3,1754.3,1752.0,1752.8,581
2024-05-09 12:03:00,1752.8,1753.2,1752.0,1753.0,338
2024-05-09 12:04:00,1753.0,1753.9,1752.4,1753.75,413
2024-05-09 12:05:00,1753.75,1753.75,1752.2,1752.2,457
2024-05-09 12:06:00,1752.2,1752.7,1752.0,1752.0,230
2024-05-09 12:07:00,1752.0,1753.35,1752.0,1753.35,467
2024-05-09 12:08:00,1753.35,1754.5,1752.4,1753.25,693
2024-05-09 12:09:00,1753.25,1757.0,1752.0,1756.8,3119
2024-05-09 12:10:00,1756.8,1756.8,1755.55,1755.55,249
2024-05-09 12:11:00,1755.55,1756.15,1754.65,1755.0,361
2024-05-09 12:12:00,1755.55,1755.55,1753.7,1754.5,356
2024-05-09 12:13:00,1754.5,1754.6,1753.75,1754.0,324
2024-05-09 12:14:00,1753.8,1755.4,1753.8,1755.05,141
2024-05-09 12:15:00,1755.05,1755.05,1754.0,1754.3,49
2024-05-09 12:16:00,1754.3,1754.7,1753.65,1754.7,296
2024-05-09 12:17:00,1754.7,1755.9,1754.5,1755.9,87
2024-05-09 12:18:00,1756.0,1764.05,1756.0,1764.05,667
2024-05-09 12:19:00,1763.0,1764.45,1762.6,1763.9,595
2024-05-09 12:20:00,1763.9,1769.55,1763.25,1769.55,885
2024-05-09 12:21:00,1769.6,1769.6,1765.05,1766.55,856
2024-05-09 12:22:00,1766.55,1766.55,1764.65,1764.65,156
2024-05-09 12:23:00,1764.65,1767.95,1764.65,1766.7,447
2024-05-09 12:24:00,1766.7,1767.95,1766.1,1766.75,320
2024-05-09 12:25:00,1767.4,1776.5,1766.9,1775.05,2983
2024-05-09 12:26:00,1775.05,1781.45,1773.7,1780.2,3802
2024-05-09 12:27:00,1781.1,1781.25,1777.35,1778.75,472
2024-05-09 12:28:00,1778.75,1778.75,1776.1,1776.1,791
2024-05-09 12:29:00,1776.1,1778.15,1776.0,1776.15,920
2024-05-09 12:30:00,1776.15,1776.15,1770.0,1773.0,952
2024-05-09 12:31:00,1773.0,1773.6,1771.1,1773.6,2054
2024-05-09 12:32:00,1772.85,1773.2,1772.05,1773.1,193
2024-05-09 12:33:00,1773.2,1773.2,1770.2,1771.0,563
2024-05-09 12:34:00,1771.0,1771.0,1768.05,1768.05,115
2024-05-09 12:35:00,1768.05,1770.0,1766.65,1769.5,362
2024-05-09 12:36:00,1769.5,1769.85,1769.5,1769.85,268
2024-05-09 12:37:00,1769.85,1770.65,1769.85,1770.4,89
2024-05-09 12:38:00,1770.4,1770.5,1769.55,1770.45,333
2024-05-09 12:39:00,1770.45,1770.45,1766.4,1767.85,471
2024-05-09 12:40:00,1767.85,1768.4,1766.45,1768.4,442
2024-05-09 12:41:00,1768.1,1769.9,1768.1,1769.9,91
2024-05-09 12:42:00,1769.9,1770.0,1769.2,1770.0,77
2024-05-09 12:43:00,1770.0,1770.0,1769.1,1769.2,24
2024-05-09 12:44:00,1769.2,1770.65,1768.8,1769.0,307
2024-05-09 12:45:00,1769.1,1769.1,1767.05,1767.9,38
2024-05-09 12:46:00,1767.9,1767.9,1767.05,1767.45,67
2024-05-09 12:47:00,1767.45,1769.4,1766.45,1768.5,431
2024-05-09 12:48:00,1768.5,1768.5,1766.0,1766.0,101
2024-05-09 12:49:00,1766.2,1768.6,1766.2,1768.6,177
2024-05-09 12:50:00,1768.6,1768.95,1766.05,1768.95,959
2024-05-09 12:51:00,1768.95,1768.95,1766.1,1766.1,191
2024-05-09 12:52:00,1766.1,1766.45,1765.0,1765.5,87
2024-05-09 12:53:00,1765.5,1765.5,1762.8,1763.15,540
2024-05-09 12:54:00,1763.15,1763.5,1760.25,1761.15,283
2024-05-09 12:55:00,1761.15,1761.15,1756.4,1757.55,699
2024-05-09 12:56:00,1757.55,1757.8,1757.0,1757.05,175
2024-05-09 12:57:00,1757.05,1757.95,1753.6,1753.6,1274
2024-05-09 12:58:00,1753.6,1758.95,1753.6,1758.35,7791
2024-05-09 12:59:00,1758.95,1760.8,1758.85,1760.8,233
2024-05-09 13:00:00,1760.0,1760.0,1756.4,1756.4,326
2024-05-09 13:01:00,1756.5,1757.1,1755.65,1756.3,493
2024-05-09 13:02:00,1756.5,1756.6,1754.55,1756.35,1524
2024-05-09 13:03:00,1756.35,1760.95,1754.95,1760.95,922
2024-05-09 13:04:00,1760.95,1765.0,1760.95,1763.8,283
2024-05-09 13:05:00,1763.8,1764.85,1761.25,1763.0,540
2024-05-09 13:06:00,1763.0,1766.0,1763.0,1765.05,1674
2024-05-09 13:07:00,1765.05,1766.0,1763.1,1765.05,886
2024-05-09 13:08:00,1765.2,1769.1,1765.2,1769.1,1160
2024-05-09 13:09:00,1769.1,1771.9,1768.7,1769.25,1021
2024-05-09 13:10:00,1769.25,1771.0,1769.05,1770.0,1428
2024-05-09 13:11:00,1770.0,1771.0,1770.0,1770.55,888
2024-05-09 13:12:00,1770.55,1770.55,1770.0,1770.0,95
2024-05-09 13:13:00,1770.0,1770.5,1770.0,1770.0,755
2024-05-09 13:14:00,1770.0,1771.0,1770.0,1770.15,199
2024-05-09 13:15:00,1770.05,1771.35,1770.05,1770.05,108
2024-05-09 13:16:00,1770.05,1770.15,1768.0,1770.15,959
2024-05-09 13:17:00,1770.15,1770.65,1768.3,1770.0,1121
2024-05-09 13:18:00,1770.0,1771.85,1770.0,1770.45,101
2024-05-09 13:19:00,1770.45,1773.05,1770.45,1772.15,457
2024-05-09 13:20:00,1772.15,1775.0,1770.65,1775.0,2144
2024-05-09 13:21:00,1774.4,1775.85,1772.3,1775.0,631
2024-05-09 13:22:00,1775.0,1775.85,1771.35,1775.05,1516
2024-05-09 13:23:00,1775.05,1776.0,1772.1,1775.5,2212
2024-05-09 13:24:00,1775.95,1776.4,1774.3,1776.0,644
2024-05-09 13:25:00,1775.0,1776.35,1775.0,1775.25,626
2024-05-09 13:26:00,1775.25,1779.9,1775.25,1778.95,2586
2024-05-09 13:27:00,1777.5,1779.0,1776.95,1777.65,174
2024-05-09 13:28:00,1775.6,1776.95,1774.3,1774.95,671
2024-05-09 13:29:00,1774.95,1774.95,1770.05,1770.05,224
2024-05-09 13:30:00,1770.05,1771.35,1770.0,1770.1,132
2024-05-09 13:31:00,1770.85,1770.85,1767.55,1768.35,760
2024-05-09 13:32:00,1768.35,1769.25,1766.15,1766.65,786
2024-05-09 13:33:00,1765.5,1765.5,1763.25,1764.05,315
2024-05-09 13:34:00,1764.05,1766.55,1763.65,1766.55,134
2024-05-09 13:35:00,1766.55,1766.55,1763.65,1763.65,78
2024-05-09 13:36:00,1763.65,1763.65,1762.05,1762.05,1251
2024-05-09 13:37:00,1762.7,1762.8,1761.6,1761.6,348
2024-05-09 13:38:00,1761.6,1761.6,1761.0,1761.35,109
2024-05-09 13:39:00,1761.35,1761.35,1758.35,1760.9,454
2024-05-09 13:40:00,1760.9,1760.9,1759.5,1759.5,185
2024-05-09 13:41:00,1759.5,1762.0,1759.0,1761.95,373
2024-05-09 13:42:00,1762.2,1762.2,1760.0,1760.3,569
2024-05-09 13:43:00,1760.3,1761.95,1760.0,1761.95,237
2024-05-09 13:44:00,1761.3,1761.3,1760.0,1760.0,278
2024-05-09 13:45:00,1760.0,1761.6,1759.05,1761.6,320
2024-05-09 13:46:00,1761.75,1762.2,1758.85,1758.85,433
2024-05-09 13:47:00,1758.85,1761.55,1758.85,1761.55,140
2024-05-09 13:48:00,1761.55,1765.0,1761.55,1763.9,656
2024-05-09 13:49:00,1763.9,1764.9,1763.85,1764.85,94
2024-05-09 13:50:00,1764.85,1764.85,1759.0,1760.3,327
2024-05-09 13:51:00,1760.1,1760.1,1759.9,1759.9,112
2024-05-09 13:52:00,1759.9,1759.9,1759.0,1759.8,33
2024-05-09 13:53:00,1759.8,1759.85,1759.0,1759.75,131
2024-05-09 13:54:00,1759.75,1760.0,1757.5,1758.25,740
2024-05-09 13:55:00,1759.1,1759.1,1758.05,1758.25,101
2024-05-09 13:56:00,1758.25,1758.35,1756.55,1757.85,974
2024-05-09 13:57:00,1756.55,1759.95,1756.55,1759.95,562
2024-05-09 13:58:00,1759.95,1764.1,1759.95,1761.5,923
2024-05-09 13:59:00,1761.5,1761.5,1757.6,1757.6,275
2024-05-09 14:00:00,1757.6,1759.4,1757.6,1758.05,148
2024-05-09 14:01:00,1758.05,1758.95,1757.45,1758.85,104
2024-05-09 14:02:00,1758.85,1758.85,1757.15,1758.4,161
2024-05-09 14:03:00,1758.4,1759.2,1757.75,1757.75,7
2024-05-09 14:04:00,1757.75,1759.3,1757.75,1758.0,22
2024-05-09 14:05:00,1758.65,1759.05,1757.15,1757.15,165
2024-05-09 14:06:00,1758.0,1759.4,1758.0,1758.05,415
2024-05-09 14:07:00,1758.05,1759.35,1758.05,1758.65,20
2024-05-09 14:08:00,1758.65,1761.95,1758.65,1761.55,1221
2024-05-09 14:09:00,1761.55,1762.6,1761.35,1762.0,32
2024-05-09 14:10:00,1762.0,1762.65,1761.3,1761.95,35
2024-05-09 14:11:00,1761.95,1761.95,1761.1,1761.1,232
2024-05-09 14:12:00,1761.1,1761.1,1758.05,1758.05,229
2024-05-09 14:13:00,1758.05,1758.05,1755.0,1756.15,2907
2024-05-09 14:14:00,1756.15,1759.1,1756.15,1759.1,234
2024-05-09 14:15:00,1759.1,1760.55,1759.05,1760.1,91
2024-05-09 14:16:00,1760.1,1760.5,1759.9,1760.35,64
2024-05-09 14:17:00,1759.0,1759.8,1759.0,1759.4,21
2024-05-09 14:18:00,1759.4,1759.75,1759.4,1759.75,11
2024-05-09 14:19:00,1759.75,1759.75,1759.0,1759.0,73
2024-05-09 14:20:00,1759.0,1759.55,1759.0,1759.45,99
2024-05-09 14:21:00,1759.45,1759.45,1758.0,1758.75,126
2024-05-09 14:22:00,1758.75,1759.75,1758.3,1759.25,662
2024-05-09 14:23:00,1759.25,1759.25,1756.25,1757.2,825
2024-05-09 14:24:00,1757.2,1757.2,1756.3,1757.15,145
2024-05-09 14:25:00,1756.2,1756.65,1755.7,1755.95,641
2024-05-09 14:26:00,1755.95,1755.95,1755.0,1755.9,274
2024-05-09 14:27:00,1755.9,1755.9,1755.0,1755.75,251
2024-05-09 14:28:00,1755.5,1755.65,1752.0,1752.2,1796
2024-05-09 14:29:00,1753.45,1754.05,1752.8,1752.9,295
2024-05-09 14:30:00,1753.6,1755.1,1753.6,1755.1,123
2024-05-09 14:31:00,1755.1,1755.7,1753.85,1755.7,94
2024-05-09 14:32:00,1755.7,1755.7,1754.6,1755.0,70
2024-05-09 14:33:00,1754.55,1754.65,1752.1,1752.85,242
2024-05-09 14:34:00,1752.85,1752.85,1751.0,1751.4,1092
2024-05-09 14:35:00,1751.0,1751.75,1750.0,1750.15,1612
2024-05-09 14:36:00,1750.15,1750.15,1747.0,1747.25,3418
2024-05-09 14:37:00,1747.25,1747.25,1745.0,1746.3,604
2024-05-09 14:38:00,1746.3,1746.3,1745.15,1746.15,616
2024-05-09 14:39:00,1746.2,1746.3,1745.0,1745.05,577
2024-05-09 14:40:00,1745.8,1749.35,1745.8,1747.65,1426
2024-05-09 14:41:00,1748.85,1749.4,1747.0,1747.0,363
2024-05-09 14:42:00,1747.0,1749.1,1745.1,1745.1,593
2024-05-09 14:43:00,1745.1,1747.35,1745.1,1746.1,810
2024-05-09 14:44:00,1745.1,1746.05,1742.0,1742.7,2015
2024-05-09 14:45:00,1742.7,1744.2,1741.05,1743.0,1190
2024-05-09 14:46:00,1742.5,1746.25,1742.15,1746.0,958
2024-05-09 14:47:00,1745.95,1745.95,1743.0,1744.8,1591
2024-05-09 14:48:00,1744.8,1744.8,1742.3,1742.3,402
2024-05-09 14:49:00,1743.45,1744.0,1742.15,1744.0,611
2024-05-09 14:50:00,1744.0,1748.9,1744.0,1747.2,502
2024-05-09 14:51:00,1747.2,1747.2,1742.0,1743.15,1283
2024-05-09 14:52:00,1743.15,1747.0,1742.05,1747.0,801
2024-05-09 14:53:00,1747.0,1747.0,1743.0,1744.25,1669
2024-05-09 14:54:00,1743.05,1744.25,1742.0,1744.15,423
2024-05-09 14:55:00,1744.15,1745.35,1743.5,1743.75,713
2024-05-09 14:56:00,1743.75,1744.1,1742.0,1742.2,1488
2024-05-09 14:57:00,1742.4,1743.6,1741.0,1743.6,912
2024-05-09 14:58:00,1741.85,1743.4,1741.0,1741.95,608
2024-05-09 14:59:00,1741.95,1741.95,1738.0,1738.85,4352
2024-05-09 15:00:00,1738.7,1738.7,1720.95,1722.25,11414
2024-05-09 15:01:00,1722.9,1722.9,1707.5,1711.05,11134
2024-05-09 15:02:00,1709.8,1714.6,1704.65,1704.65,5289
2024-05-09 15:03:00,1704.65,1706.0,1702.15,1703.95,7620
2024-05-09 15:04:00,1703.95,1718.85,1703.0,1718.85,18451
2024-05-09 15:05:00,1719.65,1721.15,1715.5,1715.5,2805
2024-05-09 15:06:00,1716.6,1716.6,1711.8,1713.5,2248
2024-05-09 15:07:00,1713.85,1715.0,1713.0,1713.2,2037
2024-05-09 15:08:00,1713.85,1714.55,1709.35,1711.1,2815
2024-05-09 15:09:00,1713.5,1715.0,1712.05,1714.0,2660
2024-05-09 15:10:00,1714.0,1714.95,1704.5,1708.5,7053
2024-05-09 15:11:00,1708.5,1708.5,1704.6,1706.5,3849
2024-05-09 15:12:00,1707.1,1709.7,1706.65,1706.85,2112
2024-05-09 15:13:00,1706.85,1709.7,1706.85,1709.4,2324
2024-05-09 15:14:00,1709.35,1709.7,1707.8,1708.95,2757
2024-05-09 15:15:00,1708.95,1709.7,1708.95,1709.0,2830
2024-05-09 15:16:00,1709.0,1709.7,1708.95,1709.7,2923
2024-05-09 15:17:00,1709.7,1709.7,1706.0,1706.4,2967
2024-05-09 15:18:00,1706.4,1709.15,1706.4,1708.0,2803
2024-05-09 15:19:00,1707.95,1711.7,1707.0,1711.7,2237
2024-05-09 15:20:00,1712.6,1712.6,1707.1,1708.75,4643
2024-05-09 15:21:00,1708.75,1713.05,1708.7,1713.05,3037
2024-05-09 15:22:00,1713.3,1714.0,1712.7,1712.8,3103
2024-05-09 15:23:00,1712.8,1714.65,1712.8,1714.5,2350
2024-05-09 15:24:00,1714.65,1714.7,1713.45,1714.2,2315
2024-05-09 15:25:00,1714.15,1714.7,1714.05,1714.6,2706
2024-05-09 15:26:00,1714.7,1714.7,1714.25,1714.6,2049
2024-05-09 15:27:00,1714.6,1714.6,1713.55,1714.5,2599
2024-05-09 15:28:00,1714.5,1715.0,1712.0,1712.0,6020
2024-05-09 15:29:00,1712.0,1715.0,1711.0,1715.0,3362
2024-05-10 09:15:00,1730.05,1748.0,1730.05,1748.0,3875
2024-05-10 09:16:00,1744.9,1745.0,1740.05,1742.65,3741
2024-05-10 09:17:00,1742.9,1750.0,1742.35,1749.0,1784
2024-05-10 09:18:00,1750.0,1758.0,1747.35,1750.35,4990
2024-05-10 09:19:00,1750.0,1750.0,1732.05,1732.05,3285
2024-05-10 09:20:00,1733.65,1733.65,1720.3,1724.85,2235
2024-05-10 09:21:00,1723.15,1731.65,1716.25,1728.3,2295
2024-05-10 09:22:00,1728.3,1732.0,1726.15,1730.0,1443
2024-05-10 09:23:00,1728.65,1730.6,1726.0,1728.55,1129
2024-05-10 09:24:00,1728.55,1732.95,1728.55,1731.85,2272
2024-05-10 09:25:00,1733.85,1739.0,1733.85,1737.9,1144
2024-05-10 09:26:00,1737.9,1737.9,1735.55,1736.45,514
2024-05-10 09:27:00,1736.45,1739.0,1735.55,1739.0,3535
2024-05-10 09:28:00,1737.4,1737.45,1734.85,1735.15,523
2024-05-10 09:29:00,1735.15,1735.15,1733.0,1734.0,457
2024-05-10 09:30:00,1734.0,1734.7,1730.25,1730.25,1145
2024-05-10 09:31:00,1730.25,1731.75,1726.05,1727.85,1095
2024-05-10 09:32:00,1726.2,1729.35,1723.1,1725.85,1001
2024-05-10 09:33:00,1725.85,1727.4,1724.85,1726.45,403
2024-05-10 09:34:00,1726.2,1726.75,1722.5,1723.25,589
2024-05-10 09:35:00,1723.25,1724.35,1718.65,1718.65,1053
2024-05-10 09:36:00,1718.65,1723.95,1716.95,1719.55,721
2024-05-10 09:37:00,1719.3,1719.3,1712.15,1712.15,1987
2024-05-10 09:38:00,1713.8,1713.8,1707.2,1709.0,2520
2024-05-10 09:39:00,1709.0,1711.05,1706.1,1708.0,1651
2024-05-10 09:40:00,1706.4,1714.0,1704.65,1711.75,2709
2024-05-10 09:41:00,1713.85,1714.5,1708.5,1713.95,1390
2024-05-10 09:42:00,1714.0,1730.15,1713.25,1728.7,1516
2024-05-10 09:43:00,1728.7,1729.5,1725.95,1727.45,1593
2024-05-10 09:44:00,1727.45,1735.75,1727.45,1735.3,1389
2024-05-10 09:45:00,1736.9,1737.0,1732.3,1733.0,521
2024-05-10 09:46:00,1731.45,1732.4,1729.15,1729.15,760
2024-05-10 09:47:00,1729.0,1730.8,1727.0,1727.2,1126
2024-05-10 09:48:00,1727.2,1732.15,1725.7,1727.45,564
2024-05-10 09:49:00,1727.95,1728.0,1725.0,1725.9,229
2024-05-10 09:50:00,1725.9,1726.95,1717.35,1722.1,1496
2024-05-10 09:51:00,1722.1,1722.1,1717.0,1720.9,402
2024-05-10 09:52:00,1720.9,1727.0,1720.9,1727.0,612
2024-05-10 09:53:00,1727.0,1727.3,1724.05,1724.7,836
2024-05-10 09:54:00,1726.3,1727.35,1721.55,1722.2,1896
2024-05-10 09:55:00,1722.25,1722.25,1718.0,1718.55,2015
2024-05-10 09:56:00,1719.85,1722.25,1717.0,1717.0,3102
2024-05-10 09:57:00,1715.5,1718.1,1711.75,1713.75,2191
2024-05-10 09:58:00,1712.15,1714.95,1710.15,1714.95,2025
2024-05-10 09:59:00,1714.95,1716.0,1710.8,1714.2,2463
2024-05-10 10:00:00,1714.2,1714.2,1710.0,1711.5,2465
2024-05-10 10:01:00,1711.5,1717.35,1711.5,1715.15,2751
2024-05-10 10:02:00,1715.0,1715.55,1710.0,1710.8,4673
2024-05-10 10:03:00,1711.05,1711.05,1706.25,1709.2,2013
2024-05-10 10:04:00,1709.35,1714.9,1709.0,1714.9,2743
2024-05-10 10:05:00,1714.85,1715.0,1710.0,1710.2,1837
2024-05-10 10:06:00,1710.05,1718.85,1709.0,1717.25,2120
2024-05-10 10:07:00,1717.25,1717.25,1709.0,1709.0,1334
2024-05-10 10:08:00,1709.5,1712.15,1709.0,1710.0,2331
2024-05-10 10:09:00,1710.0,1715.05,1709.8,1713.2,1922
2024-05-10 10:10:00,1714.85,1715.95,1709.8,1710.0,1776
2024-05-10 10:11:00,1710.0,1712.35,1709.5,1711.3,2035
2024-05-10 10:12:00,1710.0,1713.2,1710.0,1711.8,2003
2024-05-10 10:13:00,1710.1,1711.9,1710.0,1711.65,1980
2024-05-10 10:14:00,1710.0,1712.1,1709.4,1709.95,2328
2024-05-10 10:15:00,1709.1,1711.95,1709.05,1710.0,3862
2024-05-10 10:16:00,1710.0,1713.15,1709.3,1711.0,5155
2024-05-10 10:17:00,1710.2,1717.45,1709.85,1713.95,6329
2024-05-10 10:18:00,1712.95,1716.95,1711.0,1716.6,6281
2024-05-10 10:19:00,1716.6,1717.95,1711.05,1712.5,5094
2024-05-10 10:20:00,1712.45,1714.7,1710.0,1712.95,7324
2024-05-10 10:21:00,1712.95,1719.95,1710.0,1714.2,6440
2024-05-10 10:22:00,1714.2,1725.1,1712.6,1717.35,6457
2024-05-10 10:23:00,1717.35,1726.8,1715.05,1725.5,6387
2024-05-10 10:24:00,1725.5,1732.45,1720.45,1724.7,4847
2024-05-10 10:25:00,1724.7,1732.05,1721.05,1727.2,7014
2024-05-10 10:26:00,1726.75,1738.75,1724.45,1730.1,6395
2024-05-10 10:27:00,1728.55,1737.5,1726.2,1730.55,6317
2024-05-10 10:28:00,1730.55,1744.85,1728.9,1742.25,9447
2024-05-10 10:29:00,1742.25,1743.2,1727.1,1730.65,9350
2024-05-10 10:30:00,1730.65,1735.0,1726.25,1730.95,4697
2024-05-10 10:31:00,1729.7,1735.0,1723.5,1727.15,7627
2024-05-10 10:32:00,1727.15,1727.8,1721.45,1727.8,8637
2024-05-10 10:33:00,1727.8,1734.55,1723.95,1728.3,8441
2024-05-10 10:34:00,1728.3,1735.0,1727.1,1735.0,7627
2024-05-10 10:35:00,1735.0,1735.0,1730.95,1735.0,6858
2024-05-10 10:36:00,1735.0,1735.0,1726.75,1730.9,6864
2024-05-10 10:37:00,1730.9,1735.0,1727.2,1730.5,7461
2024-05-10 10:38:00,1730.5,1735.0,1728.0,1731.8,7970
2024-05-10 10:39:00,1730.35,1736.25,1726.8,1731.4,8301
2024-05-10 10:40:00,1731.4,1735.0,1727.6,1729.95,9255
2024-05-10 10:41:00,1732.1,1734.95,1722.4,1728.9,9111
2024-05-10 10:42:00,1728.9,1728.9,1722.0,1726.85,7118
2024-05-10 10:43:00,1726.85,1728.95,1722.45,1724.1,5590
2024-05-10 10:44:00,1724.1,1726.8,1722.1,1726.65,7422
2024-05-10 10:45:00,1726.65,1729.5,1724.05,1726.4,6818
2024-05-10 10:46:00,1726.4,1729.95,1719.95,1725.1,9774
2024-05-10 10:47:00,1725.85,1729.8,1719.0,1724.8,6367
2024-05-10 10:48:00,1724.8,1726.15,1720.4,1721.7,9389
2024-05-10 10:49:00,1719.5,1723.25,1715.0,1716.55,8449
2024-05-10 10:50:00,1716.55,1720.0,1715.05,1716.65,6779
2024-05-10 10:51:00,1716.65,1720.0,1712.0,1714.3,7223
2024-05-10 10:52:00,1714.4,1720.0,1712.5,1715.75,6172
2024-05-10 10:53:00,1716.2,1720.0,1716.1,1717.65,6387
2024-05-10 10:54:00,1717.65,1720.0,1713.5,1715.4,6384
2024-05-10 10:55:00,1715.55,1720.0,1714.15,1717.9,4951
2024-05-10 10:56:00,1717.9,1720.0,1715.25,1718.05,6008
2024-05-10 10:57:00,1718.05,1720.0,1715.4,1719.35,6005
2024-05-10 10:58:00,1717.35,1720.0,1715.7,1716.5,6297
2024-05-10 10:59:00,1716.5,1720.0,1716.5,1719.3,5977
2024-05-10 11:00:00,1717.8,1720.0,1717.0,1717.2,4771
2024-05-10 11:01:00,1717.2,1720.0,1717.05,1717.25,6164
2024-05-10 11:02:00,1717.25,1720.0,1717.25,1717.35,6163
2024-05-10 11:03:00,1717.55,1720.0,1717.05,1719.35,4699
2024-05-10 11:04:00,1720.0,1720.0,1717.25,1719.0,6236
2024-05-10 11:05:00,1719.0,1720.0,1717.6,1718.25,6411
2024-05-10 11:06:00,1718.1,1720.0,1717.55,1718.5,5910
2024-05-10 11:07:00,1718.5,1720.0,1717.35,1718.6,5909
2024-05-10 11:08:00,1720.0,1720.0,1718.3,1720.0,4601
2024-05-10 11:09:00,1720.0,1720.0,1718.0,1718.15,5845
2024-05-10 11:10:00,1718.2,1720.0,1718.2,1718.4,5910
2024-05-10 11:11:00,1718.4,1720.0,1717.35,1718.2,5847
2024-05-10 11:12:00,1718.2,1720.0,1717.35,1718.1,5816
2024-05-10 11:13:00,1718.1,1720.0,1718.05,1718.3,15795
2024-05-10 11:14:00,1718.3,1720.0,1718.3,1720.0,5067
2024-05-10 11:15:00,1720.0,1720.0,1715.9,1715.9,7123
2024-05-10 11:16:00,1719.3,1719.85,1715.8,1718.3,6008
2024-05-10 11:17:00,1718.3,1720.0,1717.05,1718.5,6125
2024-05-10 11:18:00,1718.5,1720.0,1717.35,1719.75,6237
2024-05-10 11:19:00,1718.35,1720.0,1717.35,1718.6,5910
2024-05-10 11:20:00,1718.45,1720.0,1717.55,1718.4,5861
2024-05-10 11:21:00,1718.35,1720.0,1715.35,1717.25,6302
2024-05-10 11:22:00,1717.45,1720.0,1716.1,1718.1,6018
2024-05-10 11:23:00,1718.1,1720.0,1716.1,1719.7,6126
2024-05-10 11:24:00,1719.7,1720.0,1718.0,1718.0,6131
2024-05-10 11:25:00,1717.55,1720.0,1717.3,1718.2,6004
2024-05-10 11:26:00,1718.2,1720.0,1718.0,1719.95,9042
2024-05-10 11:27:00,1718.85,1721.8,1718.05,1721.75,8899
2024-05-10 11:28:00,1720.7,1720.7,1718.0,1718.0,4560
2024-05-10 11:29:00,1718.0,1722.2,1718.0,1720.85,6133
2024-05-10 11:30:00,1719.6,1722.25,1718.0,1720.7,5941
2024-05-10 11:31:00,1721.85,1729.8,1719.55,1729.8,11498
2024-05-10 11:32:00,1730.0,1734.45,1727.15,1731.65,9102
2024-05-10 11:33:00,1731.65,1735.45,1728.0,1735.2,10692
2024-05-10 11:34:00,1735.2,1739.3,1726.3,1734.9,8695
2024-05-10 11:35:00,1732.85,1735.0,1728.0,1731.25,8197
2024-05-10 11:36:00,1737.7,1737.7,1727.15,1731.5,6932
2024-05-10 11:37:00,1731.5,1735.9,1727.3,1729.55,8250
2024-05-10 11:38:00,1729.45,1730.45,1722.15,1726.55,8564
2024-05-10 11:39:00,1726.55,1732.9,1723.55,1723.55,10986
2024-05-10 11:40:00,1723.15,1725.0,1720.4,1725.0,7733
2024-05-10 11:41:00,1721.7,1723.0,1718.0,1720.75,4974
2024-05-10 11:42:00,1720.75,1722.55,1718.45,1722.55,6246
2024-05-10 11:43:00,1720.8,1725.0,1720.5,1722.0,7997
2024-05-10 11:44:00,1723.9,1725.0,1718.0,1722.5,6797
2024-05-10 11:45:00,1722.5,1722.5,1717.1,1717.1,4956
2024-05-10 11:46:00,1717.1,1723.8,1717.1,1718.15,5746
2024-05-10 11:47:00,1718.15,1723.0,1718.15,1720.65,5976
2024-05-10 11:48:00,1720.65,1723.0,1718.25,1718.25,6351
2024-05-10 11:49:00,1719.55,1721.9,1718.15,1719.75,6095
2024-05-10 11:50:00,1719.75,1721.9,1718.55,1718.6,5436
2024-05-10 11:51:00,1719.65,1722.0,1718.4,1720.8,6579
2024-05-10 11:52:00,1722.0,1724.95,1720.8,1722.55,7211
2024-05-10 11:53:00,1722.55,1722.55,1718.1,1720.15,7466
2024-05-10 11:54:00,1720.15,1720.65,1716.5,1720.65,5262
2024-05-10 11:55:00,1718.0,1720.0,1716.6,1719.8,5802
2024-05-10 11:56:00,1718.05,1720.9,1717.25,1718.1,5831
2024-05-10 11:57:00,1718.1,1721.9,1717.55,1718.1,6369
2024-05-10 11:58:00,1718.1,1721.7,1717.5,1721.4,4652
2024-05-10 11:59:00,1721.4,1721.4,1717.25,1719.2,5852
2024-05-10 12:00:00,1720.5,1723.7,1719.2,1723.25,5365
2024-05-10 12:01:00,1723.0,1725.0,1723.0,1725.0,6846
2024-05-10 12:02:00,1723.3,1726.0,1721.6,1725.0,10976
2024-05-10 12:03:00,1725.0,1725.0,1721.0,1725.0,7546
2024-05-10 12:04:00,1725.0,1725.0,1720.1,1724.4,6558
2024-05-10 12:05:00,1724.4,1725.0,1723.0,1725.0,5420
2024-05-10 12:06:00,1724.0,1725.0,1722.15,1724.95,6437
2024-05-10 12:07:00,1724.95,1725.0,1722.6,1725.0,5449
2024-05-10 12:08:00,1725.0,1725.0,1722.75,1725.0,5659
2024-05-10 12:09:00,1723.65,1725.0,1721.15,1723.05,6410
2024-05-10 12:10:00,1722.25,1723.7,1719.25,1720.45,8167
2024-05-10 12:11:00,1719.55,1722.05,1718.25,1719.5,7300
2024-05-10 12:12:00,1719.5,1722.9,1718.0,1720.3,7325
2024-05-10 12:13:00,1721.05,1721.75,1718.15,1718.25,5232
2024-05-10 12:14:00,1718.25,1721.95,1717.25,1717.25,6563
2024-05-10 12:15:00,1716.45,1720.9,1716.45,1717.55,6969
2024-05-10 12:16:00,1717.55,1720.9,1717.55,1719.1,6638
2024-05-10 12:17:00,1719.1,1723.9,1718.6,1720.25,10802
2024-05-10 12:18:00,1720.6,1721.7,1717.55,1721.7,7264
2024-05-10 12:19:00,1721.7,1721.7,1716.6,1718.05,5198
2024-05-10 12:20:00,1721.0,1721.0,1717.25,1718.2,6744
2024-05-10 12:21:00,1721.35,1721.35,1717.55,1719.1,6701
2024-05-10 12:22:00,1719.1,1720.8,1717.25,1717.6,7142
2024-05-10 12:23:00,1718.0,1720.0,1717.05,1718.1,6592
2024-05-10 12:24:00,1718.1,1720.0,1717.55,1717.55,5735
2024-05-10 12:25:00,1719.95,1719.95,1717.25,1718.0,7259
2024-05-10 12:26:00,1717.6,1719.8,1715.65,1717.05,7841
2024-05-10 12:27:00,1717.05,1719.75,1716.3,1719.2,6661
2024-05-10 12:28:00,1717.7,1720.0,1717.7,1719.45,6860
2024-05-10 12:29:00,1718.15,1720.0,1718.0,1719.05,7137
2024-05-10 12:30:00,1718.0,1720.0,1717.55,1720.0,8567
2024-05-10 12:31:00,1720.0,1720.0,1718.0,1718.0,7699
2024-05-10 12:32:00,1718.0,1720.0,1717.25,1718.0,6612
2024-05-10 12:33:00,1718.0,1720.0,1717.6,1719.85,6572
2024-05-10 12:34:00,1718.4,1720.0,1718.05,1719.55,6689
2024-05-10 12:35:00,1718.2,1719.95,1717.1,1717.75,7352
2024-05-10 12:36:00,1717.75,1719.95,1717.6,1718.05,6421
2024-05-10 12:37:00,1718.05,1720.0,1718.05,1720.0,5333
2024-05-10 12:38:00,1720.0,1720.0,1718.25,1718.3,7566
2024-05-10 12:39:00,1719.4,1720.0,1718.1,1718.3,7886
2024-05-10 12:40:00,1718.3,1720.0,1718.3,1718.3,6713
2024-05-10 12:41:00,1718.3,1720.0,1718.3,1719.9,7346
2024-05-10 12:42:00,1718.65,1720.0,1718.35,1719.95,6613
2024-05-10 12:43:00,1719.95,1720.0,1718.5,1719.95,6172
2024-05-10 12:44:00,1719.95,1720.0,1718.35,1718.55,7612
2024-05-10 12:45:00,1718.55,1719.95,1718.55,1718.6,6393
2024-05-10 12:46:00,1718.6,1720.0,1718.55,1719.95,7261
2024-05-10 12:47:00,1718.55,1719.95,1718.5,1718.6,6751
2024-05-10 12:48:00,1718.6,1720.0,1718.6,1720.0,7559
2024-05-10 12:49:00,1718.65,1720.0,1718.65,1718.65,5277
2024-05-10 12:50:00,1718.65,1720.0,1718.6,1719.7,6575
2024-05-10 12:51:00,1718.7,1720.0,1718.6,1718.7,6599
2024-05-10 12:52:00,1718.7,1720.0,1718.65,1719.95,6555
2024-05-10 12:53:00,1718.7,1720.0,1718.6,1718.65,7070
2024-05-10 12:54:00,1718.65,1720.0,1718.65,1718.7,7001
2024-05-10 12:55:00,1718.75,1720.0,1718.65,1718.7,6859
2024-05-10 12:56:00,1718.7,1720.0,1718.05,1719.8,10316
2024-05-10 12:57:00,1719.9,1720.0,1718.55,1720.0,11035
2024-05-10 12:58:00,1720.0,1720.0,1718.1,1719.6,8735
2024-05-10 12:59:00,1719.55,1719.95,1718.5,1718.7,6767
2024-05-10 13:00:00,1718.6,1719.95,1717.25,1717.25,11287
2024-05-10 13:01:00,1717.9,1718.0,1712.8,1715.7,9376
2024-05-10 13:02:00,1714.5,1714.5,1707.75,1708.4,12470
2024-05-10 13:03:00,1710.0,1710.0,1708.45,1710.0,5109
2024-05-10 13:04:00,1710.0,1710.0,1708.45,1710.0,4952
2024-05-10 13:05:00,1710.0,1710.0,1709.05,1710.0,4572
2024-05-10 13:06:00,1710.0,1710.0,1709.25,1709.55,6389
2024-05-10 13:07:00,1709.55,1712.0,1709.55,1710.1,6868
2024-05-10 13:08:00,1710.25,1710.25,1709.65,1710.0,5861
2024-05-10 13:09:00,1710.0,1711.85,1709.8,1711.85,3048
2024-05-10 13:10:00,1710.0,1710.0,1709.4,1710.0,4556
2024-05-10 13:11:00,1710.0,1710.0,1709.05,1709.95,4275
2024-05-10 13:12:00,1709.95,1710.0,1709.0,1709.15,4589
2024-05-10 13:13:00,1710.0,1710.0,1709.05,1709.95,3109
2024-05-10 13:14:00,1710.0,1710.0,1708.9,1710.0,4777
2024-05-10 13:15:00,1710.0,1710.0,1708.0,1710.0,5250
2024-05-10 13:16:00,1708.9,1710.0,1708.9,1710.0,3013
2024-05-10 13:17:00,1710.0,1710.0,1709.75,1710.0,4231
2024-05-10 13:18:00,1710.0,1710.0,1709.1,1709.35,4579
2024-05-10 13:19:00,1710.0,1713.65,1710.0,1710.7,6041
2024-05-10 13:20:00,1711.15,1713.9,1709.9,1710.0,5850
2024-05-10 13:21:00,1709.9,1710.0,1709.1,1709.2,4501
2024-05-10 13:22:00,1709.2,1710.0,1709.2,1710.0,4326
2024-05-10 13:23:00,1710.0,1710.0,1709.25,1710.0,4333
2024-05-10 13:24:00,1710.0,1711.8,1709.35,1711.8,4388
2024-05-10 13:25:00,1711.8,1711.8,1709.25,1710.0,4612
2024-05-10 13:26:00,1710.0,1710.0,1709.5,1710.0,4221
2024-05-10 13:27:00,1710.0,1710.0,1709.6,1710.0,4314
2024-05-10 13:28:00,1709.6,1711.7,1708.65,1708.65,13342
2024-05-10 13:29:00,1708.65,1710.0,1708.65,1710.0,4346
2024-05-10 13:30:00,1709.85,1710.0,1709.75,1709.75,4293
2024-05-10 13:31:00,1709.75,1711.0,1709.5,1711.0,5873
2024-05-10 13:32:00,1712.0,1713.95,1710.3,1712.55,5314
2024-05-10 13:33:00,1712.5,1715.9,1712.1,1714.2,6707
2024-05-10 13:34:00,1714.95,1715.0,1713.0,1713.6,7374
2024-05-10 13:35:00,1713.6,1714.6,1710.55,1713.3,7442
2024-05-10 13:36:00,1711.45,1714.15,1710.65,1712.35,7546
2024-05-10 13:37:00,1712.35,1714.9,1712.35,1712.55,6936
2024-05-10 13:38:00,1712.55,1715.0,1712.55,1715.0,8828
2024-05-10 13:39:00,1715.0,1715.0,1713.6,1715.0,8212
2024-05-10 13:40:00,1713.2,1715.0,1713.05,1715.0,6771
2024-05-10 13:41:00,1713.8,1715.0,1713.55,1713.6,8575
2024-05-10 13:42:00,1713.6,1714.95,1713.2,1713.6,7875
2024-05-10 13:43:00,1713.65,1715.0,1713.6,1714.95,6597
2024-05-10 13:44:00,1713.6,1715.0,1713.6,1715.0,5222
2024-05-10 13:45:00,1715.0,1715.0,1713.5,1713.5,7411
2024-05-10 13:46:00,1714.95,1714.95,1713.2,1713.75,6836
2024-05-10 13:47:00,1713.75,1715.0,1713.7,1713.8,6770
2024-05-10 13:48:00,1713.8,1715.0,1713.7,1714.05,7187
2024-05-10 13:49:00,1714.05,1715.0,1713.8,1715.0,6758
2024-05-10 13:50:00,1715.0,1715.0,1713.85,1715.0,5354
2024-05-10 13:51:00,1715.0,1715.0,1713.65,1713.8,7649
2024-05-10 13:52:00,1714.95,1719.95,1713.8,1718.65,15437
2024-05-10 13:53:00,1718.65,1723.25,1713.6,1713.6,14513
2024-05-10 13:54:00,1713.75,1715.0,1713.0,1713.6,6779
2024-05-10 13:55:00,1713.6,1715.0,1711.0,1713.5,8258
2024-05-10 13:56:00,1712.2,1715.0,1712.2,1715.0,8157
2024-05-10 13:57:00,1714.9,1715.0,1712.45,1713.6,7212
2024-05-10 13:58:00,1714.1,1715.0,1712.95,1714.0,7102
2024-05-10 13:59:00,1714.15,1715.0,1713.65,1713.7,6881
2024-05-10 14:00:00,1713.7,1715.0,1713.65,1714.95,6650
2024-05-10 14:01:00,1714.2,1715.0,1713.7,1714.2,5065
2024-05-10 14:02:00,1713.75,1715.0,1713.7,1713.7,6676
2024-05-10 14:03:00,1713.75,1714.95,1713.55,1713.6,7211
2024-05-10 14:04:00,1713.6,1715.0,1713.2,1715.0,8278
2024-05-10 14:05:00,1713.05,1714.9,1713.05,1713.75,5395
2024-05-10 14:06:00,1713.75,1715.0,1713.55,1714.6,6771
2024-05-10 14:07:00,1714.6,1715.0,1713.6,1713.85,12461
2024-05-10 14:08:00,1714.0,1716.2,1711.0,1712.2,8656
2024-05-10 14:09:00,1713.0,1714.4,1710.05,1711.45,8373
2024-05-10 14:10:00,1711.45,1714.15,1710.85,1712.0,10026
2024-05-10 14:11:00,1712.15,1714.5,1710.0,1712.1,9459
2024-05-10 14:12:00,1712.05,1713.7,1710.1,1712.75,8203
2024-05-10 14:13:00,1712.75,1712.75,1710.05,1710.55,7817
2024-05-10 14:14:00,1710.55,1712.7,1709.5,1710.0,8959
2024-05-10 14:15:00,1710.0,1712.45,1710.0,1710.15,9015
2024-05-10 14:16:00,1710.15,1712.2,1709.0,1710.0,6156
2024-05-10 14:17:00,1710.0,1713.15,1709.0,1713.15,10638
2024-05-10 14:18:00,1712.75,1725.65,1712.05,1724.75,17043
2024-05-10 14:19:00,1724.75,1728.55,1718.2,1728.0,16184
2024-05-10 14:20:00,1728.0,1730.6,1721.95,1724.95,11907
2024-05-10 14:21:00,1725.55,1726.0,1717.55,1717.85,10549
2024-05-10 14:22:00,1717.85,1720.0,1715.1,1717.9,8900
2024-05-10 14:23:00,1719.7,1719.95,1713.55,1715.2,6918
2024-05-10 14:24:00,1715.2,1717.5,1710.0,1712.5,9238
2024-05-10 14:25:00,1712.5,1717.0,1710.25,1717.0,10559
2024-05-10 14:26:00,1717.0,1717.55,1711.0,1712.4,9517
2024-05-10 14:27:00,1712.4,1714.9,1710.05,1713.0,10254
2024-05-10 14:28:00,1713.0,1713.7,1708.2,1711.9,6915
2024-05-10 14:29:00,1711.9,1711.9,1709.5,1711.6,6049
2024-05-10 14:30:00,1711.6,1713.65,1709.0,1711.3,6665
2024-05-10 14:31:00,1711.3,1713.9,1709.5,1710.3,7234
2024-05-10 14:32:00,1710.0,1711.9,1708.55,1710.0,6793
2024-05-10 14:33:00,1710.0,1711.5,1709.05,1710.0,6336
2024-05-10 14:34:00,1709.3,1710.0,1709.3,1710.0,3121
2024-05-10 14:35:00,1710.05,1710.6,1708.65,1709.75,6123
2024-05-10 14:36:00,1709.75,1710.0,1709.15,1710.0,4955
2024-05-10 14:37:00,1710.0,1710.0,1709.05,1710.0,4850
2024-05-10 14:38:00,1710.0,1710.0,1709.1,1710.0,4516
2024-05-10 14:39:00,1710.0,1710.0,1709.35,1710.0,2855
2024-05-10 14:40:00,1710.0,1710.0,1709.4,1710.0,4393
2024-05-10 14:41:00,1710.0,1710.0,1709.3,1710.0,4751
2024-05-10 14:42:00,1710.0,1713.4,1709.55,1713.4,12272
2024-05-10 14:43:00,1713.4,1714.8,1710.6,1713.1,9662
2024-05-10 14:44:00,1713.2,1718.95,1711.15,1718.95,13078
2024-05-10 14:45:00,1718.95,1720.0,1714.4,1717.55,10681
2024-05-10 14:46:00,1717.55,1719.7,1712.0,1713.3,10155
2024-05-10 14:47:00,1713.3,1714.7,1710.3,1712.5,8289
2024-05-10 14:48:00,1712.5,1716.8,1710.2,1710.5,8391
2024-05-10 14:49:00,1713.7,1713.7,1709.25,1710.15,8933
2024-05-10 14:50:00,1710.15,1712.9,1710.0,1711.8,8447
2024-05-10 14:51:00,1711.8,1712.9,1709.3,1710.0,6895
2024-05-10 14:52:00,1710.0,1711.6,1709.0,1710.0,5624
2024-05-10 14:53:00,1709.95,1710.0,1709.0,1710.0,5291
2024-05-10 14:54:00,1710.0,1710.05,1709.3,1709.85,5199
2024-05-10 14:55:00,1710.0,1712.75,1709.35,1712.75,11336
2024-05-10 14:56:00,1712.75,1712.75,1709.1,1710.6,5603
2024-05-10 14:57:00,1711.8,1712.7,1709.45,1709.45,5210
2024-05-10 14:58:00,1709.55,1712.45,1709.45,1710.25,7216
2024-05-10 14:59:00,1710.25,1711.65,1709.55,1709.55,2051
2024-05-10 15:00:00,1709.95,1714.45,1709.8,1714.45,4832
2024-05-10 15:01:00,1714.45,1716.9,1714.25,1715.75,2348
2024-05-10 15:02:00,1715.75,1716.9,1715.75,1716.85,770
2024-05-10 15:03:00,1716.9,1718.9,1716.85,1718.9,1367
2024-05-10 15:04:00,1718.9,1719.9,1717.5,1717.9,2569
2024-05-10 15:05:00,1718.3,1720.0,1717.55,1719.6,6753
2024-05-10 15:06:00,1719.6,1720.0,1718.65,1720.0,2505
2024-05-10 15:07:00,1719.95,1720.0,1718.55,1718.85,2007
2024-05-10 15:08:00,1718.85,1719.9,1718.4,1719.9,1063
2024-05-10 15:09:00,1719.9,1720.0,1718.8,1719.9,2720
2024-05-10 15:10:00,1719.9,1720.0,1718.85,1719.6,7680
2024-05-10 15:11:00,1719.6,1719.8,1718.4,1719.5,1742
2024-05-10 15:12:00,1719.4,1719.5,1719.0,1719.2,910
2024-05-10 15:13:00,1719.45,1719.5,1718.6,1718.95,820
2024-05-10 15:14:00,1718.95,1720.35,1711.75,1712.5,11004
2024-05-10 15:15:00,1712.55,1714.9,1712.15,1714.9,1998
2024-05-10 15:16:00,1714.9,1714.9,1709.1,1710.0,10192
2024-05-10 15:17:00,1710.0,1710.0,1704.0,1705.0,11824
2024-05-10 15:18:00,1705.0,1706.5,1700.05,1704.6,10831
2024-05-10 15:19:00,1704.55,1708.9,1703.15,1708.9,2158
2024-05-10 15:20:00,1708.75,1711.0,1707.05,1710.9,2936
2024-05-10 15:21:00,1710.9,1714.0,1710.85,1713.15,2886
2024-05-10 15:22:00,1713.4,1716.0,1712.05,1716.0,7400
2024-05-10 15:23:00,1716.0,1718.85,1715.75,1718.1,5300
2024-05-10 15:24:00,1718.1,1720.0,1718.1,1719.05,5329
2024-05-10 15:25:00,1720.0,1720.75,1719.05,1719.4,11616
2024-05-10 15:26:00,1719.05,1720.0,1719.05,1720.0,2400
2024-05-10 15:27:00,1719.95,1720.0,1719.0,1719.8,3715
2024-05-10 15:28:00,1719.9,1720.0,1719.9,1720.0,2468
2024-05-10 15:29:00,1719.9,1720.0,1718.55,1720.0,2361
2024-05-13 09:15:00,1710.1,1719.8,1707.8,1710.35,7163
2024-05-13 09:16:00,1711.1,1718.7,1709.1,1709.8,6655
2024-05-13 09:17:00,1709.1,1709.1,1703.0,1708.05,4736
2024-05-13 09:18:00,1708.5,1721.75,1707.0,1721.75,11216
2024-05-13 09:19:00,1716.75,1728.3,1706.15,1707.1,16096
2024-05-13 09:20:00,1707.1,1707.1,1692.85,1694.0,13459
2024-05-13 09:21:00,1693.7,1695.0,1685.15,1692.9,8924
2024-05-13 09:22:00,1693.35,1693.55,1687.4,1688.95,6777
2024-05-13 09:23:00,1688.05,1689.9,1682.0,1684.0,9341
2024-05-13 09:24:00,1684.85,1685.0,1681.05,1681.05,3843
2024-05-13 09:25:00,1683.0,1688.15,1683.0,1684.95,7352
2024-05-13 09:26:00,1684.85,1693.55,1683.9,1688.5,1901
2024-05-13 09:27:00,1688.4,1689.85,1684.35,1686.0,3466
2024-05-13 09:28:00,1685.0,1686.1,1676.35,1680.55,5921
2024-05-13 09:29:00,1678.15,1679.95,1677.1,1678.8,2645
2024-05-13 09:30:00,1677.85,1680.0,1676.9,1678.0,4709
2024-05-13 09:31:00,1677.0,1678.5,1675.15,1676.05,3331
2024-05-13 09:32:00,1675.1,1677.95,1674.25,1676.2,5048
2024-05-13 09:33:00,1677.0,1677.55,1674.0,1677.55,11939
2024-05-13 09:34:00,1677.05,1677.05,1668.75,1670.95,9004
2024-05-13 09:35:00,1670.95,1670.95,1666.0,1666.9,4010
2024-05-13 09:36:00,1666.9,1669.8,1665.8,1668.9,2353
2024-05-13 09:37:00,1668.95,1669.8,1667.75,1668.2,1176
2024-05-13 09:38:00,1667.25,1668.9,1661.0,1662.0,7467
2024-05-13 09:39:00,1661.1,1663.75,1660.1,1661.7,4273
2024-05-13 09:40:00,1663.1,1666.6,1662.65,1665.3,2423
2024-05-13 09:41:00,1665.3,1668.55,1665.0,1667.55,1996
2024-05-13 09:42:00,1667.5,1668.55,1665.95,1667.1,3702
2024-05-13 09:43:00,1667.1,1667.7,1665.05,1666.0,2494
2024-05-13 09:44:00,1666.4,1666.4,1662.3,1663.0,2241
2024-05-13 09:45:00,1663.0,1672.75,1663.0,1672.75,4199
2024-05-13 09:46:00,1672.75,1672.75,1668.9,1670.0,1150
2024-05-13 09:47:00,1670.0,1670.0,1668.1,1669.85,813
2024-05-13 09:48:00,1669.8,1670.0,1668.65,1669.95,2698
2024-05-13 09:49:00,1669.95,1669.95,1665.05,1666.15,6567
2024-05-13 09:50:00,1666.95,1667.25,1665.5,1667.15,709
2024-05-13 09:51:00,1665.55,1667.1,1664.0,1665.3,1410
2024-05-13 09:52:00,1664.85,1666.0,1661.85,1661.85,4214
2024-05-13 09:53:00,1661.85,1665.95,1661.85,1664.0,1840
2024-05-13 09:54:00,1664.0,1664.5,1663.0,1663.1,1974
2024-05-13 09:55:00,1663.1,1665.95,1661.35,1665.95,2862
2024-05-13 09:56:00,1665.95,1666.15,1663.0,1664.75,1583
2024-05-13 09:57:00,1664.75,1667.15,1663.0,1663.0,6543
2024-05-13 09:58:00,1664.85,1666.8,1663.2,1664.35,7177
2024-05-13 09:59:00,1664.35,1666.0,1663.55,1665.3,5662
2024-05-13 10:00:00,1665.3,1672.0,1664.95,1670.0,6827
2024-05-13 10:01:00,1670.0,1675.0,1670.0,1674.9,5637
2024-05-13 10:02:00,1674.9,1679.85,1673.65,1678.9,11143
2024-05-13 10:03:00,1679.0,1685.0,1673.5,1674.95,11781
2024-05-13 10:04:00,1675.0,1675.0,1672.0,1672.0,5695
2024-05-13 10:05:00,1672.0,1675.0,1671.2,1674.4,5851
2024-05-13 10:06:00,1674.05,1675.25,1673.6,1675.25,6042
2024-05-13 10:07:00,1675.0,1675.0,1671.3,1673.95,4228
2024-05-13 10:08:00,1674.85,1678.85,1673.95,1676.25,9538
2024-05-13 10:09:00,1676.25,1679.95,1675.9,1679.95,8631
2024-05-13 10:10:00,1679.1,1680.0,1674.6,1678.6,10364
2024-05-13 10:11:00,1676.75,1679.3,1674.55,1677.45,9464
2024-05-13 10:12:00,1677.45,1677.7,1673.05,1674.8,6936
2024-05-13 10:13:00,1674.85,1675.6,1670.3,1673.1,8980
2024-05-13 10:14:00,1673.1,1677.0,1670.3,1674.4,8713
2024-05-13 10:15:00,1674.4,1676.5,1672.1,1676.3,9860
2024-05-13 10:16:00,1676.85,1676.85,1671.5,1675.35,10441
2024-05-13 10:17:00,1675.35,1675.55,1671.05,1675.45,7121
2024-05-13 10:18:00,1675.45,1677.0,1674.15,1675.25,9345
2024-05-13 10:19:00,1675.05,1676.8,1672.05,1675.4,9251
2024-05-13 10:20:00,1675.55,1677.0,1674.05,1675.85,9952
2024-05-13 10:21:00,1676.0,1676.95,1672.65,1674.45,9171
2024-05-13 10:22:00,1674.45,1677.0,1674.45,1676.45,8759
2024-05-13 10:23:00,1676.45,1677.0,1674.05,1675.95,6662
2024-05-13 10:24:00,1674.65,1677.0,1674.65,1676.55,9354
2024-05-13 10:25:00,1675.05,1677.0,1675.0,1675.15,9094
2024-05-13 10:26:00,1676.2,1677.0,1675.2,1676.35,11865
2024-05-13 10:27:00,1676.3,1676.95,1674.05,1675.5,8685
2024-05-13 10:28:00,1675.5,1677.7,1675.3,1675.5,8133
2024-05-13 10:29:00,1676.8,1677.0,1675.4,1675.45,21086
2024-05-13 10:30:00,1675.6,1676.95,1674.0,1676.1,9395
2024-05-13 10:31:00,1676.45,1677.0,1675.3,1675.5,9788
2024-05-13 10:32:00,1676.25,1676.35,1670.0,1671.75,12356
2024-05-13 10:33:00,1671.75,1671.75,1665.95,1669.05,10315
2024-05-13 10:34:00,1669.05,1671.1,1666.55,1670.0,8925
2024-05-13 10:35:00,1670.0,1670.95,1666.2,1669.15,11715
2024-05-13 10:36:00,1669.15,1671.75,1666.35,1669.2,9320
2024-05-13 10:37:00,1669.2,1672.8,1665.0,1670.3,10740
2024-05-13 10:38:00,1670.3,1671.95,1667.05,1671.2,10135
2024-05-13 10:39:00,1671.2,1671.2,1666.15,1668.2,9429
2024-05-13 10:40:00,1668.2,1669.7,1665.4,1667.65,8899
2024-05-13 10:41:00,1667.65,1669.6,1667.0,1668.2,10467
2024-05-13 10:42:00,1668.2,1668.9,1662.5,1665.8,8749
2024-05-13 10:43:00,1665.8,1667.95,1661.15,1663.65,10493
2024-05-13 10:44:00,1663.65,1666.35,1663.15,1664.25,9223
2024-05-13 10:45:00,1664.25,1665.6,1660.0,1665.0,11448
2024-05-13 10:46:00,1665.0,1665.4,1661.1,1661.6,9806
2024-05-13 10:47:00,1662.05,1666.65,1660.1,1664.75,10840
2024-05-13 10:48:00,1664.75,1669.75,1663.4,1669.75,10651
2024-05-13 10:49:00,1669.75,1669.75,1663.1,1666.3,9080
2024-05-13 10:50:00,1667.95,1667.95,1664.0,1665.55,12321
2024-05-13 10:51:00,1665.55,1667.9,1662.8,1664.5,11010
2024-05-13 10:52:00,1664.55,1664.9,1661.1,1664.9,9751
2024-05-13 10:53:00,1664.9,1665.35,1662.05,1664.95,9358
2024-05-13 10:54:00,1664.95,1666.9,1662.95,1666.9,7418
2024-05-13 10:55:00,1665.5,1665.7,1660.05,1662.6,11256
2024-05-13 10:56:00,1662.6,1663.9,1660.55,1661.55,11424
2024-05-13 10:57:00,1661.95,1663.6,1661.5,1662.9,11092
2024-05-13 10:58:00,1662.9,1664.5,1661.0,1663.65,11168
2024-05-13 10:59:00,1663.6,1666.9,1662.0,1664.6,9776
2024-05-13 11:00:00,1664.6,1665.7,1661.0,1664.8,9827
2024-05-13 11:01:00,1664.8,1665.0,1660.35,1663.1,9043
2024-05-13 11:02:00,1664.35,1668.15,1662.25,1668.15,12213
2024-05-13 11:03:00,1669.2,1669.3,1665.45,1668.8,10838
2024-05-13 11:04:00,1668.8,1670.95,1666.15,1668.1,10511
2024-05-13 11:05:00,1668.1,1669.15,1666.55,1668.1,8805
2024-05-13 11:06:00,1668.7,1671.0,1667.2,1668.0,10220
2024-05-13 11:07:00,1670.0,1670.05,1665.0,1666.0,9982
2024-05-13 11:08:00,1667.0,1668.45,1662.85,1666.8,10557
2024-05-13 11:09:00,1665.15,1666.9,1663.05,1666.9,9471
2024-05-13 11:10:00,1666.05,1668.35,1665.0,1668.35,9904
2024-05-13 11:11:00,1668.3,1670.75,1665.3,1670.75,11727
2024-05-13 11:12:00,1670.75,1670.75,1665.3,1669.3,9052
2024-05-13 11:13:00,1669.3,1669.3,1664.5,1666.05,8825
2024-05-13 11:14:00,1667.4,1671.05,1666.1,1670.0,22480
2024-05-13 11:15:00,1670.0,1671.0,1667.5,1670.8,15264
2024-05-13 11:16:00,1670.8,1671.0,1669.0,1669.35,8284
2024-05-13 11:17:00,1669.35,1672.95,1667.3,1670.0,9259
2024-05-13 11:18:00,1671.25,1672.85,1668.0,1672.8,9212
2024-05-13 11:19:00,1672.8,1672.8,1667.8,1668.2,7964
2024-05-13 11:20:00,1669.95,1669.95,1665.15,1667.95,10388
2024-05-13 11:21:00,1667.95,1670.75,1666.9,1669.2,10453
2024-05-13 11:22:00,1669.2,1670.8,1667.1,1669.3,10292
2024-05-13 11:23:00,1669.3,1674.0,1668.05,1672.8,10577
2024-05-13 11:24:00,1672.8,1673.55,1670.0,1671.5,10061
2024-05-13 11:25:00,1673.2,1673.4,1671.2,1671.6,10143
2024-05-13 11:26:00,1672.85,1674.45,1671.55,1674.0,15679
2024-05-13 11:27:00,1674.0,1674.0,1671.0,1672.3,11074
2024-05-13 11:28:00,1672.3,1672.3,1666.0,1667.35,10157
2024-05-13 11:29:00,1667.9,1671.45,1666.65,1669.85,9256
2024-05-13 11:30:00,1669.85,1672.9,1667.55,1670.85,12138
2024-05-13 11:31:00,1670.85,1673.6,1668.25,1671.7,11861
2024-05-13 11:32:00,1673.15,1673.15,1668.15,1669.45,9532
2024-05-13 11:33:00,1669.45,1671.5,1667.5,1670.35,10155
2024-05-13 11:34:00,1671.5,1672.2,1667.4,1670.0,9254
2024-05-13 11:35:00,1669.55,1672.45,1668.35,1670.5,9916
2024-05-13 11:36:00,1670.5,1671.45,1668.35,1671.4,12226
2024-05-13 11:37:00,1671.35,1671.35,1668.55,1670.65,9259
2024-05-13 11:38:00,1670.65,1674.0,1669.3,1673.9,14696
2024-05-13 11:39:00,1673.9,1676.8,1671.05,1676.35,14109
2024-05-13 11:40:00,1676.8,1680.0,1674.0,1678.65,12863
2024-05-13 11:41:00,1678.65,1679.95,1670.2,1673.9,9292
2024-05-13 11:42:00,1673.9,1674.55,1668.25,1671.45,10812
2024-05-13 11:43:00,1671.45,1673.0,1668.4,1671.9,9221
2024-05-13 11:44:00,1671.9,1671.9,1666.0,1668.35,14229
2024-05-13 11:45:00,1668.35,1668.35,1663.25,1665.25,10549
2024-05-13 11:46:00,1665.25,1671.0,1664.85,1670.85,13362
2024-05-13 11:47:00,1670.85,1673.8,1669.25,1672.2,12646
2024-05-13 11:48:00,1672.2,1672.95,1668.3,1670.7,10954
2024-05-13 11:49:00,1670.7,1671.85,1668.55,1671.85,9506
2024-05-13 11:50:00,1671.85,1673.6,1670.35,1673.1,10571
2024-05-13 11:51:00,1673.1,1673.6,1670.0,1671.2,10395
2024-05-13 11:52:00,1672.7,1678.95,1670.55,1678.0,14428
2024-05-13 11:53:00,1678.0,1680.0,1674.0,1677.65,15512
2024-05-13 11:54:00,1677.65,1677.65,1673.45,1676.7,10374
2024-05-13 11:55:00,1676.7,1676.7,1670.7,1673.45,8639
2024-05-13 11:56:00,1673.45,1675.1,1670.55,1674.6,10276
2024-05-13 11:57:00,1674.6,1676.7,1672.55,1676.45,10838
2024-05-13 11:58:00,1676.45,1676.45,1670.0,1671.45,9903
2024-05-13 11:59:00,1671.45,1672.0,1666.15,1670.7,9885
2024-05-13 12:00:00,1670.7,1674.75,1669.1,1673.55,13019
2024-05-13 12:01:00,1673.55,1675.9,1670.9,1673.45,10445
2024-05-13 12:02:00,1672.5,1675.0,1671.25,1673.7,8779
2024-05-13 12:03:00,1673.7,1675.0,1672.1,1674.35,9202
2024-05-13 12:04:00,1674.35,1674.45,1670.5,1672.7,9071
2024-05-13 12:05:00,1672.7,1674.85,1672.6,1672.6,10870
2024-05-13 12:06:00,1672.6,1674.75,1671.55,1672.6,9516
2024-05-13 12:07:00,1672.95,1674.4,1670.0,1672.35,10163
2024-05-13 12:08:00,1671.3,1673.7,1671.25,1672.2,10110
2024-05-13 12:09:00,1672.2,1673.4,1668.0,1670.7,14261
2024-05-13 12:10:00,1670.7,1672.8,1669.15,1672.0,10289
2024-05-13 12:11:00,1672.0,1672.6,1668.6,1671.1,11153
2024-05-13 12:12:00,1672.95,1673.4,1668.55,1673.25,10414
2024-05-13 12:13:00,1673.25,1673.25,1668.75,1671.9,9000
2024-05-13 12:14:00,1671.9,1673.75,1670.35,1672.9,10202
2024-05-13 12:15:00,1672.2,1674.65,1672.2,1673.35,10369
2024-05-13 12:16:00,1674.8,1674.8,1670.25,1672.15,10582
2024-05-13 12:17:00,1672.15,1673.5,1670.25,1671.25,10838
2024-05-13 12:18:00,1671.25,1673.0,1670.25,1672.05,10546
2024-05-13 12:19:00,1671.65,1673.3,1670.0,1671.25,10364
2024-05-13 12:20:00,1671.25,1673.3,1670.0,1671.4,10581
2024-05-13 12:21:00,1671.4,1672.9,1670.0,1671.75,9643
2024-05-13 12:22:00,1671.75,1673.7,1670.55,1671.75,9370
2024-05-13 12:23:00,1671.75,1673.3,1671.15,1672.9,9048
2024-05-13 12:24:00,1672.9,1673.2,1671.25,1672.25,9183
2024-05-13 12:25:00,1671.4,1671.5,1667.9,1669.35,9192
2024-05-13 12:26:00,1669.35,1672.7,1668.25,1672.1,8616
2024-05-13 12:27:00,1672.05,1674.8,1671.1,1673.4,10451
2024-05-13 12:28:00,1673.5,1673.75,1671.35,1673.55,11606
2024-05-13 12:29:00,1672.35,1675.0,1672.05,1673.65,14908
2024-05-13 12:30:00,1674.45,1675.0,1673.0,1673.8,5510
2024-05-13 12:31:00,1674.9,1675.0,1672.85,1673.6,9037
2024-05-13 12:32:00,1674.9,1675.0,1673.65,1674.95,7472
2024-05-13 12:33:00,1674.95,1675.0,1674.0,1674.0,6108
2024-05-13 12:34:00,1674.0,1674.8,1672.6,1673.5,7456
2024-05-13 12:35:00,1673.5,1675.0,1673.15,1674.9,5177
2024-05-13 12:36:00,1675.0,1675.0,1671.4,1674.05,11003
2024-05-13 12:37:00,1672.95,1673.95,1671.45,1672.65,8963
2024-05-13 12:38:00,1672.65,1674.8,1672.2,1674.8,8350
2024-05-13 12:39:00,1673.65,1675.0,1673.3,1673.8,9079
2024-05-13 12:40:00,1675.0,1675.0,1673.0,1673.7,8896
2024-05-13 12:41:00,1673.6,1674.9,1671.1,1672.5,12176
2024-05-13 12:42:00,1671.75,1674.5,1671.6,1672.7,8677
2024-05-13 12:43:00,1672.7,1674.75,1672.7,1673.05,10031
2024-05-13 12:44:00,1673.05,1674.0,1671.4,1672.3,10509
2024-05-13 12:45:00,1672.3,1672.8,1670.05,1670.95,10627
2024-05-13 12:46:00,1672.4,1672.4,1669.0,1670.45,10600
2024-05-13 12:47:00,1670.45,1671.6,1669.5,1670.35,5722
2024-05-13 12:48:00,1672.7,1672.7,1669.5,1671.15,9255
2024-05-13 12:49:00,1673.0,1674.4,1670.65,1672.8,10095
2024-05-13 12:50:00,1672.6,1674.0,1672.0,1672.6,8604
2024-05-13 12:51:00,1672.35,1673.45,1671.0,1673.1,9252
2024-05-13 12:52:00,1671.65,1673.4,1670.35,1671.4,10113
2024-05-13 12:53:00,1672.0,1673.4,1670.4,1673.35,8670
2024-05-13 12:54:00,1671.6,1674.1,1670.65,1674.05,11256
2024-05-13 12:55:00,1674.0,1675.0,1673.3,1673.95,12695
2024-05-13 12:56:00,1673.7,1674.95,1673.2,1673.6,9554
2024-05-13 12:57:00,1673.5,1675.0,1673.25,1674.05,10593
2024-05-13 12:58:00,1674.05,1674.9,1673.3,1673.8,10142
2024-05-13 12:59:00,1674.8,1674.8,1673.3,1673.6,9006
2024-05-13 13:00:00,1673.6,1674.9,1673.2,1673.55,11339
2024-05-13 13:01:00,1673.55,1674.7,1672.2,1673.95,8824
2024-05-13 13:02:00,1674.7,1674.7,1672.5,1673.25,10136
2024-05-13 13:03:00,1673.25,1674.4,1672.0,1672.6,9195
2024-05-13 13:04:00,1672.2,1674.4,1671.95,1672.85,10298
2024-05-13 13:05:00,1672.85,1674.4,1672.6,1673.2,8604
2024-05-13 13:06:00,1673.2,1674.4,1671.75,1672.95,9300
2024-05-13 13:07:00,1672.9,1673.95,1671.8,1672.75,9418
2024-05-13 13:08:00,1672.75,1674.7,1672.5,1673.65,11516
2024-05-13 13:09:00,1674.7,1674.85,1673.35,1673.6,8431
2024-05-13 13:10:00,1673.6,1674.8,1673.3,1673.7,10264
2024-05-13 13:11:00,1673.55,1674.95,1673.55,1674.0,8799
2024-05-13 13:12:00,1673.7,1675.0,1672.9,1673.6,11762
2024-05-13 13:13:00,1673.7,1675.0,1673.5,1673.7,9686
2024-05-13 13:14:00,1673.7,1674.7,1673.2,1673.45,11511
2024-05-13 13:15:00,1673.45,1674.65,1673.1,1673.95,7903
2024-05-13 13:16:00,1673.95,1677.95,1673.4,1677.05,12667
2024-05-13 13:17:00,1677.05,1679.95,1676.1,1677.75,12331
2024-05-13 13:18:00,1678.7,1678.85,1674.15,1676.3,10073
2024-05-13 13:19:00,1676.3,1677.75,1673.65,1675.3,10939
2024-05-13 13:20:00,1675.3,1677.95,1672.35,1675.35,11463
2024-05-13 13:21:00,1675.15,1675.9,1672.9,1673.05,9228
2024-05-13 13:22:00,1673.05,1674.35,1670.35,1671.1,8556
2024-05-13 13:23:00,1671.1,1672.85,1670.0,1671.15,11612
2024-05-13 13:24:00,1671.15,1672.8,1669.3,1671.2,7675
2024-05-13 13:25:00,1671.2,1673.75,1670.15,1672.45,8459
2024-05-13 13:26:00,1673.75,1674.3,1671.15,1673.15,10568
2024-05-13 13:27:00,1673.9,1673.9,1671.15,1672.2,9493
2024-05-13 13:28:00,1672.2,1673.6,1670.2,1671.85,9168
2024-05-13 13:29:00,1671.85,1673.6,1670.65,1672.75,11468
2024-05-13 13:30:00,1672.75,1675.0,1672.1,1673.75,11098
2024-05-13 13:31:00,1673.75,1675.0,1670.6,1672.0,12504
2024-05-13 13:32:00,1671.4,1672.9,1670.0,1671.3,8331
2024-05-13 13:33:00,1671.3,1672.75,1669.95,1671.1,9189
2024-05-13 13:34:00,1672.4,1673.9,1670.65,1672.3,13444
2024-05-13 13:35:00,1673.3,1674.7,1671.6,1672.7,8204
2024-05-13 13:36:00,1672.7,1674.4,1671.65,1672.85,10023
2024-05-13 13:37:00,1672.85,1674.7,1672.6,1673.55,8492
2024-05-13 13:38:00,1673.55,1675.0,1673.4,1673.65,9330
2024-05-13 13:39:00,1673.8,1674.7,1672.9,1673.6,8641
2024-05-13 13:40:00,1674.65,1675.0,1673.35,1675.0,9292
2024-05-13 13:41:00,1674.0,1674.7,1672.5,1674.7,9150
2024-05-13 13:42:00,1674.7,1674.7,1672.65,1673.35,10510
2024-05-13 13:43:00,1674.25,1674.9,1672.9,1673.4,9805
2024-05-13 13:44:00,1673.4,1674.6,1673.0,1673.25,10048
2024-05-13 13:45:00,1673.25,1674.7,1672.7,1674.7,9083
2024-05-13 13:46:00,1673.7,1674.8,1673.0,1674.1,11073
2024-05-13 13:47:00,1674.1,1675.0,1673.55,1673.8,9785
2024-05-13 13:48:00,1674.65,1675.0,1673.25,1674.1,13049
2024-05-13 13:49:00,1673.75,1675.0,1673.75,1674.8,8937
2024-05-13 13:50:00,1674.8,1675.0,1673.35,1673.95,10343
2024-05-13 13:51:00,1673.75,1675.0,1673.25,1673.8,11292
2024-05-13 13:52:00,1673.8,1675.0,1673.8,1675.0,13033
2024-05-13 13:53:00,1673.9,1674.4,1672.15,1672.15,10055
2024-05-13 13:54:00,1674.0,1674.0,1671.35,1673.1,10803
2024-05-13 13:55:00,1673.1,1674.65,1672.05,1672.9,10662
2024-05-13 13:56:00,1673.8,1674.4,1672.7,1673.75,9403
2024-05-13 13:57:00,1673.75,1674.0,1672.55,1672.7,9172
2024-05-13 13:58:00,1674.0,1674.0,1671.7,1672.25,9048
2024-05-13 13:59:00,1672.25,1673.7,1671.0,1671.5,10143
2024-05-13 14:00:00,1672.55,1673.8,1671.7,1672.55,10509
2024-05-13 14:01:00,1673.6,1673.85,1672.15,1673.1,8527
2024-05-13 14:02:00,1673.85,1674.0,1672.55,1673.0,11029
2024-05-13 14:03:00,1672.65,1673.75,1671.15,1672.15,10463
2024-05-13 14:04:00,1672.15,1673.6,1671.25,1672.05,8200
2024-05-13 14:05:00,1672.05,1674.25,1671.6,1672.7,10169
2024-05-13 14:06:00,1672.1,1674.45,1672.1,1672.7,10337
2024-05-13 14:07:00,1672.7,1674.35,1672.7,1673.1,10188
2024-05-13 14:08:00,1673.1,1673.9,1672.25,1672.85,8496
2024-05-13 14:09:00,1672.85,1673.95,1672.05,1672.5,9948
2024-05-13 14:10:00,1673.4,1673.4,1671.25,1672.1,9720
2024-05-13 14:11:00,1673.25,1673.55,1671.9,1672.45,8457
2024-05-13 14:12:00,1672.35,1673.7,1671.65,1672.7,10047
2024-05-13 14:13:00,1672.5,1674.45,1672.5,1673.4,10533
2024-05-13 14:14:00,1674.4,1674.75,1672.9,1673.6,10434
2024-05-13 14:15:00,1674.65,1675.0,1673.55,1674.05,12205
2024-05-13 14:16:00,1674.05,1677.35,1673.35,1676.25,9149
2024-05-13 14:17:00,1676.4,1678.4,1675.45,1677.2,8819
2024-05-13 14:18:00,1676.4,1678.9,1676.15,1677.0,10849
2024-05-13 14:19:00,1676.35,1677.7,1674.7,1675.25,9960
2024-05-13 14:20:00,1675.25,1678.4,1674.3,1677.3,9014
2024-05-13 14:21:00,1678.25,1678.4,1675.9,1676.35,10864
2024-05-13 14:22:00,1676.35,1676.5,1674.0,1675.3,8842
2024-05-13 14:23:00,1675.3,1675.6,1672.75,1675.0,8691
2024-05-13 14:24:00,1675.35,1679.7,1674.35,1679.0,13763
2024-05-13 14:25:00,1679.0,1680.0,1678.25,1679.0,13933
2024-05-13 14:26:00,1679.45,1680.0,1677.15,1679.15,16149
2024-05-13 14:27:00,1680.0,1681.75,1678.0,1678.2,12273
2024-05-13 14:28:00,1679.4,1683.25,1677.5,1682.55,27646
2024-05-13 14:29:00,1684.0,1689.45,1683.2,1684.0,17749
2024-05-13 14:30:00,1684.0,1688.0,1683.75,1686.75,8642
2024-05-13 14:31:00,1686.75,1691.7,1686.5,1687.75,9355
2024-05-13 14:32:00,1686.6,1691.35,1686.15,1689.15,9283
2024-05-13 14:33:00,1689.15,1692.25,1688.7,1691.2,7743
2024-05-13 14:34:00,1689.95,1692.8,1689.95,1691.3,9204
2024-05-13 14:35:00,1691.2,1694.7,1691.2,1693.35,9702
2024-05-13 14:36:00,1693.35,1695.0,1693.35,1693.75,10911
2024-05-13 14:37:00,1693.2,1696.0,1693.1,1695.05,9269
2024-05-13 14:38:00,1695.05,1696.0,1692.5,1693.5,19693
2024-05-13 14:39:00,1694.8,1695.0,1693.0,1693.0,12878
2024-05-13 14:40:00,1693.0,1695.0,1690.4,1693.55,7970
2024-05-13 14:41:00,1692.0,1694.8,1690.75,1693.65,10779
2024-05-13 14:42:00,1694.35,1695.0,1693.65,1693.95,8527
2024-05-13 14:43:00,1693.95,1695.0,1693.6,1693.9,10750
2024-05-13 14:44:00,1694.95,1695.0,1693.55,1693.7,8982
2024-05-13 14:45:00,1693.7,1700.0,1693.7,1695.05,54703
2024-05-13 14:46:00,1693.9,1695.7,1690.85,1692.6,8300
2024-05-13 14:47:00,1692.55,1700.0,1692.4,1697.05,18085
2024-05-13 14:48:00,1698.2,1699.9,1694.75,1695.25,9808
2024-05-13 14:49:00,1695.25,1697.9,1693.7,1695.45,8989
2024-05-13 14:50:00,1695.45,1697.45,1694.15,1695.5,8025
2024-05-13 14:51:00,1694.4,1697.7,1693.9,1697.0,9227
2024-05-13 14:52:00,1697.6,1703.7,1696.2,1702.05,9346
2024-05-13 14:53:00,1703.1,1715.0,1703.1,1715.0,14799
2024-05-13 14:54:00,1715.35,1719.5,1712.1,1714.05,12214
2024-05-13 14:55:00,1714.05,1720.0,1713.05,1717.4,11291
2024-05-13 14:56:00,1719.75,1719.75,1715.0,1719.0,11456
2024-05-13 14:57:00,1718.95,1720.0,1712.4,1715.65,11490
2024-05-13 14:58:00,1715.6,1715.9,1711.55,1713.7,7466
2024-05-13 14:59:00,1712.2,1720.7,1712.2,1717.9,20424
2024-05-13 15:00:00,1719.75,1720.0,1716.3,1717.3,3518
2024-05-13 15:01:00,1717.3,1717.3,1711.95,1712.6,1844
2024-05-13 15:02:00,1712.6,1715.8,1711.0,1711.45,3028
2024-05-13 15:03:00,1711.45,1711.45,1709.1,1709.1,2303
2024-05-13 15:04:00,1709.4,1713.8,1708.5,1710.7,2090
2024-05-13 15:05:00,1710.7,1713.9,1710.1,1713.9,1590
2024-05-13 15:06:00,1713.9,1715.8,1712.3,1713.95,3037
2024-05-13 15:07:00,1714.3,1714.3,1711.25,1711.85,997
2024-05-13 15:08:00,1711.85,1712.0,1710.6,1711.1,1250
2024-05-13 15:09:00,1711.15,1712.85,1708.05,1708.35,3633
2024-05-13 15:10:00,1709.55,1709.6,1708.15,1708.15,1578
2024-05-13 15:11:00,1708.25,1708.25,1703.95,1704.95,3121
2024-05-13 15:12:00,1704.95,1708.2,1704.25,1706.25,2144
2024-05-13 15:13:00,1707.4,1707.7,1705.4,1706.9,1073
2024-05-13 15:14:00,1706.85,1706.9,1705.0,1705.0,3020
2024-05-13 15:15:00,1705.05,1707.9,1705.0,1707.0,2119
2024-05-13 15:16:00,1707.9,1707.9,1706.05,1707.9,1300
2024-05-13 15:17:00,1707.9,1709.25,1706.8,1707.9,1516
2024-05-13 15:18:00,1707.9,1709.25,1707.5,1709.2,1861
2024-05-13 15:19:00,1709.2,1709.2,1707.6,1707.75,1904
2024-05-13 15:20:00,1707.75,1715.95,1707.75,1715.05,5916
2024-05-13 15:21:00,1715.1,1717.8,1715.0,1717.8,2391
2024-05-13 15:22:00,1716.5,1720.0,1716.5,1719.95,5659
2024-05-13 15:23:00,1719.8,1720.0,1719.6,1719.65,3686
2024-05-13 15:24:00,1719.65,1719.9,1718.75,1719.75,1217
2024-05-13 15:25:00,1719.7,1719.9,1718.35,1718.8,3381
2024-05-13 15:26:00,1719.0,1719.8,1718.95,1719.3,3100
2024-05-13 15:27:00,1719.35,1719.6,1717.4,1718.0,2619
2024-05-13 15:28:00,1718.0,1718.0,1717.2,1717.9,1890
2024-05-13 15:29:00,1717.8,1735.0,1714.0,1717.0,19123
2024-05-14 09:15:00,1719.0,1727.75,1717.0,1726.05,3889
2024-05-14 09:16:00,1726.0,1726.25,1721.05,1721.15,1512
2024-05-14 09:17:00,1722.7,1722.7,1715.15,1715.75,2874
2024-05-14 09:18:00,1715.0,1718.25,1713.9,1717.0,2188
2024-05-14 09:19:00,1716.95,1717.05,1713.0,1715.6,3950
2024-05-14 09:20:00,1715.6,1717.05,1714.35,1714.95,3759
2024-05-14 09:21:00,1716.55,1716.55,1714.55,1714.7,1331
2024-05-14 09:22:00,1714.95,1714.95,1710.3,1714.1,2621
2024-05-14 09:23:00,1714.05,1714.25,1712.45,1712.75,1852
2024-05-14 09:24:00,1713.15,1713.15,1710.25,1710.25,1480
2024-05-14 09:25:00,1711.2,1711.3,1703.65,1703.65,1661
2024-05-14 09:26:00,1704.05,1711.55,1700.0,1710.75,4878
2024-05-14 09:27:00,1710.75,1712.0,1705.4,1706.65,1913
2024-05-14 09:28:00,1705.35,1706.8,1704.2,1705.0,1386
2024-05-14 09:29:00,1705.0,1706.8,1704.2,1705.0,1513
2024-05-14 09:30:00,1706.3,1706.8,1703.3,1705.05,2219
2024-05-14 09:31:00,1705.2,1707.9,1704.05,1707.75,1280
2024-05-14 09:32:00,1707.75,1710.0,1706.15,1708.65,2745
2024-05-14 09:33:00,1708.65,1708.65,1705.0,1707.35,2821
2024-05-14 09:34:00,1707.35,1707.5,1705.05,1705.6,748
2024-05-14 09:35:00,1705.6,1706.9,1705.0,1705.2,889
2024-05-14 09:36:00,1706.75,1706.75,1704.8,1705.35,1422
2024-05-14 09:37:00,1704.35,1705.75,1702.2,1703.45,1176
2024-05-14 09:38:00,1702.15,1703.0,1700.25,1700.7,2897
2024-05-14 09:39:00,1700.35,1701.95,1700.05,1700.7,1708
2024-05-14 09:40:00,1700.25,1703.3,1700.25,1702.1,1068
2024-05-14 09:41:00,1702.1,1703.5,1700.0,1700.9,2568
2024-05-14 09:42:00,1700.8,1701.05,1700.0,1701.05,1067
2024-05-14 09:43:00,1701.0,1701.7,1700.0,1700.15,1505
2024-05-14 09:44:00,1700.15,1700.15,1693.0,1693.35,6513
2024-05-14 09:45:00,1694.6,1694.6,1692.65,1693.0,1901
2024-05-14 09:46:00,1692.3,1694.0,1691.6,1691.6,2639
2024-05-14 09:47:00,1691.55,1694.0,1691.5,1692.0,2110
2024-05-14 09:48:00,1692.6,1693.0,1691.05,1692.45,958
2024-05-14 09:49:00,1692.45,1692.95,1690.15,1690.3,928
2024-05-14 09:50:00,1690.3,1691.3,1688.2,1689.0,2715
2024-05-14 09:51:00,1689.45,1689.5,1686.2,1686.45,1658
2024-05-14 09:52:00,1686.45,1688.0,1686.05,1686.05,1239
2024-05-14 09:53:00,1686.95,1687.75,1685.65,1686.95,1407
2024-05-14 09:54:00,1686.95,1688.3,1686.95,1687.5,1214
2024-05-14 09:55:00,1688.0,1689.25,1687.0,1689.25,1274
2024-05-14 09:56:00,1689.25,1693.85,1689.0,1693.65,2127
2024-05-14 09:57:00,1694.75,1698.85,1694.75,1695.95,2611
2024-05-14 09:58:00,1695.8,1696.95,1695.0,1695.95,805
2024-05-14 09:59:00,1695.95,1695.95,1693.85,1693.85,1147
2024-05-14 10:00:00,1693.65,1695.0,1691.3,1691.5,847
2024-05-14 10:01:00,1692.55,1692.55,1687.95,1688.7,1501
2024-05-14 10:02:00,1688.7,1689.0,1685.0,1686.0,4370
2024-05-14 10:03:00,1685.0,1687.35,1685.0,1687.35,1843
2024-05-14 10:04:00,1686.0,1690.95,1686.0,1690.8,1085
2024-05-14 10:05:00,1690.0,1690.6,1687.4,1687.4,1247
2024-05-14 10:06:00,1688.6,1689.05,1686.1,1687.75,1877
2024-05-14 10:07:00,1687.3,1688.8,1686.0,1688.75,1150
2024-05-14 10:08:00,1687.5,1688.85,1686.0,1686.95,1476
2024-05-14 10:09:00,1686.95,1687.2,1685.0,1686.35,1021
2024-05-14 10:10:00,1686.35,1686.9,1685.5,1686.0,930
2024-05-14 10:11:00,1686.35,1687.75,1685.5,1686.35,1525
2024-05-14 10:12:00,1686.35,1687.75,1686.0,1687.55,856
2024-05-14 10:13:00,1686.2,1692.0,1686.0,1690.7,4118
2024-05-14 10:14:00,1690.7,1702.0,1690.0,1701.1,5471
2024-05-14 10:15:00,1700.45,1712.0,1700.2,1708.15,5642
2024-05-14 10:16:00,1708.15,1709.2,1703.15,1703.15,591
2024-05-14 10:17:00,1703.15,1708.9,1701.55,1706.9,2625
2024-05-14 10:18:00,1708.0,1708.0,1705.3,1705.6,156
2024-05-14 10:19:00,1705.6,1710.0,1705.6,1709.4,3355
2024-05-14 10:20:00,1709.4,1710.0,1708.9,1709.9,1263
2024-05-14 10:21:00,1709.05,1709.9,1707.3,1708.8,586
2024-05-14 10:22:00,1707.5,1712.9,1707.5,1711.9,2345
2024-05-14 10:23:00,1711.9,1711.9,1708.0,1708.4,1913
2024-05-14 10:24:00,1708.4,1709.95,1708.4,1709.8,539
2024-05-14 10:25:00,1709.8,1709.8,1706.95,1707.95,296
2024-05-14 10:26:00,1707.95,1707.95,1705.35,1706.55,1108
2024-05-14 10:27:00,1705.55,1710.0,1703.45,1708.5,3514
2024-05-14 10:28:00,1707.65,1708.05,1702.05,1703.2,3688
2024-05-14 10:29:00,1703.2,1704.9,1699.5,1699.8,3303
2024-05-14 10:30:00,1699.8,1700.0,1698.0,1699.8,790
2024-05-14 10:31:00,1699.8,1700.0,1698.65,1698.65,441
2024-05-14 10:32:00,1698.0,1699.0,1696.7,1699.0,726
2024-05-14 10:33:00,1699.0,1699.8,1698.05,1699.35,287
2024-05-14 10:34:00,1699.35,1702.55,1699.0,1699.65,12893
2024-05-14 10:35:00,1699.6,1700.0,1699.0,1699.5,558
2024-05-14 10:36:00,1700.0,1700.0,1699.0,1699.4,544
2024-05-14 10:37:00,1699.4,1699.9,1698.0,1699.35,1078
2024-05-14 10:38:00,1699.35,1700.0,1699.1,1699.95,1016
2024-05-14 10:39:00,1699.95,1699.95,1698.75,1699.0,427
2024-05-14 10:40:00,1699.0,1699.5,1698.6,1699.35,488
2024-05-14 10:41:00,1699.35,1699.95,1698.0,1698.0,718
2024-05-14 10:42:00,1699.3,1699.3,1698.0,1699.0,274
2024-05-14 10:43:00,1699.25,1699.6,1699.25,1699.5,123
2024-05-14 10:44:00,1699.5,1700.0,1699.0,1699.95,1881
2024-05-14 10:45:00,1699.95,1700.0,1698.25,1698.25,1555
2024-05-14 10:46:00,1698.25,1700.0,1698.25,1699.25,6335
2024-05-14 10:47:00,1699.25,1700.0,1698.7,1699.25,6502
2024-05-14 10:48:00,1699.25,1700.0,1699.25,1700.0,6108
2024-05-14 10:49:00,1700.0,1700.0,1699.0,1699.5,20638
2024-05-14 10:50:00,1699.5,1703.4,1699.05,1703.0,11192
2024-05-14 10:51:00,1700.55,1704.0,1700.0,1702.1,9053
2024-05-14 10:52:00,1702.1,1706.0,1700.15,1705.75,9662
2024-05-14 10:53:00,1703.95,1706.65,1700.15,1701.35,6915
2024-05-14 10:54:00,1701.35,1706.45,1700.15,1706.45,9323
2024-05-14 10:55:00,1705.15,1715.95,1705.15,1714.0,11767
2024-05-14 10:56:00,1712.55,1717.0,1712.55,1715.55,12426
2024-05-14 10:57:00,1715.55,1717.95,1711.15,1712.9,13599
2024-05-14 10:58:00,1712.05,1714.6,1708.4,1712.35,11171
2024-05-14 10:59:00,1712.35,1716.1,1710.4,1712.75,9823
2024-05-14 11:00:00,1712.75,1714.8,1710.0,1710.5,8980
2024-05-14 11:01:00,1710.4,1713.75,1709.55,1713.1,10427
2024-05-14 11:02:00,1712.3,1717.7,1712.05,1717.0,10900
2024-05-14 11:03:00,1717.1,1719.85,1716.15,1717.25,13002
2024-05-14 11:04:00,1717.25,1720.0,1716.0,1717.25,13135
2024-05-14 11:05:00,1716.9,1719.8,1716.8,1717.8,8025
2024-05-14 11:06:00,1717.8,1720.95,1717.8,1718.3,15554
2024-05-14 11:07:00,1718.3,1720.5,1717.05,1719.0,13739
2024-05-14 11:08:00,1719.0,1720.0,1718.2,1719.55,13778
2024-05-14 11:09:00,1718.6,1720.0,1718.2,1718.6,10861
2024-05-14 11:10:00,1718.6,1720.0,1716.2,1717.45,8184
2024-05-14 11:11:00,1719.4,1719.7,1716.0,1718.6,11076
2024-05-14 11:12:00,1718.6,1719.95,1717.1,1718.5,10747
2024-05-14 11:13:00,1718.5,1720.0,1718.4,1720.0,9438
2024-05-14 11:14:00,1719.25,1720.0,1718.1,1719.95,10262
2024-05-14 11:15:00,1718.95,1720.0,1718.35,1718.7,11831
2024-05-14 11:16:00,1718.7,1722.0,1718.0,1720.15,13419
2024-05-14 11:17:00,1720.15,1722.0,1718.0,1720.6,10975
2024-05-14 11:18:00,1720.6,1724.0,1720.55,1724.0,10651
2024-05-14 11:19:00,1721.55,1725.0,1721.5,1725.0,7395
2024-05-14 11:20:00,1724.95,1725.0,1720.1,1720.7,12632
2024-05-14 11:21:00,1720.65,1724.65,1719.25,1720.95,10149
2024-05-14 11:22:00,1720.95,1723.9,1719.35,1720.6,12395
2024-05-14 11:23:00,1721.55,1722.5,1715.4,1719.3,14845
2024-05-14 11:24:00,1718.05,1720.8,1714.25,1715.4,11462
2024-05-14 11:25:00,1715.4,1720.05,1715.4,1720.05,11588
2024-05-14 11:26:00,1720.15,1721.7,1718.35,1720.0,8507
2024-05-14 11:27:00,1719.55,1721.7,1719.15,1719.55,14223
2024-05-14 11:28:00,1719.55,1722.4,1719.55,1721.0,12062
2024-05-14 11:29:00,1720.55,1721.9,1719.0,1719.75,11172
2024-05-14 11:30:00,1720.0,1721.8,1718.45,1719.15,13406
2024-05-14 11:31:00,1718.6,1720.9,1718.6,1720.9,7205
2024-05-14 11:32:00,1720.9,1721.8,1719.05,1719.95,11922
2024-05-14 11:33:00,1719.35,1721.5,1718.5,1719.0,12253
2024-05-14 11:34:00,1719.0,1720.1,1717.45,1719.55,10939
2024-05-14 11:35:00,1719.0,1722.45,1718.5,1721.0,12619
2024-05-14 11:36:00,1721.35,1725.1,1721.35,1724.5,17464
2024-05-14 11:37:00,1724.7,1725.0,1722.15,1722.15,15295
2024-05-14 11:38:00,1723.0,1724.95,1722.15,1724.45,14239
2024-05-14 11:39:00,1723.6,1725.05,1723.2,1724.2,15392
2024-05-14 11:40:00,1724.2,1725.0,1718.25,1720.9,15607
2024-05-14 11:41:00,1720.5,1725.0,1719.75,1724.65,31111
2024-05-14 11:42:00,1724.05,1729.75,1723.2,1728.05,18736
2024-05-14 11:43:00,1726.15,1732.3,1725.5,1731.9,15847
2024-05-14 11:44:00,1732.25,1738.9,1729.1,1738.75,20762
2024-05-14 11:45:00,1737.15,1749.2,1737.15,1747.25,25500
2024-05-14 11:46:00,1745.9,1757.8,1743.1,1756.4,34177
2024-05-14 11:47:00,1755.0,1764.9,1737.95,1740.0,44346
2024-05-14 11:48:00,1740.0,1745.15,1736.35,1738.05,28281
2024-05-14 11:49:00,1739.0,1747.95,1738.0,1743.0,20007
2024-05-14 11:50:00,1742.35,1749.0,1739.55,1742.1,18755
2024-05-14 11:51:00,1742.05,1746.95,1739.3,1745.0,18703
2024-05-14 11:52:00,1745.0,1755.0,1744.4,1746.2,32502
2024-05-14 11:53:00,1747.65,1749.05,1742.0,1744.15,13225
2024-05-14 11:54:00,1744.75,1747.8,1742.45,1743.8,15088
2024-05-14 11:55:00,1744.8,1750.0,1739.0,1744.9,20658
2024-05-14 11:56:00,1743.3,1746.8,1742.1,1743.35,10609
2024-05-14 11:57:00,1744.55,1747.9,1743.3,1746.0,14699
2024-05-14 11:58:00,1744.5,1747.7,1735.15,1736.45,15857
2024-05-14 11:59:00,1736.4,1739.25,1735.1,1735.5,14374
2024-05-14 12:00:00,1735.5,1744.9,1735.5,1743.6,10331
2024-05-14 12:01:00,1743.6,1748.0,1743.0,1745.9,9557
2024-05-14 12:02:00,1745.9,1749.45,1745.1,1745.1,9103
2024-05-14 12:03:00,1745.65,1747.7,1743.85,1746.8,8230
2024-05-14 12:04:00,1746.8,1750.0,1745.8,1748.7,9505
2024-05-14 12:05:00,1749.7,1750.0,1747.05,1749.0,11092
2024-05-14 12:06:00,1749.0,1749.5,1745.55,1745.55,9212
2024-05-14 12:07:00,1745.2,1747.75,1745.15,1745.15,10334
2024-05-14 12:08:00,1745.15,1747.9,1745.15,1746.0,11735
2024-05-14 12:09:00,1745.25,1749.8,1745.25,1747.2,12032
2024-05-14 12:10:00,1746.2,1748.9,1743.1,1743.25,14015
2024-05-14 12:11:00,1743.25,1746.0,1742.0,1743.7,10885
2024-05-14 12:12:00,1744.8,1747.35,1743.1,1743.1,11265
2024-05-14 12:13:00,1743.1,1748.4,1743.1,1746.1,11953
2024-05-14 12:14:00,1746.1,1748.7,1745.0,1745.0,10167
2024-05-14 12:15:00,1743.4,1748.7,1743.4,1747.6,15368
2024-05-14 12:16:00,1748.65,1750.0,1747.0,1747.2,18808
2024-05-14 12:17:00,1747.05,1749.8,1747.05,1747.5,12490
2024-05-14 12:18:00,1747.5,1749.55,1745.55,1745.55,8451
2024-05-14 12:19:00,1745.25,1748.8,1745.0,1745.0,11940
2024-05-14 12:20:00,1745.0,1748.25,1745.0,1746.15,12064
2024-05-14 12:21:00,1746.15,1749.9,1746.15,1748.8,17764
2024-05-14 12:22:00,1748.65,1750.0,1745.65,1746.55,14668
2024-05-14 12:23:00,1746.55,1748.9,1745.35,1746.15,8822
2024-05-14 12:24:00,1746.3,1747.95,1745.1,1746.15,11712
2024-05-14 12:25:00,1746.15,1747.6,1743.5,1744.3,12034
2024-05-14 12:26:00,1744.3,1747.55,1744.3,1746.65,10775
2024-05-14 12:27:00,1746.65,1748.45,1746.2,1747.1,11209
2024-05-14 12:28:00,1747.1,1749.95,1747.1,1749.0,11773
2024-05-14 12:29:00,1749.95,1750.0,1748.55,1748.55,8547
2024-05-14 12:30:00,1748.55,1749.95,1747.65,1748.15,10150
2024-05-14 12:31:00,1748.15,1750.0,1748.15,1748.7,10326
2024-05-14 12:32:00,1748.7,1750.0,1748.3,1748.8,10544
2024-05-14 12:33:00,1748.85,1750.0,1748.0,1748.0,11733
2024-05-14 12:34:00,1748.75,1749.5,1747.35,1748.1,11204
2024-05-14 12:35:00,1748.1,1749.7,1747.8,1748.2,8310
2024-05-14 12:36:00,1749.25,1749.8,1748.0,1748.35,9884
2024-05-14 12:37:00,1748.35,1750.0,1748.35,1748.85,11281
2024-05-14 12:38:00,1748.85,1750.0,1748.3,1748.3,9475
2024-05-14 12:39:00,1748.3,1763.75,1748.3,1760.5,49837
2024-05-14 12:40:00,1760.5,1762.8,1757.25,1757.65,11263
2024-05-14 12:41:00,1757.65,1761.8,1755.1,1755.1,14389
2024-05-14 12:42:00,1755.1,1756.15,1751.9,1753.4,10236
2024-05-14 12:43:00,1753.4,1756.35,1751.0,1752.15,10921
2024-05-14 12:44:00,1752.15,1753.9,1750.15,1752.7,10969
2024-05-14 12:45:00,1752.7,1756.55,1751.65,1756.55,9462
2024-05-14 12:46:00,1756.55,1759.25,1755.7,1758.1,10984
2024-05-14 12:47:00,1758.8,1760.0,1756.0,1756.0,11860
2024-05-14 12:48:00,1756.0,1759.25,1755.2,1757.05,11734
2024-05-14 12:49:00,1757.05,1759.7,1755.45,1756.4,12253
2024-05-14 12:50:00,1756.4,1758.6,1755.1,1757.4,11306
2024-05-14 12:51:00,1757.4,1758.35,1755.45,1756.05,8635
2024-05-14 12:52:00,1756.05,1759.7,1756.0,1759.0,11358
2024-05-14 12:53:00,1759.0,1760.0,1758.6,1758.95,13871
2024-05-14 12:54:00,1759.6,1759.9,1757.0,1757.3,8995
2024-05-14 12:55:00,1757.05,1759.6,1757.0,1758.1,11443
2024-05-14 12:56:00,1758.1,1759.45,1755.25,1756.45,13363
2024-05-14 12:57:00,1755.35,1756.8,1751.15,1753.6,10998
2024-05-14 12:58:00,1753.6,1755.65,1752.25,1754.65,11834
2024-05-14 12:59:00,1754.65,1756.9,1753.85,1755.15,10415
2024-05-14 13:00:00,1756.7,1757.8,1755.0,1755.8,11327
2024-05-14 13:01:00,1756.1,1757.0,1752.6,1755.25,10542
2024-05-14 13:02:00,1756.4,1756.85,1753.15,1754.55,11291
2024-05-14 13:03:00,1754.55,1756.65,1754.55,1755.1,10979
2024-05-14 13:04:00,1755.1,1756.3,1752.85,1754.7,9375
2024-05-14 13:05:00,1754.7,1756.7,1753.45,1755.65,12153
2024-05-14 13:06:00,1755.6,1757.9,1755.15,1755.15,11757
2024-05-14 13:07:00,1756.9,1757.0,1753.55,1756.2,12146
2024-05-14 13:08:00,1757.0,1757.0,1755.3,1756.05,12023
2024-05-14 13:09:00,1756.05,1757.0,1754.0,1755.25,12041
2024-05-14 13:10:00,1755.25,1756.5,1754.6,1755.35,8792
2024-05-14 13:11:00,1755.3,1757.0,1755.3,1755.7,10762
2024-05-14 13:12:00,1755.7,1757.0,1755.45,1756.0,13767
2024-05-14 13:13:00,1756.0,1757.8,1755.0,1756.1,13723
2024-05-14 13:14:00,1756.1,1757.5,1755.2,1756.0,10492
2024-05-14 13:15:00,1756.0,1757.3,1755.05,1757.0,8492
2024-05-14 13:16:00,1757.0,1760.0,1756.3,1759.2,14742
2024-05-14 13:17:00,1759.45,1760.0,1759.0,1759.2,22928
2024-05-14 13:18:00,1759.2,1760.0,1757.85,1759.25,18618
2024-05-14 13:19:00,1759.1,1760.0,1756.6,1757.6,19373
2024-05-14 13:20:00,1757.6,1760.0,1756.3,1759.1,14131
2024-05-14 13:21:00,1759.1,1760.0,1757.7,1758.55,14261
2024-05-14 13:22:00,1759.9,1760.0,1757.9,1759.7,13020
2024-05-14 13:23:00,1759.7,1759.7,1756.0,1756.25,8017
2024-05-14 13:24:00,1756.0,1758.75,1755.15,1756.5,10452
2024-05-14 13:25:00,1756.1,1758.1,1755.15,1756.35,11071
2024-05-14 13:26:00,1756.35,1757.2,1755.0,1756.85,10931
2024-05-14 13:27:00,1756.85,1756.85,1753.0,1754.5,13126
2024-05-14 13:28:00,1754.5,1756.4,1753.1,1753.4,11621
2024-05-14 13:29:00,1753.4,1755.4,1751.55,1753.55,12360
2024-05-14 13:30:00,1753.55,1755.85,1753.1,1754.25,14121
2024-05-14 13:31:00,1754.25,1754.65,1752.45,1753.2,9169
2024-05-14 13:32:00,1753.2,1755.7,1752.5,1754.65,11565
2024-05-14 13:33:00,1754.65,1756.5,1753.6,1754.95,11739
2024-05-14 13:34:00,1754.95,1755.85,1750.85,1753.5,11902
2024-05-14 13:35:00,1754.0,1754.0,1751.15,1752.6,10279
2024-05-14 13:36:00,1752.6,1753.9,1751.2,1752.25,10607
2024-05-14 13:37:00,1752.25,1754.45,1751.4,1754.45,10839
2024-05-14 13:38:00,1754.45,1754.75,1752.4,1753.1,10594
2024-05-14 13:39:00,1753.1,1755.3,1752.2,1753.7,9584
2024-05-14 13:40:00,1755.35,1756.5,1754.0,1755.35,10908
2024-05-14 13:41:00,1755.35,1756.85,1753.05,1754.5,11306
2024-05-14 13:42:00,1754.5,1755.2,1753.0,1754.0,10323
2024-05-14 13:43:00,1754.0,1755.2,1752.6,1753.7,10844
2024-05-14 13:44:00,1753.7,1755.7,1753.2,1753.9,10078
2024-05-14 13:45:00,1753.9,1754.95,1752.55,1753.6,8710
2024-05-14 13:46:00,1753.6,1755.9,1753.5,1755.15,12162
2024-05-14 13:47:00,1755.15,1756.9,1754.2,1754.75,13526
2024-05-14 13:48:00,1754.75,1756.7,1754.55,1755.1,12577
2024-05-14 13:49:00,1755.1,1755.9,1752.6,1752.6,9362
2024-05-14 13:50:00,1754.65,1758.15,1753.0,1757.1,14225
2024-05-14 13:51:00,1757.1,1759.4,1755.7,1757.9,12977
2024-05-14 13:52:00,1758.3,1774.0,1758.2,1771.3,28869
2024-05-14 13:53:00,1772.75,1774.8,1770.15,1773.05,18885
2024-05-14 13:54:00,1773.05,1773.25,1768.45,1769.25,12393
2024-05-14 13:55:00,1769.25,1770.35,1766.0,1766.95,10503
2024-05-14 13:56:00,1768.0,1769.35,1762.15,1762.45,9753
2024-05-14 13:57:00,1762.45,1766.55,1762.45,1764.6,11616
2024-05-14 13:58:00,1764.6,1769.95,1763.3,1767.85,14939
2024-05-14 13:59:00,1768.45,1769.0,1765.7,1765.7,9940
2024-05-14 14:00:00,1768.35,1769.0,1765.9,1767.05,14457
2024-05-14 14:01:00,1767.05,1768.65,1764.95,1766.35,11768
2024-05-14 14:02:00,1766.35,1769.0,1766.35,1768.2,14117
2024-05-14 14:03:00,1768.2,1769.95,1765.6,1766.65,10717
2024-05-14 14:04:00,1767.9,1768.4,1765.2,1765.3,12535
2024-05-14 14:05:00,1765.3,1767.3,1763.7,1766.05,8976
2024-05-14 14:06:00,1766.05,1768.4,1766.05,1767.05,12364
2024-05-14 14:07:00,1767.05,1767.9,1763.25,1765.5,12728
2024-05-14 14:08:00,1765.5,1766.85,1763.65,1765.5,11188
2024-05-14 14:09:00,1765.5,1767.8,1764.7,1767.8,11925
2024-05-14 14:10:00,1767.8,1767.8,1765.2,1765.5,9183
2024-05-14 14:11:00,1765.5,1767.65,1765.5,1766.3,11860
2024-05-14 14:12:00,1766.3,1767.8,1764.4,1764.4,12310
2024-05-14 14:13:00,1764.3,1765.8,1760.7,1762.0,12068
2024-05-14 14:14:00,1762.0,1763.15,1760.15,1761.9,9702
2024-05-14 14:15:00,1762.0,1766.15,1762.0,1764.6,13613
2024-05-14 14:16:00,1764.6,1767.0,1764.0,1764.0,15255
2024-05-14 14:17:00,1764.0,1765.8,1763.15,1764.1,14655
2024-05-14 14:18:00,1764.1,1766.3,1764.0,1765.0,10970
2024-05-14 14:19:00,1765.0,1767.8,1765.0,1767.2,12181
2024-05-14 14:20:00,1769.0,1770.0,1767.1,1769.05,28325
2024-05-14 14:21:00,1769.05,1770.0,1767.65,1768.55,11626
2024-05-14 14:22:00,1768.55,1770.0,1768.2,1768.95,15287
2024-05-14 14:23:00,1768.55,1769.0,1765.0,1766.55,12792
2024-05-14 14:24:00,1766.5,1766.8,1763.45,1765.7,10455
2024-05-14 14:25:00,1765.7,1766.9,1763.6,1764.8,11519
2024-05-14 14:26:00,1764.55,1767.7,1764.0,1765.2,9065
2024-05-14 14:27:00,1764.05,1766.4,1764.05,1765.2,11317
2024-05-14 14:28:00,1765.2,1766.4,1764.6,1765.1,10719
2024-05-14 14:29:00,1765.1,1766.35,1762.65,1764.35,12212
2024-05-14 14:30:00,1764.2,1766.5,1764.2,1765.6,8441
2024-05-14 14:31:00,1765.6,1769.7,1765.3,1768.9,9598
2024-05-14 14:32:00,1767.85,1769.8,1767.65,1769.0,9209
2024-05-14 14:33:00,1768.65,1770.0,1768.6,1769.4,13591
2024-05-14 14:34:00,1769.4,1770.0,1768.6,1769.05,9347
2024-05-14 14:35:00,1769.05,1770.0,1768.7,1769.0,12310
2024-05-14 14:36:00,1769.0,1770.0,1767.8,1769.95,15605
2024-05-14 14:37:00,1769.1,1770.0,1769.0,1769.0,11273
2024-05-14 14:38:00,1769.0,1770.0,1768.6,1769.95,13037
2024-05-14 14:39:00,1769.0,1770.0,1768.6,1769.1,8603
2024-05-14 14:40:00,1769.1,1770.0,1768.4,1769.95,12568
2024-05-14 14:41:00,1769.1,1769.9,1768.0,1769.7,7967
2024-05-14 14:42:00,1769.05,1770.0,1769.0,1769.95,12637
2024-05-14 14:43:00,1769.15,1779.0,1769.1,1777.95,18741
2024-05-14 14:44:00,1777.9,1784.8,1776.3,1783.6,19246
2024-05-14 14:45:00,1783.6,1784.9,1780.65,1781.95,10171
2024-05-14 14:46:00,1782.0,1789.85,1780.55,1789.6,15805
2024-05-14 14:47:00,1790.0,1790.0,1785.0,1785.0,14403
2024-05-14 14:48:00,1785.0,1787.95,1785.0,1787.15,10067
2024-05-14 14:49:00,1787.5,1790.0,1786.75,1790.0,25855
2024-05-14 14:50:00,1789.25,1790.0,1785.65,1786.15,21447
2024-05-14 14:51:00,1786.15,1788.4,1785.5,1787.1,10230
2024-05-14 14:52:00,1787.1,1790.0,1786.3,1790.0,12292
2024-05-14 14:53:00,1789.2,1790.0,1788.25,1789.85,15340
2024-05-14 14:54:00,1788.6,1790.0,1788.25,1789.3,13868
2024-05-14 14:55:00,1789.3,1796.8,1789.1,1794.0,22252
2024-05-14 14:56:00,1793.25,1795.8,1791.4,1792.2,10315
2024-05-14 14:57:00,1792.2,1798.45,1791.0,1796.3,13662
2024-05-14 14:58:00,1798.0,1800.0,1795.2,1796.35,37916
2024-05-14 14:59:00,1794.95,1799.55,1793.85,1797.9,13336
2024-05-14 15:00:00,1797.85,1800.0,1796.1,1796.1,10249
2024-05-14 15:01:00,1796.0,1796.0,1788.35,1788.45,4688
2024-05-14 15:02:00,1788.15,1788.6,1783.55,1786.0,4928
2024-05-14 15:03:00,1785.5,1786.35,1784.2,1785.3,4080
2024-05-14 15:04:00,1785.3,1790.0,1785.3,1789.2,3657
2024-05-14 15:05:00,1789.4,1789.4,1784.55,1785.0,2266
2024-05-14 15:06:00,1785.0,1785.4,1781.25,1784.95,4602
2024-05-14 15:07:00,1784.95,1786.65,1780.2,1780.6,4572
2024-05-14 15:08:00,1780.6,1780.6,1775.05,1777.0,4768
2024-05-14 15:09:00,1777.0,1784.85,1776.05,1784.85,2828
2024-05-14 15:10:00,1784.2,1786.35,1781.6,1781.95,5935
2024-05-14 15:11:00,1781.95,1786.9,1780.4,1785.0,3759
2024-05-14 15:12:00,1785.0,1786.3,1782.0,1785.95,7977
2024-05-14 15:13:00,1785.95,1787.9,1783.2,1785.0,8772
2024-05-14 15:14:00,1785.0,1787.7,1785.0,1785.7,7026
2024-05-14 15:15:00,1785.7,1788.75,1785.35,1786.7,4009
2024-05-14 15:16:00,1786.7,1786.7,1785.0,1785.6,3381
2024-05-14 15:17:00,1786.0,1789.0,1785.0,1787.0,4917
2024-05-14 15:18:00,1788.45,1789.3,1786.05,1788.3,5487
2024-05-14 15:19:00,1788.0,1791.0,1786.35,1790.4,7159
2024-05-14 15:20:00,1790.95,1795.9,1790.25,1795.2,8568
2024-05-14 15:21:00,1795.25,1796.65,1795.05,1795.05,5402
2024-05-14 15:22:00,1795.05,1795.55,1793.75,1794.8,4801
2024-05-14 15:23:00,1794.8,1794.8,1791.55,1793.1,4591
2024-05-14 15:24:00,1794.0,1795.0,1793.0,1793.0,3829
2024-05-14 15:25:00,1793.0,1794.5,1792.75,1794.0,4184
2024-05-14 15:26:00,1792.7,1794.0,1792.6,1793.0,4607
2024-05-14 15:27:00,1793.0,1793.95,1782.1,1788.2,17344
2024-05-14 15:28:00,1787.95,1790.85,1785.05,1786.8,6479
2024-05-14 15:29:00,1786.8,1789.0,1785.6,1786.05,5782
2024-05-15 09:15:00,1790.0,1794.8,1785.0,1789.7,6591
2024-05-15 09:16:00,1788.1,1791.6,1782.65,1791.6,6538
2024-05-15 09:17:00,1791.6,1808.8,1791.45,1801.75,13757
2024-05-15 09:18:00,1800.35,1807.5,1796.2,1805.8,8722
2024-05-15 09:19:00,1805.75,1808.45,1795.35,1796.85,6636
2024-05-15 09:20:00,1795.25,1795.25,1792.05,1793.1,4274
2024-05-15 09:21:00,1793.55,1793.55,1786.1,1789.0,7972
2024-05-15 09:22:00,1789.0,1789.0,1786.45,1786.45,2631
2024-05-15 09:23:00,1787.45,1788.85,1785.35,1787.4,3368
2024-05-15 09:24:00,1787.35,1797.8,1787.3,1797.55,3949
2024-05-15 09:25:00,1797.55,1799.05,1795.5,1798.95,5489
2024-05-15 09:26:00,1799.0,1800.0,1798.0,1800.0,3710
2024-05-15 09:27:00,1799.0,1802.0,1799.0,1801.0,2609
2024-05-15 09:28:00,1801.0,1801.0,1795.05,1796.25,3638
2024-05-15 09:29:00,1796.35,1799.3,1796.25,1797.1,2125
2024-05-15 09:30:00,1797.95,1801.75,1797.1,1800.2,2563
2024-05-15 09:31:00,1801.0,1806.0,1801.0,1805.9,3433
2024-05-15 09:32:00,1805.9,1806.95,1804.0,1804.25,5044
2024-05-15 09:33:00,1804.25,1807.45,1802.05,1802.05,5730
2024-05-15 09:34:00,1803.1,1803.6,1787.3,1790.0,7186
2024-05-15 09:35:00,1790.0,1792.0,1785.0,1786.65,8951
2024-05-15 09:36:00,1786.65,1795.55,1786.35,1795.55,1949
2024-05-15 09:37:00,1795.55,1797.75,1793.8,1797.6,4905
2024-05-15 09:38:00,1797.8,1797.8,1795.1,1795.95,1493
2024-05-15 09:39:00,1795.35,1800.75,1795.35,1799.1,2023
2024-05-15 09:40:00,1800.65,1803.1,1799.05,1803.1,1018
2024-05-15 09:41:00,1803.9,1806.0,1803.0,1805.1,6955
2024-05-15 09:42:00,1805.1,1807.0,1804.65,1807.0,1597
2024-05-15 09:43:00,1807.5,1808.55,1805.8,1805.85,2799
2024-05-15 09:44:00,1805.85,1806.9,1802.55,1806.0,926
2024-05-15 09:45:00,1806.0,1807.5,1806.0,1806.45,1816
2024-05-15 09:46:00,1806.45,1807.7,1806.2,1807.7,3450
2024-05-15 09:47:00,1807.0,1808.0,1806.0,1806.0,1550
2024-05-15 09:48:00,1806.0,1815.0,1805.85,1813.45,10519
2024-05-15 09:49:00,1814.8,1818.0,1812.7,1818.0,7731
2024-05-15 09:50:00,1816.95,1823.0,1816.95,1822.3,11280
2024-05-15 09:51:00,1823.0,1823.6,1813.05,1815.6,5444
2024-05-15 09:52:00,1815.6,1819.0,1814.0,1819.0,2726
2024-05-15 09:53:00,1819.0,1820.0,1817.7,1818.9,2966
2024-05-15 09:54:00,1818.9,1819.35,1815.6,1817.6,1354
2024-05-15 09:55:00,1817.6,1818.85,1812.4,1816.35,5869
2024-05-15 09:56:00,1815.35,1818.0,1805.25,1809.15,14020
2024-05-15 09:57:00,1809.15,1816.25,1808.05,1811.25,6535
2024-05-15 09:58:00,1812.0,1815.3,1810.2,1814.65,2774
2024-05-15 09:59:00,1814.65,1818.85,1814.65,1818.5,3051
2024-05-15 10:00:00,1818.5,1820.0,1811.6,1811.6,13025
2024-05-15 10:01:00,1813.65,1816.0,1812.0,1815.25,3546
2024-05-15 10:02:00,1815.05,1816.6,1813.25,1814.9,3544
2024-05-15 10:03:00,1814.9,1818.0,1813.9,1816.4,5276
2024-05-15 10:04:00,1816.4,1816.9,1812.9,1813.05,1776
2024-05-15 10:05:00,1813.25,1814.85,1812.0,1812.0,1779
2024-05-15 10:06:00,1812.0,1812.0,1802.6,1803.15,3526
2024-05-15 10:07:00,1803.15,1808.0,1802.05,1808.0,2297
2024-05-15 10:08:00,1808.05,1809.0,1800.0,1801.7,8945
2024-05-15 10:09:00,1801.7,1805.05,1800.95,1805.0,2720
2024-05-15 10:10:00,1806.0,1807.15,1806.0,1806.8,592
2024-05-15 10:11:00,1806.1,1811.3,1806.1,1811.3,1623
2024-05-15 10:12:00,1809.45,1811.7,1809.45,1811.7,3054
2024-05-15 10:13:00,1811.7,1814.4,1811.05,1814.4,2830
2024-05-15 10:14:00,1814.4,1817.1,1814.0,1816.0,3375
2024-05-15 10:15:00,1816.0,1818.0,1816.0,1818.0,3775
2024-05-15 10:16:00,1818.0,1818.05,1815.0,1815.0,9793
2024-05-15 10:17:00,1815.0,1818.5,1815.0,1818.0,4849
2024-05-15 10:18:00,1818.0,1819.95,1818.0,1819.0,6838
2024-05-15 10:19:00,1819.05,1820.0,1819.0,1819.55,14606
2024-05-15 10:20:00,1819.55,1820.0,1819.5,1819.55,6896
2024-05-15 10:21:00,1819.8,1820.0,1819.5,1819.5,7181
2024-05-15 10:22:00,1819.5,1820.0,1817.1,1817.1,5031
2024-05-15 10:23:00,1817.1,1819.8,1817.1,1818.75,8033
2024-05-15 10:24:00,1818.75,1820.0,1818.75,1819.5,6507
2024-05-15 10:25:00,1819.5,1820.0,1819.5,1819.55,8852
2024-05-15 10:26:00,1819.55,1820.0,1818.65,1819.65,15444
2024-05-15 10:27:00,1818.7,1820.0,1818.7,1819.5,5703
2024-05-15 10:28:00,1820.0,1820.0,1819.2,1819.85,6241
2024-05-15 10:29:00,1819.5,1820.0,1819.5,1819.7,6423
2024-05-15 10:30:00,1819.95,1820.0,1816.45,1816.8,13839
2024-05-15 10:31:00,1817.85,1820.0,1817.35,1819.2,6760
2024-05-15 10:32:00,1819.2,1820.0,1819.2,1819.6,7106
2024-05-15 10:33:00,1819.6,1823.0,1819.55,1819.6,26799
2024-05-15 10:34:00,1819.6,1820.0,1818.5,1819.25,3691
2024-05-15 10:35:00,1819.25,1822.95,1819.25,1821.1,7561
2024-05-15 10:36:00,1821.1,1825.0,1821.1,1823.95,9611
2024-05-15 10:37:00,1824.05,1828.0,1823.6,1824.9,10220
2024-05-15 10:38:00,1824.9,1825.45,1821.45,1825.45,8601
2024-05-15 10:39:00,1824.8,1829.2,1824.8,1829.0,25702
2024-05-15 10:40:00,1829.0,1829.0,1821.2,1824.05,18531
2024-05-15 10:41:00,1824.85,1825.0,1823.55,1825.0,12372
2024-05-15 10:42:00,1825.0,1825.0,1822.05,1823.85,8154
2024-05-15 10:43:00,1823.8,1825.0,1822.05,1824.05,9014
2024-05-15 10:44:00,1824.05,1825.0,1823.6,1825.0,8027
2024-05-15 10:45:00,1825.0,1828.05,1823.3,1827.0,35319
2024-05-15 10:46:00,1826.85,1829.8,1825.0,1828.35,10517
2024-05-15 10:47:00,1828.35,1834.4,1824.25,1825.0,20014
2024-05-15 10:48:00,1824.95,1825.0,1821.8,1821.8,11074
2024-05-15 10:49:00,1823.0,1823.0,1818.05,1819.1,8004
2024-05-15 10:50:00,1819.1,1825.85,1819.1,1825.15,8863
2024-05-15 10:51:00,1825.15,1833.75,1824.45,1832.2,10277
2024-05-15 10:52:00,1833.3,1834.0,1830.0,1831.55,11497
2024-05-15 10:53:00,1831.3,1832.95,1828.3,1832.75,7608
2024-05-15 10:54:00,1832.3,1834.0,1830.55,1832.9,8371
2024-05-15 10:55:00,1832.9,1832.95,1828.35,1832.7,8909
2024-05-15 10:56:00,1831.9,1834.0,1831.15,1834.0,12680
2024-05-15 10:57:00,1834.0,1834.0,1830.65,1832.5,11280
2024-05-15 10:58:00,1832.45,1834.0,1829.2,1829.2,11265
2024-05-15 10:59:00,1829.2,1831.8,1828.3,1830.85,9970
2024-05-15 11:00:00,1831.0,1832.8,1830.1,1831.55,8469
2024-05-15 11:01:00,1831.5,1832.6,1830.1,1831.35,9611
2024-05-15 11:02:00,1831.9,1832.5,1828.6,1832.0,9607
2024-05-15 11:03:00,1832.0,1833.35,1831.1,1832.2,8654
2024-05-15 11:04:00,1832.2,1833.8,1831.25,1832.4,10323
2024-05-15 11:05:00,1832.4,1833.7,1830.0,1832.95,9896
2024-05-15 11:06:00,1832.3,1833.3,1829.25,1832.45,12408
2024-05-15 11:07:00,1831.65,1831.8,1829.05,1829.05,9267
2024-05-15 11:08:00,1829.05,1829.8,1827.15,1828.5,8181
2024-05-15 11:09:00,1828.5,1830.0,1825.95,1826.7,8881
2024-05-15 11:10:00,1826.7,1827.9,1825.6,1826.55,10978
2024-05-15 11:11:00,1826.3,1830.0,1826.15,1829.0,9580
2024-05-15 11:12:00,1828.55,1828.6,1825.1,1827.0,10454
2024-05-15 11:13:00,1826.1,1826.3,1823.9,1825.1,9975
2024-05-15 11:14:00,1825.8,1827.25,1824.1,1827.25,10540
2024-05-15 11:15:00,1827.25,1830.0,1826.6,1829.2,9296
2024-05-15 11:16:00,1829.2,1830.0,1826.1,1827.3,9150
2024-05-15 11:17:00,1827.35,1830.0,1827.35,1829.0,9480
2024-05-15 11:18:00,1828.75,1830.0,1828.0,1828.0,11145
2024-05-15 11:19:00,1828.1,1829.8,1828.0,1828.75,11092
2024-05-15 11:20:00,1828.4,1829.25,1826.55,1827.8,9778
2024-05-15 11:21:00,1827.9,1830.0,1826.85,1828.55,9744
2024-05-15 11:22:00,1828.55,1830.0,1828.2,1829.0,11666
2024-05-15 11:23:00,1828.65,1830.0,1828.55,1830.0,13061
2024-05-15 11:24:00,1830.0,1830.0,1828.65,1829.15,9066
2024-05-15 11:25:00,1829.15,1830.0,1828.1,1829.0,9198
2024-05-15 11:26:00,1829.0,1829.8,1826.4,1828.1,9503
2024-05-15 11:27:00,1828.05,1830.0,1828.05,1828.75,10472
2024-05-15 11:28:00,1828.75,1829.95,1828.05,1829.95,8808
2024-05-15 11:29:00,1828.7,1828.7,1822.55,1824.05,14959
2024-05-15 11:30:00,1824.0,1825.7,1822.45,1825.0,10413
2024-05-15 11:31:00,1825.0,1825.0,1820.4,1822.0,10292
2024-05-15 11:32:00,1821.8,1824.8,1820.3,1823.55,12557
2024-05-15 11:33:00,1823.55,1824.45,1820.2,1822.8,9870
2024-05-15 11:34:00,1821.7,1824.45,1820.25,1823.55,10554
2024-05-15 11:35:00,1824.7,1827.8,1823.65,1826.5,12452
2024-05-15 11:36:00,1828.0,1828.0,1823.25,1825.2,11845
2024-05-15 11:37:00,1825.05,1827.7,1825.0,1826.25,10435
2024-05-15 11:38:00,1826.5,1828.0,1825.5,1827.65,10600
2024-05-15 11:39:00,1826.7,1826.8,1823.45,1825.7,11504
2024-05-15 11:40:00,1825.7,1827.2,1823.0,1823.0,14523
2024-05-15 11:41:00,1823.0,1824.55,1821.3,1822.15,9060
2024-05-15 11:42:00,1822.15,1825.0,1822.0,1823.7,12879
2024-05-15 11:43:00,1823.7,1825.0,1822.15,1823.25,13458
2024-05-15 11:44:00,1823.25,1825.0,1822.2,1824.15,9617
2024-05-15 11:45:00,1824.15,1824.9,1822.65,1823.7,10653
2024-05-15 11:46:00,1824.0,1824.7,1822.2,1824.7,10034
2024-05-15 11:47:00,1823.15,1825.0,1823.15,1825.0,7793
2024-05-15 11:48:00,1824.1,1825.0,1822.15,1822.65,12598
2024-05-15 11:49:00,1822.8,1824.6,1822.75,1823.2,9964
2024-05-15 11:50:00,1823.1,1824.5,1822.65,1823.15,11380
2024-05-15 11:51:00,1823.15,1823.7,1821.45,1823.4,9547
2024-05-15 11:52:00,1822.1,1822.85,1820.6,1822.3,9996
2024-05-15 11:53:00,1821.75,1825.0,1821.75,1823.2,10511
2024-05-15 11:54:00,1823.2,1824.6,1821.55,1824.6,9741
2024-05-15 11:55:00,1824.6,1825.95,1823.1,1824.15,15033
2024-05-15 11:56:00,1823.8,1825.0,1823.2,1824.0,11185
2024-05-15 11:57:00,1823.7,1825.9,1823.6,1824.1,15168
2024-05-15 11:58:00,1824.1,1825.0,1823.6,1824.0,13987
2024-05-15 11:59:00,1824.0,1825.45,1823.95,1825.0,13963
2024-05-15 12:00:00,1825.0,1828.0,1824.2,1827.3,21123
2024-05-15 12:01:00,1827.3,1828.9,1827.0,1827.2,9655
2024-05-15 12:02:00,1827.2,1828.0,1826.7,1828.0,14276
2024-05-15 12:03:00,1827.4,1828.9,1827.1,1828.0,10672
2024-05-15 12:04:00,1828.8,1830.0,1827.3,1829.95,16203
2024-05-15 12:05:00,1829.05,1830.0,1828.6,1829.9,16555
2024-05-15 12:06:00,1829.0,1830.0,1828.7,1829.1,16904
2024-05-15 12:07:00,1829.05,1830.0,1829.0,1830.0,13584
2024-05-15 12:08:00,1829.4,1830.0,1829.1,1830.0,14239
2024-05-15 12:09:00,1829.55,1830.0,1828.75,1829.05,27677
2024-05-15 12:10:00,1829.2,1830.0,1825.1,1827.0,26151
2024-05-15 12:11:00,1826.95,1829.5,1826.05,1829.5,28908
2024-05-15 12:12:00,1828.25,1830.0,1828.0,1829.2,25085
2024-05-15 12:13:00,1829.25,1830.0,1827.2,1829.0,39353
2024-05-15 12:14:00,1829.0,1829.0,1826.25,1827.5,21913
2024-05-15 12:15:00,1827.95,1827.95,1825.65,1826.75,34431
2024-05-15 12:16:00,1826.75,1827.95,1826.75,1827.0,25657
2024-05-15 12:17:00,1827.85,1829.7,1826.45,1827.15,34247
2024-05-15 12:18:00,1827.5,1828.0,1825.65,1827.25,26124
2024-05-15 12:19:00,1826.05,1826.05,1821.0,1824.15,27326
2024-05-15 12:20:00,1824.8,1826.0,1823.4,1825.8,26351
2024-05-15 12:21:00,1825.8,1826.4,1824.0,1825.45,25538
2024-05-15 12:22:00,1826.95,1828.95,1825.9,1828.7,28146
2024-05-15 12:23:00,1828.7,1829.95,1828.0,1829.9,28717
2024-05-15 12:24:00,1829.1,1830.0,1829.0,1829.1,26307
2024-05-15 12:25:00,1829.1,1830.0,1828.6,1829.2,26019
2024-05-15 12:26:00,1829.2,1832.0,1829.15,1831.95,29853
2024-05-15 12:27:00,1830.5,1832.0,1829.15,1831.3,34987
2024-05-15 12:28:00,1831.8,1832.0,1830.4,1830.85,27124
2024-05-15 12:29:00,1830.85,1832.0,1830.55,1831.75,30267
2024-05-15 12:30:00,1831.75,1832.0,1830.25,1831.1,34033
2024-05-15 12:31:00,1831.1,1832.8,1830.9,1832.1,35044
2024-05-15 12:32:00,1832.1,1834.0,1831.4,1834.0,35544
2024-05-15 12:33:00,1833.1,1834.25,1832.35,1834.0,39349
2024-05-15 12:34:00,1833.25,1835.0,1833.0,1835.0,34347
2024-05-15 12:35:00,1834.2,1835.0,1833.0,1834.65,39678
2024-05-15 12:36:00,1833.9,1835.0,1832.0,1834.05,33657
2024-05-15 12:37:00,1834.05,1834.95,1832.7,1833.65,28106
2024-05-15 12:38:00,1834.85,1834.85,1832.15,1833.55,32202
2024-05-15 12:39:00,1833.55,1833.95,1832.2,1832.55,27544
2024-05-15 12:40:00,1832.5,1834.2,1832.0,1833.3,29087
2024-05-15 12:41:00,1833.3,1834.95,1833.15,1833.6,37983
2024-05-15 12:42:00,1833.45,1833.8,1832.1,1832.35,28620
2024-05-15 12:43:00,1832.35,1832.9,1831.0,1831.0,33733
2024-05-15 12:44:00,1831.0,1831.95,1830.15,1831.0,33822
2024-05-15 12:45:00,1831.0,1831.4,1827.4,1828.15,32685
2024-05-15 12:46:00,1828.15,1830.0,1827.35,1830.0,31385
2024-05-15 12:47:00,1830.0,1830.0,1828.45,1829.1,32323
2024-05-15 12:48:00,1829.1,1829.95,1828.1,1829.05,31019
2024-05-15 12:49:00,1829.1,1830.0,1828.35,1829.25,31627
2024-05-15 12:50:00,1829.25,1829.95,1828.1,1829.0,33241
2024-05-15 12:51:00,1829.0,1829.95,1828.8,1829.95,24417
2024-05-15 12:52:00,1830.0,1830.0,1828.85,1829.9,35436
2024-05-15 12:53:00,1829.15,1830.0,1828.4,1829.9,25655
2024-05-15 12:54:00,1829.85,1829.9,1828.5,1829.0,35035
2024-05-15 12:55:00,1829.0,1829.95,1828.65,1829.0,31423
2024-05-15 12:56:00,1829.25,1829.95,1828.9,1828.9,33003
2024-05-15 12:57:00,1828.9,1829.0,1825.2,1825.75,27362
2024-05-15 12:58:00,1825.75,1827.0,1825.3,1825.9,32629
2024-05-15 12:59:00,1825.9,1827.9,1825.7,1827.1,33852
2024-05-15 13:00:00,1827.1,1829.9,1826.85,1829.05,55970
2024-05-15 13:01:00,1829.9,1831.3,1829.0,1831.1,54571
2024-05-15 13:02:00,1831.3,1832.85,1829.25,1829.5,37675
2024-05-15 13:03:00,1829.5,1830.0,1827.15,1827.9,31288
2024-05-15 13:04:00,1828.2,1829.3,1827.15,1827.5,32940
2024-05-15 13:05:00,1827.5,1829.0,1827.2,1827.65,33413
2024-05-15 13:06:00,1827.8,1829.8,1827.35,1829.8,32881
2024-05-15 13:07:00,1829.8,1830.0,1827.85,1829.35,30497
2024-05-15 13:08:00,1829.25,1830.0,1828.35,1829.15,28226
2024-05-15 13:09:00,1829.15,1829.95,1827.05,1827.05,36017
2024-05-15 13:10:00,1827.05,1828.6,1825.75,1826.85,33350
2024-05-15 13:11:00,1826.85,1827.0,1825.3,1826.1,28424
2024-05-15 13:12:00,1826.15,1826.15,1825.0,1825.0,33692
2024-05-15 13:13:00,1825.0,1826.9,1823.1,1825.4,30406
2024-05-15 13:14:00,1825.4,1826.95,1824.65,1826.55,28651
2024-05-15 13:15:00,1826.55,1829.7,1825.05,1827.9,32983
2024-05-15 13:16:00,1827.95,1830.0,1827.95,1828.6,25463
2024-05-15 13:17:00,1828.6,1830.0,1828.4,1828.85,31975
2024-05-15 13:18:00,1828.85,1831.9,1828.35,1831.65,32694
2024-05-15 13:19:00,1831.65,1834.2,1829.4,1833.15,33844
2024-05-15 13:20:00,1833.15,1835.0,1832.55,1834.1,31748
2024-05-15 13:21:00,1835.0,1835.0,1831.65,1831.65,38177
2024-05-15 13:22:00,1831.65,1833.0,1830.35,1832.05,30085
2024-05-15 13:23:00,1832.05,1833.0,1831.4,1831.4,30416
2024-05-15 13:24:00,1831.4,1833.0,1830.55,1832.15,31904
2024-05-15 13:25:00,1832.15,1833.0,1831.55,1832.15,36158
2024-05-15 13:26:00,1832.15,1833.0,1832.0,1832.1,31895
2024-05-15 13:27:00,1832.05,1833.0,1831.6,1832.1,34089
2024-05-15 13:28:00,1832.1,1835.0,1831.25,1834.05,52454
2024-05-15 13:29:00,1834.05,1835.0,1832.55,1834.2,36800
2024-05-15 13:30:00,1834.25,1836.0,1834.0,1835.0,30603
2024-05-15 13:31:00,1834.2,1835.7,1833.7,1834.9,30620
2024-05-15 13:32:00,1834.2,1835.0,1833.65,1834.0,30428
2024-05-15 13:33:00,1834.05,1835.0,1833.0,1834.25,30885
2024-05-15 13:34:00,1834.25,1837.0,1834.1,1836.2,34000
2024-05-15 13:35:00,1836.0,1837.0,1834.15,1835.75,30831
2024-05-15 13:36:00,1835.75,1837.0,1834.1,1836.75,30814
2024-05-15 13:37:00,1835.9,1837.0,1834.35,1836.1,30671
2024-05-15 13:38:00,1836.95,1837.0,1833.3,1834.95,39809
2024-05-15 13:39:00,1834.05,1835.0,1833.0,1834.1,29803
2024-05-15 13:40:00,1834.2,1835.0,1833.55,1834.1,30137
2024-05-15 13:41:00,1834.15,1835.0,1833.6,1834.1,34035
2024-05-15 13:42:00,1834.1,1835.0,1833.85,1834.15,32878
2024-05-15 13:43:00,1834.15,1835.0,1833.9,1834.95,32181
2024-05-15 13:44:00,1834.1,1835.0,1833.7,1834.95,33187
2024-05-15 13:45:00,1834.2,1835.0,1833.85,1834.0,34036
2024-05-15 13:46:00,1834.0,1834.9,1833.0,1833.9,29590
2024-05-15 13:47:00,1834.0,1835.0,1833.25,1835.0,34103
2024-05-15 13:48:00,1834.1,1834.95,1833.55,1834.05,32325
2024-05-15 13:49:00,1834.05,1834.9,1833.8,1834.2,34421
2024-05-15 13:50:00,1834.15,1835.0,1833.55,1834.85,35663
2024-05-15 13:51:00,1834.0,1835.0,1833.8,1834.2,36199
2024-05-15 13:52:00,1834.2,1835.0,1833.15,1834.0,31922
2024-05-15 13:53:00,1834.0,1835.0,1833.6,1834.25,32737
2024-05-15 13:54:00,1834.15,1835.0,1833.8,1834.3,33891
2024-05-15 13:55:00,1834.3,1836.7,1834.05,1835.6,33917
2024-05-15 13:56:00,1835.4,1837.0,1835.05,1835.75,30207
2024-05-15 13:57:00,1836.0,1836.05,1833.95,1835.0,28728
2024-05-15 13:58:00,1835.0,1835.9,1833.25,1834.0,32142
2024-05-15 13:59:00,1834.3,1834.9,1833.0,1833.35,38807
2024-05-15 14:00:00,1833.35,1833.35,1830.1,1832.0,42481
2024-05-15 14:01:00,1830.7,1831.8,1827.1,1830.95,41932
2024-05-15 14:02:00,1829.4,1831.0,1828.4,1829.9,25569
2024-05-15 14:03:00,1828.8,1830.0,1828.15,1829.0,35676
2024-05-15 14:04:00,1829.0,1831.6,1829.0,1831.6,28340
2024-05-15 14:05:00,1829.35,1830.0,1828.15,1829.05,44370
2024-05-15 14:06:00,1829.05,1830.0,1828.6,1829.8,30101
2024-05-15 14:07:00,1828.05,1830.0,1827.55,1829.1,31517
2024-05-15 14:08:00,1829.15,1830.9,1828.2,1829.9,29569
2024-05-15 14:09:00,1829.05,1830.8,1828.5,1829.5,33184
2024-05-15 14:10:00,1829.5,1834.25,1828.65,1828.65,38799
2024-05-15 14:11:00,1829.05,1832.8,1827.95,1831.7,38385
2024-05-15 14:12:00,1831.7,1834.8,1831.55,1833.05,44445
2024-05-15 14:13:00,1834.05,1834.9,1832.55,1834.0,43403
2024-05-15 14:14:00,1834.55,1834.65,1829.3,1831.0,39347
2024-05-15 14:15:00,1831.0,1834.35,1829.4,1834.35,44082
2024-05-15 14:16:00,1831.7,1834.9,1830.35,1833.4,38638
2024-05-15 14:17:00,1833.45,1835.0,1828.95,1830.9,47787
2024-05-15 14:18:00,1830.05,1832.7,1828.85,1829.6,36424
2024-05-15 14:19:00,1829.6,1830.7,1828.1,1829.3,35552
2024-05-15 14:20:00,1829.05,1831.15,1827.8,1829.05,34108
2024-05-15 14:21:00,1829.1,1832.3,1828.35,1830.8,39778
2024-05-15 14:22:00,1830.8,1834.75,1830.8,1833.3,47420
2024-05-15 14:23:00,1833.15,1834.9,1833.05,1834.0,37411
2024-05-15 14:24:00,1833.8,1835.0,1833.6,1834.9,38460
2024-05-15 14:25:00,1834.05,1835.0,1833.25,1833.8,40539
2024-05-15 14:26:00,1833.8,1835.0,1833.55,1835.0,38813
2024-05-15 14:27:00,1835.0,1835.0,1833.7,1833.7,46830
2024-05-15 14:28:00,1833.85,1835.0,1833.8,1834.15,34271
2024-05-15 14:29:00,1834.15,1837.0,1834.15,1835.55,44955
2024-05-15 14:30:00,1836.0,1837.0,1835.05,1836.05,35062
2024-05-15 14:31:00,1836.05,1839.35,1836.05,1839.35,28556
2024-05-15 14:32:00,1838.7,1840.0,1838.3,1840.0,43053
2024-05-15 14:33:00,1838.85,1841.75,1838.65,1839.0,47019
2024-05-15 14:34:00,1839.25,1840.9,1838.2,1839.0,40300
2024-05-15 14:35:00,1839.0,1840.0,1837.95,1838.85,38473
2024-05-15 14:36:00,1838.55,1839.95,1837.25,1839.0,37233
2024-05-15 14:37:00,1839.25,1840.0,1838.8,1839.1,41358
2024-05-15 14:38:00,1839.1,1840.0,1838.75,1839.9,41215
2024-05-15 14:39:00,1839.05,1840.0,1838.85,1838.85,38948
2024-05-15 14:40:00,1839.1,1840.0,1839.0,1839.4,40456
2024-05-15 14:41:00,1839.2,1839.95,1838.25,1839.1,40712
2024-05-15 14:42:00,1839.1,1840.0,1839.1,1839.3,45285
2024-05-15 14:43:00,1839.25,1839.9,1838.1,1839.0,41664
2024-05-15 14:44:00,1839.3,1844.8,1837.35,1837.6,59741
2024-05-15 14:45:00,1837.0,1837.6,1831.4,1833.95,36714
2024-05-15 14:46:00,1833.3,1838.0,1833.15,1836.95,42663
2024-05-15 14:47:00,1836.7,1837.95,1835.4,1836.3,39765
2024-05-15 14:48:00,1836.3,1838.0,1836.25,1837.05,38783
2024-05-15 14:49:00,1837.1,1838.0,1836.5,1837.2,37847
2024-05-15 14:50:00,1837.2,1840.55,1836.25,1839.25,50323
2024-05-15 14:51:00,1839.55,1840.85,1836.65,1838.9,47627
2024-05-15 14:52:00,1838.9,1840.0,1838.3,1839.15,36929
2024-05-15 14:53:00,1839.1,1840.0,1836.15,1838.5,44168
2024-05-15 14:54:00,1838.55,1840.0,1838.35,1840.0,37557
2024-05-15 14:55:00,1839.1,1839.7,1836.15,1837.3,37903
2024-05-15 14:56:00,1837.4,1838.8,1836.1,1836.1,39718
2024-05-15 14:57:00,1836.15,1840.0,1836.05,1839.1,41684
2024-05-15 14:58:00,1840.0,1840.0,1838.35,1839.0,38214
2024-05-15 14:59:00,1839.0,1839.95,1838.2,1838.4,29614
2024-05-15 15:00:00,1838.85,1840.0,1838.4,1839.25,32429
2024-05-15 15:01:00,1839.6,1840.0,1838.15,1839.6,27981
2024-05-15 15:02:00,1839.3,1840.0,1838.45,1839.45,27446
2024-05-15 15:03:00,1839.45,1840.0,1838.75,1839.95,31257
2024-05-15 15:04:00,1839.1,1840.45,1837.1,1838.0,35609
2024-05-15 15:05:00,1838.0,1840.0,1837.25,1839.1,30549
2024-05-15 15:06:00,1839.95,1840.0,1838.0,1839.0,34331
2024-05-15 15:07:00,1839.0,1840.0,1839.0,1839.65,33214
2024-05-15 15:08:00,1839.65,1840.0,1838.4,1839.35,33677
2024-05-15 15:09:00,1839.25,1839.95,1837.25,1838.7,36118
2024-05-15 15:10:00,1838.7,1839.95,1838.3,1839.6,39490
2024-05-15 15:11:00,1839.6,1843.85,1838.4,1842.8,37610
2024-05-15 15:12:00,1842.8,1844.0,1841.0,1843.65,43019
2024-05-15 15:13:00,1842.8,1845.0,1840.75,1840.75,45338
2024-05-15 15:14:00,1840.55,1840.95,1838.85,1839.6,35960
2024-05-15 15:15:00,1839.6,1841.0,1838.8,1839.7,36821
2024-05-15 15:16:00,1839.5,1840.0,1839.45,1839.9,33737
2024-05-15 15:17:00,1840.0,1840.95,1838.25,1838.25,30630
2024-05-15 15:18:00,1838.4,1839.95,1837.8,1838.15,15427
2024-05-15 15:19:00,1838.2,1839.8,1832.6,1833.35,26008
2024-05-15 15:20:00,1832.7,1833.75,1832.1,1832.3,14334
2024-05-15 15:21:00,1832.3,1835.0,1832.05,1834.1,16691
2024-05-15 15:22:00,1835.0,1837.0,1834.3,1836.1,19277
2024-05-15 15:23:00,1836.15,1837.0,1834.05,1834.1,10027
2024-05-15 15:24:00,1834.1,1834.55,1832.85,1833.15,9304
2024-05-15 15:25:00,1833.15,1834.9,1833.15,1834.15,8183
2024-05-15 15:26:00,1834.05,1834.15,1832.1,1832.8,5513
2024-05-15 15:27:00,1832.8,1833.2,1831.75,1833.2,7264
2024-05-15 15:28:00,1832.7,1835.0,1832.7,1834.9,4463
2024-05-15 15:29:00,1834.85,1835.0,1834.0,1835.0,18769
2024-05-16 09:15:00,1848.4,1848.4,1837.0,1840.0,6248
2024-05-16 09:16:00,1840.0,1841.8,1835.45,1838.95,4508
2024-05-16 09:17:00,1837.7,1837.7,1832.0,1833.0,4713
2024-05-16 09:18:00,1832.0,1834.1,1832.0,1833.0,2782
2024-05-16 09:19:00,1834.1,1834.1,1830.0,1832.5,3769
2024-05-16 09:20:00,1832.5,1833.65,1826.2,1826.2,3846
2024-05-16 09:21:00,1826.2,1827.4,1822.9,1825.75,3030
2024-05-16 09:22:00,1825.75,1834.1,1824.15,1830.15,3312
2024-05-16 09:23:00,1830.1,1833.0,1830.1,1830.95,2313
2024-05-16 09:24:00,1830.95,1831.0,1828.9,1828.9,2149
2024-05-16 09:25:00,1829.0,1829.4,1826.15,1827.0,1855
2024-05-16 09:26:00,1827.05,1827.35,1822.1,1822.55,2537
2024-05-16 09:27:00,1821.6,1824.0,1817.35,1822.0,5103
2024-05-16 09:28:00,1822.0,1826.0,1822.0,1825.0,1575
2024-05-16 09:29:00,1824.9,1825.75,1820.65,1820.85,1908
2024-05-16 09:30:00,1822.25,1822.25,1820.1,1820.1,1052
2024-05-16 09:31:00,1820.1,1820.7,1815.0,1816.1,3181
2024-05-16 09:32:00,1816.1,1818.0,1815.0,1817.8,3598
2024-05-16 09:33:00,1817.8,1818.0,1815.05,1815.05,2717
2024-05-16 09:34:00,1816.05,1816.35,1813.05,1815.5,4069
2024-05-16 09:35:00,1815.5,1815.8,1811.05,1811.7,3246
2024-05-16 09:36:00,1811.7,1814.7,1811.0,1813.25,1677
2024-05-16 09:37:00,1813.25,1817.75,1813.25,1817.55,1559
2024-05-16 09:38:00,1817.6,1819.95,1815.15,1818.75,2941
2024-05-16 09:39:00,1818.15,1819.9,1817.05,1818.9,1781
2024-05-16 09:40:00,1818.9,1819.75,1818.0,1818.95,2865
2024-05-16 09:41:00,1819.2,1819.3,1817.0,1817.95,1030
2024-05-16 09:42:00,1817.85,1818.25,1815.15,1817.1,1878
2024-05-16 09:43:00,1817.1,1817.4,1816.1,1816.95,377
2024-05-16 09:44:00,1816.95,1817.4,1813.25,1813.45,1433
2024-05-16 09:45:00,1814.9,1814.9,1811.3,1812.45,1384
2024-05-16 09:46:00,1811.45,1815.5,1811.45,1813.8,1672
2024-05-16 09:47:00,1813.95,1814.3,1811.05,1813.5,5955
2024-05-16 09:48:00,1812.2,1814.7,1812.15,1814.6,2111
2024-05-16 09:49:00,1814.0,1816.0,1813.0,1816.0,1163
2024-05-16 09:50:00,1816.25,1816.9,1813.25,1814.0,1483
2024-05-16 09:51:00,1814.0,1814.9,1811.0,1811.0,6434
2024-05-16 09:52:00,1810.95,1811.0,1807.25,1808.4,3445
2024-05-16 09:53:00,1808.4,1809.65,1807.45,1809.35,2632
2024-05-16 09:54:00,1809.35,1812.4,1808.95,1810.95,977
2024-05-16 09:55:00,1810.95,1813.2,1810.0,1811.85,768
2024-05-16 09:56:00,1812.0,1814.7,1810.1,1812.2,1314
2024-05-16 09:57:00,1812.2,1813.9,1810.1,1813.9,2241
2024-05-16 09:58:00,1813.9,1814.95,1812.05,1813.0,907
2024-05-16 09:59:00,1812.15,1813.4,1812.0,1813.4,277
2024-05-16 10:00:00,1813.4,1815.0,1812.0,1814.0,1188
2024-05-16 10:01:00,1814.15,1814.5,1812.55,1814.4,1523
2024-05-16 10:02:00,1813.95,1814.0,1812.1,1813.9,492
2024-05-16 10:03:00,1813.9,1813.9,1811.6,1812.6,912
2024-05-16 10:04:00,1812.6,1812.6,1811.05,1812.25,850
2024-05-16 10:05:00,1812.25,1812.25,1810.0,1811.4,1214
2024-05-16 10:06:00,1811.05,1811.45,1810.1,1810.7,8323
2024-05-16 10:07:00,1810.7,1812.2,1810.1,1812.2,243
2024-05-16 10:08:00,1812.2,1813.65,1811.15,1811.6,161
2024-05-16 10:09:00,1811.6,1811.95,1809.45,1811.0,3592
2024-05-16 10:10:00,1811.45,1812.8,1810.3,1810.45,1497
2024-05-16 10:11:00,1810.45,1812.4,1810.45,1811.45,324
2024-05-16 10:12:00,1812.4,1812.8,1812.4,1812.8,644
2024-05-16 10:13:00,1812.8,1812.8,1810.6,1810.65,653
2024-05-16 10:14:00,1810.6,1811.65,1807.15,1807.15,1485
2024-05-16 10:15:00,1809.1,1809.1,1807.15,1808.0,645
2024-05-16 10:16:00,1808.0,1808.9,1807.35,1808.9,882
2024-05-16 10:17:00,1808.9,1809.65,1808.8,1809.6,545
2024-05-16 10:18:00,1809.6,1809.9,1809.0,1809.9,777
2024-05-16 10:19:00,1809.0,1811.6,1809.0,1811.6,1208
2024-05-16 10:20:00,1811.6,1813.9,1811.15,1813.2,1442
2024-05-16 10:21:00,1813.2,1813.2,1808.0,1809.1,2073
2024-05-16 10:22:00,1808.45,1809.1,1807.0,1808.0,1472
2024-05-16 10:23:00,1808.0,1808.45,1807.0,1807.0,762
2024-05-16 10:24:00,1807.0,1808.0,1807.0,1807.7,2274
2024-05-16 10:25:00,1807.7,1808.35,1807.0,1808.35,1398
2024-05-16 10:26:00,1808.05,1809.9,1808.05,1809.05,516
2024-05-16 10:27:00,1809.05,1811.0,1809.05,1811.0,666
2024-05-16 10:28:00,1811.15,1812.9,1811.15,1812.45,500
2024-05-16 10:29:00,1812.9,1814.85,1812.9,1814.85,821
2024-05-16 10:30:00,1814.85,1814.85,1811.95,1811.95,3783
2024-05-16 10:31:00,1811.95,1813.1,1810.3,1812.25,442
2024-05-16 10:32:00,1812.1,1812.1,1810.5,1811.85,709
2024-05-16 10:33:00,1811.15,1814.95,1811.15,1814.05,1881
2024-05-16 10:34:00,1814.95,1816.45,1814.8,1815.45,935
2024-05-16 10:35:00,1815.45,1816.8,1815.45,1816.3,768
2024-05-16 10:36:00,1816.8,1818.2,1816.35,1818.05,3518
2024-05-16 10:37:00,1818.2,1818.8,1817.1,1817.25,4288
2024-05-16 10:38:00,1817.25,1818.8,1817.15,1818.8,1502
2024-05-16 10:39:00,1818.8,1818.8,1818.0,1818.8,742
2024-05-16 10:40:00,1818.5,1818.5,1815.6,1815.6,3668
2024-05-16 10:41:00,1815.3,1817.75,1815.1,1817.0,1254
2024-05-16 10:42:00,1817.0,1817.05,1815.3,1816.85,161
2024-05-16 10:43:00,1815.3,1816.95,1815.3,1816.95,193
2024-05-16 10:44:00,1816.85,1817.85,1816.0,1817.85,422
2024-05-16 10:45:00,1817.85,1818.8,1817.0,1818.8,2058
2024-05-16 10:46:00,1818.8,1818.9,1818.0,1818.9,742
2024-05-16 10:47:00,1818.65,1821.9,1818.65,1821.15,4999
2024-05-16 10:48:00,1821.15,1821.15,1820.0,1820.05,2263
2024-05-16 10:49:00,1820.05,1820.3,1820.05,1820.05,609
2024-05-16 10:50:00,1820.05,1820.9,1815.6,1815.7,7097
2024-05-16 10:51:00,1816.1,1817.4,1816.1,1817.4,193
2024-05-16 10:52:00,1817.4,1817.4,1815.65,1816.2,603
2024-05-16 10:53:00,1816.2,1817.9,1816.05,1817.9,383
2024-05-16 10:54:00,1817.9,1819.0,1817.9,1819.0,40
2024-05-16 10:55:00,1818.35,1820.0,1818.35,1819.95,706
2024-05-16 10:56:00,1819.95,1820.0,1819.5,1819.8,1078
2024-05-16 10:57:00,1820.0,1820.0,1819.15,1819.15,2249
2024-05-16 10:58:00,1819.15,1819.15,1818.0,1818.0,883
2024-05-16 10:59:00,1818.0,1819.05,1818.0,1819.05,465
2024-05-16 11:00:00,1819.05,1820.0,1818.15,1819.0,743
2024-05-16 11:01:00,1819.0,1820.0,1819.0,1820.0,782
2024-05-16 11:02:00,1820.0,1820.0,1819.6,1820.0,5337
2024-05-16 11:03:00,1820.0,1823.95,1819.95,1823.95,9686
2024-05-16 11:04:00,1823.95,1825.0,1823.05,1825.0,9869
2024-05-16 11:05:00,1825.0,1825.0,1824.2,1825.0,6030
2024-05-16 11:06:00,1825.0,1825.0,1824.55,1824.55,12191
2024-05-16 11:07:00,1824.55,1825.0,1823.65,1823.7,9654
2024-05-16 11:08:00,1823.7,1825.0,1823.6,1824.0,16761
2024-05-16 11:09:00,1824.0,1825.0,1822.5,1823.55,9997
2024-05-16 11:10:00,1823.0,1824.9,1823.0,1823.95,13346
2024-05-16 11:11:00,1823.95,1825.0,1823.8,1825.0,17894
2024-05-16 11:12:00,1825.0,1825.0,1824.5,1825.0,6521
2024-05-16 11:13:00,1825.0,1825.0,1824.1,1824.2,8738
2024-05-16 11:14:00,1824.2,1825.0,1824.2,1825.0,9102
2024-05-16 11:15:00,1824.45,1825.0,1824.45,1825.0,9490
2024-05-16 11:16:00,1825.0,1825.0,1823.2,1823.2,13426
2024-05-16 11:17:00,1823.2,1824.8,1823.2,1824.0,8773
2024-05-16 11:18:00,1824.0,1824.7,1822.55,1823.2,6617
2024-05-16 11:19:00,1823.2,1824.0,1823.2,1824.0,8899
2024-05-16 11:20:00,1824.0,1824.9,1823.7,1824.8,9370
2024-05-16 11:21:00,1824.8,1825.0,1824.25,1825.0,8668
2024-05-16 11:22:00,1825.0,1825.0,1824.45,1825.0,5550
2024-05-16 11:23:00,1825.0,1825.0,1824.15,1825.0,16301
2024-05-16 11:24:00,1824.25,1825.0,1824.25,1824.5,14611
2024-05-16 11:25:00,1824.5,1829.15,1824.35,1828.05,23695
2024-05-16 11:26:00,1829.15,1833.0,1826.4,1827.9,14519
2024-05-16 11:27:00,1827.9,1829.7,1826.35,1828.0,10017
2024-05-16 11:28:00,1828.0,1828.0,1826.15,1826.55,10617
2024-05-16 11:29:00,1827.0,1828.9,1826.6,1828.0,11370
2024-05-16 11:30:00,1827.25,1829.25,1827.1,1828.75,10734
2024-05-16 11:31:00,1830.4,1834.4,1829.05,1834.4,7881
2024-05-16 11:32:00,1834.05,1842.45,1834.05,1842.05,21124
2024-05-16 11:33:00,1842.45,1844.4,1840.4,1841.35,11945
2024-05-16 11:34:00,1841.35,1849.55,1841.35,1849.55,15423
2024-05-16 11:35:00,1849.8,1850.0,1846.25,1849.05,19102
2024-05-16 11:36:00,1849.8,1859.4,1848.55,1859.4,24046
2024-05-16 11:37:00,1856.7,1859.8,1855.25,1855.55,14340
2024-05-16 11:38:00,1855.55,1859.65,1842.85,1844.5,34913
2024-05-16 11:39:00,1844.5,1845.0,1836.5,1838.2,18891
2024-05-16 11:40:00,1838.2,1842.0,1837.7,1838.9,12518
2024-05-16 11:41:00,1838.0,1841.05,1836.1,1837.35,14587
2024-05-16 11:42:00,1838.3,1838.8,1835.3,1835.95,13623
2024-05-16 11:43:00,1835.35,1838.9,1835.0,1837.9,14661
2024-05-16 11:44:00,1837.9,1841.5,1837.1,1839.3,15390
2024-05-16 11:45:00,1839.3,1842.0,1838.35,1842.0,12999
2024-05-16 11:46:00,1842.0,1842.85,1839.25,1839.25,12364
2024-05-16 11:47:00,1838.15,1841.7,1838.15,1841.35,13125
2024-05-16 11:48:00,1841.35,1842.0,1840.35,1840.7,16744
2024-05-16 11:49:00,1840.65,1842.0,1839.8,1840.5,15072
2024-05-16 11:50:00,1840.65,1844.35,1840.2,1843.3,16635
2024-05-16 11:51:00,1843.3,1845.0,1842.65,1844.85,15134
2024-05-16 11:52:00,1844.2,1845.0,1843.2,1844.7,8844
2024-05-16 11:53:00,1843.65,1844.8,1842.6,1843.75,12957
2024-05-16 11:54:00,1844.45,1845.0,1843.25,1844.8,14081
2024-05-16 11:55:00,1844.8,1845.0,1843.55,1843.55,14142
2024-05-16 11:56:00,1843.95,1844.9,1841.95,1843.75,13700
2024-05-16 11:57:00,1844.05,1847.45,1843.8,1844.6,17167
2024-05-16 11:58:00,1844.6,1847.7,1844.6,1846.75,14805
2024-05-16 11:59:00,1846.75,1847.95,1846.05,1846.45,11276
2024-05-16 12:00:00,1847.3,1850.0,1847.05,1848.35,16893
2024-05-16 12:01:00,1848.7,1849.7,1847.05,1848.5,13986
2024-05-16 12:02:00,1848.5,1849.4,1847.0,1847.65,13306
2024-05-16 12:03:00,1847.65,1849.7,1847.65,1848.9,14574
2024-05-16 12:04:00,1849.1,1850.0,1845.15,1845.7,14693
2024-05-16 12:05:00,1844.75,1848.55,1844.75,1847.6,13705
2024-05-16 12:06:00,1847.6,1849.95,1847.35,1849.05,12348
2024-05-16 12:07:00,1849.05,1850.0,1847.65,1848.5,14502
2024-05-16 12:08:00,1848.5,1850.0,1848.5,1849.1,11764
2024-05-16 12:09:00,1849.1,1850.0,1848.1,1848.15,13873
2024-05-16 12:10:00,1848.15,1849.9,1848.15,1848.55,14155
2024-05-16 12:11:00,1848.55,1849.95,1848.5,1849.05,12889
2024-05-16 12:12:00,1849.05,1850.0,1848.5,1848.6,15025
2024-05-16 12:13:00,1848.7,1849.9,1848.45,1849.9,14166
2024-05-16 12:14:00,1849.0,1850.0,1849.0,1849.2,12657
2024-05-16 12:15:00,1849.2,1850.0,1848.6,1850.0,13288
2024-05-16 12:16:00,1849.9,1850.0,1848.75,1849.1,14104
2024-05-16 12:17:00,1849.1,1850.0,1846.85,1848.5,15853
2024-05-16 12:18:00,1848.5,1849.9,1848.5,1849.0,14738
2024-05-16 12:19:00,1848.8,1849.95,1848.8,1849.95,9272
2024-05-16 12:20:00,1849.1,1850.0,1849.05,1849.1,15966
2024-05-16 12:21:00,1849.1,1850.0,1848.6,1849.0,13485
2024-05-16 12:22:00,1849.0,1850.0,1848.85,1849.2,12285
2024-05-16 12:23:00,1849.2,1850.0,1849.05,1849.15,15700
2024-05-16 12:24:00,1849.15,1850.0,1849.05,1849.2,15700
2024-05-16 12:25:00,1849.2,1850.0,1848.2,1848.8,17271
2024-05-16 12:26:00,1849.0,1849.9,1848.6,1848.9,15498
2024-05-16 12:27:00,1849.0,1849.9,1848.35,1848.65,15267
2024-05-16 12:28:00,1849.0,1849.8,1846.05,1846.05,18306
2024-05-16 12:29:00,1847.15,1848.75,1846.4,1847.5,15397
2024-05-16 12:30:00,1847.5,1848.85,1846.6,1847.2,16331
2024-05-16 12:31:00,1847.2,1848.65,1846.55,1848.3,14053
2024-05-16 12:32:00,1846.75,1847.4,1844.0,1845.55,18270
2024-05-16 12:33:00,1844.45,1847.3,1844.45,1846.0,14813
2024-05-16 12:34:00,1846.0,1847.4,1845.55,1846.7,17775
2024-05-16 12:35:00,1847.55,1848.9,1846.7,1847.8,13123
2024-05-16 12:36:00,1847.8,1849.4,1847.35,1847.5,14335
2024-05-16 12:37:00,1847.5,1848.65,1847.1,1847.65,14586
2024-05-16 12:38:00,1847.65,1848.75,1847.35,1847.65,15680
2024-05-16 12:39:00,1848.5,1848.7,1847.65,1847.9,16328
2024-05-16 12:40:00,1848.0,1849.7,1843.25,1844.35,22346
2024-05-16 12:41:00,1844.35,1845.45,1839.8,1842.0,17517
2024-05-16 12:42:00,1842.0,1843.9,1841.15,1842.55,10842
2024-05-16 12:43:00,1842.6,1846.9,1842.6,1844.55,19357
2024-05-16 12:44:00,1844.55,1846.6,1844.35,1845.35,17102
2024-05-16 12:45:00,1845.35,1847.0,1844.35,1847.0,14303
2024-05-16 12:46:00,1847.0,1848.5,1846.15,1847.1,21750
2024-05-16 12:47:00,1847.2,1849.35,1847.15,1848.8,17759
2024-05-16 12:48:00,1849.1,1849.9,1848.25,1848.65,13250
2024-05-16 12:49:00,1848.7,1849.8,1848.5,1848.75,20026
2024-05-16 12:50:00,1848.8,1849.75,1848.0,1848.95,15894
2024-05-16 12:51:00,1848.45,1849.5,1848.0,1849.4,13828
2024-05-16 12:52:00,1849.4,1849.4,1848.0,1849.2,12685
2024-05-16 12:53:00,1849.35,1849.4,1848.2,1849.3,15703
2024-05-16 12:54:00,1849.3,1849.45,1848.35,1849.4,14651
2024-05-16 12:55:00,1849.4,1849.4,1848.1,1848.35,16267
2024-05-16 12:56:00,1848.35,1849.35,1846.3,1847.05,16993
2024-05-16 12:57:00,1847.05,1848.5,1846.35,1847.0,15144
2024-05-16 12:58:00,1847.0,1847.0,1843.35,1843.35,10974
2024-05-16 12:59:00,1844.15,1845.0,1843.2,1844.3,13690
2024-05-16 13:00:00,1844.3,1846.4,1844.3,1845.05,13525
2024-05-16 13:01:00,1845.05,1848.8,1845.05,1848.25,13918
2024-05-16 13:02:00,1848.25,1849.7,1848.25,1849.65,11353
2024-05-16 13:03:00,1849.65,1849.95,1848.8,1849.25,13956
2024-05-16 13:04:00,1849.25,1850.0,1848.0,1848.0,14365
2024-05-16 13:05:00,1848.0,1849.85,1847.35,1849.85,17639
2024-05-16 13:06:00,1849.85,1850.0,1848.6,1849.2,21256
2024-05-16 13:07:00,1850.0,1850.0,1849.25,1849.4,11818
2024-05-16 13:08:00,1849.35,1850.0,1848.9,1849.3,19462
2024-05-16 13:09:00,1849.3,1850.0,1848.55,1849.45,16696
2024-05-16 13:10:00,1849.45,1849.9,1848.35,1848.9,13493
2024-05-16 13:11:00,1848.9,1849.9,1848.7,1849.05,18290
2024-05-16 13:12:00,1850.0,1850.0,1848.3,1848.8,22373
2024-05-16 13:13:00,1848.8,1849.65,1848.15,1848.55,14707
2024-05-16 13:14:00,1848.55,1849.9,1848.55,1849.0,13739
2024-05-16 13:15:00,1849.0,1849.5,1848.1,1848.45,8942
2024-05-16 13:16:00,1848.45,1849.0,1846.2,1847.5,11783
2024-05-16 13:17:00,1846.15,1846.8,1843.9,1843.9,17020
2024-05-16 13:18:00,1843.9,1845.45,1841.0,1841.2,10871
2024-05-16 13:19:00,1841.1,1844.0,1841.1,1843.55,12979
2024-05-16 13:20:00,1843.1,1844.0,1841.55,1842.4,14082
2024-05-16 13:21:00,1842.4,1843.5,1840.8,1841.5,11341
2024-05-16 13:22:00,1841.5,1843.0,1841.3,1841.6,13040
2024-05-16 13:23:00,1842.0,1845.0,1841.7,1844.9,12088
2024-05-16 13:24:00,1844.9,1847.05,1843.6,1847.05,16267
2024-05-16 13:25:00,1847.05,1848.5,1843.75,1843.75,25105
2024-05-16 13:26:00,1843.75,1845.0,1840.0,1840.0,9615
2024-05-16 13:27:00,1840.45,1843.8,1840.0,1841.95,11290
2024-05-16 13:28:00,1841.95,1842.0,1840.05,1841.85,11230
2024-05-16 13:29:00,1841.85,1843.85,1841.85,1842.3,10780
2024-05-16 13:30:00,1842.3,1843.3,1840.35,1841.95,12841
2024-05-16 13:31:00,1840.7,1841.05,1839.0,1839.15,9199
2024-05-16 13:32:00,1837.05,1841.4,1837.05,1840.7,12240
2024-05-16 13:33:00,1840.7,1841.4,1839.75,1840.35,10227
2024-05-16 13:34:00,1840.6,1842.95,1840.6,1841.4,11639
2024-05-16 13:35:00,1841.75,1844.8,1841.6,1843.7,14649
2024-05-16 13:36:00,1843.7,1844.9,1843.5,1844.45,7999
2024-05-16 13:37:00,1844.45,1844.95,1843.35,1844.05,12845
2024-05-16 13:38:00,1844.9,1845.0,1843.9,1845.0,12631
2024-05-16 13:39:00,1845.0,1845.0,1843.6,1843.6,8988
2024-05-16 13:40:00,1845.0,1845.0,1842.35,1842.65,13918
2024-05-16 13:41:00,1842.15,1844.7,1842.15,1843.7,11337
2024-05-16 13:42:00,1843.7,1844.95,1843.7,1844.25,10715
2024-05-16 13:43:00,1844.25,1844.95,1844.1,1844.5,11260
2024-05-16 13:44:00,1844.5,1844.95,1843.55,1844.95,14243
2024-05-16 13:45:00,1844.5,1844.95,1843.9,1843.9,15163
2024-05-16 13:46:00,1843.9,1844.85,1842.8,1843.35,11417
2024-05-16 13:47:00,1843.7,1844.75,1843.2,1843.65,10843
2024-05-16 13:48:00,1843.7,1844.95,1843.7,1844.05,12329
2024-05-16 13:49:00,1844.1,1845.0,1844.1,1844.35,13284
2024-05-16 13:50:00,1844.35,1845.0,1844.15,1845.0,10543
2024-05-16 13:51:00,1845.0,1845.0,1844.0,1844.15,9270
2024-05-16 13:52:00,1844.15,1845.0,1844.05,1844.2,13193
2024-05-16 13:53:00,1844.2,1845.0,1844.15,1844.15,10273
2024-05-16 13:54:00,1844.15,1845.0,1843.4,1843.85,16295
2024-05-16 13:55:00,1843.85,1844.8,1843.15,1843.8,11758
2024-05-16 13:56:00,1843.8,1844.75,1842.6,1842.75,13180
2024-05-16 13:57:00,1842.75,1844.7,1842.75,1843.9,7435
2024-05-16 13:58:00,1844.0,1844.95,1843.7,1844.05,12142
2024-05-16 13:59:00,1844.05,1845.0,1843.15,1843.9,13554
2024-05-16 14:00:00,1843.9,1844.95,1843.9,1844.15,12757
2024-05-16 14:01:00,1844.9,1845.0,1844.1,1845.0,11386
2024-05-16 14:02:00,1845.0,1845.0,1844.15,1845.0,7815
2024-05-16 14:03:00,1845.0,1845.0,1844.1,1844.25,11887
2024-05-16 14:04:00,1844.25,1845.0,1843.9,1844.85,14240
2024-05-16 14:05:00,1844.85,1845.0,1843.9,1844.15,14725
2024-05-16 14:06:00,1844.15,1845.0,1844.05,1844.15,15240
2024-05-16 14:07:00,1844.15,1845.0,1844.0,1844.0,11902
2024-05-16 14:08:00,1844.95,1845.0,1844.1,1844.95,17701
2024-05-16 14:09:00,1844.95,1845.0,1843.3,1843.3,16446
2024-05-16 14:10:00,1843.3,1845.0,1843.3,1844.1,11854
2024-05-16 14:11:00,1844.1,1845.0,1843.85,1844.8,19070
2024-05-16 14:12:00,1843.95,1845.0,1843.95,1844.95,14936
2024-05-16 14:13:00,1844.15,1845.0,1844.05,1844.15,10498
2024-05-16 14:14:00,1844.15,1845.0,1844.1,1844.15,13847
2024-05-16 14:15:00,1844.15,1845.0,1844.1,1844.15,15716
2024-05-16 14:16:00,1844.25,1845.0,1844.15,1844.95,16580
2024-05-16 14:17:00,1844.95,1845.0,1844.15,1845.0,12811
2024-05-16 14:18:00,1845.0,1845.0,1844.1,1844.1,14262
2024-05-16 14:19:00,1844.1,1844.95,1844.1,1844.15,13999
2024-05-16 14:20:00,1844.15,1845.0,1844.1,1844.85,14960
2024-05-16 14:21:00,1841.55,1843.0,1841.5,1843.0,13673
2024-05-16 14:22:00,1843.0,1843.0,1841.6,1842.0,12975
2024-05-16 14:23:00,1841.7,1843.0,1841.4,1841.6,13851
2024-05-16 14:24:00,1841.6,1842.7,1841.25,1841.75,11804
2024-05-16 14:25:00,1841.75,1843.0,1841.75,1841.8,14985
2024-05-16 14:26:00,1841.8,1843.0,1841.5,1841.5,15503
2024-05-16 14:27:00,1841.8,1842.9,1841.8,1842.0,13440
2024-05-16 14:28:00,1842.0,1842.95,1841.65,1842.95,15202
2024-05-16 14:29:00,1842.95,1843.0,1842.0,1842.15,18040
2024-05-16 14:30:00,1842.15,1843.0,1841.05,1841.25,20290
2024-05-16 14:31:00,1841.05,1841.65,1838.1,1838.1,13119
2024-05-16 14:32:00,1838.95,1841.0,1838.6,1838.95,11551
2024-05-16 14:33:00,1838.95,1843.0,1838.95,1842.95,19218
2024-05-16 14:34:00,1842.95,1843.0,1842.0,1843.0,21817
2024-05-16 14:35:00,1842.2,1842.95,1841.5,1841.8,16227
2024-05-16 14:36:00,1841.8,1842.95,1841.7,1842.9,19347
2024-05-16 14:37:00,1842.9,1842.95,1842.2,1842.3,11340
2024-05-16 14:38:00,1842.3,1842.95,1842.1,1842.15,11946
2024-05-16 14:39:00,1842.15,1843.0,1842.1,1842.45,13849
2024-05-16 14:40:00,1842.45,1842.95,1841.2,1841.5,19561
2024-05-16 14:41:00,1841.5,1842.7,1841.15,1841.4,12778
2024-05-16 14:42:00,1841.4,1842.95,1841.4,1842.7,19100
2024-05-16 14:43:00,1842.7,1842.9,1841.65,1842.5,15264
2024-05-16 14:44:00,1842.1,1843.0,1842.1,1842.95,15616
2024-05-16 14:45:00,1842.95,1844.8,1842.15,1844.0,16217
2024-05-16 14:46:00,1844.0,1845.0,1843.2,1844.1,15488
2024-05-16 14:47:00,1844.1,1845.0,1844.1,1844.25,10382
2024-05-16 14:48:00,1844.25,1845.0,1844.25,1844.3,15511
2024-05-16 14:49:00,1844.3,1845.0,1843.3,1843.7,14909
2024-05-16 14:50:00,1844.3,1845.0,1843.85,1843.85,11597
2024-05-16 14:51:00,1844.0,1845.0,1843.85,1844.2,8541
2024-05-16 14:52:00,1844.8,1845.0,1844.2,1845.0,13135
2024-05-16 14:53:00,1845.0,1845.0,1843.85,1844.45,16552
2024-05-16 14:54:00,1844.45,1844.5,1842.85,1844.5,11555
2024-05-16 14:55:00,1843.0,1844.4,1841.55,1841.55,12446
2024-05-16 14:56:00,1841.55,1844.5,1841.1,1843.95,18172
2024-05-16 14:57:00,1844.0,1844.5,1843.35,1844.05,7933
2024-05-16 14:58:00,1844.05,1844.9,1843.7,1844.1,7256
2024-05-16 14:59:00,1844.1,1844.5,1844.05,1844.5,4089
2024-05-16 15:00:00,1844.45,1845.0,1844.2,1844.95,10925
2024-05-16 15:01:00,1844.95,1845.0,1844.3,1844.65,16434
2024-05-16 15:02:00,1844.9,1845.0,1844.6,1844.95,4499
2024-05-16 15:03:00,1844.65,1845.0,1844.6,1844.85,2992
2024-05-16 15:04:00,1844.6,1844.95,1844.55,1844.75,3885
2024-05-16 15:05:00,1844.75,1844.95,1844.6,1844.95,2210
2024-05-16 15:06:00,1844.95,1844.95,1844.6,1844.65,2702
2024-05-16 15:07:00,1844.7,1844.95,1844.6,1844.6,3295
2024-05-16 15:08:00,1844.8,1844.95,1844.6,1844.65,2516
2024-05-16 15:09:00,1844.65,1844.95,1844.6,1844.95,3318
2024-05-16 15:10:00,1844.95,1845.0,1844.15,1844.15,3466
2024-05-16 15:11:00,1844.9,1844.95,1844.15,1844.85,2578
2024-05-16 15:12:00,1844.9,1845.0,1844.15,1844.25,4307
2024-05-16 15:13:00,1844.95,1844.95,1843.7,1844.2,3070
2024-05-16 15:14:00,1844.55,1844.9,1843.85,1844.05,3188
2024-05-16 15:15:00,1844.5,1844.85,1844.05,1844.55,2974
2024-05-16 15:16:00,1844.7,1844.95,1844.55,1844.95,5343
2024-05-16 15:17:00,1844.95,1844.95,1844.15,1844.3,2760
2024-05-16 15:18:00,1844.95,1844.95,1843.3,1843.45,4606
2024-05-16 15:19:00,1843.4,1844.4,1843.0,1843.8,2899
2024-05-16 15:20:00,1843.8,1844.9,1843.5,1844.05,4704
2024-05-16 15:21:00,1844.7,1845.0,1844.7,1844.75,6459
2024-05-16 15:22:00,1845.0,1845.0,1844.1,1844.85,7105
2024-05-16 15:23:00,1844.95,1844.95,1844.2,1844.3,4314
2024-05-16 15:24:00,1844.45,1844.8,1843.7,1844.55,5664
2024-05-16 15:25:00,1844.7,1845.0,1843.3,1843.6,11509
2024-05-16 15:26:00,1843.85,1844.0,1842.6,1842.65,4914
2024-05-16 15:27:00,1842.8,1843.85,1842.6,1843.0,4997
2024-05-16 15:28:00,1843.0,1843.0,1841.55,1841.55,5529
2024-05-16 15:29:00,1841.55,1844.0,1837.25,1838.55,12500
2024-05-17 09:15:00,1830.05,1838.5,1825.45,1832.7,3824
2024-05-17 09:16:00,1832.75,1837.25,1830.25,1832.5,3057
2024-05-17 09:17:00,1832.4,1836.75,1830.0,1832.7,2969
2024-05-17 09:18:00,1830.7,1832.35,1827.55,1828.95,1024
2024-05-17 09:19:00,1828.05,1828.85,1826.0,1827.55,1170
2024-05-17 09:20:00,1827.05,1827.8,1826.0,1826.0,2018
2024-05-17 09:21:00,1826.0,1826.4,1825.0,1825.5,1394
2024-05-17 09:22:00,1826.4,1829.95,1826.0,1827.25,2752
2024-05-17 09:23:00,1826.0,1827.0,1820.0,1825.0,4982
2024-05-17 09:24:00,1822.85,1824.7,1820.3,1824.55,2261
2024-05-17 09:25:00,1824.5,1824.55,1821.0,1821.0,1140
2024-05-17 09:26:00,1821.0,1822.9,1821.0,1821.5,1561
2024-05-17 09:27:00,1822.85,1825.9,1821.95,1825.1,1679
2024-05-17 09:28:00,1825.1,1829.9,1825.1,1829.8,2755
2024-05-17 09:29:00,1829.8,1833.55,1829.0,1832.5,1916
2024-05-17 09:30:00,1832.55,1834.45,1831.05,1834.45,1910
2024-05-17 09:31:00,1834.45,1834.45,1828.0,1828.0,4396
2024-05-17 09:32:00,1828.0,1828.0,1823.4,1824.85,2500
2024-05-17 09:33:00,1824.8,1827.65,1823.0,1827.65,3421
2024-05-17 09:34:00,1828.5,1830.0,1827.0,1828.9,797
2024-05-17 09:35:00,1828.9,1829.6,1826.0,1826.5,1150
2024-05-17 09:36:00,1826.5,1826.5,1823.0,1823.45,1029
2024-05-17 09:37:00,1822.6,1829.1,1822.6,1828.6,1081
2024-05-17 09:38:00,1829.0,1829.1,1828.0,1828.85,504
2024-05-17 09:39:00,1828.85,1829.0,1825.2,1826.55,601
2024-05-17 09:40:00,1826.0,1826.45,1824.45,1825.05,468
2024-05-17 09:41:00,1825.05,1828.2,1825.0,1827.95,695
2024-05-17 09:42:00,1826.35,1827.95,1825.9,1825.9,304
2024-05-17 09:43:00,1825.9,1825.9,1825.0,1825.0,341
2024-05-17 09:44:00,1825.0,1828.5,1824.75,1828.5,949
2024-05-17 09:45:00,1829.9,1830.0,1828.15,1829.0,936
2024-05-17 09:46:00,1829.0,1831.0,1827.3,1827.4,1344
2024-05-17 09:47:00,1828.75,1830.7,1827.1,1827.1,579
2024-05-17 09:48:00,1826.8,1828.95,1826.8,1828.95,194
2024-05-17 09:49:00,1828.95,1828.95,1825.9,1825.9,626
2024-05-17 09:50:00,1825.9,1828.4,1825.55,1826.45,1246
2024-05-17 09:51:00,1826.45,1827.7,1826.45,1827.5,170
2024-05-17 09:52:00,1827.5,1829.0,1826.7,1828.55,254
2024-05-17 09:53:00,1828.55,1831.9,1828.25,1830.65,1348
2024-05-17 09:54:00,1829.25,1830.65,1829.2,1830.0,354
2024-05-17 09:55:00,1832.9,1832.9,1829.2,1829.4,1921
2024-05-17 09:56:00,1829.0,1830.85,1829.0,1829.0,755
2024-05-17 09:57:00,1829.9,1829.9,1828.2,1828.95,414
2024-05-17 09:58:00,1828.65,1828.65,1827.1,1827.9,462
2024-05-17 09:59:00,1827.9,1827.9,1827.0,1827.0,271
2024-05-17 10:00:00,1827.05,1827.65,1827.0,1827.0,842
2024-05-17 10:01:00,1827.0,1829.0,1827.0,1829.0,425
2024-05-17 10:02:00,1829.0,1829.0,1827.0,1828.0,344
2024-05-17 10:03:00,1827.95,1827.95,1827.1,1827.2,244
2024-05-17 10:04:00,1827.2,1829.75,1827.2,1829.5,299
2024-05-17 10:05:00,1829.5,1830.0,1828.05,1828.05,658
2024-05-17 10:06:00,1828.95,1829.5,1827.3,1828.0,1031
2024-05-17 10:07:00,1828.0,1828.0,1827.0,1827.0,177
2024-05-17 10:08:00,1827.0,1828.3,1827.0,1827.5,679
2024-05-17 10:09:00,1827.5,1828.0,1827.0,1827.5,295
2024-05-17 10:10:00,1827.5,1829.9,1827.0,1829.9,1018
2024-05-17 10:11:00,1830.0,1830.1,1828.2,1830.0,1340
2024-05-17 10:12:00,1830.0,1830.9,1830.0,1830.5,348
2024-05-17 10:13:00,1830.5,1830.95,1830.0,1830.0,844
2024-05-17 10:14:00,1830.0,1832.8,1830.0,1832.8,1905
2024-05-17 10:15:00,1832.8,1834.45,1831.0,1831.0,1986
2024-05-17 10:16:00,1831.0,1832.2,1830.05,1831.6,197
2024-05-17 10:17:00,1831.0,1831.45,1830.05,1830.25,574
2024-05-17 10:18:00,1831.45,1833.0,1830.15,1831.7,1331
2024-05-17 10:19:00,1832.95,1833.4,1831.3,1832.5,1347
2024-05-17 10:20:00,1832.5,1832.75,1831.0,1832.0,1838
2024-05-17 10:21:00,1832.0,1832.0,1829.0,1829.95,14218
2024-05-17 10:22:00,1829.0,1829.85,1828.5,1829.6,2317
2024-05-17 10:23:00,1829.6,1829.6,1828.6,1828.65,182
2024-05-17 10:24:00,1828.65,1829.45,1828.5,1829.25,707
2024-05-17 10:25:00,1829.25,1831.0,1828.5,1830.2,1183
2024-05-17 10:26:00,1831.0,1832.0,1830.15,1832.0,1557
2024-05-17 10:27:00,1831.95,1831.95,1830.25,1830.4,2214
2024-05-17 10:28:00,1831.0,1831.0,1830.05,1830.95,739
2024-05-17 10:29:00,1830.95,1830.95,1829.0,1830.2,841
2024-05-17 10:30:00,1830.1,1831.0,1829.5,1830.6,4788
2024-05-17 10:31:00,1831.0,1833.0,1830.6,1833.0,7173
2024-05-17 10:32:00,1833.0,1833.0,1830.6,1832.0,9238
2024-05-17 10:33:00,1832.0,1833.0,1830.85,1832.0,4869
2024-05-17 10:34:00,1832.0,1833.0,1830.9,1831.5,7574
2024-05-17 10:35:00,1831.5,1834.4,1831.5,1833.45,7908
2024-05-17 10:36:00,1835.0,1835.0,1833.45,1834.95,7708
2024-05-17 10:37:00,1834.95,1835.65,1834.4,1835.0,8587
2024-05-17 10:38:00,1835.0,1835.9,1832.75,1834.05,7941
2024-05-17 10:39:00,1834.05,1835.0,1834.05,1834.4,7066
2024-05-17 10:40:00,1834.4,1835.0,1832.35,1835.0,10631
2024-05-17 10:41:00,1833.8,1839.0,1833.8,1838.0,15216
2024-05-17 10:42:00,1838.0,1840.0,1830.7,1833.0,17346
2024-05-17 10:43:00,1833.0,1833.95,1830.6,1832.85,10129
2024-05-17 10:44:00,1831.3,1831.3,1829.05,1830.15,9412
2024-05-17 10:45:00,1830.15,1831.8,1829.25,1831.0,10243
2024-05-17 10:46:00,1830.0,1832.0,1829.3,1830.25,6940
2024-05-17 10:47:00,1830.25,1832.0,1829.65,1831.4,9962
2024-05-17 10:48:00,1831.4,1832.0,1829.8,1830.8,9731
2024-05-17 10:49:00,1830.8,1831.95,1830.1,1831.95,11336
2024-05-17 10:50:00,1830.65,1832.0,1830.5,1832.0,10369
2024-05-17 10:51:00,1832.0,1832.0,1830.0,1831.45,10767
2024-05-17 10:52:00,1830.35,1831.15,1829.7,1830.5,8184
2024-05-17 10:53:00,1830.0,1830.5,1829.55,1830.5,9595
2024-05-17 10:54:00,1830.5,1830.5,1829.9,1830.0,7480
2024-05-17 10:55:00,1830.0,1830.5,1829.65,1830.45,8055
2024-05-17 10:56:00,1830.45,1830.5,1829.75,1829.8,6765
2024-05-17 10:57:00,1829.85,1830.5,1829.75,1829.75,8253
2024-05-17 10:58:00,1829.8,1830.5,1829.8,1830.5,6834
2024-05-17 10:59:00,1830.5,1830.5,1829.8,1829.85,6832
2024-05-17 11:00:00,1829.85,1830.5,1829.8,1830.5,6875
2024-05-17 11:01:00,1829.65,1830.5,1829.25,1829.5,8156
2024-05-17 11:02:00,1829.5,1830.5,1829.5,1830.5,6839
2024-05-17 11:03:00,1830.5,1830.5,1829.75,1830.45,7008
2024-05-17 11:04:00,1830.05,1830.5,1830.0,1830.45,6994
2024-05-17 11:05:00,1830.45,1830.5,1829.15,1829.15,8294
2024-05-17 11:06:00,1829.05,1830.5,1829.05,1829.6,10087
2024-05-17 11:07:00,1830.3,1830.45,1829.4,1829.55,9410
2024-05-17 11:08:00,1829.5,1830.5,1829.4,1830.45,10149
2024-05-17 11:09:00,1830.0,1830.5,1829.65,1830.0,8513
2024-05-17 11:10:00,1830.0,1830.0,1829.55,1829.9,11367
2024-05-17 11:11:00,1829.9,1830.35,1829.5,1829.9,9888
2024-05-17 11:12:00,1829.5,1829.95,1828.2,1828.55,9504
2024-05-17 11:13:00,1828.5,1829.9,1828.5,1828.75,10122
2024-05-17 11:14:00,1828.75,1830.0,1828.75,1830.0,10365
2024-05-17 11:15:00,1829.35,1830.0,1829.1,1829.1,13672
2024-05-17 11:16:00,1829.1,1829.8,1828.55,1828.7,12132
2024-05-17 11:17:00,1829.6,1829.9,1828.55,1828.9,10683
2024-05-17 11:18:00,1828.9,1829.95,1828.9,1829.05,12231
2024-05-17 11:19:00,1829.25,1830.0,1829.05,1829.25,11962
2024-05-17 11:20:00,1829.25,1830.0,1829.15,1829.3,10989
2024-05-17 11:21:00,1829.3,1830.0,1829.15,1829.15,10580
2024-05-17 11:22:00,1829.1,1830.0,1829.1,1829.2,11367
2024-05-17 11:23:00,1829.2,1830.0,1829.15,1829.15,14110
2024-05-17 11:24:00,1829.1,1830.0,1828.75,1828.9,12054
2024-05-17 11:25:00,1828.9,1829.9,1828.8,1829.0,13442
2024-05-17 11:26:00,1829.1,1829.95,1828.9,1829.0,12890
2024-05-17 11:27:00,1828.95,1829.9,1828.9,1829.05,12581
2024-05-17 11:28:00,1829.05,1829.9,1829.0,1829.1,11795
2024-05-17 11:29:00,1829.1,1830.0,1829.1,1829.1,11803
2024-05-17 11:30:00,1829.1,1830.45,1829.1,1829.15,13007
2024-05-17 11:31:00,1829.15,1829.85,1828.95,1828.95,11527
2024-05-17 11:32:00,1828.95,1829.8,1828.7,1828.8,11033
2024-05-17 11:33:00,1828.8,1829.75,1828.75,1828.8,12798
2024-05-17 11:34:00,1828.8,1829.75,1828.75,1828.8,13342
2024-05-17 11:35:00,1828.8,1829.75,1828.8,1828.8,12986
2024-05-17 11:36:00,1828.8,1829.7,1828.75,1828.8,13166
2024-05-17 11:37:00,1828.85,1829.9,1828.85,1828.95,10451
2024-05-17 11:38:00,1829.0,1830.0,1828.9,1829.2,11844
2024-05-17 11:39:00,1829.95,1830.45,1829.15,1830.45,11416
2024-05-17 11:40:00,1830.45,1830.45,1829.25,1830.4,9661
2024-05-17 11:41:00,1830.4,1830.4,1829.1,1829.2,10863
2024-05-17 11:42:00,1829.2,1829.95,1828.75,1829.75,12008
2024-05-17 11:43:00,1828.75,1829.8,1828.65,1828.7,9115
2024-05-17 11:44:00,1828.7,1829.7,1828.65,1828.85,13176
2024-05-17 11:45:00,1828.85,1829.95,1828.85,1829.1,12012
2024-05-17 11:46:00,1829.1,1829.95,1828.85,1828.85,11334
2024-05-17 11:47:00,1828.95,1829.9,1828.8,1829.0,12250
2024-05-17 11:48:00,1829.0,1830.0,1829.0,1829.2,11931
2024-05-17 11:49:00,1829.2,1830.4,1829.05,1829.15,13152
2024-05-17 11:50:00,1829.15,1831.7,1829.15,1830.05,12009
2024-05-17 11:51:00,1830.05,1831.75,1830.05,1831.5,11114
2024-05-17 11:52:00,1831.0,1832.0,1830.4,1832.0,9103
2024-05-17 11:53:00,1831.2,1832.35,1830.65,1831.95,7540
2024-05-17 11:54:00,1831.95,1832.0,1830.7,1831.9,10792
2024-05-17 11:55:00,1831.9,1832.0,1830.85,1832.0,13872
2024-05-17 11:56:00,1831.9,1832.0,1831.05,1831.95,10022
2024-05-17 11:57:00,1831.95,1832.0,1831.05,1831.95,12694
2024-05-17 11:58:00,1832.0,1832.3,1831.05,1832.3,11867
2024-05-17 11:59:00,1831.25,1832.0,1831.1,1831.15,10418
2024-05-17 12:00:00,1831.15,1831.95,1830.05,1831.6,13076
2024-05-17 12:01:00,1830.65,1831.85,1830.65,1831.85,11469
2024-05-17 12:02:00,1831.85,1831.9,1830.9,1831.05,13057
2024-05-17 12:03:00,1831.05,1832.0,1831.05,1831.3,10658
2024-05-17 12:04:00,1831.35,1832.0,1831.15,1831.25,10094
2024-05-17 12:05:00,1831.25,1831.9,1830.85,1831.1,13610
2024-05-17 12:06:00,1831.1,1831.9,1830.8,1831.05,12667
2024-05-17 12:07:00,1831.05,1831.95,1831.0,1831.1,13775
2024-05-17 12:08:00,1831.1,1831.95,1831.1,1831.15,12225
2024-05-17 12:09:00,1831.15,1832.3,1831.05,1831.05,13165
2024-05-17 12:10:00,1831.05,1831.8,1830.25,1830.8,12188
2024-05-17 12:11:00,1831.65,1831.85,1830.65,1830.95,12905
2024-05-17 12:12:00,1830.95,1831.85,1830.9,1831.0,12190
2024-05-17 12:13:00,1831.0,1831.85,1830.9,1831.8,13369
2024-05-17 12:14:00,1831.8,1831.8,1830.9,1831.05,9003
2024-05-17 12:15:00,1831.7,1832.0,1831.05,1831.95,9457
2024-05-17 12:16:00,1831.95,1834.7,1831.4,1834.7,9525
2024-05-17 12:17:00,1834.7,1834.9,1833.05,1834.9,10121
2024-05-17 12:18:00,1833.9,1835.0,1833.85,1834.15,10104
2024-05-17 12:19:00,1834.15,1835.0,1832.65,1833.2,9487
2024-05-17 12:20:00,1833.15,1834.0,1833.0,1833.05,11326
2024-05-17 12:21:00,1832.7,1833.95,1832.25,1833.15,10727
2024-05-17 12:22:00,1833.15,1834.0,1833.15,1833.3,8529
2024-05-17 12:23:00,1833.3,1834.0,1833.1,1833.2,11413
2024-05-17 12:24:00,1833.95,1834.0,1833.15,1833.2,10337
2024-05-17 12:25:00,1834.0,1834.0,1833.15,1834.0,8574
2024-05-17 12:26:00,1834.0,1834.0,1833.05,1833.95,10396
2024-05-17 12:27:00,1834.0,1834.0,1832.1,1833.15,12326
2024-05-17 12:28:00,1833.15,1834.0,1833.05,1833.1,10497
2024-05-17 12:29:00,1833.1,1833.95,1832.15,1832.8,8667
2024-05-17 12:30:00,1832.8,1834.0,1832.8,1833.2,9837
2024-05-17 12:31:00,1833.25,1834.0,1833.2,1833.2,10114
2024-05-17 12:32:00,1833.25,1834.0,1833.1,1833.15,13008
2024-05-17 12:33:00,1833.25,1834.9,1833.25,1834.05,9858
2024-05-17 12:34:00,1834.05,1835.0,1833.8,1834.2,10966
2024-05-17 12:35:00,1834.15,1835.0,1833.65,1834.05,10333
2024-05-17 12:36:00,1834.05,1834.5,1833.5,1833.6,11608
2024-05-17 12:37:00,1833.5,1834.5,1833.45,1833.65,9912
2024-05-17 12:38:00,1833.65,1834.5,1833.6,1834.35,9590
2024-05-17 12:39:00,1833.75,1834.5,1833.55,1833.7,10677
2024-05-17 12:40:00,1833.7,1834.5,1833.55,1834.1,10287
2024-05-17 12:41:00,1833.7,1834.5,1833.7,1833.75,9195
2024-05-17 12:42:00,1833.75,1834.5,1833.65,1833.75,9904
2024-05-17 12:43:00,1833.75,1834.45,1833.6,1834.45,12047
2024-05-17 12:44:00,1833.7,1834.5,1833.65,1833.7,11689
2024-05-17 12:45:00,1833.75,1834.5,1833.3,1833.65,13769
2024-05-17 12:46:00,1833.65,1834.45,1833.4,1833.7,9192
2024-05-17 12:47:00,1833.7,1834.5,1833.6,1833.7,12730
2024-05-17 12:48:00,1833.75,1834.5,1833.65,1833.7,10531
2024-05-17 12:49:00,1833.7,1834.5,1833.7,1834.45,9606
2024-05-17 12:50:00,1833.7,1834.5,1833.7,1833.75,10039
2024-05-17 12:51:00,1833.8,1835.0,1833.65,1834.0,14053
2024-05-17 12:52:00,1833.9,1834.8,1833.45,1833.55,11819
2024-05-17 12:53:00,1833.55,1834.45,1833.3,1833.4,10855
2024-05-17 12:54:00,1833.4,1834.35,1833.2,1834.3,7566
2024-05-17 12:55:00,1834.3,1834.3,1830.85,1832.7,11375
2024-05-17 12:56:00,1832.7,1833.4,1831.4,1833.4,10532
2024-05-17 12:57:00,1832.5,1834.95,1831.65,1834.95,13263
2024-05-17 12:58:00,1834.95,1835.0,1833.7,1834.0,13224
2024-05-17 12:59:00,1833.8,1834.8,1833.65,1833.85,9325
2024-05-17 13:00:00,1833.85,1834.8,1833.85,1833.9,10226
2024-05-17 13:01:00,1833.9,1834.95,1833.75,1834.8,11426
2024-05-17 13:02:00,1834.1,1834.95,1833.7,1833.7,14858
2024-05-17 13:03:00,1833.75,1834.7,1833.55,1833.6,8971
2024-05-17 13:04:00,1833.6,1834.6,1833.6,1833.7,11027
2024-05-17 13:05:00,1833.65,1834.6,1831.65,1831.7,11780
2024-05-17 13:06:00,1831.8,1833.5,1831.8,1832.35,9401
2024-05-17 13:07:00,1832.35,1833.5,1832.35,1832.75,11281
2024-05-17 13:08:00,1832.75,1833.45,1832.35,1832.95,12280
2024-05-17 13:09:00,1832.95,1833.0,1830.75,1831.25,12487
2024-05-17 13:10:00,1831.25,1831.95,1830.75,1831.1,11337
2024-05-17 13:11:00,1831.05,1831.75,1830.2,1830.6,10367
2024-05-17 13:12:00,1830.2,1831.35,1829.15,1829.55,13230
2024-05-17 13:13:00,1829.55,1830.0,1828.75,1829.4,11199
2024-05-17 13:14:00,1829.0,1830.0,1828.6,1830.0,10353
2024-05-17 13:15:00,1829.3,1831.85,1829.25,1830.95,10886
2024-05-17 13:16:00,1830.9,1831.7,1830.75,1830.8,9183
2024-05-17 13:17:00,1830.75,1831.45,1830.15,1831.25,11239
2024-05-17 13:18:00,1830.55,1831.85,1830.35,1831.5,9088
2024-05-17 13:19:00,1831.5,1831.5,1830.75,1830.75,9700
2024-05-17 13:20:00,1830.7,1831.2,1830.15,1831.2,8020
2024-05-17 13:21:00,1830.1,1831.8,1830.1,1831.8,12972
2024-05-17 13:22:00,1831.8,1832.7,1830.5,1831.55,10938
2024-05-17 13:23:00,1831.5,1832.0,1831.0,1832.0,10334
2024-05-17 13:24:00,1831.2,1831.9,1830.4,1830.75,9265
2024-05-17 13:25:00,1831.95,1831.95,1830.95,1831.1,11153
2024-05-17 13:26:00,1831.7,1831.75,1830.3,1831.7,11832
2024-05-17 13:27:00,1830.7,1831.45,1830.5,1830.5,10183
2024-05-17 13:28:00,1830.5,1831.3,1830.05,1830.4,9566
2024-05-17 13:29:00,1830.4,1831.3,1830.4,1831.0,9181
2024-05-17 13:30:00,1830.55,1830.9,1828.8,1829.9,9803
2024-05-17 13:31:00,1828.8,1832.0,1828.75,1832.0,12758
2024-05-17 13:32:00,1831.95,1833.45,1830.5,1833.15,16388
2024-05-17 13:33:00,1833.5,1833.5,1832.05,1832.65,13173
2024-05-17 13:34:00,1833.5,1833.5,1832.4,1832.4,12708
2024-05-17 13:35:00,1832.4,1833.0,1830.2,1831.0,11057
2024-05-17 13:36:00,1832.7,1832.7,1831.0,1831.0,10831
2024-05-17 13:37:00,1831.0,1833.45,1831.0,1832.6,11060
2024-05-17 13:38:00,1833.5,1833.5,1832.6,1832.7,9900
2024-05-17 13:39:00,1832.7,1833.5,1832.2,1833.5,8790
2024-05-17 13:40:00,1832.55,1833.0,1831.55,1831.55,9929
2024-05-17 13:41:00,1831.55,1832.55,1829.25,1829.25,10136
2024-05-17 13:42:00,1829.3,1831.95,1828.75,1828.75,10078
2024-05-17 13:43:00,1828.75,1832.0,1828.55,1831.05,11802
2024-05-17 13:44:00,1831.05,1832.0,1831.0,1831.1,9806
2024-05-17 13:45:00,1831.1,1831.1,1830.0,1831.0,8686
2024-05-17 13:46:00,1830.9,1831.0,1829.1,1830.1,8670
2024-05-17 13:47:00,1830.1,1831.1,1829.8,1831.0,9959
2024-05-17 13:48:00,1831.35,1831.5,1830.15,1830.6,9776
2024-05-17 13:49:00,1830.2,1831.0,1830.0,1830.2,10826
2024-05-17 13:50:00,1830.2,1830.95,1829.55,1830.85,9697
2024-05-17 13:51:00,1830.85,1830.9,1829.55,1829.6,12229
2024-05-17 13:52:00,1829.6,1830.0,1828.75,1829.1,9516
2024-05-17 13:53:00,1829.1,1830.0,1829.05,1830.0,10015
2024-05-17 13:54:00,1830.0,1830.3,1829.2,1830.3,9314
2024-05-17 13:55:00,1830.3,1830.9,1829.25,1829.3,11704
2024-05-17 13:56:00,1829.3,1829.95,1828.75,1829.0,9867
2024-05-17 13:57:00,1829.05,1830.9,1829.05,1830.0,9963
2024-05-17 13:58:00,1829.35,1830.0,1829.05,1829.15,9128
2024-05-17 13:59:00,1829.15,1830.0,1829.05,1829.7,12000
2024-05-17 14:00:00,1829.2,1830.9,1829.15,1830.0,9070
2024-05-17 14:01:00,1830.15,1832.95,1830.15,1832.75,9134
2024-05-17 14:02:00,1832.0,1833.5,1831.7,1832.5,10959
2024-05-17 14:03:00,1832.0,1833.5,1832.0,1832.75,9543
2024-05-17 14:04:00,1832.75,1834.4,1832.6,1834.4,8504
2024-05-17 14:05:00,1833.55,1835.0,1833.55,1834.05,10586
2024-05-17 14:06:00,1834.05,1835.0,1834.0,1834.95,10428
2024-05-17 14:07:00,1834.95,1835.6,1834.05,1835.0,9263
2024-05-17 14:08:00,1835.0,1835.0,1832.25,1835.0,11518
2024-05-17 14:09:00,1835.0,1835.0,1833.3,1833.95,11822
2024-05-17 14:10:00,1835.95,1837.0,1834.0,1836.75,12185
2024-05-17 14:11:00,1836.65,1837.0,1833.85,1835.65,9553
2024-05-17 14:12:00,1835.65,1836.0,1833.5,1834.85,10225
2024-05-17 14:13:00,1834.05,1836.0,1834.05,1835.85,10610
2024-05-17 14:14:00,1835.1,1836.0,1834.35,1835.0,10149
2024-05-17 14:15:00,1835.0,1836.0,1834.8,1835.0,13351
2024-05-17 14:16:00,1834.8,1835.9,1834.15,1834.85,9713
2024-05-17 14:17:00,1834.85,1836.0,1834.8,1835.6,11363
2024-05-17 14:18:00,1835.6,1835.95,1834.55,1835.9,10834
2024-05-17 14:19:00,1835.0,1836.0,1834.25,1835.0,13067
2024-05-17 14:20:00,1835.0,1836.0,1834.7,1835.0,11292
2024-05-17 14:21:00,1835.0,1836.0,1834.8,1835.55,11354
2024-05-17 14:22:00,1835.55,1836.0,1835.0,1836.0,11260
2024-05-17 14:23:00,1835.1,1836.0,1835.0,1835.2,11338
2024-05-17 14:24:00,1835.2,1836.0,1835.0,1835.6,10991
2024-05-17 14:25:00,1835.6,1836.0,1835.05,1835.95,16805
2024-05-17 14:26:00,1835.8,1836.0,1835.05,1836.0,11768
2024-05-17 14:27:00,1836.0,1836.0,1835.05,1835.15,11452
2024-05-17 14:28:00,1835.15,1835.95,1834.7,1834.7,10940
2024-05-17 14:29:00,1834.75,1835.95,1834.55,1835.0,13988
2024-05-17 14:30:00,1835.0,1835.95,1834.95,1835.1,8160
2024-05-17 14:31:00,1835.1,1836.0,1835.1,1835.35,9370
2024-05-17 14:32:00,1835.35,1836.0,1835.15,1835.15,7602
2024-05-17 14:33:00,1835.2,1836.0,1835.1,1835.25,7725
2024-05-17 14:34:00,1835.25,1836.0,1835.15,1835.2,8474
2024-05-17 14:35:00,1835.2,1836.0,1834.65,1834.65,8021
2024-05-17 14:36:00,1834.65,1835.95,1834.6,1835.95,8873
2024-05-17 14:37:00,1835.95,1836.0,1834.9,1835.25,8716
2024-05-17 14:38:00,1835.25,1837.0,1835.15,1836.45,11460
2024-05-17 14:39:00,1836.45,1837.5,1836.1,1837.5,8955
2024-05-17 14:40:00,1837.5,1840.0,1836.6,1839.9,13951
2024-05-17 14:41:00,1839.9,1839.9,1836.35,1837.85,9718
2024-05-17 14:42:00,1837.0,1838.9,1836.5,1838.0,8368
2024-05-17 14:43:00,1838.15,1838.95,1837.5,1838.95,6485
2024-05-17 14:44:00,1838.95,1839.0,1838.05,1839.0,10260
2024-05-17 14:45:00,1839.0,1839.0,1837.1,1837.25,8301
2024-05-17 14:46:00,1837.25,1839.0,1837.1,1837.9,11367
2024-05-17 14:47:00,1837.4,1839.0,1837.4,1838.0,6068
2024-05-17 14:48:00,1838.0,1839.0,1838.0,1838.1,8102
2024-05-17 14:49:00,1839.0,1839.0,1838.25,1838.95,9417
2024-05-17 14:50:00,1838.9,1839.0,1838.1,1838.15,7938
2024-05-17 14:51:00,1838.15,1839.0,1838.1,1838.8,7315
2024-05-17 14:52:00,1838.8,1839.0,1837.75,1837.8,8428
2024-05-17 14:53:00,1838.0,1840.0,1837.8,1839.0,8754
2024-05-17 14:54:00,1839.0,1840.0,1839.0,1840.0,9243
2024-05-17 14:55:00,1839.25,1840.0,1839.15,1840.0,6008
2024-05-17 14:56:00,1840.0,1840.0,1838.65,1839.15,8321
2024-05-17 14:57:00,1839.15,1840.0,1839.15,1840.0,12265
2024-05-17 14:58:00,1840.0,1840.0,1838.6,1840.0,9485
2024-05-17 14:59:00,1840.0,1840.0,1839.1,1840.0,8718
2024-05-17 15:00:00,1839.9,1839.95,1838.85,1838.85,9919
2024-05-17 15:01:00,1838.85,1839.85,1837.85,1838.0,10541
2024-05-17 15:02:00,1837.9,1838.0,1835.4,1836.35,10633
2024-05-17 15:03:00,1836.35,1836.35,1834.15,1834.15,10016
2024-05-17 15:04:00,1834.55,1835.45,1832.8,1834.55,11164
2024-05-17 15:05:00,1834.55,1836.45,1834.1,1835.75,15587
2024-05-17 15:06:00,1835.75,1835.75,1833.0,1834.05,9068
2024-05-17 15:07:00,1834.4,1835.0,1833.4,1834.1,11090
2024-05-17 15:08:00,1834.0,1834.6,1832.6,1832.95,9576
2024-05-17 15:09:00,1833.2,1833.6,1830.15,1830.95,3301
2024-05-17 15:10:00,1830.65,1833.0,1830.1,1832.45,14265
2024-05-17 15:11:00,1831.5,1833.0,1831.0,1832.6,15311
2024-05-17 15:12:00,1832.6,1833.0,1832.05,1832.2,14452
2024-05-17 15:13:00,1832.8,1833.0,1830.1,1830.45,5704
2024-05-17 15:14:00,1830.45,1832.9,1830.35,1831.95,15887
2024-05-17 15:15:00,1830.6,1833.0,1830.6,1832.0,12999
2024-05-17 15:16:00,1832.0,1832.9,1830.45,1831.8,10177
2024-05-17 15:17:00,1832.9,1834.95,1832.0,1834.95,20065
2024-05-17 15:18:00,1834.7,1835.0,1832.15,1833.3,7869
2024-05-17 15:19:00,1833.25,1833.25,1830.15,1830.85,4536
2024-05-17 15:20:00,1831.05,1831.05,1828.0,1828.0,11499
2024-05-17 15:21:00,1828.05,1833.35,1827.65,1832.5,19986
2024-05-17 15:22:00,1834.0,1834.0,1831.75,1834.0,17575
2024-05-17 15:23:00,1834.0,1834.0,1831.55,1831.95,3607
2024-05-17 15:24:00,1831.85,1831.85,1830.0,1830.2,3794
2024-05-17 15:25:00,1830.2,1830.2,1828.3,1829.4,5763
2024-05-17 15:26:00,1829.35,1829.35,1827.7,1827.95,2986
2024-05-17 15:27:00,1827.7,1829.0,1827.0,1827.75,5661
2024-05-17 15:28:00,1827.9,1829.0,1826.35,1827.9,4010
2024-05-17 15:29:00,1827.9,1832.0,1826.0,1828.85,8698
2024-05-18 09:15:00,1837.45,1840.0,1832.2,1839.85,658
2024-05-18 09:16:00,1839.85,1840.5,1836.95,1836.95,1451
2024-05-18 09:17:00,1836.95,1839.0,1836.9,1838.0,1117
2024-05-18 09:18:00,1836.95,1837.9,1834.65,1837.0,1299
2024-05-18 09:19:00,1837.0,1837.0,1834.4,1836.6,313
2024-05-18 09:20:00,1834.6,1837.0,1833.3,1833.3,430
2024-05-18 09:21:00,1834.0,1835.25,1833.0,1833.0,452
2024-05-18 09:22:00,1834.0,1836.4,1833.05,1834.1,1108
2024-05-18 09:23:00,1834.1,1835.95,1834.0,1834.9,318
2024-05-18 09:24:00,1834.9,1834.95,1832.35,1833.85,959
2024-05-18 09:25:00,1833.0,1834.0,1832.2,1832.2,389
2024-05-18 09:26:00,1832.2,1834.0,1832.2,1833.15,1168
2024-05-18 09:27:00,1833.15,1836.0,1833.15,1836.0,819
2024-05-18 09:28:00,1836.0,1836.0,1834.25,1836.0,469
2024-05-18 09:29:00,1836.0,1836.0,1834.85,1836.0,164
2024-05-18 09:30:00,1836.0,1836.0,1834.65,1834.65,691
2024-05-18 09:31:00,1835.3,1835.3,1834.55,1835.0,465
2024-05-18 09:32:00,1835.05,1835.3,1834.55,1834.55,124
2024-05-18 09:33:00,1834.55,1835.3,1834.5,1835.25,625
2024-05-18 09:34:00,1835.25,1835.3,1834.0,1834.95,660
2024-05-18 09:35:00,1834.95,1835.0,1834.0,1834.0,442
2024-05-18 09:36:00,1834.0,1835.95,1834.0,1834.05,1068
2024-05-18 09:37:00,1835.8,1835.8,1832.5,1834.0,1003
2024-05-18 09:38:00,1834.0,1834.65,1832.7,1834.65,757
2024-05-18 09:39:00,1834.65,1834.85,1833.0,1833.0,244
2024-05-18 09:40:00,1833.0,1834.9,1832.7,1834.75,292
2024-05-18 09:41:00,1834.75,1834.75,1832.75,1834.75,493
2024-05-18 09:42:00,1834.75,1834.75,1833.0,1833.4,312
2024-05-18 09:43:00,1833.25,1833.4,1832.75,1832.75,382
2024-05-18 09:44:00,1832.75,1834.1,1832.0,1832.3,2031
2024-05-18 09:45:00,1832.3,1834.0,1832.15,1833.05,183
2024-05-18 09:46:00,1833.05,1833.2,1832.5,1832.5,127
2024-05-18 09:47:00,1833.2,1833.25,1832.2,1833.25,375
2024-05-18 09:48:00,1833.25,1833.25,1832.3,1833.2,770
2024-05-18 09:49:00,1833.15,1833.2,1832.0,1832.0,716
2024-05-18 09:50:00,1832.0,1833.15,1831.0,1831.1,530
2024-05-18 09:51:00,1831.1,1832.45,1830.45,1831.05,591
2024-05-18 09:52:00,1831.05,1831.9,1830.3,1830.3,446
2024-05-18 09:53:00,1830.3,1830.75,1828.85,1828.95,1527
2024-05-18 09:54:00,1830.0,1830.05,1826.0,1827.9,893
2024-05-18 09:55:00,1827.9,1827.95,1825.0,1825.0,716
2024-05-18 09:56:00,1827.0,1827.7,1825.0,1826.0,459
2024-05-18 09:57:00,1826.0,1826.05,1825.0,1825.25,217
2024-05-18 09:58:00,1825.25,1826.05,1825.0,1825.1,1137
2024-05-18 09:59:00,1825.1,1830.0,1825.1,1828.95,664
2024-05-18 11:30:00,1829.0,1829.0,1825.25,1826.85,761
2024-05-18 11:31:00,1826.85,1828.55,1826.85,1827.0,128
2024-05-18 11:32:00,1827.0,1829.1,1827.0,1829.1,524
2024-05-18 11:33:00,1829.1,1830.8,1827.1,1830.0,542
2024-05-18 11:34:00,1830.0,1834.35,1829.6,1831.0,1515
2024-05-18 11:35:00,1832.4,1832.7,1830.0,1832.05,222
2024-05-18 11:36:00,1832.05,1832.05,1830.0,1831.4,250
2024-05-18 11:37:00,1831.5,1832.0,1830.0,1830.35,272
2024-05-18 11:38:00,1830.35,1830.35,1830.0,1830.0,146
2024-05-18 11:39:00,1830.0,1830.35,1828.3,1829.9,462
2024-05-18 11:40:00,1828.45,1829.9,1828.35,1828.4,209
2024-05-18 11:41:00,1829.75,1829.85,1828.4,1829.0,265
2024-05-18 11:42:00,1829.0,1831.8,1828.4,1830.3,1056
2024-05-18 11:43:00,1830.25,1831.75,1830.0,1831.3,393
2024-05-18 11:44:00,1831.3,1831.4,1830.0,1830.0,229
2024-05-18 11:45:00,1830.0,1831.35,1830.0,1830.0,907
2024-05-18 11:46:00,1830.95,1833.05,1830.05,1833.05,870
2024-05-18 11:47:00,1833.05,1833.15,1828.0,1830.9,2017
2024-05-18 11:48:00,1830.9,1831.55,1829.0,1829.0,925
2024-05-18 11:49:00,1829.0,1830.95,1829.0,1829.0,431
2024-05-18 11:50:00,1829.05,1832.0,1829.0,1831.85,773
2024-05-18 11:51:00,1831.85,1831.85,1830.1,1831.85,32
2024-05-18 11:52:00,1831.8,1831.85,1830.25,1830.25,136
2024-05-18 11:53:00,1830.25,1831.45,1830.0,1830.05,173
2024-05-18 11:54:00,1830.05,1830.95,1829.15,1829.15,425
2024-05-18 11:55:00,1829.15,1834.0,1829.15,1834.0,1569
2024-05-18 11:56:00,1832.95,1833.75,1831.25,1831.6,170
2024-05-18 11:57:00,1831.6,1833.5,1831.35,1833.5,674
2024-05-18 11:58:00,1833.5,1834.95,1833.5,1833.5,418
2024-05-18 11:59:00,1833.6,1834.0,1833.6,1833.65,259
2024-05-18 12:00:00,1833.65,1833.65,1831.45,1831.6,199
2024-05-18 12:01:00,1831.6,1833.15,1831.55,1832.95,135
2024-05-18 12:02:00,1832.95,1832.95,1832.0,1832.0,56
2024-05-18 12:03:00,1832.0,1832.9,1830.8,1832.15,634
2024-05-18 12:04:00,1832.15,1832.15,1829.3,1831.7,272
2024-05-18 12:05:00,1829.55,1831.7,1829.55,1830.55,230
2024-05-18 12:06:00,1829.6,1831.6,1829.6,1829.65,307
2024-05-18 12:07:00,1829.65,1830.0,1826.0,1828.55,2179
2024-05-18 12:08:00,1828.3,1831.0,1828.3,1830.5,510
2024-05-18 12:09:00,1830.5,1831.7,1830.5,1831.7,144
2024-05-18 12:10:00,1831.7,1831.9,1828.8,1829.95,502
2024-05-18 12:11:00,1829.95,1830.0,1827.8,1829.4,812
2024-05-18 12:12:00,1829.65,1830.8,1827.8,1830.4,519
2024-05-18 12:13:00,1830.0,1830.85,1829.05,1830.15,472
2024-05-18 12:14:00,1830.0,1831.0,1829.35,1831.0,370
2024-05-18 12:15:00,1831.0,1832.25,1829.3,1832.05,1192
2024-05-18 12:16:00,1832.05,1834.9,1832.05,1834.7,2193
2024-05-18 12:17:00,1834.7,1834.7,1832.55,1834.45,247
2024-05-18 12:18:00,1834.45,1834.45,1830.95,1833.0,992
2024-05-18 12:19:00,1833.0,1833.9,1830.95,1832.15,367
2024-05-18 12:20:00,1832.15,1833.9,1832.05,1832.15,599
2024-05-18 12:21:00,1832.15,1832.9,1830.75,1831.9,444
2024-05-18 12:22:00,1831.9,1833.0,1830.15,1833.0,909
2024-05-18 12:23:00,1833.0,1833.0,1831.3,1833.0,476
2024-05-18 12:24:00,1832.15,1834.0,1832.15,1833.95,706
2024-05-18 12:25:00,1833.0,1834.0,1832.15,1833.0,640
2024-05-18 12:26:00,1832.15,1833.95,1832.15,1833.0,870
2024-05-18 12:27:00,1833.0,1834.0,1833.0,1834.0,1173
2024-05-18 12:28:00,1834.0,1834.0,1833.0,1834.0,1111
2024-05-18 12:29:00,1833.5,1834.0,1830.15,1834.0,2041
2024-05-21 09:15:00,1825.0,1831.8,1818.0,1823.6,5029
2024-05-21 09:16:00,1823.3,1824.0,1819.7,1821.25,1897
2024-05-21 09:17:00,1821.25,1821.25,1815.0,1816.45,1882
2024-05-21 09:18:00,1816.6,1816.6,1810.25,1811.0,4242
2024-05-21 09:19:00,1810.75,1816.65,1810.0,1816.0,4137
2024-05-21 09:20:00,1816.0,1819.55,1815.0,1819.45,12834
2024-05-21 09:21:00,1818.9,1821.2,1818.35,1820.35,2027
2024-05-21 09:22:00,1821.2,1824.75,1820.25,1821.45,2958
2024-05-21 09:23:00,1820.0,1820.05,1818.0,1818.85,1864
2024-05-21 09:24:00,1818.85,1818.85,1817.0,1817.05,1423
2024-05-21 09:25:00,1817.75,1818.9,1816.0,1816.0,1897
2024-05-21 09:26:00,1816.0,1816.0,1813.65,1814.85,828
2024-05-21 09:27:00,1814.0,1817.8,1813.45,1816.55,1296
2024-05-21 09:28:00,1816.8,1817.95,1815.0,1817.8,551
2024-05-21 09:29:00,1817.8,1819.9,1817.0,1817.2,1743
2024-05-21 09:30:00,1817.0,1822.7,1817.0,1822.7,1140
2024-05-21 09:31:00,1821.25,1822.75,1819.4,1820.45,395
2024-05-21 09:32:00,1820.0,1821.0,1819.4,1821.0,605
2024-05-21 09:33:00,1820.1,1822.55,1819.9,1821.0,933
2024-05-21 09:34:00,1821.0,1822.75,1821.0,1822.35,1257
2024-05-21 09:35:00,1822.35,1823.0,1822.0,1823.0,1014
2024-05-21 09:36:00,1822.15,1823.0,1821.1,1822.5,2251
2024-05-21 09:37:00,1822.5,1823.95,1821.6,1822.45,1096
2024-05-21 09:38:00,1822.45,1823.0,1820.1,1820.1,1279
2024-05-21 09:39:00,1820.0,1822.5,1819.4,1821.05,1718
2024-05-21 09:40:00,1821.05,1822.6,1819.95,1820.7,2231
2024-05-21 09:41:00,1820.7,1820.8,1819.4,1819.6,547
2024-05-21 09:42:00,1819.6,1820.95,1818.6,1820.0,889
2024-05-21 09:43:00,1820.0,1820.0,1819.6,1819.75,73
2024-05-21 09:44:00,1819.6,1820.05,1818.6,1820.05,1665
2024-05-21 09:45:00,1820.05,1821.25,1818.9,1819.15,246
2024-05-21 09:46:00,1819.15,1820.0,1818.0,1818.55,588
2024-05-21 09:47:00,1818.0,1818.5,1815.25,1815.95,1206
2024-05-21 09:48:00,1815.95,1816.0,1815.35,1816.0,422
2024-05-21 09:49:00,1816.0,1816.35,1815.0,1816.1,796
2024-05-21 09:50:00,1815.7,1816.1,1815.0,1815.4,718
2024-05-21 09:51:00,1815.4,1815.4,1812.65,1814.0,2387
2024-05-21 09:52:00,1814.15,1814.4,1812.8,1814.05,206
2024-05-21 09:53:00,1814.05,1814.4,1812.8,1814.0,728
2024-05-21 09:54:00,1814.0,1814.0,1812.8,1814.0,414
2024-05-21 09:55:00,1814.3,1814.3,1812.0,1812.95,932
2024-05-21 09:56:00,1813.0,1815.4,1813.0,1815.4,3458
2024-05-21 09:57:00,1815.4,1815.55,1814.6,1814.65,256
2024-05-21 09:58:00,1814.65,1815.4,1814.65,1814.65,444
2024-05-21 09:59:00,1815.0,1815.65,1814.65,1815.55,2341
2024-05-21 10:00:00,1815.55,1816.0,1815.55,1816.0,400
2024-05-21 10:01:00,1815.65,1816.4,1815.55,1816.0,532
2024-05-21 10:02:00,1816.4,1816.8,1816.0,1816.8,343
2024-05-21 10:03:00,1816.8,1818.0,1816.8,1818.0,4523
2024-05-21 10:04:00,1818.0,1821.6,1818.0,1821.45,1985
2024-05-21 10:05:00,1821.45,1830.9,1821.45,1829.0,9051
2024-05-21 10:06:00,1829.65,1829.7,1826.6,1829.7,5923
2024-05-21 10:07:00,1829.7,1831.0,1827.15,1827.95,4073
2024-05-21 10:08:00,1828.0,1828.0,1826.85,1828.0,1394
2024-05-21 10:09:00,1828.0,1834.3,1828.0,1834.3,4376
2024-05-21 10:10:00,1835.25,1848.95,1834.95,1846.1,10687
2024-05-21 10:11:00,1847.4,1847.4,1840.95,1842.85,7059
2024-05-21 10:12:00,1842.9,1847.95,1842.9,1847.95,3960
2024-05-21 10:13:00,1847.95,1848.6,1841.75,1842.6,6272
2024-05-21 10:14:00,1842.6,1842.6,1838.05,1841.3,3710
2024-05-21 10:15:00,1841.3,1846.25,1841.3,1844.85,5161
2024-05-21 10:16:00,1844.4,1845.0,1840.3,1842.1,2054
2024-05-21 10:17:00,1840.5,1842.9,1840.5,1842.1,1143
2024-05-21 10:18:00,1842.1,1847.0,1842.1,1846.6,5078
2024-05-21 10:19:00,1846.6,1846.9,1844.15,1844.95,4639
2024-05-21 10:20:00,1844.95,1845.0,1843.3,1844.75,1303
2024-05-21 10:21:00,1843.95,1846.0,1843.95,1846.0,1583
2024-05-21 10:22:00,1846.85,1848.0,1845.6,1848.0,3217
2024-05-21 10:23:00,1847.6,1848.95,1846.15,1847.5,4379
2024-05-21 10:24:00,1847.5,1849.85,1847.5,1849.7,2156
2024-05-21 10:25:00,1853.0,1856.0,1853.0,1853.0,13924
2024-05-21 10:26:00,1853.0,1853.0,1850.05,1851.65,1608
2024-05-21 10:27:00,1850.5,1855.5,1850.5,1855.0,2671
2024-05-21 10:28:00,1854.65,1855.5,1852.25,1853.05,3540
2024-05-21 10:29:00,1853.05,1854.65,1853.05,1854.5,1127
2024-05-21 10:30:00,1854.0,1854.65,1850.85,1851.8,4455
2024-05-21 10:31:00,1850.55,1853.95,1850.55,1852.6,707
2024-05-21 10:32:00,1853.75,1861.35,1852.6,1860.9,13134
2024-05-21 10:33:00,1860.55,1864.15,1860.55,1862.2,4660
2024-05-21 10:34:00,1862.2,1863.85,1862.0,1862.1,3757
2024-05-21 10:35:00,1863.05,1863.25,1860.0,1861.4,2235
2024-05-21 10:36:00,1861.2,1862.05,1861.2,1861.3,2257
2024-05-21 10:37:00,1862.0,1862.0,1856.15,1859.9,6746
2024-05-21 10:38:00,1858.75,1858.75,1854.5,1855.85,976
2024-05-21 10:39:00,1854.55,1857.45,1854.55,1856.1,1195
2024-05-21 10:40:00,1856.15,1856.8,1855.0,1855.85,2705
2024-05-21 10:41:00,1855.85,1856.9,1855.85,1856.9,606
2024-05-21 10:42:00,1857.0,1857.9,1856.65,1857.9,2913
2024-05-21 10:43:00,1857.6,1858.4,1857.6,1858.2,910
2024-05-21 10:44:00,1857.65,1858.7,1857.65,1858.7,1987
2024-05-21 10:45:00,1857.75,1858.5,1857.75,1858.5,2493
2024-05-21 10:46:00,1858.5,1858.5,1857.95,1858.25,2215
2024-05-21 10:47:00,1857.95,1860.0,1856.95,1859.8,2816
2024-05-21 10:48:00,1860.0,1860.0,1858.1,1858.85,4515
2024-05-21 10:49:00,1859.25,1860.0,1858.85,1860.0,891
2024-05-21 10:50:00,1859.75,1860.0,1858.85,1858.85,5136
2024-05-21 10:51:00,1858.85,1860.0,1858.85,1859.15,1237
2024-05-21 10:52:00,1859.75,1859.8,1859.15,1859.75,461
2024-05-21 10:53:00,1859.75,1859.75,1858.2,1859.0,1844
2024-05-21 10:54:00,1859.0,1859.0,1858.2,1858.2,396
2024-05-21 10:55:00,1858.2,1858.2,1856.0,1856.0,610
2024-05-21 10:56:00,1856.0,1856.0,1855.0,1855.05,2136
2024-05-21 10:57:00,1855.75,1857.8,1855.35,1857.8,724
2024-05-21 10:58:00,1857.8,1858.0,1856.1,1856.1,740
2024-05-21 10:59:00,1856.1,1856.75,1852.25,1852.9,1529
2024-05-21 11:00:00,1852.9,1854.9,1852.9,1854.8,783
2024-05-21 11:01:00,1854.15,1857.9,1854.15,1856.55,678
2024-05-21 11:02:00,1856.55,1857.65,1856.55,1856.7,745
2024-05-21 11:03:00,1856.7,1857.1,1856.7,1857.1,233
2024-05-21 11:04:00,1857.1,1858.0,1857.0,1858.0,210
2024-05-21 11:05:00,1858.0,1859.0,1857.2,1858.05,1909
2024-05-21 11:06:00,1858.05,1859.45,1858.05,1859.45,412
2024-05-21 11:07:00,1859.6,1860.0,1858.1,1858.1,3927
2024-05-21 11:08:00,1858.95,1859.95,1858.3,1859.95,1852
2024-05-21 11:09:00,1859.95,1859.95,1859.1,1859.25,541
2024-05-21 11:10:00,1859.25,1859.8,1859.25,1859.3,271
2024-05-21 11:11:00,1859.8,1859.8,1859.05,1859.3,4960
2024-05-21 11:12:00,1859.3,1859.5,1857.25,1857.6,486
2024-05-21 11:13:00,1857.6,1857.6,1856.25,1856.4,478
2024-05-21 11:14:00,1856.4,1857.0,1856.05,1856.95,440
2024-05-21 11:15:00,1856.95,1856.95,1856.05,1856.4,129
2024-05-21 11:16:00,1856.05,1856.05,1855.1,1855.2,1582
2024-05-21 11:17:00,1855.2,1855.9,1855.1,1855.25,950
2024-05-21 11:18:00,1855.25,1856.25,1855.25,1856.15,568
2024-05-21 11:19:00,1856.15,1856.8,1855.3,1855.3,501
2024-05-21 11:20:00,1856.5,1856.75,1855.65,1856.4,268
2024-05-21 11:21:00,1855.75,1858.0,1855.75,1856.3,2076
2024-05-21 11:22:00,1856.3,1858.8,1856.3,1857.45,2468
2024-05-21 11:23:00,1858.6,1858.6,1857.6,1858.6,881
2024-05-21 11:24:00,1858.0,1858.8,1858.0,1858.8,813
2024-05-21 11:25:00,1858.8,1859.9,1858.0,1859.45,1874
2024-05-21 11:26:00,1859.8,1860.0,1859.65,1859.9,4989
2024-05-21 11:27:00,1859.95,1859.95,1856.1,1856.25,2507
2024-05-21 11:28:00,1856.25,1856.95,1855.75,1856.7,456
2024-05-21 11:29:00,1856.7,1858.7,1856.4,1857.1,446
2024-05-21 11:30:00,1857.1,1860.0,1857.1,1859.25,1060
2024-05-21 11:31:00,1859.95,1860.0,1859.3,1860.0,9641
2024-05-21 11:32:00,1860.0,1860.0,1859.65,1860.0,25982
2024-05-21 11:33:00,1859.95,1859.95,1855.9,1856.7,2120
2024-05-21 11:34:00,1856.7,1857.95,1855.65,1855.65,562
2024-05-21 11:35:00,1855.65,1856.75,1853.1,1853.7,2909
2024-05-21 11:36:00,1853.7,1855.95,1853.45,1855.95,921
2024-05-21 11:37:00,1854.8,1856.65,1854.8,1856.65,1301
2024-05-21 11:38:00,1856.65,1856.75,1856.05,1856.7,327
2024-05-21 11:39:00,1856.7,1858.0,1856.7,1858.0,429
2024-05-21 11:40:00,1858.0,1858.0,1855.95,1856.7,1287
2024-05-21 11:41:00,1855.95,1856.65,1855.15,1855.35,162
2024-05-21 11:42:00,1856.35,1856.5,1854.55,1854.55,1350
2024-05-21 11:43:00,1855.0,1855.0,1854.55,1855.0,922
2024-05-21 11:44:00,1855.0,1855.0,1852.5,1852.8,568
2024-05-21 11:45:00,1852.8,1854.1,1852.8,1854.0,249
2024-05-21 11:46:00,1854.0,1854.45,1854.0,1854.45,578
2024-05-21 11:47:00,1854.45,1854.45,1854.15,1854.15,297
2024-05-21 11:48:00,1854.15,1854.45,1853.0,1853.9,1119
2024-05-21 11:49:00,1853.9,1853.9,1852.5,1852.5,392
2024-05-21 11:50:00,1852.5,1853.5,1852.5,1853.15,424
2024-05-21 11:51:00,1853.15,1853.5,1853.15,1853.15,232
2024-05-21 11:52:00,1853.15,1853.9,1853.15,1853.9,858
2024-05-21 11:53:00,1853.9,1854.45,1853.8,1853.95,269
2024-05-21 11:54:00,1853.95,1854.45,1853.95,1854.45,266
2024-05-21 11:55:00,1854.45,1854.55,1854.05,1854.3,131
2024-05-21 11:56:00,1854.3,1854.55,1853.15,1853.4,1191
2024-05-21 11:57:00,1853.25,1854.4,1853.25,1854.0,391
2024-05-21 11:58:00,1854.0,1854.05,1853.15,1853.15,322
2024-05-21 11:59:00,1853.15,1854.05,1853.15,1853.15,277
2024-05-21 12:00:00,1853.7,1854.45,1853.15,1853.8,735
2024-05-21 12:01:00,1853.8,1855.0,1853.8,1854.45,250
2024-05-21 12:02:00,1855.45,1857.4,1855.45,1856.8,2110
2024-05-21 12:03:00,1856.8,1857.0,1856.05,1856.8,812
2024-05-21 12:04:00,1856.8,1857.2,1856.3,1856.5,1599
2024-05-21 12:05:00,1856.5,1856.85,1856.5,1856.5,259
2024-05-21 12:06:00,1856.5,1856.75,1856.3,1856.3,3059
2024-05-21 12:07:00,1856.3,1859.7,1855.05,1859.7,3774
2024-05-21 12:08:00,1859.7,1860.0,1858.2,1860.0,10652
2024-05-21 12:09:00,1859.8,1860.0,1859.8,1860.0,24270
2024-05-21 12:10:00,1860.0,1860.0,1857.95,1859.4,27829
2024-05-21 12:11:00,1858.25,1860.0,1857.6,1860.0,18806
2024-05-21 12:12:00,1859.95,1862.65,1859.95,1862.65,21556
2024-05-21 12:13:00,1864.0,1884.0,1864.0,1884.0,63823
2024-05-21 12:14:00,1884.0,1904.8,1884.0,1904.8,80067
2024-05-21 12:15:00,1903.85,1910.0,1900.0,1903.55,61464
2024-05-21 12:16:00,1904.7,1919.0,1902.4,1902.95,39305
2024-05-21 12:17:00,1902.8,1904.05,1886.25,1886.25,15163
2024-05-21 12:18:00,1886.25,1892.0,1882.1,1886.75,15083
2024-05-21 12:19:00,1885.3,1907.65,1885.3,1907.65,20524
2024-05-21 12:20:00,1905.2,1906.0,1893.05,1893.05,12090
2024-05-21 12:21:00,1893.05,1894.6,1884.5,1887.65,7863
2024-05-21 12:22:00,1888.2,1891.8,1881.3,1882.2,7101
2024-05-21 12:23:00,1882.2,1883.7,1875.25,1881.15,12040
2024-05-21 12:24:00,1881.15,1888.95,1880.45,1886.45,6823
2024-05-21 12:25:00,1886.45,1898.05,1886.45,1887.95,22126
2024-05-21 12:26:00,1887.95,1889.7,1883.15,1884.0,3287
2024-05-21 12:27:00,1884.0,1887.75,1883.0,1883.0,3265
2024-05-21 12:28:00,1883.0,1887.7,1881.05,1887.7,5077
2024-05-21 12:29:00,1887.7,1889.9,1885.2,1886.9,6431
2024-05-21 12:30:00,1886.9,1892.65,1886.65,1892.65,6358
2024-05-21 12:31:00,1892.55,1892.6,1886.1,1886.1,5108
2024-05-21 12:32:00,1887.3,1887.55,1880.0,1885.0,4589
2024-05-21 12:33:00,1885.0,1888.9,1883.75,1883.8,5791
2024-05-21 12:34:00,1883.8,1887.85,1883.8,1887.85,2217
2024-05-21 12:35:00,1887.85,1890.0,1886.0,1886.0,4170
2024-05-21 12:36:00,1886.0,1889.6,1884.0,1889.6,3310
2024-05-21 12:37:00,1890.0,1893.1,1886.9,1890.25,6273
2024-05-21 12:38:00,1890.25,1891.5,1888.15,1888.9,3564
2024-05-21 12:39:00,1888.9,1892.9,1888.55,1890.95,3929
2024-05-21 12:40:00,1890.95,1891.75,1885.2,1887.8,4565
2024-05-21 12:41:00,1887.8,1891.5,1887.8,1891.0,2303
2024-05-21 12:42:00,1891.0,1897.45,1891.0,1896.0,3406
2024-05-21 12:43:00,1895.05,1895.8,1886.05,1886.75,6031
2024-05-21 12:44:00,1886.75,1887.05,1885.15,1886.2,1670
2024-05-21 12:45:00,1886.2,1888.65,1886.2,1886.75,2297
2024-05-21 12:46:00,1886.75,1887.8,1883.45,1885.05,3192
2024-05-21 12:47:00,1885.05,1890.1,1885.05,1888.3,4691
2024-05-21 12:48:00,1888.2,1888.8,1882.6,1883.15,3377
2024-05-21 12:49:00,1883.25,1883.25,1878.25,1881.4,7274
2024-05-21 12:50:00,1880.4,1883.6,1878.9,1882.15,4012
2024-05-21 12:51:00,1882.15,1883.55,1880.85,1882.6,3149
2024-05-21 12:52:00,1882.6,1884.35,1881.1,1883.95,2073
2024-05-21 12:53:00,1883.95,1885.0,1883.05,1884.95,2313
2024-05-21 12:54:00,1884.95,1885.9,1883.65,1884.6,3943
2024-05-21 12:55:00,1884.6,1886.7,1884.5,1886.55,3130
2024-05-21 12:56:00,1885.45,1886.7,1880.3,1881.65,2353
2024-05-21 12:57:00,1881.65,1881.65,1878.0,1878.0,6883
2024-05-21 12:58:00,1878.0,1878.6,1876.0,1876.75,2558
2024-05-21 12:59:00,1876.75,1878.4,1876.75,1878.35,2085
2024-05-21 13:00:00,1877.65,1880.65,1877.65,1878.5,2571
2024-05-21 13:01:00,1878.55,1880.65,1878.35,1880.65,2377
2024-05-21 13:02:00,1880.65,1880.65,1878.0,1880.05,3524
2024-05-21 13:03:00,1878.65,1880.05,1876.85,1878.35,3436
2024-05-21 13:04:00,1879.85,1879.85,1876.0,1876.95,3083
2024-05-21 13:05:00,1876.15,1880.0,1876.0,1878.45,2841
2024-05-21 13:06:00,1878.45,1879.8,1878.4,1879.4,1568
2024-05-21 13:07:00,1879.0,1879.95,1878.15,1878.15,2210
2024-05-21 13:08:00,1878.25,1878.35,1875.35,1875.35,1615
2024-05-21 13:09:00,1875.2,1875.5,1871.15,1871.15,2031
2024-05-21 13:10:00,1871.15,1871.55,1866.3,1866.7,3673
2024-05-21 13:11:00,1866.7,1869.45,1866.15,1869.15,2689
2024-05-21 13:12:00,1869.15,1869.15,1862.85,1862.85,3824
2024-05-21 13:13:00,1862.25,1863.0,1856.6,1860.0,7903
2024-05-21 13:14:00,1860.0,1860.0,1858.0,1859.95,2716
2024-05-21 13:15:00,1859.95,1862.9,1859.35,1860.0,2251
2024-05-21 13:16:00,1860.0,1860.0,1858.0,1859.0,741
2024-05-21 13:17:00,1858.1,1860.0,1858.1,1859.2,1488
2024-05-21 13:18:00,1859.7,1860.0,1859.0,1859.0,1037
2024-05-21 13:19:00,1859.9,1860.0,1859.05,1859.05,3474
2024-05-21 13:20:00,1859.9,1859.9,1858.0,1858.15,2280
2024-05-21 13:21:00,1858.15,1860.0,1858.15,1859.8,3023
2024-05-21 13:22:00,1859.8,1859.8,1858.6,1859.0,1203
2024-05-21 13:23:00,1859.0,1859.0,1856.0,1857.3,1263
2024-05-21 13:24:00,1857.3,1858.45,1856.9,1857.35,678
2024-05-21 13:25:00,1858.45,1858.6,1853.0,1854.6,5384
2024-05-21 13:26:00,1852.5,1854.8,1852.5,1853.35,1525
2024-05-21 13:27:00,1853.35,1855.0,1853.35,1854.7,463
2024-05-21 13:28:00,1853.9,1855.9,1853.9,1855.0,628
2024-05-21 13:29:00,1855.0,1855.0,1854.0,1854.95,699
2024-05-21 13:30:00,1854.95,1855.0,1854.05,1854.95,749
2024-05-21 13:31:00,1855.0,1855.0,1854.25,1854.95,958
2024-05-21 13:32:00,1854.95,1855.0,1854.1,1854.2,740
2024-05-21 13:33:00,1854.2,1854.9,1854.2,1854.9,149
2024-05-21 13:34:00,1854.95,1854.95,1853.85,1854.9,985
2024-05-21 13:35:00,1854.9,1854.9,1853.75,1854.85,359
2024-05-21 13:36:00,1854.85,1855.1,1854.1,1855.1,763
2024-05-21 13:37:00,1855.1,1855.45,1854.2,1855.45,396
2024-05-21 13:38:00,1855.45,1856.2,1855.45,1855.9,469
2024-05-21 13:39:00,1855.9,1856.2,1855.7,1856.2,197
2024-05-21 13:40:00,1856.2,1856.8,1855.0,1855.0,2224
2024-05-21 13:41:00,1856.4,1857.3,1855.0,1856.6,1323
2024-05-21 13:42:00,1856.5,1856.5,1853.0,1854.0,1042
2024-05-21 13:43:00,1854.0,1854.1,1853.65,1853.65,367
2024-05-21 13:44:00,1853.65,1854.8,1853.65,1854.05,589
2024-05-21 13:45:00,1854.05,1855.85,1854.05,1854.25,422
2024-05-21 13:46:00,1854.25,1857.0,1854.25,1856.05,820
2024-05-21 13:47:00,1856.05,1856.05,1855.0,1855.65,690
2024-05-21 13:48:00,1855.65,1856.7,1855.05,1855.1,197
2024-05-21 13:49:00,1855.1,1856.2,1855.1,1855.9,481
2024-05-21 13:50:00,1855.9,1855.9,1855.0,1855.0,332
2024-05-21 13:51:00,1855.0,1855.8,1855.0,1855.8,114
2024-05-21 13:52:00,1855.8,1856.2,1855.1,1855.8,186
2024-05-21 13:53:00,1855.8,1856.5,1854.45,1855.7,2448
2024-05-21 13:54:00,1854.55,1855.9,1854.45,1855.75,289
2024-05-21 13:55:00,1855.75,1855.75,1851.0,1851.5,2872
2024-05-21 13:56:00,1851.5,1852.8,1851.0,1851.55,756
2024-05-21 13:57:00,1851.55,1851.85,1850.05,1851.85,1271
2024-05-21 13:58:00,1851.75,1851.85,1851.0,1851.8,248
2024-05-21 13:59:00,1851.8,1851.8,1850.0,1850.0,876
2024-05-21 14:00:00,1850.5,1850.5,1850.0,1850.4,347
2024-05-21 14:01:00,1850.4,1850.8,1850.35,1850.8,330
2024-05-21 14:02:00,1850.8,1852.0,1850.4,1851.35,578
2024-05-21 14:03:00,1851.05,1851.35,1851.05,1851.35,723
2024-05-21 14:04:00,1851.75,1851.75,1851.1,1851.4,414
2024-05-21 14:05:00,1851.4,1851.7,1851.4,1851.65,374
2024-05-21 14:06:00,1851.65,1851.65,1850.1,1851.35,605
2024-05-21 14:07:00,1851.35,1852.05,1851.35,1852.05,631
2024-05-21 14:08:00,1852.0,1855.0,1852.0,1854.0,583
2024-05-21 14:09:00,1854.9,1854.9,1852.05,1852.05,1210
2024-05-21 14:10:00,1853.1,1853.1,1850.35,1850.85,489
2024-05-21 14:11:00,1850.85,1852.0,1850.0,1851.5,1611
2024-05-21 14:12:00,1851.5,1852.95,1851.35,1852.95,518
2024-05-21 14:13:00,1852.95,1852.95,1851.0,1851.8,333
2024-05-21 14:14:00,1851.8,1851.8,1850.1,1850.1,389
2024-05-21 14:15:00,1850.1,1850.8,1850.1,1850.3,404
2024-05-21 14:16:00,1850.3,1850.7,1850.2,1850.2,505
2024-05-21 14:17:00,1850.7,1852.85,1850.2,1852.85,966
2024-05-21 14:18:00,1852.9,1852.9,1850.0,1851.6,3500
2024-05-21 14:19:00,1851.6,1851.6,1850.45,1851.35,163
2024-05-21 14:20:00,1851.35,1851.4,1850.0,1850.05,674
2024-05-21 14:21:00,1850.55,1851.1,1850.0,1850.0,670
2024-05-21 14:22:00,1850.0,1851.05,1845.2,1846.3,3589
2024-05-21 14:23:00,1846.3,1847.95,1845.9,1847.95,1600
2024-05-21 14:24:00,1847.95,1847.95,1845.0,1845.0,1526
2024-05-21 14:25:00,1845.3,1847.0,1845.05,1847.0,1112
2024-05-21 14:26:00,1847.0,1849.4,1847.0,1849.4,497
2024-05-21 14:27:00,1849.4,1849.9,1849.15,1849.9,1150
2024-05-21 14:28:00,1849.9,1849.9,1849.15,1849.5,351
2024-05-21 14:29:00,1849.5,1849.9,1849.3,1849.3,251
2024-05-21 14:30:00,1849.6,1850.45,1849.3,1850.45,553
2024-05-21 14:31:00,1850.45,1851.4,1849.95,1851.4,337
2024-05-21 14:32:00,1851.4,1853.1,1851.4,1852.0,570
2024-05-21 14:33:00,1851.15,1852.0,1851.15,1851.5,287
2024-05-21 14:34:00,1851.5,1851.5,1851.15,1851.15,219
2024-05-21 14:35:00,1851.15,1853.1,1851.15,1853.1,1340
2024-05-21 14:36:00,1853.1,1854.45,1851.6,1852.0,1832
2024-05-21 14:37:00,1852.0,1853.6,1852.0,1852.95,290
2024-05-21 14:38:00,1852.95,1855.0,1852.55,1855.0,653
2024-05-21 14:39:00,1855.0,1855.0,1854.45,1854.55,267
2024-05-21 14:40:00,1854.55,1854.55,1852.85,1853.9,573
2024-05-21 14:41:00,1854.0,1854.0,1851.05,1852.0,801
2024-05-21 14:42:00,1852.0,1852.25,1851.1,1851.1,486
2024-05-21 14:43:00,1851.1,1852.85,1851.1,1852.85,379
2024-05-21 14:44:00,1852.85,1853.0,1852.4,1852.85,545
2024-05-21 14:45:00,1852.85,1853.7,1852.85,1853.5,172
2024-05-21 14:46:00,1853.7,1856.85,1852.4,1855.25,4739
2024-05-21 14:47:00,1856.7,1857.5,1855.55,1856.85,525
2024-05-21 14:48:00,1856.55,1856.8,1855.05,1855.9,423
2024-05-21 14:49:00,1855.9,1856.75,1855.05,1855.05,1106
2024-05-21 14:50:00,1855.05,1858.0,1855.05,1858.0,2215
2024-05-21 14:51:00,1857.3,1858.0,1856.75,1857.15,471
2024-05-21 14:52:00,1857.5,1858.75,1856.0,1858.75,986
2024-05-21 14:53:00,1858.7,1858.85,1857.25,1858.4,836
2024-05-21 14:54:00,1858.4,1858.5,1857.65,1858.3,540
2024-05-21 14:55:00,1858.3,1858.3,1857.05,1857.9,307
2024-05-21 14:56:00,1857.9,1857.9,1855.05,1856.5,2175
2024-05-21 14:57:00,1855.5,1856.35,1855.05,1856.35,461
2024-05-21 14:58:00,1856.35,1856.8,1856.0,1856.0,157
2024-05-21 14:59:00,1856.0,1856.8,1855.05,1855.9,649
2024-05-21 15:00:00,1855.9,1859.5,1855.0,1859.05,5816
2024-05-21 15:01:00,1859.05,1860.0,1858.45,1859.95,6806
2024-05-21 15:02:00,1859.95,1860.0,1859.0,1859.6,3666
2024-05-21 15:03:00,1859.5,1859.95,1858.2,1859.75,2693
2024-05-21 15:04:00,1859.75,1860.0,1859.65,1860.0,5828
2024-05-21 15:05:00,1860.0,1860.0,1859.6,1859.75,6628
2024-05-21 15:06:00,1859.75,1860.0,1859.05,1859.55,3319
2024-05-21 15:07:00,1859.55,1859.75,1858.35,1859.6,3344
2024-05-21 15:08:00,1859.6,1859.6,1859.45,1859.55,2790
2024-05-21 15:09:00,1859.6,1860.0,1859.55,1860.0,3868
2024-05-21 15:10:00,1859.75,1860.0,1859.75,1859.95,4009
2024-05-21 15:11:00,1860.0,1860.0,1859.95,1860.0,4486
2024-05-21 15:12:00,1859.95,1860.0,1858.55,1859.3,3311
2024-05-21 15:13:00,1859.3,1859.3,1858.65,1859.3,4080
2024-05-21 15:14:00,1859.3,1859.8,1858.75,1859.65,3085
2024-05-21 15:15:00,1859.65,1859.8,1859.0,1859.65,4089
2024-05-21 15:16:00,1859.5,1860.0,1859.45,1859.95,4908
2024-05-21 15:17:00,1859.95,1860.0,1858.6,1859.45,4642
2024-05-21 15:18:00,1859.45,1859.7,1858.6,1859.2,4095
2024-05-21 15:19:00,1859.2,1859.35,1858.35,1858.95,7253
2024-05-21 15:20:00,1858.0,1859.45,1857.6,1858.95,3884
2024-05-21 15:21:00,1858.95,1859.25,1858.95,1859.25,4109
2024-05-21 15:22:00,1859.25,1860.0,1859.25,1859.7,4531
2024-05-21 15:23:00,1860.0,1860.0,1859.3,1859.6,6257
2024-05-21 15:24:00,1859.0,1860.0,1859.0,1860.0,5364
2024-05-21 15:25:00,1860.0,1860.0,1859.8,1859.85,6247
2024-05-21 15:26:00,1859.85,1860.0,1859.75,1859.9,5252
2024-05-21 15:27:00,1859.9,1860.0,1854.85,1858.9,9428
2024-05-21 15:28:00,1858.9,1860.0,1857.25,1859.85,5583
2024-05-21 15:29:00,1859.85,1860.0,1855.0,1860.0,2251
2024-05-22 09:15:00,1879.0,1882.0,1871.2,1881.8,5166
2024-05-22 09:16:00,1881.8,1897.0,1880.5,1896.95,11070
2024-05-22 09:17:00,1895.9,1898.0,1886.65,1888.35,19302
2024-05-22 09:18:00,1886.9,1887.0,1878.45,1883.0,8460
2024-05-22 09:19:00,1881.4,1882.95,1881.0,1882.4,3350
2024-05-22 09:20:00,1882.4,1882.4,1870.1,1873.25,5363
2024-05-22 09:21:00,1875.6,1877.6,1871.7,1876.55,2270
2024-05-22 09:22:00,1874.95,1882.45,1873.3,1880.25,3521
2024-05-22 09:23:00,1880.25,1881.95,1877.7,1878.0,14486
2024-05-22 09:24:00,1879.75,1896.75,1877.9,1896.75,12348
2024-05-22 09:25:00,1896.05,1896.75,1890.85,1891.25,13586
2024-05-22 09:26:00,1892.0,1892.7,1880.2,1881.0,3161
2024-05-22 09:27:00,1881.75,1881.95,1875.5,1881.7,5057
2024-05-22 09:28:00,1880.1,1880.8,1874.5,1879.05,9929
2024-05-22 09:29:00,1879.35,1879.35,1875.1,1877.0,983
2024-05-22 09:30:00,1877.0,1877.0,1872.15,1873.9,1612
2024-05-22 09:31:00,1872.65,1874.55,1870.0,1873.45,3211
2024-05-22 09:32:00,1873.75,1874.0,1871.95,1873.5,2195
2024-05-22 09:33:00,1873.95,1878.0,1872.5,1878.0,2575
2024-05-22 09:34:00,1879.5,1880.0,1874.4,1874.8,2268
2024-05-22 09:35:00,1876.0,1876.0,1872.7,1875.4,1724
2024-05-22 09:36:00,1875.0,1875.0,1872.25,1874.1,408
2024-05-22 09:37:00,1872.95,1875.55,1870.05,1874.7,2116
2024-05-22 09:38:00,1876.95,1878.0,1872.9,1875.35,2213
2024-05-22 09:39:00,1875.6,1876.9,1873.0,1876.5,2133
2024-05-22 09:40:00,1874.4,1876.45,1874.0,1874.0,3018
2024-05-22 09:41:00,1874.3,1874.7,1871.0,1871.0,4981
2024-05-22 09:42:00,1870.1,1870.85,1862.0,1862.0,4246
2024-05-22 09:43:00,1862.0,1863.05,1860.0,1860.0,2525
2024-05-22 09:44:00,1860.0,1869.0,1860.0,1869.0,2436
2024-05-22 09:45:00,1867.25,1869.45,1864.4,1864.75,2014
2024-05-22 09:46:00,1864.75,1866.0,1860.0,1866.0,5513
2024-05-22 09:47:00,1865.2,1868.0,1860.0,1868.0,3659
2024-05-22 09:48:00,1868.6,1869.1,1861.7,1863.7,2596
2024-05-22 09:49:00,1864.4,1871.9,1862.5,1871.9,2423
2024-05-22 09:50:00,1872.0,1872.0,1868.2,1868.45,1213
2024-05-22 09:51:00,1868.45,1868.95,1866.0,1866.95,704
2024-05-22 09:52:00,1866.95,1867.45,1861.4,1864.0,2847
2024-05-22 09:53:00,1864.0,1866.9,1863.0,1864.6,2267
2024-05-22 09:54:00,1863.0,1869.7,1863.0,1867.5,1905
2024-05-22 09:55:00,1867.5,1869.7,1867.0,1867.45,938
2024-05-22 09:56:00,1868.85,1871.0,1867.55,1870.25,696
2024-05-22 09:57:00,1870.25,1872.0,1868.9,1871.95,856
2024-05-22 09:58:00,1870.6,1872.05,1870.6,1870.65,774
2024-05-22 09:59:00,1870.65,1875.55,1870.6,1875.5,2641
2024-05-22 10:00:00,1875.5,1875.55,1872.15,1872.2,1192
2024-05-22 10:01:00,1872.2,1875.0,1872.2,1873.95,527
2024-05-22 10:02:00,1873.95,1876.0,1873.95,1875.35,1701
2024-05-22 10:03:00,1875.35,1875.35,1872.5,1873.75,357
2024-05-22 10:04:00,1872.4,1874.5,1872.3,1873.5,437
2024-05-22 10:05:00,1873.5,1873.6,1870.4,1870.5,2145
2024-05-22 10:06:00,1870.5,1872.35,1870.5,1872.35,320
2024-05-22 10:07:00,1872.35,1873.05,1870.0,1870.0,689
2024-05-22 10:08:00,1870.0,1871.9,1866.1,1871.9,1656
2024-05-22 10:09:00,1871.9,1872.35,1871.0,1872.0,465
2024-05-22 10:10:00,1872.0,1873.3,1871.4,1871.85,501
2024-05-22 10:11:00,1871.85,1873.25,1871.8,1872.9,191
2024-05-22 10:12:00,1872.9,1872.9,1869.05,1871.6,1234
2024-05-22 10:13:00,1871.6,1873.25,1870.35,1873.25,720
2024-05-22 10:14:00,1873.25,1873.75,1872.15,1873.75,259
2024-05-22 10:15:00,1873.0,1876.0,1870.2,1870.4,2361
2024-05-22 10:16:00,1871.65,1873.65,1871.65,1873.65,450
2024-05-22 10:17:00,1873.65,1874.25,1872.1,1873.0,484
2024-05-22 10:18:00,1873.0,1874.95,1873.0,1874.4,659
2024-05-22 10:19:00,1874.4,1874.5,1872.2,1872.2,227
2024-05-22 10:20:00,1872.25,1873.7,1871.85,1872.2,176
2024-05-22 10:21:00,1872.25,1873.45,1870.25,1870.25,945
2024-05-22 10:22:00,1870.25,1872.9,1870.25,1870.35,597
2024-05-22 10:23:00,1870.35,1871.25,1870.0,1870.1,663
2024-05-22 10:24:00,1870.1,1871.45,1870.1,1871.35,188
2024-05-22 10:25:00,1871.35,1871.35,1870.1,1871.0,484
2024-05-22 10:26:00,1871.0,1871.0,1870.0,1870.0,414
2024-05-22 10:27:00,1870.0,1871.0,1869.95,1871.0,923
2024-05-22 10:28:00,1871.0,1874.0,1870.0,1873.05,1278
2024-05-22 10:29:00,1874.0,1874.0,1872.95,1873.8,1514
2024-05-22 10:30:00,1873.8,1875.0,1872.5,1873.9,1499
2024-05-22 10:31:00,1873.9,1875.0,1873.9,1875.0,356
2024-05-22 10:32:00,1875.0,1876.95,1874.0,1875.3,1577
2024-05-22 10:33:00,1874.95,1879.45,1874.95,1879.4,552
2024-05-22 10:34:00,1878.6,1879.5,1877.15,1878.85,602
2024-05-22 10:35:00,1878.85,1879.0,1876.35,1878.35,1105
2024-05-22 10:36:00,1878.4,1878.85,1876.65,1877.3,580
2024-05-22 10:37:00,1877.3,1878.5,1876.65,1877.75,87
2024-05-22 10:38:00,1878.0,1878.3,1875.95,1876.0,729
2024-05-22 10:39:00,1876.0,1876.05,1874.0,1874.25,308
2024-05-22 10:40:00,1875.9,1876.15,1874.9,1875.0,240
2024-05-22 10:41:00,1875.0,1875.0,1870.0,1873.65,2790
2024-05-22 10:42:00,1873.65,1875.05,1872.65,1872.65,1101
2024-05-22 10:43:00,1872.65,1876.1,1872.65,1875.2,772
2024-05-22 10:44:00,1876.2,1878.95,1876.2,1876.8,1213
2024-05-22 10:45:00,1876.8,1879.3,1876.8,1879.1,1049
2024-05-22 10:46:00,1878.1,1879.15,1876.4,1879.15,1226
2024-05-22 10:47:00,1879.15,1886.3,1879.15,1882.4,6665
2024-05-22 10:48:00,1882.4,1883.35,1880.0,1881.25,1576
2024-05-22 10:49:00,1881.25,1882.75,1880.55,1880.85,950
2024-05-22 10:50:00,1880.85,1883.0,1880.85,1883.0,1307
2024-05-22 10:51:00,1883.0,1884.05,1881.7,1883.65,1110
2024-05-22 10:52:00,1882.2,1883.3,1882.05,1882.15,254
2024-05-22 10:53:00,1882.15,1882.15,1879.3,1881.3,683
2024-05-22 10:54:00,1881.3,1881.3,1878.65,1880.0,605
2024-05-22 10:55:00,1880.0,1880.3,1878.7,1879.7,375
2024-05-22 10:56:00,1879.7,1879.8,1877.2,1878.0,1873
2024-05-22 10:57:00,1878.0,1879.3,1877.6,1877.6,239
2024-05-22 10:58:00,1877.6,1878.0,1875.15,1875.15,1637
2024-05-22 10:59:00,1875.15,1877.35,1875.0,1875.2,357
2024-05-22 11:00:00,1875.2,1877.45,1875.2,1875.5,757
2024-05-22 11:01:00,1876.3,1876.3,1875.0,1876.3,603
2024-05-22 11:02:00,1876.3,1876.3,1875.0,1875.75,415
2024-05-22 11:03:00,1875.75,1876.65,1875.0,1876.25,544
2024-05-22 11:04:00,1877.0,1877.0,1875.55,1875.55,157
2024-05-22 11:05:00,1875.55,1876.25,1875.3,1876.25,606
2024-05-22 11:06:00,1876.25,1876.9,1876.0,1876.05,335
2024-05-22 11:07:00,1876.05,1882.0,1876.05,1881.0,2116
2024-05-22 11:08:00,1881.0,1881.55,1880.0,1881.55,826
2024-05-22 11:09:00,1881.55,1881.9,1880.0,1880.0,591
2024-05-22 11:10:00,1880.0,1881.95,1880.0,1881.95,2444
2024-05-22 11:11:00,1881.05,1881.9,1880.45,1881.9,415
2024-05-22 11:12:00,1881.95,1881.95,1880.05,1881.85,433
2024-05-22 11:13:00,1881.85,1881.95,1880.0,1881.2,491
2024-05-22 11:14:00,1881.2,1881.35,1880.05,1881.0,247
2024-05-22 11:15:00,1881.0,1881.0,1880.0,1880.05,152
2024-05-22 11:16:00,1880.05,1880.1,1880.0,1880.0,3633
2024-05-22 11:17:00,1880.0,1880.5,1875.55,1875.55,5133
2024-05-22 11:18:00,1875.55,1877.55,1875.3,1877.2,289
2024-05-22 11:19:00,1875.3,1875.55,1874.5,1875.55,393
2024-05-22 11:20:00,1875.55,1875.85,1874.65,1874.9,404
2024-05-22 11:21:00,1874.9,1876.9,1874.9,1876.4,237
2024-05-22 11:22:00,1876.4,1877.95,1875.45,1877.85,597
2024-05-22 11:23:00,1876.55,1876.55,1875.2,1875.2,75
2024-05-22 11:24:00,1875.2,1875.25,1875.2,1875.25,3
2024-05-22 11:25:00,1875.25,1875.25,1875.0,1875.25,233
2024-05-22 11:26:00,1875.0,1875.25,1874.9,1875.0,322
2024-05-22 11:27:00,1875.0,1875.0,1873.35,1873.5,370
2024-05-22 11:28:00,1873.5,1874.95,1873.0,1873.5,342
2024-05-22 11:29:00,1873.5,1874.95,1873.5,1874.9,219
2024-05-22 11:30:00,1874.9,1875.25,1874.0,1875.25,344
2024-05-22 11:31:00,1874.05,1875.25,1874.05,1875.25,50
2024-05-22 11:32:00,1875.25,1875.5,1874.1,1875.5,801
2024-05-22 11:33:00,1875.5,1875.9,1874.35,1875.5,112
2024-05-22 11:34:00,1875.5,1875.5,1874.4,1875.5,113
2024-05-22 11:35:00,1875.5,1877.1,1875.5,1876.1,291
2024-05-22 11:36:00,1876.1,1877.1,1876.05,1876.05,110
2024-05-22 11:37:00,1876.05,1876.8,1875.55,1875.55,282
2024-05-22 11:38:00,1875.55,1876.15,1873.0,1873.0,1418
2024-05-22 11:39:00,1873.0,1874.85,1873.0,1874.65,172
2024-05-22 11:40:00,1874.65,1874.65,1873.9,1874.3,149
2024-05-22 11:41:00,1873.9,1874.8,1873.1,1874.8,169
2024-05-22 11:42:00,1875.0,1875.0,1874.4,1874.4,332
2024-05-22 11:43:00,1874.4,1875.0,1871.05,1873.1,1297
2024-05-22 11:44:00,1873.1,1873.5,1871.2,1871.85,269
2024-05-22 11:45:00,1871.85,1874.25,1871.8,1874.15,291
2024-05-22 11:46:00,1874.15,1874.25,1873.85,1874.1,85
2024-05-22 11:47:00,1874.1,1874.75,1873.0,1874.0,255
2024-05-22 11:48:00,1874.0,1874.85,1873.0,1874.7,225
2024-05-22 11:49:00,1874.7,1874.7,1872.55,1874.5,211
2024-05-22 11:50:00,1874.4,1875.0,1874.4,1875.0,588
2024-05-22 11:51:00,1875.0,1877.5,1874.95,1877.4,599
2024-05-22 11:52:00,1877.4,1877.4,1875.0,1875.1,90
2024-05-22 11:53:00,1875.1,1876.55,1875.1,1876.0,230
2024-05-22 11:54:00,1876.0,1877.35,1876.0,1877.3,185
2024-05-22 11:55:00,1877.3,1877.3,1876.1,1876.2,163
2024-05-22 11:56:00,1877.2,1877.2,1876.2,1877.0,92
2024-05-22 11:57:00,1877.0,1877.4,1876.2,1876.2,552
2024-05-22 11:58:00,1876.9,1878.0,1876.9,1877.0,553
2024-05-22 11:59:00,1877.0,1878.0,1877.0,1877.05,154
2024-05-22 12:00:00,1877.05,1877.95,1877.0,1877.05,175
2024-05-22 12:01:00,1877.05,1877.9,1877.0,1877.1,76
2024-05-22 12:02:00,1877.1,1877.6,1877.1,1877.6,320
2024-05-22 12:03:00,1877.6,1877.9,1877.15,1877.9,335
2024-05-22 12:04:00,1877.9,1877.9,1877.25,1877.5,85
2024-05-22 12:05:00,1877.5,1877.5,1877.25,1877.5,99
2024-05-22 12:06:00,1877.9,1877.95,1877.25,1877.3,276
2024-05-22 12:07:00,1877.3,1877.9,1877.1,1877.5,242
2024-05-22 12:08:00,1877.5,1877.5,1877.1,1877.1,46
2024-05-22 12:09:00,1877.1,1877.1,1877.0,1877.0,70
2024-05-22 12:10:00,1877.05,1877.85,1875.0,1876.5,629
2024-05-22 12:11:00,1876.5,1876.6,1875.0,1876.6,118
2024-05-22 12:12:00,1876.6,1876.6,1875.1,1875.9,147
2024-05-22 12:13:00,1875.9,1875.9,1875.0,1875.7,830
2024-05-22 12:14:00,1875.7,1875.75,1875.0,1875.0,164
2024-05-22 12:15:00,1875.0,1875.75,1875.0,1875.75,215
2024-05-22 12:16:00,1875.75,1875.75,1875.0,1875.0,55
2024-05-22 12:17:00,1875.0,1876.75,1875.0,1876.7,118
2024-05-22 12:18:00,1876.7,1876.7,1875.15,1875.2,113
2024-05-22 12:19:00,1875.2,1875.3,1875.1,1875.1,101
2024-05-22 12:20:00,1875.15,1875.3,1875.0,1875.1,252
2024-05-22 12:21:00,1875.0,1875.3,1875.0,1875.3,199
2024-05-22 12:22:00,1875.3,1875.3,1875.0,1875.1,143
2024-05-22 12:23:00,1875.0,1875.15,1875.0,1875.15,890
2024-05-22 12:24:00,1875.0,1875.15,1875.0,1875.15,1008
2024-05-22 12:25:00,1875.0,1875.0,1872.0,1872.0,2107
2024-05-22 12:26:00,1872.0,1872.2,1871.0,1871.0,816
2024-05-22 12:27:00,1871.0,1871.5,1871.0,1871.05,495
2024-05-22 12:28:00,1871.05,1871.05,1868.1,1868.1,1306
2024-05-22 12:29:00,1869.8,1869.85,1868.8,1869.0,248
2024-05-22 12:30:00,1869.55,1871.05,1869.0,1870.15,1001
2024-05-22 12:31:00,1870.15,1870.95,1870.15,1870.75,126
2024-05-22 12:32:00,1870.75,1870.75,1870.0,1870.05,352
2024-05-22 12:33:00,1870.05,1871.7,1870.05,1870.8,810
2024-05-22 12:34:00,1870.8,1871.7,1870.05,1871.45,747
2024-05-22 12:35:00,1871.45,1871.45,1870.0,1871.1,439
2024-05-22 12:36:00,1871.1,1871.1,1870.0,1870.9,446
2024-05-22 12:37:00,1870.9,1870.9,1870.0,1870.1,89
2024-05-22 12:38:00,1870.1,1870.1,1870.0,1870.0,582
2024-05-22 12:39:00,1870.0,1870.05,1870.0,1870.05,754
2024-05-22 12:40:00,1870.05,1870.05,1870.0,1870.05,636
2024-05-22 12:41:00,1870.05,1870.05,1870.0,1870.05,177
2024-05-22 12:42:00,1870.0,1871.25,1870.0,1871.25,1379
2024-05-22 12:43:00,1870.35,1872.95,1870.15,1870.15,1305
2024-05-22 12:44:00,1870.15,1871.0,1870.15,1870.95,310
2024-05-22 12:45:00,1870.95,1870.95,1870.0,1870.0,371
2024-05-22 12:46:00,1870.0,1870.75,1870.0,1870.65,389
2024-05-22 12:47:00,1870.65,1870.65,1869.5,1869.5,2155
2024-05-22 12:48:00,1869.5,1869.8,1865.0,1865.35,3609
2024-05-22 12:49:00,1865.35,1866.0,1865.25,1865.6,884
2024-05-22 12:50:00,1865.6,1865.6,1865.0,1865.6,796
2024-05-22 12:51:00,1865.6,1867.3,1865.05,1865.65,1512
2024-05-22 12:52:00,1865.65,1866.55,1865.0,1866.35,864
2024-05-22 12:53:00,1866.35,1866.4,1865.05,1865.85,408
2024-05-22 12:54:00,1865.65,1865.85,1865.65,1865.7,313
2024-05-22 12:55:00,1865.7,1865.7,1865.0,1865.25,4453
2024-05-22 12:56:00,1865.25,1865.25,1865.0,1865.2,586
2024-05-22 12:57:00,1865.2,1865.25,1865.0,1865.25,308
2024-05-22 12:58:00,1865.25,1865.25,1865.0,1865.05,303
2024-05-22 12:59:00,1865.05,1865.05,1865.0,1865.0,234
2024-05-22 13:00:00,1865.05,1865.05,1865.0,1865.05,343
2024-05-22 13:01:00,1865.05,1865.1,1865.0,1865.0,381
2024-05-22 13:02:00,1865.0,1866.45,1865.0,1866.15,641
2024-05-22 13:03:00,1866.15,1867.85,1865.0,1865.0,1246
2024-05-22 13:04:00,1865.0,1866.5,1865.0,1866.45,337
2024-05-22 13:05:00,1866.45,1866.45,1866.1,1866.2,12
2024-05-22 13:06:00,1866.2,1866.9,1865.3,1866.9,194
2024-05-22 13:07:00,1866.5,1867.0,1866.2,1866.25,417
2024-05-22 13:08:00,1866.25,1866.95,1866.25,1866.9,104
2024-05-22 13:09:00,1866.9,1866.95,1866.25,1866.25,180
2024-05-22 13:10:00,1866.4,1866.85,1866.4,1866.4,52
2024-05-22 13:11:00,1866.4,1867.1,1866.25,1866.9,785
2024-05-22 13:12:00,1866.9,1866.9,1866.2,1866.2,184
2024-05-22 13:13:00,1866.25,1866.25,1865.0,1865.05,611
2024-05-22 13:14:00,1865.05,1866.0,1865.0,1865.0,639
2024-05-22 13:15:00,1865.0,1865.9,1865.0,1865.05,388
2024-05-22 13:16:00,1865.05,1865.1,1865.0,1865.1,596
2024-05-22 13:17:00,1865.1,1865.1,1865.0,1865.0,269
2024-05-22 13:18:00,1865.0,1865.1,1865.0,1865.05,502
2024-05-22 13:19:00,1865.05,1865.75,1865.0,1865.05,377
2024-05-22 13:20:00,1865.05,1865.7,1865.05,1865.05,206
2024-05-22 13:21:00,1865.05,1865.7,1865.05,1865.6,600
2024-05-22 13:22:00,1865.0,1865.65,1865.0,1865.0,267
2024-05-22 13:23:00,1865.0,1866.9,1865.0,1865.6,870
2024-05-22 13:24:00,1865.6,1865.95,1865.6,1865.6,48
2024-05-22 13:25:00,1865.6,1865.95,1865.0,1865.0,488
2024-05-22 13:26:00,1865.0,1865.95,1865.0,1865.95,794
2024-05-22 13:27:00,1865.95,1866.75,1865.05,1865.05,485
2024-05-22 13:28:00,1865.05,1865.95,1865.05,1865.15,363
2024-05-22 13:29:00,1865.15,1866.6,1865.15,1866.25,279
2024-05-22 13:30:00,1866.25,1866.9,1865.05,1865.85,556
2024-05-22 13:31:00,1865.85,1866.75,1865.0,1865.0,278
2024-05-22 13:32:00,1865.0,1866.2,1865.0,1865.05,273
2024-05-22 13:33:00,1865.05,1865.1,1865.0,1865.1,52
2024-05-22 13:34:00,1865.0,1865.1,1865.0,1865.05,439
2024-05-22 13:35:00,1865.0,1865.5,1865.0,1865.5,472
2024-05-22 13:36:00,1865.5,1865.5,1865.05,1865.05,78
2024-05-22 13:37:00,1865.05,1865.5,1865.0,1865.0,124
2024-05-22 13:38:00,1865.0,1865.4,1865.0,1865.25,337
2024-05-22 13:39:00,1865.05,1865.25,1865.0,1865.0,483
2024-05-22 13:40:00,1865.0,1865.25,1865.0,1865.25,704
2024-05-22 13:41:00,1865.25,1865.85,1865.0,1865.0,248
2024-05-22 13:42:00,1865.0,1865.25,1865.0,1865.25,331
2024-05-22 13:43:00,1865.25,1865.25,1865.0,1865.0,164
2024-05-22 13:44:00,1865.0,1865.1,1863.5,1863.5,744
2024-05-22 13:45:00,1863.5,1863.65,1863.1,1863.1,194
2024-05-22 13:46:00,1863.1,1863.45,1863.0,1863.0,426
2024-05-22 13:47:00,1863.0,1863.05,1862.05,1863.0,516
2024-05-22 13:48:00,1863.0,1863.4,1862.3,1863.4,399
2024-05-22 13:49:00,1863.4,1863.95,1863.4,1863.95,613
2024-05-22 13:50:00,1863.45,1864.5,1863.45,1864.5,359
2024-05-22 13:51:00,1864.5,1866.0,1864.5,1864.95,356
2024-05-22 13:52:00,1864.95,1866.75,1864.5,1866.75,357
2024-05-22 13:53:00,1864.9,1866.25,1864.7,1866.25,128
2024-05-22 13:54:00,1865.5,1865.85,1865.05,1865.55,251
2024-05-22 13:55:00,1865.55,1865.55,1864.5,1864.5,1385
2024-05-22 13:56:00,1864.5,1864.5,1860.05,1860.55,5537
2024-05-22 13:57:00,1860.55,1862.1,1860.55,1861.85,392
2024-05-22 13:58:00,1861.25,1863.35,1861.25,1862.85,587
2024-05-22 13:59:00,1862.85,1863.0,1861.1,1862.45,207
2024-05-22 14:00:00,1862.45,1882.7,1862.1,1881.25,13040
2024-05-22 14:01:00,1883.1,1884.15,1880.0,1881.0,7587
2024-05-22 14:02:00,1881.0,1883.5,1880.05,1883.0,4439
2024-05-22 14:03:00,1883.0,1887.4,1881.9,1884.0,7256
2024-05-22 14:04:00,1884.0,1889.75,1884.0,1885.8,6027
2024-05-22 14:05:00,1885.8,1886.8,1881.2,1882.45,1586
2024-05-22 14:06:00,1882.45,1882.45,1878.25,1878.85,4249
2024-05-22 14:07:00,1878.85,1880.55,1875.85,1875.85,1383
2024-05-22 14:08:00,1875.85,1877.5,1875.85,1877.0,1442
2024-05-22 14:09:00,1877.0,1877.05,1875.25,1876.7,470
2024-05-22 14:10:00,1875.15,1876.4,1875.0,1875.2,2136
2024-05-22 14:11:00,1875.2,1875.25,1875.0,1875.1,1770
2024-05-22 14:12:00,1875.1,1875.25,1875.0,1875.05,1874
2024-05-22 14:13:00,1875.05,1876.15,1875.0,1875.0,907
2024-05-22 14:14:00,1875.0,1876.45,1875.0,1876.45,10972
2024-05-22 14:15:00,1876.7,1877.0,1875.65,1875.65,2879
2024-05-22 14:16:00,1875.7,1875.7,1875.0,1875.0,475
2024-05-22 14:17:00,1875.05,1876.75,1875.0,1875.8,1225
2024-05-22 14:18:00,1875.8,1875.8,1875.0,1875.0,422
2024-05-22 14:19:00,1875.0,1875.3,1875.0,1875.1,1524
2024-05-22 14:20:00,1875.1,1876.7,1875.0,1875.95,741
2024-05-22 14:21:00,1875.95,1875.95,1875.0,1875.05,535
2024-05-22 14:22:00,1875.05,1876.5,1875.0,1875.05,641
2024-05-22 14:23:00,1875.05,1875.4,1875.0,1875.05,2842
2024-05-22 14:24:00,1872.25,1873.55,1871.2,1871.5,1084
2024-05-22 14:25:00,1871.5,1871.5,1871.1,1871.1,638
2024-05-22 14:26:00,1871.1,1871.2,1869.0,1869.2,972
2024-05-22 14:27:00,1869.2,1869.95,1869.0,1869.0,2371
2024-05-22 14:28:00,1869.0,1870.7,1869.0,1870.1,739
2024-05-22 14:29:00,1870.1,1870.25,1869.15,1869.15,377
2024-05-22 14:30:00,1869.55,1869.55,1867.65,1867.65,322
2024-05-22 14:31:00,1867.65,1867.65,1866.0,1866.15,1351
2024-05-22 14:32:00,1866.15,1867.95,1866.15,1867.8,802
2024-05-22 14:33:00,1867.8,1869.8,1866.8,1869.75,1142
2024-05-22 14:34:00,1869.75,1869.75,1866.65,1866.65,560
2024-05-22 14:35:00,1866.65,1867.0,1866.5,1866.55,1049
2024-05-22 14:36:00,1866.55,1867.0,1866.5,1866.85,633
2024-05-22 14:37:00,1866.85,1867.7,1866.6,1866.7,335
2024-05-22 14:38:00,1866.7,1866.95,1866.35,1866.5,663
2024-05-22 14:39:00,1866.15,1867.8,1866.1,1866.1,1369
2024-05-22 14:40:00,1866.1,1866.95,1866.1,1866.7,404
2024-05-22 14:41:00,1866.7,1866.7,1866.1,1866.15,713
2024-05-22 14:42:00,1866.2,1866.2,1866.0,1866.1,2515
2024-05-22 14:43:00,1866.1,1866.1,1866.0,1866.05,2483
2024-05-22 14:44:00,1866.05,1867.5,1866.0,1866.35,1663
2024-05-22 14:45:00,1866.45,1867.55,1866.4,1866.9,601
2024-05-22 14:46:00,1866.9,1866.9,1866.0,1866.55,1222
2024-05-22 14:47:00,1866.55,1866.55,1866.0,1866.0,355
2024-05-22 14:48:00,1866.0,1866.6,1866.0,1866.6,1401
2024-05-22 14:49:00,1866.6,1867.4,1866.0,1866.85,322
2024-05-22 14:50:00,1866.85,1871.75,1866.2,1870.1,1268
2024-05-22 14:51:00,1870.1,1873.8,1870.1,1873.0,1758
2024-05-22 14:52:00,1873.2,1873.2,1870.0,1870.0,2302
2024-05-22 14:53:00,1870.0,1872.1,1870.0,1870.5,3369
2024-05-22 14:54:00,1870.5,1871.9,1870.5,1870.6,337
2024-05-22 14:55:00,1870.6,1870.95,1870.0,1870.0,1390
2024-05-22 14:56:00,1870.05,1870.2,1870.0,1870.0,1496
2024-05-22 14:57:00,1870.0,1870.05,1866.85,1866.85,819
2024-05-22 14:58:00,1866.3,1866.65,1866.0,1866.15,579
2024-05-22 14:59:00,1866.3,1867.05,1865.0,1865.1,1686
2024-05-22 15:00:00,1865.1,1870.5,1865.1,1870.45,2794
2024-05-22 15:01:00,1870.45,1870.45,1865.35,1865.35,1621
2024-05-22 15:02:00,1865.3,1866.25,1863.15,1865.75,5682
2024-05-22 15:03:00,1866.2,1866.2,1863.0,1863.15,1966
2024-05-22 15:04:00,1863.15,1864.4,1862.25,1863.8,3834
2024-05-22 15:05:00,1864.25,1865.0,1863.0,1864.85,2640
2024-05-22 15:06:00,1864.85,1864.85,1864.65,1864.75,1034
2024-05-22 15:07:00,1864.8,1867.35,1864.65,1866.85,2319
2024-05-22 15:08:00,1866.85,1868.5,1866.6,1868.2,2586
2024-05-22 15:09:00,1868.15,1868.15,1865.0,1866.45,5085
2024-05-22 15:10:00,1866.45,1866.45,1865.0,1865.25,2449
2024-05-22 15:11:00,1865.2,1865.25,1865.0,1865.05,3455
2024-05-22 15:12:00,1865.0,1867.7,1865.0,1867.7,1742
2024-05-22 15:13:00,1867.7,1867.7,1865.25,1866.2,6351
2024-05-22 15:14:00,1866.2,1866.2,1865.1,1865.7,4040
2024-05-22 15:15:00,1865.7,1865.7,1865.0,1865.0,2116
2024-05-22 15:16:00,1865.05,1865.05,1865.0,1865.0,2983
2024-05-22 15:17:00,1865.05,1865.05,1863.4,1863.65,3442
2024-05-22 15:18:00,1863.6,1863.6,1861.0,1861.35,1942
2024-05-22 15:19:00,1861.35,1863.5,1860.05,1863.15,6250
2024-05-22 15:20:00,1863.6,1870.45,1862.6,1869.95,9355
2024-05-22 15:21:00,1870.3,1871.0,1869.8,1870.0,4338
2024-05-22 15:22:00,1870.0,1871.1,1870.0,1871.05,2593
2024-05-22 15:23:00,1871.05,1871.05,1868.55,1869.2,3908
2024-05-22 15:24:00,1869.15,1871.0,1869.15,1870.35,4684
2024-05-22 15:25:00,1870.35,1870.35,1870.05,1870.35,2450
2024-05-22 15:26:00,1870.35,1870.35,1867.3,1870.05,4697
2024-05-22 15:27:00,1870.25,1874.0,1870.0,1872.0,5841
2024-05-22 15:28:00,1872.0,1872.0,1861.15,1863.7,4290
2024-05-22 15:29:00,1861.2,1870.0,1860.0,1870.0,5401
2024-05-23 09:15:00,1870.0,1870.0,1852.0,1859.55,4073
2024-05-23 09:16:00,1859.5,1859.5,1845.55,1848.9,5816
2024-05-23 09:17:00,1848.9,1857.7,1847.3,1851.95,4590
2024-05-23 09:18:00,1853.2,1856.35,1850.3,1852.0,2233
2024-05-23 09:19:00,1852.0,1852.75,1849.0,1850.0,2720
2024-05-23 09:20:00,1850.0,1851.8,1849.1,1850.15,2309
2024-05-23 09:21:00,1850.9,1860.0,1850.9,1859.3,6956
2024-05-23 09:22:00,1860.1,1862.65,1858.25,1861.35,4312
2024-05-23 09:23:00,1861.95,1862.0,1856.7,1859.2,1251
2024-05-23 09:24:00,1860.25,1862.0,1860.0,1860.0,2627
2024-05-23 09:25:00,1860.0,1862.0,1859.6,1862.0,1830
2024-05-23 09:26:00,1861.1,1864.85,1860.1,1864.55,2343
2024-05-23 09:27:00,1864.45,1867.0,1863.3,1863.5,3290
2024-05-23 09:28:00,1863.5,1864.75,1860.0,1860.55,2310
2024-05-23 09:29:00,1860.55,1861.65,1860.0,1860.0,1148
2024-05-23 09:30:00,1860.0,1861.65,1860.0,1860.25,1103
2024-05-23 09:31:00,1861.35,1861.35,1858.35,1859.5,1855
2024-05-23 09:32:00,1859.5,1862.0,1858.0,1860.7,1229
2024-05-23 09:33:00,1860.7,1864.6,1860.1,1863.6,635
2024-05-23 09:34:00,1863.9,1867.05,1863.65,1866.0,1744
2024-05-23 09:35:00,1867.0,1868.95,1866.0,1867.85,955
2024-05-23 09:36:00,1867.1,1868.0,1864.0,1864.0,1714
2024-05-23 09:37:00,1864.8,1865.5,1860.6,1861.8,1405
2024-05-23 09:38:00,1862.05,1862.05,1856.15,1857.8,3172
2024-05-23 09:39:00,1857.8,1858.5,1857.05,1858.0,516
2024-05-23 09:40:00,1858.35,1860.6,1857.45,1860.0,335
2024-05-23 09:41:00,1861.4,1861.4,1857.65,1857.65,889
2024-05-23 09:42:00,1857.65,1859.95,1857.65,1859.0,346
2024-05-23 09:43:00,1858.75,1859.9,1857.7,1857.7,306
2024-05-23 09:44:00,1857.7,1858.0,1855.6,1856.2,1757
2024-05-23 09:45:00,1856.15,1856.85,1855.1,1855.8,870
2024-05-23 09:46:00,1856.5,1857.0,1855.1,1855.1,1026
2024-05-23 09:47:00,1855.1,1855.95,1851.0,1851.3,2695
2024-05-23 09:48:00,1852.65,1854.0,1851.3,1852.65,1359
2024-05-23 09:49:00,1853.8,1859.9,1853.8,1857.0,3938
2024-05-23 09:50:00,1857.0,1861.35,1856.0,1857.4,3245
2024-05-23 09:51:00,1856.5,1858.25,1855.1,1856.3,1742
2024-05-23 09:52:00,1856.3,1857.0,1856.3,1856.4,1554
2024-05-23 09:53:00,1856.45,1857.65,1856.05,1856.3,1015
2024-05-23 09:54:00,1856.45,1857.75,1856.3,1856.3,1530
2024-05-23 09:55:00,1856.45,1857.45,1856.45,1857.25,648
2024-05-23 09:56:00,1857.3,1857.5,1856.0,1856.0,1535
2024-05-23 09:57:00,1856.0,1857.45,1856.0,1856.3,451
2024-05-23 09:58:00,1856.3,1857.3,1856.3,1857.05,259
2024-05-23 09:59:00,1857.05,1858.0,1856.55,1857.0,1658
2024-05-23 10:00:00,1857.0,1860.85,1857.0,1859.15,2643
2024-05-23 10:01:00,1859.15,1860.7,1859.15,1860.0,659
2024-05-23 10:02:00,1860.0,1860.8,1859.75,1860.0,799
2024-05-23 10:03:00,1859.75,1860.0,1859.75,1859.95,156
2024-05-23 10:04:00,1859.75,1860.0,1858.1,1859.55,1554
2024-05-23 10:05:00,1859.55,1860.0,1858.55,1859.9,603
2024-05-23 10:06:00,1859.9,1861.05,1858.4,1859.0,7257
2024-05-23 10:07:00,1858.55,1859.9,1858.4,1859.85,1257
2024-05-23 10:08:00,1859.05,1860.0,1858.5,1859.5,2510
2024-05-23 10:09:00,1859.5,1859.5,1858.6,1859.3,539
2024-05-23 10:10:00,1859.3,1859.55,1858.8,1859.55,425
2024-05-23 10:11:00,1858.95,1859.9,1858.9,1859.0,676
2024-05-23 10:12:00,1859.0,1860.95,1858.65,1859.7,3936
2024-05-23 10:13:00,1859.7,1859.7,1858.45,1859.15,1664
2024-05-23 10:14:00,1859.15,1859.3,1858.4,1859.3,870
2024-05-23 10:15:00,1859.0,1859.0,1858.1,1858.85,650
2024-05-23 10:16:00,1858.85,1860.25,1858.4,1858.95,1718
2024-05-23 10:17:00,1858.95,1860.15,1858.95,1859.0,1722
2024-05-23 10:18:00,1858.95,1859.0,1858.95,1859.0,293
2024-05-23 10:19:00,1858.95,1858.95,1856.45,1856.6,3377
2024-05-23 10:20:00,1856.6,1857.55,1856.6,1857.0,631
2024-05-23 10:21:00,1857.55,1857.85,1857.55,1857.75,414
2024-05-23 10:22:00,1857.75,1857.85,1855.0,1856.1,2238
2024-05-23 10:23:00,1856.2,1856.95,1855.4,1856.95,243
2024-05-23 10:24:00,1856.95,1857.0,1856.35,1856.95,496
2024-05-23 10:25:00,1857.0,1857.0,1855.2,1855.45,734
2024-05-23 10:26:00,1856.4,1857.0,1855.9,1856.2,487
2024-05-23 10:27:00,1856.2,1856.95,1856.2,1856.2,352
2024-05-23 10:28:00,1856.2,1856.95,1855.45,1855.45,1180
2024-05-23 10:29:00,1855.45,1855.45,1854.1,1855.0,1371
2024-05-23 10:30:00,1855.0,1855.8,1854.65,1855.0,544
2024-05-23 10:31:00,1855.0,1856.0,1855.0,1855.15,943
2024-05-23 10:32:00,1855.15,1855.85,1854.0,1854.15,1175
2024-05-23 10:33:00,1854.15,1855.35,1854.15,1854.6,163
2024-05-23 10:34:00,1854.6,1855.9,1854.5,1855.6,273
2024-05-23 10:35:00,1855.6,1856.45,1855.6,1856.45,255
2024-05-23 10:36:00,1856.45,1857.0,1856.05,1857.0,315
2024-05-23 10:37:00,1857.0,1857.0,1856.15,1856.95,106
2024-05-23 10:38:00,1856.15,1857.0,1856.0,1856.0,287
2024-05-23 10:39:00,1856.05,1857.0,1853.6,1854.15,3577
2024-05-23 10:40:00,1854.15,1854.95,1853.6,1853.6,1898
2024-05-23 10:41:00,1853.6,1853.95,1853.0,1853.0,610
2024-05-23 10:42:00,1853.0,1853.65,1853.0,1853.5,282
2024-05-23 10:43:00,1853.0,1853.0,1851.0,1852.35,1473
2024-05-23 10:44:00,1852.35,1853.95,1851.5,1853.95,645
2024-05-23 10:45:00,1853.95,1853.95,1853.05,1853.75,943
2024-05-23 10:46:00,1853.75,1853.75,1851.5,1852.85,2079
2024-05-23 10:47:00,1852.85,1853.35,1851.0,1852.4,2095
2024-05-23 10:48:00,1851.1,1852.35,1851.0,1851.05,2194
2024-05-23 10:49:00,1851.05,1851.65,1848.95,1849.85,6150
2024-05-23 10:50:00,1849.85,1851.95,1849.85,1851.0,3981
2024-05-23 10:51:00,1851.5,1851.5,1849.6,1850.5,1613
2024-05-23 10:52:00,1850.5,1850.65,1849.65,1850.0,922
2024-05-23 10:53:00,1850.0,1850.7,1849.9,1850.0,2138
2024-05-23 10:54:00,1849.95,1850.0,1849.95,1850.0,1113
2024-05-23 10:55:00,1850.0,1850.0,1849.95,1850.0,1480
2024-05-23 10:56:00,1850.0,1850.0,1849.95,1850.0,612
2024-05-23 10:57:00,1850.0,1850.0,1849.35,1849.85,2956
2024-05-23 10:58:00,1849.85,1850.0,1849.35,1849.5,264
2024-05-23 10:59:00,1849.5,1850.0,1849.5,1849.95,122
2024-05-23 11:00:00,1849.95,1850.0,1849.5,1850.0,2497
2024-05-23 11:01:00,1850.0,1850.0,1849.6,1850.0,1873
2024-05-23 11:02:00,1850.0,1854.45,1849.65,1854.0,19661
2024-05-23 11:03:00,1854.0,1857.0,1852.1,1856.5,19741
2024-05-23 11:04:00,1857.0,1859.65,1853.5,1854.95,20253
2024-05-23 11:05:00,1854.95,1860.0,1854.95,1860.0,31150
2024-05-23 11:06:00,1858.65,1860.0,1858.65,1860.0,9086
2024-05-23 11:07:00,1860.0,1860.0,1858.3,1859.95,6180
2024-05-23 11:08:00,1859.95,1860.0,1858.3,1860.0,7042
2024-05-23 11:09:00,1860.0,1865.0,1859.0,1863.35,15710
2024-05-23 11:10:00,1864.9,1865.0,1862.05,1864.35,6629
2024-05-23 11:11:00,1864.35,1865.0,1859.15,1859.95,10855
2024-05-23 11:12:00,1859.15,1862.85,1856.95,1856.95,12478
2024-05-23 11:13:00,1858.3,1859.8,1853.15,1856.9,7335
2024-05-23 11:14:00,1856.9,1861.8,1856.25,1857.45,16105
2024-05-23 11:15:00,1857.55,1878.4,1857.2,1872.65,123149
2024-05-23 11:16:00,1873.45,1879.0,1873.45,1877.65,13440
2024-05-23 11:17:00,1877.8,1893.8,1877.8,1892.25,23363
2024-05-23 11:18:00,1892.05,1897.9,1888.45,1889.4,20705
2024-05-23 11:19:00,1889.4,1905.0,1883.8,1903.9,49014
2024-05-23 11:20:00,1903.9,1905.0,1889.0,1892.5,186133
2024-05-23 11:21:00,1891.4,1894.9,1877.15,1877.75,93639
2024-05-23 11:22:00,1877.75,1881.0,1874.0,1878.2,12917
2024-05-23 11:23:00,1878.2,1881.0,1877.0,1878.75,9310
2024-05-23 11:24:00,1878.75,1880.95,1875.3,1877.2,8912
2024-05-23 11:25:00,1878.9,1881.0,1876.9,1879.45,7645
2024-05-23 11:26:00,1879.45,1881.0,1877.45,1880.0,6542
2024-05-23 11:27:00,1880.0,1882.05,1878.2,1881.0,5444
2024-05-23 11:28:00,1882.3,1882.3,1875.25,1877.35,15333
2024-05-23 11:29:00,1877.3,1881.5,1875.1,1877.7,10133
2024-05-23 11:30:00,1877.15,1881.8,1877.05,1877.05,9865
2024-05-23 11:31:00,1877.05,1881.4,1877.0,1878.1,11827
2024-05-23 11:32:00,1878.1,1880.0,1877.0,1877.15,10369
2024-05-23 11:33:00,1877.15,1879.95,1874.25,1875.95,10416
2024-05-23 11:34:00,1875.95,1876.2,1868.0,1868.95,15882
2024-05-23 11:35:00,1868.95,1874.8,1868.3,1873.35,11789
2024-05-23 11:36:00,1874.45,1878.15,1871.8,1877.2,16743
2024-05-23 11:37:00,1877.2,1878.0,1871.85,1873.5,8642
2024-05-23 11:38:00,1873.5,1876.4,1871.2,1876.4,13021
2024-05-23 11:39:00,1875.35,1877.9,1872.35,1876.0,13197
2024-05-23 11:40:00,1876.7,1881.0,1874.95,1877.6,13483
2024-05-23 11:41:00,1879.7,1879.7,1875.25,1877.75,11776
2024-05-23 11:42:00,1877.75,1879.9,1876.35,1879.1,11445
2024-05-23 11:43:00,1878.05,1880.0,1877.1,1879.5,10878
2024-05-23 11:44:00,1879.5,1879.95,1876.1,1876.45,9959
2024-05-23 11:45:00,1876.45,1880.0,1876.1,1878.1,10741
2024-05-23 11:46:00,1878.1,1880.0,1878.1,1878.3,10294
2024-05-23 11:47:00,1878.3,1880.0,1878.0,1878.45,11220
2024-05-23 11:48:00,1878.0,1880.0,1877.65,1880.0,10782
2024-05-23 11:49:00,1880.0,1880.0,1878.3,1878.3,14171
2024-05-23 11:50:00,1879.05,1880.0,1877.5,1877.5,11875
2024-05-23 11:51:00,1878.05,1880.0,1878.05,1878.1,11024
2024-05-23 11:52:00,1878.1,1880.85,1877.65,1880.85,7161
2024-05-23 11:53:00,1882.2,1892.0,1882.1,1888.0,15261
2024-05-23 11:54:00,1887.55,1894.3,1887.1,1887.55,17472
2024-05-23 11:55:00,1888.0,1890.0,1887.55,1888.0,10583
2024-05-23 11:56:00,1888.0,1890.0,1887.6,1888.7,11374
2024-05-23 11:57:00,1888.7,1891.0,1886.2,1889.1,11188
2024-05-23 11:58:00,1890.0,1890.0,1887.55,1888.75,10650
2024-05-23 11:59:00,1890.0,1891.0,1888.75,1890.0,9396
2024-05-23 12:00:00,1889.9,1890.0,1887.95,1888.65,10698
2024-05-23 12:01:00,1889.8,1890.8,1888.8,1889.1,10898
2024-05-23 12:02:00,1889.7,1891.35,1884.05,1884.3,23808
2024-05-23 12:03:00,1884.35,1887.7,1884.05,1884.95,18489
2024-05-23 12:04:00,1884.95,1887.4,1882.15,1885.95,18376
2024-05-23 12:05:00,1885.95,1886.85,1884.7,1884.85,17182
2024-05-23 12:06:00,1884.85,1886.6,1884.65,1884.85,12355
2024-05-23 12:07:00,1884.85,1886.2,1884.6,1886.05,13172
2024-05-23 12:08:00,1884.65,1886.4,1884.55,1885.95,13991
2024-05-23 12:09:00,1885.75,1886.25,1884.75,1884.95,12824
2024-05-23 12:10:00,1884.95,1894.7,1884.55,1893.05,21034
2024-05-23 12:11:00,1894.4,1894.75,1890.75,1892.45,8936
2024-05-23 12:12:00,1892.45,1893.9,1888.6,1889.15,16675
2024-05-23 12:13:00,1889.15,1891.7,1888.85,1889.95,12049
2024-05-23 12:14:00,1889.95,1891.7,1889.6,1889.8,13422
2024-05-23 12:15:00,1889.8,1891.45,1889.25,1891.0,15775
2024-05-23 12:16:00,1891.0,1891.5,1889.6,1890.0,15832
2024-05-23 12:17:00,1890.0,1891.45,1889.7,1891.25,15047
2024-05-23 12:18:00,1891.25,1891.3,1889.9,1890.05,12644
2024-05-23 12:19:00,1890.05,1891.4,1889.65,1890.85,14600
2024-05-23 12:20:00,1889.9,1891.3,1889.8,1889.8,16756
2024-05-23 12:21:00,1889.8,1890.0,1888.7,1890.0,14823
2024-05-23 12:22:00,1890.0,1890.0,1889.1,1889.9,10421
2024-05-23 12:23:00,1889.9,1890.0,1888.3,1889.8,7842
2024-05-23 12:24:00,1889.9,1890.0,1889.1,1889.1,12006
2024-05-23 12:25:00,1889.1,1890.0,1888.7,1890.0,12206
2024-05-23 12:26:00,1890.0,1890.0,1888.7,1888.95,12711
2024-05-23 12:27:00,1889.4,1890.0,1889.0,1889.75,16862
2024-05-23 12:28:00,1889.75,1890.0,1887.8,1889.25,12374
2024-05-23 12:29:00,1888.15,1889.9,1888.15,1889.1,12712
2024-05-23 12:30:00,1888.5,1889.9,1888.5,1889.25,9760
2024-05-23 12:31:00,1889.6,1890.0,1888.8,1889.65,10042
2024-05-23 12:32:00,1889.65,1892.2,1888.7,1890.0,22877
2024-05-23 12:33:00,1890.0,1891.65,1889.3,1890.0,16341
2024-05-23 12:34:00,1889.9,1890.75,1889.15,1889.95,10302
2024-05-23 12:35:00,1889.95,1890.0,1888.75,1889.75,10533
2024-05-23 12:36:00,1889.75,1890.0,1888.3,1888.8,21364
2024-05-23 12:37:00,1888.8,1889.7,1888.05,1888.35,9676
2024-05-23 12:38:00,1888.35,1890.0,1888.35,1889.8,13639
2024-05-23 12:39:00,1889.8,1889.85,1883.6,1885.0,16763
2024-05-23 12:40:00,1885.0,1886.35,1882.6,1885.25,8488
2024-05-23 12:41:00,1885.25,1889.05,1885.0,1888.65,7840
2024-05-23 12:42:00,1888.65,1889.7,1882.6,1883.55,23986
2024-05-23 12:43:00,1883.55,1885.0,1883.25,1884.7,8728
2024-05-23 12:44:00,1884.7,1884.85,1882.65,1884.15,8228
2024-05-23 12:45:00,1884.15,1884.8,1882.3,1884.65,7259
2024-05-23 12:46:00,1884.65,1885.0,1883.15,1883.15,7742
2024-05-23 12:47:00,1883.15,1885.0,1883.15,1884.8,8235
2024-05-23 12:48:00,1884.8,1885.0,1883.7,1884.9,8518
2024-05-23 12:49:00,1884.9,1885.0,1883.6,1885.0,8329
2024-05-23 12:50:00,1885.0,1885.0,1884.05,1884.4,11168
2024-05-23 12:51:00,1884.4,1885.0,1883.85,1883.85,12992
2024-05-23 12:52:00,1883.85,1884.9,1883.55,1883.8,9277
2024-05-23 12:53:00,1883.55,1884.95,1883.3,1884.55,9761
2024-05-23 12:54:00,1883.7,1887.2,1883.7,1886.6,15087
2024-05-23 12:55:00,1887.2,1889.65,1886.1,1889.3,9846
2024-05-23 12:56:00,1889.3,1890.0,1888.55,1889.15,15067
2024-05-23 12:57:00,1889.15,1890.0,1888.4,1888.4,8820
2024-05-23 12:58:00,1888.4,1889.75,1886.0,1887.8,11481
2024-05-23 12:59:00,1887.8,1888.0,1885.7,1887.0,8346
2024-05-23 13:00:00,1887.0,1888.8,1886.7,1887.5,13675
2024-05-23 13:01:00,1887.5,1888.0,1886.75,1888.0,7078
2024-05-23 13:02:00,1887.9,1888.0,1885.65,1887.4,8229
2024-05-23 13:03:00,1887.4,1888.9,1886.8,1887.85,7790
2024-05-23 13:04:00,1887.85,1888.0,1887.3,1888.0,6771
2024-05-23 13:05:00,1888.0,1888.75,1887.0,1887.9,8344
2024-05-23 13:06:00,1887.9,1888.6,1887.3,1887.8,8969
2024-05-23 13:07:00,1887.6,1889.9,1887.6,1889.8,9004
2024-05-23 13:08:00,1889.8,1890.0,1889.15,1890.0,20304
2024-05-23 13:09:00,1890.0,1895.0,1889.85,1894.0,41574
2024-05-23 13:10:00,1893.9,1895.0,1892.7,1893.6,17697
2024-05-23 13:11:00,1893.1,1895.0,1891.45,1893.8,14052
2024-05-23 13:12:00,1893.9,1905.0,1893.75,1903.95,55689
2024-05-23 13:13:00,1903.5,1903.5,1898.0,1900.8,18246
2024-05-23 13:14:00,1901.05,1902.0,1898.5,1900.95,14324
2024-05-23 13:15:00,1900.95,1901.7,1886.5,1886.5,30073
2024-05-23 13:16:00,1889.2,1896.85,1888.3,1893.9,18078
2024-05-23 13:17:00,1893.9,1897.65,1891.95,1892.0,10474
2024-05-23 13:18:00,1890.8,1894.95,1890.3,1894.0,13402
2024-05-23 13:19:00,1894.85,1898.8,1894.2,1898.25,12836
2024-05-23 13:20:00,1898.25,1898.8,1897.0,1897.0,7702
2024-05-23 13:21:00,1897.6,1901.0,1897.0,1900.0,19573
2024-05-23 13:22:00,1900.95,1902.9,1900.0,1901.05,11860
2024-05-23 13:23:00,1901.05,1904.45,1901.0,1903.95,12612
2024-05-23 13:24:00,1903.6,1904.45,1899.1,1899.55,13798
2024-05-23 13:25:00,1898.55,1904.75,1897.15,1899.0,30155
2024-05-23 13:26:00,1899.0,1900.0,1898.0,1899.8,7541
2024-05-23 13:27:00,1899.8,1900.0,1898.3,1898.95,8969
2024-05-23 13:28:00,1898.75,1900.0,1898.75,1899.0,8714
2024-05-23 13:29:00,1899.0,1900.0,1898.75,1899.35,6447
2024-05-23 13:30:00,1899.35,1900.0,1898.45,1900.0,10748
2024-05-23 13:31:00,1899.05,1900.0,1899.0,1899.0,8971
2024-05-23 13:32:00,1899.0,1900.0,1896.2,1896.2,6111
2024-05-23 13:33:00,1898.4,1898.7,1895.05,1895.05,10729
2024-05-23 13:34:00,1895.05,1898.25,1895.05,1897.05,8749
2024-05-23 13:35:00,1897.9,1899.9,1897.2,1899.9,10677
2024-05-23 13:36:00,1899.9,1900.0,1898.5,1899.9,10204
2024-05-23 13:37:00,1899.9,1900.0,1898.65,1899.0,9879
2024-05-23 13:38:00,1899.0,1899.95,1898.5,1899.6,8461
2024-05-23 13:39:00,1899.6,1899.9,1897.45,1898.9,14079
2024-05-23 13:40:00,1898.95,1899.85,1897.65,1899.0,8646
2024-05-23 13:41:00,1898.8,1900.0,1898.55,1899.9,21562
2024-05-23 13:42:00,1899.6,1909.0,1899.05,1902.35,56911
2024-05-23 13:43:00,1903.45,1904.75,1902.0,1904.65,13320
2024-05-23 13:44:00,1904.65,1904.65,1902.2,1904.0,9182
2024-05-23 13:45:00,1904.0,1905.0,1902.7,1904.05,16096
2024-05-23 13:46:00,1904.05,1905.0,1902.0,1902.0,10354
2024-05-23 13:47:00,1900.0,1905.0,1900.0,1905.0,25172
2024-05-23 13:48:00,1905.0,1905.0,1902.3,1903.8,19907
2024-05-23 13:49:00,1903.8,1905.0,1901.95,1901.95,9170
2024-05-23 13:50:00,1903.05,1903.35,1891.1,1891.35,22149
2024-05-23 13:51:00,1891.8,1897.0,1891.8,1894.7,18554
2024-05-23 13:52:00,1894.7,1894.8,1892.3,1894.6,9926
2024-05-23 13:53:00,1894.6,1897.75,1893.2,1897.75,12091
2024-05-23 13:54:00,1897.75,1901.8,1896.15,1901.0,10408
2024-05-23 13:55:00,1900.1,1901.8,1898.35,1899.7,9613
2024-05-23 13:56:00,1899.7,1900.9,1896.5,1897.95,7862
2024-05-23 13:57:00,1897.95,1899.7,1897.0,1898.65,9459
2024-05-23 13:58:00,1898.65,1901.0,1897.7,1900.85,10039
2024-05-23 13:59:00,1901.0,1901.0,1898.35,1899.15,11830
2024-05-23 14:00:00,1899.15,1901.0,1898.7,1900.0,7413
2024-05-23 14:01:00,1900.0,1901.0,1898.8,1900.2,9237
2024-05-23 14:02:00,1900.2,1900.8,1898.55,1899.7,9099
2024-05-23 14:03:00,1900.7,1901.0,1899.7,1900.8,11542
2024-05-23 14:04:00,1900.8,1901.0,1899.1,1899.9,9777
2024-05-23 14:05:00,1899.9,1899.9,1898.0,1899.3,9338
2024-05-23 14:06:00,1898.1,1899.3,1897.6,1898.65,6938
2024-05-23 14:07:00,1898.65,1898.95,1896.5,1898.95,12469
2024-05-23 14:08:00,1898.95,1899.7,1893.55,1893.55,16087
2024-05-23 14:09:00,1893.75,1895.7,1892.15,1892.85,15843
2024-05-23 14:10:00,1892.85,1896.0,1891.9,1896.0,20230
2024-05-23 14:11:00,1895.15,1897.45,1893.0,1894.9,29784
2024-05-23 14:12:00,1894.9,1895.7,1893.05,1893.25,17524
2024-05-23 14:13:00,1893.25,1894.8,1892.75,1893.05,13252
2024-05-23 14:14:00,1893.05,1894.6,1892.6,1893.3,10759
2024-05-23 14:15:00,1893.3,1894.4,1890.3,1890.65,13808
2024-05-23 14:16:00,1891.5,1893.4,1890.6,1891.85,12198
2024-05-23 14:17:00,1891.85,1892.3,1890.35,1892.0,8464
2024-05-23 14:18:00,1892.0,1893.05,1891.0,1891.0,13007
2024-05-23 14:19:00,1891.0,1891.0,1888.55,1889.95,12049
2024-05-23 14:20:00,1889.95,1890.4,1882.3,1882.4,12426
2024-05-23 14:21:00,1882.35,1886.95,1882.35,1886.35,9261
2024-05-23 14:22:00,1886.35,1889.0,1885.2,1885.2,8995
2024-05-23 14:23:00,1885.85,1888.4,1884.45,1884.45,10198
2024-05-23 14:24:00,1884.45,1888.4,1884.45,1886.9,9968
2024-05-23 14:25:00,1887.0,1890.0,1886.55,1888.85,29231
2024-05-23 14:26:00,1889.85,1891.65,1887.3,1887.3,10975
2024-05-23 14:27:00,1887.3,1890.0,1887.05,1888.05,10676
2024-05-23 14:28:00,1888.05,1890.0,1887.35,1888.1,9450
2024-05-23 14:29:00,1888.2,1889.6,1886.25,1886.25,11028
2024-05-23 14:30:00,1886.55,1889.85,1886.2,1888.35,8879
2024-05-23 14:31:00,1888.35,1890.0,1888.35,1888.8,8601
2024-05-23 14:32:00,1888.8,1889.8,1888.3,1889.35,10867
2024-05-23 14:33:00,1889.95,1890.0,1888.35,1888.5,10286
2024-05-23 14:34:00,1888.5,1890.0,1888.5,1889.05,9647
2024-05-23 14:35:00,1889.05,1890.0,1888.6,1889.0,9588
2024-05-23 14:36:00,1889.0,1889.9,1888.2,1889.5,9300
2024-05-23 14:37:00,1889.95,1890.2,1888.9,1889.95,7739
2024-05-23 14:38:00,1889.95,1892.1,1887.8,1887.8,9548
2024-05-23 14:39:00,1887.8,1889.0,1886.75,1888.25,10160
2024-05-23 14:40:00,1888.25,1889.0,1886.1,1887.15,8711
2024-05-23 14:41:00,1887.15,1889.0,1887.15,1888.3,8624
2024-05-23 14:42:00,1889.0,1889.9,1887.6,1887.65,8327
2024-05-23 14:43:00,1887.8,1889.85,1887.7,1888.35,11464
2024-05-23 14:44:00,1888.35,1889.0,1887.35,1888.15,7558
2024-05-23 14:45:00,1888.05,1898.75,1888.05,1896.4,89866
2024-05-23 14:46:00,1896.35,1899.9,1895.85,1898.5,17704
2024-05-23 14:47:00,1898.4,1899.15,1888.9,1891.0,23463
2024-05-23 14:48:00,1890.05,1891.9,1888.55,1889.95,8495
2024-05-23 14:49:00,1889.15,1891.7,1889.0,1889.4,8092
2024-05-23 14:50:00,1889.8,1891.8,1889.3,1889.8,9813
2024-05-23 14:51:00,1891.7,1891.7,1889.15,1889.4,10400
2024-05-23 14:52:00,1889.45,1890.4,1889.0,1889.95,8287
2024-05-23 14:53:00,1889.35,1892.3,1889.35,1890.6,9245
2024-05-23 14:54:00,1890.6,1892.7,1890.0,1891.1,10582
2024-05-23 14:55:00,1891.1,1892.85,1891.1,1891.8,9741
2024-05-23 14:56:00,1892.8,1892.8,1889.55,1890.75,12092
2024-05-23 14:57:00,1890.75,1891.9,1889.15,1890.2,10629
2024-05-23 14:58:00,1890.2,1895.0,1890.2,1893.5,11237
2024-05-23 14:59:00,1893.0,1893.95,1889.5,1890.75,10405
2024-05-23 15:00:00,1891.75,1892.9,1890.8,1892.9,2908
2024-05-23 15:01:00,1893.1,1893.7,1891.55,1892.0,3328
2024-05-23 15:02:00,1892.0,1893.9,1891.75,1892.6,6495
2024-05-23 15:03:00,1893.7,1894.95,1887.2,1887.95,19883
2024-05-23 15:04:00,1887.95,1890.0,1887.6,1889.2,7275
2024-05-23 15:05:00,1889.2,1889.9,1888.35,1888.6,10963
2024-05-23 15:06:00,1889.0,1889.4,1888.0,1888.1,2920
2024-05-23 15:07:00,1888.85,1890.0,1888.1,1890.0,2775
2024-05-23 15:08:00,1890.0,1890.0,1888.9,1889.4,3797
2024-05-23 15:09:00,1889.8,1890.0,1888.9,1889.9,1981
2024-05-23 15:10:00,1890.0,1890.0,1889.65,1889.95,3863
2024-05-23 15:11:00,1889.95,1890.0,1888.0,1890.0,3915
2024-05-23 15:12:00,1890.0,1890.0,1889.95,1890.0,2707
2024-05-23 15:13:00,1890.0,1890.0,1888.7,1889.95,2375
2024-05-23 15:14:00,1889.9,1889.95,1889.55,1889.55,1750
2024-05-23 15:15:00,1889.6,1889.8,1889.5,1889.6,1796
2024-05-23 15:16:00,1890.0,1890.0,1889.6,1889.65,3556
2024-05-23 15:17:00,1889.65,1890.0,1888.75,1889.4,3902
2024-05-23 15:18:00,1889.4,1889.4,1887.0,1888.6,4372
2024-05-23 15:19:00,1888.0,1888.9,1887.0,1888.75,2282
2024-05-23 15:20:00,1888.75,1888.9,1887.35,1887.7,6414
2024-05-23 15:21:00,1888.0,1888.9,1887.7,1888.9,2375
2024-05-23 15:22:00,1888.9,1889.0,1886.65,1889.0,7737
2024-05-23 15:23:00,1889.0,1889.0,1886.2,1888.75,14708
2024-05-23 15:24:00,1888.8,1889.0,1888.0,1888.95,16745
2024-05-23 15:25:00,1889.0,1889.0,1888.0,1888.0,7469
2024-05-23 15:26:00,1887.55,1887.95,1882.6,1884.0,6375
2024-05-23 15:27:00,1884.0,1888.0,1881.55,1885.9,6342
2024-05-23 15:28:00,1885.9,1888.0,1884.15,1887.05,3959
2024-05-23 15:29:00,1887.05,1888.0,1885.3,1886.0,3875
2024-05-24 09:15:00,1898.8,1902.0,1889.05,1898.0,10941
2024-05-24 09:16:00,1896.6,1905.0,1894.1,1905.0,10478
2024-05-24 09:17:00,1903.7,1912.0,1903.6,1909.0,12888
2024-05-24 09:18:00,1907.95,1908.8,1900.3,1906.45,7405
2024-05-24 09:19:00,1906.45,1913.4,1903.0,1913.4,12655
2024-05-24 09:20:00,1911.65,1913.65,1911.0,1912.0,5469
2024-05-24 09:21:00,1912.95,1914.25,1910.0,1911.0,17307
2024-05-24 09:22:00,1911.0,1914.0,1911.0,1912.8,11180
2024-05-24 09:23:00,1912.8,1917.0,1912.0,1916.2,8593
2024-05-24 09:24:00,1916.55,1918.95,1915.05,1917.7,6238
2024-05-24 09:25:00,1919.0,1925.0,1917.4,1923.4,36988
2024-05-24 09:26:00,1924.45,1929.0,1922.95,1928.0,12146
2024-05-24 09:27:00,1928.0,1933.8,1927.35,1931.1,21434
2024-05-24 09:28:00,1931.9,1932.3,1927.65,1928.4,13479
2024-05-24 09:29:00,1928.25,1930.0,1926.65,1927.6,10224
2024-05-24 09:30:00,1927.6,1929.3,1915.0,1915.0,16366
2024-05-24 09:31:00,1916.3,1917.3,1912.8,1914.05,7439
2024-05-24 09:32:00,1914.05,1914.25,1909.95,1911.0,8016
2024-05-24 09:33:00,1911.0,1911.0,1909.0,1909.3,7283
2024-05-24 09:34:00,1910.45,1911.9,1908.0,1911.9,3677
2024-05-24 09:35:00,1911.9,1914.9,1911.05,1913.95,2968
2024-05-24 09:36:00,1913.95,1913.95,1899.7,1900.15,10655
2024-05-24 09:37:00,1900.0,1901.95,1895.0,1901.4,11249
2024-05-24 09:38:00,1901.4,1906.2,1900.5,1902.45,8100
2024-05-24 09:39:00,1900.4,1907.0,1900.4,1906.0,5477
2024-05-24 09:40:00,1906.0,1907.3,1905.0,1906.0,4117
2024-05-24 09:41:00,1905.05,1909.8,1905.0,1906.55,3474
2024-05-24 09:42:00,1906.55,1906.6,1903.0,1903.0,2797
2024-05-24 09:43:00,1903.0,1906.0,1898.35,1900.0,7867
2024-05-24 09:44:00,1899.8,1900.95,1897.2,1900.95,7499
2024-05-24 09:45:00,1900.95,1904.9,1900.4,1903.55,2897
2024-05-24 09:46:00,1903.55,1906.5,1903.55,1905.9,1575
2024-05-24 09:47:00,1905.9,1905.9,1901.9,1902.0,2606
2024-05-24 09:48:00,1902.0,1905.0,1902.0,1903.7,1755
2024-05-24 09:49:00,1903.75,1905.9,1903.75,1905.9,1099
2024-05-24 09:50:00,1905.9,1907.8,1905.0,1907.0,2192
2024-05-24 09:51:00,1907.0,1907.05,1901.9,1903.95,3150
2024-05-24 09:52:00,1904.35,1904.5,1898.0,1898.0,4284
2024-05-24 09:53:00,1898.0,1899.65,1897.75,1899.0,4319
2024-05-24 09:54:00,1898.25,1902.9,1898.1,1902.8,1914
2024-05-24 09:55:00,1902.8,1902.9,1900.6,1901.05,725
2024-05-24 09:56:00,1901.95,1903.4,1901.05,1902.4,811
2024-05-24 09:57:00,1902.4,1902.95,1900.0,1902.25,743
2024-05-24 09:58:00,1903.4,1903.9,1901.75,1901.85,845
2024-05-24 09:59:00,1901.85,1903.05,1901.8,1902.05,1604
2024-05-24 10:00:00,1901.85,1902.2,1899.8,1900.5,3733
2024-05-24 10:01:00,1899.8,1902.5,1899.8,1902.3,1719
2024-05-24 10:02:00,1902.3,1905.8,1902.3,1905.8,1404
2024-05-24 10:03:00,1905.8,1905.8,1902.55,1902.7,900
2024-05-24 10:04:00,1903.9,1905.55,1903.5,1904.45,1039
2024-05-24 10:05:00,1904.45,1904.45,1901.55,1901.55,966
2024-05-24 10:06:00,1901.95,1903.45,1901.1,1902.15,510
2024-05-24 10:07:00,1902.15,1902.15,1900.55,1901.5,1291
2024-05-24 10:08:00,1901.45,1902.75,1900.5,1901.6,1382
2024-05-24 10:09:00,1901.5,1905.7,1901.2,1905.7,1130
2024-05-24 10:10:00,1905.7,1907.4,1905.2,1906.5,2325
2024-05-24 10:11:00,1907.3,1907.4,1906.0,1906.05,1202
2024-05-24 10:12:00,1906.75,1907.55,1904.05,1905.0,1728
2024-05-24 10:13:00,1905.0,1906.0,1903.7,1904.7,645
2024-05-24 10:14:00,1903.85,1904.5,1903.7,1904.3,224
2024-05-24 10:15:00,1904.0,1904.4,1901.25,1901.5,735
2024-05-24 10:16:00,1902.3,1902.9,1901.0,1901.3,379
2024-05-24 10:17:00,1901.3,1902.8,1901.3,1902.7,385
2024-05-24 10:18:00,1902.2,1905.9,1902.2,1903.95,2148
2024-05-24 10:19:00,1903.95,1908.8,1903.65,1908.8,3786
2024-05-24 10:20:00,1907.95,1912.0,1907.95,1910.0,8828
2024-05-24 10:21:00,1908.75,1923.4,1906.65,1922.8,22876
2024-05-24 10:22:00,1922.8,1938.05,1920.0,1926.3,78687
2024-05-24 10:23:00,1926.35,1929.75,1922.3,1927.7,9278
2024-05-24 10:24:00,1927.7,1930.0,1925.0,1925.0,4390
2024-05-24 10:25:00,1925.0,1930.0,1925.0,1928.65,7736
2024-05-24 10:26:00,1928.7,1940.0,1928.7,1935.25,16550
2024-05-24 10:27:00,1935.75,1936.95,1931.5,1935.9,9268
2024-05-24 10:28:00,1935.0,1935.15,1930.0,1932.0,6712
2024-05-24 10:29:00,1932.0,1934.8,1923.0,1932.5,11368
2024-05-24 10:30:00,1932.15,1934.0,1930.2,1930.85,3399
2024-05-24 10:31:00,1930.8,1933.65,1930.7,1932.15,3638
2024-05-24 10:32:00,1932.15,1942.4,1932.1,1937.0,28059
2024-05-24 10:33:00,1937.0,1944.0,1937.0,1939.55,14832
2024-05-24 10:34:00,1938.05,1940.9,1938.0,1939.5,6105
2024-05-24 10:35:00,1939.45,1942.5,1939.45,1941.7,6430
2024-05-24 10:36:00,1941.0,1941.85,1938.1,1939.8,6135
2024-05-24 10:37:00,1939.0,1942.0,1939.0,1940.55,3823
2024-05-24 10:38:00,1940.55,1946.85,1939.8,1942.85,33578
2024-05-24 10:39:00,1943.9,1945.0,1941.2,1944.25,6852
2024-05-24 10:40:00,1944.25,1945.0,1943.2,1945.0,9500
2024-05-24 10:41:00,1945.0,1948.5,1943.6,1947.1,11415
2024-05-24 10:42:00,1947.7,1949.0,1945.0,1946.1,10767
2024-05-24 10:43:00,1946.1,1946.9,1945.0,1946.35,5838
2024-05-24 10:44:00,1946.35,1948.0,1945.0,1946.95,4362
2024-05-24 10:45:00,1947.0,1948.0,1945.35,1947.9,6349
2024-05-24 10:46:00,1947.95,1947.95,1945.0,1945.05,5032
2024-05-24 10:47:00,1945.9,1946.6,1944.15,1945.0,6293
2024-05-24 10:48:00,1945.0,1945.75,1941.45,1943.8,5903
2024-05-24 10:49:00,1943.8,1945.2,1943.1,1945.0,10771
2024-05-24 10:50:00,1945.0,1945.7,1942.75,1945.5,2791
2024-05-24 10:51:00,1944.9,1945.0,1942.3,1942.9,2983
2024-05-24 10:52:00,1942.95,1944.05,1942.25,1942.25,9233
2024-05-24 10:53:00,1942.0,1943.5,1940.3,1943.5,4396
2024-05-24 10:54:00,1943.0,1945.0,1942.9,1944.25,6266
2024-05-24 10:55:00,1944.0,1945.05,1943.1,1944.0,2374
2024-05-24 10:56:00,1944.0,1945.0,1942.9,1945.0,2959
2024-05-24 10:57:00,1944.0,1946.0,1943.5,1945.1,4175
2024-05-24 10:58:00,1945.1,1946.0,1943.75,1944.35,2493
2024-05-24 10:59:00,1944.35,1945.7,1943.8,1945.05,2025
2024-05-24 11:00:00,1945.9,1946.0,1943.65,1945.0,3796
2024-05-24 11:01:00,1945.0,1945.95,1943.0,1944.25,3992
2024-05-24 11:02:00,1944.2,1945.4,1943.6,1945.0,2708
2024-05-24 11:03:00,1945.0,1945.1,1941.4,1941.4,3000
2024-05-24 11:04:00,1942.05,1942.4,1935.1,1937.55,5928
2024-05-24 11:05:00,1938.0,1938.0,1931.0,1931.15,4405
2024-05-24 11:06:00,1932.0,1932.6,1930.05,1930.5,2952
2024-05-24 11:07:00,1930.5,1931.3,1926.2,1928.65,4151
2024-05-24 11:08:00,1928.65,1929.8,1927.1,1929.8,1512
2024-05-24 11:09:00,1928.9,1929.8,1927.1,1928.2,1827
2024-05-24 11:10:00,1928.55,1928.55,1927.1,1927.75,323
2024-05-24 11:11:00,1927.5,1929.9,1927.4,1929.9,742
2024-05-24 11:12:00,1929.9,1930.5,1928.05,1928.55,1242
2024-05-24 11:13:00,1928.55,1928.55,1927.95,1927.95,984
2024-05-24 11:14:00,1927.95,1927.95,1920.1,1922.5,10087
2024-05-24 11:15:00,1922.5,1924.0,1920.35,1923.7,2085
2024-05-24 11:16:00,1923.7,1927.75,1922.55,1927.35,2825
2024-05-24 11:17:00,1926.8,1927.15,1922.0,1924.8,2014
2024-05-24 11:18:00,1924.8,1926.65,1923.7,1925.35,2476
2024-05-24 11:19:00,1925.45,1926.4,1923.8,1925.75,792
2024-05-24 11:20:00,1923.95,1926.95,1923.95,1926.15,1401
2024-05-24 11:21:00,1927.0,1927.0,1922.25,1922.8,2270
2024-05-24 11:22:00,1922.8,1924.85,1922.35,1924.0,605
2024-05-24 11:23:00,1924.0,1925.6,1924.0,1924.0,1439
2024-05-24 11:24:00,1924.0,1924.7,1920.0,1920.2,5225
2024-05-24 11:25:00,1920.2,1921.9,1917.5,1920.3,6845
2024-05-24 11:26:00,1919.5,1920.75,1918.1,1919.25,534
2024-05-24 11:27:00,1921.0,1921.8,1920.3,1921.0,884
2024-05-24 11:28:00,1921.0,1922.4,1920.35,1921.8,1030
2024-05-24 11:29:00,1921.8,1923.7,1920.25,1921.9,1491
2024-05-24 11:30:00,1921.9,1922.95,1921.9,1922.4,443
2024-05-24 11:31:00,1922.4,1923.9,1922.4,1922.6,365
2024-05-24 11:32:00,1922.95,1924.8,1921.15,1921.95,1848
2024-05-24 11:33:00,1921.05,1922.85,1921.05,1921.85,436
2024-05-24 11:34:00,1922.0,1923.15,1921.7,1922.0,637
2024-05-24 11:35:00,1922.05,1922.85,1921.15,1922.85,273
2024-05-24 11:36:00,1922.8,1923.95,1922.8,1923.9,234
2024-05-24 11:37:00,1924.35,1924.35,1921.5,1922.1,1722
2024-05-24 11:38:00,1921.1,1921.9,1921.0,1921.0,958
2024-05-24 11:39:00,1921.9,1923.75,1921.1,1922.0,455
2024-05-24 11:40:00,1922.0,1923.75,1921.85,1922.85,225
2024-05-24 11:41:00,1924.0,1924.95,1922.2,1923.6,1461
2024-05-24 11:42:00,1923.6,1923.6,1922.45,1923.45,196
2024-05-24 11:43:00,1923.05,1923.45,1922.0,1922.1,885
2024-05-24 11:44:00,1922.1,1923.0,1922.0,1922.95,197
2024-05-24 11:45:00,1922.95,1924.45,1920.1,1920.1,1862
2024-05-24 11:46:00,1921.2,1921.2,1917.5,1917.5,2361
2024-05-24 11:47:00,1917.5,1919.7,1917.0,1918.0,2828
2024-05-24 11:48:00,1917.0,1920.1,1917.0,1919.1,1453
2024-05-24 11:49:00,1919.1,1922.3,1919.1,1921.95,1590
2024-05-24 11:50:00,1921.95,1923.0,1921.15,1921.35,750
2024-05-24 11:51:00,1922.15,1926.0,1921.35,1925.0,7215
2024-05-24 11:52:00,1925.0,1925.35,1925.0,1925.3,2482
2024-05-24 11:53:00,1925.3,1925.3,1921.0,1921.8,3015
2024-05-24 11:54:00,1921.2,1922.9,1921.2,1922.6,908
2024-05-24 11:55:00,1922.6,1923.1,1922.6,1923.1,168
2024-05-24 11:56:00,1923.9,1924.9,1923.1,1924.75,726
2024-05-24 11:57:00,1924.1,1925.1,1923.7,1924.8,594
2024-05-24 11:58:00,1924.75,1924.9,1924.2,1924.9,203
2024-05-24 11:59:00,1924.9,1924.9,1924.2,1924.2,575
2024-05-24 12:00:00,1924.2,1924.85,1921.0,1921.5,5380
2024-05-24 12:01:00,1921.5,1922.25,1921.5,1922.0,466
2024-05-24 12:02:00,1921.5,1923.8,1921.5,1923.8,728
2024-05-24 12:03:00,1922.85,1923.85,1922.85,1922.95,236
2024-05-24 12:04:00,1922.95,1924.55,1918.6,1918.6,2418
2024-05-24 12:05:00,1919.7,1921.35,1918.45,1920.0,1019
2024-05-24 12:06:00,1920.0,1922.0,1919.15,1922.0,423
2024-05-24 12:07:00,1922.0,1922.4,1922.0,1922.25,144
2024-05-24 12:08:00,1922.25,1922.4,1919.9,1919.9,480
2024-05-24 12:09:00,1919.9,1921.0,1919.25,1919.6,1603
2024-05-24 12:10:00,1919.6,1919.6,1918.0,1918.0,1450
2024-05-24 12:11:00,1918.0,1918.05,1912.35,1912.35,3512
2024-05-24 12:12:00,1912.35,1913.9,1911.0,1912.4,3050
2024-05-24 12:13:00,1913.0,1913.9,1912.4,1913.05,808
2024-05-24 12:14:00,1913.05,1916.9,1913.05,1916.9,1125
2024-05-24 12:15:00,1916.9,1917.85,1916.0,1916.0,632
2024-05-24 12:16:00,1916.05,1917.85,1916.0,1916.2,1279
2024-05-24 12:17:00,1916.0,1916.0,1912.55,1913.0,2033
2024-05-24 12:18:00,1912.1,1913.95,1911.1,1912.0,1147
2024-05-24 12:19:00,1912.0,1913.8,1911.05,1911.1,976
2024-05-24 12:20:00,1912.5,1912.9,1907.3,1908.95,6166
2024-05-24 12:21:00,1908.95,1910.7,1907.3,1910.45,2201
2024-05-24 12:22:00,1911.5,1911.6,1909.5,1910.0,1015
2024-05-24 12:23:00,1910.8,1910.95,1909.0,1909.95,1171
2024-05-24 12:24:00,1909.95,1909.95,1907.4,1908.5,1209
2024-05-24 12:25:00,1909.8,1910.05,1908.6,1910.05,982
2024-05-24 12:26:00,1910.05,1911.05,1910.0,1911.05,287
2024-05-24 12:27:00,1911.05,1912.95,1909.45,1910.05,1130
2024-05-24 12:28:00,1910.0,1911.25,1909.0,1910.6,614
2024-05-24 12:29:00,1910.6,1920.9,1910.0,1920.0,11641
2024-05-24 12:30:00,1920.85,1920.85,1918.75,1920.0,800
2024-05-24 12:31:00,1920.0,1921.65,1919.0,1919.75,1519
2024-05-24 12:32:00,1919.75,1920.75,1918.95,1920.75,638
2024-05-24 12:33:00,1920.75,1920.75,1918.6,1920.65,1035
2024-05-24 12:34:00,1920.65,1920.65,1919.0,1919.0,395
2024-05-24 12:35:00,1919.2,1921.65,1919.2,1920.5,2355
2024-05-24 12:36:00,1921.85,1921.85,1920.0,1920.4,908
2024-05-24 12:37:00,1920.4,1920.75,1920.1,1920.45,130
2024-05-24 12:38:00,1920.45,1920.45,1918.25,1918.25,1329
2024-05-24 12:39:00,1918.45,1920.0,1918.0,1919.2,677
2024-05-24 12:40:00,1919.2,1921.6,1919.15,1920.0,762
2024-05-24 12:41:00,1920.0,1924.4,1920.0,1923.95,1621
2024-05-24 12:42:00,1924.0,1925.75,1924.0,1925.0,3240
2024-05-24 12:43:00,1925.0,1926.0,1924.25,1925.75,1407
2024-05-24 12:44:00,1925.75,1925.75,1925.0,1925.1,439
2024-05-24 12:45:00,1925.1,1925.65,1924.5,1925.0,455
2024-05-24 12:46:00,1925.0,1925.6,1923.1,1925.0,1228
2024-05-24 12:47:00,1924.7,1925.65,1924.6,1924.8,118
2024-05-24 12:48:00,1924.8,1925.45,1924.65,1925.45,460
2024-05-24 12:49:00,1925.45,1925.45,1924.1,1925.0,182
2024-05-24 12:50:00,1925.0,1925.1,1924.0,1924.25,984
2024-05-24 12:51:00,1924.25,1926.5,1924.25,1925.55,2083
2024-05-24 12:52:00,1923.8,1925.4,1923.8,1925.4,992
2024-05-24 12:53:00,1925.4,1925.4,1924.55,1925.25,362
2024-05-24 12:54:00,1925.25,1926.0,1924.1,1926.0,1661
2024-05-24 12:55:00,1926.0,1926.75,1925.1,1925.95,255
2024-05-24 12:56:00,1925.95,1928.9,1925.75,1926.9,1853
2024-05-24 12:57:00,1926.35,1926.9,1924.1,1924.3,1711
2024-05-24 12:58:00,1924.3,1925.9,1924.05,1924.25,1087
2024-05-24 12:59:00,1925.05,1925.5,1924.2,1924.85,1426
2024-05-24 13:00:00,1924.85,1926.0,1924.1,1925.0,779
2024-05-24 13:01:00,1924.95,1926.1,1924.95,1925.0,201
2024-05-24 13:02:00,1925.0,1927.35,1923.7,1925.95,1726
2024-05-24 13:03:00,1925.95,1925.95,1924.55,1925.0,315
2024-05-24 13:04:00,1924.9,1928.95,1924.9,1927.55,8150
2024-05-24 13:05:00,1927.55,1930.0,1927.0,1928.7,9827
2024-05-24 13:06:00,1928.7,1930.0,1928.1,1928.4,8235
2024-05-24 13:07:00,1928.4,1930.0,1928.2,1928.5,10725
2024-05-24 13:08:00,1928.5,1930.0,1928.5,1930.0,9172
2024-05-24 13:09:00,1930.0,1930.8,1929.0,1930.05,8086
2024-05-24 13:10:00,1930.05,1931.7,1928.6,1929.35,8257
2024-05-24 13:11:00,1929.35,1931.9,1929.35,1931.55,11744
2024-05-24 13:12:00,1931.55,1934.7,1931.55,1933.65,10265
2024-05-24 13:13:00,1933.65,1935.0,1932.6,1932.8,10558
2024-05-24 13:14:00,1932.6,1932.6,1928.7,1931.0,11222
2024-05-24 13:15:00,1931.0,1932.7,1928.6,1930.55,12529
2024-05-24 13:16:00,1930.55,1933.0,1928.6,1930.7,11294
2024-05-24 13:17:00,1930.7,1932.55,1929.5,1932.55,7320
2024-05-24 13:18:00,1931.2,1932.75,1930.45,1931.25,11873
2024-05-24 13:19:00,1932.9,1933.0,1931.05,1931.95,10633
2024-05-24 13:20:00,1931.95,1932.95,1930.4,1930.4,11956
2024-05-24 13:21:00,1930.65,1933.0,1930.4,1931.55,12042
2024-05-24 13:22:00,1931.6,1932.9,1930.15,1932.9,14259
2024-05-24 13:23:00,1931.25,1932.9,1931.0,1931.15,9043
2024-05-24 13:24:00,1931.15,1933.0,1931.15,1931.7,14124
2024-05-24 13:25:00,1931.7,1932.95,1931.65,1932.0,16642
2024-05-24 13:26:00,1932.5,1933.95,1932.3,1933.8,14526
2024-05-24 13:27:00,1932.3,1933.95,1931.8,1932.9,16313
2024-05-24 13:28:00,1932.9,1934.9,1932.0,1933.25,14806
2024-05-24 13:29:00,1933.25,1935.0,1932.8,1932.9,12626
2024-05-24 13:30:00,1932.9,1935.0,1932.9,1933.6,12656
2024-05-24 13:31:00,1933.6,1934.6,1933.3,1933.9,14556
2024-05-24 13:32:00,1933.9,1935.0,1933.9,1934.15,10844
2024-05-24 13:33:00,1934.05,1935.0,1932.1,1932.1,9784
2024-05-24 13:34:00,1932.65,1935.0,1932.45,1933.9,15855
2024-05-24 13:35:00,1933.9,1935.0,1933.85,1934.1,12549
2024-05-24 13:36:00,1934.1,1935.45,1933.9,1934.5,10383
2024-05-24 13:37:00,1934.3,1937.85,1933.75,1934.65,19568
2024-05-24 13:38:00,1935.15,1935.15,1933.3,1933.3,17242
2024-05-24 13:39:00,1933.25,1934.9,1933.25,1933.6,11254
2024-05-24 13:40:00,1933.55,1934.95,1933.4,1933.95,10385
2024-05-24 13:41:00,1933.95,1935.0,1933.7,1933.95,13227
2024-05-24 13:42:00,1933.95,1934.9,1933.7,1933.85,14082
2024-05-24 13:43:00,1933.85,1934.9,1933.15,1933.65,9157
2024-05-24 13:44:00,1933.6,1934.85,1933.45,1933.9,10631
2024-05-24 13:45:00,1933.9,1934.85,1933.6,1933.65,11894
2024-05-24 13:46:00,1933.6,1934.7,1932.55,1933.3,11415
2024-05-24 13:47:00,1933.5,1934.7,1933.3,1934.05,12510
2024-05-24 13:48:00,1934.0,1935.0,1933.9,1934.0,15122
2024-05-24 13:49:00,1934.0,1934.85,1933.65,1933.85,14028
2024-05-24 13:50:00,1934.0,1935.0,1933.55,1934.1,15157
2024-05-24 13:51:00,1934.1,1935.0,1933.85,1934.0,13104
2024-05-24 13:52:00,1933.8,1934.9,1933.5,1933.95,12887
2024-05-24 13:53:00,1933.95,1934.85,1933.35,1933.35,11022
2024-05-24 13:54:00,1933.35,1934.8,1933.3,1933.85,12232
2024-05-24 13:55:00,1933.8,1936.25,1933.5,1935.0,29713
2024-05-24 13:56:00,1935.0,1940.0,1935.0,1938.0,37147
2024-05-24 13:57:00,1938.1,1939.8,1935.45,1936.7,13627
2024-05-24 13:58:00,1936.7,1938.65,1933.65,1933.65,10261
2024-05-24 13:59:00,1933.65,1935.9,1932.3,1933.35,13679
2024-05-24 14:00:00,1933.55,1934.85,1933.1,1933.8,10416
2024-05-24 14:01:00,1933.8,1938.0,1933.5,1935.35,19781
2024-05-24 14:02:00,1935.25,1937.7,1935.1,1936.55,14817
2024-05-24 14:03:00,1936.55,1938.0,1936.25,1936.65,23462
2024-05-24 14:04:00,1936.6,1937.85,1935.25,1935.25,11050
2024-05-24 14:05:00,1935.25,1936.7,1933.35,1935.25,14691
2024-05-24 14:06:00,1935.25,1935.95,1934.0,1934.0,13506
2024-05-24 14:07:00,1934.0,1934.0,1930.5,1930.5,13857
2024-05-24 14:08:00,1930.5,1930.5,1927.55,1928.2,9546
2024-05-24 14:09:00,1928.1,1930.0,1926.25,1927.5,8714
2024-05-24 14:10:00,1926.2,1928.8,1926.15,1927.25,14491
2024-05-24 14:11:00,1927.25,1929.8,1927.25,1928.1,11183
2024-05-24 14:12:00,1928.25,1929.85,1928.25,1928.7,12649
2024-05-24 14:13:00,1928.75,1930.0,1928.3,1929.0,12421
2024-05-24 14:14:00,1929.0,1929.95,1928.5,1928.55,11099
2024-05-24 14:15:00,1928.55,1928.95,1924.6,1925.4,8878
2024-05-24 14:16:00,1925.4,1927.4,1924.6,1925.1,11236
2024-05-24 14:17:00,1925.0,1925.9,1924.9,1925.05,11030
2024-05-24 14:18:00,1925.05,1926.8,1924.9,1926.05,12865
2024-05-24 14:19:00,1926.05,1926.55,1924.9,1925.3,8778
2024-05-24 14:20:00,1925.1,1926.0,1924.9,1924.95,7726
2024-05-24 14:21:00,1925.15,1925.9,1924.9,1924.9,10180
2024-05-24 14:22:00,1924.9,1927.75,1924.9,1926.2,15775
2024-05-24 14:23:00,1926.3,1927.65,1925.15,1925.5,10924
2024-05-24 14:24:00,1925.5,1926.8,1925.15,1926.05,11944
2024-05-24 14:25:00,1926.05,1926.3,1924.9,1925.95,10663
2024-05-24 14:26:00,1925.05,1925.95,1921.0,1921.0,12729
2024-05-24 14:27:00,1921.75,1923.9,1921.0,1923.0,8852
2024-05-24 14:28:00,1923.05,1925.9,1923.05,1924.55,18791
2024-05-24 14:29:00,1924.6,1925.95,1922.4,1924.75,13341
2024-05-24 14:30:00,1924.75,1925.95,1923.7,1923.85,14028
2024-05-24 14:31:00,1924.55,1924.7,1921.0,1923.8,13226
2024-05-24 14:32:00,1923.75,1925.0,1923.4,1924.05,10655
2024-05-24 14:33:00,1924.05,1925.0,1924.05,1924.3,8209
2024-05-24 14:34:00,1924.3,1925.0,1923.1,1924.0,11235
2024-05-24 14:35:00,1923.7,1925.0,1923.25,1924.85,6751
2024-05-24 14:36:00,1924.1,1924.95,1923.15,1924.0,14556
2024-05-24 14:37:00,1923.1,1925.0,1923.1,1924.65,10710
2024-05-24 14:38:00,1924.65,1925.0,1924.0,1924.1,10446
2024-05-24 14:39:00,1924.75,1924.95,1923.85,1924.05,19439
2024-05-24 14:40:00,1924.05,1925.0,1924.05,1924.2,29422
2024-05-24 14:41:00,1925.05,1926.35,1924.2,1926.05,24306
2024-05-24 14:42:00,1926.1,1927.25,1924.6,1924.95,11155
2024-05-24 14:43:00,1924.15,1925.0,1923.2,1924.2,9475
2024-05-24 14:44:00,1923.8,1924.95,1923.8,1924.1,9256
2024-05-24 14:45:00,1924.1,1925.0,1923.8,1924.15,12611
2024-05-24 14:46:00,1924.0,1925.0,1923.2,1924.15,7502
2024-05-24 14:47:00,1924.15,1926.0,1924.1,1925.0,8698
2024-05-24 14:48:00,1925.0,1925.8,1924.1,1924.6,9525
2024-05-24 14:49:00,1924.75,1926.0,1924.75,1925.1,10324
2024-05-24 14:50:00,1925.3,1926.0,1924.7,1925.1,8941
2024-05-24 14:51:00,1925.1,1926.0,1924.9,1924.9,8295
2024-05-24 14:52:00,1924.9,1928.4,1924.15,1928.0,21900
2024-05-24 14:53:00,1928.0,1930.0,1927.05,1928.65,12750
2024-05-24 14:54:00,1928.85,1930.0,1928.7,1930.0,14000
2024-05-24 14:55:00,1930.0,1930.0,1929.1,1929.4,9801
2024-05-24 14:56:00,1929.4,1930.0,1928.55,1928.85,11158
2024-05-24 14:57:00,1928.85,1929.9,1928.0,1928.1,9886
2024-05-24 14:58:00,1928.1,1929.85,1926.95,1926.95,11158
2024-05-24 14:59:00,1926.95,1928.0,1926.35,1927.75,10498
2024-05-24 15:00:00,1927.2,1928.0,1924.1,1924.15,14266
2024-05-24 15:01:00,1924.15,1927.8,1923.55,1927.05,9716
2024-05-24 15:02:00,1926.65,1927.5,1926.1,1927.0,10040
2024-05-24 15:03:00,1928.0,1929.9,1926.95,1929.15,8234
2024-05-24 15:04:00,1929.2,1929.95,1928.5,1928.6,9448
2024-05-24 15:05:00,1928.6,1934.8,1928.6,1930.1,18509
2024-05-24 15:06:00,1931.9,1931.9,1922.4,1922.55,30731
2024-05-24 15:07:00,1922.55,1925.0,1921.6,1922.5,23262
2024-05-24 15:08:00,1922.85,1924.7,1922.5,1922.85,14012
2024-05-24 15:09:00,1922.85,1923.95,1922.0,1922.05,14280
2024-05-24 15:10:00,1922.05,1922.95,1920.05,1920.05,13031
2024-05-24 15:11:00,1920.5,1923.4,1918.0,1920.8,19115
2024-05-24 15:12:00,1922.0,1922.1,1920.35,1920.85,14008
2024-05-24 15:13:00,1921.45,1923.45,1920.65,1921.75,13188
2024-05-24 15:14:00,1921.75,1925.0,1921.7,1925.0,24018
2024-05-24 15:15:00,1924.3,1928.0,1923.35,1928.0,37094
2024-05-24 15:16:00,1926.8,1929.9,1926.6,1927.7,37878
2024-05-24 15:17:00,1929.5,1930.0,1928.35,1928.6,33302
2024-05-24 15:18:00,1928.65,1930.0,1928.0,1929.0,21440
2024-05-24 15:19:00,1929.3,1934.0,1929.2,1932.85,23747
2024-05-24 15:20:00,1932.95,1934.0,1931.1,1932.8,23410
2024-05-24 15:21:00,1932.8,1933.8,1931.35,1932.55,7395
2024-05-24 15:22:00,1932.55,1932.95,1931.15,1931.3,8014
2024-05-24 15:23:00,1931.3,1932.85,1925.55,1926.0,11042
2024-05-24 15:24:00,1926.05,1927.0,1922.6,1922.6,7306
2024-05-24 15:25:00,1924.15,1925.0,1921.0,1921.1,6832
2024-05-24 15:26:00,1921.1,1923.0,1920.45,1922.05,14388
2024-05-24 15:27:00,1922.1,1924.9,1921.5,1924.0,3217
2024-05-24 15:28:00,1924.0,1924.3,1921.3,1921.3,3908
2024-05-24 15:29:00,1920.0,1924.3,1920.0,1924.0,7613
2024-05-27 09:15:00,1943.7,1958.8,1936.85,1948.4,34174
2024-05-27 09:16:00,1946.7,1950.0,1940.45,1944.15,10837
2024-05-27 09:17:00,1944.15,1944.15,1933.85,1936.8,9105
2024-05-27 09:18:00,1936.85,1938.4,1930.0,1935.0,8732
2024-05-27 09:19:00,1935.0,1935.0,1925.45,1927.25,9380
2024-05-27 09:20:00,1926.15,1927.25,1917.25,1917.5,16400
2024-05-27 09:21:00,1917.35,1917.7,1908.0,1913.65,14551
2024-05-27 09:22:00,1913.1,1920.9,1912.55,1915.5,23632
2024-05-27 09:23:00,1915.0,1924.8,1913.05,1924.8,4365
2024-05-27 09:24:00,1924.8,1932.65,1922.55,1926.6,11909
2024-05-27 09:25:00,1926.7,1931.45,1921.95,1931.45,4268
2024-05-27 09:26:00,1931.4,1931.4,1926.8,1930.05,4848
2024-05-27 09:27:00,1928.95,1930.9,1925.0,1925.7,2683
2024-05-27 09:28:00,1926.8,1928.5,1921.55,1924.3,4662
2024-05-27 09:29:00,1924.25,1927.6,1922.3,1924.05,3729
2024-05-27 09:30:00,1924.05,1924.65,1915.45,1916.7,2857
2024-05-27 09:31:00,1916.7,1918.95,1915.05,1917.4,3021
2024-05-27 09:32:00,1917.6,1917.9,1910.65,1910.65,7514
2024-05-27 09:33:00,1910.05,1917.5,1910.05,1917.0,5324
2024-05-27 09:34:00,1917.0,1917.0,1914.15,1914.15,1766
2024-05-27 09:35:00,1914.15,1917.9,1914.0,1915.0,1976
2024-05-27 09:36:00,1915.0,1922.6,1914.0,1920.6,2509
2024-05-27 09:37:00,1920.0,1921.0,1917.05,1918.4,2207
2024-05-27 09:38:00,1918.35,1920.4,1916.1,1920.35,493
2024-05-27 09:39:00,1921.0,1922.65,1919.6,1919.6,1439
2024-05-27 09:40:00,1920.75,1920.9,1916.3,1917.0,1833
2024-05-27 09:41:00,1917.0,1918.0,1915.05,1917.0,628
2024-05-27 09:42:00,1917.15,1918.0,1915.0,1915.95,1417
2024-05-27 09:43:00,1916.6,1916.6,1913.2,1913.2,3848
2024-05-27 09:44:00,1912.8,1913.55,1905.2,1905.2,8054
2024-05-27 09:45:00,1906.15,1907.0,1896.55,1897.6,10577
2024-05-27 09:46:00,1896.45,1904.5,1895.15,1903.5,4847
2024-05-27 09:47:00,1903.5,1904.4,1900.2,1901.0,3807
2024-05-27 09:48:00,1901.3,1901.3,1891.0,1892.65,8040
2024-05-27 09:49:00,1891.15,1900.6,1891.05,1897.55,4209
2024-05-27 09:50:00,1899.05,1905.0,1897.5,1904.15,3897
2024-05-27 09:51:00,1904.1,1905.5,1900.65,1903.0,1861
2024-05-27 09:52:00,1903.95,1909.95,1903.95,1906.5,4519
2024-05-27 09:53:00,1904.15,1908.9,1904.15,1907.0,1336
2024-05-27 09:54:00,1907.05,1907.7,1904.05,1904.2,827
2024-05-27 09:55:00,1904.2,1905.65,1900.0,1901.6,3431
2024-05-27 09:56:00,1900.0,1901.3,1898.0,1900.0,2656
2024-05-27 09:57:00,1900.0,1904.0,1897.5,1904.0,1720
2024-05-27 09:58:00,1904.15,1904.25,1898.05,1899.8,1055
2024-05-27 09:59:00,1898.0,1900.05,1897.0,1898.5,1779
2024-05-27 10:00:00,1898.0,1899.0,1897.1,1898.75,1006
2024-05-27 10:01:00,1899.0,1899.0,1895.8,1896.0,1765
2024-05-27 10:02:00,1896.75,1896.9,1893.2,1894.4,1977
2024-05-27 10:03:00,1893.0,1899.85,1893.0,1899.25,2562
2024-05-27 10:04:00,1897.1,1903.3,1897.1,1900.95,3653
2024-05-27 10:05:00,1900.95,1905.5,1900.9,1904.25,2414
2024-05-27 10:06:00,1904.1,1906.8,1903.25,1904.25,1916
2024-05-27 10:07:00,1904.25,1907.4,1903.0,1907.4,1502
2024-05-27 10:08:00,1906.15,1908.0,1905.0,1906.3,1668
2024-05-27 10:09:00,1905.2,1909.0,1905.2,1906.4,683
2024-05-27 10:10:00,1907.95,1907.95,1906.4,1907.0,542
2024-05-27 10:11:00,1907.0,1907.0,1905.0,1905.2,483
2024-05-27 10:12:00,1905.25,1906.75,1905.0,1905.0,575
2024-05-27 10:13:00,1904.0,1906.45,1903.3,1904.95,2164
2024-05-27 10:14:00,1904.95,1905.25,1902.95,1903.0,845
2024-05-27 10:15:00,1903.0,1903.5,1897.05,1897.05,1375
2024-05-27 10:16:00,1899.15,1904.25,1897.1,1901.85,2302
2024-05-27 10:17:00,1901.85,1903.65,1901.85,1902.05,526
2024-05-27 10:18:00,1903.6,1903.9,1901.5,1902.15,516
2024-05-27 10:19:00,1902.15,1903.0,1901.0,1902.75,457
2024-05-27 10:20:00,1902.75,1902.75,1900.75,1902.55,452
2024-05-27 10:21:00,1902.55,1906.0,1902.55,1906.0,899
2024-05-27 10:22:00,1906.85,1906.85,1905.0,1905.55,761
2024-05-27 10:23:00,1905.55,1906.85,1903.95,1904.95,981
2024-05-27 10:24:00,1904.95,1905.35,1901.55,1902.25,698
2024-05-27 10:25:00,1902.0,1902.0,1897.25,1898.3,2736
2024-05-27 10:26:00,1898.35,1900.0,1897.05,1898.0,1079
2024-05-27 10:27:00,1898.95,1901.5,1898.0,1899.65,3306
2024-05-27 10:28:00,1899.65,1900.0,1898.0,1898.15,1498
2024-05-27 10:29:00,1898.15,1898.9,1898.0,1898.85,209
2024-05-27 10:30:00,1898.85,1900.0,1898.15,1898.55,1996
2024-05-27 10:31:00,1899.0,1900.0,1898.1,1898.7,2115
2024-05-27 10:32:00,1899.9,1900.0,1898.0,1899.95,2083
2024-05-27 10:33:00,1899.95,1904.85,1899.0,1901.15,11281
2024-05-27 10:34:00,1901.15,1909.7,1901.15,1908.3,11368
2024-05-27 10:35:00,1909.55,1915.4,1907.4,1914.45,13038
2024-05-27 10:36:00,1914.45,1922.85,1908.55,1910.0,23881
2024-05-27 10:37:00,1910.0,1911.05,1907.1,1907.2,19239
2024-05-27 10:38:00,1907.2,1910.0,1907.2,1908.65,11003
2024-05-27 10:39:00,1910.0,1917.4,1910.0,1915.0,11014
2024-05-27 10:40:00,1915.0,1915.0,1913.4,1913.55,11086
2024-05-27 10:41:00,1913.55,1915.05,1913.55,1915.0,13595
2024-05-27 10:42:00,1915.0,1916.6,1914.2,1914.85,12999
2024-05-27 10:43:00,1914.85,1916.7,1914.25,1914.6,12596
2024-05-27 10:44:00,1914.6,1919.3,1914.15,1919.3,12782
2024-05-27 10:45:00,1919.3,1920.0,1916.75,1919.0,10270
2024-05-27 10:46:00,1918.65,1920.0,1917.8,1919.0,10551
2024-05-27 10:47:00,1918.6,1920.0,1918.3,1918.95,10880
2024-05-27 10:48:00,1918.25,1919.0,1916.45,1918.05,6809
2024-05-27 10:49:00,1918.05,1919.0,1917.1,1918.85,9864
2024-05-27 10:50:00,1918.85,1919.0,1917.55,1918.05,11625
2024-05-27 10:51:00,1918.95,1919.0,1918.2,1918.25,12607
2024-05-27 10:52:00,1918.25,1919.0,1918.0,1918.0,12059
2024-05-27 10:53:00,1917.7,1920.0,1917.7,1919.95,11982
2024-05-27 10:54:00,1919.95,1921.0,1919.0,1919.95,7296
2024-05-27 10:55:00,1919.95,1925.0,1918.75,1923.05,13418
2024-05-27 10:56:00,1923.6,1925.0,1923.05,1924.0,11969
2024-05-27 10:57:00,1923.0,1925.0,1921.1,1924.15,12066
2024-05-27 10:58:00,1924.15,1925.0,1923.75,1924.1,11777
2024-05-27 10:59:00,1924.1,1926.85,1923.55,1925.0,13128
2024-05-27 11:00:00,1925.0,1925.0,1920.2,1920.55,18325
2024-05-27 11:01:00,1921.0,1922.0,1921.0,1921.95,7341
2024-05-27 11:02:00,1922.0,1922.0,1921.05,1921.95,10885
2024-05-27 11:03:00,1921.95,1922.0,1921.1,1922.0,15841
2024-05-27 11:04:00,1921.1,1922.0,1921.05,1921.25,10407
2024-05-27 11:05:00,1921.25,1922.0,1921.1,1921.15,10247
2024-05-27 11:06:00,1921.2,1922.0,1921.1,1921.4,7564
2024-05-27 11:07:00,1924.75,1925.0,1922.05,1923.6,11027
2024-05-27 11:08:00,1923.65,1925.0,1923.65,1924.85,11321
2024-05-27 11:09:00,1924.85,1925.0,1924.15,1924.3,12546
2024-05-27 11:10:00,1924.3,1925.0,1924.25,1924.95,9820
2024-05-27 11:11:00,1925.0,1925.0,1923.25,1924.7,9038
2024-05-27 11:12:00,1925.0,1925.0,1923.25,1923.7,12716
2024-05-27 11:13:00,1924.75,1925.0,1921.25,1924.05,13474
2024-05-27 11:14:00,1925.0,1925.0,1923.05,1924.15,14790
2024-05-27 11:15:00,1924.15,1925.45,1923.3,1924.9,12680
2024-05-27 11:16:00,1924.9,1925.0,1922.6,1925.0,12925
2024-05-27 11:17:00,1924.95,1925.0,1923.55,1925.0,10036
2024-05-27 11:18:00,1924.95,1925.0,1923.65,1924.05,13298
2024-05-27 11:19:00,1924.05,1925.0,1923.75,1924.0,12015
2024-05-27 11:20:00,1924.0,1925.0,1923.55,1924.9,17296
2024-05-27 11:21:00,1924.9,1925.0,1924.05,1924.1,18648
2024-05-27 11:22:00,1924.2,1925.0,1923.15,1923.15,10829
2024-05-27 11:23:00,1923.75,1924.0,1920.15,1923.8,16591
2024-05-27 11:24:00,1923.8,1925.0,1922.25,1923.5,10601
2024-05-27 11:25:00,1924.45,1925.0,1923.5,1923.8,16501
2024-05-27 11:26:00,1924.8,1925.0,1923.8,1924.95,14929
2024-05-27 11:27:00,1924.95,1927.85,1923.9,1926.5,14666
2024-05-27 11:28:00,1926.5,1929.85,1925.7,1929.85,15499
2024-05-27 11:29:00,1929.85,1930.0,1928.3,1928.75,9810
2024-05-27 11:30:00,1929.7,1930.0,1925.15,1927.55,12622
2024-05-27 11:31:00,1926.4,1929.8,1926.25,1928.85,16334
2024-05-27 11:32:00,1928.85,1930.0,1927.6,1929.9,16290
2024-05-27 11:33:00,1929.9,1929.9,1927.0,1928.0,10785
2024-05-27 11:34:00,1928.05,1929.95,1927.05,1927.1,18517
2024-05-27 11:35:00,1927.1,1928.7,1925.2,1928.7,13285
2024-05-27 11:36:00,1928.7,1928.85,1926.55,1927.05,16819
2024-05-27 11:37:00,1927.05,1928.9,1924.95,1925.15,13758
2024-05-27 11:38:00,1924.2,1927.95,1924.0,1925.6,19441
2024-05-27 11:39:00,1925.6,1929.3,1925.6,1929.3,13877
2024-05-27 11:40:00,1929.3,1929.5,1927.05,1927.3,16565
2024-05-27 11:41:00,1927.3,1930.0,1927.05,1929.1,24395
2024-05-27 11:42:00,1929.15,1929.65,1926.85,1926.85,16425
2024-05-27 11:43:00,1926.85,1928.4,1924.15,1924.3,9521
2024-05-27 11:44:00,1924.3,1925.95,1923.75,1925.4,14919
2024-05-27 11:45:00,1925.4,1929.85,1924.5,1928.3,17272
2024-05-27 11:46:00,1927.6,1928.3,1924.45,1925.0,21102
2024-05-27 11:47:00,1925.95,1927.95,1924.3,1926.5,16033
2024-05-27 11:48:00,1926.5,1928.2,1926.05,1927.9,16030
2024-05-27 11:49:00,1927.9,1927.9,1925.0,1925.0,12093
2024-05-27 11:50:00,1924.75,1926.6,1922.0,1922.65,16825
2024-05-27 11:51:00,1921.7,1925.45,1921.7,1923.5,18390
2024-05-27 11:52:00,1923.5,1924.4,1920.95,1921.45,15356
2024-05-27 11:53:00,1921.45,1923.45,1920.55,1921.05,11481
2024-05-27 11:54:00,1921.05,1924.6,1921.05,1923.45,21828
2024-05-27 11:55:00,1923.45,1927.95,1923.45,1925.6,21492
2024-05-27 11:56:00,1925.6,1926.85,1923.8,1924.3,15794
2024-05-27 11:57:00,1924.35,1925.2,1922.05,1922.05,11552
2024-05-27 11:58:00,1922.05,1924.3,1921.85,1923.05,16052
2024-05-27 11:59:00,1923.05,1925.4,1922.45,1923.1,18461
2024-05-27 12:00:00,1923.6,1924.8,1922.3,1923.6,18825
2024-05-27 12:01:00,1922.7,1923.9,1922.05,1923.0,19270
2024-05-27 12:02:00,1922.3,1923.0,1917.1,1917.95,17345
2024-05-27 12:03:00,1917.95,1919.8,1914.55,1919.05,17067
2024-05-27 12:04:00,1919.05,1920.7,1916.35,1920.45,14520
2024-05-27 12:05:00,1920.45,1921.85,1918.15,1921.55,17804
2024-05-27 12:06:00,1921.55,1921.55,1918.25,1919.9,8927
2024-05-27 12:07:00,1919.9,1921.4,1918.5,1919.25,16420
2024-05-27 12:08:00,1919.25,1921.3,1918.0,1918.55,16218
2024-05-27 12:09:00,1918.55,1920.8,1918.0,1919.35,14974
2024-05-27 12:10:00,1919.35,1921.7,1919.0,1920.2,17397
2024-05-27 12:11:00,1920.3,1922.2,1920.15,1920.65,13506
2024-05-27 12:12:00,1922.45,1922.7,1920.05,1920.05,16570
2024-05-27 12:13:00,1920.05,1920.95,1918.3,1918.55,13664
2024-05-27 12:14:00,1918.7,1920.0,1918.25,1920.0,13501
2024-05-27 12:15:00,1920.0,1920.0,1918.25,1920.0,12814
2024-05-27 12:16:00,1919.1,1920.0,1918.3,1919.1,10182
2024-05-27 12:17:00,1919.1,1920.9,1918.55,1919.05,18765
2024-05-27 12:18:00,1919.05,1921.7,1918.8,1921.25,16508
2024-05-27 12:19:00,1921.25,1923.9,1920.6,1922.8,18303
2024-05-27 12:20:00,1922.8,1923.5,1919.25,1921.1,19284
2024-05-27 12:21:00,1921.1,1921.1,1919.3,1920.85,12146
2024-05-27 12:22:00,1920.85,1921.85,1919.55,1920.75,11524
2024-05-27 12:23:00,1921.0,1923.7,1921.0,1922.9,15168
2024-05-27 12:24:00,1923.1,1926.85,1923.1,1925.7,19114
2024-05-27 12:25:00,1925.7,1929.0,1925.7,1928.8,20434
2024-05-27 12:26:00,1927.6,1929.0,1926.7,1928.95,15812
2024-05-27 12:27:00,1928.95,1929.0,1927.75,1928.2,15344
2024-05-27 12:28:00,1928.2,1929.0,1927.45,1929.0,15051
2024-05-27 12:29:00,1929.0,1929.0,1925.35,1927.15,16230
2024-05-27 12:30:00,1928.85,1929.0,1927.15,1929.0,14877
2024-05-27 12:31:00,1929.0,1930.0,1928.0,1929.95,32631
2024-05-27 12:32:00,1929.95,1930.0,1929.05,1929.1,17370
2024-05-27 12:33:00,1929.1,1930.8,1928.25,1929.0,20537
2024-05-27 12:34:00,1928.6,1929.95,1926.25,1926.75,17159
2024-05-27 12:35:00,1927.45,1929.95,1927.05,1929.95,14276
2024-05-27 12:36:00,1929.95,1930.0,1928.65,1929.15,12855
2024-05-27 12:37:00,1929.15,1930.0,1928.5,1928.5,14116
2024-05-27 12:38:00,1928.8,1934.0,1928.4,1934.0,23121
2024-05-27 12:39:00,1934.0,1935.0,1931.65,1933.85,18063
2024-05-27 12:40:00,1933.85,1934.8,1932.65,1933.7,16064
2024-05-27 12:41:00,1935.0,1935.0,1933.65,1934.75,22102
2024-05-27 12:42:00,1934.0,1935.0,1933.65,1933.75,16734
2024-05-27 12:43:00,1933.75,1934.95,1931.95,1933.05,17668
2024-05-27 12:44:00,1933.05,1935.0,1932.5,1935.0,16175
2024-05-27 12:45:00,1935.0,1935.0,1933.35,1933.7,15152
2024-05-27 12:46:00,1933.7,1934.65,1931.6,1933.0,15861
2024-05-27 12:47:00,1933.0,1933.75,1931.9,1933.2,15631
2024-05-27 12:48:00,1933.15,1933.85,1932.1,1933.8,20699
2024-05-27 12:49:00,1933.8,1934.8,1932.35,1934.0,14584
2024-05-27 12:50:00,1934.7,1934.7,1933.05,1933.25,20272
2024-05-27 12:51:00,1933.25,1934.35,1931.35,1933.25,20150
2024-05-27 12:52:00,1933.25,1933.85,1932.25,1932.5,12124
2024-05-27 12:53:00,1933.95,1934.85,1932.65,1934.4,17128
2024-05-27 12:54:00,1934.4,1934.95,1933.6,1934.05,15568
2024-05-27 12:55:00,1934.05,1935.0,1933.35,1934.2,22477
2024-05-27 12:56:00,1934.2,1934.9,1933.1,1933.7,18071
2024-05-27 12:57:00,1933.7,1934.9,1933.7,1933.85,16263
2024-05-27 12:58:00,1934.0,1934.85,1933.85,1934.6,14006
2024-05-27 12:59:00,1934.6,1935.0,1933.85,1934.8,14032
2024-05-27 13:00:00,1934.8,1935.0,1933.85,1934.75,17763
2024-05-27 13:01:00,1934.75,1935.0,1932.0,1933.9,15969
2024-05-27 13:02:00,1933.9,1935.0,1932.4,1934.95,16566
2024-05-27 13:03:00,1934.95,1935.0,1934.0,1935.0,21922
2024-05-27 13:04:00,1934.1,1935.15,1934.0,1934.9,17138
2024-05-27 13:05:00,1935.5,1935.5,1932.15,1933.6,15641
2024-05-27 13:06:00,1933.35,1935.0,1933.35,1934.0,15735
2024-05-27 13:07:00,1934.0,1935.0,1933.1,1933.1,16107
2024-05-27 13:08:00,1933.1,1934.75,1932.65,1934.5,11876
2024-05-27 13:09:00,1934.5,1935.05,1933.2,1935.0,15994
2024-05-27 13:10:00,1935.0,1935.0,1930.05,1932.9,15734
2024-05-27 13:11:00,1932.9,1934.9,1932.1,1934.45,14591
2024-05-27 13:12:00,1934.45,1934.95,1933.6,1933.85,13651
2024-05-27 13:13:00,1933.85,1934.95,1933.7,1934.95,14784
2024-05-27 13:14:00,1933.95,1938.85,1933.95,1937.85,14481
2024-05-27 13:15:00,1937.85,1938.85,1933.15,1934.65,11484
2024-05-27 13:16:00,1933.6,1935.5,1930.05,1932.25,13739
2024-05-27 13:17:00,1932.25,1934.7,1930.9,1934.7,13300
2024-05-27 13:18:00,1934.7,1936.65,1933.45,1935.65,11641
2024-05-27 13:19:00,1935.65,1938.85,1935.65,1937.85,15673
2024-05-27 13:20:00,1937.85,1939.9,1937.05,1938.0,14167
2024-05-27 13:21:00,1938.0,1939.95,1937.4,1939.0,15304
2024-05-27 13:22:00,1939.0,1940.0,1938.4,1938.85,30102
2024-05-27 13:23:00,1938.85,1939.9,1937.15,1939.3,13449
2024-05-27 13:24:00,1938.65,1939.85,1937.45,1939.85,9899
2024-05-27 13:25:00,1939.85,1939.95,1937.35,1938.7,17135
2024-05-27 13:26:00,1938.8,1940.0,1938.6,1938.6,15579
2024-05-27 13:27:00,1938.6,1939.9,1937.4,1939.05,16036
2024-05-27 13:28:00,1939.05,1940.0,1937.55,1938.25,16885
2024-05-27 13:29:00,1938.25,1939.4,1937.0,1939.35,15269
2024-05-27 13:30:00,1939.0,1939.9,1937.85,1939.0,13658
2024-05-27 13:31:00,1939.0,1940.5,1939.0,1939.25,13017
2024-05-27 13:32:00,1940.0,1945.0,1939.05,1944.1,22620
2024-05-27 13:33:00,1945.0,1945.0,1942.0,1943.95,11712
2024-05-27 13:34:00,1943.95,1945.0,1943.3,1943.65,10229
2024-05-27 13:35:00,1944.8,1945.0,1943.4,1944.05,12040
2024-05-27 13:36:00,1944.8,1945.0,1943.65,1944.0,12370
2024-05-27 13:37:00,1944.0,1945.0,1942.9,1943.85,13549
2024-05-27 13:38:00,1943.85,1945.0,1943.65,1945.0,9657
2024-05-27 13:39:00,1944.15,1945.95,1943.25,1943.6,11861
2024-05-27 13:40:00,1943.95,1945.0,1943.65,1944.25,12406
2024-05-27 13:41:00,1944.25,1945.0,1943.05,1943.05,11955
2024-05-27 13:42:00,1943.05,1944.3,1941.05,1941.5,11878
2024-05-27 13:43:00,1941.45,1944.8,1941.35,1943.35,14043
2024-05-27 13:44:00,1944.0,1945.0,1943.4,1944.9,10806
2024-05-27 13:45:00,1944.9,1944.9,1943.5,1943.85,13081
2024-05-27 13:46:00,1943.45,1944.75,1942.1,1942.85,14060
2024-05-27 13:47:00,1942.85,1944.6,1942.2,1943.3,10710
2024-05-27 13:48:00,1943.3,1945.0,1942.5,1945.0,43376
2024-05-27 13:49:00,1944.95,1945.0,1943.9,1944.0,15728
2024-05-27 13:50:00,1944.0,1945.0,1943.55,1943.85,14608
2024-05-27 13:51:00,1943.8,1944.85,1941.6,1943.55,13558
2024-05-27 13:52:00,1943.55,1943.55,1941.05,1941.55,11958
2024-05-27 13:53:00,1941.05,1942.7,1938.7,1939.9,12911
2024-05-27 13:54:00,1940.05,1942.0,1939.9,1940.65,16725
2024-05-27 13:55:00,1940.65,1941.85,1939.75,1941.7,14042
2024-05-27 13:56:00,1940.55,1941.95,1939.3,1940.7,10777
2024-05-27 13:57:00,1940.6,1942.0,1939.35,1940.2,15891
2024-05-27 13:58:00,1940.95,1940.95,1936.65,1937.6,3951
2024-05-27 13:59:00,1937.6,1937.7,1930.05,1931.85,7284
2024-05-27 14:00:00,1931.3,1934.55,1927.1,1931.25,11379
2024-05-27 14:01:00,1930.65,1936.95,1930.4,1936.95,13142
2024-05-27 14:02:00,1936.95,1938.9,1935.55,1937.85,8704
2024-05-27 14:03:00,1937.85,1940.0,1937.85,1939.5,13872
2024-05-27 14:04:00,1938.55,1940.0,1938.15,1938.15,9416
2024-05-27 14:05:00,1938.15,1940.0,1938.15,1939.5,14226
2024-05-27 14:06:00,1939.95,1940.0,1939.05,1940.0,12502
2024-05-27 14:07:00,1940.0,1940.0,1939.05,1939.25,7809
2024-05-27 14:08:00,1939.25,1940.0,1939.1,1939.9,11590
2024-05-27 14:09:00,1939.9,1939.9,1937.15,1939.7,11780
2024-05-27 14:10:00,1939.7,1939.95,1938.65,1939.95,9553
2024-05-27 14:11:00,1940.0,1940.0,1938.85,1939.05,14172
2024-05-27 14:12:00,1939.05,1940.0,1937.3,1938.8,12508
2024-05-27 14:13:00,1939.7,1940.0,1939.0,1939.3,12401
2024-05-27 14:14:00,1940.0,1940.95,1939.1,1939.95,10062
2024-05-27 14:15:00,1939.95,1942.0,1938.1,1938.65,13604
2024-05-27 14:16:00,1938.65,1941.0,1938.65,1939.5,13703
2024-05-27 14:17:00,1939.5,1942.3,1939.5,1942.3,10426
2024-05-27 14:18:00,1941.85,1942.0,1939.5,1939.5,13295
2024-05-27 14:19:00,1939.5,1941.9,1939.35,1941.15,14029
2024-05-27 14:20:00,1941.9,1942.0,1940.35,1941.0,13924
2024-05-27 14:21:00,1941.2,1942.0,1940.55,1941.9,11555
2024-05-27 14:22:00,1940.75,1941.85,1940.25,1940.6,14612
2024-05-27 14:23:00,1940.9,1941.9,1939.65,1941.25,16287
2024-05-27 14:24:00,1941.25,1941.7,1940.05,1940.5,15000
2024-05-27 14:25:00,1940.5,1941.15,1933.75,1933.75,13118
2024-05-27 14:26:00,1933.75,1937.9,1933.75,1935.55,13209
2024-05-27 14:27:00,1935.55,1935.55,1931.4,1931.4,11127
2024-05-27 14:28:00,1931.4,1934.0,1931.25,1931.5,15243
2024-05-27 14:29:00,1931.5,1933.8,1931.15,1932.6,11821
2024-05-27 14:30:00,1931.7,1932.7,1930.45,1930.6,7789
2024-05-27 14:31:00,1930.6,1934.7,1930.6,1933.6,12012
2024-05-27 14:32:00,1934.65,1939.9,1933.55,1938.1,12304
2024-05-27 14:33:00,1938.35,1940.2,1936.3,1937.8,13086
2024-05-27 14:34:00,1937.8,1938.65,1936.05,1936.55,10768
2024-05-27 14:35:00,1937.55,1937.55,1933.45,1934.0,12829
2024-05-27 14:36:00,1934.0,1934.5,1930.5,1930.6,17128
2024-05-27 14:37:00,1931.6,1931.7,1929.1,1929.4,10666
2024-05-27 14:38:00,1929.4,1931.7,1929.2,1931.7,13375
2024-05-27 14:39:00,1931.7,1934.0,1930.9,1933.3,13152
2024-05-27 14:40:00,1933.3,1935.0,1932.75,1934.9,10458
2024-05-27 14:41:00,1934.9,1935.6,1933.35,1933.8,12002
2024-05-27 14:42:00,1933.8,1935.0,1933.0,1933.9,16223
2024-05-27 14:43:00,1933.65,1933.9,1930.85,1931.85,6955
2024-05-27 14:44:00,1931.6,1933.8,1931.05,1933.8,14165
2024-05-27 14:45:00,1933.8,1934.5,1932.1,1933.05,14417
2024-05-27 14:46:00,1933.05,1935.0,1933.05,1935.0,12553
2024-05-27 14:47:00,1935.0,1935.0,1932.0,1932.8,15407
2024-05-27 14:48:00,1932.8,1934.65,1932.55,1933.85,13639
2024-05-27 14:49:00,1933.85,1935.2,1933.55,1934.85,9645
2024-05-27 14:50:00,1934.85,1935.0,1931.95,1932.4,12329
2024-05-27 14:51:00,1932.5,1934.2,1931.0,1932.5,13363
2024-05-27 14:52:00,1932.5,1933.7,1930.9,1933.0,10216
2024-05-27 14:53:00,1933.05,1935.0,1933.05,1934.3,13198
2024-05-27 14:54:00,1934.3,1935.0,1933.0,1934.85,11397
2024-05-27 14:55:00,1933.8,1934.0,1931.0,1931.05,18039
2024-05-27 14:56:00,1932.0,1932.0,1930.05,1930.5,10966
2024-05-27 14:57:00,1931.1,1931.75,1930.0,1930.3,11778
2024-05-27 14:58:00,1931.35,1931.6,1929.5,1929.6,11883
2024-05-27 14:59:00,1929.6,1931.95,1928.0,1930.5,12727
2024-05-27 15:00:00,1930.2,1931.2,1929.0,1930.65,14824
2024-05-27 15:01:00,1930.0,1931.95,1929.1,1931.5,9859
2024-05-27 15:02:00,1931.5,1932.55,1931.0,1932.0,14036
2024-05-27 15:03:00,1932.0,1932.0,1930.7,1931.1,10464
2024-05-27 15:04:00,1931.0,1931.3,1929.0,1930.0,6948
2024-05-27 15:05:00,1930.0,1932.0,1930.0,1931.55,13410
2024-05-27 15:06:00,1931.55,1932.1,1930.7,1932.1,11344
2024-05-27 15:07:00,1932.1,1933.95,1930.8,1933.5,7649
2024-05-27 15:08:00,1933.5,1933.6,1930.15,1931.0,4926
2024-05-27 15:09:00,1931.35,1931.4,1929.05,1930.95,7856
2024-05-27 15:10:00,1931.0,1932.0,1930.2,1930.2,12474
2024-05-27 15:11:00,1930.2,1930.25,1927.7,1927.7,10943
2024-05-27 15:12:00,1927.1,1930.0,1926.0,1928.95,13651
2024-05-27 15:13:00,1928.9,1929.0,1927.2,1928.0,4762
2024-05-27 15:14:00,1928.0,1928.0,1925.8,1926.8,2433
2024-05-27 15:15:00,1926.2,1927.85,1925.25,1926.5,4634
2024-05-27 15:16:00,1924.5,1925.25,1922.9,1924.1,8699
2024-05-27 15:17:00,1924.1,1926.0,1923.85,1925.55,1852
2024-05-27 15:18:00,1925.0,1927.85,1925.0,1927.6,2048
2024-05-27 15:19:00,1927.8,1927.8,1924.5,1925.0,4301
2024-05-27 15:20:00,1923.5,1926.9,1923.25,1926.9,3278
2024-05-27 15:21:00,1927.0,1928.2,1927.0,1928.15,2999
2024-05-27 15:22:00,1928.15,1928.15,1927.1,1928.0,4714
2024-05-27 15:23:00,1928.1,1929.0,1928.0,1928.8,2572
2024-05-27 15:24:00,1928.8,1929.0,1928.2,1928.4,11646
2024-05-27 15:25:00,1928.05,1928.75,1926.0,1927.1,7312
2024-05-27 15:26:00,1927.9,1928.0,1925.8,1925.8,3611
2024-05-27 15:27:00,1926.0,1929.0,1925.8,1926.6,3813
2024-05-27 15:28:00,1926.6,1928.7,1926.6,1927.0,3704
2024-05-27 15:29:00,1927.95,1928.7,1926.5,1928.0,5092
2024-05-28 09:15:00,1935.0,1935.0,1922.0,1922.05,4818
2024-05-28 09:16:00,1924.45,1924.45,1915.4,1917.75,9137
2024-05-28 09:17:00,1917.0,1922.9,1912.1,1919.55,5718
2024-05-28 09:18:00,1919.55,1920.0,1914.25,1915.0,4550
2024-05-28 09:19:00,1914.3,1916.95,1913.0,1916.95,2455
2024-05-28 09:20:00,1919.45,1919.45,1910.45,1912.65,5093
2024-05-28 09:21:00,1912.55,1915.5,1908.0,1912.1,10682
2024-05-28 09:22:00,1913.0,1914.65,1910.15,1912.55,2656
2024-05-28 09:23:00,1913.8,1914.0,1909.8,1911.15,8660
2024-05-28 09:24:00,1911.15,1911.85,1907.05,1908.05,4734
2024-05-28 09:25:00,1908.0,1911.9,1907.05,1910.55,1792
2024-05-28 09:26:00,1910.1,1910.55,1907.0,1907.95,3028
2024-05-28 09:27:00,1907.95,1911.9,1907.1,1911.9,2232
2024-05-28 09:28:00,1910.5,1914.5,1909.5,1912.55,2851
2024-05-28 09:29:00,1912.55,1915.15,1910.45,1913.75,4623
2024-05-28 09:30:00,1913.75,1913.75,1911.1,1912.2,1032
2024-05-28 09:31:00,1912.2,1912.45,1910.0,1911.0,1489
2024-05-28 09:32:00,1911.0,1911.0,1909.0,1909.85,5346
2024-05-28 09:33:00,1909.7,1913.55,1909.0,1911.75,1803
2024-05-28 09:34:00,1912.2,1912.2,1908.2,1909.05,4777
2024-05-28 09:35:00,1909.05,1909.05,1902.9,1902.9,12062
2024-05-28 09:36:00,1902.9,1904.1,1901.0,1904.1,3778
2024-05-28 09:37:00,1904.1,1906.65,1903.0,1904.65,1859
2024-05-28 09:38:00,1904.65,1906.45,1903.0,1906.2,2181
2024-05-28 09:39:00,1906.5,1908.25,1904.3,1907.0,2314
2024-05-28 09:40:00,1907.0,1908.65,1906.1,1907.95,758
2024-05-28 09:41:00,1907.25,1907.95,1902.0,1902.0,1800
2024-05-28 09:42:00,1902.0,1903.45,1900.05,1903.45,3845
2024-05-28 09:43:00,1903.8,1908.6,1902.05,1906.65,2192
2024-05-28 09:44:00,1905.85,1908.6,1905.7,1908.0,1890
2024-05-28 09:45:00,1907.05,1908.2,1905.05,1906.0,864
2024-05-28 09:46:00,1906.0,1911.0,1906.0,1907.8,1589
2024-05-28 09:47:00,1907.8,1908.5,1907.0,1907.15,743
2024-05-28 09:48:00,1908.0,1908.5,1906.5,1906.95,1274
2024-05-28 09:49:00,1906.95,1906.95,1905.05,1906.3,943
2024-05-28 09:50:00,1906.3,1906.3,1905.05,1905.45,617
2024-05-28 09:51:00,1905.85,1906.3,1904.75,1905.0,1678
2024-05-28 09:52:00,1904.75,1904.9,1904.0,1904.0,1821
2024-05-28 09:53:00,1904.0,1905.0,1902.5,1903.8,2993
2024-05-28 09:54:00,1904.9,1904.9,1903.05,1904.8,813
2024-05-28 09:55:00,1903.05,1904.2,1903.0,1903.0,688
2024-05-28 09:56:00,1903.0,1903.35,1902.0,1902.35,2194
2024-05-28 09:57:00,1902.35,1902.4,1900.05,1900.5,6120
2024-05-28 09:58:00,1900.05,1903.2,1900.05,1901.9,1237
2024-05-28 09:59:00,1902.2,1904.0,1901.5,1903.1,685
2024-05-28 10:00:00,1903.7,1904.9,1903.0,1904.65,1598
2024-05-28 10:01:00,1904.65,1904.65,1903.0,1903.65,1538
2024-05-28 10:02:00,1903.65,1903.65,1897.0,1897.85,9886
2024-05-28 10:03:00,1897.0,1899.9,1897.0,1899.9,1733
2024-05-28 10:04:00,1899.9,1901.35,1898.65,1899.0,3065
2024-05-28 10:05:00,1899.0,1899.0,1892.0,1893.0,9045
2024-05-28 10:06:00,1892.0,1893.3,1891.0,1892.0,1611
2024-05-28 10:07:00,1893.4,1894.5,1891.0,1893.65,3639
2024-05-28 10:08:00,1892.3,1895.2,1892.0,1894.4,1609
2024-05-28 10:09:00,1894.25,1894.25,1885.0,1888.0,9420
2024-05-28 10:10:00,1886.05,1888.0,1884.0,1886.75,4142
2024-05-28 10:11:00,1887.15,1889.1,1885.0,1887.35,1945
2024-05-28 10:12:00,1888.4,1894.05,1886.0,1893.85,3754
2024-05-28 10:13:00,1893.85,1895.0,1890.8,1891.95,4548
2024-05-28 10:14:00,1891.45,1897.95,1890.55,1897.2,2654
2024-05-28 10:15:00,1898.0,1899.95,1897.15,1898.45,2995
2024-05-28 10:16:00,1897.15,1898.5,1894.95,1896.45,1524
2024-05-28 10:17:00,1896.35,1896.75,1895.55,1896.5,723
2024-05-28 10:18:00,1896.5,1898.0,1895.45,1896.4,3237
2024-05-28 10:19:00,1896.15,1898.5,1894.55,1898.5,4555
2024-05-28 10:20:00,1899.0,1904.7,1898.0,1900.05,4641
2024-05-28 10:21:00,1899.55,1902.3,1898.45,1901.85,1733
2024-05-28 10:22:00,1899.5,1901.0,1898.55,1900.35,1197
2024-05-28 10:23:00,1902.0,1904.7,1900.3,1903.4,2454
2024-05-28 10:24:00,1904.0,1906.0,1902.1,1903.95,6174
2024-05-28 10:25:00,1904.65,1906.95,1902.35,1904.9,2530
2024-05-28 10:26:00,1903.8,1904.75,1901.25,1902.55,761
2024-05-28 10:27:00,1902.55,1903.0,1898.0,1898.8,2314
2024-05-28 10:28:00,1898.4,1898.95,1895.4,1896.9,1536
2024-05-28 10:29:00,1896.95,1896.95,1893.2,1895.9,1766
2024-05-28 10:30:00,1895.05,1898.6,1894.8,1898.2,907
2024-05-28 10:31:00,1898.2,1898.75,1896.55,1897.65,292
2024-05-28 10:32:00,1897.65,1899.1,1897.1,1898.6,910
2024-05-28 10:33:00,1898.6,1898.6,1896.1,1897.7,1560
2024-05-28 10:34:00,1897.7,1897.85,1897.05,1897.8,379
2024-05-28 10:35:00,1897.8,1899.45,1897.05,1899.45,1224
2024-05-28 10:36:00,1899.45,1900.65,1899.45,1899.6,807
2024-05-28 10:37:00,1900.65,1900.65,1898.05,1899.3,958
2024-05-28 10:38:00,1899.3,1901.0,1897.05,1901.0,2780
2024-05-28 10:39:00,1901.2,1902.85,1900.05,1900.15,1079
2024-05-28 10:40:00,1901.55,1901.75,1900.05,1900.75,1292
2024-05-28 10:41:00,1900.75,1901.45,1899.95,1899.95,755
2024-05-28 10:42:00,1899.0,1899.65,1898.05,1898.15,436
2024-05-28 10:43:00,1898.95,1901.9,1898.95,1901.5,3412
2024-05-28 10:44:00,1901.5,1901.7,1900.1,1901.35,84
2024-05-28 10:45:00,1901.9,1901.9,1900.5,1901.35,414
2024-05-28 10:46:00,1901.35,1901.85,1897.45,1897.45,1263
2024-05-28 10:47:00,1897.45,1898.45,1896.9,1898.0,679
2024-05-28 10:48:00,1896.95,1899.9,1896.7,1899.9,593
2024-05-28 10:49:00,1899.9,1900.65,1898.7,1899.75,280
2024-05-28 10:50:00,1899.0,1899.4,1898.05,1899.0,321
2024-05-28 10:51:00,1899.0,1899.5,1898.25,1899.5,441
2024-05-28 10:52:00,1899.35,1899.45,1895.05,1898.85,1604
2024-05-28 10:53:00,1898.85,1898.85,1896.3,1897.35,510
2024-05-28 10:54:00,1896.3,1897.35,1895.95,1896.0,226
2024-05-28 10:55:00,1896.0,1897.35,1895.0,1896.3,1767
2024-05-28 10:56:00,1896.45,1896.45,1893.0,1894.25,1952
2024-05-28 10:57:00,1894.25,1896.0,1893.3,1896.0,597
2024-05-28 10:58:00,1895.35,1897.35,1895.35,1896.45,242
2024-05-28 10:59:00,1896.45,1896.45,1894.25,1895.0,871
2024-05-28 11:00:00,1895.0,1896.0,1894.25,1895.15,835
2024-05-28 11:01:00,1895.15,1895.95,1895.0,1895.0,157
2024-05-28 11:02:00,1895.15,1895.9,1895.15,1895.15,268
2024-05-28 11:03:00,1895.05,1895.1,1893.3,1893.5,864
2024-05-28 11:04:00,1893.5,1893.5,1892.1,1892.65,284
2024-05-28 11:05:00,1892.65,1893.3,1891.0,1893.3,1981
2024-05-28 11:06:00,1893.0,1893.3,1891.4,1891.7,515
2024-05-28 11:07:00,1891.7,1892.7,1891.4,1892.6,380
2024-05-28 11:08:00,1892.6,1892.6,1891.05,1891.1,1102
2024-05-28 11:09:00,1891.95,1892.4,1891.45,1891.9,1531
2024-05-28 11:10:00,1891.5,1892.9,1890.5,1891.15,2137
2024-05-28 11:11:00,1892.1,1894.75,1892.05,1894.75,1635
2024-05-28 11:12:00,1894.7,1895.25,1893.65,1893.9,1422
2024-05-28 11:13:00,1893.9,1894.95,1893.7,1894.8,171
2024-05-28 11:14:00,1894.8,1894.8,1893.95,1894.05,284
2024-05-28 11:15:00,1894.05,1894.05,1892.0,1892.35,412
2024-05-28 11:16:00,1892.35,1894.0,1892.0,1892.9,2080
2024-05-28 11:17:00,1892.9,1895.0,1892.9,1893.8,409
2024-05-28 11:18:00,1893.8,1895.15,1893.0,1895.15,230
2024-05-28 11:19:00,1893.8,1895.9,1893.0,1894.55,900
2024-05-28 11:20:00,1894.55,1895.8,1894.05,1894.75,188
2024-05-28 11:21:00,1894.75,1894.75,1893.0,1893.0,491
2024-05-28 11:22:00,1893.0,1893.95,1890.5,1890.5,1969
2024-05-28 11:23:00,1890.5,1890.9,1888.0,1888.0,697
2024-05-28 11:24:00,1888.0,1889.7,1888.0,1889.4,5459
2024-05-28 11:25:00,1888.7,1888.7,1888.2,1888.2,730
2024-05-28 11:26:00,1888.7,1891.25,1886.1,1889.9,2439
2024-05-28 11:27:00,1889.9,1891.35,1888.6,1889.2,714
2024-05-28 11:28:00,1889.5,1890.2,1887.65,1889.7,1143
2024-05-28 11:29:00,1889.7,1889.7,1888.0,1888.0,1656
2024-05-28 11:30:00,1888.0,1888.7,1887.05,1887.05,518
2024-05-28 11:31:00,1887.05,1889.1,1887.0,1888.0,954
2024-05-28 11:32:00,1888.0,1888.9,1887.85,1888.85,509
2024-05-28 11:33:00,1888.85,1888.85,1886.7,1888.25,789
2024-05-28 11:34:00,1887.25,1888.25,1887.0,1887.3,704
2024-05-28 11:35:00,1887.3,1887.8,1887.1,1887.35,716
2024-05-28 11:36:00,1887.35,1888.5,1887.3,1888.5,297
2024-05-28 11:37:00,1888.5,1888.5,1887.75,1887.75,220
2024-05-28 11:38:00,1888.0,1888.0,1884.0,1885.35,5947
2024-05-28 11:39:00,1884.45,1886.65,1884.45,1886.65,491
2024-05-28 11:40:00,1886.65,1888.0,1886.05,1887.15,975
2024-05-28 11:41:00,1887.1,1887.15,1886.05,1887.0,589
2024-05-28 11:42:00,1886.9,1886.9,1882.0,1882.9,4784
2024-05-28 11:43:00,1881.9,1886.55,1881.0,1886.55,3650
2024-05-28 11:44:00,1886.55,1888.4,1885.0,1886.25,2315
2024-05-28 11:45:00,1886.25,1886.65,1885.2,1886.65,648
2024-05-28 11:46:00,1886.65,1888.5,1886.65,1887.75,913
2024-05-28 11:47:00,1887.75,1888.75,1887.55,1888.7,853
2024-05-28 11:48:00,1888.0,1889.35,1888.0,1888.8,620
2024-05-28 11:49:00,1888.8,1888.8,1887.1,1887.4,730
2024-05-28 11:50:00,1886.2,1888.0,1886.2,1887.55,827
2024-05-28 11:51:00,1887.55,1887.6,1886.1,1887.6,672
2024-05-28 11:52:00,1887.6,1887.6,1885.4,1885.95,333
2024-05-28 11:53:00,1885.95,1886.0,1884.0,1885.45,1009
2024-05-28 11:54:00,1885.45,1887.6,1884.25,1887.05,987
2024-05-28 11:55:00,1887.05,1888.05,1885.9,1887.4,778
2024-05-28 11:56:00,1887.2,1887.2,1886.0,1886.15,873
2024-05-28 11:57:00,1886.15,1887.0,1885.1,1885.1,437
2024-05-28 11:58:00,1885.85,1886.0,1885.0,1885.85,567
2024-05-28 11:59:00,1885.85,1886.5,1884.5,1884.7,278
2024-05-28 12:00:00,1884.7,1884.7,1880.0,1883.0,7957
2024-05-28 12:01:00,1883.0,1884.9,1876.1,1878.7,8091
2024-05-28 12:02:00,1878.75,1882.95,1878.75,1881.1,7313
2024-05-28 12:03:00,1881.1,1882.0,1880.7,1881.8,612
2024-05-28 12:04:00,1881.8,1882.2,1880.75,1882.2,626
2024-05-28 12:05:00,1882.2,1883.8,1881.9,1882.0,256
2024-05-28 12:06:00,1882.0,1882.0,1880.0,1880.7,1242
2024-05-28 12:07:00,1880.7,1882.0,1880.0,1882.0,528
2024-05-28 12:08:00,1882.0,1882.7,1880.1,1882.2,1819
2024-05-28 12:09:00,1882.15,1882.2,1881.0,1882.0,363
2024-05-28 12:10:00,1882.0,1882.0,1880.5,1881.2,821
2024-05-28 12:11:00,1881.55,1881.55,1879.15,1879.65,1462
2024-05-28 12:12:00,1879.65,1879.65,1877.0,1879.45,2290
2024-05-28 12:13:00,1879.8,1879.9,1873.3,1875.0,3484
2024-05-28 12:14:00,1875.0,1877.45,1874.25,1874.85,1265
2024-05-28 12:15:00,1874.85,1876.4,1874.0,1875.0,3275
2024-05-28 12:16:00,1875.0,1876.95,1874.1,1876.95,734
2024-05-28 12:17:00,1876.95,1877.9,1875.75,1877.8,1176
2024-05-28 12:18:00,1877.8,1877.95,1876.55,1877.3,512
2024-05-28 12:19:00,1877.3,1877.7,1872.05,1874.4,4201
2024-05-28 12:20:00,1874.45,1874.6,1870.05,1872.65,3744
2024-05-28 12:21:00,1872.65,1872.65,1865.15,1870.3,7629
2024-05-28 12:22:00,1870.3,1871.9,1868.1,1871.45,1903
2024-05-28 12:23:00,1872.1,1873.0,1871.8,1873.0,931
2024-05-28 12:24:00,1872.85,1876.85,1871.0,1876.8,3499
2024-05-28 12:25:00,1876.85,1877.0,1875.0,1875.0,635
2024-05-28 12:26:00,1875.85,1875.95,1874.8,1875.0,1278
2024-05-28 12:27:00,1875.0,1875.0,1873.55,1874.05,489
2024-05-28 12:28:00,1874.0,1875.0,1873.45,1874.9,842
2024-05-28 12:29:00,1874.0,1874.9,1873.15,1873.45,773
2024-05-28 12:30:00,1873.45,1874.95,1873.0,1873.65,2250
2024-05-28 12:31:00,1873.65,1875.75,1873.65,1875.75,721
2024-05-28 12:32:00,1875.85,1877.0,1875.0,1876.95,1000
2024-05-28 12:33:00,1876.95,1877.0,1875.85,1876.95,472
2024-05-28 12:34:00,1876.95,1876.95,1874.75,1875.5,1023
2024-05-28 12:35:00,1875.0,1875.0,1872.6,1872.6,2210
2024-05-28 12:36:00,1871.95,1875.9,1871.05,1874.9,2629
2024-05-28 12:37:00,1876.8,1876.8,1872.25,1872.25,911
2024-05-28 12:38:00,1873.3,1873.35,1866.05,1866.4,3831
2024-05-28 12:39:00,1867.5,1869.9,1866.0,1869.65,1506
2024-05-28 12:40:00,1869.65,1872.9,1869.6,1872.35,1350
2024-05-28 12:41:00,1873.3,1877.45,1872.3,1876.9,2594
2024-05-28 12:42:00,1876.9,1877.3,1875.65,1877.0,1242
2024-05-28 12:43:00,1877.0,1878.45,1875.7,1876.1,635
2024-05-28 12:44:00,1876.1,1876.1,1874.3,1875.05,441
2024-05-28 12:45:00,1875.0,1875.0,1872.5,1873.0,583
2024-05-28 12:46:00,1873.0,1874.1,1872.35,1873.95,387
2024-05-28 12:47:00,1873.95,1875.15,1870.55,1871.4,2950
2024-05-28 12:48:00,1871.4,1872.45,1870.55,1871.7,179
2024-05-28 12:49:00,1871.7,1877.7,1871.7,1876.5,5784
2024-05-28 12:50:00,1878.3,1883.15,1876.5,1881.6,7216
2024-05-28 12:51:00,1881.6,1888.1,1880.15,1888.1,7534
2024-05-28 12:52:00,1883.85,1896.0,1883.85,1890.0,11369
2024-05-28 12:53:00,1891.5,1898.8,1889.7,1894.55,8616
2024-05-28 12:54:00,1894.55,1898.9,1893.1,1894.85,6702
2024-05-28 12:55:00,1894.85,1900.4,1894.85,1900.0,8176
2024-05-28 12:56:00,1900.4,1903.9,1899.45,1902.2,7850
2024-05-28 12:57:00,1902.2,1905.0,1900.95,1903.05,8713
2024-05-28 12:58:00,1902.15,1904.0,1900.5,1903.35,7513
2024-05-28 12:59:00,1902.3,1904.0,1901.25,1901.65,7030
2024-05-28 13:00:00,1901.25,1901.8,1898.35,1900.0,7397
2024-05-28 13:01:00,1900.2,1904.0,1899.55,1904.0,5687
2024-05-28 13:02:00,1904.0,1904.0,1902.0,1902.65,7135
2024-05-28 13:03:00,1902.7,1904.9,1900.05,1901.55,12105
2024-05-28 13:04:00,1901.55,1903.95,1901.0,1902.55,8160
2024-05-28 13:05:00,1902.2,1904.9,1902.2,1903.3,6634
2024-05-28 13:06:00,1903.6,1904.0,1902.55,1903.0,6433
2024-05-28 13:07:00,1903.0,1904.0,1902.0,1903.95,8704
2024-05-28 13:08:00,1902.7,1903.95,1900.8,1901.35,7744
2024-05-28 13:09:00,1902.85,1902.85,1900.0,1900.0,9187
2024-05-28 13:10:00,1899.9,1899.9,1897.35,1899.2,9409
2024-05-28 13:11:00,1899.2,1900.7,1897.75,1899.8,7539
2024-05-28 13:12:00,1900.05,1904.0,1900.05,1904.0,10334
2024-05-28 13:13:00,1903.15,1904.0,1902.0,1903.9,8289
2024-05-28 13:14:00,1903.65,1904.0,1900.65,1901.9,10627
2024-05-28 13:15:00,1900.55,1903.15,1898.6,1899.95,9737
2024-05-28 13:16:00,1899.95,1902.7,1899.0,1899.9,8072
2024-05-28 13:17:00,1899.9,1902.7,1899.9,1901.0,7967
2024-05-28 13:18:00,1899.9,1901.0,1899.0,1901.0,8131
2024-05-28 13:19:00,1901.0,1901.0,1899.4,1899.45,6493
2024-05-28 13:20:00,1898.95,1900.4,1897.95,1899.0,8861
2024-05-28 13:21:00,1899.95,1903.2,1899.05,1901.4,8812
2024-05-28 13:22:00,1901.35,1904.0,1901.35,1904.0,8022
2024-05-28 13:23:00,1903.05,1904.0,1902.2,1903.85,9701
2024-05-28 13:24:00,1902.6,1902.95,1900.25,1901.05,9738
2024-05-28 13:25:00,1900.3,1901.65,1898.0,1901.65,10518
2024-05-28 13:26:00,1901.65,1902.4,1900.05,1900.6,8154
2024-05-28 13:27:00,1900.6,1903.8,1900.6,1902.05,8699
2024-05-28 13:28:00,1902.2,1903.7,1901.25,1901.7,8020
2024-05-28 13:29:00,1901.7,1903.6,1900.7,1903.4,9515
2024-05-28 13:30:00,1903.4,1903.85,1902.0,1903.35,7619
2024-05-28 13:31:00,1904.0,1904.0,1902.5,1902.5,11434
2024-05-28 13:32:00,1902.5,1903.8,1901.55,1901.55,8772
2024-05-28 13:33:00,1901.8,1902.85,1901.0,1901.3,6383
2024-05-28 13:34:00,1901.3,1901.7,1899.05,1900.8,9289
2024-05-28 13:35:00,1900.1,1902.7,1898.6,1898.6,11200
2024-05-28 13:36:00,1898.0,1900.7,1897.5,1899.5,9563
2024-05-28 13:37:00,1900.0,1902.8,1900.0,1901.7,10416
2024-05-28 13:38:00,1901.35,1903.7,1901.35,1902.1,10598
2024-05-28 13:39:00,1902.15,1903.8,1901.75,1902.35,10309
2024-05-28 13:40:00,1902.35,1903.8,1902.3,1902.5,9041
2024-05-28 13:41:00,1902.5,1903.7,1902.35,1902.65,8770
2024-05-28 13:42:00,1902.6,1903.6,1901.15,1901.15,7960
2024-05-28 13:43:00,1901.15,1902.0,1899.15,1900.5,9596
2024-05-28 13:44:00,1900.5,1902.7,1900.25,1900.55,9117
2024-05-28 13:45:00,1900.55,1902.35,1900.55,1901.9,8838
2024-05-28 13:46:00,1901.9,1902.25,1900.45,1900.8,9554
2024-05-28 13:47:00,1900.8,1902.75,1900.8,1901.6,8211
2024-05-28 13:48:00,1901.6,1903.8,1901.6,1902.6,9740
2024-05-28 13:49:00,1902.6,1903.7,1902.05,1902.25,8901
2024-05-28 13:50:00,1902.25,1903.7,1902.25,1902.9,9478
2024-05-28 13:51:00,1903.25,1903.65,1902.5,1903.4,9359
2024-05-28 13:52:00,1902.65,1903.6,1902.4,1903.6,9748
2024-05-28 13:53:00,1902.6,1903.45,1900.3,1900.3,8611
2024-05-28 13:54:00,1901.95,1901.95,1898.35,1900.1,13811
2024-05-28 13:55:00,1900.1,1901.7,1898.15,1898.15,8265
2024-05-28 13:56:00,1898.55,1900.0,1898.55,1899.9,9275
2024-05-28 13:57:00,1899.9,1901.7,1899.15,1901.7,6770
2024-05-28 13:58:00,1901.7,1901.7,1900.0,1900.4,10344
2024-05-28 13:59:00,1900.4,1901.9,1900.4,1901.6,9862
2024-05-28 14:00:00,1901.8,1902.0,1900.6,1901.0,9054
2024-05-28 14:01:00,1900.95,1901.7,1899.25,1900.1,9929
2024-05-28 14:02:00,1900.1,1901.65,1900.1,1900.7,8687
2024-05-28 14:03:00,1900.8,1901.85,1900.7,1900.75,9539
2024-05-28 14:04:00,1900.75,1901.85,1900.65,1900.8,10209
2024-05-28 14:05:00,1900.8,1901.8,1900.65,1901.8,7959
2024-05-28 14:06:00,1900.8,1902.0,1900.8,1901.1,7138
2024-05-28 14:07:00,1901.1,1902.0,1900.85,1901.45,6308
2024-05-28 14:08:00,1900.55,1902.0,1900.05,1900.5,7243
2024-05-28 14:09:00,1900.5,1901.0,1899.45,1899.6,8087
2024-05-28 14:10:00,1899.6,1900.0,1898.7,1900.0,6292
2024-05-28 14:11:00,1900.0,1900.8,1899.25,1900.7,6259
2024-05-28 14:12:00,1900.7,1900.9,1899.6,1900.0,9444
2024-05-28 14:13:00,1900.8,1901.6,1899.9,1900.1,8859
2024-05-28 14:14:00,1900.1,1901.4,1900.1,1900.35,11017
2024-05-28 14:15:00,1901.0,1901.25,1898.9,1898.9,5090
2024-05-28 14:16:00,1900.7,1900.7,1898.7,1899.25,8418
2024-05-28 14:17:00,1899.25,1900.7,1898.95,1899.6,8644
2024-05-28 14:18:00,1899.6,1900.65,1899.6,1900.0,7773
2024-05-28 14:19:00,1899.85,1900.95,1899.85,1900.05,6556
2024-05-28 14:20:00,1900.05,1900.9,1899.85,1900.9,7244
2024-05-28 14:21:00,1900.9,1900.9,1899.7,1900.0,9677
2024-05-28 14:22:00,1901.35,1901.9,1900.35,1900.65,11289
2024-05-28 14:23:00,1900.75,1901.9,1900.75,1901.1,10584
2024-05-28 14:24:00,1901.1,1901.8,1900.6,1901.8,8721
2024-05-28 14:25:00,1901.8,1901.8,1900.75,1900.8,8895
2024-05-28 14:26:00,1900.8,1901.65,1899.45,1899.45,11675
2024-05-28 14:27:00,1899.45,1900.65,1898.55,1899.3,8512
2024-05-28 14:28:00,1899.3,1900.3,1895.2,1895.2,7040
2024-05-28 14:29:00,1895.0,1896.5,1893.45,1895.35,5140
2024-05-28 14:30:00,1895.35,1899.0,1895.35,1897.3,9089
2024-05-28 14:31:00,1897.3,1899.0,1896.15,1899.0,10363
2024-05-28 14:32:00,1899.0,1899.9,1897.15,1897.7,7703
2024-05-28 14:33:00,1897.7,1899.0,1897.45,1898.0,7050
2024-05-28 14:34:00,1898.0,1898.0,1896.7,1897.9,6928
2024-05-28 14:35:00,1897.7,1899.0,1896.9,1897.55,6288
2024-05-28 14:36:00,1898.8,1898.8,1897.1,1897.55,8514
2024-05-28 14:37:00,1897.55,1898.9,1897.3,1898.4,10031
2024-05-28 14:38:00,1898.4,1898.95,1897.7,1898.8,6675
2024-05-28 14:39:00,1898.8,1898.85,1897.85,1897.85,7614
2024-05-28 14:40:00,1897.9,1899.0,1897.9,1898.05,8284
2024-05-28 14:41:00,1898.05,1899.0,1897.05,1897.2,10189
2024-05-28 14:42:00,1897.2,1899.0,1897.2,1898.15,7875
2024-05-28 14:43:00,1898.15,1899.0,1898.05,1899.0,7823
2024-05-28 14:44:00,1899.0,1899.0,1898.0,1898.05,5499
2024-05-28 14:45:00,1898.9,1899.0,1896.85,1896.85,9218
2024-05-28 14:46:00,1897.2,1898.9,1896.9,1898.1,9698
2024-05-28 14:47:00,1898.1,1900.0,1898.1,1898.65,15464
2024-05-28 14:48:00,1898.65,1900.0,1898.55,1899.0,9905
2024-05-28 14:49:00,1899.6,1899.8,1898.65,1899.7,8185
2024-05-28 14:50:00,1899.7,1899.8,1896.2,1899.1,9538
2024-05-28 14:51:00,1898.05,1899.8,1898.05,1898.95,7560
2024-05-28 14:52:00,1898.95,1900.0,1898.75,1898.95,8752
2024-05-28 14:53:00,1898.95,1900.0,1898.85,1899.0,9796
2024-05-28 14:54:00,1899.7,1899.95,1897.65,1898.35,8644
2024-05-28 14:55:00,1898.35,1900.0,1897.25,1899.05,22406
2024-05-28 14:56:00,1899.05,1899.95,1898.5,1898.8,8008
2024-05-28 14:57:00,1899.0,1899.0,1896.1,1896.65,11213
2024-05-28 14:58:00,1896.65,1897.65,1895.15,1895.8,9408
2024-05-28 14:59:00,1895.8,1899.0,1895.8,1897.95,11623
2024-05-28 15:00:00,1898.75,1898.75,1896.8,1897.75,10726
2024-05-28 15:01:00,1897.75,1897.75,1894.25,1895.15,7437
2024-05-28 15:02:00,1895.1,1895.9,1891.0,1891.0,9510
2024-05-28 15:03:00,1891.0,1893.2,1889.35,1891.65,11757
2024-05-28 15:04:00,1891.35,1893.65,1891.35,1893.0,12785
2024-05-28 15:05:00,1893.7,1896.4,1893.4,1895.15,10301
2024-05-28 15:06:00,1895.05,1895.1,1892.35,1892.45,13677
2024-05-28 15:07:00,1892.45,1895.0,1891.4,1895.0,11297
2024-05-28 15:08:00,1894.9,1895.0,1893.25,1894.55,15323
2024-05-28 15:09:00,1896.65,1896.65,1893.8,1895.0,13950
2024-05-28 15:10:00,1894.95,1896.2,1894.45,1895.0,6899
2024-05-28 15:11:00,1894.95,1899.0,1894.9,1897.95,12813
2024-05-28 15:12:00,1897.9,1899.0,1897.75,1898.6,6132
2024-05-28 15:13:00,1898.1,1899.8,1897.5,1898.55,13528
2024-05-28 15:14:00,1898.8,1899.0,1898.25,1898.25,16051
2024-05-28 15:15:00,1898.25,1899.0,1897.4,1898.2,8654
2024-05-28 15:16:00,1898.65,1898.65,1894.1,1895.65,6193
2024-05-28 15:17:00,1895.5,1895.5,1893.6,1894.05,3163
2024-05-28 15:18:00,1894.0,1894.0,1890.6,1890.6,3623
2024-05-28 15:19:00,1890.35,1893.35,1890.25,1890.85,7144
2024-05-28 15:20:00,1890.85,1890.85,1888.1,1888.1,6222
2024-05-28 15:21:00,1888.15,1893.5,1888.15,1892.3,5589
2024-05-28 15:22:00,1892.85,1892.9,1891.75,1892.15,4750
2024-05-28 15:23:00,1892.15,1892.25,1890.1,1890.6,3890
2024-05-28 15:24:00,1890.9,1890.9,1889.0,1889.1,4970
2024-05-28 15:25:00,1889.1,1889.2,1887.6,1887.6,3964
2024-05-28 15:26:00,1888.15,1888.15,1882.1,1882.1,7003
2024-05-28 15:27:00,1881.1,1883.0,1881.0,1882.1,9120
2024-05-28 15:28:00,1882.25,1886.9,1881.0,1883.9,6889
2024-05-28 15:29:00,1883.9,1887.5,1882.55,1885.75,2175
2024-05-29 09:15:00,1872.0,1908.0,1872.0,1903.25,23341
2024-05-29 09:16:00,1902.05,1902.05,1876.05,1879.1,6543
2024-05-29 09:17:00,1879.1,1884.85,1874.1,1883.9,7943
2024-05-29 09:18:00,1883.9,1895.0,1882.7,1893.9,3587
2024-05-29 09:19:00,1894.85,1894.85,1880.0,1880.05,2924
2024-05-29 09:20:00,1880.05,1883.85,1872.25,1873.65,6374
2024-05-29 09:21:00,1874.95,1885.0,1874.05,1882.35,3823
2024-05-29 09:22:00,1880.45,1883.55,1875.15,1879.1,4612
2024-05-29 09:23:00,1880.95,1885.0,1878.95,1883.35,2291
2024-05-29 09:24:00,1885.0,1890.2,1883.7,1889.85,1892
2024-05-29 09:25:00,1891.55,1895.7,1889.35,1894.1,2585
2024-05-29 09:26:00,1895.0,1895.7,1892.45,1895.7,3679
2024-05-29 09:27:00,1895.9,1900.0,1894.95,1896.1,3017
2024-05-29 09:28:00,1896.1,1899.4,1894.0,1895.0,1517
2024-05-29 09:29:00,1895.0,1895.0,1892.0,1893.0,804
2024-05-29 09:30:00,1893.8,1896.9,1891.95,1894.05,2561
2024-05-29 09:31:00,1893.45,1898.45,1893.4,1894.85,2563
2024-05-29 09:32:00,1895.1,1896.85,1892.15,1894.35,524
2024-05-29 09:33:00,1894.1,1895.85,1891.7,1893.0,1069
2024-05-29 09:34:00,1894.15,1894.15,1887.6,1888.9,1788
2024-05-29 09:35:00,1888.9,1890.0,1887.0,1887.55,686
2024-05-29 09:36:00,1888.0,1891.7,1887.25,1890.3,1057
2024-05-29 09:37:00,1890.95,1890.95,1887.25,1890.45,1867
2024-05-29 09:38:00,1888.9,1890.85,1886.25,1888.0,948
2024-05-29 09:39:00,1888.0,1888.0,1885.45,1886.15,1177
2024-05-29 09:40:00,1886.15,1888.65,1885.4,1888.05,772
2024-05-29 09:41:00,1888.05,1889.0,1885.8,1886.95,1543
2024-05-29 09:42:00,1886.85,1888.8,1885.15,1887.6,966
2024-05-29 09:43:00,1887.6,1887.85,1885.0,1885.0,409
2024-05-29 09:44:00,1885.0,1886.3,1880.95,1880.95,1102
2024-05-29 09:45:00,1880.95,1884.0,1880.0,1883.3,2107
2024-05-29 09:46:00,1882.8,1891.9,1877.0,1886.15,20464
2024-05-29 09:47:00,1886.75,1887.4,1883.2,1884.1,8108
2024-05-29 09:48:00,1884.1,1885.15,1873.0,1877.2,9015
2024-05-29 09:49:00,1877.2,1886.0,1872.75,1880.0,22505
2024-05-29 09:50:00,1880.0,1882.0,1877.15,1879.8,8580
2024-05-29 09:51:00,1879.8,1883.7,1879.8,1882.65,1214
2024-05-29 09:52:00,1882.1,1883.05,1880.2,1880.2,1211
2024-05-29 09:53:00,1881.7,1881.7,1880.0,1880.0,273
2024-05-29 09:54:00,1880.95,1881.05,1880.0,1881.05,636
2024-05-29 09:55:00,1881.05,1883.8,1881.05,1883.55,1032
2024-05-29 09:56:00,1883.55,1883.9,1882.25,1883.0,899
2024-05-29 09:57:00,1883.0,1883.0,1882.25,1882.25,477
2024-05-29 09:58:00,1883.0,1883.9,1882.25,1883.9,722
2024-05-29 09:59:00,1883.05,1888.6,1883.05,1888.25,2229
2024-05-29 10:00:00,1888.05,1889.95,1888.0,1889.1,2011
2024-05-29 10:01:00,1889.1,1890.0,1887.6,1888.6,2579
2024-05-29 10:02:00,1888.6,1891.85,1888.0,1891.5,3525
2024-05-29 10:03:00,1891.5,1891.5,1884.0,1884.0,743
2024-05-29 10:04:00,1884.1,1885.1,1880.75,1883.25,2560
2024-05-29 10:05:00,1883.25,1883.25,1878.3,1879.4,2265
2024-05-29 10:06:00,1879.4,1880.2,1876.1,1877.2,3339
2024-05-29 10:07:00,1877.2,1880.0,1877.15,1879.65,1001
2024-05-29 10:08:00,1879.65,1879.85,1876.1,1878.0,1052
2024-05-29 10:09:00,1878.0,1879.9,1878.0,1879.9,1278
2024-05-29 10:10:00,1879.05,1879.9,1878.7,1879.75,184
2024-05-29 10:11:00,1879.75,1880.8,1879.75,1880.8,591
2024-05-29 10:12:00,1880.1,1880.8,1879.55,1879.95,1923
2024-05-29 10:13:00,1879.1,1879.85,1878.6,1879.0,682
2024-05-29 10:14:00,1879.0,1879.0,1877.9,1877.9,501
2024-05-29 10:15:00,1876.55,1879.85,1876.55,1879.2,1534
2024-05-29 10:16:00,1879.2,1880.0,1878.0,1879.95,1076
2024-05-29 10:17:00,1879.95,1880.0,1879.15,1880.0,167
2024-05-29 10:18:00,1880.0,1880.0,1878.75,1879.7,1414
2024-05-29 10:19:00,1879.7,1879.7,1876.25,1877.0,770
2024-05-29 10:20:00,1875.95,1879.6,1875.5,1879.55,1278
2024-05-29 10:21:00,1879.55,1879.55,1875.6,1876.8,759
2024-05-29 10:22:00,1876.8,1876.8,1873.6,1876.0,2463
2024-05-29 10:23:00,1876.0,1876.0,1873.25,1874.0,1119
2024-05-29 10:24:00,1874.0,1874.0,1873.1,1874.0,1437
2024-05-29 10:25:00,1874.0,1875.0,1873.6,1874.0,627
2024-05-29 10:26:00,1874.0,1876.95,1874.0,1875.4,841
2024-05-29 10:27:00,1874.15,1875.45,1874.15,1874.5,764
2024-05-29 10:28:00,1875.35,1875.85,1873.5,1873.5,1053
2024-05-29 10:29:00,1874.25,1875.0,1874.0,1874.4,669
2024-05-29 10:30:00,1874.4,1876.4,1874.25,1875.0,1121
2024-05-29 10:31:00,1875.0,1876.3,1873.5,1874.0,1307
2024-05-29 10:32:00,1874.0,1874.0,1873.5,1873.95,515
2024-05-29 10:33:00,1873.95,1874.15,1873.5,1874.1,1621
2024-05-29 10:34:00,1874.0,1874.0,1873.0,1873.8,511
2024-05-29 10:35:00,1873.8,1875.5,1873.8,1873.85,807
2024-05-29 10:36:00,1873.8,1874.95,1873.0,1874.65,387
2024-05-29 10:37:00,1874.65,1875.3,1873.6,1875.3,556
2024-05-29 10:38:00,1874.7,1876.55,1874.5,1875.0,608
2024-05-29 10:39:00,1875.0,1875.3,1874.0,1874.75,613
2024-05-29 10:40:00,1874.75,1875.3,1874.0,1875.3,785
2024-05-29 10:41:00,1875.3,1876.9,1874.25,1875.95,375
2024-05-29 10:42:00,1875.95,1877.65,1875.95,1876.05,205
2024-05-29 10:43:00,1876.05,1876.65,1875.0,1875.75,426
2024-05-29 10:44:00,1874.7,1875.0,1874.55,1874.9,582
2024-05-29 10:45:00,1874.9,1874.95,1874.2,1874.2,226
2024-05-29 10:46:00,1874.8,1876.65,1874.2,1876.65,1771
2024-05-29 10:47:00,1875.3,1876.5,1874.9,1876.0,80
2024-05-29 10:48:00,1876.0,1876.95,1875.05,1875.05,63
2024-05-29 10:49:00,1876.25,1876.25,1875.05,1875.05,449
2024-05-29 10:50:00,1874.25,1875.05,1872.05,1873.0,3732
2024-05-29 10:51:00,1873.0,1874.55,1872.05,1874.25,706
2024-05-29 10:52:00,1874.25,1874.25,1872.95,1873.75,98
2024-05-29 10:53:00,1873.75,1873.75,1872.0,1872.05,425
2024-05-29 10:54:00,1872.05,1872.9,1872.05,1872.9,278
2024-05-29 10:55:00,1872.9,1872.9,1870.2,1870.25,2871
2024-05-29 10:56:00,1870.25,1872.15,1870.0,1872.1,2460
2024-05-29 10:57:00,1871.55,1872.9,1871.0,1872.7,362
2024-05-29 10:58:00,1872.7,1872.7,1871.25,1872.3,141
2024-05-29 10:59:00,1872.3,1872.3,1871.0,1872.0,1261
2024-05-29 11:00:00,1872.0,1872.0,1870.5,1871.0,613
2024-05-29 11:01:00,1871.0,1871.95,1870.55,1871.95,236
2024-05-29 11:02:00,1871.95,1875.6,1871.95,1875.6,1112
2024-05-29 11:03:00,1875.2,1875.2,1873.75,1874.35,148
2024-05-29 11:04:00,1874.3,1874.3,1873.0,1873.95,353
2024-05-29 11:05:00,1873.95,1873.95,1872.05,1873.0,661
2024-05-29 11:06:00,1873.0,1873.35,1872.1,1872.5,150
2024-05-29 11:07:00,1872.5,1872.9,1871.0,1871.9,438
2024-05-29 11:08:00,1871.9,1872.0,1871.0,1871.9,524
2024-05-29 11:09:00,1871.9,1872.0,1870.5,1870.5,718
2024-05-29 11:10:00,1870.5,1871.55,1870.5,1871.2,173
2024-05-29 11:11:00,1871.2,1871.2,1870.5,1871.2,295
2024-05-29 11:12:00,1871.2,1871.2,1866.6,1868.1,8636
2024-05-29 11:13:00,1868.1,1869.0,1867.3,1868.7,867
2024-05-29 11:14:00,1868.85,1869.1,1868.0,1868.7,418
2024-05-29 11:15:00,1868.7,1868.7,1868.0,1868.7,606
2024-05-29 11:16:00,1868.7,1868.7,1867.65,1867.65,501
2024-05-29 11:17:00,1867.65,1868.0,1866.15,1866.15,734
2024-05-29 11:18:00,1866.15,1867.5,1865.35,1866.85,1497
2024-05-29 11:19:00,1866.85,1868.0,1866.85,1867.95,372
2024-05-29 11:20:00,1867.95,1868.0,1867.15,1867.9,302
2024-05-29 11:21:00,1867.9,1869.8,1867.0,1868.45,671
2024-05-29 11:22:00,1868.45,1869.3,1867.9,1868.9,812
2024-05-29 11:23:00,1868.9,1868.95,1867.9,1868.35,414
2024-05-29 11:24:00,1867.95,1868.35,1867.95,1868.35,706
2024-05-29 11:25:00,1867.95,1868.35,1867.5,1867.75,503
2024-05-29 11:26:00,1867.75,1867.75,1866.0,1867.25,1712
2024-05-29 11:27:00,1867.25,1869.15,1867.0,1869.15,5257
2024-05-29 11:28:00,1869.85,1872.1,1869.15,1871.0,1691
2024-05-29 11:29:00,1871.0,1871.65,1870.0,1871.65,951
2024-05-29 11:30:00,1871.65,1871.7,1871.45,1871.6,301
2024-05-29 11:31:00,1871.6,1871.6,1869.3,1869.3,714
2024-05-29 11:32:00,1869.3,1869.95,1869.0,1869.8,291
2024-05-29 11:33:00,1869.8,1869.8,1868.4,1869.6,358
2024-05-29 11:34:00,1869.6,1869.6,1867.0,1868.9,1348
2024-05-29 11:35:00,1868.9,1869.0,1867.65,1869.0,524
2024-05-29 11:36:00,1868.9,1870.8,1868.6,1870.0,931
2024-05-29 11:37:00,1870.0,1871.7,1870.0,1870.0,395
2024-05-29 11:38:00,1870.0,1870.7,1869.5,1869.5,156
2024-05-29 11:39:00,1869.5,1871.7,1869.5,1871.05,661
2024-05-29 11:40:00,1871.05,1872.5,1871.0,1872.35,768
2024-05-29 11:41:00,1872.35,1872.4,1871.7,1871.7,357
2024-05-29 11:42:00,1871.7,1877.05,1871.05,1874.7,4525
2024-05-29 11:43:00,1874.7,1876.0,1872.6,1873.7,1761
2024-05-29 11:44:00,1873.7,1875.75,1872.0,1874.7,1749
2024-05-29 11:45:00,1874.7,1875.25,1872.35,1872.35,220
2024-05-29 11:46:00,1873.0,1873.0,1870.0,1872.1,1676
2024-05-29 11:47:00,1870.5,1872.0,1870.5,1871.85,544
2024-05-29 11:48:00,1871.85,1871.85,1870.05,1870.15,421
2024-05-29 11:49:00,1870.15,1871.8,1870.0,1870.65,1583
2024-05-29 11:50:00,1870.65,1873.7,1870.25,1873.45,929
2024-05-29 11:51:00,1873.45,1874.8,1872.05,1874.8,844
2024-05-29 11:52:00,1874.8,1874.9,1874.0,1874.4,312
2024-05-29 11:53:00,1874.4,1874.5,1873.55,1873.55,831
2024-05-29 11:54:00,1873.55,1874.3,1873.4,1874.0,277
2024-05-29 11:55:00,1874.0,1874.15,1873.6,1874.15,531
2024-05-29 11:56:00,1873.7,1876.45,1873.7,1875.9,529
2024-05-29 11:57:00,1875.75,1875.9,1873.55,1874.65,1349
2024-05-29 11:58:00,1874.65,1874.65,1874.05,1874.6,232
2024-05-29 11:59:00,1874.6,1874.7,1873.6,1874.7,987
2024-05-29 12:00:00,1874.7,1877.0,1874.7,1876.45,3729
2024-05-29 12:01:00,1876.45,1876.45,1875.0,1875.85,245
2024-05-29 12:02:00,1875.85,1875.9,1875.4,1875.4,572
2024-05-29 12:03:00,1875.0,1875.0,1873.05,1873.8,1856
2024-05-29 12:04:00,1873.8,1874.9,1873.8,1874.4,908
2024-05-29 12:05:00,1874.4,1874.8,1874.4,1874.4,362
2024-05-29 12:06:00,1874.8,1875.45,1874.2,1874.85,705
2024-05-29 12:07:00,1874.85,1875.45,1874.0,1874.0,148
2024-05-29 12:08:00,1874.5,1874.5,1874.0,1874.5,88
2024-05-29 12:09:00,1874.0,1874.5,1873.1,1874.0,779
2024-05-29 12:10:00,1874.0,1874.15,1873.05,1873.05,301
2024-05-29 12:11:00,1873.55,1873.75,1873.0,1873.35,665
2024-05-29 12:12:00,1873.1,1873.95,1873.1,1873.95,278
2024-05-29 12:13:00,1873.95,1873.95,1871.25,1871.25,766
2024-05-29 12:14:00,1871.25,1873.95,1871.25,1873.1,191
2024-05-29 12:15:00,1873.1,1876.0,1873.1,1876.0,523
2024-05-29 12:16:00,1876.0,1876.1,1875.0,1876.0,596
2024-05-29 12:17:00,1876.0,1877.0,1876.0,1876.95,1077
2024-05-29 12:18:00,1876.95,1876.95,1875.45,1876.9,547
2024-05-29 12:19:00,1876.9,1876.95,1875.65,1876.95,237
2024-05-29 12:20:00,1876.0,1876.75,1875.3,1876.0,129
2024-05-29 12:21:00,1876.75,1876.75,1872.5,1874.55,5225
2024-05-29 12:22:00,1874.55,1874.55,1872.9,1874.05,606
2024-05-29 12:23:00,1874.05,1874.05,1872.05,1872.05,164
2024-05-29 12:24:00,1872.05,1873.9,1871.05,1873.9,444
2024-05-29 12:25:00,1873.9,1873.9,1873.8,1873.85,73
2024-05-29 12:26:00,1873.0,1873.8,1872.65,1873.8,434
2024-05-29 12:27:00,1873.8,1873.9,1872.15,1873.9,822
2024-05-29 12:28:00,1873.85,1873.9,1872.25,1873.6,354
2024-05-29 12:29:00,1872.45,1874.4,1872.45,1874.4,327
2024-05-29 12:30:00,1874.4,1874.9,1873.0,1873.0,302
2024-05-29 12:31:00,1874.4,1874.6,1873.5,1873.7,254
2024-05-29 12:32:00,1874.5,1876.7,1873.55,1874.3,2399
2024-05-29 12:33:00,1874.3,1875.0,1873.6,1874.0,226
2024-05-29 12:34:00,1874.0,1874.7,1873.55,1874.65,118
2024-05-29 12:35:00,1874.65,1874.7,1873.75,1873.75,142
2024-05-29 12:36:00,1873.75,1874.2,1873.25,1874.2,351
2024-05-29 12:37:00,1874.2,1874.2,1873.15,1874.05,286
2024-05-29 12:38:00,1874.0,1874.1,1873.0,1873.85,110
2024-05-29 12:39:00,1873.85,1874.1,1873.1,1874.0,99
2024-05-29 12:40:00,1874.0,1874.0,1873.1,1874.0,143
2024-05-29 12:41:00,1874.0,1874.1,1874.0,1874.1,152
2024-05-29 12:42:00,1874.5,1876.5,1874.05,1876.5,516
2024-05-29 12:43:00,1876.5,1876.5,1875.4,1876.15,120
2024-05-29 12:44:00,1876.15,1876.5,1875.4,1876.5,400
2024-05-29 12:45:00,1876.1,1876.5,1875.55,1876.5,323
2024-05-29 12:46:00,1876.5,1876.5,1875.5,1876.5,423
2024-05-29 12:47:00,1876.5,1879.0,1876.5,1879.0,882
2024-05-29 12:48:00,1879.0,1879.0,1876.65,1876.75,588
2024-05-29 12:49:00,1876.5,1879.0,1876.5,1879.0,307
2024-05-29 12:50:00,1879.0,1879.35,1877.3,1879.35,582
2024-05-29 12:51:00,1879.35,1879.35,1877.0,1877.9,509
2024-05-29 12:52:00,1877.2,1877.95,1877.2,1877.95,102
2024-05-29 12:53:00,1877.95,1878.65,1877.5,1878.0,115
2024-05-29 12:54:00,1878.0,1879.0,1878.0,1878.7,558
2024-05-29 12:55:00,1878.7,1878.8,1877.5,1877.5,77
2024-05-29 12:56:00,1878.05,1878.5,1877.0,1878.45,368
2024-05-29 12:57:00,1878.45,1878.45,1876.25,1876.25,892
2024-05-29 12:58:00,1876.25,1876.55,1875.0,1876.55,414
2024-05-29 12:59:00,1876.55,1876.55,1875.0,1875.1,354
2024-05-29 13:00:00,1876.25,1877.0,1875.15,1876.95,282
2024-05-29 13:01:00,1876.1,1876.75,1875.15,1876.75,267
2024-05-29 13:02:00,1876.75,1876.9,1875.55,1876.75,167
2024-05-29 13:03:00,1876.95,1876.95,1876.0,1876.5,70
2024-05-29 13:04:00,1876.5,1877.0,1876.15,1877.0,163
2024-05-29 13:05:00,1877.0,1877.0,1876.0,1877.0,444
2024-05-29 13:06:00,1877.0,1877.0,1876.0,1876.1,122
2024-05-29 13:07:00,1876.1,1876.2,1875.65,1875.65,187
2024-05-29 13:08:00,1875.65,1876.9,1875.65,1876.8,348
2024-05-29 13:09:00,1876.8,1878.1,1875.55,1878.1,881
2024-05-29 13:10:00,1878.1,1878.5,1877.55,1878.25,69
2024-05-29 13:11:00,1878.25,1879.55,1877.35,1879.0,1730
2024-05-29 13:12:00,1879.0,1883.0,1879.0,1882.75,2190
2024-05-29 13:13:00,1882.75,1883.0,1881.5,1881.5,606
2024-05-29 13:14:00,1881.5,1883.65,1881.5,1883.0,2939
2024-05-29 13:15:00,1883.5,1883.5,1881.5,1881.9,799
2024-05-29 13:16:00,1881.9,1881.9,1879.05,1880.0,582
2024-05-29 13:17:00,1880.0,1880.4,1880.0,1880.0,378
2024-05-29 13:18:00,1880.0,1882.95,1880.0,1882.9,1724
2024-05-29 13:19:00,1882.9,1883.0,1882.25,1882.5,576
2024-05-29 13:20:00,1882.5,1883.5,1882.5,1883.5,814
2024-05-29 13:21:00,1883.5,1883.5,1881.25,1882.05,1402
2024-05-29 13:22:00,1882.05,1882.9,1882.05,1882.9,427
2024-05-29 13:23:00,1882.1,1884.9,1882.0,1884.9,1608
2024-05-29 13:24:00,1884.9,1886.35,1884.0,1885.05,4135
2024-05-29 13:25:00,1886.65,1887.7,1885.7,1886.9,1074
2024-05-29 13:26:00,1886.9,1887.3,1885.5,1885.95,1410
2024-05-29 13:27:00,1885.95,1886.9,1884.5,1884.5,545
2024-05-29 13:28:00,1884.5,1885.95,1884.5,1885.3,290
2024-05-29 13:29:00,1885.3,1886.0,1885.0,1885.0,85
2024-05-29 13:30:00,1885.85,1886.9,1884.5,1886.3,993
2024-05-29 13:31:00,1886.15,1886.3,1884.2,1884.2,692
2024-05-29 13:32:00,1884.2,1885.0,1883.05,1884.0,451
2024-05-29 13:33:00,1884.0,1885.0,1884.0,1884.0,540
2024-05-29 13:34:00,1884.0,1884.0,1882.65,1882.9,433
2024-05-29 13:35:00,1882.9,1884.25,1882.9,1884.25,624
2024-05-29 13:36:00,1884.2,1885.0,1884.15,1884.85,470
2024-05-29 13:37:00,1884.85,1884.85,1881.0,1882.6,2364
2024-05-29 13:38:00,1882.6,1884.45,1882.6,1884.45,460
2024-05-29 13:39:00,1884.45,1885.0,1882.95,1883.55,362
2024-05-29 13:40:00,1883.55,1884.85,1883.5,1883.75,72
2024-05-29 13:41:00,1883.75,1886.3,1883.75,1886.3,975
2024-05-29 13:42:00,1886.3,1887.0,1886.0,1886.0,497
2024-05-29 13:43:00,1886.0,1887.0,1886.0,1887.0,1371
2024-05-29 13:44:00,1887.0,1888.65,1887.0,1887.85,1501
2024-05-29 13:45:00,1887.85,1888.45,1887.0,1887.9,395
2024-05-29 13:46:00,1887.9,1887.9,1887.0,1887.9,91
2024-05-29 13:47:00,1887.9,1888.65,1885.85,1886.95,2248
2024-05-29 13:48:00,1886.95,1887.5,1886.0,1886.3,347
2024-05-29 13:49:00,1886.3,1887.5,1886.0,1887.5,419
2024-05-29 13:50:00,1887.5,1889.0,1886.25,1886.25,1741
2024-05-29 13:51:00,1886.25,1887.7,1886.25,1887.55,396
2024-05-29 13:52:00,1887.55,1888.8,1887.5,1888.4,355
2024-05-29 13:53:00,1888.4,1888.8,1887.4,1887.4,555
2024-05-29 13:54:00,1887.4,1887.5,1883.2,1883.2,1933
2024-05-29 13:55:00,1883.2,1885.9,1883.2,1885.0,334
2024-05-29 13:56:00,1885.0,1885.65,1883.95,1885.1,305
2024-05-29 13:57:00,1885.1,1885.1,1883.85,1884.9,82
2024-05-29 13:58:00,1884.9,1884.9,1883.7,1884.0,376
2024-05-29 13:59:00,1884.0,1884.9,1883.55,1883.55,80
2024-05-29 14:00:00,1883.55,1884.65,1883.25,1883.25,116
2024-05-29 14:01:00,1883.25,1884.6,1881.25,1882.4,1091
2024-05-29 14:02:00,1882.4,1883.9,1882.4,1883.9,248
2024-05-29 14:03:00,1883.9,1884.75,1882.9,1882.9,452
2024-05-29 14:04:00,1882.9,1883.35,1881.75,1882.6,307
2024-05-29 14:05:00,1882.6,1883.0,1880.05,1881.9,1885
2024-05-29 14:06:00,1881.9,1883.0,1880.05,1882.0,796
2024-05-29 14:07:00,1882.0,1882.0,1880.6,1881.85,100
2024-05-29 14:08:00,1881.9,1882.25,1880.1,1880.95,1355
2024-05-29 14:09:00,1880.95,1882.2,1880.1,1881.0,552
2024-05-29 14:10:00,1881.0,1881.0,1880.1,1880.2,141
2024-05-29 14:11:00,1881.0,1881.0,1880.2,1880.3,312
2024-05-29 14:12:00,1880.1,1881.1,1880.05,1881.0,275
2024-05-29 14:13:00,1881.0,1882.0,1880.2,1881.35,656
2024-05-29 14:14:00,1881.35,1882.0,1881.1,1881.15,216
2024-05-29 14:15:00,1881.15,1883.0,1881.15,1883.0,456
2024-05-29 14:16:00,1882.1,1883.35,1882.1,1883.0,77
2024-05-29 14:17:00,1883.8,1884.1,1882.5,1883.4,629
2024-05-29 14:18:00,1883.35,1883.35,1879.75,1880.55,5130
2024-05-29 14:19:00,1880.55,1880.55,1877.15,1877.9,1002
2024-05-29 14:20:00,1877.9,1878.0,1877.15,1877.2,393
2024-05-29 14:21:00,1877.5,1878.95,1877.15,1878.95,199
2024-05-29 14:22:00,1878.95,1878.95,1876.15,1878.0,1460
2024-05-29 14:23:00,1878.0,1879.0,1876.9,1878.25,154
2024-05-29 14:24:00,1878.25,1879.35,1878.0,1878.05,362
2024-05-29 14:25:00,1878.05,1879.25,1878.0,1878.0,141
2024-05-29 14:26:00,1878.0,1879.1,1877.9,1877.95,369
2024-05-29 14:27:00,1877.95,1878.95,1877.95,1878.0,167
2024-05-29 14:28:00,1878.0,1878.9,1877.9,1878.85,209
2024-05-29 14:29:00,1878.85,1878.95,1877.9,1877.9,379
2024-05-29 14:30:00,1877.9,1879.0,1877.0,1877.0,500
2024-05-29 14:31:00,1877.65,1877.65,1876.3,1876.3,123
2024-05-29 14:32:00,1876.3,1878.05,1876.25,1878.05,115
2024-05-29 14:33:00,1878.05,1878.35,1876.6,1878.35,283
2024-05-29 14:34:00,1878.2,1880.0,1875.65,1875.65,4164
2024-05-29 14:35:00,1876.9,1877.0,1876.0,1876.0,144
2024-05-29 14:36:00,1876.0,1876.9,1875.3,1876.9,877
2024-05-29 14:37:00,1876.9,1877.95,1876.0,1876.9,272
2024-05-29 14:38:00,1876.9,1878.5,1876.9,1878.5,253
2024-05-29 14:39:00,1878.5,1879.9,1877.75,1878.7,670
2024-05-29 14:40:00,1878.3,1878.55,1877.1,1877.3,514
2024-05-29 14:41:00,1877.3,1877.95,1875.0,1875.0,240
2024-05-29 14:42:00,1875.0,1876.0,1875.0,1875.8,654
2024-05-29 14:43:00,1875.8,1875.95,1875.0,1875.0,616
2024-05-29 14:44:00,1875.0,1875.8,1872.8,1873.0,3170
2024-05-29 14:45:00,1874.0,1874.65,1873.0,1873.45,997
2024-05-29 14:46:00,1873.45,1873.5,1872.15,1872.15,356
2024-05-29 14:47:00,1872.15,1873.45,1872.0,1873.45,825
2024-05-29 14:48:00,1873.45,1874.8,1872.35,1874.8,998
2024-05-29 14:49:00,1874.85,1874.85,1873.4,1874.75,509
2024-05-29 14:50:00,1874.05,1875.4,1874.0,1875.4,802
2024-05-29 14:51:00,1875.4,1876.6,1875.4,1876.4,328
2024-05-29 14:52:00,1876.95,1877.95,1876.95,1877.2,193
2024-05-29 14:53:00,1877.2,1877.95,1876.55,1877.6,300
2024-05-29 14:54:00,1877.6,1877.6,1875.0,1876.05,424
2024-05-29 14:55:00,1875.25,1880.45,1875.0,1879.0,10813
2024-05-29 14:56:00,1879.85,1883.7,1879.05,1881.9,4602
2024-05-29 14:57:00,1881.9,1882.7,1881.5,1881.8,1152
2024-05-29 14:58:00,1882.0,1882.0,1880.25,1882.0,1139
2024-05-29 14:59:00,1882.0,1884.8,1880.7,1883.65,5264
2024-05-29 15:00:00,1883.85,1884.95,1880.25,1883.0,5477
2024-05-29 15:01:00,1884.2,1884.8,1882.95,1882.95,4223
2024-05-29 15:02:00,1883.05,1890.0,1880.95,1889.15,19898
2024-05-29 15:03:00,1886.9,1887.25,1881.0,1882.45,5760
2024-05-29 15:04:00,1882.45,1898.1,1881.85,1895.2,32253
2024-05-29 15:05:00,1894.0,1894.0,1877.0,1877.0,17516
2024-05-29 15:06:00,1877.4,1883.9,1877.4,1880.35,4556
2024-05-29 15:07:00,1880.2,1880.8,1878.05,1879.0,3134
2024-05-29 15:08:00,1878.5,1881.4,1877.0,1878.95,3412
2024-05-29 15:09:00,1878.9,1879.35,1875.0,1876.45,6819
2024-05-29 15:10:00,1875.3,1876.3,1875.1,1875.95,2261
2024-05-29 15:11:00,1875.7,1877.6,1875.7,1876.1,2747
2024-05-29 15:12:00,1875.9,1876.45,1875.0,1875.0,4231
2024-05-29 15:13:00,1875.0,1875.45,1872.6,1874.4,5469
2024-05-29 15:14:00,1874.45,1875.35,1872.3,1873.2,4680
2024-05-29 15:15:00,1873.15,1873.8,1872.0,1872.25,2884
2024-05-29 15:16:00,1872.25,1872.35,1868.6,1869.1,8414
2024-05-29 15:17:00,1869.8,1870.5,1868.05,1869.4,4113
2024-05-29 15:18:00,1869.4,1871.9,1869.4,1871.6,2789
2024-05-29 15:19:00,1871.85,1872.0,1870.0,1870.35,5051
2024-05-29 15:20:00,1870.45,1871.65,1870.05,1871.6,4183
2024-05-29 15:21:00,1871.75,1871.75,1870.7,1871.0,3716
2024-05-29 15:22:00,1870.95,1871.3,1870.9,1870.95,4159
2024-05-29 15:23:00,1871.0,1871.95,1871.0,1871.9,2344
2024-05-29 15:24:00,1871.95,1872.9,1871.85,1872.45,4546
2024-05-29 15:25:00,1872.45,1873.0,1870.45,1870.9,4079
2024-05-29 15:26:00,1871.05,1871.35,1869.1,1870.6,4097
2024-05-29 15:27:00,1870.25,1873.4,1870.25,1872.5,3286
2024-05-29 15:28:00,1872.5,1875.9,1872.5,1874.4,4786
2024-05-29 15:29:00,1874.0,1875.5,1872.0,1874.5,1752
2024-05-30 09:15:00,1874.0,1874.0,1857.65,1868.7,10703
2024-05-30 09:16:00,1870.05,1870.5,1862.0,1863.85,5140
2024-05-30 09:17:00,1861.85,1866.2,1859.25,1864.15,7339
2024-05-30 09:18:00,1864.55,1876.4,1864.15,1875.2,2495
2024-05-30 09:19:00,1874.2,1874.2,1867.45,1869.55,2469
2024-05-30 09:20:00,1870.0,1870.0,1861.35,1863.25,3814
2024-05-30 09:21:00,1863.2,1868.95,1862.8,1868.45,2192
2024-05-30 09:22:00,1869.0,1871.9,1866.8,1870.75,2809
2024-05-30 09:23:00,1871.9,1874.0,1869.45,1874.0,2356
2024-05-30 09:24:00,1874.9,1878.8,1873.6,1877.7,4432
2024-05-30 09:25:00,1878.5,1879.8,1875.15,1879.8,1565
2024-05-30 09:26:00,1879.8,1889.7,1879.7,1886.25,6852
2024-05-30 09:27:00,1887.0,1891.8,1885.85,1890.65,3437
2024-05-30 09:28:00,1889.0,1894.3,1886.95,1886.95,4320
2024-05-30 09:29:00,1886.4,1887.0,1879.85,1880.0,2630
2024-05-30 09:30:00,1879.8,1880.95,1873.5,1879.5,11724
2024-05-30 09:31:00,1879.5,1879.85,1877.45,1878.35,925
2024-05-30 09:32:00,1878.35,1886.2,1878.35,1884.1,9934
2024-05-30 09:33:00,1883.85,1884.75,1881.5,1883.45,1543
2024-05-30 09:34:00,1884.7,1885.0,1882.45,1882.6,1521
2024-05-30 09:35:00,1882.6,1885.5,1879.95,1880.0,3616
2024-05-30 09:36:00,1880.0,1880.0,1876.95,1876.95,1428
2024-05-30 09:37:00,1876.95,1877.0,1875.0,1875.0,483
2024-05-30 09:38:00,1876.45,1876.9,1874.2,1876.9,2811
2024-05-30 09:39:00,1876.9,1879.6,1876.9,1878.2,433
2024-05-30 09:40:00,1878.2,1878.2,1876.0,1878.0,1297
2024-05-30 09:41:00,1878.35,1881.0,1877.75,1880.0,1192
2024-05-30 09:42:00,1880.0,1884.4,1880.0,1883.0,4277
2024-05-30 09:43:00,1883.0,1885.45,1881.7,1885.3,9808
2024-05-30 09:44:00,1884.1,1885.5,1882.5,1882.9,1158
2024-05-30 09:45:00,1884.0,1884.0,1877.0,1877.0,3205
2024-05-30 09:46:00,1877.0,1879.6,1876.1,1877.95,1323
2024-05-30 09:47:00,1878.0,1882.0,1878.0,1881.45,495
2024-05-30 09:48:00,1881.45,1882.0,1877.05,1877.05,1587
2024-05-30 09:49:00,1877.05,1878.3,1876.1,1876.1,885
2024-05-30 09:50:00,1876.1,1878.0,1876.1,1877.0,605
2024-05-30 09:51:00,1877.0,1877.8,1873.35,1875.35,3283
2024-05-30 09:52:00,1874.3,1875.35,1874.0,1874.55,586
2024-05-30 09:53:00,1875.95,1876.35,1874.4,1874.5,459
2024-05-30 09:54:00,1875.7,1875.7,1874.3,1874.8,515
2024-05-30 09:55:00,1874.3,1877.45,1874.3,1875.95,761
2024-05-30 09:56:00,1875.9,1877.6,1875.9,1876.1,300
2024-05-30 09:57:00,1877.1,1877.1,1874.7,1876.55,509
2024-05-30 09:58:00,1876.55,1876.55,1872.5,1873.75,356
2024-05-30 09:59:00,1873.75,1874.6,1872.1,1874.6,270
2024-05-30 10:00:00,1874.6,1875.0,1873.5,1874.6,312
2024-05-30 10:01:00,1874.6,1875.35,1873.5,1874.3,644
2024-05-30 10:02:00,1874.3,1874.3,1872.0,1873.05,1537
2024-05-30 10:03:00,1873.05,1874.4,1872.05,1873.4,1248
2024-05-30 10:04:00,1872.0,1873.4,1868.25,1869.95,1456
2024-05-30 10:05:00,1869.95,1869.95,1865.5,1867.4,3084
2024-05-30 10:06:00,1868.75,1869.3,1867.4,1869.3,442
2024-05-30 10:07:00,1869.3,1869.95,1869.0,1869.05,302
2024-05-30 10:08:00,1869.05,1869.95,1866.35,1867.75,2566
2024-05-30 10:09:00,1867.75,1869.6,1867.2,1868.35,242
2024-05-30 10:10:00,1868.35,1869.95,1868.35,1869.25,323
2024-05-30 10:11:00,1869.25,1869.65,1867.3,1868.0,454
2024-05-30 10:12:00,1868.0,1869.2,1867.45,1868.6,277
2024-05-30 10:13:00,1868.6,1868.95,1866.0,1866.0,487
2024-05-30 10:14:00,1866.1,1866.1,1861.0,1862.05,8204
2024-05-30 10:15:00,1861.0,1863.0,1860.0,1861.3,6683
2024-05-30 10:16:00,1861.3,1863.65,1861.3,1863.0,814
2024-05-30 10:17:00,1863.0,1865.85,1862.05,1864.3,529
2024-05-30 10:18:00,1864.3,1866.0,1864.3,1866.0,584
2024-05-30 10:19:00,1866.0,1867.95,1865.4,1866.85,456
2024-05-30 10:20:00,1864.8,1866.3,1864.8,1866.1,893
2024-05-30 10:21:00,1866.1,1867.8,1866.1,1866.85,433
2024-05-30 10:22:00,1867.1,1869.95,1866.6,1869.15,597
2024-05-30 10:23:00,1869.15,1869.9,1869.0,1869.2,1097
2024-05-30 10:24:00,1869.05,1869.2,1868.05,1869.0,336
2024-05-30 10:25:00,1869.2,1869.9,1868.05,1869.3,253
2024-05-30 10:26:00,1869.9,1869.95,1869.15,1869.95,340
2024-05-30 10:27:00,1869.95,1869.95,1868.0,1868.0,745
2024-05-30 10:28:00,1868.0,1869.95,1868.0,1869.95,450
2024-05-30 10:29:00,1869.95,1870.0,1868.95,1869.85,542
2024-05-30 10:30:00,1869.85,1870.3,1869.8,1870.3,532
2024-05-30 10:31:00,1870.3,1871.0,1869.2,1870.4,387
2024-05-30 10:32:00,1870.4,1870.4,1869.1,1869.1,129
2024-05-30 10:33:00,1869.1,1869.9,1867.15,1867.15,761
2024-05-30 10:34:00,1867.15,1868.85,1867.0,1867.0,496
2024-05-30 10:35:00,1867.0,1868.55,1867.0,1868.5,597
2024-05-30 10:36:00,1868.5,1871.0,1868.4,1870.9,306
2024-05-30 10:37:00,1870.9,1871.1,1870.55,1870.85,108
2024-05-30 10:38:00,1870.85,1871.5,1870.8,1871.0,519
2024-05-30 10:39:00,1871.0,1872.5,1870.4,1871.7,1978
2024-05-30 10:40:00,1871.7,1871.7,1870.0,1870.0,175
2024-05-30 10:41:00,1870.0,1870.65,1868.1,1869.55,537
2024-05-30 10:42:00,1869.55,1869.85,1867.75,1869.65,322
2024-05-30 10:43:00,1869.65,1869.7,1866.0,1867.65,554
2024-05-30 10:44:00,1865.7,1869.0,1865.4,1869.0,439
2024-05-30 10:45:00,1869.0,1873.95,1869.0,1873.4,2102
2024-05-30 10:46:00,1873.4,1873.4,1872.15,1873.0,492
2024-05-30 10:47:00,1873.0,1873.0,1871.5,1871.5,592
2024-05-30 10:48:00,1871.5,1873.15,1871.05,1872.7,478
2024-05-30 10:49:00,1872.7,1873.5,1872.05,1873.35,386
2024-05-30 10:50:00,1873.35,1874.0,1873.0,1873.5,760
2024-05-30 10:51:00,1873.5,1876.9,1873.05,1875.4,1180
2024-05-30 10:52:00,1875.4,1877.25,1875.35,1876.95,548
2024-05-30 10:53:00,1876.95,1877.9,1876.25,1876.5,819
2024-05-30 10:54:00,1876.5,1877.55,1872.2,1874.05,2652
2024-05-30 10:55:00,1874.05,1875.0,1874.0,1874.65,242
2024-05-30 10:56:00,1874.65,1874.65,1872.45,1873.05,695
2024-05-30 10:57:00,1873.05,1874.6,1873.05,1873.35,165
2024-05-30 10:58:00,1873.35,1874.3,1870.4,1870.95,1431
2024-05-30 10:59:00,1870.95,1874.5,1870.95,1873.0,491
2024-05-30 11:00:00,1873.0,1873.0,1871.75,1871.75,101
2024-05-30 11:01:00,1872.95,1873.9,1872.05,1872.1,184
2024-05-30 11:02:00,1872.9,1873.8,1872.5,1872.5,237
2024-05-30 11:03:00,1873.5,1873.5,1872.55,1873.45,412
2024-05-30 11:04:00,1872.55,1873.5,1872.5,1872.6,116
2024-05-30 11:05:00,1872.6,1872.65,1871.85,1871.85,49
2024-05-30 11:06:00,1871.85,1876.35,1871.85,1874.85,2328
2024-05-30 11:07:00,1874.85,1875.0,1872.75,1872.75,311
2024-05-30 11:08:00,1872.75,1873.9,1872.75,1872.75,58
2024-05-30 11:09:00,1872.75,1873.9,1868.0,1869.05,1737
2024-05-30 11:10:00,1869.05,1869.4,1867.45,1869.35,563
2024-05-30 11:11:00,1869.35,1870.1,1869.0,1869.85,213
2024-05-30 11:12:00,1869.85,1870.85,1869.35,1869.35,161
2024-05-30 11:13:00,1869.35,1871.55,1869.35,1871.45,91
2024-05-30 11:14:00,1871.05,1871.05,1868.0,1868.0,211
2024-05-30 11:15:00,1868.0,1871.3,1868.0,1871.25,828
2024-05-30 11:16:00,1871.25,1871.25,1869.1,1869.2,177
2024-05-30 11:17:00,1869.2,1869.9,1868.15,1869.9,561
2024-05-30 11:18:00,1869.9,1869.9,1869.2,1869.2,83
2024-05-30 11:19:00,1869.2,1870.0,1869.05,1869.65,1490
2024-05-30 11:20:00,1869.65,1869.7,1869.0,1869.45,259
2024-05-30 11:21:00,1869.45,1870.95,1869.05,1870.75,285
2024-05-30 11:22:00,1870.75,1871.05,1869.05,1869.05,1421
2024-05-30 11:23:00,1869.05,1869.55,1867.25,1867.35,827
2024-05-30 11:24:00,1867.35,1867.9,1867.35,1867.5,132
2024-05-30 11:25:00,1867.5,1867.8,1866.45,1867.6,506
2024-05-30 11:26:00,1867.6,1869.0,1850.35,1850.45,20014
2024-05-30 11:27:00,1851.85,1858.15,1840.1,1857.6,36276
2024-05-30 11:28:00,1858.2,1860.0,1842.1,1858.0,26719
2024-05-30 11:29:00,1858.0,1858.75,1853.85,1856.25,4802
2024-05-30 11:30:00,1856.25,1861.45,1856.25,1860.8,5998
2024-05-30 11:31:00,1859.45,1862.65,1858.9,1861.5,4444
2024-05-30 11:32:00,1861.0,1861.25,1859.05,1860.0,2469
2024-05-30 11:33:00,1860.0,1865.0,1860.0,1864.15,1671
2024-05-30 11:34:00,1864.15,1865.55,1859.2,1861.2,2653
2024-05-30 11:35:00,1859.95,1860.8,1855.9,1859.8,5365
2024-05-30 11:36:00,1859.8,1866.0,1859.8,1863.8,3638
2024-05-30 11:37:00,1864.2,1867.95,1864.0,1865.05,2143
2024-05-30 11:38:00,1865.05,1868.95,1864.1,1868.95,2454
2024-05-30 11:39:00,1867.7,1868.55,1865.05,1866.3,1737
2024-05-30 11:40:00,1866.3,1866.3,1863.55,1864.7,687
2024-05-30 11:41:00,1864.7,1865.0,1864.0,1865.0,825
2024-05-30 11:42:00,1865.0,1865.0,1863.0,1863.5,403
2024-05-30 11:43:00,1863.5,1863.5,1859.0,1859.0,1399
2024-05-30 11:44:00,1859.0,1859.75,1854.1,1854.95,3311
2024-05-30 11:45:00,1855.95,1860.0,1855.95,1860.0,1215
2024-05-30 11:46:00,1860.0,1861.6,1859.0,1861.6,731
2024-05-30 11:47:00,1861.6,1864.0,1861.6,1862.8,773
2024-05-30 11:48:00,1862.8,1864.4,1861.6,1863.9,804
2024-05-30 11:49:00,1864.5,1866.0,1863.9,1865.6,1321
2024-05-30 11:50:00,1865.3,1866.3,1860.05,1861.0,1093
2024-05-30 11:51:00,1861.0,1864.15,1860.9,1863.85,568
2024-05-30 11:52:00,1863.85,1863.85,1862.0,1862.9,414
2024-05-30 11:53:00,1862.9,1862.9,1861.05,1862.5,271
2024-05-30 11:54:00,1862.0,1862.05,1861.0,1861.95,842
2024-05-30 11:55:00,1861.95,1862.85,1861.0,1862.85,207
2024-05-30 11:56:00,1862.85,1863.8,1862.3,1863.8,237
2024-05-30 11:57:00,1863.8,1863.8,1861.3,1861.3,939
2024-05-30 11:58:00,1861.3,1862.65,1860.6,1860.85,587
2024-05-30 11:59:00,1862.0,1862.0,1860.8,1860.8,579
2024-05-30 12:00:00,1860.8,1861.8,1860.8,1860.8,337
2024-05-30 12:01:00,1861.5,1863.35,1861.15,1863.3,243
2024-05-30 12:02:00,1863.3,1863.3,1862.0,1862.95,147
2024-05-30 12:03:00,1862.95,1867.75,1862.95,1866.05,848
2024-05-30 12:04:00,1866.05,1868.85,1866.0,1867.85,1301
2024-05-30 12:05:00,1867.7,1867.7,1866.3,1867.35,888
2024-05-30 12:06:00,1867.35,1867.35,1864.0,1864.5,1477
2024-05-30 12:07:00,1865.3,1865.8,1863.7,1865.8,2162
2024-05-30 12:08:00,1865.8,1869.0,1865.8,1869.0,1724
2024-05-30 12:09:00,1869.0,1869.0,1868.05,1869.0,1732
2024-05-30 12:10:00,1869.0,1871.7,1868.95,1871.0,1710
2024-05-30 12:11:00,1871.0,1872.9,1870.7,1870.7,1341
2024-05-30 12:12:00,1872.4,1872.4,1869.4,1869.5,1795
2024-05-30 12:13:00,1870.45,1872.45,1870.45,1871.5,314
2024-05-30 12:14:00,1871.5,1872.4,1870.0,1871.55,991
2024-05-30 12:15:00,1871.55,1871.55,1870.0,1870.0,686
2024-05-30 12:16:00,1870.0,1870.85,1870.0,1870.8,168
2024-05-30 12:17:00,1870.8,1870.8,1869.0,1869.0,264
2024-05-30 12:18:00,1869.0,1869.95,1868.0,1868.0,418
2024-05-30 12:19:00,1868.9,1868.9,1868.0,1868.85,153
2024-05-30 12:20:00,1868.85,1870.0,1868.85,1869.1,318
2024-05-30 12:21:00,1869.1,1870.0,1868.1,1868.95,386
2024-05-30 12:22:00,1868.95,1870.0,1868.1,1870.0,222
2024-05-30 12:23:00,1870.0,1872.0,1870.0,1872.0,122
2024-05-30 12:24:00,1872.0,1872.8,1871.05,1871.1,943
2024-05-30 12:25:00,1871.1,1871.2,1871.0,1871.0,183
2024-05-30 12:26:00,1871.0,1871.6,1869.0,1869.0,716
2024-05-30 12:27:00,1869.8,1869.8,1869.05,1869.7,27
2024-05-30 12:28:00,1869.7,1869.7,1868.7,1869.5,47
2024-05-30 12:29:00,1869.5,1870.05,1869.0,1869.0,2016
2024-05-30 12:30:00,1869.0,1869.65,1867.2,1867.2,713
2024-05-30 12:31:00,1867.2,1868.7,1867.2,1867.75,606
2024-05-30 12:32:00,1867.75,1868.65,1865.0,1865.1,302
2024-05-30 12:33:00,1865.1,1869.95,1865.1,1869.0,2615
2024-05-30 12:34:00,1869.0,1869.85,1868.15,1869.0,168
2024-05-30 12:35:00,1869.0,1870.0,1866.95,1868.9,1267
2024-05-30 12:36:00,1868.9,1868.9,1868.65,1868.9,84
2024-05-30 12:37:00,1868.9,1868.9,1868.5,1868.5,199
2024-05-30 12:38:00,1868.5,1868.9,1867.65,1867.85,95
2024-05-30 12:39:00,1867.85,1867.85,1864.75,1865.85,804
2024-05-30 12:40:00,1865.85,1868.05,1865.0,1866.65,673
2024-05-30 12:41:00,1866.65,1867.5,1866.25,1867.35,88
2024-05-30 12:42:00,1868.2,1868.2,1867.0,1868.0,291
2024-05-30 12:43:00,1868.0,1868.0,1866.8,1868.0,193
2024-05-30 12:44:00,1868.0,1868.0,1865.55,1865.6,264
2024-05-30 12:45:00,1865.6,1866.65,1865.1,1865.9,821
2024-05-30 12:46:00,1865.9,1865.9,1865.1,1865.1,119
2024-05-30 12:47:00,1865.1,1865.7,1865.1,1865.1,84
2024-05-30 12:48:00,1865.1,1868.0,1865.1,1867.95,417
2024-05-30 12:49:00,1867.95,1868.0,1867.95,1868.0,175
2024-05-30 12:50:00,1868.0,1868.0,1867.05,1867.05,32
2024-05-30 12:51:00,1867.05,1869.6,1867.05,1869.6,319
2024-05-30 12:52:00,1869.6,1869.9,1869.5,1869.9,186
2024-05-30 12:53:00,1869.0,1869.9,1869.0,1869.9,197
2024-05-30 12:54:00,1869.0,1869.85,1867.5,1867.5,418
2024-05-30 12:55:00,1867.5,1868.25,1867.05,1867.1,119
2024-05-30 12:56:00,1867.1,1869.45,1867.1,1868.75,199
2024-05-30 12:57:00,1868.75,1870.95,1868.75,1870.9,1827
2024-05-30 12:58:00,1870.9,1872.0,1870.1,1872.0,699
2024-05-30 12:59:00,1872.0,1872.5,1871.3,1872.4,329
2024-05-30 13:00:00,1872.4,1873.45,1871.35,1873.4,313
2024-05-30 13:01:00,1873.4,1873.45,1872.55,1873.3,31
2024-05-30 13:02:00,1873.3,1873.3,1871.1,1871.1,305
2024-05-30 13:03:00,1872.0,1872.0,1870.95,1870.95,208
2024-05-30 13:04:00,1870.95,1870.95,1868.6,1869.65,734
2024-05-30 13:05:00,1869.65,1870.0,1869.65,1870.0,103
2024-05-30 13:06:00,1870.0,1870.0,1869.7,1869.7,54
2024-05-30 13:07:00,1869.7,1869.95,1869.7,1869.95,98
2024-05-30 13:08:00,1869.95,1871.45,1869.7,1871.45,1242
2024-05-30 13:09:00,1871.45,1871.7,1869.9,1870.5,553
2024-05-30 13:10:00,1870.5,1870.5,1867.0,1867.0,539
2024-05-30 13:11:00,1867.0,1867.0,1865.1,1865.2,1283
2024-05-30 13:12:00,1866.05,1866.35,1865.1,1866.35,258
2024-05-30 13:13:00,1866.35,1867.0,1866.35,1867.0,662
2024-05-30 13:14:00,1867.0,1867.8,1867.0,1867.8,54
2024-05-30 13:15:00,1867.8,1867.8,1867.0,1867.75,241
2024-05-30 13:16:00,1867.75,1867.75,1867.05,1867.05,107
2024-05-30 13:17:00,1867.7,1867.7,1865.15,1865.95,462
2024-05-30 13:18:00,1865.95,1865.95,1865.15,1865.95,172
2024-05-30 13:19:00,1865.95,1865.95,1865.1,1865.85,87
2024-05-30 13:20:00,1865.85,1865.85,1865.1,1865.1,66
2024-05-30 13:21:00,1865.1,1867.7,1865.1,1867.65,1216
2024-05-30 13:22:00,1867.65,1867.65,1865.3,1866.1,135
2024-05-30 13:23:00,1866.1,1866.1,1864.35,1864.55,709
2024-05-30 13:24:00,1864.55,1865.35,1864.05,1864.45,184
2024-05-30 13:25:00,1864.45,1865.0,1864.45,1865.0,67
2024-05-30 13:26:00,1865.55,1866.75,1865.55,1866.6,41
2024-05-30 13:27:00,1866.6,1866.6,1866.5,1866.5,73
2024-05-30 13:28:00,1866.5,1866.5,1865.05,1866.15,258
2024-05-30 13:29:00,1866.15,1866.15,1865.05,1866.0,122
2024-05-30 13:30:00,1866.0,1866.0,1864.5,1865.15,225
2024-05-30 13:31:00,1866.0,1866.0,1865.05,1866.0,97
2024-05-30 13:32:00,1866.0,1867.0,1865.65,1866.25,192
2024-05-30 13:33:00,1867.0,1867.0,1866.05,1867.0,39
2024-05-30 13:34:00,1867.0,1867.0,1865.8,1866.8,239
2024-05-30 13:35:00,1866.8,1866.8,1866.8,1866.8,92
2024-05-30 13:36:00,1866.8,1866.85,1866.8,1866.85,29
2024-05-30 13:37:00,1866.85,1866.85,1864.8,1864.95,265
2024-05-30 13:38:00,1864.95,1866.55,1864.95,1866.55,157
2024-05-30 13:39:00,1866.55,1866.55,1865.1,1866.45,54
2024-05-30 13:40:00,1866.45,1866.45,1865.0,1865.0,39
2024-05-30 13:41:00,1865.65,1865.65,1864.8,1865.0,189
2024-05-30 13:42:00,1865.5,1866.65,1864.05,1865.5,548
2024-05-30 13:43:00,1865.5,1866.9,1865.0,1865.4,654
2024-05-30 13:44:00,1865.4,1866.4,1860.0,1862.0,8160
2024-05-30 13:45:00,1862.0,1863.25,1862.0,1862.95,146
2024-05-30 13:46:00,1862.95,1863.75,1862.95,1863.0,167
2024-05-30 13:47:00,1863.0,1864.35,1863.0,1863.8,214
2024-05-30 13:48:00,1863.8,1864.55,1862.15,1862.85,1383
2024-05-30 13:49:00,1862.85,1862.85,1862.1,1862.1,193
2024-05-30 13:50:00,1862.75,1863.5,1862.1,1862.7,781
2024-05-30 13:51:00,1862.7,1864.8,1862.7,1864.8,247
2024-05-30 13:52:00,1864.8,1864.9,1863.75,1864.0,549
2024-05-30 13:53:00,1864.5,1866.6,1863.0,1866.6,3170
2024-05-30 13:54:00,1867.1,1874.9,1866.75,1870.0,15319
2024-05-30 13:55:00,1869.9,1872.85,1869.25,1872.8,964
2024-05-30 13:56:00,1872.8,1883.4,1872.8,1883.4,10034
2024-05-30 13:57:00,1883.4,1886.15,1878.7,1879.15,13901
2024-05-30 13:58:00,1879.15,1881.55,1878.1,1878.1,2188
2024-05-30 13:59:00,1878.8,1878.8,1876.95,1876.95,1206
2024-05-30 14:00:00,1878.35,1881.35,1877.0,1881.3,880
2024-05-30 14:01:00,1881.3,1881.3,1878.05,1878.05,722
2024-05-30 14:02:00,1878.05,1878.05,1876.15,1876.95,749
2024-05-30 14:03:00,1876.95,1882.05,1876.15,1882.05,9292
2024-05-30 14:04:00,1882.0,1882.7,1879.65,1881.15,4809
2024-05-30 14:05:00,1881.15,1885.7,1881.15,1885.0,7171
2024-05-30 14:06:00,1885.0,1885.7,1885.0,1885.0,3496
2024-05-30 14:07:00,1885.0,1887.9,1884.1,1885.0,2940
2024-05-30 14:08:00,1885.0,1887.45,1885.0,1886.0,1347
2024-05-30 14:09:00,1885.0,1886.25,1885.0,1885.0,589
2024-05-30 14:10:00,1885.0,1887.4,1885.0,1886.6,2770
2024-05-30 14:11:00,1886.45,1886.9,1884.35,1885.6,1577
2024-05-30 14:12:00,1885.6,1886.0,1885.0,1885.1,706
2024-05-30 14:13:00,1885.8,1885.8,1885.0,1885.6,1846
2024-05-30 14:14:00,1885.6,1885.8,1885.0,1885.8,2242
2024-05-30 14:15:00,1885.8,1886.15,1885.0,1885.55,1319
2024-05-30 14:16:00,1885.0,1886.7,1885.0,1886.7,2135
2024-05-30 14:17:00,1886.7,1886.8,1885.0,1886.65,1101
2024-05-30 14:18:00,1886.65,1886.95,1885.7,1886.95,961
2024-05-30 14:19:00,1886.95,1886.95,1885.4,1886.6,1734
2024-05-30 14:20:00,1885.7,1886.4,1885.1,1885.4,593
2024-05-30 14:21:00,1885.4,1886.4,1885.15,1886.0,357
2024-05-30 14:22:00,1886.0,1886.0,1885.0,1885.35,5611
2024-05-30 14:23:00,1885.0,1886.0,1885.0,1885.15,4051
2024-05-30 14:24:00,1885.15,1885.85,1876.35,1878.6,2400
2024-05-30 14:25:00,1878.15,1878.15,1873.0,1873.2,2824
2024-05-30 14:26:00,1873.2,1875.55,1872.35,1874.2,707
2024-05-30 14:27:00,1874.2,1878.3,1874.2,1877.4,330
2024-05-30 14:28:00,1877.4,1879.55,1875.85,1876.5,1878
2024-05-30 14:29:00,1876.5,1876.5,1871.8,1871.8,669
2024-05-30 14:30:00,1872.85,1875.0,1872.5,1872.55,510
2024-05-30 14:31:00,1872.55,1874.25,1872.55,1873.0,296
2024-05-30 14:32:00,1873.0,1873.5,1870.0,1870.8,2096
2024-05-30 14:33:00,1870.4,1870.4,1867.4,1867.95,2165
2024-05-30 14:34:00,1867.95,1869.7,1867.95,1869.35,202
2024-05-30 14:35:00,1869.35,1870.8,1869.0,1870.0,507
2024-05-30 14:36:00,1869.45,1872.45,1868.5,1872.45,937
2024-05-30 14:37:00,1872.45,1872.45,1868.65,1869.5,368
2024-05-30 14:38:00,1869.5,1872.4,1869.05,1871.25,677
2024-05-30 14:39:00,1871.25,1872.0,1870.8,1871.0,842
2024-05-30 14:40:00,1871.0,1872.5,1871.0,1871.8,476
2024-05-30 14:41:00,1872.15,1873.7,1869.7,1869.95,2185
2024-05-30 14:42:00,1869.95,1871.15,1869.55,1869.7,261
2024-05-30 14:43:00,1869.7,1870.5,1868.4,1868.85,1446
2024-05-30 14:44:00,1868.85,1869.85,1868.65,1868.9,377
2024-05-30 14:45:00,1868.95,1871.5,1868.95,1870.15,747
2024-05-30 14:46:00,1870.15,1871.35,1868.05,1868.05,1720
2024-05-30 14:47:00,1868.05,1871.5,1868.05,1870.75,1841
2024-05-30 14:48:00,1870.75,1870.75,1868.05,1870.55,496
2024-05-30 14:49:00,1870.55,1872.0,1870.55,1872.0,130
2024-05-30 14:50:00,1872.0,1872.15,1870.3,1872.0,397
2024-05-30 14:51:00,1871.5,1871.6,1869.7,1869.7,397
2024-05-30 14:52:00,1869.9,1869.95,1868.25,1868.25,369
2024-05-30 14:53:00,1868.25,1869.55,1868.25,1869.55,408
2024-05-30 14:54:00,1869.55,1869.55,1867.45,1867.95,339
2024-05-30 14:55:00,1867.95,1868.6,1867.45,1867.45,674
2024-05-30 14:56:00,1867.95,1867.95,1866.25,1866.4,473
2024-05-30 14:57:00,1866.4,1866.6,1863.4,1863.55,1558
2024-05-30 14:58:00,1863.55,1863.85,1860.75,1862.05,2482
2024-05-30 14:59:00,1862.05,1863.5,1860.2,1861.05,3349
2024-05-30 15:00:00,1861.45,1867.0,1861.4,1865.6,2433
2024-05-30 15:01:00,1865.4,1867.0,1861.1,1866.85,5114
2024-05-30 15:02:00,1866.35,1868.9,1865.1,1868.55,2853
2024-05-30 15:03:00,1868.3,1870.7,1868.3,1868.55,3849
2024-05-30 15:04:00,1868.55,1870.5,1868.55,1869.65,2328
2024-05-30 15:05:00,1871.5,1876.1,1871.3,1872.3,6908
2024-05-30 15:06:00,1873.6,1875.0,1872.85,1875.0,2028
2024-05-30 15:07:00,1875.0,1877.0,1874.4,1875.0,4381
2024-05-30 15:08:00,1874.4,1875.45,1874.4,1875.05,6482
2024-05-30 15:09:00,1875.75,1877.95,1875.0,1877.95,2336
2024-05-30 15:10:00,1877.95,1879.45,1876.25,1876.3,3633
2024-05-30 15:11:00,1876.35,1876.6,1875.6,1875.6,2555
2024-05-30 15:12:00,1875.55,1876.5,1873.2,1874.25,4399
2024-05-30 15:13:00,1872.35,1875.0,1872.35,1874.65,2442
2024-05-30 15:14:00,1874.65,1876.0,1872.0,1875.5,2799
2024-05-30 15:15:00,1875.5,1876.85,1874.0,1876.5,6892
2024-05-30 15:16:00,1876.8,1877.0,1876.5,1876.55,3388
2024-05-30 15:17:00,1876.75,1876.75,1873.05,1874.7,3238
2024-05-30 15:18:00,1874.7,1878.3,1874.6,1876.0,4687
2024-05-30 15:19:00,1876.35,1876.35,1871.2,1873.55,4423
2024-05-30 15:20:00,1874.6,1877.6,1874.3,1877.15,4026
2024-05-30 15:21:00,1877.0,1877.0,1872.0,1873.75,6200
2024-05-30 15:22:00,1874.9,1876.0,1872.05,1874.9,5034
2024-05-30 15:23:00,1873.5,1876.0,1873.05,1875.0,3306
2024-05-30 15:24:00,1875.0,1876.0,1873.7,1875.9,2428
2024-05-30 15:25:00,1875.9,1879.15,1875.85,1878.0,4699
2024-05-30 15:26:00,1878.4,1880.0,1875.0,1875.35,3995
2024-05-30 15:27:00,1875.35,1883.0,1875.3,1881.8,8084
2024-05-30 15:28:00,1881.8,1885.0,1876.4,1878.0,5143
2024-05-30 15:29:00,1878.0,1879.55,1873.45,1875.55,2263
2024-05-31 09:15:00,1874.0,1887.85,1871.05,1876.05,10463
2024-05-31 09:16:00,1878.2,1878.95,1870.05,1878.95,11240
2024-05-31 09:17:00,1878.95,1880.65,1874.75,1879.0,6859
2024-05-31 09:18:00,1880.65,1886.6,1879.15,1882.4,12113
2024-05-31 09:19:00,1881.8,1886.1,1881.4,1884.2,9076
2024-05-31 09:20:00,1884.25,1884.5,1870.0,1876.1,9561
2024-05-31 09:21:00,1876.85,1884.5,1876.05,1883.75,3200
2024-05-31 09:22:00,1884.85,1889.55,1883.75,1888.0,8947
2024-05-31 09:23:00,1886.9,1888.7,1885.15,1885.15,2023
2024-05-31 09:24:00,1885.15,1895.55,1885.15,1895.55,7978
2024-05-31 09:25:00,1895.0,1896.9,1891.1,1895.0,6718
2024-05-31 09:26:00,1895.75,1904.2,1894.2,1901.35,9100
2024-05-31 09:27:00,1903.25,1903.3,1892.6,1893.2,6651
2024-05-31 09:28:00,1894.3,1896.75,1892.0,1893.0,5781
2024-05-31 09:29:00,1893.65,1894.75,1888.15,1890.75,4111
2024-05-31 09:30:00,1890.7,1901.25,1890.7,1897.0,3792
2024-05-31 09:31:00,1896.95,1899.95,1895.4,1898.55,2985
2024-05-31 09:32:00,1899.0,1904.0,1897.9,1900.1,6864
2024-05-31 09:33:00,1902.0,1902.35,1897.0,1900.6,7363
2024-05-31 09:34:00,1902.0,1903.95,1897.4,1901.0,8384
2024-05-31 09:35:00,1901.0,1908.0,1901.0,1908.0,9313
2024-05-31 09:36:00,1905.45,1909.0,1903.05,1905.95,3984
2024-05-31 09:37:00,1905.0,1925.0,1905.0,1923.1,66757
2024-05-31 09:38:00,1923.8,1928.6,1921.05,1928.0,20782
2024-05-31 09:39:00,1928.0,1945.0,1927.05,1941.05,69636
2024-05-31 09:40:00,1941.05,1944.5,1938.0,1938.15,14035
2024-05-31 09:41:00,1938.05,1943.4,1935.0,1937.15,18786
2024-05-31 09:42:00,1935.65,1939.8,1933.0,1933.0,34771
2024-05-31 09:43:00,1933.8,1933.8,1927.5,1928.55,8215
2024-05-31 09:44:00,1927.5,1931.9,1925.0,1930.8,11773
2024-05-31 09:45:00,1929.0,1930.0,1928.0,1928.05,9210
2024-05-31 09:46:00,1928.05,1929.4,1928.0,1928.05,15434
2024-05-31 09:47:00,1928.05,1929.15,1921.9,1923.0,10422
2024-05-31 09:48:00,1923.0,1923.0,1918.0,1918.9,5433
2024-05-31 09:49:00,1918.85,1928.4,1916.35,1927.05,7653
2024-05-31 09:50:00,1928.3,1928.3,1923.0,1923.0,6469
2024-05-31 09:51:00,1923.95,1924.0,1918.85,1918.85,2524
2024-05-31 09:52:00,1919.5,1919.5,1911.35,1911.35,4521
2024-05-31 09:53:00,1911.15,1914.9,1909.95,1914.9,4271
2024-05-31 09:54:00,1914.9,1918.9,1914.9,1916.55,2869
2024-05-31 09:55:00,1916.55,1916.55,1911.0,1915.0,3313
2024-05-31 09:56:00,1915.0,1916.65,1912.55,1916.45,2147
2024-05-31 09:57:00,1915.05,1915.35,1912.55,1913.9,2163
2024-05-31 09:58:00,1913.95,1913.95,1910.0,1910.65,1782
2024-05-31 09:59:00,1911.0,1911.0,1905.0,1905.6,4267
2024-05-31 10:00:00,1905.65,1905.65,1901.25,1902.0,3188
2024-05-31 10:01:00,1901.0,1906.2,1900.5,1906.2,6555
2024-05-31 10:02:00,1906.85,1915.0,1906.4,1911.05,3277
2024-05-31 10:03:00,1909.4,1915.0,1909.4,1913.55,3097
2024-05-31 10:04:00,1914.95,1914.95,1910.0,1910.8,2894
2024-05-31 10:05:00,1910.8,1915.0,1910.0,1910.3,2928
2024-05-31 10:06:00,1910.3,1912.9,1909.0,1909.15,4427
2024-05-31 10:07:00,1910.25,1912.0,1908.95,1910.1,6631
2024-05-31 10:08:00,1910.95,1911.0,1907.0,1907.05,1471
2024-05-31 10:09:00,1907.95,1911.0,1906.2,1907.15,1560
2024-05-31 10:10:00,1907.15,1907.15,1903.0,1903.0,1795
2024-05-31 10:11:00,1903.0,1904.0,1900.0,1900.0,4342
2024-05-31 10:12:00,1900.0,1902.55,1900.0,1900.4,2311
2024-05-31 10:13:00,1901.05,1902.9,1900.0,1902.55,1279
2024-05-31 10:14:00,1902.55,1902.55,1900.0,1900.8,1724
2024-05-31 10:15:00,1897.25,1900.0,1897.0,1898.7,1921
2024-05-31 10:16:00,1899.0,1903.15,1898.0,1902.65,3105
2024-05-31 10:17:00,1902.3,1902.5,1898.0,1899.45,1326
2024-05-31 10:18:00,1899.45,1905.0,1899.15,1905.0,3129
2024-05-31 10:19:00,1904.2,1905.9,1901.7,1905.9,2440
2024-05-31 10:20:00,1905.0,1906.8,1900.15,1900.15,1973
2024-05-31 10:21:00,1901.0,1903.0,1898.55,1899.0,1528
2024-05-31 10:22:00,1898.7,1902.75,1898.1,1900.45,4089
2024-05-31 10:23:00,1900.45,1900.65,1897.0,1897.05,1021
2024-05-31 10:24:00,1897.1,1900.0,1897.0,1900.0,1934
2024-05-31 10:25:00,1900.0,1900.0,1897.15,1900.0,1324
2024-05-31 10:26:00,1900.0,1900.0,1897.95,1898.2,1367
2024-05-31 10:27:00,1897.35,1899.5,1897.25,1898.2,648
2024-05-31 10:28:00,1898.2,1899.25,1896.0,1896.75,1794
2024-05-31 10:29:00,1896.65,1899.35,1896.0,1899.35,460
2024-05-31 10:30:00,1899.05,1899.05,1896.2,1898.4,1284
2024-05-31 10:31:00,1898.65,1899.45,1896.2,1897.0,1584
2024-05-31 10:32:00,1896.5,1897.0,1895.7,1896.0,1675
2024-05-31 10:33:00,1896.0,1898.0,1895.4,1898.0,405
2024-05-31 10:34:00,1898.0,1898.0,1891.9,1893.9,10541
2024-05-31 10:35:00,1893.55,1897.25,1893.55,1894.45,1226
2024-05-31 10:36:00,1894.45,1895.75,1894.0,1894.9,424
2024-05-31 10:37:00,1894.9,1895.0,1893.25,1894.95,1286
2024-05-31 10:38:00,1894.95,1896.0,1891.1,1894.0,3578
2024-05-31 10:39:00,1893.05,1895.45,1891.2,1892.9,1995
2024-05-31 10:40:00,1892.9,1894.65,1892.0,1893.25,1848
2024-05-31 10:41:00,1892.8,1896.0,1891.05,1893.55,2710
2024-05-31 10:42:00,1894.9,1897.25,1893.1,1896.85,2167
2024-05-31 10:43:00,1895.5,1899.0,1894.55,1897.05,1205
2024-05-31 10:44:00,1897.05,1898.9,1896.5,1897.4,956
2024-05-31 10:45:00,1898.3,1898.85,1897.0,1897.55,863
2024-05-31 10:46:00,1898.65,1899.85,1897.0,1899.0,771
2024-05-31 10:47:00,1899.0,1899.8,1898.0,1899.65,1012
2024-05-31 10:48:00,1899.65,1899.8,1897.0,1897.0,986
2024-05-31 10:49:00,1897.0,1898.25,1895.75,1897.25,1606
2024-05-31 10:50:00,1897.25,1897.25,1895.0,1895.85,589
2024-05-31 10:51:00,1896.9,1898.5,1895.65,1897.5,712
2024-05-31 10:52:00,1897.5,1898.0,1896.45,1897.6,359
2024-05-31 10:53:00,1898.0,1898.0,1897.0,1897.0,381
2024-05-31 10:54:00,1897.0,1898.25,1897.0,1898.25,269
2024-05-31 10:55:00,1898.25,1900.0,1898.0,1899.5,1843
2024-05-31 10:56:00,1899.7,1899.7,1898.4,1899.3,388
2024-05-31 10:57:00,1899.6,1900.0,1896.2,1897.75,2815
2024-05-31 10:58:00,1897.75,1897.8,1895.5,1896.7,763
2024-05-31 10:59:00,1896.3,1896.7,1895.3,1896.3,575
2024-05-31 11:00:00,1896.3,1899.4,1896.15,1899.4,913
2024-05-31 11:01:00,1899.4,1899.8,1897.7,1899.1,260
2024-05-31 11:02:00,1899.1,1900.0,1898.0,1898.0,1721
2024-05-31 11:03:00,1898.0,1899.7,1896.5,1898.9,1318
2024-05-31 11:04:00,1898.9,1898.9,1895.0,1896.85,1741
2024-05-31 11:05:00,1897.0,1897.9,1895.75,1896.35,675
2024-05-31 11:06:00,1896.35,1898.25,1896.35,1898.25,242
2024-05-31 11:07:00,1898.25,1900.0,1897.5,1898.2,2034
2024-05-31 11:08:00,1898.2,1899.8,1898.2,1899.8,418
2024-05-31 11:09:00,1899.8,1900.0,1898.2,1899.65,785
2024-05-31 11:10:00,1899.65,1899.65,1898.0,1898.9,348
2024-05-31 11:11:00,1898.9,1899.0,1898.0,1898.9,589
2024-05-31 11:12:00,1898.0,1898.9,1896.55,1898.9,1090
2024-05-31 11:13:00,1898.9,1899.5,1897.6,1899.5,609
2024-05-31 11:14:00,1899.5,1899.6,1898.05,1899.3,232
2024-05-31 11:15:00,1898.0,1899.35,1898.0,1899.0,465
2024-05-31 11:16:00,1898.15,1899.25,1897.05,1898.15,1445
2024-05-31 11:17:00,1898.5,1898.5,1897.15,1898.4,234
2024-05-31 11:18:00,1898.35,1898.7,1896.55,1896.55,450
2024-05-31 11:19:00,1897.4,1898.0,1895.15,1895.15,1960
2024-05-31 11:20:00,1895.15,1896.15,1893.7,1893.75,878
2024-05-31 11:21:00,1895.2,1896.1,1895.05,1896.05,516
2024-05-31 11:22:00,1896.0,1896.4,1895.05,1896.4,212
2024-05-31 11:23:00,1896.1,1896.4,1893.9,1894.05,1230
2024-05-31 11:24:00,1894.05,1895.0,1893.0,1893.55,1707
2024-05-31 11:25:00,1893.55,1894.7,1893.0,1894.7,305
2024-05-31 11:26:00,1894.7,1894.7,1891.2,1893.0,971
2024-05-31 11:27:00,1893.0,1894.95,1893.0,1893.0,678
2024-05-31 11:28:00,1893.0,1894.0,1892.55,1893.4,217
2024-05-31 11:29:00,1893.4,1897.0,1893.0,1894.7,1792
2024-05-31 11:30:00,1894.3,1897.95,1893.0,1895.8,1422
2024-05-31 11:31:00,1895.8,1896.7,1894.25,1895.75,1147
2024-05-31 11:32:00,1895.75,1897.5,1895.15,1896.0,178
2024-05-31 11:33:00,1896.5,1897.95,1896.0,1896.0,772
2024-05-31 11:34:00,1896.0,1896.85,1895.15,1896.85,180
2024-05-31 11:35:00,1896.65,1897.85,1895.15,1896.7,583
2024-05-31 11:36:00,1896.7,1897.1,1895.4,1897.0,636
2024-05-31 11:37:00,1897.0,1897.75,1895.65,1897.75,441
2024-05-31 11:38:00,1897.75,1899.0,1895.15,1895.95,1989
2024-05-31 11:39:00,1895.95,1900.0,1895.95,1898.75,2320
2024-05-31 11:40:00,1898.75,1899.0,1897.25,1898.25,602
2024-05-31 11:41:00,1898.25,1898.9,1897.3,1898.9,362
2024-05-31 11:42:00,1898.9,1898.95,1897.55,1897.7,376
2024-05-31 11:43:00,1897.7,1899.0,1897.3,1898.15,830
2024-05-31 11:44:00,1897.25,1898.15,1896.1,1897.55,2636
2024-05-31 11:45:00,1897.55,1898.0,1896.35,1897.9,435
2024-05-31 11:46:00,1897.9,1898.4,1896.0,1896.95,546
2024-05-31 11:47:00,1898.25,1898.9,1896.8,1898.9,1261
2024-05-31 11:48:00,1899.0,1899.0,1897.3,1898.45,734
2024-05-31 11:49:00,1898.45,1898.45,1897.5,1898.0,142
2024-05-31 11:50:00,1898.0,1898.3,1897.4,1897.4,268
2024-05-31 11:51:00,1897.4,1898.6,1897.4,1897.4,625
2024-05-31 11:52:00,1897.4,1898.3,1897.0,1897.9,391
2024-05-31 11:53:00,1897.9,1898.0,1897.0,1897.9,411
2024-05-31 11:54:00,1897.9,1898.0,1896.2,1897.85,332
2024-05-31 11:55:00,1897.85,1898.0,1896.05,1896.6,1070
2024-05-31 11:56:00,1896.6,1897.65,1896.2,1897.0,571
2024-05-31 11:57:00,1897.0,1898.0,1896.25,1898.0,741
2024-05-31 11:58:00,1898.0,1898.0,1897.45,1898.0,86
2024-05-31 11:59:00,1898.0,1898.0,1896.25,1896.4,384
2024-05-31 12:00:00,1897.8,1898.6,1896.35,1897.35,675
2024-05-31 12:01:00,1898.4,1898.6,1897.25,1898.6,719
2024-05-31 12:02:00,1898.6,1899.0,1897.5,1898.2,212
2024-05-31 12:03:00,1899.0,1900.0,1898.35,1899.85,2472
2024-05-31 12:04:00,1899.85,1900.0,1898.6,1899.65,801
2024-05-31 12:05:00,1899.65,1900.0,1898.2,1899.9,873
2024-05-31 12:06:00,1899.9,1900.0,1897.8,1899.45,584
2024-05-31 12:07:00,1899.45,1899.5,1898.1,1899.5,233
2024-05-31 12:08:00,1899.5,1899.5,1898.5,1898.6,429
2024-05-31 12:09:00,1899.0,1899.5,1898.0,1899.5,412
2024-05-31 12:10:00,1899.3,1899.9,1898.3,1899.5,702
2024-05-31 12:11:00,1899.5,1899.5,1898.3,1898.35,199
2024-05-31 12:12:00,1898.35,1899.8,1896.05,1897.3,2449
2024-05-31 12:13:00,1897.3,1898.45,1896.3,1897.2,390
2024-05-31 12:14:00,1897.2,1899.1,1897.0,1899.1,358
2024-05-31 12:15:00,1898.05,1899.35,1898.0,1899.35,206
2024-05-31 12:16:00,1899.35,1899.55,1898.05,1899.0,664
2024-05-31 12:17:00,1899.0,1899.8,1898.0,1899.8,252
2024-05-31 12:18:00,1899.8,1899.9,1899.05,1899.9,305
2024-05-31 12:19:00,1899.9,1899.9,1897.55,1897.55,5293
2024-05-31 12:20:00,1897.4,1899.3,1897.2,1898.8,389
2024-05-31 12:21:00,1898.8,1900.0,1897.35,1899.6,8137
2024-05-31 12:22:00,1899.6,1899.7,1897.65,1899.6,704
2024-05-31 12:23:00,1899.6,1899.9,1898.1,1899.9,639
2024-05-31 12:24:00,1899.85,1900.0,1898.65,1900.0,637
2024-05-31 12:25:00,1900.0,1900.0,1898.95,1900.0,518
2024-05-31 12:26:00,1900.0,1900.0,1899.05,1899.85,1334
2024-05-31 12:27:00,1899.85,1900.0,1899.15,1900.0,401
2024-05-31 12:28:00,1900.0,1900.0,1893.25,1893.5,5458
2024-05-31 12:29:00,1893.5,1894.9,1893.2,1894.9,576
2024-05-31 12:30:00,1894.9,1896.9,1894.9,1896.75,1762
2024-05-31 12:31:00,1896.8,1897.3,1895.05,1897.2,1169
2024-05-31 12:32:00,1897.25,1897.95,1896.05,1897.45,445
2024-05-31 12:33:00,1897.45,1897.45,1895.8,1897.1,266
2024-05-31 12:34:00,1897.1,1899.3,1896.9,1898.4,1215
2024-05-31 12:35:00,1898.95,1898.95,1895.0,1896.45,4662
2024-05-31 12:36:00,1896.45,1897.0,1896.35,1897.0,185
2024-05-31 12:37:00,1897.0,1897.0,1896.0,1896.95,330
2024-05-31 12:38:00,1896.95,1897.0,1896.15,1896.95,144
2024-05-31 12:39:00,1896.95,1896.95,1896.05,1896.8,391
2024-05-31 12:40:00,1896.8,1896.85,1895.85,1896.85,285
2024-05-31 12:41:00,1896.85,1896.95,1893.9,1895.4,553
2024-05-31 12:42:00,1895.4,1896.15,1895.0,1896.15,503
2024-05-31 12:43:00,1896.15,1896.7,1896.1,1896.35,147
2024-05-31 12:44:00,1896.35,1897.0,1896.05,1896.9,707
2024-05-31 12:45:00,1896.9,1897.0,1896.0,1896.95,1156
2024-05-31 12:46:00,1896.95,1897.0,1896.55,1897.0,326
2024-05-31 12:47:00,1897.0,1897.0,1896.0,1896.75,466
2024-05-31 12:48:00,1896.75,1896.75,1896.05,1896.7,261
2024-05-31 12:49:00,1896.75,1897.0,1896.0,1897.0,478
2024-05-31 12:50:00,1897.0,1897.9,1897.0,1897.9,1959
2024-05-31 12:51:00,1897.9,1899.5,1897.9,1899.25,780
2024-05-31 12:52:00,1899.3,1900.0,1899.05,1899.5,9026
2024-05-31 12:53:00,1899.5,1899.9,1898.1,1899.15,2654
2024-05-31 12:54:00,1899.15,1900.0,1898.35,1900.0,739
2024-05-31 12:55:00,1900.0,1900.0,1899.0,1899.95,5702
2024-05-31 12:56:00,1899.95,1900.0,1897.9,1899.35,18199
2024-05-31 12:57:00,1899.4,1900.0,1899.0,1899.5,15683
2024-05-31 12:58:00,1899.95,1907.95,1898.95,1905.55,56999
2024-05-31 12:59:00,1905.0,1906.1,1900.6,1901.35,5308
2024-05-31 13:00:00,1901.35,1905.85,1900.6,1903.3,3925
2024-05-31 13:01:00,1903.3,1903.3,1898.95,1898.95,12409
2024-05-31 13:02:00,1898.95,1902.95,1898.95,1902.8,8075
2024-05-31 13:03:00,1903.0,1909.15,1902.3,1909.15,5313
2024-05-31 13:04:00,1909.2,1911.6,1906.8,1909.3,7122
2024-05-31 13:05:00,1909.3,1909.7,1905.55,1908.5,6608
2024-05-31 13:06:00,1908.5,1908.95,1905.55,1907.05,3461
2024-05-31 13:07:00,1905.95,1907.05,1902.25,1902.25,3060
2024-05-31 13:08:00,1903.3,1906.3,1901.75,1903.9,2326
2024-05-31 13:09:00,1903.9,1906.25,1903.9,1906.15,1910
2024-05-31 13:10:00,1906.15,1908.5,1905.55,1906.35,2095
2024-05-31 13:11:00,1906.3,1906.3,1902.7,1903.0,1625
2024-05-31 13:12:00,1903.0,1905.9,1901.2,1902.0,1334
2024-05-31 13:13:00,1902.6,1903.6,1901.0,1903.35,3047
2024-05-31 13:14:00,1903.35,1904.45,1902.05,1902.55,1610
2024-05-31 13:15:00,1902.55,1904.45,1901.95,1904.0,1624
2024-05-31 13:16:00,1903.95,1906.0,1902.0,1905.0,2753
2024-05-31 13:17:00,1904.45,1912.65,1904.4,1912.55,6139
2024-05-31 13:18:00,1912.5,1912.5,1910.0,1911.15,3290
2024-05-31 13:19:00,1911.15,1920.0,1911.15,1919.65,15521
2024-05-31 13:20:00,1919.75,1926.8,1918.15,1925.9,12868
2024-05-31 13:21:00,1925.9,1930.8,1925.55,1927.05,13975
2024-05-31 13:22:00,1928.15,1935.0,1928.15,1931.55,28935
2024-05-31 13:23:00,1931.5,1934.3,1928.6,1929.65,6637
2024-05-31 13:24:00,1929.6,1930.0,1925.55,1929.7,6128
2024-05-31 13:25:00,1929.6,1935.0,1927.8,1929.95,19587
2024-05-31 13:26:00,1929.95,1930.0,1922.85,1924.55,6106
2024-05-31 13:27:00,1924.5,1928.5,1922.5,1924.7,5021
2024-05-31 13:28:00,1924.15,1927.4,1922.05,1927.0,4107
2024-05-31 13:29:00,1927.0,1928.9,1924.2,1928.0,3950
2024-05-31 13:30:00,1928.0,1929.45,1927.0,1928.0,6712
2024-05-31 13:31:00,1928.0,1930.0,1926.35,1927.15,10249
2024-05-31 13:32:00,1927.2,1928.0,1923.4,1925.95,5722
2024-05-31 13:33:00,1927.1,1930.0,1924.0,1924.6,5327
2024-05-31 13:34:00,1924.6,1929.4,1924.1,1929.0,7141
2024-05-31 13:35:00,1929.4,1930.0,1926.05,1927.8,5636
2024-05-31 13:36:00,1927.8,1929.65,1926.7,1928.3,7078
2024-05-31 13:37:00,1928.3,1928.3,1922.95,1924.0,3418
2024-05-31 13:38:00,1924.0,1925.0,1922.0,1923.9,3008
2024-05-31 13:39:00,1924.8,1928.45,1923.9,1928.3,8721
2024-05-31 13:40:00,1927.95,1929.0,1926.05,1927.35,3280
2024-05-31 13:41:00,1927.35,1929.5,1925.5,1928.8,5102
2024-05-31 13:42:00,1928.9,1929.9,1926.85,1929.9,5931
2024-05-31 13:43:00,1929.9,1929.9,1925.6,1927.3,7559
2024-05-31 13:44:00,1927.35,1927.5,1924.0,1924.3,4659
2024-05-31 13:45:00,1925.45,1926.45,1923.4,1926.45,2164
2024-05-31 13:46:00,1926.4,1926.4,1923.25,1924.0,2331
2024-05-31 13:47:00,1924.0,1926.0,1923.25,1925.85,1896
2024-05-31 13:48:00,1925.85,1927.5,1925.0,1925.9,2523
2024-05-31 13:49:00,1926.85,1931.9,1925.05,1931.9,12352
2024-05-31 13:50:00,1931.95,1933.3,1927.35,1927.55,4945
2024-05-31 13:51:00,1928.65,1929.9,1926.55,1929.65,8823
2024-05-31 13:52:00,1929.65,1930.0,1926.1,1928.0,2287
2024-05-31 13:53:00,1928.9,1930.0,1926.85,1927.95,5935
2024-05-31 13:54:00,1928.0,1929.95,1926.75,1928.8,8850
2024-05-31 13:55:00,1928.8,1928.8,1926.25,1926.55,2720
2024-05-31 13:56:00,1927.8,1928.05,1925.8,1927.0,4013
2024-05-31 13:57:00,1926.1,1927.5,1924.6,1926.0,2210
2024-05-31 13:58:00,1926.05,1929.0,1926.05,1929.0,2537
2024-05-31 13:59:00,1928.95,1929.55,1927.65,1928.15,2935
2024-05-31 14:00:00,1928.95,1930.0,1927.55,1929.75,5718
2024-05-31 14:01:00,1929.75,1930.0,1928.5,1929.05,7326
2024-05-31 14:02:00,1929.8,1930.0,1928.65,1929.85,10880
2024-05-31 14:03:00,1929.95,1930.0,1929.0,1929.0,3744
2024-05-31 14:04:00,1930.0,1945.0,1929.95,1941.75,65137
2024-05-31 14:05:00,1941.75,1954.0,1937.7,1942.0,90811
2024-05-31 14:06:00,1941.8,1948.05,1938.0,1945.0,17702
2024-05-31 14:07:00,1945.05,1958.0,1945.05,1954.35,29877
2024-05-31 14:08:00,1954.35,1962.75,1952.05,1959.3,45994
2024-05-31 14:09:00,1959.55,1975.5,1958.25,1965.05,67066
2024-05-31 14:10:00,1964.15,1969.15,1947.95,1953.95,62423
2024-05-31 14:11:00,1953.95,1954.95,1948.1,1950.05,12267
2024-05-31 14:12:00,1950.05,1960.15,1949.8,1955.0,18598
2024-05-31 14:13:00,1956.95,1965.0,1956.1,1958.0,15485
2024-05-31 14:14:00,1957.75,1964.7,1956.6,1961.65,14586
2024-05-31 14:15:00,1959.0,1961.45,1957.5,1960.65,13541
2024-05-31 14:16:00,1959.0,1960.8,1956.95,1956.95,16489
2024-05-31 14:17:00,1957.0,1961.45,1951.25,1959.15,17043
2024-05-31 14:18:00,1959.1,1959.75,1952.0,1952.0,9909
2024-05-31 14:19:00,1952.0,1952.75,1942.6,1946.0,17994
2024-05-31 14:20:00,1946.8,1958.85,1943.15,1957.8,20755
2024-05-31 14:21:00,1957.8,1960.0,1956.25,1957.95,19516
2024-05-31 14:22:00,1958.5,1962.15,1956.7,1962.0,18032
2024-05-31 14:23:00,1962.0,1970.65,1961.4,1966.6,33688
2024-05-31 14:24:00,1965.95,1978.3,1963.6,1974.95,45191
2024-05-31 14:25:00,1973.15,1978.55,1965.8,1969.2,22848
2024-05-31 14:26:00,1968.0,1978.9,1966.0,1976.05,23054
2024-05-31 14:27:00,1976.1,1990.0,1976.1,1983.75,62055
2024-05-31 14:28:00,1982.35,1993.9,1971.7,1973.0,95343
2024-05-31 14:29:00,1973.3,1979.5,1967.0,1967.0,30829
2024-05-31 14:30:00,1966.9,1974.0,1957.85,1969.85,29703
2024-05-31 14:31:00,1969.3,1971.9,1962.0,1962.3,19283
2024-05-31 14:32:00,1963.7,1965.65,1951.7,1958.0,31253
2024-05-31 14:33:00,1957.55,1958.2,1947.85,1947.9,27540
2024-05-31 14:34:00,1946.7,1953.0,1945.0,1949.15,10909
2024-05-31 14:35:00,1949.7,1956.25,1946.45,1954.95,17109
2024-05-31 14:36:00,1954.8,1962.0,1954.8,1962.0,17027
2024-05-31 14:37:00,1962.35,1963.65,1957.5,1957.5,16468
2024-05-31 14:38:00,1957.15,1966.0,1956.75,1962.7,10812
2024-05-31 14:39:00,1965.0,1971.0,1963.0,1966.0,18783
2024-05-31 14:40:00,1966.0,1970.0,1965.75,1968.8,7668
2024-05-31 14:41:00,1968.75,1969.1,1958.35,1962.75,11151
2024-05-31 14:42:00,1961.6,1965.0,1957.9,1959.95,6405
2024-05-31 14:43:00,1960.0,1960.0,1955.5,1957.25,9119
2024-05-31 14:44:00,1956.95,1962.25,1956.7,1959.1,11476
2024-05-31 14:45:00,1959.15,1960.0,1955.0,1958.15,4246
2024-05-31 14:46:00,1958.8,1958.8,1955.0,1957.95,4239
2024-05-31 14:47:00,1958.0,1958.0,1951.6,1952.75,11228
2024-05-31 14:48:00,1951.1,1960.0,1950.0,1960.0,15614
2024-05-31 14:49:00,1960.0,1960.1,1958.0,1958.05,10016
2024-05-31 14:50:00,1959.2,1959.2,1954.05,1956.0,4403
2024-05-31 14:51:00,1956.0,1957.35,1955.0,1957.05,2363
2024-05-31 14:52:00,1957.05,1959.9,1957.05,1958.25,3846
2024-05-31 14:53:00,1958.25,1959.8,1953.7,1954.75,4100
2024-05-31 14:54:00,1954.75,1959.0,1953.1,1957.1,4040
2024-05-31 14:55:00,1957.2,1959.0,1952.4,1954.35,5104
2024-05-31 14:56:00,1953.2,1954.05,1947.8,1948.35,14291
2024-05-31 14:57:00,1948.8,1962.55,1947.8,1962.05,41692
2024-05-31 14:58:00,1963.9,1964.75,1957.55,1958.9,10108
2024-05-31 14:59:00,1958.9,1959.0,1950.0,1955.7,7246
2024-05-31 15:00:00,1955.7,1955.7,1943.1,1944.1,65050
2024-05-31 15:01:00,1946.0,1948.85,1933.85,1937.3,85867
2024-05-31 15:02:00,1937.15,1937.3,1925.3,1927.3,74074
2024-05-31 15:03:00,1927.55,1931.0,1925.0,1926.05,64005
2024-05-31 15:04:00,1926.0,1930.4,1926.0,1929.35,68998
2024-05-31 15:05:00,1929.2,1930.3,1924.7,1927.05,57886
2024-05-31 15:06:00,1926.1,1927.35,1921.05,1923.7,61765
2024-05-31 15:07:00,1917.8,1919.2,1905.1,1908.8,121954
2024-05-31 15:08:00,1908.8,1910.0,1905.05,1908.35,67212
2024-05-31 15:09:00,1908.25,1909.8,1906.15,1908.5,61563
2024-05-31 15:10:00,1908.5,1910.0,1902.0,1903.25,54377
2024-05-31 15:11:00,1903.3,1905.35,1891.45,1896.1,75684
2024-05-31 15:12:00,1896.05,1903.2,1894.65,1899.6,102262
2024-05-31 15:13:00,1900.5,1900.5,1887.45,1892.05,103241
2024-05-31 15:14:00,1892.05,1893.35,1885.55,1889.7,81342
2024-05-31 15:15:00,1889.75,1902.6,1889.75,1898.75,66697
2024-05-31 15:16:00,1898.65,1907.85,1891.8,1897.15,73315
2024-05-31 15:17:00,1898.8,1903.5,1895.35,1896.65,56638
2024-05-31 15:18:00,1896.65,1904.9,1896.0,1904.0,55336
2024-05-31 15:19:00,1904.0,1906.65,1895.75,1898.15,62355
2024-05-31 15:20:00,1898.15,1898.15,1891.8,1893.5,70768
2024-05-31 15:21:00,1894.3,1897.55,1893.5,1893.9,61181
2024-05-31 15:22:00,1893.95,1895.0,1893.55,1894.0,53708
2024-05-31 15:23:00,1893.85,1894.0,1892.3,1893.1,54060
2024-05-31 15:24:00,1895.0,1904.7,1894.4,1904.65,64407
2024-05-31 15:25:00,1904.65,1906.15,1902.4,1903.55,49477
2024-05-31 15:26:00,1903.1,1906.1,1899.65,1900.9,60866
2024-05-31 15:27:00,1901.95,1910.2,1901.95,1902.45,70260
2024-05-31 15:28:00,1902.15,1909.0,1900.0,1906.7,38252
2024-05-31 15:29:00,1908.75,1913.0,1906.05,1912.9,16571
2024-06-03 09:15:00,2125.0,2174.1,2069.95,2074.5,339036
2024-06-03 09:16:00,2070.0,2137.75,2057.0,2122.35,168823
2024-06-03 09:17:00,2122.2,2125.0,2102.65,2115.65,111085
2024-06-03 09:18:00,2113.0,2116.95,2085.0,2089.15,71114
2024-06-03 09:19:00,2086.95,2099.35,2077.3,2087.8,62055
2024-06-03 09:20:00,2090.05,2098.0,2065.5,2065.75,46647
2024-06-03 09:21:00,2067.8,2079.8,2062.05,2065.55,64100
2024-06-03 09:22:00,2065.55,2090.0,2060.1,2087.7,38986
2024-06-03 09:23:00,2087.0,2088.25,2058.55,2060.0,32766
2024-06-03 09:24:00,2058.05,2069.0,2052.0,2056.1,48755
2024-06-03 09:25:00,2056.1,2060.15,2048.6,2051.65,30620
2024-06-03 09:26:00,2052.75,2053.85,2037.75,2037.75,23387
2024-06-03 09:27:00,2038.75,2058.8,2035.45,2058.5,23986
2024-06-03 09:28:00,2058.3,2058.6,2041.35,2052.9,27320
2024-06-03 09:29:00,2052.0,2060.0,2045.0,2046.45,36435
2024-06-03 09:30:00,2046.45,2052.15,2042.0,2050.55,14543
2024-06-03 09:31:00,2052.5,2052.5,2040.1,2045.1,16289
2024-06-03 09:32:00,2044.95,2059.4,2042.65,2058.2,18960
2024-06-03 09:33:00,2057.0,2060.0,2050.45,2058.7,15588
2024-06-03 09:34:00,2058.7,2062.9,2055.0,2062.9,30078
2024-06-03 09:35:00,2059.4,2062.0,2058.65,2062.0,26066
2024-06-03 09:36:00,2061.0,2063.0,2054.85,2054.85,59873
2024-06-03 09:37:00,2054.95,2063.0,2051.0,2062.35,21417
2024-06-03 09:38:00,2062.05,2064.0,2057.1,2064.0,32199
2024-06-03 09:39:00,2064.0,2080.0,2062.7,2062.85,82461
2024-06-03 09:40:00,2062.0,2075.0,2062.0,2069.65,41896
2024-06-03 09:41:00,2069.0,2070.0,2057.3,2057.3,92485
2024-06-03 09:42:00,2057.65,2078.25,2056.95,2065.0,89801
2024-06-03 09:43:00,2063.7,2065.0,2058.2,2059.6,38352
2024-06-03 09:44:00,2059.95,2066.95,2056.55,2058.4,29839
2024-06-03 09:45:00,2058.4,2060.8,2042.1,2049.15,32737
2024-06-03 09:46:00,2049.5,2052.45,2036.3,2041.95,37806
2024-06-03 09:47:00,2042.1,2054.85,2042.1,2046.7,84827
2024-06-03 09:48:00,2046.3,2047.3,2026.75,2035.0,32744
2024-06-03 09:49:00,2035.0,2035.0,2026.5,2029.7,16599
2024-06-03 09:50:00,2029.0,2034.45,2028.65,2030.0,14634
2024-06-03 09:51:00,2030.0,2035.0,2027.05,2029.25,14663
2024-06-03 09:52:00,2029.45,2030.0,2026.55,2029.8,9341
2024-06-03 09:53:00,2030.0,2034.7,2026.0,2031.9,14883
2024-06-03 09:54:00,2032.95,2034.2,2031.8,2033.0,11289
2024-06-03 09:55:00,2033.95,2039.95,2032.65,2039.0,30965
2024-06-03 09:56:00,2038.05,2044.5,2031.0,2032.35,66647
2024-06-03 09:57:00,2032.35,2033.8,2028.2,2032.25,27300
2024-06-03 09:58:00,2031.6,2034.0,2028.95,2031.0,28054
2024-06-03 09:59:00,2031.0,2031.0,2026.75,2026.75,10850
2024-06-03 10:00:00,2025.95,2027.0,2022.5,2023.9,36024
2024-06-03 10:01:00,2024.9,2029.35,2023.95,2028.65,11818
2024-06-03 10:02:00,2028.9,2038.6,2028.25,2038.6,33362
2024-06-03 10:03:00,2038.3,2045.0,2034.3,2040.0,27641
2024-06-03 10:04:00,2040.0,2040.0,2035.0,2036.9,9003
2024-06-03 10:05:00,2037.2,2040.0,2035.6,2040.0,7381
2024-06-03 10:06:00,2040.0,2040.0,2035.55,2037.95,6927
2024-06-03 10:07:00,2037.8,2038.0,2031.95,2032.0,8765
2024-06-03 10:08:00,2032.0,2032.0,2028.5,2029.0,7996
2024-06-03 10:09:00,2029.0,2029.0,2020.25,2023.4,11233
2024-06-03 10:10:00,2023.1,2025.0,2011.6,2011.6,19375
2024-06-03 10:11:00,2013.9,2027.45,2011.25,2026.3,41885
2024-06-03 10:12:00,2025.0,2027.9,2013.95,2015.0,14513
2024-06-03 10:13:00,2015.0,2015.0,2013.0,2015.0,17441
2024-06-03 10:14:00,2014.15,2015.0,2002.3,2008.65,38921
2024-06-03 10:15:00,2007.55,2009.0,2003.05,2006.05,10429
2024-06-03 10:16:00,2006.0,2009.55,2002.3,2005.0,26149
2024-06-03 10:17:00,2005.0,2005.0,1993.4,1997.6,31831
2024-06-03 10:18:00,1997.6,2000.75,1988.95,1994.85,37103
2024-06-03 10:19:00,1994.4,1999.9,1988.9,1998.8,19970
2024-06-03 10:20:00,1998.8,2001.0,1996.7,1999.1,23065
2024-06-03 10:21:00,2000.0,2000.0,1991.45,1993.65,15300
2024-06-03 10:22:00,1991.45,1995.0,1987.55,1994.9,27572
2024-06-03 10:23:00,1994.9,1994.9,1985.3,1987.25,10476
2024-06-03 10:24:00,1987.25,1987.25,1978.55,1984.95,33956
2024-06-03 10:25:00,1984.5,1990.0,1984.1,1990.0,18520
2024-06-03 10:26:00,1990.0,1995.0,1988.7,1991.7,16790
2024-06-03 10:27:00,1992.9,1995.0,1991.05,1994.05,9797
2024-06-03 10:28:00,1994.05,1995.0,1992.95,1994.9,16078
2024-06-03 10:29:00,1994.9,1995.0,1991.35,1994.8,11540
2024-06-03 10:30:00,1994.4,1994.4,1985.2,1985.6,15535
2024-06-03 10:31:00,1985.6,1990.0,1984.0,1987.85,7380
2024-06-03 10:32:00,1989.6,1989.95,1987.1,1989.95,7760
2024-06-03 10:33:00,1989.05,1989.75,1987.6,1988.95,6137
2024-06-03 10:34:00,1988.95,1989.2,1985.05,1988.0,6829
2024-06-03 10:35:00,1986.9,1988.0,1984.2,1985.75,6880
2024-06-03 10:36:00,1986.05,1987.5,1985.05,1986.55,3829
2024-06-03 10:37:00,1985.55,1989.9,1985.55,1989.8,6096
2024-06-03 10:38:00,1989.8,1990.0,1987.15,1989.05,5247
2024-06-03 10:39:00,1989.8,1990.0,1988.35,1990.0,7988
2024-06-03 10:40:00,1989.95,1990.0,1988.25,1989.25,5839
2024-06-03 10:41:00,1989.25,1994.2,1989.25,1994.0,16737
2024-06-03 10:42:00,1993.25,1993.25,1988.05,1991.85,10526
2024-06-03 10:43:00,1992.75,1995.0,1991.85,1994.2,5456
2024-06-03 10:44:00,1994.7,1994.7,1988.0,1988.05,6240
2024-06-03 10:45:00,1988.7,1994.55,1988.0,1994.55,4114
2024-06-03 10:46:00,1994.7,1995.0,1991.95,1994.8,4104
2024-06-03 10:47:00,1994.8,1995.0,1986.7,1987.4,33128
2024-06-03 10:48:00,1988.35,1988.95,1984.15,1985.55,8061
2024-06-03 10:49:00,1985.95,1986.1,1980.0,1983.8,12125
2024-06-03 10:50:00,1982.9,1987.55,1981.6,1987.5,12752
2024-06-03 10:51:00,1986.45,1987.1,1981.15,1984.95,16859
2024-06-03 10:52:00,1984.9,1984.95,1977.6,1983.5,27807
2024-06-03 10:53:00,1983.5,1983.5,1973.4,1980.0,19444
2024-06-03 10:54:00,1980.0,1980.0,1976.0,1976.95,4938
2024-06-03 10:55:00,1976.95,1977.05,1962.95,1964.95,35316
2024-06-03 10:56:00,1964.5,1970.0,1964.5,1967.0,19991
2024-06-03 10:57:00,1967.65,1967.65,1965.15,1967.3,8960
2024-06-03 10:58:00,1966.3,1967.3,1955.2,1957.45,19283
2024-06-03 10:59:00,1957.7,1968.0,1954.0,1968.0,20153
2024-06-03 11:00:00,1968.0,1968.4,1959.8,1960.45,15539
2024-06-03 11:01:00,1960.45,1962.05,1957.0,1957.55,10340
2024-06-03 11:02:00,1957.95,1958.55,1950.1,1953.85,15846
2024-06-03 11:03:00,1953.85,1960.0,1950.25,1960.0,26807
2024-06-03 11:04:00,1960.0,1972.0,1959.55,1962.85,76474
2024-06-03 11:05:00,1963.65,1965.0,1961.75,1964.2,17356
2024-06-03 11:06:00,1965.0,1965.0,1964.0,1965.0,10446
2024-06-03 11:07:00,1964.95,1965.0,1964.0,1964.9,9014
2024-06-03 11:08:00,1965.0,1973.0,1964.2,1973.0,13977
2024-06-03 11:09:00,1973.0,1974.45,1961.9,1962.0,16971
2024-06-03 11:10:00,1961.0,1964.9,1961.0,1964.6,6204
2024-06-03 11:11:00,1964.6,1965.0,1961.0,1965.0,10116
2024-06-03 11:12:00,1964.7,1965.0,1963.0,1964.95,14678
2024-06-03 11:13:00,1964.8,1965.0,1964.15,1964.95,7181
2024-06-03 11:14:00,1965.0,1965.0,1964.0,1964.95,6323
2024-06-03 11:15:00,1964.95,1965.0,1964.2,1964.95,2566
2024-06-03 11:16:00,1964.9,1965.0,1964.0,1965.0,5299
2024-06-03 11:17:00,1965.0,1965.0,1964.25,1964.95,6370
2024-06-03 11:18:00,1965.0,1968.0,1962.35,1968.0,19565
2024-06-03 11:19:00,1967.45,1968.0,1965.35,1967.7,7218
2024-06-03 11:20:00,1967.7,1968.0,1966.6,1967.95,5001
2024-06-03 11:21:00,1967.45,1969.95,1967.45,1968.95,22642
2024-06-03 11:22:00,1969.0,1970.0,1968.0,1970.0,25616
2024-06-03 11:23:00,1970.0,1975.0,1969.95,1973.4,10040
2024-06-03 11:24:00,1973.4,1974.0,1970.35,1970.5,6954
2024-06-03 11:25:00,1968.15,1970.3,1963.45,1964.3,11323
2024-06-03 11:26:00,1964.9,1965.0,1963.55,1965.0,4503
2024-06-03 11:27:00,1965.0,1965.0,1963.5,1964.7,3038
2024-06-03 11:28:00,1964.5,1972.0,1964.45,1971.8,10271
2024-06-03 11:29:00,1971.8,1974.75,1971.7,1974.5,7622
2024-06-03 11:30:00,1974.5,1974.55,1972.85,1974.0,3969
2024-06-03 11:31:00,1974.0,1979.8,1973.5,1979.55,6625
2024-06-03 11:32:00,1978.45,1980.0,1977.65,1979.7,4590
2024-06-03 11:33:00,1979.7,1987.0,1978.4,1983.85,15611
2024-06-03 11:34:00,1984.0,1988.0,1982.95,1987.7,16343
2024-06-03 11:35:00,1988.0,1990.0,1986.05,1990.0,10302
2024-06-03 11:36:00,1989.2,1993.6,1989.2,1992.05,10973
2024-06-03 11:37:00,1992.05,1995.0,1992.05,1993.4,11548
2024-06-03 11:38:00,1993.5,1994.6,1993.2,1994.0,4935
2024-06-03 11:39:00,1994.0,1995.0,1990.1,1994.7,13888
2024-06-03 11:40:00,1993.95,1997.2,1992.55,1997.2,10002
2024-06-03 11:41:00,1997.65,1997.85,1992.4,1993.95,7670
2024-06-03 11:42:00,1994.5,1994.8,1988.0,1994.25,9422
2024-06-03 11:43:00,1994.65,1999.0,1992.7,1997.05,7742
2024-06-03 11:44:00,1997.05,1997.8,1995.0,1996.75,3292
2024-06-03 11:45:00,1996.35,2009.95,1996.3,2009.95,21882
2024-06-03 11:46:00,2010.0,2010.0,2005.1,2005.65,12419
2024-06-03 11:47:00,2007.0,2007.3,2002.1,2003.85,13825
2024-06-03 11:48:00,2003.85,2007.8,2003.0,2007.15,12058
2024-06-03 11:49:00,2008.0,2010.85,2006.4,2007.3,17307
2024-06-03 11:50:00,2007.9,2008.45,2005.0,2007.0,9519
2024-06-03 11:51:00,2007.0,2008.05,2001.0,2002.0,16119
2024-06-03 11:52:00,2002.0,2005.0,2001.1,2002.55,5201
2024-06-03 11:53:00,2002.6,2006.0,2001.1,2005.2,3972
2024-06-03 11:54:00,2005.2,2012.85,2005.2,2011.6,9449
2024-06-03 11:55:00,2011.0,2011.75,2008.35,2011.5,8055
2024-06-03 11:56:00,2011.5,2015.0,2010.3,2014.9,7856
2024-06-03 11:57:00,2014.9,2014.95,2011.8,2012.9,4070
2024-06-03 11:58:00,2011.9,2014.65,2010.1,2014.65,6006
2024-06-03 11:59:00,2014.6,2018.75,2013.45,2016.65,14830
2024-06-03 12:00:00,2016.0,2023.0,2011.3,2018.45,21615
2024-06-03 12:01:00,2019.45,2019.55,2015.95,2017.45,8110
2024-06-03 12:02:00,2017.45,2017.65,2012.35,2013.0,8679
2024-06-03 12:03:00,2012.3,2016.55,2012.25,2015.3,4254
2024-06-03 12:04:00,2015.4,2016.5,2013.2,2014.75,3384
2024-06-03 12:05:00,2014.75,2017.0,2013.1,2017.0,5819
2024-06-03 12:06:00,2017.0,2017.0,2013.1,2014.4,4261
2024-06-03 12:07:00,2014.5,2020.0,2014.3,2020.0,6134
2024-06-03 12:08:00,2020.0,2020.0,2018.0,2019.65,3869
2024-06-03 12:09:00,2019.5,2019.9,2016.2,2018.9,4858
2024-06-03 12:10:00,2018.9,2019.45,2016.95,2018.95,5688
2024-06-03 12:11:00,2018.95,2018.95,2015.0,2016.15,5830
2024-06-03 12:12:00,2015.95,2016.5,2013.0,2014.4,6125
2024-06-03 12:13:00,2014.6,2015.0,2007.6,2009.0,7476
2024-06-03 12:14:00,2008.0,2010.85,2007.4,2010.55,9281
2024-06-03 12:15:00,2010.85,2012.25,2009.15,2010.45,3290
2024-06-03 12:16:00,2010.8,2015.0,2009.6,2014.95,3954
2024-06-03 12:17:00,2014.95,2019.0,2014.05,2019.0,6623
2024-06-03 12:18:00,2018.5,2020.0,2015.85,2016.95,9125
2024-06-03 12:19:00,2016.0,2018.75,2015.9,2018.75,1718
2024-06-03 12:20:00,2018.75,2018.9,2015.95,2017.65,2363
2024-06-03 12:21:00,2018.0,2018.0,2014.1,2015.3,3467
2024-06-03 12:22:00,2014.6,2017.1,2013.0,2013.65,3322
2024-06-03 12:23:00,2013.7,2014.75,2010.05,2013.0,7155
2024-06-03 12:24:00,2013.8,2013.8,2010.25,2012.75,7594
2024-06-03 12:25:00,2012.75,2015.95,2011.7,2014.65,6137
2024-06-03 12:26:00,2014.7,2014.95,2011.45,2014.05,4106
2024-06-03 12:27:00,2014.05,2014.05,2012.2,2013.9,1024
2024-06-03 12:28:00,2013.9,2013.95,2012.2,2012.55,1656
2024-06-03 12:29:00,2012.55,2014.55,2010.45,2013.7,3019
2024-06-03 12:30:00,2014.0,2015.0,2011.65,2014.25,2669
2024-06-03 12:31:00,2014.25,2014.5,2012.0,2014.4,3663
2024-06-03 12:32:00,2014.55,2015.0,2014.5,2014.8,2991
2024-06-03 12:33:00,2015.0,2015.0,2012.0,2013.55,5070
2024-06-03 12:34:00,2013.0,2013.0,2007.0,2010.0,5784
2024-06-03 12:35:00,2009.4,2012.1,2009.0,2011.0,4627
2024-06-03 12:36:00,2010.35,2011.2,2008.7,2010.0,2891
2024-06-03 12:37:00,2010.0,2013.8,2010.0,2013.25,4877
2024-06-03 12:38:00,2013.8,2013.9,2010.3,2011.7,1944
2024-06-03 12:39:00,2011.7,2012.75,2009.4,2012.55,3176
2024-06-03 12:40:00,2012.0,2014.65,2011.45,2014.0,3498
2024-06-03 12:41:00,2012.6,2015.0,2011.5,2013.85,4973
2024-06-03 12:42:00,2013.85,2014.2,2012.35,2012.8,3155
2024-06-03 12:43:00,2012.75,2014.0,2012.75,2013.65,1121
2024-06-03 12:44:00,2013.65,2015.0,2012.35,2015.0,2939
2024-06-03 12:45:00,2014.8,2014.8,2013.25,2014.0,2077
2024-06-03 12:46:00,2014.0,2014.8,2013.0,2014.8,1936
2024-06-03 12:47:00,2015.0,2015.0,2012.8,2013.05,1915
2024-06-03 12:48:00,2013.0,2014.2,2012.2,2012.25,1478
2024-06-03 12:49:00,2012.9,2013.0,2011.1,2012.85,3226
2024-06-03 12:50:00,2012.15,2014.8,2011.8,2014.8,3253
2024-06-03 12:51:00,2014.05,2014.8,2013.25,2014.65,2966
2024-06-03 12:52:00,2013.55,2014.75,2013.55,2014.6,1183
2024-06-03 12:53:00,2014.6,2019.0,2013.55,2018.85,9283
2024-06-03 12:54:00,2018.35,2020.9,2017.8,2020.65,4536
2024-06-03 12:55:00,2020.65,2024.8,2020.65,2024.8,16746
2024-06-03 12:56:00,2024.8,2024.85,2023.0,2024.8,4248
2024-06-03 12:57:00,2024.8,2028.9,2024.45,2026.1,18700
2024-06-03 12:58:00,2027.25,2029.95,2024.0,2028.8,10607
2024-06-03 12:59:00,2029.95,2030.0,2026.65,2028.75,6564
2024-06-03 13:00:00,2028.8,2030.0,2027.75,2028.9,7323
2024-06-03 13:01:00,2028.9,2037.0,2028.6,2035.05,10981
2024-06-03 13:02:00,2036.25,2037.7,2033.65,2037.0,11383
2024-06-03 13:03:00,2037.65,2048.75,2036.6,2047.95,21077
2024-06-03 13:04:00,2047.95,2049.85,2040.1,2041.4,26942
2024-06-03 13:05:00,2041.55,2042.75,2039.15,2040.0,8179
2024-06-03 13:06:00,2040.05,2041.85,2036.05,2038.9,7706
2024-06-03 13:07:00,2038.8,2039.05,2036.05,2039.0,7346
2024-06-03 13:08:00,2038.35,2039.5,2037.05,2038.8,5680
2024-06-03 13:09:00,2040.0,2044.9,2040.0,2044.0,7333
2024-06-03 13:10:00,2044.0,2044.8,2038.0,2039.2,10709
2024-06-03 13:11:00,2039.05,2039.95,2037.1,2037.95,5547
2024-06-03 13:12:00,2037.95,2040.0,2035.3,2035.3,3402
2024-06-03 13:13:00,2035.0,2036.35,2030.0,2031.1,6748
2024-06-03 13:14:00,2030.0,2038.3,2030.0,2035.25,5424
2024-06-03 13:15:00,2035.25,2037.8,2030.8,2030.8,6240
2024-06-03 13:16:00,2032.0,2036.95,2032.0,2036.7,4028
2024-06-03 13:17:00,2036.7,2036.95,2033.0,2034.95,1879
2024-06-03 13:18:00,2034.95,2035.0,2033.0,2033.0,1356
2024-06-03 13:19:00,2033.0,2034.0,2032.05,2033.45,2113
2024-06-03 13:20:00,2033.5,2037.0,2033.5,2035.7,4204
2024-06-03 13:21:00,2034.0,2038.15,2033.2,2036.95,3598
2024-06-03 13:22:00,2036.95,2037.95,2034.0,2034.6,1572
2024-06-03 13:23:00,2034.6,2034.6,2031.45,2033.25,2850
2024-06-03 13:24:00,2034.25,2034.25,2032.0,2033.55,1644
2024-06-03 13:25:00,2033.1,2034.25,2033.1,2033.1,900
2024-06-03 13:26:00,2033.15,2034.0,2031.1,2033.05,3634
2024-06-03 13:27:00,2032.0,2035.0,2032.0,2035.0,3554
2024-06-03 13:28:00,2035.0,2037.2,2035.0,2036.45,2104
2024-06-03 13:29:00,2036.45,2040.0,2035.2,2040.0,7122
2024-06-03 13:30:00,2040.0,2042.05,2038.45,2041.2,8011
2024-06-03 13:31:00,2040.0,2041.0,2038.5,2039.65,3632
2024-06-03 13:32:00,2039.65,2040.9,2037.4,2038.85,5579
2024-06-03 13:33:00,2038.05,2038.9,2034.0,2036.0,7420
2024-06-03 13:34:00,2036.25,2038.8,2035.8,2038.2,3265
2024-06-03 13:35:00,2038.2,2038.7,2033.65,2037.55,7650
2024-06-03 13:36:00,2037.55,2040.0,2036.25,2037.15,25909
2024-06-03 13:37:00,2037.15,2039.9,2037.15,2039.8,3172
2024-06-03 13:38:00,2039.9,2039.95,2038.95,2039.9,3621
2024-06-03 13:39:00,2039.45,2040.0,2039.05,2039.9,32188
2024-06-03 13:40:00,2039.9,2040.0,2039.85,2039.9,13800
2024-06-03 13:41:00,2039.9,2040.0,2039.9,2040.0,47334
2024-06-03 13:42:00,2039.95,2040.0,2039.0,2039.0,65926
2024-06-03 13:43:00,2039.0,2043.15,2036.15,2043.15,401834
2024-06-03 13:44:00,2043.0,2050.0,2041.55,2050.0,22075
2024-06-03 13:45:00,2049.2,2050.0,2047.9,2048.95,7496
2024-06-03 13:46:00,2048.95,2054.7,2047.65,2048.3,33604
2024-06-03 13:47:00,2048.3,2049.45,2040.0,2040.0,117208
2024-06-03 13:48:00,2040.0,2052.3,2037.9,2052.3,416101
2024-06-03 13:49:00,2050.9,2059.3,2050.9,2057.05,29315
2024-06-03 13:50:00,2057.05,2058.9,2053.9,2057.0,17754
2024-06-03 13:51:00,2057.05,2061.8,2055.55,2058.9,24470
2024-06-03 13:52:00,2058.2,2060.0,2057.1,2059.0,10645
2024-06-03 13:53:00,2059.0,2059.2,2054.0,2058.0,9401
2024-06-03 13:54:00,2057.1,2074.25,2057.1,2074.25,45653
2024-06-03 13:55:00,2074.2,2077.5,2060.85,2061.85,60029
2024-06-03 13:56:00,2062.8,2064.85,2060.75,2064.0,8711
2024-06-03 13:57:00,2063.95,2064.0,2046.25,2046.35,39351
2024-06-03 13:58:00,2046.35,2050.0,2045.3,2047.75,9304
2024-06-03 13:59:00,2047.0,2047.8,2043.3,2045.8,8012
2024-06-03 14:00:00,2044.7,2046.45,2039.15,2041.0,42575
2024-06-03 14:01:00,2040.95,2041.15,2040.0,2040.75,23715
2024-06-03 14:02:00,2040.7,2041.15,2032.05,2034.25,139713
2024-06-03 14:03:00,2033.3,2038.15,2033.0,2038.15,8597
2024-06-03 14:04:00,2038.05,2039.75,2036.5,2036.85,6221
2024-06-03 14:05:00,2037.5,2037.5,2027.9,2031.5,13485
2024-06-03 14:06:00,2030.4,2034.0,2029.9,2033.4,7082
2024-06-03 14:07:00,2033.4,2035.0,2033.0,2035.0,4465
2024-06-03 14:08:00,2035.15,2035.8,2030.6,2034.0,5105
2024-06-03 14:09:00,2033.65,2035.1,2032.35,2034.4,3123
2024-06-03 14:10:00,2033.55,2034.65,2029.2,2033.0,17720
2024-06-03 14:11:00,2033.7,2033.95,2031.75,2033.75,2978
2024-06-03 14:12:00,2033.75,2033.75,2028.1,2028.85,5678
2024-06-03 14:13:00,2028.8,2033.05,2027.15,2032.9,8302
2024-06-03 14:14:00,2032.9,2036.3,2032.0,2036.3,4935
2024-06-03 14:15:00,2036.3,2038.6,2035.25,2038.6,6336
2024-06-03 14:16:00,2038.7,2038.7,2036.0,2037.05,3363
2024-06-03 14:17:00,2037.05,2037.95,2033.05,2036.6,14731
2024-06-03 14:18:00,2037.8,2038.0,2034.0,2036.0,2177
2024-06-03 14:19:00,2036.05,2040.0,2035.55,2039.3,21791
2024-06-03 14:20:00,2039.95,2049.0,2039.3,2048.65,12105
2024-06-03 14:21:00,2046.6,2047.25,2044.0,2044.9,6837
2024-06-03 14:22:00,2044.9,2046.5,2042.3,2044.95,5547
2024-06-03 14:23:00,2044.95,2046.5,2044.5,2046.0,3263
2024-06-03 14:24:00,2045.15,2046.0,2044.7,2045.95,3279
2024-06-03 14:25:00,2045.95,2050.0,2045.2,2048.5,5334
2024-06-03 14:26:00,2048.5,2050.0,2047.25,2047.95,3440
2024-06-03 14:27:00,2047.95,2048.0,2046.35,2047.1,3180
2024-06-03 14:28:00,2047.8,2047.95,2046.1,2047.4,2503
2024-06-03 14:29:00,2047.0,2047.0,2044.9,2046.4,4816
2024-06-03 14:30:00,2046.4,2047.95,2043.5,2043.5,9211
2024-06-03 14:31:00,2043.5,2050.0,2043.25,2048.65,8225
2024-06-03 14:32:00,2048.65,2049.9,2047.0,2049.9,2534
2024-06-03 14:33:00,2048.05,2049.95,2046.9,2048.5,10964
2024-06-03 14:34:00,2048.5,2050.0,2046.4,2049.85,15651
2024-06-03 14:35:00,2048.65,2050.0,2048.65,2049.45,20240
2024-06-03 14:36:00,2049.45,2049.45,2047.25,2047.9,4698
2024-06-03 14:37:00,2047.95,2048.0,2043.5,2045.6,7664
2024-06-03 14:38:00,2045.6,2048.0,2045.15,2046.45,1909
2024-06-03 14:39:00,2046.45,2049.0,2044.95,2047.5,7776
2024-06-03 14:40:00,2048.05,2063.3,2048.05,2057.4,52271
2024-06-03 14:41:00,2058.0,2059.9,2055.55,2056.4,10418
2024-06-03 14:42:00,2056.65,2058.95,2053.75,2055.0,7913
2024-06-03 14:43:00,2054.2,2056.3,2052.75,2055.0,6985
2024-06-03 14:44:00,2053.7,2055.7,2053.6,2054.75,4336
2024-06-03 14:45:00,2054.75,2056.0,2052.8,2054.4,5091
2024-06-03 14:46:00,2053.0,2055.05,2050.15,2053.3,8737
2024-06-03 14:47:00,2053.3,2053.75,2050.0,2050.55,14054
2024-06-03 14:48:00,2050.9,2050.95,2040.95,2042.9,28817
2024-06-03 14:49:00,2041.55,2042.85,2041.0,2041.1,5783
2024-06-03 14:50:00,2041.05,2044.1,2040.0,2043.95,9444
2024-06-03 14:51:00,2044.05,2047.1,2042.45,2046.0,4492
2024-06-03 14:52:00,2045.25,2046.0,2044.2,2045.95,3039
2024-06-03 14:53:00,2045.1,2045.95,2042.5,2042.9,5319
2024-06-03 14:54:00,2043.95,2044.0,2042.05,2042.8,2684
2024-06-03 14:55:00,2043.5,2043.5,2037.0,2039.8,18005
2024-06-03 14:56:00,2039.8,2045.0,2039.3,2044.45,19879
2024-06-03 14:57:00,2043.45,2043.95,2037.0,2038.0,24989
2024-06-03 14:58:00,2038.0,2041.0,2036.05,2036.05,19157
2024-06-03 14:59:00,2036.05,2036.4,2033.05,2034.5,9779
2024-06-03 15:00:00,2035.0,2035.1,2032.8,2033.0,12132
2024-06-03 15:01:00,2033.0,2035.0,2031.45,2034.7,8609
2024-06-03 15:02:00,2034.65,2034.7,2030.25,2032.0,11915
2024-06-03 15:03:00,2032.0,2034.0,2031.0,2031.35,13283
2024-06-03 15:04:00,2031.35,2033.15,2031.35,2032.0,4907
2024-06-03 15:05:00,2032.0,2033.85,2031.0,2033.85,27854
2024-06-03 15:06:00,2033.85,2038.0,2032.75,2035.8,26107
2024-06-03 15:07:00,2035.8,2038.0,2033.1,2037.85,72393
2024-06-03 15:08:00,2037.9,2042.05,2037.0,2042.0,41357
2024-06-03 15:09:00,2041.75,2042.0,2038.0,2039.35,5609
2024-06-03 15:10:00,2039.7,2040.35,2037.35,2038.65,10645
2024-06-03 15:11:00,2038.0,2038.85,2035.35,2036.0,6174
2024-06-03 15:12:00,2035.5,2038.0,2033.4,2036.8,23455
2024-06-03 15:13:00,2036.8,2038.5,2035.8,2038.45,8584
2024-06-03 15:14:00,2038.15,2039.05,2036.1,2036.95,10157
2024-06-03 15:15:00,2037.0,2037.0,2033.0,2034.25,12290
2024-06-03 15:16:00,2034.5,2039.0,2033.15,2038.4,20608
2024-06-03 15:17:00,2038.4,2038.8,2033.55,2036.7,20836
2024-06-03 15:18:00,2035.85,2037.1,2034.05,2036.0,10248
2024-06-03 15:19:00,2035.9,2036.0,2032.0,2033.0,13434
2024-06-03 15:20:00,2032.5,2035.95,2032.0,2033.05,11913
2024-06-03 15:21:00,2033.05,2036.0,2033.0,2036.0,11004
2024-06-03 15:22:00,2036.0,2047.95,2036.0,2042.0,71650
2024-06-03 15:23:00,2042.0,2043.0,2041.0,2041.7,9093
2024-06-03 15:24:00,2042.0,2043.0,2040.0,2042.9,12679
2024-06-03 15:25:00,2042.5,2044.0,2040.25,2043.05,7390
2024-06-03 15:26:00,2043.05,2045.0,2042.5,2044.9,14632
2024-06-03 15:27:00,2045.0,2045.0,2040.0,2041.4,26086
2024-06-03 15:28:00,2042.75,2043.0,2041.05,2042.45,15196
2024-06-03 15:29:00,2042.45,2044.5,2041.25,2042.85,22741
2024-06-04 09:15:00,2029.9,2029.9,1870.55,1929.35,144439
2024-06-04 09:16:00,1930.65,1976.85,1916.2,1924.85,80341
2024-06-04 09:17:00,1926.3,1949.9,1920.0,1946.95,75820
2024-06-04 09:18:00,1949.45,1966.15,1943.55,1945.45,46077
2024-06-04 09:19:00,1942.75,1945.45,1930.75,1932.1,38683
2024-06-04 09:20:00,1931.5,1933.7,1923.75,1927.0,43065
2024-06-04 09:21:00,1927.3,1929.95,1895.0,1908.8,51525
2024-06-04 09:22:00,1907.7,1931.0,1903.95,1908.95,52255
2024-06-04 09:23:00,1909.9,1911.55,1893.5,1893.55,40531
2024-06-04 09:24:00,1893.6,1898.2,1880.65,1889.2,61864
2024-06-04 09:25:00,1888.85,1899.75,1879.0,1892.3,55879
2024-06-04 09:26:00,1890.55,1901.75,1875.0,1875.0,31961
2024-06-04 09:27:00,1875.0,1876.0,1854.3,1855.6,52628
2024-06-04 09:28:00,1853.1,1857.0,1825.0,1826.7,78248
2024-06-04 09:29:00,1825.0,1839.25,1789.0,1795.7,78433
2024-06-04 09:30:00,1799.1,1799.1,1660.7,1695.05,127137
2024-06-04 09:31:00,1693.55,1778.95,1682.5,1773.85,91873
2024-06-04 09:32:00,1771.6,1805.0,1757.55,1802.4,62501
2024-06-04 09:33:00,1804.35,1860.0,1804.35,1857.9,66899
2024-06-04 09:34:00,1859.1,1859.1,1811.5,1856.7,51561
2024-06-04 09:35:00,1855.95,1868.65,1846.45,1867.5,53104
2024-06-04 09:36:00,1867.5,1882.7,1858.45,1868.7,44203
2024-06-04 09:37:00,1869.75,1884.8,1865.75,1882.95,34138
2024-06-04 09:38:00,1882.2,1884.65,1870.25,1874.95,25412
2024-06-04 09:39:00,1874.15,1920.0,1873.1,1912.75,66767
2024-06-04 09:40:00,1915.25,1917.3,1877.0,1884.0,46717
2024-06-04 09:41:00,1882.05,1902.45,1877.1,1879.45,28140
2024-06-04 09:42:00,1882.9,1899.9,1881.5,1897.9,20723
2024-06-04 09:43:00,1898.8,1900.0,1885.5,1894.0,16730
2024-06-04 09:44:00,1893.0,1894.8,1870.55,1882.15,24871
2024-06-04 09:45:00,1882.15,1892.0,1857.0,1888.7,42551
2024-06-04 09:46:00,1888.05,1902.0,1882.75,1902.0,22819
2024-06-04 09:47:00,1900.7,1907.85,1889.35,1890.0,31878
2024-06-04 09:48:00,1890.0,1899.9,1883.0,1890.0,30676
2024-06-04 09:49:00,1890.0,1891.95,1886.0,1890.0,29705
2024-06-04 09:50:00,1890.15,1900.0,1880.7,1900.0,28712
2024-06-04 09:51:00,1900.0,1920.0,1897.45,1918.0,54457
2024-06-04 09:52:00,1920.0,1923.3,1897.45,1902.7,44138
2024-06-04 09:53:00,1900.55,1914.95,1900.55,1913.85,22964
2024-06-04 09:54:00,1912.5,1919.0,1907.7,1919.0,19136
2024-06-04 09:55:00,1919.25,1919.25,1910.7,1917.5,23171
2024-06-04 09:56:00,1916.15,1920.1,1912.55,1917.95,37037
2024-06-04 09:57:00,1917.95,1919.9,1907.7,1919.5,24865
2024-06-04 09:58:00,1918.55,1921.0,1906.05,1920.95,27523
2024-06-04 09:59:00,1921.0,1921.0,1915.85,1921.0,22052
2024-06-04 10:00:00,1921.0,1922.0,1912.0,1916.7,37063
2024-06-04 10:01:00,1916.8,1916.8,1898.05,1914.95,30792
2024-06-04 10:02:00,1915.55,1920.0,1910.45,1920.0,13433
2024-06-04 10:03:00,1921.0,1921.0,1912.05,1918.95,16069
2024-06-04 10:04:00,1918.6,1919.0,1916.0,1919.0,8306
2024-06-04 10:05:00,1918.0,1936.45,1913.55,1936.45,33243
2024-06-04 10:06:00,1934.75,1937.5,1926.1,1928.75,17289
2024-06-04 10:07:00,1928.55,1932.75,1922.45,1928.0,17295
2024-06-04 10:08:00,1925.1,1929.55,1922.0,1928.8,14989
2024-06-04 10:09:00,1928.8,1930.0,1925.8,1927.75,7655
2024-06-04 10:10:00,1928.95,1936.0,1928.5,1933.55,13303
2024-06-04 10:11:00,1933.45,1939.6,1931.05,1938.8,14559
2024-06-04 10:12:00,1938.8,1939.0,1924.35,1927.0,22699
2024-06-04 10:13:00,1926.95,1931.0,1925.3,1929.25,12935
2024-06-04 10:14:00,1929.2,1930.0,1923.15,1928.1,19162
2024-06-04 10:15:00,1928.0,1929.35,1913.75,1919.6,24895
2024-06-04 10:16:00,1922.85,1926.85,1919.6,1926.4,6918
2024-06-04 10:17:00,1926.4,1930.0,1923.05,1930.0,8695
2024-06-04 10:18:00,1930.0,1930.0,1919.95,1923.25,17657
2024-06-04 10:19:00,1923.05,1923.7,1917.0,1919.0,13271
2024-06-04 10:20:00,1917.45,1919.9,1911.1,1912.05,14842
2024-06-04 10:21:00,1913.8,1914.95,1897.6,1905.0,51645
2024-06-04 10:22:00,1905.0,1909.6,1896.45,1900.0,22386
2024-06-04 10:23:00,1900.0,1907.9,1894.55,1905.5,17974
2024-06-04 10:24:00,1907.0,1914.8,1905.65,1914.8,5812
2024-06-04 10:25:00,1914.8,1914.8,1906.0,1907.0,12905
2024-06-04 10:26:00,1907.0,1907.0,1901.0,1905.4,7213
2024-06-04 10:27:00,1905.4,1909.0,1900.3,1905.8,7306
2024-06-04 10:28:00,1905.8,1907.6,1901.0,1901.25,6378
2024-06-04 10:29:00,1902.0,1907.95,1898.95,1899.5,8815
2024-06-04 10:30:00,1898.2,1903.9,1898.2,1901.25,6040
2024-06-04 10:31:00,1901.25,1904.65,1888.05,1893.7,33115
2024-06-04 10:32:00,1893.7,1895.0,1889.75,1895.0,7632
2024-06-04 10:33:00,1895.0,1895.0,1882.0,1882.1,12664
2024-06-04 10:34:00,1881.95,1883.5,1873.05,1876.15,67767
2024-06-04 10:35:00,1876.15,1892.9,1875.1,1889.8,17829
2024-06-04 10:36:00,1889.0,1894.8,1887.0,1889.85,10801
2024-06-04 10:37:00,1889.0,1890.0,1887.1,1889.8,5672
2024-06-04 10:38:00,1888.95,1891.0,1882.0,1886.35,12664
2024-06-04 10:39:00,1884.5,1886.35,1880.0,1880.0,7339
2024-06-04 10:40:00,1881.8,1885.0,1875.15,1877.85,17411
2024-06-04 10:41:00,1876.3,1876.85,1868.1,1873.3,22079
2024-06-04 10:42:00,1873.2,1873.3,1865.0,1867.5,11452
2024-06-04 10:43:00,1867.5,1868.0,1860.0,1865.8,21806
2024-06-04 10:44:00,1864.55,1865.85,1856.1,1859.6,13220
2024-06-04 10:45:00,1859.6,1862.55,1855.0,1858.75,13476
2024-06-04 10:46:00,1859.8,1862.5,1845.95,1859.9,30271
2024-06-04 10:47:00,1858.3,1859.5,1848.65,1852.75,16578
2024-06-04 10:48:00,1854.4,1862.0,1853.15,1861.5,19103
2024-06-04 10:49:00,1861.55,1862.0,1840.0,1841.55,22501
2024-06-04 10:50:00,1837.3,1839.05,1815.85,1826.0,36700
2024-06-04 10:51:00,1828.0,1828.0,1815.0,1816.45,23696
2024-06-04 10:52:00,1816.05,1817.9,1792.55,1795.35,45147
2024-06-04 10:53:00,1795.0,1817.0,1782.3,1809.45,36066
2024-06-04 10:54:00,1811.95,1828.85,1810.35,1815.1,25706
2024-06-04 10:55:00,1815.25,1816.85,1788.0,1790.0,27855
2024-06-04 10:56:00,1786.75,1793.55,1753.55,1753.55,63584
2024-06-04 10:57:00,1755.0,1784.8,1753.6,1784.65,42572
2024-06-04 10:58:00,1784.7,1796.4,1781.35,1794.95,25569
2024-06-04 10:59:00,1795.0,1795.0,1772.05,1781.75,25461
2024-06-04 11:00:00,1781.65,1785.55,1760.4,1763.85,30325
2024-06-04 11:01:00,1764.05,1773.0,1719.9,1719.9,62419
2024-06-04 11:02:00,1715.55,1752.0,1715.0,1746.55,49774
2024-06-04 11:03:00,1745.35,1747.0,1736.15,1738.0,23990
2024-06-04 11:04:00,1738.95,1739.05,1720.15,1722.9,42954
2024-06-04 11:05:00,1722.65,1724.45,1700.0,1703.65,54215
2024-06-04 11:06:00,1703.85,1708.1,1695.05,1707.0,49145
2024-06-04 11:07:00,1707.7,1707.7,1685.95,1689.0,38438
2024-06-04 11:08:00,1690.7,1697.0,1675.1,1677.6,59108
2024-06-04 11:09:00,1677.25,1711.95,1670.0,1706.0,73852
2024-06-04 11:10:00,1707.6,1719.8,1706.25,1710.0,25006
2024-06-04 11:11:00,1709.95,1714.8,1706.0,1706.0,24988
2024-06-04 11:12:00,1706.95,1707.0,1694.9,1699.3,28782
2024-06-04 11:13:00,1700.0,1700.0,1686.3,1693.2,25986
2024-06-04 11:14:00,1692.25,1697.65,1686.25,1687.65,20213
2024-06-04 11:15:00,1686.75,1689.95,1672.0,1677.05,34737
2024-06-04 11:16:00,1677.05,1688.8,1675.0,1688.0,19978
2024-06-04 11:17:00,1688.0,1688.0,1685.4,1685.7,12305
2024-06-04 11:18:00,1687.0,1687.0,1677.65,1683.0,23458
2024-06-04 11:19:00,1685.0,1688.8,1681.0,1682.0,24418
2024-06-04 11:20:00,1682.0,1688.8,1680.0,1686.6,27893
2024-06-04 11:21:00,1684.05,1686.6,1666.8,1672.0,51125
2024-06-04 11:22:00,1672.0,1686.0,1670.45,1683.9,28249
2024-06-04 11:23:00,1682.2,1725.0,1680.1,1722.0,137504
2024-06-04 11:24:00,1730.0,1741.9,1728.8,1741.0,52646
2024-06-04 11:25:00,1743.05,1747.7,1720.0,1722.95,34085
2024-06-04 11:26:00,1722.7,1733.55,1720.0,1733.55,15830
2024-06-04 11:27:00,1736.4,1738.15,1715.85,1716.25,22668
2024-06-04 11:28:00,1716.0,1744.2,1716.0,1732.85,16370
2024-06-04 11:29:00,1735.45,1745.0,1735.15,1741.95,27281
2024-06-04 11:30:00,1737.0,1742.0,1734.8,1741.95,13550
2024-06-04 11:31:00,1742.0,1764.8,1740.1,1764.0,22010
2024-06-04 11:32:00,1764.8,1764.8,1757.1,1762.0,15334
2024-06-04 11:33:00,1762.15,1779.95,1761.0,1771.15,15833
2024-06-04 11:34:00,1771.05,1777.15,1766.4,1771.0,21077
2024-06-04 11:35:00,1770.5,1774.0,1760.0,1770.0,15192
2024-06-04 11:36:00,1770.0,1773.5,1759.65,1768.85,14694
2024-06-04 11:37:00,1768.85,1775.7,1762.0,1770.0,15607
2024-06-04 11:38:00,1770.0,1777.7,1757.1,1766.9,11760
2024-06-04 11:39:00,1766.9,1769.8,1751.65,1751.8,9560
2024-06-04 11:40:00,1753.35,1762.05,1742.1,1754.8,17865
2024-06-04 11:41:00,1754.8,1763.2,1746.3,1750.0,11101
2024-06-04 11:42:00,1750.0,1756.1,1747.05,1752.1,8941
2024-06-04 11:43:00,1752.1,1754.9,1748.1,1752.05,9246
2024-06-04 11:44:00,1752.05,1755.0,1746.05,1751.55,10186
2024-06-04 11:45:00,1751.55,1753.9,1746.05,1746.9,7366
2024-06-04 11:46:00,1746.9,1758.75,1745.05,1754.85,6623
2024-06-04 11:47:00,1754.85,1767.8,1753.0,1767.8,7289
2024-06-04 11:48:00,1768.0,1769.8,1765.05,1767.65,9051
2024-06-04 11:49:00,1768.5,1775.0,1767.4,1769.0,12664
2024-06-04 11:50:00,1769.0,1770.0,1761.75,1765.0,9446
2024-06-04 11:51:00,1765.85,1770.0,1757.05,1769.9,9986
2024-06-04 11:52:00,1768.65,1771.0,1762.7,1763.15,5220
2024-06-04 11:53:00,1763.1,1766.5,1756.0,1758.15,6827
2024-06-04 11:54:00,1758.95,1759.15,1750.0,1751.05,11044
2024-06-04 11:55:00,1751.3,1754.0,1733.0,1734.45,22271
2024-06-04 11:56:00,1734.4,1739.65,1722.05,1722.85,14588
2024-06-04 11:57:00,1723.0,1735.55,1702.1,1703.85,31488
2024-06-04 11:58:00,1701.25,1719.95,1694.5,1695.1,32724
2024-06-04 11:59:00,1695.05,1699.95,1687.0,1697.55,15974
2024-06-04 12:00:00,1696.5,1698.35,1691.95,1693.5,10308
2024-06-04 12:01:00,1695.0,1704.5,1693.1,1704.5,9174
2024-06-04 12:02:00,1704.65,1715.1,1704.65,1711.0,15863
2024-06-04 12:03:00,1711.0,1712.95,1695.0,1695.0,11049
2024-06-04 12:04:00,1695.45,1704.95,1695.0,1697.6,8444
2024-06-04 12:05:00,1697.2,1697.95,1691.15,1694.55,9085
2024-06-04 12:06:00,1695.0,1696.25,1686.05,1686.05,15801
2024-06-04 12:07:00,1688.95,1696.5,1682.85,1695.7,11681
2024-06-04 12:08:00,1690.2,1699.55,1682.1,1688.15,25664
2024-06-04 12:09:00,1685.4,1688.15,1681.05,1684.1,8778
2024-06-04 12:10:00,1684.1,1685.8,1677.0,1677.2,18291
2024-06-04 12:11:00,1678.9,1679.95,1670.0,1670.0,22160
2024-06-04 12:12:00,1671.0,1688.0,1670.0,1685.15,17925
2024-06-04 12:13:00,1684.4,1693.5,1681.0,1684.0,15202
2024-06-04 12:14:00,1684.95,1685.0,1667.8,1667.85,22408
2024-06-04 12:15:00,1667.85,1682.9,1665.1,1670.0,16477
2024-06-04 12:16:00,1668.2,1670.0,1660.0,1662.0,33095
2024-06-04 12:17:00,1661.05,1669.0,1660.0,1667.0,14240
2024-06-04 12:18:00,1666.45,1666.45,1645.0,1646.8,52184
2024-06-04 12:19:00,1645.35,1655.0,1644.0,1652.95,16426
2024-06-04 12:20:00,1652.95,1653.45,1640.1,1643.0,18186
2024-06-04 12:21:00,1643.85,1643.95,1640.0,1641.05,11499
2024-06-04 12:22:00,1641.05,1641.05,1635.55,1636.05,38038
2024-06-04 12:23:00,1637.6,1639.0,1635.55,1637.75,11178
2024-06-04 12:24:00,1637.75,1637.75,1635.55,1635.6,13673
2024-06-04 12:25:00,1636.05,1644.9,1635.55,1644.1,12442
2024-06-04 12:26:00,1644.05,1644.3,1635.8,1636.0,11928
2024-06-04 12:27:00,1636.0,1639.95,1630.4,1631.0,46877
2024-06-04 12:28:00,1631.0,1632.0,1630.4,1630.4,59244
2024-06-04 12:29:00,1630.4,1630.4,1630.4,1630.4,6850
2024-06-04 12:30:00,1630.4,1630.4,1630.4,1630.4,43060
2024-06-04 12:31:00,1630.4,1640.0,1630.4,1640.0,57983
2024-06-04 12:32:00,1640.0,1654.05,1637.65,1644.35,23575
2024-06-04 12:33:00,1644.25,1646.15,1642.05,1644.05,7129
2024-06-04 12:34:00,1644.05,1644.1,1641.5,1644.1,12005
2024-06-04 12:35:00,1644.1,1664.05,1637.2,1660.6,18490
2024-06-04 12:36:00,1653.0,1664.8,1649.4,1655.0,20533
2024-06-04 12:37:00,1653.95,1660.55,1647.65,1647.65,13594
2024-06-04 12:38:00,1646.15,1650.0,1644.0,1650.0,18176
2024-06-04 12:39:00,1649.5,1650.0,1646.45,1649.7,12864
2024-06-04 12:40:00,1649.7,1668.8,1646.9,1663.7,13193
2024-06-04 12:41:00,1660.55,1668.8,1660.55,1666.7,13460
2024-06-04 12:42:00,1666.7,1681.0,1666.7,1679.8,8570
2024-06-04 12:43:00,1679.65,1686.0,1674.9,1679.15,14622
2024-06-04 12:44:00,1678.95,1690.0,1678.95,1689.95,8904
2024-06-04 12:45:00,1689.8,1699.55,1685.15,1685.15,20880
2024-06-04 12:46:00,1684.0,1697.05,1680.35,1685.0,15671
2024-06-04 12:47:00,1689.4,1690.0,1687.25,1688.1,14450
2024-06-04 12:48:00,1689.0,1690.0,1689.0,1689.7,18990
2024-06-04 12:49:00,1689.7,1700.0,1689.7,1699.0,25165
2024-06-04 12:50:00,1698.0,1700.0,1692.8,1697.45,13821
2024-06-04 12:51:00,1696.95,1696.95,1676.0,1685.0,17727
2024-06-04 12:52:00,1689.45,1698.8,1686.65,1698.8,9388
2024-06-04 12:53:00,1698.55,1701.0,1698.15,1699.95,64113
2024-06-04 12:54:00,1700.0,1700.0,1698.05,1698.95,48130
2024-06-04 12:55:00,1698.95,1708.8,1698.9,1704.95,19334
2024-06-04 12:56:00,1703.8,1714.8,1696.0,1696.0,17761
2024-06-04 12:57:00,1699.5,1707.2,1689.85,1702.1,19892
2024-06-04 12:58:00,1702.15,1705.0,1690.0,1700.2,10857
2024-06-04 12:59:00,1701.8,1705.0,1695.4,1698.0,9798
2024-06-04 13:00:00,1699.55,1700.0,1691.4,1694.15,6975
2024-06-04 13:01:00,1694.2,1699.95,1683.75,1699.0,11681
2024-06-04 13:02:00,1699.0,1700.0,1697.65,1700.0,8834
2024-06-04 13:03:00,1700.0,1701.0,1699.05,1700.0,11018
2024-06-04 13:04:00,1700.0,1700.0,1697.05,1699.2,8548
2024-06-04 13:05:00,1699.25,1700.0,1693.75,1694.6,12761
2024-06-04 13:06:00,1694.5,1700.0,1693.3,1699.8,6457
2024-06-04 13:07:00,1699.8,1700.0,1692.2,1697.55,6859
2024-06-04 13:08:00,1697.95,1697.95,1690.5,1694.95,10676
2024-06-04 13:09:00,1693.5,1698.0,1693.5,1698.0,5724
2024-06-04 13:10:00,1696.5,1698.0,1696.0,1696.85,8126
2024-06-04 13:11:00,1696.85,1698.0,1695.85,1697.9,4691
2024-06-04 13:12:00,1696.05,1697.95,1694.0,1697.15,13069
2024-06-04 13:13:00,1697.15,1698.5,1696.0,1698.0,11116
2024-06-04 13:14:00,1698.0,1698.8,1697.6,1698.8,7398
2024-06-04 13:15:00,1698.8,1698.8,1695.0,1696.5,5878
2024-06-04 13:16:00,1696.5,1698.0,1695.8,1697.0,11248
2024-06-04 13:17:00,1698.0,1698.5,1696.3,1698.0,17256
2024-06-04 13:18:00,1698.0,1698.5,1696.05,1698.0,8274
2024-06-04 13:19:00,1698.0,1700.0,1696.15,1700.0,28487
2024-06-04 13:20:00,1700.0,1717.8,1700.0,1717.8,20506
2024-06-04 13:21:00,1718.8,1728.0,1717.8,1721.8,26918
2024-06-04 13:22:00,1721.8,1725.9,1719.65,1724.5,18074
2024-06-04 13:23:00,1724.65,1734.25,1724.65,1733.8,26091
2024-06-04 13:24:00,1733.75,1733.75,1720.3,1729.0,16551
2024-06-04 13:25:00,1727.65,1734.9,1727.15,1733.7,12943
2024-06-04 13:26:00,1733.7,1734.0,1724.05,1724.75,15745
2024-06-04 13:27:00,1724.75,1728.0,1719.0,1727.3,20654
2024-06-04 13:28:00,1729.9,1732.0,1722.95,1731.7,10751
2024-06-04 13:29:00,1730.95,1734.0,1730.45,1734.0,11206
2024-06-04 13:30:00,1734.0,1734.0,1728.4,1732.75,9267
2024-06-04 13:31:00,1730.6,1733.0,1725.05,1727.55,8823
2024-06-04 13:32:00,1727.5,1730.0,1725.7,1727.1,7662
2024-06-04 13:33:00,1727.15,1735.0,1725.1,1735.0,12578
2024-06-04 13:34:00,1735.0,1744.95,1734.6,1742.3,13423
2024-06-04 13:35:00,1742.3,1748.9,1740.7,1747.7,15961
2024-06-04 13:36:00,1747.85,1750.0,1746.0,1749.45,13985
2024-06-04 13:37:00,1749.7,1750.0,1742.75,1743.5,14571
2024-06-04 13:38:00,1743.5,1750.0,1741.55,1749.35,10647
2024-06-04 13:39:00,1750.0,1750.0,1742.45,1744.7,13918
2024-06-04 13:40:00,1743.25,1745.0,1732.2,1741.95,13347
2024-06-04 13:41:00,1741.65,1744.9,1739.5,1743.45,7975
2024-06-04 13:42:00,1743.95,1745.0,1736.0,1745.0,11667
2024-06-04 13:43:00,1743.55,1745.0,1742.2,1744.6,16607
2024-06-04 13:44:00,1744.6,1746.0,1743.1,1745.9,14477
2024-06-04 13:45:00,1745.9,1750.0,1744.75,1750.0,17402
2024-06-04 13:46:00,1749.9,1758.0,1748.1,1755.0,15405
2024-06-04 13:47:00,1758.0,1767.9,1758.0,1763.8,17202
2024-06-04 13:48:00,1763.95,1769.9,1763.45,1769.0,33675
2024-06-04 13:49:00,1767.0,1772.85,1765.5,1770.35,20642
2024-06-04 13:50:00,1772.0,1780.0,1769.1,1780.0,19461
2024-06-04 13:51:00,1780.0,1784.0,1777.0,1782.05,28558
2024-06-04 13:52:00,1782.95,1785.0,1774.15,1785.0,24916
2024-06-04 13:53:00,1785.0,1785.0,1777.6,1778.0,16477
2024-06-04 13:54:00,1778.0,1782.55,1773.1,1779.0,15465
2024-06-04 13:55:00,1778.1,1779.95,1764.75,1774.0,17733
2024-06-04 13:56:00,1774.0,1774.0,1759.35,1765.6,15208
2024-06-04 13:57:00,1767.3,1773.95,1744.75,1747.3,26013
2024-06-04 13:58:00,1748.1,1772.6,1743.1,1768.0,13363
2024-06-04 13:59:00,1767.95,1778.4,1765.75,1778.4,11544
2024-06-04 14:00:00,1778.7,1780.0,1773.35,1774.0,13396
2024-06-04 14:01:00,1775.45,1777.95,1765.15,1765.75,12558
2024-06-04 14:02:00,1766.75,1775.0,1765.2,1768.85,10922
2024-06-04 14:03:00,1768.8,1771.5,1760.55,1769.0,9467
2024-06-04 14:04:00,1770.0,1770.0,1751.0,1751.0,7383
2024-06-04 14:05:00,1748.25,1753.55,1727.0,1730.5,39675
2024-06-04 14:06:00,1730.0,1745.0,1725.5,1739.25,13012
2024-06-04 14:07:00,1739.25,1753.7,1735.1,1743.75,11981
2024-06-04 14:08:00,1745.0,1749.7,1741.55,1742.9,5250
2024-06-04 14:09:00,1742.9,1748.7,1740.55,1747.0,6251
2024-06-04 14:10:00,1747.35,1750.0,1738.0,1744.0,8402
2024-06-04 14:11:00,1746.25,1747.0,1739.9,1739.9,9274
2024-06-04 14:12:00,1738.4,1745.5,1730.2,1739.1,12952
2024-06-04 14:13:00,1736.85,1739.65,1730.0,1739.65,8114
2024-06-04 14:14:00,1738.85,1741.0,1732.0,1736.8,7980
2024-06-04 14:15:00,1733.0,1734.95,1724.1,1724.1,9349
2024-06-04 14:16:00,1725.0,1728.95,1710.05,1711.0,14084
2024-06-04 14:17:00,1710.05,1720.0,1710.0,1714.5,8770
2024-06-04 14:18:00,1716.25,1729.95,1713.45,1722.4,12472
2024-06-04 14:19:00,1722.55,1728.15,1720.05,1720.15,7558
2024-06-04 14:20:00,1724.45,1729.0,1720.0,1724.1,7857
2024-06-04 14:21:00,1724.1,1729.0,1719.0,1725.95,5098
2024-06-04 14:22:00,1727.75,1728.45,1710.0,1713.75,11297
2024-06-04 14:23:00,1715.0,1718.0,1702.55,1705.3,8322
2024-06-04 14:24:00,1704.6,1714.8,1704.2,1714.8,7309
2024-06-04 14:25:00,1714.95,1715.0,1704.2,1709.7,7121
2024-06-04 14:26:00,1709.95,1711.4,1704.05,1708.0,7797
2024-06-04 14:27:00,1706.4,1706.95,1695.0,1695.0,19885
2024-06-04 14:28:00,1695.0,1709.9,1694.0,1706.55,10602
2024-06-04 14:29:00,1706.55,1712.9,1702.0,1702.0,9711
2024-06-04 14:30:00,1703.25,1722.0,1703.25,1719.9,12043
2024-06-04 14:31:00,1719.8,1729.0,1715.0,1724.0,9132
2024-06-04 14:32:00,1724.0,1729.9,1720.55,1727.0,10320
2024-06-04 14:33:00,1726.7,1728.9,1717.0,1723.85,16107
2024-06-04 14:34:00,1723.85,1724.95,1720.0,1722.8,3292
2024-06-04 14:35:00,1722.8,1724.7,1715.0,1717.05,10645
2024-06-04 14:36:00,1716.85,1720.0,1712.0,1720.0,8467
2024-06-04 14:37:00,1720.05,1723.5,1717.0,1723.35,5413
2024-06-04 14:38:00,1724.0,1724.0,1715.65,1718.0,4443
2024-06-04 14:39:00,1719.0,1721.55,1710.3,1721.5,6783
2024-06-04 14:40:00,1719.8,1723.0,1713.75,1714.9,5707
2024-06-04 14:41:00,1714.9,1719.5,1710.0,1710.0,5908
2024-06-04 14:42:00,1713.45,1718.85,1708.1,1715.9,5354
2024-06-04 14:43:00,1717.15,1717.15,1709.6,1714.75,4720
2024-06-04 14:44:00,1712.8,1712.8,1697.0,1698.8,16795
2024-06-04 14:45:00,1697.0,1700.0,1692.4,1697.0,12310
2024-06-04 14:46:00,1699.0,1700.0,1685.55,1690.3,18278
2024-06-04 14:47:00,1692.0,1694.95,1685.4,1688.2,10886
2024-06-04 14:48:00,1689.8,1690.0,1681.0,1681.0,9237
2024-06-04 14:49:00,1682.85,1683.8,1679.5,1682.6,14197
2024-06-04 14:50:00,1680.6,1687.85,1679.0,1680.4,12702
2024-06-04 14:51:00,1679.0,1685.8,1673.0,1674.6,14187
2024-06-04 14:52:00,1673.6,1679.25,1656.0,1656.0,25821
2024-06-04 14:53:00,1656.0,1659.45,1647.35,1653.85,50852
2024-06-04 14:54:00,1653.85,1657.7,1646.6,1651.9,17333
2024-06-04 14:55:00,1652.0,1672.0,1650.25,1672.0,13070
2024-06-04 14:56:00,1671.8,1674.8,1660.5,1665.0,13056
2024-06-04 14:57:00,1663.55,1665.0,1656.9,1656.9,10795
2024-06-04 14:58:00,1658.0,1658.0,1651.0,1655.95,16239
2024-06-04 14:59:00,1656.7,1657.0,1630.45,1633.0,65757
2024-06-04 15:00:00,1633.0,1635.0,1631.0,1634.0,25858
2024-06-04 15:01:00,1635.0,1635.0,1632.15,1634.0,14050
2024-06-04 15:02:00,1633.95,1658.0,1633.9,1656.15,36360
2024-06-04 15:03:00,1655.5,1658.0,1645.0,1650.0,16624
2024-06-04 15:04:00,1649.95,1651.25,1645.35,1649.9,8541
2024-06-04 15:05:00,1650.1,1652.0,1640.35,1645.9,10014
2024-06-04 15:06:00,1647.05,1648.0,1644.2,1647.4,6066
2024-06-04 15:07:00,1648.0,1648.0,1644.5,1647.7,10844
2024-06-04 15:08:00,1647.7,1648.0,1644.9,1647.75,11113
2024-06-04 15:09:00,1647.95,1649.95,1645.0,1649.95,10450
2024-06-04 15:10:00,1650.0,1656.35,1649.55,1654.6,13407
2024-06-04 15:11:00,1654.6,1655.0,1652.5,1654.0,10413
2024-06-04 15:12:00,1654.0,1670.0,1654.0,1667.0,15414
2024-06-04 15:13:00,1668.7,1674.3,1664.0,1671.9,10025
2024-06-04 15:14:00,1671.9,1675.0,1669.0,1670.0,13084
2024-06-04 15:15:00,1670.0,1670.0,1657.3,1665.0,15213
2024-06-04 15:16:00,1667.0,1667.65,1660.0,1661.95,10512
2024-06-04 15:17:00,1661.0,1664.35,1660.15,1661.35,8551
2024-06-04 15:18:00,1660.3,1661.55,1649.0,1650.75,20293
2024-06-04 15:19:00,1652.0,1653.0,1645.0,1645.0,13371
2024-06-04 15:20:00,1646.9,1648.8,1631.55,1633.55,48577
2024-06-04 15:21:00,1639.0,1639.0,1632.0,1639.0,17624
2024-06-04 15:22:00,1638.7,1644.0,1633.75,1642.5,16715
2024-06-04 15:23:00,1642.5,1645.0,1641.95,1644.8,9813
2024-06-04 15:24:00,1644.8,1644.8,1641.3,1642.0,12129
2024-06-04 15:25:00,1641.95,1642.0,1640.0,1641.4,15803
2024-06-04 15:26:00,1641.4,1642.0,1641.4,1642.0,11788
2024-06-04 15:27:00,1641.9,1642.0,1640.5,1641.0,20111
2024-06-04 15:28:00,1641.0,1641.0,1636.15,1636.15,29515
2024-06-04 15:29:00,1637.0,1643.0,1634.95,1641.95,19015
2024-06-05 09:15:00,1704.0,1725.0,1683.8,1687.2,85246
2024-06-05 09:16:00,1686.4,1709.95,1682.65,1692.65,60240
2024-06-05 09:17:00,1692.65,1695.05,1666.0,1669.8,83902
2024-06-05 09:18:00,1669.15,1688.85,1643.05,1643.05,64218
2024-06-05 09:19:00,1644.3,1648.5,1574.25,1627.2,81477
2024-06-05 09:20:00,1632.35,1670.75,1592.0,1592.0,65758
2024-06-05 09:21:00,1592.3,1626.6,1587.7,1621.15,53912
2024-06-05 09:22:00,1613.85,1613.85,1572.35,1585.35,47907
2024-06-05 09:23:00,1588.85,1589.55,1572.3,1578.25,33739
2024-06-05 09:24:00,1578.15,1578.65,1545.15,1558.95,59212
2024-06-05 09:25:00,1558.2,1636.5,1557.05,1630.35,45090
2024-06-05 09:26:00,1633.7,1649.7,1624.35,1640.4,42547
2024-06-05 09:27:00,1642.0,1699.9,1634.4,1696.0,56200
2024-06-05 09:28:00,1691.0,1691.0,1635.45,1685.0,50350
2024-06-05 09:29:00,1684.95,1693.8,1669.0,1678.9,26543
2024-06-05 09:30:00,1678.8,1690.0,1670.2,1679.7,18316
2024-06-05 09:31:00,1681.15,1681.15,1641.45,1655.9,28110
2024-06-05 09:32:00,1653.1,1668.15,1646.4,1662.9,19721
2024-06-05 09:33:00,1663.95,1684.45,1654.0,1683.95,30932
2024-06-05 09:34:00,1682.0,1688.0,1666.95,1670.2,19320
2024-06-05 09:35:00,1673.45,1674.9,1648.25,1651.9,23480
2024-06-05 09:36:00,1650.0,1663.5,1640.0,1642.95,18247
2024-06-05 09:37:00,1645.75,1658.0,1639.65,1644.6,34820
2024-06-05 09:38:00,1643.05,1643.45,1604.05,1624.25,45062
2024-06-05 09:39:00,1625.45,1637.75,1616.0,1621.2,32639
2024-06-05 09:40:00,1621.2,1622.2,1582.9,1608.1,46714
2024-06-05 09:41:00,1607.5,1650.0,1606.15,1643.15,22963
2024-06-05 09:42:00,1643.95,1643.95,1609.2,1619.0,20414
2024-06-05 09:43:00,1619.0,1624.7,1581.85,1597.95,34152
2024-06-05 09:44:00,1596.2,1596.2,1581.15,1585.0,17875
2024-06-05 09:45:00,1589.25,1617.55,1587.85,1612.0,18335
2024-06-05 09:46:00,1611.85,1611.85,1601.05,1603.0,9598
2024-06-05 09:47:00,1603.75,1603.75,1587.7,1599.1,12895
2024-06-05 09:48:00,1599.85,1622.85,1593.3,1619.05,16883
2024-06-05 09:49:00,1617.15,1618.05,1604.8,1610.3,13932
2024-06-05 09:50:00,1608.05,1625.0,1608.05,1624.3,29340
2024-06-05 09:51:00,1624.7,1628.95,1610.0,1610.05,25780
2024-06-05 09:52:00,1611.75,1629.3,1610.0,1623.45,9533
2024-06-05 09:53:00,1622.9,1626.0,1611.0,1618.0,7009
2024-06-05 09:54:00,1618.1,1625.0,1613.0,1620.5,8251
2024-06-05 09:55:00,1620.5,1632.5,1617.95,1630.85,14028
2024-06-05 09:56:00,1631.9,1635.0,1627.0,1634.55,13892
2024-06-05 09:57:00,1634.85,1634.85,1622.55,1626.65,8728
2024-06-05 09:58:00,1626.65,1635.0,1623.2,1626.8,7536
2024-06-05 09:59:00,1626.45,1640.0,1625.5,1639.45,14492
2024-06-05 10:00:00,1638.55,1645.0,1637.7,1644.95,9980
2024-06-05 10:01:00,1643.85,1666.0,1642.85,1651.5,21360
2024-06-05 10:02:00,1651.5,1654.0,1645.0,1654.0,10167
2024-06-05 10:03:00,1654.0,1654.0,1632.3,1642.7,11681
2024-06-05 10:04:00,1641.9,1648.95,1639.05,1642.1,8123
2024-06-05 10:05:00,1641.95,1643.85,1636.2,1642.0,5229
2024-06-05 10:06:00,1643.0,1643.0,1631.05,1635.55,9704
2024-06-05 10:07:00,1635.55,1647.75,1633.45,1643.8,9183
2024-06-05 10:08:00,1643.8,1647.55,1640.45,1644.3,4704
2024-06-05 10:09:00,1643.2,1655.9,1643.15,1655.9,12214
2024-06-05 10:10:00,1655.9,1658.7,1655.0,1655.65,6774
2024-06-05 10:11:00,1655.65,1657.0,1648.8,1651.75,6220
2024-06-05 10:12:00,1652.0,1652.0,1647.2,1651.65,5339
2024-06-05 10:13:00,1651.75,1653.4,1647.0,1649.95,3639
2024-06-05 10:14:00,1649.95,1653.4,1647.0,1647.0,5992
2024-06-05 10:15:00,1643.55,1654.95,1637.0,1637.0,15288
2024-06-05 10:16:00,1635.0,1646.35,1632.2,1644.8,10417
2024-06-05 10:17:00,1644.1,1644.1,1632.45,1632.45,5188
2024-06-05 10:18:00,1634.2,1637.4,1626.05,1629.8,8122
2024-06-05 10:19:00,1627.95,1634.7,1627.65,1632.75,5405
2024-06-05 10:20:00,1632.5,1635.1,1626.4,1634.25,6651
2024-06-05 10:21:00,1634.15,1643.6,1630.05,1635.95,3638
2024-06-05 10:22:00,1637.7,1648.0,1635.65,1648.0,7168
2024-06-05 10:23:00,1648.0,1648.0,1641.3,1642.85,2493
2024-06-05 10:24:00,1641.5,1644.4,1635.0,1641.95,4626
2024-06-05 10:25:00,1641.25,1646.6,1640.2,1641.6,3639
2024-06-05 10:26:00,1642.35,1643.9,1635.0,1641.0,9482
2024-06-05 10:27:00,1641.55,1641.55,1634.05,1636.05,2189
2024-06-05 10:28:00,1637.95,1637.95,1631.7,1631.7,5066
2024-06-05 10:29:00,1630.5,1632.65,1627.2,1628.8,3737
2024-06-05 10:30:00,1629.95,1639.2,1628.9,1635.45,3355
2024-06-05 10:31:00,1635.45,1638.05,1634.0,1635.4,1550
2024-06-05 10:32:00,1635.4,1635.45,1630.0,1634.9,1306
2024-06-05 10:33:00,1634.95,1642.0,1634.5,1639.1,2839
2024-06-05 10:34:00,1639.05,1640.25,1636.45,1639.0,1565
2024-06-05 10:35:00,1639.0,1639.0,1634.9,1635.2,1158
2024-06-05 10:36:00,1636.0,1636.5,1630.0,1630.15,6591
2024-06-05 10:37:00,1629.0,1636.15,1628.35,1634.9,4058
2024-06-05 10:38:00,1636.15,1637.25,1635.2,1635.75,815
2024-06-05 10:39:00,1636.8,1638.85,1633.9,1638.85,2646
2024-06-05 10:40:00,1638.95,1638.95,1633.1,1636.0,2033
2024-06-05 10:41:00,1635.8,1644.0,1635.0,1643.2,5859
2024-06-05 10:42:00,1646.5,1647.5,1644.0,1645.45,5078
2024-06-05 10:43:00,1643.55,1650.0,1641.95,1650.0,14119
2024-06-05 10:44:00,1650.0,1650.0,1645.75,1648.95,3980
2024-06-05 10:45:00,1648.95,1648.95,1642.0,1645.0,7767
2024-06-05 10:46:00,1645.0,1664.35,1645.0,1662.6,24904
2024-06-05 10:47:00,1664.95,1665.0,1659.55,1662.1,9090
2024-06-05 10:48:00,1663.35,1670.0,1662.15,1669.25,17257
2024-06-05 10:49:00,1670.0,1681.6,1670.0,1676.0,8057
2024-06-05 10:50:00,1674.95,1684.65,1671.55,1677.0,10441
2024-06-05 10:51:00,1678.4,1678.9,1667.35,1678.0,13704
2024-06-05 10:52:00,1677.85,1682.0,1673.1,1674.6,8024
2024-06-05 10:53:00,1676.0,1683.0,1674.9,1683.0,8149
2024-06-05 10:54:00,1682.15,1686.05,1681.65,1685.0,11568
2024-06-05 10:55:00,1685.0,1688.0,1678.25,1685.4,14535
2024-06-05 10:56:00,1685.4,1699.0,1685.4,1696.75,35360
2024-06-05 10:57:00,1697.0,1718.55,1696.35,1717.6,32152
2024-06-05 10:58:00,1718.9,1720.0,1699.0,1706.0,17184
2024-06-05 10:59:00,1705.9,1722.0,1703.05,1720.7,19971
2024-06-05 11:00:00,1718.25,1720.0,1711.2,1714.45,11409
2024-06-05 11:01:00,1714.45,1716.5,1699.45,1699.45,12708
2024-06-05 11:02:00,1700.95,1710.0,1698.25,1709.6,14089
2024-06-05 11:03:00,1709.7,1715.0,1703.6,1709.0,10208
2024-06-05 11:04:00,1708.35,1717.0,1705.05,1717.0,12734
2024-06-05 11:05:00,1717.0,1717.95,1708.95,1713.55,7962
2024-06-05 11:06:00,1713.4,1735.0,1711.5,1733.45,36209
2024-06-05 11:07:00,1733.95,1735.0,1732.0,1733.4,30239
2024-06-05 11:08:00,1733.4,1750.0,1728.4,1745.8,49718
2024-06-05 11:09:00,1745.8,1750.0,1742.55,1747.55,29719
2024-06-05 11:10:00,1747.55,1769.95,1747.55,1768.5,28466
2024-06-05 11:11:00,1768.5,1772.0,1752.15,1761.4,24365
2024-06-05 11:12:00,1760.4,1770.0,1755.7,1763.0,22550
2024-06-05 11:13:00,1762.7,1762.7,1752.25,1760.0,14741
2024-06-05 11:14:00,1760.0,1760.0,1736.8,1747.2,23416
2024-06-05 11:15:00,1747.2,1747.2,1728.45,1738.35,15704
2024-06-05 11:16:00,1738.35,1757.8,1738.05,1753.1,16253
2024-06-05 11:17:00,1753.3,1758.65,1751.35,1757.3,9750
2024-06-05 11:18:00,1757.5,1757.9,1749.2,1752.9,16749
2024-06-05 11:19:00,1753.3,1754.55,1735.85,1750.0,12552
2024-06-05 11:20:00,1748.45,1755.95,1747.2,1749.5,7117
2024-06-05 11:21:00,1749.4,1764.0,1749.0,1750.0,23111
2024-06-05 11:22:00,1750.05,1754.0,1742.15,1754.0,5954
2024-06-05 11:23:00,1754.0,1755.0,1749.85,1750.25,5822
2024-06-05 11:24:00,1751.95,1751.95,1744.0,1745.35,7254
2024-06-05 11:25:00,1746.75,1754.0,1745.1,1753.2,8991
2024-06-05 11:26:00,1753.2,1760.0,1753.2,1757.1,8636
2024-06-05 11:27:00,1757.55,1757.85,1755.0,1757.0,5109
2024-06-05 11:28:00,1757.0,1759.7,1753.0,1754.95,8713
2024-06-05 11:29:00,1753.4,1758.0,1750.6,1757.95,3976
2024-06-05 11:30:00,1757.95,1759.15,1750.35,1750.35,9914
2024-06-05 11:31:00,1751.85,1752.95,1746.15,1752.7,5006
2024-06-05 11:32:00,1752.7,1753.0,1744.7,1744.7,4531
2024-06-05 11:33:00,1744.65,1747.95,1741.8,1745.9,9340
2024-06-05 11:34:00,1744.45,1754.85,1743.9,1753.1,8292
2024-06-05 11:35:00,1752.95,1754.0,1748.0,1748.8,5944
2024-06-05 11:36:00,1748.5,1749.05,1730.0,1730.8,32842
2024-06-05 11:37:00,1732.25,1735.0,1725.45,1725.45,9509
2024-06-05 11:38:00,1726.85,1737.05,1724.65,1728.25,15404
2024-06-05 11:39:00,1728.25,1728.25,1697.8,1708.9,27472
2024-06-05 11:40:00,1708.45,1726.9,1706.65,1724.8,12853
2024-06-05 11:41:00,1726.2,1728.6,1723.1,1724.95,8994
2024-06-05 11:42:00,1723.35,1725.0,1716.1,1717.35,8980
2024-06-05 11:43:00,1716.1,1716.45,1702.3,1705.0,22606
2024-06-05 11:44:00,1705.0,1719.0,1704.0,1716.0,7706
2024-06-05 11:45:00,1714.6,1715.2,1704.0,1707.65,5585
2024-06-05 11:46:00,1707.65,1734.2,1707.65,1724.5,17897
2024-06-05 11:47:00,1724.2,1736.85,1722.3,1734.25,11345
2024-06-05 11:48:00,1733.9,1735.4,1726.6,1730.0,9496
2024-06-05 11:49:00,1728.0,1729.6,1715.1,1718.4,7957
2024-06-05 11:50:00,1716.9,1723.95,1715.1,1715.45,6701
2024-06-05 11:51:00,1715.6,1729.95,1715.6,1723.4,6327
2024-06-05 11:52:00,1722.5,1728.7,1721.65,1726.9,7351
2024-06-05 11:53:00,1728.8,1746.7,1728.0,1741.55,13882
2024-06-05 11:54:00,1741.55,1743.4,1729.55,1735.0,8384
2024-06-05 11:55:00,1735.8,1745.0,1735.8,1741.3,11106
2024-06-05 11:56:00,1739.35,1749.6,1739.35,1743.35,6282
2024-06-05 11:57:00,1742.6,1746.25,1739.95,1742.15,4309
2024-06-05 11:58:00,1740.95,1742.65,1733.95,1737.05,19912
2024-06-05 11:59:00,1737.05,1741.95,1735.2,1739.0,10019
2024-06-05 12:00:00,1738.95,1740.7,1736.15,1739.35,3502
2024-06-05 12:01:00,1739.35,1749.1,1737.4,1748.0,7479
2024-06-05 12:02:00,1748.0,1754.0,1747.25,1754.0,12816
2024-06-05 12:03:00,1754.0,1754.0,1745.9,1746.2,3397
2024-06-05 12:04:00,1746.0,1752.9,1743.75,1749.2,5308
2024-06-05 12:05:00,1747.5,1748.95,1740.2,1741.6,6443
2024-06-05 12:06:00,1741.6,1744.0,1735.0,1739.15,8183
2024-06-05 12:07:00,1739.15,1747.8,1736.3,1747.0,6368
2024-06-05 12:08:00,1747.0,1747.9,1741.3,1743.75,3091
2024-06-05 12:09:00,1743.85,1747.0,1742.4,1743.5,3504
2024-06-05 12:10:00,1743.5,1744.95,1734.85,1739.85,5470
2024-06-05 12:11:00,1738.2,1744.8,1737.85,1744.8,5207
2024-06-05 12:12:00,1744.8,1748.0,1743.0,1745.0,3596
2024-06-05 12:13:00,1745.0,1745.0,1738.75,1740.0,2935
2024-06-05 12:14:00,1741.45,1749.65,1740.9,1747.95,7787
2024-06-05 12:15:00,1749.75,1749.8,1747.5,1749.8,4432
2024-06-05 12:16:00,1749.8,1755.0,1748.85,1755.0,8572
2024-06-05 12:17:00,1754.95,1757.0,1753.4,1757.0,5588
2024-06-05 12:18:00,1757.0,1757.0,1752.35,1755.8,3260
2024-06-05 12:19:00,1755.8,1758.5,1749.8,1758.5,7745
2024-06-05 12:20:00,1757.8,1758.95,1755.0,1757.25,5671
2024-06-05 12:21:00,1758.5,1759.0,1752.0,1752.55,2924
2024-06-05 12:22:00,1750.45,1752.5,1742.15,1747.15,6375
2024-06-05 12:23:00,1747.15,1750.4,1742.55,1744.35,6083
2024-06-05 12:24:00,1745.85,1749.15,1742.5,1744.2,3642
2024-06-05 12:25:00,1744.2,1747.85,1742.5,1742.5,2376
2024-06-05 12:26:00,1742.5,1745.0,1742.15,1745.0,3394
2024-06-05 12:27:00,1745.0,1746.0,1736.7,1738.65,5190
2024-06-05 12:28:00,1738.65,1745.9,1737.0,1745.5,2760
2024-06-05 12:29:00,1745.5,1745.5,1740.4,1741.35,2239
2024-06-05 12:30:00,1741.35,1745.95,1741.35,1745.95,1406
2024-06-05 12:31:00,1744.6,1745.0,1742.8,1744.25,1746
2024-06-05 12:32:00,1743.9,1744.8,1741.35,1743.4,1252
2024-06-05 12:33:00,1743.4,1748.7,1742.85,1748.55,4840
2024-06-05 12:34:00,1748.55,1748.95,1744.5,1745.75,1921
2024-06-05 12:35:00,1744.1,1745.6,1739.55,1740.8,2994
2024-06-05 12:36:00,1740.9,1743.25,1739.9,1742.4,1023
2024-06-05 12:37:00,1742.4,1747.2,1742.2,1746.95,3494
2024-06-05 12:38:00,1746.05,1748.8,1745.15,1747.95,2874
2024-06-05 12:39:00,1747.95,1749.0,1747.7,1748.95,1672
2024-06-05 12:40:00,1747.95,1748.9,1743.45,1746.6,2208
2024-06-05 12:41:00,1744.75,1745.0,1738.5,1740.25,2947
2024-06-05 12:42:00,1740.25,1742.1,1736.15,1736.15,5438
2024-06-05 12:43:00,1737.2,1737.9,1730.0,1732.0,18804
2024-06-05 12:44:00,1730.05,1734.0,1724.1,1734.0,9926
2024-06-05 12:45:00,1734.0,1734.0,1730.8,1733.85,4797
2024-06-05 12:46:00,1733.85,1735.35,1726.3,1729.0,4234
2024-06-05 12:47:00,1729.0,1734.45,1728.45,1732.1,4082
2024-06-05 12:48:00,1732.1,1732.1,1725.0,1727.2,5867
2024-06-05 12:49:00,1726.15,1727.9,1720.35,1721.0,8451
2024-06-05 12:50:00,1721.0,1731.1,1720.8,1728.85,6160
2024-06-05 12:51:00,1728.0,1732.8,1727.3,1731.1,5522
2024-06-05 12:52:00,1731.1,1735.8,1731.1,1734.45,2159
2024-06-05 12:53:00,1734.75,1740.0,1734.35,1740.0,2493
2024-06-05 12:54:00,1740.0,1744.0,1739.1,1741.45,4528
2024-06-05 12:55:00,1743.7,1745.0,1740.0,1744.4,7018
2024-06-05 12:56:00,1744.4,1755.0,1742.85,1754.75,19058
2024-06-05 12:57:00,1755.0,1758.0,1752.85,1757.1,12587
2024-06-05 12:58:00,1756.85,1757.8,1752.85,1756.65,19149
2024-06-05 12:59:00,1757.0,1762.0,1754.25,1754.45,15090
2024-06-05 13:00:00,1754.45,1758.0,1754.45,1755.9,4174
2024-06-05 13:01:00,1756.0,1765.7,1755.0,1765.0,20320
2024-06-05 13:02:00,1764.6,1768.3,1764.0,1766.85,10861
2024-06-05 13:03:00,1767.0,1783.95,1766.0,1779.7,35224
2024-06-05 13:04:00,1778.8,1790.0,1778.75,1785.55,26339
2024-06-05 13:05:00,1785.5,1785.55,1766.05,1771.05,48891
2024-06-05 13:06:00,1768.95,1789.0,1768.95,1787.8,14107
2024-06-05 13:07:00,1788.0,1790.0,1781.6,1788.05,33223
2024-06-05 13:08:00,1787.15,1795.0,1785.7,1787.0,23874
2024-06-05 13:09:00,1787.0,1787.0,1777.5,1785.0,35619
2024-06-05 13:10:00,1785.0,1785.0,1780.0,1782.0,4228
2024-06-05 13:11:00,1782.0,1788.95,1780.25,1788.95,19029
2024-06-05 13:12:00,1788.95,1790.0,1783.85,1789.95,10744
2024-06-05 13:13:00,1789.7,1792.5,1785.85,1787.95,18676
2024-06-05 13:14:00,1786.75,1793.15,1786.5,1791.3,10887
2024-06-05 13:15:00,1790.15,1794.6,1785.0,1790.3,26589
2024-06-05 13:16:00,1790.55,1790.9,1782.0,1789.65,11012
2024-06-05 13:17:00,1787.95,1789.7,1781.7,1781.85,6317
2024-06-05 13:18:00,1781.85,1784.25,1779.05,1780.85,11952
2024-06-05 13:19:00,1780.0,1787.35,1778.0,1787.2,5189
2024-06-05 13:20:00,1787.4,1792.25,1784.25,1788.9,8630
2024-06-05 13:21:00,1788.85,1790.35,1785.15,1790.35,5921
2024-06-05 13:22:00,1790.35,1792.0,1782.15,1782.15,6638
2024-06-05 13:23:00,1782.15,1783.6,1779.0,1780.45,8630
2024-06-05 13:24:00,1780.45,1782.7,1778.9,1778.9,6627
2024-06-05 13:25:00,1778.9,1783.85,1778.9,1782.15,7602
2024-06-05 13:26:00,1783.85,1786.75,1773.35,1783.2,12496
2024-06-05 13:27:00,1785.45,1785.45,1780.0,1780.55,5760
2024-06-05 13:28:00,1780.5,1784.8,1780.0,1783.15,3190
2024-06-05 13:29:00,1783.15,1788.8,1782.55,1784.55,6440
2024-06-05 13:30:00,1784.2,1786.65,1783.0,1783.0,2855
2024-06-05 13:31:00,1784.25,1784.25,1780.0,1780.35,2681
2024-06-05 13:32:00,1780.25,1782.0,1777.15,1779.05,5805
2024-06-05 13:33:00,1779.15,1788.4,1779.15,1785.0,7116
2024-06-05 13:34:00,1785.0,1788.0,1780.0,1781.8,6314
2024-06-05 13:35:00,1783.2,1791.0,1781.8,1791.0,28157
2024-06-05 13:36:00,1790.95,1790.95,1787.2,1788.0,3035
2024-06-05 13:37:00,1788.95,1789.0,1785.05,1786.1,4184
2024-06-05 13:38:00,1786.0,1788.15,1785.1,1785.6,3163
2024-06-05 13:39:00,1785.6,1787.15,1785.0,1785.6,5107
2024-06-05 13:40:00,1785.6,1786.85,1785.0,1786.85,11410
2024-06-05 13:41:00,1787.5,1793.0,1786.85,1790.35,13103
2024-06-05 13:42:00,1790.35,1813.15,1787.85,1813.15,65023
2024-06-05 13:43:00,1810.2,1825.0,1810.2,1817.6,45257
2024-06-05 13:44:00,1817.5,1819.0,1815.0,1816.85,15671
2024-06-05 13:45:00,1817.0,1817.0,1807.05,1815.6,15283
2024-06-05 13:46:00,1816.0,1818.9,1813.35,1813.4,10764
2024-06-05 13:47:00,1811.55,1815.0,1806.0,1808.45,26687
2024-06-05 13:48:00,1806.55,1812.7,1806.05,1811.7,15991
2024-06-05 13:49:00,1811.75,1825.0,1810.0,1824.0,27555
2024-06-05 13:50:00,1822.8,1824.7,1813.15,1816.15,29991
2024-06-05 13:51:00,1816.15,1821.9,1813.85,1819.9,7714
2024-06-05 13:52:00,1819.9,1820.95,1815.8,1818.8,14114
2024-06-05 13:53:00,1817.6,1819.7,1816.1,1818.55,9531
2024-06-05 13:54:00,1818.8,1820.0,1817.5,1819.1,12318
2024-06-05 13:55:00,1819.1,1823.0,1817.5,1819.3,18917
2024-06-05 13:56:00,1820.95,1834.4,1819.45,1831.8,50106
2024-06-05 13:57:00,1832.95,1832.95,1828.25,1829.85,16678
2024-06-05 13:58:00,1829.9,1831.8,1825.45,1827.1,14881
2024-06-05 13:59:00,1828.0,1830.5,1824.05,1824.85,23448
2024-06-05 14:00:00,1824.85,1824.85,1815.7,1823.55,17059
2024-06-05 14:01:00,1823.6,1827.8,1821.75,1825.7,19524
2024-06-05 14:02:00,1825.7,1826.7,1822.2,1826.7,9330
2024-06-05 14:03:00,1826.9,1827.2,1820.0,1823.0,9498
2024-06-05 14:04:00,1823.05,1825.95,1821.5,1825.85,8362
2024-06-05 14:05:00,1824.2,1830.0,1824.0,1828.7,12760
2024-06-05 14:06:00,1828.6,1829.0,1824.0,1828.9,5769
2024-06-05 14:07:00,1828.9,1828.9,1821.9,1823.0,7894
2024-06-05 14:08:00,1823.0,1824.2,1821.3,1822.95,6417
2024-06-05 14:09:00,1824.0,1828.95,1820.0,1827.4,16138
2024-06-05 14:10:00,1827.4,1827.4,1819.05,1820.6,7859
2024-06-05 14:11:00,1820.0,1820.05,1806.7,1809.0,15123
2024-06-05 14:12:00,1808.15,1810.95,1802.0,1808.1,18520
2024-06-05 14:13:00,1808.85,1808.85,1802.4,1802.95,12611
2024-06-05 14:14:00,1804.0,1804.0,1783.55,1786.6,38295
2024-06-05 14:15:00,1785.1,1800.1,1785.1,1794.05,25044
2024-06-05 14:16:00,1792.65,1794.3,1770.0,1770.0,22282
2024-06-05 14:17:00,1770.05,1792.6,1770.0,1792.4,28351
2024-06-05 14:18:00,1793.3,1795.0,1781.2,1782.7,15256
2024-06-05 14:19:00,1781.05,1788.45,1781.05,1786.3,8252
2024-06-05 14:20:00,1786.3,1786.45,1780.05,1786.4,7828
2024-06-05 14:21:00,1786.4,1804.95,1784.9,1804.95,10407
2024-06-05 14:22:00,1805.0,1812.0,1803.1,1804.0,30727
2024-06-05 14:23:00,1802.15,1808.9,1796.4,1804.3,8276
2024-06-05 14:24:00,1802.8,1804.95,1798.4,1800.45,10084
2024-06-05 14:25:00,1800.45,1809.0,1796.25,1809.0,11928
2024-06-05 14:26:00,1808.9,1816.45,1805.5,1809.7,15376
2024-06-05 14:27:00,1809.85,1811.75,1802.45,1809.0,8559
2024-06-05 14:28:00,1809.0,1810.6,1805.95,1805.95,7459
2024-06-05 14:29:00,1805.95,1811.0,1805.85,1808.5,5551
2024-06-05 14:30:00,1810.3,1819.8,1808.75,1809.3,14533
2024-06-05 14:31:00,1809.6,1811.95,1807.1,1811.95,6044
2024-06-05 14:32:00,1811.95,1815.75,1810.05,1812.25,8407
2024-06-05 14:33:00,1812.25,1812.25,1805.8,1808.25,7877
2024-06-05 14:34:00,1808.25,1813.0,1808.25,1811.0,3289
2024-06-05 14:35:00,1810.55,1814.5,1807.0,1813.5,9713
2024-06-05 14:36:00,1813.4,1815.0,1807.0,1807.15,12348
2024-06-05 14:37:00,1807.15,1812.0,1807.05,1811.95,3638
2024-06-05 14:38:00,1811.95,1815.15,1810.0,1814.0,15261
2024-06-05 14:39:00,1814.25,1815.0,1811.0,1811.9,2014
2024-06-05 14:40:00,1811.9,1814.75,1811.9,1812.6,3680
2024-06-05 14:41:00,1812.75,1812.95,1808.0,1809.0,5735
2024-06-05 14:42:00,1809.0,1809.0,1808.0,1808.5,3537
2024-06-05 14:43:00,1808.5,1809.0,1803.0,1805.2,15720
2024-06-05 14:44:00,1805.0,1807.95,1802.35,1804.1,5976
2024-06-05 14:45:00,1805.0,1810.85,1804.1,1808.3,6377
2024-06-05 14:46:00,1808.3,1815.0,1808.0,1814.35,8280
2024-06-05 14:47:00,1813.65,1813.65,1809.0,1810.05,8717
2024-06-05 14:48:00,1809.3,1811.1,1807.6,1810.9,7905
2024-06-05 14:49:00,1810.9,1811.85,1804.2,1806.1,4566
2024-06-05 14:50:00,1806.1,1808.3,1806.0,1808.0,1893
2024-06-05 14:51:00,1808.0,1809.95,1805.15,1806.0,5495
2024-06-05 14:52:00,1805.15,1805.15,1803.0,1804.55,3358
2024-06-05 14:53:00,1804.55,1807.65,1803.05,1804.0,5149
2024-06-05 14:54:00,1804.0,1809.05,1803.05,1808.4,4253
2024-06-05 14:55:00,1808.4,1814.35,1808.4,1812.65,11886
2024-06-05 14:56:00,1813.9,1814.0,1808.4,1813.4,10048
2024-06-05 14:57:00,1812.0,1814.95,1810.5,1811.95,8971
2024-06-05 14:58:00,1811.95,1818.0,1810.1,1818.0,21094
2024-06-05 14:59:00,1817.5,1819.3,1816.5,1817.25,9305
2024-06-05 15:00:00,1818.6,1829.25,1817.25,1822.55,25867
2024-06-05 15:01:00,1823.35,1828.0,1822.0,1824.1,14129
2024-06-05 15:02:00,1826.0,1826.0,1818.0,1823.4,15169
2024-06-05 15:03:00,1823.2,1826.0,1820.05,1821.55,8840
2024-06-05 15:04:00,1821.35,1823.8,1820.5,1823.6,14605
2024-06-05 15:05:00,1824.8,1824.8,1818.0,1819.55,17216
2024-06-05 15:06:00,1820.35,1820.85,1816.1,1820.2,10412
2024-06-05 15:07:00,1820.75,1825.0,1820.35,1823.9,10285
2024-06-05 15:08:00,1823.0,1823.85,1820.05,1820.9,17950
2024-06-05 15:09:00,1820.9,1822.0,1818.0,1820.05,10043
2024-06-05 15:10:00,1820.05,1821.0,1815.2,1815.9,12029
2024-06-05 15:11:00,1815.55,1819.8,1813.0,1814.55,9594
2024-06-05 15:12:00,1814.6,1816.45,1810.15,1814.4,10359
2024-06-05 15:13:00,1814.45,1817.15,1813.0,1814.05,10082
2024-06-05 15:14:00,1814.0,1818.75,1813.5,1818.1,7801
2024-06-05 15:15:00,1818.8,1826.0,1818.1,1826.0,23003
2024-06-05 15:16:00,1825.8,1831.35,1824.8,1829.9,24207
2024-06-05 15:17:00,1828.15,1840.0,1828.15,1840.0,24289
2024-06-05 15:18:00,1839.95,1843.0,1832.8,1834.15,31675
2024-06-05 15:19:00,1834.0,1839.95,1834.0,1837.5,15298
2024-06-05 15:20:00,1837.45,1849.3,1837.45,1841.75,49114
2024-06-05 15:21:00,1841.25,1842.5,1835.0,1837.85,20008
2024-06-05 15:22:00,1837.0,1837.85,1834.1,1834.2,8269
2024-06-05 15:23:00,1834.9,1835.0,1831.4,1833.0,8329
2024-06-05 15:24:00,1833.0,1835.0,1826.6,1828.75,19436
2024-06-05 15:25:00,1828.05,1831.05,1828.05,1830.55,7452
2024-06-05 15:26:00,1830.75,1832.6,1829.05,1829.7,6651
2024-06-05 15:27:00,1830.8,1831.65,1829.0,1830.0,8470
2024-06-05 15:28:00,1830.0,1830.0,1825.0,1826.65,8307
2024-06-05 15:29:00,1827.2,1829.9,1825.3,1827.55,7299
2024-06-06 09:15:00,1875.0,1900.0,1866.35,1884.0,78710
2024-06-06 09:16:00,1882.15,1919.0,1882.15,1913.65,57024
2024-06-06 09:17:00,1909.0,1910.6,1888.2,1890.85,57968
2024-06-06 09:18:00,1887.25,1909.0,1883.35,1909.0,31222
2024-06-06 09:19:00,1907.05,1909.0,1891.6,1900.0,28426
2024-06-06 09:20:00,1898.0,1898.0,1881.0,1884.6,22440
2024-06-06 09:21:00,1880.05,1894.6,1878.25,1893.7,20052
2024-06-06 09:22:00,1895.2,1899.0,1888.6,1897.35,13471
2024-06-06 09:23:00,1898.65,1898.65,1891.5,1894.0,11285
2024-06-06 09:24:00,1895.3,1895.3,1882.55,1889.5,15266
2024-06-06 09:25:00,1889.8,1893.95,1888.55,1890.0,9569
2024-06-06 09:26:00,1890.35,1898.0,1888.0,1893.0,14925
2024-06-06 09:27:00,1895.25,1895.25,1876.55,1879.15,21687
2024-06-06 09:28:00,1879.9,1885.0,1875.15,1885.0,22464
2024-06-06 09:29:00,1885.0,1894.35,1881.75,1888.55,20791
2024-06-06 09:30:00,1887.7,1894.65,1880.9,1884.95,13588
2024-06-06 09:31:00,1884.8,1890.0,1882.0,1888.9,7532
2024-06-06 09:32:00,1889.0,1890.0,1885.0,1886.9,14483
2024-06-06 09:33:00,1886.9,1894.85,1884.4,1894.7,8002
2024-06-06 09:34:00,1894.7,1896.45,1889.05,1894.0,7931
2024-06-06 09:35:00,1894.65,1909.45,1893.15,1904.0,33171
2024-06-06 09:36:00,1904.7,1909.95,1900.85,1908.4,19901
2024-06-06 09:37:00,1908.4,1912.4,1900.35,1900.35,31606
2024-06-06 09:38:00,1900.35,1903.25,1893.3,1900.05,10981
2024-06-06 09:39:00,1900.0,1903.45,1889.0,1891.2,15042
2024-06-06 09:40:00,1890.1,1899.9,1890.1,1899.85,4985
2024-06-06 09:41:00,1898.25,1899.85,1893.3,1894.6,12044
2024-06-06 09:42:00,1894.6,1895.0,1888.05,1891.15,11467
2024-06-06 09:43:00,1891.15,1895.0,1887.6,1889.75,10819
2024-06-06 09:44:00,1889.75,1895.0,1889.05,1889.75,9843
2024-06-06 09:45:00,1890.0,1891.0,1886.0,1891.0,6694
2024-06-06 09:46:00,1890.9,1895.0,1890.9,1894.3,4552
2024-06-06 09:47:00,1894.35,1894.35,1887.1,1887.95,5115
2024-06-06 09:48:00,1886.15,1887.75,1881.05,1881.05,15644
2024-06-06 09:49:00,1881.7,1881.7,1875.7,1879.15,13098
2024-06-06 09:50:00,1879.0,1883.0,1877.45,1882.1,10436
2024-06-06 09:51:00,1882.1,1890.9,1882.0,1888.8,12216
2024-06-06 09:52:00,1888.0,1889.9,1883.95,1885.5,6180
2024-06-06 09:53:00,1885.5,1891.5,1883.6,1891.5,6009
2024-06-06 09:54:00,1890.65,1891.5,1888.0,1888.55,2894
2024-06-06 09:55:00,1888.5,1890.25,1887.4,1889.9,3335
2024-06-06 09:56:00,1889.95,1895.85,1888.35,1895.5,9157
2024-06-06 09:57:00,1894.25,1896.0,1890.6,1890.8,6192
2024-06-06 09:58:00,1891.6,1893.0,1887.0,1892.0,3725
2024-06-06 09:59:00,1893.0,1894.9,1888.45,1890.2,3422
2024-06-06 10:00:00,1891.9,1895.0,1890.0,1894.05,2594
2024-06-06 10:01:00,1894.05,1897.95,1893.0,1896.95,8140
2024-06-06 10:02:00,1896.95,1903.7,1896.95,1901.05,14401
2024-06-06 10:03:00,1901.05,1908.9,1900.0,1907.8,12732
2024-06-06 10:04:00,1907.7,1909.0,1903.7,1908.55,6088
2024-06-06 10:05:00,1908.3,1909.0,1905.0,1906.0,13941
2024-06-06 10:06:00,1906.0,1906.9,1901.8,1906.9,13282
2024-06-06 10:07:00,1905.35,1908.9,1904.25,1908.05,7350
2024-06-06 10:08:00,1908.9,1913.9,1908.0,1910.0,18885
2024-06-06 10:09:00,1910.9,1910.9,1905.05,1906.0,4626
2024-06-06 10:10:00,1906.0,1908.0,1901.6,1906.15,5088
2024-06-06 10:11:00,1906.15,1907.9,1904.85,1906.35,2637
2024-06-06 10:12:00,1907.0,1908.0,1902.75,1902.75,2471
2024-06-06 10:13:00,1904.55,1905.6,1902.85,1903.0,2253
2024-06-06 10:14:00,1903.0,1905.6,1901.0,1901.2,4171
2024-06-06 10:15:00,1901.0,1905.2,1900.5,1905.2,3763
2024-06-06 10:16:00,1903.5,1905.9,1902.65,1905.9,4327
2024-06-06 10:17:00,1905.9,1906.0,1903.15,1903.5,1706
2024-06-06 10:18:00,1903.5,1905.0,1897.0,1898.2,10437
2024-06-06 10:19:00,1898.2,1902.55,1896.5,1900.2,2601
2024-06-06 10:20:00,1901.8,1904.85,1900.0,1904.85,2488
2024-06-06 10:21:00,1904.85,1904.95,1901.25,1901.5,3427
2024-06-06 10:22:00,1901.5,1902.9,1900.0,1902.0,2506
2024-06-06 10:23:00,1902.0,1902.2,1898.3,1900.0,5969
2024-06-06 10:24:00,1899.15,1902.9,1898.7,1901.4,2636
2024-06-06 10:25:00,1901.4,1902.3,1895.1,1896.3,4512
2024-06-06 10:26:00,1896.15,1899.9,1895.2,1899.9,2683
2024-06-06 10:27:00,1900.0,1904.9,1898.3,1903.95,10598
2024-06-06 10:28:00,1903.95,1903.95,1901.2,1902.95,2066
2024-06-06 10:29:00,1902.0,1903.25,1901.0,1902.7,1726
2024-06-06 10:30:00,1902.7,1902.9,1900.0,1901.0,2998
2024-06-06 10:31:00,1902.2,1902.2,1900.0,1901.45,3529
2024-06-06 10:32:00,1900.25,1902.4,1900.0,1901.95,2091
2024-06-06 10:33:00,1901.95,1902.4,1900.0,1900.0,2786
2024-06-06 10:34:00,1900.0,1902.4,1897.6,1897.6,2447
2024-06-06 10:35:00,1897.0,1898.6,1895.0,1896.55,6251
2024-06-06 10:36:00,1897.1,1902.4,1897.1,1902.25,7185
2024-06-06 10:37:00,1902.25,1904.0,1900.1,1904.0,5575
2024-06-06 10:38:00,1903.15,1905.0,1900.65,1900.8,2566
2024-06-06 10:39:00,1902.0,1903.0,1900.6,1902.0,1728
2024-06-06 10:40:00,1902.0,1903.0,1900.05,1901.45,3783
2024-06-06 10:41:00,1901.45,1902.9,1900.0,1900.85,1737
2024-06-06 10:42:00,1900.0,1900.75,1896.0,1898.0,2401
2024-06-06 10:43:00,1899.15,1903.0,1897.2,1902.0,3362
2024-06-06 10:44:00,1902.0,1902.0,1900.0,1901.0,3013
2024-06-06 10:45:00,1901.0,1901.4,1900.0,1901.0,1711
2024-06-06 10:46:00,1901.0,1901.4,1899.55,1900.0,4395
2024-06-06 10:47:00,1899.0,1899.4,1895.0,1896.5,5225
2024-06-06 10:48:00,1897.15,1898.85,1895.0,1896.2,2158
2024-06-06 10:49:00,1896.2,1898.85,1895.0,1898.85,2826
2024-06-06 10:50:00,1898.8,1900.0,1896.3,1898.35,1906
2024-06-06 10:51:00,1898.15,1898.15,1895.0,1896.25,2072
2024-06-06 10:52:00,1896.25,1898.0,1896.0,1898.0,1424
2024-06-06 10:53:00,1898.0,1900.7,1897.7,1899.9,4034
2024-06-06 10:54:00,1899.9,1900.0,1897.0,1897.05,1531
2024-06-06 10:55:00,1897.0,1898.2,1895.2,1896.0,2833
2024-06-06 10:56:00,1896.0,1898.25,1896.0,1897.75,1585
2024-06-06 10:57:00,1897.75,1899.5,1896.5,1898.95,1154
2024-06-06 10:58:00,1899.0,1899.0,1897.5,1899.0,1477
2024-06-06 10:59:00,1898.1,1900.0,1898.0,1900.0,2171
2024-06-06 11:00:00,1900.0,1900.0,1898.5,1899.15,683
2024-06-06 11:01:00,1899.15,1899.9,1898.7,1898.7,834
2024-06-06 11:02:00,1898.6,1898.75,1896.8,1898.3,1398
2024-06-06 11:03:00,1897.15,1898.5,1896.15,1898.25,1920
2024-06-06 11:04:00,1896.55,1898.0,1896.15,1896.3,872
2024-06-06 11:05:00,1897.5,1897.9,1896.0,1897.8,1196
2024-06-06 11:06:00,1896.6,1898.25,1896.0,1897.05,1778
2024-06-06 11:07:00,1897.05,1897.05,1891.85,1893.0,11660
2024-06-06 11:08:00,1894.65,1896.8,1893.0,1896.8,2802
2024-06-06 11:09:00,1896.8,1898.9,1894.8,1898.25,2019
2024-06-06 11:10:00,1898.25,1898.85,1896.25,1898.0,1312
2024-06-06 11:11:00,1898.0,1898.0,1896.05,1896.7,1143
2024-06-06 11:12:00,1896.7,1897.95,1894.5,1895.05,1549
2024-06-06 11:13:00,1894.5,1896.45,1894.0,1895.3,1074
2024-06-06 11:14:00,1895.3,1895.3,1894.05,1895.0,476
2024-06-06 11:15:00,1895.0,1895.0,1890.15,1890.8,6411
2024-06-06 11:16:00,1890.8,1893.0,1890.0,1890.0,2525
2024-06-06 11:17:00,1890.0,1892.65,1890.0,1891.5,2505
2024-06-06 11:18:00,1891.15,1892.95,1890.0,1892.2,2162
2024-06-06 11:19:00,1892.1,1892.5,1890.05,1890.7,3367
2024-06-06 11:20:00,1892.5,1895.0,1890.5,1891.05,6883
2024-06-06 11:21:00,1892.2,1893.6,1890.0,1890.05,2554
2024-06-06 11:22:00,1890.05,1891.5,1885.9,1889.05,4110
2024-06-06 11:23:00,1889.05,1895.8,1888.0,1893.7,8780
2024-06-06 11:24:00,1893.5,1895.55,1893.2,1894.35,1572
2024-06-06 11:25:00,1894.35,1894.35,1892.1,1893.15,871
2024-06-06 11:26:00,1894.35,1895.0,1893.0,1893.3,634
2024-06-06 11:27:00,1893.3,1893.3,1890.1,1890.9,1824
2024-06-06 11:28:00,1890.9,1891.0,1887.0,1887.0,1423
2024-06-06 11:29:00,1888.25,1890.65,1886.0,1890.65,2373
2024-06-06 11:30:00,1891.8,1891.8,1887.15,1888.4,3978
2024-06-06 11:31:00,1889.0,1889.95,1887.0,1888.3,2213
2024-06-06 11:32:00,1888.3,1888.3,1885.9,1886.35,1153
2024-06-06 11:33:00,1886.35,1888.0,1883.15,1884.9,6497
2024-06-06 11:34:00,1885.0,1885.6,1879.0,1879.35,10118
2024-06-06 11:35:00,1879.35,1885.0,1877.65,1883.3,8642
2024-06-06 11:36:00,1884.75,1884.85,1879.0,1880.1,4303
2024-06-06 11:37:00,1879.0,1879.25,1873.0,1873.0,10027
2024-06-06 11:38:00,1873.45,1879.7,1871.35,1876.0,7807
2024-06-06 11:39:00,1875.0,1877.85,1871.6,1877.0,4508
2024-06-06 11:40:00,1877.1,1880.0,1874.0,1874.0,4039
2024-06-06 11:41:00,1874.95,1878.65,1872.0,1872.0,7202
2024-06-06 11:42:00,1874.25,1874.25,1867.2,1868.8,12338
2024-06-06 11:43:00,1870.35,1874.95,1868.5,1874.5,7740
2024-06-06 11:44:00,1874.5,1875.0,1870.75,1872.6,5502
2024-06-06 11:45:00,1872.6,1874.95,1868.0,1868.05,5511
2024-06-06 11:46:00,1869.2,1869.6,1865.45,1866.0,4707
2024-06-06 11:47:00,1866.85,1866.9,1864.15,1866.45,6607
2024-06-06 11:48:00,1865.05,1869.35,1864.15,1866.55,3777
2024-06-06 11:49:00,1867.75,1869.4,1865.65,1865.65,2192
2024-06-06 11:50:00,1865.8,1875.0,1865.45,1872.5,8880
2024-06-06 11:51:00,1871.0,1874.4,1868.85,1870.55,5587
2024-06-06 11:52:00,1872.95,1875.0,1871.45,1873.8,5311
2024-06-06 11:53:00,1875.95,1879.0,1873.6,1877.75,7132
2024-06-06 11:54:00,1877.0,1878.0,1874.0,1875.1,1494
2024-06-06 11:55:00,1875.1,1880.0,1875.1,1878.65,10167
2024-06-06 11:56:00,1879.35,1885.8,1877.7,1885.8,3191
2024-06-06 11:57:00,1885.05,1886.0,1882.75,1886.0,3246
2024-06-06 11:58:00,1886.0,1887.75,1884.0,1884.0,2934
2024-06-06 11:59:00,1885.5,1885.5,1877.1,1877.35,4697
2024-06-06 12:00:00,1877.35,1879.35,1874.15,1877.15,2425
2024-06-06 12:01:00,1877.45,1877.55,1874.0,1874.9,1814
2024-06-06 12:02:00,1875.8,1876.45,1871.3,1872.6,2925
2024-06-06 12:03:00,1873.05,1876.65,1871.75,1876.65,1954
2024-06-06 12:04:00,1875.35,1878.0,1874.75,1877.0,1044
2024-06-06 12:05:00,1877.0,1877.0,1873.05,1876.7,869
2024-06-06 12:06:00,1876.7,1879.9,1874.25,1875.0,1377
2024-06-06 12:07:00,1875.0,1876.05,1872.2,1874.7,1033
2024-06-06 12:08:00,1873.5,1875.0,1873.5,1873.85,2151
2024-06-06 12:09:00,1874.8,1877.15,1873.55,1873.9,5076
2024-06-06 12:10:00,1873.9,1877.0,1873.0,1876.0,1884
2024-06-06 12:11:00,1876.6,1877.1,1871.0,1871.1,5214
2024-06-06 12:12:00,1872.05,1873.55,1867.05,1870.75,5026
2024-06-06 12:13:00,1870.55,1872.05,1868.05,1869.3,2301
2024-06-06 12:14:00,1869.3,1869.45,1866.0,1866.1,1161
2024-06-06 12:15:00,1866.1,1870.0,1866.1,1869.5,4575
2024-06-06 12:16:00,1868.25,1870.0,1868.25,1868.4,3609
2024-06-06 12:17:00,1868.4,1869.8,1866.05,1867.7,2019
2024-06-06 12:18:00,1867.7,1868.35,1866.0,1867.0,1538
2024-06-06 12:19:00,1865.45,1869.5,1865.45,1869.35,3377
2024-06-06 12:20:00,1869.35,1871.0,1865.7,1871.0,4998
2024-06-06 12:21:00,1871.0,1877.0,1870.35,1877.0,3105
2024-06-06 12:22:00,1875.7,1878.5,1872.05,1873.95,3307
2024-06-06 12:23:00,1873.95,1878.0,1873.95,1877.4,2118
2024-06-06 12:24:00,1877.4,1877.4,1872.8,1873.0,674
2024-06-06 12:25:00,1872.5,1877.0,1872.45,1875.5,1360
2024-06-06 12:26:00,1877.0,1877.0,1874.0,1876.1,1084
2024-06-06 12:27:00,1876.1,1876.1,1870.35,1871.9,2036
2024-06-06 12:28:00,1870.6,1874.95,1870.6,1873.95,1106
2024-06-06 12:29:00,1872.85,1875.0,1871.4,1875.0,1852
2024-06-06 12:30:00,1873.1,1874.65,1870.4,1872.45,1842
2024-06-06 12:31:00,1871.25,1873.75,1870.95,1872.5,428
2024-06-06 12:32:00,1873.65,1875.0,1872.85,1875.0,646
2024-06-06 12:33:00,1875.0,1875.0,1872.35,1874.3,1687
2024-06-06 12:34:00,1873.5,1876.8,1873.3,1875.55,2051
2024-06-06 12:35:00,1875.45,1876.75,1873.55,1876.45,671
2024-06-06 12:36:00,1876.55,1876.6,1874.0,1875.3,598
2024-06-06 12:37:00,1875.3,1875.65,1869.35,1869.35,5700
2024-06-06 12:38:00,1870.5,1871.95,1868.45,1869.05,2565
2024-06-06 12:39:00,1869.0,1871.85,1867.0,1868.3,2566
2024-06-06 12:40:00,1868.7,1870.3,1867.0,1868.5,825
2024-06-06 12:41:00,1868.45,1869.3,1865.1,1867.0,2111
2024-06-06 12:42:00,1865.6,1867.05,1859.15,1860.55,17867
2024-06-06 12:43:00,1860.0,1870.65,1860.0,1868.8,3818
2024-06-06 12:44:00,1868.8,1869.3,1866.0,1866.0,937
2024-06-06 12:45:00,1865.45,1866.7,1862.0,1863.3,9418
2024-06-06 12:46:00,1864.95,1865.9,1863.65,1865.9,5955
2024-06-06 12:47:00,1865.9,1865.9,1865.0,1865.15,1140
2024-06-06 12:48:00,1865.4,1874.65,1865.4,1873.9,4245
2024-06-06 12:49:00,1874.0,1875.0,1871.55,1874.25,1614
2024-06-06 12:50:00,1874.25,1877.0,1873.9,1876.1,3330
2024-06-06 12:51:00,1874.9,1876.65,1874.0,1874.2,1266
2024-06-06 12:52:00,1874.2,1875.5,1871.05,1872.0,1884
2024-06-06 12:53:00,1873.9,1873.9,1867.9,1869.8,6049
2024-06-06 12:54:00,1869.8,1870.95,1868.0,1869.2,883
2024-06-06 12:55:00,1869.2,1869.2,1866.15,1866.45,1059
2024-06-06 12:56:00,1867.95,1870.95,1866.7,1869.75,753
2024-06-06 12:57:00,1869.75,1870.0,1866.95,1868.5,1238
2024-06-06 12:58:00,1868.5,1869.95,1867.75,1869.95,262
2024-06-06 12:59:00,1869.95,1870.0,1867.0,1867.05,730
2024-06-06 13:00:00,1868.3,1868.95,1865.45,1865.55,15819
2024-06-06 13:01:00,1866.0,1866.1,1865.2,1866.0,2316
2024-06-06 13:02:00,1866.0,1866.7,1865.05,1865.35,1338
2024-06-06 13:03:00,1865.35,1866.6,1863.55,1865.45,4241
2024-06-06 13:04:00,1866.0,1866.0,1865.1,1866.0,1033
2024-06-06 13:05:00,1866.0,1867.0,1865.35,1866.2,4295
2024-06-06 13:06:00,1866.2,1868.95,1865.45,1866.65,1662
2024-06-06 13:07:00,1865.45,1866.55,1852.5,1857.95,12920
2024-06-06 13:08:00,1855.15,1857.1,1845.0,1846.0,15526
2024-06-06 13:09:00,1848.1,1853.9,1846.45,1850.0,2995
2024-06-06 13:10:00,1849.95,1852.8,1845.4,1849.9,6970
2024-06-06 13:11:00,1850.8,1858.2,1848.55,1857.75,3541
2024-06-06 13:12:00,1857.75,1857.8,1852.8,1855.0,1666
2024-06-06 13:13:00,1854.0,1854.0,1848.15,1854.0,2608
2024-06-06 13:14:00,1854.0,1857.85,1854.0,1857.8,2867
2024-06-06 13:15:00,1856.4,1862.65,1856.4,1860.0,4231
2024-06-06 13:16:00,1860.0,1864.05,1860.0,1862.0,2735
2024-06-06 13:17:00,1863.9,1868.2,1862.2,1866.0,3816
2024-06-06 13:18:00,1866.0,1866.0,1860.95,1862.55,1710
2024-06-06 13:19:00,1862.5,1864.2,1861.35,1861.5,3103
2024-06-06 13:20:00,1862.5,1865.0,1860.1,1863.8,6657
2024-06-06 13:21:00,1863.8,1863.8,1860.7,1863.75,1566
2024-06-06 13:22:00,1863.75,1863.8,1860.5,1860.85,917
2024-06-06 13:23:00,1861.0,1866.45,1861.0,1865.45,2300
2024-06-06 13:24:00,1865.05,1865.3,1860.45,1860.45,1572
2024-06-06 13:25:00,1860.2,1862.7,1855.95,1856.05,3038
2024-06-06 13:26:00,1857.55,1863.2,1857.55,1863.2,753
2024-06-06 13:27:00,1863.2,1863.2,1861.1,1862.9,777
2024-06-06 13:28:00,1862.9,1866.0,1862.25,1865.0,2289
2024-06-06 13:29:00,1865.0,1867.4,1864.4,1867.0,846
2024-06-06 13:30:00,1867.0,1867.0,1863.6,1866.9,1725
2024-06-06 13:31:00,1866.9,1867.0,1864.0,1865.35,1750
2024-06-06 13:32:00,1865.35,1865.5,1861.85,1863.2,1784
2024-06-06 13:33:00,1863.2,1865.0,1861.45,1862.8,1089
2024-06-06 13:34:00,1862.8,1864.6,1860.45,1864.6,1752
2024-06-06 13:35:00,1864.6,1864.6,1859.9,1860.05,2414
2024-06-06 13:36:00,1861.9,1864.8,1860.35,1864.8,1926
2024-06-06 13:37:00,1864.8,1865.0,1862.0,1862.0,807
2024-06-06 13:38:00,1863.95,1864.9,1862.05,1864.9,365
2024-06-06 13:39:00,1864.35,1866.4,1864.35,1865.1,706
2024-06-06 13:40:00,1865.1,1866.1,1864.0,1864.0,2008
2024-06-06 13:41:00,1864.0,1866.0,1864.0,1864.7,412
2024-06-06 13:42:00,1864.7,1868.65,1864.15,1866.5,2326
2024-06-06 13:43:00,1867.95,1867.95,1862.15,1864.8,1648
2024-06-06 13:44:00,1864.1,1868.0,1864.1,1867.2,876
2024-06-06 13:45:00,1868.0,1870.0,1866.05,1868.2,3626
2024-06-06 13:46:00,1868.2,1869.8,1864.0,1865.9,5714
2024-06-06 13:47:00,1865.9,1865.9,1862.25,1863.6,2989
2024-06-06 13:48:00,1863.6,1865.0,1862.25,1864.75,1117
2024-06-06 13:49:00,1863.85,1866.1,1863.0,1866.1,1906
2024-06-06 13:50:00,1865.0,1871.65,1864.7,1871.6,3545
2024-06-06 13:51:00,1872.0,1874.9,1866.2,1868.0,15618
2024-06-06 13:52:00,1868.0,1872.75,1866.2,1872.0,3137
2024-06-06 13:53:00,1872.0,1874.9,1870.7,1873.55,1979
2024-06-06 13:54:00,1873.55,1874.0,1869.7,1871.45,2128
2024-06-06 13:55:00,1871.45,1875.85,1871.3,1875.75,3057
2024-06-06 13:56:00,1874.9,1875.95,1870.9,1872.85,4754
2024-06-06 13:57:00,1872.85,1874.8,1871.8,1873.0,842
2024-06-06 13:58:00,1874.5,1875.0,1873.35,1874.9,964
2024-06-06 13:59:00,1874.9,1878.0,1873.7,1876.4,4462
2024-06-06 14:00:00,1875.0,1877.25,1873.7,1875.95,766
2024-06-06 14:01:00,1875.95,1875.95,1873.55,1875.0,1528
2024-06-06 14:02:00,1873.75,1876.8,1873.0,1873.05,809
2024-06-06 14:03:00,1874.0,1875.0,1872.0,1875.0,589
2024-06-06 14:04:00,1875.0,1875.0,1867.3,1868.0,2757
2024-06-06 14:05:00,1867.6,1869.65,1865.25,1868.95,1107
2024-06-06 14:06:00,1868.95,1870.45,1865.55,1866.0,1158
2024-06-06 14:07:00,1866.0,1870.0,1866.0,1870.0,736
2024-06-06 14:08:00,1870.0,1873.7,1870.0,1873.0,476
2024-06-06 14:09:00,1872.3,1873.0,1867.6,1870.8,1536
2024-06-06 14:10:00,1870.4,1872.85,1868.65,1871.9,391
2024-06-06 14:11:00,1871.9,1873.8,1870.65,1872.0,900
2024-06-06 14:12:00,1872.0,1872.0,1868.5,1871.55,1419
2024-06-06 14:13:00,1872.0,1874.75,1871.4,1874.65,3080
2024-06-06 14:14:00,1874.65,1874.65,1871.35,1871.35,2006
2024-06-06 14:15:00,1871.35,1871.85,1870.0,1871.1,740
2024-06-06 14:16:00,1871.1,1874.35,1871.1,1874.0,871
2024-06-06 14:17:00,1875.0,1875.65,1871.0,1872.9,1472
2024-06-06 14:18:00,1872.9,1872.9,1866.75,1869.3,7694
2024-06-06 14:19:00,1869.3,1869.9,1863.05,1865.0,1766
2024-06-06 14:20:00,1863.5,1865.65,1863.0,1863.0,1312
2024-06-06 14:21:00,1862.55,1863.9,1861.1,1863.15,2953
2024-06-06 14:22:00,1861.2,1865.15,1861.2,1863.3,944
2024-06-06 14:23:00,1863.3,1865.4,1862.0,1865.25,665
2024-06-06 14:24:00,1865.25,1865.25,1863.0,1863.0,546
2024-06-06 14:25:00,1863.0,1864.45,1861.3,1862.95,1395
2024-06-06 14:26:00,1862.6,1864.25,1861.5,1861.95,1453
2024-06-06 14:27:00,1861.2,1863.0,1860.9,1860.95,709
2024-06-06 14:28:00,1860.95,1863.95,1860.95,1861.8,1168
2024-06-06 14:29:00,1861.8,1862.2,1857.3,1858.05,3487
2024-06-06 14:30:00,1860.3,1861.55,1858.5,1860.0,963
2024-06-06 14:31:00,1861.4,1861.4,1858.25,1858.55,1777
2024-06-06 14:32:00,1858.25,1861.65,1858.0,1860.2,3594
2024-06-06 14:33:00,1859.85,1863.0,1857.9,1863.0,2520
2024-06-06 14:34:00,1863.0,1863.0,1860.4,1861.6,745
2024-06-06 14:35:00,1861.6,1862.0,1858.75,1860.1,1473
2024-06-06 14:36:00,1860.1,1860.9,1857.1,1857.85,1054
2024-06-06 14:37:00,1859.95,1859.95,1857.25,1857.5,1591
2024-06-06 14:38:00,1859.0,1861.7,1856.0,1856.95,6075
2024-06-06 14:39:00,1856.0,1858.4,1856.0,1857.45,8217
2024-06-06 14:40:00,1857.45,1859.05,1856.6,1857.75,1095
2024-06-06 14:41:00,1856.0,1856.2,1853.0,1853.5,3644
2024-06-06 14:42:00,1854.65,1858.0,1853.6,1856.15,1669
2024-06-06 14:43:00,1857.45,1858.85,1856.15,1857.6,803
2024-06-06 14:44:00,1857.6,1858.9,1856.8,1858.7,700
2024-06-06 14:45:00,1857.6,1863.85,1857.6,1863.85,2579
2024-06-06 14:46:00,1863.85,1865.25,1863.0,1865.0,2426
2024-06-06 14:47:00,1865.0,1866.8,1864.8,1866.8,2321
2024-06-06 14:48:00,1866.8,1867.0,1865.0,1865.0,2252
2024-06-06 14:49:00,1866.0,1866.55,1865.0,1865.75,438
2024-06-06 14:50:00,1865.9,1867.8,1862.85,1867.8,2411
2024-06-06 14:51:00,1865.95,1866.85,1864.5,1865.8,3454
2024-06-06 14:52:00,1865.8,1865.9,1862.45,1862.95,826
2024-06-06 14:53:00,1863.0,1865.0,1862.1,1863.0,844
2024-06-06 14:54:00,1863.0,1863.0,1860.0,1861.3,1036
2024-06-06 14:55:00,1860.15,1861.9,1858.6,1860.4,2160
2024-06-06 14:56:00,1861.45,1861.5,1859.1,1859.95,813
2024-06-06 14:57:00,1860.2,1862.0,1859.1,1860.45,13264
2024-06-06 14:58:00,1860.45,1865.9,1859.0,1864.05,2508
2024-06-06 14:59:00,1864.05,1868.0,1863.8,1865.9,2886
2024-06-06 15:00:00,1865.4,1870.0,1865.4,1869.35,4501
2024-06-06 15:01:00,1869.0,1869.8,1867.4,1867.85,1947
2024-06-06 15:02:00,1868.85,1871.2,1867.15,1870.9,6471
2024-06-06 15:03:00,1871.9,1872.0,1870.1,1871.0,1828
2024-06-06 15:04:00,1871.0,1872.0,1871.0,1871.05,1129
2024-06-06 15:05:00,1870.35,1870.95,1861.0,1862.75,7754
2024-06-06 15:06:00,1861.95,1866.15,1861.55,1864.1,3543
2024-06-06 15:07:00,1864.1,1866.0,1862.0,1865.95,2516
2024-06-06 15:08:00,1865.95,1865.95,1864.95,1865.75,2195
2024-06-06 15:09:00,1865.75,1868.05,1865.75,1867.45,2542
2024-06-06 15:10:00,1868.0,1868.7,1866.05,1868.0,6989
2024-06-06 15:11:00,1868.0,1869.0,1867.25,1868.2,2985
2024-06-06 15:12:00,1868.5,1868.5,1866.4,1867.25,3042
2024-06-06 15:13:00,1867.25,1869.0,1866.5,1868.95,6628
2024-06-06 15:14:00,1869.0,1870.0,1868.05,1869.2,3356
2024-06-06 15:15:00,1869.9,1870.0,1863.0,1863.4,7654
2024-06-06 15:16:00,1863.4,1865.55,1863.0,1864.0,3968
2024-06-06 15:17:00,1865.0,1865.05,1863.5,1865.0,3009
2024-06-06 15:18:00,1865.95,1866.95,1863.55,1865.9,7288
2024-06-06 15:19:00,1866.0,1866.0,1864.05,1865.75,8081
2024-06-06 15:20:00,1865.95,1866.65,1853.0,1853.0,20841
2024-06-06 15:21:00,1854.6,1864.95,1854.15,1864.95,6340
2024-06-06 15:22:00,1864.95,1865.0,1864.1,1864.9,2187
2024-06-06 15:23:00,1864.95,1864.95,1860.0,1863.85,5115
2024-06-06 15:24:00,1863.85,1866.95,1862.7,1866.75,6078
2024-06-06 15:25:00,1866.75,1866.8,1864.1,1866.25,3466
2024-06-06 15:26:00,1866.25,1866.8,1864.05,1864.05,3791
2024-06-06 15:27:00,1865.15,1866.5,1862.8,1864.6,7557
2024-06-06 15:28:00,1864.6,1866.45,1864.6,1866.0,4413
2024-06-06 15:29:00,1866.0,1867.0,1860.6,1860.6,6794
2024-06-07 09:15:00,1845.0,1849.65,1826.0,1829.25,26057
2024-06-07 09:16:00,1826.2,1828.0,1812.8,1822.65,29064
2024-06-07 09:17:00,1823.85,1844.35,1823.5,1842.9,47363
2024-06-07 09:18:00,1841.0,1848.6,1838.0,1841.25,21552
2024-06-07 09:19:00,1842.7,1845.25,1837.2,1844.95,15996
2024-06-07 09:20:00,1843.35,1843.45,1837.25,1841.55,15001
2024-06-07 09:21:00,1840.55,1844.95,1839.45,1844.0,6503
2024-06-07 09:22:00,1844.0,1846.0,1842.2,1844.8,11238
2024-06-07 09:23:00,1844.65,1845.0,1837.9,1838.4,23073
2024-06-07 09:24:00,1839.2,1846.0,1838.55,1845.0,12249
2024-06-07 09:25:00,1845.0,1845.5,1831.05,1834.85,29206
2024-06-07 09:26:00,1834.8,1845.0,1834.8,1845.0,8450
2024-06-07 09:27:00,1845.5,1846.0,1841.3,1844.95,10946
2024-06-07 09:28:00,1844.0,1845.0,1835.3,1836.3,7101
2024-06-07 09:29:00,1836.3,1842.2,1836.3,1841.4,12638
2024-06-07 09:30:00,1841.15,1841.95,1836.9,1838.1,14242
2024-06-07 09:31:00,1838.1,1841.95,1837.0,1840.8,6456
2024-06-07 09:32:00,1840.8,1841.95,1837.55,1838.15,6204
2024-06-07 09:33:00,1838.15,1843.95,1837.15,1843.6,6625
2024-06-07 09:34:00,1843.95,1845.0,1843.6,1844.5,4609
2024-06-07 09:35:00,1844.1,1845.0,1841.15,1843.6,6982
2024-06-07 09:36:00,1843.6,1844.0,1837.15,1840.0,6912
2024-06-07 09:37:00,1840.25,1842.0,1838.55,1841.05,3095
2024-06-07 09:38:00,1841.2,1841.9,1839.15,1841.65,4280
2024-06-07 09:39:00,1841.8,1842.05,1840.6,1842.0,3390
2024-06-07 09:40:00,1840.75,1844.0,1840.0,1844.0,4681
2024-06-07 09:41:00,1843.95,1844.95,1842.0,1844.0,4534
2024-06-07 09:42:00,1843.7,1844.4,1841.35,1842.0,5713
2024-06-07 09:43:00,1842.0,1844.95,1841.5,1842.1,2600
2024-06-07 09:44:00,1842.1,1843.0,1841.25,1841.5,2810
2024-06-07 09:45:00,1841.4,1842.75,1838.0,1838.0,5534
2024-06-07 09:46:00,1838.2,1838.2,1835.0,1836.05,11404
2024-06-07 09:47:00,1836.8,1840.0,1835.0,1838.0,7874
2024-06-07 09:48:00,1837.1,1838.1,1835.1,1835.95,4178
2024-06-07 09:49:00,1837.0,1837.0,1833.6,1833.65,8204
2024-06-07 09:50:00,1834.85,1835.4,1830.45,1830.95,5841
2024-06-07 09:51:00,1830.95,1833.75,1830.4,1832.0,4279
2024-06-07 09:52:00,1832.0,1834.0,1831.1,1833.2,2859
2024-06-07 09:53:00,1833.25,1833.95,1832.0,1832.9,4925
2024-06-07 09:54:00,1833.0,1836.0,1832.05,1835.15,3966
2024-06-07 09:55:00,1835.15,1839.9,1834.2,1839.4,3202
2024-06-07 09:56:00,1838.2,1842.0,1838.15,1841.25,5703
2024-06-07 09:57:00,1841.9,1842.0,1840.0,1840.65,1865
2024-06-07 09:58:00,1840.6,1841.0,1838.0,1840.0,5401
2024-06-07 09:59:00,1839.4,1843.5,1839.4,1842.0,9134
2024-06-07 10:00:00,1840.75,1842.0,1839.55,1840.05,2182
2024-06-07 10:01:00,1840.05,1843.25,1840.05,1843.05,3809
2024-06-07 10:02:00,1843.1,1843.1,1840.45,1840.55,1300
2024-06-07 10:03:00,1841.35,1842.05,1836.2,1839.0,5848
2024-06-07 10:04:00,1839.0,1841.8,1838.0,1838.0,1557
2024-06-07 10:05:00,1838.35,1841.0,1837.0,1839.65,1117
2024-06-07 10:06:00,1839.4,1844.2,1838.5,1841.65,3573
2024-06-07 10:07:00,1841.65,1843.55,1841.1,1843.2,1746
2024-06-07 10:08:00,1843.2,1844.0,1842.2,1842.9,2245
2024-06-07 10:09:00,1841.2,1844.0,1841.0,1841.0,3711
2024-06-07 10:10:00,1841.0,1841.95,1839.15,1839.15,4220
2024-06-07 10:11:00,1839.0,1841.0,1839.0,1840.25,568
2024-06-07 10:12:00,1840.25,1841.0,1839.95,1841.0,1324
2024-06-07 10:13:00,1841.0,1841.0,1840.0,1840.0,997
2024-06-07 10:14:00,1838.15,1840.65,1838.15,1839.75,4978
2024-06-07 10:15:00,1839.9,1839.95,1837.0,1838.75,2906
2024-06-07 10:16:00,1838.75,1839.85,1837.55,1838.3,1625
2024-06-07 10:17:00,1838.75,1839.0,1837.0,1837.0,2609
2024-06-07 10:18:00,1837.65,1838.8,1837.0,1838.1,1475
2024-06-07 10:19:00,1838.1,1839.0,1837.1,1837.7,1176
2024-06-07 10:20:00,1837.7,1838.0,1835.1,1836.0,1839
2024-06-07 10:21:00,1836.0,1836.0,1833.6,1835.75,4843
2024-06-07 10:22:00,1835.75,1836.7,1834.8,1835.6,2704
2024-06-07 10:23:00,1836.45,1838.0,1835.55,1837.0,4590
2024-06-07 10:24:00,1838.0,1838.0,1836.1,1836.7,1640
2024-06-07 10:25:00,1837.9,1838.0,1836.5,1837.05,1095
2024-06-07 10:26:00,1837.05,1839.0,1837.05,1839.0,1517
2024-06-07 10:27:00,1839.0,1839.95,1838.25,1839.9,1116
2024-06-07 10:28:00,1839.9,1840.5,1839.15,1840.0,2290
2024-06-07 10:29:00,1840.0,1840.05,1838.0,1839.25,1369
2024-06-07 10:30:00,1839.25,1840.5,1838.15,1840.4,2500
2024-06-07 10:31:00,1840.4,1840.85,1839.1,1840.2,1288
2024-06-07 10:32:00,1840.2,1842.0,1839.2,1840.8,2558
2024-06-07 10:33:00,1839.5,1841.05,1839.05,1840.65,2485
2024-06-07 10:34:00,1840.65,1842.0,1840.0,1841.3,1572
2024-06-07 10:35:00,1841.3,1841.6,1840.0,1841.2,1408
2024-06-07 10:36:00,1841.0,1843.95,1841.0,1842.95,3607
2024-06-07 10:37:00,1842.95,1843.9,1841.35,1842.95,2285
2024-06-07 10:38:00,1843.65,1844.0,1842.1,1843.3,1969
2024-06-07 10:39:00,1843.3,1844.0,1842.2,1843.0,1225
2024-06-07 10:40:00,1842.55,1843.0,1840.0,1842.05,2154
2024-06-07 10:41:00,1842.05,1842.7,1840.25,1841.8,2027
2024-06-07 10:42:00,1840.55,1841.85,1840.0,1841.0,2764
2024-06-07 10:43:00,1840.6,1841.0,1837.8,1839.75,5419
2024-06-07 10:44:00,1839.75,1840.85,1838.55,1840.0,1550
2024-06-07 10:45:00,1840.0,1841.0,1839.0,1841.0,566
2024-06-07 10:46:00,1841.0,1842.6,1839.65,1841.0,1445
2024-06-07 10:47:00,1841.75,1843.0,1840.1,1841.0,2503
2024-06-07 10:48:00,1841.05,1843.0,1840.5,1843.0,1208
2024-06-07 10:49:00,1842.75,1842.95,1840.45,1840.75,786
2024-06-07 10:50:00,1841.65,1843.0,1840.8,1843.0,1075
2024-06-07 10:51:00,1842.95,1843.0,1841.55,1842.75,1358
2024-06-07 10:52:00,1841.8,1844.45,1841.8,1843.1,2827
2024-06-07 10:53:00,1843.7,1844.4,1842.0,1842.2,1356
2024-06-07 10:54:00,1843.4,1844.0,1841.9,1843.45,1490
2024-06-07 10:55:00,1843.45,1844.2,1842.4,1843.1,1174
2024-06-07 10:56:00,1843.1,1847.0,1843.1,1845.4,13788
2024-06-07 10:57:00,1845.6,1847.85,1845.0,1847.85,3833
2024-06-07 10:58:00,1846.75,1847.1,1844.0,1844.75,2639
2024-06-07 10:59:00,1845.4,1845.65,1842.45,1843.75,2647
2024-06-07 11:00:00,1843.75,1845.0,1843.0,1845.0,727
2024-06-07 11:01:00,1845.0,1845.0,1842.0,1843.0,2779
2024-06-07 11:02:00,1843.0,1844.85,1842.0,1843.0,4032
2024-06-07 11:03:00,1843.75,1846.0,1843.5,1844.95,3924
2024-06-07 11:04:00,1843.65,1846.0,1843.65,1845.95,843
2024-06-07 11:05:00,1845.95,1846.0,1845.0,1845.85,1323
2024-06-07 11:06:00,1845.85,1847.0,1845.0,1846.7,2878
2024-06-07 11:07:00,1846.7,1847.35,1845.75,1847.3,2228
2024-06-07 11:08:00,1847.3,1847.35,1846.0,1846.95,758
2024-06-07 11:09:00,1846.3,1847.0,1845.15,1845.2,1382
2024-06-07 11:10:00,1846.1,1846.2,1845.0,1845.05,1248
2024-06-07 11:11:00,1845.05,1846.05,1843.3,1844.7,2640
2024-06-07 11:12:00,1844.75,1844.75,1843.0,1844.25,1253
2024-06-07 11:13:00,1844.25,1844.5,1843.0,1844.0,1448
2024-06-07 11:14:00,1844.0,1844.5,1843.0,1844.15,1130
2024-06-07 11:15:00,1844.15,1844.5,1842.0,1842.35,2549
2024-06-07 11:16:00,1842.0,1843.55,1842.0,1842.35,1131
2024-06-07 11:17:00,1842.4,1843.55,1842.4,1843.4,524
2024-06-07 11:18:00,1843.4,1843.45,1842.05,1843.2,838
2024-06-07 11:19:00,1843.2,1843.55,1842.45,1843.5,749
2024-06-07 11:20:00,1843.55,1843.55,1842.5,1842.5,921
2024-06-07 11:21:00,1842.5,1843.5,1842.1,1843.0,1515
2024-06-07 11:22:00,1843.0,1843.5,1842.55,1843.4,308
2024-06-07 11:23:00,1842.65,1843.5,1842.55,1842.7,636
2024-06-07 11:24:00,1842.7,1843.5,1842.1,1842.1,2242
2024-06-07 11:25:00,1842.1,1843.5,1842.1,1843.45,749
2024-06-07 11:26:00,1843.45,1843.45,1842.1,1843.4,754
2024-06-07 11:27:00,1843.4,1843.4,1842.1,1842.95,442
2024-06-07 11:28:00,1842.9,1843.0,1842.0,1842.15,908
2024-06-07 11:29:00,1842.15,1842.9,1838.5,1839.5,9204
2024-06-07 11:30:00,1840.0,1841.55,1839.3,1841.0,1563
2024-06-07 11:31:00,1841.2,1841.95,1840.0,1841.85,981
2024-06-07 11:32:00,1841.65,1842.0,1840.5,1841.65,831
2024-06-07 11:33:00,1841.65,1841.7,1840.65,1841.7,819
2024-06-07 11:34:00,1841.7,1842.95,1840.85,1842.9,2658
2024-06-07 11:35:00,1842.95,1844.0,1842.2,1843.6,1371
2024-06-07 11:36:00,1844.15,1844.3,1842.75,1844.3,426
2024-06-07 11:37:00,1844.3,1844.3,1842.5,1843.0,1102
2024-06-07 11:38:00,1843.0,1844.2,1841.75,1844.0,807
2024-06-07 11:39:00,1843.9,1844.2,1842.65,1844.15,1300
2024-06-07 11:40:00,1844.15,1844.2,1842.65,1843.85,705
2024-06-07 11:41:00,1843.7,1844.1,1842.5,1843.0,627
2024-06-07 11:42:00,1843.0,1844.1,1842.55,1843.95,776
2024-06-07 11:43:00,1843.95,1844.35,1842.35,1844.05,2319
2024-06-07 11:44:00,1844.05,1844.05,1842.9,1843.7,490
2024-06-07 11:45:00,1843.7,1844.0,1842.55,1843.9,624
2024-06-07 11:46:00,1843.9,1844.0,1843.25,1843.95,862
2024-06-07 11:47:00,1843.95,1844.0,1843.2,1843.2,774
2024-06-07 11:48:00,1843.2,1844.0,1842.5,1842.6,12330
2024-06-07 11:49:00,1842.05,1843.35,1841.75,1842.85,1615
2024-06-07 11:50:00,1842.85,1844.0,1841.8,1843.0,2456
2024-06-07 11:51:00,1843.0,1843.75,1842.35,1843.6,1979
2024-06-07 11:52:00,1843.4,1844.0,1843.0,1844.0,703
2024-06-07 11:53:00,1844.0,1844.0,1842.35,1842.35,820
2024-06-07 11:54:00,1843.0,1843.8,1842.25,1843.0,1013
2024-06-07 11:55:00,1843.5,1843.5,1842.3,1843.25,911
2024-06-07 11:56:00,1843.5,1843.5,1841.5,1842.85,963
2024-06-07 11:57:00,1843.0,1844.0,1842.35,1844.0,2295
2024-06-07 11:58:00,1844.0,1844.0,1842.4,1843.4,1663
2024-06-07 11:59:00,1843.4,1843.95,1841.25,1842.35,1802
2024-06-07 12:00:00,1842.85,1844.0,1840.8,1843.5,12642
2024-06-07 12:01:00,1844.0,1844.0,1842.0,1843.4,15104
2024-06-07 12:02:00,1843.4,1843.4,1841.0,1841.0,2120
2024-06-07 12:03:00,1840.5,1841.95,1840.5,1841.6,1275
2024-06-07 12:04:00,1841.6,1843.9,1841.6,1843.9,1379
2024-06-07 12:05:00,1844.0,1844.0,1842.0,1843.0,1132
2024-06-07 12:06:00,1843.0,1843.7,1842.35,1843.7,569
2024-06-07 12:07:00,1843.7,1844.0,1843.2,1843.9,826
2024-06-07 12:08:00,1843.9,1843.9,1843.0,1843.7,2381
2024-06-07 12:09:00,1843.7,1845.95,1843.2,1843.7,26105
2024-06-07 12:10:00,1844.3,1845.0,1843.7,1844.0,2938
2024-06-07 12:11:00,1844.0,1844.0,1840.0,1841.0,5520
2024-06-07 12:12:00,1843.6,1843.6,1842.0,1843.0,3348
2024-06-07 12:13:00,1843.0,1843.0,1841.1,1843.0,2336
2024-06-07 12:14:00,1843.0,1844.2,1840.0,1843.0,3747
2024-06-07 12:15:00,1841.0,1841.75,1835.55,1837.85,8444
2024-06-07 12:16:00,1837.85,1838.0,1835.1,1836.25,4894
2024-06-07 12:17:00,1836.25,1838.0,1835.35,1836.85,2996
2024-06-07 12:18:00,1836.85,1839.0,1835.15,1839.0,5058
2024-06-07 12:19:00,1840.3,1841.55,1838.0,1839.2,1594
2024-06-07 12:20:00,1839.2,1842.3,1837.8,1839.1,1600
2024-06-07 12:21:00,1839.1,1842.4,1839.0,1840.25,1621
2024-06-07 12:22:00,1840.25,1841.9,1839.3,1841.05,734
2024-06-07 12:23:00,1842.15,1842.4,1841.0,1842.4,824
2024-06-07 12:24:00,1842.4,1842.4,1840.5,1841.45,1876
2024-06-07 12:25:00,1841.45,1842.2,1840.0,1841.2,1333
2024-06-07 12:26:00,1841.0,1841.95,1841.0,1841.9,550
2024-06-07 12:27:00,1841.1,1842.05,1841.0,1841.9,801
2024-06-07 12:28:00,1841.9,1841.9,1841.0,1841.5,502
2024-06-07 12:29:00,1841.5,1842.4,1841.05,1841.9,1117
2024-06-07 12:30:00,1841.85,1842.4,1841.55,1842.4,631
2024-06-07 12:31:00,1842.4,1843.0,1841.05,1841.1,2889
2024-06-07 12:32:00,1842.0,1843.85,1841.1,1843.5,1284
2024-06-07 12:33:00,1843.5,1843.5,1842.0,1843.35,2575
2024-06-07 12:34:00,1843.35,1843.4,1841.8,1843.1,1398
2024-06-07 12:35:00,1843.1,1843.1,1841.25,1842.45,1077
2024-06-07 12:36:00,1841.15,1843.0,1841.15,1841.5,1260
2024-06-07 12:37:00,1842.2,1843.0,1841.5,1842.9,360
2024-06-07 12:38:00,1842.05,1842.9,1842.05,1842.9,410
2024-06-07 12:39:00,1842.9,1843.0,1841.15,1843.0,1269
2024-06-07 12:40:00,1842.05,1843.0,1841.1,1842.75,1506
2024-06-07 12:41:00,1842.9,1846.0,1842.15,1844.5,12776
2024-06-07 12:42:00,1844.55,1845.0,1843.0,1844.25,3294
2024-06-07 12:43:00,1844.25,1844.55,1842.7,1844.0,1859
2024-06-07 12:44:00,1844.0,1845.0,1843.2,1845.0,974
2024-06-07 12:45:00,1845.0,1845.0,1844.25,1844.5,1144
2024-06-07 12:46:00,1844.9,1845.0,1843.0,1844.6,12130
2024-06-07 12:47:00,1844.85,1845.05,1843.55,1844.85,16750
2024-06-07 12:48:00,1843.75,1844.85,1842.0,1842.25,4087
2024-06-07 12:49:00,1842.25,1843.75,1841.0,1842.85,3736
2024-06-07 12:50:00,1841.95,1843.0,1841.6,1843.0,1241
2024-06-07 12:51:00,1842.95,1843.8,1842.3,1843.3,927
2024-06-07 12:52:00,1843.3,1843.8,1843.3,1843.8,876
2024-06-07 12:53:00,1843.8,1843.9,1842.5,1842.7,2543
2024-06-07 12:54:00,1843.9,1844.7,1842.7,1844.2,3634
2024-06-07 12:55:00,1844.0,1844.7,1843.4,1844.65,1464
2024-06-07 12:56:00,1844.65,1844.65,1843.4,1844.35,689
2024-06-07 12:57:00,1844.45,1844.5,1843.5,1844.1,607
2024-06-07 12:58:00,1844.45,1844.5,1843.65,1844.45,1085
2024-06-07 12:59:00,1844.05,1844.5,1844.0,1844.0,2306
2024-06-07 13:00:00,1844.0,1844.65,1844.0,1844.65,2672
2024-06-07 13:01:00,1844.05,1844.7,1843.1,1843.85,2381
2024-06-07 13:02:00,1843.85,1844.7,1843.65,1844.7,1751
2024-06-07 13:03:00,1844.7,1844.7,1844.0,1844.65,901
2024-06-07 13:04:00,1844.65,1844.65,1842.7,1843.25,1889
2024-06-07 13:05:00,1843.25,1844.25,1843.25,1843.7,619
2024-06-07 13:06:00,1844.0,1844.0,1843.7,1843.9,733
2024-06-07 13:07:00,1843.9,1845.0,1843.8,1844.2,3938
2024-06-07 13:08:00,1844.95,1844.95,1844.15,1844.95,737
2024-06-07 13:09:00,1844.95,1844.95,1844.2,1844.5,2646
2024-06-07 13:10:00,1844.9,1845.0,1844.25,1845.0,1381
2024-06-07 13:11:00,1845.0,1845.0,1844.05,1844.3,1171
2024-06-07 13:12:00,1845.0,1845.0,1844.25,1845.0,879
2024-06-07 13:13:00,1845.0,1845.0,1844.3,1844.6,968
2024-06-07 13:14:00,1844.3,1844.6,1843.6,1844.0,929
2024-06-07 13:15:00,1844.0,1844.0,1840.15,1841.05,4427
2024-06-07 13:16:00,1841.05,1842.65,1840.15,1842.25,882
2024-06-07 13:17:00,1842.25,1842.5,1840.6,1842.5,839
2024-06-07 13:18:00,1842.5,1842.6,1840.5,1842.15,663
2024-06-07 13:19:00,1842.1,1842.1,1840.4,1841.95,1515
2024-06-07 13:20:00,1841.95,1844.0,1841.0,1844.0,3660
2024-06-07 13:21:00,1844.0,1844.0,1842.2,1842.8,1846
2024-06-07 13:22:00,1843.8,1845.75,1843.0,1843.75,14053
2024-06-07 13:23:00,1843.8,1844.0,1841.05,1842.6,4759
2024-06-07 13:24:00,1842.6,1854.6,1841.05,1854.6,11083
2024-06-07 13:25:00,1854.6,1864.4,1849.35,1851.6,34410
2024-06-07 13:26:00,1851.9,1851.9,1846.0,1847.85,5100
2024-06-07 13:27:00,1847.85,1851.75,1847.85,1851.05,3267
2024-06-07 13:28:00,1851.05,1851.6,1849.2,1849.2,2544
2024-06-07 13:29:00,1849.2,1853.0,1849.2,1850.5,2579
2024-06-07 13:30:00,1850.5,1853.0,1850.0,1852.0,2367
2024-06-07 13:31:00,1852.0,1856.95,1851.05,1853.7,3751
2024-06-07 13:32:00,1853.7,1854.0,1852.05,1852.8,2319
2024-06-07 13:33:00,1852.8,1854.0,1851.15,1852.5,1469
2024-06-07 13:34:00,1852.5,1852.5,1850.05,1851.95,2825
2024-06-07 13:35:00,1851.1,1852.0,1850.6,1850.6,1009
2024-06-07 13:36:00,1850.6,1851.95,1849.05,1850.65,2443
2024-06-07 13:37:00,1849.25,1850.95,1849.2,1850.8,1149
2024-06-07 13:38:00,1849.85,1850.8,1847.4,1848.8,1136
2024-06-07 13:39:00,1848.8,1853.65,1848.4,1853.0,2820
2024-06-07 13:40:00,1851.95,1852.65,1850.45,1851.6,1358
2024-06-07 13:41:00,1852.95,1853.0,1851.3,1851.5,628
2024-06-07 13:42:00,1852.9,1853.9,1851.35,1853.0,1364
2024-06-07 13:43:00,1853.0,1853.0,1852.0,1852.05,750
2024-06-07 13:44:00,1852.0,1854.0,1852.0,1853.2,2283
2024-06-07 13:45:00,1853.2,1854.0,1852.05,1852.95,1217
2024-06-07 13:46:00,1852.95,1853.1,1851.05,1851.05,1656
2024-06-07 13:47:00,1851.45,1852.9,1851.0,1852.4,573
2024-06-07 13:48:00,1852.4,1853.35,1846.55,1848.25,12139
2024-06-07 13:49:00,1848.25,1850.0,1847.0,1850.0,1321
2024-06-07 13:50:00,1850.0,1850.35,1848.25,1848.7,1004
2024-06-07 13:51:00,1848.7,1849.65,1847.7,1849.05,953
2024-06-07 13:52:00,1849.05,1849.4,1846.0,1846.0,1736
2024-06-07 13:53:00,1847.0,1847.0,1845.0,1846.4,1831
2024-06-07 13:54:00,1845.05,1846.8,1845.05,1846.45,2510
2024-06-07 13:55:00,1846.45,1846.45,1844.0,1844.95,2544
2024-06-07 13:56:00,1844.05,1845.45,1844.0,1844.0,2254
2024-06-07 13:57:00,1845.0,1847.0,1843.5,1847.0,3176
2024-06-07 13:58:00,1847.0,1848.15,1845.65,1848.15,1451
2024-06-07 13:59:00,1846.6,1864.0,1846.6,1863.15,26230
2024-06-07 14:00:00,1863.15,1888.95,1863.15,1878.95,54567
2024-06-07 14:01:00,1879.95,1884.95,1871.25,1871.25,28337
2024-06-07 14:02:00,1872.05,1876.75,1871.05,1874.9,13735
2024-06-07 14:03:00,1874.9,1874.9,1858.7,1860.4,24623
2024-06-07 14:04:00,1861.05,1869.85,1861.05,1865.4,8891
2024-06-07 14:05:00,1865.4,1865.75,1861.1,1862.0,5387
2024-06-07 14:06:00,1862.0,1864.6,1861.3,1863.9,2952
2024-06-07 14:07:00,1864.0,1864.85,1862.0,1864.85,2453
2024-06-07 14:08:00,1865.0,1868.6,1864.05,1867.35,3179
2024-06-07 14:09:00,1867.35,1870.7,1867.35,1869.75,7484
2024-06-07 14:10:00,1868.35,1870.0,1865.3,1866.95,4401
2024-06-07 14:11:00,1866.95,1867.1,1864.0,1864.0,3330
2024-06-07 14:12:00,1864.0,1865.9,1863.1,1863.15,2930
2024-06-07 14:13:00,1864.0,1864.0,1862.0,1862.2,2146
2024-06-07 14:14:00,1862.2,1863.2,1862.0,1863.05,2003
2024-06-07 14:15:00,1863.05,1864.0,1861.4,1863.65,2281
2024-06-07 14:16:00,1863.65,1863.8,1861.3,1862.95,1901
2024-06-07 14:17:00,1862.95,1863.0,1861.3,1863.0,1391
2024-06-07 14:18:00,1863.0,1865.0,1862.0,1865.0,2280
2024-06-07 14:19:00,1864.25,1868.0,1864.25,1867.6,2283
2024-06-07 14:20:00,1867.6,1870.0,1865.7,1869.85,5028
2024-06-07 14:21:00,1869.85,1870.0,1868.0,1868.95,3587
2024-06-07 14:22:00,1868.95,1872.0,1865.9,1871.95,9438
2024-06-07 14:23:00,1871.95,1874.0,1870.45,1871.8,5239
2024-06-07 14:24:00,1871.8,1873.0,1869.05,1871.1,5601
2024-06-07 14:25:00,1870.35,1871.25,1868.0,1870.0,2556
2024-06-07 14:26:00,1870.0,1871.3,1869.75,1870.0,1985
2024-06-07 14:27:00,1870.95,1871.0,1868.4,1868.4,2777
2024-06-07 14:28:00,1869.35,1869.9,1866.0,1866.05,3876
2024-06-07 14:29:00,1867.15,1868.3,1866.0,1868.25,4300
2024-06-07 14:30:00,1870.1,1875.0,1870.1,1873.25,9758
2024-06-07 14:31:00,1873.8,1874.0,1871.55,1871.7,3484
2024-06-07 14:32:00,1871.7,1877.0,1871.7,1875.05,10575
2024-06-07 14:33:00,1875.05,1876.2,1874.0,1875.25,5059
2024-06-07 14:34:00,1876.0,1876.8,1872.6,1876.25,4564
2024-06-07 14:35:00,1876.65,1878.0,1875.4,1876.5,4585
2024-06-07 14:36:00,1878.0,1878.0,1875.15,1875.55,3812
2024-06-07 14:37:00,1875.55,1877.2,1875.0,1876.65,2731
2024-06-07 14:38:00,1876.65,1877.5,1875.1,1875.6,3942
2024-06-07 14:39:00,1875.6,1876.85,1875.0,1875.15,1876
2024-06-07 14:40:00,1875.15,1877.6,1874.8,1875.65,5439
2024-06-07 14:41:00,1875.95,1877.0,1874.5,1876.5,5037
2024-06-07 14:42:00,1876.5,1877.0,1875.35,1876.0,10908
2024-06-07 14:43:00,1876.0,1876.0,1873.25,1873.8,4363
2024-06-07 14:44:00,1874.75,1876.0,1873.95,1875.05,3034
2024-06-07 14:45:00,1875.8,1875.8,1871.25,1873.35,3921
2024-06-07 14:46:00,1873.1,1875.0,1872.25,1873.55,3218
2024-06-07 14:47:00,1873.55,1874.85,1871.0,1871.0,1767
2024-06-07 14:48:00,1871.65,1874.5,1871.0,1873.3,3755
2024-06-07 14:49:00,1873.3,1875.75,1872.7,1873.75,6100
2024-06-07 14:50:00,1873.75,1876.0,1873.75,1875.5,2967
2024-06-07 14:51:00,1875.5,1875.95,1873.55,1874.65,2935
2024-06-07 14:52:00,1874.2,1876.0,1874.2,1875.5,3966
2024-06-07 14:53:00,1875.1,1876.0,1874.25,1874.6,2736
2024-06-07 14:54:00,1875.7,1875.9,1872.55,1872.95,3740
2024-06-07 14:55:00,1871.25,1874.0,1871.15,1874.0,8024
2024-06-07 14:56:00,1873.55,1874.9,1872.2,1874.0,2094
2024-06-07 14:57:00,1874.0,1874.5,1872.15,1874.05,2145
2024-06-07 14:58:00,1874.05,1874.15,1872.2,1873.85,1694
2024-06-07 14:59:00,1873.85,1874.95,1872.0,1874.3,2600
2024-06-07 15:00:00,1874.3,1875.95,1872.95,1872.95,11056
2024-06-07 15:01:00,1872.95,1873.0,1870.0,1870.5,8059
2024-06-07 15:02:00,1870.5,1874.4,1870.5,1874.4,4610
2024-06-07 15:03:00,1874.4,1874.4,1871.35,1871.4,3185
2024-06-07 15:04:00,1871.25,1873.0,1870.4,1873.0,6015
2024-06-07 15:05:00,1873.0,1873.0,1871.2,1871.95,3627
2024-06-07 15:06:00,1871.65,1871.65,1865.1,1865.8,9873
2024-06-07 15:07:00,1865.6,1865.8,1861.35,1863.0,9434
2024-06-07 15:08:00,1863.0,1866.55,1861.5,1865.0,8815
2024-06-07 15:09:00,1863.95,1866.95,1863.0,1866.0,7857
2024-06-07 15:10:00,1866.55,1868.0,1864.0,1864.45,6880
2024-06-07 15:11:00,1864.45,1868.0,1864.3,1865.95,5844
2024-06-07 15:12:00,1865.95,1866.55,1863.0,1863.1,4412
2024-06-07 15:13:00,1863.15,1864.4,1863.1,1864.4,6892
2024-06-07 15:14:00,1864.5,1865.0,1863.4,1864.35,4604
2024-06-07 15:15:00,1863.55,1864.3,1862.05,1863.0,7413
2024-06-07 15:16:00,1863.0,1863.1,1860.25,1860.35,5993
2024-06-07 15:17:00,1860.25,1864.8,1860.25,1864.5,9110
2024-06-07 15:18:00,1864.55,1865.0,1862.4,1863.0,6295
2024-06-07 15:19:00,1862.2,1863.25,1860.25,1860.7,8850
2024-06-07 15:20:00,1860.7,1862.9,1860.0,1861.4,13509
2024-06-07 15:21:00,1861.05,1862.7,1860.0,1860.25,9500
2024-06-07 15:22:00,1860.4,1860.4,1860.05,1860.35,4690
2024-06-07 15:23:00,1860.0,1860.65,1858.65,1859.05,12361
2024-06-07 15:24:00,1859.05,1859.9,1856.5,1859.7,10418
2024-06-07 15:25:00,1859.7,1864.0,1858.55,1863.1,9167
2024-06-07 15:26:00,1863.9,1864.0,1863.0,1863.0,7391
2024-06-07 15:27:00,1863.55,1863.55,1862.3,1862.75,5306
2024-06-07 15:28:00,1862.8,1863.5,1860.05,1862.8,11777
2024-06-07 15:29:00,1862.8,1865.0,1861.35,1865.0,10948
2024-06-10 09:15:00,1929.0,1935.0,1902.0,1916.25,70846
2024-06-10 09:16:00,1918.35,1924.0,1905.35,1906.85,40261
2024-06-10 09:17:00,1910.0,1922.2,1906.9,1913.65,26426
2024-06-10 09:18:00,1913.65,1919.0,1911.05,1918.95,17940
2024-06-10 09:19:00,1918.15,1923.95,1913.55,1916.85,36711
2024-06-10 09:20:00,1914.5,1914.5,1906.95,1909.05,24299
2024-06-10 09:21:00,1909.05,1909.9,1888.0,1903.35,29493
2024-06-10 09:22:00,1902.95,1909.2,1901.15,1906.5,23111
2024-06-10 09:23:00,1905.35,1908.65,1905.0,1906.4,7366
2024-06-10 09:24:00,1906.4,1907.9,1901.0,1902.65,6499
2024-06-10 09:25:00,1904.4,1904.8,1902.2,1903.1,5310
2024-06-10 09:26:00,1903.0,1904.05,1895.45,1900.5,13443
2024-06-10 09:27:00,1900.4,1907.65,1900.4,1906.45,10619
2024-06-10 09:28:00,1907.0,1907.0,1903.75,1905.7,5900
2024-06-10 09:29:00,1905.95,1906.9,1903.0,1904.0,8396
2024-06-10 09:30:00,1904.0,1904.0,1895.9,1899.9,13005
2024-06-10 09:31:00,1901.65,1905.0,1900.0,1905.0,10817
2024-06-10 09:32:00,1904.95,1904.95,1899.0,1901.0,6178
2024-06-10 09:33:00,1900.95,1900.95,1895.1,1896.0,8396
2024-06-10 09:34:00,1895.15,1897.0,1888.0,1888.9,20284
2024-06-10 09:35:00,1887.05,1893.4,1881.05,1882.15,18588
2024-06-10 09:36:00,1882.85,1891.9,1881.0,1889.0,14538
2024-06-10 09:37:00,1887.25,1889.35,1881.0,1883.75,11328
2024-06-10 09:38:00,1884.4,1887.75,1883.15,1886.55,4863
2024-06-10 09:39:00,1886.65,1886.95,1882.1,1886.4,15374
2024-06-10 09:40:00,1885.45,1894.45,1884.9,1891.8,9062
2024-06-10 09:41:00,1890.2,1897.8,1890.2,1895.6,9089
2024-06-10 09:42:00,1895.35,1897.9,1893.55,1896.0,5045
2024-06-10 09:43:00,1895.0,1896.85,1894.0,1894.8,2681
2024-06-10 09:44:00,1894.0,1895.65,1891.8,1895.65,3812
2024-06-10 09:45:00,1893.7,1895.3,1891.1,1894.7,5672
2024-06-10 09:46:00,1894.7,1894.7,1891.5,1891.5,2655
2024-06-10 09:47:00,1891.5,1893.8,1890.0,1891.8,2830
2024-06-10 09:48:00,1891.9,1892.0,1889.25,1889.9,3017
2024-06-10 09:49:00,1890.0,1891.8,1889.5,1890.65,3060
2024-06-10 09:50:00,1891.75,1891.75,1887.95,1887.95,2499
2024-06-10 09:51:00,1886.6,1890.6,1884.65,1886.6,7806
2024-06-10 09:52:00,1884.45,1887.75,1882.0,1885.0,4043
2024-06-10 09:53:00,1885.0,1887.95,1885.0,1886.55,6120
2024-06-10 09:54:00,1888.25,1888.8,1886.15,1886.4,2230
2024-06-10 09:55:00,1888.0,1889.45,1886.5,1888.0,2289
2024-06-10 09:56:00,1887.55,1888.5,1885.4,1887.05,1946
2024-06-10 09:57:00,1886.75,1892.65,1886.75,1890.15,3832
2024-06-10 09:58:00,1889.0,1890.25,1887.15,1888.5,1635
2024-06-10 09:59:00,1887.0,1888.0,1886.0,1886.0,2098
2024-06-10 10:00:00,1886.95,1888.0,1886.0,1887.15,7134
2024-06-10 10:01:00,1887.15,1888.0,1885.0,1885.55,5928
2024-06-10 10:02:00,1885.25,1887.95,1885.25,1886.75,1751
2024-06-10 10:03:00,1886.05,1888.0,1885.2,1887.5,3539
2024-06-10 10:04:00,1887.5,1887.55,1885.2,1885.3,1722
2024-06-10 10:05:00,1885.3,1886.95,1885.2,1886.9,1750
2024-06-10 10:06:00,1886.0,1888.5,1886.0,1888.3,3352
2024-06-10 10:07:00,1887.95,1893.75,1887.65,1893.0,4483
2024-06-10 10:08:00,1893.0,1893.15,1890.45,1891.45,2278
2024-06-10 10:09:00,1891.55,1892.0,1890.6,1891.4,1625
2024-06-10 10:10:00,1891.8,1893.3,1891.05,1891.9,1726
2024-06-10 10:11:00,1891.9,1892.9,1888.0,1889.2,3649
2024-06-10 10:12:00,1888.1,1890.0,1887.4,1889.25,1885
2024-06-10 10:13:00,1889.25,1890.8,1888.5,1889.15,1420
2024-06-10 10:14:00,1889.15,1890.0,1888.5,1889.2,1808
2024-06-10 10:15:00,1889.5,1889.9,1888.6,1888.6,567
2024-06-10 10:16:00,1888.6,1888.9,1887.0,1888.05,1156
2024-06-10 10:17:00,1887.0,1888.0,1886.3,1886.4,1136
2024-06-10 10:18:00,1886.4,1887.9,1886.0,1887.05,885
2024-06-10 10:19:00,1887.05,1887.9,1886.2,1887.9,1230
2024-06-10 10:20:00,1887.9,1889.0,1886.5,1887.75,1702
2024-06-10 10:21:00,1887.85,1889.9,1887.75,1889.7,2080
2024-06-10 10:22:00,1889.05,1893.9,1889.05,1893.9,4738
2024-06-10 10:23:00,1893.9,1893.9,1890.7,1891.85,2055
2024-06-10 10:24:00,1890.6,1891.6,1887.0,1889.7,2337
2024-06-10 10:25:00,1889.0,1889.7,1886.0,1887.35,3412
2024-06-10 10:26:00,1886.05,1888.0,1886.05,1888.0,815
2024-06-10 10:27:00,1888.0,1889.0,1887.4,1888.15,1667
2024-06-10 10:28:00,1889.0,1890.4,1887.8,1887.8,3008
2024-06-10 10:29:00,1887.8,1889.5,1887.5,1888.1,1101
2024-06-10 10:30:00,1888.1,1889.0,1887.35,1888.0,1769
2024-06-10 10:31:00,1888.0,1888.8,1887.1,1887.65,837
2024-06-10 10:32:00,1887.65,1887.65,1886.25,1887.6,849
2024-06-10 10:33:00,1887.9,1888.5,1887.05,1888.5,455
2024-06-10 10:34:00,1887.5,1888.8,1887.2,1888.65,742
2024-06-10 10:35:00,1888.75,1888.9,1887.0,1888.3,2433
2024-06-10 10:36:00,1889.0,1890.0,1888.0,1888.05,2337
2024-06-10 10:37:00,1889.4,1890.8,1888.0,1890.65,1553
2024-06-10 10:38:00,1890.0,1891.95,1888.1,1888.1,1468
2024-06-10 10:39:00,1888.0,1889.85,1886.9,1887.7,2867
2024-06-10 10:40:00,1886.95,1889.9,1886.9,1888.8,663
2024-06-10 10:41:00,1888.8,1888.85,1885.15,1886.35,5852
2024-06-10 10:42:00,1885.15,1887.35,1885.0,1885.0,1654
2024-06-10 10:43:00,1885.95,1885.95,1885.0,1885.1,1422
2024-06-10 10:44:00,1885.9,1885.9,1878.0,1879.15,18400
2024-06-10 10:45:00,1881.55,1881.95,1878.0,1879.1,7581
2024-06-10 10:46:00,1877.6,1878.0,1872.05,1877.35,10273
2024-06-10 10:47:00,1876.9,1884.15,1876.1,1881.1,8180
2024-06-10 10:48:00,1881.1,1882.0,1880.1,1880.45,2073
2024-06-10 10:49:00,1880.45,1881.65,1880.1,1880.5,485
2024-06-10 10:50:00,1881.0,1881.0,1878.05,1880.2,1647
2024-06-10 10:51:00,1880.2,1881.45,1879.2,1881.45,1444
2024-06-10 10:52:00,1881.2,1884.85,1881.1,1883.35,6808
2024-06-10 10:53:00,1882.5,1883.35,1881.0,1882.4,752
2024-06-10 10:54:00,1881.1,1882.75,1880.1,1880.15,480
2024-06-10 10:55:00,1880.1,1882.45,1880.1,1881.3,353
2024-06-10 10:56:00,1881.3,1882.4,1881.05,1882.4,655
2024-06-10 10:57:00,1882.4,1882.4,1881.4,1882.35,330
2024-06-10 10:58:00,1882.0,1882.45,1880.1,1881.0,584
2024-06-10 10:59:00,1881.0,1882.0,1880.1,1881.0,797
2024-06-10 11:00:00,1881.1,1882.0,1880.65,1881.1,452
2024-06-10 11:01:00,1881.05,1884.6,1881.0,1884.6,746
2024-06-10 11:02:00,1884.0,1884.7,1881.35,1881.7,2786
2024-06-10 11:03:00,1881.65,1884.35,1881.65,1882.25,1084
2024-06-10 11:04:00,1882.0,1883.8,1882.0,1882.5,1529
2024-06-10 11:05:00,1883.45,1884.95,1882.5,1884.65,3017
2024-06-10 11:06:00,1885.0,1887.0,1884.05,1884.6,4889
2024-06-10 11:07:00,1884.6,1886.7,1884.6,1885.2,959
2024-06-10 11:08:00,1885.2,1886.6,1885.0,1886.0,453
2024-06-10 11:09:00,1886.0,1886.0,1884.0,1885.0,953
2024-06-10 11:10:00,1885.0,1888.7,1885.0,1887.45,1782
2024-06-10 11:11:00,1888.0,1888.7,1885.6,1887.75,1646
2024-06-10 11:12:00,1887.75,1888.25,1885.65,1885.9,1174
2024-06-10 11:13:00,1885.9,1887.6,1885.7,1887.0,908
2024-06-10 11:14:00,1887.0,1887.0,1886.0,1887.0,227
2024-06-10 11:15:00,1887.0,1887.65,1886.0,1887.35,1124
2024-06-10 11:16:00,1887.25,1887.3,1885.6,1885.6,1475
2024-06-10 11:17:00,1885.6,1886.3,1885.0,1886.3,1482
2024-06-10 11:18:00,1886.3,1886.5,1885.0,1885.85,536
2024-06-10 11:19:00,1885.0,1885.8,1883.7,1884.15,860
2024-06-10 11:20:00,1885.25,1885.3,1883.1,1883.65,679
2024-06-10 11:21:00,1883.65,1884.25,1881.6,1883.0,2997
2024-06-10 11:22:00,1883.0,1885.0,1881.95,1884.65,1063
2024-06-10 11:23:00,1883.2,1884.75,1882.8,1883.15,880
2024-06-10 11:24:00,1884.2,1884.95,1882.4,1884.55,1089
2024-06-10 11:25:00,1884.55,1884.8,1883.1,1883.7,343
2024-06-10 11:26:00,1883.65,1884.45,1882.7,1883.1,1006
2024-06-10 11:27:00,1884.0,1884.0,1882.4,1883.85,638
2024-06-10 11:28:00,1883.85,1884.0,1882.3,1882.3,691
2024-06-10 11:29:00,1882.3,1884.0,1882.3,1884.0,838
2024-06-10 11:30:00,1884.0,1884.0,1882.3,1882.3,293
2024-06-10 11:31:00,1882.3,1883.45,1881.5,1882.0,642
2024-06-10 11:32:00,1882.0,1882.0,1881.35,1881.35,641
2024-06-10 11:33:00,1881.35,1882.0,1881.0,1881.65,794
2024-06-10 11:34:00,1881.7,1881.7,1880.0,1881.2,2409
2024-06-10 11:35:00,1881.2,1881.45,1880.0,1880.0,665
2024-06-10 11:36:00,1880.0,1881.3,1880.0,1881.3,1007
2024-06-10 11:37:00,1880.2,1882.0,1880.2,1881.7,469
2024-06-10 11:38:00,1882.0,1882.55,1880.05,1881.05,2371
2024-06-10 11:39:00,1881.05,1881.9,1880.0,1880.9,1548
2024-06-10 11:40:00,1880.9,1883.35,1880.8,1883.1,461
2024-06-10 11:41:00,1883.1,1883.25,1881.15,1881.15,430
2024-06-10 11:42:00,1881.8,1882.6,1881.15,1881.2,376
2024-06-10 11:43:00,1881.25,1882.0,1881.15,1881.15,397
2024-06-10 11:44:00,1881.25,1881.95,1881.0,1881.9,259
2024-06-10 11:45:00,1881.9,1881.9,1880.1,1881.0,792
2024-06-10 11:46:00,1881.0,1882.35,1881.0,1882.35,288
2024-06-10 11:47:00,1882.35,1882.95,1881.25,1882.8,675
2024-06-10 11:48:00,1881.8,1882.9,1881.55,1881.55,404
2024-06-10 11:49:00,1881.55,1882.8,1881.2,1881.45,491
2024-06-10 11:50:00,1881.2,1882.7,1880.5,1880.6,483
2024-06-10 11:51:00,1880.6,1881.65,1880.15,1880.15,375
2024-06-10 11:52:00,1880.15,1881.0,1880.0,1880.15,341
2024-06-10 11:53:00,1881.0,1881.0,1880.0,1880.95,797
2024-06-10 11:54:00,1880.95,1881.0,1880.0,1880.0,1920
2024-06-10 11:55:00,1880.0,1881.0,1880.0,1880.7,376
2024-06-10 11:56:00,1881.0,1881.0,1880.1,1880.9,236
2024-06-10 11:57:00,1880.1,1881.0,1880.0,1880.0,1153
2024-06-10 11:58:00,1881.0,1881.0,1880.05,1880.1,299
2024-06-10 11:59:00,1879.9,1880.0,1878.5,1878.95,1051
2024-06-10 12:00:00,1878.15,1879.45,1878.15,1879.4,351
2024-06-10 12:01:00,1879.0,1879.55,1878.2,1878.5,404
2024-06-10 12:02:00,1878.5,1879.0,1878.5,1879.0,369
2024-06-10 12:03:00,1879.0,1879.0,1875.75,1876.9,2712
2024-06-10 12:04:00,1877.0,1877.0,1875.4,1876.7,1022
2024-06-10 12:05:00,1875.65,1877.0,1875.55,1877.0,1696
2024-06-10 12:06:00,1877.0,1878.2,1876.25,1876.25,925
2024-06-10 12:07:00,1876.1,1880.0,1876.1,1879.6,2492
2024-06-10 12:08:00,1879.6,1879.6,1877.15,1877.6,436
2024-06-10 12:09:00,1877.6,1880.0,1877.6,1879.6,1236
2024-06-10 12:10:00,1880.05,1880.05,1878.55,1879.75,698
2024-06-10 12:11:00,1879.2,1881.95,1879.2,1881.6,1299
2024-06-10 12:12:00,1881.0,1882.75,1880.5,1882.7,1387
2024-06-10 12:13:00,1882.7,1882.7,1881.3,1882.0,2194
2024-06-10 12:14:00,1882.0,1882.2,1881.0,1881.0,1490
2024-06-10 12:15:00,1881.0,1882.6,1881.0,1881.9,1373
2024-06-10 12:16:00,1881.9,1882.0,1881.0,1881.05,2377
2024-06-10 12:17:00,1882.0,1882.0,1881.0,1881.0,374
2024-06-10 12:18:00,1881.0,1881.95,1881.0,1881.8,752
2024-06-10 12:19:00,1881.0,1882.0,1881.0,1882.0,436
2024-06-10 12:20:00,1882.0,1882.0,1881.0,1881.0,601
2024-06-10 12:21:00,1881.0,1881.95,1881.0,1881.95,543
2024-06-10 12:22:00,1881.0,1881.95,1881.0,1881.8,242
2024-06-10 12:23:00,1881.8,1881.8,1881.0,1881.8,597
2024-06-10 12:24:00,1881.75,1882.0,1881.2,1881.2,230
2024-06-10 12:25:00,1881.2,1881.95,1881.0,1881.95,415
2024-06-10 12:26:00,1881.15,1882.0,1881.1,1881.15,839
2024-06-10 12:27:00,1881.15,1882.0,1881.15,1881.95,406
2024-06-10 12:28:00,1882.5,1884.0,1881.65,1882.0,4305
2024-06-10 12:29:00,1881.5,1883.85,1881.5,1882.6,415
2024-06-10 12:30:00,1882.6,1884.0,1881.7,1882.65,1153
2024-06-10 12:31:00,1882.65,1883.3,1881.15,1881.15,849
2024-06-10 12:32:00,1881.15,1882.65,1881.15,1881.55,765
2024-06-10 12:33:00,1881.55,1882.1,1881.2,1882.0,755
2024-06-10 12:34:00,1882.0,1882.65,1882.0,1882.15,321
2024-06-10 12:35:00,1882.15,1884.1,1882.15,1882.8,1816
2024-06-10 12:36:00,1882.8,1884.0,1882.8,1883.0,1511
2024-06-10 12:37:00,1883.5,1884.0,1883.0,1883.0,862
2024-06-10 12:38:00,1883.5,1884.0,1883.0,1883.5,801
2024-06-10 12:39:00,1883.5,1884.0,1883.5,1883.5,549
2024-06-10 12:40:00,1883.6,1884.0,1883.6,1883.6,432
2024-06-10 12:41:00,1883.6,1885.0,1883.6,1884.95,1747
2024-06-10 12:42:00,1884.95,1884.95,1883.8,1884.85,973
2024-06-10 12:43:00,1883.9,1884.95,1883.9,1884.95,417
2024-06-10 12:44:00,1884.2,1884.95,1884.05,1884.05,334
2024-06-10 12:45:00,1884.9,1885.0,1883.8,1884.95,1432
2024-06-10 12:46:00,1884.05,1885.0,1883.95,1884.2,953
2024-06-10 12:47:00,1884.2,1884.95,1883.0,1883.35,1966
2024-06-10 12:48:00,1883.35,1884.95,1883.2,1884.0,582
2024-06-10 12:49:00,1884.0,1884.7,1883.35,1883.65,831
2024-06-10 12:50:00,1883.65,1883.65,1881.1,1881.5,3368
2024-06-10 12:51:00,1881.5,1882.0,1881.5,1882.0,343
2024-06-10 12:52:00,1882.0,1882.0,1881.65,1882.0,151
2024-06-10 12:53:00,1882.0,1883.6,1881.7,1881.7,692
2024-06-10 12:54:00,1881.7,1883.15,1881.0,1881.8,4775
2024-06-10 12:55:00,1881.8,1882.75,1881.3,1881.3,392
2024-06-10 12:56:00,1881.3,1881.9,1880.0,1880.9,2350
2024-06-10 12:57:00,1881.1,1881.5,1878.55,1879.15,1575
2024-06-10 12:58:00,1878.8,1880.0,1878.75,1879.0,856
2024-06-10 12:59:00,1879.0,1879.6,1876.75,1878.0,5451
2024-06-10 13:00:00,1878.1,1879.0,1876.75,1878.0,2586
2024-06-10 13:01:00,1879.0,1879.0,1877.4,1878.0,2097
2024-06-10 13:02:00,1877.9,1879.0,1877.75,1879.0,407
2024-06-10 13:03:00,1879.0,1879.0,1877.4,1878.65,1105
2024-06-10 13:04:00,1878.65,1879.0,1877.05,1877.1,1732
2024-06-10 13:05:00,1877.1,1879.0,1877.0,1879.0,627
2024-06-10 13:06:00,1878.2,1879.0,1878.0,1878.8,1247
2024-06-10 13:07:00,1878.0,1878.95,1878.0,1878.0,345
2024-06-10 13:08:00,1878.0,1878.9,1878.0,1878.85,235
2024-06-10 13:09:00,1878.0,1879.0,1878.0,1878.3,414
2024-06-10 13:10:00,1878.3,1879.0,1878.3,1878.75,141
2024-06-10 13:11:00,1878.75,1879.0,1878.45,1878.6,206
2024-06-10 13:12:00,1878.6,1878.6,1877.0,1877.0,774
2024-06-10 13:13:00,1877.0,1878.0,1877.0,1878.0,620
2024-06-10 13:14:00,1877.05,1878.0,1875.75,1876.0,769
2024-06-10 13:15:00,1876.0,1877.7,1874.0,1875.15,8625
2024-06-10 13:16:00,1875.15,1876.85,1875.15,1875.65,1787
2024-06-10 13:17:00,1875.65,1877.6,1875.2,1876.95,1254
2024-06-10 13:18:00,1876.95,1877.0,1876.1,1876.65,355
2024-06-10 13:19:00,1877.65,1877.65,1876.15,1877.45,430
2024-06-10 13:20:00,1877.0,1877.95,1876.65,1877.85,500
2024-06-10 13:21:00,1877.55,1878.8,1876.6,1878.8,1167
2024-06-10 13:22:00,1877.8,1878.7,1877.0,1877.35,489
2024-06-10 13:23:00,1877.35,1878.95,1877.35,1878.0,562
2024-06-10 13:24:00,1878.0,1878.0,1877.05,1877.05,444
2024-06-10 13:25:00,1877.1,1878.4,1877.1,1877.4,241
2024-06-10 13:26:00,1877.4,1878.95,1877.2,1878.7,685
2024-06-10 13:27:00,1878.7,1880.0,1877.45,1878.25,775
2024-06-10 13:28:00,1879.5,1879.95,1878.05,1878.95,687
2024-06-10 13:29:00,1878.95,1879.55,1878.3,1878.3,383
2024-06-10 13:30:00,1879.0,1879.0,1878.3,1879.0,132
2024-06-10 13:31:00,1879.0,1879.45,1878.25,1878.25,614
2024-06-10 13:32:00,1879.0,1879.55,1878.3,1878.6,437
2024-06-10 13:33:00,1878.6,1879.55,1875.9,1878.5,5533
2024-06-10 13:34:00,1876.7,1878.25,1876.25,1877.05,395
2024-06-10 13:35:00,1877.05,1878.0,1877.05,1877.25,197
2024-06-10 13:36:00,1877.9,1877.9,1875.0,1876.95,2440
2024-06-10 13:37:00,1876.95,1876.95,1874.25,1875.55,1217
2024-06-10 13:38:00,1875.55,1876.0,1874.75,1875.8,1033
2024-06-10 13:39:00,1875.8,1876.0,1874.3,1876.0,1031
2024-06-10 13:40:00,1875.0,1875.8,1874.55,1875.65,651
2024-06-10 13:41:00,1875.65,1875.65,1874.5,1875.45,685
2024-06-10 13:42:00,1875.45,1875.45,1874.0,1874.0,1538
2024-06-10 13:43:00,1874.0,1874.6,1873.0,1873.05,2860
2024-06-10 13:44:00,1873.05,1875.0,1872.15,1875.0,1495
2024-06-10 13:45:00,1875.0,1875.0,1874.0,1874.25,1134
2024-06-10 13:46:00,1875.3,1877.8,1874.0,1877.8,4630
2024-06-10 13:47:00,1877.5,1879.0,1875.05,1876.0,3060
2024-06-10 13:48:00,1876.0,1876.5,1875.0,1875.15,733
2024-06-10 13:49:00,1875.15,1876.0,1875.1,1875.75,801
2024-06-10 13:50:00,1875.75,1876.0,1875.1,1875.9,529
2024-06-10 13:51:00,1875.9,1876.0,1875.0,1875.2,420
2024-06-10 13:52:00,1875.2,1877.95,1875.1,1877.95,764
2024-06-10 13:53:00,1877.0,1879.8,1877.0,1879.8,1098
2024-06-10 13:54:00,1879.8,1879.8,1878.5,1879.3,416
2024-06-10 13:55:00,1878.2,1879.2,1877.05,1877.05,1412
2024-06-10 13:56:00,1877.05,1877.3,1875.55,1877.0,2537
2024-06-10 13:57:00,1877.75,1877.8,1877.0,1877.0,347
2024-06-10 13:58:00,1877.0,1878.9,1877.0,1877.8,1066
2024-06-10 13:59:00,1877.8,1878.0,1876.5,1878.0,490
2024-06-10 14:00:00,1878.0,1878.9,1877.0,1877.85,817
2024-06-10 14:01:00,1877.8,1878.55,1877.0,1878.5,693
2024-06-10 14:02:00,1878.45,1878.45,1876.75,1878.1,516
2024-06-10 14:03:00,1878.2,1878.4,1876.5,1877.2,957
2024-06-10 14:04:00,1877.2,1878.15,1876.5,1876.9,392
2024-06-10 14:05:00,1878.15,1878.15,1876.5,1876.5,451
2024-06-10 14:06:00,1876.5,1877.0,1875.5,1876.6,846
2024-06-10 14:07:00,1876.4,1877.8,1875.5,1876.75,1549
2024-06-10 14:08:00,1876.85,1876.85,1875.05,1876.85,1496
2024-06-10 14:09:00,1875.0,1877.05,1875.0,1876.9,880
2024-06-10 14:10:00,1876.9,1876.9,1875.1,1876.0,437
2024-06-10 14:11:00,1875.2,1876.85,1875.1,1875.1,528
2024-06-10 14:12:00,1875.1,1877.65,1875.1,1877.45,1768
2024-06-10 14:13:00,1877.45,1877.9,1876.35,1877.6,847
2024-06-10 14:14:00,1877.9,1878.0,1876.5,1876.7,1711
2024-06-10 14:15:00,1876.7,1878.0,1875.55,1876.1,1209
2024-06-10 14:16:00,1876.1,1877.25,1875.1,1877.0,1510
2024-06-10 14:17:00,1876.1,1876.65,1875.3,1875.45,479
2024-06-10 14:18:00,1875.45,1876.8,1875.35,1876.0,746
2024-06-10 14:19:00,1876.0,1877.65,1875.2,1876.5,484
2024-06-10 14:20:00,1877.65,1878.15,1876.55,1878.05,1011
2024-06-10 14:21:00,1877.0,1878.5,1877.0,1878.5,717
2024-06-10 14:22:00,1878.25,1878.5,1876.3,1877.95,731
2024-06-10 14:23:00,1877.95,1878.0,1875.75,1876.45,1708
2024-06-10 14:24:00,1876.45,1877.9,1875.25,1875.25,1139
2024-06-10 14:25:00,1875.25,1877.0,1875.0,1877.0,3789
2024-06-10 14:26:00,1877.0,1877.3,1875.0,1876.5,1762
2024-06-10 14:27:00,1875.65,1876.55,1874.95,1875.15,5171
2024-06-10 14:28:00,1875.15,1875.9,1871.0,1872.0,4148
2024-06-10 14:29:00,1872.0,1874.0,1866.6,1867.7,7569
2024-06-10 14:30:00,1867.15,1873.45,1867.05,1870.85,2623
2024-06-10 14:31:00,1870.85,1872.9,1869.0,1869.9,3159
2024-06-10 14:32:00,1869.9,1871.85,1868.25,1870.7,4476
2024-06-10 14:33:00,1870.7,1871.8,1869.7,1870.5,888
2024-06-10 14:34:00,1869.4,1870.0,1868.0,1869.0,3103
2024-06-10 14:35:00,1868.85,1868.85,1866.0,1866.3,1326
2024-06-10 14:36:00,1866.3,1871.0,1865.2,1870.3,3845
2024-06-10 14:37:00,1870.2,1872.7,1868.25,1872.65,4854
2024-06-10 14:38:00,1872.75,1876.5,1872.5,1876.45,3329
2024-06-10 14:39:00,1876.45,1876.75,1875.0,1876.6,2141
2024-06-10 14:40:00,1876.7,1877.8,1874.45,1877.8,2709
2024-06-10 14:41:00,1876.9,1878.0,1874.85,1877.0,3186
2024-06-10 14:42:00,1877.0,1878.0,1874.85,1877.0,1077
2024-06-10 14:43:00,1877.0,1877.0,1875.1,1876.6,1110
2024-06-10 14:44:00,1876.6,1879.9,1875.15,1879.9,4638
2024-06-10 14:45:00,1879.85,1882.0,1879.05,1880.95,5696
2024-06-10 14:46:00,1880.95,1880.95,1877.5,1878.8,1828
2024-06-10 14:47:00,1878.85,1883.85,1878.85,1880.6,6641
2024-06-10 14:48:00,1880.6,1880.6,1878.7,1878.95,1788
2024-06-10 14:49:00,1879.25,1879.25,1876.4,1876.85,1305
2024-06-10 14:50:00,1881.0,1881.9,1878.25,1878.75,5517
2024-06-10 14:51:00,1877.65,1881.3,1877.65,1880.0,1945
2024-06-10 14:52:00,1880.0,1881.4,1879.2,1881.0,1446
2024-06-10 14:53:00,1881.0,1881.4,1878.45,1880.75,1088
2024-06-10 14:54:00,1879.75,1884.95,1878.5,1882.95,5581
2024-06-10 14:55:00,1883.0,1884.7,1881.05,1884.7,3844
2024-06-10 14:56:00,1884.05,1884.7,1882.0,1884.0,3318
2024-06-10 14:57:00,1883.95,1883.95,1878.05,1879.05,2045
2024-06-10 14:58:00,1879.05,1880.0,1878.0,1879.2,1023
2024-06-10 14:59:00,1878.9,1882.35,1878.15,1881.95,1557
2024-06-10 15:00:00,1880.6,1881.5,1876.8,1881.5,7786
2024-06-10 15:01:00,1881.5,1883.9,1879.6,1882.8,2934
2024-06-10 15:02:00,1882.65,1882.85,1880.6,1882.75,1657
2024-06-10 15:03:00,1882.75,1883.0,1881.25,1883.0,1589
2024-06-10 15:04:00,1882.1,1893.3,1881.75,1889.3,17164
2024-06-10 15:05:00,1888.3,1891.45,1885.0,1886.35,2503
2024-06-10 15:06:00,1887.0,1888.7,1886.2,1888.45,4321
2024-06-10 15:07:00,1888.45,1888.9,1886.4,1887.4,3016
2024-06-10 15:08:00,1888.0,1888.0,1884.1,1884.8,4376
2024-06-10 15:09:00,1885.8,1888.8,1884.65,1888.1,5425
2024-06-10 15:10:00,1894.4,1895.5,1890.9,1892.0,23349
2024-06-10 15:11:00,1892.8,1894.0,1890.9,1890.9,5444
2024-06-10 15:12:00,1892.0,1892.0,1887.0,1887.0,3151
2024-06-10 15:13:00,1887.0,1890.0,1885.5,1886.35,5873
2024-06-10 15:14:00,1887.0,1888.0,1885.0,1885.0,2375
2024-06-10 15:15:00,1886.35,1886.95,1883.25,1886.85,4502
2024-06-10 15:16:00,1886.85,1889.0,1886.85,1887.05,5046
2024-06-10 15:17:00,1887.8,1887.95,1886.0,1887.0,5741
2024-06-10 15:18:00,1887.0,1887.0,1884.0,1885.85,3696
2024-06-10 15:19:00,1885.85,1885.9,1880.0,1880.7,8611
2024-06-10 15:20:00,1881.0,1881.0,1859.8,1867.0,26355
2024-06-10 15:21:00,1867.0,1872.5,1865.0,1872.2,5653
2024-06-10 15:22:00,1872.5,1872.5,1866.45,1871.3,5437
2024-06-10 15:23:00,1871.3,1872.6,1868.0,1872.5,3704
2024-06-10 15:24:00,1872.5,1873.9,1861.0,1867.9,15770
2024-06-10 15:25:00,1867.9,1870.0,1867.6,1869.9,2702
2024-06-10 15:26:00,1870.0,1870.0,1869.0,1869.4,3113
2024-06-10 15:27:00,1869.4,1875.0,1869.4,1873.2,5437
2024-06-10 15:28:00,1874.8,1874.8,1872.0,1873.0,2779
2024-06-10 15:29:00,1873.0,1874.0,1868.0,1871.2,3570
2024-06-11 09:15:00,1898.0,1898.0,1871.2,1872.0,10906
2024-06-11 09:16:00,1872.0,1872.0,1862.8,1867.65,12656
2024-06-11 09:17:00,1867.65,1877.8,1865.95,1877.7,7973
2024-06-11 09:18:00,1876.05,1876.5,1869.0,1874.35,6416
2024-06-11 09:19:00,1874.35,1874.35,1869.25,1869.6,4412
2024-06-11 09:20:00,1869.65,1872.7,1863.55,1866.7,20143
2024-06-11 09:21:00,1868.85,1876.35,1867.05,1873.5,6658
2024-06-11 09:22:00,1873.5,1877.0,1871.4,1876.7,4626
2024-06-11 09:23:00,1876.7,1879.55,1874.0,1875.85,20126
2024-06-11 09:24:00,1877.0,1880.0,1874.0,1874.1,4116
2024-06-11 09:25:00,1874.1,1877.0,1874.0,1875.0,3087
2024-06-11 09:26:00,1875.05,1876.5,1874.0,1874.0,17499
2024-06-11 09:27:00,1874.0,1878.1,1871.55,1877.35,13777
2024-06-11 09:28:00,1878.0,1878.7,1873.65,1873.65,2321
2024-06-11 09:29:00,1874.75,1877.0,1873.8,1875.95,1184
2024-06-11 09:30:00,1875.95,1876.0,1873.0,1873.0,1577
2024-06-11 09:31:00,1873.0,1874.15,1871.2,1872.15,2852
2024-06-11 09:32:00,1872.15,1872.5,1870.15,1871.75,1574
2024-06-11 09:33:00,1871.7,1872.0,1870.55,1871.7,1103
2024-06-11 09:34:00,1871.7,1872.65,1870.55,1872.45,1878
2024-06-11 09:35:00,1872.25,1874.5,1871.4,1871.8,1516
2024-06-11 09:36:00,1872.0,1872.25,1870.0,1871.0,2879
2024-06-11 09:37:00,1871.0,1871.0,1865.55,1867.3,4559
2024-06-11 09:38:00,1865.25,1867.55,1865.0,1866.75,1877
2024-06-11 09:39:00,1866.75,1869.95,1866.75,1869.0,1424
2024-06-11 09:40:00,1868.4,1870.85,1867.8,1870.05,2874
2024-06-11 09:41:00,1870.0,1874.0,1870.0,1871.0,3552
2024-06-11 09:42:00,1871.55,1872.4,1870.35,1871.0,878
2024-06-11 09:43:00,1871.0,1877.35,1870.35,1877.35,6041
2024-06-11 09:44:00,1877.35,1877.45,1873.35,1873.35,1484
2024-06-11 09:45:00,1874.85,1874.95,1873.0,1874.15,955
2024-06-11 09:46:00,1873.0,1874.95,1873.0,1873.8,1008
2024-06-11 09:47:00,1873.8,1875.0,1873.35,1873.7,321
2024-06-11 09:48:00,1873.5,1874.75,1873.5,1873.95,1612
2024-06-11 09:49:00,1873.95,1875.0,1873.95,1875.0,646
2024-06-11 09:50:00,1874.95,1876.0,1874.0,1876.0,1238
2024-06-11 09:51:00,1876.25,1877.0,1875.0,1877.0,1065
2024-06-11 09:52:00,1876.2,1877.75,1875.9,1877.7,2527
2024-06-11 09:53:00,1877.5,1877.5,1875.95,1876.95,820
2024-06-11 09:54:00,1877.0,1877.0,1875.0,1875.05,1824
2024-06-11 09:55:00,1875.05,1876.0,1875.0,1876.0,231
2024-06-11 09:56:00,1875.1,1876.5,1875.1,1876.25,1595
2024-06-11 09:57:00,1876.0,1876.25,1875.0,1876.25,463
2024-06-11 09:58:00,1876.25,1877.7,1875.05,1875.25,5078
2024-06-11 09:59:00,1875.25,1876.05,1874.0,1875.55,555
2024-06-11 10:00:00,1875.0,1875.95,1874.0,1874.15,458
2024-06-11 10:01:00,1874.15,1875.95,1874.0,1874.0,913
2024-06-11 10:02:00,1874.0,1875.0,1873.5,1874.75,408
2024-06-11 10:03:00,1873.65,1874.65,1873.25,1874.0,332
2024-06-11 10:04:00,1874.3,1875.0,1873.3,1874.25,554
2024-06-11 10:05:00,1874.25,1874.95,1872.7,1872.7,931
2024-06-11 10:06:00,1872.7,1873.0,1871.35,1873.0,1327
2024-06-11 10:07:00,1873.0,1874.0,1873.0,1873.5,463
2024-06-11 10:08:00,1873.5,1875.3,1873.5,1874.9,854
2024-06-11 10:09:00,1874.9,1875.25,1871.35,1873.0,1338
2024-06-11 10:10:00,1872.95,1874.0,1871.3,1872.4,1081
2024-06-11 10:11:00,1872.4,1874.0,1872.4,1873.95,778
2024-06-11 10:12:00,1873.95,1875.25,1873.4,1874.3,1323
2024-06-11 10:13:00,1874.3,1874.95,1874.0,1874.5,235
2024-06-11 10:14:00,1874.5,1875.25,1874.0,1875.25,767
2024-06-11 10:15:00,1875.25,1875.25,1874.2,1874.25,714
2024-06-11 10:16:00,1874.25,1875.25,1874.25,1874.4,403
2024-06-11 10:17:00,1874.4,1875.25,1874.25,1875.25,478
2024-06-11 10:18:00,1875.25,1875.25,1874.4,1875.25,340
2024-06-11 10:19:00,1874.9,1875.25,1874.0,1874.95,321
2024-06-11 10:20:00,1874.85,1875.85,1874.0,1875.85,209
2024-06-11 10:21:00,1875.85,1875.95,1874.5,1875.65,330
2024-06-11 10:22:00,1875.8,1876.0,1874.75,1875.0,193
2024-06-11 10:23:00,1875.0,1876.55,1874.05,1876.3,1690
2024-06-11 10:24:00,1876.3,1876.3,1874.35,1875.15,226
2024-06-11 10:25:00,1874.4,1876.5,1874.4,1875.85,737
2024-06-11 10:26:00,1875.9,1875.9,1874.0,1874.95,357
2024-06-11 10:27:00,1874.1,1875.0,1874.0,1874.2,144
2024-06-11 10:28:00,1874.2,1875.0,1874.0,1875.0,283
2024-06-11 10:29:00,1875.0,1875.0,1873.6,1874.2,774
2024-06-11 10:30:00,1873.85,1874.3,1873.0,1873.1,1310
2024-06-11 10:31:00,1874.5,1874.5,1873.1,1873.35,320
2024-06-11 10:32:00,1873.35,1874.0,1873.1,1873.2,340
2024-06-11 10:33:00,1873.15,1874.2,1873.15,1873.95,1058
2024-06-11 10:34:00,1873.95,1875.0,1873.4,1875.0,571
2024-06-11 10:35:00,1874.95,1874.95,1873.1,1873.65,433
2024-06-11 10:36:00,1873.1,1873.65,1873.1,1873.1,429
2024-06-11 10:37:00,1873.45,1875.0,1873.1,1874.0,851
2024-06-11 10:38:00,1874.0,1875.9,1873.2,1875.9,1287
2024-06-11 10:39:00,1874.8,1875.95,1874.8,1875.6,317
2024-06-11 10:40:00,1875.6,1875.6,1873.0,1873.05,1443
2024-06-11 10:41:00,1873.05,1875.0,1873.0,1875.0,450
2024-06-11 10:42:00,1875.0,1875.0,1874.3,1875.0,520
2024-06-11 10:43:00,1874.3,1875.0,1874.3,1874.9,423
2024-06-11 10:44:00,1874.9,1874.9,1873.0,1873.0,603
2024-06-11 10:45:00,1873.65,1873.75,1872.2,1873.0,567
2024-06-11 10:46:00,1873.0,1873.0,1872.0,1872.0,721
2024-06-11 10:47:00,1872.0,1873.0,1872.0,1872.95,460
2024-06-11 10:48:00,1872.25,1872.95,1872.1,1872.8,444
2024-06-11 10:49:00,1872.8,1872.8,1872.0,1872.0,529
2024-06-11 10:50:00,1872.0,1872.6,1872.0,1872.6,43
2024-06-11 10:51:00,1872.0,1872.6,1871.0,1872.3,1000
2024-06-11 10:52:00,1872.6,1872.6,1871.1,1872.6,1138
2024-06-11 10:53:00,1872.6,1872.6,1871.15,1872.45,1750
2024-06-11 10:54:00,1872.45,1875.0,1872.45,1875.0,2187
2024-06-11 10:55:00,1875.0,1875.0,1872.65,1874.5,1252
2024-06-11 10:56:00,1874.5,1874.65,1873.1,1873.35,452
2024-06-11 10:57:00,1874.4,1874.4,1872.8,1874.3,412
2024-06-11 10:58:00,1874.3,1874.4,1873.3,1873.5,631
2024-06-11 10:59:00,1873.35,1874.0,1873.0,1873.15,472
2024-06-11 11:00:00,1873.15,1874.0,1872.45,1872.65,944
2024-06-11 11:01:00,1871.85,1871.85,1869.0,1869.0,4447
2024-06-11 11:02:00,1869.75,1869.95,1867.85,1867.85,2818
2024-06-11 11:03:00,1867.85,1870.25,1865.55,1869.3,1175
2024-06-11 11:04:00,1868.5,1869.05,1867.55,1867.95,605
2024-06-11 11:05:00,1868.0,1870.8,1868.0,1868.75,550
2024-06-11 11:06:00,1868.75,1871.8,1868.75,1871.15,1564
2024-06-11 11:07:00,1871.15,1872.75,1870.5,1872.05,402
2024-06-11 11:08:00,1872.05,1872.45,1870.5,1870.65,540
2024-06-11 11:09:00,1870.65,1872.0,1870.65,1871.65,356
2024-06-11 11:10:00,1871.65,1871.9,1871.0,1871.1,152
2024-06-11 11:11:00,1871.1,1871.8,1870.65,1871.0,473
2024-06-11 11:12:00,1871.0,1871.75,1870.65,1871.35,229
2024-06-11 11:13:00,1871.35,1871.75,1870.0,1870.95,511
2024-06-11 11:14:00,1870.95,1871.75,1869.1,1870.6,1099
2024-06-11 11:15:00,1870.6,1870.65,1869.4,1870.0,87
2024-06-11 11:16:00,1870.0,1870.6,1869.65,1870.4,182
2024-06-11 11:17:00,1870.4,1870.6,1869.5,1870.45,439
2024-06-11 11:18:00,1870.45,1870.6,1868.95,1869.6,539
2024-06-11 11:19:00,1869.6,1870.6,1868.6,1869.7,481
2024-06-11 11:20:00,1870.0,1870.6,1869.5,1870.6,234
2024-06-11 11:21:00,1870.6,1870.6,1868.0,1869.0,862
2024-06-11 11:22:00,1869.0,1869.6,1868.1,1869.2,593
2024-06-11 11:23:00,1868.25,1869.6,1868.0,1869.4,995
2024-06-11 11:24:00,1869.4,1870.0,1868.65,1868.65,461
2024-06-11 11:25:00,1869.6,1869.9,1868.25,1868.8,333
2024-06-11 11:26:00,1868.8,1869.8,1868.0,1869.75,1604
2024-06-11 11:27:00,1869.75,1870.2,1869.0,1869.0,773
2024-06-11 11:28:00,1869.0,1870.0,1869.0,1869.0,461
2024-06-11 11:29:00,1869.0,1869.5,1868.0,1869.4,1969
2024-06-11 11:30:00,1869.4,1869.5,1868.5,1869.5,231
2024-06-11 11:31:00,1869.5,1869.5,1865.15,1867.9,5759
2024-06-11 11:32:00,1869.0,1869.5,1867.3,1868.0,1603
2024-06-11 11:33:00,1868.85,1868.9,1868.0,1868.8,231
2024-06-11 11:34:00,1868.8,1869.45,1868.0,1869.2,186
2024-06-11 11:35:00,1869.3,1870.0,1868.2,1870.0,734
2024-06-11 11:36:00,1870.0,1870.0,1869.2,1869.35,248
2024-06-11 11:37:00,1869.35,1870.0,1869.25,1870.0,236
2024-06-11 11:38:00,1869.45,1870.6,1869.4,1870.6,436
2024-06-11 11:39:00,1870.6,1870.6,1869.0,1870.6,870
2024-06-11 11:40:00,1870.55,1870.55,1869.0,1870.25,233
2024-06-11 11:41:00,1870.25,1870.55,1869.1,1870.45,781
2024-06-11 11:42:00,1870.45,1870.45,1869.3,1870.3,207
2024-06-11 11:43:00,1870.3,1870.3,1869.0,1870.0,910
2024-06-11 11:44:00,1870.6,1870.6,1869.05,1869.05,886
2024-06-11 11:45:00,1869.05,1870.6,1869.05,1870.6,317
2024-06-11 11:46:00,1870.6,1870.6,1869.25,1870.0,734
2024-06-11 11:47:00,1870.0,1870.0,1869.0,1869.4,1255
2024-06-11 11:48:00,1869.4,1870.35,1869.0,1870.0,365
2024-06-11 11:49:00,1869.1,1870.2,1869.05,1869.9,283
2024-06-11 11:50:00,1869.05,1869.9,1869.0,1869.8,242
2024-06-11 11:51:00,1869.8,1873.95,1869.05,1873.0,3710
2024-06-11 11:52:00,1873.0,1873.8,1871.0,1871.5,1322
2024-06-11 11:53:00,1871.5,1873.25,1870.0,1870.55,1968
2024-06-11 11:54:00,1871.6,1871.6,1871.0,1871.0,467
2024-06-11 11:55:00,1871.0,1872.0,1870.9,1870.9,343
2024-06-11 11:56:00,1870.9,1871.5,1870.45,1870.55,232
2024-06-11 11:57:00,1870.55,1871.5,1870.5,1870.9,573
2024-06-11 11:58:00,1870.55,1870.55,1869.6,1870.3,466
2024-06-11 11:59:00,1869.5,1872.0,1869.0,1871.65,665
2024-06-11 12:00:00,1871.65,1871.65,1869.0,1870.4,746
2024-06-11 12:01:00,1870.4,1871.0,1869.3,1870.2,236
2024-06-11 12:02:00,1870.2,1871.35,1869.25,1871.2,454
2024-06-11 12:03:00,1871.2,1871.2,1869.55,1870.55,284
2024-06-11 12:04:00,1870.55,1872.35,1870.05,1870.6,2218
2024-06-11 12:05:00,1870.6,1872.2,1870.6,1871.95,319
2024-06-11 12:06:00,1871.95,1871.95,1871.0,1871.85,238
2024-06-11 12:07:00,1871.85,1872.0,1871.0,1872.0,256
2024-06-11 12:08:00,1872.0,1872.6,1871.25,1871.9,304
2024-06-11 12:09:00,1871.9,1872.5,1870.55,1871.3,1760
2024-06-11 12:10:00,1871.3,1873.0,1870.8,1871.1,3048
2024-06-11 12:11:00,1871.1,1872.3,1871.1,1871.35,213
2024-06-11 12:12:00,1872.1,1872.2,1870.55,1871.95,1147
2024-06-11 12:13:00,1871.95,1872.0,1870.85,1871.8,151
2024-06-11 12:14:00,1871.8,1872.25,1870.85,1872.0,372
2024-06-11 12:15:00,1871.85,1876.85,1871.85,1876.85,6622
2024-06-11 12:16:00,1876.9,1879.0,1875.65,1877.0,5719
2024-06-11 12:17:00,1877.0,1880.9,1876.0,1879.0,15458
2024-06-11 12:18:00,1879.0,1879.8,1876.5,1878.0,2738
2024-06-11 12:19:00,1878.0,1880.15,1877.05,1878.85,1237
2024-06-11 12:20:00,1878.85,1879.0,1877.25,1877.25,730
2024-06-11 12:21:00,1877.25,1878.25,1877.0,1877.1,1432
2024-06-11 12:22:00,1877.1,1882.0,1877.1,1881.5,4165
2024-06-11 12:23:00,1881.5,1883.0,1881.0,1882.45,1389
2024-06-11 12:24:00,1881.4,1883.0,1881.0,1882.85,3769
2024-06-11 12:25:00,1881.0,1882.55,1877.0,1879.0,5148
2024-06-11 12:26:00,1879.0,1879.0,1877.0,1877.85,251
2024-06-11 12:27:00,1877.85,1880.0,1877.3,1880.0,987
2024-06-11 12:28:00,1880.0,1881.0,1878.95,1879.2,1252
2024-06-11 12:29:00,1879.2,1881.9,1879.0,1879.3,1615
2024-06-11 12:30:00,1879.3,1881.8,1878.0,1878.0,1272
2024-06-11 12:31:00,1878.0,1879.45,1878.0,1878.3,132
2024-06-11 12:32:00,1878.3,1879.15,1878.3,1879.0,229
2024-06-11 12:33:00,1878.5,1880.0,1878.3,1879.55,852
2024-06-11 12:34:00,1879.55,1879.95,1877.5,1878.0,1863
2024-06-11 12:35:00,1877.5,1878.25,1875.0,1875.25,3350
2024-06-11 12:36:00,1874.55,1875.8,1873.6,1874.2,1281
2024-06-11 12:37:00,1873.2,1873.2,1870.4,1871.3,4227
2024-06-11 12:38:00,1871.3,1876.05,1871.3,1876.05,1787
2024-06-11 12:39:00,1876.05,1876.05,1871.4,1872.5,1500
2024-06-11 12:40:00,1872.5,1874.55,1872.5,1874.15,434
2024-06-11 12:41:00,1874.15,1874.15,1872.6,1873.7,315
2024-06-11 12:42:00,1873.7,1873.7,1872.6,1873.55,243
2024-06-11 12:43:00,1873.55,1874.7,1872.6,1874.65,804
2024-06-11 12:44:00,1874.65,1874.65,1872.5,1872.5,634
2024-06-11 12:45:00,1872.5,1873.75,1872.5,1872.5,692
2024-06-11 12:46:00,1872.5,1872.6,1870.75,1870.75,1146
2024-06-11 12:47:00,1871.8,1872.45,1870.9,1871.6,692
2024-06-11 12:48:00,1871.6,1873.35,1871.6,1872.9,314
2024-06-11 12:49:00,1872.65,1873.6,1871.85,1871.85,539
2024-06-11 12:50:00,1871.85,1872.95,1871.6,1872.0,263
2024-06-11 12:51:00,1872.0,1872.85,1872.0,1872.4,117
2024-06-11 12:52:00,1872.4,1872.65,1871.0,1872.0,1969
2024-06-11 12:53:00,1872.0,1872.75,1871.0,1872.45,357
2024-06-11 12:54:00,1870.6,1871.8,1870.05,1871.05,2663
2024-06-11 12:55:00,1871.8,1873.25,1871.25,1873.25,821
2024-06-11 12:56:00,1872.7,1874.25,1872.7,1873.55,453
2024-06-11 12:57:00,1873.55,1873.6,1871.15,1872.5,761
2024-06-11 12:58:00,1872.55,1872.85,1871.35,1871.35,244
2024-06-11 12:59:00,1871.35,1873.0,1871.15,1873.0,478
2024-06-11 13:00:00,1873.0,1873.0,1871.15,1871.2,448
2024-06-11 13:01:00,1872.0,1874.5,1871.6,1872.85,971
2024-06-11 13:02:00,1872.85,1873.65,1872.1,1872.5,422
2024-06-11 13:03:00,1872.5,1873.85,1872.5,1873.85,189
2024-06-11 13:04:00,1873.85,1873.85,1872.5,1872.6,108
2024-06-11 13:05:00,1872.6,1873.0,1872.1,1872.1,237
2024-06-11 13:06:00,1872.6,1872.6,1872.0,1872.6,333
2024-06-11 13:07:00,1872.6,1872.6,1872.0,1872.6,142
2024-06-11 13:08:00,1872.6,1873.8,1872.0,1872.5,315
2024-06-11 13:09:00,1872.5,1873.45,1872.0,1872.5,354
2024-06-11 13:10:00,1872.5,1872.5,1871.0,1871.0,1562
2024-06-11 13:11:00,1871.0,1872.2,1870.05,1870.65,1018
2024-06-11 13:12:00,1870.65,1880.7,1870.65,1880.4,8513
2024-06-11 13:13:00,1881.8,1881.9,1880.0,1880.0,2741
2024-06-11 13:14:00,1880.0,1880.95,1880.0,1880.0,2245
2024-06-11 13:15:00,1880.0,1880.9,1874.4,1875.65,6633
2024-06-11 13:16:00,1875.3,1877.0,1874.0,1874.0,1659
2024-06-11 13:17:00,1874.0,1875.65,1873.0,1874.85,550
2024-06-11 13:18:00,1874.85,1875.65,1874.1,1874.1,615
2024-06-11 13:19:00,1874.1,1875.0,1873.25,1875.0,333
2024-06-11 13:20:00,1875.0,1875.6,1874.05,1875.15,491
2024-06-11 13:21:00,1875.15,1875.15,1873.5,1873.5,645
2024-06-11 13:22:00,1873.65,1873.95,1872.1,1872.1,281
2024-06-11 13:23:00,1872.95,1874.45,1872.0,1873.5,389
2024-06-11 13:24:00,1873.5,1874.25,1872.75,1874.0,95
2024-06-11 13:25:00,1874.0,1875.2,1873.0,1875.2,362
2024-06-11 13:26:00,1875.2,1875.2,1872.85,1874.15,302
2024-06-11 13:27:00,1874.15,1874.15,1872.55,1874.05,230
2024-06-11 13:28:00,1874.05,1874.05,1872.6,1873.75,138
2024-06-11 13:29:00,1873.9,1873.9,1873.0,1873.9,201
2024-06-11 13:30:00,1873.0,1874.55,1872.7,1873.05,635
2024-06-11 13:31:00,1873.05,1874.4,1873.0,1873.0,274
2024-06-11 13:32:00,1873.7,1873.75,1872.1,1872.1,1041
2024-06-11 13:33:00,1872.1,1873.75,1872.1,1873.75,159
2024-06-11 13:34:00,1873.75,1874.0,1872.65,1873.85,430
2024-06-11 13:35:00,1873.85,1874.0,1871.65,1872.75,1606
2024-06-11 13:36:00,1871.5,1873.9,1871.15,1871.95,771
2024-06-11 13:37:00,1873.45,1873.95,1871.65,1872.7,528
2024-06-11 13:38:00,1872.7,1874.0,1872.7,1872.7,268
2024-06-11 13:39:00,1872.7,1874.0,1872.7,1872.8,330
2024-06-11 13:40:00,1872.8,1873.95,1871.25,1872.05,1903
2024-06-11 13:41:00,1872.05,1873.5,1871.3,1872.85,1169
2024-06-11 13:42:00,1872.8,1872.8,1871.5,1872.0,473
2024-06-11 13:43:00,1872.8,1873.0,1871.4,1872.0,581
2024-06-11 13:44:00,1872.0,1873.95,1871.55,1872.0,1389
2024-06-11 13:45:00,1872.0,1873.95,1872.0,1872.95,540
2024-06-11 13:46:00,1872.95,1873.95,1872.25,1873.05,141
2024-06-11 13:47:00,1873.05,1873.85,1872.95,1873.15,2179
2024-06-11 13:48:00,1873.15,1873.9,1873.0,1873.0,209
2024-06-11 13:49:00,1873.0,1874.0,1873.0,1873.8,957
2024-06-11 13:50:00,1873.8,1873.85,1873.1,1873.1,970
2024-06-11 13:51:00,1873.1,1874.15,1873.1,1873.1,599
2024-06-11 13:52:00,1875.0,1875.0,1873.1,1874.45,914
2024-06-11 13:53:00,1874.45,1874.6,1874.1,1874.6,203
2024-06-11 13:54:00,1874.6,1875.0,1874.1,1874.1,624
2024-06-11 13:55:00,1874.1,1876.25,1874.1,1876.0,1950
2024-06-11 13:56:00,1876.0,1876.95,1875.05,1875.4,421
2024-06-11 13:57:00,1875.4,1876.85,1875.3,1876.4,363
2024-06-11 13:58:00,1876.4,1876.85,1875.45,1875.8,1249
2024-06-11 13:59:00,1875.8,1877.6,1875.45,1877.1,641
2024-06-11 14:00:00,1877.0,1878.0,1876.0,1876.1,970
2024-06-11 14:01:00,1876.1,1877.4,1875.0,1875.45,1061
2024-06-11 14:02:00,1875.45,1876.0,1872.0,1872.0,879
2024-06-11 14:03:00,1872.0,1873.1,1871.85,1872.7,796
2024-06-11 14:04:00,1872.7,1874.05,1871.85,1873.0,757
2024-06-11 14:05:00,1873.0,1873.7,1872.0,1873.7,241
2024-06-11 14:06:00,1872.0,1873.55,1872.0,1872.8,366
2024-06-11 14:07:00,1872.8,1873.25,1872.0,1873.25,204
2024-06-11 14:08:00,1873.25,1874.0,1872.0,1873.45,746
2024-06-11 14:09:00,1873.45,1873.65,1872.05,1873.2,535
2024-06-11 14:10:00,1873.2,1873.9,1871.0,1871.05,2169
2024-06-11 14:11:00,1871.1,1873.3,1871.0,1873.05,727
2024-06-11 14:12:00,1873.05,1873.05,1871.5,1873.0,279
2024-06-11 14:13:00,1873.05,1873.55,1871.5,1872.6,445
2024-06-11 14:14:00,1872.55,1873.5,1871.5,1872.05,565
2024-06-11 14:15:00,1873.0,1873.15,1871.5,1873.05,690
2024-06-11 14:16:00,1873.05,1873.85,1871.65,1872.25,457
2024-06-11 14:17:00,1872.25,1874.25,1872.25,1873.05,747
2024-06-11 14:18:00,1873.05,1873.05,1872.25,1872.6,65
2024-06-11 14:19:00,1872.6,1872.7,1871.6,1871.65,330
2024-06-11 14:20:00,1872.25,1872.65,1871.6,1871.6,149
2024-06-11 14:21:00,1871.6,1872.3,1871.15,1872.0,335
2024-06-11 14:22:00,1872.0,1872.0,1871.0,1871.95,817
2024-06-11 14:23:00,1871.95,1873.0,1870.05,1873.0,4525
2024-06-11 14:24:00,1873.0,1873.0,1871.1,1871.35,768
2024-06-11 14:25:00,1871.35,1873.0,1871.2,1873.0,218
2024-06-11 14:26:00,1872.7,1873.55,1872.15,1872.15,173
2024-06-11 14:27:00,1871.3,1873.4,1871.3,1873.4,424
2024-06-11 14:28:00,1873.4,1873.75,1872.4,1872.55,269
2024-06-11 14:29:00,1872.55,1873.75,1871.55,1873.55,922
2024-06-11 14:30:00,1873.55,1873.65,1871.95,1872.05,190
2024-06-11 14:31:00,1872.05,1873.35,1871.5,1871.65,256
2024-06-11 14:32:00,1871.65,1872.95,1871.5,1872.95,416
2024-06-11 14:33:00,1872.95,1872.95,1871.65,1872.45,86
2024-06-11 14:34:00,1872.45,1874.0,1871.25,1872.6,2231
2024-06-11 14:35:00,1871.0,1872.85,1871.0,1872.0,815
2024-06-11 14:36:00,1872.7,1872.7,1871.85,1872.6,403
2024-06-11 14:37:00,1872.6,1873.0,1871.5,1872.0,544
2024-06-11 14:38:00,1872.0,1872.0,1871.05,1871.35,517
2024-06-11 14:39:00,1871.75,1872.2,1871.0,1871.9,818
2024-06-11 14:40:00,1871.9,1872.45,1871.1,1872.3,954
2024-06-11 14:41:00,1872.3,1872.3,1871.0,1871.75,359
2024-06-11 14:42:00,1871.65,1871.85,1870.3,1870.8,1301
2024-06-11 14:43:00,1870.8,1871.45,1870.0,1870.35,230
2024-06-11 14:44:00,1870.95,1871.45,1870.1,1871.15,1639
2024-06-11 14:45:00,1871.15,1871.15,1870.1,1870.95,333
2024-06-11 14:46:00,1870.95,1870.95,1870.0,1870.65,423
2024-06-11 14:47:00,1870.65,1871.9,1870.0,1870.0,1401
2024-06-11 14:48:00,1870.0,1871.0,1870.0,1870.7,162
2024-06-11 14:49:00,1871.5,1871.75,1870.0,1870.95,722
2024-06-11 14:50:00,1871.9,1871.9,1870.0,1870.65,1158
2024-06-11 14:51:00,1870.0,1871.45,1870.0,1870.0,852
2024-06-11 14:52:00,1870.85,1871.25,1870.0,1870.05,2664
2024-06-11 14:53:00,1870.05,1870.55,1870.05,1870.1,536
2024-06-11 14:54:00,1870.1,1871.9,1870.1,1871.6,950
2024-06-11 14:55:00,1871.6,1873.0,1870.85,1871.55,1773
2024-06-11 14:56:00,1872.5,1872.9,1871.5,1872.75,637
2024-06-11 14:57:00,1872.75,1873.2,1871.55,1871.95,252
2024-06-11 14:58:00,1871.95,1871.95,1871.0,1871.05,457
2024-06-11 14:59:00,1871.05,1871.6,1870.1,1870.15,749
2024-06-11 15:00:00,1870.15,1870.75,1868.0,1868.05,4679
2024-06-11 15:01:00,1868.55,1868.95,1866.0,1866.0,4323
2024-06-11 15:02:00,1866.0,1866.0,1865.0,1865.0,3771
2024-06-11 15:03:00,1865.05,1865.05,1862.8,1863.15,12216
2024-06-11 15:04:00,1863.15,1864.4,1862.0,1863.2,5785
2024-06-11 15:05:00,1863.55,1863.55,1860.5,1861.4,4575
2024-06-11 15:06:00,1861.4,1864.25,1860.0,1862.65,6794
2024-06-11 15:07:00,1861.75,1865.4,1860.65,1863.15,4092
2024-06-11 15:08:00,1863.15,1863.15,1860.05,1861.45,3845
2024-06-11 15:09:00,1861.45,1866.0,1860.0,1866.0,8314
2024-06-11 15:10:00,1864.85,1865.55,1862.7,1863.3,5304
2024-06-11 15:11:00,1863.3,1863.7,1861.0,1861.75,1460
2024-06-11 15:12:00,1861.75,1861.75,1858.0,1858.5,6760
2024-06-11 15:13:00,1858.5,1858.5,1856.05,1857.95,5174
2024-06-11 15:14:00,1857.95,1860.35,1855.95,1856.8,4997
2024-06-11 15:15:00,1856.25,1857.0,1853.2,1854.3,7212
2024-06-11 15:16:00,1854.3,1855.0,1852.3,1852.9,5644
2024-06-11 15:17:00,1853.15,1853.15,1852.0,1852.5,4229
2024-06-11 15:18:00,1852.5,1852.5,1851.0,1852.0,5410
2024-06-11 15:19:00,1851.95,1853.85,1850.0,1852.25,8101
2024-06-11 15:20:00,1853.1,1853.85,1850.0,1850.0,12223
2024-06-11 15:21:00,1851.15,1852.0,1850.15,1851.25,3255
2024-06-11 15:22:00,1851.25,1852.0,1851.0,1851.3,2531
2024-06-11 15:23:00,1851.3,1851.3,1850.0,1850.55,4050
2024-06-11 15:24:00,1850.5,1851.35,1845.95,1847.85,10820
2024-06-11 15:25:00,1847.5,1847.95,1841.1,1844.55,10151
2024-06-11 15:26:00,1844.55,1847.65,1840.0,1847.45,9575
2024-06-11 15:27:00,1845.35,1848.15,1845.35,1847.6,2518
2024-06-11 15:28:00,1847.1,1849.85,1846.35,1849.5,3841
2024-06-11 15:29:00,1849.5,1855.0,1849.05,1852.0,6831
2024-06-12 09:15:00,1859.9,1861.0,1855.0,1859.55,10370
2024-06-12 09:16:00,1859.55,1859.6,1854.65,1858.35,8496
2024-06-12 09:17:00,1859.0,1859.15,1856.0,1857.65,5737
2024-06-12 09:18:00,1857.0,1864.0,1856.15,1863.75,3678
2024-06-12 09:19:00,1865.0,1868.6,1859.2,1860.15,5522
2024-06-12 09:20:00,1862.35,1863.8,1859.15,1860.8,5509
2024-06-12 09:21:00,1860.85,1860.85,1855.35,1857.6,3138
2024-06-12 09:22:00,1857.55,1865.0,1857.55,1864.9,5334
2024-06-12 09:23:00,1864.9,1864.9,1860.85,1862.95,2570
2024-06-12 09:24:00,1862.85,1864.15,1861.0,1862.55,904
2024-06-12 09:25:00,1862.75,1864.9,1861.45,1862.7,3102
2024-06-12 09:26:00,1863.95,1865.0,1861.0,1865.0,1755
2024-06-12 09:27:00,1865.0,1865.0,1862.15,1863.3,1842
2024-06-12 09:28:00,1862.05,1865.0,1858.6,1860.55,5064
2024-06-12 09:29:00,1860.45,1862.55,1858.7,1862.4,1325
2024-06-12 09:30:00,1862.1,1862.35,1856.6,1859.9,4602
2024-06-12 09:31:00,1859.9,1860.8,1857.95,1860.8,1572
2024-06-12 09:32:00,1860.8,1863.0,1860.05,1861.0,2473
2024-06-12 09:33:00,1862.0,1862.4,1860.05,1862.15,2352
2024-06-12 09:34:00,1861.15,1862.15,1859.0,1860.8,1162
2024-06-12 09:35:00,1859.55,1860.75,1858.0,1859.9,1530
2024-06-12 09:36:00,1859.9,1860.2,1858.75,1858.8,1004
2024-06-12 09:37:00,1859.75,1861.4,1858.6,1860.0,897
2024-06-12 09:38:00,1860.0,1860.35,1858.15,1859.95,2913
2024-06-12 09:39:00,1859.95,1860.6,1858.05,1858.05,1315
2024-06-12 09:40:00,1858.0,1859.85,1858.0,1858.3,529
2024-06-12 09:41:00,1859.0,1859.7,1856.05,1856.6,7436
2024-06-12 09:42:00,1856.3,1857.9,1856.3,1856.45,1059
2024-06-12 09:43:00,1856.45,1859.75,1856.45,1859.2,1594
2024-06-12 09:44:00,1858.1,1859.95,1858.1,1859.0,897
2024-06-12 09:45:00,1859.0,1859.3,1858.2,1859.3,2534
2024-06-12 09:46:00,1859.3,1859.3,1858.05,1858.1,471
2024-06-12 09:47:00,1858.1,1858.25,1857.0,1858.15,933
2024-06-12 09:48:00,1858.15,1858.2,1856.55,1858.2,1032
2024-06-12 09:49:00,1858.2,1858.2,1857.05,1857.05,516
2024-06-12 09:50:00,1858.15,1858.15,1856.95,1857.7,1032
2024-06-12 09:51:00,1857.7,1858.0,1856.8,1857.45,1192
2024-06-12 09:52:00,1857.2,1858.25,1857.0,1858.25,1733
2024-06-12 09:53:00,1858.25,1858.6,1856.75,1857.1,844
2024-06-12 09:54:00,1858.5,1859.65,1857.35,1859.25,1368
2024-06-12 09:55:00,1859.25,1859.25,1857.85,1857.95,313
2024-06-12 09:56:00,1859.2,1859.45,1857.3,1858.05,1011
2024-06-12 09:57:00,1858.95,1860.0,1858.1,1859.2,1103
2024-06-12 09:58:00,1859.2,1860.0,1859.2,1859.5,843
2024-06-12 09:59:00,1859.5,1860.0,1859.2,1859.2,1399
2024-06-12 10:00:00,1859.2,1860.0,1858.0,1859.55,997
2024-06-12 10:01:00,1859.55,1860.0,1858.25,1859.3,597
2024-06-12 10:02:00,1859.3,1860.0,1858.05,1859.35,2565
2024-06-12 10:03:00,1859.35,1859.95,1858.15,1859.9,2367
2024-06-12 10:04:00,1858.55,1859.8,1858.25,1858.45,481
2024-06-12 10:05:00,1859.55,1859.55,1858.1,1859.1,489
2024-06-12 10:06:00,1859.1,1859.3,1857.7,1858.3,508
2024-06-12 10:07:00,1857.65,1858.8,1857.05,1858.4,1514
2024-06-12 10:08:00,1858.4,1859.0,1857.2,1858.1,1289
2024-06-12 10:09:00,1858.35,1858.35,1857.2,1858.35,551
2024-06-12 10:10:00,1858.35,1859.2,1858.0,1858.0,544
2024-06-12 10:11:00,1859.0,1859.25,1858.05,1859.2,481
2024-06-12 10:12:00,1859.2,1859.25,1857.9,1857.9,434
2024-06-12 10:13:00,1857.9,1859.0,1857.4,1857.85,616
2024-06-12 10:14:00,1857.85,1858.85,1857.85,1858.5,520
2024-06-12 10:15:00,1858.5,1859.25,1858.0,1859.25,532
2024-06-12 10:16:00,1859.25,1859.9,1859.0,1859.3,752
2024-06-12 10:17:00,1859.3,1859.85,1859.0,1859.0,698
2024-06-12 10:18:00,1859.0,1859.0,1857.5,1858.85,1511
2024-06-12 10:19:00,1857.75,1858.9,1852.0,1854.15,17521
2024-06-12 10:20:00,1854.15,1854.95,1848.1,1850.0,12019
2024-06-12 10:21:00,1850.0,1850.0,1849.2,1849.95,2765
2024-06-12 10:22:00,1849.95,1850.0,1849.0,1849.15,2749
2024-06-12 10:23:00,1850.0,1855.65,1849.0,1855.25,8401
2024-06-12 10:24:00,1856.6,1856.6,1850.95,1851.25,4066
2024-06-12 10:25:00,1851.25,1853.85,1851.0,1851.0,2111
2024-06-12 10:26:00,1851.0,1853.8,1851.0,1851.95,636
2024-06-12 10:27:00,1851.45,1853.4,1851.45,1853.3,1238
2024-06-12 10:28:00,1853.3,1853.75,1853.0,1853.05,366
2024-06-12 10:29:00,1853.05,1854.0,1853.0,1854.0,567
2024-06-12 10:30:00,1854.0,1854.05,1853.1,1853.85,643
2024-06-12 10:31:00,1853.85,1854.0,1853.15,1854.0,452
2024-06-12 10:32:00,1854.0,1854.6,1853.5,1853.5,265
2024-06-12 10:33:00,1853.5,1854.5,1853.15,1854.4,355
2024-06-12 10:34:00,1854.45,1854.5,1853.0,1853.0,618
2024-06-12 10:35:00,1853.0,1854.0,1853.0,1853.8,185
2024-06-12 10:36:00,1853.8,1854.95,1853.0,1853.95,848
2024-06-12 10:37:00,1853.95,1854.85,1853.25,1853.9,1097
2024-06-12 10:38:00,1853.5,1854.6,1853.1,1853.1,376
2024-06-12 10:39:00,1853.0,1853.95,1852.5,1853.6,1744
2024-06-12 10:40:00,1853.6,1853.8,1852.0,1853.45,797
2024-06-12 10:41:00,1853.45,1854.95,1852.5,1854.95,633
2024-06-12 10:42:00,1854.0,1855.0,1854.0,1854.4,1363
2024-06-12 10:43:00,1855.0,1855.8,1854.0,1855.6,2393
2024-06-12 10:44:00,1855.6,1855.6,1854.0,1855.0,543
2024-06-12 10:45:00,1855.25,1855.4,1854.05,1854.15,464
2024-06-12 10:46:00,1855.5,1855.5,1854.1,1855.5,495
2024-06-12 10:47:00,1855.5,1856.9,1854.95,1855.55,1994
2024-06-12 10:48:00,1855.0,1855.55,1854.2,1855.0,912
2024-06-12 10:49:00,1855.0,1855.0,1854.25,1854.25,368
2024-06-12 10:50:00,1854.25,1855.1,1854.25,1855.1,265
2024-06-12 10:51:00,1855.1,1855.1,1854.05,1854.05,577
2024-06-12 10:52:00,1855.0,1855.0,1854.0,1855.0,545
2024-06-12 10:53:00,1855.0,1856.15,1854.05,1855.95,825
2024-06-12 10:54:00,1855.95,1856.2,1854.75,1854.75,155
2024-06-12 10:55:00,1854.75,1855.95,1854.5,1854.95,813
2024-06-12 10:56:00,1854.95,1857.75,1854.85,1857.7,555
2024-06-12 10:57:00,1857.7,1857.7,1856.05,1856.1,414
2024-06-12 10:58:00,1856.1,1857.15,1856.1,1856.1,435
2024-06-12 10:59:00,1856.1,1856.95,1855.0,1856.5,399
2024-06-12 11:00:00,1856.55,1857.0,1856.5,1857.0,505
2024-06-12 11:01:00,1857.0,1857.0,1855.35,1855.35,1103
2024-06-12 11:02:00,1855.65,1855.65,1855.35,1855.5,199
2024-06-12 11:03:00,1855.5,1856.0,1855.0,1856.0,794
2024-06-12 11:04:00,1856.0,1857.35,1855.0,1857.25,785
2024-06-12 11:05:00,1857.25,1857.25,1856.0,1856.5,442
2024-06-12 11:06:00,1855.45,1856.8,1855.35,1856.65,350
2024-06-12 11:07:00,1856.65,1857.65,1856.65,1857.65,994
2024-06-12 11:08:00,1857.65,1858.0,1857.0,1858.0,1229
2024-06-12 11:09:00,1858.0,1858.0,1857.0,1858.0,747
2024-06-12 11:10:00,1858.0,1858.0,1857.05,1857.2,279
2024-06-12 11:11:00,1857.2,1860.3,1857.2,1858.95,7041
2024-06-12 11:12:00,1858.95,1859.35,1857.7,1858.3,958
2024-06-12 11:13:00,1858.3,1859.25,1857.75,1859.0,398
2024-06-12 11:14:00,1859.0,1859.0,1857.2,1857.7,304
2024-06-12 11:15:00,1858.5,1858.75,1857.7,1857.7,229
2024-06-12 11:16:00,1857.7,1858.75,1857.7,1858.75,451
2024-06-12 11:17:00,1858.75,1859.0,1857.7,1857.95,513
2024-06-12 11:18:00,1857.95,1859.4,1857.4,1857.4,633
2024-06-12 11:19:00,1857.4,1859.05,1857.4,1858.7,757
2024-06-12 11:20:00,1858.05,1859.05,1857.55,1859.05,1289
2024-06-12 11:21:00,1859.05,1859.05,1858.25,1858.25,298
2024-06-12 11:22:00,1858.25,1858.35,1858.2,1858.35,260
2024-06-12 11:23:00,1858.2,1859.0,1858.05,1859.0,342
2024-06-12 11:24:00,1859.0,1859.1,1858.1,1858.1,154
2024-06-12 11:25:00,1858.1,1859.0,1857.0,1857.3,1465
2024-06-12 11:26:00,1857.2,1857.2,1856.25,1856.3,163
2024-06-12 11:27:00,1856.3,1856.8,1852.3,1853.7,2066
2024-06-12 11:28:00,1854.1,1854.85,1852.9,1854.1,1054
2024-06-12 11:29:00,1854.1,1855.65,1853.25,1854.35,700
2024-06-12 11:30:00,1855.25,1856.05,1854.0,1854.0,729
2024-06-12 11:31:00,1854.0,1854.8,1853.0,1854.8,213
2024-06-12 11:32:00,1854.8,1855.25,1854.0,1855.25,132
2024-06-12 11:33:00,1855.25,1855.25,1854.2,1855.0,245
2024-06-12 11:34:00,1855.0,1855.25,1853.65,1855.25,590
2024-06-12 11:35:00,1855.25,1855.45,1854.0,1855.45,840
2024-06-12 11:36:00,1855.45,1856.75,1854.0,1856.3,999
2024-06-12 11:37:00,1856.3,1856.3,1855.15,1856.3,94
2024-06-12 11:38:00,1856.3,1857.0,1855.35,1856.0,324
2024-06-12 11:39:00,1856.0,1857.0,1854.05,1855.5,541
2024-06-12 11:40:00,1855.5,1856.9,1854.35,1855.2,615
2024-06-12 11:41:00,1856.65,1856.65,1855.0,1855.15,128
2024-06-12 11:42:00,1855.15,1856.75,1855.15,1856.75,205
2024-06-12 11:43:00,1856.75,1856.9,1855.8,1856.9,345
2024-06-12 11:44:00,1856.9,1857.0,1855.8,1855.95,501
2024-06-12 11:45:00,1855.95,1857.0,1855.95,1856.9,239
2024-06-12 11:46:00,1856.9,1856.9,1855.55,1856.85,304
2024-06-12 11:47:00,1856.85,1857.0,1856.0,1857.0,120
2024-06-12 11:48:00,1856.1,1856.95,1856.0,1856.0,405
2024-06-12 11:49:00,1856.0,1857.0,1856.0,1856.1,274
2024-06-12 11:50:00,1856.1,1857.0,1855.9,1855.9,747
2024-06-12 11:51:00,1855.85,1857.0,1855.85,1856.15,440
2024-06-12 11:52:00,1856.15,1856.85,1855.8,1856.0,316
2024-06-12 11:53:00,1856.0,1857.0,1855.4,1855.4,441
2024-06-12 11:54:00,1855.4,1855.95,1853.6,1854.9,1058
2024-06-12 11:55:00,1854.95,1855.7,1853.65,1855.7,217
2024-06-12 11:56:00,1855.7,1855.85,1854.05,1855.25,433
2024-06-12 11:57:00,1854.45,1855.35,1854.05,1854.05,420
2024-06-12 11:58:00,1855.2,1855.4,1853.35,1853.35,506
2024-06-12 11:59:00,1854.0,1855.45,1853.05,1854.0,617
2024-06-12 12:00:00,1854.0,1855.35,1853.55,1855.35,176
2024-06-12 12:01:00,1854.2,1856.4,1853.65,1856.4,2503
2024-06-12 12:02:00,1856.4,1857.0,1855.25,1856.6,245
2024-06-12 12:03:00,1856.6,1857.0,1856.0,1856.8,409
2024-06-12 12:04:00,1856.8,1857.0,1856.1,1856.3,239
2024-06-12 12:05:00,1856.3,1857.0,1856.3,1856.3,327
2024-06-12 12:06:00,1856.25,1857.0,1855.35,1856.35,1056
2024-06-12 12:07:00,1856.35,1856.4,1855.6,1855.6,446
2024-06-12 12:08:00,1855.6,1856.55,1855.55,1855.55,407
2024-06-12 12:09:00,1855.55,1856.4,1855.3,1855.3,329
2024-06-12 12:10:00,1855.3,1856.4,1855.3,1855.5,273
2024-06-12 12:11:00,1855.5,1856.9,1855.5,1855.7,297
2024-06-12 12:12:00,1855.85,1856.75,1855.7,1856.75,165
2024-06-12 12:13:00,1856.75,1856.9,1855.7,1855.75,316
2024-06-12 12:14:00,1855.75,1856.75,1855.75,1856.7,289
2024-06-12 12:15:00,1856.7,1856.75,1855.85,1856.0,389
2024-06-12 12:16:00,1855.95,1856.75,1855.9,1856.75,343
2024-06-12 12:17:00,1856.75,1856.75,1856.0,1856.75,286
2024-06-12 12:18:00,1856.75,1858.0,1856.05,1856.75,1303
2024-06-12 12:19:00,1856.75,1857.5,1856.75,1857.0,124
2024-06-12 12:20:00,1857.0,1858.0,1856.5,1856.55,832
2024-06-12 12:21:00,1856.65,1857.65,1856.5,1856.55,81
2024-06-12 12:22:00,1856.55,1857.9,1856.55,1857.6,363
2024-06-12 12:23:00,1857.6,1857.8,1856.65,1856.65,412
2024-06-12 12:24:00,1856.65,1857.55,1856.55,1857.55,218
2024-06-12 12:25:00,1857.5,1857.5,1856.4,1857.3,75
2024-06-12 12:26:00,1857.3,1857.35,1856.2,1857.15,162
2024-06-12 12:27:00,1857.15,1857.15,1856.2,1856.5,389
2024-06-12 12:28:00,1856.5,1857.35,1856.5,1856.55,138
2024-06-12 12:29:00,1856.55,1857.3,1856.5,1856.55,213
2024-06-12 12:30:00,1856.55,1857.25,1856.0,1856.05,702
2024-06-12 12:31:00,1856.1,1857.0,1855.1,1855.1,414
2024-06-12 12:32:00,1855.1,1855.75,1855.0,1855.6,129
2024-06-12 12:33:00,1855.6,1856.5,1855.0,1855.2,283
2024-06-12 12:34:00,1855.2,1855.8,1855.0,1855.0,161
2024-06-12 12:35:00,1855.0,1855.7,1854.95,1854.95,628
2024-06-12 12:36:00,1855.0,1855.65,1854.95,1855.65,214
2024-06-12 12:37:00,1855.5,1855.7,1854.8,1855.5,353
2024-06-12 12:38:00,1855.5,1855.65,1853.0,1853.65,2162
2024-06-12 12:39:00,1853.65,1854.0,1853.0,1853.1,47
2024-06-12 12:40:00,1853.1,1854.0,1853.1,1854.0,219
2024-06-12 12:41:00,1854.0,1854.0,1853.0,1853.95,224
2024-06-12 12:42:00,1853.95,1855.0,1853.95,1853.95,330
2024-06-12 12:43:00,1853.95,1853.95,1853.0,1853.0,955
2024-06-12 12:44:00,1853.0,1853.9,1853.0,1853.0,212
2024-06-12 12:45:00,1853.0,1853.85,1853.0,1853.85,675
2024-06-12 12:46:00,1853.85,1853.85,1853.0,1853.85,873
2024-06-12 12:47:00,1853.85,1853.85,1853.0,1853.0,270
2024-06-12 12:48:00,1853.5,1853.5,1853.25,1853.4,239
2024-06-12 12:49:00,1853.25,1853.9,1853.0,1853.0,462
2024-06-12 12:50:00,1853.0,1853.9,1853.0,1853.0,156
2024-06-12 12:51:00,1853.0,1853.9,1853.0,1853.0,280
2024-06-12 12:52:00,1853.0,1854.4,1853.0,1853.15,574
2024-06-12 12:53:00,1853.05,1854.45,1853.05,1854.35,253
2024-06-12 12:54:00,1854.35,1854.5,1853.5,1854.5,205
2024-06-12 12:55:00,1853.55,1854.75,1853.0,1853.15,814
2024-06-12 12:56:00,1853.15,1854.45,1852.9,1854.0,258
2024-06-12 12:57:00,1853.35,1853.85,1852.05,1852.5,1848
2024-06-12 12:58:00,1852.5,1853.0,1852.0,1852.75,507
2024-06-12 12:59:00,1852.0,1852.95,1851.25,1851.25,558
2024-06-12 13:00:00,1851.25,1852.0,1851.25,1852.0,89
2024-06-12 13:01:00,1852.0,1852.0,1851.75,1852.0,821
2024-06-12 13:02:00,1853.0,1853.0,1851.1,1852.8,1037
2024-06-12 13:03:00,1851.75,1853.0,1851.15,1853.0,489
2024-06-12 13:04:00,1853.0,1853.0,1851.1,1851.6,109
2024-06-12 13:05:00,1851.6,1851.6,1846.2,1847.5,9267
2024-06-12 13:06:00,1846.3,1849.0,1846.05,1849.0,718
2024-06-12 13:07:00,1849.0,1849.0,1846.25,1846.25,1516
2024-06-12 13:08:00,1846.25,1847.65,1846.25,1846.25,343
2024-06-12 13:09:00,1846.0,1848.35,1846.0,1848.35,1320
2024-06-12 13:10:00,1847.5,1848.4,1846.65,1847.4,273
2024-06-12 13:11:00,1847.4,1850.0,1847.4,1848.7,1488
2024-06-12 13:12:00,1848.7,1850.0,1848.7,1849.95,632
2024-06-12 13:13:00,1850.0,1850.0,1848.85,1849.85,247
2024-06-12 13:14:00,1849.85,1850.0,1848.8,1849.7,446
2024-06-12 13:15:00,1849.65,1849.95,1848.8,1849.9,931
2024-06-12 13:16:00,1849.0,1849.95,1849.0,1849.9,354
2024-06-12 13:17:00,1849.9,1850.0,1849.0,1850.0,542
2024-06-12 13:18:00,1849.1,1850.0,1849.1,1850.0,182
2024-06-12 13:19:00,1850.0,1850.0,1848.75,1848.75,801
2024-06-12 13:20:00,1848.75,1850.0,1848.5,1849.9,657
2024-06-12 13:21:00,1849.9,1849.9,1849.25,1849.25,280
2024-06-12 13:22:00,1849.75,1850.0,1849.25,1849.3,332
2024-06-12 13:23:00,1849.3,1850.0,1849.25,1849.3,71
2024-06-12 13:24:00,1849.25,1850.0,1849.25,1849.3,326
2024-06-12 13:25:00,1849.3,1849.45,1848.4,1849.05,1651
2024-06-12 13:26:00,1848.3,1849.9,1848.0,1848.3,1065
2024-06-12 13:27:00,1848.3,1849.55,1848.3,1849.0,338
2024-06-12 13:28:00,1849.0,1849.9,1848.1,1848.55,1989
2024-06-12 13:29:00,1848.55,1850.0,1848.55,1849.0,271
2024-06-12 13:30:00,1849.8,1849.95,1849.0,1849.05,268
2024-06-12 13:31:00,1849.05,1850.0,1848.55,1849.95,321
2024-06-12 13:32:00,1849.95,1849.95,1848.7,1849.85,271
2024-06-12 13:33:00,1849.85,1850.0,1849.05,1850.0,62
2024-06-12 13:34:00,1850.0,1850.0,1849.0,1849.85,1381
2024-06-12 13:35:00,1849.85,1850.0,1849.0,1849.9,7668
2024-06-12 13:36:00,1849.85,1850.0,1849.0,1849.05,555
2024-06-12 13:37:00,1849.0,1849.95,1849.0,1849.95,236
2024-06-12 13:38:00,1849.95,1849.95,1849.1,1849.95,358
2024-06-12 13:39:00,1849.95,1849.95,1849.5,1849.55,528
2024-06-12 13:40:00,1849.55,1849.9,1849.5,1849.5,262
2024-06-12 13:41:00,1849.5,1849.9,1849.5,1849.5,352
2024-06-12 13:42:00,1849.5,1849.95,1849.0,1849.0,570
2024-06-12 13:43:00,1849.0,1850.0,1846.3,1847.8,3831
2024-06-12 13:44:00,1847.8,1848.5,1847.0,1848.0,724
2024-06-12 13:45:00,1848.0,1849.8,1847.8,1849.1,693
2024-06-12 13:46:00,1849.1,1849.75,1848.5,1848.5,367
2024-06-12 13:47:00,1848.5,1849.4,1848.0,1849.4,418
2024-06-12 13:48:00,1849.4,1849.4,1848.0,1848.0,516
2024-06-12 13:49:00,1849.05,1849.1,1848.0,1849.05,214
2024-06-12 13:50:00,1849.05,1849.05,1846.55,1848.0,1437
2024-06-12 13:51:00,1848.0,1848.0,1847.0,1847.9,566
2024-06-12 13:52:00,1847.9,1848.0,1847.05,1847.05,229
2024-06-12 13:53:00,1848.0,1848.0,1847.05,1847.05,358
2024-06-12 13:54:00,1847.95,1848.0,1847.05,1847.75,146
2024-06-12 13:55:00,1847.75,1847.8,1845.05,1847.15,2017
2024-06-12 13:56:00,1847.15,1847.9,1845.5,1846.05,386
2024-06-12 13:57:00,1847.25,1847.25,1846.0,1846.15,95
2024-06-12 13:58:00,1846.15,1846.9,1846.0,1846.8,393
2024-06-12 13:59:00,1846.0,1846.75,1843.0,1843.9,3229
2024-06-12 14:00:00,1843.85,1844.35,1842.35,1844.0,1162
2024-06-12 14:01:00,1844.0,1845.0,1844.0,1845.0,911
2024-06-12 14:02:00,1845.0,1845.0,1843.35,1843.4,474
2024-06-12 14:03:00,1843.4,1844.75,1843.0,1843.0,1562
2024-06-12 14:04:00,1843.0,1844.75,1843.0,1844.6,304
2024-06-12 14:05:00,1844.6,1846.35,1844.0,1844.85,2006
2024-06-12 14:06:00,1845.0,1845.85,1844.95,1845.3,501
2024-06-12 14:07:00,1845.3,1845.9,1845.0,1845.0,503
2024-06-12 14:08:00,1845.0,1846.0,1844.0,1844.85,2402
2024-06-12 14:09:00,1844.85,1845.95,1844.25,1845.4,307
2024-06-12 14:10:00,1845.45,1845.45,1844.0,1844.0,147
2024-06-12 14:11:00,1844.0,1844.4,1843.5,1844.4,522
2024-06-12 14:12:00,1844.4,1845.0,1844.0,1844.9,52
2024-06-12 14:13:00,1844.0,1845.5,1844.0,1844.25,416
2024-06-12 14:14:00,1844.25,1845.6,1844.25,1844.8,248
2024-06-12 14:15:00,1844.8,1845.7,1844.05,1844.05,155
2024-06-12 14:16:00,1844.05,1845.0,1844.0,1844.15,331
2024-06-12 14:17:00,1844.15,1845.8,1844.05,1844.25,764
2024-06-12 14:18:00,1845.35,1845.6,1844.05,1845.0,178
2024-06-12 14:19:00,1845.0,1845.45,1844.4,1844.4,314
2024-06-12 14:20:00,1844.4,1845.0,1844.05,1845.0,250
2024-06-12 14:21:00,1845.0,1845.0,1844.05,1845.0,750
2024-06-12 14:22:00,1845.0,1846.0,1845.0,1846.0,972
2024-06-12 14:23:00,1846.0,1846.5,1846.0,1846.45,354
2024-06-12 14:24:00,1846.45,1846.45,1844.0,1844.0,645
2024-06-12 14:25:00,1844.0,1845.9,1844.0,1845.65,213
2024-06-12 14:26:00,1845.65,1846.5,1845.0,1846.4,862
2024-06-12 14:27:00,1846.4,1846.45,1845.0,1845.0,665
2024-06-12 14:28:00,1845.0,1845.1,1844.05,1845.0,488
2024-06-12 14:29:00,1844.05,1845.0,1844.0,1845.0,849
2024-06-12 14:30:00,1845.0,1845.0,1844.0,1844.95,179
2024-06-12 14:31:00,1844.95,1845.0,1844.05,1844.9,626
2024-06-12 14:32:00,1844.9,1845.0,1844.1,1844.1,313
2024-06-12 14:33:00,1844.1,1845.0,1844.0,1844.95,345
2024-06-12 14:34:00,1844.05,1846.25,1844.0,1844.65,1363
2024-06-12 14:35:00,1844.65,1848.35,1844.65,1848.35,1069
2024-06-12 14:36:00,1848.35,1848.8,1846.25,1848.8,1719
2024-06-12 14:37:00,1848.8,1849.0,1848.0,1848.85,605
2024-06-12 14:38:00,1848.05,1849.0,1848.0,1849.0,549
2024-06-12 14:39:00,1848.95,1849.0,1848.05,1849.0,587
2024-06-12 14:40:00,1849.0,1849.0,1848.0,1848.0,1585
2024-06-12 14:41:00,1848.0,1848.85,1847.05,1847.05,220
2024-06-12 14:42:00,1848.5,1848.5,1846.3,1846.3,1998
2024-06-12 14:43:00,1846.3,1848.15,1845.95,1848.15,380
2024-06-12 14:44:00,1848.15,1848.5,1846.0,1846.0,2161
2024-06-12 14:45:00,1846.0,1847.95,1846.0,1847.9,95
2024-06-12 14:46:00,1847.6,1848.9,1847.4,1848.8,1670
2024-06-12 14:47:00,1848.8,1848.85,1847.5,1847.5,327
2024-06-12 14:48:00,1847.5,1848.6,1847.5,1847.8,750
2024-06-12 14:49:00,1847.8,1848.4,1847.0,1847.6,444
2024-06-12 14:50:00,1847.2,1848.2,1846.0,1846.75,1537
2024-06-12 14:51:00,1847.55,1848.15,1846.85,1847.55,236
2024-06-12 14:52:00,1847.55,1847.55,1846.7,1847.0,530
2024-06-12 14:53:00,1847.0,1848.0,1846.75,1846.75,181
2024-06-12 14:54:00,1846.7,1846.75,1846.0,1846.1,326
2024-06-12 14:55:00,1846.75,1847.4,1846.0,1846.0,583
2024-06-12 14:56:00,1846.0,1847.45,1846.0,1846.3,800
2024-06-12 14:57:00,1846.3,1847.25,1846.1,1847.0,400
2024-06-12 14:58:00,1847.0,1847.4,1847.0,1847.0,169
2024-06-12 14:59:00,1847.4,1847.95,1847.0,1847.0,534
2024-06-12 15:00:00,1847.1,1847.1,1843.0,1844.15,5258
2024-06-12 15:01:00,1844.15,1844.45,1842.35,1842.35,3657
2024-06-12 15:02:00,1842.5,1842.5,1835.05,1835.05,14860
2024-06-12 15:03:00,1836.15,1838.05,1831.0,1835.9,11265
2024-06-12 15:04:00,1834.95,1834.95,1831.0,1833.9,7542
2024-06-12 15:05:00,1833.9,1834.4,1831.0,1833.25,10636
2024-06-12 15:06:00,1833.25,1833.75,1831.15,1832.2,4311
2024-06-12 15:07:00,1831.25,1832.3,1825.55,1827.8,10175
2024-06-12 15:08:00,1826.6,1832.9,1826.4,1831.8,5232
2024-06-12 15:09:00,1831.8,1833.1,1827.1,1828.0,4665
2024-06-12 15:10:00,1826.95,1828.0,1825.0,1827.75,7806
2024-06-12 15:11:00,1827.1,1830.3,1826.0,1830.05,4465
2024-06-12 15:12:00,1830.6,1830.6,1827.0,1827.5,3380
2024-06-12 15:13:00,1826.8,1829.45,1826.5,1826.5,2952
2024-06-12 15:14:00,1826.1,1826.1,1825.0,1825.55,5795
2024-06-12 15:15:00,1825.0,1827.5,1825.0,1826.35,7202
2024-06-12 15:16:00,1826.15,1826.65,1825.2,1825.55,4966
2024-06-12 15:17:00,1825.0,1826.0,1822.2,1822.95,9301
2024-06-12 15:18:00,1822.0,1822.4,1820.0,1822.4,11677
2024-06-12 15:19:00,1822.9,1822.9,1820.0,1822.25,11538
2024-06-12 15:20:00,1822.0,1822.25,1818.65,1818.65,24300
2024-06-12 15:21:00,1821.1,1824.8,1820.0,1824.55,4869
2024-06-12 15:22:00,1823.25,1824.9,1822.0,1824.9,3994
2024-06-12 15:23:00,1824.9,1825.0,1822.8,1824.3,3411
2024-06-12 15:24:00,1822.8,1824.4,1819.75,1823.4,11146
2024-06-12 15:25:00,1822.55,1824.5,1821.25,1822.0,4755
2024-06-12 15:26:00,1821.55,1823.95,1821.45,1822.65,5838
2024-06-12 15:27:00,1822.95,1824.5,1821.7,1824.5,4818
2024-06-12 15:28:00,1824.5,1826.5,1823.95,1826.5,5704
2024-06-12 15:29:00,1826.5,1827.0,1823.95,1827.0,7643
2024-06-13 09:15:00,1839.15,1846.0,1835.0,1843.1,14212
2024-06-13 09:16:00,1845.0,1851.0,1845.0,1850.0,6565
2024-06-13 09:17:00,1851.75,1853.85,1843.05,1844.9,19902
2024-06-13 09:18:00,1844.85,1844.95,1840.0,1842.1,5094
2024-06-13 09:19:00,1842.1,1842.1,1836.9,1840.45,14366
2024-06-13 09:20:00,1839.9,1841.65,1838.0,1839.15,6368
2024-06-13 09:21:00,1839.3,1839.4,1835.6,1837.95,3091
2024-06-13 09:22:00,1837.95,1839.9,1836.1,1837.5,3343
2024-06-13 09:23:00,1837.5,1839.5,1837.4,1839.2,1876
2024-06-13 09:24:00,1839.25,1839.25,1835.65,1838.1,4916
2024-06-13 09:25:00,1837.55,1837.9,1832.0,1833.4,7529
2024-06-13 09:26:00,1834.45,1834.45,1831.15,1832.45,1442
2024-06-13 09:27:00,1832.8,1833.25,1828.35,1831.1,4676
2024-06-13 09:28:00,1830.1,1831.65,1829.0,1831.65,2232
2024-06-13 09:29:00,1831.2,1833.85,1831.0,1833.85,2840
2024-06-13 09:30:00,1833.85,1837.0,1832.4,1833.35,3692
2024-06-13 09:31:00,1834.0,1836.35,1833.0,1833.05,1662
2024-06-13 09:32:00,1834.4,1834.75,1833.0,1833.15,831
2024-06-13 09:33:00,1834.0,1836.8,1833.0,1836.15,2668
2024-06-13 09:34:00,1836.15,1836.5,1834.0,1835.35,1130
2024-06-13 09:35:00,1834.2,1836.0,1832.3,1832.3,1558
2024-06-13 09:36:00,1832.25,1834.3,1832.0,1832.65,2545
2024-06-13 09:37:00,1832.85,1833.0,1831.0,1832.0,2704
2024-06-13 09:38:00,1832.0,1832.55,1831.0,1831.15,1023
2024-06-13 09:39:00,1831.15,1832.75,1830.5,1832.4,2381
2024-06-13 09:40:00,1832.4,1833.0,1830.2,1831.75,2149
2024-06-13 09:41:00,1831.75,1833.0,1831.3,1832.0,1491
2024-06-13 09:42:00,1833.0,1833.0,1832.0,1833.0,2213
2024-06-13 09:43:00,1833.0,1837.5,1832.1,1836.1,3017
2024-06-13 09:44:00,1836.1,1836.9,1833.65,1834.0,1598
2024-06-13 09:45:00,1834.0,1834.9,1832.55,1833.5,1232
2024-06-13 09:46:00,1834.2,1834.5,1829.0,1830.25,5499
2024-06-13 09:47:00,1830.25,1831.55,1828.7,1831.15,1553
2024-06-13 09:48:00,1831.15,1831.3,1828.7,1831.0,2033
2024-06-13 09:49:00,1831.0,1831.0,1829.25,1830.9,622
2024-06-13 09:50:00,1830.95,1831.0,1829.0,1829.05,861
2024-06-13 09:51:00,1829.05,1829.35,1825.45,1825.45,2629
2024-06-13 09:52:00,1826.9,1830.0,1826.5,1829.5,2224
2024-06-13 09:53:00,1829.5,1829.85,1827.15,1827.15,1334
2024-06-13 09:54:00,1828.45,1829.85,1827.55,1829.85,753
2024-06-13 09:55:00,1829.85,1829.85,1827.5,1828.0,780
2024-06-13 09:56:00,1828.0,1831.55,1827.0,1831.55,2642
2024-06-13 09:57:00,1832.0,1832.5,1830.0,1832.0,1150
2024-06-13 09:58:00,1832.0,1832.95,1830.45,1830.45,620
2024-06-13 09:59:00,1830.45,1832.75,1830.45,1832.75,337
2024-06-13 10:00:00,1832.75,1832.75,1831.0,1831.0,419
2024-06-13 10:01:00,1831.0,1833.0,1831.0,1833.0,1304
2024-06-13 10:02:00,1833.0,1833.0,1831.05,1831.95,568
2024-06-13 10:03:00,1831.95,1832.75,1831.05,1832.45,1665
2024-06-13 10:04:00,1831.3,1833.2,1831.25,1832.95,1137
2024-06-13 10:05:00,1832.6,1833.0,1831.55,1832.9,316
2024-06-13 10:06:00,1833.0,1833.0,1830.0,1830.8,2141
2024-06-13 10:07:00,1829.25,1829.25,1825.45,1825.5,4172
2024-06-13 10:08:00,1825.5,1828.05,1822.0,1826.4,6041
2024-06-13 10:09:00,1826.4,1829.9,1826.0,1829.1,1792
2024-06-13 10:10:00,1829.1,1829.45,1825.0,1825.0,1764
2024-06-13 10:11:00,1825.0,1826.8,1823.0,1825.35,3931
2024-06-13 10:12:00,1826.3,1826.55,1825.0,1825.0,616
2024-06-13 10:13:00,1825.55,1825.6,1823.0,1825.6,999
2024-06-13 10:14:00,1826.4,1826.8,1825.0,1825.25,1811
2024-06-13 10:15:00,1825.25,1826.8,1824.2,1826.8,1216
2024-06-13 10:16:00,1826.8,1827.4,1824.5,1826.95,627
2024-06-13 10:17:00,1827.4,1827.4,1824.55,1824.55,1136
2024-06-13 10:18:00,1824.55,1825.7,1823.0,1824.35,1147
2024-06-13 10:19:00,1824.0,1824.4,1822.3,1823.85,645
2024-06-13 10:20:00,1824.3,1824.3,1822.15,1823.85,705
2024-06-13 10:21:00,1823.85,1825.0,1822.2,1822.9,1534
2024-06-13 10:22:00,1824.75,1825.2,1823.05,1824.6,861
2024-06-13 10:23:00,1824.6,1825.2,1824.4,1824.4,772
2024-06-13 10:24:00,1822.9,1825.8,1822.85,1825.8,2920
2024-06-13 10:25:00,1825.2,1826.0,1824.5,1826.0,719
2024-06-13 10:26:00,1826.4,1826.4,1825.1,1825.1,338
2024-06-13 10:27:00,1825.05,1826.0,1824.5,1825.0,1201
2024-06-13 10:28:00,1825.0,1825.0,1823.0,1824.0,714
2024-06-13 10:29:00,1824.0,1824.95,1822.55,1824.25,923
2024-06-13 10:30:00,1824.25,1824.3,1823.1,1824.3,217
2024-06-13 10:31:00,1824.6,1824.7,1823.5,1823.65,256
2024-06-13 10:32:00,1823.65,1824.7,1823.1,1824.35,601
2024-06-13 10:33:00,1824.35,1824.5,1823.3,1824.5,361
2024-06-13 10:34:00,1824.5,1824.5,1823.3,1824.0,837
2024-06-13 10:35:00,1823.3,1823.75,1823.1,1823.5,595
2024-06-13 10:36:00,1823.75,1823.75,1818.0,1820.9,7528
2024-06-13 10:37:00,1820.9,1822.25,1820.3,1822.1,636
2024-06-13 10:38:00,1822.1,1822.1,1820.1,1820.1,1426
2024-06-13 10:39:00,1820.1,1823.0,1820.1,1822.0,1443
2024-06-13 10:40:00,1821.0,1822.0,1821.0,1821.65,531
2024-06-13 10:41:00,1821.65,1823.55,1821.05,1823.55,1341
2024-06-13 10:42:00,1821.5,1822.35,1821.15,1821.75,308
2024-06-13 10:43:00,1821.75,1821.75,1821.0,1821.3,531
2024-06-13 10:44:00,1821.3,1821.3,1818.9,1818.9,3585
2024-06-13 10:45:00,1818.6,1822.0,1818.5,1821.25,1793
2024-06-13 10:46:00,1820.4,1821.25,1818.8,1819.0,1123
2024-06-13 10:47:00,1819.0,1819.9,1819.0,1819.05,389
2024-06-13 10:48:00,1819.05,1819.9,1819.0,1819.6,827
2024-06-13 10:49:00,1819.6,1819.65,1818.9,1819.0,1121
2024-06-13 10:50:00,1819.0,1819.9,1819.0,1819.8,1552
2024-06-13 10:51:00,1819.8,1820.0,1805.75,1816.3,23880
2024-06-13 10:52:00,1816.85,1817.0,1814.0,1814.8,3675
2024-06-13 10:53:00,1814.75,1816.55,1814.0,1815.75,4725
2024-06-13 10:54:00,1816.15,1816.15,1814.05,1815.0,1550
2024-06-13 10:55:00,1815.55,1815.55,1813.9,1813.95,1582
2024-06-13 10:56:00,1813.0,1815.5,1813.0,1815.5,1432
2024-06-13 10:57:00,1815.0,1815.45,1813.6,1814.0,530
2024-06-13 10:58:00,1814.0,1814.0,1805.55,1807.8,7508
2024-06-13 10:59:00,1807.8,1812.05,1807.8,1810.5,2718
2024-06-13 11:00:00,1810.5,1810.5,1808.6,1809.4,1544
2024-06-13 11:01:00,1809.4,1810.45,1809.0,1810.45,1002
2024-06-13 11:02:00,1810.0,1810.45,1806.0,1809.05,3627
2024-06-13 11:03:00,1809.15,1809.15,1807.95,1808.5,1022
2024-06-13 11:04:00,1808.5,1809.15,1806.05,1808.75,4620
2024-06-13 11:05:00,1807.1,1808.95,1807.1,1808.95,596
2024-06-13 11:06:00,1808.95,1809.5,1807.95,1809.5,1521
2024-06-13 11:07:00,1809.5,1810.0,1809.5,1810.0,711
2024-06-13 11:08:00,1810.0,1810.0,1809.75,1810.0,1049
2024-06-13 11:09:00,1810.0,1810.0,1809.0,1809.75,996
2024-06-13 11:10:00,1809.75,1810.0,1809.3,1810.0,981
2024-06-13 11:11:00,1809.9,1810.0,1808.35,1809.8,1544
2024-06-13 11:12:00,1809.8,1809.8,1808.6,1809.8,1279
2024-06-13 11:13:00,1809.8,1809.8,1807.95,1807.95,529
2024-06-13 11:14:00,1808.0,1808.95,1807.0,1807.3,1626
2024-06-13 11:15:00,1807.5,1808.7,1807.0,1808.2,451
2024-06-13 11:16:00,1807.0,1809.75,1807.0,1809.25,1273
2024-06-13 11:17:00,1809.25,1809.6,1808.0,1808.95,1322
2024-06-13 11:18:00,1808.95,1809.3,1807.75,1807.75,511
2024-06-13 11:19:00,1807.75,1808.05,1807.5,1807.75,587
2024-06-13 11:20:00,1807.75,1808.0,1806.9,1807.0,1133
2024-06-13 11:21:00,1807.5,1807.5,1805.95,1806.8,3705
2024-06-13 11:22:00,1806.8,1806.8,1806.0,1806.2,395
2024-06-13 11:23:00,1806.35,1808.35,1806.35,1807.5,1352
2024-06-13 11:24:00,1808.0,1808.05,1806.1,1807.8,770
2024-06-13 11:25:00,1806.45,1807.8,1806.0,1807.25,1061
2024-06-13 11:26:00,1807.25,1807.4,1805.55,1806.35,2085
2024-06-13 11:27:00,1807.35,1807.35,1801.1,1804.7,9868
2024-06-13 11:28:00,1804.65,1807.75,1803.85,1806.7,1982
2024-06-13 11:29:00,1806.7,1809.8,1806.7,1809.15,6668
2024-06-13 11:30:00,1809.15,1809.9,1807.3,1809.7,1274
2024-06-13 11:31:00,1807.7,1808.0,1807.0,1807.15,929
2024-06-13 11:32:00,1807.0,1808.0,1805.0,1806.8,3383
2024-06-13 11:33:00,1807.95,1807.95,1806.5,1806.75,556
2024-06-13 11:34:00,1806.9,1806.9,1805.4,1805.55,482
2024-06-13 11:35:00,1805.95,1805.95,1805.4,1805.95,429
2024-06-13 11:36:00,1805.95,1808.0,1805.95,1807.9,920
2024-06-13 11:37:00,1807.9,1809.0,1806.35,1808.95,1319
2024-06-13 11:38:00,1808.95,1808.95,1806.95,1808.15,587
2024-06-13 11:39:00,1807.1,1808.15,1807.1,1808.0,93
2024-06-13 11:40:00,1808.0,1808.9,1807.25,1808.1,1046
2024-06-13 11:41:00,1808.1,1809.0,1808.1,1808.1,631
2024-06-13 11:42:00,1809.0,1809.0,1808.1,1808.75,202
2024-06-13 11:43:00,1809.0,1809.5,1808.25,1809.25,381
2024-06-13 11:44:00,1809.25,1809.25,1808.0,1809.0,694
2024-06-13 11:45:00,1809.0,1809.45,1808.0,1809.35,372
2024-06-13 11:46:00,1809.35,1809.45,1809.1,1809.3,79
2024-06-13 11:47:00,1809.3,1810.0,1808.7,1810.0,756
2024-06-13 11:48:00,1810.0,1813.6,1810.0,1813.5,10933
2024-06-13 11:49:00,1813.55,1813.55,1811.4,1813.15,2269
2024-06-13 11:50:00,1813.15,1813.35,1812.05,1812.05,357
2024-06-13 11:51:00,1813.05,1813.35,1812.0,1812.95,532
2024-06-13 11:52:00,1812.9,1813.5,1812.05,1813.45,805
2024-06-13 11:53:00,1813.45,1814.4,1813.0,1814.35,1106
2024-06-13 11:54:00,1814.35,1814.35,1813.0,1814.35,659
2024-06-13 11:55:00,1814.35,1814.35,1813.3,1813.9,380
2024-06-13 11:56:00,1813.5,1815.0,1813.5,1813.9,978
2024-06-13 11:57:00,1813.9,1815.0,1813.9,1814.0,584
2024-06-13 11:58:00,1815.0,1815.25,1814.0,1815.0,425
2024-06-13 11:59:00,1814.3,1815.0,1814.05,1815.0,437
2024-06-13 12:00:00,1815.0,1815.0,1814.0,1814.05,436
2024-06-13 12:01:00,1814.05,1815.2,1813.55,1813.55,996
2024-06-13 12:02:00,1813.55,1813.55,1811.55,1812.45,648
2024-06-13 12:03:00,1813.6,1813.6,1811.35,1813.05,608
2024-06-13 12:04:00,1813.1,1813.1,1811.95,1812.8,95
2024-06-13 12:05:00,1812.8,1812.8,1812.0,1812.35,318
2024-06-13 12:06:00,1812.05,1813.05,1811.6,1812.9,555
2024-06-13 12:07:00,1812.9,1812.95,1811.1,1812.4,850
2024-06-13 12:08:00,1812.4,1812.4,1811.2,1811.25,400
2024-06-13 12:09:00,1811.25,1811.85,1811.1,1811.1,547
2024-06-13 12:10:00,1811.1,1812.4,1811.1,1812.4,498
2024-06-13 12:11:00,1812.4,1812.4,1811.1,1812.35,157
2024-06-13 12:12:00,1812.4,1813.0,1811.35,1813.0,310
2024-06-13 12:13:00,1813.0,1813.75,1812.4,1813.5,309
2024-06-13 12:14:00,1813.5,1814.0,1812.25,1813.4,383
2024-06-13 12:15:00,1813.4,1813.4,1812.55,1813.4,271
2024-06-13 12:16:00,1813.4,1813.95,1812.6,1813.55,79
2024-06-13 12:17:00,1813.55,1814.0,1812.5,1813.35,273
2024-06-13 12:18:00,1813.35,1813.35,1812.4,1813.3,225
2024-06-13 12:19:00,1813.3,1813.3,1812.25,1813.0,386
2024-06-13 12:20:00,1813.0,1814.0,1813.0,1814.0,310
2024-06-13 12:21:00,1814.0,1814.0,1813.55,1814.0,325
2024-06-13 12:22:00,1814.0,1814.0,1812.35,1813.45,686
2024-06-13 12:23:00,1813.45,1813.45,1812.0,1812.0,2186
2024-06-13 12:24:00,1812.0,1812.95,1811.0,1811.0,618
2024-06-13 12:25:00,1811.0,1812.0,1811.0,1811.05,312
2024-06-13 12:26:00,1811.05,1811.85,1810.95,1811.85,636
2024-06-13 12:27:00,1811.85,1812.85,1811.0,1812.3,788
2024-06-13 12:28:00,1812.3,1812.95,1811.0,1812.9,597
2024-06-13 12:29:00,1812.9,1812.9,1811.3,1812.75,244
2024-06-13 12:30:00,1812.75,1813.95,1811.3,1813.95,446
2024-06-13 12:31:00,1813.95,1813.95,1811.2,1813.3,610
2024-06-13 12:32:00,1811.65,1814.0,1811.65,1814.0,420
2024-06-13 12:33:00,1814.0,1814.0,1811.85,1812.2,652
2024-06-13 12:34:00,1812.2,1814.2,1812.2,1813.5,591
2024-06-13 12:35:00,1813.5,1813.9,1813.0,1813.5,205
2024-06-13 12:36:00,1813.5,1814.0,1813.5,1813.65,294
2024-06-13 12:37:00,1813.65,1814.5,1813.65,1814.0,417
2024-06-13 12:38:00,1814.0,1814.5,1814.0,1814.4,254
2024-06-13 12:39:00,1814.45,1814.45,1813.7,1814.0,757
2024-06-13 12:40:00,1813.9,1814.0,1813.9,1814.0,309
2024-06-13 12:41:00,1814.0,1814.5,1813.9,1814.5,1445
2024-06-13 12:42:00,1814.5,1818.0,1814.5,1817.65,1601
2024-06-13 12:43:00,1817.65,1817.8,1816.35,1817.0,182
2024-06-13 12:44:00,1817.0,1817.0,1815.8,1816.0,644
2024-06-13 12:45:00,1816.0,1816.5,1815.1,1815.1,1368
2024-06-13 12:46:00,1815.75,1816.0,1812.05,1812.5,1817
2024-06-13 12:47:00,1813.9,1814.2,1812.55,1812.55,470
2024-06-13 12:48:00,1812.0,1813.2,1812.0,1812.55,196
2024-06-13 12:49:00,1812.55,1813.9,1812.15,1813.85,491
2024-06-13 12:50:00,1813.85,1816.95,1812.6,1814.5,1839
2024-06-13 12:51:00,1814.15,1815.8,1814.15,1815.6,463
2024-06-13 12:52:00,1815.6,1816.05,1814.6,1816.05,214
2024-06-13 12:53:00,1816.45,1816.55,1814.75,1815.0,231
2024-06-13 12:54:00,1815.0,1816.45,1815.0,1816.15,234
2024-06-13 12:55:00,1816.15,1816.15,1814.55,1814.8,189
2024-06-13 12:56:00,1814.8,1815.7,1814.0,1814.8,348
2024-06-13 12:57:00,1814.8,1816.15,1814.8,1815.75,324
2024-06-13 12:58:00,1815.0,1815.0,1814.0,1814.25,106
2024-06-13 12:59:00,1814.25,1814.25,1813.05,1813.65,728
2024-06-13 13:00:00,1813.65,1818.2,1813.65,1816.55,3132
2024-06-13 13:01:00,1817.35,1817.35,1814.1,1814.95,240
2024-06-13 13:02:00,1815.35,1816.9,1814.2,1816.9,264
2024-06-13 13:03:00,1816.9,1817.15,1815.45,1816.3,283
2024-06-13 13:04:00,1815.5,1816.7,1815.5,1816.1,144
2024-06-13 13:05:00,1816.1,1816.75,1815.6,1816.45,177
2024-06-13 13:06:00,1816.45,1816.45,1816.0,1816.45,94
2024-06-13 13:07:00,1816.45,1816.45,1816.0,1816.0,117
2024-06-13 13:08:00,1816.0,1816.4,1815.6,1815.6,208
2024-06-13 13:09:00,1815.6,1816.0,1814.7,1815.75,534
2024-06-13 13:10:00,1815.75,1815.8,1815.0,1815.0,232
2024-06-13 13:11:00,1814.2,1815.45,1814.0,1814.9,277
2024-06-13 13:12:00,1814.1,1814.1,1813.1,1813.4,456
2024-06-13 13:13:00,1813.4,1814.0,1812.5,1813.65,887
2024-06-13 13:14:00,1813.65,1814.0,1813.5,1813.5,245
2024-06-13 13:15:00,1813.5,1813.9,1813.2,1813.9,258
2024-06-13 13:16:00,1813.9,1814.6,1813.0,1813.7,1775
2024-06-13 13:17:00,1813.7,1814.85,1812.9,1814.85,604
2024-06-13 13:18:00,1814.85,1814.85,1812.5,1813.95,695
2024-06-13 13:19:00,1813.95,1813.95,1813.0,1813.0,146
2024-06-13 13:20:00,1813.0,1814.0,1813.0,1813.95,1440
2024-06-13 13:21:00,1813.95,1814.1,1813.15,1814.1,320
2024-06-13 13:22:00,1814.1,1814.2,1813.1,1814.05,530
2024-06-13 13:23:00,1814.05,1814.9,1813.4,1814.7,1239
2024-06-13 13:24:00,1814.7,1814.7,1814.25,1814.5,124
2024-06-13 13:25:00,1814.5,1814.5,1812.0,1812.0,2086
2024-06-13 13:26:00,1812.65,1812.65,1809.2,1810.0,4239
2024-06-13 13:27:00,1809.25,1810.35,1808.05,1810.0,4269
2024-06-13 13:28:00,1810.45,1811.8,1809.35,1811.35,994
2024-06-13 13:29:00,1811.35,1811.35,1809.6,1810.5,256
2024-06-13 13:30:00,1810.5,1810.5,1809.0,1810.0,2112
2024-06-13 13:31:00,1809.6,1809.95,1809.0,1809.6,633
2024-06-13 13:32:00,1809.8,1810.0,1809.0,1810.0,975
2024-06-13 13:33:00,1810.0,1811.0,1809.05,1810.6,3216
2024-06-13 13:34:00,1810.6,1810.6,1809.05,1810.0,2420
2024-06-13 13:35:00,1810.4,1810.45,1808.15,1809.25,978
2024-06-13 13:36:00,1809.05,1810.0,1808.0,1809.4,692
2024-06-13 13:37:00,1808.05,1809.75,1808.05,1809.6,475
2024-06-13 13:38:00,1809.8,1809.95,1808.3,1808.3,237
2024-06-13 13:39:00,1808.3,1809.95,1808.0,1809.55,433
2024-06-13 13:40:00,1809.6,1810.0,1808.65,1810.0,643
2024-06-13 13:41:00,1810.0,1810.0,1809.0,1810.0,113
2024-06-13 13:42:00,1810.0,1810.8,1809.2,1810.0,1101
2024-06-13 13:43:00,1810.0,1810.75,1809.2,1810.0,408
2024-06-13 13:44:00,1809.55,1811.0,1809.5,1810.0,620
2024-06-13 13:45:00,1810.0,1810.85,1809.8,1810.15,717
2024-06-13 13:46:00,1811.0,1811.0,1810.0,1810.75,543
2024-06-13 13:47:00,1810.75,1810.85,1809.8,1810.5,382
2024-06-13 13:48:00,1810.5,1811.25,1810.45,1811.25,607
2024-06-13 13:49:00,1810.55,1810.9,1809.8,1810.05,839
2024-06-13 13:50:00,1810.05,1810.9,1809.2,1810.5,894
2024-06-13 13:51:00,1810.5,1810.8,1810.0,1810.8,274
2024-06-13 13:52:00,1810.0,1810.15,1807.0,1807.25,4327
2024-06-13 13:53:00,1808.4,1808.65,1805.0,1805.0,4937
2024-06-13 13:54:00,1806.75,1808.4,1805.0,1806.6,4320
2024-06-13 13:55:00,1806.8,1807.5,1805.15,1806.0,1887
2024-06-13 13:56:00,1806.0,1809.0,1806.0,1808.05,2077
2024-06-13 13:57:00,1806.9,1808.85,1806.9,1808.6,502
2024-06-13 13:58:00,1808.6,1809.95,1807.0,1808.0,4150
2024-06-13 13:59:00,1808.5,1808.85,1808.1,1808.5,332
2024-06-13 14:00:00,1808.5,1808.85,1808.0,1808.65,895
2024-06-13 14:01:00,1808.65,1808.65,1806.0,1806.25,2323
2024-06-13 14:02:00,1806.25,1807.65,1806.0,1807.35,1304
2024-06-13 14:03:00,1806.0,1807.7,1805.1,1805.1,3193
2024-06-13 14:04:00,1806.15,1806.95,1800.0,1803.95,25003
2024-06-13 14:05:00,1803.7,1804.25,1802.0,1802.55,3902
2024-06-13 14:06:00,1802.55,1804.0,1802.15,1803.75,1295
2024-06-13 14:07:00,1803.9,1803.95,1802.55,1803.5,692
2024-06-13 14:08:00,1803.5,1804.95,1803.0,1804.3,4203
2024-06-13 14:09:00,1804.9,1805.85,1804.3,1805.45,1604
2024-06-13 14:10:00,1805.45,1805.85,1803.75,1805.0,927
2024-06-13 14:11:00,1805.0,1805.95,1804.0,1805.0,1500
2024-06-13 14:12:00,1805.0,1805.95,1804.5,1804.5,2315
2024-06-13 14:13:00,1804.5,1805.35,1803.8,1805.15,3517
2024-06-13 14:14:00,1805.15,1805.15,1803.75,1803.75,2223
2024-06-13 14:15:00,1804.65,1804.8,1804.15,1804.2,1058
2024-06-13 14:16:00,1804.0,1804.7,1802.0,1802.4,1947
2024-06-13 14:17:00,1803.75,1804.2,1802.35,1803.7,1347
2024-06-13 14:18:00,1803.0,1803.8,1802.4,1803.45,337
2024-06-13 14:19:00,1803.45,1803.45,1802.1,1803.05,1410
2024-06-13 14:20:00,1803.05,1803.05,1802.05,1802.5,541
2024-06-13 14:21:00,1802.8,1803.8,1802.8,1803.75,688
2024-06-13 14:22:00,1803.05,1804.25,1803.05,1804.25,1822
2024-06-13 14:23:00,1804.25,1804.7,1803.75,1804.3,261
2024-06-13 14:24:00,1804.3,1805.8,1804.0,1805.0,1354
2024-06-13 14:25:00,1805.55,1805.6,1804.0,1804.0,406
2024-06-13 14:26:00,1803.75,1804.35,1803.75,1804.3,627
2024-06-13 14:27:00,1804.3,1805.9,1804.0,1805.9,451
2024-06-13 14:28:00,1805.9,1805.9,1804.0,1805.0,1012
2024-06-13 14:29:00,1805.0,1805.95,1804.0,1805.0,773
2024-06-13 14:30:00,1805.75,1805.75,1804.55,1804.55,384
2024-06-13 14:31:00,1804.7,1805.9,1804.4,1805.8,3426
2024-06-13 14:32:00,1805.8,1805.8,1804.45,1804.65,282
2024-06-13 14:33:00,1804.65,1805.5,1804.65,1804.75,1464
2024-06-13 14:34:00,1804.75,1805.75,1804.75,1805.75,599
2024-06-13 14:35:00,1805.75,1805.75,1804.95,1804.95,465
2024-06-13 14:36:00,1804.95,1805.7,1804.8,1805.0,391
2024-06-13 14:37:00,1805.0,1805.75,1803.0,1804.0,5128
2024-06-13 14:38:00,1803.0,1804.3,1803.0,1803.1,2549
2024-06-13 14:39:00,1804.25,1804.5,1803.0,1803.0,4518
2024-06-13 14:40:00,1803.0,1805.0,1803.0,1803.35,4690
2024-06-13 14:41:00,1803.35,1804.45,1803.0,1803.5,4609
2024-06-13 14:42:00,1803.5,1805.0,1803.0,1803.1,3620
2024-06-13 14:43:00,1804.35,1805.5,1803.0,1803.85,4685
2024-06-13 14:44:00,1802.95,1803.75,1801.5,1801.55,5550
2024-06-13 14:45:00,1802.9,1803.45,1801.1,1801.85,2255
2024-06-13 14:46:00,1801.85,1803.15,1800.0,1802.75,9068
2024-06-13 14:47:00,1800.05,1802.3,1800.0,1800.0,7449
2024-06-13 14:48:00,1800.0,1801.2,1800.0,1800.0,2661
2024-06-13 14:49:00,1800.0,1801.9,1797.9,1799.15,11236
2024-06-13 14:50:00,1799.15,1800.05,1799.0,1799.75,13636
2024-06-13 14:51:00,1799.75,1799.95,1797.05,1797.05,2506
2024-06-13 14:52:00,1799.1,1799.5,1798.1,1799.4,1142
2024-06-13 14:53:00,1799.4,1799.9,1799.0,1799.8,922
2024-06-13 14:54:00,1799.8,1799.9,1798.0,1798.95,1744
2024-06-13 14:55:00,1798.95,1799.5,1798.0,1799.4,1989
2024-06-13 14:56:00,1799.4,1800.0,1799.0,1799.95,2201
2024-06-13 14:57:00,1799.95,1799.95,1798.2,1799.0,2284
2024-06-13 14:58:00,1799.0,1800.0,1798.5,1799.95,11869
2024-06-13 14:59:00,1799.9,1800.0,1799.0,1799.95,3403
2024-06-13 15:00:00,1799.2,1799.95,1799.15,1799.4,2982
2024-06-13 15:01:00,1799.15,1799.5,1799.0,1799.3,2227
2024-06-13 15:02:00,1799.3,1799.3,1798.45,1798.5,3830
2024-06-13 15:03:00,1798.45,1799.05,1798.15,1798.75,2375
2024-06-13 15:04:00,1798.15,1799.7,1798.0,1799.1,3724
2024-06-13 15:05:00,1798.9,1799.1,1798.0,1798.15,2763
2024-06-13 15:06:00,1798.8,1798.85,1794.0,1796.75,21299
2024-06-13 15:07:00,1795.85,1796.65,1795.85,1796.65,3543
2024-06-13 15:08:00,1796.65,1796.65,1796.45,1796.45,3657
2024-06-13 15:09:00,1796.05,1796.6,1795.25,1796.5,9251
2024-06-13 15:10:00,1796.5,1796.5,1796.0,1796.5,2965
2024-06-13 15:11:00,1796.45,1796.5,1795.8,1796.15,3962
2024-06-13 15:12:00,1796.15,1796.6,1794.45,1796.4,6231
2024-06-13 15:13:00,1796.4,1797.5,1796.0,1797.2,3682
2024-06-13 15:14:00,1797.15,1798.7,1796.5,1798.45,7030
2024-06-13 15:15:00,1798.7,1798.7,1795.0,1795.0,10273
2024-06-13 15:16:00,1796.4,1796.6,1793.0,1796.0,11153
2024-06-13 15:17:00,1796.0,1797.0,1795.1,1796.75,7440
2024-06-13 15:18:00,1796.75,1796.85,1795.0,1796.85,3803
2024-06-13 15:19:00,1796.85,1797.0,1794.6,1795.75,6094
2024-06-13 15:20:00,1795.75,1796.0,1792.05,1795.05,13698
2024-06-13 15:21:00,1793.8,1796.85,1793.8,1796.85,3420
2024-06-13 15:22:00,1796.85,1798.65,1796.3,1798.55,3657
2024-06-13 15:23:00,1798.7,1798.7,1798.0,1798.25,4126
2024-06-13 15:24:00,1798.25,1798.7,1796.6,1798.6,8780
2024-06-13 15:25:00,1798.7,1799.0,1798.4,1798.95,3954
2024-06-13 15:26:00,1799.5,1802.8,1799.0,1801.65,6729
2024-06-13 15:27:00,1802.8,1803.6,1802.15,1803.0,5469
2024-06-13 15:28:00,1802.1,1803.6,1802.1,1803.4,5844
2024-06-13 15:29:00,1803.4,1803.5,1802.6,1803.0,10627
2024-06-14 09:15:00,1799.0,1811.25,1797.55,1803.75,28001
2024-06-14 09:16:00,1803.25,1810.45,1800.2,1804.95,16332
2024-06-14 09:17:00,1804.95,1805.0,1789.2,1791.2,20595
2024-06-14 09:18:00,1791.2,1794.75,1790.0,1792.85,11569
2024-06-14 09:19:00,1793.5,1794.3,1788.3,1788.3,10271
2024-06-14 09:20:00,1790.0,1790.7,1787.05,1790.0,4253
2024-06-14 09:21:00,1789.95,1792.8,1788.45,1792.8,5174
2024-06-14 09:22:00,1790.55,1792.0,1788.4,1789.95,8526
2024-06-14 09:23:00,1789.0,1790.9,1788.05,1790.0,3490
2024-06-14 09:24:00,1788.9,1791.85,1788.75,1790.0,6005
2024-06-14 09:25:00,1789.2,1791.45,1788.6,1789.15,2982
2024-06-14 09:26:00,1789.15,1790.65,1788.0,1789.8,2667
2024-06-14 09:27:00,1790.0,1791.4,1788.95,1791.15,3103
2024-06-14 09:28:00,1790.05,1791.7,1789.8,1790.9,3868
2024-06-14 09:29:00,1790.9,1792.0,1789.5,1791.0,6303
2024-06-14 09:30:00,1791.0,1792.0,1789.55,1790.8,11946
2024-06-14 09:31:00,1790.8,1791.4,1788.95,1790.0,8720
2024-06-14 09:32:00,1790.0,1791.2,1789.0,1790.7,2965
2024-06-14 09:33:00,1790.8,1791.05,1789.1,1790.0,4778
2024-06-14 09:34:00,1790.85,1791.05,1789.5,1790.7,2323
2024-06-14 09:35:00,1790.0,1791.4,1789.6,1790.5,2379
2024-06-14 09:36:00,1790.5,1791.75,1789.85,1789.9,4813
2024-06-14 09:37:00,1790.85,1791.0,1789.85,1790.9,1403
2024-06-14 09:38:00,1790.9,1790.9,1789.3,1790.7,3611
2024-06-14 09:39:00,1789.4,1790.95,1789.05,1789.7,7714
2024-06-14 09:40:00,1790.0,1790.85,1789.6,1790.7,848
2024-06-14 09:41:00,1790.6,1791.0,1789.85,1790.7,2556
2024-06-14 09:42:00,1790.7,1790.95,1789.55,1790.45,1256
2024-06-14 09:43:00,1790.45,1791.65,1789.55,1790.5,2615
2024-06-14 09:44:00,1791.65,1791.65,1790.15,1791.5,1743
2024-06-14 09:45:00,1791.5,1792.0,1790.6,1791.2,1115
2024-06-14 09:46:00,1791.9,1800.65,1791.35,1800.5,12424
2024-06-14 09:47:00,1799.65,1801.5,1798.7,1799.6,3320
2024-06-14 09:48:00,1800.1,1803.65,1798.75,1802.0,3865
2024-06-14 09:49:00,1803.0,1803.0,1800.5,1801.0,4015
2024-06-14 09:50:00,1801.0,1817.8,1800.5,1816.9,44716
2024-06-14 09:51:00,1817.3,1817.8,1814.0,1815.0,9612
2024-06-14 09:52:00,1816.0,1825.0,1815.55,1822.7,17472
2024-06-14 09:53:00,1822.65,1823.7,1813.1,1815.0,11166
2024-06-14 09:54:00,1813.8,1818.1,1811.0,1815.95,7892
2024-06-14 09:55:00,1815.6,1816.75,1812.15,1814.1,8722
2024-06-14 09:56:00,1814.45,1816.25,1814.1,1815.9,3106
2024-06-14 09:57:00,1815.9,1816.0,1813.1,1815.7,4017
2024-06-14 09:58:00,1815.05,1815.9,1815.05,1815.1,1376
2024-06-14 09:59:00,1815.1,1817.0,1815.05,1816.05,4231
2024-06-14 10:00:00,1816.05,1818.95,1815.05,1816.8,2999
2024-06-14 10:01:00,1816.8,1816.95,1814.1,1815.2,5538
2024-06-14 10:02:00,1815.2,1816.0,1813.05,1814.25,3025
2024-06-14 10:03:00,1814.25,1815.55,1812.1,1815.55,4323
2024-06-14 10:04:00,1815.55,1815.95,1814.0,1814.0,2397
2024-06-14 10:05:00,1813.7,1815.7,1813.1,1815.0,4505
2024-06-14 10:06:00,1814.05,1817.95,1814.05,1817.95,2739
2024-06-14 10:07:00,1817.85,1818.35,1816.0,1817.55,1453
2024-06-14 10:08:00,1817.55,1818.0,1815.5,1818.0,1957
2024-06-14 10:09:00,1818.0,1818.0,1815.25,1816.6,1356
2024-06-14 10:10:00,1816.6,1816.6,1814.05,1814.05,3216
2024-06-14 10:11:00,1814.05,1816.9,1814.05,1816.9,3113
2024-06-14 10:12:00,1816.0,1817.1,1815.1,1815.7,1393
2024-06-14 10:13:00,1815.7,1816.8,1815.1,1815.5,1876
2024-06-14 10:14:00,1815.1,1815.9,1815.1,1815.7,449
2024-06-14 10:15:00,1815.7,1815.9,1812.1,1812.1,2646
2024-06-14 10:16:00,1812.1,1813.0,1811.35,1812.2,1568
2024-06-14 10:17:00,1812.2,1813.05,1811.95,1812.5,872
2024-06-14 10:18:00,1812.5,1815.0,1812.05,1814.0,1086
2024-06-14 10:19:00,1814.0,1816.8,1814.0,1814.4,1991
2024-06-14 10:20:00,1814.65,1817.0,1814.65,1816.95,893
2024-06-14 10:21:00,1816.75,1817.75,1813.45,1814.4,2742
2024-06-14 10:22:00,1814.25,1816.05,1813.0,1815.0,817
2024-06-14 10:23:00,1815.0,1815.0,1813.0,1814.0,434
2024-06-14 10:24:00,1813.0,1814.0,1811.05,1813.0,2652
2024-06-14 10:25:00,1813.0,1813.0,1811.75,1812.95,948
2024-06-14 10:26:00,1812.95,1812.95,1811.2,1811.8,656
2024-06-14 10:27:00,1811.8,1812.9,1811.4,1812.0,986
2024-06-14 10:28:00,1812.45,1812.8,1811.75,1811.8,1441
2024-06-14 10:29:00,1811.6,1812.0,1809.05,1809.05,5132
2024-06-14 10:30:00,1809.5,1812.0,1808.0,1812.0,3779
2024-06-14 10:31:00,1812.0,1813.0,1812.0,1812.85,762
2024-06-14 10:32:00,1812.85,1813.3,1810.05,1811.2,1379
2024-06-14 10:33:00,1811.2,1811.5,1810.05,1811.4,1273
2024-06-14 10:34:00,1810.5,1810.55,1810.05,1810.55,729
2024-06-14 10:35:00,1810.05,1811.55,1810.05,1811.15,1310
2024-06-14 10:36:00,1811.15,1811.15,1810.1,1810.1,252
2024-06-14 10:37:00,1810.05,1811.75,1810.0,1810.4,1657
2024-06-14 10:38:00,1810.4,1811.7,1810.4,1810.85,210
2024-06-14 10:39:00,1810.85,1811.0,1810.1,1810.1,264
2024-06-14 10:40:00,1810.1,1810.9,1810.1,1810.8,265
2024-06-14 10:41:00,1810.8,1810.85,1809.05,1809.6,848
2024-06-14 10:42:00,1809.6,1809.6,1809.05,1809.05,927
2024-06-14 10:43:00,1809.05,1810.7,1809.05,1810.1,1782
2024-06-14 10:44:00,1810.5,1810.75,1810.1,1810.1,580
2024-06-14 10:45:00,1810.1,1810.45,1810.1,1810.1,320
2024-06-14 10:46:00,1810.1,1810.75,1810.1,1810.15,264
2024-06-14 10:47:00,1810.15,1810.7,1810.15,1810.6,249
2024-06-14 10:48:00,1810.6,1810.75,1810.15,1810.7,520
2024-06-14 10:49:00,1810.7,1810.7,1810.1,1810.5,381
2024-06-14 10:50:00,1810.5,1810.5,1809.1,1809.2,699
2024-06-14 10:51:00,1809.2,1809.95,1809.1,1809.7,303
2024-06-14 10:52:00,1809.7,1809.7,1808.65,1808.65,620
2024-06-14 10:53:00,1808.05,1809.5,1807.1,1807.75,4539
2024-06-14 10:54:00,1807.8,1808.65,1807.1,1807.45,373
2024-06-14 10:55:00,1807.45,1808.5,1807.1,1808.45,371
2024-06-14 10:56:00,1808.45,1808.45,1807.1,1807.6,1221
2024-06-14 10:57:00,1807.6,1807.95,1806.15,1807.3,626
2024-06-14 10:58:00,1808.0,1808.55,1806.7,1807.0,1250
2024-06-14 10:59:00,1807.0,1808.35,1807.0,1807.05,73
2024-06-14 11:00:00,1807.7,1807.7,1807.05,1807.05,681
2024-06-14 11:01:00,1807.05,1807.5,1807.05,1807.1,374
2024-06-14 11:02:00,1807.1,1808.9,1807.1,1808.9,1003
2024-06-14 11:03:00,1808.5,1809.65,1808.15,1809.65,451
2024-06-14 11:04:00,1809.65,1814.95,1809.05,1813.65,5208
2024-06-14 11:05:00,1812.25,1815.0,1812.25,1815.0,2027
2024-06-14 11:06:00,1815.0,1815.0,1812.5,1813.05,2920
2024-06-14 11:07:00,1813.05,1814.75,1813.05,1813.7,1350
2024-06-14 11:08:00,1813.7,1813.7,1810.05,1810.05,3691
2024-06-14 11:09:00,1810.65,1811.8,1807.05,1808.15,3116
2024-06-14 11:10:00,1808.15,1808.15,1803.0,1805.2,5134
2024-06-14 11:11:00,1805.2,1809.1,1804.1,1806.4,4070
2024-06-14 11:12:00,1806.4,1806.55,1805.05,1805.9,2805
2024-06-14 11:13:00,1805.9,1807.8,1805.25,1807.75,4117
2024-06-14 11:14:00,1807.05,1807.75,1806.05,1807.5,2938
2024-06-14 11:15:00,1807.75,1807.75,1806.05,1806.05,3435
2024-06-14 11:16:00,1805.05,1810.0,1805.05,1806.75,6070
2024-06-14 11:17:00,1806.75,1806.75,1804.05,1804.95,3266
2024-06-14 11:18:00,1804.95,1805.05,1803.15,1804.0,2763
2024-06-14 11:19:00,1803.1,1804.05,1802.05,1802.05,3059
2024-06-14 11:20:00,1802.05,1803.6,1801.05,1803.1,3602
2024-06-14 11:21:00,1803.2,1803.2,1797.0,1802.1,16110
2024-06-14 11:22:00,1802.85,1806.75,1802.1,1805.1,7715
2024-06-14 11:23:00,1805.1,1807.0,1805.0,1805.1,4895
2024-06-14 11:24:00,1805.1,1806.15,1804.1,1806.0,3614
2024-06-14 11:25:00,1804.3,1805.95,1804.3,1805.7,5331
2024-06-14 11:26:00,1805.7,1805.75,1802.55,1802.95,3117
2024-06-14 11:27:00,1802.15,1806.9,1800.3,1805.1,6354
2024-06-14 11:28:00,1805.1,1806.75,1805.1,1805.35,3245
2024-06-14 11:29:00,1805.35,1806.55,1805.1,1805.85,2977
2024-06-14 11:30:00,1805.85,1805.85,1804.05,1804.05,3824
2024-06-14 11:31:00,1804.05,1805.55,1804.05,1805.05,2894
2024-06-14 11:32:00,1805.05,1805.9,1804.05,1805.85,6436
2024-06-14 11:33:00,1805.85,1805.85,1804.05,1804.05,4401
2024-06-14 11:34:00,1804.75,1804.75,1802.05,1803.5,2686
2024-06-14 11:35:00,1803.5,1805.1,1801.1,1801.1,6943
2024-06-14 11:36:00,1801.1,1804.05,1801.1,1803.65,4384
2024-06-14 11:37:00,1803.65,1806.0,1803.65,1805.1,7012
2024-06-14 11:38:00,1805.1,1808.75,1805.1,1806.8,6250
2024-06-14 11:39:00,1806.8,1806.8,1805.1,1806.05,2610
2024-06-14 11:40:00,1805.1,1805.8,1804.1,1804.9,2814
2024-06-14 11:41:00,1804.9,1806.45,1804.1,1805.1,3961
2024-06-14 11:42:00,1805.1,1806.25,1804.15,1805.15,2690
2024-06-14 11:43:00,1805.15,1806.0,1805.1,1806.0,2544
2024-06-14 11:44:00,1806.0,1806.0,1805.0,1805.3,2375
2024-06-14 11:45:00,1805.0,1805.95,1802.15,1803.1,2294
2024-06-14 11:46:00,1803.1,1809.95,1803.1,1807.0,7475
2024-06-14 11:47:00,1807.0,1808.1,1803.2,1803.2,2354
2024-06-14 11:48:00,1803.2,1804.3,1800.9,1801.5,2259
2024-06-14 11:49:00,1801.5,1802.2,1800.3,1801.0,1966
2024-06-14 11:50:00,1801.9,1801.9,1800.1,1800.95,862
2024-06-14 11:51:00,1800.95,1801.9,1800.15,1801.0,863
2024-06-14 11:52:00,1802.0,1802.75,1801.0,1801.9,2484
2024-06-14 11:53:00,1801.9,1803.0,1801.1,1801.55,695
2024-06-14 11:54:00,1801.55,1802.7,1801.55,1801.55,761
2024-06-14 11:55:00,1802.25,1802.7,1801.1,1801.7,1531
2024-06-14 11:56:00,1800.2,1802.05,1800.2,1802.05,609
2024-06-14 11:57:00,1802.05,1803.0,1800.4,1801.85,712
2024-06-14 11:58:00,1802.15,1802.85,1800.8,1801.4,516
2024-06-14 11:59:00,1801.4,1803.6,1801.4,1803.05,1760
2024-06-14 12:00:00,1803.05,1806.65,1803.05,1806.45,2683
2024-06-14 12:01:00,1806.0,1809.95,1805.1,1809.95,7233
2024-06-14 12:02:00,1810.0,1811.0,1808.0,1810.1,7194
2024-06-14 12:03:00,1810.1,1810.8,1806.0,1806.0,5225
2024-06-14 12:04:00,1806.0,1806.85,1806.0,1806.1,3510
2024-06-14 12:05:00,1806.7,1806.7,1805.1,1806.0,2241
2024-06-14 12:06:00,1805.1,1805.1,1804.7,1804.95,3762
2024-06-14 12:07:00,1804.95,1804.95,1804.1,1804.1,2924
2024-06-14 12:08:00,1804.1,1804.6,1804.1,1804.1,1845
2024-06-14 12:09:00,1804.1,1804.1,1803.1,1803.3,3834
2024-06-14 12:10:00,1803.1,1803.3,1802.7,1803.1,2798
2024-06-14 12:11:00,1805.5,1806.05,1802.7,1803.6,2866
2024-06-14 12:12:00,1803.6,1803.6,1802.7,1802.7,1751
2024-06-14 12:13:00,1802.7,1803.55,1802.7,1803.15,1947
2024-06-14 12:14:00,1803.15,1803.15,1802.5,1802.65,2335
2024-06-14 12:15:00,1802.65,1803.0,1802.1,1802.1,2235
2024-06-14 12:16:00,1802.1,1803.0,1802.1,1802.1,3149
2024-06-14 12:17:00,1802.1,1802.4,1802.05,1802.1,2410
2024-06-14 12:18:00,1802.3,1802.4,1801.7,1802.35,3303
2024-06-14 12:19:00,1801.7,1802.25,1801.7,1801.7,1847
2024-06-14 12:20:00,1802.05,1802.25,1801.7,1801.7,3242
2024-06-14 12:21:00,1801.7,1802.0,1801.1,1801.5,2037
2024-06-14 12:22:00,1801.5,1801.5,1801.1,1801.45,1986
2024-06-14 12:23:00,1801.45,1801.45,1801.1,1801.4,2218
2024-06-14 12:24:00,1801.1,1801.4,1800.05,1800.3,2277
2024-06-14 12:25:00,1800.3,1802.5,1800.3,1800.65,912
2024-06-14 12:26:00,1800.65,1801.85,1800.0,1800.05,1237
2024-06-14 12:27:00,1800.05,1801.1,1800.0,1800.7,872
2024-06-14 12:28:00,1800.7,1802.0,1800.0,1801.0,191
2024-06-14 12:29:00,1801.0,1801.4,1800.0,1801.4,1479
2024-06-14 12:30:00,1801.4,1801.75,1800.0,1800.0,1678
2024-06-14 12:31:00,1800.0,1800.9,1800.0,1800.0,322
2024-06-14 12:32:00,1800.0,1801.8,1800.0,1801.8,474
2024-06-14 12:33:00,1801.8,1803.4,1801.55,1801.9,234
2024-06-14 12:34:00,1801.9,1802.95,1801.6,1802.65,167
2024-06-14 12:35:00,1802.65,1803.85,1801.25,1802.9,735
2024-06-14 12:36:00,1803.55,1803.55,1801.0,1801.05,491
2024-06-14 12:37:00,1802.0,1803.5,1801.95,1802.05,362
2024-06-14 12:38:00,1802.85,1802.85,1801.75,1802.55,792
2024-06-14 12:39:00,1802.55,1803.7,1801.85,1803.45,446
2024-06-14 12:40:00,1802.2,1803.3,1800.15,1800.15,1274
2024-06-14 12:41:00,1800.15,1802.75,1800.15,1800.15,216
2024-06-14 12:42:00,1802.65,1802.65,1800.6,1801.8,1001
2024-06-14 12:43:00,1801.8,1801.8,1800.25,1801.2,434
2024-06-14 12:44:00,1801.2,1802.95,1800.35,1802.95,314
2024-06-14 12:45:00,1802.95,1803.0,1801.0,1802.35,649
2024-06-14 12:46:00,1802.6,1802.6,1801.05,1802.0,152
2024-06-14 12:47:00,1802.0,1802.35,1801.1,1801.1,301
2024-06-14 12:48:00,1801.1,1801.9,1801.0,1801.25,291
2024-06-14 12:49:00,1801.25,1802.7,1801.0,1802.7,365
2024-06-14 12:50:00,1802.2,1803.0,1802.15,1802.2,383
2024-06-14 12:51:00,1802.2,1803.85,1802.2,1802.5,547
2024-06-14 12:52:00,1802.5,1803.25,1802.5,1803.05,2740
2024-06-14 12:53:00,1803.05,1803.05,1802.5,1802.65,2442
2024-06-14 12:54:00,1802.5,1803.0,1802.1,1802.1,2767
2024-06-14 12:55:00,1802.1,1803.25,1802.05,1802.1,2821
2024-06-14 12:56:00,1802.1,1802.65,1801.7,1802.0,2314
2024-06-14 12:57:00,1802.0,1802.85,1802.0,1802.7,3012
2024-06-14 12:58:00,1802.05,1804.1,1802.0,1802.0,4097
2024-06-14 12:59:00,1802.0,1803.15,1801.7,1801.7,2317
2024-06-14 13:00:00,1802.45,1803.05,1801.5,1803.05,2038
2024-06-14 13:01:00,1803.05,1803.05,1801.2,1801.2,2647
2024-06-14 13:02:00,1801.2,1802.6,1801.2,1801.2,1873
2024-06-14 13:03:00,1801.2,1801.8,1801.05,1801.5,2630
2024-06-14 13:04:00,1801.05,1801.5,1801.0,1801.0,3075
2024-06-14 13:05:00,1801.75,1802.55,1800.85,1802.4,198
2024-06-14 13:06:00,1802.3,1802.65,1800.85,1801.05,1782
2024-06-14 13:07:00,1802.15,1802.15,1800.7,1800.7,1958
2024-06-14 13:08:00,1800.7,1802.0,1800.7,1801.05,2368
2024-06-14 13:09:00,1801.05,1801.95,1801.05,1801.6,2767
2024-06-14 13:10:00,1801.6,1801.8,1801.0,1801.7,2336
2024-06-14 13:11:00,1801.7,1802.15,1801.05,1801.55,2680
2024-06-14 13:12:00,1801.55,1802.15,1801.0,1801.0,2396
2024-06-14 13:13:00,1801.0,1801.9,1800.7,1801.9,477
2024-06-14 13:14:00,1801.9,1801.95,1800.75,1801.95,4904
2024-06-14 13:15:00,1801.95,1801.95,1801.05,1801.05,1934
2024-06-14 13:16:00,1801.05,1801.7,1801.05,1801.65,2780
2024-06-14 13:17:00,1801.65,1801.65,1800.7,1801.55,1697
2024-06-14 13:18:00,1801.55,1801.55,1800.7,1800.75,300
2024-06-14 13:19:00,1800.75,1801.5,1798.0,1798.0,6207
2024-06-14 13:20:00,1798.0,1800.4,1797.9,1799.4,1010
2024-06-14 13:21:00,1799.4,1799.95,1798.25,1799.75,431
2024-06-14 13:22:00,1799.75,1800.3,1798.3,1799.0,612
2024-06-14 13:23:00,1799.0,1799.7,1799.0,1799.5,79
2024-06-14 13:24:00,1799.5,1800.9,1799.5,1800.0,507
2024-06-14 13:25:00,1800.0,1801.35,1800.0,1800.3,274
2024-06-14 13:26:00,1801.25,1801.5,1800.3,1800.55,306
2024-06-14 13:27:00,1800.5,1801.2,1800.5,1801.2,190
2024-06-14 13:28:00,1801.0,1801.0,1800.2,1800.2,105
2024-06-14 13:29:00,1800.2,1801.25,1800.2,1801.15,286
2024-06-14 13:30:00,1801.15,1805.85,1800.5,1804.8,23284
2024-06-14 13:31:00,1803.5,1805.95,1801.1,1802.15,5151
2024-06-14 13:32:00,1802.15,1802.75,1801.1,1802.2,3258
2024-06-14 13:33:00,1802.2,1803.0,1801.1,1801.1,3124
2024-06-14 13:34:00,1802.15,1803.3,1801.05,1802.2,3792
2024-06-14 13:35:00,1801.05,1802.5,1800.7,1802.5,5563
2024-06-14 13:36:00,1801.15,1802.6,1800.7,1802.15,954
2024-06-14 13:37:00,1802.25,1802.95,1801.05,1801.05,6179
2024-06-14 13:38:00,1801.05,1802.0,1801.05,1801.05,2620
2024-06-14 13:39:00,1801.05,1801.75,1801.0,1801.6,3105
2024-06-14 13:40:00,1801.6,1801.6,1801.05,1801.05,3028
2024-06-14 13:41:00,1801.05,1801.5,1801.05,1801.05,2750
2024-06-14 13:42:00,1801.05,1801.25,1801.0,1801.05,3778
2024-06-14 13:43:00,1800.85,1801.5,1800.3,1801.05,3828
2024-06-14 13:44:00,1801.05,1801.5,1800.0,1800.0,2633
2024-06-14 13:45:00,1800.0,1800.75,1800.0,1800.0,72
2024-06-14 13:46:00,1800.0,1800.5,1800.0,1800.1,167
2024-06-14 13:47:00,1800.1,1801.35,1800.1,1801.15,298
2024-06-14 13:48:00,1801.15,1801.15,1800.0,1800.5,262
2024-06-14 13:49:00,1800.5,1801.65,1800.0,1800.5,765
2024-06-14 13:50:00,1800.5,1801.45,1800.05,1801.2,92
2024-06-14 13:51:00,1801.2,1801.2,1800.0,1800.15,396
2024-06-14 13:52:00,1800.95,1800.95,1800.0,1800.75,491
2024-06-14 13:53:00,1800.75,1801.15,1799.7,1800.95,1030
2024-06-14 13:54:00,1801.0,1801.0,1800.0,1800.0,282
2024-06-14 13:55:00,1799.9,1800.55,1798.0,1798.05,1158
2024-06-14 13:56:00,1798.05,1799.85,1798.05,1798.55,773
2024-06-14 13:57:00,1798.1,1799.25,1798.0,1799.0,378
2024-06-14 13:58:00,1799.0,1799.0,1798.0,1798.0,616
2024-06-14 13:59:00,1798.0,1798.85,1797.0,1797.95,347
2024-06-14 14:00:00,1797.95,1798.95,1797.0,1798.05,924
2024-06-14 14:01:00,1798.95,1800.0,1798.15,1799.8,1387
2024-06-14 14:02:00,1799.8,1800.0,1798.2,1799.9,603
2024-06-14 14:03:00,1799.9,1799.95,1799.85,1799.95,381
2024-06-14 14:04:00,1799.95,1801.8,1799.95,1801.2,1474
2024-06-14 14:05:00,1801.2,1801.9,1800.0,1800.45,36663
2024-06-14 14:06:00,1800.45,1801.4,1800.45,1801.0,582
2024-06-14 14:07:00,1801.0,1801.4,1800.5,1800.55,200
2024-06-14 14:08:00,1801.35,1801.35,1800.5,1801.0,9930
2024-06-14 14:09:00,1801.0,1801.25,1800.9,1801.05,6714
2024-06-14 14:10:00,1801.05,1801.5,1800.5,1801.45,1405
2024-06-14 14:11:00,1801.45,1801.6,1800.4,1800.6,1272
2024-06-14 14:12:00,1800.6,1803.75,1800.5,1801.05,25047
2024-06-14 14:13:00,1801.05,1802.85,1801.05,1801.05,3883
2024-06-14 14:14:00,1801.05,1801.8,1801.0,1801.8,5081
2024-06-14 14:15:00,1802.0,1802.0,1801.0,1801.5,2821
2024-06-14 14:16:00,1801.5,1801.65,1800.0,1800.0,2497
2024-06-14 14:17:00,1800.95,1801.5,1800.0,1801.05,530
2024-06-14 14:18:00,1800.0,1801.8,1800.0,1800.9,1015
2024-06-14 14:19:00,1800.85,1801.65,1800.0,1801.1,569
2024-06-14 14:20:00,1801.1,1802.0,1800.3,1800.75,429
2024-06-14 14:21:00,1800.75,1801.9,1800.0,1800.35,801
2024-06-14 14:22:00,1801.9,1801.95,1800.0,1801.5,19261
2024-06-14 14:23:00,1801.05,1803.0,1801.0,1801.0,3516
2024-06-14 14:24:00,1801.0,1801.5,1800.1,1801.35,664
2024-06-14 14:25:00,1800.25,1802.5,1800.25,1802.5,4475
2024-06-14 14:26:00,1802.5,1803.35,1801.05,1803.35,2021
2024-06-14 14:27:00,1803.2,1803.2,1801.6,1801.7,287
2024-06-14 14:28:00,1801.7,1803.95,1801.7,1803.95,1064
2024-06-14 14:29:00,1803.0,1804.0,1802.0,1803.7,1180
2024-06-14 14:30:00,1803.65,1803.65,1802.2,1803.5,199
2024-06-14 14:31:00,1803.5,1807.0,1803.0,1806.5,4468
2024-06-14 14:32:00,1805.85,1806.65,1805.5,1805.5,715
2024-06-14 14:33:00,1805.5,1809.7,1805.5,1808.55,2491
2024-06-14 14:34:00,1809.0,1809.0,1807.0,1807.95,1554
2024-06-14 14:35:00,1807.9,1808.0,1806.0,1806.0,565
2024-06-14 14:36:00,1806.0,1807.2,1805.5,1805.55,965
2024-06-14 14:37:00,1805.5,1807.3,1805.15,1805.85,606
2024-06-14 14:38:00,1806.05,1808.1,1805.85,1808.1,859
2024-06-14 14:39:00,1808.5,1808.5,1807.0,1807.5,1062
2024-06-14 14:40:00,1807.5,1808.3,1807.2,1807.3,143
2024-06-14 14:41:00,1807.3,1808.85,1807.3,1807.5,930
2024-06-14 14:42:00,1807.5,1808.6,1807.0,1807.0,503
2024-06-14 14:43:00,1807.0,1807.35,1806.0,1806.05,688
2024-06-14 14:44:00,1806.05,1808.0,1806.05,1807.2,474
2024-06-14 14:45:00,1807.2,1808.9,1806.7,1807.5,940
2024-06-14 14:46:00,1807.5,1808.9,1807.45,1808.0,390
2024-06-14 14:47:00,1808.0,1808.0,1806.0,1806.35,1242
2024-06-14 14:48:00,1807.95,1808.0,1806.4,1808.0,871
2024-06-14 14:49:00,1808.0,1808.0,1806.05,1808.0,777
2024-06-14 14:50:00,1808.0,1808.0,1805.6,1805.8,3526
2024-06-14 14:51:00,1805.8,1807.75,1805.5,1807.0,1487
2024-06-14 14:52:00,1807.0,1807.0,1805.0,1805.2,2560
2024-06-14 14:53:00,1805.2,1808.8,1805.15,1808.2,3169
2024-06-14 14:54:00,1808.2,1808.8,1806.9,1808.5,1856
2024-06-14 14:55:00,1808.5,1808.5,1806.0,1807.8,1598
2024-06-14 14:56:00,1807.4,1807.7,1806.0,1807.6,483
2024-06-14 14:57:00,1807.6,1808.0,1806.15,1807.55,730
2024-06-14 14:58:00,1807.55,1807.55,1806.0,1806.8,202
2024-06-14 14:59:00,1807.35,1807.45,1806.05,1806.05,763
2024-06-14 15:00:00,1806.0,1807.7,1805.5,1807.7,6511
2024-06-14 15:01:00,1807.4,1807.7,1805.5,1805.75,1288
2024-06-14 15:02:00,1805.75,1808.0,1805.7,1807.0,1553
2024-06-14 15:03:00,1807.35,1807.35,1805.8,1806.85,1556
2024-06-14 15:04:00,1806.75,1806.95,1804.5,1806.75,1669
2024-06-14 15:05:00,1806.05,1807.0,1805.15,1806.5,823
2024-06-14 15:06:00,1806.5,1807.0,1805.25,1805.95,654
2024-06-14 15:07:00,1806.45,1806.9,1805.75,1806.6,710
2024-06-14 15:08:00,1806.5,1806.5,1805.25,1805.25,609
2024-06-14 15:09:00,1805.25,1807.0,1805.25,1807.0,6911
2024-06-14 15:10:00,1807.0,1807.1,1805.75,1806.9,8236
2024-06-14 15:11:00,1806.85,1807.3,1805.25,1806.0,1814
2024-06-14 15:12:00,1806.0,1806.9,1805.0,1805.35,1539
2024-06-14 15:13:00,1806.3,1806.65,1805.0,1805.0,2345
2024-06-14 15:14:00,1806.0,1806.5,1804.05,1805.05,3439
2024-06-14 15:15:00,1805.95,1806.85,1804.4,1806.75,3588
2024-06-14 15:16:00,1806.75,1806.75,1805.1,1806.05,1084
2024-06-14 15:17:00,1805.8,1806.0,1804.0,1805.0,4104
2024-06-14 15:18:00,1805.0,1806.55,1804.2,1805.2,3421
2024-06-14 15:19:00,1805.3,1806.0,1804.2,1805.8,2231
2024-06-14 15:20:00,1805.8,1807.0,1804.85,1805.4,5521
2024-06-14 15:21:00,1806.45,1806.8,1805.3,1805.6,2490
2024-06-14 15:22:00,1806.0,1807.25,1806.0,1807.25,1152
2024-06-14 15:23:00,1807.25,1808.0,1806.75,1807.6,4098
2024-06-14 15:24:00,1807.6,1808.5,1806.05,1807.0,4172
2024-06-14 15:25:00,1807.0,1808.2,1807.0,1807.85,3296
2024-06-14 15:26:00,1807.85,1808.0,1807.85,1808.0,7788
2024-06-14 15:27:00,1807.9,1808.0,1806.55,1806.55,4110
2024-06-14 15:28:00,1807.65,1807.65,1803.55,1805.0,7316
2024-06-14 15:29:00,1804.6,1808.0,1804.05,1805.0,4122
