date,open,high,low,close,volume
2024-04-29 09:15:00,2100.0,2100.0,2085.75,2093.0,150
2024-04-29 09:16:00,2093.0,2098.9,2093.0,2098.1,196
2024-04-29 09:17:00,2097.65,2098.45,2097.6,2097.6,83
2024-04-29 09:18:00,2097.6,2097.6,2090.0,2096.75,460
2024-04-29 09:19:00,2096.75,2096.75,2092.0,2096.75,97
2024-04-29 09:20:00,2096.75,2096.75,2091.3,2091.3,40
2024-04-29 09:21:00,2092.05,2095.65,2090.05,2090.05,182
2024-04-29 09:22:00,2091.95,2091.95,2088.35,2088.35,33
2024-04-29 09:23:00,2088.35,2091.95,2088.35,2091.95,134
2024-04-29 09:24:00,2091.95,2093.3,2089.6,2089.6,182
2024-04-29 09:25:00,2089.6,2092.25,2089.6,2090.0,17
2024-04-29 09:26:00,2090.0,2090.0,2087.0,2088.0,150
2024-04-29 09:27:00,2087.0,2087.0,2080.0,2083.05,382
2024-04-29 09:28:00,2083.05,2083.6,2082.0,2083.05,34
2024-04-29 09:29:00,2083.05,2084.05,2083.05,2083.1,109
2024-04-29 09:30:00,2084.9,2084.95,2080.0,2083.6,305
2024-04-29 09:31:00,2083.6,2083.6,2080.0,2080.0,51
2024-04-29 09:32:00,2080.0,2082.95,2079.05,2079.4,125
2024-04-29 09:33:00,2079.4,2083.6,2079.4,2080.1,300
2024-04-29 09:34:00,2080.1,2082.65,2080.1,2080.2,18
2024-04-29 09:35:00,2080.2,2082.9,2080.2,2080.55,113
2024-04-29 09:36:00,2080.55,2084.25,2080.0,2082.4,443
2024-04-29 09:37:00,2082.4,2082.55,2080.25,2081.85,53
2024-04-29 09:38:00,2081.85,2082.65,2081.85,2082.65,67
2024-04-29 09:39:00,2082.65,2082.75,2080.0,2082.4,64
2024-04-29 09:40:00,2082.4,2082.8,2076.1,2078.1,459
2024-04-29 09:41:00,2078.1,2078.1,2076.0,2076.0,17
2024-04-29 09:42:00,2076.0,2082.95,2076.0,2082.95,167
2024-04-29 09:43:00,2082.95,2086.85,2082.95,2084.95,501
2024-04-29 09:44:00,2084.95,2085.9,2084.0,2084.0,3
2024-04-29 09:45:00,2084.0,2086.1,2083.05,2084.0,23
2024-04-29 09:46:00,2084.0,2086.5,2078.05,2078.05,227
2024-04-29 09:47:00,2078.05,2082.45,2078.05,2082.45,43
2024-04-29 09:48:00,2082.45,2086.95,2079.6,2086.95,338
2024-04-29 09:49:00,2082.3,2085.0,2082.3,2085.0,254
2024-04-29 09:50:00,2085.0,2086.45,2085.0,2085.0,4
2024-04-29 09:51:00,2085.0,2092.45,2085.0,2092.0,650
2024-04-29 09:52:00,2092.0,2099.95,2092.0,2095.7,1054
2024-04-29 09:53:00,2095.7,2095.7,2094.7,2095.0,61
2024-04-29 09:54:00,2095.0,2099.0,2095.0,2095.3,152
2024-04-29 09:55:00,2097.0,2097.0,2094.05,2094.05,75
2024-04-29 09:56:00,2094.05,2097.6,2094.05,2097.6,121
2024-04-29 09:57:00,2097.6,2097.6,2093.4,2093.4,32
2024-04-29 09:58:00,2093.4,2096.75,2093.4,2096.75,162
2024-04-29 09:59:00,2096.75,2096.75,2093.45,2093.45,30
2024-04-29 10:00:00,2093.45,2096.9,2093.45,2096.9,27
2024-04-29 10:01:00,2096.9,2096.9,2096.55,2096.55,21
2024-04-29 10:02:00,2093.65,2093.7,2090.35,2090.35,741
2024-04-29 10:03:00,2090.35,2092.8,2090.35,2092.8,202
2024-04-29 10:04:00,2092.8,2092.8,2092.8,2092.8,0
2024-04-29 10:05:00,2092.8,2092.8,2092.5,2092.8,53
2024-04-29 10:06:00,2092.8,2092.8,2090.0,2090.0,41
2024-04-29 10:07:00,2087.5,2090.0,2087.5,2090.0,55
2024-04-29 10:08:00,2090.0,2090.0,2089.7,2089.7,3
2024-04-29 10:09:00,2089.7,2089.7,2085.8,2085.8,24
2024-04-29 10:10:00,2085.8,2086.4,2080.05,2086.4,191
2024-04-29 10:11:00,2086.45,2086.45,2084.55,2084.55,13
2024-04-29 10:12:00,2084.55,2086.4,2084.1,2084.1,23
2024-04-29 10:13:00,2084.1,2086.9,2083.95,2086.9,42
2024-04-29 10:14:00,2084.25,2084.25,2083.75,2083.75,53
2024-04-29 10:15:00,2083.75,2086.75,2083.75,2084.05,9
2024-04-29 10:16:00,2086.75,2086.75,2086.75,2086.75,26
2024-04-29 10:17:00,2086.75,2086.9,2084.3,2084.75,36
2024-04-29 10:18:00,2084.75,2087.6,2083.55,2083.55,24
2024-04-29 10:19:00,2083.55,2086.75,2083.55,2086.75,82
2024-04-29 10:20:00,2086.75,2086.75,2086.75,2086.75,0
2024-04-29 10:21:00,2086.75,2087.25,2084.15,2084.15,104
2024-04-29 10:22:00,2084.15,2086.9,2084.15,2084.15,4
2024-04-29 10:23:00,2084.15,2084.15,2084.0,2084.0,32
2024-04-29 10:24:00,2084.0,2084.0,2084.0,2084.0,0
2024-04-29 10:25:00,2084.0,2085.95,2084.0,2085.95,5
2024-04-29 10:26:00,2085.95,2086.35,2084.0,2086.35,33
2024-04-29 10:27:00,2086.35,2086.35,2086.0,2086.0,2
2024-04-29 10:28:00,2086.0,2086.0,2083.3,2084.0,46
2024-04-29 10:29:00,2084.0,2084.0,2084.0,2084.0,3
2024-04-29 10:30:00,2084.0,2084.0,2084.0,2084.0,18
2024-04-29 10:31:00,2084.0,2084.0,2081.0,2081.0,61
2024-04-29 10:32:00,2081.0,2081.0,2080.0,2081.0,113
2024-04-29 10:33:00,2081.0,2081.0,2081.0,2081.0,0
2024-04-29 10:34:00,2081.0,2081.0,2080.9,2080.9,0
2024-04-29 10:35:00,2080.9,2082.55,2080.0,2080.6,170
2024-04-29 10:36:00,2080.6,2082.9,2080.6,2082.9,7
2024-04-29 10:37:00,2082.9,2082.9,2080.95,2080.95,44
2024-04-29 10:38:00,2080.95,2080.95,2080.0,2080.0,43
2024-04-29 10:39:00,2080.0,2083.1,2080.0,2083.1,180
2024-04-29 10:40:00,2083.1,2083.55,2083.1,2083.55,36
2024-04-29 10:41:00,2083.55,2084.25,2083.55,2084.1,28
2024-04-29 10:42:00,2084.1,2084.1,2084.1,2084.1,20
2024-04-29 10:43:00,2084.1,2084.1,2083.8,2083.8,11
2024-04-29 10:44:00,2083.8,2083.8,2083.7,2083.8,4
2024-04-29 10:45:00,2083.8,2083.9,2083.8,2083.9,7
2024-04-29 10:46:00,2083.9,2083.9,2083.9,2083.9,0
2024-04-29 10:47:00,2083.9,2083.9,2083.9,2083.9,0
2024-04-29 10:48:00,2083.9,2083.9,2083.8,2083.85,6
2024-04-29 10:49:00,2083.85,2083.85,2081.3,2081.3,5
2024-04-29 10:50:00,2081.3,2083.45,2081.3,2083.45,13
2024-04-29 10:51:00,2083.45,2083.45,2083.4,2083.4,1
2024-04-29 10:52:00,2083.4,2083.4,2080.75,2082.75,15
2024-04-29 10:53:00,2082.75,2084.0,2077.6,2084.0,499
2024-04-29 10:54:00,2084.0,2085.0,2082.2,2084.95,38
2024-04-29 10:55:00,2084.95,2084.95,2084.95,2084.95,1
2024-04-29 10:56:00,2084.95,2085.0,2084.0,2085.0,25
2024-04-29 10:57:00,2085.0,2085.0,2084.0,2084.55,5
2024-04-29 10:58:00,2084.55,2084.85,2082.55,2084.85,10
2024-04-29 10:59:00,2084.85,2084.85,2084.85,2084.85,1
2024-04-29 11:00:00,2084.85,2084.85,2084.0,2084.0,2
2024-04-29 11:01:00,2084.0,2084.0,2084.0,2084.0,3
2024-04-29 11:02:00,2084.0,2084.0,2084.0,2084.0,4
2024-04-29 11:03:00,2084.0,2084.0,2082.2,2084.0,7
2024-04-29 11:04:00,2084.0,2084.0,2081.8,2082.2,46
2024-04-29 11:05:00,2082.2,2084.0,2082.2,2084.0,14
2024-04-29 11:06:00,2084.0,2084.0,2082.05,2082.05,11
2024-04-29 11:07:00,2082.05,2084.0,2082.05,2084.0,3
2024-04-29 11:08:00,2084.0,2084.0,2081.75,2084.0,17
2024-04-29 11:09:00,2084.0,2084.0,2084.0,2084.0,1
2024-04-29 11:10:00,2084.0,2084.0,2084.0,2084.0,2
2024-04-29 11:11:00,2084.0,2084.0,2082.2,2084.0,5
2024-04-29 11:12:00,2084.0,2084.0,2082.25,2084.0,6
2024-04-29 11:13:00,2084.0,2084.0,2082.25,2084.0,6
2024-04-29 11:14:00,2084.0,2084.0,2082.05,2084.0,29
2024-04-29 11:15:00,2084.0,2084.0,2084.0,2084.0,3
2024-04-29 11:16:00,2084.0,2084.0,2081.85,2081.85,38
2024-04-29 11:17:00,2081.85,2084.0,2081.85,2084.0,9
2024-04-29 11:18:00,2084.0,2084.0,2083.95,2083.95,52
2024-04-29 11:19:00,2083.95,2083.95,2081.25,2081.25,132
2024-04-29 11:20:00,2081.25,2083.4,2081.25,2083.3,2
2024-04-29 11:21:00,2083.3,2083.3,2080.9,2080.9,10
2024-04-29 11:22:00,2080.9,2083.0,2080.9,2082.65,307
2024-04-29 11:23:00,2082.65,2082.65,2082.45,2082.45,24
2024-04-29 11:24:00,2082.5,2082.5,2080.1,2082.5,57
2024-04-29 11:25:00,2082.5,2082.5,2082.45,2082.5,5
2024-04-29 11:26:00,2082.5,2083.0,2082.5,2083.0,3
2024-04-29 11:27:00,2083.0,2083.75,2083.0,2083.75,5
2024-04-29 11:28:00,2083.75,2084.0,2083.75,2084.0,6
2024-04-29 11:29:00,2084.0,2084.0,2080.55,2083.1,120
2024-04-29 11:30:00,2083.1,2083.1,2080.85,2082.9,8
2024-04-29 11:31:00,2082.9,2082.9,2082.6,2082.6,2
2024-04-29 11:32:00,2082.6,2082.7,2080.6,2080.6,7
2024-04-29 11:33:00,2080.6,2082.6,2080.05,2080.05,27
2024-04-29 11:34:00,2080.05,2082.6,2080.0,2080.0,37
2024-04-29 11:35:00,2080.0,2082.6,2080.0,2082.55,18
2024-04-29 11:36:00,2082.45,2082.45,2082.45,2082.45,2
2024-04-29 11:37:00,2082.45,2082.45,2080.1,2082.3,7
2024-04-29 11:38:00,2082.3,2082.3,2082.15,2082.15,1
2024-04-29 11:39:00,2082.15,2082.4,2080.0,2080.0,23
2024-04-29 11:40:00,2080.0,2082.4,2080.0,2082.4,5
2024-04-29 11:41:00,2082.4,2082.7,2082.4,2082.7,3
2024-04-29 11:42:00,2082.7,2082.7,2082.7,2082.7,6
2024-04-29 11:43:00,2082.7,2083.85,2082.7,2083.85,45
2024-04-29 11:44:00,2083.85,2083.85,2083.85,2083.85,6
2024-04-29 11:45:00,2082.05,2083.85,2082.05,2083.85,3
2024-04-29 11:46:00,2083.85,2084.6,2083.85,2083.9,37
2024-04-29 11:47:00,2083.9,2084.0,2083.9,2084.0,6
2024-04-29 11:48:00,2084.0,2084.0,2084.0,2084.0,2
2024-04-29 11:49:00,2084.0,2085.5,2084.0,2084.8,114
2024-04-29 11:50:00,2084.8,2085.95,2084.8,2085.6,56
2024-04-29 11:51:00,2085.6,2085.6,2082.7,2085.6,4
2024-04-29 11:52:00,2085.6,2085.6,2085.6,2085.6,1
2024-04-29 11:53:00,2085.6,2085.6,2083.55,2085.6,3
2024-04-29 11:54:00,2085.6,2086.6,2085.6,2086.6,3
2024-04-29 11:55:00,2086.6,2089.45,2085.05,2085.05,324
2024-04-29 11:56:00,2085.05,2087.85,2085.05,2087.75,9
2024-04-29 11:57:00,2087.75,2088.35,2087.75,2088.35,4
2024-04-29 11:58:00,2088.35,2088.35,2085.4,2088.2,144
2024-04-29 11:59:00,2088.2,2088.2,2085.3,2085.3,22
2024-04-29 12:00:00,2085.3,2087.3,2085.3,2087.3,2
2024-04-29 12:01:00,2087.3,2087.3,2087.2,2087.2,1
2024-04-29 12:02:00,2087.2,2087.2,2087.0,2087.0,2
2024-04-29 12:03:00,2087.0,2087.0,2087.0,2087.0,2
2024-04-29 12:04:00,2087.0,2087.0,2087.0,2087.0,1
2024-04-29 12:05:00,2087.0,2087.0,2086.85,2086.85,5
2024-04-29 12:06:00,2087.5,2088.1,2087.5,2088.1,31
2024-04-29 12:07:00,2088.1,2088.1,2087.4,2087.4,4
2024-04-29 12:08:00,2087.4,2087.4,2085.05,2087.4,3
2024-04-29 12:09:00,2087.4,2087.4,2085.0,2086.0,52
2024-04-29 12:10:00,2086.0,2086.7,2086.0,2086.7,7
2024-04-29 12:11:00,2086.7,2087.25,2086.7,2087.25,2
2024-04-29 12:12:00,2087.25,2087.4,2087.2,2087.4,17
2024-04-29 12:13:00,2087.4,2087.4,2087.0,2087.0,3
2024-04-29 12:14:00,2086.85,2086.85,2083.4,2083.4,35
2024-04-29 12:15:00,2083.4,2086.1,2083.35,2085.6,23
2024-04-29 12:16:00,2085.6,2085.6,2085.45,2085.45,2
2024-04-29 12:17:00,2085.45,2085.45,2082.7,2084.0,8
2024-04-29 12:18:00,2084.0,2084.0,2084.0,2084.0,1
2024-04-29 12:19:00,2084.0,2084.0,2082.7,2084.0,5
2024-04-29 12:20:00,2084.0,2084.0,2082.7,2082.7,7
2024-04-29 12:21:00,2082.7,2084.0,2082.15,2084.0,35
2024-04-29 12:22:00,2084.0,2084.0,2084.0,2084.0,3
2024-04-29 12:23:00,2084.0,2084.0,2084.0,2084.0,1
2024-04-29 12:24:00,2084.0,2084.0,2082.05,2084.0,24
2024-04-29 12:25:00,2084.0,2084.0,2084.0,2084.0,2
2024-04-29 12:26:00,2084.0,2084.0,2084.0,2084.0,4
2024-04-29 12:27:00,2084.0,2084.3,2084.0,2084.3,49
2024-04-29 12:28:00,2084.3,2084.3,2084.15,2084.15,2
2024-04-29 12:29:00,2084.15,2085.0,2084.0,2085.0,9
2024-04-29 12:30:00,2085.0,2085.0,2084.0,2084.0,9
2024-04-29 12:31:00,2084.0,2084.85,2084.0,2084.85,3
2024-04-29 12:32:00,2084.85,2084.85,2084.85,2084.85,1
2024-04-29 12:33:00,2084.85,2084.85,2082.4,2084.75,11
2024-04-29 12:34:00,2084.75,2085.0,2084.65,2084.95,4
2024-04-29 12:35:00,2084.95,2085.0,2084.9,2084.9,11
2024-04-29 12:36:00,2084.9,2084.95,2084.9,2084.95,3
2024-04-29 12:37:00,2084.95,2084.95,2083.0,2083.0,3
2024-04-29 12:38:00,2083.0,2084.85,2082.9,2082.9,8
2024-04-29 12:39:00,2082.9,2086.25,2082.9,2086.25,107
2024-04-29 12:40:00,2086.25,2086.25,2082.95,2084.8,5
2024-04-29 12:41:00,2084.8,2084.85,2084.8,2084.85,2
2024-04-29 12:42:00,2084.85,2085.15,2084.85,2085.15,1
2024-04-29 12:43:00,2085.15,2085.6,2085.15,2085.6,2
2024-04-29 12:44:00,2085.6,2085.6,2085.0,2085.6,18
2024-04-29 12:45:00,2086.5,2087.2,2086.45,2087.2,10
2024-04-29 12:46:00,2087.2,2087.2,2086.95,2087.1,3
2024-04-29 12:47:00,2087.1,2087.1,2084.0,2087.0,31
2024-04-29 12:48:00,2087.0,2087.4,2084.6,2086.75,27
2024-04-29 12:49:00,2086.75,2086.75,2086.75,2086.75,8
2024-04-29 12:50:00,2086.75,2086.75,2086.75,2086.75,2
2024-04-29 12:51:00,2086.75,2086.75,2086.65,2086.65,1
2024-04-29 12:52:00,2086.65,2086.75,2084.5,2084.5,13
2024-04-29 12:53:00,2084.5,2087.05,2084.5,2087.05,3
2024-04-29 12:54:00,2084.3,2086.95,2084.3,2086.95,6
2024-04-29 12:55:00,2086.95,2086.95,2084.1,2084.1,22
2024-04-29 12:56:00,2084.1,2086.05,2084.0,2086.05,57
2024-04-29 12:57:00,2086.05,2086.05,2080.0,2081.9,68
2024-04-29 12:58:00,2081.9,2081.9,2078.0,2078.0,594
2024-04-29 12:59:00,2079.8,2079.8,2077.25,2078.0,27
2024-04-29 13:00:00,2077.95,2080.1,2077.95,2077.95,18
2024-04-29 13:01:00,2077.95,2079.85,2077.95,2078.5,2
2024-04-29 13:02:00,2078.5,2080.0,2078.5,2080.0,10
2024-04-29 13:03:00,2080.0,2080.0,2078.5,2080.0,8
2024-04-29 13:04:00,2083.45,2083.45,2079.6,2080.4,117
2024-04-29 13:05:00,2080.4,2081.15,2078.5,2081.15,15
2024-04-29 13:06:00,2081.15,2081.15,2078.55,2078.55,8
2024-04-29 13:07:00,2078.55,2083.4,2077.5,2077.5,30
2024-04-29 13:08:00,2077.5,2081.95,2077.5,2081.45,396
2024-04-29 13:09:00,2081.45,2081.45,2081.4,2081.45,8
2024-04-29 13:10:00,2081.45,2081.45,2081.45,2081.45,3
2024-04-29 13:11:00,2081.45,2081.45,2078.95,2079.1,29
2024-04-29 13:12:00,2079.1,2080.55,2077.0,2079.9,137
2024-04-29 13:13:00,2079.9,2079.9,2075.05,2078.75,386
2024-04-29 13:14:00,2078.75,2079.9,2078.75,2079.25,77
2024-04-29 13:15:00,2079.25,2079.25,2075.8,2078.85,2
2024-04-29 13:16:00,2078.85,2078.85,2078.6,2078.6,2
2024-04-29 13:17:00,2078.6,2078.6,2074.85,2074.9,419
2024-04-29 13:18:00,2076.8,2077.6,2076.8,2077.6,2
2024-04-29 13:19:00,2077.6,2077.9,2077.6,2077.9,17
2024-04-29 13:20:00,2077.9,2077.9,2075.05,2077.6,39
2024-04-29 13:21:00,2077.6,2077.7,2075.1,2076.9,16
2024-04-29 13:22:00,2076.9,2077.55,2076.9,2077.55,2
2024-04-29 13:23:00,2077.55,2077.75,2075.4,2077.75,22
2024-04-29 13:24:00,2077.75,2078.25,2075.25,2077.25,12
2024-04-29 13:25:00,2077.25,2078.45,2077.25,2078.45,2
2024-04-29 13:26:00,2078.45,2078.45,2075.5,2077.25,13
2024-04-29 13:27:00,2077.25,2077.25,2075.05,2075.35,33
2024-04-29 13:28:00,2075.35,2077.95,2075.35,2077.95,3
2024-04-29 13:29:00,2077.95,2077.95,2075.25,2077.75,11
2024-04-29 13:30:00,2077.75,2077.95,2075.05,2075.05,61
2024-04-29 13:31:00,2075.05,2078.65,2075.05,2078.65,8
2024-04-29 13:32:00,2078.65,2078.7,2076.25,2078.7,57
2024-04-29 13:33:00,2078.7,2078.9,2076.55,2078.9,13
2024-04-29 13:34:00,2078.9,2078.9,2078.0,2078.0,1
2024-04-29 13:35:00,2078.0,2078.0,2076.05,2078.0,12
2024-04-29 13:36:00,2078.0,2079.0,2076.05,2079.0,73
2024-04-29 13:37:00,2079.0,2079.0,2076.15,2078.45,58
2024-04-29 13:38:00,2078.45,2079.0,2076.3,2079.0,23
2024-04-29 13:39:00,2079.0,2080.0,2076.5,2079.4,13
2024-04-29 13:40:00,2079.4,2079.9,2076.3,2078.5,67
2024-04-29 13:41:00,2078.5,2078.5,2076.5,2076.5,57
2024-04-29 13:42:00,2076.5,2078.25,2076.0,2078.1,8
2024-04-29 13:43:00,2078.1,2078.1,2076.05,2078.1,11
2024-04-29 13:44:00,2078.1,2078.5,2076.1,2076.1,18
2024-04-29 13:45:00,2076.1,2078.3,2075.05,2076.75,37
2024-04-29 13:46:00,2076.75,2076.75,2075.0,2075.0,6
2024-04-29 13:47:00,2075.0,2077.65,2075.0,2077.65,20
2024-04-29 13:48:00,2077.65,2077.65,2077.55,2077.55,1
2024-04-29 13:49:00,2077.55,2077.65,2077.55,2077.65,2
2024-04-29 13:50:00,2077.65,2077.65,2075.15,2077.5,12
2024-04-29 13:51:00,2077.5,2077.5,2075.35,2075.35,11
2024-04-29 13:52:00,2075.35,2078.2,2075.35,2078.1,17
2024-04-29 13:53:00,2078.1,2078.3,2075.75,2075.75,5
2024-04-29 13:54:00,2075.75,2078.35,2075.75,2078.35,2
2024-04-29 13:55:00,2078.35,2078.35,2075.5,2075.5,4
2024-04-29 13:56:00,2075.5,2078.2,2075.5,2078.2,8
2024-04-29 13:57:00,2078.2,2078.2,2075.85,2078.2,9
2024-04-29 13:58:00,2078.2,2078.2,2075.3,2075.3,47
2024-04-29 13:59:00,2075.3,2078.0,2075.3,2077.95,16
2024-04-29 14:00:00,2077.95,2077.95,2075.3,2075.3,9
2024-04-29 14:01:00,2075.3,2075.3,2075.3,2075.3,0
2024-04-29 14:02:00,2075.3,2075.3,2075.3,2075.3,0
2024-04-29 14:03:00,2075.3,2075.5,2075.3,2075.5,27
2024-04-29 14:04:00,2075.5,2075.5,2075.4,2075.4,26
2024-04-29 14:05:00,2075.4,2078.05,2058.1,2071.95,1765
2024-04-29 14:06:00,2071.95,2072.6,2069.95,2070.1,65
2024-04-29 14:07:00,2070.1,2070.1,2070.0,2070.0,5
2024-04-29 14:08:00,2071.95,2071.95,2070.0,2070.05,47
2024-04-29 14:09:00,2070.05,2071.85,2070.0,2071.85,11
2024-04-29 14:10:00,2071.85,2071.85,2070.0,2070.0,26
2024-04-29 14:11:00,2070.0,2070.8,2069.0,2069.0,50
2024-04-29 14:12:00,2069.0,2070.1,2069.0,2070.1,9
2024-04-29 14:13:00,2069.0,2069.0,2065.85,2066.0,120
2024-04-29 14:14:00,2067.0,2069.95,2067.0,2067.5,115
2024-04-29 14:15:00,2067.5,2067.5,2064.45,2064.45,110
2024-04-29 14:16:00,2064.45,2065.9,2063.05,2063.05,121
2024-04-29 14:17:00,2063.05,2066.0,2063.05,2066.0,11
2024-04-29 14:18:00,2066.0,2066.35,2065.0,2066.35,5
2024-04-29 14:19:00,2066.35,2066.35,2063.1,2063.1,78
2024-04-29 14:20:00,2063.1,2063.1,2063.1,2063.1,0
2024-04-29 14:21:00,2063.1,2065.95,2063.1,2065.95,67
2024-04-29 14:22:00,2065.95,2066.15,2063.65,2065.35,29
2024-04-29 14:23:00,2065.35,2065.35,2065.35,2065.35,0
2024-04-29 14:24:00,2065.35,2065.9,2065.35,2065.9,13
2024-04-29 14:25:00,2065.9,2066.4,2063.9,2063.9,8
2024-04-29 14:26:00,2063.9,2066.35,2063.9,2066.35,5
2024-04-29 14:27:00,2066.35,2066.35,2064.6,2065.95,54
2024-04-29 14:28:00,2065.95,2067.9,2065.95,2067.9,8
2024-04-29 14:29:00,2067.0,2068.5,2067.0,2068.5,12
2024-04-29 14:30:00,2068.5,2068.55,2067.6,2067.6,9
2024-04-29 14:31:00,2067.6,2067.6,2067.0,2067.0,35
2024-04-29 14:32:00,2067.0,2067.85,2067.0,2067.85,5
2024-04-29 14:33:00,2067.85,2069.05,2067.85,2069.05,2
2024-04-29 14:34:00,2069.05,2070.05,2068.0,2070.05,27
2024-04-29 14:35:00,2070.1,2070.1,2070.05,2070.05,10
2024-04-29 14:36:00,2071.85,2071.85,2071.85,2071.85,2
2024-04-29 14:37:00,2071.85,2071.85,2071.85,2071.85,0
2024-04-29 14:38:00,2071.85,2072.0,2071.85,2072.0,10
2024-04-29 14:39:00,2072.0,2072.0,2070.1,2070.1,2
2024-04-29 14:40:00,2070.1,2071.95,2069.6,2069.6,23
2024-04-29 14:41:00,2069.6,2069.6,2068.0,2068.0,20
2024-04-29 14:42:00,2068.0,2070.1,2067.0,2067.0,101
2024-04-29 14:43:00,2067.0,2067.0,2067.0,2067.0,11
2024-04-29 14:44:00,2067.0,2067.0,2067.0,2067.0,2
2024-04-29 14:45:00,2067.0,2068.95,2067.0,2068.9,2
2024-04-29 14:46:00,2068.9,2069.0,2068.9,2068.9,18
2024-04-29 14:47:00,2068.9,2068.9,2068.9,2068.9,1
2024-04-29 14:48:00,2068.9,2068.9,2065.05,2065.05,29
2024-04-29 14:49:00,2065.05,2067.7,2064.4,2067.7,98
2024-04-29 14:50:00,2067.7,2067.7,2065.8,2067.6,4
2024-04-29 14:51:00,2067.6,2067.6,2067.1,2067.1,11
2024-04-29 14:52:00,2067.1,2067.1,2064.5,2066.25,13
2024-04-29 14:53:00,2066.25,2066.25,2063.65,2063.65,148
2024-04-29 14:54:00,2063.65,2063.65,2060.0,2061.3,74
2024-04-29 14:55:00,2061.3,2062.5,2060.0,2062.5,106
2024-04-29 14:56:00,2062.5,2062.5,2062.1,2062.5,9
2024-04-29 14:57:00,2062.5,2063.0,2062.5,2063.0,15
2024-04-29 14:58:00,2062.95,2062.95,2062.5,2062.5,31
2024-04-29 14:59:00,2062.5,2063.55,2062.5,2063.55,4
2024-04-29 15:00:00,2063.55,2063.55,2060.1,2060.1,37
2024-04-29 15:01:00,2060.1,2062.6,2060.1,2062.55,5
2024-04-29 15:02:00,2062.55,2062.55,2060.6,2060.6,13
2024-04-29 15:03:00,2060.6,2063.05,2060.0,2062.5,96
2024-04-29 15:04:00,2062.5,2062.85,2061.0,2062.85,40
2024-04-29 15:05:00,2062.85,2063.05,2062.75,2063.05,5
2024-04-29 15:06:00,2063.05,2068.75,2062.95,2068.65,316
2024-04-29 15:07:00,2068.65,2076.95,2066.8,2074.45,448
2024-04-29 15:08:00,2077.0,2077.0,2070.15,2072.95,95
2024-04-29 15:09:00,2073.3,2079.0,2073.0,2079.0,1107
2024-04-29 15:10:00,2079.0,2079.0,2075.3,2075.9,57
2024-04-29 15:11:00,2075.85,2075.9,2072.25,2074.55,91
2024-04-29 15:12:00,2075.35,2075.35,2068.8,2068.8,59
2024-04-29 15:13:00,2071.2,2071.2,2068.05,2068.05,35
2024-04-29 15:14:00,2068.05,2070.9,2067.9,2069.6,26
2024-04-29 15:15:00,2069.6,2069.6,2065.8,2065.8,150
2024-04-29 15:16:00,2065.8,2067.3,2065.5,2066.8,40
2024-04-29 15:17:00,2068.7,2069.05,2066.8,2068.8,37
2024-04-29 15:18:00,2068.8,2068.8,2065.7,2065.7,12
2024-04-29 15:19:00,2065.7,2069.05,2065.0,2065.0,153
2024-04-29 15:20:00,2065.0,2067.05,2061.5,2061.5,409
2024-04-29 15:21:00,2061.5,2064.35,2061.35,2064.2,184
2024-04-29 15:22:00,2064.2,2064.2,2062.85,2062.85,108
2024-04-29 15:23:00,2062.85,2063.0,2061.0,2063.0,95
2024-04-29 15:24:00,2063.0,2063.0,2063.0,2063.0,55
2024-04-29 15:25:00,2063.0,2067.95,2063.0,2065.45,87
2024-04-29 15:26:00,2065.45,2070.0,2065.45,2068.7,42
2024-04-29 15:27:00,2070.0,2070.0,2063.3,2069.85,116
2024-04-29 15:28:00,2069.85,2070.0,2069.7,2070.0,21
2024-04-29 15:29:00,2070.0,2070.0,2065.6,2069.0,160
2024-04-30 09:15:00,2078.0,2078.0,2072.4,2072.4,449
2024-04-30 09:16:00,2072.4,2076.1,2071.75,2076.1,63
2024-04-30 09:17:00,2077.95,2077.95,2074.1,2077.75,67
2024-04-30 09:18:00,2077.75,2077.75,2070.25,2075.45,273
2024-04-30 09:19:00,2075.45,2075.45,2071.75,2071.75,39
2024-04-30 09:20:00,2071.75,2074.8,2071.75,2072.3,28
2024-04-30 09:21:00,2072.3,2074.8,2069.55,2070.8,431
2024-04-30 09:22:00,2070.8,2072.2,2070.8,2072.2,53
2024-04-30 09:23:00,2069.95,2072.45,2069.95,2072.45,29
2024-04-30 09:24:00,2072.45,2073.3,2072.45,2073.1,95
2024-04-30 09:25:00,2073.1,2073.1,2070.65,2070.65,2
2024-04-30 09:26:00,2072.95,2075.35,2072.7,2073.45,80
2024-04-30 09:27:00,2073.45,2076.75,2073.45,2075.95,95
2024-04-30 09:28:00,2075.95,2079.0,2075.95,2079.0,1063
2024-04-30 09:29:00,2079.0,2079.0,2075.0,2075.0,120
2024-04-30 09:30:00,2075.0,2075.0,2066.15,2068.15,845
2024-04-30 09:31:00,2068.15,2068.8,2065.45,2067.65,65
2024-04-30 09:32:00,2068.15,2068.35,2068.15,2068.35,7
2024-04-30 09:33:00,2068.35,2068.35,2062.0,2063.85,385
2024-04-30 09:34:00,2063.85,2064.2,2061.05,2064.1,83
2024-04-30 09:35:00,2064.1,2066.45,2064.1,2066.45,117
2024-04-30 09:36:00,2066.45,2067.75,2061.45,2061.45,180
2024-04-30 09:37:00,2061.45,2064.3,2061.2,2064.3,69
2024-04-30 09:38:00,2064.3,2065.75,2061.15,2064.55,157
2024-04-30 09:39:00,2064.85,2066.05,2062.9,2066.05,76
2024-04-30 09:40:00,2066.05,2067.0,2065.4,2067.0,176
2024-04-30 09:41:00,2067.0,2067.0,2066.7,2066.7,31
2024-04-30 09:42:00,2066.7,2066.7,2066.65,2066.65,2
2024-04-30 09:43:00,2066.65,2066.65,2062.05,2064.9,215
2024-04-30 09:44:00,2064.9,2064.9,2062.35,2062.5,6
2024-04-30 09:45:00,2062.5,2065.0,2062.5,2065.0,185
2024-04-30 09:46:00,2065.0,2065.0,2062.85,2065.0,10
2024-04-30 09:47:00,2065.0,2065.0,2064.95,2064.95,16
2024-04-30 09:48:00,2062.9,2064.95,2062.85,2064.65,11
2024-04-30 09:49:00,2064.65,2065.0,2062.8,2062.95,40
2024-04-30 09:50:00,2065.0,2065.0,2062.85,2064.95,122
2024-04-30 09:51:00,2063.0,2065.0,2062.9,2062.9,53
2024-04-30 09:52:00,2062.9,2064.95,2062.8,2064.85,97
2024-04-30 09:53:00,2064.85,2065.0,2064.85,2065.0,103
2024-04-30 09:54:00,2063.0,2063.0,2061.65,2061.65,137
2024-04-30 09:55:00,2061.65,2062.9,2061.65,2062.9,21
2024-04-30 09:56:00,2062.9,2063.0,2061.8,2061.8,68
2024-04-30 09:57:00,2061.8,2064.4,2060.0,2061.0,742
2024-04-30 09:58:00,2061.0,2064.15,2060.7,2064.15,18
2024-04-30 09:59:00,2064.15,2064.65,2061.1,2061.45,46
2024-04-30 10:00:00,2063.85,2063.85,2062.0,2063.85,19
2024-04-30 10:01:00,2062.05,2063.8,2061.1,2061.85,41
2024-04-30 10:02:00,2061.85,2064.1,2061.35,2064.05,43
2024-04-30 10:03:00,2064.0,2064.0,2061.95,2061.95,11
2024-04-30 10:04:00,2061.95,2064.75,2061.95,2064.75,81
2024-04-30 10:05:00,2064.75,2064.75,2062.5,2064.0,5
2024-04-30 10:06:00,2064.75,2066.8,2064.75,2064.9,201
2024-04-30 10:07:00,2064.9,2067.0,2064.9,2067.0,9
2024-04-30 10:08:00,2067.0,2067.0,2065.85,2067.0,8
2024-04-30 10:09:00,2067.0,2070.0,2067.0,2069.0,54
2024-04-30 10:10:00,2069.0,2070.0,2069.0,2070.0,2
2024-04-30 10:11:00,2070.0,2070.0,2068.6,2069.95,31
2024-04-30 10:12:00,2069.95,2070.0,2068.55,2069.9,26
2024-04-30 10:13:00,2069.9,2069.9,2066.65,2066.65,27
2024-04-30 10:14:00,2066.65,2066.65,2066.65,2066.65,0
2024-04-30 10:15:00,2066.65,2066.65,2066.2,2066.2,17
2024-04-30 10:16:00,2066.2,2066.2,2066.2,2066.2,0
2024-04-30 10:17:00,2066.2,2068.3,2066.2,2068.3,10
2024-04-30 10:18:00,2068.3,2068.3,2066.35,2066.35,7
2024-04-30 10:19:00,2066.35,2068.0,2066.35,2068.0,11
2024-04-30 10:20:00,2068.0,2068.0,2068.0,2068.0,2
2024-04-30 10:21:00,2068.0,2068.0,2066.05,2067.95,30
2024-04-30 10:22:00,2066.05,2066.05,2066.05,2066.05,3
2024-04-30 10:23:00,2066.05,2067.45,2065.05,2065.05,80
2024-04-30 10:24:00,2067.4,2067.55,2067.1,2067.1,8
2024-04-30 10:25:00,2066.75,2066.75,2064.5,2066.75,27
2024-04-30 10:26:00,2064.65,2064.65,2064.65,2064.65,2
2024-04-30 10:27:00,2066.7,2066.7,2064.7,2064.7,64
2024-04-30 10:28:00,2066.05,2066.05,2064.0,2064.0,36
2024-04-30 10:29:00,2064.0,2064.6,2062.8,2064.6,17
2024-04-30 10:30:00,2064.6,2064.6,2062.8,2062.8,25
2024-04-30 10:31:00,2062.8,2064.5,2062.0,2063.7,57
2024-04-30 10:32:00,2063.7,2063.75,2061.1,2061.1,21
2024-04-30 10:33:00,2061.1,2061.15,2061.0,2061.0,20
2024-04-30 10:34:00,2061.0,2063.9,2061.0,2063.9,92
2024-04-30 10:35:00,2063.9,2063.9,2061.65,2061.65,45
2024-04-30 10:36:00,2061.65,2063.8,2061.65,2063.8,1
2024-04-30 10:37:00,2063.8,2063.8,2061.25,2061.75,57
2024-04-30 10:38:00,2061.75,2061.75,2061.75,2061.75,26
2024-04-30 10:39:00,2061.75,2064.45,2061.75,2064.45,40
2024-04-30 10:40:00,2064.45,2064.7,2062.3,2062.3,28
2024-04-30 10:41:00,2062.3,2064.7,2062.3,2064.7,58
2024-04-30 10:42:00,2064.7,2064.7,2062.45,2062.45,1
2024-04-30 10:43:00,2062.45,2062.55,2062.45,2062.55,1
2024-04-30 10:44:00,2061.75,2064.7,2061.75,2064.7,135
2024-04-30 10:45:00,2062.6,2065.0,2062.6,2063.3,97
2024-04-30 10:46:00,2063.3,2066.75,2062.7,2065.15,168
2024-04-30 10:47:00,2065.15,2067.0,2065.15,2067.0,6
2024-04-30 10:48:00,2067.0,2067.0,2063.7,2063.7,41
2024-04-30 10:49:00,2063.7,2064.0,2062.2,2062.2,16
2024-04-30 10:50:00,2062.2,2062.2,2062.2,2062.2,0
2024-04-30 10:51:00,2062.2,2066.3,2062.2,2066.3,59
2024-04-30 10:52:00,2066.3,2066.3,2064.9,2065.0,8
2024-04-30 10:53:00,2065.0,2065.0,2065.0,2065.0,10
2024-04-30 10:54:00,2065.0,2065.0,2063.1,2065.0,6
2024-04-30 10:55:00,2065.0,2066.0,2064.8,2065.05,66
2024-04-30 10:56:00,2065.05,2067.0,2063.65,2063.65,157
2024-04-30 10:57:00,2063.65,2063.65,2063.2,2063.2,5
2024-04-30 10:58:00,2063.2,2063.2,2063.2,2063.2,5
2024-04-30 10:59:00,2063.2,2063.2,2063.1,2063.1,5
2024-04-30 11:00:00,2064.8,2064.95,2064.8,2064.95,7
2024-04-30 11:01:00,2064.95,2064.95,2064.0,2064.0,6
2024-04-30 11:02:00,2064.0,2065.7,2064.0,2065.7,43
2024-04-30 11:03:00,2065.7,2065.7,2065.0,2065.0,8
2024-04-30 11:04:00,2065.0,2066.5,2065.0,2066.5,5
2024-04-30 11:05:00,2066.5,2066.5,2064.15,2064.15,128
2024-04-30 11:06:00,2064.15,2064.9,2064.0,2064.9,9
2024-04-30 11:07:00,2064.9,2065.9,2064.9,2065.9,4
2024-04-30 11:08:00,2065.9,2065.9,2065.85,2065.9,14
2024-04-30 11:09:00,2065.9,2065.9,2065.9,2065.9,51
2024-04-30 11:10:00,2065.9,2066.9,2065.9,2066.9,10
2024-04-30 11:11:00,2066.9,2066.9,2064.0,2064.0,63
2024-04-30 11:12:00,2064.0,2066.1,2064.0,2066.1,19
2024-04-30 11:13:00,2066.1,2066.9,2064.4,2066.9,75
2024-04-30 11:14:00,2066.9,2066.9,2066.8,2066.8,1
2024-04-30 11:15:00,2066.8,2066.8,2061.0,2061.0,1132
2024-04-30 11:16:00,2061.0,2064.8,2061.0,2061.85,21
2024-04-30 11:17:00,2061.1,2061.1,2061.0,2061.0,46
2024-04-30 11:18:00,2061.0,2063.7,2061.0,2063.35,26
2024-04-30 11:19:00,2063.6,2063.7,2063.6,2063.7,16
2024-04-30 11:20:00,2063.7,2064.15,2063.7,2064.15,20
2024-04-30 11:21:00,2064.15,2064.15,2060.0,2062.0,755
2024-04-30 11:22:00,2062.0,2062.0,2060.0,2060.0,100
2024-04-30 11:23:00,2060.0,2062.0,2060.0,2062.0,2
2024-04-30 11:24:00,2062.0,2062.0,2061.0,2061.95,83
2024-04-30 11:25:00,2061.95,2061.95,2060.05,2061.95,14
2024-04-30 11:26:00,2061.95,2061.95,2061.95,2061.95,2
2024-04-30 11:27:00,2061.95,2062.0,2060.05,2062.0,107
2024-04-30 11:28:00,2062.0,2062.0,2061.95,2061.95,103
2024-04-30 11:29:00,2061.95,2061.95,2061.95,2061.95,2
2024-04-30 11:30:00,2062.1,2062.1,2060.05,2062.1,23
2024-04-30 11:31:00,2062.1,2062.1,2060.05,2062.1,28
2024-04-30 11:32:00,2062.1,2062.1,2060.0,2062.1,31
2024-04-30 11:33:00,2062.1,2062.1,2062.1,2062.1,0
2024-04-30 11:34:00,2062.0,2062.0,2062.0,2062.0,5
2024-04-30 11:35:00,2062.0,2062.0,2060.0,2060.0,9
2024-04-30 11:36:00,2060.0,2060.0,2060.0,2060.0,0
2024-04-30 11:37:00,2060.0,2062.0,2060.0,2062.0,0
2024-04-30 11:38:00,2062.0,2062.0,2060.25,2060.25,40
2024-04-30 11:39:00,2060.05,2061.0,2060.0,2060.0,229
2024-04-30 11:40:00,2060.0,2061.0,2060.0,2061.0,12
2024-04-30 11:41:00,2061.0,2061.7,2061.0,2061.7,5
2024-04-30 11:42:00,2060.0,2061.85,2060.0,2061.85,14
2024-04-30 11:43:00,2061.85,2061.85,2060.0,2060.0,0
2024-04-30 11:44:00,2060.0,2061.85,2060.0,2060.0,31
2024-04-30 11:45:00,2060.0,2062.1,2060.0,2061.95,105
2024-04-30 11:46:00,2061.95,2061.95,2060.05,2060.05,3
2024-04-30 11:47:00,2060.05,2061.75,2060.05,2061.75,5
2024-04-30 11:48:00,2061.75,2061.75,2061.75,2061.75,0
2024-04-30 11:49:00,2061.75,2061.85,2060.0,2061.85,24
2024-04-30 11:50:00,2061.85,2061.85,2060.05,2060.05,9
2024-04-30 11:51:00,2061.95,2061.95,2061.95,2061.95,5
2024-04-30 11:52:00,2060.0,2061.85,2060.0,2061.85,12
2024-04-30 11:53:00,2061.85,2061.85,2060.1,2060.1,37
2024-04-30 11:54:00,2060.1,2062.0,2060.1,2062.0,4
2024-04-30 11:55:00,2060.6,2062.0,2060.6,2062.0,6
2024-04-30 11:56:00,2060.65,2062.0,2060.65,2062.0,8
2024-04-30 11:57:00,2062.0,2062.1,2062.0,2062.1,27
2024-04-30 11:58:00,2060.35,2060.4,2060.35,2060.4,18
2024-04-30 11:59:00,2062.2,2062.5,2062.2,2062.5,23
2024-04-30 12:00:00,2062.5,2062.5,2060.7,2060.7,19
2024-04-30 12:01:00,2060.7,2062.5,2060.05,2062.15,65
2024-04-30 12:02:00,2062.15,2062.4,2060.1,2062.4,11
2024-04-30 12:03:00,2062.4,2062.4,2062.4,2062.4,7
2024-04-30 12:04:00,2062.4,2062.4,2060.05,2060.05,20
2024-04-30 12:05:00,2060.05,2062.0,2060.05,2062.0,20
2024-04-30 12:06:00,2062.0,2062.0,2060.1,2060.1,15
2024-04-30 12:07:00,2060.1,2061.95,2060.1,2061.95,10
2024-04-30 12:08:00,2061.9,2062.0,2061.9,2062.0,12
2024-04-30 12:09:00,2062.0,2062.0,2060.1,2061.8,75
2024-04-30 12:10:00,2061.8,2061.9,2060.1,2061.85,41
2024-04-30 12:11:00,2061.85,2062.0,2061.85,2062.0,25
2024-04-30 12:12:00,2062.0,2062.0,2060.1,2061.9,121
2024-04-30 12:13:00,2061.9,2061.9,2061.9,2061.9,0
2024-04-30 12:14:00,2061.9,2061.9,2061.0,2061.0,1
2024-04-30 12:15:00,2061.0,2061.9,2060.1,2061.9,16
2024-04-30 12:16:00,2061.9,2061.9,2060.1,2060.1,12
2024-04-30 12:17:00,2060.1,2061.95,2060.1,2061.95,9
2024-04-30 12:18:00,2061.95,2062.0,2061.95,2062.0,9
2024-04-30 12:19:00,2061.0,2061.0,2061.0,2061.0,33
2024-04-30 12:20:00,2062.0,2062.0,2060.1,2061.0,35
2024-04-30 12:21:00,2061.0,2061.0,2060.1,2060.1,14
2024-04-30 12:22:00,2060.1,2061.0,2060.1,2061.0,22
2024-04-30 12:23:00,2061.0,2061.0,2061.0,2061.0,20
2024-04-30 12:24:00,2061.0,2061.0,2061.0,2061.0,34
2024-04-30 12:25:00,2060.1,2061.0,2060.1,2060.1,11
2024-04-30 12:26:00,2060.1,2061.0,2058.6,2058.9,929
2024-04-30 12:27:00,2058.9,2058.9,2058.05,2058.35,30
2024-04-30 12:28:00,2058.35,2058.35,2058.0,2058.0,23
2024-04-30 12:29:00,2058.0,2058.0,2055.0,2055.0,122
2024-04-30 12:30:00,2055.0,2055.0,2055.0,2055.0,0
2024-04-30 12:31:00,2055.0,2056.65,2055.0,2056.65,1
2024-04-30 12:32:00,2056.65,2056.95,2056.65,2056.95,7
2024-04-30 12:33:00,2056.95,2056.95,2056.95,2056.95,46
2024-04-30 12:34:00,2056.95,2056.95,2056.95,2056.95,6
2024-04-30 12:35:00,2056.95,2056.95,2055.0,2055.0,81
2024-04-30 12:36:00,2055.0,2056.55,2055.0,2056.55,37
2024-04-30 12:37:00,2056.55,2056.55,2055.0,2055.0,186
2024-04-30 12:38:00,2055.0,2056.8,2055.0,2056.8,45
2024-04-30 12:39:00,2056.8,2057.3,2056.8,2057.3,42
2024-04-30 12:40:00,2057.3,2058.0,2057.0,2057.0,84
2024-04-30 12:41:00,2057.0,2058.0,2057.0,2058.0,2
2024-04-30 12:42:00,2058.0,2058.75,2058.0,2058.75,13
2024-04-30 12:43:00,2058.75,2058.75,2058.75,2058.75,0
2024-04-30 12:44:00,2058.75,2058.75,2055.0,2055.05,235
2024-04-30 12:45:00,2055.05,2055.1,2055.0,2055.0,121
2024-04-30 12:46:00,2055.0,2055.05,2055.0,2055.0,18
2024-04-30 12:47:00,2055.0,2055.55,2054.0,2055.55,13
2024-04-30 12:48:00,2055.55,2056.9,2055.55,2056.9,74
2024-04-30 12:49:00,2056.9,2056.9,2056.5,2056.5,20
2024-04-30 12:50:00,2056.5,2056.5,2056.5,2056.5,0
2024-04-30 12:51:00,2056.5,2057.65,2056.5,2057.65,37
2024-04-30 12:52:00,2057.65,2057.65,2057.65,2057.65,0
2024-04-30 12:53:00,2057.65,2057.95,2057.65,2057.95,1
2024-04-30 12:54:00,2057.65,2058.1,2057.65,2058.1,25
2024-04-30 12:55:00,2058.1,2058.1,2057.15,2057.15,4
2024-04-30 12:56:00,2057.15,2058.6,2057.15,2058.6,1
2024-04-30 12:57:00,2058.6,2058.7,2058.6,2058.7,1
2024-04-30 12:58:00,2057.1,2058.35,2056.55,2058.2,15
2024-04-30 12:59:00,2058.2,2058.35,2058.2,2058.25,13
2024-04-30 13:00:00,2058.4,2058.6,2058.4,2058.55,6
2024-04-30 13:01:00,2058.55,2058.95,2058.55,2058.7,15
2024-04-30 13:02:00,2058.7,2058.7,2056.6,2058.55,31
2024-04-30 13:03:00,2058.55,2058.7,2058.0,2058.0,14
2024-04-30 13:04:00,2058.0,2058.0,2057.05,2057.05,10
2024-04-30 13:05:00,2056.5,2056.5,2055.95,2055.95,67
2024-04-30 13:06:00,2055.95,2057.5,2055.45,2055.45,26
2024-04-30 13:07:00,2055.45,2057.95,2055.45,2057.75,77
2024-04-30 13:08:00,2055.25,2055.25,2055.25,2055.25,32
2024-04-30 13:09:00,2056.25,2056.25,2053.25,2053.25,103
2024-04-30 13:10:00,2054.95,2054.95,2053.5,2053.5,3
2024-04-30 13:11:00,2053.5,2054.9,2053.5,2054.9,9
2024-04-30 13:12:00,2054.9,2054.9,2054.85,2054.9,13
2024-04-30 13:13:00,2054.9,2054.95,2053.25,2053.25,42
2024-04-30 13:14:00,2053.25,2054.55,2053.0,2054.55,6
2024-04-30 13:15:00,2054.55,2054.95,2053.0,2053.0,61
2024-04-30 13:16:00,2053.0,2054.8,2053.0,2054.8,32
2024-04-30 13:17:00,2054.9,2054.95,2054.0,2054.95,43
2024-04-30 13:18:00,2054.95,2054.95,2054.9,2054.9,2
2024-04-30 13:19:00,2054.9,2054.9,2053.1,2054.9,7
2024-04-30 13:20:00,2054.9,2054.9,2053.35,2053.4,53
2024-04-30 13:21:00,2053.4,2053.4,2053.4,2053.4,0
2024-04-30 13:22:00,2053.4,2053.4,2053.4,2053.4,0
2024-04-30 13:23:00,2053.4,2053.95,2053.4,2053.95,28
2024-04-30 13:24:00,2053.95,2055.0,2053.95,2055.0,30
2024-04-30 13:25:00,2055.0,2055.0,2055.0,2055.0,0
2024-04-30 13:26:00,2055.0,2055.0,2055.0,2055.0,0
2024-04-30 13:27:00,2055.0,2057.65,2055.0,2055.15,12
2024-04-30 13:28:00,2055.15,2057.5,2055.0,2057.5,48
2024-04-30 13:29:00,2057.5,2057.5,2057.45,2057.45,3
2024-04-30 13:30:00,2057.45,2057.45,2055.0,2056.9,35
2024-04-30 13:31:00,2056.9,2056.9,2056.9,2056.9,0
2024-04-30 13:32:00,2055.05,2055.05,2055.05,2055.05,75
2024-04-30 13:33:00,2055.05,2055.15,2055.05,2055.1,3
2024-04-30 13:34:00,2055.1,2057.0,2054.0,2057.0,556
2024-04-30 13:35:00,2057.0,2057.5,2057.0,2057.5,10
2024-04-30 13:36:00,2057.5,2057.5,2057.5,2057.5,1
2024-04-30 13:37:00,2057.0,2057.0,2055.1,2055.1,119
2024-04-30 13:38:00,2055.1,2056.8,2055.1,2056.8,2
2024-04-30 13:39:00,2056.8,2056.8,2056.8,2056.8,0
2024-04-30 13:40:00,2055.05,2056.8,2055.05,2056.8,8
2024-04-30 13:41:00,2056.8,2056.8,2056.8,2056.8,0
2024-04-30 13:42:00,2056.8,2056.95,2055.05,2056.9,82
2024-04-30 13:43:00,2056.9,2056.9,2056.9,2056.9,0
2024-04-30 13:44:00,2056.9,2056.9,2056.9,2056.9,9
2024-04-30 13:45:00,2056.9,2057.5,2056.9,2057.5,31
2024-04-30 13:46:00,2057.5,2057.5,2055.05,2055.05,80
2024-04-30 13:47:00,2055.05,2057.5,2055.05,2057.5,18
2024-04-30 13:48:00,2057.5,2057.85,2057.5,2057.85,7
2024-04-30 13:49:00,2057.85,2057.85,2057.8,2057.8,8
2024-04-30 13:50:00,2057.8,2058.0,2056.7,2056.7,182
2024-04-30 13:51:00,2056.7,2056.7,2054.9,2054.9,56
2024-04-30 13:52:00,2054.9,2056.25,2054.15,2054.15,22
2024-04-30 13:53:00,2053.0,2053.15,2053.0,2053.15,120
2024-04-30 13:54:00,2053.15,2054.75,2053.15,2053.15,19
2024-04-30 13:55:00,2053.15,2053.95,2053.1,2053.5,34
2024-04-30 13:56:00,2053.5,2055.15,2053.15,2053.15,19
2024-04-30 13:57:00,2053.15,2053.25,2053.05,2053.15,30
2024-04-30 13:58:00,2053.15,2054.85,2053.15,2054.85,21
2024-04-30 13:59:00,2054.85,2054.9,2053.15,2054.0,105
2024-04-30 14:00:00,2054.0,2054.0,2053.15,2053.15,20
2024-04-30 14:01:00,2053.15,2053.55,2053.15,2053.15,19
2024-04-30 14:02:00,2054.0,2054.0,2053.15,2053.15,46
2024-04-30 14:03:00,2053.15,2054.0,2052.9,2052.9,126
2024-04-30 14:04:00,2052.9,2053.1,2052.0,2052.0,25
2024-04-30 14:05:00,2052.0,2052.65,2051.3,2052.65,41
2024-04-30 14:06:00,2052.65,2052.65,2051.3,2051.35,19
2024-04-30 14:07:00,2052.7,2052.7,2051.3,2051.3,49
2024-04-30 14:08:00,2051.3,2052.9,2051.3,2052.9,25
2024-04-30 14:09:00,2052.9,2052.9,2050.0,2050.0,418
2024-04-30 14:10:00,2050.0,2050.0,2045.0,2047.85,1101
2024-04-30 14:11:00,2047.85,2047.9,2046.0,2046.0,184
2024-04-30 14:12:00,2046.0,2048.75,2046.0,2048.75,36
2024-04-30 14:13:00,2048.75,2048.75,2046.05,2046.05,70
2024-04-30 14:14:00,2046.05,2050.0,2046.0,2050.0,55
2024-04-30 14:15:00,2050.0,2050.05,2045.8,2045.8,341
2024-04-30 14:16:00,2045.8,2047.05,2045.1,2045.8,145
2024-04-30 14:17:00,2045.8,2047.05,2045.8,2046.65,94
2024-04-30 14:18:00,2046.65,2047.05,2046.0,2046.0,48
2024-04-30 14:19:00,2046.0,2047.05,2046.0,2046.4,24
2024-04-30 14:20:00,2046.4,2046.8,2046.0,2046.8,36
2024-04-30 14:21:00,2046.8,2046.8,2045.2,2045.2,82
2024-04-30 14:22:00,2045.2,2046.0,2045.0,2045.95,83
2024-04-30 14:23:00,2045.95,2045.95,2045.0,2045.0,85
2024-04-30 14:24:00,2045.0,2045.9,2045.0,2045.0,64
2024-04-30 14:25:00,2045.0,2046.0,2045.0,2045.05,77
2024-04-30 14:26:00,2045.0,2045.0,2044.0,2044.0,222
2024-04-30 14:27:00,2043.85,2044.05,2043.0,2044.05,125
2024-04-30 14:28:00,2044.05,2044.05,2042.05,2042.05,43
2024-04-30 14:29:00,2042.05,2044.55,2039.95,2043.0,1863
2024-04-30 14:30:00,2043.0,2044.35,2043.0,2044.35,22
2024-04-30 14:31:00,2044.35,2044.9,2043.35,2044.9,13
2024-04-30 14:32:00,2044.9,2045.35,2044.9,2045.35,5
2024-04-30 14:33:00,2045.35,2045.35,2043.0,2043.0,41
2024-04-30 14:34:00,2043.0,2045.95,2042.1,2045.3,107
2024-04-30 14:35:00,2045.3,2045.3,2043.2,2045.3,17
2024-04-30 14:36:00,2045.3,2046.15,2043.35,2043.65,50
2024-04-30 14:37:00,2043.65,2045.65,2043.65,2044.9,2
2024-04-30 14:38:00,2043.3,2044.85,2043.0,2043.0,52
2024-04-30 14:39:00,2043.0,2043.0,2042.6,2043.0,19
2024-04-30 14:40:00,2043.0,2046.95,2043.0,2046.95,171
2024-04-30 14:41:00,2046.95,2047.05,2046.15,2047.0,68
2024-04-30 14:42:00,2047.0,2047.0,2044.95,2045.0,9
2024-04-30 14:43:00,2045.0,2045.0,2045.0,2045.0,10
2024-04-30 14:44:00,2045.0,2045.65,2043.0,2043.0,147
2024-04-30 14:45:00,2043.0,2045.0,2043.0,2044.85,10
2024-04-30 14:46:00,2044.85,2045.75,2044.85,2045.75,25
2024-04-30 14:47:00,2045.75,2046.0,2045.7,2046.0,15
2024-04-30 14:48:00,2046.0,2046.0,2043.9,2044.05,81
2024-04-30 14:49:00,2044.05,2044.5,2043.95,2044.5,19
2024-04-30 14:50:00,2044.5,2045.1,2040.0,2042.85,443
2024-04-30 14:51:00,2042.85,2042.85,2041.4,2041.4,2
2024-04-30 14:52:00,2041.4,2043.35,2041.4,2043.3,3
2024-04-30 14:53:00,2043.3,2043.65,2043.3,2043.65,31
2024-04-30 14:54:00,2043.65,2045.4,2042.55,2045.4,108
2024-04-30 14:55:00,2045.4,2045.4,2042.9,2044.95,16
2024-04-30 14:56:00,2044.95,2044.95,2042.6,2042.6,28
2024-04-30 14:57:00,2043.9,2043.95,2042.55,2042.55,16
2024-04-30 14:58:00,2042.55,2042.55,2042.0,2042.0,54
2024-04-30 14:59:00,2042.0,2042.9,2042.0,2042.9,28
2024-04-30 15:00:00,2042.9,2043.0,2042.0,2042.85,30
2024-04-30 15:01:00,2042.85,2043.6,2040.8,2040.8,118
2024-04-30 15:02:00,2040.8,2042.85,2040.8,2042.85,50
2024-04-30 15:03:00,2042.85,2043.35,2041.1,2043.35,50
2024-04-30 15:04:00,2043.35,2043.6,2043.35,2043.6,39
2024-04-30 15:05:00,2043.6,2045.0,2041.9,2045.0,72
2024-04-30 15:06:00,2045.0,2047.0,2045.0,2045.95,89
2024-04-30 15:07:00,2045.95,2047.05,2045.95,2046.85,82
2024-04-30 15:08:00,2047.0,2047.2,2045.1,2047.2,792
2024-04-30 15:09:00,2047.2,2048.9,2046.05,2048.85,157
2024-04-30 15:10:00,2048.85,2049.5,2048.15,2049.0,26
2024-04-30 15:11:00,2049.0,2049.0,2047.5,2048.0,47
2024-04-30 15:12:00,2048.0,2049.0,2046.05,2049.0,80
2024-04-30 15:13:00,2049.0,2049.55,2046.15,2047.05,137
2024-04-30 15:14:00,2047.05,2048.4,2045.6,2047.85,114
2024-04-30 15:15:00,2047.85,2048.0,2044.7,2047.7,169
2024-04-30 15:16:00,2047.7,2047.7,2046.5,2046.6,41
2024-04-30 15:17:00,2046.6,2047.7,2046.6,2047.6,65
2024-04-30 15:18:00,2047.6,2047.6,2043.05,2043.55,90
2024-04-30 15:19:00,2043.55,2045.3,2043.55,2045.25,36
2024-04-30 15:20:00,2045.25,2046.95,2043.0,2045.9,405
2024-04-30 15:21:00,2045.9,2045.9,2044.0,2044.35,64
2024-04-30 15:22:00,2045.3,2045.3,2044.0,2044.25,324
2024-04-30 15:23:00,2044.25,2044.4,2040.75,2042.0,238
2024-04-30 15:24:00,2042.0,2043.55,2041.4,2043.5,58
2024-04-30 15:25:00,2043.5,2044.55,2043.2,2043.95,65
2024-04-30 15:26:00,2043.95,2044.0,2042.0,2044.0,108
2024-04-30 15:27:00,2044.0,2047.6,2040.0,2040.0,391
2024-04-30 15:28:00,2047.55,2047.55,2040.0,2046.95,399
2024-04-30 15:29:00,2046.95,2046.95,2040.0,2040.65,45
2024-05-02 09:15:00,2020.0,2043.95,2019.95,2039.85,400
2024-05-02 09:16:00,2039.85,2039.85,2036.0,2037.05,316
2024-05-02 09:17:00,2037.05,2039.0,2036.0,2037.0,174
2024-05-02 09:18:00,2038.95,2040.0,2034.05,2039.85,402
2024-05-02 09:19:00,2039.85,2046.25,2038.75,2042.45,496
2024-05-02 09:20:00,2042.45,2047.15,2042.45,2043.75,130
2024-05-02 09:21:00,2043.75,2047.15,2032.55,2034.35,851
2024-05-02 09:22:00,2034.35,2037.3,2032.3,2037.05,95
2024-05-02 09:23:00,2037.05,2039.75,2037.05,2037.05,72
2024-05-02 09:24:00,2037.05,2037.05,2034.5,2037.0,40
2024-05-02 09:25:00,2037.0,2037.65,2033.4,2035.25,196
2024-05-02 09:26:00,2035.25,2038.0,2035.25,2038.0,22
2024-05-02 09:27:00,2038.0,2038.0,2034.0,2035.95,28
2024-05-02 09:28:00,2035.9,2036.6,2033.0,2036.45,60
2024-05-02 09:29:00,2036.45,2036.6,2034.0,2036.15,104
2024-05-02 09:30:00,2036.15,2036.6,2033.35,2036.6,86
2024-05-02 09:31:00,2036.6,2036.6,2033.0,2035.5,250
2024-05-02 09:32:00,2035.5,2035.5,2031.9,2033.65,101
2024-05-02 09:33:00,2033.65,2033.65,2033.65,2033.65,3
2024-05-02 09:34:00,2033.65,2034.7,2033.05,2034.7,21
2024-05-02 09:35:00,2034.7,2034.7,2031.3,2032.75,81
2024-05-02 09:36:00,2032.5,2032.5,2031.0,2032.1,36
2024-05-02 09:37:00,2032.1,2032.1,2030.7,2032.0,33
2024-05-02 09:38:00,2032.0,2032.0,2032.0,2032.0,7
2024-05-02 09:39:00,2032.0,2032.0,2030.1,2031.05,124
2024-05-02 09:40:00,2031.05,2032.0,2029.2,2030.85,174
2024-05-02 09:41:00,2030.85,2030.85,2029.2,2029.2,13
2024-05-02 09:42:00,2030.0,2030.05,2028.5,2030.05,101
2024-05-02 09:43:00,2030.05,2031.6,2028.5,2031.6,67
2024-05-02 09:44:00,2031.85,2031.85,2030.5,2031.6,4
2024-05-02 09:45:00,2031.6,2032.35,2031.6,2032.35,19
2024-05-02 09:46:00,2031.6,2031.65,2028.5,2028.5,138
2024-05-02 09:47:00,2030.05,2030.8,2028.5,2030.65,69
2024-05-02 09:48:00,2030.65,2030.65,2027.2,2029.15,132
2024-05-02 09:49:00,2029.15,2029.2,2028.0,2028.0,28
2024-05-02 09:50:00,2028.0,2029.15,2028.0,2029.0,10
2024-05-02 09:51:00,2029.0,2029.2,2027.1,2028.65,46
2024-05-02 09:52:00,2028.65,2029.5,2028.05,2029.5,3
2024-05-02 09:53:00,2028.15,2029.05,2027.0,2028.6,84
2024-05-02 09:54:00,2028.6,2034.1,2028.6,2032.4,320
2024-05-02 09:55:00,2032.4,2034.95,2032.4,2034.95,12
2024-05-02 09:56:00,2034.95,2035.0,2031.95,2031.95,30
2024-05-02 09:57:00,2031.95,2032.6,2031.95,2032.6,2
2024-05-02 09:58:00,2032.6,2032.6,2027.55,2028.9,407
2024-05-02 09:59:00,2028.9,2028.9,2027.0,2027.0,19
2024-05-02 10:00:00,2027.0,2029.75,2027.0,2029.75,22
2024-05-02 10:01:00,2029.75,2029.75,2028.95,2029.0,14
2024-05-02 10:02:00,2029.0,2029.0,2025.5,2027.2,193
2024-05-02 10:03:00,2027.15,2027.25,2026.8,2026.8,6
2024-05-02 10:04:00,2026.8,2027.6,2025.0,2027.05,51
2024-05-02 10:05:00,2026.0,2026.0,2022.3,2022.95,256
2024-05-02 10:06:00,2024.0,2027.0,2024.0,2025.85,115
2024-05-02 10:07:00,2025.85,2027.0,2025.85,2025.85,23
2024-05-02 10:08:00,2025.85,2026.95,2025.85,2025.85,15
2024-05-02 10:09:00,2025.85,2027.0,2025.85,2027.0,9
2024-05-02 10:10:00,2027.0,2029.0,2027.0,2029.0,83
2024-05-02 10:11:00,2029.0,2029.0,2027.1,2027.1,39
2024-05-02 10:12:00,2027.1,2028.9,2024.0,2024.0,456
2024-05-02 10:13:00,2024.0,2025.0,2024.0,2024.0,31
2024-05-02 10:14:00,2024.0,2026.5,2024.0,2026.05,265
2024-05-02 10:15:00,2024.0,2025.75,2024.0,2025.75,16
2024-05-02 10:16:00,2025.75,2025.9,2025.75,2025.9,2
2024-05-02 10:17:00,2025.9,2026.1,2024.15,2025.9,10
2024-05-02 10:18:00,2025.9,2026.45,2025.0,2026.45,4
2024-05-02 10:19:00,2026.45,2026.45,2022.9,2025.35,361
2024-05-02 10:20:00,2025.35,2025.85,2025.3,2025.85,14
2024-05-02 10:21:00,2025.85,2025.85,2023.0,2023.0,5
2024-05-02 10:22:00,2023.0,2024.0,2023.0,2023.0,118
2024-05-02 10:23:00,2023.0,2024.0,2023.0,2024.0,12
2024-05-02 10:24:00,2024.0,2024.0,2023.0,2023.0,80
2024-05-02 10:25:00,2022.9,2023.85,2022.9,2023.85,39
2024-05-02 10:26:00,2023.85,2024.0,2023.05,2024.0,23
2024-05-02 10:27:00,2024.0,2024.0,2024.0,2024.0,166
2024-05-02 10:28:00,2024.0,2024.65,2024.0,2024.65,216
2024-05-02 10:29:00,2024.65,2026.0,2024.65,2024.7,15
2024-05-02 10:30:00,2024.7,2028.15,2024.7,2028.15,20
2024-05-02 10:31:00,2028.15,2028.6,2028.0,2028.0,9
2024-05-02 10:32:00,2028.0,2029.0,2028.0,2028.9,39
2024-05-02 10:33:00,2028.9,2028.9,2024.0,2026.65,277
2024-05-02 10:34:00,2026.65,2026.65,2026.65,2026.65,18
2024-05-02 10:35:00,2026.65,2027.55,2026.65,2027.55,21
2024-05-02 10:36:00,2027.55,2027.55,2026.2,2027.5,6
2024-05-02 10:37:00,2027.5,2027.5,2027.5,2027.5,5
2024-05-02 10:38:00,2027.5,2027.65,2027.5,2027.65,15
2024-05-02 10:39:00,2027.95,2028.6,2026.15,2026.15,89
2024-05-02 10:40:00,2026.15,2027.9,2026.15,2027.9,3
2024-05-02 10:41:00,2027.9,2028.25,2027.9,2028.25,38
2024-05-02 10:42:00,2028.15,2028.55,2028.1,2028.55,112
2024-05-02 10:43:00,2028.5,2028.5,2027.0,2028.3,18
2024-05-02 10:44:00,2028.3,2028.3,2026.35,2026.35,1
2024-05-02 10:45:00,2026.4,2028.4,2026.4,2028.4,31
2024-05-02 10:46:00,2028.35,2029.25,2028.35,2028.4,36
2024-05-02 10:47:00,2028.4,2030.6,2028.4,2030.0,107
2024-05-02 10:48:00,2030.0,2031.8,2030.0,2031.8,25
2024-05-02 10:49:00,2031.8,2031.95,2029.65,2031.45,41
2024-05-02 10:50:00,2031.45,2031.9,2029.2,2029.2,47
2024-05-02 10:51:00,2029.2,2029.2,2027.85,2028.4,105
2024-05-02 10:52:00,2028.4,2028.95,2028.4,2028.95,2
2024-05-02 10:53:00,2028.95,2028.95,2028.95,2028.95,4
2024-05-02 10:54:00,2028.95,2028.95,2028.95,2028.95,0
2024-05-02 10:55:00,2028.95,2030.2,2028.05,2030.2,14
2024-05-02 10:56:00,2030.25,2030.25,2029.95,2029.95,12
2024-05-02 10:57:00,2029.95,2032.0,2029.95,2031.9,116
2024-05-02 10:58:00,2031.9,2031.95,2031.9,2031.95,12
2024-05-02 10:59:00,2031.95,2031.95,2029.9,2029.9,13
2024-05-02 11:00:00,2031.9,2031.9,2027.05,2030.25,162
2024-05-02 11:01:00,2030.25,2030.25,2027.85,2029.85,23
2024-05-02 11:02:00,2029.85,2029.85,2028.05,2029.65,50
2024-05-02 11:03:00,2029.65,2029.65,2027.05,2027.05,76
2024-05-02 11:04:00,2027.05,2030.15,2027.05,2030.0,34
2024-05-02 11:05:00,2030.0,2030.0,2027.2,2029.45,29
2024-05-02 11:06:00,2029.45,2029.95,2027.05,2027.05,9
2024-05-02 11:07:00,2027.05,2029.85,2027.05,2027.8,15
2024-05-02 11:08:00,2027.8,2029.9,2027.25,2029.45,68
2024-05-02 11:09:00,2029.45,2029.45,2029.05,2029.05,16
2024-05-02 11:10:00,2029.05,2029.35,2027.05,2027.4,22
2024-05-02 11:11:00,2027.4,2027.4,2027.4,2027.4,5
2024-05-02 11:12:00,2027.4,2027.45,2027.4,2027.45,8
2024-05-02 11:13:00,2029.05,2029.5,2029.05,2029.5,14
2024-05-02 11:14:00,2029.5,2029.5,2027.7,2029.0,13
2024-05-02 11:15:00,2029.0,2029.0,2027.45,2029.0,19
2024-05-02 11:16:00,2029.0,2029.25,2027.5,2027.5,3
2024-05-02 11:17:00,2027.5,2029.05,2027.0,2029.05,37
2024-05-02 11:18:00,2029.05,2029.65,2028.85,2028.85,28
2024-05-02 11:19:00,2028.45,2028.45,2026.5,2027.85,114
2024-05-02 11:20:00,2027.85,2028.0,2027.85,2028.0,7
2024-05-02 11:21:00,2028.0,2028.0,2028.0,2028.0,50
2024-05-02 11:22:00,2028.0,2028.0,2026.4,2028.0,9
2024-05-02 11:23:00,2028.0,2028.9,2026.15,2026.55,21
2024-05-02 11:24:00,2026.55,2028.2,2025.3,2025.3,151
2024-05-02 11:25:00,2025.3,2027.0,2025.3,2026.9,45
2024-05-02 11:26:00,2026.9,2027.0,2025.3,2027.0,5
2024-05-02 11:27:00,2027.0,2027.25,2026.0,2027.25,8
2024-05-02 11:28:00,2027.25,2027.4,2025.05,2025.05,16
2024-05-02 11:29:00,2025.05,2027.0,2025.05,2027.0,32
2024-05-02 11:30:00,2027.0,2027.55,2025.0,2025.05,101
2024-05-02 11:31:00,2025.05,2028.7,2025.05,2028.65,102
2024-05-02 11:32:00,2028.65,2028.65,2025.45,2028.55,40
2024-05-02 11:33:00,2028.65,2028.65,2027.0,2027.0,10
2024-05-02 11:34:00,2027.0,2027.6,2025.0,2027.0,166
2024-05-02 11:35:00,2027.0,2027.0,2026.9,2027.0,8
2024-05-02 11:36:00,2027.0,2027.65,2027.0,2027.15,51
2024-05-02 11:37:00,2027.15,2027.15,2027.1,2027.1,21
2024-05-02 11:38:00,2027.1,2027.1,2025.65,2025.65,84
2024-05-02 11:39:00,2025.65,2027.25,2025.15,2027.25,40
2024-05-02 11:40:00,2027.25,2027.5,2025.6,2025.6,6
2024-05-02 11:41:00,2027.4,2027.7,2027.4,2027.5,27
2024-05-02 11:42:00,2027.5,2027.5,2025.65,2025.65,4
2024-05-02 11:43:00,2025.65,2027.45,2025.65,2027.45,2
2024-05-02 11:44:00,2027.45,2027.45,2027.45,2027.45,1
2024-05-02 11:45:00,2027.45,2027.45,2026.05,2027.45,27
2024-05-02 11:46:00,2027.45,2027.45,2026.0,2026.0,17
2024-05-02 11:47:00,2026.0,2027.55,2026.0,2027.55,2
2024-05-02 11:48:00,2027.55,2027.85,2026.1,2027.85,16
2024-05-02 11:49:00,2027.85,2028.65,2027.1,2027.1,34
2024-05-02 11:50:00,2027.1,2029.4,2027.05,2027.05,81
2024-05-02 11:51:00,2027.05,2028.35,2025.65,2025.65,33
2024-05-02 11:52:00,2025.65,2028.2,2025.65,2028.2,28
2024-05-02 11:53:00,2028.2,2028.2,2028.05,2028.15,5
2024-05-02 11:54:00,2028.15,2028.35,2028.15,2028.35,3
2024-05-02 11:55:00,2028.35,2028.4,2028.35,2028.4,1
2024-05-02 11:56:00,2028.4,2028.65,2025.6,2025.6,122
2024-05-02 11:57:00,2025.6,2028.15,2025.6,2028.15,7
2024-05-02 11:58:00,2028.15,2029.05,2028.15,2029.05,30
2024-05-02 11:59:00,2029.05,2029.5,2027.55,2027.65,24
2024-05-02 12:00:00,2027.65,2029.25,2027.65,2029.25,16
2024-05-02 12:01:00,2029.25,2029.25,2029.25,2029.25,4
2024-05-02 12:02:00,2029.25,2029.8,2029.25,2029.8,11
2024-05-02 12:03:00,2029.8,2029.9,2029.0,2029.0,12
2024-05-02 12:04:00,2029.0,2029.9,2029.0,2029.9,1
2024-05-02 12:05:00,2029.9,2029.9,2029.9,2029.9,0
2024-05-02 12:06:00,2029.9,2029.9,2029.9,2029.9,10
2024-05-02 12:07:00,2029.9,2029.9,2029.0,2029.0,6
2024-05-02 12:08:00,2029.0,2029.0,2029.0,2029.0,0
2024-05-02 12:09:00,2029.0,2029.95,2028.75,2029.95,32
2024-05-02 12:10:00,2029.95,2029.95,2029.0,2029.85,20
2024-05-02 12:11:00,2029.85,2029.95,2028.2,2028.2,23
2024-05-02 12:12:00,2028.2,2029.9,2028.2,2029.9,2
2024-05-02 12:13:00,2029.9,2029.95,2029.9,2029.95,75
2024-05-02 12:14:00,2029.95,2031.85,2029.95,2031.85,102
2024-05-02 12:15:00,2031.85,2031.85,2031.0,2031.0,3
2024-05-02 12:16:00,2031.0,2031.1,2031.0,2031.1,2
2024-05-02 12:17:00,2031.1,2031.6,2029.35,2029.35,40
2024-05-02 12:18:00,2029.35,2031.45,2029.35,2029.45,3
2024-05-02 12:19:00,2029.45,2029.45,2027.25,2029.4,40
2024-05-02 12:20:00,2029.4,2029.4,2029.4,2029.4,0
2024-05-02 12:21:00,2029.4,2029.4,2026.55,2026.55,15
2024-05-02 12:22:00,2026.55,2028.35,2026.55,2028.35,95
2024-05-02 12:23:00,2028.35,2029.4,2028.35,2029.35,2
2024-05-02 12:24:00,2029.35,2029.35,2026.2,2028.5,32
2024-05-02 12:25:00,2028.5,2028.5,2028.4,2028.4,13
2024-05-02 12:26:00,2028.4,2028.9,2028.4,2028.9,1
2024-05-02 12:27:00,2028.9,2029.25,2028.9,2028.9,28
2024-05-02 12:28:00,2028.9,2029.25,2027.2,2029.15,7
2024-05-02 12:29:00,2029.15,2029.15,2027.0,2027.0,12
2024-05-02 12:30:00,2027.0,2029.3,2027.0,2029.3,11
2024-05-02 12:31:00,2029.3,2029.3,2029.3,2029.3,11
2024-05-02 12:32:00,2029.3,2029.35,2028.0,2029.35,16
2024-05-02 12:33:00,2029.35,2029.35,2029.35,2029.35,24
2024-05-02 12:34:00,2029.35,2029.35,2028.0,2028.0,10
2024-05-02 12:35:00,2028.0,2028.0,2028.0,2028.0,0
2024-05-02 12:36:00,2028.0,2029.35,2028.0,2029.35,74
2024-05-02 12:37:00,2029.35,2029.35,2029.35,2029.35,1
2024-05-02 12:38:00,2029.35,2029.35,2028.0,2028.0,29
2024-05-02 12:39:00,2028.0,2028.0,2026.0,2027.65,27
2024-05-02 12:40:00,2027.65,2027.75,2025.05,2025.2,186
2024-05-02 12:41:00,2025.2,2027.25,2025.0,2027.25,36
2024-05-02 12:42:00,2027.25,2028.0,2025.0,2028.0,63
2024-05-02 12:43:00,2028.0,2028.0,2025.85,2025.85,30
2024-05-02 12:44:00,2025.85,2028.0,2025.85,2028.0,25
2024-05-02 12:45:00,2028.0,2028.0,2028.0,2028.0,22
2024-05-02 12:46:00,2028.0,2028.0,2027.75,2027.75,11
2024-05-02 12:47:00,2027.75,2028.0,2027.7,2028.0,16
2024-05-02 12:48:00,2028.0,2028.0,2028.0,2028.0,36
2024-05-02 12:49:00,2028.0,2029.4,2027.0,2029.4,16
2024-05-02 12:50:00,2029.4,2029.4,2027.0,2027.4,179
2024-05-02 12:51:00,2027.4,2029.85,2027.4,2029.85,7
2024-05-02 12:52:00,2029.85,2030.3,2029.85,2030.3,18
2024-05-02 12:53:00,2030.3,2030.3,2027.25,2027.25,51
2024-05-02 12:54:00,2027.25,2029.85,2027.25,2029.85,1
2024-05-02 12:55:00,2029.85,2029.85,2029.7,2029.7,1
2024-05-02 12:56:00,2029.7,2029.7,2027.45,2027.45,1
2024-05-02 12:57:00,2027.45,2029.85,2027.25,2027.75,32
2024-05-02 12:58:00,2027.75,2027.75,2027.75,2027.75,0
2024-05-02 12:59:00,2027.75,2028.6,2027.75,2028.6,5
2024-05-02 13:00:00,2028.6,2028.6,2028.6,2028.6,10
2024-05-02 13:01:00,2028.6,2030.65,2028.6,2028.6,30
2024-05-02 13:02:00,2028.6,2030.65,2028.6,2028.65,9
2024-05-02 13:03:00,2028.65,2030.55,2028.65,2030.55,5
2024-05-02 13:04:00,2030.9,2030.9,2028.65,2028.65,33
2024-05-02 13:05:00,2028.65,2030.95,2028.65,2030.95,7
2024-05-02 13:06:00,2030.95,2031.4,2030.95,2031.35,8
2024-05-02 13:07:00,2031.35,2031.35,2030.0,2031.15,9
2024-05-02 13:08:00,2031.15,2031.35,2031.15,2031.35,5
2024-05-02 13:09:00,2031.35,2031.35,2031.3,2031.3,3
2024-05-02 13:10:00,2031.3,2031.3,2030.1,2030.1,4
2024-05-02 13:11:00,2030.1,2031.3,2029.6,2029.6,16
2024-05-02 13:12:00,2029.6,2029.6,2028.7,2028.7,45
2024-05-02 13:13:00,2028.7,2029.85,2028.65,2028.65,7
2024-05-02 13:14:00,2028.65,2029.85,2028.65,2029.85,1
2024-05-02 13:15:00,2029.85,2030.0,2028.05,2030.0,56
2024-05-02 13:16:00,2030.0,2030.95,2030.0,2030.95,100
2024-05-02 13:17:00,2030.95,2030.95,2028.0,2028.0,52
2024-05-02 13:18:00,2028.0,2030.6,2028.0,2028.35,19
2024-05-02 13:19:00,2030.3,2030.3,2030.3,2030.3,5
2024-05-02 13:20:00,2030.3,2030.3,2028.15,2030.05,17
2024-05-02 13:21:00,2030.05,2030.25,2030.05,2030.05,3
2024-05-02 13:22:00,2030.05,2030.3,2030.05,2030.3,11
2024-05-02 13:23:00,2030.3,2030.3,2030.3,2030.3,4
2024-05-02 13:24:00,2030.3,2031.3,2030.3,2031.3,57
2024-05-02 13:25:00,2031.3,2031.3,2031.3,2031.3,1
2024-05-02 13:26:00,2031.3,2031.3,2030.0,2030.0,2
2024-05-02 13:27:00,2030.0,2031.0,2028.55,2029.05,25
2024-05-02 13:28:00,2029.05,2030.0,2028.35,2029.1,10
2024-05-02 13:29:00,2029.1,2031.0,2028.2,2028.2,24
2024-05-02 13:30:00,2028.2,2030.2,2027.45,2027.45,16
2024-05-02 13:31:00,2027.45,2030.55,2027.35,2030.55,174
2024-05-02 13:32:00,2030.0,2031.0,2029.75,2029.75,100
2024-05-02 13:33:00,2029.75,2031.0,2028.45,2028.45,13
2024-05-02 13:34:00,2028.45,2029.5,2027.4,2029.5,85
2024-05-02 13:35:00,2029.5,2029.5,2027.0,2027.0,57
2024-05-02 13:36:00,2027.0,2029.3,2027.0,2027.15,28
2024-05-02 13:37:00,2027.15,2029.6,2027.05,2027.35,21
2024-05-02 13:38:00,2027.35,2029.55,2026.55,2027.6,74
2024-05-02 13:39:00,2027.6,2029.4,2026.0,2026.0,38
2024-05-02 13:40:00,2026.0,2026.0,2026.0,2026.0,10
2024-05-02 13:41:00,2026.0,2028.0,2026.0,2026.05,19
2024-05-02 13:42:00,2026.05,2028.0,2026.05,2026.15,11
2024-05-02 13:43:00,2026.15,2028.0,2026.15,2026.15,24
2024-05-02 13:44:00,2026.15,2026.2,2026.15,2026.15,10
2024-05-02 13:45:00,2026.15,2026.15,2026.15,2026.15,16
2024-05-02 13:46:00,2026.15,2026.15,2026.15,2026.15,5
2024-05-02 13:47:00,2026.15,2028.1,2026.15,2026.15,24
2024-05-02 13:48:00,2026.15,2028.1,2026.15,2026.15,16
2024-05-02 13:49:00,2026.15,2029.0,2026.15,2026.8,9
2024-05-02 13:50:00,2026.8,2028.85,2026.2,2028.85,22
2024-05-02 13:51:00,2028.85,2029.2,2026.4,2029.2,42
2024-05-02 13:52:00,2026.9,2029.35,2026.9,2027.05,12
2024-05-02 13:53:00,2027.05,2027.1,2027.0,2027.05,5
2024-05-02 13:54:00,2027.05,2029.15,2027.05,2028.95,20
2024-05-02 13:55:00,2028.95,2028.95,2027.0,2028.65,24
2024-05-02 13:56:00,2028.65,2028.9,2026.3,2027.2,49
2024-05-02 13:57:00,2027.2,2027.2,2024.0,2026.0,544
2024-05-02 13:58:00,2026.0,2026.0,2023.2,2024.3,11
2024-05-02 13:59:00,2024.3,2026.2,2024.1,2024.25,7
2024-05-02 14:00:00,2024.25,2026.55,2024.0,2024.0,71
2024-05-02 14:01:00,2024.0,2027.55,2024.0,2027.55,23
2024-05-02 14:02:00,2027.55,2027.8,2025.45,2025.55,10
2024-05-02 14:03:00,2025.5,2025.5,2024.7,2025.0,51
2024-05-02 14:04:00,2025.0,2026.8,2024.75,2024.75,38
2024-05-02 14:05:00,2024.75,2026.95,2024.75,2025.15,9
2024-05-02 14:06:00,2025.15,2025.15,2025.05,2025.1,9
2024-05-02 14:07:00,2025.2,2027.8,2025.2,2026.2,60
2024-05-02 14:08:00,2028.1,2028.3,2025.7,2026.15,8
2024-05-02 14:09:00,2026.15,2028.3,2026.15,2026.25,18
2024-05-02 14:10:00,2026.25,2028.0,2026.2,2027.0,11
2024-05-02 14:11:00,2027.0,2028.3,2025.25,2025.25,132
2024-05-02 14:12:00,2025.25,2027.5,2024.95,2025.6,88
2024-05-02 14:13:00,2025.6,2027.25,2025.25,2025.25,18
2024-05-02 14:14:00,2025.2,2027.2,2024.9,2025.1,22
2024-05-02 14:15:00,2025.1,2025.1,2024.6,2024.6,37
2024-05-02 14:16:00,2024.6,2024.65,2024.6,2024.6,37
2024-05-02 14:17:00,2024.6,2026.3,2024.6,2024.7,21
2024-05-02 14:18:00,2025.0,2026.55,2024.6,2024.6,54
2024-05-02 14:19:00,2024.6,2025.0,2024.6,2024.6,6
2024-05-02 14:20:00,2024.6,2026.45,2024.0,2024.55,107
2024-05-02 14:21:00,2026.55,2027.0,2025.3,2025.35,67
2024-05-02 14:22:00,2025.35,2026.9,2024.85,2025.05,8
2024-05-02 14:23:00,2026.9,2026.9,2024.95,2025.0,8
2024-05-02 14:24:00,2026.9,2027.5,2025.0,2025.6,69
2024-05-02 14:25:00,2027.5,2027.5,2025.0,2026.2,21
2024-05-02 14:26:00,2025.0,2027.05,2025.0,2025.3,9
2024-05-02 14:27:00,2025.3,2027.65,2025.05,2025.05,7
2024-05-02 14:28:00,2025.05,2026.9,2025.0,2026.9,18
2024-05-02 14:29:00,2025.0,2025.0,2025.0,2025.0,83
2024-05-02 14:30:00,2025.0,2025.0,2024.5,2024.5,93
2024-05-02 14:31:00,2024.5,2026.45,2024.5,2026.45,2
2024-05-02 14:32:00,2026.45,2027.95,2026.45,2027.95,109
2024-05-02 14:33:00,2027.95,2027.95,2026.1,2026.1,7
2024-05-02 14:34:00,2026.1,2027.5,2025.8,2025.8,41
2024-05-02 14:35:00,2025.8,2027.55,2025.8,2027.55,7
2024-05-02 14:36:00,2027.55,2027.55,2027.0,2027.0,6
2024-05-02 14:37:00,2027.0,2027.0,2024.75,2026.8,51
2024-05-02 14:38:00,2026.8,2027.3,2024.4,2024.4,137
2024-05-02 14:39:00,2024.4,2024.4,2024.05,2024.05,54
2024-05-02 14:40:00,2026.15,2026.4,2026.1,2026.4,3
2024-05-02 14:41:00,2026.4,2026.4,2024.2,2025.85,9
2024-05-02 14:42:00,2025.85,2025.85,2025.75,2025.75,15
2024-05-02 14:43:00,2025.75,2025.75,2024.05,2025.6,14
2024-05-02 14:44:00,2025.6,2025.6,2024.05,2025.55,32
2024-05-02 14:45:00,2025.55,2025.55,2024.05,2025.55,26
2024-05-02 14:46:00,2025.55,2025.55,2024.05,2024.05,16
2024-05-02 14:47:00,2024.05,2025.7,2024.05,2025.7,28
2024-05-02 14:48:00,2025.7,2025.7,2024.05,2024.05,10
2024-05-02 14:49:00,2024.05,2025.5,2024.05,2025.5,1
2024-05-02 14:50:00,2025.5,2025.5,2025.5,2025.5,28
2024-05-02 14:51:00,2025.3,2025.3,2024.0,2024.0,13
2024-05-02 14:52:00,2024.0,2024.0,2024.0,2024.0,1
2024-05-02 14:53:00,2025.0,2025.25,2024.0,2024.0,42
2024-05-02 14:54:00,2024.0,2025.7,2024.0,2025.7,96
2024-05-02 14:55:00,2025.7,2025.7,2024.0,2024.0,14
2024-05-02 14:56:00,2024.0,2025.7,2024.0,2024.1,71
2024-05-02 14:57:00,2024.1,2025.7,2024.1,2025.7,37
2024-05-02 14:58:00,2025.7,2025.7,2025.7,2025.7,11
2024-05-02 14:59:00,2025.7,2026.35,2024.15,2026.35,183
2024-05-02 15:00:00,2025.1,2026.25,2024.5,2026.25,31
2024-05-02 15:01:00,2026.25,2026.25,2025.0,2025.0,10
2024-05-02 15:02:00,2025.0,2026.05,2024.65,2024.65,41
2024-05-02 15:03:00,2026.05,2026.05,2024.6,2025.25,18
2024-05-02 15:04:00,2025.85,2025.85,2024.1,2024.6,21
2024-05-02 15:05:00,2024.6,2025.25,2024.0,2025.25,31
2024-05-02 15:06:00,2025.25,2025.95,2023.05,2023.75,380
2024-05-02 15:07:00,2023.75,2025.55,2022.75,2022.75,183
2024-05-02 15:08:00,2024.95,2027.85,2023.8,2027.85,300
2024-05-02 15:09:00,2027.95,2029.95,2025.1,2029.95,154
2024-05-02 15:10:00,2028.05,2028.95,2027.45,2027.45,78
2024-05-02 15:11:00,2027.15,2028.8,2026.1,2026.1,75
2024-05-02 15:12:00,2027.85,2027.85,2025.05,2025.05,58
2024-05-02 15:13:00,2025.05,2025.4,2023.25,2024.85,166
2024-05-02 15:14:00,2023.1,2025.1,2023.0,2023.0,44
2024-05-02 15:15:00,2023.0,2025.85,2023.0,2025.45,95
2024-05-02 15:16:00,2025.45,2025.85,2023.3,2024.0,113
2024-05-02 15:17:00,2023.0,2025.1,2023.0,2024.2,165
2024-05-02 15:18:00,2024.95,2024.95,2023.0,2023.0,118
2024-05-02 15:19:00,2023.0,2025.25,2023.0,2025.25,212
2024-05-02 15:20:00,2024.1,2029.5,2024.0,2027.5,468
2024-05-02 15:21:00,2026.4,2028.55,2026.4,2028.45,39
2024-05-02 15:22:00,2028.45,2033.75,2028.45,2033.0,373
2024-05-02 15:23:00,2033.0,2034.8,2032.85,2034.8,63
2024-05-02 15:24:00,2034.8,2038.95,2034.65,2038.95,216
2024-05-02 15:25:00,2038.95,2040.0,2037.1,2040.0,139
2024-05-02 15:26:00,2040.0,2040.5,2037.0,2040.5,170
2024-05-02 15:27:00,2041.0,2041.0,2040.1,2040.65,78
2024-05-02 15:28:00,2042.75,2042.75,2034.4,2034.45,70
2024-05-02 15:29:00,2034.45,2042.0,2028.45,2042.0,135
2024-05-03 09:15:00,2050.0,2098.0,2035.0,2041.8,626
2024-05-03 09:16:00,2041.8,2046.2,2041.8,2046.2,41
2024-05-03 09:17:00,2046.2,2049.55,2046.2,2049.25,147
2024-05-03 09:18:00,2049.25,2055.0,2048.9,2055.0,118
2024-05-03 09:19:00,2055.0,2056.2,2050.0,2050.1,176
2024-05-03 09:20:00,2047.95,2054.55,2047.95,2054.55,239
2024-05-03 09:21:00,2054.55,2054.55,2050.55,2050.55,270
2024-05-03 09:22:00,2050.55,2051.55,2046.2,2046.2,86
2024-05-03 09:23:00,2046.2,2046.2,2040.85,2040.85,147
2024-05-03 09:24:00,2040.85,2044.8,2040.85,2044.8,24
2024-05-03 09:25:00,2044.8,2046.2,2044.8,2046.0,38
2024-05-03 09:26:00,2046.0,2048.7,2046.0,2048.7,21
2024-05-03 09:27:00,2048.7,2051.1,2048.7,2051.1,105
2024-05-03 09:28:00,2051.1,2051.55,2049.9,2049.9,32
2024-05-03 09:29:00,2049.9,2052.45,2049.9,2052.45,64
2024-05-03 09:30:00,2052.5,2052.5,2049.0,2049.0,148
2024-05-03 09:31:00,2049.0,2049.55,2046.05,2048.65,83
2024-05-03 09:32:00,2048.65,2048.65,2048.25,2048.3,67
2024-05-03 09:33:00,2046.5,2048.55,2046.5,2048.55,22
2024-05-03 09:34:00,2048.55,2048.7,2045.6,2045.6,171
2024-05-03 09:35:00,2045.05,2048.25,2045.05,2048.25,265
2024-05-03 09:36:00,2048.25,2049.0,2048.25,2049.0,74
2024-05-03 09:37:00,2051.0,2051.0,2048.5,2048.6,124
2024-05-03 09:38:00,2048.6,2050.9,2048.6,2050.65,101
2024-05-03 09:39:00,2050.65,2050.65,2048.35,2048.35,22
2024-05-03 09:40:00,2048.25,2050.1,2048.25,2049.75,78
2024-05-03 09:41:00,2049.75,2049.95,2049.75,2049.95,1
2024-05-03 09:42:00,2049.95,2049.95,2047.25,2049.15,70
2024-05-03 09:43:00,2049.15,2049.2,2047.4,2047.4,6
2024-05-03 09:44:00,2047.4,2047.4,2047.4,2047.4,0
2024-05-03 09:45:00,2047.4,2047.4,2047.4,2047.4,0
2024-05-03 09:46:00,2048.9,2051.25,2048.55,2049.65,169
2024-05-03 09:47:00,2049.65,2053.45,2049.65,2052.8,170
2024-05-03 09:48:00,2052.8,2053.35,2051.0,2052.1,139
2024-05-03 09:49:00,2052.1,2053.5,2051.65,2053.5,19
2024-05-03 09:50:00,2053.5,2053.5,2053.5,2053.5,8
2024-05-03 09:51:00,2053.5,2053.5,2053.5,2053.5,5
2024-05-03 09:52:00,2053.5,2056.45,2052.45,2056.45,170
2024-05-03 09:53:00,2056.45,2060.1,2054.7,2060.1,1322
2024-05-03 09:54:00,2060.1,2062.35,2058.4,2059.2,181
2024-05-03 09:55:00,2059.2,2059.2,2054.95,2056.45,953
2024-05-03 09:56:00,2056.35,2056.35,2053.9,2053.9,13
2024-05-03 09:57:00,2053.9,2053.95,2049.65,2050.85,323
2024-05-03 09:58:00,2050.85,2051.95,2049.15,2049.15,64
2024-05-03 09:59:00,2049.15,2051.1,2049.15,2051.1,13
2024-05-03 10:00:00,2048.7,2050.2,2048.7,2050.2,19
2024-05-03 10:01:00,2050.2,2050.8,2048.2,2048.2,41
2024-05-03 10:02:00,2048.2,2050.2,2048.2,2050.0,12
2024-05-03 10:03:00,2050.0,2050.15,2050.0,2050.0,2
2024-05-03 10:04:00,2050.0,2050.0,2048.25,2048.25,3
2024-05-03 10:05:00,2049.95,2050.2,2043.7,2043.7,460
2024-05-03 10:06:00,2043.7,2043.7,2043.0,2043.0,26
2024-05-03 10:07:00,2043.0,2043.6,2043.0,2043.6,3
2024-05-03 10:08:00,2043.6,2043.6,2042.7,2043.6,20
2024-05-03 10:09:00,2043.6,2043.6,2043.6,2043.6,0
2024-05-03 10:10:00,2043.3,2045.95,2043.3,2045.95,132
2024-05-03 10:11:00,2043.5,2045.0,2041.75,2041.75,150
2024-05-03 10:12:00,2041.75,2041.75,2041.15,2041.15,15
2024-05-03 10:13:00,2041.15,2042.7,2041.15,2041.25,19
2024-05-03 10:14:00,2041.25,2045.65,2041.25,2045.65,8
2024-05-03 10:15:00,2041.8,2044.1,2041.8,2044.1,54
2024-05-03 10:16:00,2044.1,2044.1,2044.05,2044.05,1
2024-05-03 10:17:00,2044.05,2044.05,2041.2,2041.2,11
2024-05-03 10:18:00,2041.2,2042.95,2041.2,2042.95,151
2024-05-03 10:19:00,2042.95,2044.25,2040.05,2044.25,348
2024-05-03 10:20:00,2044.25,2044.75,2044.25,2044.75,0
2024-05-03 10:21:00,2044.75,2044.75,2044.65,2044.65,7
2024-05-03 10:22:00,2044.65,2044.65,2041.05,2041.05,2
2024-05-03 10:23:00,2041.05,2041.05,2041.0,2041.0,20
2024-05-03 10:24:00,2041.0,2041.85,2039.9,2041.85,124
2024-05-03 10:25:00,2041.85,2041.85,2041.8,2041.85,56
2024-05-03 10:26:00,2041.85,2041.85,2038.8,2038.8,36
2024-05-03 10:27:00,2038.8,2041.1,2038.0,2041.1,27
2024-05-03 10:28:00,2041.1,2041.1,2040.5,2040.5,5
2024-05-03 10:29:00,2040.5,2040.5,2040.5,2040.5,2
2024-05-03 10:30:00,2040.5,2040.5,2038.6,2038.65,26
2024-05-03 10:31:00,2038.65,2040.15,2038.0,2039.75,61
2024-05-03 10:32:00,2039.75,2039.75,2039.75,2039.75,0
2024-05-03 10:33:00,2040.15,2040.15,2040.15,2040.15,4
2024-05-03 10:34:00,2040.15,2040.15,2040.15,2040.15,0
2024-05-03 10:35:00,2040.15,2040.15,2038.85,2038.85,50
2024-05-03 10:36:00,2038.85,2038.85,2038.85,2038.85,2
2024-05-03 10:37:00,2038.85,2038.85,2038.85,2038.85,0
2024-05-03 10:38:00,2038.85,2038.85,2036.75,2038.5,41
2024-05-03 10:39:00,2038.5,2038.5,2031.0,2031.2,378
2024-05-03 10:40:00,2031.2,2031.7,2028.85,2028.85,138
2024-05-03 10:41:00,2028.85,2028.85,2028.5,2028.5,21
2024-05-03 10:42:00,2028.5,2030.4,2028.5,2030.4,6
2024-05-03 10:43:00,2030.95,2030.95,2028.5,2028.5,54
2024-05-03 10:44:00,2028.5,2029.75,2028.0,2028.0,7
2024-05-03 10:45:00,2028.0,2028.15,2028.0,2028.15,6
2024-05-03 10:46:00,2028.15,2030.7,2028.05,2030.7,45
2024-05-03 10:47:00,2030.7,2031.0,2030.7,2031.0,15
2024-05-03 10:48:00,2031.0,2033.0,2031.0,2033.0,26
2024-05-03 10:49:00,2033.0,2034.1,2032.1,2032.1,19
2024-05-03 10:50:00,2033.2,2033.2,2031.0,2032.35,39
2024-05-03 10:51:00,2032.25,2032.25,2032.25,2032.25,9
2024-05-03 10:52:00,2032.25,2032.25,2032.25,2032.25,0
2024-05-03 10:53:00,2032.5,2032.9,2032.5,2032.9,5
2024-05-03 10:54:00,2032.9,2034.05,2032.9,2034.05,2
2024-05-03 10:55:00,2034.05,2034.05,2032.05,2032.05,2
2024-05-03 10:56:00,2032.05,2032.05,2032.05,2032.05,2
2024-05-03 10:57:00,2032.05,2032.2,2032.05,2032.2,4
2024-05-03 10:58:00,2032.2,2032.2,2032.2,2032.2,0
2024-05-03 10:59:00,2032.2,2032.2,2032.05,2032.05,2
2024-05-03 11:00:00,2033.5,2033.5,2032.0,2032.05,37
2024-05-03 11:01:00,2032.05,2032.05,2032.05,2032.05,0
2024-05-03 11:02:00,2032.05,2032.05,2032.05,2032.05,0
2024-05-03 11:03:00,2031.6,2031.6,2030.0,2030.0,51
2024-05-03 11:04:00,2031.55,2031.55,2031.55,2031.55,21
2024-05-03 11:05:00,2031.55,2031.55,2030.0,2030.0,7
2024-05-03 11:06:00,2031.35,2031.35,2031.35,2031.35,10
2024-05-03 11:07:00,2031.35,2031.35,2031.35,2031.35,0
2024-05-03 11:08:00,2031.35,2031.4,2031.35,2031.4,3
2024-05-03 11:09:00,2031.4,2031.4,2031.4,2031.4,0
2024-05-03 11:10:00,2031.4,2031.4,2031.4,2031.4,0
2024-05-03 11:11:00,2031.4,2031.4,2031.4,2031.4,0
2024-05-03 11:12:00,2031.4,2032.05,2031.05,2031.05,22
2024-05-03 11:14:00,2031.0,2031.0,2029.65,2029.65,40
2024-05-03 11:15:00,2029.65,2030.5,2029.65,2030.5,27
2024-05-03 11:16:00,2030.5,2030.5,2029.45,2029.45,53
2024-05-03 11:17:00,2029.45,2031.95,2029.45,2031.95,35
2024-05-03 11:18:00,2031.95,2031.95,2031.6,2031.6,21
2024-05-03 11:19:00,2032.05,2040.95,2029.0,2040.95,2199
2024-05-03 11:20:00,2040.95,2040.95,2037.05,2037.05,20
2024-05-03 11:21:00,2037.05,2044.0,2037.05,2044.0,900
2024-05-03 11:22:00,2044.0,2045.0,2042.15,2044.0,63
2024-05-03 11:23:00,2044.0,2044.0,2040.4,2043.35,20
2024-05-03 11:24:00,2042.65,2042.65,2042.45,2042.45,2
2024-05-03 11:25:00,2040.65,2040.65,2040.65,2040.65,53
2024-05-03 11:26:00,2040.5,2041.65,2039.85,2041.65,12
2024-05-03 11:27:00,2041.65,2045.0,2041.65,2045.0,44
2024-05-03 11:28:00,2045.0,2046.85,2044.75,2044.75,31
2024-05-03 11:29:00,2048.05,2048.05,2044.8,2044.8,80
2024-05-03 11:30:00,2045.6,2048.0,2045.45,2045.45,158
2024-05-03 11:31:00,2045.45,2045.45,2041.7,2041.7,1
2024-05-03 11:32:00,2041.7,2041.7,2041.7,2041.7,0
2024-05-03 11:33:00,2041.7,2041.7,2041.7,2041.7,10
2024-05-03 11:34:00,2041.7,2044.0,2041.7,2044.0,22
2024-05-03 11:35:00,2044.0,2044.0,2041.0,2041.0,31
2024-05-03 11:36:00,2041.0,2041.0,2038.15,2038.85,58
2024-05-03 11:37:00,2038.85,2038.85,2031.15,2031.15,63
2024-05-03 11:38:00,2031.15,2031.65,2030.0,2030.0,9
2024-05-03 11:39:00,2030.0,2034.05,2030.0,2031.75,201
2024-05-03 11:40:00,2031.75,2033.2,2031.1,2033.2,6
2024-05-03 11:41:00,2033.2,2033.2,2031.0,2031.0,238
2024-05-03 11:42:00,2031.0,2033.75,2031.0,2032.45,23
2024-05-03 11:43:00,2033.85,2033.85,2031.85,2031.85,25
2024-05-03 11:44:00,2031.85,2034.1,2031.85,2034.1,54
2024-05-03 11:45:00,2034.1,2036.25,2034.1,2036.25,52
2024-05-03 11:46:00,2036.25,2037.05,2036.05,2037.05,11
2024-05-03 11:47:00,2038.0,2039.0,2038.0,2039.0,20
2024-05-03 11:48:00,2039.0,2044.0,2039.0,2044.0,113
2024-05-03 11:49:00,2044.0,2045.95,2042.15,2045.95,72
2024-05-03 11:50:00,2045.95,2045.95,2036.8,2038.15,301
2024-05-03 11:51:00,2038.15,2038.15,2031.55,2037.45,169
2024-05-03 11:52:00,2037.45,2037.45,2033.25,2033.25,21
2024-05-03 11:53:00,2033.25,2035.45,2033.25,2035.45,1
2024-05-03 11:54:00,2035.45,2035.45,2033.25,2033.25,5
2024-05-03 11:55:00,2033.25,2033.25,2031.2,2031.2,2
2024-05-03 11:56:00,2031.2,2031.2,2031.0,2031.0,207
2024-05-03 11:57:00,2031.0,2031.5,2031.0,2031.5,24
2024-05-03 11:58:00,2030.95,2030.95,2030.1,2030.1,16
2024-05-03 11:59:00,2034.05,2035.0,2034.05,2034.9,155
2024-05-03 12:00:00,2034.9,2037.1,2034.9,2037.1,8
2024-05-03 12:01:00,2037.1,2037.1,2036.95,2036.95,6
2024-05-03 12:02:00,2036.95,2036.95,2035.05,2035.05,1
2024-05-03 12:03:00,2032.55,2032.6,2032.55,2032.6,115
2024-05-03 12:04:00,2032.6,2032.6,2032.6,2032.6,0
2024-05-03 12:05:00,2032.6,2035.85,2032.6,2035.7,21
2024-05-03 12:06:00,2035.7,2035.7,2030.15,2030.45,131
2024-05-03 12:07:00,2030.45,2030.45,2030.45,2030.45,0
2024-05-03 12:08:00,2030.45,2033.3,2030.45,2033.3,2
2024-05-03 12:09:00,2033.3,2033.3,2033.3,2033.3,0
2024-05-03 12:10:00,2032.95,2032.95,2030.5,2032.65,44
2024-05-03 12:11:00,2032.65,2032.7,2030.55,2030.55,4
2024-05-03 12:12:00,2030.55,2032.7,2030.55,2032.7,23
2024-05-03 12:13:00,2032.7,2033.0,2032.7,2033.0,1
2024-05-03 12:14:00,2033.0,2040.0,2032.85,2038.6,714
2024-05-03 12:15:00,2038.6,2044.45,2037.15,2037.15,486
2024-05-03 12:16:00,2037.15,2039.9,2037.15,2039.9,1
2024-05-03 12:17:00,2039.9,2039.9,2039.9,2039.9,101
2024-05-03 12:18:00,2039.9,2043.5,2039.9,2041.45,23
2024-05-03 12:19:00,2041.45,2041.6,2041.45,2041.6,1
2024-05-03 12:20:00,2044.1,2044.8,2042.1,2042.1,36
2024-05-03 12:21:00,2042.1,2045.0,2042.1,2045.0,7
2024-05-03 12:22:00,2045.0,2045.0,2042.7,2045.0,59
2024-05-03 12:23:00,2045.0,2045.0,2042.65,2042.85,44
2024-05-03 12:24:00,2042.85,2045.55,2042.85,2045.55,3
2024-05-03 12:25:00,2047.4,2047.4,2046.1,2046.1,171
2024-05-03 12:26:00,2046.1,2046.1,2046.1,2046.1,0
2024-05-03 12:27:00,2046.1,2046.1,2044.2,2044.2,33
2024-05-03 12:28:00,2044.2,2044.35,2044.2,2044.35,10
2024-05-03 12:29:00,2044.35,2044.35,2044.25,2044.25,25
2024-05-03 12:30:00,2044.25,2044.25,2044.25,2044.25,0
2024-05-03 12:31:00,2044.25,2044.25,2044.25,2044.25,20
2024-05-03 12:32:00,2044.25,2044.25,2044.25,2044.25,1
2024-05-03 12:33:00,2044.25,2044.25,2044.25,2044.25,0
2024-05-03 12:34:00,2044.25,2044.25,2044.25,2044.25,0
2024-05-03 12:35:00,2044.25,2044.25,2042.1,2042.1,28
2024-05-03 12:36:00,2042.95,2042.95,2042.95,2042.95,6
2024-05-03 12:37:00,2042.95,2045.45,2042.95,2045.45,16
2024-05-03 12:38:00,2045.45,2045.8,2045.45,2045.8,21
2024-05-03 12:39:00,2045.8,2045.8,2044.45,2044.45,0
2024-05-03 12:40:00,2044.45,2044.55,2044.45,2044.55,11
2024-05-03 12:41:00,2044.55,2044.55,2044.5,2044.5,1
2024-05-03 12:42:00,2044.5,2044.5,2044.5,2044.5,4
2024-05-03 12:43:00,2044.5,2046.0,2044.5,2046.0,14
2024-05-03 12:44:00,2046.0,2046.0,2045.95,2045.95,6
2024-05-03 12:45:00,2045.95,2045.95,2045.95,2045.95,0
2024-05-03 12:46:00,2044.15,2047.3,2044.15,2047.3,53
2024-05-03 12:47:00,2047.3,2047.3,2045.1,2045.1,4
2024-05-03 12:48:00,2045.1,2045.1,2045.1,2045.1,0
2024-05-03 12:49:00,2045.1,2045.1,2044.8,2044.9,10
2024-05-03 12:50:00,2044.9,2044.9,2044.9,2044.9,0
2024-05-03 12:51:00,2044.9,2044.9,2044.75,2044.9,16
2024-05-03 12:52:00,2044.9,2044.9,2044.9,2044.9,0
2024-05-03 12:53:00,2044.9,2044.9,2042.85,2042.85,3
2024-05-03 12:54:00,2042.85,2042.85,2042.85,2042.85,0
2024-05-03 12:55:00,2042.85,2042.85,2042.85,2042.85,0
2024-05-03 12:56:00,2042.85,2042.85,2042.85,2042.85,0
2024-05-03 12:57:00,2042.85,2042.85,2042.85,2042.85,0
2024-05-03 12:58:00,2042.85,2042.85,2041.75,2041.75,10
2024-05-03 12:59:00,2041.75,2041.75,2039.45,2039.45,23
2024-05-03 13:00:00,2039.45,2041.4,2039.45,2041.3,7
2024-05-03 13:01:00,2041.3,2041.3,2040.95,2040.95,10
2024-05-03 13:02:00,2040.95,2040.95,2040.95,2040.95,0
2024-05-03 13:03:00,2040.95,2041.5,2040.95,2041.5,36
2024-05-03 13:04:00,2041.5,2042.85,2041.05,2042.85,28
2024-05-03 13:05:00,2042.85,2042.85,2042.85,2042.85,25
2024-05-03 13:06:00,2042.85,2042.85,2042.85,2042.85,0
2024-05-03 13:07:00,2045.15,2046.4,2045.15,2046.4,228
2024-05-03 13:08:00,2046.4,2047.55,2045.2,2045.2,31
2024-05-03 13:09:00,2045.2,2045.2,2045.2,2045.2,2
2024-05-03 13:10:00,2045.2,2045.2,2043.5,2043.5,39
2024-05-03 13:11:00,2043.5,2043.5,2042.1,2043.3,107
2024-05-03 13:12:00,2043.3,2043.3,2043.3,2043.3,0
2024-05-03 13:13:00,2043.3,2045.1,2040.6,2045.1,62
2024-05-03 13:14:00,2045.1,2045.1,2041.95,2041.95,10
2024-05-03 13:15:00,2041.95,2042.0,2041.95,2042.0,21
2024-05-03 13:16:00,2042.0,2042.0,2042.0,2042.0,0
2024-05-03 13:17:00,2042.0,2042.0,2042.0,2042.0,0
2024-05-03 13:18:00,2042.0,2042.0,2042.0,2042.0,0
2024-05-03 13:19:00,2042.0,2042.0,2040.0,2040.0,7
2024-05-03 13:20:00,2040.0,2040.0,2040.0,2040.0,0
2024-05-03 13:21:00,2040.0,2040.0,2040.0,2040.0,2
2024-05-03 13:22:00,2040.0,2040.0,2040.0,2040.0,9
2024-05-03 13:23:00,2040.5,2042.6,2040.5,2042.6,66
2024-05-03 13:24:00,2042.6,2046.9,2042.6,2046.9,20
2024-05-03 13:25:00,2044.25,2044.25,2043.85,2043.85,71
2024-05-03 13:26:00,2043.85,2046.3,2043.85,2046.3,56
2024-05-03 13:27:00,2046.3,2046.55,2044.25,2046.55,6
2024-05-03 13:28:00,2046.55,2046.55,2045.15,2045.15,7
2024-05-03 13:29:00,2045.15,2045.15,2044.5,2044.5,10
2024-05-03 13:30:00,2044.5,2047.4,2044.5,2047.4,22
2024-05-03 13:31:00,2047.4,2047.4,2045.6,2045.6,2
2024-05-03 13:32:00,2045.6,2045.6,2045.6,2045.6,0
2024-05-03 13:33:00,2045.6,2047.65,2044.65,2044.65,28
2024-05-03 13:34:00,2044.65,2044.65,2044.2,2044.2,20
2024-05-03 13:35:00,2044.2,2044.2,2043.65,2043.65,10
2024-05-03 13:36:00,2043.65,2045.55,2040.0,2040.0,151
2024-05-03 13:37:00,2041.6,2041.6,2041.4,2041.4,30
2024-05-03 13:38:00,2041.4,2041.4,2041.0,2041.0,1
2024-05-03 13:39:00,2041.0,2041.0,2040.0,2040.05,46
2024-05-03 13:40:00,2040.45,2040.45,2040.0,2040.0,19
2024-05-03 13:41:00,2040.0,2043.0,2040.0,2043.0,97
2024-05-03 13:42:00,2043.0,2043.0,2043.0,2043.0,0
2024-05-03 13:43:00,2043.0,2043.0,2043.0,2043.0,0
2024-05-03 13:44:00,2043.0,2043.0,2043.0,2043.0,0
2024-05-03 13:45:00,2043.05,2043.5,2043.05,2043.5,36
2024-05-03 13:46:00,2043.5,2043.5,2043.05,2043.05,145
2024-05-03 13:47:00,2043.05,2043.05,2043.05,2043.05,0
2024-05-03 13:48:00,2043.05,2043.05,2043.0,2043.0,1
2024-05-03 13:49:00,2044.9,2045.75,2043.7,2043.7,33
2024-05-03 13:50:00,2043.7,2043.7,2043.05,2043.05,2
2024-05-03 13:51:00,2043.05,2043.05,2043.05,2043.05,0
2024-05-03 13:52:00,2043.05,2043.05,2042.1,2042.1,89
2024-05-03 13:53:00,2042.1,2042.1,2041.1,2041.75,37
2024-05-03 13:54:00,2045.0,2045.0,2042.5,2042.8,112
2024-05-03 13:55:00,2042.8,2042.8,2038.95,2039.35,139
2024-05-03 13:56:00,2039.35,2039.7,2038.6,2038.6,19
2024-05-03 13:57:00,2038.6,2039.6,2036.4,2038.0,62
2024-05-03 13:58:00,2038.0,2038.3,2036.05,2036.05,19
2024-05-03 13:59:00,2036.0,2036.1,2036.0,2036.1,19
2024-05-03 14:00:00,2037.85,2037.85,2036.1,2036.1,20
2024-05-03 14:01:00,2036.1,2037.65,2036.1,2037.65,23
2024-05-03 14:02:00,2037.65,2038.45,2037.0,2037.0,24
2024-05-03 14:03:00,2037.0,2037.25,2037.0,2037.25,20
2024-05-03 14:04:00,2037.25,2037.25,2037.1,2037.1,18
2024-05-03 14:05:00,2037.1,2039.85,2037.1,2037.45,20
2024-05-03 14:06:00,2037.45,2037.6,2037.45,2037.6,18
2024-05-03 14:07:00,2037.55,2037.6,2037.4,2037.4,19
2024-05-03 14:08:00,2037.35,2037.4,2037.3,2037.3,18
2024-05-03 14:09:00,2037.3,2040.15,2037.25,2040.0,33
2024-05-03 14:10:00,2040.0,2040.0,2037.2,2037.95,23
2024-05-03 14:11:00,2037.95,2040.3,2037.3,2037.95,73
2024-05-03 14:12:00,2037.95,2037.95,2037.8,2037.8,18
2024-05-03 14:13:00,2037.8,2038.15,2037.0,2038.15,76
2024-05-03 14:14:00,2038.1,2038.1,2037.95,2037.95,18
2024-05-03 14:15:00,2037.95,2039.75,2037.7,2037.7,19
2024-05-03 14:16:00,2037.7,2037.8,2037.2,2037.2,38
2024-05-03 14:17:00,2037.35,2037.75,2037.35,2037.7,18
2024-05-03 14:18:00,2037.7,2037.7,2037.55,2037.55,18
2024-05-03 14:19:00,2037.5,2039.75,2037.0,2039.75,28
2024-05-03 14:20:00,2039.75,2040.0,2037.0,2040.0,29
2024-05-03 14:21:00,2040.0,2040.0,2038.05,2038.05,69
2024-05-03 14:22:00,2038.05,2039.35,2037.0,2037.0,67
2024-05-03 14:23:00,2037.0,2037.15,2037.0,2037.05,24
2024-05-03 14:24:00,2037.05,2037.05,2037.0,2037.05,18
2024-05-03 14:25:00,2037.0,2037.0,2036.65,2036.65,20
2024-05-03 14:26:00,2036.65,2038.3,2036.0,2038.15,22
2024-05-03 14:27:00,2038.5,2039.15,2036.15,2036.7,47
2024-05-03 14:28:00,2036.7,2036.75,2036.65,2036.75,24
2024-05-03 14:29:00,2036.75,2036.75,2036.7,2036.7,18
2024-05-03 14:30:00,2036.7,2039.45,2036.7,2037.4,31
2024-05-03 14:31:00,2037.4,2037.4,2035.0,2035.0,104
2024-05-03 14:32:00,2035.0,2038.45,2034.05,2038.35,128
2024-05-03 14:33:00,2038.35,2038.35,2035.8,2035.8,19
2024-05-03 14:34:00,2035.8,2039.7,2035.75,2036.9,26
2024-05-03 14:35:00,2036.85,2036.85,2035.85,2035.9,18
2024-05-03 14:36:00,2035.85,2039.55,2035.6,2035.6,19
2024-05-03 14:37:00,2035.6,2038.35,2035.5,2036.8,15
2024-05-03 14:38:00,2035.55,2036.7,2035.5,2036.65,23
2024-05-03 14:39:00,2036.65,2043.75,2036.65,2038.8,450
2024-05-03 14:40:00,2038.8,2040.45,2037.05,2040.45,84
2024-05-03 14:41:00,2040.45,2040.45,2037.15,2037.15,19
2024-05-03 14:42:00,2037.1,2037.25,2037.1,2037.2,25
2024-05-03 14:43:00,2037.2,2037.6,2037.15,2037.5,19
2024-05-03 14:44:00,2040.1,2040.1,2037.15,2037.2,23
2024-05-03 14:45:00,2037.2,2039.7,2037.2,2039.7,11
2024-05-03 14:46:00,2039.7,2039.75,2039.7,2039.75,0
2024-05-03 14:47:00,2039.75,2048.0,2039.75,2045.55,339
2024-05-03 14:48:00,2045.55,2045.85,2045.55,2045.85,9
2024-05-03 14:49:00,2045.85,2045.85,2045.0,2045.75,78
2024-05-03 14:50:00,2045.75,2045.75,2043.05,2043.05,140
2024-05-03 14:51:00,2047.5,2047.5,2046.95,2046.95,220
2024-05-03 14:52:00,2046.95,2048.95,2046.35,2048.95,216
2024-05-03 14:53:00,2048.95,2048.95,2048.95,2048.95,8
2024-05-03 14:54:00,2048.95,2048.95,2046.4,2046.7,47
2024-05-03 14:55:00,2046.7,2047.1,2044.35,2047.1,36
2024-05-03 14:56:00,2047.1,2047.1,2045.1,2045.15,3
2024-05-03 14:57:00,2045.15,2045.15,2045.15,2045.15,17
2024-05-03 14:58:00,2045.15,2046.9,2045.15,2046.9,13
2024-05-03 14:59:00,2046.9,2046.95,2045.25,2045.4,7
2024-05-03 15:00:00,2046.95,2047.0,2042.55,2045.45,87
2024-05-03 15:01:00,2045.45,2045.5,2043.4,2045.5,11
2024-05-03 15:02:00,2045.5,2045.5,2045.0,2045.2,10
2024-05-03 15:03:00,2045.2,2047.0,2045.2,2046.95,36
2024-05-03 15:04:00,2046.95,2047.0,2045.2,2047.0,48
2024-05-03 15:05:00,2047.0,2047.0,2045.25,2047.0,15
2024-05-03 15:06:00,2048.0,2048.0,2045.0,2045.0,78
2024-05-03 15:07:00,2045.0,2045.0,2045.0,2045.0,8
2024-05-03 15:08:00,2046.85,2046.85,2046.85,2046.85,22
2024-05-03 15:09:00,2046.85,2048.0,2046.85,2048.0,5
2024-05-03 15:10:00,2048.0,2048.0,2047.95,2047.95,7
2024-05-03 15:11:00,2047.95,2048.0,2046.05,2048.0,19
2024-05-03 15:12:00,2048.0,2048.0,2045.9,2045.9,58
2024-05-03 15:13:00,2045.9,2046.0,2045.0,2045.9,15
2024-05-03 15:14:00,2045.9,2047.5,2044.6,2046.15,122
2024-05-03 15:15:00,2046.15,2047.9,2044.2,2046.6,308
2024-05-03 15:16:00,2046.6,2047.85,2046.6,2047.85,33
2024-05-03 15:17:00,2047.85,2048.95,2047.05,2048.0,27
2024-05-03 15:18:00,2048.0,2048.0,2047.1,2048.0,82
2024-05-03 15:19:00,2048.0,2048.4,2047.0,2048.0,535
2024-05-03 15:20:00,2048.0,2051.45,2048.0,2051.4,595
2024-05-03 15:21:00,2051.4,2051.4,2048.85,2049.9,83
2024-05-03 15:22:00,2049.9,2049.9,2049.8,2049.8,8
2024-05-03 15:23:00,2049.8,2049.8,2049.05,2049.75,98
2024-05-03 15:24:00,2049.05,2049.75,2047.8,2048.9,204
2024-05-03 15:25:00,2048.9,2048.9,2045.55,2048.0,155
2024-05-03 15:26:00,2045.55,2048.0,2045.55,2048.0,56
2024-05-03 15:27:00,2048.0,2048.0,2048.0,2048.0,18
2024-05-03 15:28:00,2045.25,2047.9,2035.25,2041.25,500
2024-05-03 15:29:00,2041.25,2049.0,2041.25,2043.0,325
2024-05-06 09:15:00,2046.4,2059.3,2046.4,2058.15,158
2024-05-06 09:16:00,2057.8,2057.8,2051.9,2057.45,103
2024-05-06 09:17:00,2057.45,2057.45,2053.25,2057.0,67
2024-05-06 09:18:00,2057.0,2065.8,2056.75,2065.25,561
2024-05-06 09:19:00,2065.25,2070.0,2061.05,2069.65,285
2024-05-06 09:20:00,2069.65,2069.7,2060.25,2063.7,835
2024-05-06 09:21:00,2062.2,2063.9,2057.75,2062.25,85
2024-05-06 09:22:00,2062.25,2062.25,2056.8,2056.85,61
2024-05-06 09:23:00,2060.7,2063.05,2055.25,2056.2,696
2024-05-06 09:24:00,2056.2,2059.2,2055.55,2058.8,52
2024-05-06 09:25:00,2054.5,2058.0,2054.5,2055.25,144
2024-05-06 09:26:00,2055.25,2059.45,2055.1,2059.45,68
2024-05-06 09:27:00,2059.45,2059.45,2055.25,2058.95,38
2024-05-06 09:28:00,2058.95,2058.95,2055.75,2058.0,22
2024-05-06 09:29:00,2058.0,2058.0,2058.0,2058.0,25
2024-05-06 09:30:00,2058.0,2059.0,2055.75,2059.0,120
2024-05-06 09:31:00,2058.95,2058.95,2054.9,2056.2,194
2024-05-06 09:32:00,2056.2,2058.05,2055.95,2055.95,5
2024-05-06 09:33:00,2055.95,2055.95,2054.55,2054.55,51
2024-05-06 09:34:00,2054.55,2054.55,2050.0,2050.0,166
2024-05-06 09:35:00,2050.0,2050.0,2050.0,2050.0,134
2024-05-06 09:36:00,2046.05,2047.6,2046.05,2047.25,193
2024-05-06 09:37:00,2043.65,2044.0,2043.65,2044.0,36
2024-05-06 09:38:00,2044.0,2045.1,2041.1,2043.1,667
2024-05-06 09:39:00,2043.1,2045.9,2040.0,2041.25,195
2024-05-06 09:40:00,2040.9,2040.9,2040.0,2040.0,58
2024-05-06 09:41:00,2040.0,2041.9,2039.1,2040.15,9
2024-05-06 09:42:00,2040.15,2040.15,2032.3,2034.7,336
2024-05-06 09:43:00,2034.7,2041.7,2029.0,2041.7,1596
2024-05-06 09:44:00,2041.7,2042.75,2039.0,2040.85,84
2024-05-06 09:45:00,2040.85,2040.85,2035.15,2035.15,397
2024-05-06 09:46:00,2037.8,2037.8,2033.3,2036.8,134
2024-05-06 09:47:00,2036.8,2036.8,2032.5,2032.5,43
2024-05-06 09:48:00,2035.6,2035.6,2032.5,2032.5,44
2024-05-06 09:49:00,2032.5,2033.0,2032.5,2033.0,5
2024-05-06 09:50:00,2033.0,2034.95,2033.0,2034.95,37
2024-05-06 09:51:00,2036.1,2037.1,2032.0,2033.2,180
2024-05-06 09:52:00,2033.2,2035.3,2033.2,2035.3,10
2024-05-06 09:53:00,2035.3,2035.3,2033.0,2035.2,13
2024-05-06 09:54:00,2035.2,2035.2,2033.25,2033.25,2
2024-05-06 09:55:00,2033.25,2035.25,2032.05,2032.1,130
2024-05-06 09:56:00,2032.1,2034.2,2031.1,2034.15,18
2024-05-06 09:57:00,2031.1,2034.15,2026.0,2026.0,469
2024-05-06 09:58:00,2026.0,2028.7,2025.95,2028.7,27
2024-05-06 09:59:00,2028.7,2028.7,2023.55,2023.55,50
2024-05-06 10:00:00,2023.55,2025.4,2022.05,2022.05,384
2024-05-06 10:01:00,2022.05,2025.3,2022.05,2025.0,21
2024-05-06 10:02:00,2025.0,2028.0,2025.0,2027.7,659
2024-05-06 10:03:00,2027.7,2027.95,2025.2,2025.2,40
2024-05-06 10:04:00,2023.85,2026.0,2022.25,2022.25,362
2024-05-06 10:05:00,2022.25,2025.05,2022.2,2022.2,216
2024-05-06 10:06:00,2022.2,2022.25,2011.0,2011.0,921
2024-05-06 10:07:00,2015.05,2020.0,2012.5,2020.0,660
2024-05-06 10:08:00,2020.0,2020.45,2019.0,2020.0,296
2024-05-06 10:09:00,2020.0,2020.65,2017.15,2017.2,42
2024-05-06 10:10:00,2017.2,2019.0,2017.2,2019.0,6
2024-05-06 10:11:00,2019.0,2020.0,2017.9,2017.9,88
2024-05-06 10:12:00,2017.9,2020.0,2012.0,2014.95,598
2024-05-06 10:13:00,2012.0,2020.35,2012.0,2020.35,168
2024-05-06 10:14:00,2020.35,2021.0,2018.8,2021.0,27
2024-05-06 10:15:00,2021.0,2021.0,2013.75,2017.7,249
2024-05-06 10:16:00,2017.7,2017.75,2014.05,2017.7,55
2024-05-06 10:17:00,2017.7,2017.7,2015.6,2016.55,26
2024-05-06 10:18:00,2016.55,2017.8,2015.1,2015.1,24
2024-05-06 10:19:00,2015.1,2017.85,2015.1,2017.8,209
2024-05-06 10:20:00,2017.8,2020.95,2017.55,2020.0,70
2024-05-06 10:21:00,2018.5,2020.95,2018.5,2020.95,25
2024-05-06 10:22:00,2020.95,2024.35,2019.05,2024.35,124
2024-05-06 10:23:00,2024.35,2025.0,2020.55,2024.8,199
2024-05-06 10:24:00,2021.55,2024.95,2021.55,2024.7,65
2024-05-06 10:25:00,2024.7,2024.75,2024.7,2024.75,9
2024-05-06 10:26:00,2024.7,2024.7,2024.7,2024.7,2
2024-05-06 10:27:00,2024.0,2024.0,2024.0,2024.0,21
2024-05-06 10:28:00,2024.0,2026.5,2024.0,2026.5,61
2024-05-06 10:29:00,2026.5,2028.7,2026.5,2028.4,15
2024-05-06 10:30:00,2028.4,2035.3,2028.4,2033.7,211
2024-05-06 10:31:00,2033.7,2033.7,2030.8,2030.8,7
2024-05-06 10:32:00,2030.8,2031.35,2030.8,2031.35,5
2024-05-06 10:33:00,2031.35,2032.95,2030.8,2031.15,26
2024-05-06 10:34:00,2031.15,2033.0,2031.15,2033.0,11
2024-05-06 10:35:00,2031.15,2032.8,2030.0,2031.85,88
2024-05-06 10:36:00,2031.85,2033.0,2029.0,2029.0,50
2024-05-06 10:37:00,2029.0,2029.95,2028.45,2028.5,36
2024-05-06 10:38:00,2028.5,2028.5,2025.65,2025.65,12
2024-05-06 10:39:00,2025.65,2025.65,2025.6,2025.6,19
2024-05-06 10:40:00,2025.6,2025.6,2025.0,2025.05,54
2024-05-06 10:41:00,2025.05,2027.9,2025.05,2027.9,49
2024-05-06 10:42:00,2027.9,2027.9,2024.45,2026.7,34
2024-05-06 10:43:00,2026.7,2027.2,2026.7,2027.2,28
2024-05-06 10:44:00,2027.2,2027.2,2027.2,2027.2,2
2024-05-06 10:45:00,2027.2,2027.95,2027.2,2027.95,51
2024-05-06 10:46:00,2027.95,2027.95,2026.9,2027.05,13
2024-05-06 10:47:00,2027.05,2027.05,2025.0,2027.05,1
2024-05-06 10:48:00,2027.05,2027.05,2024.55,2024.55,20
2024-05-06 10:49:00,2024.55,2026.15,2023.55,2026.15,30
2024-05-06 10:50:00,2026.15,2026.15,2026.15,2026.15,0
2024-05-06 10:51:00,2026.15,2026.95,2023.95,2026.95,25
2024-05-06 10:52:00,2026.95,2026.95,2025.4,2025.4,6
2024-05-06 10:53:00,2025.4,2028.45,2025.4,2026.55,20
2024-05-06 10:54:00,2026.55,2026.55,2026.55,2026.55,0
2024-05-06 10:55:00,2026.55,2026.55,2026.55,2026.55,0
2024-05-06 10:56:00,2026.5,2028.75,2026.5,2028.75,33
2024-05-06 10:57:00,2028.75,2031.45,2028.75,2030.05,50
2024-05-06 10:58:00,2030.0,2033.45,2030.0,2033.45,137
2024-05-06 10:59:00,2033.45,2033.45,2031.0,2031.0,10
2024-05-06 11:00:00,2031.0,2033.95,2031.0,2033.95,18
2024-05-06 11:01:00,2033.95,2033.95,2033.95,2033.95,1
2024-05-06 11:02:00,2034.6,2034.6,2032.25,2034.25,7
2024-05-06 11:03:00,2034.25,2034.25,2034.25,2034.25,0
2024-05-06 11:04:00,2032.25,2034.1,2032.25,2034.1,4
2024-05-06 11:05:00,2034.1,2034.1,2031.1,2031.1,29
2024-05-06 11:06:00,2031.1,2031.1,2030.0,2030.0,102
2024-05-06 11:07:00,2030.0,2030.0,2028.75,2028.75,9
2024-05-06 11:08:00,2028.75,2028.75,2028.75,2028.75,6
2024-05-06 11:09:00,2028.75,2028.75,2028.0,2028.75,10
2024-05-06 11:10:00,2029.5,2029.5,2026.5,2026.5,353
2024-05-06 11:11:00,2026.5,2028.8,2026.5,2028.8,315
2024-05-06 11:12:00,2029.15,2030.35,2026.55,2026.55,256
2024-05-06 11:13:00,2026.55,2028.75,2026.55,2028.75,8
2024-05-06 11:14:00,2028.75,2030.7,2028.75,2028.75,18
2024-05-06 11:15:00,2028.75,2029.25,2028.75,2029.2,12
2024-05-06 11:16:00,2029.2,2029.2,2029.2,2029.2,7
2024-05-06 11:17:00,2029.2,2029.65,2027.25,2029.65,17
2024-05-06 11:18:00,2029.65,2029.65,2027.0,2027.5,61
2024-05-06 11:19:00,2027.5,2029.5,2027.5,2029.5,7
2024-05-06 11:20:00,2029.5,2029.75,2029.5,2029.75,0
2024-05-06 11:21:00,2030.0,2030.0,2030.0,2030.0,36
2024-05-06 11:22:00,2030.0,2030.0,2028.4,2029.7,39
2024-05-06 11:23:00,2029.7,2029.7,2029.0,2029.0,10
2024-05-06 11:24:00,2029.0,2029.0,2029.0,2029.0,0
2024-05-06 11:25:00,2029.3,2029.3,2027.5,2029.15,13
2024-05-06 11:26:00,2029.15,2029.15,2028.9,2028.9,1
2024-05-06 11:27:00,2028.9,2028.9,2028.5,2028.5,1
2024-05-06 11:28:00,2028.5,2029.25,2028.5,2029.25,7
2024-05-06 11:29:00,2029.25,2029.95,2028.1,2029.95,9
2024-05-06 11:30:00,2029.95,2030.0,2027.5,2027.5,34
2024-05-06 11:31:00,2027.5,2027.5,2027.5,2027.5,56
2024-05-06 11:32:00,2027.5,2027.5,2027.5,2027.5,0
2024-05-06 11:33:00,2029.2,2029.2,2026.55,2026.55,91
2024-05-06 11:34:00,2027.0,2027.0,2024.0,2025.4,77
2024-05-06 11:35:00,2025.4,2027.9,2025.4,2027.9,51
2024-05-06 11:36:00,2027.9,2027.9,2025.3,2025.3,6
2024-05-06 11:37:00,2025.3,2027.25,2025.1,2027.25,12
2024-05-06 11:38:00,2027.25,2027.25,2025.1,2025.1,27
2024-05-06 11:39:00,2025.1,2026.9,2025.0,2025.0,22
2024-05-06 11:40:00,2022.75,2022.75,2022.75,2022.75,15
2024-05-06 11:41:00,2022.75,2024.0,2022.75,2024.0,25
2024-05-06 11:42:00,2024.0,2024.0,2021.3,2021.35,68
2024-05-06 11:43:00,2021.35,2023.55,2021.35,2023.55,1
2024-05-06 11:44:00,2023.55,2024.95,2023.55,2024.0,10
2024-05-06 11:45:00,2024.0,2024.0,2021.15,2021.45,21
2024-05-06 11:46:00,2021.45,2021.45,2021.45,2021.45,0
2024-05-06 11:47:00,2021.45,2023.8,2021.45,2023.8,15
2024-05-06 11:48:00,2023.8,2024.45,2023.8,2024.45,26
2024-05-06 11:49:00,2024.45,2024.45,2024.45,2024.45,0
2024-05-06 11:50:00,2024.45,2024.55,2020.55,2020.55,159
2024-05-06 11:51:00,2020.55,2020.55,2020.55,2020.55,0
2024-05-06 11:52:00,2020.55,2023.65,2020.3,2022.75,32
2024-05-06 11:53:00,2022.75,2022.75,2020.35,2022.25,8
2024-05-06 11:54:00,2022.25,2022.25,2020.1,2020.1,10
2024-05-06 11:55:00,2020.1,2022.3,2020.1,2022.3,17
2024-05-06 11:56:00,2022.3,2022.3,2021.95,2022.0,8
2024-05-06 11:57:00,2022.0,2022.0,2022.0,2022.0,62
2024-05-06 11:58:00,2022.0,2023.65,2022.0,2023.65,5
2024-05-06 11:59:00,2023.65,2025.0,2023.65,2025.0,1
2024-05-06 12:00:00,2025.0,2025.0,2025.0,2025.0,12
2024-05-06 12:01:00,2025.0,2025.0,2024.95,2025.0,41
2024-05-06 12:02:00,2025.0,2025.35,2025.0,2025.35,2
2024-05-06 12:03:00,2025.35,2025.35,2022.95,2022.95,5
2024-05-06 12:04:00,2022.95,2025.15,2022.95,2025.15,7
2024-05-06 12:05:00,2025.15,2025.35,2025.15,2025.35,6
2024-05-06 12:06:00,2025.35,2025.35,2022.9,2022.9,11
2024-05-06 12:07:00,2025.3,2025.3,2022.9,2025.25,24
2024-05-06 12:08:00,2025.25,2025.25,2022.95,2022.95,7
2024-05-06 12:09:00,2025.1,2025.25,2025.1,2025.25,12
2024-05-06 12:10:00,2025.25,2027.2,2025.25,2027.2,65
2024-05-06 12:11:00,2027.2,2027.5,2027.2,2027.5,1
2024-05-06 12:12:00,2027.5,2027.5,2025.0,2025.0,6
2024-05-06 12:13:00,2025.0,2026.8,2024.1,2026.8,34
2024-05-06 12:14:00,2026.8,2026.95,2026.8,2026.95,3
2024-05-06 12:15:00,2026.95,2028.45,2026.95,2028.45,51
2024-05-06 12:16:00,2028.45,2028.7,2028.0,2028.7,6
2024-05-06 12:17:00,2028.5,2028.5,2026.65,2026.65,7
2024-05-06 12:18:00,2026.7,2026.7,2026.7,2026.7,2
2024-05-06 12:19:00,2026.7,2029.1,2026.7,2029.1,21
2024-05-06 12:20:00,2029.3,2029.3,2027.1,2027.1,8
2024-05-06 12:21:00,2027.1,2027.1,2027.1,2027.1,0
2024-05-06 12:22:00,2027.1,2029.65,2027.1,2029.4,4
2024-05-06 12:23:00,2029.4,2029.4,2029.4,2029.4,0
2024-05-06 12:24:00,2029.4,2029.4,2029.4,2029.4,0
2024-05-06 12:25:00,2029.3,2029.3,2026.65,2026.65,137
2024-05-06 12:26:00,2026.65,2026.65,2026.65,2026.65,0
2024-05-06 12:27:00,2026.65,2026.65,2023.0,2023.0,30
2024-05-06 12:28:00,2023.0,2025.95,2023.0,2025.95,7
2024-05-06 12:29:00,2025.95,2025.95,2025.95,2025.95,0
2024-05-06 12:30:00,2025.95,2025.95,2025.0,2025.0,7
2024-05-06 12:31:00,2025.0,2025.3,2023.2,2025.3,33
2024-05-06 12:32:00,2023.1,2025.3,2023.1,2025.3,4
2024-05-06 12:33:00,2025.3,2025.35,2023.15,2023.15,11
2024-05-06 12:34:00,2023.15,2025.1,2023.15,2025.1,13
2024-05-06 12:35:00,2025.1,2025.1,2025.1,2025.1,2
2024-05-06 12:36:00,2025.55,2025.55,2023.6,2023.6,13
2024-05-06 12:37:00,2023.6,2025.25,2022.65,2025.25,48
2024-05-06 12:38:00,2025.35,2025.35,2025.35,2025.35,4
2024-05-06 12:39:00,2025.25,2025.9,2025.25,2025.9,10
2024-05-06 12:40:00,2025.9,2025.9,2025.9,2025.9,0
2024-05-06 12:41:00,2025.9,2025.9,2025.9,2025.9,25
2024-05-06 12:42:00,2025.9,2025.9,2023.55,2023.55,18
2024-05-06 12:43:00,2023.55,2024.9,2023.0,2023.0,12
2024-05-06 12:44:00,2023.0,2024.85,2023.0,2024.85,1
2024-05-06 12:45:00,2024.85,2025.3,2023.15,2025.3,20
2024-05-06 12:46:00,2025.3,2026.0,2023.8,2023.8,4
2024-05-06 12:47:00,2023.8,2025.9,2023.8,2025.9,0
2024-05-06 12:48:00,2025.9,2025.9,2025.9,2025.9,1
2024-05-06 12:49:00,2025.9,2025.9,2025.6,2025.6,7
2024-05-06 12:50:00,2025.6,2025.6,2023.4,2025.4,8
2024-05-06 12:51:00,2025.0,2025.0,2025.0,2025.0,6
2024-05-06 12:52:00,2025.05,2025.05,2025.0,2025.0,11
2024-05-06 12:53:00,2025.0,2025.0,2023.1,2023.5,15
2024-05-06 12:54:00,2023.5,2025.0,2023.5,2025.0,49
2024-05-06 12:55:00,2025.0,2025.7,2024.0,2024.0,44
2024-05-06 12:56:00,2024.0,2024.0,2024.0,2024.0,10
2024-05-06 12:57:00,2024.0,2024.0,2022.65,2022.65,22
2024-05-06 12:58:00,2022.65,2022.65,2022.65,2022.65,0
2024-05-06 12:59:00,2022.65,2023.9,2022.05,2023.9,5
2024-05-06 13:00:00,2023.9,2023.9,2022.0,2022.0,1
2024-05-06 13:01:00,2022.0,2023.4,2021.4,2021.4,23
2024-05-06 13:02:00,2021.4,2021.4,2021.4,2021.4,0
2024-05-06 13:03:00,2021.4,2021.4,2021.4,2021.4,0
2024-05-06 13:04:00,2021.4,2023.55,2021.4,2023.55,1
2024-05-06 13:05:00,2023.55,2023.55,2021.5,2023.15,23
2024-05-06 13:06:00,2023.15,2023.65,2023.15,2023.65,25
2024-05-06 13:07:00,2023.65,2023.65,2023.3,2023.3,5
2024-05-06 13:08:00,2023.3,2023.3,2021.4,2021.4,0
2024-05-06 13:09:00,2021.4,2022.0,2021.4,2022.0,68
2024-05-06 13:10:00,2022.0,2022.0,2020.6,2020.6,26
2024-05-06 13:11:00,2020.6,2020.6,2020.6,2020.6,0
2024-05-06 13:12:00,2020.6,2021.05,2020.6,2021.05,6
2024-05-06 13:13:00,2021.05,2022.95,2021.05,2022.95,40
2024-05-06 13:14:00,2022.95,2023.25,2021.3,2023.25,15
2024-05-06 13:15:00,2023.25,2023.25,2021.3,2022.6,18
2024-05-06 13:16:00,2022.6,2022.9,2021.4,2021.4,11
2024-05-06 13:17:00,2021.4,2023.35,2021.35,2023.35,109
2024-05-06 13:18:00,2023.35,2023.35,2023.0,2023.0,5
2024-05-06 13:19:00,2023.0,2023.65,2023.0,2023.65,10
2024-05-06 13:20:00,2023.65,2023.9,2021.25,2021.25,58
2024-05-06 13:21:00,2022.3,2023.45,2021.0,2021.0,118
2024-05-06 13:22:00,2021.0,2021.0,2021.0,2021.0,0
2024-05-06 13:23:00,2021.0,2022.9,2021.0,2022.9,22
2024-05-06 13:24:00,2022.9,2022.9,2021.15,2022.8,7
2024-05-06 13:25:00,2022.8,2022.8,2022.8,2022.8,0
2024-05-06 13:26:00,2022.9,2022.9,2021.0,2021.0,5
2024-05-06 13:27:00,2021.0,2022.6,2021.0,2022.6,55
2024-05-06 13:28:00,2022.6,2022.6,2022.6,2022.6,1
2024-05-06 13:29:00,2022.6,2023.0,2022.6,2023.0,50
2024-05-06 13:30:00,2022.9,2023.0,2022.9,2023.0,24
2024-05-06 13:31:00,2023.0,2023.0,2021.0,2021.0,8
2024-05-06 13:32:00,2022.9,2022.9,2021.0,2021.0,9
2024-05-06 13:33:00,2021.0,2022.8,2021.0,2022.8,3
2024-05-06 13:34:00,2022.9,2023.0,2021.25,2023.0,33
2024-05-06 13:35:00,2021.25,2022.65,2021.25,2022.65,2
2024-05-06 13:36:00,2022.65,2022.7,2022.65,2022.65,20
2024-05-06 13:37:00,2023.0,2023.0,2021.1,2022.0,56
2024-05-06 13:38:00,2022.0,2022.0,2022.0,2022.0,0
2024-05-06 13:39:00,2020.35,2020.35,2020.35,2020.35,52
2024-05-06 13:40:00,2020.35,2022.15,2020.1,2022.15,59
2024-05-06 13:41:00,2023.0,2023.0,2023.0,2023.0,11
2024-05-06 13:42:00,2023.0,2023.9,2023.0,2023.9,10
2024-05-06 13:43:00,2023.9,2023.9,2021.4,2023.9,17
2024-05-06 13:44:00,2023.9,2023.9,2022.0,2022.0,36
2024-05-06 13:45:00,2022.0,2022.05,2022.0,2022.05,1
2024-05-06 13:46:00,2022.05,2023.9,2022.05,2023.9,3
2024-05-06 13:47:00,2023.9,2023.9,2022.0,2023.9,10
2024-05-06 13:48:00,2023.9,2023.9,2023.9,2023.9,1
2024-05-06 13:49:00,2023.9,2024.0,2023.9,2024.0,97
2024-05-06 13:50:00,2024.0,2024.0,2022.1,2022.1,20
2024-05-06 13:51:00,2022.1,2022.1,2022.1,2022.1,0
2024-05-06 13:52:00,2022.1,2022.1,2022.1,2022.1,1
2024-05-06 13:53:00,2022.1,2023.95,2022.1,2023.95,1
2024-05-06 13:54:00,2023.95,2023.95,2023.95,2023.95,0
2024-05-06 13:55:00,2023.95,2023.95,2023.95,2023.95,0
2024-05-06 13:56:00,2023.95,2023.95,2023.95,2023.95,1
2024-05-06 13:57:00,2023.95,2024.65,2023.0,2023.0,54
2024-05-06 13:58:00,2023.0,2023.0,2023.0,2023.0,10
2024-05-06 13:59:00,2023.0,2023.0,2023.0,2023.0,45
2024-05-06 14:00:00,2023.0,2023.0,2020.1,2020.1,192
2024-05-06 14:01:00,2020.1,2021.75,2020.1,2021.7,1
2024-05-06 14:02:00,2021.75,2022.25,2021.75,2022.25,4
2024-05-06 14:03:00,2022.25,2022.25,2022.25,2022.25,0
2024-05-06 14:04:00,2023.0,2023.0,2023.0,2023.0,65
2024-05-06 14:05:00,2023.0,2023.0,2020.0,2020.0,278
2024-05-06 14:06:00,2020.0,2021.75,2020.0,2021.75,7
2024-05-06 14:07:00,2021.75,2021.75,2020.0,2020.0,33
2024-05-06 14:08:00,2020.0,2020.0,2020.0,2020.0,0
2024-05-06 14:09:00,2020.05,2020.05,2020.05,2020.05,6
2024-05-06 14:10:00,2020.0,2021.75,2020.0,2021.75,18
2024-05-06 14:11:00,2021.75,2021.75,2021.75,2021.75,1
2024-05-06 14:12:00,2021.75,2021.75,2021.75,2021.75,49
2024-05-06 14:13:00,2021.75,2021.75,2021.0,2021.0,22
2024-05-06 14:14:00,2021.0,2021.75,2020.0,2021.75,34
2024-05-06 14:15:00,2020.0,2020.0,2020.0,2020.0,3
2024-05-06 14:16:00,2020.0,2021.75,2020.0,2021.75,39
2024-05-06 14:17:00,2021.75,2021.75,2019.75,2021.35,245
2024-05-06 14:18:00,2021.45,2021.45,2015.85,2015.85,770
2024-05-06 14:19:00,2015.95,2017.95,2014.0,2014.2,172
2024-05-06 14:20:00,2014.2,2018.0,2014.0,2014.05,125
2024-05-06 14:21:00,2014.0,2015.95,2014.0,2014.0,72
2024-05-06 14:22:00,2014.0,2014.1,2012.0,2012.1,107
2024-05-06 14:23:00,2012.1,2012.75,2012.1,2012.15,43
2024-05-06 14:24:00,2012.15,2015.95,2012.15,2012.5,143
2024-05-06 14:25:00,2012.15,2013.9,2012.0,2012.1,57
2024-05-06 14:26:00,2014.0,2014.0,2012.0,2012.05,71
2024-05-06 14:27:00,2013.55,2013.75,2012.0,2012.0,53
2024-05-06 14:28:00,2012.0,2012.0,2011.2,2011.2,45
2024-05-06 14:29:00,2011.2,2012.65,2011.05,2012.65,51
2024-05-06 14:30:00,2012.65,2012.75,2011.05,2011.05,50
2024-05-06 14:31:00,2011.05,2012.5,2011.0,2011.0,89
2024-05-06 14:32:00,2011.0,2012.85,2011.0,2011.0,66
2024-05-06 14:33:00,2011.0,2012.7,2011.0,2011.0,57
2024-05-06 14:34:00,2011.0,2012.7,2011.0,2011.0,45
2024-05-06 14:35:00,2011.0,2012.8,2011.0,2011.0,63
2024-05-06 14:36:00,2012.7,2012.7,2011.0,2011.05,67
2024-05-06 14:37:00,2012.5,2012.8,2010.8,2011.5,93
2024-05-06 14:38:00,2013.25,2013.25,2010.1,2010.1,54
2024-05-06 14:39:00,2010.1,2012.0,2010.0,2012.0,61
2024-05-06 14:40:00,2012.0,2012.75,2010.05,2010.1,189
2024-05-06 14:41:00,2010.1,2012.65,2010.1,2011.55,116
2024-05-06 14:42:00,2011.55,2013.85,2010.95,2011.35,55
2024-05-06 14:43:00,2011.35,2012.95,2010.75,2010.75,75
2024-05-06 14:44:00,2010.75,2014.4,2010.1,2010.85,70
2024-05-06 14:45:00,2010.85,2015.3,2010.85,2015.3,91
2024-05-06 14:46:00,2018.1,2023.0,2018.1,2020.65,176
2024-05-06 14:47:00,2020.65,2021.35,2019.15,2019.15,92
2024-05-06 14:48:00,2019.15,2020.8,2017.8,2020.8,10
2024-05-06 14:49:00,2020.8,2020.8,2018.45,2020.4,124
2024-05-06 14:50:00,2020.4,2021.35,2018.85,2021.35,42
2024-05-06 14:51:00,2021.35,2021.35,2019.0,2019.0,33
2024-05-06 14:52:00,2019.0,2020.25,2016.95,2020.25,40
2024-05-06 14:53:00,2021.35,2023.25,2021.35,2023.25,235
2024-05-06 14:54:00,2021.05,2023.25,2021.05,2023.2,22
2024-05-06 14:55:00,2023.2,2023.2,2023.2,2023.2,1
2024-05-06 14:56:00,2021.1,2022.95,2020.9,2022.1,36
2024-05-06 14:57:00,2022.1,2022.1,2019.4,2021.05,24
2024-05-06 14:58:00,2021.05,2021.2,2018.75,2018.75,55
2024-05-06 14:59:00,2018.75,2020.3,2018.65,2020.3,36
2024-05-06 15:00:00,2020.0,2020.0,2017.65,2018.65,29
2024-05-06 15:01:00,2017.0,2018.9,2016.85,2018.9,49
2024-05-06 15:02:00,2018.9,2021.2,2018.9,2021.2,26
2024-05-06 15:03:00,2021.2,2023.15,2021.05,2023.15,109
2024-05-06 15:04:00,2023.15,2023.15,2019.85,2020.0,236
2024-05-06 15:05:00,2020.0,2020.3,2020.0,2020.3,22
2024-05-06 15:06:00,2020.3,2021.0,2020.3,2021.0,26
2024-05-06 15:07:00,2021.0,2022.6,2020.55,2020.55,39
2024-05-06 15:08:00,2021.85,2021.95,2021.85,2021.95,18
2024-05-06 15:09:00,2021.95,2024.4,2021.9,2024.4,96
2024-05-06 15:10:00,2022.7,2024.6,2021.35,2021.35,91
2024-05-06 15:11:00,2021.35,2023.15,2021.35,2023.15,3
2024-05-06 15:12:00,2023.15,2024.5,2023.15,2023.15,36
2024-05-06 15:13:00,2023.15,2023.15,2020.0,2020.0,87
2024-05-06 15:14:00,2020.0,2020.0,2016.55,2016.55,82
2024-05-06 15:15:00,2016.55,2018.2,2013.75,2017.85,357
2024-05-06 15:16:00,2017.85,2017.9,2014.85,2017.85,29
2024-05-06 15:17:00,2017.85,2018.25,2015.55,2015.55,80
2024-05-06 15:18:00,2015.55,2017.25,2015.55,2017.1,45
2024-05-06 15:19:00,2017.1,2020.05,2017.1,2020.05,35
2024-05-06 15:20:00,2020.05,2023.15,2019.05,2019.85,291
2024-05-06 15:21:00,2019.85,2023.1,2019.85,2023.1,35
2024-05-06 15:22:00,2023.1,2024.95,2023.1,2024.95,228
2024-05-06 15:23:00,2024.95,2024.95,2024.8,2024.95,50
2024-05-06 15:24:00,2024.95,2024.95,2024.8,2024.95,48
2024-05-06 15:25:00,2024.95,2024.95,2024.8,2024.95,37
2024-05-06 15:26:00,2024.95,2025.0,2024.8,2024.8,123
2024-05-06 15:27:00,2024.8,2024.8,2023.25,2024.0,48
2024-05-06 15:28:00,2024.0,2024.0,2023.0,2023.0,57
2024-05-06 15:29:00,2023.0,2024.5,2023.0,2023.0,296
2024-05-07 09:15:00,2016.0,2022.5,2016.0,2016.7,75
2024-05-07 09:16:00,2021.65,2021.65,2015.2,2016.0,159
2024-05-07 09:17:00,2016.0,2018.25,2015.35,2018.0,49
2024-05-07 09:18:00,2016.8,2019.0,2015.0,2019.0,240
2024-05-07 09:19:00,2019.0,2019.95,2019.0,2019.0,22
2024-05-07 09:20:00,2019.0,2019.0,2014.7,2014.75,130
2024-05-07 09:21:00,2014.75,2020.95,2012.3,2015.0,184
2024-05-07 09:22:00,2015.0,2015.0,2010.2,2011.85,86
2024-05-07 09:23:00,2011.85,2014.6,2010.7,2014.0,113
2024-05-07 09:24:00,2014.0,2014.3,2011.35,2011.35,50
2024-05-07 09:25:00,2011.35,2011.35,2010.45,2011.0,26
2024-05-07 09:26:00,2011.0,2011.0,2005.05,2008.5,433
2024-05-07 09:27:00,2006.8,2008.5,2003.0,2006.35,533
2024-05-07 09:28:00,2006.35,2006.35,2002.5,2002.5,613
2024-05-07 09:29:00,2002.0,2003.6,2000.0,2003.5,406
2024-05-07 09:30:00,2003.6,2006.75,2000.0,2006.7,1124
2024-05-07 09:31:00,2006.7,2006.75,2003.45,2006.0,162
2024-05-07 09:32:00,2006.0,2006.0,2000.0,2003.1,161
2024-05-07 09:33:00,2003.1,2003.1,2003.0,2003.0,2
2024-05-07 09:34:00,2003.3,2003.95,2001.0,2001.0,71
2024-05-07 09:35:00,2001.0,2004.1,2001.0,2003.4,62
2024-05-07 09:36:00,2003.4,2003.65,2000.0,2002.25,253
2024-05-07 09:37:00,2002.25,2002.25,2000.0,2000.0,97
2024-05-07 09:38:00,2000.0,2001.8,1999.0,2000.0,499
2024-05-07 09:39:00,2000.0,2001.65,1999.0,2000.7,172
2024-05-07 09:40:00,2000.7,2000.7,1997.0,1998.4,353
2024-05-07 09:41:00,1998.4,1999.1,1998.0,1999.1,72
2024-05-07 09:42:00,1999.1,2000.75,1999.1,2000.75,32
2024-05-07 09:43:00,2000.75,2006.2,2000.75,2005.75,108
2024-05-07 09:44:00,2005.75,2006.35,2004.0,2006.15,22
2024-05-07 09:45:00,2006.15,2007.6,2006.1,2006.1,17
2024-05-07 09:46:00,2006.1,2008.15,2006.1,2006.1,30
2024-05-07 09:47:00,2006.1,2010.85,2006.1,2010.85,285
2024-05-07 09:48:00,2012.65,2016.2,2012.65,2013.75,50
2024-05-07 09:49:00,2013.75,2014.9,2012.8,2012.8,23
2024-05-07 09:50:00,2012.8,2012.8,2010.15,2010.6,36
2024-05-07 09:51:00,2010.6,2013.5,2010.6,2010.85,35
2024-05-07 09:52:00,2010.85,2010.85,2009.8,2009.8,7
2024-05-07 09:53:00,2009.8,2010.85,2007.45,2007.45,136
2024-05-07 09:54:00,2007.45,2010.55,2006.3,2009.4,155
2024-05-07 09:55:00,2009.4,2009.45,2006.75,2006.75,11
2024-05-07 09:56:00,2006.75,2008.4,2005.4,2005.4,55
2024-05-07 09:57:00,2005.4,2005.4,2005.35,2005.35,22
2024-05-07 09:58:00,2005.35,2005.35,2005.25,2005.25,5
2024-05-07 09:59:00,2005.25,2005.25,2000.1,2000.1,623
2024-05-07 10:00:00,2000.1,2003.2,2000.1,2003.2,212
2024-05-07 10:01:00,2003.2,2003.3,2001.05,2003.3,14
2024-05-07 10:02:00,2003.3,2003.3,2001.0,2001.05,3
2024-05-07 10:03:00,2001.05,2004.2,2001.05,2003.85,124
2024-05-07 10:04:00,2003.85,2003.85,2001.45,2001.45,6
2024-05-07 10:05:00,2001.45,2003.8,2001.1,2001.1,49
2024-05-07 10:06:00,2001.05,2003.35,2001.05,2003.2,30
2024-05-07 10:07:00,2003.2,2003.3,2003.2,2003.3,48
2024-05-07 10:08:00,2003.3,2003.85,2002.3,2002.3,26
2024-05-07 10:09:00,2002.3,2005.0,2002.3,2003.05,71
2024-05-07 10:10:00,2003.05,2003.05,2001.4,2001.4,75
2024-05-07 10:11:00,2001.4,2003.3,2001.4,2003.3,12
2024-05-07 10:12:00,2003.3,2003.4,1998.0,1999.4,1092
2024-05-07 10:13:00,1997.35,1999.45,1997.35,1999.45,16
2024-05-07 10:14:00,1999.45,2000.8,1999.0,1999.1,90
2024-05-07 10:15:00,1999.1,2000.4,1997.6,1997.6,7
2024-05-07 10:16:00,1997.6,1999.75,1997.5,1999.55,14
2024-05-07 10:17:00,1999.55,1999.55,1999.0,1999.0,22
2024-05-07 10:18:00,1999.0,1999.3,1997.45,1999.2,73
2024-05-07 10:19:00,1999.2,1999.55,1999.0,1999.35,27
2024-05-07 10:20:00,1999.35,1999.35,1999.05,1999.05,9
2024-05-07 10:21:00,1999.05,1999.55,1998.05,1999.55,35
2024-05-07 10:22:00,1999.55,1999.85,1998.15,1999.55,36
2024-05-07 10:23:00,1999.55,1999.65,1997.55,1999.0,145
2024-05-07 10:24:00,1999.0,1999.3,1997.35,1997.35,55
2024-05-07 10:25:00,1997.35,1999.9,1997.35,1999.15,36
2024-05-07 10:26:00,1999.15,1999.35,1997.35,1999.35,20
2024-05-07 10:27:00,1999.4,1999.45,1999.4,1999.45,3
2024-05-07 10:28:00,1999.45,1999.45,1997.0,1997.0,142
2024-05-07 10:29:00,1997.75,1998.1,1997.0,1998.0,31
2024-05-07 10:30:00,1998.0,1999.3,1997.0,1999.2,42
2024-05-07 10:31:00,1999.2,1999.2,1998.0,1998.0,2
2024-05-07 10:32:00,1998.0,1999.15,1997.95,1997.95,20
2024-05-07 10:33:00,1997.95,1997.95,1994.05,1994.1,456
2024-05-07 10:34:00,1994.1,1996.0,1994.1,1995.8,20
2024-05-07 10:35:00,1995.8,1995.8,1993.05,1994.7,78
2024-05-07 10:36:00,1994.75,1995.35,1994.75,1995.35,25
2024-05-07 10:37:00,1995.35,1995.35,1993.95,1993.95,18
2024-05-07 10:38:00,1993.95,1994.0,1992.0,1992.8,218
2024-05-07 10:39:00,1992.8,1993.2,1990.0,1990.0,365
2024-05-07 10:40:00,1993.1,1993.1,1991.85,1992.1,2
2024-05-07 10:41:00,1992.1,1994.0,1991.05,1993.65,281
2024-05-07 10:42:00,1993.65,1993.65,1990.05,1992.45,137
2024-05-07 10:43:00,1990.35,1992.6,1990.0,1992.6,76
2024-05-07 10:44:00,1992.45,1992.45,1990.0,1992.3,41
2024-05-07 10:45:00,1992.3,1993.45,1992.3,1993.45,16
2024-05-07 10:46:00,1993.45,1993.5,1991.8,1993.4,21
2024-05-07 10:47:00,1993.4,1993.4,1991.0,1992.8,57
2024-05-07 10:48:00,1992.8,1992.8,1991.0,1992.8,7
2024-05-07 10:49:00,1992.8,1992.8,1992.7,1992.8,31
2024-05-07 10:50:00,1992.8,1993.3,1991.35,1991.35,32
2024-05-07 10:51:00,1991.35,1993.4,1990.0,1992.1,223
2024-05-07 10:52:00,1992.1,1992.1,1990.0,1990.9,300
2024-05-07 10:53:00,1990.95,1990.95,1989.0,1989.0,51
2024-05-07 10:54:00,1989.0,1990.35,1988.0,1989.15,58
2024-05-07 10:55:00,1989.15,1991.35,1989.0,1991.35,128
2024-05-07 10:56:00,1991.35,1991.75,1989.2,1989.2,49
2024-05-07 10:57:00,1989.2,1992.75,1989.2,1992.75,13
2024-05-07 10:58:00,1992.75,1992.85,1990.4,1992.85,11
2024-05-07 10:59:00,1992.85,1993.95,1991.0,1993.95,81
2024-05-07 11:00:00,1993.9,1993.95,1993.0,1993.0,10
2024-05-07 11:01:00,1993.0,1995.55,1993.0,1995.55,50
2024-05-07 11:02:00,1995.55,1998.5,1995.55,1998.5,23
2024-05-07 11:03:00,1998.5,1999.6,1998.5,1999.6,23
2024-05-07 11:04:00,1999.6,1999.6,1996.85,1998.95,55
2024-05-07 11:05:00,1998.95,1998.95,1998.95,1998.95,2
2024-05-07 11:06:00,1998.95,1999.35,1996.95,1999.35,19
2024-05-07 11:07:00,1999.35,1999.35,1996.2,1996.2,47
2024-05-07 11:08:00,1996.2,1997.2,1996.2,1997.2,9
2024-05-07 11:09:00,1998.05,1999.2,1996.0,1996.15,102
2024-05-07 11:10:00,1996.15,1998.1,1996.15,1996.4,28
2024-05-07 11:11:00,1996.4,1997.15,1996.4,1996.4,9
2024-05-07 11:12:00,1996.4,1996.9,1996.4,1996.9,7
2024-05-07 11:13:00,1996.9,1996.95,1996.9,1996.95,15
2024-05-07 11:14:00,1996.95,1996.95,1994.6,1994.85,51
2024-05-07 11:15:00,1994.85,1994.85,1994.0,1994.0,102
2024-05-07 11:16:00,1992.05,1993.4,1992.0,1992.0,33
2024-05-07 11:17:00,1992.0,1992.0,1990.5,1991.65,62
2024-05-07 11:18:00,1990.35,1990.9,1990.0,1990.0,161
2024-05-07 11:19:00,1990.0,1991.35,1990.0,1991.35,49
2024-05-07 11:20:00,1991.35,1991.35,1991.35,1991.35,1
2024-05-07 11:21:00,1991.35,1991.35,1988.8,1990.45,82
2024-05-07 11:22:00,1990.45,1990.45,1988.8,1990.25,58
2024-05-07 11:23:00,1990.25,1990.55,1989.9,1990.0,47
2024-05-07 11:24:00,1990.0,1990.45,1988.8,1990.25,28
2024-05-07 11:25:00,1990.25,1990.25,1990.15,1990.15,3
2024-05-07 11:26:00,1990.15,1990.15,1988.8,1989.9,26
2024-05-07 11:27:00,1989.9,1991.35,1988.8,1988.8,200
2024-05-07 11:28:00,1988.8,1990.55,1988.8,1990.5,10
2024-05-07 11:29:00,1990.5,1990.5,1988.8,1990.2,21
2024-05-07 11:30:00,1990.2,1990.55,1990.2,1990.55,127
2024-05-07 11:31:00,1990.55,1992.05,1990.0,1990.0,66
2024-05-07 11:32:00,1992.7,1992.7,1990.15,1992.45,34
2024-05-07 11:33:00,1992.45,1992.9,1992.45,1992.9,18
2024-05-07 11:34:00,1992.9,1992.9,1992.45,1992.5,2
2024-05-07 11:35:00,1992.5,1992.7,1992.5,1992.7,4
2024-05-07 11:36:00,1992.7,1992.75,1990.4,1990.4,64
2024-05-07 11:37:00,1990.4,1990.4,1990.0,1990.4,143
2024-05-07 11:38:00,1990.4,1990.4,1989.0,1989.95,21
2024-05-07 11:39:00,1989.85,1990.0,1988.8,1988.8,27
2024-05-07 11:40:00,1988.8,1990.0,1988.8,1988.8,21
2024-05-07 11:41:00,1988.8,1990.0,1988.8,1990.0,22
2024-05-07 11:42:00,1990.0,1990.0,1989.0,1990.0,18
2024-05-07 11:43:00,1990.0,1990.0,1989.95,1989.95,38
2024-05-07 11:44:00,1989.95,1996.05,1989.95,1996.05,424
2024-05-07 11:45:00,1996.05,1996.05,1992.45,1992.45,18
2024-05-07 11:46:00,1992.45,1994.2,1992.45,1994.2,7
2024-05-07 11:47:00,1994.2,1997.25,1992.3,1997.25,82
2024-05-07 11:48:00,1997.25,1997.25,1995.0,1997.05,45
2024-05-07 11:49:00,1997.05,1997.05,1997.05,1997.05,7
2024-05-07 11:50:00,1997.05,1997.05,1990.95,1992.3,57
2024-05-07 11:51:00,1992.3,1994.3,1992.3,1994.25,15
2024-05-07 11:52:00,1994.25,1994.5,1992.05,1992.05,11
2024-05-07 11:53:00,1992.05,1996.0,1992.05,1996.0,77
2024-05-07 11:54:00,1996.0,1996.0,1996.0,1996.0,26
2024-05-07 11:55:00,1996.0,1996.0,1992.05,1994.8,110
2024-05-07 11:56:00,1994.8,1994.8,1994.0,1994.7,8
2024-05-07 11:57:00,1991.5,1992.25,1989.5,1991.4,397
2024-05-07 11:58:00,1991.4,1993.75,1991.35,1993.75,77
2024-05-07 11:59:00,1993.75,1994.05,1990.35,1990.35,11
2024-05-07 12:00:00,1991.05,1991.05,1991.0,1991.0,176
2024-05-07 12:01:00,1991.0,1991.6,1991.0,1991.5,56
2024-05-07 12:02:00,1991.5,1991.5,1991.5,1991.5,5
2024-05-07 12:03:00,1991.5,1991.5,1989.0,1990.85,93
2024-05-07 12:04:00,1990.85,1990.85,1990.85,1990.85,26
2024-05-07 12:05:00,1990.85,1992.3,1990.85,1992.2,3
2024-05-07 12:06:00,1992.2,1993.3,1990.05,1990.05,86
2024-05-07 12:07:00,1990.05,1991.95,1990.0,1991.95,8
2024-05-07 12:08:00,1991.95,1991.95,1991.7,1991.75,15
2024-05-07 12:09:00,1991.75,1992.3,1991.75,1992.3,11
2024-05-07 12:10:00,1992.3,1992.95,1991.0,1992.45,21
2024-05-07 12:11:00,1992.45,1992.75,1991.0,1991.0,33
2024-05-07 12:12:00,1991.0,1991.0,1990.0,1990.0,230
2024-05-07 12:13:00,1990.0,1992.2,1990.0,1992.2,35
2024-05-07 12:14:00,1992.2,1992.25,1990.05,1991.9,21
2024-05-07 12:15:00,1991.7,1993.4,1991.65,1993.4,63
2024-05-07 12:16:00,1993.4,1993.4,1990.85,1992.35,7
2024-05-07 12:17:00,1992.35,1992.65,1992.35,1992.65,1
2024-05-07 12:18:00,1992.65,1993.15,1990.55,1991.4,32
2024-05-07 12:19:00,1991.4,1993.2,1991.4,1993.2,101
2024-05-07 12:20:00,1993.2,1993.4,1991.1,1993.4,16
2024-05-07 12:21:00,1993.4,1993.4,1991.35,1993.05,22
2024-05-07 12:22:00,1993.05,1993.05,1993.05,1993.05,1
2024-05-07 12:23:00,1993.05,1995.0,1993.05,1995.0,56
2024-05-07 12:24:00,1995.0,1995.0,1990.05,1994.65,247
2024-05-07 12:25:00,1995.45,1997.5,1995.45,1997.5,36
2024-05-07 12:26:00,1997.5,1997.5,1997.25,1997.25,10
2024-05-07 12:27:00,1997.25,1998.55,1997.0,1998.55,85
2024-05-07 12:28:00,1998.55,1998.55,1998.35,1998.35,5
2024-05-07 12:29:00,1998.35,2007.0,1998.35,2005.2,543
2024-05-07 12:30:00,2005.2,2007.3,2005.0,2005.0,800
2024-05-07 12:31:00,2005.0,2005.0,2001.25,2002.35,102
2024-05-07 12:32:00,2000.0,2000.35,2000.0,2000.35,15
2024-05-07 12:33:00,2000.35,2000.35,1998.55,1998.55,17
2024-05-07 12:34:00,1998.55,2001.6,1998.55,2001.6,42
2024-05-07 12:35:00,2000.55,2001.55,2000.3,2001.55,32
2024-05-07 12:36:00,2001.55,2001.55,1998.0,1998.0,213
2024-05-07 12:37:00,1998.0,1998.3,1997.9,1997.9,5
2024-05-07 12:38:00,1997.9,1997.9,1997.9,1997.9,2
2024-05-07 12:39:00,1997.9,1997.9,1995.05,1995.05,7
2024-05-07 12:40:00,1995.05,1995.05,1995.0,1995.0,43
2024-05-07 12:41:00,1995.0,1996.95,1995.0,1995.0,26
2024-05-07 12:42:00,1995.0,1995.0,1995.0,1995.0,0
2024-05-07 12:43:00,1997.05,1997.5,1995.4,1997.5,109
2024-05-07 12:44:00,1997.5,1998.35,1997.5,1998.35,114
2024-05-07 12:45:00,1998.35,1999.1,1998.35,1999.0,68
2024-05-07 12:46:00,1999.0,1999.75,1996.7,1998.15,43
2024-05-07 12:47:00,1998.15,1998.15,1998.0,1998.0,15
2024-05-07 12:48:00,1998.0,1998.0,1995.85,1995.85,5
2024-05-07 12:49:00,1995.85,1998.0,1995.85,1996.05,6
2024-05-07 12:50:00,1996.05,1998.0,1996.05,1998.0,8
2024-05-07 12:51:00,1998.0,1998.0,1997.9,1997.95,32
2024-05-07 12:52:00,1997.95,1997.95,1997.0,1997.0,4
2024-05-07 12:53:00,1997.0,1997.0,1995.85,1995.85,4
2024-05-07 12:54:00,1995.85,1998.55,1995.85,1996.1,106
2024-05-07 12:55:00,1996.1,1998.7,1996.1,1998.7,21
2024-05-07 12:56:00,1998.7,1998.7,1998.0,1998.0,4
2024-05-07 12:57:00,1998.0,1998.0,1996.45,1996.45,4
2024-05-07 12:58:00,1996.45,1998.0,1996.45,1998.0,19
2024-05-07 12:59:00,1998.0,2002.1,1998.0,2002.0,35
2024-05-07 13:00:00,2002.0,2003.15,1999.65,2003.15,53
2024-05-07 13:01:00,2003.15,2003.15,2003.15,2003.15,0
2024-05-07 13:02:00,2003.15,2003.15,2000.85,2002.25,13
2024-05-07 13:03:00,2002.25,2002.25,2002.2,2002.2,10
2024-05-07 13:04:00,2002.2,2002.2,2002.2,2002.2,0
2024-05-07 13:05:00,2002.2,2002.2,1998.05,1998.05,125
2024-05-07 13:06:00,1998.05,2000.25,1998.05,2000.25,15
2024-05-07 13:07:00,2000.25,2000.25,1998.05,1998.05,16
2024-05-07 13:08:00,1998.05,1999.8,1998.05,1998.05,3
2024-05-07 13:09:00,1998.05,1998.05,1998.05,1998.05,11
2024-05-07 13:10:00,1998.05,2000.35,1998.05,2000.15,59
2024-05-07 13:11:00,2000.15,2000.15,1998.55,1998.55,1
2024-05-07 13:12:00,1998.55,2000.15,1998.55,2000.15,12
2024-05-07 13:13:00,2000.15,2000.15,1999.9,1999.95,7
2024-05-07 13:14:00,1999.95,1999.95,1998.55,1998.55,1
2024-05-07 13:15:00,1998.55,1998.55,1998.0,1998.55,55
2024-05-07 13:16:00,1998.55,1999.15,1996.1,1998.4,121
2024-05-07 13:17:00,1998.4,1998.55,1997.3,1997.3,9
2024-05-07 13:18:00,1997.3,1997.3,1997.3,1997.3,17
2024-05-07 13:19:00,1998.3,1998.3,1996.25,1996.25,78
2024-05-07 13:20:00,1996.25,2000.0,1996.25,2000.0,13
2024-05-07 13:21:00,2000.0,2004.0,2000.0,2004.0,212
2024-05-07 13:22:00,2004.0,2004.0,2003.35,2003.8,11
2024-05-07 13:23:00,2003.8,2005.0,2003.8,2005.0,1
2024-05-07 13:24:00,2005.0,2005.0,2001.45,2001.45,130
2024-05-07 13:25:00,2001.45,2001.45,1999.55,2001.4,61
2024-05-07 13:26:00,2001.4,2003.3,2001.4,2003.3,18
2024-05-07 13:27:00,2003.3,2003.4,2003.3,2003.4,6
2024-05-07 13:28:00,2003.4,2004.95,2002.1,2004.5,5
2024-05-07 13:29:00,2004.5,2004.5,2002.3,2002.3,46
2024-05-07 13:30:00,2002.3,2005.0,2002.3,2005.0,65
2024-05-07 13:31:00,2005.0,2005.35,2004.0,2005.35,110
2024-05-07 13:32:00,2005.35,2005.75,2005.35,2005.75,1
2024-05-07 13:33:00,2005.75,2005.75,2005.65,2005.65,1
2024-05-07 13:34:00,2005.65,2005.65,2002.15,2002.15,112
2024-05-07 13:35:00,2002.15,2004.6,2002.05,2002.05,5
2024-05-07 13:36:00,2002.05,2005.15,2002.05,2005.15,52
2024-05-07 13:37:00,2005.15,2005.15,2004.9,2004.9,1
2024-05-07 13:38:00,2004.9,2004.9,2002.05,2002.05,23
2024-05-07 13:39:00,2002.05,2004.5,2002.05,2004.5,5
2024-05-07 13:40:00,2004.5,2004.5,2003.0,2003.0,1
2024-05-07 13:41:00,2003.0,2004.8,2003.0,2004.5,6
2024-05-07 13:42:00,2004.5,2004.8,2003.15,2003.15,32
2024-05-07 13:43:00,2003.15,2003.15,2003.15,2003.15,5
2024-05-07 13:44:00,2005.15,2005.15,2003.15,2003.15,7
2024-05-07 13:45:00,2003.15,2005.15,2003.15,2005.15,11
2024-05-07 13:46:00,2005.15,2007.55,2003.9,2007.55,241
2024-05-07 13:47:00,2007.55,2008.55,2007.0,2008.55,6
2024-05-07 13:48:00,2008.55,2009.95,2008.55,2009.9,124
2024-05-07 13:49:00,2009.9,2009.9,2007.2,2007.2,10
2024-05-07 13:50:00,2007.2,2008.55,2007.2,2008.5,11
2024-05-07 13:51:00,2008.5,2008.5,2005.9,2005.9,8
2024-05-07 13:52:00,2005.9,2006.95,2005.3,2006.95,14
2024-05-07 13:53:00,2006.95,2007.15,2006.95,2007.15,6
2024-05-07 13:54:00,2007.15,2007.35,2005.0,2005.05,42
2024-05-07 13:55:00,2005.05,2007.0,2004.45,2004.45,60
2024-05-07 13:56:00,2004.45,2005.3,2003.75,2005.3,32
2024-05-07 13:57:00,2005.3,2006.9,2004.0,2004.25,71
2024-05-07 13:58:00,2004.25,2007.5,2004.25,2007.5,31
2024-05-07 13:59:00,2007.5,2007.5,2007.4,2007.5,20
2024-05-07 14:00:00,2007.5,2007.5,2007.5,2007.5,33
2024-05-07 14:01:00,2007.5,2007.5,2007.5,2007.5,0
2024-05-07 14:02:00,2007.5,2007.5,2007.0,2007.0,5
2024-05-07 14:03:00,2007.0,2007.2,2007.0,2007.2,2
2024-05-07 14:04:00,2007.2,2007.95,2006.55,2007.95,30
2024-05-07 14:05:00,2007.95,2007.95,2005.45,2005.45,39
2024-05-07 14:06:00,2005.45,2005.45,2005.45,2005.45,10
2024-05-07 14:07:00,2005.45,2005.45,2005.45,2005.45,0
2024-05-07 14:08:00,2005.45,2005.45,2003.15,2003.15,61
2024-05-07 14:09:00,2003.15,2005.05,2003.15,2005.05,17
2024-05-07 14:10:00,2005.05,2005.05,2000.0,2000.0,251
2024-05-07 14:11:00,2000.0,2000.0,1996.05,1996.05,396
2024-05-07 14:12:00,1996.05,1997.8,1996.05,1996.1,33
2024-05-07 14:13:00,1996.05,1999.05,1996.05,1999.05,55
2024-05-07 14:14:00,1996.8,1998.55,1996.05,1996.05,40
2024-05-07 14:15:00,1996.05,1998.0,1996.05,1997.85,41
2024-05-07 14:16:00,1996.05,1998.0,1996.05,1998.0,74
2024-05-07 14:17:00,1996.05,1998.35,1996.05,1996.1,59
2024-05-07 14:18:00,1996.05,1997.6,1995.9,1997.6,132
2024-05-07 14:19:00,1995.85,1998.0,1995.75,1996.0,79
2024-05-07 14:20:00,1995.7,1997.55,1995.5,1995.95,32
2024-05-07 14:21:00,1995.95,1996.15,1995.5,1995.5,284
2024-05-07 14:22:00,1995.2,1997.35,1995.0,1996.95,52
2024-05-07 14:23:00,1995.05,1996.9,1995.0,1995.5,45
2024-05-07 14:24:00,1995.5,1995.5,1995.0,1995.5,37
2024-05-07 14:25:00,1995.0,1995.5,1993.4,1994.0,101
2024-05-07 14:26:00,1993.0,1994.9,1993.0,1994.85,97
2024-05-07 14:27:00,1994.2,1995.65,1993.05,1994.95,38
2024-05-07 14:28:00,1993.35,1995.25,1993.0,1993.0,54
2024-05-07 14:29:00,1993.05,1993.05,1993.0,1993.0,13
2024-05-07 14:30:00,1993.0,1995.3,1992.1,1995.3,31
2024-05-07 14:31:00,1995.3,1995.3,1993.1,1995.25,22
2024-05-07 14:32:00,1995.25,1996.65,1993.65,1995.4,115
2024-05-07 14:33:00,1995.4,1996.6,1994.65,1996.6,14
2024-05-07 14:34:00,1996.6,1996.65,1994.25,1996.65,15
2024-05-07 14:35:00,1996.65,1997.45,1996.6,1997.05,68
2024-05-07 14:36:00,1997.05,1998.0,1997.0,1998.0,12
2024-05-07 14:37:00,1998.0,1998.95,1997.05,1997.05,32
2024-05-07 14:38:00,1997.05,2000.0,1997.05,1999.25,76
2024-05-07 14:39:00,1999.25,1999.65,1997.8,1998.05,15
2024-05-07 14:40:00,1999.95,2000.0,1999.0,1999.05,155
2024-05-07 14:41:00,1999.05,2000.5,1997.45,1997.45,15
2024-05-07 14:42:00,1997.45,1997.8,1997.45,1997.8,16
2024-05-07 14:43:00,1997.8,1998.0,1997.8,1998.0,13
2024-05-07 14:44:00,1998.0,1999.7,1997.1,1997.8,48
2024-05-07 14:45:00,1997.8,1999.9,1997.75,1997.9,14
2024-05-07 14:46:00,1997.9,1999.95,1997.65,1999.95,20
2024-05-07 14:47:00,1999.95,1999.95,1997.1,1997.1,41
2024-05-07 14:48:00,1997.15,1999.65,1997.05,1999.65,71
2024-05-07 14:49:00,1999.65,1999.65,1997.65,1997.65,13
2024-05-07 14:50:00,1997.65,2002.4,1997.6,2002.4,52
2024-05-07 14:51:00,2002.4,2002.4,2000.0,2001.55,23
2024-05-07 14:52:00,2001.55,2001.55,1997.65,1997.65,14
2024-05-07 14:53:00,1997.65,2000.0,1997.65,2000.0,23
2024-05-07 14:54:00,2000.0,2000.65,1998.1,2000.65,46
2024-05-07 14:55:00,2000.65,2000.65,1998.15,1999.85,16
2024-05-07 14:56:00,1999.85,1999.85,1998.1,1998.2,13
2024-05-07 14:57:00,1998.2,2000.25,1998.1,2000.0,31
2024-05-07 14:58:00,2000.0,2000.0,1998.2,1998.2,91
2024-05-07 14:59:00,1998.2,2000.15,1998.2,1999.15,14
2024-05-07 15:00:00,1999.8,2005.35,1999.8,2005.35,52
2024-05-07 15:01:00,2005.35,2005.35,2004.0,2005.3,45
2024-05-07 15:02:00,2005.3,2007.4,2005.3,2007.0,34
2024-05-07 15:03:00,2007.0,2008.7,2007.0,2008.25,58
2024-05-07 15:04:00,2007.8,2009.85,2007.0,2008.0,172
2024-05-07 15:05:00,2008.0,2009.8,2006.5,2007.35,77
2024-05-07 15:06:00,2007.35,2007.4,2002.15,2004.4,174
2024-05-07 15:07:00,2004.45,2006.65,2004.35,2004.35,19
2024-05-07 15:08:00,2004.35,2006.25,2003.0,2003.0,191
2024-05-07 15:09:00,2003.0,2009.8,2002.0,2009.8,264
2024-05-07 15:10:00,2007.9,2009.75,2005.4,2005.4,140
2024-05-07 15:11:00,2005.4,2008.5,2005.4,2008.25,83
2024-05-07 15:12:00,2006.55,2008.25,2006.55,2006.55,24
2024-05-07 15:13:00,2006.55,2007.9,2006.55,2006.55,21
2024-05-07 15:14:00,2006.55,2008.3,2004.7,2006.05,37
2024-05-07 15:15:00,2006.05,2006.05,2000.75,2004.0,394
2024-05-07 15:16:00,2004.0,2004.0,2000.0,2000.0,69
2024-05-07 15:17:00,2001.7,2001.7,2000.2,2000.2,7
2024-05-07 15:18:00,2000.2,2001.7,2000.0,2000.2,51
2024-05-07 15:19:00,2001.7,2001.7,2001.0,2001.65,50
2024-05-07 15:20:00,2001.65,2003.9,2000.0,2000.0,534
2024-05-07 15:21:00,2000.0,2003.85,2000.0,2003.6,101
2024-05-07 15:22:00,2003.6,2003.65,2001.65,2001.85,23
2024-05-07 15:23:00,2001.85,2003.85,2001.85,2003.25,62
2024-05-07 15:24:00,2003.25,2003.25,2002.0,2002.2,79
2024-05-07 15:25:00,2002.2,2002.2,2002.0,2002.2,48
2024-05-07 15:26:00,2002.2,2002.55,2000.0,2002.55,102
2024-05-07 15:27:00,2002.55,2003.0,2001.0,2001.8,51
2024-05-07 15:28:00,2001.8,2002.65,2000.0,2000.0,182
2024-05-07 15:29:00,2000.0,2009.8,2000.0,2009.8,467
2024-05-08 09:15:00,2004.0,2007.85,2000.3,2004.35,217
2024-05-08 09:16:00,2009.85,2009.85,1999.55,1999.55,309
2024-05-08 09:17:00,1995.0,1998.75,1962.05,1988.75,2663
2024-05-08 09:18:00,1988.2,1988.2,1979.75,1984.0,546
2024-05-08 09:19:00,1984.0,1986.0,1980.05,1982.65,220
2024-05-08 09:20:00,1982.65,1985.55,1980.5,1983.35,77
2024-05-08 09:21:00,1984.85,1985.95,1982.4,1984.25,161
2024-05-08 09:22:00,1984.25,1985.9,1983.25,1983.3,233
2024-05-08 09:23:00,1983.3,1994.95,1983.3,1993.7,218
2024-05-08 09:24:00,1994.85,1996.95,1992.5,1996.4,358
2024-05-08 09:25:00,1996.4,1998.75,1994.4,1997.3,49
2024-05-08 09:26:00,1997.3,1998.8,1995.9,1998.6,33
2024-05-08 09:27:00,1998.6,2000.95,1997.9,2000.0,122
2024-05-08 09:28:00,2000.0,2000.0,1993.6,1996.95,57
2024-05-08 09:29:00,1996.95,1997.0,1992.6,1992.9,669
2024-05-08 09:30:00,1993.25,1994.5,1990.0,1991.85,95
2024-05-08 09:31:00,1991.85,1995.0,1991.85,1995.0,7
2024-05-08 09:32:00,1995.0,1998.35,1995.0,1998.35,76
2024-05-08 09:33:00,1998.35,1998.35,1995.05,1997.15,62
2024-05-08 09:34:00,1997.4,2000.2,1997.4,1999.95,109
2024-05-08 09:35:00,1999.95,2001.0,1998.25,2001.0,247
2024-05-08 09:36:00,2001.0,2002.4,2000.65,2002.4,27
2024-05-08 09:37:00,2002.4,2002.4,2002.3,2002.4,43
2024-05-08 09:38:00,2002.4,2002.4,2000.45,2002.4,15
2024-05-08 09:39:00,2002.4,2002.4,2000.25,2002.4,12
2024-05-08 09:40:00,2002.4,2004.65,2002.4,2002.55,11
2024-05-08 09:41:00,2002.55,2005.05,2002.55,2004.9,18
2024-05-08 09:42:00,2004.85,2005.8,2003.1,2005.8,22
2024-05-08 09:43:00,2005.8,2005.8,2003.55,2003.55,2
2024-05-08 09:44:00,2001.25,2001.25,2001.25,2001.25,65
2024-05-08 09:45:00,2001.25,2001.25,2000.0,2000.35,96
2024-05-08 09:46:00,2000.35,2001.9,2000.35,2001.9,24
2024-05-08 09:47:00,2001.9,2001.9,2001.9,2001.9,1
2024-05-08 09:48:00,2001.9,2001.9,1998.0,2000.9,38
2024-05-08 09:49:00,2000.9,2000.9,1998.45,2000.9,36
2024-05-08 09:50:00,2000.9,2000.9,1998.05,1998.8,76
2024-05-08 09:51:00,1998.8,2000.0,1998.5,2000.0,17
2024-05-08 09:52:00,2000.0,2001.4,2000.0,2001.4,11
2024-05-08 09:53:00,2001.4,2001.4,1998.8,1998.8,30
2024-05-08 09:54:00,1998.8,1999.95,1996.0,1996.0,362
2024-05-08 09:55:00,1995.0,1996.1,1993.0,1993.8,81
2024-05-08 09:56:00,1993.8,1997.95,1992.3,1997.85,77
2024-05-08 09:57:00,1997.85,1997.85,1995.0,1995.0,43
2024-05-08 09:58:00,1995.0,1996.35,1994.55,1996.35,49
2024-05-08 09:59:00,1996.35,1996.65,1996.35,1996.6,11
2024-05-08 10:00:00,1996.6,2000.0,1995.3,2000.0,199
2024-05-08 10:01:00,2000.0,2000.0,2000.0,2000.0,10
2024-05-08 10:02:00,2000.0,2000.25,2000.0,2000.25,10
2024-05-08 10:03:00,2000.25,2000.25,2000.0,2000.25,31
2024-05-08 10:04:00,2000.25,2000.25,1995.9,1995.9,68
2024-05-08 10:05:00,1995.9,1998.45,1995.9,1998.45,11
2024-05-08 10:06:00,1998.45,1998.45,1997.15,1997.15,29
2024-05-08 10:07:00,1999.4,1999.5,1999.4,1999.5,20
2024-05-08 10:08:00,1999.5,2000.25,1998.25,1998.25,21
2024-05-08 10:09:00,1998.25,2000.25,1998.25,2000.25,23
2024-05-08 10:10:00,2000.25,2000.25,2000.25,2000.25,37
2024-05-08 10:11:00,2000.25,2000.25,2000.25,2000.25,15
2024-05-08 10:12:00,2000.25,2000.25,1998.4,2000.2,2
2024-05-08 10:13:00,2000.2,2000.2,1998.4,2000.2,8
2024-05-08 10:14:00,2000.2,2002.45,1998.3,2001.95,404
2024-05-08 10:15:00,2001.95,2002.3,2001.95,2002.3,22
2024-05-08 10:16:00,2002.3,2002.45,2002.3,2002.45,7
2024-05-08 10:17:00,2002.45,2002.6,2002.45,2002.5,15
2024-05-08 10:18:00,2002.6,2002.6,2002.6,2002.6,11
2024-05-08 10:19:00,2002.6,2002.7,2002.6,2002.7,14
2024-05-08 10:20:00,2002.7,2003.0,2000.65,2003.0,18
2024-05-08 10:21:00,2003.0,2003.55,1998.05,2000.25,76
2024-05-08 10:22:00,2000.25,2000.25,1986.2,1987.2,786
2024-05-08 10:23:00,1987.2,1987.6,1985.0,1985.0,288
2024-05-08 10:24:00,1985.0,1990.35,1984.6,1989.4,111
2024-05-08 10:25:00,1989.4,1991.9,1989.15,1991.5,20
2024-05-08 10:26:00,1991.5,1991.5,1987.55,1990.65,200
2024-05-08 10:27:00,1990.65,1990.65,1987.1,1987.1,30
2024-05-08 10:28:00,1987.1,1992.25,1987.1,1988.15,50
2024-05-08 10:29:00,1988.15,1990.3,1988.15,1990.3,17
2024-05-08 10:30:00,1990.3,1990.3,1988.25,1988.25,5
2024-05-08 10:31:00,1988.25,1992.05,1988.25,1991.85,54
2024-05-08 10:32:00,1991.85,1991.85,1989.6,1990.35,14
2024-05-08 10:33:00,1990.35,1990.6,1988.15,1990.0,14
2024-05-08 10:34:00,1990.0,1990.0,1990.0,1990.0,51
2024-05-08 10:35:00,1990.0,1990.7,1988.15,1988.15,36
2024-05-08 10:36:00,1988.15,1990.6,1988.15,1990.6,1
2024-05-08 10:37:00,1990.6,1993.85,1988.15,1993.85,206
2024-05-08 10:38:00,1993.85,1994.55,1993.85,1994.55,6
2024-05-08 10:39:00,1994.55,1994.55,1989.45,1989.45,147
2024-05-08 10:40:00,1989.8,1991.35,1989.8,1991.35,55
2024-05-08 10:41:00,1991.35,1991.35,1987.15,1987.15,102
2024-05-08 10:42:00,1987.15,1989.65,1987.15,1989.5,30
2024-05-08 10:43:00,1989.5,1989.5,1988.85,1988.85,7
2024-05-08 10:44:00,1988.85,1990.25,1988.85,1990.25,16
2024-05-08 10:45:00,1990.25,1990.25,1986.05,1987.85,249
2024-05-08 10:46:00,1987.85,1990.3,1987.85,1990.3,50
2024-05-08 10:47:00,1990.3,1991.55,1990.3,1991.55,14
2024-05-08 10:48:00,1991.55,1991.6,1991.55,1991.6,5
2024-05-08 10:49:00,1991.6,1992.0,1990.15,1992.0,2
2024-05-08 10:50:00,1992.0,1992.35,1990.3,1991.95,12
2024-05-08 10:51:00,1991.95,1991.95,1989.0,1989.0,142
2024-05-08 10:52:00,1989.0,1989.1,1987.0,1987.0,14
2024-05-08 10:53:00,1987.0,1987.0,1985.15,1985.15,16
2024-05-08 10:54:00,1985.15,1986.9,1985.1,1986.6,28
2024-05-08 10:55:00,1986.6,1987.15,1986.6,1987.15,18
2024-05-08 10:56:00,1987.15,1987.95,1987.15,1987.95,11
2024-05-08 10:57:00,1987.95,1988.65,1986.4,1987.05,5
2024-05-08 10:58:00,1987.05,1987.05,1987.05,1987.05,0
2024-05-08 10:59:00,1987.05,1987.05,1987.05,1987.05,0
2024-05-08 11:00:00,1987.05,1989.9,1987.05,1989.9,1
2024-05-08 11:01:00,1989.9,1990.5,1988.25,1990.5,12
2024-05-08 11:02:00,1990.5,1991.75,1990.5,1991.75,23
2024-05-08 11:03:00,1991.75,1991.75,1989.5,1991.65,15
2024-05-08 11:04:00,1991.65,1991.95,1989.95,1991.95,13
2024-05-08 11:05:00,1991.95,1991.95,1991.95,1991.95,2
2024-05-08 11:06:00,1991.95,1991.95,1991.95,1991.95,0
2024-05-08 11:07:00,1991.95,1991.95,1990.1,1990.1,33
2024-05-08 11:08:00,1990.1,1991.85,1990.1,1991.85,13
2024-05-08 11:09:00,1991.85,1991.85,1990.05,1990.05,11
2024-05-08 11:10:00,1990.05,1992.85,1990.05,1992.85,25
2024-05-08 11:11:00,1992.85,1992.85,1992.0,1992.0,2
2024-05-08 11:12:00,1992.0,1992.0,1992.0,1992.0,21
2024-05-08 11:13:00,1992.0,1992.0,1989.05,1989.85,62
2024-05-08 11:14:00,1989.85,1989.85,1987.25,1987.25,4
2024-05-08 11:15:00,1987.25,1989.15,1980.3,1983.3,1196
2024-05-08 11:16:00,1983.35,1986.2,1983.35,1986.2,26
2024-05-08 11:17:00,1986.2,1987.9,1986.0,1986.0,13
2024-05-08 11:18:00,1986.0,1986.55,1986.0,1986.45,10
2024-05-08 11:19:00,1986.45,1986.45,1983.7,1986.15,5
2024-05-08 11:20:00,1986.15,1986.5,1984.0,1984.0,73
2024-05-08 11:21:00,1984.0,1985.45,1984.0,1985.45,6
2024-05-08 11:22:00,1985.45,1987.9,1985.45,1987.9,25
2024-05-08 11:23:00,1987.9,1988.15,1987.9,1988.1,34
2024-05-08 11:24:00,1988.1,1988.1,1988.1,1988.1,1
2024-05-08 11:25:00,1988.25,1988.25,1985.45,1985.45,279
2024-05-08 11:26:00,1985.45,1986.25,1985.0,1985.45,54
2024-05-08 11:27:00,1985.45,1987.6,1985.45,1987.6,172
2024-05-08 11:28:00,1987.6,1987.6,1987.6,1987.6,1
2024-05-08 11:29:00,1987.6,1988.2,1987.6,1988.2,4
2024-05-08 11:30:00,1988.2,1988.8,1988.2,1988.8,10
2024-05-08 11:31:00,1988.8,1988.9,1987.2,1987.2,6
2024-05-08 11:32:00,1987.2,1988.95,1987.2,1988.95,15
2024-05-08 11:33:00,1988.95,1988.95,1988.7,1988.8,4
2024-05-08 11:34:00,1988.8,1989.25,1988.8,1989.25,34
2024-05-08 11:35:00,1989.25,1989.85,1987.55,1989.8,28
2024-05-08 11:36:00,1989.8,1991.0,1989.8,1990.95,153
2024-05-08 11:37:00,1990.95,1990.95,1989.0,1990.75,35
2024-05-08 11:38:00,1990.75,1990.75,1988.75,1988.75,49
2024-05-08 11:39:00,1988.75,1988.75,1985.7,1985.7,69
2024-05-08 11:40:00,1985.7,1987.35,1985.7,1987.35,1
2024-05-08 11:41:00,1987.35,1987.35,1985.1,1987.15,99
2024-05-08 11:42:00,1987.15,1988.75,1987.15,1988.75,20
2024-05-08 11:43:00,1988.75,1990.35,1988.75,1990.0,59
2024-05-08 11:44:00,1990.0,1990.0,1988.8,1988.8,12
2024-05-08 11:45:00,1988.8,1991.0,1988.8,1991.0,61
2024-05-08 11:46:00,1991.0,1991.0,1991.0,1991.0,2
2024-05-08 11:47:00,1991.0,1992.2,1991.0,1992.2,53
2024-05-08 11:48:00,1991.0,1992.2,1991.0,1992.2,23
2024-05-08 11:49:00,1992.2,1992.2,1992.2,1992.2,8
2024-05-08 11:50:00,1992.2,1992.2,1992.2,1992.2,5
2024-05-08 11:51:00,1992.2,1992.2,1992.2,1992.2,2
2024-05-08 11:52:00,1992.2,1992.2,1992.2,1992.2,0
2024-05-08 11:53:00,1992.2,1992.4,1991.5,1991.5,7
2024-05-08 11:54:00,1991.5,1991.5,1991.5,1991.5,0
2024-05-08 11:55:00,1991.5,1992.0,1991.5,1992.0,2
2024-05-08 11:56:00,1992.0,1992.0,1992.0,1992.0,64
2024-05-08 11:57:00,1992.0,1992.3,1991.0,1991.0,11
2024-05-08 11:58:00,1991.0,1992.35,1990.2,1990.2,1
2024-05-08 11:59:00,1990.2,1991.55,1990.2,1991.55,42
2024-05-08 12:00:00,1991.55,1991.55,1991.55,1991.55,21
2024-05-08 12:01:00,1991.55,1991.9,1991.55,1991.9,3
2024-05-08 12:02:00,1991.9,1992.5,1991.9,1992.5,27
2024-05-08 12:03:00,1992.5,1992.55,1992.5,1992.55,4
2024-05-08 12:04:00,1992.55,1992.55,1992.55,1992.55,6
2024-05-08 12:05:00,1992.55,1992.55,1992.55,1992.55,18
2024-05-08 12:06:00,1992.55,1992.55,1990.5,1990.5,9
2024-05-08 12:07:00,1990.5,1992.55,1990.35,1992.4,16
2024-05-08 12:08:00,1992.4,1992.45,1992.4,1992.45,5
2024-05-08 12:09:00,1992.45,1992.45,1991.1,1992.4,3
2024-05-08 12:10:00,1992.4,1992.45,1992.4,1992.45,21
2024-05-08 12:11:00,1992.45,1992.5,1990.95,1992.5,20
2024-05-08 12:12:00,1992.5,1992.55,1992.5,1992.55,2
2024-05-08 12:13:00,1992.55,1992.55,1992.55,1992.55,1
2024-05-08 12:14:00,1992.55,1992.55,1992.55,1992.55,10
2024-05-08 12:15:00,1992.55,1992.55,1990.55,1992.55,34
2024-05-08 12:16:00,1992.55,1992.55,1992.55,1992.55,28
2024-05-08 12:17:00,1990.0,1991.2,1990.0,1991.2,106
2024-05-08 12:18:00,1991.2,1991.2,1990.0,1990.0,4
2024-05-08 12:19:00,1990.0,1990.0,1990.0,1990.0,4
2024-05-08 12:20:00,1990.0,1991.0,1990.0,1991.0,2
2024-05-08 12:21:00,1991.0,1991.0,1991.0,1991.0,4
2024-05-08 12:22:00,1991.0,1991.0,1990.0,1990.85,24
2024-05-08 12:23:00,1990.85,1990.9,1990.0,1990.0,59
2024-05-08 12:24:00,1990.0,1990.95,1990.0,1990.95,16
2024-05-08 12:25:00,1990.95,1990.95,1990.0,1990.7,2
2024-05-08 12:26:00,1990.7,1990.95,1990.0,1990.0,18
2024-05-08 12:27:00,1990.0,1990.7,1990.0,1990.0,15
2024-05-08 12:28:00,1990.6,1990.7,1990.0,1990.0,18
2024-05-08 12:29:00,1990.0,1990.4,1990.0,1990.4,9
2024-05-08 12:30:00,1990.6,1990.65,1990.6,1990.65,49
2024-05-08 12:31:00,1990.65,1990.7,1989.0,1989.1,46
2024-05-08 12:32:00,1989.1,1989.1,1989.0,1989.0,8
2024-05-08 12:33:00,1990.75,1990.75,1990.6,1990.6,15
2024-05-08 12:34:00,1990.6,1990.65,1988.8,1990.65,15
2024-05-08 12:35:00,1990.65,1990.65,1990.65,1990.65,0
2024-05-08 12:36:00,1990.65,1990.65,1988.8,1990.45,10
2024-05-08 12:37:00,1990.45,1990.45,1990.35,1990.35,2
2024-05-08 12:38:00,1990.35,1990.35,1990.0,1990.0,1
2024-05-08 12:39:00,1990.0,1990.35,1990.0,1990.35,22
2024-05-08 12:40:00,1990.35,1990.6,1987.9,1987.9,94
2024-05-08 12:41:00,1987.9,1989.8,1987.9,1989.8,5
2024-05-08 12:42:00,1989.8,1990.9,1989.8,1990.9,1
2024-05-08 12:43:00,1990.9,1990.9,1990.9,1990.9,1
2024-05-08 12:44:00,1990.9,1990.9,1990.9,1990.9,1
2024-05-08 12:45:00,1990.9,1990.9,1990.9,1990.9,0
2024-05-08 12:46:00,1990.9,1990.9,1989.8,1989.8,14
2024-05-08 12:47:00,1989.8,1990.0,1989.8,1990.0,119
2024-05-08 12:48:00,1990.0,1990.0,1990.0,1990.0,16
2024-05-08 12:49:00,1990.0,1990.0,1990.0,1990.0,1
2024-05-08 12:50:00,1990.0,1990.0,1988.85,1988.85,3
2024-05-08 12:51:00,1988.85,1990.0,1988.85,1990.0,94
2024-05-08 12:52:00,1990.0,1990.0,1990.0,1990.0,6
2024-05-08 12:53:00,1990.0,1990.0,1988.0,1988.0,44
2024-05-08 12:54:00,1988.0,1989.9,1988.0,1989.9,6
2024-05-08 12:55:00,1989.9,1989.9,1989.9,1989.9,0
2024-05-08 12:56:00,1989.9,1989.9,1987.0,1987.0,14
2024-05-08 12:57:00,1987.0,1988.0,1986.0,1987.05,100
2024-05-08 12:58:00,1987.05,1987.05,1987.05,1987.05,51
2024-05-08 12:59:00,1987.05,1987.05,1987.0,1987.0,44
2024-05-08 13:00:00,1987.0,1987.15,1987.0,1987.15,21
2024-05-08 13:01:00,1987.15,1988.0,1987.15,1987.15,62
2024-05-08 13:02:00,1987.15,1987.15,1987.0,1987.0,1
2024-05-08 13:03:00,1987.0,1987.45,1983.25,1985.0,221
2024-05-08 13:04:00,1985.0,1985.0,1982.5,1983.6,125
2024-05-08 13:05:00,1983.6,1983.65,1982.0,1983.65,30
2024-05-08 13:06:00,1983.65,1983.65,1981.8,1982.95,7
2024-05-08 13:07:00,1982.95,1982.95,1980.1,1980.1,0
2024-05-08 13:08:00,1982.85,1983.55,1980.0,1983.55,335
2024-05-08 13:09:00,1983.55,1983.6,1983.4,1983.6,21
2024-05-08 13:10:00,1983.6,1983.6,1983.6,1983.6,2
2024-05-08 13:11:00,1983.6,1983.75,1983.6,1983.75,28
2024-05-08 13:12:00,1983.75,1983.75,1983.7,1983.7,11
2024-05-08 13:13:00,1983.7,1983.7,1983.0,1983.6,7
2024-05-08 13:14:00,1983.6,1985.9,1982.6,1985.1,52
2024-05-08 13:15:00,1985.1,1985.1,1984.9,1984.95,9
2024-05-08 13:16:00,1984.95,1984.95,1982.05,1984.95,39
2024-05-08 13:17:00,1984.95,1984.95,1981.3,1984.55,87
2024-05-08 13:18:00,1984.55,1984.55,1980.4,1983.2,62
2024-05-08 13:19:00,1983.2,1983.2,1980.3,1980.3,13
2024-05-08 13:20:00,1980.3,1983.35,1980.3,1983.35,63
2024-05-08 13:21:00,1983.35,1986.25,1982.0,1982.0,640
2024-05-08 13:22:00,1982.0,1984.3,1982.0,1984.0,31
2024-05-08 13:23:00,1984.0,1984.0,1978.0,1978.0,861
2024-05-08 13:24:00,1978.0,1982.6,1978.0,1982.6,119
2024-05-08 13:25:00,1982.6,1982.6,1982.0,1982.0,16
2024-05-08 13:26:00,1981.0,1981.0,1981.0,1981.0,7
2024-05-08 13:27:00,1981.0,1982.0,1981.0,1982.0,20
2024-05-08 13:28:00,1982.0,1982.0,1982.0,1982.0,7
2024-05-08 13:29:00,1982.0,1982.0,1982.0,1982.0,21
2024-05-08 13:30:00,1982.0,1982.0,1982.0,1982.0,33
2024-05-08 13:31:00,1982.0,1982.0,1982.0,1982.0,2
2024-05-08 13:32:00,1982.0,1982.0,1982.0,1982.0,7
2024-05-08 13:33:00,1981.0,1982.0,1981.0,1982.0,42
2024-05-08 13:34:00,1982.0,1984.0,1982.0,1983.75,26
2024-05-08 13:35:00,1983.75,1983.75,1981.9,1981.9,44
2024-05-08 13:36:00,1981.9,1982.0,1980.95,1980.95,42
2024-05-08 13:37:00,1979.5,1979.5,1979.1,1979.1,34
2024-05-08 13:38:00,1979.1,1980.05,1979.1,1979.95,2
2024-05-08 13:39:00,1979.95,1980.05,1979.1,1980.0,25
2024-05-08 13:40:00,1980.0,1980.05,1980.0,1980.05,1
2024-05-08 13:41:00,1980.05,1980.65,1979.1,1979.1,26
2024-05-08 13:42:00,1979.1,1980.85,1979.0,1980.85,37
2024-05-08 13:43:00,1981.0,1981.0,1980.0,1980.0,9
2024-05-08 13:44:00,1980.0,1980.0,1979.0,1979.9,75
2024-05-08 13:45:00,1979.9,1979.9,1979.85,1979.85,2
2024-05-08 13:46:00,1979.85,1979.85,1979.85,1979.85,5
2024-05-08 13:47:00,1979.95,1980.0,1979.0,1980.0,73
2024-05-08 13:48:00,1979.0,1979.0,1977.5,1978.6,234
2024-05-08 13:49:00,1978.6,1979.0,1977.6,1977.6,25
2024-05-08 13:50:00,1977.6,1977.6,1977.6,1977.6,0
2024-05-08 13:51:00,1977.6,1980.0,1977.6,1980.0,44
2024-05-08 13:52:00,1980.0,1980.0,1980.0,1980.0,32
2024-05-08 13:53:00,1980.0,1980.0,1980.0,1980.0,0
2024-05-08 13:54:00,1980.0,1983.25,1980.0,1982.0,109
2024-05-08 13:55:00,1982.0,1982.0,1980.0,1980.0,46
2024-05-08 13:56:00,1980.0,1982.05,1980.0,1980.0,207
2024-05-08 13:57:00,1980.0,1980.0,1979.0,1979.0,26
2024-05-08 13:58:00,1979.0,1979.0,1977.0,1978.5,141
2024-05-08 13:59:00,1978.95,1979.0,1977.95,1978.8,26
2024-05-08 14:00:00,1978.8,1978.8,1976.0,1976.85,154
2024-05-08 14:01:00,1976.8,1978.75,1976.8,1978.75,23
2024-05-08 14:02:00,1978.75,1978.75,1978.75,1978.75,1
2024-05-08 14:03:00,1978.75,1978.75,1978.5,1978.7,3
2024-05-08 14:04:00,1978.7,1978.75,1978.7,1978.75,5
2024-05-08 14:05:00,1978.75,1985.95,1978.75,1985.95,228
2024-05-08 14:06:00,2000.05,2095.25,1996.75,2076.9,17879
2024-05-08 14:07:00,2078.2,2116.9,2071.5,2073.5,11957
2024-05-08 14:08:00,2076.5,2113.65,2074.1,2103.35,7711
2024-05-08 14:09:00,2100.0,2142.1,2098.3,2120.85,13014
2024-05-08 14:10:00,2120.0,2132.7,2106.95,2125.3,6136
2024-05-08 14:11:00,2128.95,2130.0,2110.1,2114.25,5399
2024-05-08 14:12:00,2114.25,2119.25,2085.3,2088.05,4257
2024-05-08 14:13:00,2085.35,2108.05,2076.0,2108.05,5642
2024-05-08 14:14:00,2108.95,2109.4,2085.05,2090.0,2042
2024-05-08 14:15:00,2090.0,2099.45,2090.0,2091.75,1220
2024-05-08 14:16:00,2091.75,2104.35,2091.65,2104.35,3963
2024-05-08 14:17:00,2103.0,2118.0,2097.4,2113.7,6053
2024-05-08 14:18:00,2116.9,2116.9,2102.75,2102.75,2030
2024-05-08 14:19:00,2102.75,2104.45,2097.2,2099.0,1524
2024-05-08 14:20:00,2099.0,2101.95,2096.15,2098.85,1016
2024-05-08 14:21:00,2098.85,2098.85,2095.0,2095.0,437
2024-05-08 14:22:00,2095.0,2106.85,2095.0,2105.3,962
2024-05-08 14:23:00,2105.0,2105.0,2095.65,2098.0,1115
2024-05-08 14:24:00,2098.0,2103.75,2098.0,2103.5,1144
2024-05-08 14:25:00,2101.05,2102.0,2098.0,2100.15,2197
2024-05-08 14:26:00,2100.15,2102.0,2098.0,2101.0,980
2024-05-08 14:27:00,2102.1,2104.8,2100.55,2100.6,1563
2024-05-08 14:28:00,2100.6,2103.0,2097.0,2097.0,680
2024-05-08 14:29:00,2097.0,2098.9,2085.5,2089.4,2335
2024-05-08 14:30:00,2089.4,2093.95,2086.05,2093.95,1129
2024-05-08 14:31:00,2095.55,2095.85,2086.55,2087.4,797
2024-05-08 14:32:00,2086.5,2092.0,2086.5,2090.05,530
2024-05-08 14:33:00,2090.05,2091.9,2089.9,2090.95,283
2024-05-08 14:34:00,2090.95,2092.95,2088.0,2088.0,245
2024-05-08 14:35:00,2088.0,2096.7,2088.0,2096.7,440
2024-05-08 14:36:00,2096.7,2097.25,2091.05,2091.8,502
2024-05-08 14:37:00,2091.8,2091.8,2088.0,2088.05,277
2024-05-08 14:38:00,2088.05,2090.45,2088.0,2088.0,452
2024-05-08 14:39:00,2088.0,2092.95,2088.0,2091.3,532
2024-05-08 14:40:00,2091.5,2095.2,2091.5,2094.4,410
2024-05-08 14:41:00,2094.4,2095.9,2092.3,2094.65,267
2024-05-08 14:42:00,2094.65,2096.0,2092.35,2093.8,273
2024-05-08 14:43:00,2093.8,2097.65,2092.45,2097.0,148
2024-05-08 14:44:00,2097.0,2106.5,2096.95,2104.7,1532
2024-05-08 14:45:00,2102.9,2106.95,2099.0,2099.5,267
2024-05-08 14:46:00,2099.5,2101.45,2098.1,2098.9,177
2024-05-08 14:47:00,2098.65,2124.0,2098.6,2123.95,3477
2024-05-08 14:48:00,2125.0,2125.0,2110.3,2122.05,3715
2024-05-08 14:49:00,2122.05,2130.0,2122.05,2125.05,3843
2024-05-08 14:50:00,2125.05,2128.0,2122.0,2125.0,2145
2024-05-08 14:51:00,2128.0,2128.0,2120.0,2120.0,1957
2024-05-08 14:52:00,2120.0,2128.0,2118.3,2125.5,2384
2024-05-08 14:53:00,2125.5,2135.0,2122.65,2122.65,3670
2024-05-08 14:54:00,2122.65,2126.1,2120.1,2122.85,1029
2024-05-08 14:55:00,2122.85,2122.85,2107.5,2108.45,3538
2024-05-08 14:56:00,2107.55,2112.6,2107.55,2110.0,1244
2024-05-08 14:57:00,2110.0,2110.0,2107.0,2107.0,345
2024-05-08 14:58:00,2107.0,2110.8,2105.0,2105.25,3256
2024-05-08 14:59:00,2108.5,2114.95,2107.6,2113.75,1682
2024-05-08 15:00:00,2113.75,2113.95,2109.25,2113.9,1523
2024-05-08 15:01:00,2113.9,2113.9,2111.5,2111.5,222
2024-05-08 15:02:00,2111.5,2113.05,2111.5,2111.65,792
2024-05-08 15:03:00,2111.65,2113.05,2111.5,2113.0,73
2024-05-08 15:04:00,2113.0,2113.0,2111.5,2111.5,488
2024-05-08 15:05:00,2111.5,2112.5,2110.0,2110.0,1180
2024-05-08 15:06:00,2110.45,2111.05,2108.0,2108.0,2051
2024-05-08 15:07:00,2107.9,2107.9,2101.05,2102.05,1764
2024-05-08 15:08:00,2105.0,2105.0,2101.0,2101.0,857
2024-05-08 15:09:00,2098.0,2101.85,2094.05,2096.6,1784
2024-05-08 15:10:00,2096.0,2096.55,2090.5,2092.0,1629
2024-05-08 15:11:00,2091.0,2097.2,2091.0,2094.35,1218
2024-05-08 15:12:00,2094.35,2097.1,2092.95,2093.0,1000
2024-05-08 15:13:00,2093.0,2095.95,2093.0,2095.8,493
2024-05-08 15:14:00,2095.8,2101.2,2094.05,2101.2,596
2024-05-08 15:15:00,2101.2,2105.0,2101.2,2102.0,869
2024-05-08 15:16:00,2102.0,2102.0,2096.0,2096.5,581
2024-05-08 15:17:00,2096.5,2099.65,2095.0,2095.0,533
2024-05-08 15:18:00,2096.4,2098.0,2090.0,2092.0,3185
2024-05-08 15:19:00,2092.0,2097.5,2090.8,2096.4,1262
2024-05-08 15:20:00,2096.4,2098.7,2095.0,2095.0,1333
2024-05-08 15:21:00,2097.25,2098.55,2094.55,2096.0,1075
2024-05-08 15:22:00,2096.0,2096.0,2094.3,2096.0,283
2024-05-08 15:23:00,2096.0,2098.5,2095.9,2098.5,882
2024-05-08 15:24:00,2099.9,2100.0,2098.0,2099.05,573
2024-05-08 15:25:00,2099.05,2100.0,2098.0,2098.0,632
2024-05-08 15:26:00,2098.0,2100.0,2096.4,2096.7,334
2024-05-08 15:27:00,2096.8,2096.8,2095.0,2095.0,472
2024-05-08 15:28:00,2094.0,2099.95,2094.0,2099.95,731
2024-05-08 15:29:00,2099.95,2105.0,2097.05,2105.0,1692
2024-05-09 09:15:00,2109.0,2111.1,2089.35,2089.35,2083
2024-05-09 09:16:00,2094.65,2094.95,2079.95,2080.0,894
2024-05-09 09:17:00,2084.75,2097.6,2084.75,2094.3,973
2024-05-09 09:18:00,2094.3,2098.1,2090.0,2093.15,1079
2024-05-09 09:19:00,2093.15,2096.45,2091.15,2095.4,172
2024-05-09 09:20:00,2092.05,2094.85,2086.0,2088.2,471
2024-05-09 09:21:00,2088.2,2088.2,2082.0,2082.0,38
2024-05-09 09:22:00,2082.0,2086.85,2082.0,2083.0,270
2024-05-09 09:23:00,2083.0,2084.6,2082.1,2084.55,36
2024-05-09 09:24:00,2084.55,2085.05,2082.05,2085.05,217
2024-05-09 09:25:00,2085.05,2086.25,2082.2,2082.2,253
2024-05-09 09:26:00,2084.85,2089.85,2078.35,2089.85,1249
2024-05-09 09:27:00,2089.85,2090.7,2086.6,2090.7,231
2024-05-09 09:28:00,2089.65,2093.8,2087.2,2093.8,482
2024-05-09 09:29:00,2093.8,2095.85,2088.45,2092.5,150
2024-05-09 09:30:00,2092.45,2092.7,2089.45,2089.55,196
2024-05-09 09:31:00,2089.5,2093.7,2089.0,2093.7,484
2024-05-09 09:32:00,2094.0,2095.2,2090.3,2090.3,478
2024-05-09 09:33:00,2090.3,2093.8,2090.3,2092.45,136
2024-05-09 09:34:00,2092.45,2095.8,2092.45,2094.05,391
2024-05-09 09:35:00,2094.05,2105.0,2094.0,2105.0,567
2024-05-09 09:36:00,2105.0,2106.05,2102.95,2104.0,198
2024-05-09 09:37:00,2104.5,2104.75,2100.65,2100.65,41
2024-05-09 09:38:00,2100.65,2104.05,2100.65,2103.9,393
2024-05-09 09:39:00,2104.3,2108.7,2102.65,2106.85,997
2024-05-09 09:40:00,2106.85,2106.85,2102.6,2104.95,335
2024-05-09 09:41:00,2104.95,2105.0,2103.1,2103.1,45
2024-05-09 09:42:00,2107.15,2107.15,2103.3,2106.8,178
2024-05-09 09:43:00,2106.8,2107.6,2103.25,2104.2,370
2024-05-09 09:44:00,2104.2,2104.2,2096.1,2096.15,535
2024-05-09 09:45:00,2096.1,2096.15,2092.0,2094.75,260
2024-05-09 09:46:00,2094.75,2094.85,2094.7,2094.85,16
2024-05-09 09:47:00,2094.85,2094.85,2090.95,2090.95,83
2024-05-09 09:48:00,2090.95,2091.05,2080.5,2086.35,714
2024-05-09 09:49:00,2086.35,2089.85,2086.35,2089.35,186
2024-05-09 09:50:00,2089.35,2091.25,2089.35,2091.25,129
2024-05-09 09:51:00,2091.25,2092.7,2089.45,2089.45,81
2024-05-09 09:52:00,2089.45,2092.0,2087.9,2087.9,100
2024-05-09 09:53:00,2087.6,2090.7,2087.35,2088.05,50
2024-05-09 09:54:00,2088.05,2091.4,2088.05,2091.4,33
2024-05-09 09:55:00,2091.4,2091.4,2090.0,2090.0,1
2024-05-09 09:56:00,2090.0,2090.0,2088.0,2088.0,35
2024-05-09 09:57:00,2088.0,2088.2,2087.0,2088.2,61
2024-05-09 09:58:00,2088.0,2088.0,2085.0,2085.0,340
2024-05-09 09:59:00,2085.0,2085.4,2082.6,2082.6,68
2024-05-09 10:00:00,2085.15,2087.65,2085.15,2087.65,56
2024-05-09 10:01:00,2087.65,2087.65,2080.85,2080.85,129
2024-05-09 10:02:00,2084.15,2084.15,2081.45,2081.45,23
2024-05-09 10:03:00,2081.45,2085.2,2081.45,2083.6,338
2024-05-09 10:04:00,2083.6,2086.85,2083.6,2086.85,1
2024-05-09 10:05:00,2086.85,2087.3,2081.85,2081.85,136
2024-05-09 10:06:00,2081.85,2081.85,2081.85,2081.85,0
2024-05-09 10:07:00,2081.85,2081.85,2074.5,2078.8,451
2024-05-09 10:08:00,2078.8,2082.15,2073.5,2082.15,1118
2024-05-09 10:09:00,2082.15,2082.15,2075.5,2075.5,230
2024-05-09 10:10:00,2075.5,2077.45,2073.95,2073.95,131
2024-05-09 10:11:00,2074.25,2074.25,2074.25,2074.25,4
2024-05-09 10:12:00,2076.95,2076.95,2074.25,2076.85,43
2024-05-09 10:13:00,2076.85,2076.85,2071.35,2071.35,291
2024-05-09 10:14:00,2071.35,2074.0,2071.35,2072.0,7
2024-05-09 10:15:00,2072.0,2074.35,2070.75,2071.8,344
2024-05-09 10:16:00,2071.8,2074.8,2071.8,2074.8,29
2024-05-09 10:17:00,2074.8,2080.0,2074.8,2079.95,356
2024-05-09 10:18:00,2079.95,2079.95,2079.9,2079.95,20
2024-05-09 10:19:00,2077.4,2079.75,2076.9,2076.9,13
2024-05-09 10:20:00,2076.9,2076.9,2076.9,2076.9,0
2024-05-09 10:21:00,2076.9,2076.9,2074.3,2074.3,127
2024-05-09 10:22:00,2073.0,2074.05,2073.0,2074.05,142
2024-05-09 10:23:00,2074.05,2074.05,2073.25,2073.25,10
2024-05-09 10:24:00,2073.25,2074.0,2073.25,2073.9,20
2024-05-09 10:25:00,2073.9,2075.0,2073.9,2073.9,17
2024-05-09 10:26:00,2071.0,2072.85,2061.55,2061.55,777
2024-05-09 10:27:00,2063.6,2065.85,2063.6,2065.65,44
2024-05-09 10:28:00,2065.65,2068.0,2061.55,2061.55,140
2024-05-09 10:29:00,2061.55,2067.95,2061.55,2067.95,87
2024-05-09 10:30:00,2068.65,2068.65,2065.7,2067.95,106
2024-05-09 10:31:00,2067.95,2067.95,2064.55,2067.85,13
2024-05-09 10:32:00,2067.85,2067.9,2064.9,2067.9,20
2024-05-09 10:33:00,2067.9,2067.9,2065.25,2066.85,55
2024-05-09 10:34:00,2066.95,2067.2,2066.95,2067.2,7
2024-05-09 10:35:00,2067.5,2067.7,2067.5,2067.7,28
2024-05-09 10:36:00,2067.7,2067.75,2065.05,2067.75,15
2024-05-09 10:37:00,2067.75,2069.6,2067.7,2069.6,209
2024-05-09 10:38:00,2069.6,2069.6,2061.55,2066.6,370
2024-05-09 10:39:00,2066.6,2066.6,2064.95,2064.95,27
2024-05-09 10:40:00,2064.95,2064.95,2061.7,2064.6,92
2024-05-09 10:41:00,2064.6,2065.2,2061.95,2061.95,17
2024-05-09 10:42:00,2061.95,2061.95,2061.95,2061.95,0
2024-05-09 10:43:00,2061.95,2062.35,2061.95,2062.0,102
2024-05-09 10:44:00,2062.0,2070.4,2062.0,2070.4,744
2024-05-09 10:45:00,2070.4,2077.15,2067.95,2077.15,341
2024-05-09 10:46:00,2077.15,2077.15,2070.75,2073.1,41
2024-05-09 10:47:00,2071.0,2075.1,2071.0,2075.1,913
2024-05-09 10:48:00,2077.65,2078.9,2076.0,2078.9,14
2024-05-09 10:49:00,2078.9,2078.95,2076.1,2076.1,1
2024-05-09 10:50:00,2076.1,2078.85,2074.25,2074.25,312
2024-05-09 10:51:00,2074.25,2074.25,2074.25,2074.25,0
2024-05-09 10:52:00,2074.25,2078.5,2074.25,2078.5,2
2024-05-09 10:53:00,2078.5,2078.5,2078.5,2078.5,0
2024-05-09 10:54:00,2078.5,2078.5,2078.5,2078.5,5
2024-05-09 10:55:00,2074.7,2075.0,2074.5,2075.0,52
2024-05-09 10:56:00,2075.0,2075.0,2072.0,2072.15,106
2024-05-09 10:57:00,2072.15,2074.95,2072.15,2074.95,5
2024-05-09 10:58:00,2074.95,2075.0,2074.95,2075.0,33
2024-05-09 10:59:00,2075.0,2076.15,2074.35,2076.15,10
2024-05-09 11:00:00,2076.15,2079.15,2076.0,2079.15,77
2024-05-09 11:01:00,2079.15,2079.95,2075.6,2078.85,197
2024-05-09 11:02:00,2079.95,2082.95,2079.95,2082.8,167
2024-05-09 11:03:00,2082.8,2082.8,2079.85,2082.8,580
2024-05-09 11:04:00,2082.8,2091.3,2082.8,2086.95,346
2024-05-09 11:05:00,2086.95,2086.95,2080.65,2084.3,341
2024-05-09 11:06:00,2084.3,2090.0,2084.3,2085.9,145
2024-05-09 11:07:00,2085.9,2085.9,2085.9,2085.9,10
2024-05-09 11:08:00,2084.65,2084.65,2079.45,2080.3,278
2024-05-09 11:09:00,2080.3,2080.3,2079.2,2079.2,51
2024-05-09 11:10:00,2079.2,2084.0,2079.2,2084.0,32
2024-05-09 11:11:00,2084.0,2085.0,2080.8,2085.0,95
2024-05-09 11:12:00,2085.0,2085.0,2084.85,2085.0,4
2024-05-09 11:13:00,2085.0,2085.0,2082.65,2082.65,1
2024-05-09 11:14:00,2082.65,2082.65,2080.8,2081.0,103
2024-05-09 11:15:00,2081.0,2085.9,2081.0,2085.05,224
2024-05-09 11:16:00,2085.05,2085.05,2081.05,2083.85,30
2024-05-09 11:17:00,2083.85,2084.0,2081.05,2084.0,18
2024-05-09 11:18:00,2084.0,2084.05,2080.0,2080.0,309
2024-05-09 11:19:00,2080.0,2080.0,2074.95,2075.5,270
2024-05-09 11:20:00,2075.5,2075.5,2075.0,2075.0,10
2024-05-09 11:21:00,2075.0,2075.4,2072.0,2072.0,58
2024-05-09 11:22:00,2072.0,2074.65,2072.0,2074.65,118
2024-05-09 11:23:00,2074.65,2078.0,2074.65,2076.0,339
2024-05-09 11:24:00,2076.0,2085.0,2076.0,2084.8,412
2024-05-09 11:25:00,2081.7,2085.0,2081.7,2085.0,177
2024-05-09 11:26:00,2085.0,2085.0,2085.0,2085.0,5
2024-05-09 11:27:00,2082.25,2085.0,2081.7,2081.7,92
2024-05-09 11:28:00,2081.7,2085.0,2081.65,2081.65,102
2024-05-09 11:29:00,2081.65,2083.25,2081.65,2083.25,4
2024-05-09 11:30:00,2083.25,2083.25,2081.3,2081.3,10
2024-05-09 11:31:00,2081.3,2085.0,2081.3,2085.0,40
2024-05-09 11:32:00,2082.1,2082.1,2080.45,2081.5,127
2024-05-09 11:33:00,2084.9,2084.95,2082.05,2084.95,5
2024-05-09 11:34:00,2084.95,2086.75,2080.45,2080.45,139
2024-05-09 11:35:00,2080.45,2080.45,2079.0,2079.0,219
2024-05-09 11:36:00,2079.0,2079.0,2079.0,2079.0,0
2024-05-09 11:37:00,2079.0,2080.3,2079.0,2080.3,15
2024-05-09 11:38:00,2080.0,2080.05,2080.0,2080.0,70
2024-05-09 11:39:00,2080.0,2084.0,2080.0,2084.0,51
2024-05-09 11:40:00,2084.0,2087.0,2084.0,2084.45,166
2024-05-09 11:41:00,2084.45,2087.0,2083.9,2083.9,39
2024-05-09 11:42:00,2083.9,2086.1,2083.9,2085.0,54
2024-05-09 11:43:00,2084.0,2084.0,2080.8,2082.45,122
2024-05-09 11:44:00,2082.45,2082.45,2080.85,2080.85,119
2024-05-09 11:45:00,2080.85,2094.3,2080.85,2094.3,396
2024-05-09 11:46:00,2094.3,2096.1,2091.0,2095.95,231
2024-05-09 11:47:00,2095.95,2095.95,2091.1,2091.2,139
2024-05-09 11:48:00,2095.1,2095.1,2090.8,2091.2,558
2024-05-09 11:49:00,2091.2,2091.45,2091.2,2091.45,11
2024-05-09 11:50:00,2091.45,2091.45,2091.2,2091.2,25
2024-05-09 11:51:00,2091.2,2091.2,2091.2,2091.2,0
2024-05-09 11:52:00,2091.2,2091.2,2091.2,2091.2,0
2024-05-09 11:53:00,2089.25,2089.5,2087.05,2087.05,240
2024-05-09 11:54:00,2087.05,2089.25,2087.05,2089.2,7
2024-05-09 11:55:00,2089.2,2089.2,2087.05,2087.05,1
2024-05-09 11:56:00,2087.05,2091.35,2087.05,2091.35,333
2024-05-09 11:57:00,2091.35,2091.35,2090.05,2090.05,16
2024-05-09 11:58:00,2090.05,2090.05,2083.75,2086.5,259
2024-05-09 11:59:00,2086.5,2086.5,2086.5,2086.5,25
2024-05-09 12:00:00,2084.0,2084.0,2084.0,2084.0,1
2024-05-09 12:01:00,2084.0,2085.7,2084.0,2085.7,1
2024-05-09 12:02:00,2085.7,2085.7,2082.65,2084.55,111
2024-05-09 12:03:00,2084.55,2085.15,2081.0,2081.15,125
2024-05-09 12:04:00,2084.25,2084.25,2081.35,2081.35,18
2024-05-09 12:05:00,2081.35,2084.65,2081.35,2084.65,24
2024-05-09 12:06:00,2086.95,2089.2,2085.15,2089.2,138
2024-05-09 12:07:00,2089.2,2089.2,2089.2,2089.2,0
2024-05-09 12:08:00,2089.2,2089.2,2086.2,2086.2,20
2024-05-09 12:09:00,2086.2,2087.0,2086.0,2086.0,52
2024-05-09 12:10:00,2086.0,2088.55,2086.0,2088.55,1
2024-05-09 12:11:00,2088.0,2088.0,2087.05,2087.05,13
2024-05-09 12:12:00,2089.9,2089.9,2089.9,2089.9,10
2024-05-09 12:13:00,2089.9,2093.35,2089.9,2091.25,102
2024-05-09 12:14:00,2091.25,2094.25,2091.05,2094.25,25
2024-05-09 12:15:00,2094.25,2094.25,2091.4,2092.05,23
2024-05-09 12:16:00,2092.05,2092.05,2085.0,2085.0,353
2024-05-09 12:17:00,2085.0,2085.0,2084.95,2085.0,72
2024-05-09 12:18:00,2085.0,2088.95,2085.0,2088.95,51
2024-05-09 12:19:00,2090.35,2090.35,2087.5,2087.5,91
2024-05-09 12:20:00,2087.5,2087.5,2087.5,2087.5,0
2024-05-09 12:21:00,2087.5,2090.0,2087.5,2089.95,10
2024-05-09 12:22:00,2089.95,2089.95,2086.3,2086.3,55
2024-05-09 12:23:00,2088.6,2088.6,2088.6,2088.6,4
2024-05-09 12:24:00,2089.0,2089.95,2088.5,2088.5,2
2024-05-09 12:25:00,2088.5,2088.5,2088.5,2088.5,2
2024-05-09 12:26:00,2090.0,2090.35,2090.0,2090.15,67
2024-05-09 12:27:00,2090.15,2090.2,2088.5,2090.2,19
2024-05-09 12:28:00,2089.75,2089.75,2085.35,2086.55,84
2024-05-09 12:29:00,2086.55,2086.55,2085.0,2085.0,108
2024-05-09 12:30:00,2085.0,2087.75,2085.0,2087.75,1
2024-05-09 12:31:00,2087.75,2087.75,2085.45,2085.45,8
2024-05-09 12:32:00,2085.45,2088.0,2085.0,2085.0,112
2024-05-09 12:33:00,2085.0,2087.75,2085.0,2087.75,51
2024-05-09 12:34:00,2087.75,2087.75,2085.25,2085.25,3
2024-05-09 12:35:00,2085.25,2085.25,2085.2,2085.25,48
2024-05-09 12:36:00,2085.25,2085.25,2085.25,2085.25,0
2024-05-09 12:37:00,2085.25,2085.25,2085.25,2085.25,0
2024-05-09 12:38:00,2085.25,2085.3,2085.25,2085.3,1
2024-05-09 12:39:00,2085.3,2087.7,2085.3,2087.7,1
2024-05-09 12:40:00,2087.7,2087.7,2087.7,2087.7,0
2024-05-09 12:41:00,2087.7,2087.7,2087.7,2087.7,0
2024-05-09 12:42:00,2087.7,2089.2,2085.4,2089.2,54
2024-05-09 12:43:00,2088.6,2088.6,2085.55,2085.7,41
2024-05-09 12:44:00,2085.7,2085.7,2080.8,2080.8,362
2024-05-09 12:45:00,2080.8,2083.45,2080.05,2083.45,99
2024-05-09 12:46:00,2083.45,2083.45,2083.45,2083.45,0
2024-05-09 12:47:00,2083.45,2083.5,2080.05,2083.0,83
2024-05-09 12:48:00,2083.0,2083.0,2080.15,2081.9,28
2024-05-09 12:49:00,2081.9,2081.9,2080.0,2080.0,10
2024-05-09 12:50:00,2080.0,2080.0,2077.45,2077.45,218
2024-05-09 12:51:00,2077.45,2078.55,2076.0,2078.55,221
2024-05-09 12:52:00,2078.55,2078.55,2075.0,2075.0,86
2024-05-09 12:53:00,2075.0,2076.0,2073.55,2075.0,398
2024-05-09 12:54:00,2074.7,2074.7,2073.0,2073.0,12
2024-05-09 12:55:00,2073.0,2073.0,2070.0,2073.0,309
2024-05-09 12:56:00,2073.0,2073.0,2061.55,2063.5,658
2024-05-09 12:57:00,2063.5,2064.0,2062.05,2064.0,22
2024-05-09 12:58:00,2064.0,2064.65,2063.5,2063.5,24
2024-05-09 12:59:00,2067.5,2067.5,2061.8,2061.8,191
2024-05-09 13:00:00,2061.8,2063.5,2061.8,2063.5,14
2024-05-09 13:01:00,2063.5,2064.0,2063.0,2064.0,48
2024-05-09 13:02:00,2064.0,2064.0,2062.05,2063.7,32
2024-05-09 13:03:00,2063.7,2067.1,2063.7,2067.1,309
2024-05-09 13:04:00,2067.1,2067.1,2062.35,2063.85,133
2024-05-09 13:05:00,2064.55,2069.9,2064.55,2069.9,37
2024-05-09 13:06:00,2070.95,2072.7,2069.1,2072.7,465
2024-05-09 13:07:00,2072.7,2091.55,2072.7,2089.0,1012
2024-05-09 13:08:00,2089.0,2089.0,2079.25,2082.5,742
2024-05-09 13:09:00,2082.5,2085.0,2080.0,2080.0,149
2024-05-09 13:10:00,2080.0,2080.25,2075.25,2075.25,137
2024-05-09 13:11:00,2075.25,2078.05,2075.25,2076.9,54
2024-05-09 13:12:00,2076.9,2086.45,1997.55,2040.0,13438
2024-05-09 13:13:00,2040.0,2046.05,2036.1,2042.3,1878
2024-05-09 13:14:00,2042.3,2056.9,2027.85,2056.9,4592
2024-05-09 13:15:00,2052.75,2054.65,2005.2,2005.2,9419
2024-05-09 13:16:00,2005.2,2024.8,2001.95,2015.55,11582
2024-05-09 13:17:00,2018.2,2018.2,2000.4,2002.95,5567
2024-05-09 13:18:00,2001.1,2007.8,1986.55,1995.0,6554
2024-05-09 13:19:00,1995.0,2000.85,1992.75,1998.9,3069
2024-05-09 13:20:00,1995.8,1998.9,1982.35,1986.95,5977
2024-05-09 13:21:00,1986.95,2016.85,1986.35,2004.05,8283
2024-05-09 13:22:00,2005.4,2010.0,1998.5,2004.0,3682
2024-05-09 13:23:00,2004.0,2004.0,1995.0,1995.25,1661
2024-05-09 13:24:00,1995.25,2009.9,1995.2,2003.55,2227
2024-05-09 13:25:00,2001.3,2005.25,1998.2,1999.05,1101
2024-05-09 13:26:00,1999.05,2005.0,1999.05,2003.95,450
2024-05-09 13:27:00,2003.95,2010.5,2003.0,2009.1,2297
2024-05-09 13:28:00,2009.2,2014.15,2007.65,2014.15,545
2024-05-09 13:29:00,2014.15,2014.15,2003.45,2003.45,1464
2024-05-09 13:30:00,2003.45,2006.0,2002.05,2006.0,173
2024-05-09 13:31:00,2006.0,2013.15,2005.0,2011.3,1366
2024-05-09 13:32:00,2011.3,2012.0,2007.5,2009.0,312
2024-05-09 13:33:00,2009.0,2009.0,2002.9,2002.9,403
2024-05-09 13:34:00,2005.75,2012.55,2005.75,2007.9,1073
2024-05-09 13:35:00,2007.9,2013.85,2007.85,2010.0,677
2024-05-09 13:36:00,2010.0,2011.4,2007.4,2010.15,210
2024-05-09 13:37:00,2010.15,2011.4,2006.0,2009.7,761
2024-05-09 13:38:00,2007.0,2009.35,2001.1,2004.75,1266
2024-05-09 13:39:00,2001.2,2009.15,2001.1,2009.15,724
2024-05-09 13:40:00,2009.55,2009.6,2006.25,2009.6,478
2024-05-09 13:41:00,2006.7,2012.0,2006.0,2010.5,1522
2024-05-09 13:42:00,2010.5,2021.3,2010.45,2019.9,972
2024-05-09 13:43:00,2019.9,2030.65,2016.0,2026.65,2347
2024-05-09 13:44:00,2030.0,2031.05,2025.0,2026.9,1944
2024-05-09 13:45:00,2025.85,2044.0,2025.85,2044.0,1968
2024-05-09 13:46:00,2040.65,2044.75,2036.0,2036.8,1705
2024-05-09 13:47:00,2036.8,2045.0,2035.3,2044.9,2285
2024-05-09 13:48:00,2050.0,2050.0,2044.2,2049.0,2681
2024-05-09 13:49:00,2046.8,2048.3,2014.5,2019.0,5902
2024-05-09 13:50:00,2020.65,2021.25,2011.0,2017.4,1111
2024-05-09 13:51:00,2017.4,2019.75,2017.4,2019.0,677
2024-05-09 13:52:00,2019.0,2020.55,2014.15,2014.8,287
2024-05-09 13:53:00,2013.0,2015.0,2008.05,2008.05,1453
2024-05-09 13:54:00,2005.45,2009.7,2005.45,2006.15,1468
2024-05-09 13:55:00,2006.15,2010.85,2005.0,2008.85,970
2024-05-09 13:56:00,2008.85,2011.9,2008.85,2009.9,123
2024-05-09 13:57:00,2009.9,2014.95,2009.9,2011.95,327
2024-05-09 13:58:00,2011.95,2013.3,2010.95,2011.55,82
2024-05-09 13:59:00,2011.55,2013.55,2004.95,2008.15,1862
2024-05-09 14:00:00,2008.15,2009.5,2004.95,2004.95,253
2024-05-09 14:01:00,2004.95,2009.25,2004.1,2009.25,208
2024-05-09 14:02:00,2009.25,2018.55,2009.25,2016.85,876
2024-05-09 14:03:00,2016.85,2016.85,2012.7,2014.85,100
2024-05-09 14:04:00,2012.7,2014.0,2012.7,2012.8,46
2024-05-09 14:05:00,2012.8,2016.0,2012.8,2016.0,179
2024-05-09 14:06:00,2016.0,2016.0,2013.8,2016.0,72
2024-05-09 14:07:00,2016.0,2017.3,2014.45,2017.3,118
2024-05-09 14:08:00,2017.3,2021.0,2015.15,2021.0,300
2024-05-09 14:09:00,2021.0,2021.0,2018.1,2020.0,16
2024-05-09 14:10:00,2018.0,2019.1,2018.0,2018.0,35
2024-05-09 14:11:00,2018.0,2019.15,2017.05,2019.15,78
2024-05-09 14:12:00,2018.0,2018.0,2015.1,2016.95,226
2024-05-09 14:13:00,2016.95,2018.45,2015.5,2016.9,577
2024-05-09 14:14:00,2016.9,2019.8,2016.9,2019.8,57
2024-05-09 14:15:00,2019.8,2023.85,2019.8,2023.85,270
2024-05-09 14:16:00,2023.85,2027.9,2023.85,2023.85,1451
2024-05-09 14:17:00,2023.85,2026.5,2021.15,2026.5,210
2024-05-09 14:18:00,2026.5,2028.05,2023.8,2023.8,117
2024-05-09 14:19:00,2029.0,2029.0,2026.7,2027.1,188
2024-05-09 14:20:00,2027.1,2028.75,2026.8,2026.8,18
2024-05-09 14:21:00,2026.8,2028.3,2026.8,2028.0,11
2024-05-09 14:22:00,2028.0,2028.0,2016.4,2020.75,1294
2024-05-09 14:23:00,2020.75,2020.75,2015.15,2015.5,215
2024-05-09 14:24:00,2015.5,2017.9,2015.1,2015.15,332
2024-05-09 14:25:00,2017.1,2017.1,2005.05,2006.15,1011
2024-05-09 14:26:00,2008.2,2008.85,2006.1,2006.15,214
2024-05-09 14:27:00,2006.15,2009.7,2004.0,2004.0,768
2024-05-09 14:28:00,2004.0,2005.5,2002.6,2004.0,148
2024-05-09 14:29:00,2004.45,2009.1,2004.0,2009.05,140
2024-05-09 14:30:00,2009.05,2009.9,2007.75,2008.1,32
2024-05-09 14:31:00,2009.85,2010.25,2008.1,2008.9,53
2024-05-09 14:32:00,2008.9,2013.15,2008.9,2009.1,1041
2024-05-09 14:33:00,2009.05,2013.0,2008.1,2012.9,477
2024-05-09 14:34:00,2012.85,2012.85,2006.8,2007.05,114
2024-05-09 14:35:00,2007.05,2008.65,2005.7,2008.0,105
2024-05-09 14:36:00,2008.0,2009.0,2005.5,2005.55,86
2024-05-09 14:37:00,2005.55,2008.75,2005.55,2006.85,222
2024-05-09 14:38:00,2006.85,2006.95,2005.55,2005.75,58
2024-05-09 14:39:00,2005.75,2006.9,2005.55,2005.65,115
2024-05-09 14:40:00,2005.65,2006.8,2005.55,2005.55,645
2024-05-09 14:41:00,2005.55,2006.85,2004.0,2004.0,1112
2024-05-09 14:42:00,2004.0,2004.0,2002.45,2004.0,110
2024-05-09 14:43:00,2004.0,2004.75,2002.6,2003.0,78
2024-05-09 14:44:00,2003.0,2003.0,2000.15,2002.8,223
2024-05-09 14:45:00,2002.8,2002.8,1995.95,1997.65,829
2024-05-09 14:46:00,1997.65,1999.15,1995.0,1995.2,589
2024-05-09 14:47:00,1998.05,2001.95,1995.3,2001.95,1132
2024-05-09 14:48:00,2001.95,2010.25,2001.95,2005.0,520
2024-05-09 14:49:00,2005.0,2005.0,2003.45,2004.0,49
2024-05-09 14:50:00,2004.0,2004.0,2002.15,2003.3,113
2024-05-09 14:51:00,2003.3,2004.0,2002.2,2003.35,92
2024-05-09 14:52:00,2003.9,2004.85,2002.5,2002.95,633
2024-05-09 14:53:00,2002.95,2004.0,2002.5,2004.0,113
2024-05-09 14:54:00,2004.0,2004.45,2002.5,2004.0,399
2024-05-09 14:55:00,2004.5,2004.5,2002.65,2003.85,192
2024-05-09 14:56:00,2003.85,2003.85,1997.35,2001.45,472
2024-05-09 14:57:00,2001.85,2001.85,1998.25,2001.0,306
2024-05-09 14:58:00,2001.0,2001.8,1998.95,2000.0,321
2024-05-09 14:59:00,2000.0,2002.9,2000.0,2002.2,422
2024-05-09 15:00:00,2000.0,2002.95,2000.0,2002.05,545
2024-05-09 15:01:00,2002.05,2003.6,1998.4,2001.2,961
2024-05-09 15:02:00,2000.75,2003.6,2000.75,2001.5,97
2024-05-09 15:03:00,2001.5,2002.6,2000.3,2002.5,64
2024-05-09 15:04:00,2000.45,2002.0,1998.0,1998.0,1174
2024-05-09 15:05:00,1998.0,1998.0,1992.45,1994.9,566
2024-05-09 15:06:00,1994.8,1997.35,1994.0,1994.6,291
2024-05-09 15:07:00,1994.6,1994.6,1993.65,1993.65,144
2024-05-09 15:08:00,1993.65,1998.95,1993.0,1998.95,1412
2024-05-09 15:09:00,1998.95,1999.4,1996.85,1999.4,202
2024-05-09 15:10:00,1999.6,2000.0,1999.05,2000.0,38
2024-05-09 15:11:00,2000.0,2000.0,1997.3,1999.25,566
2024-05-09 15:12:00,1999.95,2000.0,1995.65,1996.25,160
2024-05-09 15:13:00,1996.25,1998.8,1995.1,1997.9,226
2024-05-09 15:14:00,1997.9,1998.25,1995.0,1997.6,210
2024-05-09 15:15:00,1997.6,1998.95,1995.55,1997.95,369
2024-05-09 15:16:00,1995.85,2001.0,1995.85,2000.1,744
2024-05-09 15:17:00,2000.1,2000.1,1995.0,1998.6,488
2024-05-09 15:18:00,1998.6,2000.65,1994.65,1995.0,1103
2024-05-09 15:19:00,1995.0,1998.4,1995.0,1998.4,351
2024-05-09 15:20:00,1998.4,2005.0,1998.4,2000.1,1103
2024-05-09 15:21:00,2002.95,2002.95,2001.05,2001.05,102
2024-05-09 15:22:00,2002.8,2005.0,2001.05,2002.05,274
2024-05-09 15:23:00,2004.8,2004.9,2001.75,2002.75,939
2024-05-09 15:24:00,2002.75,2002.75,2000.85,2002.6,140
2024-05-09 15:25:00,2002.6,2002.6,2000.05,2001.5,80
2024-05-09 15:26:00,2001.8,2001.85,2000.0,2000.0,326
2024-05-09 15:27:00,2001.7,2007.0,2000.0,2007.0,1180
2024-05-09 15:28:00,2007.0,2007.0,1995.0,2005.0,694
2024-05-09 15:29:00,2009.0,2010.0,1996.25,2008.0,617
2024-05-10 09:15:00,1950.0,1997.3,1947.95,1987.95,2010
2024-05-10 09:16:00,1987.95,1991.95,1985.0,1987.0,928
2024-05-10 09:17:00,1988.95,1991.35,1985.2,1991.35,211
2024-05-10 09:18:00,1987.7,1991.95,1985.75,1991.95,374
2024-05-10 09:19:00,1992.0,1994.25,1988.55,1988.55,185
2024-05-10 09:20:00,1988.55,1988.55,1980.0,1984.15,483
2024-05-10 09:21:00,1984.15,1995.0,1984.15,1995.0,363
2024-05-10 09:22:00,1993.7,1998.1,1993.7,1997.5,572
2024-05-10 09:23:00,1997.5,1999.6,1997.45,1999.6,173
2024-05-10 09:24:00,1999.6,2000.0,1995.05,1995.05,206
2024-05-10 09:25:00,1995.05,2044.45,1995.05,2023.25,3039
2024-05-10 09:26:00,2025.0,2028.85,2024.5,2027.5,387
2024-05-10 09:27:00,2027.5,2027.5,2019.85,2021.95,177
2024-05-10 09:28:00,2021.95,2022.7,2011.2,2013.3,775
2024-05-10 09:29:00,2013.25,2015.8,2011.5,2011.5,31
2024-05-10 09:30:00,2011.5,2014.0,2007.9,2010.2,690
2024-05-10 09:31:00,2010.2,2011.95,2008.55,2009.9,187
2024-05-10 09:32:00,2009.9,2009.9,2008.0,2009.25,126
2024-05-10 09:33:00,2009.25,2011.5,2009.25,2010.8,63
2024-05-10 09:34:00,2010.8,2010.8,2004.2,2004.2,275
2024-05-10 09:35:00,2004.2,2004.2,1995.4,1995.4,282
2024-05-10 09:36:00,1992.05,1993.55,1988.6,1988.6,565
2024-05-10 09:37:00,1988.6,1988.6,1981.0,1983.1,227
2024-05-10 09:38:00,1983.1,1986.9,1980.15,1983.35,227
2024-05-10 09:39:00,1983.35,1985.0,1981.15,1982.05,211
2024-05-10 09:40:00,1982.05,1983.7,1976.8,1980.95,714
2024-05-10 09:41:00,1980.95,1982.9,1976.9,1981.2,123
2024-05-10 09:42:00,1981.2,1985.0,1981.2,1985.0,53
2024-05-10 09:43:00,1985.0,1988.6,1982.65,1988.6,201
2024-05-10 09:44:00,1988.6,1996.4,1988.6,1996.4,514
2024-05-10 09:45:00,1996.1,2003.85,1996.1,2001.15,137
2024-05-10 09:46:00,2001.15,2003.85,2001.15,2002.25,60
2024-05-10 09:47:00,2002.05,2003.05,2001.15,2001.15,127
2024-05-10 09:48:00,2001.15,2002.75,2000.0,2000.8,91
2024-05-10 09:49:00,2000.8,2002.75,2000.0,2002.75,99
2024-05-10 09:50:00,2002.75,2004.45,2002.0,2002.0,45
2024-05-10 09:51:00,2002.0,2002.0,1996.05,1996.05,112
2024-05-10 09:52:00,1996.05,2002.0,1996.05,2002.0,66
2024-05-10 09:53:00,2002.0,2004.0,1998.05,1998.05,504
2024-05-10 09:54:00,1998.05,2003.35,1998.05,2000.9,59
2024-05-10 09:55:00,2000.9,2002.7,2000.8,2002.7,5
2024-05-10 09:56:00,2002.7,2002.7,2000.0,2000.05,38
2024-05-10 09:57:00,2000.05,2002.0,1999.55,2001.8,36
2024-05-10 09:58:00,2001.8,2005.85,1999.55,2005.85,76
2024-05-10 09:59:00,2005.85,2010.0,2005.85,2007.05,461
2024-05-10 10:00:00,2007.05,2007.2,2007.05,2007.2,7
2024-05-10 10:01:00,2007.2,2008.85,2002.05,2002.05,112
2024-05-10 10:02:00,2002.05,2002.05,1999.9,1999.9,9
2024-05-10 10:03:00,1999.9,1999.95,1997.0,1998.95,46
2024-05-10 10:04:00,1997.0,1998.55,1996.6,1998.55,77
2024-05-10 10:05:00,1998.55,1998.55,1995.55,1995.55,36
2024-05-10 10:06:00,1995.55,1999.8,1995.55,1999.8,13
2024-05-10 10:07:00,1999.8,2000.0,1996.7,1998.75,88
2024-05-10 10:08:00,1998.75,2001.6,1997.8,2001.6,80
2024-05-10 10:09:00,2001.6,2003.0,2001.6,2003.0,105
2024-05-10 10:10:00,2003.0,2003.0,2000.0,2001.55,207
2024-05-10 10:11:00,2001.55,2003.0,2000.05,2000.1,32
2024-05-10 10:12:00,2000.1,2002.65,2000.05,2002.65,19
2024-05-10 10:13:00,2003.2,2003.9,1999.55,1999.55,40
2024-05-10 10:14:00,1999.55,1999.85,1996.7,1999.8,105
2024-05-10 10:15:00,1999.8,1999.8,1999.0,1999.0,16
2024-05-10 10:16:00,1999.0,1999.05,1996.05,1998.9,52
2024-05-10 10:17:00,1998.9,1999.85,1997.55,1999.0,19
2024-05-10 10:18:00,1999.0,2000.0,1999.0,2000.0,1
2024-05-10 10:19:00,2000.0,2000.0,2000.0,2000.0,17
2024-05-10 10:20:00,2000.0,2002.05,2000.0,2001.45,129
2024-05-10 10:21:00,2001.45,2003.45,2001.45,2003.25,39
2024-05-10 10:22:00,2003.35,2003.5,2001.65,2003.5,50
2024-05-10 10:23:00,2003.5,2003.9,2003.5,2003.9,11
2024-05-10 10:24:00,2003.9,2005.95,2003.75,2005.95,230
2024-05-10 10:25:00,2005.95,2005.95,2005.95,2005.95,0
2024-05-10 10:26:00,2005.95,2008.0,2005.95,2008.0,12
2024-05-10 10:27:00,2008.0,2008.0,2004.95,2005.0,80
2024-05-10 10:28:00,2005.0,2005.35,2005.0,2005.0,53
2024-05-10 10:29:00,2005.0,2006.85,2005.0,2006.85,22
2024-05-10 10:30:00,2006.8,2006.9,2004.55,2006.9,14
2024-05-10 10:31:00,2006.9,2006.9,2006.9,2006.9,0
2024-05-10 10:32:00,2006.9,2007.9,2005.65,2005.65,5
2024-05-10 10:33:00,2005.65,2005.65,1999.9,1999.9,208
2024-05-10 10:34:00,1999.9,2003.1,1999.9,2003.0,2
2024-05-10 10:35:00,2003.0,2004.4,2003.0,2004.4,2
2024-05-10 10:36:00,2004.4,2004.4,2001.95,2004.25,27
2024-05-10 10:37:00,2004.25,2004.35,2004.25,2004.25,15
2024-05-10 10:38:00,2004.25,2004.25,2001.8,2001.8,8
2024-05-10 10:39:00,2001.8,2003.0,2001.2,2001.2,4
2024-05-10 10:40:00,2001.2,2003.95,1999.95,1999.95,210
2024-05-10 10:41:00,1999.95,2001.65,1999.95,2001.65,45
2024-05-10 10:42:00,2001.65,2001.65,1995.9,1995.9,31
2024-05-10 10:43:00,1995.9,1997.95,1995.9,1995.95,37
2024-05-10 10:44:00,1995.95,1995.95,1995.9,1995.9,27
2024-05-10 10:45:00,1995.9,1998.2,1995.9,1998.2,10
2024-05-10 10:46:00,1998.2,1999.5,1997.65,1997.65,31
2024-05-10 10:47:00,1997.65,1998.05,1993.55,1993.55,6
2024-05-10 10:48:00,1993.55,1993.55,1989.0,1990.5,505
2024-05-10 10:49:00,1990.5,1998.05,1990.5,1998.05,272
2024-05-10 10:50:00,1998.05,1998.05,1995.75,1997.65,21
2024-05-10 10:51:00,1997.65,1998.05,1995.4,1998.05,45
2024-05-10 10:52:00,1998.05,1998.05,1998.05,1998.05,0
2024-05-10 10:53:00,1998.05,1998.05,1993.25,1993.45,85
2024-05-10 10:54:00,1993.45,1993.45,1993.4,1993.4,2
2024-05-10 10:55:00,1993.4,1993.4,1993.4,1993.4,0
2024-05-10 10:56:00,1993.4,1993.4,1993.4,1993.4,0
2024-05-10 10:57:00,1993.4,1993.4,1990.8,1990.8,25
2024-05-10 10:58:00,1990.8,1990.8,1989.1,1989.1,40
2024-05-10 10:59:00,1989.1,1990.45,1988.0,1988.0,31
2024-05-10 11:00:00,1988.0,1990.15,1988.0,1990.15,19
2024-05-10 11:01:00,1990.15,1990.15,1990.15,1990.15,0
2024-05-10 11:02:00,1990.15,1993.0,1990.15,1992.0,35
2024-05-10 11:03:00,1992.0,1993.0,1990.6,1993.0,25
2024-05-10 11:04:00,1994.95,1997.65,1994.95,1997.65,129
2024-05-10 11:05:00,1997.65,1997.65,1997.0,1997.0,2
2024-05-10 11:06:00,1996.0,1996.85,1996.0,1996.85,27
2024-05-10 11:07:00,1996.85,1997.45,1996.85,1997.45,14
2024-05-10 11:08:00,1997.45,1997.45,1997.45,1997.45,5
2024-05-10 11:09:00,1997.45,1997.45,1995.0,1995.0,12
2024-05-10 11:10:00,1995.0,1995.0,1995.0,1995.0,0
2024-05-10 11:11:00,1995.0,1995.0,1995.0,1995.0,0
2024-05-10 11:12:00,1995.0,1997.4,1995.0,1997.4,3
2024-05-10 11:13:00,1997.4,1997.45,1997.4,1997.45,5
2024-05-10 11:14:00,1997.45,2000.0,1997.45,2000.0,33
2024-05-10 11:15:00,2000.0,2000.0,1997.3,1997.7,135
2024-05-10 11:16:00,1997.7,1997.7,1995.25,1995.35,30
2024-05-10 11:17:00,1997.15,1997.95,1997.15,1997.95,6
2024-05-10 11:18:00,1997.95,1997.95,1995.95,1997.25,33
2024-05-10 11:19:00,1997.25,2002.0,1997.25,2002.0,116
2024-05-10 11:20:00,2002.0,2002.0,2002.0,2002.0,0
2024-05-10 11:21:00,2002.0,2003.6,2002.0,2003.6,380
2024-05-10 11:22:00,2003.6,2005.0,2003.6,2004.05,10
2024-05-10 11:23:00,2004.05,2004.05,2003.95,2003.95,11
2024-05-10 11:24:00,2003.95,2004.2,2003.5,2004.2,413
2024-05-10 11:25:00,2004.2,2005.0,2004.2,2005.0,23
2024-05-10 11:26:00,2005.0,2005.0,2005.0,2005.0,0
2024-05-10 11:27:00,2005.0,2005.0,2005.0,2005.0,16
2024-05-10 11:28:00,2005.0,2005.0,2001.75,2001.75,15
2024-05-10 11:29:00,2001.75,2004.15,2001.75,2001.9,1
2024-05-10 11:30:00,2001.9,2005.0,2000.55,2000.55,318
2024-05-10 11:31:00,2000.55,2000.55,2000.55,2000.55,0
2024-05-10 11:32:00,2000.55,2000.6,2000.55,2000.6,1
2024-05-10 11:33:00,2000.6,2002.25,2000.6,2002.25,18
2024-05-10 11:34:00,2002.25,2002.25,2002.25,2002.25,0
2024-05-10 11:35:00,2002.25,2002.25,2002.25,2002.25,1
2024-05-10 11:36:00,2002.25,2002.25,1999.2,2001.6,47
2024-05-10 11:37:00,2002.25,2002.25,2001.5,2001.5,59
2024-05-10 11:38:00,2001.5,2002.75,2001.5,2002.75,15
2024-05-10 11:39:00,2002.75,2004.95,2002.75,2003.0,11
2024-05-10 11:40:00,2003.0,2003.0,2002.35,2002.35,15
2024-05-10 11:41:00,2002.35,2002.8,2002.35,2002.35,165
2024-05-10 11:42:00,2001.25,2001.5,2000.0,2001.2,27
2024-05-10 11:43:00,2001.2,2001.2,2001.2,2001.2,0
2024-05-10 11:44:00,2001.2,2003.55,2001.2,2003.55,185
2024-05-10 11:45:00,2003.55,2003.55,2003.55,2003.55,0
2024-05-10 11:46:00,2005.0,2005.0,2005.0,2005.0,8
2024-05-10 11:47:00,2005.0,2005.0,2004.85,2004.95,2
2024-05-10 11:48:00,2004.95,2005.0,2004.95,2005.0,5
2024-05-10 11:49:00,2005.0,2005.0,2003.3,2003.3,10
2024-05-10 11:51:00,1996.0,1996.0,1993.9,1993.9,521
2024-05-10 11:52:00,1993.9,1994.0,1992.0,1992.9,55
2024-05-10 11:53:00,1992.95,1994.05,1992.95,1993.35,113
2024-05-10 11:54:00,1993.35,1994.85,1993.35,1994.85,2
2024-05-10 11:55:00,1994.85,1995.65,1988.85,1989.35,514
2024-05-10 11:56:00,1986.95,1986.95,1986.4,1986.4,31
2024-05-10 11:57:00,1986.4,1988.35,1986.0,1988.35,51
2024-05-10 11:58:00,1988.35,1988.35,1986.0,1987.4,61
2024-05-10 11:59:00,1987.4,1987.7,1986.0,1986.0,127
2024-05-10 12:00:00,1986.0,1988.6,1985.75,1985.75,4
2024-05-10 12:01:00,1985.75,1988.85,1985.75,1988.85,102
2024-05-10 12:02:00,1988.85,1988.85,1986.25,1986.25,100
2024-05-10 12:03:00,1986.25,1986.25,1986.25,1986.25,0
2024-05-10 12:04:00,1986.25,1988.3,1986.25,1986.3,8
2024-05-10 12:05:00,1986.3,1986.3,1986.3,1986.3,0
2024-05-10 12:06:00,1986.3,1986.3,1986.3,1986.3,24
2024-05-10 12:07:00,1986.3,1986.3,1986.3,1986.3,0
2024-05-10 12:08:00,1986.3,1989.1,1986.3,1989.1,109
2024-05-10 12:09:00,1989.1,1989.4,1989.1,1989.4,25
2024-05-10 12:10:00,1989.4,1989.4,1989.4,1989.4,0
2024-05-10 12:11:00,1989.4,1989.6,1989.4,1989.6,3
2024-05-10 12:12:00,1989.6,1989.6,1988.85,1988.85,22
2024-05-10 12:13:00,1988.85,1988.85,1988.75,1988.75,3
2024-05-10 12:14:00,1988.75,1988.8,1988.0,1988.8,65
2024-05-10 12:15:00,1988.8,1988.8,1988.8,1988.8,0
2024-05-10 12:16:00,1988.8,1988.8,1988.75,1988.8,11
2024-05-10 12:17:00,1988.8,1988.8,1988.8,1988.8,26
2024-05-10 12:18:00,1988.8,1988.8,1986.3,1987.75,44
2024-05-10 12:19:00,1987.75,1987.85,1987.75,1987.75,7
2024-05-10 12:20:00,1987.75,1987.8,1986.35,1986.35,3
2024-05-10 12:21:00,1986.35,1988.05,1986.35,1988.05,20
2024-05-10 12:22:00,1988.05,1988.05,1988.05,1988.05,0
2024-05-10 12:23:00,1988.05,1988.05,1981.2,1981.2,1630
2024-05-10 12:24:00,1981.2,1981.2,1981.2,1981.2,0
2024-05-10 12:25:00,1981.2,1981.7,1979.65,1979.65,14
2024-05-10 12:26:00,1979.65,1981.75,1976.35,1976.4,110
2024-05-10 12:27:00,1976.4,1976.4,1976.4,1976.4,50
2024-05-10 12:28:00,1976.4,1979.0,1976.4,1979.0,4
2024-05-10 12:29:00,1979.0,1980.85,1979.0,1980.05,21
2024-05-10 12:30:00,1980.05,1982.8,1980.05,1982.8,61
2024-05-10 12:31:00,1982.8,1982.8,1982.7,1982.7,1
2024-05-10 12:32:00,1982.7,1982.7,1982.7,1982.7,0
2024-05-10 12:33:00,1982.7,1984.4,1982.7,1984.4,13
2024-05-10 12:34:00,1984.4,1984.4,1982.85,1982.85,5
2024-05-10 12:35:00,1982.85,1985.2,1982.85,1985.2,50
2024-05-10 12:36:00,1985.2,1985.7,1983.6,1983.6,6
2024-05-10 12:37:00,1983.95,1983.95,1981.05,1983.15,42
2024-05-10 12:38:00,1983.15,1983.15,1983.15,1983.15,1
2024-05-10 12:39:00,1983.15,1983.25,1983.15,1983.25,30
2024-05-10 12:40:00,1983.25,1983.25,1980.15,1980.15,25
2024-05-10 12:41:00,1980.15,1982.4,1980.15,1982.4,5
2024-05-10 12:42:00,1982.4,1982.4,1982.4,1982.4,0
2024-05-10 12:43:00,1982.4,1983.0,1982.4,1983.0,17
2024-05-10 12:44:00,1983.0,1983.0,1983.0,1983.0,15
2024-05-10 12:45:00,1983.0,1983.0,1983.0,1983.0,0
2024-05-10 12:46:00,1983.0,1985.0,1983.0,1984.6,67
2024-05-10 12:47:00,1984.6,1984.6,1982.0,1982.25,82
2024-05-10 12:48:00,1982.25,1982.25,1980.1,1980.1,58
2024-05-10 12:49:00,1980.1,1980.1,1977.05,1977.5,261
2024-05-10 12:50:00,1977.5,1977.5,1974.6,1974.6,168
2024-05-10 12:51:00,1974.6,1981.8,1973.4,1981.8,1417
2024-05-10 12:52:00,1981.8,1981.8,1980.65,1980.65,1
2024-05-10 12:53:00,1980.65,1980.65,1980.65,1980.65,0
2024-05-10 12:54:00,1980.65,1982.7,1980.0,1982.7,90
2024-05-10 12:55:00,1982.7,1982.7,1982.7,1982.7,0
2024-05-10 12:56:00,1982.7,1982.7,1982.7,1982.7,0
2024-05-10 12:57:00,1982.7,1982.7,1982.7,1982.7,0
2024-05-10 12:58:00,1982.8,1982.8,1980.4,1980.4,461
2024-05-10 12:59:00,1980.4,1982.0,1980.4,1982.0,1
2024-05-10 13:00:00,1981.85,1983.6,1981.85,1983.6,78
2024-05-10 13:01:00,1983.6,1983.6,1983.55,1983.55,10
2024-05-10 13:02:00,1983.55,1983.55,1981.95,1981.95,2
2024-05-10 13:03:00,1981.95,1982.0,1981.75,1981.75,13
2024-05-10 13:04:00,1981.95,1981.95,1981.5,1981.5,55
2024-05-10 13:05:00,1981.5,1981.5,1976.55,1978.85,115
2024-05-10 13:06:00,1978.85,1978.85,1978.85,1978.85,0
2024-05-10 13:07:00,1978.85,1981.85,1978.85,1979.85,6
2024-05-10 13:08:00,1979.85,1979.85,1979.85,1979.85,0
2024-05-10 13:09:00,1979.85,1979.95,1979.85,1979.95,1
2024-05-10 13:10:00,1979.95,1979.95,1979.95,1979.95,0
2024-05-10 13:11:00,1979.95,1979.95,1976.3,1976.3,15
2024-05-10 13:12:00,1976.3,1977.9,1976.3,1977.9,2
2024-05-10 13:13:00,1977.9,1977.9,1977.7,1977.8,15
2024-05-10 13:14:00,1977.8,1977.8,1975.55,1975.55,10
2024-05-10 13:15:00,1977.65,1978.35,1975.85,1978.35,51
2024-05-10 13:16:00,1978.35,1980.0,1978.15,1980.0,30
2024-05-10 13:17:00,1980.0,1982.0,1979.7,1979.85,129
2024-05-10 13:18:00,1979.85,1980.55,1979.0,1979.0,8
2024-05-10 13:19:00,1979.0,1979.25,1977.0,1979.25,91
2024-05-10 13:20:00,1979.25,1979.35,1977.25,1979.35,3
2024-05-10 13:21:00,1979.35,1979.35,1979.35,1979.35,0
2024-05-10 13:22:00,1979.35,1979.35,1979.25,1979.35,44
2024-05-10 13:23:00,1979.35,1979.35,1979.35,1979.35,0
2024-05-10 13:24:00,1979.35,1979.35,1979.25,1979.25,2
2024-05-10 13:25:00,1979.2,1979.2,1976.45,1976.6,43
2024-05-10 13:26:00,1976.6,1978.75,1976.6,1978.75,11
2024-05-10 13:27:00,1978.75,1979.35,1978.75,1979.35,310
2024-05-10 13:28:00,1979.35,1979.35,1979.35,1979.35,5
2024-05-10 13:29:00,1979.35,1979.35,1979.35,1979.35,3
2024-05-10 13:30:00,1980.25,1984.0,1979.7,1984.0,197
2024-05-10 13:31:00,1984.0,1984.0,1983.95,1983.95,3
2024-05-10 13:32:00,1983.95,1984.05,1983.95,1984.05,10
2024-05-10 13:33:00,1984.05,1985.0,1984.05,1985.0,11
2024-05-10 13:34:00,1985.0,1985.0,1982.45,1983.4,140
2024-05-10 13:35:00,1983.4,1983.4,1983.4,1983.4,0
2024-05-10 13:36:00,1983.4,1985.0,1983.4,1985.0,11
2024-05-10 13:37:00,1985.0,1985.0,1985.0,1985.0,0
2024-05-10 13:38:00,1985.9,1985.9,1984.3,1984.3,19
2024-05-10 13:39:00,1984.3,1986.9,1984.3,1986.9,50
2024-05-10 13:40:00,1986.9,1988.5,1986.9,1988.5,15
2024-05-10 13:41:00,1988.5,1988.5,1988.5,1988.5,1
2024-05-10 13:42:00,1988.5,1988.85,1986.1,1988.35,117
2024-05-10 13:43:00,1990.0,1991.85,1989.85,1991.85,172
2024-05-10 13:44:00,1991.85,1991.95,1990.05,1990.05,21
2024-05-10 13:45:00,1990.05,1994.0,1990.05,1994.0,1171
2024-05-10 13:46:00,1994.0,1994.0,1992.75,1992.75,43
2024-05-10 13:47:00,1992.75,1994.0,1992.05,1992.05,29
2024-05-10 13:48:00,1992.05,1992.05,1989.45,1989.45,381
2024-05-10 13:49:00,1988.35,1988.6,1988.35,1988.6,13
2024-05-10 13:50:00,1988.6,1988.6,1988.6,1988.6,10
2024-05-10 13:51:00,1988.6,1988.6,1988.6,1988.6,0
2024-05-10 13:52:00,1989.95,1989.95,1987.6,1988.0,145
2024-05-10 13:53:00,1988.0,1989.6,1988.0,1989.6,3
2024-05-10 13:54:00,1989.6,1989.6,1989.6,1989.6,0
2024-05-10 13:55:00,1989.6,1989.95,1989.6,1989.95,66
2024-05-10 13:56:00,1989.8,1989.8,1989.6,1989.8,13
2024-05-10 13:57:00,1989.8,1990.0,1989.8,1990.0,25
2024-05-10 13:58:00,1990.0,1990.0,1990.0,1990.0,24
2024-05-10 13:59:00,1990.0,1990.0,1990.0,1990.0,36
2024-05-10 14:00:00,1990.0,1990.0,1990.0,1990.0,8
2024-05-10 14:01:00,1990.0,1990.0,1988.0,1988.0,72
2024-05-10 14:02:00,1988.0,1988.95,1988.0,1988.95,5
2024-05-10 14:03:00,1988.95,1989.6,1988.95,1989.6,26
2024-05-10 14:04:00,1989.6,1989.95,1988.1,1989.95,5
2024-05-10 14:05:00,1989.95,1989.95,1989.95,1989.95,11
2024-05-10 14:06:00,1989.95,1990.0,1989.95,1990.0,7
2024-05-10 14:07:00,1990.0,1990.0,1989.95,1989.95,4
2024-05-10 14:08:00,1989.95,1990.8,1989.95,1990.8,6
2024-05-10 14:09:00,1990.8,1990.8,1990.0,1990.0,1
2024-05-10 14:10:00,1990.0,1990.0,1988.0,1988.0,127
2024-05-10 14:11:00,1988.0,1989.7,1983.0,1983.0,161
2024-05-10 14:12:00,1983.0,1984.55,1982.3,1984.0,25
2024-05-10 14:13:00,1984.0,1984.0,1979.0,1979.0,83
2024-05-10 14:14:00,1978.05,1978.05,1974.05,1976.05,341
2024-05-10 14:15:00,1976.05,1977.85,1976.0,1976.0,39
2024-05-10 14:16:00,1976.0,1977.8,1976.0,1976.15,15
2024-05-10 14:17:00,1976.15,1976.15,1976.0,1976.0,50
2024-05-10 14:18:00,1976.0,1978.0,1975.7,1976.5,81
2024-05-10 14:19:00,1976.5,1976.6,1975.0,1976.0,140
2024-05-10 14:20:00,1976.0,1976.0,1975.0,1976.0,11
2024-05-10 14:21:00,1976.0,1981.7,1976.0,1979.55,356
2024-05-10 14:22:00,1979.55,1982.1,1976.0,1979.0,163
2024-05-10 14:23:00,1979.0,1979.0,1976.5,1976.7,39
2024-05-10 14:24:00,1976.7,1979.25,1976.7,1979.25,29
2024-05-10 14:25:00,1979.25,1979.25,1976.65,1976.65,32
2024-05-10 14:26:00,1976.65,1977.85,1975.65,1976.1,29
2024-05-10 14:27:00,1976.1,1979.8,1976.1,1979.8,127
2024-05-10 14:28:00,1979.8,1979.8,1976.1,1978.9,29
2024-05-10 14:29:00,1978.9,1978.9,1974.5,1976.0,552
2024-05-10 14:30:00,1976.0,1978.0,1976.0,1976.2,29
2024-05-10 14:31:00,1976.2,1978.25,1976.0,1976.5,27
2024-05-10 14:32:00,1976.5,1978.4,1976.0,1976.05,24
2024-05-10 14:33:00,1976.05,1978.35,1976.05,1976.05,36
2024-05-10 14:34:00,1976.05,1978.3,1976.05,1978.0,72
2024-05-10 14:35:00,1978.0,1980.1,1976.1,1980.1,96
2024-05-10 14:36:00,1980.1,1981.0,1980.1,1980.15,34
2024-05-10 14:37:00,1980.15,1984.15,1980.15,1984.15,20
2024-05-10 14:38:00,1984.15,1986.0,1983.65,1983.65,23
2024-05-10 14:39:00,1983.65,1985.6,1982.65,1982.65,22
2024-05-10 14:40:00,1982.65,1987.35,1982.65,1987.35,81
2024-05-10 14:41:00,1987.35,1989.0,1987.0,1987.05,5
2024-05-10 14:42:00,1987.05,1989.75,1987.05,1989.75,12
2024-05-10 14:43:00,1989.75,1989.75,1987.6,1987.6,19
2024-05-10 14:44:00,1987.6,1990.0,1987.6,1989.95,9
2024-05-10 14:45:00,1990.0,1990.0,1988.2,1988.2,12
2024-05-10 14:46:00,1988.2,1990.75,1988.2,1990.55,21
2024-05-10 14:47:00,1990.55,1990.95,1990.4,1990.95,9
2024-05-10 14:48:00,1991.3,1992.0,1991.3,1992.0,47
2024-05-10 14:49:00,1992.0,1992.0,1991.75,1992.0,37
2024-05-10 14:50:00,1992.0,1992.0,1990.05,1990.05,11
2024-05-10 14:51:00,1990.05,1990.9,1989.85,1990.9,11
2024-05-10 14:52:00,1990.9,1992.55,1990.9,1992.55,4
2024-05-10 14:53:00,1992.55,1994.0,1992.55,1994.0,25
2024-05-10 14:54:00,1994.0,2000.0,1993.25,1993.35,454
2024-05-10 14:55:00,1993.35,1994.35,1992.45,1994.35,27
2024-05-10 14:56:00,1994.35,1994.35,1991.6,1993.95,29
2024-05-10 14:57:00,1993.95,1994.7,1993.9,1994.7,5
2024-05-10 14:58:00,1992.15,1994.45,1991.15,1993.35,71
2024-05-10 14:59:00,1993.35,1993.5,1993.0,1993.0,7
2024-05-10 15:00:00,1993.0,1993.85,1991.75,1991.75,13
2024-05-10 15:01:00,1991.75,1994.0,1991.2,1991.5,65
2024-05-10 15:02:00,1993.45,1993.65,1991.45,1993.65,12
2024-05-10 15:03:00,1993.65,1994.0,1993.65,1994.0,24
2024-05-10 15:04:00,1994.0,1994.0,1991.0,1991.0,45
2024-05-10 15:05:00,1991.0,1993.3,1990.45,1993.3,50
2024-05-10 15:06:00,1993.3,1993.3,1989.2,1989.85,98
2024-05-10 15:07:00,1989.85,1992.05,1988.05,1991.65,90
2024-05-10 15:08:00,1991.65,1991.65,1988.0,1988.0,21
2024-05-10 15:09:00,1986.0,1989.65,1986.0,1988.15,62
2024-05-10 15:10:00,1985.0,1985.35,1981.6,1983.25,232
2024-05-10 15:11:00,1983.25,1983.25,1962.0,1966.0,2536
2024-05-10 15:12:00,1968.4,1974.0,1966.8,1973.7,302
2024-05-10 15:13:00,1973.7,1975.85,1971.05,1975.8,144
2024-05-10 15:14:00,1975.8,1979.15,1973.7,1976.8,65
2024-05-10 15:15:00,1976.75,1979.8,1976.5,1979.75,377
2024-05-10 15:16:00,1979.75,1979.75,1976.0,1976.0,86
2024-05-10 15:17:00,1976.0,1977.75,1974.0,1976.9,289
2024-05-10 15:18:00,1974.45,1977.4,1972.0,1976.6,304
2024-05-10 15:19:00,1976.6,1979.95,1976.6,1979.95,115
2024-05-10 15:20:00,1979.9,1980.0,1977.5,1978.45,211
2024-05-10 15:21:00,1978.45,1979.9,1978.45,1979.8,7
2024-05-10 15:22:00,1979.75,1981.9,1978.0,1979.75,176
2024-05-10 15:23:00,1979.75,1984.95,1978.55,1984.95,190
2024-05-10 15:24:00,1984.95,1985.0,1983.95,1985.0,207
2024-05-10 15:25:00,1983.55,1984.95,1982.85,1984.65,31
2024-05-10 15:26:00,1984.65,1986.95,1983.0,1986.95,122
2024-05-10 15:27:00,1986.95,1986.95,1978.0,1979.95,1008
2024-05-10 15:28:00,1979.95,1980.0,1978.55,1979.3,121
2024-05-10 15:29:00,1980.0,1980.0,1977.3,1980.0,345
2024-05-13 09:15:00,1980.0,1996.95,1980.0,1985.15,263
2024-05-13 09:16:00,1988.95,1988.95,1979.05,1985.45,725
2024-05-13 09:17:00,1985.45,1985.45,1968.1,1970.0,372
2024-05-13 09:18:00,1970.0,1970.45,1965.25,1970.0,259
2024-05-13 09:19:00,1970.0,1973.6,1970.0,1970.0,26
2024-05-13 09:20:00,1970.0,1972.9,1966.25,1966.25,110
2024-05-13 09:21:00,1962.5,1966.5,1962.5,1966.05,330
2024-05-13 09:22:00,1966.1,1971.95,1963.2,1966.6,290
2024-05-13 09:23:00,1966.6,1966.6,1956.5,1959.25,666
2024-05-13 09:24:00,1959.25,1963.05,1959.25,1960.0,256
2024-05-13 09:25:00,1960.0,1962.8,1960.0,1962.8,37
2024-05-13 09:26:00,1962.8,1970.6,1962.8,1970.6,272
2024-05-13 09:27:00,1970.6,1973.1,1969.9,1973.1,13
2024-05-13 09:28:00,1973.1,1973.1,1960.45,1960.45,344
2024-05-13 09:29:00,1960.45,1965.05,1960.45,1963.0,128
2024-05-13 09:30:00,1964.6,1964.6,1960.05,1963.0,154
2024-05-13 09:31:00,1963.0,1963.0,1954.4,1957.8,342
2024-05-13 09:32:00,1957.8,1957.8,1955.0,1957.25,101
2024-05-13 09:33:00,1957.25,1957.25,1951.0,1953.6,144
2024-05-13 09:34:00,1953.6,1953.6,1952.0,1952.0,15
2024-05-13 09:35:00,1953.15,1955.95,1953.15,1953.15,85
2024-05-13 09:36:00,1953.15,1956.75,1953.15,1956.75,42
2024-05-13 09:37:00,1956.75,1956.95,1953.0,1953.0,169
2024-05-13 09:38:00,1953.0,1955.65,1952.0,1952.0,65
2024-05-13 09:39:00,1952.0,1955.0,1952.0,1955.0,13
2024-05-13 09:40:00,1955.0,1955.0,1954.75,1954.75,7
2024-05-13 09:41:00,1954.75,1956.85,1954.1,1954.75,34
2024-05-13 09:42:00,1954.75,1957.15,1945.75,1950.8,1098
2024-05-13 09:43:00,1950.8,1953.35,1950.05,1950.05,53
2024-05-13 09:44:00,1950.05,1953.45,1950.05,1953.45,2
2024-05-13 09:45:00,1954.0,1959.95,1954.0,1959.6,181
2024-05-13 09:46:00,1959.6,1959.6,1956.75,1959.5,18
2024-05-13 09:47:00,1959.5,1959.5,1959.5,1959.5,0
2024-05-13 09:48:00,1957.0,1957.9,1955.05,1957.0,40
2024-05-13 09:49:00,1957.0,1957.25,1954.95,1957.25,29
2024-05-13 09:50:00,1957.25,1957.25,1954.95,1957.0,31
2024-05-13 09:51:00,1957.0,1957.0,1954.95,1955.9,13
2024-05-13 09:52:00,1955.9,1957.0,1954.0,1957.0,55
2024-05-13 09:53:00,1957.0,1957.0,1955.95,1955.95,23
2024-05-13 09:54:00,1955.95,1955.95,1955.0,1955.0,9
2024-05-13 09:55:00,1955.0,1957.0,1954.35,1954.35,86
2024-05-13 09:56:00,1954.35,1956.05,1954.35,1956.05,6
2024-05-13 09:57:00,1956.05,1956.55,1954.0,1954.0,32
2024-05-13 09:58:00,1954.0,1954.0,1949.05,1949.05,116
2024-05-13 09:59:00,1949.05,1950.5,1948.0,1950.5,455
2024-05-13 10:00:00,1950.5,1950.5,1947.0,1948.95,159
2024-05-13 10:01:00,1948.9,1949.15,1947.0,1947.0,44
2024-05-13 10:02:00,1948.95,1949.2,1946.3,1948.85,71
2024-05-13 10:03:00,1948.85,1948.85,1946.25,1946.25,48
2024-05-13 10:04:00,1946.25,1948.4,1945.85,1948.05,24
2024-05-13 10:05:00,1948.05,1948.05,1947.0,1947.0,24
2024-05-13 10:06:00,1945.2,1945.35,1944.0,1944.45,230
2024-05-13 10:07:00,1944.45,1947.0,1944.0,1945.05,174
2024-05-13 10:08:00,1945.05,1947.0,1945.05,1947.0,5
2024-05-13 10:09:00,1947.0,1947.0,1947.0,1947.0,6
2024-05-13 10:10:00,1947.0,1948.9,1945.1,1948.9,107
2024-05-13 10:11:00,1948.9,1948.9,1946.0,1948.3,83
2024-05-13 10:12:00,1948.4,1948.4,1946.2,1946.25,93
2024-05-13 10:13:00,1946.25,1948.3,1946.25,1948.3,10
2024-05-13 10:14:00,1948.3,1948.35,1948.25,1948.35,72
2024-05-13 10:15:00,1948.35,1950.0,1946.35,1950.0,108
2024-05-13 10:16:00,1950.0,1950.0,1949.95,1950.0,10
2024-05-13 10:17:00,1950.0,1950.0,1948.35,1948.85,113
2024-05-13 10:18:00,1948.85,1948.85,1948.8,1948.8,4
2024-05-13 10:19:00,1948.8,1948.85,1947.5,1948.85,11
2024-05-13 10:20:00,1948.85,1949.95,1948.8,1949.95,22
2024-05-13 10:21:00,1949.95,1949.95,1944.0,1945.65,356
2024-05-13 10:22:00,1945.65,1946.95,1945.65,1946.95,8
2024-05-13 10:23:00,1946.95,1948.05,1946.0,1946.0,32
2024-05-13 10:24:00,1946.0,1947.7,1945.7,1945.7,24
2024-05-13 10:25:00,1947.7,1947.85,1945.15,1945.15,34
2024-05-13 10:26:00,1945.15,1947.6,1945.1,1947.35,25
2024-05-13 10:27:00,1947.35,1948.7,1946.0,1948.7,69
2024-05-13 10:28:00,1948.7,1949.85,1948.7,1949.85,26
2024-05-13 10:29:00,1949.85,1951.0,1949.85,1951.0,2
2024-05-13 10:30:00,1951.0,1951.0,1947.45,1947.45,218
2024-05-13 10:31:00,1947.45,1947.7,1945.25,1945.25,51
2024-05-13 10:32:00,1945.25,1948.05,1945.25,1947.7,14
2024-05-13 10:33:00,1947.7,1947.8,1945.15,1945.15,55
2024-05-13 10:34:00,1945.15,1947.4,1945.15,1947.4,36
2024-05-13 10:35:00,1947.4,1947.4,1945.0,1945.0,173
2024-05-13 10:36:00,1943.5,1944.55,1943.0,1944.55,247
2024-05-13 10:37:00,1944.55,1944.55,1944.55,1944.55,0
2024-05-13 10:38:00,1944.55,1947.2,1944.55,1945.0,101
2024-05-13 10:39:00,1945.0,1945.0,1944.0,1944.9,13
2024-05-13 10:40:00,1944.9,1944.95,1944.9,1944.95,9
2024-05-13 10:41:00,1944.95,1945.0,1943.05,1945.0,18
2024-05-13 10:42:00,1945.0,1945.15,1943.0,1945.15,37
2024-05-13 10:43:00,1945.15,1945.15,1943.0,1943.95,22
2024-05-13 10:44:00,1943.95,1943.95,1943.95,1943.95,1
2024-05-13 10:45:00,1943.9,1943.9,1941.1,1942.7,87
2024-05-13 10:46:00,1942.7,1942.7,1941.0,1942.7,4
2024-05-13 10:47:00,1942.7,1942.7,1942.7,1942.7,5
2024-05-13 10:48:00,1942.7,1943.0,1942.0,1943.0,40
2024-05-13 10:49:00,1943.0,1944.0,1943.0,1944.0,83
2024-05-13 10:50:00,1944.0,1945.85,1944.0,1944.05,48
2024-05-13 10:51:00,1944.05,1946.5,1935.55,1936.0,751
2024-05-13 10:52:00,1936.0,1939.45,1936.0,1939.4,15
2024-05-13 10:53:00,1939.4,1940.0,1939.4,1940.0,33
2024-05-13 10:54:00,1940.0,1944.75,1940.0,1944.65,47
2024-05-13 10:55:00,1941.3,1943.05,1941.3,1941.3,53
2024-05-13 10:56:00,1941.3,1941.3,1941.3,1941.3,1
2024-05-13 10:57:00,1941.3,1941.3,1940.05,1940.05,19
2024-05-13 10:58:00,1940.05,1942.0,1940.05,1942.0,2
2024-05-13 10:59:00,1942.0,1942.0,1938.6,1938.6,112
2024-05-13 11:00:00,1938.6,1941.35,1938.6,1940.0,21
2024-05-13 11:01:00,1940.0,1941.95,1940.0,1941.95,27
2024-05-13 11:02:00,1941.95,1941.95,1936.1,1936.2,423
2024-05-13 11:03:00,1936.2,1939.15,1936.0,1939.15,264
2024-05-13 11:04:00,1939.15,1939.3,1939.15,1939.3,12
2024-05-13 11:05:00,1939.3,1940.95,1939.3,1940.95,18
2024-05-13 11:06:00,1940.95,1943.7,1940.95,1943.7,10
2024-05-13 11:07:00,1943.7,1944.95,1941.15,1944.95,103
2024-05-13 11:08:00,1944.95,1944.95,1941.5,1944.35,10
2024-05-13 11:09:00,1944.35,1944.35,1939.05,1943.7,211
2024-05-13 11:10:00,1943.7,1943.7,1940.1,1940.1,80
2024-05-13 11:11:00,1940.1,1943.6,1940.1,1943.0,14
2024-05-13 11:12:00,1943.0,1943.85,1943.0,1943.85,10
2024-05-13 11:13:00,1943.85,1944.45,1943.0,1944.15,40
2024-05-13 11:14:00,1944.15,1944.15,1943.95,1943.95,19
2024-05-13 11:15:00,1944.1,1944.1,1944.0,1944.0,9
2024-05-13 11:16:00,1944.0,1946.85,1944.0,1946.85,46
2024-05-13 11:17:00,1946.85,1946.9,1946.0,1946.9,9
2024-05-13 11:18:00,1946.9,1949.45,1946.9,1949.45,131
2024-05-13 11:19:00,1949.45,1951.0,1949.45,1951.0,76
2024-05-13 11:20:00,1951.0,1951.0,1949.5,1951.0,10
2024-05-13 11:21:00,1951.0,1951.0,1951.0,1951.0,158
2024-05-13 11:22:00,1951.0,1952.45,1951.0,1952.45,7
2024-05-13 11:23:00,1952.45,1952.45,1950.0,1950.0,80
2024-05-13 11:24:00,1950.0,1952.2,1950.0,1952.2,26
2024-05-13 11:25:00,1952.2,1952.2,1943.1,1943.1,278
2024-05-13 11:26:00,1943.1,1946.8,1943.1,1946.8,7
2024-05-13 11:27:00,1946.8,1946.8,1946.8,1946.8,5
2024-05-13 11:28:00,1946.8,1946.8,1946.8,1946.8,0
2024-05-13 11:29:00,1946.8,1950.65,1945.95,1950.65,248
2024-05-13 11:30:00,1950.65,1950.65,1950.65,1950.65,0
2024-05-13 11:31:00,1950.65,1952.0,1946.9,1950.3,252
2024-05-13 11:32:00,1950.3,1950.3,1950.0,1950.0,56
2024-05-13 11:33:00,1950.0,1950.0,1950.0,1950.0,0
2024-05-13 11:34:00,1947.0,1949.95,1946.55,1947.25,46
2024-05-13 11:35:00,1947.25,1947.25,1947.25,1947.25,28
2024-05-13 11:36:00,1947.25,1948.0,1947.25,1948.0,58
2024-05-13 11:37:00,1948.0,1950.4,1948.0,1950.4,31
2024-05-13 11:38:00,1950.4,1951.0,1950.35,1950.35,8
2024-05-13 11:39:00,1950.35,1951.2,1950.35,1951.2,4
2024-05-13 11:40:00,1951.2,1952.0,1951.2,1952.0,10
2024-05-13 11:41:00,1951.0,1951.75,1950.6,1951.75,110
2024-05-13 11:42:00,1951.75,1952.0,1951.75,1952.0,8
2024-05-13 11:43:00,1952.0,1952.0,1952.0,1952.0,70
2024-05-13 11:44:00,1952.0,1952.0,1952.0,1952.0,11
2024-05-13 11:45:00,1952.0,1952.0,1950.0,1950.0,286
2024-05-13 11:46:00,1949.8,1949.9,1947.8,1947.8,49
2024-05-13 11:47:00,1947.8,1947.8,1947.8,1947.8,0
2024-05-13 11:48:00,1947.8,1949.8,1947.8,1947.8,23
2024-05-13 11:49:00,1947.8,1947.8,1947.15,1947.15,2
2024-05-13 11:50:00,1947.15,1949.1,1947.0,1949.1,9
2024-05-13 11:51:00,1949.1,1949.1,1949.1,1949.1,0
2024-05-13 11:52:00,1949.1,1949.1,1947.0,1947.0,8
2024-05-13 11:53:00,1947.0,1948.9,1947.0,1948.9,5
2024-05-13 11:54:00,1948.9,1949.0,1948.9,1949.0,47
2024-05-13 11:55:00,1949.0,1951.05,1949.0,1951.05,77
2024-05-13 11:56:00,1951.05,1951.05,1951.0,1951.0,4
2024-05-13 11:57:00,1951.0,1951.0,1951.0,1951.0,1
2024-05-13 11:58:00,1951.0,1951.0,1949.2,1950.95,28
2024-05-13 11:59:00,1950.95,1951.0,1950.95,1951.0,4
2024-05-13 12:00:00,1951.0,1951.0,1950.0,1950.0,7
2024-05-13 12:01:00,1951.0,1951.0,1951.0,1951.0,3
2024-05-13 12:02:00,1951.0,1954.9,1951.0,1952.0,92
2024-05-13 12:03:00,1952.0,1952.0,1951.5,1951.5,5
2024-05-13 12:04:00,1952.0,1952.0,1951.0,1952.0,48
2024-05-13 12:05:00,1952.0,1954.15,1952.0,1954.15,25
2024-05-13 12:06:00,1953.0,1953.0,1952.0,1952.95,39
2024-05-13 12:07:00,1952.95,1953.0,1952.95,1953.0,13
2024-05-13 12:08:00,1953.0,1953.0,1953.0,1953.0,5
2024-05-13 12:09:00,1953.0,1953.0,1953.0,1953.0,3
2024-05-13 12:10:00,1953.0,1953.0,1953.0,1953.0,13
2024-05-13 12:11:00,1953.0,1954.1,1951.0,1953.0,125
2024-05-13 12:12:00,1953.0,1953.2,1953.0,1953.0,9
2024-05-13 12:13:00,1953.0,1953.0,1953.0,1953.0,6
2024-05-13 12:14:00,1953.0,1953.0,1952.95,1952.95,1
2024-05-13 12:15:00,1952.95,1953.0,1952.95,1953.0,10
2024-05-13 12:16:00,1953.0,1953.0,1953.0,1953.0,10
2024-05-13 12:17:00,1953.0,1953.0,1951.0,1951.0,161
2024-05-13 12:18:00,1951.0,1951.0,1950.0,1950.0,28
2024-05-13 12:19:00,1950.0,1951.85,1950.0,1951.0,19
2024-05-13 12:20:00,1951.0,1951.0,1951.0,1951.0,2
2024-05-13 12:21:00,1951.0,1951.0,1951.0,1951.0,52
2024-05-13 12:22:00,1951.0,1952.25,1951.0,1952.25,11
2024-05-13 12:23:00,1952.25,1952.25,1951.7,1951.7,58
2024-05-13 12:24:00,1951.7,1951.7,1950.0,1950.0,68
2024-05-13 12:25:00,1950.0,1951.9,1950.0,1951.9,10
2024-05-13 12:26:00,1951.9,1952.2,1950.0,1952.2,15
2024-05-13 12:27:00,1952.2,1952.2,1950.15,1952.2,3
2024-05-13 12:28:00,1952.2,1952.55,1952.2,1952.55,22
2024-05-13 12:29:00,1952.55,1952.55,1949.1,1949.1,53
2024-05-13 12:30:00,1949.1,1951.7,1949.1,1951.7,5
2024-05-13 12:31:00,1951.7,1951.7,1951.7,1951.7,1
2024-05-13 12:32:00,1951.85,1953.15,1951.85,1953.15,8
2024-05-13 12:33:00,1953.15,1953.25,1953.15,1953.25,11
2024-05-13 12:34:00,1953.25,1953.75,1950.7,1950.7,7
2024-05-13 12:35:00,1953.75,1953.75,1953.75,1953.75,6
2024-05-13 12:36:00,1953.75,1954.15,1953.75,1954.15,32
2024-05-13 12:37:00,1954.15,1954.75,1954.15,1954.75,10
2024-05-13 12:38:00,1954.75,1954.75,1951.7,1954.7,9
2024-05-13 12:39:00,1954.7,1955.0,1953.75,1953.75,175
2024-05-13 12:40:00,1953.75,1954.9,1953.75,1954.9,22
2024-05-13 12:41:00,1954.9,1954.9,1952.1,1952.1,11
2024-05-13 12:42:00,1952.1,1955.0,1952.1,1955.0,17
2024-05-13 12:43:00,1955.0,1956.05,1955.0,1956.05,14
2024-05-13 12:44:00,1956.05,1956.05,1956.05,1956.05,0
2024-05-13 12:45:00,1956.05,1956.05,1956.05,1956.05,31
2024-05-13 12:46:00,1956.05,1956.05,1952.1,1954.0,153
2024-05-13 12:47:00,1954.0,1954.7,1952.2,1954.7,3
2024-05-13 12:48:00,1954.7,1954.7,1954.45,1954.45,4
2024-05-13 12:49:00,1954.45,1954.45,1954.45,1954.45,0
2024-05-13 12:50:00,1954.45,1955.3,1952.7,1955.3,30
2024-05-13 12:51:00,1955.3,1955.3,1952.8,1952.8,10
2024-05-13 12:52:00,1952.8,1952.8,1952.8,1952.8,0
2024-05-13 12:53:00,1954.9,1954.95,1952.55,1952.55,101
2024-05-13 12:54:00,1952.55,1954.0,1952.55,1954.0,2
2024-05-13 12:55:00,1951.05,1952.75,1951.0,1952.75,106
2024-05-13 12:56:00,1952.75,1952.75,1950.05,1950.05,5
2024-05-13 12:57:00,1950.05,1952.4,1950.0,1952.4,14
2024-05-13 12:58:00,1952.0,1952.25,1950.05,1952.25,10
2024-05-13 12:59:00,1952.25,1952.25,1952.25,1952.25,0
2024-05-13 13:00:00,1952.25,1952.25,1952.25,1952.25,3
2024-05-13 13:01:00,1952.25,1952.25,1952.25,1952.25,0
2024-05-13 13:02:00,1952.25,1952.7,1952.25,1952.7,27
2024-05-13 13:03:00,1952.7,1952.7,1952.7,1952.7,1
2024-05-13 13:04:00,1952.7,1952.75,1950.4,1950.45,12
2024-05-13 13:05:00,1950.45,1950.45,1950.45,1950.45,1
2024-05-13 13:06:00,1950.45,1950.45,1950.45,1950.45,0
2024-05-13 13:07:00,1950.45,1950.45,1950.45,1950.45,0
2024-05-13 13:08:00,1950.45,1950.45,1950.45,1950.45,50
2024-05-13 13:09:00,1950.45,1950.45,1950.45,1950.45,0
2024-05-13 13:10:00,1950.45,1952.4,1950.45,1952.4,5
2024-05-13 13:11:00,1952.4,1953.85,1952.4,1953.85,27
2024-05-13 13:12:00,1953.85,1953.95,1953.7,1953.7,5
2024-05-13 13:13:00,1953.95,1953.95,1953.95,1953.95,20
2024-05-13 13:14:00,1953.95,1953.95,1950.9,1951.0,87
2024-05-13 13:15:00,1951.0,1951.0,1950.05,1950.05,3
2024-05-13 13:16:00,1950.05,1952.7,1950.05,1952.7,4
2024-05-13 13:17:00,1952.7,1953.7,1952.7,1953.7,4
2024-05-13 13:18:00,1952.7,1953.7,1952.7,1953.7,8
2024-05-13 13:19:00,1953.7,1953.95,1952.0,1953.8,20
2024-05-13 13:20:00,1953.8,1953.8,1953.65,1953.75,19
2024-05-13 13:21:00,1953.75,1953.75,1951.3,1951.8,57
2024-05-13 13:22:00,1951.8,1951.8,1951.8,1951.8,0
2024-05-13 13:23:00,1951.8,1951.8,1945.5,1945.5,154
2024-05-13 13:24:00,1945.5,1945.5,1944.5,1944.5,66
2024-05-13 13:25:00,1944.5,1945.3,1943.0,1945.3,211
2024-05-13 13:26:00,1945.3,1951.75,1945.3,1951.75,46
2024-05-13 13:27:00,1951.75,1951.8,1951.75,1951.8,11
2024-05-13 13:28:00,1951.8,1951.8,1945.5,1945.5,24
2024-05-13 13:29:00,1945.5,1948.05,1945.5,1948.05,11
2024-05-13 13:30:00,1948.05,1948.2,1948.05,1948.2,2
2024-05-13 13:31:00,1948.2,1948.2,1946.9,1946.9,3
2024-05-13 13:32:00,1945.5,1945.9,1945.0,1945.0,41
2024-05-13 13:33:00,1945.0,1945.0,1944.0,1945.0,62
2024-05-13 13:34:00,1945.0,1945.9,1944.2,1945.9,9
2024-05-13 13:35:00,1945.9,1945.9,1945.9,1945.9,5
2024-05-13 13:36:00,1945.9,1946.25,1945.9,1946.25,6
2024-05-13 13:37:00,1946.25,1946.25,1944.35,1944.35,2
2024-05-13 13:38:00,1944.35,1946.25,1944.35,1944.4,8
2024-05-13 13:39:00,1944.4,1944.4,1944.4,1944.4,5
2024-05-13 13:40:00,1944.4,1946.6,1944.4,1946.6,10
2024-05-13 13:41:00,1946.6,1946.65,1946.6,1946.65,3
2024-05-13 13:42:00,1946.65,1946.65,1944.65,1946.05,13
2024-05-13 13:43:00,1946.05,1946.05,1946.05,1946.05,0
2024-05-13 13:44:00,1946.05,1946.05,1943.15,1943.15,204
2024-05-13 13:45:00,1943.15,1944.4,1943.15,1944.4,2
2024-05-13 13:46:00,1944.4,1944.4,1944.05,1944.35,2
2024-05-13 13:47:00,1944.35,1944.8,1943.3,1944.8,17
2024-05-13 13:48:00,1944.8,1944.8,1944.8,1944.8,15
2024-05-13 13:49:00,1944.8,1944.8,1944.0,1944.0,2
2024-05-13 13:50:00,1944.0,1944.0,1944.0,1944.0,2
2024-05-13 13:51:00,1944.0,1944.8,1940.0,1943.4,427
2024-05-13 13:52:00,1943.4,1943.4,1943.0,1943.0,2
2024-05-13 13:53:00,1943.0,1944.75,1943.0,1944.75,1
2024-05-13 13:54:00,1944.75,1946.0,1944.75,1946.0,60
2024-05-13 13:55:00,1946.0,1949.3,1946.0,1948.65,29
2024-05-13 13:56:00,1948.65,1949.25,1948.65,1949.0,20
2024-05-13 13:57:00,1949.0,1949.3,1949.0,1949.3,61
2024-05-13 13:58:00,1952.0,1955.1,1950.6,1953.3,413
2024-05-13 13:59:00,1953.3,1955.9,1953.0,1955.9,106
2024-05-13 14:00:00,1955.9,1955.9,1950.1,1950.1,92
2024-05-13 14:01:00,1950.1,1950.1,1950.05,1950.05,11
2024-05-13 14:02:00,1950.05,1952.75,1950.05,1952.75,26
2024-05-13 14:03:00,1953.95,1953.95,1950.05,1950.05,126
2024-05-13 14:04:00,1950.05,1950.1,1950.05,1950.1,11
2024-05-13 14:05:00,1950.1,1953.95,1950.05,1953.95,153
2024-05-13 14:06:00,1953.9,1953.9,1950.05,1950.05,22
2024-05-13 14:07:00,1950.05,1953.95,1950.05,1953.95,112
2024-05-13 14:08:00,1953.95,1953.95,1950.05,1950.85,87
2024-05-13 14:09:00,1950.85,1953.0,1950.2,1952.8,49
2024-05-13 14:10:00,1950.7,1952.5,1950.1,1950.1,28
2024-05-13 14:11:00,1950.1,1953.05,1950.1,1953.05,27
2024-05-13 14:12:00,1953.05,1953.05,1950.65,1950.8,22
2024-05-13 14:13:00,1950.8,1953.15,1950.8,1953.0,23
2024-05-13 14:14:00,1953.0,1953.75,1951.2,1951.2,67
2024-05-13 14:15:00,1951.2,1951.2,1950.8,1951.05,18
2024-05-13 14:16:00,1951.05,1952.85,1950.8,1950.8,41
2024-05-13 14:17:00,1950.8,1950.8,1950.8,1950.8,23
2024-05-13 14:18:00,1950.8,1953.0,1950.8,1953.0,70
2024-05-13 14:19:00,1953.0,1953.4,1951.0,1951.0,47
2024-05-13 14:20:00,1951.0,1952.25,1951.0,1951.0,28
2024-05-13 14:21:00,1951.0,1952.25,1951.0,1951.0,17
2024-05-13 14:22:00,1951.0,1952.35,1950.2,1952.35,77
2024-05-13 14:23:00,1950.85,1950.85,1950.1,1950.2,23
2024-05-13 14:24:00,1950.2,1950.2,1950.1,1950.2,20
2024-05-13 14:25:00,1950.2,1952.35,1950.15,1952.25,15
2024-05-13 14:26:00,1952.25,1952.25,1950.1,1950.1,36
2024-05-13 14:27:00,1950.1,1950.1,1950.1,1950.1,43
2024-05-13 14:28:00,1950.1,1953.65,1950.1,1951.45,64
2024-05-13 14:29:00,1951.45,1953.3,1950.9,1953.3,70
2024-05-13 14:30:00,1953.3,1953.75,1951.1,1951.35,43
2024-05-13 14:31:00,1951.35,1953.7,1950.7,1950.8,64
2024-05-13 14:32:00,1950.75,1953.25,1950.5,1950.5,35
2024-05-13 14:33:00,1950.5,1950.5,1950.4,1950.4,11
2024-05-13 14:34:00,1950.4,1952.9,1950.0,1952.25,233
2024-05-13 14:35:00,1952.25,1952.25,1950.15,1952.0,24
2024-05-13 14:36:00,1950.45,1952.0,1950.45,1950.5,24
2024-05-13 14:37:00,1950.5,1953.4,1950.5,1951.0,124
2024-05-13 14:38:00,1951.0,1953.0,1950.8,1951.95,34
2024-05-13 14:39:00,1951.95,1951.95,1951.85,1951.9,22
2024-05-13 14:40:00,1951.9,1953.75,1950.5,1950.5,90
2024-05-13 14:41:00,1950.5,1952.35,1950.5,1952.2,16
2024-05-13 14:42:00,1950.5,1951.95,1950.45,1951.95,18
2024-05-13 14:43:00,1951.95,1953.55,1950.0,1952.15,159
2024-05-13 14:44:00,1950.0,1950.2,1950.0,1950.05,58
2024-05-13 14:45:00,1950.05,1950.05,1950.0,1950.0,22
2024-05-13 14:46:00,1950.0,1952.05,1950.0,1950.0,101
2024-05-13 14:47:00,1949.3,1949.3,1946.5,1946.5,516
2024-05-13 14:48:00,1946.5,1947.45,1946.5,1946.5,18
2024-05-13 14:49:00,1946.5,1947.4,1945.0,1945.0,105
2024-05-13 14:50:00,1945.0,1946.0,1945.0,1946.0,58
2024-05-13 14:51:00,1946.0,1946.85,1945.05,1946.55,29
2024-05-13 14:52:00,1946.55,1946.6,1945.0,1945.0,29
2024-05-13 14:53:00,1946.1,1946.1,1944.0,1945.5,145
2024-05-13 14:54:00,1945.5,1945.5,1944.0,1944.0,115
2024-05-13 14:55:00,1944.0,1945.0,1943.6,1945.0,47
2024-05-13 14:56:00,1945.0,1946.0,1944.05,1946.0,28
2024-05-13 14:57:00,1946.0,1946.45,1944.15,1946.45,65
2024-05-13 14:58:00,1946.45,1946.45,1944.7,1944.75,22
2024-05-13 14:59:00,1944.75,1946.55,1944.75,1946.35,16
2024-05-13 15:00:00,1946.35,1948.95,1944.85,1946.2,229
2024-05-13 15:01:00,1946.2,1947.8,1946.15,1946.15,16
2024-05-13 15:02:00,1946.15,1947.4,1945.8,1947.4,31
2024-05-13 15:03:00,1947.4,1948.75,1946.0,1948.6,64
2024-05-13 15:04:00,1946.35,1948.35,1946.35,1946.5,34
2024-05-13 15:05:00,1946.5,1950.95,1946.5,1950.0,225
2024-05-13 15:06:00,1950.0,1950.95,1947.35,1948.5,41
2024-05-13 15:07:00,1948.5,1951.5,1947.75,1951.5,42
2024-05-13 15:08:00,1952.15,1952.5,1950.05,1952.2,68
2024-05-13 15:09:00,1950.6,1952.95,1950.35,1950.35,140
2024-05-13 15:10:00,1950.35,1950.9,1949.0,1950.9,39
2024-05-13 15:11:00,1949.1,1951.0,1948.95,1950.0,39
2024-05-13 15:12:00,1950.0,1953.45,1948.4,1948.4,231
2024-05-13 15:13:00,1948.8,1949.8,1945.0,1946.8,236
2024-05-13 15:14:00,1946.8,1946.8,1944.75,1945.9,46
2024-05-13 15:15:00,1945.9,1948.45,1945.65,1948.3,182
2024-05-13 15:16:00,1945.8,1947.5,1945.0,1947.5,76
2024-05-13 15:17:00,1947.5,1949.0,1947.25,1949.0,112
2024-05-13 15:18:00,1949.0,1949.0,1947.0,1949.0,70
2024-05-13 15:19:00,1949.0,1950.0,1947.1,1949.95,75
2024-05-13 15:20:00,1949.95,1951.25,1947.0,1950.0,165
2024-05-13 15:21:00,1950.0,1951.25,1947.3,1948.05,219
2024-05-13 15:22:00,1948.05,1948.05,1945.85,1945.85,147
2024-05-13 15:23:00,1945.85,1947.2,1945.1,1947.2,131
2024-05-13 15:24:00,1947.6,1950.0,1945.3,1946.15,272
2024-05-13 15:25:00,1946.15,1949.85,1945.65,1949.0,79
2024-05-13 15:26:00,1949.0,1951.0,1947.9,1951.0,102
2024-05-13 15:27:00,1950.0,1956.0,1950.0,1954.9,203
2024-05-13 15:28:00,1954.9,1954.9,1946.0,1954.45,219
2024-05-13 15:29:00,1954.45,1954.45,1946.0,1954.45,428
2024-05-14 09:15:00,1954.45,1965.55,1954.25,1963.3,1034
2024-05-14 09:16:00,1959.4,1964.25,1956.1,1964.25,569
2024-05-14 09:17:00,1964.25,1965.65,1960.0,1965.45,471
2024-05-14 09:18:00,1965.45,1965.65,1964.85,1965.65,59
2024-05-14 09:19:00,1966.5,1966.5,1960.05,1960.05,317
2024-05-14 09:20:00,1960.0,1960.55,1951.4,1955.35,777
2024-05-14 09:21:00,1956.8,1958.8,1953.9,1958.8,36
2024-05-14 09:22:00,1958.8,1959.95,1952.5,1957.45,354
2024-05-14 09:23:00,1957.45,1957.45,1956.1,1956.6,331
2024-05-14 09:24:00,1956.6,1959.35,1956.6,1959.35,39
2024-05-14 09:25:00,1959.35,1959.9,1951.35,1953.0,373
2024-05-14 09:26:00,1953.0,1954.5,1949.9,1949.9,670
2024-05-14 09:27:00,1950.05,1953.8,1950.05,1953.8,51
2024-05-14 09:28:00,1953.8,1953.8,1953.8,1953.8,22
2024-05-14 09:29:00,1953.8,1957.45,1953.0,1955.5,113
2024-05-14 09:30:00,1955.25,1956.3,1954.0,1955.9,236
2024-05-14 09:31:00,1955.9,1956.85,1955.9,1956.85,67
2024-05-14 09:32:00,1956.85,1959.0,1956.85,1959.0,65
2024-05-14 09:33:00,1959.0,1959.0,1956.85,1958.1,113
2024-05-14 09:34:00,1958.1,1959.05,1958.1,1959.05,21
2024-05-14 09:35:00,1959.05,1959.9,1959.0,1959.9,16
2024-05-14 09:36:00,1959.9,1959.9,1957.45,1959.05,27
2024-05-14 09:37:00,1959.05,1959.05,1956.0,1956.0,22
2024-05-14 09:38:00,1956.0,1958.05,1955.0,1955.0,31
2024-05-14 09:39:00,1955.0,1958.05,1955.0,1958.05,34
2024-05-14 09:40:00,1958.1,1958.1,1958.1,1958.1,4
2024-05-14 09:41:00,1958.1,1958.7,1958.0,1958.7,67
2024-05-14 09:42:00,1958.7,1961.4,1958.7,1961.4,339
2024-05-14 09:43:00,1961.4,1961.45,1961.0,1961.0,15
2024-05-14 09:44:00,1961.0,1961.5,1961.0,1961.5,80
2024-05-14 09:45:00,1961.5,1964.35,1961.5,1964.35,61
2024-05-14 09:46:00,1964.35,1965.0,1963.85,1963.85,53
2024-05-14 09:47:00,1965.3,1965.3,1963.0,1963.0,106
2024-05-14 09:48:00,1963.0,1965.95,1963.0,1965.95,60
2024-05-14 09:49:00,1965.95,1965.95,1965.0,1965.0,17
2024-05-14 09:50:00,1965.0,1966.0,1965.0,1965.05,46
2024-05-14 09:51:00,1965.05,1966.9,1965.05,1966.9,85
2024-05-14 09:52:00,1966.9,1966.9,1966.5,1966.5,2
2024-05-14 09:53:00,1966.5,1966.5,1958.45,1958.95,745
2024-05-14 09:54:00,1958.95,1958.95,1954.0,1954.0,446
2024-05-14 09:55:00,1954.0,1954.0,1954.0,1954.0,25
2024-05-14 09:56:00,1954.0,1954.0,1953.0,1953.0,21
2024-05-14 09:57:00,1953.0,1953.6,1953.0,1953.6,108
2024-05-14 09:58:00,1953.6,1953.6,1953.6,1953.6,3
2024-05-14 09:59:00,1953.95,1953.95,1953.95,1953.95,40
2024-05-14 10:00:00,1953.95,1953.95,1951.65,1953.4,50
2024-05-14 10:01:00,1953.4,1953.4,1947.0,1947.95,342
2024-05-14 10:02:00,1947.95,1947.95,1945.0,1946.25,109
2024-05-14 10:03:00,1946.25,1946.75,1940.8,1942.0,332
2024-05-14 10:04:00,1940.65,1944.15,1940.65,1944.15,63
2024-05-14 10:05:00,1944.15,1944.85,1944.15,1944.85,118
2024-05-14 10:06:00,1944.85,1944.85,1944.8,1944.8,1
2024-05-14 10:07:00,1944.0,1944.0,1941.35,1943.45,63
2024-05-14 10:08:00,1943.45,1943.6,1942.95,1943.0,151
2024-05-14 10:09:00,1943.0,1943.0,1941.2,1943.0,9
2024-05-14 10:10:00,1943.0,1943.0,1943.0,1943.0,44
2024-05-14 10:11:00,1943.0,1943.55,1943.0,1943.55,31
2024-05-14 10:12:00,1943.55,1943.55,1942.75,1942.75,20
2024-05-14 10:13:00,1942.75,1942.75,1939.9,1939.9,189
2024-05-14 10:14:00,1939.9,1941.5,1939.9,1941.5,21
2024-05-14 10:15:00,1941.5,1944.2,1941.5,1944.15,89
2024-05-14 10:16:00,1944.15,1944.45,1941.3,1944.3,85
2024-05-14 10:17:00,1944.3,1944.3,1941.3,1944.3,7
2024-05-14 10:18:00,1944.4,1944.8,1944.4,1944.8,55
2024-05-14 10:19:00,1944.8,1945.0,1943.55,1945.0,22
2024-05-14 10:20:00,1945.0,1946.65,1945.0,1946.65,74
2024-05-14 10:21:00,1946.65,1946.65,1946.6,1946.6,30
2024-05-14 10:22:00,1946.6,1946.7,1946.6,1946.7,122
2024-05-14 10:23:00,1946.7,1948.0,1946.7,1948.0,296
2024-05-14 10:24:00,1948.0,1948.0,1943.3,1943.3,77
2024-05-14 10:25:00,1943.3,1944.8,1942.3,1944.8,17
2024-05-14 10:26:00,1944.8,1945.15,1944.8,1945.15,1
2024-05-14 10:27:00,1945.2,1945.55,1945.2,1945.55,11
2024-05-14 10:28:00,1945.55,1945.55,1943.1,1943.1,1
2024-05-14 10:29:00,1943.1,1945.25,1943.1,1945.25,4
2024-05-14 10:30:00,1945.25,1945.35,1945.25,1945.35,1
2024-05-14 10:31:00,1945.35,1945.55,1945.35,1945.55,5
2024-05-14 10:32:00,1945.55,1945.55,1945.5,1945.5,12
2024-05-14 10:33:00,1945.5,1945.5,1943.05,1944.45,81
2024-05-14 10:34:00,1944.45,1946.3,1944.45,1946.3,11
2024-05-14 10:35:00,1946.3,1946.45,1944.45,1946.3,14
2024-05-14 10:36:00,1946.3,1946.75,1946.3,1946.75,68
2024-05-14 10:37:00,1946.75,1946.9,1942.35,1942.35,124
2024-05-14 10:38:00,1942.35,1944.85,1942.35,1944.55,13
2024-05-14 10:39:00,1944.4,1944.4,1942.05,1942.05,12
2024-05-14 10:40:00,1942.05,1944.4,1942.05,1944.0,11
2024-05-14 10:41:00,1944.0,1944.0,1942.0,1943.8,51
2024-05-14 10:42:00,1943.8,1943.8,1942.0,1942.0,158
2024-05-14 10:43:00,1942.0,1944.5,1942.0,1944.5,22
2024-05-14 10:44:00,1944.5,1944.75,1944.5,1944.75,1
2024-05-14 10:45:00,1944.75,1946.0,1944.5,1944.5,82
2024-05-14 10:46:00,1944.5,1944.5,1944.5,1944.5,0
2024-05-14 10:47:00,1946.8,1946.95,1946.8,1946.95,12
2024-05-14 10:48:00,1946.95,1947.5,1946.8,1947.5,60
2024-05-14 10:49:00,1947.5,1948.1,1947.5,1948.1,10
2024-05-14 10:50:00,1948.1,1948.1,1948.1,1948.1,3
2024-05-14 10:51:00,1948.1,1948.1,1948.1,1948.1,3
2024-05-14 10:52:00,1948.1,1948.45,1948.1,1948.45,7
2024-05-14 10:53:00,1948.45,1948.45,1948.0,1948.0,0
2024-05-14 10:54:00,1948.0,1949.5,1948.0,1949.5,64
2024-05-14 10:55:00,1949.5,1949.55,1947.1,1949.0,18
2024-05-14 10:56:00,1949.0,1949.5,1946.35,1949.4,70
2024-05-14 10:57:00,1949.4,1949.4,1949.4,1949.4,0
2024-05-14 10:58:00,1949.4,1949.4,1949.4,1949.4,0
2024-05-14 10:59:00,1949.5,1949.55,1949.5,1949.55,6
2024-05-14 11:00:00,1949.55,1949.6,1947.5,1947.5,6
2024-05-14 11:01:00,1947.5,1947.5,1947.5,1947.5,180
2024-05-14 11:02:00,1949.6,1949.6,1947.55,1949.6,7
2024-05-14 11:03:00,1949.6,1949.6,1949.6,1949.6,1
2024-05-14 11:04:00,1949.6,1952.7,1949.6,1952.7,111
2024-05-14 11:05:00,1952.7,1952.7,1949.6,1951.7,73
2024-05-14 11:06:00,1951.7,1952.8,1951.7,1952.35,53
2024-05-14 11:07:00,1952.35,1952.9,1952.35,1952.9,41
2024-05-14 11:08:00,1952.9,1953.15,1950.8,1953.15,28
2024-05-14 11:09:00,1953.15,1953.5,1951.2,1951.2,39
2024-05-14 11:10:00,1951.2,1953.6,1951.2,1953.6,1
2024-05-14 11:11:00,1953.6,1953.6,1951.2,1951.2,2
2024-05-14 11:12:00,1951.2,1953.65,1951.2,1953.65,10
2024-05-14 11:13:00,1953.65,1953.95,1953.65,1953.95,2
2024-05-14 11:14:00,1953.95,1953.95,1953.95,1953.95,0
2024-05-14 11:15:00,1953.95,1954.0,1953.95,1954.0,3
2024-05-14 11:16:00,1954.0,1954.6,1954.0,1954.0,55
2024-05-14 11:17:00,1954.0,1954.0,1954.0,1954.0,0
2024-05-14 11:18:00,1954.0,1954.0,1951.7,1951.7,94
2024-05-14 11:19:00,1952.7,1952.7,1952.5,1952.5,102
2024-05-14 11:20:00,1950.65,1952.4,1950.65,1952.4,7
2024-05-14 11:21:00,1952.4,1952.4,1952.25,1952.25,4
2024-05-14 11:22:00,1952.25,1952.25,1952.2,1952.2,1
2024-05-14 11:23:00,1952.2,1952.5,1949.7,1951.7,104
2024-05-14 11:24:00,1953.0,1953.0,1953.0,1953.0,16
2024-05-14 11:25:00,1953.0,1954.6,1953.0,1954.6,96
2024-05-14 11:26:00,1954.6,1959.65,1954.0,1959.65,249
2024-05-14 11:27:00,1959.65,1959.65,1957.0,1957.0,33
2024-05-14 11:28:00,1955.4,1957.0,1955.4,1957.0,31
2024-05-14 11:29:00,1957.0,1957.0,1954.95,1955.0,58
2024-05-14 11:30:00,1955.0,1955.0,1955.0,1955.0,20
2024-05-14 11:31:00,1955.0,1955.0,1955.0,1955.0,1
2024-05-14 11:32:00,1955.0,1955.0,1955.0,1955.0,0
2024-05-14 11:33:00,1955.0,1955.0,1951.9,1954.55,18
2024-05-14 11:34:00,1954.55,1954.55,1949.75,1952.65,77
2024-05-14 11:35:00,1952.65,1952.65,1949.75,1952.5,7
2024-05-14 11:36:00,1952.5,1952.95,1950.05,1952.95,46
2024-05-14 11:37:00,1952.95,1953.75,1951.1,1953.75,34
2024-05-14 11:38:00,1953.75,1953.75,1953.6,1953.6,20
2024-05-14 11:39:00,1953.6,1953.6,1953.6,1953.6,0
2024-05-14 11:40:00,1953.6,1953.6,1951.3,1951.3,2
2024-05-14 11:41:00,1951.3,1953.9,1950.55,1950.55,40
2024-05-14 11:42:00,1950.55,1950.55,1950.55,1950.55,0
2024-05-14 11:43:00,1950.55,1953.1,1950.55,1953.1,10
2024-05-14 11:44:00,1953.1,1953.1,1953.1,1953.1,50
2024-05-14 11:45:00,1953.1,1953.1,1952.95,1952.95,30
2024-05-14 11:46:00,1952.95,1953.05,1952.95,1953.05,10
2024-05-14 11:47:00,1953.05,1953.1,1953.05,1953.1,4
2024-05-14 11:48:00,1953.1,1955.05,1950.15,1950.15,175
2024-05-14 11:49:00,1950.15,1952.45,1950.15,1952.0,16
2024-05-14 11:50:00,1952.0,1954.2,1952.0,1954.2,30
2024-05-14 11:51:00,1954.2,1954.2,1952.0,1952.0,6
2024-05-14 11:52:00,1952.0,1952.0,1952.0,1952.0,18
2024-05-14 11:53:00,1952.0,1952.0,1951.95,1951.95,4
2024-05-14 11:54:00,1950.0,1951.85,1950.0,1951.85,22
2024-05-14 11:55:00,1951.85,1951.85,1951.8,1951.8,13
2024-05-14 11:56:00,1951.8,1951.8,1949.1,1949.1,19
2024-05-14 11:57:00,1949.1,1951.35,1949.05,1951.35,22
2024-05-14 11:58:00,1951.35,1951.4,1951.35,1951.4,13
2024-05-14 11:59:00,1951.4,1951.4,1951.4,1951.4,0
2024-05-14 12:00:00,1951.4,1951.8,1951.4,1951.8,12
2024-05-14 12:01:00,1951.8,1951.8,1951.8,1951.8,0
2024-05-14 12:02:00,1951.8,1951.8,1948.5,1950.0,29
2024-05-14 12:03:00,1950.0,1950.0,1950.0,1950.0,0
2024-05-14 12:04:00,1950.0,1950.0,1950.0,1950.0,0
2024-05-14 12:05:00,1950.0,1950.0,1950.0,1950.0,0
2024-05-14 12:06:00,1950.0,1951.0,1950.0,1951.0,55
2024-05-14 12:07:00,1951.0,1951.7,1950.0,1951.7,9
2024-05-14 12:08:00,1951.7,1951.7,1951.7,1951.7,0
2024-05-14 12:09:00,1951.7,1951.7,1951.7,1951.7,9
2024-05-14 12:10:00,1951.7,1951.8,1950.05,1951.8,32
2024-05-14 12:11:00,1951.8,1951.8,1950.0,1950.0,10
2024-05-14 12:12:00,1950.0,1950.0,1950.0,1950.0,1
2024-05-14 12:13:00,1950.0,1951.5,1950.0,1951.5,28
2024-05-14 12:14:00,1951.5,1952.1,1950.05,1952.1,27
2024-05-14 12:15:00,1952.1,1952.15,1952.1,1952.15,10
2024-05-14 12:16:00,1952.15,1952.15,1952.1,1952.15,77
2024-05-14 12:17:00,1952.15,1952.5,1952.15,1952.5,14
2024-05-14 12:18:00,1952.5,1952.5,1952.5,1952.5,16
2024-05-14 12:19:00,1952.5,1952.5,1952.5,1952.5,12
2024-05-14 12:20:00,1952.5,1952.5,1952.5,1952.5,0
2024-05-14 12:21:00,1952.5,1952.65,1952.5,1952.65,25
2024-05-14 12:22:00,1952.65,1952.65,1952.65,1952.65,0
2024-05-14 12:23:00,1952.65,1952.65,1950.5,1950.5,25
2024-05-14 12:24:00,1950.5,1953.0,1950.5,1953.0,12
2024-05-14 12:25:00,1953.0,1953.0,1953.0,1953.0,7
2024-05-14 12:26:00,1953.0,1953.0,1952.5,1952.95,37
2024-05-14 12:27:00,1950.7,1952.95,1950.7,1952.95,16
2024-05-14 12:28:00,1952.95,1952.95,1952.9,1952.9,4
2024-05-14 12:29:00,1952.9,1952.9,1952.9,1952.9,0
2024-05-14 12:30:00,1952.95,1952.95,1952.75,1952.75,2
2024-05-14 12:31:00,1952.75,1952.95,1952.75,1952.95,10
2024-05-14 12:32:00,1952.95,1952.95,1952.95,1952.95,8
2024-05-14 12:33:00,1952.95,1952.95,1952.95,1952.95,0
2024-05-14 12:34:00,1952.95,1952.95,1952.95,1952.95,0
2024-05-14 12:35:00,1952.95,1952.95,1952.0,1952.0,57
2024-05-14 12:36:00,1952.9,1952.95,1952.9,1952.95,6
2024-05-14 12:37:00,1952.95,1952.95,1952.95,1952.95,0
2024-05-14 12:38:00,1952.95,1952.95,1950.0,1950.0,66
2024-05-14 12:39:00,1950.0,1950.0,1950.0,1950.0,0
2024-05-14 12:40:00,1950.0,1951.5,1949.65,1951.5,61
2024-05-14 12:41:00,1951.5,1951.5,1951.5,1951.5,10
2024-05-14 12:42:00,1951.95,1952.0,1951.95,1952.0,9
2024-05-14 12:43:00,1953.0,1953.0,1953.0,1953.0,10
2024-05-14 12:44:00,1953.0,1953.45,1953.0,1953.45,14
2024-05-14 12:45:00,1953.45,1954.15,1953.45,1954.15,10
2024-05-14 12:46:00,1952.5,1952.5,1952.5,1952.5,16
2024-05-14 12:47:00,1952.5,1952.5,1952.5,1952.5,0
2024-05-14 12:48:00,1952.5,1952.5,1952.5,1952.5,0
2024-05-14 12:49:00,1952.5,1952.5,1952.5,1952.5,0
2024-05-14 12:50:00,1954.2,1954.2,1954.2,1954.2,10
2024-05-14 12:51:00,1954.2,1954.2,1952.3,1954.2,9
2024-05-14 12:52:00,1954.2,1954.2,1954.2,1954.2,10
2024-05-14 12:53:00,1954.2,1954.75,1954.2,1954.75,36
2024-05-14 12:54:00,1952.8,1952.8,1952.8,1952.8,1
2024-05-14 12:55:00,1952.8,1954.45,1952.8,1954.45,1
2024-05-14 12:56:00,1954.45,1954.45,1953.1,1953.1,10
2024-05-14 12:57:00,1954.95,1954.95,1953.0,1953.0,14
2024-05-14 12:58:00,1953.0,1954.85,1953.0,1954.85,0
2024-05-14 12:59:00,1954.85,1954.9,1954.75,1954.75,22
2024-05-14 13:00:00,1954.75,1954.8,1952.05,1954.8,27
2024-05-14 13:01:00,1954.8,1954.8,1952.05,1952.05,5
2024-05-14 13:02:00,1952.05,1954.75,1952.05,1954.75,1
2024-05-14 13:03:00,1954.75,1954.75,1954.75,1954.75,0
2024-05-14 13:04:00,1954.75,1954.75,1954.7,1954.7,23
2024-05-14 13:05:00,1954.9,1955.0,1954.9,1955.0,21
2024-05-14 13:06:00,1955.0,1955.0,1955.0,1955.0,10
2024-05-14 13:07:00,1955.0,1955.0,1954.0,1954.0,5
2024-05-14 13:08:00,1954.0,1955.0,1954.0,1955.0,52
2024-05-14 13:09:00,1955.0,1955.0,1955.0,1955.0,15
2024-05-14 13:10:00,1955.0,1955.0,1955.0,1955.0,0
2024-05-14 13:11:00,1955.0,1955.0,1955.0,1955.0,50
2024-05-14 13:12:00,1955.0,1955.0,1952.45,1952.45,15
2024-05-14 13:13:00,1952.45,1954.55,1952.45,1954.55,3
2024-05-14 13:14:00,1954.55,1954.55,1954.55,1954.55,0
2024-05-14 13:15:00,1954.75,1954.75,1954.75,1954.75,10
2024-05-14 13:16:00,1955.0,1955.0,1952.65,1955.0,17
2024-05-14 13:17:00,1955.0,1955.0,1952.1,1952.1,39
2024-05-14 13:18:00,1952.1,1954.95,1952.1,1954.95,5
2024-05-14 13:19:00,1954.95,1954.95,1954.95,1954.95,0
2024-05-14 13:20:00,1954.95,1954.95,1954.95,1954.95,4
2024-05-14 13:21:00,1954.95,1957.35,1954.95,1956.0,160
2024-05-14 13:22:00,1956.0,1957.5,1954.95,1957.5,24
2024-05-14 13:23:00,1957.5,1957.5,1955.25,1955.25,3
2024-05-14 13:24:00,1955.25,1957.5,1955.1,1955.1,11
2024-05-14 13:25:00,1955.1,1957.5,1955.1,1955.15,13
2024-05-14 13:26:00,1955.15,1955.15,1955.15,1955.15,0
2024-05-14 13:27:00,1955.15,1957.0,1954.3,1957.0,15
2024-05-14 13:28:00,1957.0,1957.5,1957.0,1957.5,9
2024-05-14 13:29:00,1957.5,1957.5,1955.05,1955.05,9
2024-05-14 13:30:00,1955.05,1955.1,1955.05,1955.1,10
2024-05-14 13:31:00,1955.1,1955.1,1955.1,1955.1,0
2024-05-14 13:32:00,1955.15,1955.15,1955.15,1955.15,1
2024-05-14 13:33:00,1955.15,1957.4,1955.15,1957.4,5
2024-05-14 13:34:00,1957.4,1957.4,1955.1,1957.25,7
2024-05-14 13:35:00,1957.25,1957.25,1957.25,1957.25,0
2024-05-14 13:36:00,1957.25,1957.25,1957.25,1957.25,0
2024-05-14 13:37:00,1957.25,1957.25,1957.25,1957.25,0
2024-05-14 13:38:00,1957.25,1960.75,1957.2,1960.75,1073
2024-05-14 13:39:00,1960.75,1961.0,1960.75,1961.0,12
2024-05-14 13:40:00,1961.0,1961.0,1958.7,1959.7,32
2024-05-14 13:41:00,1959.7,1964.5,1959.0,1964.5,492
2024-05-14 13:42:00,1964.5,1965.8,1963.05,1965.8,82
2024-05-14 13:43:00,1965.8,1965.8,1963.05,1963.1,46
2024-05-14 13:44:00,1963.1,1963.95,1962.65,1962.65,23
2024-05-14 13:45:00,1962.65,1966.0,1962.65,1965.95,40
2024-05-14 13:46:00,1965.95,1965.95,1965.85,1965.85,29
2024-05-14 13:47:00,1965.85,1965.9,1965.85,1965.9,13
2024-05-14 13:48:00,1965.9,1969.45,1965.9,1969.45,305
2024-05-14 13:49:00,1969.45,1969.45,1965.9,1967.9,166
2024-05-14 13:50:00,1967.9,1968.4,1967.9,1968.0,11
2024-05-14 13:51:00,1968.0,1970.4,1966.45,1968.0,342
2024-05-14 13:52:00,1968.0,1968.0,1965.4,1967.85,179
2024-05-14 13:53:00,1967.85,1968.3,1963.05,1966.35,189
2024-05-14 13:54:00,1966.35,1966.35,1965.0,1965.0,11
2024-05-14 13:55:00,1965.0,1965.0,1965.0,1965.0,15
2024-05-14 13:56:00,1965.0,1965.0,1965.0,1965.0,29
2024-05-14 13:57:00,1966.75,1966.75,1964.85,1966.6,14
2024-05-14 13:58:00,1966.6,1966.7,1964.05,1966.15,44
2024-05-14 13:59:00,1966.15,1966.2,1966.15,1966.2,11
2024-05-14 14:00:00,1966.2,1966.95,1966.2,1966.95,11
2024-05-14 14:01:00,1966.95,1966.95,1966.0,1966.0,10
2024-05-14 14:02:00,1966.95,1966.95,1963.05,1965.6,60
2024-05-14 14:03:00,1965.6,1965.6,1963.25,1964.95,20
2024-05-14 14:04:00,1964.95,1965.0,1964.95,1965.0,25
2024-05-14 14:05:00,1965.0,1965.0,1965.0,1965.0,11
2024-05-14 14:06:00,1965.0,1965.0,1963.35,1963.35,19
2024-05-14 14:07:00,1963.25,1963.25,1960.2,1961.9,64
2024-05-14 14:08:00,1962.95,1963.2,1962.95,1963.2,12
2024-05-14 14:09:00,1963.2,1964.05,1961.0,1961.5,98
2024-05-14 14:10:00,1961.5,1961.5,1960.45,1960.45,15
2024-05-14 14:11:00,1960.45,1960.45,1956.05,1956.05,615
2024-05-14 14:12:00,1956.05,1958.55,1955.0,1955.0,605
2024-05-14 14:13:00,1955.0,1957.4,1955.0,1955.0,47
2024-05-14 14:14:00,1955.0,1958.7,1955.0,1956.35,151
2024-05-14 14:15:00,1956.35,1956.35,1952.45,1952.45,97
2024-05-14 14:16:00,1952.45,1953.2,1952.1,1952.15,44
2024-05-14 14:17:00,1952.15,1953.0,1952.15,1952.15,61
2024-05-14 14:18:00,1952.15,1953.0,1952.1,1952.1,28
2024-05-14 14:19:00,1953.0,1953.0,1952.1,1953.0,48
2024-05-14 14:20:00,1953.0,1953.0,1952.3,1952.3,19
2024-05-14 14:21:00,1952.3,1953.9,1952.1,1953.9,28
2024-05-14 14:22:00,1953.9,1953.9,1952.1,1952.1,16
2024-05-14 14:23:00,1952.1,1953.9,1952.1,1952.1,21
2024-05-14 14:24:00,1953.9,1953.9,1952.0,1952.0,999
2024-05-14 14:25:00,1952.0,1953.9,1952.0,1953.9,28
2024-05-14 14:26:00,1953.9,1953.9,1952.05,1952.05,16
2024-05-14 14:27:00,1952.05,1953.85,1952.05,1952.1,20
2024-05-14 14:28:00,1952.1,1954.0,1952.1,1954.0,21
2024-05-14 14:29:00,1954.0,1954.0,1952.05,1952.05,23
2024-05-14 14:30:00,1952.05,1952.05,1952.05,1952.05,56
2024-05-14 14:31:00,1952.05,1953.9,1951.3,1951.3,54
2024-05-14 14:32:00,1951.3,1955.6,1950.1,1951.2,368
2024-05-14 14:33:00,1951.2,1952.65,1950.25,1951.55,29
2024-05-14 14:34:00,1951.55,1953.75,1951.55,1953.75,19
2024-05-14 14:35:00,1953.75,1954.0,1951.9,1954.0,18
2024-05-14 14:36:00,1952.15,1952.15,1950.0,1951.65,140
2024-05-14 14:37:00,1951.65,1951.65,1950.0,1950.0,19
2024-05-14 14:38:00,1950.0,1950.0,1950.0,1950.0,16
2024-05-14 14:39:00,1950.0,1951.8,1950.0,1950.15,28
2024-05-14 14:40:00,1950.15,1955.2,1950.0,1955.2,281
2024-05-14 14:41:00,1955.2,1956.0,1952.6,1953.85,117
2024-05-14 14:42:00,1953.75,1953.75,1952.25,1952.35,33
2024-05-14 14:43:00,1952.35,1954.6,1952.35,1954.55,23
2024-05-14 14:44:00,1954.55,1954.55,1952.95,1953.15,16
2024-05-14 14:45:00,1955.0,1955.0,1952.85,1952.85,18
2024-05-14 14:46:00,1952.85,1958.45,1952.75,1954.75,278
2024-05-14 14:47:00,1954.75,1957.0,1954.75,1955.05,38
2024-05-14 14:48:00,1955.05,1956.9,1954.1,1954.15,57
2024-05-14 14:49:00,1956.9,1958.7,1955.35,1958.7,74
2024-05-14 14:50:00,1958.7,1958.7,1954.7,1957.15,93
2024-05-14 14:51:00,1957.15,1957.15,1955.25,1955.25,23
2024-05-14 14:52:00,1955.3,1957.25,1954.1,1957.25,36
2024-05-14 14:53:00,1959.35,1962.6,1959.35,1960.55,343
2024-05-14 14:54:00,1962.5,1965.0,1962.5,1963.55,95
2024-05-14 14:55:00,1963.55,1963.55,1961.85,1961.95,35
2024-05-14 14:56:00,1961.65,1961.65,1958.9,1959.0,63
2024-05-14 14:57:00,1959.0,1961.15,1958.7,1958.7,28
2024-05-14 14:58:00,1958.7,1961.2,1958.7,1959.1,27
2024-05-14 14:59:00,1959.1,1960.0,1957.35,1957.35,38
2024-05-14 15:00:00,1957.35,1959.5,1957.35,1959.4,11
2024-05-14 15:01:00,1959.4,1960.1,1957.4,1959.4,150
2024-05-14 15:02:00,1959.45,1960.1,1958.2,1958.2,14
2024-05-14 15:03:00,1958.2,1958.25,1958.1,1958.25,83
2024-05-14 15:04:00,1958.35,1962.95,1958.35,1962.4,265
2024-05-14 15:05:00,1962.4,1962.4,1961.15,1961.95,28
2024-05-14 15:06:00,1961.95,1962.95,1961.4,1962.95,36
2024-05-14 15:07:00,1963.0,1963.0,1961.7,1962.2,46
2024-05-14 15:08:00,1963.25,1968.0,1963.25,1968.0,397
2024-05-14 15:09:00,1968.0,1969.0,1967.0,1967.0,179
2024-05-14 15:10:00,1967.0,1967.0,1965.6,1965.85,30
2024-05-14 15:11:00,1965.85,1966.0,1965.65,1965.85,87
2024-05-14 15:12:00,1965.85,1965.85,1960.8,1960.8,508
2024-05-14 15:13:00,1960.8,1964.35,1957.5,1963.6,291
2024-05-14 15:14:00,1963.9,1963.9,1961.15,1963.15,45
2024-05-14 15:15:00,1963.15,1964.35,1961.65,1963.45,155
2024-05-14 15:16:00,1963.15,1963.15,1957.75,1957.75,44
2024-05-14 15:17:00,1957.75,1960.6,1957.35,1960.6,241
2024-05-14 15:18:00,1960.6,1964.0,1959.55,1960.35,378
2024-05-14 15:19:00,1960.1,1965.0,1960.1,1965.0,145
2024-05-14 15:20:00,1965.0,1966.0,1964.05,1966.0,213
2024-05-14 15:21:00,1966.0,1967.9,1964.35,1967.9,78
2024-05-14 15:22:00,1967.85,1967.85,1964.05,1964.35,170
2024-05-14 15:23:00,1964.35,1966.4,1964.3,1965.95,75
2024-05-14 15:24:00,1965.95,1965.95,1963.05,1963.5,91
2024-05-14 15:25:00,1963.5,1968.0,1963.5,1966.85,218
2024-05-14 15:26:00,1966.85,1966.85,1965.0,1965.0,64
2024-05-14 15:27:00,1965.0,1965.95,1964.5,1965.0,85
2024-05-14 15:28:00,1963.05,1964.95,1963.0,1963.8,337
2024-05-14 15:29:00,1963.8,1965.0,1961.0,1961.0,102
2024-05-15 09:15:00,1976.45,1982.7,1976.45,1980.0,88
2024-05-15 09:16:00,1980.0,1982.0,1973.25,1975.0,185
2024-05-15 09:17:00,1975.0,1979.55,1975.0,1976.7,116
2024-05-15 09:18:00,1976.7,1980.8,1976.55,1980.8,233
2024-05-15 09:19:00,1980.05,1980.05,1978.75,1978.75,59
2024-05-15 09:20:00,1978.75,1979.95,1977.6,1979.95,53
2024-05-15 09:21:00,1979.95,1979.95,1977.3,1977.3,44
2024-05-15 09:22:00,1977.3,1979.85,1977.3,1979.85,1
2024-05-15 09:23:00,1979.85,1979.85,1977.85,1977.85,11
2024-05-15 09:24:00,1979.7,1979.7,1977.05,1979.6,133
2024-05-15 09:25:00,1979.6,1979.6,1979.6,1979.6,0
2024-05-15 09:26:00,1979.6,1979.6,1979.0,1979.0,20
2024-05-15 09:27:00,1979.75,1986.85,1979.75,1983.75,851
2024-05-15 09:28:00,1983.75,1990.0,1983.75,1990.0,179
2024-05-15 09:29:00,1990.0,1990.0,1986.05,1988.8,206
2024-05-15 09:30:00,1988.8,1990.0,1985.0,1989.9,282
2024-05-15 09:31:00,1990.0,1990.0,1985.85,1989.45,153
2024-05-15 09:32:00,1989.45,1989.85,1986.0,1988.55,112
2024-05-15 09:33:00,1988.55,1989.25,1986.35,1988.4,142
2024-05-15 09:34:00,1988.4,1988.4,1985.85,1985.85,27
2024-05-15 09:35:00,1985.85,1988.95,1985.85,1988.95,117
2024-05-15 09:36:00,1988.95,1989.45,1988.95,1989.45,27
2024-05-15 09:37:00,1989.45,1989.9,1987.15,1987.4,188
2024-05-15 09:38:00,1987.4,1987.4,1982.0,1982.0,69
2024-05-15 09:39:00,1982.0,1982.0,1980.45,1980.45,80
2024-05-15 09:40:00,1980.45,1983.85,1980.45,1983.85,5
2024-05-15 09:41:00,1983.85,1985.0,1983.85,1984.0,93
2024-05-15 09:42:00,1984.0,1984.0,1980.75,1981.0,123
2024-05-15 09:43:00,1981.0,1984.85,1981.0,1984.85,109
2024-05-15 09:44:00,1984.85,1986.4,1984.85,1986.4,50
2024-05-15 09:45:00,1986.4,1986.4,1986.4,1986.4,0
2024-05-15 09:46:00,1986.4,1986.4,1983.95,1983.95,18
2024-05-15 09:47:00,1983.95,1983.95,1983.95,1983.95,0
2024-05-15 09:48:00,1983.95,1984.4,1982.05,1984.0,17
2024-05-15 09:49:00,1984.0,1985.0,1984.0,1985.0,50
2024-05-15 09:50:00,1985.0,1985.0,1982.8,1982.8,7
2024-05-15 09:51:00,1982.8,1982.8,1981.5,1981.5,18
2024-05-15 09:52:00,1981.5,1983.65,1981.5,1983.65,63
2024-05-15 09:53:00,1983.65,1985.8,1983.65,1985.8,25
2024-05-15 09:54:00,1985.8,1985.95,1983.9,1983.9,53
2024-05-15 09:55:00,1983.9,1985.2,1983.9,1985.2,10
2024-05-15 09:56:00,1982.85,1982.85,1981.4,1981.4,25
2024-05-15 09:57:00,1981.4,1984.3,1981.4,1983.8,14
2024-05-15 09:58:00,1983.8,1984.65,1983.8,1984.6,31
2024-05-15 09:59:00,1982.15,1983.85,1982.15,1983.85,28
2024-05-15 10:00:00,1983.8,1983.8,1980.0,1980.0,111
2024-05-15 10:01:00,1980.0,1980.0,1977.0,1977.0,63
2024-05-15 10:02:00,1977.0,1977.0,1977.0,1977.0,0
2024-05-15 10:03:00,1977.0,1977.0,1977.0,1977.0,0
2024-05-15 10:04:00,1977.0,1978.65,1977.0,1978.65,10
2024-05-15 10:05:00,1978.65,1979.7,1978.65,1979.7,10
2024-05-15 10:06:00,1979.7,1979.9,1977.3,1978.65,77
2024-05-15 10:07:00,1978.65,1978.65,1977.0,1977.0,15
2024-05-15 10:08:00,1977.0,1977.0,1975.0,1975.0,96
2024-05-15 10:09:00,1974.6,1976.7,1974.6,1976.7,17
2024-05-15 10:10:00,1976.7,1978.6,1975.9,1975.9,14
2024-05-15 10:11:00,1975.9,1979.15,1975.9,1976.75,33
2024-05-15 10:12:00,1976.75,1977.85,1975.05,1977.7,83
2024-05-15 10:13:00,1977.7,1977.85,1977.7,1977.85,35
2024-05-15 10:14:00,1977.85,1979.85,1977.85,1979.85,12
2024-05-15 10:15:00,1980.0,1980.0,1978.0,1978.0,90
2024-05-15 10:16:00,1977.45,1977.45,1975.0,1975.0,10
2024-05-15 10:17:00,1975.0,1975.0,1975.0,1975.0,13
2024-05-15 10:18:00,1975.0,1978.55,1975.0,1978.55,92
2024-05-15 10:19:00,1978.55,1978.55,1978.55,1978.55,6
2024-05-15 10:20:00,1978.55,1978.55,1978.55,1978.55,0
2024-05-15 10:21:00,1977.1,1977.1,1974.55,1974.55,116
2024-05-15 10:22:00,1976.0,1976.0,1976.0,1976.0,3
2024-05-15 10:23:00,1976.0,1976.0,1975.9,1975.9,3
2024-05-15 10:24:00,1975.9,1975.9,1974.6,1974.6,2
2024-05-15 10:25:00,1974.6,1974.6,1972.0,1972.0,146
2024-05-15 10:26:00,1972.0,1973.2,1971.05,1972.0,24
2024-05-15 10:27:00,1972.0,1972.0,1972.0,1972.0,1
2024-05-15 10:28:00,1972.0,1972.0,1970.0,1970.0,30
2024-05-15 10:29:00,1970.0,1971.9,1970.0,1971.9,10
2024-05-15 10:30:00,1971.9,1971.9,1969.05,1969.05,88
2024-05-15 10:31:00,1968.05,1968.05,1964.95,1966.4,205
2024-05-15 10:32:00,1968.95,1968.95,1966.5,1966.95,29
2024-05-15 10:33:00,1966.95,1966.95,1966.95,1966.95,0
2024-05-15 10:34:00,1966.95,1968.9,1966.95,1968.9,2
2024-05-15 10:35:00,1968.9,1972.0,1968.9,1972.0,124
2024-05-15 10:36:00,1972.0,1972.0,1972.0,1972.0,0
2024-05-15 10:37:00,1972.0,1972.0,1969.65,1969.65,26
2024-05-15 10:38:00,1969.65,1971.65,1969.65,1970.0,13
2024-05-15 10:39:00,1970.0,1970.0,1970.0,1970.0,0
2024-05-15 10:40:00,1967.2,1969.5,1967.1,1969.1,129
2024-05-15 10:41:00,1969.1,1969.1,1966.4,1966.4,1
2024-05-15 10:42:00,1966.4,1969.4,1966.4,1969.4,192
2024-05-15 10:43:00,1969.4,1970.95,1969.4,1970.95,18
2024-05-15 10:44:00,1972.0,1972.0,1972.0,1972.0,1
2024-05-15 10:45:00,1971.45,1973.2,1971.45,1973.2,18
2024-05-15 10:46:00,1973.2,1975.05,1972.15,1975.05,31
2024-05-15 10:47:00,1975.05,1976.55,1975.05,1976.55,358
2024-05-15 10:48:00,1976.55,1976.55,1975.75,1976.2,70
2024-05-15 10:49:00,1976.2,1976.2,1973.95,1973.95,6
2024-05-15 10:50:00,1973.95,1976.0,1973.95,1976.0,22
2024-05-15 10:51:00,1976.0,1980.0,1976.0,1980.0,18
2024-05-15 10:52:00,1980.0,1980.0,1977.55,1977.55,10
2024-05-15 10:53:00,1977.55,1977.55,1977.55,1977.55,0
2024-05-15 10:54:00,1977.55,1977.65,1977.55,1977.65,5
2024-05-15 10:55:00,1976.4,1977.8,1973.55,1973.55,139
2024-05-15 10:56:00,1973.55,1975.4,1973.55,1975.4,24
2024-05-15 10:57:00,1975.4,1977.6,1975.4,1977.6,1
2024-05-15 10:58:00,1977.6,1977.6,1976.45,1976.45,9
2024-05-15 10:59:00,1976.45,1978.9,1976.45,1978.9,2
2024-05-15 11:00:00,1978.9,1978.9,1977.7,1977.7,15
2024-05-15 11:01:00,1977.7,1978.05,1977.25,1977.65,14
2024-05-15 11:02:00,1977.65,1977.65,1977.35,1977.35,1
2024-05-15 11:03:00,1977.35,1977.4,1977.05,1977.05,35
2024-05-15 11:04:00,1977.05,1978.25,1976.05,1976.05,3
2024-05-15 11:05:00,1976.05,1976.05,1976.05,1976.05,0
2024-05-15 11:06:00,1976.05,1976.15,1976.05,1976.15,13
2024-05-15 11:07:00,1976.15,1976.6,1976.15,1976.6,8
2024-05-15 11:08:00,1976.6,1979.25,1976.6,1979.25,4
2024-05-15 11:09:00,1979.25,1979.25,1973.0,1974.25,80
2024-05-15 11:10:00,1974.25,1974.25,1972.0,1973.2,38
2024-05-15 11:11:00,1972.2,1975.0,1972.2,1973.35,78
2024-05-15 11:12:00,1973.35,1973.75,1971.05,1971.05,192
2024-05-15 11:13:00,1971.1,1971.15,1971.1,1971.15,8
2024-05-15 11:14:00,1971.15,1971.5,1971.15,1971.25,65
2024-05-15 11:15:00,1971.25,1971.25,1971.25,1971.25,0
2024-05-15 11:16:00,1971.25,1973.0,1971.15,1973.0,38
2024-05-15 11:17:00,1973.0,1973.1,1971.15,1973.1,35
2024-05-15 11:18:00,1971.4,1973.1,1966.55,1966.75,352
2024-05-15 11:19:00,1966.55,1971.45,1966.55,1971.45,19
2024-05-15 11:20:00,1971.45,1971.5,1968.95,1968.95,4
2024-05-15 11:21:00,1968.95,1968.95,1968.95,1968.95,0
2024-05-15 11:22:00,1968.95,1969.1,1968.95,1969.1,13
2024-05-15 11:23:00,1969.1,1969.65,1969.1,1969.65,32
2024-05-15 11:24:00,1969.65,1969.65,1968.25,1968.25,63
2024-05-15 11:25:00,1968.25,1968.25,1968.25,1968.25,0
2024-05-15 11:26:00,1968.25,1968.8,1968.25,1968.8,6
2024-05-15 11:27:00,1968.8,1968.8,1968.5,1968.5,9
2024-05-15 11:28:00,1968.5,1968.5,1968.25,1968.25,1
2024-05-15 11:29:00,1968.25,1969.95,1960.1,1960.1,623
2024-05-15 11:30:00,1960.1,1962.0,1960.1,1960.1,5
2024-05-15 11:31:00,1960.1,1961.1,1960.1,1961.05,31
2024-05-15 11:32:00,1961.05,1962.15,1961.05,1962.15,7
2024-05-15 11:33:00,1962.15,1962.15,1962.15,1962.15,0
2024-05-15 11:34:00,1962.15,1963.0,1961.05,1961.05,64
2024-05-15 11:35:00,1961.05,1961.05,1961.05,1961.05,15
2024-05-15 11:36:00,1961.05,1961.25,1961.05,1961.25,34
2024-05-15 11:37:00,1961.25,1963.35,1961.1,1961.1,7
2024-05-15 11:38:00,1961.1,1963.2,1961.1,1961.15,26
2024-05-15 11:39:00,1961.15,1961.15,1961.15,1961.15,12
2024-05-15 11:40:00,1961.15,1961.15,1961.15,1961.15,0
2024-05-15 11:41:00,1961.15,1961.5,1961.15,1961.5,19
2024-05-15 11:42:00,1961.5,1962.4,1961.5,1962.4,7
2024-05-15 11:43:00,1962.4,1962.4,1961.55,1961.55,1
2024-05-15 11:44:00,1961.55,1963.8,1961.55,1963.8,3
2024-05-15 11:45:00,1962.05,1962.05,1961.15,1961.25,249
2024-05-15 11:46:00,1961.25,1961.35,1961.25,1961.3,25
2024-05-15 11:47:00,1961.3,1964.3,1961.3,1962.5,28
2024-05-15 11:48:00,1962.3,1962.55,1962.1,1962.55,24
2024-05-15 11:49:00,1962.55,1965.35,1962.55,1963.1,2
2024-05-15 11:50:00,1963.1,1963.1,1961.25,1961.25,16
2024-05-15 11:51:00,1961.25,1961.25,1961.25,1961.25,0
2024-05-15 11:52:00,1961.25,1961.25,1961.25,1961.25,0
2024-05-15 11:53:00,1961.35,1962.2,1961.35,1961.45,7
2024-05-15 11:54:00,1961.35,1964.35,1961.3,1961.7,1316
2024-05-15 11:55:00,1961.7,1963.65,1961.7,1963.65,9
2024-05-15 11:56:00,1963.65,1963.65,1963.65,1963.65,0
2024-05-15 11:57:00,1963.65,1963.65,1963.65,1963.65,0
2024-05-15 11:58:00,1968.1,1968.75,1967.05,1968.05,192
2024-05-15 11:59:00,1970.55,1970.55,1967.5,1967.5,149
2024-05-15 12:00:00,1970.5,1970.5,1967.5,1968.85,20
2024-05-15 12:01:00,1968.85,1970.9,1968.45,1970.9,5
2024-05-15 12:02:00,1970.9,1972.15,1970.15,1970.15,23
2024-05-15 12:03:00,1970.15,1970.15,1970.15,1970.15,0
2024-05-15 12:04:00,1970.15,1972.0,1970.15,1970.15,10
2024-05-15 12:05:00,1969.3,1969.3,1969.1,1969.1,14
2024-05-15 12:06:00,1969.1,1969.1,1968.35,1968.35,33
2024-05-15 12:07:00,1968.35,1969.55,1968.35,1969.55,38
2024-05-15 12:08:00,1969.55,1969.55,1969.55,1969.55,0
2024-05-15 12:09:00,1969.55,1969.55,1969.55,1969.55,0
2024-05-15 12:10:00,1969.55,1969.55,1969.55,1969.55,0
2024-05-15 12:11:00,1969.55,1969.55,1969.55,1969.55,0
2024-05-15 12:12:00,1969.55,1970.0,1968.25,1968.25,16
2024-05-15 12:13:00,1970.0,1970.0,1970.0,1970.0,1
2024-05-15 12:14:00,1968.25,1970.0,1968.25,1968.65,19
2024-05-15 12:15:00,1968.65,1971.2,1968.65,1970.75,40
2024-05-15 12:16:00,1970.75,1970.8,1963.05,1964.9,732
2024-05-15 12:17:00,1964.9,1965.0,1964.05,1964.05,12
2024-05-15 12:18:00,1964.0,1964.85,1963.0,1963.05,74
2024-05-15 12:19:00,1963.05,1967.15,1963.05,1967.15,10
2024-05-15 12:20:00,1967.15,1968.2,1967.15,1968.2,1
2024-05-15 12:21:00,1968.2,1968.2,1963.35,1963.35,423
2024-05-15 12:22:00,1963.35,1964.85,1963.0,1964.85,44
2024-05-15 12:23:00,1964.85,1964.85,1964.85,1964.85,1
2024-05-15 12:24:00,1964.85,1964.85,1964.1,1964.1,1
2024-05-15 12:25:00,1964.1,1967.65,1964.1,1965.5,62
2024-05-15 12:26:00,1965.55,1968.0,1965.55,1965.8,4
2024-05-15 12:27:00,1965.8,1965.8,1965.8,1965.8,3
2024-05-15 12:28:00,1965.8,1965.8,1965.8,1965.8,0
2024-05-15 12:29:00,1968.65,1968.65,1964.4,1964.85,126
2024-05-15 12:30:00,1964.85,1968.65,1964.85,1968.65,28
2024-05-15 12:31:00,1968.65,1968.65,1966.4,1966.4,6
2024-05-15 12:32:00,1966.4,1968.65,1966.4,1968.65,2
2024-05-15 12:33:00,1968.65,1968.65,1966.05,1966.05,5
2024-05-15 12:34:00,1966.05,1966.05,1966.0,1966.0,47
2024-05-15 12:35:00,1966.0,1966.0,1966.0,1966.0,0
2024-05-15 12:36:00,1965.4,1965.4,1965.05,1965.05,4
2024-05-15 12:37:00,1965.05,1967.9,1965.05,1965.3,50
2024-05-15 12:38:00,1965.3,1966.0,1965.3,1966.0,2
2024-05-15 12:39:00,1966.0,1966.4,1966.0,1966.4,19
2024-05-15 12:40:00,1968.6,1968.6,1966.45,1966.45,3
2024-05-15 12:41:00,1966.4,1966.4,1966.35,1966.35,4
2024-05-15 12:42:00,1966.35,1966.35,1966.35,1966.35,1
2024-05-15 12:43:00,1966.35,1968.0,1966.05,1966.05,6
2024-05-15 12:44:00,1966.05,1966.05,1964.0,1965.95,281
2024-05-15 12:45:00,1965.95,1965.95,1961.15,1961.15,628
2024-05-15 12:46:00,1961.15,1961.15,1961.15,1961.15,0
2024-05-15 12:47:00,1961.15,1961.15,1961.15,1961.15,0
2024-05-15 12:48:00,1964.1,1964.55,1962.0,1962.0,14
2024-05-15 12:49:00,1962.6,1964.05,1962.0,1962.0,88
2024-05-15 12:50:00,1962.0,1964.6,1962.0,1962.25,16
2024-05-15 12:51:00,1962.8,1966.0,1962.4,1962.4,106
2024-05-15 12:52:00,1965.0,1965.0,1962.65,1963.0,34
2024-05-15 12:53:00,1963.05,1965.0,1962.45,1963.0,20
2024-05-15 12:54:00,1963.0,1963.0,1963.0,1963.0,3
2024-05-15 12:55:00,1963.0,1963.0,1963.0,1963.0,27
2024-05-15 12:56:00,1964.95,1964.95,1964.95,1964.95,3
2024-05-15 12:57:00,1964.95,1964.95,1964.95,1964.95,0
2024-05-15 12:58:00,1964.95,1964.95,1963.05,1963.05,7
2024-05-15 12:59:00,1963.05,1964.95,1963.05,1963.05,3
2024-05-15 13:00:00,1963.05,1963.05,1963.05,1963.05,0
2024-05-15 13:01:00,1965.0,1965.0,1963.2,1963.55,76
2024-05-15 13:02:00,1963.55,1964.05,1963.55,1963.55,15
2024-05-15 13:03:00,1963.55,1963.55,1963.55,1963.55,0
2024-05-15 13:04:00,1963.55,1963.55,1962.1,1962.1,125
2024-05-15 13:05:00,1962.1,1962.1,1962.1,1962.1,3
2024-05-15 13:06:00,1962.1,1962.1,1962.1,1962.1,0
2024-05-15 13:07:00,1962.1,1962.1,1962.1,1962.1,0
2024-05-15 13:08:00,1962.1,1963.05,1962.1,1963.05,69
2024-05-15 13:09:00,1963.05,1963.05,1963.05,1963.05,0
2024-05-15 13:10:00,1963.05,1963.05,1963.05,1963.05,0
2024-05-15 13:11:00,1963.05,1963.05,1963.05,1963.05,0
2024-05-15 13:12:00,1963.05,1965.5,1962.85,1962.85,64
2024-05-15 13:13:00,1962.85,1962.9,1962.5,1962.5,14
2024-05-15 13:14:00,1962.5,1962.5,1962.5,1962.5,12
2024-05-15 13:15:00,1962.5,1962.5,1962.5,1962.5,0
2024-05-15 13:16:00,1962.5,1962.5,1962.5,1962.5,8
2024-05-15 13:17:00,1962.25,1962.25,1962.15,1962.2,36
2024-05-15 13:18:00,1962.2,1962.2,1962.2,1962.2,0
2024-05-15 13:19:00,1962.2,1962.2,1962.2,1962.2,5
2024-05-15 13:20:00,1962.1,1964.25,1962.1,1962.15,79
2024-05-15 13:21:00,1962.15,1964.2,1962.1,1962.15,34
2024-05-15 13:22:00,1962.15,1962.3,1962.15,1962.3,6
2024-05-15 13:23:00,1962.3,1962.3,1962.3,1962.3,0
2024-05-15 13:24:00,1962.3,1964.55,1962.3,1962.3,54
2024-05-15 13:25:00,1962.3,1963.5,1962.3,1963.5,88
2024-05-15 13:26:00,1963.5,1965.6,1963.5,1965.6,1
2024-05-15 13:27:00,1965.6,1965.6,1962.5,1962.5,7
2024-05-15 13:28:00,1962.5,1962.5,1958.0,1958.65,1059
2024-05-15 13:29:00,1957.05,1958.0,1956.05,1958.0,117
2024-05-15 13:30:00,1958.0,1958.0,1956.05,1956.05,4
2024-05-15 13:31:00,1956.05,1956.05,1956.05,1956.05,1
2024-05-15 13:32:00,1956.05,1957.9,1956.05,1956.05,14
2024-05-15 13:33:00,1956.05,1957.5,1950.0,1950.4,1038
2024-05-15 13:34:00,1950.4,1951.2,1947.0,1947.0,1153
2024-05-15 13:35:00,1948.45,1949.4,1946.55,1947.1,142
2024-05-15 13:36:00,1947.1,1948.0,1946.0,1946.0,174
2024-05-15 13:37:00,1946.05,1946.05,1946.0,1946.0,37
2024-05-15 13:38:00,1946.0,1946.0,1946.0,1946.0,42
2024-05-15 13:39:00,1946.0,1947.65,1946.0,1946.05,21
2024-05-15 13:40:00,1946.05,1946.05,1946.0,1946.0,125
2024-05-15 13:41:00,1946.55,1946.55,1942.1,1942.1,348
2024-05-15 13:42:00,1944.3,1944.85,1942.3,1943.05,79
2024-05-15 13:43:00,1944.65,1945.0,1944.0,1944.0,47
2024-05-15 13:44:00,1944.0,1945.0,1944.0,1944.05,255
2024-05-15 13:45:00,1944.05,1944.05,1944.05,1944.05,17
2024-05-15 13:46:00,1944.05,1945.0,1944.05,1945.0,4
2024-05-15 13:47:00,1945.0,1945.0,1944.0,1944.0,104
2024-05-15 13:48:00,1944.0,1945.0,1944.0,1944.05,16
2024-05-15 13:49:00,1944.05,1945.0,1944.0,1945.0,8
2024-05-15 13:50:00,1945.0,1945.0,1944.05,1944.05,162
2024-05-15 13:51:00,1944.05,1945.0,1944.0,1944.0,309
2024-05-15 13:52:00,1944.1,1945.0,1944.1,1945.0,2
2024-05-15 13:53:00,1945.0,1945.0,1944.0,1944.0,90
2024-05-15 13:54:00,1944.0,1945.0,1944.0,1944.1,1
2024-05-15 13:55:00,1944.1,1945.0,1944.05,1944.05,227
2024-05-15 13:56:00,1944.05,1945.0,1944.05,1945.0,36
2024-05-15 13:57:00,1945.0,1945.0,1944.1,1944.1,5
2024-05-15 13:58:00,1944.1,1945.0,1944.1,1945.0,31
2024-05-15 13:59:00,1944.1,1945.0,1944.05,1945.0,52
2024-05-15 14:00:00,1944.1,1947.05,1944.1,1944.6,1116
2024-05-15 14:01:00,1944.6,1950.0,1944.6,1946.8,945
2024-05-15 14:02:00,1946.8,1947.35,1946.8,1947.05,10
2024-05-15 14:03:00,1947.05,1947.55,1947.05,1947.55,50
2024-05-15 14:04:00,1947.55,1951.5,1947.55,1951.5,137
2024-05-15 14:05:00,1951.5,1952.0,1950.0,1950.15,9
2024-05-15 14:06:00,1950.1,1961.4,1950.1,1960.8,1704
2024-05-15 14:07:00,1960.8,1960.8,1960.0,1960.0,134
2024-05-15 14:08:00,1960.0,1960.05,1960.0,1960.0,189
2024-05-15 14:09:00,1960.0,1961.45,1960.0,1961.45,2
2024-05-15 14:10:00,1961.45,1961.45,1960.0,1960.0,11
2024-05-15 14:11:00,1960.0,1960.8,1960.0,1960.75,131
2024-05-15 14:12:00,1960.75,1961.15,1960.75,1961.15,43
2024-05-15 14:13:00,1960.85,1963.9,1960.05,1960.35,170
2024-05-15 14:14:00,1960.3,1960.3,1960.0,1960.0,224
2024-05-15 14:15:00,1960.0,1960.0,1960.0,1960.0,82
2024-05-15 14:16:00,1960.0,1960.0,1960.0,1960.0,61
2024-05-15 14:17:00,1961.1,1961.45,1960.0,1960.0,55
2024-05-15 14:18:00,1960.0,1960.05,1960.0,1960.0,61
2024-05-15 14:19:00,1960.0,1961.75,1960.0,1960.0,122
2024-05-15 14:20:00,1960.0,1960.05,1960.0,1960.0,77
2024-05-15 14:21:00,1960.0,1962.25,1960.0,1960.0,75
2024-05-15 14:22:00,1960.1,1961.25,1960.0,1960.0,60
2024-05-15 14:23:00,1960.0,1961.85,1960.0,1961.85,52
2024-05-15 14:24:00,1960.05,1961.85,1960.05,1960.05,58
2024-05-15 14:25:00,1960.05,1962.55,1960.0,1960.0,140
2024-05-15 14:26:00,1960.0,1961.6,1960.0,1961.6,73
2024-05-15 14:27:00,1961.6,1963.45,1960.0,1960.0,117
2024-05-15 14:28:00,1960.0,1963.1,1959.4,1963.1,64
2024-05-15 14:29:00,1961.1,1962.85,1960.0,1960.05,80
2024-05-15 14:30:00,1960.0,1960.1,1960.0,1960.0,57
2024-05-15 14:31:00,1960.0,1961.0,1960.0,1960.0,55
2024-05-15 14:32:00,1960.0,1960.0,1960.0,1960.0,58
2024-05-15 14:33:00,1960.0,1960.05,1960.0,1960.0,93
2024-05-15 14:34:00,1960.0,1961.7,1952.3,1955.0,224
2024-05-15 14:35:00,1953.8,1957.95,1951.7,1951.7,132
2024-05-15 14:36:00,1952.1,1952.9,1950.35,1950.55,56
2024-05-15 14:37:00,1950.55,1952.05,1950.0,1950.0,57
2024-05-15 14:38:00,1950.0,1952.05,1950.0,1950.0,63
2024-05-15 14:39:00,1949.2,1952.5,1949.2,1952.5,85
2024-05-15 14:40:00,1952.5,1953.0,1951.05,1953.0,93
2024-05-15 14:41:00,1953.0,1953.0,1951.2,1951.2,89
2024-05-15 14:42:00,1951.2,1951.2,1950.4,1950.4,58
2024-05-15 14:43:00,1950.4,1952.7,1950.4,1950.4,58
2024-05-15 14:44:00,1950.4,1951.15,1948.1,1948.5,71
2024-05-15 14:45:00,1948.5,1953.85,1948.5,1950.85,34
2024-05-15 14:46:00,1950.85,1953.75,1950.8,1951.35,79
2024-05-15 14:47:00,1950.85,1954.1,1950.05,1952.0,87
2024-05-15 14:48:00,1952.0,1954.6,1952.0,1952.45,23
2024-05-15 14:49:00,1952.45,1955.95,1952.45,1954.0,29
2024-05-15 14:50:00,1954.0,1954.05,1952.55,1952.55,45
2024-05-15 14:51:00,1952.55,1953.85,1951.6,1951.7,22
2024-05-15 14:52:00,1951.7,1954.25,1951.45,1954.25,31
2024-05-15 14:53:00,1954.25,1956.0,1954.25,1954.3,99
2024-05-15 14:54:00,1955.75,1955.75,1952.3,1952.35,106
2024-05-15 14:55:00,1952.7,1953.65,1952.2,1952.95,37
2024-05-15 14:56:00,1952.95,1954.0,1952.75,1952.8,27
2024-05-15 14:57:00,1952.8,1953.05,1952.0,1952.0,148
2024-05-15 14:58:00,1952.0,1954.0,1951.05,1951.05,161
2024-05-15 14:59:00,1951.45,1953.0,1951.0,1953.0,54
2024-05-15 15:00:00,1953.0,1954.1,1951.0,1951.1,91
2024-05-15 15:01:00,1951.1,1953.05,1951.05,1951.1,36
2024-05-15 15:02:00,1951.1,1953.35,1951.1,1951.15,123
2024-05-15 15:03:00,1951.15,1954.25,1951.0,1951.0,131
2024-05-15 15:04:00,1951.0,1951.9,1951.0,1951.3,305
2024-05-15 15:05:00,1951.3,1953.4,1951.1,1951.2,22
2024-05-15 15:06:00,1951.2,1953.4,1951.0,1951.05,83
2024-05-15 15:07:00,1951.5,1953.3,1951.0,1951.55,45
2024-05-15 15:08:00,1951.55,1951.55,1948.75,1950.0,306
2024-05-15 15:09:00,1950.0,1951.9,1948.75,1950.4,18
2024-05-15 15:10:00,1952.0,1952.9,1950.9,1952.85,24
2024-05-15 15:11:00,1952.85,1952.9,1950.0,1950.9,33
2024-05-15 15:12:00,1950.9,1957.05,1950.4,1957.05,235
2024-05-15 15:13:00,1957.05,1957.15,1955.3,1957.15,16
2024-05-15 15:14:00,1957.15,1957.15,1953.05,1955.25,86
2024-05-15 15:15:00,1955.25,1955.25,1951.15,1951.15,330
2024-05-15 15:16:00,1949.35,1951.1,1947.35,1949.7,256
2024-05-15 15:17:00,1949.7,1949.7,1947.5,1947.65,103
2024-05-15 15:18:00,1947.65,1949.9,1947.65,1949.85,110
2024-05-15 15:19:00,1949.85,1949.95,1947.65,1949.95,78
2024-05-15 15:20:00,1950.8,1952.3,1950.05,1951.75,89
2024-05-15 15:21:00,1951.9,1953.7,1950.2,1952.0,45
2024-05-15 15:22:00,1952.0,1956.5,1952.0,1956.4,9
2024-05-15 15:23:00,1955.8,1955.8,1950.2,1950.3,261
2024-05-15 15:24:00,1952.85,1953.55,1950.35,1951.05,169
2024-05-15 15:25:00,1951.05,1954.15,1951.0,1952.25,78
2024-05-15 15:26:00,1952.25,1954.2,1952.25,1954.15,72
2024-05-15 15:27:00,1954.15,1954.5,1951.05,1951.1,183
2024-05-15 15:28:00,1954.0,1954.0,1951.2,1951.25,34
2024-05-15 15:29:00,1951.25,1954.5,1951.25,1954.5,190
2024-05-16 09:15:00,1954.9,1964.85,1954.9,1964.85,164
2024-05-16 09:16:00,1964.85,1970.0,1962.2,1965.75,176
2024-05-16 09:17:00,1965.2,1968.7,1965.2,1965.2,225
2024-05-16 09:18:00,1965.2,1971.95,1964.35,1971.95,245
2024-05-16 09:19:00,1969.4,1971.2,1968.8,1968.8,64
2024-05-16 09:20:00,1968.8,1969.55,1965.0,1969.55,246
2024-05-16 09:21:00,1969.55,1970.0,1967.0,1967.95,113
2024-05-16 09:22:00,1967.0,1968.0,1967.0,1968.0,55
2024-05-16 09:23:00,1968.0,1970.0,1968.0,1970.0,30
2024-05-16 09:24:00,1970.0,1971.5,1968.1,1971.5,132
2024-05-16 09:25:00,1971.5,1973.35,1969.4,1970.15,76
2024-05-16 09:26:00,1970.15,1971.5,1969.2,1970.35,32
2024-05-16 09:27:00,1970.45,1970.45,1965.0,1965.0,362
2024-05-16 09:28:00,1965.0,1965.9,1962.6,1965.9,101
2024-05-16 09:29:00,1965.9,1965.9,1964.95,1964.95,5
2024-05-16 09:30:00,1964.95,1964.95,1961.0,1963.0,380
2024-05-16 09:31:00,1963.0,1963.0,1958.9,1958.9,123
2024-05-16 09:32:00,1958.9,1958.9,1955.0,1957.85,116
2024-05-16 09:33:00,1957.85,1960.95,1957.05,1958.15,148
2024-05-16 09:34:00,1958.15,1961.15,1958.15,1961.15,19
2024-05-16 09:35:00,1961.15,1963.6,1961.15,1963.6,29
2024-05-16 09:36:00,1963.6,1963.6,1960.7,1962.7,11
2024-05-16 09:37:00,1963.2,1963.2,1960.0,1962.15,25
2024-05-16 09:38:00,1962.15,1962.75,1962.15,1962.75,7
2024-05-16 09:39:00,1962.75,1962.8,1962.0,1962.0,33
2024-05-16 09:40:00,1962.0,1962.2,1962.0,1962.0,15
2024-05-16 09:41:00,1962.0,1962.0,1961.5,1961.5,27
2024-05-16 09:42:00,1961.5,1962.1,1960.0,1962.0,214
2024-05-16 09:43:00,1962.0,1965.0,1962.0,1965.0,61
2024-05-16 09:44:00,1965.0,1965.35,1963.15,1965.35,97
2024-05-16 09:45:00,1965.35,1969.15,1965.35,1969.15,18
2024-05-16 09:46:00,1966.55,1966.8,1966.55,1966.8,8
2024-05-16 09:47:00,1966.8,1968.9,1966.75,1968.9,99
2024-05-16 09:48:00,1968.9,1968.9,1964.95,1964.95,45
2024-05-16 09:49:00,1966.5,1967.25,1963.9,1963.9,54
2024-05-16 09:50:00,1963.9,1966.4,1963.85,1963.85,5
2024-05-16 09:51:00,1963.85,1966.4,1962.75,1962.75,41
2024-05-16 09:52:00,1962.8,1962.8,1962.8,1962.8,1
2024-05-16 09:53:00,1962.8,1963.0,1962.75,1963.0,6
2024-05-16 09:54:00,1963.0,1963.0,1963.0,1963.0,0
2024-05-16 09:55:00,1963.0,1963.9,1963.0,1963.9,26
2024-05-16 09:56:00,1965.0,1965.0,1962.75,1962.75,19
2024-05-16 09:57:00,1962.75,1965.95,1961.05,1965.95,283
2024-05-16 09:58:00,1965.95,1975.05,1965.95,1975.0,866
2024-05-16 09:59:00,1975.0,1984.75,1971.65,1984.75,1268
2024-05-16 10:00:00,1984.75,1984.75,1981.6,1981.6,4
2024-05-16 10:01:00,1982.0,1986.7,1982.0,1982.05,380
2024-05-16 10:02:00,1982.05,1985.35,1982.05,1984.0,524
2024-05-16 10:03:00,1984.0,1984.15,1981.9,1981.9,296
2024-05-16 10:04:00,1981.9,1983.6,1981.65,1983.6,23
2024-05-16 10:05:00,1984.0,1984.9,1982.2,1982.2,477
2024-05-16 10:06:00,1982.2,1988.55,1982.2,1988.55,144
2024-05-16 10:07:00,1986.35,1988.8,1985.0,1986.95,114
2024-05-16 10:08:00,1986.95,1993.8,1986.95,1993.8,1638
2024-05-16 10:09:00,1993.8,1995.0,1991.15,1991.15,416
2024-05-16 10:10:00,1991.15,1999.0,1991.15,1998.75,1144
2024-05-16 10:11:00,1998.0,2001.0,1998.0,2000.05,959
2024-05-16 10:12:00,2000.05,2001.0,1998.35,1999.35,202
2024-05-16 10:13:00,2002.35,2004.4,2000.0,2002.6,479
2024-05-16 10:14:00,2004.9,2005.0,2002.55,2002.55,640
2024-05-16 10:15:00,2004.8,2004.8,2000.0,2001.95,427
2024-05-16 10:16:00,2001.95,2006.9,2000.1,2006.9,641
2024-05-16 10:17:00,2006.9,2008.0,2003.35,2008.0,557
2024-05-16 10:18:00,2008.0,2008.0,2004.0,2008.0,67
2024-05-16 10:19:00,2008.0,2008.0,2006.95,2006.95,34
2024-05-16 10:20:00,2007.0,2007.4,2000.0,2000.0,129
2024-05-16 10:21:00,2000.0,2000.1,2000.0,2000.05,324
2024-05-16 10:22:00,2000.05,2002.4,2000.0,2000.0,1163
2024-05-16 10:23:00,2000.0,2003.55,2000.0,2003.55,105
2024-05-16 10:24:00,2003.55,2005.6,2001.75,2005.6,141
2024-05-16 10:25:00,2003.65,2008.0,2003.45,2005.35,564
2024-05-16 10:26:00,2005.35,2008.0,2005.35,2005.6,226
2024-05-16 10:27:00,2005.6,2007.9,2005.2,2007.75,84
2024-05-16 10:28:00,2007.75,2007.75,2004.95,2005.4,81
2024-05-16 10:29:00,2005.2,2007.5,2004.55,2007.5,226
2024-05-16 10:30:00,2007.5,2007.5,2005.0,2006.6,241
2024-05-16 10:31:00,2006.6,2006.6,2002.0,2004.0,679
2024-05-16 10:32:00,2004.0,2004.0,2000.0,2000.0,244
2024-05-16 10:33:00,2003.25,2003.7,2000.0,2001.0,127
2024-05-16 10:34:00,2001.0,2001.0,2000.0,2000.0,56
2024-05-16 10:35:00,2000.0,2001.9,2000.0,2001.9,175
2024-05-16 10:36:00,2001.9,2002.4,2000.05,2000.05,48
2024-05-16 10:37:00,2000.05,2002.5,2000.05,2000.2,16
2024-05-16 10:38:00,2000.2,2000.2,2000.0,2000.0,68
2024-05-16 10:39:00,2000.0,2001.65,2000.0,2001.65,4
2024-05-16 10:40:00,2001.65,2001.95,2000.0,2001.95,34
2024-05-16 10:41:00,2001.95,2003.65,2000.05,2002.9,145
2024-05-16 10:42:00,2002.9,2004.55,2002.75,2004.55,226
2024-05-16 10:43:00,2002.55,2004.75,2002.5,2004.75,9
2024-05-16 10:44:00,2004.75,2004.75,2004.1,2004.7,16
2024-05-16 10:45:00,2000.0,2000.0,2000.0,2000.0,999
2024-05-16 10:46:00,2000.0,2000.0,2000.0,2000.0,12
2024-05-16 10:47:00,2000.0,2002.1,2000.0,2000.0,51
2024-05-16 10:48:00,2000.0,2000.0,1996.0,2000.0,885
2024-05-16 10:49:00,2000.0,2000.0,1995.6,1999.8,982
2024-05-16 10:50:00,1999.8,2003.45,1998.25,2002.0,845
2024-05-16 10:51:00,2003.45,2004.65,2002.0,2002.0,151
2024-05-16 10:52:00,2002.0,2002.0,2000.0,2000.0,13
2024-05-16 10:53:00,2000.0,2001.9,1998.3,2001.0,134
2024-05-16 10:54:00,2001.0,2001.9,2000.05,2000.05,12
2024-05-16 10:55:00,2000.05,2002.0,1999.45,2002.0,102
2024-05-16 10:56:00,2002.0,2002.0,2001.9,2001.95,7
2024-05-16 10:57:00,2001.95,2001.95,2000.05,2000.05,10
2024-05-16 10:58:00,2000.05,2001.0,2000.0,2000.0,42
2024-05-16 10:59:00,2000.0,2000.0,2000.0,2000.0,2
2024-05-16 11:00:00,2000.0,2000.85,2000.0,2000.85,8
2024-05-16 11:01:00,2000.05,2001.6,2000.0,2000.0,321
2024-05-16 11:02:00,2000.0,2000.95,2000.0,2000.95,31
2024-05-16 11:03:00,2000.95,2000.95,1999.05,1999.05,80
2024-05-16 11:04:00,2000.0,2000.0,2000.0,2000.0,33
2024-05-16 11:05:00,2000.0,2001.65,2000.0,2001.65,23
2024-05-16 11:06:00,2001.65,2001.65,1999.1,1999.1,9
2024-05-16 11:07:00,1999.1,2001.0,1999.1,2000.0,20
2024-05-16 11:08:00,2000.0,2001.0,1999.1,2001.0,111
2024-05-16 11:09:00,2001.0,2001.0,2000.0,2000.0,216
2024-05-16 11:10:00,2000.0,2000.0,2000.0,2000.0,4
2024-05-16 11:11:00,2000.0,2000.6,1999.05,1999.05,115
2024-05-16 11:12:00,1999.05,2001.0,1999.05,2001.0,206
2024-05-16 11:13:00,2002.0,2003.0,2002.0,2003.0,52
2024-05-16 11:14:00,2003.0,2003.0,2000.1,2000.1,8
2024-05-16 11:15:00,2000.1,2000.1,2000.05,2000.05,5
2024-05-16 11:16:00,2000.05,2000.05,2000.0,2000.0,32
2024-05-16 11:17:00,2000.0,2002.4,1998.95,2000.0,87
2024-05-16 11:18:00,2000.0,2001.65,2000.0,2000.0,15
2024-05-16 11:19:00,2000.0,2001.9,2000.0,2001.9,18
2024-05-16 11:20:00,2001.9,2001.9,2000.0,2000.0,35
2024-05-16 11:21:00,2000.0,2000.0,1998.8,2000.0,96
2024-05-16 11:22:00,2000.0,2000.0,2000.0,2000.0,20
2024-05-16 11:23:00,2000.0,2001.55,2000.0,2001.55,6
2024-05-16 11:24:00,2001.5,2002.0,1998.05,2000.2,204
2024-05-16 11:25:00,2000.2,2001.0,2000.0,2001.0,62
2024-05-16 11:26:00,2001.0,2001.0,2001.0,2001.0,0
2024-05-16 11:27:00,2001.0,2001.0,2001.0,2001.0,0
2024-05-16 11:28:00,2001.9,2001.9,1998.8,1998.8,58
2024-05-16 11:29:00,1998.8,1998.8,1998.8,1998.8,0
2024-05-16 11:30:00,1998.8,2000.0,1998.8,2000.0,16
2024-05-16 11:31:00,2000.0,2000.0,2000.0,2000.0,1
2024-05-16 11:32:00,2000.0,2000.0,1998.9,2000.0,155
2024-05-16 11:33:00,2000.0,2000.0,1999.75,1999.75,73
2024-05-16 11:34:00,1999.75,2001.0,1999.75,2000.0,24
2024-05-16 11:35:00,2000.0,2001.2,2000.0,2001.2,11
2024-05-16 11:36:00,2001.2,2001.2,2001.2,2001.2,0
2024-05-16 11:37:00,2000.0,2000.0,2000.0,2000.0,1848
2024-05-16 11:38:00,2000.0,2001.8,2000.0,2000.0,76
2024-05-16 11:39:00,2000.0,2006.95,2000.0,2000.25,785
2024-05-16 11:40:00,2000.25,2000.25,2000.25,2000.25,0
2024-05-16 11:41:00,2000.0,2000.05,2000.0,2000.0,44
2024-05-16 11:42:00,2000.0,2000.0,2000.0,2000.0,0
2024-05-16 11:43:00,2000.0,2000.05,2000.0,2000.0,21
2024-05-16 11:44:00,2000.0,2000.0,2000.0,2000.0,10
2024-05-16 11:45:00,2000.0,2000.0,2000.0,2000.0,0
2024-05-16 11:46:00,2002.35,2002.35,2000.05,2000.35,15
2024-05-16 11:47:00,2000.35,2001.0,2000.0,2000.0,26
2024-05-16 11:48:00,2000.0,2000.0,2000.0,2000.0,77
2024-05-16 11:49:00,2000.0,2000.0,2000.0,2000.0,0
2024-05-16 11:50:00,2000.0,2000.0,2000.0,2000.0,2
2024-05-16 11:51:00,2000.0,2000.0,2000.0,2000.0,0
2024-05-16 11:52:00,2000.0,2000.0,2000.0,2000.0,69
2024-05-16 11:53:00,2000.0,2000.0,2000.0,2000.0,0
2024-05-16 11:54:00,2000.0,2000.0,2000.0,2000.0,31
2024-05-16 11:55:00,2000.0,2000.0,2000.0,2000.0,155
2024-05-16 11:56:00,2000.0,2000.0,2000.0,2000.0,15
2024-05-16 11:57:00,2000.0,2000.0,2000.0,2000.0,51
2024-05-16 11:58:00,2000.0,2000.0,2000.0,2000.0,25
2024-05-16 11:59:00,2000.0,2000.95,2000.0,2000.95,5
2024-05-16 12:00:00,2000.95,2000.95,2000.95,2000.95,0
2024-05-16 12:01:00,2000.95,2001.55,2000.0,2000.0,42
2024-05-16 12:02:00,2000.0,2001.5,2000.0,2000.0,38
2024-05-16 12:03:00,2000.0,2001.2,2000.0,2001.2,49
2024-05-16 12:04:00,2001.2,2001.8,2001.2,2001.8,1
2024-05-16 12:05:00,2000.05,2003.7,2000.05,2000.5,123
2024-05-16 12:06:00,2000.5,2003.0,2000.5,2001.3,62
2024-05-16 12:07:00,2001.3,2001.3,2001.0,2001.0,98
2024-05-16 12:08:00,2003.0,2003.0,2001.0,2001.0,157
2024-05-16 12:09:00,2001.0,2001.0,2001.0,2001.0,26
2024-05-16 12:10:00,2001.0,2002.95,2001.0,2002.8,18
2024-05-16 12:11:00,2002.8,2002.8,2000.6,2000.6,1
2024-05-16 12:12:00,2000.6,2000.6,2000.6,2000.6,13
2024-05-16 12:13:00,2000.6,2000.6,2000.6,2000.6,0
2024-05-16 12:14:00,2000.6,2002.8,2000.6,2000.65,3
2024-05-16 12:15:00,2000.65,2002.85,2000.65,2002.85,12
2024-05-16 12:16:00,2002.85,2002.85,2000.6,2000.85,24
2024-05-16 12:17:00,2000.85,2004.95,2000.85,2004.95,200
2024-05-16 12:18:00,2004.95,2004.95,2004.5,2004.5,10
2024-05-16 12:19:00,2004.5,2004.5,2002.7,2004.5,23
2024-05-16 12:20:00,2004.5,2004.5,2001.5,2001.5,138
2024-05-16 12:21:00,2001.5,2001.5,2001.5,2001.5,1
2024-05-16 12:22:00,2001.5,2001.5,2000.6,2001.5,7
2024-05-16 12:23:00,2001.5,2001.5,2000.0,2000.0,52
2024-05-16 12:24:00,2000.0,2002.2,2000.0,2002.2,425
2024-05-16 12:25:00,2002.2,2003.65,2000.9,2003.35,43
2024-05-16 12:26:00,2003.55,2003.55,1999.1,1999.1,209
2024-05-16 12:27:00,1999.1,2002.5,1999.1,2000.05,30
2024-05-16 12:28:00,2000.05,2002.35,2000.05,2002.35,2
2024-05-16 12:29:00,2002.35,2002.6,2002.35,2002.6,10
2024-05-16 12:30:00,2003.0,2003.0,2000.25,2002.45,5
2024-05-16 12:31:00,2002.45,2004.35,2001.4,2001.4,31
2024-05-16 12:32:00,2001.2,2002.95,2000.15,2002.85,14
2024-05-16 12:33:00,2002.85,2003.0,2000.4,2003.0,3
2024-05-16 12:34:00,2003.0,2003.1,2002.75,2002.75,26
2024-05-16 12:35:00,2000.0,2002.35,2000.0,2002.35,959
2024-05-16 12:36:00,2002.35,2002.75,2000.1,2002.15,32
2024-05-16 12:37:00,2002.15,2002.15,2000.0,2001.0,174
2024-05-16 12:38:00,2001.0,2001.0,2000.0,2000.95,50
2024-05-16 12:39:00,2000.95,2000.95,2000.2,2000.95,42
2024-05-16 12:40:00,2000.95,2001.6,2000.0,2001.6,37
2024-05-16 12:41:00,2001.6,2001.6,2000.0,2000.95,3
2024-05-16 12:42:00,2000.95,2000.95,1999.35,2000.0,200
2024-05-16 12:43:00,2000.0,2000.95,2000.0,2000.95,13
2024-05-16 12:44:00,2000.95,2001.05,2000.95,2001.05,7
2024-05-16 12:45:00,2001.05,2001.05,2000.95,2000.95,1
2024-05-16 12:46:00,2000.95,2001.3,2000.0,2001.15,65
2024-05-16 12:47:00,2001.15,2001.15,2001.15,2001.15,2
2024-05-16 12:48:00,2001.15,2001.2,2001.15,2001.2,2
2024-05-16 12:49:00,2001.2,2001.2,2001.0,2001.1,9
2024-05-16 12:50:00,2001.1,2001.45,2001.1,2001.45,11
2024-05-16 12:51:00,2001.45,2002.0,2000.0,2002.0,20
2024-05-16 12:52:00,2002.0,2002.0,2000.0,2001.95,5
2024-05-16 12:53:00,2001.95,2002.0,2001.95,2002.0,2
2024-05-16 12:54:00,2002.0,2002.0,1999.3,2000.0,145
2024-05-16 12:55:00,2000.0,2000.0,2000.0,2000.0,150
2024-05-16 12:56:00,2000.0,2001.3,2000.0,2001.3,4
2024-05-16 12:57:00,2001.3,2001.3,2000.95,2000.95,7
2024-05-16 12:58:00,2000.95,2000.95,2000.95,2000.95,2
2024-05-16 12:59:00,2000.0,2000.0,2000.0,2000.0,172
2024-05-16 13:00:00,2000.0,2000.9,2000.0,2000.9,27
2024-05-16 13:01:00,2000.9,2000.9,2000.0,2000.9,9
2024-05-16 13:02:00,2000.9,2000.9,2000.9,2000.9,5
2024-05-16 13:03:00,2000.9,2001.0,2000.0,2000.0,234
2024-05-16 13:04:00,2000.0,2000.95,2000.0,2000.9,38
2024-05-16 13:05:00,2000.9,2001.0,2000.0,2001.0,20
2024-05-16 13:06:00,2001.0,2001.0,1999.5,2000.85,71
2024-05-16 13:07:00,2000.85,2001.0,2000.0,2001.0,164
2024-05-16 13:08:00,2001.0,2001.0,2000.0,2001.0,8
2024-05-16 13:09:00,2001.0,2001.0,2000.0,2001.0,7
2024-05-16 13:10:00,2001.0,2001.0,2000.1,2001.0,15
2024-05-16 13:11:00,2001.0,2001.0,2000.05,2000.05,12
2024-05-16 13:12:00,2000.05,2001.0,2000.05,2001.0,10
2024-05-16 13:13:00,2001.0,2001.0,2001.0,2001.0,21
2024-05-16 13:14:00,2001.0,2001.0,2000.0,2000.9,39
2024-05-16 13:15:00,2000.9,2001.0,2000.0,2001.0,61
2024-05-16 13:16:00,2001.0,2001.0,2000.0,2000.95,129
2024-05-16 13:17:00,2000.95,2001.0,2000.0,2001.0,40
2024-05-16 13:18:00,2001.0,2001.0,2000.0,2000.8,132
2024-05-16 13:19:00,2000.0,2000.45,2000.0,2000.05,126
2024-05-16 13:20:00,2000.0,2000.45,2000.0,2000.0,9
2024-05-16 13:21:00,2000.0,2000.45,2000.0,2000.0,13
2024-05-16 13:22:00,2000.0,2000.7,2000.0,2000.0,56
2024-05-16 13:23:00,2000.0,2000.0,2000.0,2000.0,9
2024-05-16 13:24:00,2000.7,2000.7,1999.9,2000.7,71
2024-05-16 13:25:00,2000.7,2000.7,2000.0,2000.0,12
2024-05-16 13:26:00,2000.0,2000.0,2000.0,2000.0,58
2024-05-16 13:27:00,2000.0,2000.0,2000.0,2000.0,15
2024-05-16 13:28:00,2000.0,2000.95,2000.0,2000.0,38
2024-05-16 13:29:00,2000.0,2000.0,2000.0,2000.0,229
2024-05-16 13:30:00,2000.0,2000.0,2000.0,2000.0,139
2024-05-16 13:31:00,2000.0,2000.05,1999.45,2000.05,97
2024-05-16 13:32:00,2000.05,2000.05,2000.0,2000.0,144
2024-05-16 13:33:00,2000.0,2000.0,2000.0,2000.0,24
2024-05-16 13:34:00,2000.0,2000.0,2000.0,2000.0,346
2024-05-16 13:35:00,2000.0,2000.0,1999.95,1999.95,20
2024-05-16 13:36:00,1999.95,2000.0,1999.95,2000.0,356
2024-05-16 13:37:00,2000.0,2000.0,2000.0,2000.0,1019
2024-05-16 13:38:00,2000.0,2000.0,2000.0,2000.0,7
2024-05-16 13:39:00,2000.0,2000.75,2000.0,2000.0,23
2024-05-16 13:40:00,2000.0,2000.0,2000.0,2000.0,8
2024-05-16 13:41:00,2000.0,2000.9,2000.0,2000.0,452
2024-05-16 13:42:00,2000.0,2000.0,2000.0,2000.0,125
2024-05-16 13:43:00,2000.0,2000.9,2000.0,2000.9,22
2024-05-16 13:44:00,2000.9,2000.9,2000.0,2000.0,227
2024-05-16 13:45:00,2000.0,2000.0,2000.0,2000.0,29
2024-05-16 13:46:00,2000.0,2000.0,2000.0,2000.0,178
2024-05-16 13:47:00,2000.0,2000.0,2000.0,2000.0,57
2024-05-16 13:48:00,2000.0,2000.75,2000.0,2000.0,42
2024-05-16 13:49:00,2000.0,2000.0,2000.0,2000.0,133
2024-05-16 13:50:00,2000.0,2000.0,2000.0,2000.0,17
2024-05-16 13:51:00,2000.0,2000.8,2000.0,2000.0,18
2024-05-16 13:52:00,2000.0,2000.85,2000.0,2000.0,14
2024-05-16 13:53:00,2000.0,2000.85,2000.0,2000.0,23
2024-05-16 13:54:00,2000.0,2000.0,2000.0,2000.0,59
2024-05-16 13:55:00,2000.0,2000.85,2000.0,2000.85,46
2024-05-16 13:56:00,2000.0,2000.0,2000.0,2000.0,79
2024-05-16 13:57:00,2000.0,2000.8,2000.0,2000.0,11
2024-05-16 13:58:00,2000.0,2000.8,2000.0,2000.0,11
2024-05-16 13:59:00,2000.0,2000.85,2000.0,2000.85,7
2024-05-16 14:00:00,2000.85,2000.85,2000.0,2000.0,236
2024-05-16 14:01:00,2000.0,2000.8,2000.0,2000.0,43
2024-05-16 14:02:00,2000.0,2000.85,2000.0,2000.1,8
2024-05-16 14:03:00,2000.1,2000.85,2000.0,2000.0,14
2024-05-16 14:04:00,2000.0,2000.85,2000.0,2000.0,49
2024-05-16 14:05:00,2000.0,2000.85,2000.0,2000.0,7
2024-05-16 14:06:00,2000.0,2000.85,2000.0,2000.0,60
2024-05-16 14:07:00,2000.0,2000.0,1999.1,2000.0,156
2024-05-16 14:08:00,2000.0,2000.0,2000.0,2000.0,75
2024-05-16 14:09:00,2000.0,2000.0,2000.0,2000.0,19
2024-05-16 14:10:00,2000.0,2000.85,2000.0,2000.0,14
2024-05-16 14:11:00,2000.0,2000.0,2000.0,2000.0,8
2024-05-16 14:12:00,2000.0,2000.0,2000.0,2000.0,19
2024-05-16 14:13:00,2000.0,2000.0,2000.0,2000.0,13
2024-05-16 14:14:00,2000.0,2000.0,2000.0,2000.0,12
2024-05-16 14:15:00,2000.0,2000.0,2000.0,2000.0,0
2024-05-16 14:16:00,2000.85,2000.95,2000.85,2000.95,17
2024-05-16 14:17:00,2000.0,2002.0,2000.0,2002.0,814
2024-05-16 14:18:00,2002.0,2002.0,2001.15,2002.0,11
2024-05-16 14:19:00,2002.0,2002.0,2002.0,2002.0,2
2024-05-16 14:20:00,2001.0,2001.4,2000.0,2000.0,112
2024-05-16 14:21:00,2000.0,2000.0,2000.0,2000.0,2
2024-05-16 14:22:00,2000.0,2001.5,2000.0,2000.0,8
2024-05-16 14:23:00,2001.5,2001.5,2000.05,2000.05,21
2024-05-16 14:24:00,2000.05,2001.5,2000.05,2000.15,4
2024-05-16 14:25:00,2000.15,2000.15,2000.15,2000.15,12
2024-05-16 14:26:00,2000.15,2000.15,2000.05,2000.05,14
2024-05-16 14:27:00,2000.05,2000.05,2000.05,2000.05,0
2024-05-16 14:28:00,2000.05,2000.15,2000.05,2000.15,1
2024-05-16 14:29:00,2000.15,2000.15,2000.0,2000.0,53
2024-05-16 14:30:00,2000.0,2000.15,2000.0,2000.15,2
2024-05-16 14:31:00,2000.0,2000.15,1999.55,1999.55,107
2024-05-16 14:32:00,1999.55,2000.0,1999.55,2000.0,2
2024-05-16 14:33:00,1999.7,2000.05,1999.7,2000.0,146
2024-05-16 14:34:00,2000.0,2001.0,2000.0,2001.0,15
2024-05-16 14:35:00,2001.0,2001.0,2000.0,2000.0,15
2024-05-16 14:36:00,2000.0,2001.5,2000.0,2001.5,12
2024-05-16 14:37:00,2001.5,2001.5,2001.5,2001.5,0
2024-05-16 14:38:00,2001.5,2001.5,2001.0,2001.0,5
2024-05-16 14:39:00,1999.85,2001.5,1999.85,2000.0,72
2024-05-16 14:40:00,2000.0,2000.0,2000.0,2000.0,0
2024-05-16 14:41:00,2000.0,2000.0,2000.0,2000.0,17
2024-05-16 14:42:00,2000.0,2001.4,2000.0,2000.0,2
2024-05-16 14:43:00,2000.0,2001.9,2000.0,2001.9,49
2024-05-16 14:44:00,1997.6,2000.0,1997.6,2000.0,380
2024-05-16 14:45:00,2000.0,2001.35,2000.0,2001.35,2
2024-05-16 14:46:00,2001.35,2001.35,2001.35,2001.35,0
2024-05-16 14:47:00,2001.35,2001.35,2001.3,2001.3,5
2024-05-16 14:48:00,2001.3,2001.3,2000.0,2000.0,1
2024-05-16 14:49:00,2000.0,2000.0,2000.0,2000.0,11
2024-05-16 14:50:00,2000.0,2000.7,2000.0,2000.0,28
2024-05-16 14:51:00,2000.0,2001.4,2000.0,2001.1,201
2024-05-16 14:52:00,2001.1,2001.1,2001.0,2001.0,1
2024-05-16 14:53:00,2001.0,2001.0,2000.0,2000.0,156
2024-05-16 14:54:00,2000.05,2000.05,2000.05,2000.05,33
2024-05-16 14:55:00,2000.05,2000.05,2000.0,2000.05,17
2024-05-16 14:56:00,2000.0,2000.05,2000.0,2000.0,710
2024-05-16 14:57:00,2000.0,2001.0,2000.0,2000.0,85
2024-05-16 14:58:00,2000.0,2000.0,2000.0,2000.0,11
2024-05-16 14:59:00,2000.0,2000.0,2000.0,2000.0,5
2024-05-16 15:00:00,2001.0,2001.15,1998.15,2001.15,178
2024-05-16 15:01:00,2001.15,2001.25,2000.0,2000.0,66
2024-05-16 15:02:00,2000.0,2001.4,2000.0,2000.0,61
2024-05-16 15:03:00,2000.0,2001.5,2000.0,2001.5,56
2024-05-16 15:04:00,1998.2,2001.95,1998.2,2001.95,90
2024-05-16 15:05:00,2001.95,2002.0,2000.0,2000.0,17
2024-05-16 15:06:00,2000.45,2002.35,2000.45,2002.0,258
2024-05-16 15:07:00,2002.0,2003.75,2002.0,2002.45,59
2024-05-16 15:08:00,2000.5,2002.45,2000.5,2000.5,65
2024-05-16 15:09:00,2000.5,2000.5,2000.5,2000.5,70
2024-05-16 15:10:00,2000.5,2002.4,2000.5,2000.85,123
2024-05-16 15:11:00,2000.85,2002.45,2000.5,2000.8,40
2024-05-16 15:12:00,2000.8,2000.8,2000.0,2000.0,270
2024-05-16 15:13:00,2000.0,2000.65,2000.0,2000.0,270
2024-05-16 15:14:00,2000.8,2000.8,2000.0,2000.05,15
2024-05-16 15:15:00,2000.05,2002.45,2000.0,2001.4,154
2024-05-16 15:16:00,2001.4,2001.4,2001.35,2001.35,1
2024-05-16 15:17:00,2001.35,2001.55,2000.0,2000.0,219
2024-05-16 15:18:00,2000.0,2001.0,2000.0,2001.0,205
2024-05-16 15:19:00,2001.0,2001.0,2000.0,2000.0,93
2024-05-16 15:20:00,2000.0,2001.0,2000.0,2000.0,265
2024-05-16 15:21:00,2000.05,2000.05,1999.95,2000.0,446
2024-05-16 15:22:00,2000.05,2001.45,2000.0,2001.45,149
2024-05-16 15:23:00,2001.45,2001.45,2000.0,2000.0,144
2024-05-16 15:24:00,2000.0,2000.4,2000.0,2000.35,92
2024-05-16 15:25:00,2000.35,2004.5,2000.35,2003.7,250
2024-05-16 15:26:00,2003.7,2004.45,2002.0,2002.0,66
2024-05-16 15:27:00,2002.0,2003.0,2002.0,2002.45,75
2024-05-16 15:28:00,2002.5,2004.35,2000.0,2000.1,151
2024-05-16 15:29:00,2003.1,2003.55,1997.0,2003.0,164
2024-05-17 09:15:00,2000.65,2000.65,1993.05,1997.05,161
2024-05-17 09:16:00,1997.05,1998.0,1994.4,1997.9,41
2024-05-17 09:17:00,1997.9,2001.2,1995.6,2001.2,53
2024-05-17 09:18:00,2001.2,2001.25,2000.0,2000.0,188
2024-05-17 09:19:00,2000.0,2003.55,2000.0,2003.55,9
2024-05-17 09:20:00,2003.55,2005.0,2001.4,2004.8,86
2024-05-17 09:21:00,2004.8,2010.0,2002.15,2007.55,263
2024-05-17 09:22:00,2007.55,2010.15,2007.55,2010.0,128
2024-05-17 09:23:00,2010.0,2010.75,2008.8,2010.7,82
2024-05-17 09:24:00,2010.65,2010.65,2010.0,2010.25,165
2024-05-17 09:25:00,2010.25,2010.65,2008.4,2008.4,55
2024-05-17 09:26:00,2008.4,2010.65,2008.4,2009.0,45
2024-05-17 09:27:00,2009.0,2010.65,2008.7,2010.4,46
2024-05-17 09:28:00,2010.4,2010.65,2010.4,2010.65,18
2024-05-17 09:29:00,2010.65,2010.65,2009.05,2009.05,2
2024-05-17 09:30:00,2010.65,2012.3,2009.15,2012.3,225
2024-05-17 09:31:00,2012.3,2014.6,2012.3,2014.6,57
2024-05-17 09:32:00,2014.6,2014.85,2012.35,2014.85,133
2024-05-17 09:33:00,2014.85,2017.05,2014.5,2015.0,169
2024-05-17 09:34:00,2015.0,2017.3,2015.0,2017.3,114
2024-05-17 09:35:00,2017.3,2017.3,2017.3,2017.3,1
2024-05-17 09:36:00,2017.3,2017.6,2015.3,2017.6,17
2024-05-17 09:37:00,2017.6,2017.95,2017.3,2017.85,25
2024-05-17 09:38:00,2015.65,2017.7,2015.6,2016.05,18
2024-05-17 09:39:00,2016.05,2016.05,2013.2,2013.2,127
2024-05-17 09:40:00,2013.2,2013.2,2012.75,2012.75,10
2024-05-17 09:41:00,2012.75,2014.75,2012.75,2012.75,20
2024-05-17 09:42:00,2012.75,2014.75,2010.0,2010.05,111
2024-05-17 09:43:00,2010.05,2014.15,2010.05,2014.15,124
2024-05-17 09:44:00,2012.1,2014.75,2011.05,2011.6,367
2024-05-17 09:45:00,2011.6,2011.8,2011.6,2011.8,5
2024-05-17 09:46:00,2011.8,2014.7,2011.3,2011.3,91
2024-05-17 09:47:00,2011.3,2014.75,2011.3,2014.75,13
2024-05-17 09:48:00,2014.75,2014.75,2012.4,2014.35,15
2024-05-17 09:49:00,2014.35,2014.7,2014.35,2014.7,30
2024-05-17 09:50:00,2014.7,2014.75,2014.7,2014.75,103
2024-05-17 09:51:00,2014.75,2014.75,2014.75,2014.75,0
2024-05-17 09:52:00,2014.75,2014.75,2014.75,2014.75,4
2024-05-17 09:53:00,2014.75,2014.75,2013.0,2014.75,6
2024-05-17 09:54:00,2014.75,2014.75,2010.0,2010.0,150
2024-05-17 09:55:00,2010.0,2013.0,2010.0,2013.0,704
2024-05-17 09:56:00,2013.0,2013.0,2012.45,2013.0,18
2024-05-17 09:57:00,2013.0,2013.0,2010.1,2012.0,40
2024-05-17 09:58:00,2012.0,2012.0,2012.0,2012.0,14
2024-05-17 09:59:00,2012.0,2012.65,2012.0,2012.65,16
2024-05-17 10:00:00,2012.65,2012.65,2010.2,2010.2,5
2024-05-17 10:01:00,2010.2,2011.05,2010.2,2011.05,5
2024-05-17 10:02:00,2011.05,2011.05,2010.25,2010.25,25
2024-05-17 10:03:00,2010.25,2012.65,2010.25,2012.65,30
2024-05-17 10:04:00,2012.65,2012.65,2012.65,2012.65,0
2024-05-17 10:05:00,2012.65,2012.65,2011.15,2011.15,5
2024-05-17 10:06:00,2011.15,2011.15,2010.05,2010.05,13
2024-05-17 10:07:00,2010.05,2013.0,2010.05,2013.0,40
2024-05-17 10:08:00,2013.0,2016.6,2013.0,2015.7,175
2024-05-17 10:09:00,2015.7,2015.7,2015.4,2015.5,40
2024-05-17 10:10:00,2015.5,2015.5,2015.5,2015.5,10
2024-05-17 10:11:00,2015.5,2024.9,2015.5,2024.0,1093
2024-05-17 10:12:00,2024.0,2024.0,2020.1,2022.9,388
2024-05-17 10:13:00,2022.9,2024.6,2021.8,2024.6,56
2024-05-17 10:14:00,2024.6,2024.6,2021.75,2023.45,159
2024-05-17 10:15:00,2023.45,2023.5,2023.45,2023.5,105
2024-05-17 10:16:00,2023.5,2023.5,2019.0,2019.0,102
2024-05-17 10:17:00,2019.0,2021.7,2018.05,2018.05,102
2024-05-17 10:18:00,2018.05,2020.65,2017.7,2017.7,390
2024-05-17 10:19:00,2017.7,2017.7,2016.65,2016.65,11
2024-05-17 10:20:00,2016.65,2016.65,2012.1,2012.1,140
2024-05-17 10:21:00,2012.1,2013.65,2010.8,2013.0,49
2024-05-17 10:22:00,2013.0,2013.3,2011.2,2013.2,44
2024-05-17 10:23:00,2013.2,2015.5,2012.05,2015.2,60
2024-05-17 10:24:00,2015.2,2015.9,2014.65,2015.9,68
2024-05-17 10:25:00,2015.9,2016.65,2014.2,2016.6,17
2024-05-17 10:26:00,2016.6,2016.6,2012.05,2013.2,48
2024-05-17 10:27:00,2013.2,2014.35,2013.2,2013.2,22
2024-05-17 10:28:00,2013.2,2013.2,2011.15,2011.15,12
2024-05-17 10:29:00,2012.95,2013.2,2011.1,2011.3,30
2024-05-17 10:30:00,2011.3,2012.8,2010.7,2011.0,28
2024-05-17 10:31:00,2011.0,2013.0,2011.0,2013.0,18
2024-05-17 10:32:00,2013.0,2013.0,2013.0,2013.0,2
2024-05-17 10:33:00,2013.0,2015.9,2013.0,2015.9,52
2024-05-17 10:34:00,2015.85,2015.85,2015.85,2015.85,1
2024-05-17 10:35:00,2015.85,2015.9,2015.85,2015.9,1
2024-05-17 10:36:00,2015.9,2015.9,2015.9,2015.9,0
2024-05-17 10:37:00,2015.0,2015.0,2015.0,2015.0,5
2024-05-17 10:38:00,2015.0,2015.9,2015.0,2015.9,24
2024-05-17 10:39:00,2015.9,2015.9,2014.9,2014.9,94
2024-05-17 10:40:00,2014.9,2015.25,2013.4,2013.4,4
2024-05-17 10:41:00,2013.4,2013.4,2013.0,2013.0,31
2024-05-17 10:42:00,2013.0,2014.85,2013.0,2014.85,1
2024-05-17 10:43:00,2014.85,2015.0,2014.85,2015.0,11
2024-05-17 10:44:00,2015.0,2015.15,2015.0,2015.15,15
2024-05-17 10:45:00,2015.15,2015.15,2013.1,2014.35,12
2024-05-17 10:46:00,2014.35,2014.5,2014.35,2014.5,1
2024-05-17 10:47:00,2014.45,2014.45,2013.0,2014.35,19
2024-05-17 10:48:00,2014.35,2014.35,2014.2,2014.2,1
2024-05-17 10:49:00,2014.2,2014.2,2013.0,2013.0,7
2024-05-17 10:50:00,2013.0,2013.0,2013.0,2013.0,0
2024-05-17 10:51:00,2013.0,2014.5,2013.0,2014.5,61
2024-05-17 10:52:00,2014.5,2014.5,2014.5,2014.5,1
2024-05-17 10:53:00,2014.5,2014.5,2013.05,2013.05,4
2024-05-17 10:54:00,2013.05,2014.45,2013.05,2014.45,2
2024-05-17 10:55:00,2014.45,2014.8,2013.0,2014.8,32
2024-05-17 10:56:00,2014.8,2015.1,2014.0,2014.0,2
2024-05-17 10:57:00,2014.0,2014.0,2013.75,2013.75,29
2024-05-17 10:58:00,2013.75,2015.0,2013.75,2015.0,1
2024-05-17 10:59:00,2015.0,2015.0,2015.0,2015.0,5
2024-05-17 11:00:00,2015.0,2015.0,2012.5,2012.5,91
2024-05-17 11:01:00,2012.5,2013.0,2012.5,2013.0,25
2024-05-17 11:02:00,2013.0,2013.0,2010.3,2012.65,37
2024-05-17 11:03:00,2012.65,2012.65,2012.65,2012.65,0
2024-05-17 11:04:00,2012.65,2012.65,2012.65,2012.65,0
2024-05-17 11:05:00,2012.65,2012.65,2010.1,2012.0,32
2024-05-17 11:06:00,2010.0,2012.3,2010.0,2012.3,21
2024-05-17 11:07:00,2012.3,2012.45,2010.0,2012.45,888
2024-05-17 11:08:00,2010.0,2011.95,2010.0,2010.05,1273
2024-05-17 11:09:00,2010.05,2012.1,2010.05,2012.1,26
2024-05-17 11:10:00,2012.25,2012.25,2010.05,2012.2,21
2024-05-17 11:11:00,2012.2,2012.25,2010.05,2010.05,46
2024-05-17 11:12:00,2010.05,2012.35,2010.0,2011.05,50
2024-05-17 11:13:00,2011.05,2013.0,2011.05,2011.45,204
2024-05-17 11:14:00,2011.45,2012.95,2011.45,2012.95,2
2024-05-17 11:15:00,2012.95,2012.95,2011.1,2011.1,5
2024-05-17 11:16:00,2011.1,2012.2,2010.0,2011.05,216
2024-05-17 11:17:00,2011.05,2011.05,2010.0,2010.0,2
2024-05-17 11:18:00,2010.0,2012.3,2010.0,2010.3,77
2024-05-17 11:19:00,2010.3,2012.1,2010.3,2012.1,18
2024-05-17 11:20:00,2012.1,2012.2,2012.1,2012.15,37
2024-05-17 11:21:00,2012.15,2013.55,2012.15,2013.55,2
2024-05-17 11:22:00,2013.55,2013.55,2011.55,2012.75,17
2024-05-17 11:23:00,2012.75,2013.5,2012.75,2013.5,11
2024-05-17 11:24:00,2013.5,2013.95,2013.5,2013.95,30
2024-05-17 11:25:00,2013.95,2013.95,2013.95,2013.95,1
2024-05-17 11:26:00,2013.95,2013.95,2010.05,2012.25,224
2024-05-17 11:27:00,2012.25,2013.95,2012.25,2013.95,100
2024-05-17 11:28:00,2013.95,2014.0,2011.45,2013.0,72
2024-05-17 11:29:00,2013.0,2013.0,2013.0,2013.0,0
2024-05-17 11:30:00,2013.0,2013.0,2013.0,2013.0,4
2024-05-17 11:31:00,2013.0,2013.0,2013.0,2013.0,0
2024-05-17 11:32:00,2013.0,2013.0,2011.25,2011.25,51
2024-05-17 11:33:00,2011.15,2011.15,2011.15,2011.15,5
2024-05-17 11:34:00,2011.15,2012.85,2011.15,2012.85,13
2024-05-17 11:35:00,2012.85,2012.85,2012.85,2012.85,0
2024-05-17 11:36:00,2012.85,2012.85,2012.85,2012.85,0
2024-05-17 11:37:00,2012.85,2012.85,2012.85,2012.85,0
2024-05-17 11:38:00,2012.85,2012.85,2010.7,2012.55,31
2024-05-17 11:39:00,2012.55,2012.55,2012.55,2012.55,0
2024-05-17 11:40:00,2012.5,2012.5,2010.9,2010.9,58
2024-05-17 11:41:00,2010.9,2010.9,2010.9,2010.9,0
2024-05-17 11:42:00,2011.0,2013.0,2011.0,2013.0,84
2024-05-17 11:43:00,2013.0,2013.0,2013.0,2013.0,1
2024-05-17 11:44:00,2013.0,2013.0,2011.2,2011.2,12
2024-05-17 11:45:00,2010.75,2010.75,2010.75,2010.75,60
2024-05-17 11:46:00,2010.75,2012.6,2010.75,2012.6,4
2024-05-17 11:47:00,2012.6,2012.95,2011.1,2012.9,44
2024-05-17 11:48:00,2012.95,2013.0,2011.65,2011.65,30
2024-05-17 11:49:00,2011.65,2012.35,2010.85,2012.35,11
2024-05-17 11:50:00,2012.35,2012.35,2010.85,2010.9,52
2024-05-17 11:51:00,2010.9,2010.9,2010.85,2010.85,4
2024-05-17 11:52:00,2010.9,2010.9,2010.9,2010.9,14
2024-05-17 11:53:00,2010.9,2012.25,2010.9,2012.25,3
2024-05-17 11:54:00,2012.25,2012.35,2012.25,2012.35,2
2024-05-17 11:55:00,2012.35,2012.35,2010.7,2010.7,150
2024-05-17 11:56:00,2010.7,2010.7,2010.7,2010.7,35
2024-05-17 11:57:00,2010.7,2010.7,2010.7,2010.7,15
2024-05-17 11:58:00,2011.65,2011.95,2010.7,2011.95,4
2024-05-17 11:59:00,2010.1,2011.85,2010.05,2010.05,27
2024-05-17 12:00:00,2010.05,2012.3,2010.05,2012.3,49
2024-05-17 12:01:00,2012.3,2012.3,2010.0,2011.9,157
2024-05-17 12:02:00,2010.05,2011.9,2010.05,2011.9,33
2024-05-17 12:03:00,2011.9,2011.95,2010.0,2010.0,115
2024-05-17 12:04:00,2010.0,2011.95,2010.0,2011.9,4
2024-05-17 12:05:00,2010.05,2011.85,2010.0,2010.0,3
2024-05-17 12:06:00,2010.0,2011.85,2010.0,2010.0,46
2024-05-17 12:07:00,2010.0,2011.85,2010.0,2011.85,10
2024-05-17 12:08:00,2011.85,2012.3,2010.05,2012.25,54
2024-05-17 12:09:00,2012.25,2012.25,2010.55,2010.55,62
2024-05-17 12:10:00,2010.55,2010.55,2010.55,2010.55,64
2024-05-17 12:11:00,2010.55,2012.15,2010.55,2012.15,1
2024-05-17 12:12:00,2012.15,2012.15,2012.15,2012.15,2
2024-05-17 12:13:00,2012.15,2012.15,2011.9,2011.9,2
2024-05-17 12:14:00,2011.9,2011.9,2011.9,2011.9,4
2024-05-17 12:15:00,2011.9,2011.9,2011.9,2011.9,5
2024-05-17 12:16:00,2011.9,2011.9,2011.85,2011.85,1
2024-05-17 12:17:00,2011.9,2011.9,2010.05,2010.05,30
2024-05-17 12:18:00,2010.55,2011.5,2010.55,2011.5,2
2024-05-17 12:19:00,2011.5,2011.5,2011.5,2011.5,0
2024-05-17 12:20:00,2011.45,2011.45,2010.0,2011.45,24
2024-05-17 12:21:00,2011.45,2011.45,2010.0,2011.45,29
2024-05-17 12:22:00,2010.0,2011.45,2010.0,2011.0,8
2024-05-17 12:23:00,2011.0,2011.0,2010.0,2010.0,38
2024-05-17 12:24:00,2010.0,2011.65,2010.0,2011.65,156
2024-05-17 12:25:00,2010.0,2011.65,2010.0,2011.65,32
2024-05-17 12:26:00,2011.65,2011.65,2010.0,2010.0,36
2024-05-17 12:27:00,2010.0,2011.0,2010.0,2011.0,2
2024-05-17 12:28:00,2011.0,2011.0,2010.0,2010.0,73
2024-05-17 12:29:00,2010.0,2011.4,2010.0,2010.0,1610
2024-05-17 12:30:00,2010.0,2010.0,2010.0,2010.0,162
2024-05-17 12:31:00,2010.0,2011.6,2010.0,2010.0,71
2024-05-17 12:32:00,2010.0,2010.0,2010.0,2010.0,51
2024-05-17 12:33:00,2010.0,2010.8,2010.0,2010.0,12
2024-05-17 12:34:00,2010.0,2011.9,2010.0,2010.05,74
2024-05-17 12:35:00,2010.05,2011.9,2010.0,2010.0,79
2024-05-17 12:36:00,2010.0,2012.45,2010.0,2010.05,215
2024-05-17 12:37:00,2010.05,2012.35,2010.05,2010.25,5
2024-05-17 12:38:00,2010.25,2011.95,2010.25,2011.95,1
2024-05-17 12:39:00,2010.25,2011.95,2010.2,2010.25,6
2024-05-17 12:40:00,2010.25,2010.25,2010.25,2010.25,0
2024-05-17 12:41:00,2010.25,2010.25,2010.25,2010.25,0
2024-05-17 12:42:00,2010.25,2011.95,2010.25,2011.95,2
2024-05-17 12:43:00,2011.95,2012.5,2010.2,2010.25,20
2024-05-17 12:44:00,2010.25,2010.3,2010.25,2010.3,4
2024-05-17 12:45:00,2010.3,2010.3,2010.3,2010.3,0
2024-05-17 12:46:00,2010.3,2012.4,2010.15,2010.2,23
2024-05-17 12:47:00,2010.2,2012.35,2010.2,2012.35,1
2024-05-17 12:48:00,2012.35,2012.35,2010.1,2010.1,16
2024-05-17 12:49:00,2010.1,2010.1,2010.0,2010.0,50
2024-05-17 12:50:00,2010.0,2010.0,2010.0,2010.0,182
2024-05-17 12:51:00,2010.0,2010.0,2010.0,2010.0,2
2024-05-17 12:52:00,2010.0,2010.2,2010.0,2010.05,290
2024-05-17 12:53:00,2010.05,2010.05,2010.0,2010.05,14
2024-05-17 12:54:00,2010.05,2010.75,2010.0,2010.0,12
2024-05-17 12:55:00,2010.0,2011.35,2008.75,2010.0,56
2024-05-17 12:56:00,2010.0,2011.3,2010.0,2010.0,35
2024-05-17 12:57:00,2010.0,2010.0,2010.0,2010.0,83
2024-05-17 12:58:00,2010.0,2010.65,2010.0,2010.0,2
2024-05-17 12:59:00,2010.0,2010.0,2010.0,2010.0,101
2024-05-17 13:00:00,2010.0,2010.7,2010.0,2010.7,4
2024-05-17 13:01:00,2010.7,2010.7,2010.0,2010.0,3
2024-05-17 13:02:00,2010.0,2010.0,2010.0,2010.0,4
2024-05-17 13:03:00,2010.0,2011.75,2010.0,2011.75,50
2024-05-17 13:04:00,2011.75,2011.75,2010.2,2010.2,3
2024-05-17 13:05:00,2010.2,2010.2,2010.2,2010.2,0
2024-05-17 13:06:00,2010.2,2010.2,2010.0,2010.0,1
2024-05-17 13:07:00,2010.0,2010.0,2010.0,2010.0,176
2024-05-17 13:08:00,2010.0,2010.0,2010.0,2010.0,3
2024-05-17 13:09:00,2010.0,2010.0,2010.0,2010.0,53
2024-05-17 13:10:00,2010.2,2011.0,2010.0,2011.0,27
2024-05-17 13:11:00,2011.0,2012.0,2010.0,2011.75,73
2024-05-17 13:12:00,2011.75,2011.75,2010.0,2010.0,30
2024-05-17 13:13:00,2010.0,2010.0,2010.0,2010.0,8
2024-05-17 13:14:00,2010.0,2011.45,2010.0,2010.0,13
2024-05-17 13:15:00,2010.0,2011.45,2010.0,2010.0,3
2024-05-17 13:16:00,2010.0,2010.0,2010.0,2010.0,0
2024-05-17 13:17:00,2010.0,2011.6,2010.0,2010.0,46
2024-05-17 13:18:00,2010.0,2010.0,2010.0,2010.0,114
2024-05-17 13:19:00,2010.0,2011.6,2010.0,2010.0,6
2024-05-17 13:20:00,2010.0,2011.3,2010.0,2010.0,96
2024-05-17 13:21:00,2010.0,2010.0,2010.0,2010.0,2242
2024-05-17 13:22:00,2010.0,2011.1,2010.0,2010.0,5673
2024-05-17 13:23:00,2010.05,2011.5,2010.05,2011.5,3
2024-05-17 13:24:00,2011.5,2011.5,2011.5,2011.5,0
2024-05-17 13:25:00,2011.5,2011.5,2011.5,2011.5,2
2024-05-17 13:26:00,2011.5,2011.5,2010.0,2010.0,64
2024-05-17 13:27:00,2010.0,2011.5,2010.0,2011.5,1
2024-05-17 13:28:00,2011.5,2011.5,2011.5,2011.5,5
2024-05-17 13:29:00,2011.5,2011.5,2011.5,2011.5,2
2024-05-17 13:30:00,2011.5,2012.0,2011.5,2012.0,91
2024-05-17 13:31:00,2012.0,2012.0,2012.0,2012.0,50
2024-05-17 13:32:00,2012.0,2013.0,2012.0,2013.0,256
2024-05-17 13:33:00,2013.0,2014.0,2013.0,2014.0,10
2024-05-17 13:34:00,2014.0,2016.0,2014.0,2014.65,559
2024-05-17 13:35:00,2014.65,2014.85,2014.65,2014.85,11
2024-05-17 13:36:00,2014.85,2014.85,2014.85,2014.85,7
2024-05-17 13:37:00,2014.85,2014.95,2014.85,2014.95,16
2024-05-17 13:38:00,2014.95,2014.95,2012.15,2012.15,14
2024-05-17 13:39:00,2012.15,2012.2,2010.1,2012.2,439
2024-05-17 13:40:00,2012.2,2012.2,2010.0,2012.2,41
2024-05-17 13:41:00,2012.2,2012.2,2010.0,2010.0,11
2024-05-17 13:42:00,2010.0,2012.15,2010.0,2012.15,20
2024-05-17 13:43:00,2012.15,2012.2,2012.15,2012.2,3
2024-05-17 13:44:00,2012.2,2012.2,2012.15,2012.15,50
2024-05-17 13:45:00,2012.15,2012.15,2012.15,2012.15,0
2024-05-17 13:46:00,2012.2,2012.2,2010.15,2010.15,40
2024-05-17 13:47:00,2012.2,2012.2,2012.0,2012.2,140
2024-05-17 13:48:00,2012.2,2012.2,2012.1,2012.1,17
2024-05-17 13:49:00,2012.1,2012.1,2010.0,2010.0,108
2024-05-17 13:50:00,2010.0,2011.2,2010.0,2011.0,35
2024-05-17 13:51:00,2010.0,2011.45,2009.75,2011.0,181
2024-05-17 13:52:00,2011.0,2011.0,2011.0,2011.0,0
2024-05-17 13:53:00,2011.0,2012.2,2010.0,2010.0,36
2024-05-17 13:54:00,2010.0,2011.85,2010.0,2010.0,28
2024-05-17 13:55:00,2010.0,2011.85,2010.0,2011.85,27
2024-05-17 13:56:00,2011.85,2011.85,2011.85,2011.85,0
2024-05-17 13:57:00,2011.85,2011.85,2009.2,2011.75,21
2024-05-17 13:58:00,2011.75,2012.35,2010.1,2012.35,38
2024-05-17 13:59:00,2012.35,2012.35,2011.5,2011.5,1
2024-05-17 14:00:00,2011.5,2011.5,2009.85,2010.0,281
2024-05-17 14:01:00,2010.0,2014.65,2010.0,2010.5,205
2024-05-17 14:02:00,2010.5,2014.45,2010.5,2014.45,13
2024-05-17 14:03:00,2014.45,2014.75,2014.45,2014.75,20
2024-05-17 14:04:00,2014.75,2015.0,2012.65,2012.75,62
2024-05-17 14:05:00,2012.75,2015.0,2012.75,2012.75,48
2024-05-17 14:06:00,2012.75,2015.05,2010.65,2013.4,825
2024-05-17 14:07:00,2013.4,2013.4,2010.0,2011.0,81
2024-05-17 14:08:00,2011.0,2013.95,2011.0,2011.15,218
2024-05-17 14:09:00,2011.15,2011.15,2011.15,2011.15,11
2024-05-17 14:10:00,2011.15,2013.5,2011.15,2011.15,14
2024-05-17 14:11:00,2011.15,2011.15,2010.25,2010.25,29
2024-05-17 14:12:00,2011.15,2011.75,2010.0,2010.0,236
2024-05-17 14:13:00,2010.05,2010.15,2010.05,2010.05,10
2024-05-17 14:14:00,2010.05,2010.05,2010.0,2010.0,35
2024-05-17 14:15:00,2010.0,2011.85,2010.0,2010.05,24
2024-05-17 14:16:00,2011.85,2012.85,2010.0,2010.05,79
2024-05-17 14:17:00,2010.05,2010.05,2010.0,2010.0,17
2024-05-17 14:18:00,2010.0,2010.0,2008.45,2010.0,109
2024-05-17 14:19:00,2010.0,2010.0,2010.0,2010.0,18
2024-05-17 14:20:00,2010.0,2010.0,2008.0,2010.0,235
2024-05-17 14:21:00,2010.0,2012.3,2010.0,2010.0,59
2024-05-17 14:22:00,2010.0,2010.0,2010.0,2010.0,18
2024-05-17 14:23:00,2010.0,2011.75,2010.0,2010.5,173
2024-05-17 14:24:00,2010.5,2011.45,2010.0,2011.45,157
2024-05-17 14:25:00,2011.45,2012.8,2010.0,2012.0,136
2024-05-17 14:26:00,2012.0,2014.45,2012.0,2012.05,75
2024-05-17 14:27:00,2012.05,2016.0,2012.0,2016.0,131
2024-05-17 14:28:00,2016.0,2016.0,2015.0,2015.0,21
2024-05-17 14:29:00,2015.0,2016.4,2015.0,2015.0,49
2024-05-17 14:30:00,2015.0,2016.1,2015.0,2015.0,99
2024-05-17 14:31:00,2015.0,2017.0,2015.0,2015.05,231
2024-05-17 14:32:00,2015.05,2016.0,2015.0,2015.05,97
2024-05-17 14:33:00,2015.05,2021.85,2015.05,2019.0,461
2024-05-17 14:34:00,2019.0,2019.0,2015.0,2015.0,131
2024-05-17 14:35:00,2017.2,2020.0,2015.05,2018.05,266
2024-05-17 14:36:00,2018.05,2018.1,2018.0,2018.0,17
2024-05-17 14:37:00,2018.0,2018.9,2017.05,2018.0,135
2024-05-17 14:38:00,2018.0,2018.0,2015.0,2015.0,86
2024-05-17 14:39:00,2015.0,2017.2,2015.0,2015.0,25
2024-05-17 14:40:00,2015.0,2015.0,2015.0,2015.0,29
2024-05-17 14:41:00,2015.0,2015.0,2015.0,2015.0,31
2024-05-17 14:42:00,2015.0,2016.95,2015.0,2015.0,23
2024-05-17 14:43:00,2015.0,2017.0,2015.0,2015.05,28
2024-05-17 14:44:00,2015.05,2017.7,2015.05,2016.0,21
2024-05-17 14:45:00,2016.0,2017.0,2016.0,2017.0,16
2024-05-17 14:46:00,2017.0,2017.0,2016.0,2016.6,39
2024-05-17 14:47:00,2016.6,2018.0,2016.6,2016.6,53
2024-05-17 14:48:00,2016.6,2016.6,2015.6,2015.6,21
2024-05-17 14:49:00,2015.6,2015.6,2015.0,2015.0,17
2024-05-17 14:50:00,2015.0,2016.75,2015.0,2015.25,12
2024-05-17 14:51:00,2015.25,2017.0,2015.0,2015.75,45
2024-05-17 14:52:00,2015.55,2017.65,2015.15,2015.15,18
2024-05-17 14:53:00,2015.15,2017.25,2015.0,2015.0,13
2024-05-17 14:54:00,2015.0,2017.05,2015.0,2015.05,25
2024-05-17 14:55:00,2015.05,2017.95,2015.0,2016.3,81
2024-05-17 14:56:00,2017.95,2018.0,2015.05,2015.45,87
2024-05-17 14:57:00,2015.45,2017.45,2015.4,2015.4,27
2024-05-17 14:58:00,2015.4,2015.4,2015.0,2015.05,12
2024-05-17 14:59:00,2015.05,2016.7,2015.0,2015.05,29
2024-05-17 15:00:00,2015.05,2016.0,2014.8,2015.0,250
2024-05-17 15:01:00,2015.0,2015.0,2015.0,2015.0,74
2024-05-17 15:02:00,2015.0,2017.0,2015.0,2015.05,600
2024-05-17 15:03:00,2015.05,2015.05,2015.0,2015.0,34
2024-05-17 15:04:00,2015.0,2016.8,2015.0,2015.0,63
2024-05-17 15:05:00,2015.0,2016.7,2015.0,2015.0,80
2024-05-17 15:06:00,2015.0,2016.5,2015.0,2015.0,27
2024-05-17 15:07:00,2015.0,2016.5,2015.0,2015.1,39
2024-05-17 15:08:00,2015.1,2016.65,2015.0,2015.0,196
2024-05-17 15:09:00,2015.0,2016.65,2015.0,2015.0,42
2024-05-17 15:10:00,2015.0,2016.6,2015.0,2015.0,20
2024-05-17 15:11:00,2015.0,2016.8,2015.0,2015.0,36
2024-05-17 15:12:00,2015.0,2016.75,2013.65,2015.25,300
2024-05-17 15:13:00,2015.2,2015.2,2015.0,2015.0,244
2024-05-17 15:14:00,2015.25,2015.95,2014.05,2014.05,163
2024-05-17 15:15:00,2014.05,2016.0,2014.05,2015.5,220
2024-05-17 15:16:00,2015.5,2016.9,2012.05,2015.0,227
2024-05-17 15:17:00,2015.0,2015.95,2013.6,2015.95,60
2024-05-17 15:18:00,2016.9,2017.0,2016.85,2017.0,61
2024-05-17 15:19:00,2017.0,2017.0,2015.0,2015.85,304
2024-05-17 15:20:00,2015.85,2017.0,2013.95,2013.95,229
2024-05-17 15:21:00,2017.0,2017.0,2016.0,2016.0,102
2024-05-17 15:22:00,2016.95,2016.95,2016.05,2016.75,60
2024-05-17 15:23:00,2016.75,2016.85,2015.95,2015.95,434
2024-05-17 15:24:00,2015.75,2015.75,2015.05,2015.4,162
2024-05-17 15:25:00,2015.4,2015.4,2013.6,2013.6,50
2024-05-17 15:26:00,2015.3,2016.4,2012.5,2012.7,152
2024-05-17 15:27:00,2012.7,2015.9,2012.05,2012.5,69
2024-05-17 15:28:00,2012.55,2014.9,2012.4,2012.5,70
2024-05-17 15:29:00,2012.5,2012.5,2010.0,2012.5,361
2024-05-18 09:15:00,2001.0,2016.85,2001.0,2005.1,37
2024-05-18 09:16:00,2005.0,2020.0,2005.0,2020.0,42
2024-05-18 09:17:00,2005.0,2019.25,2001.25,2005.0,146
2024-05-18 09:18:00,2005.0,2014.5,2005.0,2011.75,3
2024-05-18 09:19:00,2011.75,2014.15,2001.2,2001.2,116
2024-05-18 09:20:00,2001.2,2009.65,2001.1,2009.65,84
2024-05-18 09:21:00,2009.65,2009.65,2001.7,2001.7,12
2024-05-18 09:22:00,2001.7,2005.0,2001.7,2001.7,109
2024-05-18 09:23:00,2001.7,2010.0,2001.7,2007.35,265
2024-05-18 09:24:00,2007.35,2007.35,2002.0,2006.65,57
2024-05-18 09:25:00,2006.65,2006.9,2002.5,2002.5,92
2024-05-18 09:26:00,2002.5,2008.7,2002.5,2008.05,61
2024-05-18 09:27:00,2008.05,2008.75,2008.05,2008.75,101
2024-05-18 09:28:00,2012.9,2018.95,2002.55,2016.25,345
2024-05-18 09:29:00,2016.25,2016.25,2014.8,2015.0,129
2024-05-18 09:30:00,2015.0,2015.95,2015.0,2015.95,18
2024-05-18 09:31:00,2016.0,2016.0,2011.0,2015.9,42
2024-05-18 09:32:00,2015.9,2015.9,2010.05,2012.45,26
2024-05-18 09:33:00,2012.45,2014.95,2011.3,2014.95,7
2024-05-18 09:34:00,2014.95,2015.9,2011.35,2012.05,26
2024-05-18 09:35:00,2012.05,2015.0,2012.05,2015.0,101
2024-05-18 09:36:00,2016.0,2016.0,2012.0,2012.15,224
2024-05-18 09:37:00,2012.15,2016.0,2007.55,2009.95,837
2024-05-18 09:38:00,2009.95,2023.95,2007.5,2019.05,323
2024-05-18 09:39:00,2019.05,2030.0,2019.0,2030.0,580
2024-05-18 09:40:00,2031.0,2038.0,2030.0,2038.0,400
2024-05-18 09:41:00,2038.0,2038.0,2033.05,2038.0,154
2024-05-18 09:42:00,2038.0,2038.0,2022.5,2029.0,357
2024-05-18 09:43:00,2038.05,2042.0,2034.05,2034.05,368
2024-05-18 09:44:00,2034.05,2041.95,2034.05,2039.95,106
2024-05-18 09:45:00,2035.0,2045.0,2035.0,2045.0,517
2024-05-18 09:46:00,2045.0,2047.5,2044.2,2047.0,90
2024-05-18 09:47:00,2047.0,2049.05,2044.15,2049.0,255
2024-05-18 09:48:00,2049.0,2050.0,2044.7,2044.7,351
2024-05-18 09:49:00,2044.7,2048.85,2044.7,2045.05,14
2024-05-18 09:50:00,2045.05,2047.75,2044.05,2044.85,1214
2024-05-18 09:51:00,2044.85,2044.85,2016.85,2030.05,1068
2024-05-18 09:52:00,2030.05,2030.05,2000.05,2021.8,1304
2024-05-18 09:53:00,2021.8,2033.85,2021.8,2032.05,410
2024-05-18 09:54:00,2032.05,2034.65,2030.1,2030.1,97
2024-05-18 09:55:00,2030.1,2034.7,2030.1,2034.4,67
2024-05-18 09:56:00,2034.4,2034.5,2031.5,2034.5,140
2024-05-18 09:57:00,2034.5,2034.5,2031.75,2032.0,34
2024-05-18 09:58:00,2032.0,2035.0,2032.0,2033.0,43
2024-05-18 09:59:00,2033.0,2035.0,2031.0,2031.0,188
2024-05-18 11:30:00,2025.0,2025.0,2021.0,2025.0,90
2024-05-18 11:31:00,2025.0,2025.0,2022.0,2022.05,149
2024-05-18 11:32:00,2022.05,2035.0,2022.0,2032.05,687
2024-05-18 11:33:00,2037.0,2037.0,2036.0,2036.0,88
2024-05-18 11:34:00,2036.0,2036.0,2030.0,2030.0,54
2024-05-18 11:35:00,2030.0,2034.95,2030.0,2034.0,56
2024-05-18 11:36:00,2034.0,2035.05,2030.15,2030.15,181
2024-05-18 11:37:00,2030.15,2035.0,2030.15,2034.5,27
2024-05-18 11:38:00,2034.5,2034.5,2030.15,2030.15,33
2024-05-18 11:39:00,2030.15,2034.15,2030.15,2031.65,24
2024-05-18 11:40:00,2031.65,2034.15,2031.65,2034.0,38
2024-05-18 11:41:00,2034.0,2034.15,2030.15,2034.0,328
2024-05-18 11:42:00,2034.0,2035.0,2030.35,2035.0,113
2024-05-18 11:43:00,2035.0,2035.0,2032.05,2032.05,4
2024-05-18 11:44:00,2032.05,2035.0,2032.05,2032.15,7
2024-05-18 11:45:00,2032.15,2044.0,2032.0,2032.0,250
2024-05-18 11:46:00,2032.0,2035.0,2032.0,2032.05,22
2024-05-18 11:47:00,2032.05,2035.0,2032.05,2035.0,15
2024-05-18 11:48:00,2035.0,2035.0,2034.0,2035.0,50
2024-05-18 11:49:00,2035.0,2035.0,2032.15,2035.0,20
2024-05-18 11:50:00,2035.0,2035.0,2032.0,2035.0,112
2024-05-18 11:51:00,2037.5,2039.0,2033.25,2039.0,23
2024-05-18 11:52:00,2039.0,2039.85,2032.2,2039.85,266
2024-05-18 11:53:00,2033.05,2041.0,2033.05,2040.95,83
2024-05-18 11:54:00,2040.95,2050.0,2038.0,2038.15,1043
2024-05-18 11:55:00,2039.65,2045.0,2039.65,2044.95,169
2024-05-18 11:56:00,2044.0,2049.0,2043.95,2049.0,128
2024-05-18 11:57:00,2051.95,2055.9,2048.5,2048.5,496
2024-05-18 11:58:00,2048.5,2055.0,2048.5,2053.9,26
2024-05-18 11:59:00,2053.0,2053.0,2046.05,2048.7,42
2024-05-18 12:00:00,2048.7,2048.7,2045.05,2048.7,32
2024-05-18 12:01:00,2045.0,2048.7,2039.7,2039.8,180
2024-05-18 12:02:00,2039.8,2047.35,2039.8,2047.35,10
2024-05-18 12:03:00,2047.35,2047.35,2041.65,2041.65,1
2024-05-18 12:04:00,2041.65,2044.65,2041.0,2041.0,45
2024-05-18 12:05:00,2042.9,2042.9,2040.0,2041.9,57
2024-05-18 12:06:00,2039.75,2041.9,2039.75,2041.9,6
2024-05-18 12:07:00,2041.9,2041.9,2040.0,2040.0,46
2024-05-18 12:08:00,2040.0,2040.0,2038.0,2038.0,168
2024-05-18 12:09:00,2038.0,2038.85,2037.95,2038.85,14
2024-05-18 12:10:00,2038.85,2040.0,2038.85,2040.0,95
2024-05-18 12:11:00,2039.75,2040.0,2039.75,2039.95,17
2024-05-18 12:12:00,2037.05,2046.0,2037.05,2045.9,113
2024-05-18 12:13:00,2045.9,2045.9,2040.15,2040.15,12
2024-05-18 12:14:00,2040.15,2045.0,2040.15,2041.8,6
2024-05-18 12:15:00,2041.8,2045.15,2041.8,2045.15,7
2024-05-18 12:16:00,2045.15,2045.95,2043.25,2043.25,151
2024-05-18 12:17:00,2043.25,2043.25,2041.0,2043.0,30
2024-05-18 12:18:00,2043.0,2043.0,2041.0,2042.05,41
2024-05-18 12:19:00,2042.05,2042.8,2042.05,2042.8,38
2024-05-18 12:20:00,2042.8,2042.8,2042.8,2042.8,10
2024-05-18 12:21:00,2042.8,2042.8,2037.0,2039.95,149
2024-05-18 12:22:00,2040.0,2040.0,2039.8,2039.8,10
2024-05-18 12:23:00,2039.8,2040.0,2036.1,2036.1,52
2024-05-18 12:24:00,2036.1,2038.25,2035.0,2035.0,104
2024-05-18 12:25:00,2035.0,2035.0,2035.0,2035.0,3
2024-05-18 12:26:00,2039.9,2039.9,2036.9,2036.9,22
2024-05-18 12:27:00,2036.9,2036.9,2033.0,2033.0,346
2024-05-18 12:28:00,2033.0,2036.9,2033.0,2036.9,94
2024-05-18 12:29:00,2036.9,2039.9,2035.0,2039.0,56
2024-05-21 09:15:00,2031.0,2031.1,2024.9,2029.4,333
2024-05-21 09:16:00,2025.95,2029.15,2020.0,2020.0,78
2024-05-21 09:17:00,2020.0,2020.0,2014.0,2015.0,184
2024-05-21 09:18:00,2015.0,2018.75,2015.0,2017.2,194
2024-05-21 09:19:00,2017.25,2029.6,2017.25,2024.35,144
2024-05-21 09:20:00,2024.35,2027.85,2022.15,2022.15,71
2024-05-21 09:21:00,2022.15,2025.55,2021.5,2021.5,66
2024-05-21 09:22:00,2021.5,2024.9,2020.0,2020.0,91
2024-05-21 09:23:00,2018.25,2022.1,2018.0,2022.1,745
2024-05-21 09:24:00,2022.1,2022.15,2018.45,2019.35,139
2024-05-21 09:25:00,2019.35,2019.35,2015.05,2015.05,58
2024-05-21 09:26:00,2015.05,2018.9,2015.05,2017.85,100
2024-05-21 09:27:00,2017.85,2017.85,2015.1,2015.15,12
2024-05-21 09:28:00,2015.15,2017.7,2015.15,2017.7,12
2024-05-21 09:29:00,2017.7,2018.35,2015.15,2015.15,70
2024-05-21 09:30:00,2017.4,2017.45,2013.5,2016.4,223
2024-05-21 09:31:00,2016.4,2017.7,2015.0,2016.5,243
2024-05-21 09:32:00,2016.5,2017.4,2015.0,2016.05,42
2024-05-21 09:33:00,2016.05,2018.5,2015.5,2016.45,49
2024-05-21 09:34:00,2016.45,2018.85,2016.45,2018.5,8
2024-05-21 09:35:00,2018.5,2018.5,2015.05,2015.05,70
2024-05-21 09:36:00,2015.05,2016.6,2015.0,2016.45,33
2024-05-21 09:37:00,2016.45,2017.7,2015.0,2015.05,70
2024-05-21 09:38:00,2015.05,2015.05,2010.0,2011.8,324
2024-05-21 09:39:00,2011.8,2015.0,2011.8,2015.0,143
2024-05-21 09:40:00,2015.0,2015.0,2010.4,2010.4,26
2024-05-21 09:41:00,2012.5,2013.55,2004.1,2007.8,1077
2024-05-21 09:42:00,2007.8,2007.8,2003.15,2003.15,216
2024-05-21 09:43:00,2003.15,2006.6,2003.15,2006.0,16
2024-05-21 09:44:00,2006.65,2006.65,2003.3,2006.6,87
2024-05-21 09:45:00,2006.6,2006.85,2004.0,2004.0,60
2024-05-21 09:46:00,2004.0,2006.8,2003.0,2006.45,76
2024-05-21 09:47:00,2006.45,2006.45,2003.0,2005.8,30
2024-05-21 09:48:00,2005.8,2008.2,2005.15,2008.2,27
2024-05-21 09:49:00,2008.2,2008.2,2008.2,2008.2,8
2024-05-21 09:50:00,2008.2,2008.35,2006.0,2006.0,18
2024-05-21 09:51:00,2006.0,2007.25,2006.0,2006.0,11
2024-05-21 09:52:00,2006.0,2006.7,2003.0,2004.15,84
2024-05-21 09:53:00,2004.15,2006.65,2004.0,2006.65,153
2024-05-21 09:54:00,2006.65,2009.55,2006.65,2009.55,123
2024-05-21 09:55:00,2009.55,2009.55,2006.5,2008.75,45
2024-05-21 09:56:00,2008.75,2008.75,2008.35,2008.35,10
2024-05-21 09:57:00,2008.35,2009.4,2007.05,2007.05,17
2024-05-21 09:58:00,2007.05,2008.35,2006.05,2007.1,174
2024-05-21 09:59:00,2007.1,2007.1,2005.05,2006.7,105
2024-05-21 10:00:00,2006.7,2006.7,2006.7,2006.7,8
2024-05-21 10:01:00,2006.7,2006.7,2005.15,2005.15,31
2024-05-21 10:02:00,2005.15,2007.25,2005.15,2007.25,11
2024-05-21 10:03:00,2007.25,2008.35,2005.1,2005.1,33
2024-05-21 10:04:00,2005.1,2005.1,2005.1,2005.1,28
2024-05-21 10:05:00,2005.1,2007.5,2005.1,2007.3,26
2024-05-21 10:06:00,2007.3,2007.3,2005.0,2007.15,29
2024-05-21 10:07:00,2007.15,2008.35,2005.65,2006.0,62
2024-05-21 10:08:00,2006.0,2008.15,2006.0,2006.0,12
2024-05-21 10:09:00,2006.0,2008.2,2006.0,2006.05,31
2024-05-21 10:10:00,2006.05,2008.0,2006.05,2008.0,1
2024-05-21 10:11:00,2008.0,2008.0,2008.0,2008.0,2
2024-05-21 10:12:00,2008.0,2010.0,2008.0,2010.0,349
2024-05-21 10:13:00,2010.0,2013.0,2010.0,2010.3,83
2024-05-21 10:14:00,2010.3,2012.25,2010.0,2012.25,6
2024-05-21 10:15:00,2010.3,2011.0,2008.6,2008.6,53
2024-05-21 10:16:00,2008.6,2010.5,2008.05,2010.15,42
2024-05-21 10:17:00,2010.15,2010.5,2008.0,2008.05,133
2024-05-21 10:18:00,2008.05,2010.5,2008.05,2010.5,12
2024-05-21 10:19:00,2012.75,2013.15,2010.5,2012.5,25
2024-05-21 10:20:00,2012.5,2012.65,2012.5,2012.6,7
2024-05-21 10:21:00,2012.6,2012.6,2012.6,2012.6,0
2024-05-21 10:22:00,2012.6,2012.6,2008.05,2008.1,72
2024-05-21 10:23:00,2008.1,2012.3,2008.0,2012.3,170
2024-05-21 10:24:00,2012.3,2012.8,2012.3,2012.8,226
2024-05-21 10:25:00,2012.8,2012.8,2012.8,2012.8,0
2024-05-21 10:26:00,2012.8,2012.8,2010.0,2010.0,47
2024-05-21 10:27:00,2012.4,2012.4,2010.0,2010.0,21
2024-05-21 10:28:00,2010.0,2011.9,2009.85,2009.85,51
2024-05-21 10:29:00,2009.85,2009.85,2008.0,2008.0,152
2024-05-21 10:30:00,2008.0,2011.1,2008.0,2008.0,25
2024-05-21 10:31:00,2008.0,2011.65,2008.0,2011.65,100
2024-05-21 10:32:00,2011.65,2011.65,2010.05,2011.65,23
2024-05-21 10:33:00,2011.65,2011.65,2008.75,2008.75,71
2024-05-21 10:34:00,2008.75,2012.5,2008.75,2009.6,302
2024-05-21 10:35:00,2009.6,2009.6,2009.4,2009.4,11
2024-05-21 10:36:00,2009.4,2012.6,2009.4,2009.8,63
2024-05-21 10:37:00,2009.8,2012.2,2009.05,2011.55,23
2024-05-21 10:38:00,2011.55,2013.0,2011.0,2013.0,36
2024-05-21 10:39:00,2013.0,2013.0,2011.0,2012.35,27
2024-05-21 10:40:00,2009.9,2012.4,2009.9,2010.55,69
2024-05-21 10:41:00,2010.55,2012.6,2010.55,2010.6,10
2024-05-21 10:42:00,2010.6,2013.0,2010.55,2010.55,71
2024-05-21 10:43:00,2010.55,2011.9,2009.05,2011.9,42
2024-05-21 10:44:00,2011.9,2011.9,2009.0,2009.0,66
2024-05-21 10:45:00,2009.0,2009.05,2009.0,2009.05,1
2024-05-21 10:46:00,2009.05,2009.05,2009.05,2009.05,10
2024-05-21 10:47:00,2009.05,2009.05,2005.0,2005.0,745
2024-05-21 10:48:00,2005.0,2005.05,2005.0,2005.05,1
2024-05-21 10:49:00,2005.05,2006.65,2005.05,2006.65,13
2024-05-21 10:50:00,2006.65,2010.35,2006.65,2010.0,298
2024-05-21 10:51:00,2010.0,2010.35,2009.0,2010.35,116
2024-05-21 10:52:00,2010.35,2010.4,2009.0,2010.4,13
2024-05-21 10:53:00,2011.4,2011.4,2005.6,2009.55,418
2024-05-21 10:54:00,2009.55,2009.55,2006.9,2008.0,12
2024-05-21 10:55:00,2008.0,2008.0,2005.05,2007.15,103
2024-05-21 10:56:00,2007.15,2007.15,2005.0,2007.0,36
2024-05-21 10:57:00,2007.1,2008.25,2005.05,2005.05,30
2024-05-21 10:58:00,2005.05,2007.15,2005.0,2007.15,34
2024-05-21 10:59:00,2007.15,2007.15,2005.05,2005.05,12
2024-05-21 11:00:00,2005.05,2007.7,2005.05,2007.7,9
2024-05-21 11:01:00,2005.0,2008.35,2005.0,2008.35,72
2024-05-21 11:02:00,2008.35,2008.35,2005.0,2007.6,114
2024-05-21 11:03:00,2007.6,2007.6,2005.4,2005.4,16
2024-05-21 11:04:00,2005.4,2008.5,2005.1,2008.5,148
2024-05-21 11:05:00,2008.5,2008.5,2005.45,2007.75,17
2024-05-21 11:06:00,2007.75,2008.3,2005.0,2008.3,145
2024-05-21 11:07:00,2008.3,2008.3,2007.3,2007.3,4
2024-05-21 11:08:00,2007.3,2007.3,2004.5,2006.4,12
2024-05-21 11:09:00,2006.4,2006.4,2004.5,2006.15,18
2024-05-21 11:10:00,2006.15,2006.8,2005.5,2006.0,35
2024-05-21 11:11:00,2006.0,2006.8,2005.0,2005.0,14
2024-05-21 11:12:00,2005.0,2006.25,2004.55,2004.55,15
2024-05-21 11:13:00,2006.7,2006.7,2006.35,2006.35,16
2024-05-21 11:14:00,2006.35,2006.7,2004.6,2006.7,6
2024-05-21 11:15:00,2006.7,2007.7,2006.0,2006.0,25
2024-05-21 11:16:00,2006.0,2008.0,2006.0,2008.0,3
2024-05-21 11:17:00,2008.0,2008.0,2005.25,2005.25,9
2024-05-21 11:18:00,2005.25,2007.3,2004.65,2004.65,33
2024-05-21 11:19:00,2004.65,2005.5,2004.6,2005.5,13
2024-05-21 11:20:00,2005.5,2007.95,2005.25,2005.25,385
2024-05-21 11:21:00,2005.25,2007.1,2005.0,2005.0,21
2024-05-21 11:22:00,2007.1,2007.1,2005.1,2005.1,2
2024-05-21 11:23:00,2005.1,2005.1,2003.0,2003.0,758
2024-05-21 11:24:00,2003.0,2005.2,2003.0,2003.0,11
2024-05-21 11:25:00,2003.0,2005.0,2003.0,2005.0,2
2024-05-21 11:26:00,2003.0,2004.55,2002.1,2002.95,10
2024-05-21 11:27:00,2002.95,2004.6,2002.0,2004.6,46
2024-05-21 11:28:00,2004.6,2004.75,2004.6,2004.75,4
2024-05-21 11:29:00,2004.75,2004.8,2004.0,2004.0,19
2024-05-21 11:30:00,2004.0,2004.7,2003.0,2004.3,53
2024-05-21 11:31:00,2004.3,2004.35,2002.1,2002.1,7
2024-05-21 11:32:00,2002.1,2004.1,2002.0,2004.1,31
2024-05-21 11:33:00,2004.1,2004.1,2002.0,2002.0,5
2024-05-21 11:34:00,2002.0,2004.15,2002.0,2002.05,24
2024-05-21 11:35:00,2002.05,2002.05,2002.05,2002.05,8
2024-05-21 11:36:00,2002.05,2004.15,2002.05,2004.15,2
2024-05-21 11:37:00,2004.15,2004.2,2003.0,2004.2,23
2024-05-21 11:38:00,2004.2,2004.25,2004.0,2004.0,8
2024-05-21 11:39:00,2004.0,2004.0,2002.1,2002.1,203
2024-05-21 11:40:00,2002.1,2003.85,2002.1,2003.85,10
2024-05-21 11:41:00,2003.85,2003.85,1998.0,1999.0,793
2024-05-21 11:42:00,1999.0,1999.95,1999.0,1999.95,36
2024-05-21 11:43:00,1999.95,2000.0,1999.95,2000.0,46
2024-05-21 11:44:00,2000.0,2001.15,2000.0,2001.05,16
2024-05-21 11:45:00,2001.05,2001.05,1998.95,1998.95,30
2024-05-21 11:46:00,1998.95,2001.0,1998.05,2000.2,56
2024-05-21 11:47:00,2000.2,2000.2,1998.1,2000.0,97
2024-05-21 11:48:00,1998.15,2000.0,1998.15,2000.0,13
2024-05-21 11:49:00,2000.0,2000.0,1998.95,2000.0,45
2024-05-21 11:50:00,2000.0,2000.0,1998.15,1998.95,26
2024-05-21 11:51:00,1998.95,1998.95,1998.0,1998.0,66
2024-05-21 11:52:00,1998.0,1998.9,1996.0,1997.6,308
2024-05-21 11:53:00,1997.6,1997.75,1997.6,1997.75,11
2024-05-21 11:54:00,1997.75,2000.0,1997.75,2000.0,47
2024-05-21 11:55:00,2000.0,2000.6,2000.0,2000.6,25
2024-05-21 11:56:00,2000.6,2000.6,1997.75,2000.05,43
2024-05-21 11:57:00,1997.75,1999.85,1997.1,1999.7,72
2024-05-21 11:58:00,1999.7,1999.7,1997.75,1999.5,3
2024-05-21 11:59:00,1999.5,1999.5,1996.0,1996.0,184
2024-05-21 12:00:00,1996.0,1999.15,1996.0,1999.15,27
2024-05-21 12:01:00,1999.15,1999.15,1996.05,1996.05,5
2024-05-21 12:02:00,1996.05,1998.0,1996.0,1997.75,170
2024-05-21 12:03:00,1997.75,1997.95,1996.0,1997.95,28
2024-05-21 12:04:00,1997.95,1998.0,1996.4,1997.95,61
2024-05-21 12:05:00,1997.95,1998.45,1997.95,1998.45,46
2024-05-21 12:06:00,1996.45,1998.35,1996.45,1998.35,227
2024-05-21 12:07:00,1996.65,1998.5,1996.65,1998.5,29
2024-05-21 12:08:00,1998.5,2000.05,1997.25,2000.05,56
2024-05-21 12:09:00,2000.05,2000.05,1997.45,1997.45,5
2024-05-21 12:10:00,1997.45,2000.95,1997.45,2000.95,46
2024-05-21 12:11:00,2000.95,2000.95,1998.35,1998.35,45
2024-05-21 12:12:00,1999.55,1999.65,1999.55,1999.65,7
2024-05-21 12:13:00,1999.65,2000.9,1999.65,2000.9,32
2024-05-21 12:14:00,2000.9,2000.9,1998.2,1999.9,112
2024-05-21 12:15:00,2000.0,2000.35,1999.0,1999.0,82
2024-05-21 12:16:00,1999.0,2000.8,1998.45,1998.6,26
2024-05-21 12:17:00,1998.6,2000.6,1998.6,2000.6,16
2024-05-21 12:18:00,1998.6,2000.25,1998.3,2000.25,59
2024-05-21 12:19:00,2000.25,2000.35,1998.3,1999.9,37
2024-05-21 12:20:00,1999.9,1999.9,1999.9,1999.9,1
2024-05-21 12:21:00,1999.9,1999.9,1998.3,1999.6,9
2024-05-21 12:22:00,1999.6,1999.7,1998.3,1998.3,22
2024-05-21 12:23:00,1998.3,1998.3,1998.3,1998.3,1
2024-05-21 12:24:00,1999.7,1999.7,1999.7,1999.7,24
2024-05-21 12:25:00,1999.7,1999.7,1998.3,1998.3,64
2024-05-21 12:26:00,1998.3,1999.0,1998.3,1999.0,20
2024-05-21 12:27:00,1998.0,1998.0,1998.0,1998.0,254
2024-05-21 12:28:00,1998.0,1998.0,1997.5,1997.5,11
2024-05-21 12:29:00,1997.5,1998.0,1997.0,1998.0,43
2024-05-21 12:30:00,1998.0,1998.0,1998.0,1998.0,52
2024-05-21 12:31:00,1998.0,1998.0,1996.5,1998.0,191
2024-05-21 12:32:00,1998.0,1998.0,1996.4,1996.4,23
2024-05-21 12:33:00,1996.4,1998.0,1996.35,1998.0,33
2024-05-21 12:34:00,1998.0,1998.0,1996.55,1998.0,12
2024-05-21 12:35:00,1998.0,1998.65,1996.55,1998.45,54
2024-05-21 12:36:00,1998.45,1999.0,1996.05,1996.05,119
2024-05-21 12:37:00,1996.05,1998.6,1996.05,1997.15,55
2024-05-21 12:38:00,1997.15,1998.65,1996.45,1998.65,22
2024-05-21 12:39:00,1998.7,1999.0,1997.2,1997.2,26
2024-05-21 12:40:00,1997.2,1998.95,1997.15,1998.95,21
2024-05-21 12:41:00,1998.95,1998.95,1996.9,1998.1,53
2024-05-21 12:42:00,1998.1,1998.1,1997.75,1997.75,12
2024-05-21 12:43:00,1997.75,1998.0,1997.75,1998.0,4
2024-05-21 12:44:00,1998.0,1998.9,1997.1,1998.45,39
2024-05-21 12:45:00,1998.45,1998.45,1997.1,1998.4,23
2024-05-21 12:46:00,1998.4,1998.4,1998.4,1998.4,41
2024-05-21 12:47:00,1998.4,1999.0,1998.0,1999.0,107
2024-05-21 12:48:00,1999.0,1999.0,1998.0,1998.0,6
2024-05-21 12:49:00,1998.0,1999.0,1998.0,1999.0,2
2024-05-21 12:50:00,1999.0,1999.0,1999.0,1999.0,1
2024-05-21 12:51:00,1999.0,1999.0,1998.1,1998.1,5
2024-05-21 12:52:00,1998.1,1999.9,1998.1,1999.9,88
2024-05-21 12:53:00,1999.9,1999.9,1999.9,1999.9,3
2024-05-21 12:54:00,1999.9,1999.9,1998.1,1999.15,114
2024-05-21 12:55:00,1999.15,1999.9,1998.0,1999.9,160
2024-05-21 12:56:00,1999.9,2000.0,1998.1,2000.0,15
2024-05-21 12:57:00,2000.0,2000.0,1998.15,1998.15,17
2024-05-21 12:58:00,1998.15,1999.85,1998.15,1998.15,42
2024-05-21 12:59:00,1998.15,1999.0,1998.15,1999.0,6
2024-05-21 13:00:00,1999.0,2001.35,1999.0,1999.7,216
2024-05-21 13:01:00,1999.7,2002.1,1999.7,2002.1,22
2024-05-21 13:02:00,2002.1,2002.8,2000.65,2000.65,68
2024-05-21 13:03:00,2000.65,2002.4,2000.55,2001.35,33
2024-05-21 13:04:00,2001.35,2001.35,2001.0,2001.0,1
2024-05-21 13:05:00,2001.0,2001.0,2000.5,2000.5,12
2024-05-21 13:06:00,2000.5,2000.5,2000.5,2000.5,0
2024-05-21 13:07:00,2000.5,2001.9,2000.5,2001.05,37
2024-05-21 13:08:00,2001.9,2002.8,2001.05,2001.05,29
2024-05-21 13:09:00,2001.05,2002.8,2001.05,2002.8,11
2024-05-21 13:10:00,2002.8,2002.8,1999.7,1999.7,215
2024-05-21 13:11:00,1999.7,2001.25,1998.45,1998.45,90
2024-05-21 13:12:00,1998.45,1999.7,1997.8,1997.8,79
2024-05-21 13:13:00,1997.8,1999.2,1997.3,1997.3,25
2024-05-21 13:14:00,1997.3,1999.05,1997.1,1997.15,19
2024-05-21 13:15:00,1997.15,1999.2,1997.15,1999.2,2
2024-05-21 13:16:00,1999.2,2001.7,1999.2,2001.7,65
2024-05-21 13:17:00,2001.7,2001.7,1999.75,2000.4,59
2024-05-21 13:18:00,2000.4,2001.15,2000.4,2001.15,64
2024-05-21 13:19:00,2001.15,2001.25,2001.15,2001.25,9
2024-05-21 13:20:00,2001.25,2001.5,2000.0,2000.0,6
2024-05-21 13:21:00,2000.0,2003.95,2000.0,2001.25,211
2024-05-21 13:22:00,2003.95,2003.95,2001.2,2003.25,67
2024-05-21 13:23:00,2003.25,2003.95,2001.1,2001.1,104
2024-05-21 13:24:00,2001.1,2002.25,2000.9,2002.25,17
2024-05-21 13:25:00,2002.25,2002.5,2002.25,2002.5,14
2024-05-21 13:26:00,2002.5,2002.5,2002.0,2002.0,45
2024-05-21 13:27:00,2002.0,2002.0,2000.2,2000.2,11
2024-05-21 13:28:00,2000.2,2000.2,2000.2,2000.2,5
2024-05-21 13:29:00,2002.0,2002.0,2000.0,2001.8,22
2024-05-21 13:30:00,2001.8,2001.85,2001.8,2001.85,3
2024-05-21 13:31:00,2001.85,2001.85,2001.7,2001.7,19
2024-05-21 13:32:00,2001.7,2001.95,2000.2,2001.9,12
2024-05-21 13:33:00,2001.9,2001.9,2000.05,2000.05,31
2024-05-21 13:34:00,2000.05,2000.9,1999.1,2000.0,251
2024-05-21 13:35:00,2000.0,2000.0,2000.0,2000.0,6
2024-05-21 13:36:00,2000.0,2000.0,1999.0,1999.0,5
2024-05-21 13:37:00,1998.3,1999.8,1998.0,1999.8,59
2024-05-21 13:38:00,1999.8,2002.0,1998.45,2002.0,127
2024-05-21 13:39:00,2002.0,2002.55,1999.95,2002.55,42
2024-05-21 13:40:00,2001.9,2004.0,2001.75,2001.75,96
2024-05-21 13:41:00,2001.75,2003.15,2001.75,2003.15,40
2024-05-21 13:42:00,2003.15,2003.15,2003.15,2003.15,0
2024-05-21 13:43:00,2003.15,2003.15,2002.55,2002.55,0
2024-05-21 13:44:00,2002.55,2002.55,2001.0,2001.0,107
2024-05-21 13:45:00,2001.0,2002.0,1999.9,1999.9,18
2024-05-21 13:46:00,1999.9,2001.25,1998.0,1998.0,69
2024-05-21 13:47:00,1998.0,1998.0,1997.2,1997.2,35
2024-05-21 13:48:00,1997.2,1997.6,1997.2,1997.6,1
2024-05-21 13:49:00,1997.6,1997.6,1997.6,1997.6,15
2024-05-21 13:50:00,1997.6,1997.6,1997.15,1997.15,100
2024-05-21 13:51:00,1997.15,1998.8,1997.15,1998.0,64
2024-05-21 13:52:00,1998.0,1999.85,1997.55,1999.85,54
2024-05-21 13:53:00,1999.85,1999.85,1999.85,1999.85,0
2024-05-21 13:54:00,1999.85,1999.9,1999.0,1999.9,18
2024-05-21 13:55:00,1999.9,2000.4,1999.9,2000.0,5
2024-05-21 13:56:00,2000.0,2002.55,1999.05,2002.55,35
2024-05-21 13:57:00,2002.55,2002.55,2002.0,2002.0,101
2024-05-21 13:58:00,2002.0,2002.0,2000.0,2000.0,13
2024-05-21 13:59:00,2000.0,2000.7,2000.0,2000.7,4
2024-05-21 14:00:00,2000.7,2000.7,1998.45,2000.55,91
2024-05-21 14:01:00,2000.55,2000.55,2000.0,2000.0,3
2024-05-21 14:02:00,2000.0,2000.0,1998.45,1998.45,1
2024-05-21 14:03:00,1998.45,1998.5,1998.45,1998.45,11
2024-05-21 14:04:00,1998.45,1999.0,1998.45,1998.45,23
2024-05-21 14:05:00,1998.45,1999.95,1998.0,1998.0,15
2024-05-21 14:06:00,1998.0,1998.75,1998.0,1998.0,21
2024-05-21 14:07:00,1998.0,2000.9,1998.0,2000.9,109
2024-05-21 14:08:00,2000.9,2000.95,1998.95,1999.1,22
2024-05-21 14:09:00,1999.1,2000.75,1998.6,1999.05,27
2024-05-21 14:10:00,1999.05,2001.55,1998.5,1998.5,141
2024-05-21 14:11:00,1998.0,1999.0,1998.0,1999.0,28
2024-05-21 14:12:00,1999.0,2000.0,1998.0,1998.0,56
2024-05-21 14:13:00,1998.0,2000.0,1998.0,1998.0,21
2024-05-21 14:14:00,1998.0,1999.95,1998.0,1998.0,9
2024-05-21 14:15:00,1998.0,2000.0,1998.0,1998.0,24
2024-05-21 14:16:00,1998.0,1999.75,1998.0,1999.75,80
2024-05-21 14:17:00,1999.75,1999.75,1998.05,1999.0,6
2024-05-21 14:18:00,1999.0,1999.85,1999.0,1999.0,10
2024-05-21 14:19:00,1999.0,2000.0,1999.0,1999.05,15
2024-05-21 14:20:00,1999.05,1999.05,1999.0,1999.0,41
2024-05-21 14:21:00,1999.0,2000.0,1999.0,1999.0,17
2024-05-21 14:22:00,1999.0,1999.85,1998.5,1999.0,165
2024-05-21 14:23:00,1999.0,1999.0,1999.0,1999.0,15
2024-05-21 14:24:00,1999.0,2000.0,1999.0,1999.05,14
2024-05-21 14:25:00,1999.05,2000.0,1999.0,1999.05,8
2024-05-21 14:26:00,1999.05,2000.0,1999.05,1999.05,37
2024-05-21 14:27:00,1999.05,1999.05,1998.65,1998.65,99
2024-05-21 14:28:00,1998.65,1998.95,1996.0,1997.2,696
2024-05-21 14:29:00,1997.15,1998.65,1996.5,1996.7,33
2024-05-21 14:30:00,1998.0,1998.55,1996.35,1996.7,75
2024-05-21 14:31:00,1996.7,1998.35,1996.0,1996.05,112
2024-05-21 14:32:00,1998.3,1998.3,1996.15,1996.25,8
2024-05-21 14:33:00,1997.95,1997.95,1996.25,1996.35,32
2024-05-21 14:34:00,1996.35,1998.9,1996.35,1996.65,238
2024-05-21 14:35:00,1997.15,1997.15,1997.15,1997.15,6
2024-05-21 14:36:00,1997.15,1998.85,1997.15,1997.4,41
2024-05-21 14:37:00,1997.4,1998.8,1997.2,1997.25,28
2024-05-21 14:38:00,1997.25,1998.75,1997.25,1997.3,15
2024-05-21 14:39:00,1997.0,1998.5,1996.4,1997.35,277
2024-05-21 14:40:00,1997.35,1998.9,1997.05,1997.05,35
2024-05-21 14:41:00,1997.05,1998.55,1997.05,1997.25,28
2024-05-21 14:42:00,1997.25,1997.25,1997.25,1997.25,65
2024-05-21 14:43:00,1997.25,1998.5,1997.25,1997.3,16
2024-05-21 14:44:00,1997.3,1999.0,1997.3,1997.55,40
2024-05-21 14:45:00,1997.55,1998.95,1996.0,1998.35,330
2024-05-21 14:46:00,1996.4,1998.35,1996.3,1998.3,14
2024-05-21 14:47:00,1998.3,1998.3,1996.4,1996.4,8
2024-05-21 14:48:00,1996.4,1998.3,1996.4,1998.25,15
2024-05-21 14:49:00,1998.25,1998.9,1995.85,1996.45,479
2024-05-21 14:50:00,1998.6,1998.7,1996.55,1998.7,13
2024-05-21 14:51:00,1998.7,1998.7,1997.05,1998.7,26
2024-05-21 14:52:00,1998.7,1998.7,1997.05,1997.05,22
2024-05-21 14:53:00,1997.05,1997.85,1996.55,1997.8,1113
2024-05-21 14:54:00,1997.8,1997.8,1996.55,1997.2,157
2024-05-21 14:55:00,1997.2,1998.95,1997.2,1997.25,10
2024-05-21 14:56:00,1997.25,1997.25,1995.0,1997.2,327
2024-05-21 14:57:00,1997.2,1997.25,1995.35,1996.1,86
2024-05-21 14:58:00,1996.1,1997.1,1995.15,1996.95,41
2024-05-21 14:59:00,1996.95,1996.95,1995.2,1996.6,81
2024-05-21 15:00:00,1996.5,1996.95,1995.15,1996.6,143
2024-05-21 15:01:00,1996.6,1999.9,1995.0,1998.0,358
2024-05-21 15:02:00,1998.0,1998.6,1995.15,1995.15,69
2024-05-21 15:03:00,1997.2,1997.2,1995.0,1995.0,33
2024-05-21 15:04:00,1995.0,1998.0,1995.0,1998.0,194
2024-05-21 15:05:00,1996.85,1997.4,1995.3,1997.0,31
2024-05-21 15:06:00,1996.95,1997.0,1995.05,1995.05,116
2024-05-21 15:07:00,1996.9,1996.95,1995.4,1996.8,30
2024-05-21 15:08:00,1996.8,1996.8,1995.1,1996.55,87
2024-05-21 15:09:00,1996.6,1999.8,1995.1,1998.5,487
2024-05-21 15:10:00,2004.0,2004.0,1994.3,1994.95,1381
2024-05-21 15:11:00,1994.95,1994.95,1994.15,1994.25,54
2024-05-21 15:12:00,1994.95,1994.95,1993.05,1994.85,231
2024-05-21 15:13:00,1994.85,1994.85,1992.0,1993.5,632
2024-05-21 15:14:00,1993.5,1993.85,1992.1,1992.35,148
2024-05-21 15:15:00,1992.55,1996.7,1992.55,1996.6,136
2024-05-21 15:16:00,1996.6,1996.6,1994.65,1994.65,45
2024-05-21 15:17:00,1994.65,1996.35,1994.65,1995.35,173
2024-05-21 15:18:00,1995.35,1995.35,1994.35,1995.15,47
2024-05-21 15:19:00,1995.0,1995.1,1994.35,1995.0,105
2024-05-21 15:20:00,1995.0,1995.05,1993.0,1993.05,164
2024-05-21 15:21:00,1993.7,1996.25,1992.75,1996.1,295
2024-05-21 15:22:00,1996.25,1996.25,1996.0,1996.05,122
2024-05-21 15:23:00,1996.05,1996.2,1992.0,1993.05,349
2024-05-21 15:24:00,1993.05,1995.05,1993.0,1994.8,108
2024-05-21 15:25:00,1994.8,1994.8,1993.05,1993.6,68
2024-05-21 15:26:00,1993.3,1995.05,1993.3,1995.05,127
2024-05-21 15:27:00,1995.05,1996.35,1995.0,1996.35,51
2024-05-21 15:28:00,1995.1,1996.35,1995.0,1995.1,134
2024-05-21 15:29:00,1995.1,1998.95,1995.1,1998.0,251
2024-05-22 09:15:00,1995.65,2005.0,1995.6,1997.1,619
2024-05-22 09:16:00,1998.6,2006.95,1995.0,2006.95,479
2024-05-22 09:17:00,2007.9,2007.9,2005.0,2005.55,129
2024-05-22 09:18:00,2005.0,2008.65,2001.75,2001.75,200
2024-05-22 09:19:00,2005.0,2005.55,2004.0,2005.55,87
2024-05-22 09:20:00,2003.0,2003.0,1999.45,2002.7,392
2024-05-22 09:21:00,2002.7,2004.75,2001.0,2001.1,264
2024-05-22 09:22:00,2001.2,2004.9,2001.2,2003.0,305
2024-05-22 09:23:00,2003.0,2003.0,2000.7,2000.7,3
2024-05-22 09:24:00,2000.7,2002.8,1997.55,2001.0,1103
2024-05-22 09:25:00,2001.0,2001.0,1995.45,1997.9,194
2024-05-22 09:26:00,1997.9,1998.55,1995.0,1995.0,185
2024-05-22 09:27:00,1995.0,1997.95,1994.9,1997.95,42
2024-05-22 09:28:00,1997.95,1998.25,1995.6,1997.95,43
2024-05-22 09:29:00,1997.95,2001.65,1995.6,1999.4,72
2024-05-22 09:30:00,1999.4,2001.5,1997.05,1998.05,494
2024-05-22 09:31:00,1998.1,1998.25,1997.0,1997.0,120
2024-05-22 09:32:00,1997.0,1997.0,1995.1,1997.0,16
2024-05-22 09:33:00,1997.0,1997.55,1997.0,1997.55,66
2024-05-22 09:34:00,1995.35,1998.0,1995.35,1997.95,60
2024-05-22 09:35:00,1997.95,1997.95,1987.3,1989.3,974
2024-05-22 09:36:00,1989.55,1989.8,1986.7,1989.2,36
2024-05-22 09:37:00,1989.8,1993.3,1989.8,1993.3,247
2024-05-22 09:38:00,1993.3,1993.3,1991.55,1992.65,32
2024-05-22 09:39:00,1992.65,1993.3,1992.65,1992.9,34
2024-05-22 09:40:00,1992.9,1994.1,1987.0,1989.6,265
2024-05-22 09:41:00,1989.0,1989.0,1985.0,1985.0,285
2024-05-22 09:42:00,1985.0,1987.35,1985.0,1987.35,42
2024-05-22 09:43:00,1987.35,1987.35,1982.0,1982.0,222
2024-05-22 09:44:00,1982.0,1983.9,1981.9,1983.9,44
2024-05-22 09:45:00,1983.9,1983.9,1979.0,1981.2,420
2024-05-22 09:46:00,1981.2,1982.25,1981.2,1982.2,19
2024-05-22 09:47:00,1981.2,1981.85,1980.0,1981.0,132
2024-05-22 09:48:00,1982.2,1984.1,1980.15,1983.0,65
2024-05-22 09:49:00,1983.0,1984.6,1982.45,1982.45,7
2024-05-22 09:50:00,1982.4,1985.25,1982.0,1982.55,55
2024-05-22 09:51:00,1985.0,1985.95,1983.1,1985.2,107
2024-05-22 09:52:00,1985.2,1986.2,1985.1,1986.15,68
2024-05-22 09:53:00,1986.15,1990.0,1986.15,1989.35,335
2024-05-22 09:54:00,1989.45,1990.0,1987.35,1990.0,46
2024-05-22 09:55:00,1990.0,1990.55,1990.0,1990.55,8
2024-05-22 09:56:00,1990.55,1997.85,1990.55,1997.85,122
2024-05-22 09:57:00,1997.85,1997.85,1995.1,1995.1,3
2024-05-22 09:58:00,1995.1,1996.2,1995.1,1995.1,16
2024-05-22 09:59:00,1995.1,1995.2,1992.25,1994.45,26
2024-05-22 10:00:00,1994.45,1994.45,1990.55,1991.45,60
2024-05-22 10:01:00,1991.45,1993.95,1991.45,1993.95,71
2024-05-22 10:02:00,1993.95,1994.0,1991.45,1991.45,41
2024-05-22 10:03:00,1991.45,1995.9,1991.45,1995.5,101
2024-05-22 10:04:00,1995.5,1995.5,1992.1,1992.1,56
2024-05-22 10:05:00,1992.1,1993.9,1991.3,1993.8,24
2024-05-22 10:06:00,1993.55,1993.55,1993.55,1993.55,2
2024-05-22 10:07:00,1993.55,1993.55,1989.05,1990.25,104
2024-05-22 10:08:00,1990.25,1991.7,1989.0,1991.65,51
2024-05-22 10:09:00,1991.65,1992.25,1991.65,1992.25,8
2024-05-22 10:10:00,1992.25,1992.75,1992.25,1992.75,6
2024-05-22 10:11:00,1992.75,1993.35,1991.05,1991.05,17
2024-05-22 10:12:00,1991.05,1993.5,1990.35,1992.9,36
2024-05-22 10:13:00,1993.55,1993.55,1991.2,1991.2,9
2024-05-22 10:14:00,1991.2,1993.4,1991.2,1993.35,7
2024-05-22 10:15:00,1993.35,1993.35,1993.35,1993.35,0
2024-05-22 10:16:00,1993.35,1994.95,1992.0,1994.95,75
2024-05-22 10:17:00,1994.95,1994.95,1993.85,1993.85,164
2024-05-22 10:18:00,1993.85,1995.65,1993.25,1993.25,14
2024-05-22 10:19:00,1993.25,1995.0,1993.25,1995.0,2
2024-05-22 10:20:00,1995.0,1995.85,1995.0,1995.85,19
2024-05-22 10:21:00,1995.85,1995.85,1995.2,1995.2,3
2024-05-22 10:22:00,1995.2,1995.2,1989.0,1990.05,633
2024-05-22 10:23:00,1988.15,1989.9,1988.1,1988.1,19
2024-05-22 10:24:00,1988.05,1989.45,1988.05,1989.3,23
2024-05-22 10:25:00,1989.3,1990.7,1989.3,1990.7,76
2024-05-22 10:26:00,1990.7,1991.9,1990.7,1991.9,3
2024-05-22 10:27:00,1991.9,1992.9,1991.3,1991.3,11
2024-05-22 10:28:00,1991.3,1995.1,1991.3,1992.05,171
2024-05-22 10:29:00,1994.35,1994.35,1989.0,1989.0,70
2024-05-22 10:30:00,1989.0,1990.0,1989.0,1990.0,2
2024-05-22 10:31:00,1990.0,1991.95,1985.1,1988.3,363
2024-05-22 10:32:00,1988.3,1989.0,1988.3,1989.0,16
2024-05-22 10:33:00,1989.0,1989.0,1986.3,1988.6,48
2024-05-22 10:34:00,1988.6,1990.0,1988.6,1990.0,4
2024-05-22 10:35:00,1990.0,1990.3,1990.0,1990.3,10
2024-05-22 10:36:00,1990.3,1991.1,1988.15,1989.05,29
2024-05-22 10:37:00,1989.05,1989.1,1986.2,1986.2,32
2024-05-22 10:38:00,1986.2,1988.55,1986.2,1988.55,12
2024-05-22 10:39:00,1988.55,1989.5,1988.55,1989.5,26
2024-05-22 10:40:00,1989.5,1989.5,1989.5,1989.5,1
2024-05-22 10:41:00,1989.5,1989.95,1988.1,1989.5,16
2024-05-22 10:42:00,1989.5,1989.5,1988.1,1989.5,7
2024-05-22 10:43:00,1989.5,1989.5,1988.1,1988.1,2
2024-05-22 10:44:00,1988.1,1989.5,1988.05,1989.5,17
2024-05-22 10:45:00,1989.75,1990.1,1987.9,1987.9,47
2024-05-22 10:46:00,1987.9,1989.2,1987.65,1987.65,12
2024-05-22 10:47:00,1987.65,1988.95,1987.65,1988.95,20
2024-05-22 10:48:00,1988.95,1988.95,1985.0,1985.0,128
2024-05-22 10:49:00,1985.0,1986.45,1984.9,1986.45,7
2024-05-22 10:50:00,1986.45,1988.65,1986.45,1988.65,19
2024-05-22 10:51:00,1988.65,1988.65,1988.0,1988.0,4
2024-05-22 10:52:00,1988.0,1988.85,1986.2,1988.85,60
2024-05-22 10:53:00,1988.85,1988.85,1985.7,1988.8,39
2024-05-22 10:54:00,1988.8,1988.8,1984.45,1984.45,122
2024-05-22 10:55:00,1984.45,1986.0,1983.9,1986.0,51
2024-05-22 10:56:00,1986.0,1986.0,1984.25,1984.25,30
2024-05-22 10:57:00,1984.25,1985.4,1984.0,1985.4,188
2024-05-22 10:58:00,1985.4,1985.4,1984.0,1984.9,4
2024-05-22 10:59:00,1984.9,1984.95,1984.0,1984.95,62
2024-05-22 11:00:00,1984.95,1985.5,1984.0,1985.5,105
2024-05-22 11:01:00,1985.5,1986.0,1985.5,1986.0,10
2024-05-22 11:02:00,1986.0,1986.0,1986.0,1986.0,1
2024-05-22 11:03:00,1986.0,1987.15,1985.5,1987.05,12
2024-05-22 11:04:00,1986.5,1987.35,1985.0,1987.0,32
2024-05-22 11:05:00,1987.0,1987.0,1985.05,1986.95,2
2024-05-22 11:06:00,1986.95,1987.55,1985.8,1987.55,40
2024-05-22 11:07:00,1987.55,1987.55,1987.55,1987.55,1
2024-05-22 11:08:00,1987.55,1989.85,1987.55,1988.75,106
2024-05-22 11:09:00,1988.75,1988.75,1987.0,1987.0,14
2024-05-22 11:10:00,1987.0,1987.0,1987.0,1987.0,2
2024-05-22 11:11:00,1987.0,1987.0,1986.9,1986.9,1
2024-05-22 11:12:00,1986.9,1986.9,1984.95,1984.95,151
2024-05-22 11:13:00,1984.95,1986.75,1984.95,1986.75,4
2024-05-22 11:14:00,1986.75,1987.3,1985.0,1987.3,78
2024-05-22 11:15:00,1987.3,1987.35,1987.3,1987.35,3
2024-05-22 11:16:00,1987.35,1987.75,1987.35,1987.75,3
2024-05-22 11:17:00,1987.75,1987.75,1985.05,1985.05,5
2024-05-22 11:18:00,1985.05,1987.1,1985.05,1987.1,111
2024-05-22 11:19:00,1987.0,1987.15,1982.35,1983.25,604
2024-05-22 11:20:00,1985.15,1985.15,1985.05,1985.05,6
2024-05-22 11:21:00,1985.05,1985.05,1985.05,1985.05,0
2024-05-22 11:22:00,1985.05,1985.05,1985.05,1985.05,10
2024-05-22 11:23:00,1985.05,1987.15,1985.05,1987.1,11
2024-05-22 11:24:00,1987.1,1987.1,1983.05,1984.9,58
2024-05-22 11:25:00,1981.1,1983.9,1981.1,1982.5,202
2024-05-22 11:26:00,1982.5,1984.05,1982.0,1984.05,76
2024-05-22 11:27:00,1984.5,1985.0,1982.65,1985.0,31
2024-05-22 11:28:00,1985.0,1985.0,1982.35,1983.95,8
2024-05-22 11:29:00,1983.95,1984.0,1983.95,1984.0,135
2024-05-22 11:30:00,1984.0,1985.5,1983.95,1985.45,27
2024-05-22 11:31:00,1985.45,1986.4,1983.95,1986.4,4
2024-05-22 11:32:00,1986.4,1986.4,1986.4,1986.4,1
2024-05-22 11:33:00,1986.4,1986.4,1983.95,1984.1,28
2024-05-22 11:34:00,1984.1,1984.1,1984.1,1984.1,0
2024-05-22 11:35:00,1984.1,1985.0,1983.95,1985.0,16
2024-05-22 11:36:00,1985.0,1985.0,1984.5,1984.5,2
2024-05-22 11:37:00,1984.5,1984.5,1983.95,1983.95,147
2024-05-22 11:38:00,1983.95,1984.45,1983.95,1984.45,33
2024-05-22 11:39:00,1984.45,1984.45,1984.3,1984.3,1
2024-05-22 11:40:00,1984.3,1984.95,1984.3,1984.95,2
2024-05-22 11:41:00,1984.95,1984.95,1984.9,1984.9,1
2024-05-22 11:42:00,1984.9,1984.9,1984.45,1984.9,6
2024-05-22 11:43:00,1984.9,1984.9,1984.9,1984.9,30
2024-05-22 11:44:00,1984.9,1984.9,1984.9,1984.9,18
2024-05-22 11:45:00,1984.9,1984.9,1982.75,1984.55,45
2024-05-22 11:46:00,1984.55,1986.7,1984.55,1986.7,116
2024-05-22 11:47:00,1986.7,1986.7,1983.2,1985.35,77
2024-05-22 11:48:00,1985.35,1985.35,1984.95,1985.3,7
2024-05-22 11:49:00,1985.3,1985.3,1983.2,1984.75,16
2024-05-22 11:50:00,1984.75,1985.2,1984.75,1985.2,9
2024-05-22 11:51:00,1985.2,1985.35,1985.2,1985.35,23
2024-05-22 11:52:00,1985.35,1987.5,1985.35,1985.35,130
2024-05-22 11:53:00,1985.35,1985.35,1985.35,1985.35,2
2024-05-22 11:54:00,1985.35,1985.35,1983.25,1985.3,23
2024-05-22 11:55:00,1985.3,1985.35,1985.3,1985.35,2
2024-05-22 11:56:00,1985.35,1988.1,1985.35,1988.1,141
2024-05-22 11:57:00,1988.1,1988.1,1986.2,1987.05,5
2024-05-22 11:58:00,1987.05,1987.9,1986.15,1987.9,6
2024-05-22 11:59:00,1987.9,1987.9,1986.5,1986.5,3
2024-05-22 12:00:00,1986.5,1987.0,1986.2,1987.0,12
2024-05-22 12:01:00,1987.0,1987.2,1986.2,1987.2,6
2024-05-22 12:02:00,1987.2,1987.2,1987.2,1987.2,4
2024-05-22 12:03:00,1987.2,1988.0,1987.0,1988.0,26
2024-05-22 12:04:00,1988.0,1992.85,1988.0,1992.85,655
2024-05-22 12:05:00,1993.85,1993.85,1990.05,1990.05,168
2024-05-22 12:06:00,1990.05,1992.65,1990.0,1992.65,20
2024-05-22 12:07:00,1992.65,1992.65,1990.7,1990.7,6
2024-05-22 12:08:00,1990.7,1990.7,1990.65,1990.65,1
2024-05-22 12:09:00,1990.65,1990.65,1988.05,1990.05,66
2024-05-22 12:10:00,1990.05,1990.25,1989.05,1990.25,72
2024-05-22 12:11:00,1990.25,1990.25,1990.0,1990.15,7
2024-05-22 12:12:00,1990.15,1990.15,1989.05,1989.05,4
2024-05-22 12:13:00,1989.05,1995.0,1989.05,1994.05,401
2024-05-22 12:14:00,1994.05,1994.05,1991.3,1991.3,111
2024-05-22 12:15:00,1991.3,1992.6,1990.05,1990.05,36
2024-05-22 12:16:00,1992.15,1992.15,1987.2,1988.0,109
2024-05-22 12:17:00,1988.0,1990.0,1988.0,1988.0,84
2024-05-22 12:18:00,1988.0,1989.9,1988.0,1989.45,2
2024-05-22 12:19:00,1989.45,1989.8,1988.05,1988.05,137
2024-05-22 12:20:00,1988.05,1990.65,1988.05,1990.65,39
2024-05-22 12:21:00,1990.6,1990.6,1989.85,1989.85,2
2024-05-22 12:22:00,1990.1,1990.6,1989.85,1990.6,8
2024-05-22 12:23:00,1990.6,1992.1,1990.6,1991.0,130
2024-05-22 12:24:00,1991.0,1993.1,1991.0,1993.1,18
2024-05-22 12:25:00,1993.1,1993.1,1991.2,1992.3,12
2024-05-22 12:26:00,1992.3,1993.1,1991.2,1991.2,23
2024-05-22 12:27:00,1991.2,1993.95,1991.2,1993.95,6
2024-05-22 12:28:00,1994.0,1994.0,1993.9,1993.9,5
2024-05-22 12:29:00,1993.9,1993.9,1992.0,1992.0,86
2024-05-22 12:30:00,1992.0,1993.9,1992.0,1993.05,47
2024-05-22 12:31:00,1993.05,1993.9,1991.15,1991.15,51
2024-05-22 12:32:00,1991.15,1991.15,1991.0,1991.0,25
2024-05-22 12:33:00,1991.0,1993.0,1991.0,1993.0,22
2024-05-22 12:34:00,1993.0,1993.0,1990.05,1990.05,400
2024-05-22 12:35:00,1990.05,1992.5,1990.0,1990.0,26
2024-05-22 12:36:00,1990.0,1991.05,1989.4,1991.05,25
2024-05-22 12:37:00,1991.05,1991.05,1989.4,1990.0,16
2024-05-22 12:38:00,1990.0,1990.95,1989.4,1990.95,6
2024-05-22 12:39:00,1990.95,1990.95,1990.95,1990.95,0
2024-05-22 12:40:00,1990.95,1990.95,1990.5,1990.95,6
2024-05-22 12:41:00,1990.95,1991.0,1990.95,1991.0,4
2024-05-22 12:42:00,1991.0,1991.05,1990.55,1991.05,3
2024-05-22 12:43:00,1991.05,1992.9,1991.05,1992.9,20
2024-05-22 12:44:00,1992.9,1992.95,1990.65,1990.65,31
2024-05-22 12:45:00,1990.65,1992.95,1990.65,1992.95,17
2024-05-22 12:46:00,1992.95,1993.0,1992.0,1992.0,18
2024-05-22 12:47:00,1992.0,1992.0,1989.05,1991.1,112
2024-05-22 12:48:00,1991.1,1991.3,1989.0,1990.5,108
2024-05-22 12:49:00,1990.5,1990.5,1988.05,1988.05,17
2024-05-22 12:50:00,1988.05,1989.95,1988.05,1989.9,3
2024-05-22 12:51:00,1989.9,1989.9,1988.5,1988.5,10
2024-05-22 12:52:00,1988.5,1989.0,1988.0,1989.0,31
2024-05-22 12:53:00,1989.7,1990.0,1989.0,1989.0,16
2024-05-22 12:54:00,1989.0,1990.0,1989.0,1989.0,22
2024-05-22 12:55:00,1989.0,1990.0,1988.0,1990.0,16
2024-05-22 12:56:00,1990.0,1990.0,1990.0,1990.0,1
2024-05-22 12:57:00,1990.0,1990.0,1990.0,1990.0,7
2024-05-22 12:58:00,1991.95,1992.95,1991.95,1992.95,126
2024-05-22 12:59:00,1992.95,1993.0,1991.65,1993.0,20
2024-05-22 13:00:00,1993.0,1993.85,1993.0,1993.05,23
2024-05-22 13:01:00,1993.05,1993.9,1992.25,1993.85,16
2024-05-22 13:02:00,1993.85,1999.15,1993.85,1996.15,781
2024-05-22 13:03:00,1998.6,1998.6,1998.6,1998.6,24
2024-05-22 13:04:00,1998.6,1998.6,1994.9,1994.9,23
2024-05-22 13:05:00,1994.9,1994.9,1994.45,1994.45,2
2024-05-22 13:06:00,1994.45,1994.45,1991.05,1993.05,125
2024-05-22 13:07:00,1993.05,1993.05,1991.0,1991.0,4
2024-05-22 13:08:00,1991.0,1992.9,1991.0,1992.9,18
2024-05-22 13:09:00,1992.9,1993.05,1991.0,1993.05,19
2024-05-22 13:10:00,1993.05,1993.05,1993.0,1993.0,27
2024-05-22 13:11:00,1993.0,1993.0,1993.0,1993.0,2
2024-05-22 13:12:00,1993.0,1993.0,1991.5,1992.65,99
2024-05-22 13:13:00,1992.65,1992.65,1992.65,1992.65,1
2024-05-22 13:14:00,1992.65,1992.75,1992.5,1992.75,21
2024-05-22 13:15:00,1992.75,1993.0,1992.75,1993.0,27
2024-05-22 13:16:00,1993.0,1993.0,1993.0,1993.0,5
2024-05-22 13:17:00,1993.0,1993.05,1993.0,1993.05,9
2024-05-22 13:18:00,1993.05,1993.05,1991.6,1993.0,39
2024-05-22 13:19:00,1993.0,1993.05,1993.0,1993.0,3
2024-05-22 13:20:00,1993.0,1993.0,1992.9,1992.9,52
2024-05-22 13:21:00,1992.9,1993.05,1990.05,1990.05,111
2024-05-22 13:22:00,1991.5,1992.0,1991.5,1992.0,6
2024-05-22 13:23:00,1992.0,1992.0,1992.0,1992.0,16
2024-05-22 13:24:00,1992.0,1992.0,1992.0,1992.0,0
2024-05-22 13:25:00,1992.0,1993.15,1992.0,1992.0,18
2024-05-22 13:26:00,1992.0,1993.5,1992.0,1993.5,1
2024-05-22 13:27:00,1993.5,1993.5,1991.65,1991.65,5
2024-05-22 13:28:00,1991.65,1991.95,1990.0,1991.95,58
2024-05-22 13:29:00,1991.95,1991.95,1991.95,1991.95,0
2024-05-22 13:30:00,1991.95,1991.95,1991.65,1991.65,5
2024-05-22 13:31:00,1991.65,1991.65,1991.0,1991.0,3
2024-05-22 13:32:00,1991.0,1991.0,1991.0,1991.0,0
2024-05-22 13:33:00,1991.0,1991.0,1990.95,1990.95,2
2024-05-22 13:34:00,1990.95,1990.95,1990.95,1990.95,1
2024-05-22 13:35:00,1990.95,1990.95,1989.75,1989.75,16
2024-05-22 13:36:00,1989.75,1989.75,1989.4,1989.4,12
2024-05-22 13:37:00,1989.4,1989.4,1986.05,1986.05,103
2024-05-22 13:38:00,1986.05,1987.85,1986.05,1987.85,9
2024-05-22 13:39:00,1987.85,1988.75,1987.0,1988.7,28
2024-05-22 13:40:00,1988.7,1988.85,1988.7,1988.85,6
2024-05-22 13:41:00,1988.85,1988.85,1987.05,1987.25,17
2024-05-22 13:42:00,1987.25,1988.5,1987.25,1988.5,6
2024-05-22 13:43:00,1988.5,1989.4,1988.45,1989.4,9
2024-05-22 13:44:00,1989.4,1989.4,1987.05,1987.05,158
2024-05-22 13:45:00,1987.05,1989.3,1987.05,1989.15,12
2024-05-22 13:46:00,1989.15,1989.3,1989.0,1989.2,17
2024-05-22 13:47:00,1989.2,1989.2,1986.05,1988.6,106
2024-05-22 13:48:00,1988.6,1988.6,1988.1,1988.1,8
2024-05-22 13:49:00,1988.1,1988.1,1988.1,1988.1,9
2024-05-22 13:50:00,1988.1,1988.1,1988.0,1988.0,4
2024-05-22 13:51:00,1988.05,1988.1,1988.05,1988.1,57
2024-05-22 13:52:00,1988.1,1988.1,1988.1,1988.1,0
2024-05-22 13:53:00,1988.1,1989.15,1988.1,1989.15,15
2024-05-22 13:54:00,1989.4,1989.4,1989.4,1989.4,13
2024-05-22 13:55:00,1989.4,1990.5,1989.4,1990.5,61
2024-05-22 13:56:00,1990.5,1990.5,1990.5,1990.5,0
2024-05-22 13:57:00,1988.3,1988.3,1988.3,1988.3,30
2024-05-22 13:58:00,1988.3,1990.05,1988.3,1988.35,11
2024-05-22 13:59:00,1988.35,1990.05,1987.5,1988.5,130
2024-05-22 14:00:00,1988.5,1988.75,1987.05,1988.75,33
2024-05-22 14:01:00,1988.75,1989.1,1987.05,1987.5,28
2024-05-22 14:02:00,1987.5,1989.1,1987.5,1989.05,5
2024-05-22 14:03:00,1989.05,1989.95,1989.05,1989.85,106
2024-05-22 14:04:00,1989.85,1989.85,1989.85,1989.85,0
2024-05-22 14:05:00,1989.85,1989.85,1986.05,1986.05,67
2024-05-22 14:06:00,1986.05,1988.1,1986.05,1987.8,32
2024-05-22 14:07:00,1987.8,1987.8,1986.0,1986.05,27
2024-05-22 14:08:00,1986.05,1987.0,1986.05,1987.0,70
2024-05-22 14:09:00,1987.0,1989.15,1987.0,1989.15,3
2024-05-22 14:10:00,1989.15,1989.15,1989.15,1989.15,0
2024-05-22 14:11:00,1986.75,1988.5,1983.3,1984.85,430
2024-05-22 14:12:00,1983.6,1984.85,1983.25,1983.3,17
2024-05-22 14:13:00,1983.3,1983.3,1983.0,1983.0,17
2024-05-22 14:14:00,1983.0,1983.7,1982.65,1983.1,84
2024-05-22 14:15:00,1983.1,1983.7,1982.2,1983.7,43
2024-05-22 14:16:00,1983.7,1983.8,1982.15,1983.8,17
2024-05-22 14:17:00,1983.8,1983.8,1982.15,1982.15,32
2024-05-22 14:18:00,1982.15,1983.5,1982.15,1983.5,21
2024-05-22 14:19:00,1983.5,1983.6,1982.05,1982.05,49
2024-05-22 14:20:00,1982.05,1983.9,1982.0,1983.9,49
2024-05-22 14:21:00,1983.9,1984.4,1982.25,1982.25,32
2024-05-22 14:22:00,1982.25,1983.9,1982.2,1983.85,30
2024-05-22 14:23:00,1983.85,1984.1,1982.35,1982.55,23
2024-05-22 14:24:00,1982.55,1984.0,1982.5,1984.0,19
2024-05-22 14:25:00,1982.55,1984.0,1982.55,1982.65,54
2024-05-22 14:26:00,1982.65,1984.35,1982.65,1984.35,15
2024-05-22 14:27:00,1984.35,1984.95,1983.4,1984.95,66
2024-05-22 14:28:00,1984.95,1984.95,1983.45,1983.45,45
2024-05-22 14:29:00,1983.45,1986.2,1983.45,1986.2,22
2024-05-22 14:30:00,1986.2,1986.9,1984.1,1986.1,28
2024-05-22 14:31:00,1986.1,1986.1,1984.1,1984.1,91
2024-05-22 14:32:00,1984.1,1985.2,1983.45,1985.2,33
2024-05-22 14:33:00,1985.2,1985.3,1983.45,1985.3,15
2024-05-22 14:34:00,1985.3,1985.3,1983.5,1984.5,23
2024-05-22 14:35:00,1984.5,1985.15,1983.6,1985.15,20
2024-05-22 14:36:00,1985.15,1985.15,1983.6,1983.6,20
2024-05-22 14:37:00,1983.6,1985.8,1983.6,1984.0,81
2024-05-22 14:38:00,1985.0,1985.0,1983.6,1985.0,80
2024-05-22 14:39:00,1985.0,1985.0,1983.6,1983.6,13
2024-05-22 14:40:00,1983.6,1986.75,1983.6,1985.65,285
2024-05-22 14:41:00,1985.65,1985.65,1983.6,1984.65,30
2024-05-22 14:42:00,1984.65,1984.7,1983.6,1983.6,32
2024-05-22 14:43:00,1983.6,1983.95,1983.6,1983.95,14
2024-05-22 14:44:00,1984.4,1985.2,1983.6,1983.6,38
2024-05-22 14:45:00,1983.6,1985.45,1983.6,1983.85,33
2024-05-22 14:46:00,1983.85,1985.4,1983.65,1984.85,52
2024-05-22 14:47:00,1984.85,1985.45,1983.65,1983.65,47
2024-05-22 14:48:00,1983.65,1985.4,1983.45,1983.55,192
2024-05-22 14:49:00,1983.55,1984.35,1983.0,1983.0,125
2024-05-22 14:50:00,1983.0,1983.55,1983.0,1983.25,17
2024-05-22 14:51:00,1983.55,1984.2,1983.0,1984.2,35
2024-05-22 14:52:00,1984.2,1984.2,1982.25,1983.9,39
2024-05-22 14:53:00,1983.9,1983.9,1982.25,1982.25,23
2024-05-22 14:54:00,1982.25,1984.6,1981.5,1984.6,252
2024-05-22 14:55:00,1984.6,1984.6,1983.0,1983.95,40
2024-05-22 14:56:00,1983.95,1986.0,1982.2,1982.2,105
2024-05-22 14:57:00,1982.2,1982.5,1982.0,1982.0,24
2024-05-22 14:58:00,1982.0,1984.8,1982.0,1982.2,32
2024-05-22 14:59:00,1982.2,1983.1,1981.75,1981.75,13
2024-05-22 15:00:00,1983.7,1983.7,1981.65,1982.75,25
2024-05-22 15:01:00,1982.75,1984.2,1982.0,1982.0,38
2024-05-22 15:02:00,1982.0,1984.2,1982.0,1983.3,191
2024-05-22 15:03:00,1983.3,1984.9,1983.2,1983.2,16
2024-05-22 15:04:00,1983.2,1983.95,1983.0,1983.95,33
2024-05-22 15:05:00,1983.05,1985.0,1982.05,1982.05,275
2024-05-22 15:06:00,1984.05,1984.05,1982.05,1983.2,27
2024-05-22 15:07:00,1983.2,1988.25,1983.2,1985.9,155
2024-05-22 15:08:00,1985.9,1986.4,1984.1,1984.1,32
2024-05-22 15:09:00,1984.1,1986.6,1984.1,1986.6,18
2024-05-22 15:10:00,1986.6,1987.7,1984.15,1984.15,322
2024-05-22 15:11:00,1984.15,1984.2,1984.05,1984.05,34
2024-05-22 15:12:00,1984.2,1988.0,1984.05,1988.0,188
2024-05-22 15:13:00,1988.0,1988.0,1982.8,1984.35,132
2024-05-22 15:14:00,1984.35,1984.35,1982.5,1982.7,26
2024-05-22 15:15:00,1982.7,1986.45,1982.5,1986.25,205
2024-05-22 15:16:00,1986.25,1986.25,1983.05,1985.25,374
2024-05-22 15:17:00,1985.25,1986.0,1982.7,1985.9,82
2024-05-22 15:18:00,1985.75,1985.95,1983.4,1983.5,44
2024-05-22 15:19:00,1983.5,1985.85,1983.5,1985.7,17
2024-05-22 15:20:00,1985.7,1985.85,1983.6,1983.6,179
2024-05-22 15:21:00,1983.6,1986.0,1983.6,1986.0,129
2024-05-22 15:22:00,1986.0,1986.0,1985.95,1986.0,86
2024-05-22 15:23:00,1986.0,1986.0,1985.95,1986.0,58
2024-05-22 15:24:00,1986.0,1986.6,1985.95,1986.6,72
2024-05-22 15:25:00,1986.6,1986.6,1983.05,1986.55,180
2024-05-22 15:26:00,1986.55,1986.55,1985.0,1986.05,35
2024-05-22 15:27:00,1986.05,1986.6,1986.0,1986.6,23
2024-05-22 15:28:00,1986.55,1989.8,1986.2,1989.8,232
2024-05-22 15:29:00,1989.8,1989.8,1986.1,1989.0,160
2024-05-23 09:15:00,1989.1,2000.5,1989.0,1989.1,192
2024-05-23 09:16:00,1989.15,1989.15,1984.2,1987.85,335
2024-05-23 09:17:00,1987.85,1994.9,1975.0,1994.9,1152
2024-05-23 09:18:00,1994.95,1994.95,1983.75,1985.45,179
2024-05-23 09:19:00,1985.45,1992.35,1984.7,1988.1,188
2024-05-23 09:20:00,1988.1,1988.1,1983.75,1987.5,30
2024-05-23 09:21:00,1987.5,1987.5,1981.95,1987.5,187
2024-05-23 09:22:00,1987.5,1987.5,1984.5,1984.5,51
2024-05-23 09:23:00,1984.5,1988.7,1984.3,1988.7,22
2024-05-23 09:24:00,1988.7,1988.7,1988.0,1988.0,21
2024-05-23 09:25:00,1988.0,1994.1,1988.0,1994.1,87
2024-05-23 09:26:00,1991.2,1991.2,1985.05,1987.5,339
2024-05-23 09:27:00,1987.5,1990.75,1987.5,1990.75,60
2024-05-23 09:28:00,1990.75,1992.85,1990.0,1990.0,119
2024-05-23 09:29:00,1990.0,1990.0,1986.7,1989.9,39
2024-05-23 09:30:00,1989.9,1989.9,1986.4,1986.4,48
2024-05-23 09:31:00,1986.4,1986.4,1981.45,1981.45,58
2024-05-23 09:32:00,1981.45,1985.75,1981.45,1984.05,58
2024-05-23 09:33:00,1984.05,1988.15,1984.05,1988.15,43
2024-05-23 09:34:00,1988.15,1990.85,1987.25,1987.25,113
2024-05-23 09:35:00,1987.25,1987.85,1986.1,1987.85,7
2024-05-23 09:36:00,1987.85,1987.95,1980.3,1982.5,707
2024-05-23 09:37:00,1982.5,1985.15,1982.25,1982.25,19
2024-05-23 09:38:00,1982.25,1985.15,1982.0,1982.0,124
2024-05-23 09:39:00,1982.0,1985.6,1982.0,1983.2,85
2024-05-23 09:40:00,1985.8,1985.95,1982.0,1982.0,309
2024-05-23 09:41:00,1982.0,1985.5,1982.0,1985.0,10
2024-05-23 09:42:00,1985.0,1985.4,1982.0,1985.4,53
2024-05-23 09:43:00,1985.4,1985.45,1982.0,1985.45,132
2024-05-23 09:44:00,1985.45,1985.45,1982.35,1982.35,26
2024-05-23 09:45:00,1982.35,1986.15,1982.35,1985.8,126
2024-05-23 09:46:00,1985.8,1985.8,1985.4,1985.4,4
2024-05-23 09:47:00,1985.4,1985.4,1982.55,1983.0,13
2024-05-23 09:48:00,1983.0,1985.7,1983.0,1985.7,102
2024-05-23 09:49:00,1985.7,1986.0,1977.9,1977.9,708
2024-05-23 09:50:00,1977.9,1978.8,1974.9,1976.25,514
2024-05-23 09:51:00,1976.25,1978.0,1975.15,1977.9,464
2024-05-23 09:52:00,1977.9,1978.8,1975.85,1978.8,35
2024-05-23 09:53:00,1978.8,1979.9,1978.8,1979.9,41
2024-05-23 09:54:00,1979.9,1979.9,1977.1,1977.9,9
2024-05-23 09:55:00,1977.9,1978.45,1976.5,1978.45,118
2024-05-23 09:56:00,1978.45,1978.45,1977.0,1977.0,52
2024-05-23 09:57:00,1977.0,1979.5,1977.0,1979.15,23
2024-05-23 09:58:00,1979.15,1979.4,1977.2,1979.3,17
2024-05-23 09:59:00,1979.3,1981.55,1979.3,1980.2,83
2024-05-23 10:00:00,1980.2,1982.9,1980.0,1980.0,55
2024-05-23 10:01:00,1980.0,1981.55,1980.0,1981.55,1
2024-05-23 10:02:00,1981.55,1982.05,1979.8,1981.35,34
2024-05-23 10:03:00,1981.35,1981.5,1979.3,1981.5,11
2024-05-23 10:04:00,1981.5,1982.9,1977.1,1977.1,15
2024-05-23 10:05:00,1977.1,1980.45,1977.1,1979.9,1346
2024-05-23 10:06:00,1979.9,1981.5,1979.9,1981.5,10
2024-05-23 10:07:00,1978.45,1981.0,1972.0,1975.6,1174
2024-05-23 10:08:00,1975.6,1977.5,1974.1,1977.1,82
2024-05-23 10:09:00,1977.1,1977.65,1977.1,1977.65,2
2024-05-23 10:10:00,1977.85,1978.4,1977.85,1978.4,22
2024-05-23 10:11:00,1978.4,1979.9,1978.4,1979.9,17
2024-05-23 10:12:00,1979.9,1979.9,1978.05,1978.1,7
2024-05-23 10:13:00,1979.9,1979.9,1978.0,1979.8,26
2024-05-23 10:14:00,1979.85,1979.85,1979.85,1979.85,110
2024-05-23 10:15:00,1979.85,1980.05,1979.85,1980.05,0
2024-05-23 10:16:00,1980.05,1980.05,1977.05,1977.25,117
2024-05-23 10:17:00,1977.25,1977.25,1975.0,1976.95,51
2024-05-23 10:18:00,1976.95,1979.9,1976.7,1976.8,1087
2024-05-23 10:19:00,1976.8,1977.55,1976.8,1977.55,42
2024-05-23 10:20:00,1977.55,1978.6,1976.65,1976.65,45
2024-05-23 10:21:00,1976.65,1976.65,1976.65,1976.65,19
2024-05-23 10:22:00,1976.65,1978.95,1976.0,1976.0,107
2024-05-23 10:23:00,1976.0,1977.9,1975.6,1977.9,27
2024-05-23 10:24:00,1977.9,1977.9,1975.45,1975.45,225
2024-05-23 10:25:00,1975.45,1978.7,1975.45,1978.7,16
2024-05-23 10:26:00,1978.7,1978.7,1975.85,1976.85,27
2024-05-23 10:27:00,1976.85,1976.85,1975.0,1975.7,77
2024-05-23 10:28:00,1975.7,1975.7,1968.0,1972.15,1326
2024-05-23 10:29:00,1972.15,1972.95,1972.15,1972.95,51
2024-05-23 10:30:00,1972.95,1972.95,1972.95,1972.95,3
2024-05-23 10:31:00,1972.95,1972.95,1972.6,1972.6,5
2024-05-23 10:32:00,1972.55,1972.6,1972.35,1972.35,27
2024-05-23 10:33:00,1972.35,1972.6,1972.35,1972.6,50
2024-05-23 10:34:00,1973.6,1978.85,1973.0,1976.9,252
2024-05-23 10:35:00,1976.9,1976.95,1974.0,1974.55,45
2024-05-23 10:36:00,1974.55,1975.45,1973.1,1975.45,18
2024-05-23 10:37:00,1975.45,1975.45,1974.95,1975.4,11
2024-05-23 10:38:00,1975.4,1975.45,1975.0,1975.0,11
2024-05-23 10:39:00,1975.0,1975.55,1975.0,1975.55,11
2024-05-23 10:40:00,1975.55,1975.55,1973.5,1973.5,14
2024-05-23 10:41:00,1975.6,1975.6,1975.6,1975.6,36
2024-05-23 10:42:00,1975.6,1977.2,1975.5,1977.2,11
2024-05-23 10:43:00,1977.2,1977.2,1973.55,1976.55,98
2024-05-23 10:44:00,1976.55,1976.55,1976.55,1976.55,0
2024-05-23 10:45:00,1973.65,1974.0,1973.65,1974.0,17
2024-05-23 10:46:00,1974.0,1976.75,1974.0,1976.75,19
2024-05-23 10:47:00,1976.75,1976.75,1974.1,1974.1,150
2024-05-23 10:48:00,1974.1,1976.6,1974.1,1976.3,9
2024-05-23 10:49:00,1976.3,1976.35,1976.3,1976.35,6
2024-05-23 10:50:00,1976.35,1976.35,1974.2,1976.25,160
2024-05-23 10:51:00,1976.25,1978.55,1976.25,1976.3,106
2024-05-23 10:52:00,1976.3,1978.7,1976.3,1978.7,4
2024-05-23 10:53:00,1978.7,1978.95,1975.05,1978.35,103
2024-05-23 10:54:00,1978.35,1978.45,1975.35,1975.35,9
2024-05-23 10:55:00,1975.35,1975.35,1973.55,1973.55,151
2024-05-23 10:56:00,1975.6,1975.6,1973.55,1975.6,5
2024-05-23 10:57:00,1975.6,1975.6,1975.0,1975.0,2
2024-05-23 10:58:00,1975.0,1975.35,1975.0,1975.35,70
2024-05-23 10:59:00,1973.55,1975.55,1973.55,1975.55,65
2024-05-23 11:00:00,1975.55,1975.6,1975.55,1975.6,3
2024-05-23 11:01:00,1975.6,1975.6,1975.6,1975.6,0
2024-05-23 11:02:00,1976.8,1976.8,1973.55,1973.55,42
2024-05-23 11:03:00,1973.55,1975.0,1973.55,1973.55,33
2024-05-23 11:04:00,1973.55,1976.3,1973.55,1976.3,10
2024-05-23 11:05:00,1976.3,1976.3,1974.15,1974.15,14
2024-05-23 11:06:00,1974.15,1974.2,1973.45,1973.45,60
2024-05-23 11:07:00,1973.45,1973.45,1973.45,1973.45,7
2024-05-23 11:08:00,1973.45,1974.85,1973.45,1974.85,39
2024-05-23 11:09:00,1974.85,1975.55,1974.85,1975.55,32
2024-05-23 11:10:00,1975.55,1975.55,1973.3,1973.3,31
2024-05-23 11:11:00,1973.3,1974.95,1973.3,1974.95,29
2024-05-23 11:12:00,1974.95,1974.95,1974.95,1974.95,1
2024-05-23 11:13:00,1974.95,1974.95,1973.4,1973.45,20
2024-05-23 11:14:00,1973.45,1975.6,1973.45,1975.6,50
2024-05-23 11:15:00,1975.6,1975.85,1973.4,1975.3,37
2024-05-23 11:16:00,1975.3,1975.3,1973.55,1973.55,18
2024-05-23 11:17:00,1973.55,1975.25,1973.55,1975.25,3
2024-05-23 11:18:00,1976.05,1976.05,1975.95,1975.95,10
2024-05-23 11:19:00,1975.95,1975.95,1973.8,1974.95,57
2024-05-23 11:20:00,1974.95,1974.95,1974.95,1974.95,5
2024-05-23 11:21:00,1974.95,1975.35,1973.4,1975.15,17
2024-05-23 11:22:00,1975.15,1976.2,1975.15,1976.2,12
2024-05-23 11:23:00,1976.2,1976.2,1974.8,1974.8,223
2024-05-23 11:24:00,1974.8,1975.75,1974.0,1974.0,16
2024-05-23 11:25:00,1974.0,1974.0,1974.0,1974.0,1
2024-05-23 11:26:00,1975.0,1975.0,1974.95,1974.95,10
2024-05-23 11:27:00,1974.95,1975.0,1974.05,1975.0,10
2024-05-23 11:28:00,1975.0,1975.0,1974.0,1974.0,59
2024-05-23 11:29:00,1974.0,1975.0,1974.0,1975.0,11
2024-05-23 11:30:00,1975.0,1975.0,1974.0,1974.0,3
2024-05-23 11:31:00,1974.0,1974.55,1973.45,1973.45,16
2024-05-23 11:32:00,1973.45,1973.45,1973.45,1973.45,0
2024-05-23 11:33:00,1973.45,1974.0,1973.4,1974.0,32
2024-05-23 11:34:00,1974.0,1974.0,1973.4,1973.4,73
2024-05-23 11:35:00,1973.4,1975.1,1973.4,1975.1,441
2024-05-23 11:36:00,1975.1,1975.1,1975.1,1975.1,0
2024-05-23 11:37:00,1975.1,1975.1,1975.0,1975.0,6
2024-05-23 11:38:00,1973.3,1974.95,1973.3,1974.0,49
2024-05-23 11:39:00,1974.0,1975.45,1974.0,1975.45,3
2024-05-23 11:40:00,1975.45,1975.9,1975.45,1975.9,1
2024-05-23 11:41:00,1975.9,1975.95,1975.7,1975.95,4
2024-05-23 11:42:00,1975.95,1975.95,1974.0,1974.0,5
2024-05-23 11:43:00,1974.0,1974.45,1973.0,1974.45,70
2024-05-23 11:44:00,1974.45,1974.45,1973.95,1973.95,4
2024-05-23 11:45:00,1977.05,1977.85,1977.05,1977.85,291
2024-05-23 11:46:00,1977.85,1977.85,1976.05,1976.05,4
2024-05-23 11:47:00,1977.9,1977.9,1976.15,1976.15,26
2024-05-23 11:48:00,1976.15,1978.1,1975.9,1975.9,11
2024-05-23 11:49:00,1975.9,1978.0,1975.9,1978.0,8
2024-05-23 11:50:00,1978.0,1978.0,1977.1,1977.1,42
2024-05-23 11:51:00,1977.1,1978.6,1977.1,1978.6,37
2024-05-23 11:52:00,1978.6,1978.6,1977.0,1978.6,13
2024-05-23 11:53:00,1978.6,1978.6,1975.65,1975.65,23
2024-05-23 11:54:00,1975.65,1977.9,1975.65,1977.9,7
2024-05-23 11:55:00,1977.9,1977.9,1975.75,1975.75,3
2024-05-23 11:56:00,1975.75,1977.55,1975.75,1977.55,2
2024-05-23 11:57:00,1977.55,1978.6,1977.55,1978.6,9
2024-05-23 11:58:00,1978.6,1979.0,1976.8,1976.8,66
2024-05-23 11:59:00,1976.8,1976.8,1974.95,1975.0,289
2024-05-23 12:00:00,1975.0,1978.15,1975.0,1978.15,14
2024-05-23 12:01:00,1978.15,1978.95,1977.05,1978.95,8
2024-05-23 12:02:00,1978.95,1978.95,1978.95,1978.95,2
2024-05-23 12:03:00,1978.95,1978.95,1978.95,1978.95,3
2024-05-23 12:04:00,1978.95,1978.95,1978.95,1978.95,0
2024-05-23 12:05:00,1978.95,1978.95,1978.95,1978.95,0
2024-05-23 12:06:00,1978.95,1978.95,1974.95,1977.2,731
2024-05-23 12:07:00,1977.65,1977.65,1975.0,1975.0,214
2024-05-23 12:08:00,1975.0,1975.05,1975.0,1975.0,11
2024-05-23 12:09:00,1975.0,1977.7,1975.0,1977.7,35
2024-05-23 12:10:00,1977.7,1977.85,1977.7,1977.85,2
2024-05-23 12:11:00,1977.65,1977.65,1975.85,1975.85,98
2024-05-23 12:12:00,1975.85,1975.95,1974.8,1975.9,243
2024-05-23 12:13:00,1975.9,1976.45,1975.9,1976.45,8
2024-05-23 12:14:00,1976.45,1976.45,1976.45,1976.45,0
2024-05-23 12:15:00,1976.45,1976.5,1976.45,1976.5,11
2024-05-23 12:16:00,1976.5,1977.0,1976.5,1977.0,119
2024-05-23 12:17:00,1977.0,1978.5,1977.0,1978.5,21
2024-05-23 12:18:00,1978.5,1978.5,1977.1,1977.1,19
2024-05-23 12:19:00,1977.1,1977.1,1977.1,1977.1,0
2024-05-23 12:20:00,1977.1,1977.2,1977.1,1977.2,4
2024-05-23 12:21:00,1977.2,1977.2,1977.2,1977.2,0
2024-05-23 12:22:00,1977.2,1978.0,1977.2,1978.0,6
2024-05-23 12:23:00,1978.0,1978.0,1977.0,1977.0,156
2024-05-23 12:24:00,1977.0,1977.0,1977.0,1977.0,0
2024-05-23 12:25:00,1977.0,1977.0,1977.0,1977.0,28
2024-05-23 12:26:00,1977.0,1977.0,1977.0,1977.0,10
2024-05-23 12:27:00,1977.0,1977.0,1977.0,1977.0,0
2024-05-23 12:28:00,1977.0,1977.0,1977.0,1977.0,0
2024-05-23 12:29:00,1977.0,1977.0,1977.0,1977.0,99
2024-05-23 12:30:00,1977.0,1977.0,1976.05,1977.0,71
2024-05-23 12:31:00,1977.0,1978.0,1977.0,1978.0,102
2024-05-23 12:32:00,1978.0,1978.0,1975.8,1976.75,16
2024-05-23 12:33:00,1976.75,1976.75,1976.75,1976.75,3
2024-05-23 12:34:00,1976.75,1976.75,1974.0,1974.0,168
2024-05-23 12:35:00,1974.0,1974.0,1974.0,1974.0,6
2024-05-23 12:36:00,1974.0,1975.3,1972.05,1972.05,36
2024-05-23 12:37:00,1972.05,1972.05,1972.05,1972.05,11
2024-05-23 12:38:00,1972.05,1976.2,1972.05,1972.1,8
2024-05-23 12:39:00,1972.1,1974.0,1972.1,1974.0,124
2024-05-23 12:40:00,1974.0,1974.0,1972.1,1974.0,6
2024-05-23 12:41:00,1974.0,1974.4,1973.0,1974.4,3
2024-05-23 12:42:00,1974.4,1975.55,1974.4,1975.55,13
2024-05-23 12:43:00,1975.55,1975.55,1972.4,1974.65,19
2024-05-23 12:44:00,1974.65,1975.7,1973.25,1973.25,33
2024-05-23 12:45:00,1975.5,1975.5,1975.5,1975.5,2
2024-05-23 12:46:00,1975.5,1975.5,1975.5,1975.5,3
2024-05-23 12:47:00,1975.5,1976.25,1973.45,1973.45,49
2024-05-23 12:48:00,1973.45,1976.25,1973.45,1973.45,85
2024-05-23 12:49:00,1973.45,1976.0,1973.45,1976.0,5
2024-05-23 12:50:00,1976.0,1976.0,1973.9,1975.9,5
2024-05-23 12:51:00,1975.9,1976.25,1973.75,1976.25,19
2024-05-23 12:52:00,1976.25,1976.25,1974.85,1974.85,4
2024-05-23 12:53:00,1974.85,1975.0,1974.0,1974.0,7
2024-05-23 12:54:00,1974.0,1975.0,1974.0,1975.0,1
2024-05-23 12:55:00,1975.0,1975.0,1973.45,1973.45,5
2024-05-23 12:56:00,1973.45,1975.0,1973.45,1975.0,4
2024-05-23 12:57:00,1975.0,1975.0,1973.0,1973.0,32
2024-05-23 12:58:00,1973.0,1973.0,1972.1,1972.85,144
2024-05-23 12:59:00,1972.85,1973.05,1972.85,1973.05,2
2024-05-23 13:00:00,1973.05,1973.85,1971.2,1971.2,25
2024-05-23 13:01:00,1971.2,1973.8,1971.2,1971.9,38
2024-05-23 13:02:00,1971.9,1973.2,1971.9,1973.2,1
2024-05-23 13:03:00,1973.2,1973.5,1971.9,1971.9,23
2024-05-23 13:04:00,1971.9,1971.9,1971.9,1971.9,1
2024-05-23 13:05:00,1971.9,1973.9,1971.9,1973.9,2
2024-05-23 13:06:00,1973.9,1973.9,1972.0,1972.0,22
2024-05-23 13:07:00,1972.0,1972.0,1972.0,1972.0,0
2024-05-23 13:08:00,1972.0,1972.85,1972.0,1972.0,61
2024-05-23 13:09:00,1972.0,1972.0,1971.9,1972.0,47
2024-05-23 13:10:00,1972.0,1972.0,1972.0,1972.0,0
2024-05-23 13:11:00,1972.0,1973.75,1972.0,1972.4,14
2024-05-23 13:12:00,1972.4,1973.0,1972.4,1973.0,40
2024-05-23 13:13:00,1973.0,1973.85,1973.0,1973.0,17
2024-05-23 13:14:00,1973.0,1973.05,1973.0,1973.0,7
2024-05-23 13:15:00,1973.0,1973.0,1972.1,1972.1,9
2024-05-23 13:16:00,1972.1,1973.7,1972.1,1973.25,25
2024-05-23 13:17:00,1973.25,1973.25,1971.95,1971.95,173
2024-05-23 13:18:00,1971.95,1972.75,1971.1,1971.1,24
2024-05-23 13:19:00,1971.1,1972.9,1971.1,1971.25,5
2024-05-23 13:20:00,1971.25,1972.65,1971.25,1972.65,16
2024-05-23 13:21:00,1972.65,1972.65,1972.65,1972.65,0
2024-05-23 13:22:00,1972.65,1972.65,1972.0,1972.0,2
2024-05-23 13:23:00,1972.0,1972.9,1971.25,1971.25,35
2024-05-23 13:24:00,1972.7,1972.7,1972.7,1972.7,2
2024-05-23 13:25:00,1972.7,1972.85,1972.7,1972.7,3
2024-05-23 13:26:00,1972.7,1972.7,1972.7,1972.7,0
2024-05-23 13:27:00,1972.7,1975.0,1972.7,1974.65,509
2024-05-23 13:28:00,1974.65,1974.85,1973.05,1973.05,20
2024-05-23 13:29:00,1973.05,1974.85,1973.05,1974.85,6
2024-05-23 13:30:00,1974.85,1974.85,1974.85,1974.85,3
2024-05-23 13:31:00,1974.85,1974.85,1972.0,1972.0,76
2024-05-23 13:32:00,1972.0,1974.45,1972.0,1974.45,1
2024-05-23 13:33:00,1974.45,1975.0,1974.0,1974.0,106
2024-05-23 13:34:00,1974.0,1974.8,1972.8,1974.75,22
2024-05-23 13:35:00,1974.75,1974.75,1974.75,1974.75,1
2024-05-23 13:36:00,1974.75,1974.8,1974.75,1974.8,1
2024-05-23 13:37:00,1974.8,1974.8,1974.8,1974.8,7
2024-05-23 13:38:00,1974.8,1974.8,1974.8,1974.8,8
2024-05-23 13:39:00,1974.8,1974.85,1974.8,1974.8,108
2024-05-23 13:40:00,1974.8,1974.8,1974.8,1974.8,0
2024-05-23 13:41:00,1974.8,1974.8,1974.05,1974.05,2
2024-05-23 13:42:00,1974.05,1974.8,1974.05,1974.8,3
2024-05-23 13:43:00,1974.8,1974.8,1972.4,1972.4,222
2024-05-23 13:44:00,1972.4,1974.0,1972.25,1972.25,58
2024-05-23 13:45:00,1972.25,1974.1,1972.25,1974.1,1
2024-05-23 13:46:00,1974.1,1974.1,1972.3,1973.4,10
2024-05-23 13:47:00,1973.4,1973.85,1973.4,1973.85,1
2024-05-23 13:48:00,1973.85,1973.85,1972.0,1972.0,31
2024-05-23 13:49:00,1972.0,1972.0,1972.0,1972.0,1
2024-05-23 13:50:00,1970.5,1970.5,1970.5,1970.5,200
2024-05-23 13:51:00,1970.5,1973.1,1970.5,1972.85,7
2024-05-23 13:52:00,1972.85,1972.85,1970.95,1970.95,5
2024-05-23 13:53:00,1970.95,1974.8,1970.95,1974.8,129
2024-05-23 13:54:00,1974.8,1974.8,1974.8,1974.8,0
2024-05-23 13:55:00,1974.8,1974.8,1968.0,1969.95,1479
2024-05-23 13:56:00,1969.95,1969.95,1967.1,1969.65,214
2024-05-23 13:57:00,1969.65,1971.8,1969.2,1969.2,27
2024-05-23 13:58:00,1969.2,1970.0,1969.15,1969.15,3
2024-05-23 13:59:00,1969.15,1969.15,1969.15,1969.15,16
2024-05-23 14:00:00,1969.15,1971.3,1969.05,1971.3,56
2024-05-23 14:01:00,1971.3,1971.3,1969.3,1969.3,37
2024-05-23 14:02:00,1969.3,1972.1,1969.3,1971.95,103
2024-05-23 14:03:00,1971.95,1971.95,1969.85,1971.9,12
2024-05-23 14:04:00,1971.9,1971.9,1969.0,1969.0,119
2024-05-23 14:05:00,1969.0,1970.45,1968.0,1968.0,42
2024-05-23 14:06:00,1968.0,1969.85,1968.0,1969.85,5
2024-05-23 14:07:00,1969.85,1970.7,1969.7,1970.7,22
2024-05-23 14:08:00,1970.7,1970.7,1968.0,1968.0,48
2024-05-23 14:09:00,1968.0,1969.35,1968.0,1969.35,5
2024-05-23 14:10:00,1969.35,1969.35,1968.4,1968.4,19
2024-05-23 14:11:00,1968.4,1970.0,1968.4,1969.95,14
2024-05-23 14:12:00,1969.95,1970.7,1969.95,1970.7,35
2024-05-23 14:13:00,1970.7,1970.7,1968.05,1968.05,39
2024-05-23 14:14:00,1968.05,1970.7,1968.0,1970.7,28
2024-05-23 14:15:00,1970.7,1970.7,1968.0,1970.0,154
2024-05-23 14:16:00,1970.0,1970.7,1970.0,1970.0,35
2024-05-23 14:17:00,1970.0,1970.0,1968.0,1969.3,35
2024-05-23 14:18:00,1969.3,1969.95,1968.25,1968.35,24
2024-05-23 14:19:00,1968.35,1970.2,1968.35,1968.4,13
2024-05-23 14:20:00,1968.4,1969.0,1967.4,1969.0,33
2024-05-23 14:21:00,1969.0,1970.65,1969.0,1969.0,23
2024-05-23 14:22:00,1969.0,1969.0,1969.0,1969.0,15
2024-05-23 14:23:00,1969.0,1970.55,1969.0,1970.0,6
2024-05-23 14:24:00,1970.0,1970.0,1967.0,1969.1,184
2024-05-23 14:25:00,1969.1,1972.05,1969.1,1972.05,176
2024-05-23 14:26:00,1972.05,1972.05,1970.15,1970.15,109
2024-05-23 14:27:00,1970.15,1971.25,1970.15,1971.1,218
2024-05-23 14:28:00,1971.1,1971.15,1971.1,1971.15,17
2024-05-23 14:29:00,1971.15,1971.25,1971.0,1971.15,21
2024-05-23 14:30:00,1971.15,1971.15,1971.15,1971.15,1
2024-05-23 14:31:00,1971.15,1971.15,1970.3,1970.3,24
2024-05-23 14:32:00,1970.3,1971.15,1969.1,1969.1,21
2024-05-23 14:33:00,1969.1,1971.95,1969.1,1971.95,26
2024-05-23 14:34:00,1971.95,1971.95,1971.95,1971.95,0
2024-05-23 14:35:00,1971.95,1971.95,1971.95,1971.95,1
2024-05-23 14:36:00,1971.95,1971.95,1971.95,1971.95,28
2024-05-23 14:37:00,1971.95,1972.25,1971.0,1972.25,32
2024-05-23 14:38:00,1972.25,1972.25,1971.0,1971.0,93
2024-05-23 14:39:00,1971.0,1973.0,1971.0,1973.0,14
2024-05-23 14:40:00,1973.0,1973.2,1973.0,1973.2,77
2024-05-23 14:41:00,1973.2,1973.2,1973.2,1973.2,0
2024-05-23 14:42:00,1973.2,1973.2,1972.85,1973.1,349
2024-05-23 14:43:00,1973.1,1973.1,1971.0,1973.1,10
2024-05-23 14:44:00,1973.1,1973.2,1973.1,1973.2,5
2024-05-23 14:45:00,1973.2,1974.8,1973.2,1974.8,34
2024-05-23 14:46:00,1974.8,1974.8,1972.55,1974.0,105
2024-05-23 14:47:00,1973.9,1973.9,1972.9,1973.0,16
2024-05-23 14:48:00,1973.0,1973.0,1970.25,1972.45,65
2024-05-23 14:49:00,1972.45,1972.45,1971.9,1971.9,13
2024-05-23 14:50:00,1971.9,1972.0,1970.0,1970.0,31
2024-05-23 14:51:00,1970.0,1972.95,1970.0,1972.95,93
2024-05-23 14:52:00,1972.95,1973.15,1972.0,1973.15,132
2024-05-23 14:53:00,1973.15,1973.15,1973.15,1973.15,16
2024-05-23 14:54:00,1973.15,1973.45,1973.15,1973.45,6
2024-05-23 14:55:00,1973.45,1973.95,1973.45,1973.95,6
2024-05-23 14:56:00,1973.95,1973.95,1973.9,1973.9,15
2024-05-23 14:57:00,1973.9,1973.9,1972.1,1972.1,3
2024-05-23 14:58:00,1972.1,1973.85,1972.1,1973.85,7
2024-05-23 14:59:00,1973.85,1973.85,1973.85,1973.85,2
2024-05-23 15:00:00,1973.85,1974.8,1972.1,1972.1,79
2024-05-23 15:01:00,1972.1,1972.1,1972.0,1972.0,25
2024-05-23 15:02:00,1972.0,1974.05,1972.0,1973.7,68
2024-05-23 15:03:00,1973.7,1973.7,1973.7,1973.7,1
2024-05-23 15:04:00,1973.7,1973.8,1973.7,1973.8,6
2024-05-23 15:05:00,1973.8,1973.8,1973.8,1973.8,0
2024-05-23 15:06:00,1973.8,1973.8,1973.0,1973.0,4
2024-05-23 15:07:00,1973.0,1973.8,1972.05,1973.8,26
2024-05-23 15:08:00,1974.6,1974.95,1974.4,1974.95,39
2024-05-23 15:09:00,1974.95,1975.65,1973.0,1975.65,525
2024-05-23 15:10:00,1975.65,1978.0,1975.65,1977.2,21
2024-05-23 15:11:00,1977.2,1977.2,1976.75,1976.75,6
2024-05-23 15:12:00,1976.75,1980.0,1976.75,1978.05,274
2024-05-23 15:13:00,1978.05,1979.45,1977.45,1979.45,33
2024-05-23 15:14:00,1980.0,1980.0,1978.05,1978.05,25
2024-05-23 15:15:00,1978.05,1979.85,1974.05,1974.05,312
2024-05-23 15:16:00,1974.05,1976.0,1973.2,1973.3,43
2024-05-23 15:17:00,1974.95,1976.55,1971.05,1971.05,354
2024-05-23 15:18:00,1976.55,1976.55,1970.05,1971.65,150
2024-05-23 15:19:00,1971.65,1976.0,1971.65,1975.0,98
2024-05-23 15:20:00,1975.75,1975.95,1975.0,1975.9,15
2024-05-23 15:21:00,1975.9,1975.9,1970.1,1974.6,236
2024-05-23 15:22:00,1974.6,1974.6,1970.35,1971.65,93
2024-05-23 15:23:00,1971.65,1974.55,1970.9,1970.9,158
2024-05-23 15:24:00,1970.9,1973.3,1970.9,1971.05,107
2024-05-23 15:25:00,1971.0,1972.4,1970.9,1971.55,287
2024-05-23 15:26:00,1972.85,1972.85,1972.65,1972.8,107
2024-05-23 15:27:00,1972.8,1972.8,1971.0,1972.45,26
2024-05-23 15:28:00,1972.45,1972.45,1971.1,1972.0,258
2024-05-23 15:29:00,1971.1,1975.5,1971.1,1974.0,179
2024-05-24 09:15:00,1950.0,1977.55,1950.0,1974.0,112
2024-05-24 09:16:00,1973.7,1976.8,1969.35,1976.8,409
2024-05-24 09:17:00,1976.8,1983.75,1976.75,1980.9,797
2024-05-24 09:18:00,1980.9,1980.9,1975.05,1975.05,320
2024-05-24 09:19:00,1975.05,1979.0,1975.05,1975.1,20
2024-05-24 09:20:00,1975.1,1975.1,1973.05,1973.05,134
2024-05-24 09:21:00,1973.1,1977.95,1972.15,1977.8,286
2024-05-24 09:22:00,1977.7,1977.75,1973.3,1977.0,118
2024-05-24 09:23:00,1977.0,1977.0,1974.0,1975.85,63
2024-05-24 09:24:00,1975.85,1975.95,1973.6,1974.55,257
2024-05-24 09:25:00,1974.55,1975.0,1972.15,1974.0,59
2024-05-24 09:26:00,1974.0,1977.0,1974.0,1977.0,86
2024-05-24 09:27:00,1977.0,1977.4,1974.1,1977.0,205
2024-05-24 09:28:00,1977.0,1977.8,1974.25,1977.75,124
2024-05-24 09:29:00,1977.75,1977.8,1975.8,1977.7,13
2024-05-24 09:30:00,1977.75,1979.25,1975.9,1978.8,215
2024-05-24 09:31:00,1978.8,1980.0,1978.0,1980.0,54
2024-05-24 09:32:00,1980.0,1980.95,1978.0,1980.95,77
2024-05-24 09:33:00,1980.95,1981.45,1980.95,1981.45,125
2024-05-24 09:34:00,1981.45,1982.0,1978.05,1980.0,169
2024-05-24 09:35:00,1980.0,1981.2,1978.55,1978.55,31
2024-05-24 09:36:00,1978.55,1980.55,1975.9,1978.0,195
2024-05-24 09:37:00,1975.05,1975.7,1972.0,1974.25,245
2024-05-24 09:38:00,1977.7,1977.7,1977.4,1977.5,261
2024-05-24 09:39:00,1977.5,1977.5,1973.15,1977.45,142
2024-05-24 09:40:00,1977.45,1978.65,1975.75,1976.5,26
2024-05-24 09:41:00,1976.5,1980.0,1974.3,1980.0,30
2024-05-24 09:42:00,1980.0,1980.0,1977.5,1979.25,33
2024-05-24 09:43:00,1979.25,1979.75,1977.55,1979.75,36
2024-05-24 09:44:00,1979.75,1979.75,1977.8,1977.9,57
2024-05-24 09:45:00,1977.9,1979.7,1976.05,1976.1,114
2024-05-24 09:46:00,1976.1,1978.7,1975.9,1976.3,17
2024-05-24 09:47:00,1976.3,1978.65,1975.85,1978.2,63
2024-05-24 09:48:00,1978.2,1978.35,1976.05,1977.65,37
2024-05-24 09:49:00,1977.65,1977.65,1976.05,1976.7,12
2024-05-24 09:50:00,1976.7,1976.7,1976.7,1976.7,13
2024-05-24 09:51:00,1976.7,1977.0,1976.0,1977.0,76
2024-05-24 09:52:00,1977.0,1977.0,1976.0,1976.0,7
2024-05-24 09:53:00,1976.0,1976.0,1974.5,1975.0,62
2024-05-24 09:54:00,1975.95,1977.0,1972.55,1972.55,135
2024-05-24 09:55:00,1972.55,1972.55,1967.0,1967.0,797
2024-05-24 09:56:00,1967.0,1971.25,1967.0,1968.25,60
2024-05-24 09:57:00,1968.15,1970.35,1968.15,1970.35,8
2024-05-24 09:58:00,1970.0,1971.0,1968.15,1971.0,201
2024-05-24 09:59:00,1971.0,1971.0,1970.0,1970.6,12
2024-05-24 10:00:00,1970.6,1971.0,1968.45,1968.6,52
2024-05-24 10:01:00,1968.6,1970.0,1968.6,1970.0,24
2024-05-24 10:02:00,1970.0,1970.0,1968.7,1968.7,21
2024-05-24 10:03:00,1970.65,1971.0,1970.0,1970.1,53
2024-05-24 10:04:00,1970.1,1971.0,1970.1,1971.0,6
2024-05-24 10:05:00,1971.0,1971.0,1970.1,1970.1,15
2024-05-24 10:06:00,1970.1,1971.0,1970.1,1971.0,20
2024-05-24 10:07:00,1971.0,1971.0,1971.0,1971.0,13
2024-05-24 10:08:00,1971.0,1972.0,1971.0,1972.0,36
2024-05-24 10:09:00,1972.0,1974.75,1972.0,1974.75,132
2024-05-24 10:10:00,1974.75,1974.75,1972.05,1972.6,103
2024-05-24 10:11:00,1972.6,1974.85,1972.6,1974.85,293
2024-05-24 10:12:00,1974.85,1974.85,1974.85,1974.85,5
2024-05-24 10:13:00,1974.85,1975.8,1974.85,1975.75,3
2024-05-24 10:14:00,1975.75,1975.75,1975.75,1975.75,1
2024-05-24 10:15:00,1975.75,1975.75,1972.15,1973.0,212
2024-05-24 10:16:00,1973.0,1974.55,1972.15,1974.55,43
2024-05-24 10:17:00,1974.55,1975.35,1972.0,1972.0,48
2024-05-24 10:18:00,1972.0,1974.45,1972.0,1974.35,38
2024-05-24 10:19:00,1974.35,1974.8,1972.0,1974.8,32
2024-05-24 10:20:00,1974.8,1974.85,1972.15,1972.15,56
2024-05-24 10:21:00,1972.15,1973.0,1972.15,1973.0,38
2024-05-24 10:22:00,1973.0,1973.7,1971.05,1973.7,103
2024-05-24 10:23:00,1973.7,1973.7,1971.15,1973.65,61
2024-05-24 10:24:00,1973.65,1974.05,1971.3,1971.3,81
2024-05-24 10:25:00,1971.3,1971.35,1971.0,1971.0,59
2024-05-24 10:26:00,1971.0,1974.0,1971.0,1974.0,10
2024-05-24 10:27:00,1974.0,1974.0,1971.2,1971.2,5
2024-05-24 10:28:00,1971.2,1973.25,1971.2,1973.25,1
2024-05-24 10:29:00,1973.25,1973.25,1971.0,1973.25,12
2024-05-24 10:30:00,1973.25,1973.25,1973.25,1973.25,0
2024-05-24 10:31:00,1973.25,1973.25,1973.25,1973.25,0
2024-05-24 10:32:00,1973.25,1973.25,1973.25,1973.25,0
2024-05-24 10:33:00,1973.25,1975.4,1973.25,1975.4,56
2024-05-24 10:34:00,1975.4,1975.4,1972.0,1972.0,133
2024-05-24 10:35:00,1972.0,1973.9,1971.05,1973.9,53
2024-05-24 10:36:00,1973.9,1973.9,1973.85,1973.85,6
2024-05-24 10:37:00,1973.85,1973.85,1971.95,1971.95,2
2024-05-24 10:38:00,1971.95,1971.95,1971.95,1971.95,0
2024-05-24 10:39:00,1971.95,1974.55,1971.95,1974.1,6
2024-05-24 10:40:00,1974.1,1974.1,1972.05,1972.05,9
2024-05-24 10:41:00,1972.05,1974.05,1972.05,1974.05,5
2024-05-24 10:42:00,1974.0,1974.0,1971.1,1973.7,72
2024-05-24 10:43:00,1973.7,1973.95,1973.7,1973.95,1
2024-05-24 10:44:00,1973.95,1973.95,1972.05,1972.05,7
2024-05-24 10:45:00,1972.05,1973.75,1972.05,1973.75,20
2024-05-24 10:46:00,1973.75,1973.75,1971.6,1971.6,10
2024-05-24 10:47:00,1971.6,1973.75,1971.05,1971.05,34
2024-05-24 10:48:00,1971.05,1973.8,1971.05,1973.75,18
2024-05-24 10:49:00,1973.75,1973.75,1971.05,1973.35,68
2024-05-24 10:50:00,1973.35,1973.35,1973.35,1973.35,1
2024-05-24 10:51:00,1973.35,1973.35,1971.15,1973.2,2
2024-05-24 10:52:00,1973.2,1973.25,1972.0,1972.0,12
2024-05-24 10:53:00,1972.0,1972.0,1968.6,1970.55,340
2024-05-24 10:54:00,1968.05,1970.3,1968.05,1970.3,27
2024-05-24 10:55:00,1970.3,1970.3,1968.0,1970.25,26
2024-05-24 10:56:00,1970.25,1970.25,1969.4,1969.4,2
2024-05-24 10:57:00,1969.4,1969.4,1969.4,1969.4,4
2024-05-24 10:58:00,1969.4,1969.4,1969.0,1969.4,24
2024-05-24 10:59:00,1969.4,1971.55,1969.05,1970.8,37
2024-05-24 11:00:00,1970.8,1970.8,1970.0,1970.0,6
2024-05-24 11:01:00,1970.0,1971.6,1970.0,1971.6,1
2024-05-24 11:02:00,1971.6,1971.6,1970.25,1970.25,9
2024-05-24 11:03:00,1970.25,1972.0,1970.25,1972.0,19
2024-05-24 11:04:00,1972.0,1972.0,1970.35,1971.9,6
2024-05-24 11:05:00,1971.9,1972.0,1970.0,1970.0,130
2024-05-24 11:06:00,1970.0,1970.9,1968.55,1970.9,33
2024-05-24 11:07:00,1970.9,1970.95,1970.9,1970.95,15
2024-05-24 11:08:00,1968.95,1970.85,1968.95,1970.85,5
2024-05-24 11:09:00,1970.85,1970.85,1968.5,1968.5,21
2024-05-24 11:10:00,1970.15,1970.6,1970.15,1970.6,11
2024-05-24 11:11:00,1968.35,1971.65,1968.35,1971.65,58
2024-05-24 11:12:00,1971.65,1972.0,1968.6,1968.6,61
2024-05-24 11:13:00,1968.6,1970.6,1968.15,1970.6,5
2024-05-24 11:14:00,1970.6,1970.6,1968.6,1969.9,7
2024-05-24 11:15:00,1969.9,1969.95,1968.45,1968.6,68
2024-05-24 11:16:00,1968.6,1971.0,1968.6,1970.9,107
2024-05-24 11:17:00,1970.9,1971.0,1970.0,1970.0,97
2024-05-24 11:18:00,1970.0,1970.0,1970.0,1970.0,2
2024-05-24 11:19:00,1970.0,1971.0,1970.0,1971.0,2
2024-05-24 11:20:00,1971.0,1971.0,1969.85,1971.0,42
2024-05-24 11:21:00,1971.0,1971.0,1971.0,1971.0,47
2024-05-24 11:22:00,1971.0,1971.0,1969.45,1969.45,28
2024-05-24 11:23:00,1969.45,1970.0,1968.7,1968.7,11
2024-05-24 11:24:00,1968.7,1970.0,1968.5,1970.0,37
2024-05-24 11:25:00,1970.0,1973.2,1970.0,1972.0,85
2024-05-24 11:26:00,1972.0,1972.0,1972.0,1972.0,12
2024-05-24 11:27:00,1972.0,1972.0,1972.0,1972.0,26
2024-05-24 11:28:00,1972.0,1972.0,1970.05,1970.35,97
2024-05-24 11:29:00,1970.35,1971.7,1970.0,1970.0,58
2024-05-24 11:30:00,1970.0,1970.0,1970.0,1970.0,0
2024-05-24 11:31:00,1970.0,1972.0,1970.0,1971.9,35
2024-05-24 11:32:00,1971.9,1971.9,1968.85,1968.85,71
2024-05-24 11:33:00,1970.9,1971.9,1970.9,1971.9,65
2024-05-24 11:34:00,1971.9,1971.9,1969.4,1971.0,16
2024-05-24 11:35:00,1971.0,1971.15,1968.8,1971.15,36
2024-05-24 11:36:00,1971.15,1972.0,1971.0,1972.0,39
2024-05-24 11:37:00,1972.0,1972.0,1972.0,1972.0,6
2024-05-24 11:38:00,1972.0,1972.0,1971.0,1971.6,14
2024-05-24 11:39:00,1971.6,1971.6,1970.15,1971.6,3
2024-05-24 11:40:00,1971.6,1971.6,1971.5,1971.5,5
2024-05-24 11:41:00,1971.5,1971.5,1970.15,1971.4,6
2024-05-24 11:42:00,1971.4,1971.4,1968.55,1971.2,93
2024-05-24 11:43:00,1971.2,1971.2,1969.0,1969.0,6
2024-05-24 11:44:00,1969.0,1969.0,1968.2,1968.2,6
2024-05-24 11:45:00,1968.2,1968.2,1968.05,1968.05,35
2024-05-24 11:46:00,1968.05,1970.35,1968.05,1969.9,9
2024-05-24 11:47:00,1969.9,1969.9,1969.7,1969.7,100
2024-05-24 11:48:00,1969.7,1969.7,1968.05,1968.05,99
2024-05-24 11:49:00,1968.05,1969.7,1968.05,1969.7,6
2024-05-24 11:50:00,1969.7,1969.7,1969.6,1969.6,8
2024-05-24 11:51:00,1969.6,1969.6,1969.6,1969.6,10
2024-05-24 11:52:00,1969.6,1969.6,1968.55,1969.5,37
2024-05-24 11:53:00,1969.5,1969.55,1968.0,1968.0,96
2024-05-24 11:54:00,1968.0,1970.0,1968.0,1968.4,16
2024-05-24 11:55:00,1968.4,1968.4,1968.0,1968.1,31
2024-05-24 11:56:00,1968.1,1969.9,1968.1,1968.1,5
2024-05-24 11:57:00,1968.1,1968.1,1968.1,1968.1,11
2024-05-24 11:58:00,1968.1,1969.75,1968.1,1968.45,4
2024-05-24 11:59:00,1968.45,1969.85,1968.45,1969.85,6
2024-05-24 12:00:00,1969.85,1970.0,1969.85,1970.0,6
2024-05-24 12:01:00,1970.0,1970.0,1968.5,1968.5,17
2024-05-24 12:02:00,1968.5,1968.5,1968.5,1968.5,0
2024-05-24 12:03:00,1968.5,1969.35,1967.0,1969.35,224
2024-05-24 12:04:00,1969.35,1969.35,1969.35,1969.35,0
2024-05-24 12:05:00,1969.35,1969.35,1969.35,1969.35,0
2024-05-24 12:06:00,1969.35,1970.0,1969.35,1970.0,5
2024-05-24 12:07:00,1970.0,1970.0,1970.0,1970.0,8
2024-05-24 12:08:00,1970.0,1970.0,1970.0,1970.0,2
2024-05-24 12:09:00,1970.0,1970.0,1967.0,1967.0,115
2024-05-24 12:10:00,1967.0,1969.0,1967.0,1968.9,19
2024-05-24 12:11:00,1968.95,1969.0,1968.95,1969.0,6
2024-05-24 12:12:00,1969.0,1969.9,1967.0,1969.05,51
2024-05-24 12:13:00,1969.05,1969.15,1969.05,1969.15,4
2024-05-24 12:14:00,1969.15,1969.15,1969.15,1969.15,0
2024-05-24 12:15:00,1969.15,1969.15,1969.15,1969.15,0
2024-05-24 12:16:00,1969.15,1969.45,1969.1,1969.35,18
2024-05-24 12:17:00,1969.35,1969.35,1969.35,1969.35,0
2024-05-24 12:18:00,1969.35,1969.35,1967.0,1967.0,22
2024-05-24 12:19:00,1967.0,1969.8,1967.0,1969.8,56
2024-05-24 12:20:00,1969.8,1969.8,1967.0,1967.0,8
2024-05-24 12:21:00,1967.0,1969.3,1967.0,1967.15,11
2024-05-24 12:22:00,1967.15,1967.3,1967.15,1967.3,8
2024-05-24 12:23:00,1967.3,1967.3,1967.3,1967.3,0
2024-05-24 12:24:00,1967.3,1969.3,1967.3,1969.3,3
2024-05-24 12:25:00,1969.3,1969.3,1967.0,1967.0,28
2024-05-24 12:26:00,1967.0,1969.35,1967.0,1967.5,5
2024-05-24 12:27:00,1967.5,1970.3,1967.5,1970.3,47
2024-05-24 12:28:00,1970.3,1970.9,1968.05,1970.05,64
2024-05-24 12:29:00,1970.05,1970.05,1967.5,1967.5,5
2024-05-24 12:30:00,1967.5,1970.75,1967.5,1970.75,30
2024-05-24 12:31:00,1970.75,1971.4,1970.75,1971.4,6
2024-05-24 12:32:00,1971.4,1971.4,1971.4,1971.4,1
2024-05-24 12:33:00,1971.4,1971.4,1971.35,1971.35,6
2024-05-24 12:34:00,1971.35,1971.35,1971.35,1971.35,7
2024-05-24 12:35:00,1971.35,1971.35,1971.35,1971.35,1
2024-05-24 12:36:00,1971.35,1971.35,1970.95,1970.95,1
2024-05-24 12:37:00,1970.95,1970.95,1967.95,1967.95,36
2024-05-24 12:38:00,1967.95,1970.55,1967.95,1970.55,10
2024-05-24 12:39:00,1970.55,1970.55,1970.55,1970.55,0
2024-05-24 12:40:00,1970.55,1970.55,1967.0,1967.0,53
2024-05-24 12:41:00,1967.0,1969.5,1967.0,1969.5,1
2024-05-24 12:42:00,1969.5,1969.5,1969.4,1969.4,4
2024-05-24 12:43:00,1969.4,1969.4,1967.0,1967.0,89
2024-05-24 12:44:00,1967.0,1969.6,1965.55,1969.6,117
2024-05-24 12:45:00,1969.6,1969.6,1966.05,1968.25,63
2024-05-24 12:46:00,1968.25,1968.25,1965.3,1967.1,42
2024-05-24 12:47:00,1967.1,1967.85,1966.1,1967.85,24
2024-05-24 12:48:00,1967.85,1968.1,1965.25,1965.25,90
2024-05-24 12:49:00,1965.25,1967.05,1965.25,1967.05,5
2024-05-24 12:50:00,1967.05,1967.15,1966.95,1967.15,11
2024-05-24 12:51:00,1967.15,1967.2,1967.15,1967.2,5
2024-05-24 12:52:00,1967.2,1967.85,1967.2,1967.85,18
2024-05-24 12:53:00,1967.85,1968.45,1965.25,1968.45,89
2024-05-24 12:54:00,1968.45,1969.9,1968.45,1969.9,9
2024-05-24 12:55:00,1969.9,1969.9,1968.3,1968.3,5
2024-05-24 12:56:00,1968.3,1970.6,1968.05,1968.05,54
2024-05-24 12:57:00,1968.05,1970.35,1968.05,1970.15,5
2024-05-24 12:58:00,1970.15,1970.15,1965.25,1966.95,83
2024-05-24 12:59:00,1966.95,1966.95,1965.25,1965.25,12
2024-05-24 13:00:00,1965.25,1966.7,1965.25,1966.7,1
2024-05-24 13:01:00,1966.7,1967.4,1966.7,1967.4,54
2024-05-24 13:02:00,1967.4,1968.0,1967.4,1967.95,7
2024-05-24 13:03:00,1967.95,1968.0,1966.75,1966.75,19
2024-05-24 13:04:00,1966.75,1967.95,1966.0,1967.95,48
2024-05-24 13:05:00,1967.95,1969.15,1967.95,1969.15,15
2024-05-24 13:06:00,1969.15,1970.45,1969.15,1970.45,4
2024-05-24 13:07:00,1970.45,1970.6,1970.45,1970.6,10
2024-05-24 13:08:00,1970.6,1970.6,1970.0,1970.0,3
2024-05-24 13:09:00,1970.0,1970.5,1967.8,1967.8,9
2024-05-24 13:10:00,1967.8,1970.3,1966.95,1966.95,69
2024-05-24 13:11:00,1966.95,1968.7,1966.95,1968.7,6
2024-05-24 13:12:00,1968.7,1969.0,1968.65,1969.0,121
2024-05-24 13:13:00,1969.4,1969.4,1966.2,1968.35,33
2024-05-24 13:14:00,1968.35,1968.55,1968.35,1968.55,4
2024-05-24 13:15:00,1968.55,1968.55,1966.35,1968.2,15
2024-05-24 13:16:00,1968.2,1968.2,1965.95,1967.95,9
2024-05-24 13:17:00,1967.95,1967.95,1965.25,1965.25,36
2024-05-24 13:18:00,1965.25,1965.3,1965.25,1965.25,18
2024-05-24 13:19:00,1967.1,1967.2,1965.0,1965.0,112
2024-05-24 13:20:00,1965.0,1967.05,1964.1,1965.8,385
2024-05-24 13:21:00,1965.8,1967.15,1965.8,1967.15,32
2024-05-24 13:22:00,1967.15,1967.4,1967.15,1967.4,13
2024-05-24 13:23:00,1967.4,1967.4,1965.15,1965.15,23
2024-05-24 13:24:00,1965.15,1967.15,1964.4,1966.4,67
2024-05-24 13:25:00,1966.4,1966.4,1966.4,1966.4,10
2024-05-24 13:26:00,1966.4,1966.4,1964.0,1964.0,27
2024-05-24 13:27:00,1964.0,1964.0,1963.1,1963.1,27
2024-05-24 13:28:00,1964.0,1966.4,1964.0,1964.05,27
2024-05-24 13:29:00,1964.05,1966.4,1964.05,1966.4,24
2024-05-24 13:30:00,1963.15,1966.05,1963.15,1966.05,61
2024-05-24 13:31:00,1966.05,1966.05,1966.05,1966.05,0
2024-05-24 13:32:00,1966.05,1967.4,1966.05,1967.4,16
2024-05-24 13:33:00,1967.4,1967.95,1967.4,1967.55,12
2024-05-24 13:34:00,1967.55,1968.05,1964.2,1964.2,179
2024-05-24 13:35:00,1963.5,1965.4,1963.5,1965.4,8
2024-05-24 13:36:00,1965.4,1965.95,1963.15,1965.95,32
2024-05-24 13:37:00,1965.95,1966.0,1965.0,1966.0,2
2024-05-24 13:38:00,1963.9,1966.25,1963.9,1966.25,100
2024-05-24 13:39:00,1966.25,1966.25,1966.25,1966.25,12
2024-05-24 13:40:00,1966.0,1966.15,1964.15,1964.15,55
2024-05-24 13:41:00,1964.15,1964.15,1963.6,1963.6,6
2024-05-24 13:42:00,1963.6,1963.6,1962.45,1962.45,158
2024-05-24 13:43:00,1962.45,1966.05,1962.45,1966.05,23
2024-05-24 13:44:00,1966.05,1966.05,1962.95,1964.6,938
2024-05-24 13:45:00,1964.6,1964.6,1964.55,1964.55,1
2024-05-24 13:46:00,1964.55,1964.55,1960.05,1963.9,202
2024-05-24 13:47:00,1963.9,1963.9,1960.0,1962.85,617
2024-05-24 13:48:00,1962.8,1962.8,1962.8,1962.8,70
2024-05-24 13:49:00,1962.8,1962.8,1962.8,1962.8,20
2024-05-24 13:50:00,1962.8,1963.25,1960.7,1960.7,24
2024-05-24 13:51:00,1960.7,1963.75,1960.7,1963.75,24
2024-05-24 13:52:00,1963.75,1963.75,1963.6,1963.6,1
2024-05-24 13:53:00,1963.6,1963.6,1960.75,1962.8,9
2024-05-24 13:54:00,1962.8,1963.45,1960.8,1963.45,16
2024-05-24 13:55:00,1961.2,1963.2,1961.2,1963.2,87
2024-05-24 13:56:00,1963.2,1963.2,1963.15,1963.15,25
2024-05-24 13:57:00,1961.2,1962.7,1961.05,1962.7,25
2024-05-24 13:58:00,1962.7,1962.95,1960.0,1962.35,134
2024-05-24 13:59:00,1962.35,1963.9,1962.3,1963.9,60
2024-05-24 14:00:00,1963.9,1963.9,1961.95,1963.65,32
2024-05-24 14:01:00,1963.65,1963.65,1961.55,1961.55,3
2024-05-24 14:02:00,1961.55,1963.9,1961.55,1963.9,7
2024-05-24 14:03:00,1963.9,1963.9,1963.9,1963.9,2
2024-05-24 14:04:00,1963.9,1964.0,1961.8,1964.0,25
2024-05-24 14:05:00,1961.9,1964.15,1961.9,1964.15,28
2024-05-24 14:06:00,1964.15,1964.15,1964.15,1964.15,0
2024-05-24 14:07:00,1964.15,1964.15,1962.4,1963.95,7
2024-05-24 14:08:00,1963.95,1964.6,1963.95,1964.6,28
2024-05-24 14:09:00,1964.6,1964.6,1962.35,1962.35,108
2024-05-24 14:10:00,1962.35,1963.9,1962.05,1963.9,11
2024-05-24 14:11:00,1963.9,1963.95,1963.9,1963.9,17
2024-05-24 14:12:00,1963.9,1963.9,1963.75,1963.75,5
2024-05-24 14:13:00,1963.75,1963.75,1962.1,1962.1,102
2024-05-24 14:14:00,1962.1,1964.05,1962.1,1963.95,11
2024-05-24 14:15:00,1963.95,1963.95,1961.05,1961.05,182
2024-05-24 14:16:00,1961.05,1962.85,1961.05,1962.85,14
2024-05-24 14:17:00,1962.85,1963.2,1962.0,1962.0,9
2024-05-24 14:18:00,1962.0,1963.1,1962.0,1963.1,5
2024-05-24 14:19:00,1963.1,1963.1,1961.05,1962.85,44
2024-05-24 14:20:00,1962.85,1962.85,1960.3,1962.3,115
2024-05-24 14:21:00,1962.3,1962.3,1962.25,1962.25,1
2024-05-24 14:22:00,1962.25,1962.25,1959.95,1960.45,153
2024-05-24 14:23:00,1960.45,1961.65,1960.45,1961.65,35
2024-05-24 14:24:00,1961.65,1961.65,1960.5,1961.05,16
2024-05-24 14:25:00,1961.05,1961.05,1959.8,1959.8,31
2024-05-24 14:26:00,1959.8,1961.0,1959.8,1961.0,27
2024-05-24 14:27:00,1961.0,1961.0,1959.8,1960.5,14
2024-05-24 14:28:00,1960.5,1961.05,1960.5,1961.05,28
2024-05-24 14:29:00,1961.05,1961.05,1960.5,1960.5,14
2024-05-24 14:30:00,1961.0,1961.0,1955.5,1955.5,548
2024-05-24 14:31:00,1955.5,1955.5,1954.75,1955.4,711
2024-05-24 14:32:00,1955.4,1956.4,1953.15,1955.9,220
2024-05-24 14:33:00,1955.9,1956.65,1954.4,1954.9,109
2024-05-24 14:34:00,1954.9,1955.8,1954.05,1954.45,85
2024-05-24 14:35:00,1954.45,1955.6,1953.55,1953.55,127
2024-05-24 14:36:00,1953.55,1955.1,1953.05,1955.0,206
2024-05-24 14:37:00,1955.0,1957.8,1953.0,1954.0,176
2024-05-24 14:38:00,1954.0,1957.95,1954.0,1955.25,207
2024-05-24 14:39:00,1956.6,1957.9,1955.05,1957.9,100
2024-05-24 14:40:00,1957.9,1960.5,1957.9,1958.0,117
2024-05-24 14:41:00,1958.0,1958.85,1958.0,1958.85,10
2024-05-24 14:42:00,1958.85,1960.2,1958.5,1959.95,9
2024-05-24 14:43:00,1959.95,1959.95,1958.0,1958.6,79
2024-05-24 14:44:00,1958.6,1959.95,1958.6,1959.95,35
2024-05-24 14:45:00,1959.95,1961.3,1958.6,1961.15,167
2024-05-24 14:46:00,1961.15,1961.15,1957.2,1959.45,128
2024-05-24 14:47:00,1959.45,1959.9,1959.45,1959.9,7
2024-05-24 14:48:00,1959.9,1959.9,1955.1,1956.0,253
2024-05-24 14:49:00,1956.0,1957.9,1956.0,1957.9,26
2024-05-24 14:50:00,1957.9,1957.9,1957.1,1957.1,42
2024-05-24 14:51:00,1957.1,1957.95,1957.1,1957.1,37
2024-05-24 14:52:00,1957.1,1960.0,1957.1,1959.95,63
2024-05-24 14:53:00,1959.95,1959.95,1957.0,1957.0,131
2024-05-24 14:54:00,1957.0,1959.25,1957.0,1959.1,2
2024-05-24 14:55:00,1959.1,1959.1,1959.1,1959.1,10
2024-05-24 14:56:00,1959.1,1961.6,1959.0,1960.0,53
2024-05-24 14:57:00,1960.0,1961.55,1959.0,1959.0,83
2024-05-24 14:58:00,1959.0,1960.75,1958.75,1960.75,20
2024-05-24 14:59:00,1960.75,1960.75,1960.75,1960.75,1
2024-05-24 15:00:00,1960.75,1960.75,1957.0,1958.0,182
2024-05-24 15:01:00,1958.0,1958.65,1957.1,1958.65,10
2024-05-24 15:02:00,1958.65,1958.95,1957.1,1958.95,8
2024-05-24 15:03:00,1959.3,1961.5,1958.05,1958.05,255
2024-05-24 15:04:00,1958.05,1961.6,1958.05,1961.6,187
2024-05-24 15:05:00,1961.6,1961.6,1955.7,1955.7,432
2024-05-24 15:06:00,1955.7,1959.25,1955.7,1956.05,128
2024-05-24 15:07:00,1958.9,1959.5,1958.9,1959.5,75
2024-05-24 15:08:00,1959.5,1959.85,1958.0,1959.7,47
2024-05-24 15:09:00,1959.7,1959.9,1958.0,1958.7,48
2024-05-24 15:10:00,1960.85,1961.6,1959.4,1959.4,217
2024-05-24 15:11:00,1959.4,1961.55,1959.05,1959.05,11
2024-05-24 15:12:00,1961.5,1962.3,1960.0,1960.0,196
2024-05-24 15:13:00,1960.0,1960.35,1959.05,1960.35,558
2024-05-24 15:14:00,1961.95,1962.3,1961.95,1962.3,30
2024-05-24 15:15:00,1962.3,1962.75,1960.05,1960.6,215
2024-05-24 15:16:00,1960.6,1962.3,1960.0,1961.7,178
2024-05-24 15:17:00,1961.7,1962.1,1960.3,1961.0,19
2024-05-24 15:18:00,1961.0,1961.0,1960.3,1960.8,21
2024-05-24 15:19:00,1960.8,1962.6,1960.8,1961.0,95
2024-05-24 15:20:00,1961.05,1963.05,1960.8,1962.95,324
2024-05-24 15:21:00,1960.9,1962.9,1960.9,1961.25,72
2024-05-24 15:22:00,1961.25,1962.0,1961.25,1961.8,31
2024-05-24 15:23:00,1961.8,1962.05,1961.25,1962.05,40
2024-05-24 15:24:00,1962.05,1963.0,1962.0,1962.95,53
2024-05-24 15:25:00,1962.6,1963.65,1962.5,1963.65,95
2024-05-24 15:26:00,1962.0,1963.5,1962.0,1963.5,165
2024-05-24 15:27:00,1963.5,1963.5,1962.9,1963.45,64
2024-05-24 15:28:00,1963.45,1963.5,1961.0,1963.5,341
2024-05-24 15:29:00,1963.45,1963.45,1961.0,1963.45,107
2024-05-27 09:15:00,1961.2,1973.45,1961.2,1970.0,148
2024-05-27 09:16:00,1969.95,1969.95,1966.0,1966.0,70
2024-05-27 09:17:00,1966.0,1968.95,1965.3,1968.0,134
2024-05-27 09:18:00,1968.0,1969.95,1962.9,1965.6,276
2024-05-27 09:19:00,1965.6,1968.25,1964.6,1964.6,25
2024-05-27 09:20:00,1964.6,1965.95,1961.5,1961.5,163
2024-05-27 09:21:00,1961.0,1963.5,1958.05,1963.5,905
2024-05-27 09:22:00,1963.5,1963.5,1962.0,1963.0,54
2024-05-27 09:23:00,1963.0,1963.0,1958.0,1961.4,275
2024-05-27 09:24:00,1961.4,1961.65,1958.0,1961.5,140
2024-05-27 09:25:00,1958.7,1961.5,1957.25,1959.65,50
2024-05-27 09:26:00,1959.65,1960.85,1958.0,1960.85,245
2024-05-27 09:27:00,1960.85,1960.85,1955.05,1955.05,356
2024-05-27 09:28:00,1955.05,1956.8,1955.0,1956.8,41
2024-05-27 09:29:00,1956.8,1957.2,1955.1,1956.7,198
2024-05-27 09:30:00,1956.7,1957.15,1952.0,1953.4,244
2024-05-27 09:31:00,1951.5,1951.95,1951.0,1951.0,182
2024-05-27 09:32:00,1952.15,1953.8,1951.0,1952.7,198
2024-05-27 09:33:00,1952.7,1953.25,1950.85,1950.85,211
2024-05-27 09:34:00,1950.85,1953.65,1950.85,1953.65,37
2024-05-27 09:35:00,1953.65,1953.65,1950.1,1950.6,394
2024-05-27 09:36:00,1950.6,1952.7,1950.1,1952.6,60
2024-05-27 09:37:00,1952.6,1955.25,1951.2,1952.7,1010
2024-05-27 09:38:00,1952.7,1955.4,1952.7,1952.7,43
2024-05-27 09:39:00,1952.7,1955.4,1952.7,1953.2,117
2024-05-27 09:40:00,1955.35,1955.35,1955.2,1955.25,11
2024-05-27 09:41:00,1955.25,1956.0,1953.45,1956.0,77
2024-05-27 09:42:00,1955.95,1955.95,1953.65,1955.25,96
2024-05-27 09:43:00,1955.25,1955.3,1953.2,1953.2,99
2024-05-27 09:44:00,1953.2,1954.95,1952.7,1954.8,192
2024-05-27 09:45:00,1954.8,1955.0,1950.5,1950.5,290
2024-05-27 09:46:00,1949.0,1950.35,1946.2,1948.45,698
2024-05-27 09:47:00,1948.45,1949.75,1947.05,1948.45,35
2024-05-27 09:48:00,1949.2,1949.4,1947.0,1947.0,179
2024-05-27 09:49:00,1946.2,1947.8,1946.0,1947.7,473
2024-05-27 09:50:00,1947.7,1948.0,1946.0,1946.0,46
2024-05-27 09:51:00,1946.0,1950.4,1946.0,1950.4,141
2024-05-27 09:52:00,1950.35,1951.9,1948.45,1951.9,56
2024-05-27 09:53:00,1951.9,1951.9,1947.4,1949.9,210
2024-05-27 09:54:00,1947.7,1949.9,1947.55,1947.65,15
2024-05-27 09:55:00,1948.0,1949.75,1948.0,1949.75,16
2024-05-27 09:56:00,1949.7,1950.0,1947.05,1949.0,174
2024-05-27 09:57:00,1949.0,1949.65,1946.0,1948.0,122
2024-05-27 09:58:00,1947.95,1950.0,1945.1,1946.0,457
2024-05-27 09:59:00,1946.0,1947.6,1945.0,1945.0,54
2024-05-27 10:00:00,1945.0,1946.45,1945.0,1945.0,24
2024-05-27 10:01:00,1945.0,1946.45,1945.0,1945.05,69
2024-05-27 10:02:00,1945.05,1947.0,1945.05,1945.05,52
2024-05-27 10:03:00,1946.85,1948.7,1945.95,1945.95,279
2024-05-27 10:04:00,1945.95,1946.15,1944.9,1946.15,223
2024-05-27 10:05:00,1946.15,1947.0,1944.9,1947.0,603
2024-05-27 10:06:00,1947.0,1947.0,1945.25,1945.25,53
2024-05-27 10:07:00,1945.25,1947.0,1945.0,1947.0,264
2024-05-27 10:08:00,1947.0,1949.95,1947.0,1949.95,14
2024-05-27 10:09:00,1948.35,1954.35,1948.35,1951.9,275
2024-05-27 10:10:00,1951.9,1954.5,1951.85,1951.85,41
2024-05-27 10:11:00,1951.85,1954.5,1951.85,1954.5,24
2024-05-27 10:12:00,1954.5,1954.5,1951.9,1954.2,17
2024-05-27 10:13:00,1954.2,1954.2,1951.0,1951.0,43
2024-05-27 10:14:00,1951.0,1953.15,1950.45,1952.85,116
2024-05-27 10:15:00,1952.85,1952.85,1950.2,1950.65,42
2024-05-27 10:16:00,1950.65,1952.4,1950.65,1952.4,10
2024-05-27 10:17:00,1952.4,1952.4,1951.0,1951.0,5
2024-05-27 10:18:00,1950.1,1951.95,1950.05,1951.95,118
2024-05-27 10:19:00,1951.95,1951.95,1951.95,1951.95,3
2024-05-27 10:20:00,1951.95,1951.95,1950.55,1951.95,18
2024-05-27 10:21:00,1951.95,1951.95,1951.95,1951.95,0
2024-05-27 10:22:00,1951.95,1951.95,1950.25,1951.95,73
2024-05-27 10:23:00,1951.95,1951.95,1951.95,1951.95,2
2024-05-27 10:24:00,1951.95,1951.95,1949.25,1951.85,271
2024-05-27 10:25:00,1951.85,1951.85,1950.0,1950.0,55
2024-05-27 10:26:00,1950.0,1950.0,1949.0,1950.0,77
2024-05-27 10:27:00,1950.0,1950.0,1946.8,1948.95,386
2024-05-27 10:28:00,1948.95,1949.95,1946.8,1946.8,12
2024-05-27 10:29:00,1946.8,1949.45,1946.8,1949.45,21
2024-05-27 10:30:00,1949.45,1949.45,1946.4,1948.1,51
2024-05-27 10:31:00,1948.1,1949.0,1946.4,1949.0,79
2024-05-27 10:32:00,1948.1,1948.1,1948.0,1948.0,6
2024-05-27 10:33:00,1948.0,1948.0,1948.0,1948.0,33
2024-05-27 10:34:00,1948.0,1948.8,1945.75,1948.8,289
2024-05-27 10:35:00,1948.95,1949.0,1947.0,1949.0,61
2024-05-27 10:36:00,1949.0,1949.0,1948.95,1948.95,23
2024-05-27 10:37:00,1948.95,1949.0,1948.5,1948.95,45
2024-05-27 10:38:00,1948.95,1948.95,1948.95,1948.95,27
2024-05-27 10:39:00,1948.95,1949.0,1947.1,1948.95,38
2024-05-27 10:40:00,1948.95,1948.95,1948.9,1948.95,5
2024-05-27 10:41:00,1948.95,1948.95,1946.85,1946.85,19
2024-05-27 10:42:00,1946.85,1948.8,1946.4,1946.45,94
2024-05-27 10:43:00,1948.9,1948.9,1946.7,1948.65,67
2024-05-27 10:44:00,1948.65,1948.95,1948.65,1948.95,16
2024-05-27 10:45:00,1948.95,1948.95,1946.85,1948.8,60
2024-05-27 10:46:00,1948.8,1949.0,1947.05,1947.05,32
2024-05-27 10:47:00,1947.05,1949.0,1947.0,1947.0,73
2024-05-27 10:48:00,1947.0,1949.0,1946.6,1949.0,85
2024-05-27 10:49:00,1949.0,1949.0,1947.0,1947.0,43
2024-05-27 10:50:00,1947.0,1948.9,1947.0,1948.9,32
2024-05-27 10:51:00,1948.9,1948.95,1947.1,1947.15,89
2024-05-27 10:52:00,1947.15,1949.0,1947.15,1948.95,73
2024-05-27 10:53:00,1948.95,1948.95,1948.0,1948.0,4
2024-05-27 10:54:00,1948.0,1949.0,1948.0,1949.0,7
2024-05-27 10:55:00,1949.0,1949.0,1946.0,1948.05,416
2024-05-27 10:56:00,1948.05,1949.0,1946.65,1946.65,97
2024-05-27 10:57:00,1945.7,1945.7,1945.7,1945.7,23
2024-05-27 10:58:00,1945.7,1948.25,1945.7,1946.25,4
2024-05-27 10:59:00,1946.25,1948.25,1946.25,1948.15,25
2024-05-27 11:00:00,1949.0,1949.0,1949.0,1949.0,7
2024-05-27 11:01:00,1948.15,1952.55,1948.15,1952.55,817
2024-05-27 11:02:00,1952.55,1952.55,1951.85,1951.85,3
2024-05-27 11:03:00,1951.85,1952.0,1950.3,1951.9,456
2024-05-27 11:04:00,1951.9,1953.3,1951.1,1953.3,10
2024-05-27 11:05:00,1953.3,1954.8,1951.45,1954.15,190
2024-05-27 11:06:00,1954.15,1954.3,1951.6,1954.3,7
2024-05-27 11:07:00,1954.3,1954.7,1953.0,1954.7,34
2024-05-27 11:08:00,1954.7,1954.7,1954.55,1954.55,1
2024-05-27 11:09:00,1954.55,1954.6,1954.55,1954.6,29
2024-05-27 11:10:00,1954.6,1954.6,1953.0,1953.9,35
2024-05-27 11:11:00,1953.9,1953.9,1953.0,1953.0,26
2024-05-27 11:12:00,1953.0,1953.3,1951.7,1951.7,15
2024-05-27 11:13:00,1951.7,1953.3,1951.4,1951.4,122
2024-05-27 11:14:00,1951.4,1953.3,1950.8,1952.65,114
2024-05-27 11:15:00,1952.65,1953.0,1952.65,1952.65,48
2024-05-27 11:16:00,1952.65,1952.65,1952.65,1952.65,11
2024-05-27 11:17:00,1952.65,1952.65,1952.65,1952.65,4
2024-05-27 11:18:00,1952.65,1952.65,1951.0,1952.6,21
2024-05-27 11:19:00,1952.6,1952.6,1950.15,1950.15,64
2024-05-27 11:20:00,1950.15,1952.4,1950.15,1952.4,12
2024-05-27 11:21:00,1952.4,1952.6,1952.4,1952.6,1
2024-05-27 11:22:00,1952.6,1952.6,1952.6,1952.6,0
2024-05-27 11:23:00,1952.6,1952.6,1950.8,1952.4,37
2024-05-27 11:24:00,1952.4,1952.4,1950.0,1950.0,98
2024-05-27 11:25:00,1950.0,1952.25,1950.0,1952.25,84
2024-05-27 11:26:00,1952.25,1952.65,1952.25,1952.65,3
2024-05-27 11:27:00,1952.65,1952.65,1950.6,1950.6,4
2024-05-27 11:28:00,1950.6,1952.0,1950.6,1950.6,9
2024-05-27 11:29:00,1950.6,1952.0,1950.6,1952.0,7
2024-05-27 11:30:00,1952.0,1952.0,1951.0,1952.0,16
2024-05-27 11:31:00,1952.0,1952.0,1950.6,1952.0,24
2024-05-27 11:32:00,1952.0,1952.0,1952.0,1952.0,4
2024-05-27 11:33:00,1952.0,1952.0,1950.0,1950.2,257
2024-05-27 11:34:00,1950.2,1952.0,1950.05,1952.0,82
2024-05-27 11:35:00,1952.0,1952.0,1952.0,1952.0,0
2024-05-27 11:36:00,1952.0,1952.0,1950.15,1951.9,9
2024-05-27 11:37:00,1951.9,1951.95,1951.9,1951.95,2
2024-05-27 11:38:00,1951.95,1952.0,1950.15,1952.0,151
2024-05-27 11:39:00,1952.0,1952.0,1952.0,1952.0,24
2024-05-27 11:40:00,1952.0,1952.0,1950.1,1952.0,18
2024-05-27 11:41:00,1952.0,1952.0,1952.0,1952.0,24
2024-05-27 11:42:00,1952.0,1952.0,1951.0,1952.0,11
2024-05-27 11:43:00,1952.0,1952.0,1951.5,1951.5,2
2024-05-27 11:44:00,1951.5,1951.5,1950.15,1950.15,15
2024-05-27 11:45:00,1950.15,1953.0,1950.15,1951.2,321
2024-05-27 11:46:00,1951.2,1952.85,1950.7,1950.7,70
2024-05-27 11:47:00,1950.7,1952.65,1950.7,1950.85,14
2024-05-27 11:48:00,1950.85,1952.75,1950.85,1952.75,13
2024-05-27 11:49:00,1950.9,1952.3,1950.65,1952.3,25
2024-05-27 11:50:00,1952.3,1953.0,1951.4,1951.4,12
2024-05-27 11:51:00,1951.4,1951.45,1951.4,1951.45,6
2024-05-27 11:52:00,1951.45,1951.45,1951.45,1951.45,15
2024-05-27 11:53:00,1951.45,1952.8,1950.9,1952.8,29
2024-05-27 11:54:00,1952.8,1952.8,1952.8,1952.8,1
2024-05-27 11:55:00,1952.8,1952.85,1952.8,1952.85,6
2024-05-27 11:56:00,1952.85,1952.85,1952.85,1952.85,1
2024-05-27 11:57:00,1952.85,1953.0,1952.85,1953.0,35
2024-05-27 11:58:00,1953.0,1953.0,1951.15,1951.15,25
2024-05-27 11:59:00,1951.15,1952.35,1951.15,1952.35,7
2024-05-27 12:00:00,1952.35,1952.7,1952.35,1952.7,11
2024-05-27 12:01:00,1952.7,1952.7,1951.0,1951.0,20
2024-05-27 12:02:00,1951.0,1951.0,1951.0,1951.0,60
2024-05-27 12:03:00,1951.0,1951.0,1950.0,1950.0,171
2024-05-27 12:04:00,1950.0,1952.5,1950.0,1951.0,109
2024-05-27 12:05:00,1951.0,1951.0,1951.0,1951.0,5
2024-05-27 12:06:00,1951.0,1952.35,1950.4,1950.45,58
2024-05-27 12:07:00,1950.45,1952.3,1950.4,1950.4,17
2024-05-27 12:08:00,1950.4,1950.4,1950.2,1950.2,20
2024-05-27 12:09:00,1950.2,1952.0,1950.05,1952.0,32
2024-05-27 12:10:00,1952.0,1952.3,1950.3,1950.3,14
2024-05-27 12:11:00,1950.3,1950.3,1950.3,1950.3,6
2024-05-27 12:12:00,1950.3,1952.25,1950.3,1952.25,1
2024-05-27 12:13:00,1952.25,1952.4,1950.2,1950.2,16
2024-05-27 12:14:00,1950.2,1950.2,1950.0,1950.0,43
2024-05-27 12:15:00,1950.0,1952.3,1950.0,1950.0,60
2024-05-27 12:16:00,1950.0,1952.45,1950.0,1952.45,27
2024-05-27 12:17:00,1952.45,1952.45,1950.0,1952.0,112
2024-05-27 12:18:00,1952.0,1952.05,1952.0,1952.05,12
2024-05-27 12:19:00,1953.0,1953.0,1952.6,1952.6,303
2024-05-27 12:20:00,1952.6,1952.6,1952.4,1952.4,53
2024-05-27 12:21:00,1952.4,1952.4,1952.4,1952.4,51
2024-05-27 12:22:00,1952.4,1952.4,1952.4,1952.4,3
2024-05-27 12:23:00,1952.4,1952.4,1952.0,1952.0,10
2024-05-27 12:24:00,1952.0,1952.35,1950.75,1952.35,16
2024-05-27 12:25:00,1952.35,1952.35,1950.0,1950.0,78
2024-05-27 12:26:00,1950.0,1951.85,1950.0,1950.0,13
2024-05-27 12:27:00,1950.0,1952.4,1950.0,1952.4,39
2024-05-27 12:28:00,1952.4,1952.4,1952.35,1952.35,26
2024-05-27 12:29:00,1952.35,1952.8,1952.35,1952.8,15
2024-05-27 12:30:00,1952.8,1952.9,1952.8,1952.9,1
2024-05-27 12:31:00,1952.9,1952.95,1951.0,1952.75,20
2024-05-27 12:32:00,1952.75,1952.85,1951.0,1952.85,7
2024-05-27 12:33:00,1951.0,1952.3,1950.1,1952.2,120
2024-05-27 12:34:00,1952.2,1953.0,1950.8,1950.8,117
2024-05-27 12:35:00,1950.8,1950.8,1950.8,1950.8,50
2024-05-27 12:36:00,1950.8,1952.95,1950.8,1952.95,50
2024-05-27 12:37:00,1952.95,1952.95,1950.9,1950.9,51
2024-05-27 12:38:00,1950.9,1952.45,1950.8,1952.4,25
2024-05-27 12:39:00,1952.4,1952.4,1950.7,1952.4,5
2024-05-27 12:40:00,1952.4,1952.4,1950.4,1950.4,20
2024-05-27 12:41:00,1950.4,1952.4,1950.4,1952.4,9
2024-05-27 12:42:00,1952.4,1952.4,1950.55,1952.4,9
2024-05-27 12:43:00,1952.4,1952.45,1950.55,1952.4,9
2024-05-27 12:44:00,1952.4,1952.4,1950.6,1950.6,26
2024-05-27 12:45:00,1952.35,1952.45,1952.0,1952.0,40
2024-05-27 12:46:00,1952.0,1952.0,1950.95,1950.95,6
2024-05-27 12:47:00,1950.75,1952.4,1950.7,1952.4,24
2024-05-27 12:48:00,1952.4,1952.4,1952.4,1952.4,6
2024-05-27 12:49:00,1952.4,1952.95,1952.4,1952.95,20
2024-05-27 12:50:00,1952.95,1952.95,1950.4,1952.25,35
2024-05-27 12:51:00,1952.25,1952.25,1950.0,1952.1,76
2024-05-27 12:52:00,1952.1,1952.1,1950.5,1952.1,17
2024-05-27 12:53:00,1950.0,1950.0,1950.0,1950.0,86
2024-05-27 12:54:00,1950.0,1952.7,1950.0,1952.7,124
2024-05-27 12:55:00,1952.7,1952.7,1950.8,1950.8,5
2024-05-27 12:56:00,1950.8,1950.8,1950.55,1950.55,6
2024-05-27 12:57:00,1950.55,1952.45,1950.55,1952.45,13
2024-05-27 12:58:00,1952.45,1952.55,1950.7,1950.7,25
2024-05-27 12:59:00,1950.7,1952.3,1950.7,1950.75,10
2024-05-27 13:00:00,1950.75,1951.0,1950.5,1951.0,69
2024-05-27 13:01:00,1951.0,1951.0,1951.0,1951.0,1
2024-05-27 13:02:00,1951.0,1951.0,1950.0,1950.0,41
2024-05-27 13:03:00,1950.0,1951.0,1950.0,1951.0,3
2024-05-27 13:04:00,1951.0,1951.0,1951.0,1951.0,5
2024-05-27 13:05:00,1951.0,1951.0,1950.0,1950.0,32
2024-05-27 13:06:00,1950.0,1951.0,1950.0,1950.0,251
2024-05-27 13:07:00,1950.0,1951.0,1950.0,1951.0,13
2024-05-27 13:08:00,1951.0,1951.0,1949.6,1951.0,16
2024-05-27 13:09:00,1951.0,1951.0,1949.5,1949.5,10
2024-05-27 13:10:00,1949.6,1949.6,1949.6,1949.6,35
2024-05-27 13:11:00,1949.6,1950.8,1949.15,1950.8,37
2024-05-27 13:12:00,1950.8,1950.8,1948.0,1950.15,261
2024-05-27 13:13:00,1950.15,1950.2,1948.3,1948.3,10
2024-05-27 13:14:00,1948.3,1950.2,1948.3,1949.9,113
2024-05-27 13:15:00,1949.9,1950.45,1948.4,1950.45,26
2024-05-27 13:16:00,1950.45,1950.45,1950.45,1950.45,0
2024-05-27 13:17:00,1950.45,1950.45,1950.45,1950.45,0
2024-05-27 13:18:00,1950.45,1950.45,1948.85,1948.85,2
2024-05-27 13:19:00,1948.85,1951.0,1948.85,1951.0,5
2024-05-27 13:20:00,1951.0,1951.0,1951.0,1951.0,3
2024-05-27 13:21:00,1951.0,1951.0,1950.35,1950.35,1
2024-05-27 13:22:00,1950.35,1951.0,1950.35,1951.0,2
2024-05-27 13:23:00,1951.0,1951.0,1951.0,1951.0,1
2024-05-27 13:24:00,1951.0,1951.0,1950.35,1951.0,7
2024-05-27 13:25:00,1951.0,1951.0,1950.35,1951.0,49
2024-05-27 13:26:00,1951.0,1951.0,1950.0,1950.0,33
2024-05-27 13:27:00,1950.0,1951.0,1949.0,1949.0,25
2024-05-27 13:28:00,1949.0,1950.0,1949.0,1950.0,10
2024-05-27 13:29:00,1950.0,1950.0,1948.85,1948.85,14
2024-05-27 13:30:00,1948.85,1950.0,1948.6,1948.6,7
2024-05-27 13:31:00,1948.6,1950.0,1947.45,1947.45,101
2024-05-27 13:32:00,1947.45,1947.6,1947.45,1947.6,7
2024-05-27 13:33:00,1947.6,1947.6,1947.6,1947.6,0
2024-05-27 13:34:00,1947.6,1949.65,1947.05,1947.05,94
2024-05-27 13:35:00,1947.05,1949.65,1947.05,1949.25,126
2024-05-27 13:36:00,1949.25,1949.25,1947.35,1947.35,5
2024-05-27 13:37:00,1948.0,1949.9,1947.05,1949.4,82
2024-05-27 13:38:00,1949.4,1949.8,1949.4,1949.8,35
2024-05-27 13:39:00,1949.8,1950.0,1949.8,1950.0,27
2024-05-27 13:40:00,1950.0,1950.0,1949.0,1949.0,11
2024-05-27 13:41:00,1949.0,1949.0,1947.0,1949.0,111
2024-05-27 13:42:00,1949.0,1949.0,1949.0,1949.0,58
2024-05-27 13:43:00,1949.0,1949.0,1947.0,1947.0,21
2024-05-27 13:44:00,1947.0,1948.6,1947.0,1948.6,7
2024-05-27 13:45:00,1948.6,1949.0,1948.6,1949.0,199
2024-05-27 13:46:00,1949.0,1949.0,1949.0,1949.0,16
2024-05-27 13:47:00,1949.0,1950.0,1949.0,1950.0,2
2024-05-27 13:48:00,1950.0,1950.0,1950.0,1950.0,38
2024-05-27 13:49:00,1950.0,1950.95,1949.05,1949.05,21
2024-05-27 13:50:00,1949.05,1949.1,1949.05,1949.1,10
2024-05-27 13:51:00,1949.1,1950.6,1949.1,1950.6,12
2024-05-27 13:52:00,1950.6,1951.0,1950.6,1951.0,13
2024-05-27 13:53:00,1951.0,1951.0,1950.0,1951.0,32
2024-05-27 13:54:00,1951.0,1951.0,1949.15,1949.15,32
2024-05-27 13:55:00,1949.15,1950.9,1949.1,1949.1,44
2024-05-27 13:56:00,1949.1,1950.0,1949.1,1950.0,24
2024-05-27 13:57:00,1950.0,1950.0,1949.0,1949.0,116
2024-05-27 13:58:00,1949.0,1950.95,1949.0,1950.0,4
2024-05-27 13:59:00,1950.0,1950.0,1950.0,1950.0,5
2024-05-27 14:00:00,1950.0,1950.0,1949.6,1950.0,6
2024-05-27 14:01:00,1950.0,1951.0,1949.5,1950.0,52
2024-05-27 14:02:00,1950.0,1950.5,1948.0,1948.0,110
2024-05-27 14:03:00,1948.0,1949.9,1948.0,1948.1,36
2024-05-27 14:04:00,1948.1,1950.2,1948.1,1948.15,94
2024-05-27 14:05:00,1948.15,1950.2,1948.15,1948.7,43
2024-05-27 14:06:00,1948.7,1948.7,1948.15,1948.15,26
2024-05-27 14:07:00,1948.15,1948.7,1948.15,1948.15,22
2024-05-27 14:08:00,1948.15,1949.9,1948.15,1948.25,113
2024-05-27 14:09:00,1948.25,1949.9,1948.15,1949.9,22
2024-05-27 14:10:00,1949.9,1949.9,1948.2,1948.2,17
2024-05-27 14:11:00,1948.2,1949.8,1948.2,1949.8,25
2024-05-27 14:12:00,1949.8,1949.8,1948.5,1948.5,17
2024-05-27 14:13:00,1948.5,1948.5,1948.5,1948.5,18
2024-05-27 14:14:00,1948.5,1948.5,1948.5,1948.5,16
2024-05-27 14:15:00,1948.5,1950.05,1948.5,1948.55,131
2024-05-27 14:16:00,1950.15,1950.15,1948.5,1948.5,30
2024-05-27 14:17:00,1948.5,1949.0,1948.0,1948.0,226
2024-05-27 14:18:00,1948.0,1948.0,1948.0,1948.0,14
2024-05-27 14:19:00,1948.0,1948.1,1948.0,1948.05,16
2024-05-27 14:20:00,1948.05,1949.8,1948.0,1948.0,78
2024-05-27 14:21:00,1948.0,1948.0,1947.05,1947.05,34
2024-05-27 14:22:00,1947.05,1948.0,1947.05,1948.0,31
2024-05-27 14:23:00,1949.4,1949.4,1948.0,1948.0,21
2024-05-27 14:24:00,1948.0,1950.1,1948.0,1948.0,27
2024-05-27 14:25:00,1948.0,1950.35,1948.0,1948.25,30
2024-05-27 14:26:00,1948.2,1950.1,1948.15,1948.25,21
2024-05-27 14:27:00,1948.25,1950.85,1948.25,1950.7,37
2024-05-27 14:28:00,1950.7,1951.0,1948.8,1948.8,59
2024-05-27 14:29:00,1948.8,1950.25,1948.55,1948.55,15
2024-05-27 14:30:00,1948.2,1950.35,1948.15,1948.2,31
2024-05-27 14:31:00,1948.2,1950.25,1948.2,1948.35,30
2024-05-27 14:32:00,1948.35,1950.1,1948.2,1948.2,21
2024-05-27 14:33:00,1948.2,1950.0,1948.15,1948.15,110
2024-05-27 14:34:00,1948.15,1948.95,1948.15,1948.15,16
2024-05-27 14:35:00,1948.1,1949.55,1948.0,1948.0,34
2024-05-27 14:36:00,1948.0,1949.6,1948.0,1949.5,17
2024-05-27 14:37:00,1948.1,1949.45,1948.05,1948.05,15
2024-05-27 14:38:00,1948.05,1950.0,1948.05,1948.2,159
2024-05-27 14:39:00,1948.2,1949.9,1948.15,1948.15,21
2024-05-27 14:40:00,1948.15,1948.55,1948.15,1948.5,19
2024-05-27 14:41:00,1948.15,1949.7,1948.1,1948.1,126
2024-05-27 14:42:00,1948.1,1948.1,1948.0,1948.0,33
2024-05-27 14:43:00,1948.05,1948.1,1948.0,1948.0,43
2024-05-27 14:44:00,1948.0,1949.0,1948.0,1948.0,59
2024-05-27 14:45:00,1948.0,1949.0,1948.0,1948.0,31
2024-05-27 14:46:00,1948.95,1948.95,1948.0,1948.0,168
2024-05-27 14:47:00,1948.95,1948.95,1948.0,1948.05,17
2024-05-27 14:48:00,1948.05,1948.95,1947.05,1948.05,106
2024-05-27 14:49:00,1948.05,1948.05,1947.05,1947.05,15
2024-05-27 14:50:00,1947.05,1947.1,1947.05,1947.05,15
2024-05-27 14:51:00,1948.0,1948.0,1947.0,1947.0,42
2024-05-27 14:52:00,1947.85,1948.0,1947.0,1947.0,57
2024-05-27 14:53:00,1947.0,1948.0,1947.0,1947.0,59
2024-05-27 14:54:00,1947.0,1948.0,1947.0,1947.0,26
2024-05-27 14:55:00,1947.0,1949.95,1946.0,1946.65,257
2024-05-27 14:56:00,1946.55,1948.5,1946.5,1946.55,17
2024-05-27 14:57:00,1946.55,1948.5,1946.55,1946.6,22
2024-05-27 14:58:00,1946.6,1946.65,1946.6,1946.65,16
2024-05-27 14:59:00,1946.65,1948.7,1946.6,1946.7,20
2024-05-27 15:00:00,1948.5,1948.5,1945.6,1945.6,146
2024-05-27 15:01:00,1945.5,1946.85,1945.0,1946.85,157
2024-05-27 15:02:00,1946.85,1949.2,1946.85,1949.2,33
2024-05-27 15:03:00,1949.2,1949.95,1948.1,1949.0,55
2024-05-27 15:04:00,1949.0,1949.7,1948.7,1949.0,7
2024-05-27 15:05:00,1949.0,1950.0,1948.15,1948.3,44
2024-05-27 15:06:00,1949.85,1949.95,1949.85,1949.95,33
2024-05-27 15:07:00,1949.95,1949.95,1949.0,1949.0,2
2024-05-27 15:08:00,1949.0,1949.4,1948.5,1949.4,3
2024-05-27 15:09:00,1949.4,1949.4,1948.5,1949.4,77
2024-05-27 15:10:00,1949.4,1952.0,1949.4,1950.2,416
2024-05-27 15:11:00,1950.2,1952.0,1950.15,1950.15,26
2024-05-27 15:12:00,1950.15,1952.0,1950.0,1950.3,221
2024-05-27 15:13:00,1950.0,1950.3,1949.55,1950.0,57
2024-05-27 15:14:00,1950.0,1950.0,1949.0,1949.0,18
2024-05-27 15:15:00,1949.0,1950.0,1945.05,1946.15,433
2024-05-27 15:16:00,1946.15,1948.75,1946.15,1946.75,14
2024-05-27 15:17:00,1947.0,1948.5,1947.0,1948.05,90
2024-05-27 15:18:00,1948.05,1948.95,1946.15,1948.0,140
2024-05-27 15:19:00,1948.0,1948.95,1946.5,1948.0,104
2024-05-27 15:20:00,1948.0,1950.0,1947.1,1950.0,184
2024-05-27 15:21:00,1950.0,1950.0,1948.05,1949.9,8
2024-05-27 15:22:00,1949.9,1950.0,1948.7,1950.0,88
2024-05-27 15:23:00,1950.0,1950.0,1949.05,1949.05,143
2024-05-27 15:24:00,1949.05,1949.75,1949.0,1949.75,200
2024-05-27 15:25:00,1949.8,1949.95,1949.0,1949.0,71
2024-05-27 15:26:00,1949.0,1949.75,1948.95,1949.0,81
2024-05-27 15:27:00,1949.0,1949.0,1948.5,1949.0,85
2024-05-27 15:28:00,1949.0,1949.95,1949.0,1949.0,167
2024-05-27 15:29:00,1948.5,1950.0,1948.0,1950.0,382
2024-05-28 09:15:00,1961.65,1970.0,1960.75,1964.25,265
2024-05-28 09:16:00,1964.8,1970.8,1964.8,1965.95,369
2024-05-28 09:17:00,1965.85,1969.85,1964.6,1969.85,339
2024-05-28 09:18:00,1969.85,1970.0,1963.05,1966.95,123
2024-05-28 09:19:00,1966.95,1967.0,1966.95,1967.0,78
2024-05-28 09:20:00,1967.0,1970.0,1964.05,1964.4,571
2024-05-28 09:21:00,1967.95,1967.95,1963.0,1965.6,350
2024-05-28 09:22:00,1965.6,1966.95,1964.15,1965.15,43
2024-05-28 09:23:00,1965.15,1965.15,1965.15,1965.15,56
2024-05-28 09:24:00,1965.55,1967.9,1965.2,1967.85,99
2024-05-28 09:25:00,1967.85,1967.85,1963.0,1965.0,186
2024-05-28 09:26:00,1965.0,1965.0,1963.0,1964.9,23
2024-05-28 09:27:00,1964.9,1964.9,1963.0,1963.0,31
2024-05-28 09:28:00,1963.0,1965.0,1963.0,1965.0,21
2024-05-28 09:29:00,1965.0,1965.0,1959.05,1959.15,449
2024-05-28 09:30:00,1959.15,1959.7,1952.0,1952.0,283
2024-05-28 09:31:00,1952.0,1953.45,1952.0,1952.05,8
2024-05-28 09:32:00,1952.05,1952.95,1952.0,1952.95,435
2024-05-28 09:33:00,1954.65,1955.0,1953.0,1953.0,343
2024-05-28 09:34:00,1953.0,1955.0,1953.0,1953.1,36
2024-05-28 09:35:00,1953.1,1953.3,1950.45,1953.3,303
2024-05-28 09:36:00,1953.3,1953.3,1953.3,1953.3,0
2024-05-28 09:37:00,1953.3,1957.35,1953.3,1957.2,176
2024-05-28 09:38:00,1957.2,1957.2,1957.0,1957.0,33
2024-05-28 09:39:00,1957.0,1957.0,1955.2,1956.2,201
2024-05-28 09:40:00,1956.2,1957.0,1952.85,1953.85,578
2024-05-28 09:41:00,1953.85,1954.35,1953.5,1953.5,14
2024-05-28 09:42:00,1953.5,1953.5,1950.1,1950.1,48
2024-05-28 09:43:00,1950.1,1951.0,1950.1,1951.0,63
2024-05-28 09:44:00,1951.0,1953.9,1951.0,1953.9,2
2024-05-28 09:45:00,1953.9,1953.95,1950.5,1950.5,36
2024-05-28 09:46:00,1950.5,1950.55,1950.5,1950.55,6
2024-05-28 09:47:00,1950.55,1953.25,1950.55,1953.25,3
2024-05-28 09:48:00,1953.25,1953.25,1950.75,1950.75,29
2024-05-28 09:49:00,1950.75,1950.75,1950.75,1950.75,3
2024-05-28 09:50:00,1950.75,1951.05,1950.0,1951.05,242
2024-05-28 09:51:00,1951.05,1951.45,1949.0,1951.3,63
2024-05-28 09:52:00,1951.3,1951.5,1951.3,1951.5,3
2024-05-28 09:53:00,1951.5,1952.0,1951.5,1951.95,77
2024-05-28 09:54:00,1951.85,1951.85,1951.85,1951.85,51
2024-05-28 09:55:00,1952.0,1952.0,1950.0,1950.0,120
2024-05-28 09:56:00,1950.0,1950.0,1948.75,1948.75,84
2024-05-28 09:57:00,1948.75,1948.75,1945.0,1947.4,642
2024-05-28 09:58:00,1947.4,1947.85,1947.4,1947.85,3
2024-05-28 09:59:00,1947.85,1947.85,1945.25,1945.25,109
2024-05-28 10:00:00,1945.25,1947.95,1944.6,1945.25,775
2024-05-28 10:01:00,1945.25,1947.1,1943.7,1947.1,86
2024-05-28 10:02:00,1947.1,1947.5,1942.0,1943.4,314
2024-05-28 10:03:00,1943.4,1943.4,1940.05,1942.25,130
2024-05-28 10:04:00,1942.25,1944.55,1942.25,1944.55,17
2024-05-28 10:05:00,1944.55,1944.55,1943.0,1943.0,30
2024-05-28 10:06:00,1943.0,1945.0,1943.0,1945.0,5
2024-05-28 10:07:00,1945.0,1945.0,1943.05,1943.1,7
2024-05-28 10:08:00,1944.0,1944.7,1943.0,1943.0,32
2024-05-28 10:09:00,1943.0,1943.3,1940.0,1940.05,172
2024-05-28 10:10:00,1940.05,1941.7,1940.0,1941.0,99
2024-05-28 10:11:00,1940.9,1941.95,1940.9,1941.95,57
2024-05-28 10:12:00,1941.95,1942.6,1940.55,1940.55,19
2024-05-28 10:13:00,1940.55,1940.55,1940.55,1940.55,0
2024-05-28 10:14:00,1940.55,1940.75,1940.55,1940.75,13
2024-05-28 10:15:00,1940.75,1943.7,1940.75,1943.65,55
2024-05-28 10:16:00,1943.65,1945.75,1943.65,1945.75,19
2024-05-28 10:17:00,1945.75,1945.8,1945.75,1945.8,5
2024-05-28 10:18:00,1945.8,1946.0,1945.8,1946.0,37
2024-05-28 10:19:00,1946.0,1946.35,1946.0,1946.35,11
2024-05-28 10:20:00,1946.35,1946.35,1946.35,1946.35,3
2024-05-28 10:21:00,1946.35,1946.35,1946.35,1946.35,0
2024-05-28 10:22:00,1946.5,1946.65,1946.0,1946.65,19
2024-05-28 10:23:00,1946.65,1946.65,1946.65,1946.65,0
2024-05-28 10:24:00,1946.65,1947.5,1946.65,1947.5,5
2024-05-28 10:25:00,1947.5,1947.5,1947.5,1947.5,0
2024-05-28 10:26:00,1947.5,1947.5,1945.65,1947.15,18
2024-05-28 10:27:00,1947.15,1947.15,1945.05,1946.0,36
2024-05-28 10:28:00,1946.0,1948.0,1946.0,1947.6,135
2024-05-28 10:29:00,1947.6,1947.6,1944.15,1944.15,131
2024-05-28 10:30:00,1944.15,1945.85,1944.15,1945.85,306
2024-05-28 10:31:00,1945.85,1948.05,1945.85,1948.05,64
2024-05-28 10:32:00,1948.05,1948.05,1945.35,1947.3,26
2024-05-28 10:33:00,1947.3,1947.3,1947.3,1947.3,51
2024-05-28 10:34:00,1947.3,1947.3,1947.3,1947.3,1
2024-05-28 10:35:00,1948.15,1949.95,1947.3,1949.95,114
2024-05-28 10:36:00,1949.95,1949.95,1949.95,1949.95,0
2024-05-28 10:37:00,1949.95,1949.95,1949.95,1949.95,0
2024-05-28 10:38:00,1949.95,1949.95,1949.75,1949.75,11
2024-05-28 10:39:00,1949.75,1949.95,1947.95,1947.95,68
2024-05-28 10:40:00,1947.95,1949.6,1946.85,1946.85,50
2024-05-28 10:41:00,1946.85,1946.85,1946.85,1946.85,0
2024-05-28 10:42:00,1946.85,1949.1,1946.85,1949.1,2
2024-05-28 10:43:00,1949.1,1949.1,1949.1,1949.1,0
2024-05-28 10:44:00,1949.1,1949.1,1949.1,1949.1,0
2024-05-28 10:45:00,1949.1,1949.65,1947.95,1949.65,24
2024-05-28 10:46:00,1949.65,1949.65,1949.3,1949.3,8
2024-05-28 10:47:00,1949.3,1949.3,1947.35,1949.0,11
2024-05-28 10:48:00,1949.0,1949.0,1945.55,1945.55,59
2024-05-28 10:49:00,1945.55,1947.65,1945.55,1947.65,21
2024-05-28 10:50:00,1947.65,1947.65,1945.55,1945.55,120
2024-05-28 10:51:00,1945.55,1947.95,1945.55,1945.7,7
2024-05-28 10:52:00,1945.7,1945.7,1945.7,1945.7,25
2024-05-28 10:53:00,1945.0,1945.0,1945.0,1945.0,105
2024-05-28 10:54:00,1945.0,1947.7,1945.0,1945.15,28
2024-05-28 10:55:00,1945.15,1947.95,1945.0,1947.95,61
2024-05-28 10:56:00,1947.95,1948.0,1947.95,1948.0,10
2024-05-28 10:57:00,1948.0,1948.6,1946.05,1946.05,21
2024-05-28 10:58:00,1946.05,1949.35,1946.05,1949.35,1
2024-05-28 10:59:00,1949.35,1949.35,1947.05,1947.15,30
2024-05-28 11:00:00,1947.15,1949.4,1947.15,1949.4,6
2024-05-28 11:01:00,1949.4,1949.5,1949.4,1949.5,6
2024-05-28 11:02:00,1949.5,1949.5,1947.3,1947.3,7
2024-05-28 11:03:00,1947.3,1949.6,1947.3,1949.6,16
2024-05-28 11:04:00,1949.6,1949.6,1946.7,1948.25,31
2024-05-28 11:05:00,1948.25,1948.55,1948.25,1948.55,10
2024-05-28 11:06:00,1948.55,1948.6,1946.05,1946.05,24
2024-05-28 11:07:00,1946.05,1947.8,1946.05,1947.8,1
2024-05-28 11:08:00,1947.8,1947.9,1945.9,1945.9,72
2024-05-28 11:09:00,1945.9,1946.05,1945.9,1946.05,4
2024-05-28 11:10:00,1946.05,1946.85,1945.2,1946.85,5
2024-05-28 11:11:00,1946.85,1946.85,1946.85,1946.85,1
2024-05-28 11:12:00,1946.85,1946.85,1946.85,1946.85,1
2024-05-28 11:13:00,1946.85,1947.3,1946.85,1947.3,60
2024-05-28 11:14:00,1947.3,1947.3,1947.3,1947.3,5
2024-05-28 11:15:00,1945.3,1947.4,1945.1,1945.1,27
2024-05-28 11:16:00,1945.1,1946.95,1945.1,1946.95,0
2024-05-28 11:17:00,1946.95,1947.3,1946.95,1947.3,3
2024-05-28 11:18:00,1947.3,1947.3,1947.2,1947.2,27
2024-05-28 11:19:00,1947.2,1947.2,1947.2,1947.2,1
2024-05-28 11:20:00,1947.5,1947.5,1947.5,1947.5,40
2024-05-28 11:21:00,1947.5,1947.5,1945.65,1945.65,21
2024-05-28 11:22:00,1945.65,1946.0,1945.0,1945.0,183
2024-05-28 11:23:00,1945.0,1945.0,1945.0,1945.0,0
2024-05-28 11:24:00,1945.0,1945.0,1945.0,1945.0,26
2024-05-28 11:25:00,1945.0,1945.5,1940.4,1940.4,305
2024-05-28 11:26:00,1940.4,1940.4,1940.0,1940.0,77
2024-05-28 11:27:00,1940.0,1941.8,1940.0,1941.8,109
2024-05-28 11:28:00,1941.8,1941.8,1941.8,1941.8,0
2024-05-28 11:29:00,1941.8,1943.55,1941.8,1943.55,4
2024-05-28 11:30:00,1943.55,1944.1,1941.65,1944.1,130
2024-05-28 11:31:00,1944.1,1945.0,1944.1,1945.0,11
2024-05-28 11:32:00,1945.0,1946.9,1944.1,1946.9,40
2024-05-28 11:33:00,1946.9,1946.9,1944.15,1944.15,108
2024-05-28 11:34:00,1944.15,1946.6,1944.15,1944.2,87
2024-05-28 11:35:00,1944.2,1945.8,1944.2,1945.8,5
2024-05-28 11:36:00,1945.8,1945.8,1942.45,1942.45,167
2024-05-28 11:37:00,1942.45,1942.45,1942.45,1942.45,0
2024-05-28 11:38:00,1942.45,1942.45,1941.45,1941.45,7
2024-05-28 11:39:00,1941.45,1943.1,1941.45,1943.1,12
2024-05-28 11:40:00,1943.1,1943.35,1943.1,1943.35,11
2024-05-28 11:41:00,1943.35,1943.75,1941.65,1941.65,18
2024-05-28 11:42:00,1941.65,1943.65,1941.25,1942.85,30
2024-05-28 11:43:00,1942.85,1943.6,1942.85,1943.6,8
2024-05-28 11:44:00,1943.6,1943.6,1942.0,1942.0,9
2024-05-28 11:45:00,1942.0,1942.0,1941.6,1941.6,3
2024-05-28 11:46:00,1941.6,1943.55,1940.05,1940.05,623
2024-05-28 11:47:00,1940.05,1942.35,1940.05,1942.35,29
2024-05-28 11:48:00,1942.35,1942.35,1940.0,1940.0,63
2024-05-28 11:49:00,1940.0,1942.0,1940.0,1942.0,1
2024-05-28 11:50:00,1942.0,1942.1,1940.35,1942.1,25
2024-05-28 11:51:00,1942.1,1942.5,1942.1,1942.5,1
2024-05-28 11:52:00,1942.5,1942.5,1942.35,1942.35,1
2024-05-28 11:53:00,1942.35,1942.4,1942.35,1942.4,6
2024-05-28 11:54:00,1942.4,1942.4,1942.4,1942.4,1
2024-05-28 11:55:00,1942.4,1942.4,1940.45,1940.45,10
2024-05-28 11:56:00,1940.45,1940.45,1940.0,1940.0,0
2024-05-28 11:57:00,1940.0,1941.85,1940.0,1940.0,134
2024-05-28 11:58:00,1940.0,1940.0,1940.0,1940.0,5
2024-05-28 11:59:00,1940.0,1942.0,1940.0,1940.1,82
2024-05-28 12:00:00,1940.1,1940.1,1940.05,1940.05,20
2024-05-28 12:01:00,1940.05,1941.0,1940.05,1941.0,48
2024-05-28 12:02:00,1941.0,1942.0,1940.8,1942.0,12
2024-05-28 12:03:00,1942.0,1942.0,1942.0,1942.0,8
2024-05-28 12:04:00,1942.0,1942.0,1941.95,1941.95,37
2024-05-28 12:05:00,1941.95,1942.0,1941.05,1941.05,7
2024-05-28 12:06:00,1941.05,1941.05,1941.05,1941.05,1
2024-05-28 12:07:00,1941.05,1941.05,1940.25,1940.25,30
2024-05-28 12:08:00,1940.25,1941.95,1940.15,1941.95,4
2024-05-28 12:09:00,1941.95,1941.95,1940.25,1940.25,3
2024-05-28 12:10:00,1940.25,1941.75,1940.15,1940.6,43
2024-05-28 12:11:00,1940.6,1940.6,1940.6,1940.6,0
2024-05-28 12:12:00,1940.6,1941.7,1940.6,1940.6,15
2024-05-28 12:13:00,1940.6,1940.6,1940.55,1940.6,5
2024-05-28 12:14:00,1940.6,1940.6,1940.6,1940.6,21
2024-05-28 12:15:00,1940.55,1941.0,1940.55,1941.0,31
2024-05-28 12:16:00,1941.0,1941.7,1941.0,1941.7,55
2024-05-28 12:17:00,1941.7,1941.7,1941.7,1941.7,16
2024-05-28 12:18:00,1941.7,1941.7,1941.15,1941.15,1
2024-05-28 12:19:00,1941.15,1941.15,1940.0,1941.1,105
2024-05-28 12:20:00,1941.1,1941.1,1940.0,1940.0,61
2024-05-28 12:21:00,1940.0,1941.15,1940.0,1941.15,21
2024-05-28 12:22:00,1941.15,1941.15,1941.15,1941.15,1
2024-05-28 12:23:00,1941.15,1941.7,1941.15,1941.7,2
2024-05-28 12:24:00,1941.7,1941.7,1941.7,1941.7,0
2024-05-28 12:25:00,1941.7,1941.95,1941.7,1941.95,50
2024-05-28 12:26:00,1941.95,1942.0,1941.15,1941.15,23
2024-05-28 12:27:00,1941.15,1941.95,1941.1,1941.1,9
2024-05-28 12:28:00,1941.1,1941.1,1941.1,1941.1,1
2024-05-28 12:29:00,1941.1,1941.1,1940.6,1940.6,27
2024-05-28 12:30:00,1940.6,1941.1,1940.0,1940.95,237
2024-05-28 12:31:00,1940.95,1941.0,1940.9,1940.9,9
2024-05-28 12:32:00,1940.9,1940.9,1940.0,1940.0,19
2024-05-28 12:33:00,1940.0,1940.05,1939.0,1940.0,538
2024-05-28 12:34:00,1940.0,1940.0,1936.05,1936.4,239
2024-05-28 12:35:00,1936.4,1937.8,1936.4,1937.8,1
2024-05-28 12:36:00,1937.8,1937.8,1937.05,1937.05,1
2024-05-28 12:37:00,1937.05,1937.05,1936.9,1937.0,12
2024-05-28 12:38:00,1937.0,1937.0,1936.4,1936.4,1
2024-05-28 12:39:00,1936.4,1936.4,1936.4,1936.4,16
2024-05-28 12:40:00,1936.4,1936.8,1936.05,1936.8,2
2024-05-28 12:41:00,1936.8,1936.8,1936.05,1936.8,8
2024-05-28 12:42:00,1936.8,1936.95,1936.0,1936.95,114
2024-05-28 12:43:00,1936.95,1937.0,1936.95,1937.0,8
2024-05-28 12:44:00,1937.0,1937.0,1935.6,1936.95,12
2024-05-28 12:45:00,1936.95,1936.95,1935.5,1936.8,10
2024-05-28 12:46:00,1936.8,1936.8,1935.0,1935.0,74
2024-05-28 12:47:00,1935.0,1935.0,1935.0,1935.0,13
2024-05-28 12:48:00,1935.0,1936.35,1935.0,1935.9,44
2024-05-28 12:49:00,1935.9,1935.9,1935.9,1935.9,1
2024-05-28 12:50:00,1935.95,1935.95,1935.0,1935.9,34
2024-05-28 12:51:00,1935.95,1938.0,1935.0,1938.0,642
2024-05-28 12:52:00,1940.85,1940.85,1938.2,1939.5,35
2024-05-28 12:53:00,1939.5,1940.0,1937.45,1940.0,42
2024-05-28 12:54:00,1939.95,1940.25,1938.15,1940.25,25
2024-05-28 12:55:00,1940.25,1940.35,1940.25,1940.35,1
2024-05-28 12:56:00,1941.1,1941.1,1938.55,1938.55,179
2024-05-28 12:57:00,1938.55,1938.55,1938.55,1938.55,17
2024-05-28 12:58:00,1938.55,1939.0,1938.55,1939.0,55
2024-05-28 12:59:00,1939.0,1940.45,1939.0,1940.45,1
2024-05-28 13:00:00,1940.45,1941.8,1940.45,1940.85,82
2024-05-28 13:01:00,1940.85,1940.85,1940.85,1940.85,0
2024-05-28 13:02:00,1941.7,1942.0,1941.7,1942.0,56
2024-05-28 13:03:00,1941.9,1942.0,1940.2,1940.2,12
2024-05-28 13:04:00,1940.2,1942.0,1940.2,1942.0,11
2024-05-28 13:05:00,1942.0,1942.0,1942.0,1942.0,0
2024-05-28 13:06:00,1942.0,1942.0,1942.0,1942.0,6
2024-05-28 13:07:00,1942.0,1942.0,1942.0,1942.0,0
2024-05-28 13:08:00,1942.0,1942.0,1942.0,1942.0,1
2024-05-28 13:09:00,1942.0,1942.0,1942.0,1942.0,7
2024-05-28 13:10:00,1942.0,1942.0,1942.0,1942.0,12
2024-05-28 13:11:00,1942.0,1942.0,1942.0,1942.0,1
2024-05-28 13:12:00,1942.0,1942.0,1940.2,1940.2,1
2024-05-28 13:13:00,1940.2,1942.0,1940.2,1942.0,1
2024-05-28 13:14:00,1942.0,1942.0,1942.0,1942.0,11
2024-05-28 13:15:00,1942.0,1942.0,1935.05,1935.05,505
2024-05-28 13:16:00,1935.05,1938.5,1935.05,1938.5,9
2024-05-28 13:17:00,1938.5,1939.4,1938.5,1939.35,9
2024-05-28 13:18:00,1937.05,1939.1,1937.05,1939.1,4
2024-05-28 13:19:00,1939.1,1939.5,1937.0,1939.5,80
2024-05-28 13:20:00,1939.5,1939.5,1939.3,1939.3,3
2024-05-28 13:21:00,1939.3,1939.95,1937.35,1939.15,73
2024-05-28 13:22:00,1936.3,1938.2,1936.3,1938.2,32
2024-05-28 13:23:00,1938.2,1938.2,1937.95,1937.95,1
2024-05-28 13:24:00,1937.95,1939.3,1937.95,1939.3,1
2024-05-28 13:25:00,1939.3,1939.3,1939.0,1939.3,18
2024-05-28 13:26:00,1939.3,1941.2,1939.3,1941.2,1
2024-05-28 13:27:00,1941.0,1941.0,1939.45,1939.45,42
2024-05-28 13:28:00,1941.7,1941.85,1941.25,1941.85,23
2024-05-28 13:29:00,1941.85,1941.85,1941.0,1941.0,2
2024-05-28 13:30:00,1941.0,1941.0,1941.0,1941.0,0
2024-05-28 13:31:00,1941.0,1941.0,1941.0,1941.0,1
2024-05-28 13:32:00,1941.0,1941.0,1941.0,1941.0,4
2024-05-28 13:33:00,1941.0,1942.0,1941.0,1942.0,33
2024-05-28 13:34:00,1942.0,1942.0,1939.8,1939.8,2
2024-05-28 13:35:00,1939.8,1939.8,1939.8,1939.8,0
2024-05-28 13:36:00,1939.8,1939.8,1939.8,1939.8,18
2024-05-28 13:37:00,1939.8,1939.8,1939.8,1939.8,1
2024-05-28 13:38:00,1939.8,1940.9,1939.8,1940.9,4
2024-05-28 13:39:00,1940.9,1940.9,1939.0,1939.0,13
2024-05-28 13:40:00,1939.0,1939.05,1936.05,1936.05,146
2024-05-28 13:41:00,1936.05,1938.05,1935.25,1935.25,57
2024-05-28 13:42:00,1935.25,1936.65,1935.0,1935.0,22
2024-05-28 13:43:00,1935.0,1936.7,1935.0,1935.0,24
2024-05-28 13:44:00,1935.0,1935.85,1935.0,1935.0,23
2024-05-28 13:45:00,1935.0,1935.85,1935.0,1935.05,21
2024-05-28 13:46:00,1935.05,1936.9,1935.0,1936.9,37
2024-05-28 13:47:00,1936.9,1936.9,1935.0,1935.0,36
2024-05-28 13:48:00,1935.0,1935.5,1934.0,1934.0,492
2024-05-28 13:49:00,1934.0,1934.9,1934.0,1934.05,994
2024-05-28 13:50:00,1934.05,1935.9,1934.05,1934.25,55
2024-05-28 13:51:00,1934.25,1936.55,1934.05,1934.05,28
2024-05-28 13:52:00,1934.05,1934.45,1934.0,1934.3,21
2024-05-28 13:53:00,1935.0,1935.05,1934.05,1934.1,22
2024-05-28 13:54:00,1934.1,1935.6,1933.1,1935.45,93
2024-05-28 13:55:00,1935.45,1935.45,1933.55,1933.55,30
2024-05-28 13:56:00,1933.55,1934.75,1933.0,1934.75,32
2024-05-28 13:57:00,1934.75,1934.85,1933.0,1933.05,28
2024-05-28 13:58:00,1933.05,1933.1,1933.0,1933.0,47
2024-05-28 13:59:00,1933.0,1934.8,1933.0,1933.0,29
2024-05-28 14:00:00,1934.45,1934.45,1932.5,1932.5,542
2024-05-28 14:01:00,1932.5,1933.45,1932.2,1932.3,32
2024-05-28 14:02:00,1932.3,1932.3,1932.2,1932.2,22
2024-05-28 14:03:00,1932.2,1932.25,1931.6,1931.75,98
2024-05-28 14:04:00,1931.75,1931.9,1931.75,1931.75,21
2024-05-28 14:05:00,1931.75,1932.2,1931.25,1931.25,23
2024-05-28 14:06:00,1931.25,1933.0,1931.1,1931.1,34
2024-05-28 14:07:00,1931.1,1932.7,1931.0,1931.0,24
2024-05-28 14:08:00,1931.0,1931.6,1931.0,1931.6,21
2024-05-28 14:09:00,1931.6,1934.3,1931.3,1932.7,73
2024-05-28 14:10:00,1932.7,1933.6,1931.55,1933.6,24
2024-05-28 14:11:00,1933.6,1933.6,1931.3,1931.6,96
2024-05-28 14:12:00,1931.6,1933.3,1931.35,1933.0,24
2024-05-28 14:13:00,1933.0,1933.0,1933.0,1933.0,21
2024-05-28 14:14:00,1933.0,1934.5,1933.0,1933.0,55
2024-05-28 14:15:00,1933.0,1933.0,1931.3,1931.75,42
2024-05-28 14:16:00,1931.75,1934.3,1931.5,1934.3,73
2024-05-28 14:17:00,1934.3,1934.45,1933.0,1934.45,24
2024-05-28 14:18:00,1934.45,1934.9,1933.0,1933.5,32
2024-05-28 14:19:00,1933.5,1933.55,1933.5,1933.5,22
2024-05-28 14:20:00,1933.5,1934.95,1933.5,1934.05,37
2024-05-28 14:21:00,1934.2,1936.65,1933.25,1933.25,67
2024-05-28 14:22:00,1933.25,1935.1,1933.05,1933.45,22
2024-05-28 14:23:00,1933.45,1935.55,1933.05,1933.05,32
2024-05-28 14:24:00,1933.05,1934.15,1933.05,1933.1,21
2024-05-28 14:25:00,1933.1,1934.95,1933.1,1934.95,158
2024-05-28 14:26:00,1934.95,1934.95,1933.05,1933.6,92
2024-05-28 14:27:00,1933.6,1935.0,1933.0,1933.5,30
2024-05-28 14:28:00,1933.5,1933.65,1933.0,1933.65,22
2024-05-28 14:29:00,1933.65,1934.0,1933.45,1933.45,22
2024-05-28 14:30:00,1933.45,1933.45,1933.2,1933.2,22
2024-05-28 14:31:00,1933.2,1935.25,1933.1,1934.9,21
2024-05-28 14:32:00,1934.9,1936.25,1934.9,1935.05,22
2024-05-28 14:33:00,1936.65,1936.65,1933.9,1934.7,30
2024-05-28 14:34:00,1934.7,1934.7,1933.0,1934.05,29
2024-05-28 14:35:00,1934.05,1936.05,1933.0,1933.85,74
2024-05-28 14:36:00,1933.85,1934.4,1933.0,1933.1,33
2024-05-28 14:37:00,1933.1,1934.95,1933.0,1934.4,139
2024-05-28 14:38:00,1933.75,1934.05,1933.45,1934.05,33
2024-05-28 14:39:00,1934.05,1934.05,1933.0,1934.05,50
2024-05-28 14:40:00,1933.5,1934.05,1933.0,1933.0,51
2024-05-28 14:41:00,1933.0,1935.55,1933.0,1934.25,209
2024-05-28 14:42:00,1935.55,1935.55,1935.0,1935.55,49
2024-05-28 14:43:00,1935.55,1936.55,1934.25,1935.05,50
2024-05-28 14:44:00,1935.05,1935.1,1934.1,1934.95,61
2024-05-28 14:45:00,1934.95,1938.95,1934.95,1938.95,162
2024-05-28 14:46:00,1938.95,1941.75,1938.95,1941.75,138
2024-05-28 14:47:00,1941.75,1942.85,1941.75,1942.85,66
2024-05-28 14:48:00,1942.85,1942.9,1942.85,1942.9,12
2024-05-28 14:49:00,1941.7,1941.95,1940.95,1940.95,20
2024-05-28 14:50:00,1940.95,1942.0,1940.95,1942.0,15
2024-05-28 14:51:00,1942.0,1942.75,1942.0,1942.75,21
2024-05-28 14:52:00,1942.75,1942.75,1942.0,1942.0,18
2024-05-28 14:53:00,1942.0,1942.0,1942.0,1942.0,0
2024-05-28 14:54:00,1942.0,1943.0,1942.0,1943.0,3
2024-05-28 14:55:00,1942.05,1942.95,1942.0,1942.9,26
2024-05-28 14:56:00,1942.95,1942.95,1941.05,1942.5,16
2024-05-28 14:57:00,1942.5,1942.8,1942.5,1942.8,12
2024-05-28 14:58:00,1942.8,1942.85,1941.0,1941.0,14
2024-05-28 14:59:00,1941.0,1942.8,1941.0,1942.5,21
2024-05-28 15:00:00,1942.5,1942.5,1941.15,1941.3,16
2024-05-28 15:01:00,1941.3,1942.0,1940.0,1940.0,31
2024-05-28 15:02:00,1940.15,1941.9,1940.15,1940.25,707
2024-05-28 15:03:00,1942.4,1942.8,1942.4,1942.8,22
2024-05-28 15:04:00,1942.8,1944.95,1941.15,1944.95,299
2024-05-28 15:05:00,1944.95,1945.0,1943.35,1945.0,25
2024-05-28 15:06:00,1945.0,1945.0,1944.0,1945.0,33
2024-05-28 15:07:00,1945.0,1947.5,1944.0,1947.1,527
2024-05-28 15:08:00,1947.1,1947.85,1942.35,1943.0,181
2024-05-28 15:09:00,1943.0,1943.0,1941.05,1941.3,29
2024-05-28 15:10:00,1942.95,1942.95,1939.95,1939.95,144
2024-05-28 15:11:00,1939.95,1939.95,1936.55,1937.95,186
2024-05-28 15:12:00,1937.95,1938.6,1937.05,1937.1,185
2024-05-28 15:13:00,1937.1,1939.0,1936.1,1936.1,78
2024-05-28 15:14:00,1936.1,1939.0,1935.9,1936.8,48
2024-05-28 15:15:00,1936.8,1940.95,1935.45,1937.6,181
2024-05-28 15:16:00,1937.75,1939.95,1937.0,1937.2,333
2024-05-28 15:17:00,1937.2,1939.85,1936.0,1937.8,479
2024-05-28 15:18:00,1937.8,1938.9,1935.0,1937.5,150
2024-05-28 15:19:00,1937.5,1937.6,1934.6,1937.1,109
2024-05-28 15:20:00,1937.0,1937.2,1935.0,1937.1,132
2024-05-28 15:21:00,1937.1,1937.25,1935.3,1935.3,34
2024-05-28 15:22:00,1935.3,1935.3,1933.65,1934.65,98
2024-05-28 15:23:00,1934.65,1934.65,1933.0,1933.1,98
2024-05-28 15:24:00,1933.1,1934.45,1933.0,1934.45,127
2024-05-28 15:25:00,1933.3,1933.9,1933.0,1933.05,24
2024-05-28 15:26:00,1933.05,1933.75,1933.0,1933.65,118
2024-05-28 15:27:00,1933.65,1933.8,1932.05,1933.8,191
2024-05-28 15:28:00,1933.1,1935.0,1932.0,1935.0,97
2024-05-28 15:29:00,1935.0,1940.0,1933.1,1933.15,34
2024-05-29 09:15:00,1940.0,1940.0,1934.1,1934.1,121
2024-05-29 09:16:00,1934.1,1934.1,1929.0,1933.9,236
2024-05-29 09:17:00,1933.9,1934.2,1933.0,1933.0,73
2024-05-29 09:18:00,1930.6,1934.85,1928.05,1934.85,321
2024-05-29 09:19:00,1934.85,1939.9,1934.85,1936.4,133
2024-05-29 09:20:00,1934.85,1934.9,1932.0,1932.0,109
2024-05-29 09:21:00,1932.0,1932.05,1928.3,1930.1,129
2024-05-29 09:22:00,1928.75,1932.45,1928.75,1932.45,78
2024-05-29 09:23:00,1932.45,1935.8,1932.45,1935.8,14
2024-05-29 09:24:00,1935.8,1939.75,1935.8,1936.45,34
2024-05-29 09:25:00,1936.45,1940.25,1936.3,1939.55,53
2024-05-29 09:26:00,1939.55,1939.8,1936.5,1939.3,46
2024-05-29 09:27:00,1939.3,1945.0,1939.25,1944.95,85
2024-05-29 09:28:00,1944.95,1944.95,1940.8,1940.8,101
2024-05-29 09:29:00,1942.0,1944.35,1939.55,1944.35,59
2024-05-29 09:30:00,1941.35,1943.7,1940.05,1943.0,185
2024-05-29 09:31:00,1943.0,1944.6,1942.0,1944.0,37
2024-05-29 09:32:00,1944.0,1944.0,1942.0,1942.0,3
2024-05-29 09:33:00,1942.0,1943.5,1939.55,1940.0,8
2024-05-29 09:34:00,1939.25,1939.25,1939.25,1939.25,15
2024-05-29 09:35:00,1939.25,1940.5,1939.25,1940.1,6
2024-05-29 09:36:00,1940.1,1943.75,1940.1,1943.25,108
2024-05-29 09:37:00,1943.95,1943.95,1942.1,1943.9,26
2024-05-29 09:38:00,1943.9,1943.9,1942.1,1943.0,58
2024-05-29 09:39:00,1943.0,1943.95,1943.0,1943.95,13
2024-05-29 09:40:00,1943.95,1945.0,1943.95,1945.0,42
2024-05-29 09:41:00,1945.0,1945.0,1943.0,1943.0,55
2024-05-29 09:42:00,1944.45,1944.45,1943.0,1943.0,29
2024-05-29 09:43:00,1943.0,1945.0,1943.0,1945.0,406
2024-05-29 09:44:00,1945.0,1946.15,1945.0,1946.05,54
2024-05-29 09:45:00,1946.05,1946.05,1946.0,1946.0,38
2024-05-29 09:46:00,1946.0,1946.8,1944.1,1946.8,103
2024-05-29 09:47:00,1946.8,1947.1,1946.6,1947.1,25
2024-05-29 09:48:00,1947.1,1947.8,1944.95,1947.8,73
2024-05-29 09:49:00,1947.8,1949.5,1945.9,1949.5,230
2024-05-29 09:50:00,1949.5,1949.5,1946.8,1946.8,14
2024-05-29 09:51:00,1946.8,1949.0,1946.5,1946.95,12
2024-05-29 09:52:00,1946.95,1949.0,1946.95,1947.05,17
2024-05-29 09:53:00,1947.05,1948.9,1947.0,1948.9,14
2024-05-29 09:54:00,1948.9,1954.5,1947.0,1954.5,1057
2024-05-29 09:55:00,1952.85,1953.95,1952.85,1953.6,10
2024-05-29 09:56:00,1953.6,1954.8,1953.6,1953.6,6
2024-05-29 09:57:00,1953.6,1954.45,1953.0,1954.45,70
2024-05-29 09:58:00,1954.45,1954.45,1952.7,1952.7,12
2024-05-29 09:59:00,1952.7,1952.7,1952.55,1952.7,11
2024-05-29 10:00:00,1950.85,1952.35,1950.25,1950.25,22
2024-05-29 10:01:00,1950.25,1950.25,1950.0,1950.0,4
2024-05-29 10:02:00,1950.0,1950.6,1949.85,1950.6,30
2024-05-29 10:03:00,1950.6,1950.6,1948.0,1948.0,12
2024-05-29 10:04:00,1948.0,1948.6,1945.85,1947.75,62
2024-05-29 10:05:00,1947.75,1947.75,1945.35,1945.8,13
2024-05-29 10:06:00,1945.8,1945.8,1944.7,1944.7,88
2024-05-29 10:07:00,1944.1,1945.1,1943.85,1945.1,15
2024-05-29 10:08:00,1945.1,1945.1,1945.1,1945.1,0
2024-05-29 10:09:00,1945.1,1946.9,1945.1,1946.9,2
2024-05-29 10:10:00,1946.9,1946.9,1945.0,1945.0,32
2024-05-29 10:11:00,1945.0,1945.95,1945.0,1945.95,1
2024-05-29 10:12:00,1945.95,1945.95,1944.1,1945.0,24
2024-05-29 10:13:00,1945.0,1945.75,1944.0,1945.75,7
2024-05-29 10:14:00,1945.75,1945.75,1945.75,1945.75,16
2024-05-29 10:15:00,1945.8,1945.8,1943.5,1945.8,7
2024-05-29 10:16:00,1945.8,1946.75,1945.8,1946.75,56
2024-05-29 10:17:00,1946.6,1946.6,1944.1,1944.1,10
2024-05-29 10:18:00,1944.1,1946.65,1944.1,1946.65,2
2024-05-29 10:19:00,1946.65,1946.65,1944.4,1944.4,25
2024-05-29 10:20:00,1944.4,1944.4,1944.0,1944.0,3
2024-05-29 10:21:00,1944.0,1944.0,1943.0,1943.0,25
2024-05-29 10:22:00,1943.0,1943.0,1942.15,1942.15,3
2024-05-29 10:23:00,1942.15,1943.0,1942.15,1943.0,1
2024-05-29 10:24:00,1943.0,1943.0,1941.5,1942.0,104
2024-05-29 10:25:00,1942.0,1944.0,1942.0,1944.0,106
2024-05-29 10:26:00,1945.15,1945.15,1944.0,1944.0,106
2024-05-29 10:27:00,1944.0,1944.0,1944.0,1944.0,9
2024-05-29 10:28:00,1944.0,1944.0,1939.0,1939.0,443
2024-05-29 10:29:00,1939.0,1940.5,1939.0,1940.5,28
2024-05-29 10:30:00,1940.5,1941.0,1935.35,1940.55,315
2024-05-29 10:31:00,1940.55,1940.95,1934.25,1934.25,820
2024-05-29 10:32:00,1934.25,1936.85,1934.25,1936.85,77
2024-05-29 10:33:00,1936.85,1936.85,1936.0,1936.0,4
2024-05-29 10:34:00,1936.1,1936.5,1936.1,1936.5,3
2024-05-29 10:35:00,1935.05,1936.85,1935.0,1936.85,21
2024-05-29 10:36:00,1936.85,1937.85,1935.2,1937.85,28
2024-05-29 10:37:00,1935.15,1937.35,1935.1,1936.9,16
2024-05-29 10:38:00,1936.9,1937.8,1933.65,1937.8,159
2024-05-29 10:39:00,1937.8,1937.8,1934.75,1934.75,1
2024-05-29 10:40:00,1934.75,1934.75,1932.5,1932.55,561
2024-05-29 10:41:00,1932.55,1935.0,1932.55,1935.0,16
2024-05-29 10:42:00,1935.0,1936.8,1935.0,1936.8,33
2024-05-29 10:43:00,1936.8,1939.9,1936.8,1939.9,28
2024-05-29 10:44:00,1939.9,1939.9,1939.0,1939.0,54
2024-05-29 10:45:00,1939.0,1939.0,1938.0,1938.9,9
2024-05-29 10:46:00,1938.9,1938.9,1938.9,1938.9,3
2024-05-29 10:47:00,1938.9,1938.95,1938.0,1938.95,4
2024-05-29 10:48:00,1938.95,1938.95,1936.8,1938.95,17
2024-05-29 10:49:00,1938.95,1938.95,1938.95,1938.95,1
2024-05-29 10:50:00,1938.95,1938.95,1938.95,1938.95,0
2024-05-29 10:51:00,1938.95,1938.95,1936.8,1936.8,15
2024-05-29 10:52:00,1938.0,1938.0,1935.45,1936.85,571
2024-05-29 10:53:00,1936.85,1936.85,1935.0,1935.0,20
2024-05-29 10:54:00,1934.85,1934.85,1934.7,1934.75,10
2024-05-29 10:55:00,1934.75,1934.9,1932.0,1932.55,603
2024-05-29 10:56:00,1932.55,1932.55,1929.85,1929.85,809
2024-05-29 10:57:00,1929.0,1932.5,1928.75,1928.95,581
2024-05-29 10:58:00,1928.95,1932.3,1928.95,1932.3,22
2024-05-29 10:59:00,1932.3,1932.35,1928.75,1928.75,231
2024-05-29 11:00:00,1928.75,1930.85,1928.75,1930.85,7
2024-05-29 11:01:00,1930.85,1931.25,1929.1,1931.25,8
2024-05-29 11:02:00,1931.25,1931.25,1925.5,1927.05,721
2024-05-29 11:03:00,1927.05,1930.45,1927.05,1930.4,4
2024-05-29 11:04:00,1930.4,1930.4,1927.05,1927.05,77
2024-05-29 11:05:00,1927.05,1928.95,1927.05,1928.95,42
2024-05-29 11:06:00,1928.95,1929.0,1928.8,1929.0,500
2024-05-29 11:07:00,1929.0,1929.3,1929.0,1929.3,510
2024-05-29 11:08:00,1929.3,1931.25,1929.3,1931.25,5
2024-05-29 11:09:00,1931.25,1931.25,1929.5,1931.25,6
2024-05-29 11:10:00,1931.25,1931.25,1931.2,1931.25,5
2024-05-29 11:11:00,1931.25,1931.25,1929.95,1929.95,13
2024-05-29 11:12:00,1929.95,1931.25,1929.95,1931.25,6
2024-05-29 11:13:00,1929.8,1932.25,1929.8,1932.25,255
2024-05-29 11:14:00,1932.25,1932.25,1930.35,1932.25,23
2024-05-29 11:15:00,1932.25,1932.85,1932.25,1932.85,5
2024-05-29 11:16:00,1932.85,1933.75,1928.75,1928.75,114
2024-05-29 11:17:00,1928.75,1929.65,1926.2,1926.2,119
2024-05-29 11:18:00,1926.2,1927.9,1925.7,1925.8,133
2024-05-29 11:19:00,1928.3,1930.0,1928.3,1930.0,65
2024-05-29 11:20:00,1930.0,1930.0,1926.0,1928.4,155
2024-05-29 11:21:00,1928.4,1928.4,1928.4,1928.4,0
2024-05-29 11:22:00,1928.4,1928.9,1927.2,1928.9,29
2024-05-29 11:23:00,1928.9,1929.0,1927.0,1929.0,49
2024-05-29 11:24:00,1929.0,1929.0,1927.05,1929.0,9
2024-05-29 11:25:00,1929.0,1929.0,1925.85,1925.85,91
2024-05-29 11:26:00,1925.85,1928.15,1925.8,1928.15,14
2024-05-29 11:27:00,1928.15,1928.35,1926.0,1928.25,52
2024-05-29 11:28:00,1928.25,1928.25,1926.4,1928.0,107
2024-05-29 11:29:00,1928.0,1928.0,1928.0,1928.0,56
2024-05-29 11:30:00,1928.0,1928.4,1928.0,1928.35,14
2024-05-29 11:31:00,1928.35,1928.35,1926.25,1928.2,32
2024-05-29 11:32:00,1928.2,1928.35,1928.2,1928.35,4
2024-05-29 11:33:00,1928.35,1928.35,1928.0,1928.35,10
2024-05-29 11:34:00,1928.35,1928.35,1928.35,1928.35,1
2024-05-29 11:35:00,1928.35,1928.35,1926.0,1926.0,88
2024-05-29 11:36:00,1927.7,1927.75,1927.7,1927.75,4
2024-05-29 11:37:00,1927.75,1929.75,1927.75,1927.75,89
2024-05-29 11:38:00,1927.75,1927.75,1927.75,1927.75,7
2024-05-29 11:39:00,1927.0,1927.0,1926.5,1926.5,22
2024-05-29 11:40:00,1926.5,1927.75,1926.5,1927.75,21
2024-05-29 11:41:00,1927.75,1927.75,1927.75,1927.75,9
2024-05-29 11:42:00,1927.75,1927.75,1926.2,1927.75,22
2024-05-29 11:43:00,1927.75,1927.75,1925.05,1925.05,186
2024-05-29 11:44:00,1925.05,1927.25,1925.05,1927.0,63
2024-05-29 11:45:00,1927.0,1927.2,1927.0,1927.2,1
2024-05-29 11:46:00,1927.2,1927.3,1925.35,1925.35,12
2024-05-29 11:47:00,1925.35,1925.4,1925.35,1925.4,146
2024-05-29 11:48:00,1925.4,1925.6,1925.4,1925.6,10
2024-05-29 11:49:00,1925.6,1927.45,1925.6,1927.45,36
2024-05-29 11:50:00,1927.45,1927.45,1927.45,1927.45,0
2024-05-29 11:51:00,1927.45,1927.45,1927.45,1927.45,0
2024-05-29 11:52:00,1927.4,1927.4,1925.6,1925.6,15
2024-05-29 11:53:00,1925.6,1927.4,1924.0,1925.0,833
2024-05-29 11:54:00,1925.0,1925.2,1925.0,1925.2,6
2024-05-29 11:55:00,1925.6,1925.6,1925.6,1925.6,18
2024-05-29 11:56:00,1925.6,1925.6,1925.0,1925.0,26
2024-05-29 11:57:00,1925.0,1925.0,1924.95,1925.0,34
2024-05-29 11:58:00,1925.0,1925.5,1920.05,1925.5,846
2024-05-29 11:59:00,1925.5,1926.4,1925.5,1926.4,3
2024-05-29 12:00:00,1926.4,1926.4,1926.3,1926.3,1
2024-05-29 12:01:00,1926.3,1926.3,1926.0,1926.0,14
2024-05-29 12:02:00,1926.0,1926.6,1925.1,1926.5,50
2024-05-29 12:03:00,1926.5,1926.85,1926.5,1926.85,10
2024-05-29 12:04:00,1926.85,1926.85,1925.05,1925.05,21
2024-05-29 12:05:00,1925.05,1925.1,1925.05,1925.05,16
2024-05-29 12:06:00,1925.05,1927.0,1925.05,1927.0,62
2024-05-29 12:07:00,1927.0,1927.0,1925.05,1925.05,1
2024-05-29 12:08:00,1925.05,1926.0,1925.0,1925.0,60
2024-05-29 12:09:00,1925.0,1926.85,1925.0,1926.8,47
2024-05-29 12:10:00,1926.8,1926.8,1926.8,1926.8,3
2024-05-29 12:11:00,1925.0,1925.0,1912.95,1912.95,2400
2024-05-29 12:12:00,1920.45,1922.05,1911.1,1919.05,1342
2024-05-29 12:13:00,1919.9,1920.0,1917.05,1917.35,69
2024-05-29 12:14:00,1917.35,1919.75,1917.35,1918.0,77
2024-05-29 12:15:00,1918.0,1920.25,1918.0,1920.25,30
2024-05-29 12:16:00,1920.25,1921.9,1920.25,1921.9,39
2024-05-29 12:17:00,1921.9,1921.9,1920.0,1920.0,24
2024-05-29 12:18:00,1920.0,1920.75,1920.0,1920.75,29
2024-05-29 12:19:00,1920.75,1922.0,1920.75,1922.0,24
2024-05-29 12:20:00,1922.0,1923.55,1921.2,1923.55,37
2024-05-29 12:21:00,1923.55,1923.95,1921.6,1923.95,100
2024-05-29 12:22:00,1923.95,1923.95,1921.75,1923.8,10
2024-05-29 12:23:00,1923.8,1923.85,1920.9,1920.9,25
2024-05-29 12:24:00,1920.9,1922.2,1920.9,1922.2,2
2024-05-29 12:25:00,1922.2,1922.2,1922.2,1922.2,0
2024-05-29 12:26:00,1922.2,1923.0,1920.9,1921.75,106
2024-05-29 12:27:00,1921.75,1921.75,1921.75,1921.75,14
2024-05-29 12:28:00,1921.75,1922.95,1921.75,1922.95,1
2024-05-29 12:29:00,1922.95,1922.95,1922.9,1922.95,6
2024-05-29 12:30:00,1922.95,1923.0,1922.05,1923.0,107
2024-05-29 12:31:00,1923.0,1923.0,1923.0,1923.0,38
2024-05-29 12:32:00,1923.0,1923.0,1923.0,1923.0,11
2024-05-29 12:33:00,1923.0,1923.0,1921.5,1921.95,114
2024-05-29 12:34:00,1921.95,1921.95,1920.0,1920.0,33
2024-05-29 12:35:00,1920.0,1922.1,1920.0,1922.1,11
2024-05-29 12:36:00,1922.1,1922.15,1922.1,1922.15,21
2024-05-29 12:37:00,1922.15,1922.3,1922.15,1922.15,12
2024-05-29 12:38:00,1922.15,1922.45,1922.15,1922.45,11
2024-05-29 12:39:00,1923.7,1923.7,1923.7,1923.7,12
2024-05-29 12:40:00,1922.6,1922.6,1922.6,1922.6,4
2024-05-29 12:41:00,1922.6,1923.5,1922.45,1923.5,26
2024-05-29 12:42:00,1923.5,1923.85,1921.3,1923.45,16
2024-05-29 12:43:00,1923.45,1923.45,1921.1,1921.1,36
2024-05-29 12:44:00,1921.1,1922.95,1921.1,1922.95,1
2024-05-29 12:45:00,1922.95,1923.65,1922.95,1923.65,8
2024-05-29 12:46:00,1923.65,1923.85,1923.65,1923.85,6
2024-05-29 12:47:00,1923.85,1924.95,1923.1,1923.1,11
2024-05-29 12:48:00,1923.1,1924.9,1923.1,1924.9,3
2024-05-29 12:49:00,1924.9,1925.3,1924.9,1925.25,7
2024-05-29 12:50:00,1925.25,1925.25,1925.15,1925.15,6
2024-05-29 12:51:00,1925.15,1925.15,1923.15,1925.05,39
2024-05-29 12:52:00,1925.05,1925.05,1923.2,1923.2,27
2024-05-29 12:53:00,1923.2,1925.05,1923.2,1925.05,1
2024-05-29 12:54:00,1925.05,1925.35,1925.05,1925.35,3
2024-05-29 12:55:00,1925.35,1925.35,1925.25,1925.25,111
2024-05-29 12:56:00,1925.25,1925.5,1923.35,1925.5,11
2024-05-29 12:57:00,1925.5,1925.55,1923.3,1924.75,26
2024-05-29 12:58:00,1924.15,1924.5,1923.15,1924.5,59
2024-05-29 12:59:00,1924.5,1924.5,1922.4,1922.4,22
2024-05-29 13:00:00,1922.4,1922.55,1922.4,1922.55,2
2024-05-29 13:01:00,1922.55,1924.55,1922.55,1924.55,1
2024-05-29 13:02:00,1924.55,1924.55,1924.4,1924.4,1
2024-05-29 13:03:00,1924.4,1924.7,1924.0,1924.0,12
2024-05-29 13:04:00,1924.0,1924.85,1924.0,1924.85,4
2024-05-29 13:05:00,1922.55,1925.1,1922.55,1925.1,44
2024-05-29 13:06:00,1925.1,1925.6,1925.1,1925.6,20
2024-05-29 13:07:00,1925.6,1925.85,1924.0,1925.85,106
2024-05-29 13:08:00,1925.85,1925.85,1925.85,1925.85,0
2024-05-29 13:09:00,1925.85,1925.85,1923.15,1925.0,12
2024-05-29 13:10:00,1925.0,1925.0,1925.0,1925.0,0
2024-05-29 13:11:00,1925.0,1925.7,1924.0,1924.0,4
2024-05-29 13:12:00,1923.35,1925.0,1923.35,1925.0,17
2024-05-29 13:13:00,1925.0,1925.0,1925.0,1925.0,1
2024-05-29 13:14:00,1925.0,1925.0,1925.0,1925.0,2
2024-05-29 13:15:00,1925.0,1925.0,1925.0,1925.0,0
2024-05-29 13:16:00,1925.0,1925.0,1924.95,1925.0,1
2024-05-29 13:17:00,1925.0,1925.0,1924.95,1925.0,56
2024-05-29 13:18:00,1925.0,1926.0,1925.0,1926.0,202
2024-05-29 13:19:00,1925.0,1925.0,1924.0,1924.0,22
2024-05-29 13:20:00,1924.0,1924.0,1924.0,1924.0,5
2024-05-29 13:21:00,1924.0,1925.15,1923.95,1925.0,219
2024-05-29 13:22:00,1925.0,1925.55,1925.0,1925.45,22
2024-05-29 13:23:00,1925.45,1925.55,1925.0,1925.0,3
2024-05-29 13:24:00,1925.0,1925.0,1925.0,1925.0,0
2024-05-29 13:25:00,1925.0,1925.0,1925.0,1925.0,11
2024-05-29 13:26:00,1925.0,1925.0,1925.0,1925.0,3
2024-05-29 13:27:00,1925.0,1925.0,1923.4,1923.4,23
2024-05-29 13:28:00,1923.4,1925.0,1923.4,1925.0,2
2024-05-29 13:29:00,1925.0,1925.0,1924.9,1924.9,2
2024-05-29 13:30:00,1924.9,1924.9,1923.4,1924.5,31
2024-05-29 13:31:00,1924.5,1924.5,1924.0,1924.0,2
2024-05-29 13:32:00,1923.0,1924.5,1923.0,1924.5,27
2024-05-29 13:33:00,1923.0,1924.5,1922.65,1924.45,64
2024-05-29 13:34:00,1924.45,1924.45,1924.0,1924.0,4
2024-05-29 13:35:00,1924.0,1924.0,1924.0,1924.0,1
2024-05-29 13:36:00,1924.0,1924.95,1922.95,1922.95,52
2024-05-29 13:37:00,1922.95,1922.95,1922.95,1922.95,0
2024-05-29 13:38:00,1922.95,1923.45,1922.0,1923.45,88
2024-05-29 13:39:00,1923.45,1923.45,1920.3,1920.3,100
2024-05-29 13:40:00,1920.3,1922.5,1920.3,1922.5,0
2024-05-29 13:41:00,1922.5,1922.85,1922.5,1922.85,5
2024-05-29 13:42:00,1922.85,1922.85,1922.85,1922.85,6
2024-05-29 13:43:00,1922.85,1922.85,1922.85,1922.85,0
2024-05-29 13:44:00,1922.85,1922.85,1920.3,1920.3,119
2024-05-29 13:45:00,1920.3,1922.95,1920.3,1920.45,136
2024-05-29 13:46:00,1920.45,1922.9,1920.45,1922.4,65
2024-05-29 13:47:00,1922.4,1923.3,1922.4,1923.3,30
2024-05-29 13:48:00,1923.3,1924.55,1922.9,1924.55,17
2024-05-29 13:49:00,1924.55,1925.05,1924.55,1924.55,76
2024-05-29 13:50:00,1924.55,1925.15,1924.55,1925.15,23
2024-05-29 13:51:00,1925.15,1925.15,1922.0,1922.0,76
2024-05-29 13:52:00,1922.0,1922.55,1920.5,1920.5,20
2024-05-29 13:53:00,1920.5,1922.1,1920.5,1922.1,22
2024-05-29 13:54:00,1920.8,1920.8,1919.0,1920.1,375
2024-05-29 13:55:00,1920.1,1920.1,1917.0,1917.0,176
2024-05-29 13:56:00,1917.0,1918.9,1914.9,1916.05,704
2024-05-29 13:57:00,1916.05,1918.4,1914.1,1915.4,270
2024-05-29 13:58:00,1914.05,1916.85,1913.0,1915.85,728
2024-05-29 13:59:00,1915.85,1915.85,1913.05,1915.55,110
2024-05-29 14:00:00,1915.55,1916.0,1913.8,1915.2,72
2024-05-29 14:01:00,1915.2,1915.95,1913.1,1915.95,28
2024-05-29 14:02:00,1915.05,1916.6,1914.0,1914.4,45
2024-05-29 14:03:00,1914.4,1916.75,1914.4,1915.55,27
2024-05-29 14:04:00,1914.55,1916.4,1914.3,1915.2,52
2024-05-29 14:05:00,1914.3,1916.5,1914.3,1914.4,11
2024-05-29 14:06:00,1914.45,1916.6,1914.25,1914.55,78
2024-05-29 14:07:00,1914.55,1916.95,1914.55,1915.05,17
2024-05-29 14:08:00,1915.05,1916.8,1914.1,1915.0,124
2024-05-29 14:09:00,1914.0,1915.9,1914.0,1914.1,23
2024-05-29 14:10:00,1914.35,1916.6,1914.3,1914.9,22
2024-05-29 14:11:00,1915.1,1916.4,1915.0,1915.0,129
2024-05-29 14:12:00,1915.0,1916.55,1914.75,1915.05,111
2024-05-29 14:13:00,1915.0,1916.6,1914.8,1915.2,188
2024-05-29 14:14:00,1915.05,1916.8,1915.0,1916.0,18
2024-05-29 14:15:00,1916.0,1916.8,1915.0,1915.2,22
2024-05-29 14:16:00,1915.25,1917.1,1915.25,1917.1,122
2024-05-29 14:17:00,1917.1,1918.4,1915.35,1917.75,185
2024-05-29 14:18:00,1915.4,1917.45,1915.35,1915.35,28
2024-05-29 14:19:00,1915.35,1917.4,1915.35,1917.15,64
2024-05-29 14:20:00,1915.6,1917.2,1915.6,1916.0,19
2024-05-29 14:21:00,1916.0,1916.0,1916.0,1916.0,109
2024-05-29 14:22:00,1916.0,1917.4,1916.0,1917.4,45
2024-05-29 14:23:00,1917.4,1917.5,1916.0,1917.5,65
2024-05-29 14:24:00,1917.5,1917.5,1915.4,1915.4,57
2024-05-29 14:25:00,1915.4,1917.0,1915.4,1917.0,33
2024-05-29 14:26:00,1917.0,1917.1,1915.4,1916.0,32
2024-05-29 14:27:00,1916.0,1917.25,1915.4,1916.9,63
2024-05-29 14:28:00,1916.9,1916.9,1915.4,1915.4,16
2024-05-29 14:29:00,1915.4,1917.0,1915.4,1917.0,44
2024-05-29 14:30:00,1915.45,1917.1,1915.45,1915.45,43
2024-05-29 14:31:00,1915.45,1917.0,1915.45,1917.0,24
2024-05-29 14:32:00,1917.0,1917.25,1915.5,1915.65,29
2024-05-29 14:33:00,1915.65,1917.35,1915.55,1916.0,11
2024-05-29 14:34:00,1916.05,1917.45,1915.65,1915.75,64
2024-05-29 14:35:00,1915.75,1918.85,1915.5,1918.85,205
2024-05-29 14:36:00,1918.85,1918.9,1916.65,1917.2,20
2024-05-29 14:37:00,1917.2,1918.9,1916.7,1918.5,9
2024-05-29 14:38:00,1916.7,1918.9,1916.7,1918.9,26
2024-05-29 14:39:00,1918.95,1918.95,1916.05,1918.75,121
2024-05-29 14:40:00,1918.75,1918.75,1916.2,1917.05,20
2024-05-29 14:41:00,1917.05,1918.85,1917.05,1917.05,21
2024-05-29 14:42:00,1917.05,1918.45,1916.4,1918.35,50
2024-05-29 14:43:00,1918.35,1919.95,1916.45,1919.9,89
2024-05-29 14:44:00,1919.9,1919.9,1917.75,1917.75,25
2024-05-29 14:45:00,1917.75,1919.8,1917.75,1919.75,23
2024-05-29 14:46:00,1919.75,1919.75,1919.0,1919.0,19
2024-05-29 14:47:00,1919.0,1919.9,1918.15,1918.15,26
2024-05-29 14:48:00,1918.15,1920.0,1918.15,1920.0,21
2024-05-29 14:49:00,1920.0,1920.0,1919.95,1920.0,44
2024-05-29 14:50:00,1920.0,1920.0,1920.0,1920.0,0
2024-05-29 14:51:00,1920.0,1920.0,1918.15,1919.95,35
2024-05-29 14:52:00,1919.95,1919.95,1918.0,1918.05,50
2024-05-29 14:53:00,1918.05,1918.05,1918.05,1918.05,7
2024-05-29 14:54:00,1918.05,1919.95,1918.05,1919.6,10
2024-05-29 14:55:00,1919.6,1919.6,1916.1,1918.25,633
2024-05-29 14:56:00,1918.25,1918.25,1917.3,1918.25,11
2024-05-29 14:57:00,1918.25,1918.6,1917.2,1917.2,33
2024-05-29 14:58:00,1917.2,1918.55,1915.25,1916.95,160
2024-05-29 14:59:00,1916.95,1922.5,1914.9,1922.5,866
2024-05-29 15:00:00,1922.5,1922.5,1922.5,1922.5,9
2024-05-29 15:01:00,1922.0,1922.5,1922.0,1922.5,30
2024-05-29 15:02:00,1922.5,1922.5,1922.0,1922.0,32
2024-05-29 15:03:00,1922.0,1922.25,1922.0,1922.25,36
2024-05-29 15:04:00,1922.0,1923.05,1922.0,1923.05,19
2024-05-29 15:05:00,1923.05,1923.05,1922.55,1922.55,23
2024-05-29 15:06:00,1922.25,1922.8,1920.6,1922.8,340
2024-05-29 15:07:00,1922.8,1922.8,1920.05,1921.9,154
2024-05-29 15:08:00,1921.9,1921.9,1920.05,1921.85,44
2024-05-29 15:09:00,1921.85,1923.3,1921.7,1923.0,69
2024-05-29 15:10:00,1923.0,1924.35,1921.45,1922.65,45
2024-05-29 15:11:00,1922.65,1923.75,1922.65,1923.75,6
2024-05-29 15:12:00,1923.65,1925.5,1923.65,1925.5,227
2024-05-29 15:13:00,1925.5,1925.5,1923.15,1924.5,95
2024-05-29 15:14:00,1924.0,1924.45,1922.55,1924.0,28
2024-05-29 15:15:00,1924.35,1924.35,1921.1,1921.1,232
2024-05-29 15:16:00,1921.1,1922.95,1921.1,1922.85,69
2024-05-29 15:17:00,1922.85,1922.95,1922.0,1922.0,25
2024-05-29 15:18:00,1922.0,1922.45,1922.0,1922.2,103
2024-05-29 15:19:00,1922.2,1923.05,1922.2,1922.2,43
2024-05-29 15:20:00,1923.05,1923.05,1922.0,1922.5,107
2024-05-29 15:21:00,1922.45,1922.45,1921.65,1921.65,179
2024-05-29 15:22:00,1921.65,1923.0,1921.25,1923.0,183
2024-05-29 15:23:00,1923.0,1924.2,1922.9,1923.05,24
2024-05-29 15:24:00,1923.05,1924.25,1921.55,1921.55,47
2024-05-29 15:25:00,1923.95,1924.9,1921.6,1921.6,51
2024-05-29 15:26:00,1921.6,1924.7,1921.0,1924.6,122
2024-05-29 15:27:00,1924.6,1925.75,1924.0,1925.0,92
2024-05-29 15:28:00,1925.0,1926.0,1924.55,1924.55,71
2024-05-29 15:29:00,1926.4,1927.75,1920.05,1927.75,160
2024-05-30 09:15:00,1924.9,1927.2,1922.5,1924.05,164
2024-05-30 09:16:00,1924.05,1926.8,1922.7,1926.8,59
2024-05-30 09:17:00,1926.8,1926.8,1923.2,1923.2,14
2024-05-30 09:18:00,1923.2,1928.95,1922.9,1928.95,46
2024-05-30 09:19:00,1925.85,1933.2,1925.85,1933.2,31
2024-05-30 09:20:00,1933.2,1933.2,1925.7,1925.7,156
2024-05-30 09:21:00,1925.7,1929.35,1925.7,1929.35,1
2024-05-30 09:22:00,1929.35,1929.35,1928.0,1928.0,3
2024-05-30 09:23:00,1928.0,1928.0,1925.0,1925.0,87
2024-05-30 09:24:00,1926.85,1928.85,1924.95,1927.65,167
2024-05-30 09:25:00,1927.65,1928.0,1923.4,1923.4,85
2024-05-30 09:26:00,1922.9,1925.65,1922.85,1925.65,36
2024-05-30 09:27:00,1925.65,1925.65,1922.65,1925.55,18
2024-05-30 09:28:00,1925.55,1925.55,1924.95,1924.95,5
2024-05-30 09:29:00,1925.0,1925.0,1909.5,1913.45,1963
2024-05-30 09:30:00,1913.45,1916.0,1911.2,1915.5,161
2024-05-30 09:31:00,1915.5,1916.65,1914.05,1915.45,17
2024-05-30 09:32:00,1915.5,1917.7,1915.3,1917.7,74
2024-05-30 09:33:00,1917.7,1917.7,1917.5,1917.7,13
2024-05-30 09:34:00,1917.7,1917.7,1914.3,1915.95,104
2024-05-30 09:35:00,1915.95,1917.2,1915.6,1917.05,47
2024-05-30 09:36:00,1917.05,1917.05,1911.5,1912.0,181
2024-05-30 09:37:00,1912.65,1914.95,1911.0,1912.5,88
2024-05-30 09:38:00,1912.5,1915.0,1912.35,1915.0,12
2024-05-30 09:39:00,1915.0,1915.4,1911.15,1912.3,142
2024-05-30 09:40:00,1912.3,1912.95,1912.3,1912.95,6
2024-05-30 09:41:00,1912.95,1912.95,1910.1,1911.9,159
2024-05-30 09:42:00,1910.05,1913.6,1910.0,1911.9,216
2024-05-30 09:43:00,1911.9,1913.45,1911.9,1913.45,72
2024-05-30 09:44:00,1913.45,1914.05,1912.0,1912.0,184
2024-05-30 09:45:00,1912.0,1914.75,1912.0,1912.0,96
2024-05-30 09:46:00,1912.0,1913.25,1911.25,1913.25,67
2024-05-30 09:47:00,1913.25,1913.9,1913.25,1913.85,6
2024-05-30 09:48:00,1913.85,1913.85,1912.0,1912.0,9
2024-05-30 09:49:00,1912.0,1913.7,1912.0,1913.7,9
2024-05-30 09:50:00,1913.7,1913.7,1913.0,1913.0,25
2024-05-30 09:51:00,1913.0,1915.0,1913.0,1915.0,203
2024-05-30 09:52:00,1915.0,1929.65,1914.0,1929.6,3477
2024-05-30 09:53:00,1929.6,1929.6,1927.35,1927.35,34
2024-05-30 09:54:00,1927.35,1930.0,1927.35,1928.55,89
2024-05-30 09:55:00,1928.55,1930.2,1927.45,1930.0,93
2024-05-30 09:56:00,1930.0,1932.55,1930.0,1930.85,449
2024-05-30 09:57:00,1930.85,1930.85,1929.6,1930.8,7
2024-05-30 09:58:00,1930.8,1930.8,1929.1,1929.1,15
2024-05-30 09:59:00,1929.1,1929.1,1928.0,1928.0,7
2024-05-30 10:00:00,1928.0,1930.0,1928.0,1930.0,6
2024-05-30 10:01:00,1930.0,1930.0,1928.5,1930.0,28
2024-05-30 10:02:00,1930.0,1930.0,1927.95,1927.95,93
2024-05-30 10:03:00,1927.95,1927.95,1927.95,1927.95,24
2024-05-30 10:04:00,1927.95,1927.95,1926.6,1927.95,19
2024-05-30 10:05:00,1927.95,1927.95,1926.15,1926.15,10
2024-05-30 10:06:00,1926.15,1926.15,1925.55,1925.55,7
2024-05-30 10:07:00,1925.55,1925.55,1925.55,1925.55,0
2024-05-30 10:08:00,1925.55,1927.0,1925.55,1927.0,2
2024-05-30 10:09:00,1927.0,1927.0,1927.0,1927.0,1
2024-05-30 10:10:00,1927.0,1929.95,1927.0,1927.95,71
2024-05-30 10:11:00,1927.95,1928.05,1927.95,1928.05,1
2024-05-30 10:12:00,1928.05,1928.1,1928.05,1928.1,15
2024-05-30 10:13:00,1928.1,1928.1,1928.1,1928.1,11
2024-05-30 10:14:00,1926.1,1927.85,1925.0,1925.35,94
2024-05-30 10:15:00,1925.35,1927.3,1925.35,1927.3,5
2024-05-30 10:16:00,1927.3,1928.1,1925.65,1925.65,16
2024-05-30 10:17:00,1928.4,1931.0,1928.4,1931.0,178
2024-05-30 10:18:00,1928.9,1931.0,1928.9,1931.0,8
2024-05-30 10:19:00,1931.0,1931.0,1925.8,1925.8,532
2024-05-30 10:20:00,1925.8,1927.85,1925.8,1927.85,2
2024-05-30 10:21:00,1927.85,1927.85,1925.85,1927.0,49
2024-05-30 10:22:00,1927.0,1929.5,1926.7,1929.5,29
2024-05-30 10:23:00,1929.5,1929.85,1929.5,1929.85,8
2024-05-30 10:24:00,1929.85,1929.85,1927.85,1929.5,32
2024-05-30 10:25:00,1930.0,1933.0,1927.15,1927.15,405
2024-05-30 10:26:00,1927.15,1927.75,1927.15,1927.6,5
2024-05-30 10:27:00,1927.6,1927.6,1927.6,1927.6,0
2024-05-30 10:28:00,1927.6,1927.6,1927.6,1927.6,2
2024-05-30 10:29:00,1927.6,1927.6,1927.6,1927.6,98
2024-05-30 10:30:00,1927.6,1927.6,1927.6,1927.6,1
2024-05-30 10:31:00,1927.6,1927.8,1925.8,1927.8,37
2024-05-30 10:32:00,1927.8,1927.8,1925.4,1925.4,9
2024-05-30 10:33:00,1925.4,1927.25,1923.3,1925.3,172
2024-05-30 10:34:00,1925.3,1925.3,1922.2,1924.7,32
2024-05-30 10:35:00,1924.65,1924.95,1921.95,1922.9,29
2024-05-30 10:36:00,1922.9,1925.4,1922.9,1925.4,16
2024-05-30 10:37:00,1925.4,1926.55,1923.35,1926.25,46
2024-05-30 10:38:00,1926.25,1926.25,1923.95,1923.95,254
2024-05-30 10:39:00,1923.95,1924.4,1922.75,1924.4,23
2024-05-30 10:40:00,1924.4,1924.4,1922.35,1922.35,6
2024-05-30 10:41:00,1922.35,1922.4,1922.35,1922.4,3
2024-05-30 10:42:00,1922.4,1923.15,1920.0,1923.15,282
2024-05-30 10:43:00,1923.15,1923.15,1923.15,1923.15,0
2024-05-30 10:44:00,1923.15,1923.15,1923.15,1923.15,1
2024-05-30 10:45:00,1923.15,1924.2,1922.05,1924.2,75
2024-05-30 10:46:00,1924.2,1924.5,1924.2,1924.5,34
2024-05-30 10:47:00,1924.5,1924.5,1922.35,1924.0,200
2024-05-30 10:48:00,1924.0,1924.0,1922.55,1922.55,2
2024-05-30 10:49:00,1922.55,1924.0,1921.3,1922.9,116
2024-05-30 10:50:00,1922.9,1922.95,1920.05,1920.05,175
2024-05-30 10:51:00,1920.05,1920.05,1920.05,1920.05,0
2024-05-30 10:52:00,1920.05,1922.85,1920.05,1920.9,25
2024-05-30 10:53:00,1920.9,1920.9,1920.0,1920.0,613
2024-05-30 10:54:00,1920.0,1920.0,1920.0,1920.0,100
2024-05-30 10:55:00,1920.0,1922.0,1920.0,1922.0,1
2024-05-30 10:56:00,1922.0,1922.0,1921.95,1922.0,16
2024-05-30 10:57:00,1922.0,1922.0,1922.0,1922.0,7
2024-05-30 10:58:00,1921.05,1922.9,1921.05,1922.9,13
2024-05-30 10:59:00,1922.9,1922.9,1921.05,1922.9,12
2024-05-30 11:00:00,1922.9,1922.9,1922.9,1922.9,0
2024-05-30 11:01:00,1922.9,1922.95,1922.9,1922.95,2
2024-05-30 11:02:00,1922.95,1922.95,1922.95,1922.95,3
2024-05-30 11:03:00,1922.95,1922.95,1922.95,1922.95,0
2024-05-30 11:04:00,1922.95,1923.85,1922.0,1923.6,17
2024-05-30 11:05:00,1923.6,1923.65,1921.8,1921.8,7
2024-05-30 11:06:00,1921.8,1923.65,1921.8,1923.65,4
2024-05-30 11:07:00,1923.65,1923.65,1923.65,1923.65,0
2024-05-30 11:08:00,1923.65,1923.65,1921.05,1921.05,42
2024-05-30 11:09:00,1921.05,1921.05,1920.65,1920.65,7
2024-05-30 11:10:00,1920.65,1921.95,1920.25,1920.25,7
2024-05-30 11:11:00,1920.25,1923.95,1920.25,1923.95,33
2024-05-30 11:12:00,1923.95,1923.95,1921.05,1922.85,40
2024-05-30 11:13:00,1922.85,1922.95,1922.85,1922.95,10
2024-05-30 11:14:00,1922.95,1923.2,1922.95,1923.0,46
2024-05-30 11:15:00,1923.0,1923.0,1920.55,1922.65,17
2024-05-30 11:16:00,1922.65,1923.45,1921.3,1921.3,11
2024-05-30 11:17:00,1921.3,1921.9,1921.3,1921.9,1
2024-05-30 11:18:00,1921.9,1921.9,1920.0,1920.0,107
2024-05-30 11:19:00,1920.0,1921.85,1920.0,1921.85,22
2024-05-30 11:20:00,1921.85,1921.85,1920.05,1921.75,52
2024-05-30 11:21:00,1921.75,1921.75,1921.75,1921.75,5
2024-05-30 11:22:00,1921.75,1921.75,1921.75,1921.75,0
2024-05-30 11:23:00,1921.75,1921.75,1921.6,1921.6,5
2024-05-30 11:24:00,1921.6,1921.6,1920.05,1920.05,39
2024-05-30 11:25:00,1920.0,1921.75,1920.0,1921.0,13
2024-05-30 11:26:00,1921.0,1921.0,1921.0,1921.0,0
2024-05-30 11:27:00,1921.0,1921.0,1920.0,1921.0,118
2024-05-30 11:28:00,1921.0,1921.0,1920.0,1921.0,78
2024-05-30 11:29:00,1921.0,1921.0,1921.0,1921.0,6
2024-05-30 11:30:00,1921.0,1921.0,1920.05,1920.05,34
2024-05-30 11:31:00,1920.05,1921.0,1920.05,1921.0,21
2024-05-30 11:32:00,1921.0,1921.0,1921.0,1921.0,1
2024-05-30 11:33:00,1921.0,1921.0,1921.0,1921.0,0
2024-05-30 11:34:00,1921.0,1921.0,1920.0,1920.0,69
2024-05-30 11:35:00,1920.0,1921.45,1920.0,1920.1,14
2024-05-30 11:36:00,1921.6,1921.6,1921.6,1921.6,5
2024-05-30 11:37:00,1921.6,1921.6,1920.0,1920.0,26
2024-05-30 11:38:00,1920.0,1920.05,1920.0,1920.0,55
2024-05-30 11:39:00,1920.0,1920.0,1920.0,1920.0,23
2024-05-30 11:40:00,1920.0,1921.35,1920.0,1921.35,207
2024-05-30 11:41:00,1921.35,1921.35,1920.0,1920.0,41
2024-05-30 11:42:00,1920.0,1921.35,1920.0,1921.35,39
2024-05-30 11:43:00,1921.35,1921.35,1920.0,1920.0,30
2024-05-30 11:44:00,1920.0,1920.0,1920.0,1920.0,0
2024-05-30 11:45:00,1920.0,1921.35,1920.0,1921.35,21
2024-05-30 11:46:00,1920.0,1921.35,1920.0,1921.35,13
2024-05-30 11:47:00,1921.35,1921.35,1921.35,1921.35,1
2024-05-30 11:48:00,1921.35,1921.35,1920.05,1921.35,14
2024-05-30 11:49:00,1921.35,1921.35,1921.35,1921.35,11
2024-05-30 11:50:00,1921.35,1921.35,1921.35,1921.35,3
2024-05-30 11:51:00,1921.35,1921.35,1921.35,1921.35,81
2024-05-30 11:52:00,1921.35,1921.35,1921.35,1921.35,35
2024-05-30 11:53:00,1921.35,1921.35,1920.05,1921.35,46
2024-05-30 11:54:00,1921.35,1921.35,1921.35,1921.35,0
2024-05-30 11:55:00,1921.35,1921.35,1921.35,1921.35,10
2024-05-30 11:56:00,1921.35,1921.35,1921.35,1921.35,0
2024-05-30 11:57:00,1921.35,1921.35,1920.0,1920.0,22
2024-05-30 11:58:00,1920.0,1921.35,1920.0,1921.35,2
2024-05-30 11:59:00,1921.35,1921.35,1920.0,1921.35,56
2024-05-30 12:00:00,1921.35,1921.35,1921.35,1921.35,0
2024-05-30 12:01:00,1920.0,1921.55,1920.0,1921.55,85
2024-05-30 12:02:00,1921.55,1921.7,1920.1,1920.3,29
2024-05-30 12:03:00,1920.3,1920.5,1920.3,1920.5,4
2024-05-30 12:04:00,1920.5,1921.75,1920.5,1921.75,4
2024-05-30 12:05:00,1921.75,1921.75,1920.05,1921.0,18
2024-05-30 12:06:00,1921.0,1921.0,1921.0,1921.0,0
2024-05-30 12:07:00,1921.0,1921.0,1921.0,1921.0,0
2024-05-30 12:08:00,1921.0,1921.4,1920.45,1921.4,23
2024-05-30 12:09:00,1921.4,1921.4,1920.15,1920.15,22
2024-05-30 12:10:00,1920.15,1920.75,1920.15,1920.75,11
2024-05-30 12:11:00,1920.75,1920.75,1920.75,1920.75,6
2024-05-30 12:12:00,1920.75,1920.75,1920.75,1920.75,1
2024-05-30 12:13:00,1920.75,1920.75,1920.75,1920.75,7
2024-05-30 12:14:00,1920.75,1921.0,1920.0,1921.0,31
2024-05-30 12:15:00,1921.0,1921.0,1921.0,1921.0,1
2024-05-30 12:16:00,1921.0,1921.4,1921.0,1921.0,4
2024-05-30 12:17:00,1921.0,1921.0,1921.0,1921.0,0
2024-05-30 12:18:00,1921.3,1921.4,1920.0,1921.0,103
2024-05-30 12:19:00,1921.0,1921.4,1921.0,1921.0,6
2024-05-30 12:20:00,1921.0,1921.0,1921.0,1921.0,0
2024-05-30 12:21:00,1921.0,1921.65,1921.0,1921.6,26
2024-05-30 12:22:00,1921.6,1921.6,1920.35,1921.6,13
2024-05-30 12:23:00,1921.6,1921.6,1921.6,1921.6,0
2024-05-30 12:24:00,1921.6,1921.6,1921.6,1921.6,0
2024-05-30 12:25:00,1921.6,1921.6,1921.6,1921.6,0
2024-05-30 12:26:00,1921.6,1921.6,1921.6,1921.6,1
2024-05-30 12:27:00,1921.65,1921.65,1920.0,1920.0,234
2024-05-30 12:28:00,1920.0,1921.7,1920.0,1921.7,29
2024-05-30 12:29:00,1921.7,1921.7,1921.65,1921.65,5
2024-05-30 12:30:00,1921.65,1921.65,1921.65,1921.65,5
2024-05-30 12:31:00,1921.65,1921.65,1921.65,1921.65,0
2024-05-30 12:32:00,1921.65,1921.65,1920.05,1920.05,2
2024-05-30 12:33:00,1921.55,1921.6,1920.2,1920.2,18
2024-05-30 12:34:00,1920.2,1920.2,1920.2,1920.2,0
2024-05-30 12:35:00,1920.2,1921.55,1920.2,1921.55,10
2024-05-30 12:36:00,1921.55,1921.6,1921.55,1921.6,11
2024-05-30 12:37:00,1921.6,1921.6,1920.25,1920.25,5
2024-05-30 12:38:00,1920.25,1920.25,1920.25,1920.25,0
2024-05-30 12:39:00,1921.55,1921.55,1920.25,1920.25,6
2024-05-30 12:40:00,1920.25,1920.25,1920.25,1920.25,0
2024-05-30 12:41:00,1920.25,1920.25,1920.25,1920.25,1
2024-05-30 12:42:00,1920.25,1921.6,1920.25,1921.6,13
2024-05-30 12:43:00,1921.6,1921.6,1920.55,1921.55,6
2024-05-30 12:44:00,1921.55,1921.55,1921.55,1921.55,13
2024-05-30 12:45:00,1921.55,1921.55,1920.1,1920.1,39
2024-05-30 12:46:00,1920.1,1920.95,1920.1,1920.95,3
2024-05-30 12:47:00,1920.95,1921.0,1920.5,1921.0,3
2024-05-30 12:48:00,1921.0,1921.0,1920.6,1920.6,5
2024-05-30 12:49:00,1920.5,1921.4,1920.5,1921.4,28
2024-05-30 12:50:00,1921.4,1921.55,1921.4,1921.55,11
2024-05-30 12:51:00,1921.55,1921.6,1921.55,1921.6,1
2024-05-30 12:52:00,1921.75,1921.75,1921.75,1921.75,41
2024-05-30 12:53:00,1921.75,1921.75,1921.75,1921.75,0
2024-05-30 12:54:00,1921.75,1921.75,1921.65,1921.65,7
2024-05-30 12:55:00,1921.65,1921.75,1921.0,1921.75,4
2024-05-30 12:56:00,1921.75,1921.75,1921.0,1921.75,10
2024-05-30 12:57:00,1921.75,1921.75,1921.75,1921.75,7
2024-05-30 12:58:00,1921.75,1921.75,1921.75,1921.75,6
2024-05-30 12:59:00,1921.75,1921.75,1921.5,1921.75,16
2024-05-30 13:00:00,1921.75,1921.75,1921.75,1921.75,1
2024-05-30 13:01:00,1921.75,1922.0,1921.75,1922.0,352
2024-05-30 13:02:00,1922.5,1922.5,1922.0,1922.0,17
2024-05-30 13:03:00,1922.0,1922.5,1922.0,1922.5,27
2024-05-30 13:04:00,1922.5,1922.5,1922.5,1922.5,6
2024-05-30 13:05:00,1922.5,1922.5,1922.5,1922.5,10
2024-05-30 13:06:00,1922.5,1922.5,1922.5,1922.5,2
2024-05-30 13:07:00,1922.5,1922.5,1922.5,1922.5,0
2024-05-30 13:08:00,1922.5,1922.5,1921.6,1922.5,58
2024-05-30 13:09:00,1922.5,1922.5,1922.5,1922.5,0
2024-05-30 13:10:00,1922.5,1922.5,1922.5,1922.5,0
2024-05-30 13:11:00,1922.5,1922.95,1922.5,1922.95,2
2024-05-30 13:12:00,1922.5,1924.1,1922.5,1924.1,5
2024-05-30 13:13:00,1924.1,1924.15,1924.1,1924.15,9
2024-05-30 13:14:00,1924.15,1924.4,1924.0,1924.4,2
2024-05-30 13:15:00,1924.4,1924.4,1921.7,1921.7,53
2024-05-30 13:16:00,1921.7,1923.5,1921.7,1923.45,41
2024-05-30 13:17:00,1923.45,1923.45,1921.05,1921.05,33
2024-05-30 13:18:00,1921.05,1923.0,1921.05,1923.0,84
2024-05-30 13:19:00,1923.0,1923.05,1923.0,1923.0,30
2024-05-30 13:20:00,1923.0,1923.0,1923.0,1923.0,0
2024-05-30 13:21:00,1923.75,1924.4,1923.75,1924.4,80
2024-05-30 13:22:00,1924.4,1924.4,1924.15,1924.15,1
2024-05-30 13:23:00,1924.1,1924.1,1923.0,1923.0,7
2024-05-30 13:24:00,1923.0,1924.3,1923.0,1924.3,19
2024-05-30 13:25:00,1924.05,1924.05,1923.0,1923.0,223
2024-05-30 13:26:00,1923.0,1923.0,1922.0,1922.9,10
2024-05-30 13:27:00,1922.9,1922.9,1922.0,1922.0,2
2024-05-30 13:28:00,1922.0,1922.0,1922.0,1922.0,0
2024-05-30 13:29:00,1922.0,1922.0,1922.0,1922.0,16
2024-05-30 13:30:00,1922.0,1922.0,1921.1,1921.1,5
2024-05-30 13:31:00,1921.1,1921.1,1921.1,1921.1,0
2024-05-30 13:32:00,1921.1,1922.8,1921.1,1922.8,30
2024-05-30 13:33:00,1922.8,1922.95,1922.8,1922.95,14
2024-05-30 13:34:00,1922.95,1923.0,1922.95,1923.0,1
2024-05-30 13:35:00,1923.0,1923.0,1922.95,1922.95,3
2024-05-30 13:36:00,1923.0,1923.0,1923.0,1923.0,2
2024-05-30 13:37:00,1923.0,1923.0,1923.0,1923.0,0
2024-05-30 13:38:00,1923.0,1923.0,1923.0,1923.0,4
2024-05-30 13:39:00,1923.0,1923.6,1923.0,1923.6,11
2024-05-30 13:40:00,1923.6,1923.9,1922.95,1923.9,16
2024-05-30 13:41:00,1922.0,1923.9,1921.95,1921.95,41
2024-05-30 13:42:00,1921.95,1922.0,1921.0,1922.0,103
2024-05-30 13:43:00,1922.0,1922.0,1922.0,1922.0,50
2024-05-30 13:44:00,1922.0,1922.0,1921.0,1922.0,5
2024-05-30 13:45:00,1922.0,1922.0,1922.0,1922.0,2
2024-05-30 13:46:00,1922.0,1922.0,1921.75,1921.75,2
2024-05-30 13:47:00,1921.75,1921.75,1921.75,1921.75,2
2024-05-30 13:48:00,1921.75,1921.75,1921.0,1921.5,36
2024-05-30 13:49:00,1921.5,1921.5,1920.6,1921.1,85
2024-05-30 13:50:00,1921.1,1921.1,1921.1,1921.1,1
2024-05-30 13:51:00,1921.1,1921.5,1920.1,1921.5,72
2024-05-30 13:52:00,1921.5,1921.5,1921.5,1921.5,0
2024-05-30 13:53:00,1921.5,1921.5,1921.1,1921.1,4
2024-05-30 13:54:00,1921.1,1921.1,1921.1,1921.1,0
2024-05-30 13:55:00,1921.1,1921.5,1921.1,1921.5,2
2024-05-30 13:56:00,1921.5,1921.5,1921.5,1921.5,5
2024-05-30 13:57:00,1921.5,1921.5,1921.5,1921.5,0
2024-05-30 13:58:00,1920.0,1920.0,1920.0,1920.0,318
2024-05-30 13:59:00,1920.0,1921.25,1920.0,1920.0,4
2024-05-30 14:00:00,1920.0,1921.5,1920.0,1920.0,155
2024-05-30 14:01:00,1920.0,1921.5,1920.0,1921.5,10
2024-05-30 14:02:00,1921.5,1921.7,1920.5,1920.5,21
2024-05-30 14:03:00,1920.5,1920.5,1920.5,1920.5,0
2024-05-30 14:04:00,1920.5,1921.8,1920.5,1921.8,2
2024-05-30 14:05:00,1921.8,1921.85,1921.8,1921.85,11
2024-05-30 14:06:00,1921.85,1922.0,1921.0,1922.0,13
2024-05-30 14:07:00,1922.0,1922.45,1922.0,1922.4,36
2024-05-30 14:08:00,1922.4,1922.45,1922.4,1922.45,1
2024-05-30 14:09:00,1922.8,1923.2,1922.8,1923.2,3
2024-05-30 14:10:00,1923.2,1923.2,1922.0,1922.0,6
2024-05-30 14:11:00,1922.0,1923.2,1922.0,1923.2,53
2024-05-30 14:12:00,1923.2,1923.95,1923.15,1923.95,26
2024-05-30 14:13:00,1923.95,1923.95,1923.95,1923.95,0
2024-05-30 14:14:00,1923.95,1923.95,1921.0,1921.0,12
2024-05-30 14:15:00,1921.0,1921.75,1921.0,1921.75,3
2024-05-30 14:16:00,1921.75,1921.75,1921.7,1921.7,7
2024-05-30 14:17:00,1921.7,1921.75,1921.7,1921.75,25
2024-05-30 14:18:00,1921.75,1921.75,1921.0,1921.0,4
2024-05-30 14:19:00,1921.0,1921.75,1921.0,1921.75,3
2024-05-30 14:20:00,1921.75,1921.75,1921.75,1921.75,1
2024-05-30 14:21:00,1921.75,1921.75,1921.0,1921.0,22
2024-05-30 14:22:00,1921.0,1921.0,1920.0,1920.0,56
2024-05-30 14:23:00,1920.0,1921.3,1920.0,1921.3,14
2024-05-30 14:24:00,1921.0,1921.0,1920.0,1921.0,12
2024-05-30 14:25:00,1921.0,1921.0,1920.0,1920.05,96
2024-05-30 14:26:00,1920.05,1921.6,1920.0,1920.0,12
2024-05-30 14:27:00,1920.0,1921.5,1920.0,1921.5,128
2024-05-30 14:28:00,1921.5,1921.5,1921.5,1921.5,8
2024-05-30 14:29:00,1921.5,1921.6,1920.0,1921.6,25
2024-05-30 14:30:00,1921.6,1921.65,1920.05,1921.0,23
2024-05-30 14:31:00,1921.0,1921.0,1920.05,1920.05,1803
2024-05-30 14:32:00,1920.05,1921.0,1920.0,1921.0,350
2024-05-30 14:33:00,1921.0,1921.0,1921.0,1921.0,10
2024-05-30 14:34:00,1921.0,1921.0,1918.8,1918.8,685
2024-05-30 14:35:00,1918.8,1918.8,1916.0,1916.0,91
2024-05-30 14:36:00,1916.0,1917.35,1914.0,1914.55,30
2024-05-30 14:37:00,1915.0,1915.0,1912.9,1914.1,409
2024-05-30 14:38:00,1914.1,1914.8,1912.35,1913.25,23
2024-05-30 14:39:00,1913.25,1914.9,1913.25,1913.3,6
2024-05-30 14:40:00,1913.3,1914.9,1912.4,1912.4,101
2024-05-30 14:41:00,1914.4,1914.95,1913.8,1914.95,86
2024-05-30 14:42:00,1914.95,1914.95,1913.05,1913.05,21
2024-05-30 14:43:00,1913.05,1913.95,1912.05,1912.05,39
2024-05-30 14:44:00,1912.05,1914.7,1912.0,1912.0,132
2024-05-30 14:45:00,1913.9,1914.25,1912.05,1914.25,14
2024-05-30 14:46:00,1914.25,1914.25,1912.4,1912.9,36
2024-05-30 14:47:00,1914.0,1914.3,1912.1,1912.1,78
2024-05-30 14:48:00,1912.1,1914.0,1912.1,1912.15,27
2024-05-30 14:49:00,1912.15,1914.1,1912.0,1912.0,83
2024-05-30 14:50:00,1912.05,1913.9,1912.05,1913.85,10
2024-05-30 14:51:00,1913.85,1913.85,1912.0,1912.0,50
2024-05-30 14:52:00,1912.0,1912.95,1911.75,1911.75,163
2024-05-30 14:53:00,1911.75,1912.95,1911.75,1912.95,22
2024-05-30 14:54:00,1912.95,1913.75,1912.95,1913.75,2
2024-05-30 14:55:00,1913.75,1913.75,1913.75,1913.75,2
2024-05-30 14:56:00,1913.75,1913.75,1912.3,1912.3,2
2024-05-30 14:57:00,1912.3,1913.7,1911.25,1912.1,56
2024-05-30 14:58:00,1912.1,1912.25,1911.25,1911.25,19
2024-05-30 14:59:00,1911.25,1912.2,1911.0,1912.2,46
2024-05-30 15:00:00,1912.2,1912.2,1911.0,1912.0,105
2024-05-30 15:01:00,1912.0,1912.15,1911.0,1911.0,83
2024-05-30 15:02:00,1911.0,1913.75,1911.0,1912.65,261
2024-05-30 15:03:00,1912.65,1915.0,1912.6,1915.0,161
2024-05-30 15:04:00,1915.0,1915.5,1912.0,1912.0,40
2024-05-30 15:05:00,1914.75,1914.75,1912.95,1912.95,58
2024-05-30 15:06:00,1912.95,1913.9,1912.0,1912.0,58
2024-05-30 15:07:00,1912.0,1913.65,1912.0,1913.65,151
2024-05-30 15:08:00,1914.75,1914.75,1912.6,1912.6,76
2024-05-30 15:09:00,1914.3,1915.0,1912.0,1915.0,134
2024-05-30 15:10:00,1915.0,1915.45,1915.0,1915.45,103
2024-05-30 15:11:00,1915.45,1915.45,1913.15,1913.15,106
2024-05-30 15:12:00,1913.15,1916.85,1912.7,1914.65,189
2024-05-30 15:13:00,1914.65,1914.65,1910.05,1912.5,314
2024-05-30 15:14:00,1912.5,1914.55,1912.0,1913.6,50
2024-05-30 15:15:00,1913.65,1913.9,1911.15,1913.9,259
2024-05-30 15:16:00,1913.9,1914.8,1913.75,1914.75,31
2024-05-30 15:17:00,1915.0,1915.1,1910.0,1911.05,386
2024-05-30 15:18:00,1911.05,1914.45,1911.05,1913.9,37
2024-05-30 15:19:00,1913.9,1913.9,1913.3,1913.7,61
2024-05-30 15:20:00,1913.7,1913.7,1912.2,1912.45,44
2024-05-30 15:21:00,1912.5,1912.6,1911.0,1911.0,228
2024-05-30 15:22:00,1911.0,1911.4,1910.65,1911.2,123
2024-05-30 15:23:00,1911.2,1913.95,1911.2,1913.95,111
2024-05-30 15:24:00,1913.75,1913.8,1913.55,1913.7,72
2024-05-30 15:25:00,1913.7,1913.95,1912.0,1912.0,180
2024-05-30 15:26:00,1912.0,1913.3,1912.0,1913.15,116
2024-05-30 15:27:00,1913.15,1913.15,1913.0,1913.1,94
2024-05-30 15:28:00,1913.1,1913.15,1913.0,1913.15,102
2024-05-30 15:29:00,1913.15,1914.0,1913.0,1913.0,89
2024-05-31 09:15:00,1914.5,1921.0,1914.5,1918.05,34
2024-05-31 09:16:00,1918.05,1921.7,1918.05,1921.7,203
2024-05-31 09:17:00,1922.8,1924.5,1922.05,1922.05,121
2024-05-31 09:18:00,1924.75,1924.95,1919.5,1924.9,299
2024-05-31 09:19:00,1925.0,1925.0,1921.7,1924.95,39
2024-05-31 09:20:00,1924.95,1924.95,1920.0,1921.75,165
2024-05-31 09:21:00,1921.7,1921.7,1921.7,1921.7,14
2024-05-31 09:22:00,1921.7,1921.7,1918.05,1920.4,30
2024-05-31 09:23:00,1920.4,1920.4,1920.0,1920.1,37
2024-05-31 09:24:00,1920.1,1920.1,1917.9,1919.9,28
2024-05-31 09:25:00,1919.9,1920.0,1919.9,1920.0,77
2024-05-31 09:26:00,1920.0,1920.0,1917.6,1919.4,221
2024-05-31 09:27:00,1919.0,1919.0,1916.55,1918.15,36
2024-05-31 09:28:00,1918.15,1918.35,1917.95,1918.35,22
2024-05-31 09:29:00,1918.35,1919.0,1918.3,1919.0,121
2024-05-31 09:30:00,1918.95,1923.6,1915.25,1923.6,404
2024-05-31 09:31:00,1923.6,1924.05,1920.05,1920.05,41
2024-05-31 09:32:00,1920.05,1923.6,1920.05,1923.5,17
2024-05-31 09:33:00,1923.35,1923.35,1923.0,1923.0,10
2024-05-31 09:34:00,1923.0,1923.2,1920.1,1922.9,43
2024-05-31 09:35:00,1922.9,1922.9,1920.05,1922.2,71
2024-05-31 09:36:00,1922.2,1922.5,1920.0,1920.0,121
2024-05-31 09:37:00,1918.8,1921.15,1918.8,1920.85,78
2024-05-31 09:38:00,1920.85,1921.15,1916.9,1919.2,203
2024-05-31 09:39:00,1919.2,1919.2,1915.35,1918.05,52
2024-05-31 09:40:00,1918.05,1918.85,1918.05,1918.85,150
2024-05-31 09:41:00,1918.85,1918.85,1918.8,1918.8,1
2024-05-31 09:42:00,1916.35,1919.0,1916.35,1919.0,4
2024-05-31 09:43:00,1919.0,1919.0,1915.25,1915.25,103
2024-05-31 09:44:00,1915.25,1916.05,1914.5,1916.05,66
2024-05-31 09:45:00,1916.05,1916.75,1916.05,1916.2,24
2024-05-31 09:46:00,1916.2,1916.2,1907.25,1910.05,404
2024-05-31 09:47:00,1910.05,1910.05,1910.0,1910.05,13
2024-05-31 09:48:00,1910.05,1911.05,1907.55,1907.7,188
2024-05-31 09:49:00,1907.7,1911.95,1907.7,1911.45,95
2024-05-31 09:50:00,1911.45,1913.2,1910.5,1913.2,32
2024-05-31 09:51:00,1911.0,1913.0,1910.65,1910.65,23
2024-05-31 09:52:00,1910.65,1912.65,1910.3,1912.2,18
2024-05-31 09:53:00,1912.2,1912.2,1911.75,1911.8,10
2024-05-31 09:54:00,1911.8,1911.8,1911.7,1911.7,1
2024-05-31 09:55:00,1911.7,1912.5,1909.3,1911.95,106
2024-05-31 09:56:00,1912.75,1912.75,1908.25,1908.25,85
2024-05-31 09:57:00,1910.35,1910.9,1908.25,1910.9,28
2024-05-31 09:58:00,1910.9,1910.95,1910.9,1910.95,11
2024-05-31 09:59:00,1910.95,1910.95,1908.25,1908.25,35
2024-05-31 10:00:00,1908.25,1910.55,1906.0,1906.0,216
2024-05-31 10:01:00,1907.55,1907.6,1904.7,1906.9,94
2024-05-31 10:02:00,1906.9,1906.9,1905.3,1905.3,18
2024-05-31 10:03:00,1905.3,1906.85,1905.3,1906.8,11
2024-05-31 10:04:00,1906.8,1907.3,1906.75,1907.3,109
2024-05-31 10:05:00,1907.3,1909.0,1905.0,1908.75,329
2024-05-31 10:06:00,1908.75,1909.0,1908.75,1909.0,11
2024-05-31 10:07:00,1909.0,1909.0,1907.5,1908.9,23
2024-05-31 10:08:00,1908.9,1908.95,1908.35,1908.95,72
2024-05-31 10:09:00,1908.95,1908.95,1907.45,1908.7,6
2024-05-31 10:10:00,1908.7,1908.95,1906.9,1907.55,51
2024-05-31 10:11:00,1907.55,1908.2,1907.55,1908.2,4
2024-05-31 10:12:00,1908.2,1908.25,1906.55,1908.25,59
2024-05-31 10:13:00,1908.25,1908.4,1908.0,1908.0,62
2024-05-31 10:14:00,1908.0,1908.0,1906.2,1907.55,3
2024-05-31 10:15:00,1907.55,1908.45,1907.55,1907.55,12
2024-05-31 10:16:00,1907.55,1908.95,1907.05,1907.05,9
2024-05-31 10:17:00,1907.05,1908.9,1907.05,1908.9,2
2024-05-31 10:18:00,1908.9,1908.9,1907.55,1908.9,59
2024-05-31 10:19:00,1908.9,1908.9,1907.6,1907.6,14
2024-05-31 10:20:00,1907.6,1909.0,1907.6,1908.95,134
2024-05-31 10:21:00,1910.0,1910.0,1906.35,1906.35,71
2024-05-31 10:22:00,1906.35,1908.3,1906.35,1908.3,11
2024-05-31 10:23:00,1907.05,1908.55,1905.1,1905.1,105
2024-05-31 10:24:00,1905.1,1906.35,1905.1,1906.35,7
2024-05-31 10:25:00,1906.35,1906.35,1904.0,1904.0,250
2024-05-31 10:26:00,1904.35,1905.2,1904.1,1905.2,11
2024-05-31 10:27:00,1905.2,1905.45,1903.0,1904.05,70
2024-05-31 10:28:00,1904.05,1904.95,1903.0,1903.0,94
2024-05-31 10:29:00,1904.9,1904.9,1904.05,1904.05,5
2024-05-31 10:30:00,1904.05,1905.25,1904.05,1905.25,32
2024-05-31 10:31:00,1905.25,1905.25,1904.05,1904.05,7
2024-05-31 10:32:00,1904.05,1905.0,1904.05,1905.0,15
2024-05-31 10:33:00,1905.0,1905.85,1905.0,1905.75,45
2024-05-31 10:34:00,1905.75,1905.75,1902.5,1903.0,542
2024-05-31 10:35:00,1903.0,1903.0,1902.6,1902.6,9
2024-05-31 10:36:00,1902.6,1904.7,1902.6,1904.7,14
2024-05-31 10:37:00,1904.7,1904.9,1902.5,1902.5,118
2024-05-31 10:38:00,1902.5,1904.75,1902.5,1904.75,23
2024-05-31 10:39:00,1904.75,1905.9,1904.75,1905.9,7
2024-05-31 10:40:00,1905.9,1905.9,1904.0,1905.5,80
2024-05-31 10:41:00,1905.5,1905.85,1904.1,1904.1,23
2024-05-31 10:42:00,1904.1,1905.9,1904.1,1905.9,2
2024-05-31 10:43:00,1905.9,1905.9,1905.85,1905.85,3
2024-05-31 10:44:00,1905.85,1905.85,1905.85,1905.85,1
2024-05-31 10:45:00,1905.85,1906.0,1905.85,1906.0,115
2024-05-31 10:46:00,1906.0,1910.0,1906.0,1910.0,21
2024-05-31 10:47:00,1910.0,1910.0,1910.0,1910.0,0
2024-05-31 10:48:00,1910.0,1910.0,1907.0,1907.0,99
2024-05-31 10:49:00,1907.0,1909.4,1907.0,1909.4,11
2024-05-31 10:50:00,1909.4,1909.4,1908.0,1908.0,2
2024-05-31 10:51:00,1908.0,1909.7,1907.35,1907.35,16
2024-05-31 10:52:00,1907.35,1909.0,1907.35,1907.4,12
2024-05-31 10:53:00,1907.4,1907.4,1906.95,1906.95,34
2024-05-31 10:54:00,1906.95,1906.95,1905.5,1905.5,4
2024-05-31 10:55:00,1905.5,1906.95,1904.0,1904.0,159
2024-05-31 10:56:00,1904.0,1904.65,1904.0,1904.65,14
2024-05-31 10:57:00,1904.65,1904.65,1904.0,1904.0,138
2024-05-31 10:58:00,1904.0,1904.0,1903.0,1904.0,15
2024-05-31 10:59:00,1904.0,1904.0,1903.0,1904.0,9
2024-05-31 11:00:00,1904.0,1904.0,1903.0,1903.0,75
2024-05-31 11:01:00,1903.0,1904.8,1903.0,1904.8,16
2024-05-31 11:02:00,1904.8,1905.75,1904.0,1905.75,12
2024-05-31 11:03:00,1905.75,1906.0,1905.75,1906.0,11
2024-05-31 11:04:00,1906.0,1907.1,1906.0,1907.1,51
2024-05-31 11:05:00,1907.1,1907.1,1902.2,1902.2,281
2024-05-31 11:06:00,1904.85,1906.35,1904.85,1906.35,123
2024-05-31 11:07:00,1906.35,1908.9,1906.35,1908.9,6
2024-05-31 11:08:00,1908.9,1908.9,1905.9,1905.9,121
2024-05-31 11:09:00,1905.9,1905.9,1905.85,1905.85,1
2024-05-31 11:10:00,1905.85,1905.85,1905.0,1905.85,16
2024-05-31 11:11:00,1905.85,1905.85,1905.0,1905.0,10
2024-05-31 11:12:00,1905.0,1905.8,1905.0,1905.8,3
2024-05-31 11:13:00,1905.8,1905.85,1905.8,1905.85,8
2024-05-31 11:14:00,1905.05,1906.0,1905.05,1905.05,22
2024-05-31 11:15:00,1906.0,1912.1,1906.0,1912.1,550
2024-05-31 11:16:00,1912.1,1912.1,1909.65,1911.75,118
2024-05-31 11:17:00,1911.75,1912.7,1911.75,1912.7,257
2024-05-31 11:18:00,1912.7,1912.8,1911.75,1911.75,444
2024-05-31 11:19:00,1911.75,1911.75,1911.75,1911.75,0
2024-05-31 11:20:00,1911.75,1911.75,1911.7,1911.7,3
2024-05-31 11:21:00,1911.7,1911.75,1911.7,1911.75,18
2024-05-31 11:22:00,1911.75,1911.75,1911.75,1911.75,1
2024-05-31 11:23:00,1911.75,1911.75,1911.75,1911.75,0
2024-05-31 11:24:00,1911.75,1912.0,1911.75,1912.0,36
2024-05-31 11:25:00,1912.0,1912.0,1911.7,1911.7,9
2024-05-31 11:26:00,1911.7,1911.7,1910.15,1910.15,9
2024-05-31 11:27:00,1910.15,1911.7,1910.15,1911.5,8
2024-05-31 11:28:00,1911.5,1911.5,1911.5,1911.5,1
2024-05-31 11:29:00,1911.5,1911.5,1911.5,1911.5,3
2024-05-31 11:30:00,1911.5,1912.0,1910.05,1911.2,69
2024-05-31 11:31:00,1911.2,1911.2,1911.2,1911.2,0
2024-05-31 11:32:00,1911.2,1911.2,1910.05,1910.05,4
2024-05-31 11:33:00,1910.05,1911.7,1910.0,1910.0,13
2024-05-31 11:34:00,1910.0,1910.95,1910.0,1910.0,85
2024-05-31 11:35:00,1910.0,1910.05,1910.0,1910.05,3
2024-05-31 11:36:00,1910.05,1910.05,1910.05,1910.05,0
2024-05-31 11:37:00,1910.05,1910.1,1910.05,1910.1,8
2024-05-31 11:38:00,1910.1,1910.9,1910.1,1910.9,43
2024-05-31 11:39:00,1910.9,1910.9,1909.6,1910.45,101
2024-05-31 11:40:00,1910.45,1910.45,1908.05,1908.05,105
2024-05-31 11:41:00,1908.05,1910.4,1908.05,1910.4,6
2024-05-31 11:42:00,1910.4,1910.7,1910.4,1910.7,3
2024-05-31 11:43:00,1910.7,1910.7,1910.7,1910.7,0
2024-05-31 11:44:00,1910.7,1910.7,1910.7,1910.7,0
2024-05-31 11:45:00,1910.7,1910.7,1910.5,1910.5,3
2024-05-31 11:46:00,1910.5,1911.0,1910.5,1911.0,1
2024-05-31 11:47:00,1911.0,1911.0,1911.0,1911.0,25
2024-05-31 11:48:00,1911.0,1911.0,1910.5,1911.0,31
2024-05-31 11:49:00,1911.0,1911.0,1910.3,1910.3,49
2024-05-31 11:50:00,1910.3,1910.95,1910.3,1910.95,9
2024-05-31 11:51:00,1910.95,1910.95,1910.95,1910.95,0
2024-05-31 11:52:00,1910.95,1911.0,1910.95,1911.0,2
2024-05-31 11:53:00,1911.0,1911.0,1911.0,1911.0,34
2024-05-31 11:54:00,1911.0,1911.0,1910.5,1910.5,1
2024-05-31 11:55:00,1911.0,1911.0,1910.5,1910.5,2
2024-05-31 11:56:00,1910.5,1913.0,1910.5,1913.0,258
2024-05-31 11:57:00,1913.0,1913.0,1911.85,1911.85,10
2024-05-31 11:58:00,1911.85,1914.0,1911.85,1913.0,58
2024-05-31 11:59:00,1913.0,1914.95,1913.0,1914.95,44
2024-05-31 12:00:00,1914.95,1915.0,1913.5,1913.5,13
2024-05-31 12:01:00,1913.5,1915.0,1913.5,1913.5,56
2024-05-31 12:02:00,1913.5,1915.0,1913.5,1915.0,8
2024-05-31 12:03:00,1915.0,1915.0,1915.0,1915.0,4
2024-05-31 12:04:00,1915.0,1915.0,1915.0,1915.0,0
2024-05-31 12:05:00,1915.0,1915.0,1915.0,1915.0,41
2024-05-31 12:06:00,1915.0,1916.2,1915.0,1916.2,14
2024-05-31 12:07:00,1916.2,1917.0,1914.15,1914.3,136
2024-05-31 12:08:00,1914.3,1914.3,1914.3,1914.3,0
2024-05-31 12:09:00,1914.3,1916.3,1914.3,1916.25,9
2024-05-31 12:10:00,1916.25,1916.25,1914.55,1915.95,12
2024-05-31 12:11:00,1915.95,1917.95,1915.8,1915.8,83
2024-05-31 12:12:00,1917.95,1917.95,1915.7,1917.8,23
2024-05-31 12:13:00,1915.9,1917.9,1915.9,1917.9,7
2024-05-31 12:14:00,1917.9,1917.9,1917.85,1917.85,29
2024-05-31 12:15:00,1917.85,1917.85,1917.85,1917.85,3
2024-05-31 12:16:00,1917.85,1917.85,1917.7,1917.8,2
2024-05-31 12:17:00,1917.8,1917.8,1917.5,1917.8,29
2024-05-31 12:18:00,1917.8,1917.95,1917.0,1917.95,28
2024-05-31 12:19:00,1917.95,1917.95,1915.7,1915.7,37
2024-05-31 12:20:00,1915.7,1917.6,1915.7,1917.6,22
2024-05-31 12:21:00,1917.6,1917.6,1915.05,1915.05,53
2024-05-31 12:22:00,1915.05,1916.45,1915.05,1916.45,3
2024-05-31 12:23:00,1916.0,1916.7,1915.15,1916.65,15
2024-05-31 12:24:00,1916.65,1916.65,1914.05,1915.7,50
2024-05-31 12:25:00,1915.7,1915.7,1913.8,1913.8,21
2024-05-31 12:26:00,1913.8,1913.8,1913.75,1913.75,10
2024-05-31 12:27:00,1913.75,1913.75,1913.5,1913.5,1
2024-05-31 12:28:00,1913.5,1915.05,1913.5,1913.55,12
2024-05-31 12:29:00,1913.55,1914.8,1913.55,1914.8,6
2024-05-31 12:30:00,1914.8,1914.95,1913.05,1913.5,37
2024-05-31 12:31:00,1913.5,1915.0,1913.0,1913.05,6
2024-05-31 12:32:00,1913.05,1914.95,1911.5,1911.5,110
2024-05-31 12:33:00,1911.5,1914.95,1911.5,1914.8,54
2024-05-31 12:34:00,1914.8,1914.8,1913.05,1914.8,3
2024-05-31 12:35:00,1914.8,1914.8,1912.45,1912.45,7
2024-05-31 12:36:00,1912.45,1914.75,1912.35,1912.35,34
2024-05-31 12:37:00,1912.35,1912.35,1911.5,1911.75,4
2024-05-31 12:38:00,1911.75,1911.75,1911.75,1911.75,26
2024-05-31 12:39:00,1911.75,1911.75,1911.75,1911.75,4
2024-05-31 12:40:00,1911.75,1911.75,1911.5,1911.5,2
2024-05-31 12:41:00,1911.5,1911.75,1910.0,1911.5,103
2024-05-31 12:42:00,1911.5,1911.5,1910.0,1910.95,6
2024-05-31 12:43:00,1910.95,1911.75,1910.95,1911.7,19
2024-05-31 12:44:00,1911.7,1911.75,1911.7,1911.75,7
2024-05-31 12:45:00,1911.75,1911.75,1911.75,1911.75,1
2024-05-31 12:46:00,1911.75,1911.75,1911.75,1911.75,3
2024-05-31 12:47:00,1911.75,1911.75,1910.95,1910.95,11
2024-05-31 12:48:00,1910.95,1911.75,1910.95,1911.75,2
2024-05-31 12:49:00,1911.75,1911.75,1911.75,1911.75,1
2024-05-31 12:50:00,1911.75,1911.75,1910.6,1910.6,21
2024-05-31 12:51:00,1910.6,1910.6,1910.6,1910.6,0
2024-05-31 12:52:00,1910.6,1911.75,1910.6,1911.75,46
2024-05-31 12:53:00,1911.75,1913.05,1911.75,1912.0,37
2024-05-31 12:54:00,1912.0,1912.0,1910.55,1910.55,13
2024-05-31 12:55:00,1910.55,1911.95,1910.55,1911.95,2
2024-05-31 12:56:00,1911.95,1912.0,1911.95,1912.0,20
2024-05-31 12:57:00,1912.0,1912.0,1911.0,1911.0,10
2024-05-31 12:58:00,1911.0,1912.0,1911.0,1912.0,21
2024-05-31 12:59:00,1912.0,1912.0,1910.0,1910.0,73
2024-05-31 13:00:00,1910.0,1912.0,1910.0,1912.0,20
2024-05-31 13:01:00,1912.0,1912.0,1912.0,1912.0,0
2024-05-31 13:02:00,1912.0,1912.0,1910.0,1910.0,24
2024-05-31 13:03:00,1910.0,1911.95,1910.0,1910.0,13
2024-05-31 13:04:00,1910.0,1911.9,1910.0,1911.9,4
2024-05-31 13:05:00,1911.9,1912.0,1911.85,1912.0,51
2024-05-31 13:06:00,1912.0,1912.5,1912.0,1912.5,16
2024-05-31 13:07:00,1912.5,1912.5,1912.0,1912.0,17
2024-05-31 13:08:00,1912.0,1912.5,1912.0,1912.5,9
2024-05-31 13:09:00,1912.5,1912.5,1910.2,1910.2,7
2024-05-31 13:10:00,1910.2,1911.85,1910.2,1911.85,2
2024-05-31 13:11:00,1911.85,1912.4,1911.85,1912.4,13
2024-05-31 13:12:00,1912.4,1912.4,1910.3,1910.3,50
2024-05-31 13:13:00,1910.3,1911.8,1910.0,1911.0,39
2024-05-31 13:14:00,1911.0,1911.95,1910.0,1910.0,31
2024-05-31 13:15:00,1910.0,1911.9,1910.0,1911.9,1
2024-05-31 13:16:00,1911.9,1911.9,1910.0,1911.85,35
2024-05-31 13:17:00,1911.85,1911.85,1911.85,1911.85,0
2024-05-31 13:18:00,1910.0,1911.6,1910.0,1911.6,16
2024-05-31 13:19:00,1911.6,1911.95,1911.6,1911.95,6
2024-05-31 13:20:00,1911.95,1911.95,1911.95,1911.95,0
2024-05-31 13:21:00,1911.95,1911.95,1911.5,1911.5,4
2024-05-31 13:22:00,1911.5,1911.5,1911.5,1911.5,4
2024-05-31 13:23:00,1911.5,1911.5,1911.5,1911.5,15
2024-05-31 13:24:00,1911.5,1911.5,1910.3,1910.3,25
2024-05-31 13:25:00,1910.3,1911.5,1909.65,1909.65,227
2024-05-31 13:26:00,1909.65,1910.1,1907.45,1910.1,264
2024-05-31 13:27:00,1910.1,1910.1,1908.55,1908.55,1
2024-05-31 13:28:00,1908.55,1909.65,1907.75,1909.65,22
2024-05-31 13:29:00,1909.65,1909.65,1907.05,1909.35,167
2024-05-31 13:30:00,1909.35,1910.4,1908.4,1908.4,9
2024-05-31 13:31:00,1908.4,1910.4,1908.4,1910.4,43
2024-05-31 13:32:00,1910.4,1910.4,1910.0,1910.0,12
2024-05-31 13:33:00,1910.0,1910.0,1909.0,1909.95,20
2024-05-31 13:34:00,1909.75,1909.75,1908.4,1909.65,45
2024-05-31 13:35:00,1908.5,1909.6,1908.4,1908.4,4
2024-05-31 13:36:00,1908.4,1909.6,1908.05,1908.05,23
2024-05-31 13:37:00,1908.05,1909.15,1908.05,1908.1,7
2024-05-31 13:38:00,1908.1,1909.15,1908.05,1908.05,22
2024-05-31 13:39:00,1908.05,1910.0,1906.95,1909.65,248
2024-05-31 13:40:00,1909.65,1910.0,1908.05,1910.0,38
2024-05-31 13:41:00,1910.0,1910.0,1909.9,1909.9,11
2024-05-31 13:42:00,1909.9,1909.9,1908.75,1908.75,20
2024-05-31 13:43:00,1908.75,1909.9,1908.5,1909.4,14
2024-05-31 13:44:00,1909.4,1909.6,1908.1,1908.1,28
2024-05-31 13:45:00,1908.1,1909.85,1908.1,1909.1,33
2024-05-31 13:46:00,1909.1,1909.85,1908.8,1909.85,19
2024-05-31 13:47:00,1909.85,1909.85,1908.55,1909.45,12
2024-05-31 13:48:00,1909.45,1909.45,1908.05,1909.45,28
2024-05-31 13:49:00,1909.45,1909.45,1909.0,1909.45,15
2024-05-31 13:50:00,1909.45,1910.0,1908.1,1909.85,57
2024-05-31 13:51:00,1909.85,1909.85,1908.05,1908.05,33
2024-05-31 13:52:00,1908.05,1909.5,1908.05,1909.5,1
2024-05-31 13:53:00,1909.5,1909.5,1908.0,1908.0,8
2024-05-31 13:54:00,1908.0,1909.5,1908.0,1909.3,2
2024-05-31 13:55:00,1909.3,1909.3,1908.0,1908.85,68
2024-05-31 13:56:00,1908.85,1908.85,1907.0,1908.15,31
2024-05-31 13:57:00,1908.15,1908.3,1908.15,1908.3,18
2024-05-31 13:58:00,1908.3,1909.0,1908.3,1909.0,30
2024-05-31 13:59:00,1909.0,1909.5,1909.0,1909.5,41
2024-05-31 14:00:00,1909.5,1909.5,1907.05,1907.05,41
2024-05-31 14:01:00,1907.05,1909.15,1907.05,1908.65,84
2024-05-31 14:02:00,1908.65,1908.65,1908.65,1908.65,14
2024-05-31 14:03:00,1908.65,1909.4,1907.65,1908.1,23
2024-05-31 14:04:00,1908.1,1908.65,1907.0,1908.65,17
2024-05-31 14:05:00,1908.65,1909.35,1908.1,1909.25,13
2024-05-31 14:06:00,1909.15,1909.15,1906.0,1908.5,76
2024-05-31 14:07:00,1908.5,1908.5,1908.0,1908.0,20
2024-05-31 14:08:00,1908.0,1908.55,1907.7,1907.7,21
2024-05-31 14:09:00,1907.7,1909.1,1907.7,1908.0,9
2024-05-31 14:10:00,1908.0,1909.15,1907.85,1909.15,23
2024-05-31 14:11:00,1909.15,1909.15,1909.0,1909.0,15
2024-05-31 14:12:00,1909.0,1909.15,1908.0,1909.1,52
2024-05-31 14:13:00,1909.1,1909.15,1909.1,1909.15,7
2024-05-31 14:14:00,1909.15,1910.0,1908.2,1910.0,61
2024-05-31 14:15:00,1908.3,1910.0,1908.3,1910.0,11
2024-05-31 14:16:00,1910.0,1910.0,1908.4,1909.7,6
2024-05-31 14:17:00,1909.7,1909.7,1908.0,1909.15,26
2024-05-31 14:18:00,1909.15,1909.15,1908.1,1908.1,12
2024-05-31 14:19:00,1908.1,1909.15,1908.1,1909.0,21
2024-05-31 14:20:00,1909.0,1909.0,1908.1,1908.1,85
2024-05-31 14:21:00,1908.1,1908.95,1908.1,1908.95,19
2024-05-31 14:22:00,1908.95,1908.95,1905.5,1905.5,134
2024-05-31 14:23:00,1905.4,1907.25,1905.0,1907.05,87
2024-05-31 14:24:00,1907.05,1907.05,1906.8,1906.8,7
2024-05-31 14:25:00,1906.8,1906.8,1906.0,1906.8,14
2024-05-31 14:26:00,1906.8,1906.8,1905.0,1906.25,33
2024-05-31 14:27:00,1906.25,1906.25,1905.0,1905.0,12
2024-05-31 14:28:00,1905.0,1906.4,1905.0,1906.4,22
2024-05-31 14:29:00,1906.4,1906.4,1905.1,1906.3,8
2024-05-31 14:30:00,1906.3,1906.3,1906.3,1906.3,2
2024-05-31 14:31:00,1906.3,1906.3,1905.05,1905.05,5
2024-05-31 14:32:00,1906.05,1906.05,1904.5,1905.1,312
2024-05-31 14:33:00,1905.1,1905.2,1904.0,1904.0,20
2024-05-31 14:34:00,1905.0,1905.0,1904.0,1904.0,52
2024-05-31 14:35:00,1903.25,1904.8,1903.0,1903.0,71
2024-05-31 14:36:00,1903.0,1904.0,1903.0,1903.15,18
2024-05-31 14:37:00,1903.15,1904.0,1903.1,1903.9,38
2024-05-31 14:38:00,1903.9,1904.0,1903.2,1903.2,68
2024-05-31 14:39:00,1903.2,1904.8,1903.2,1904.8,54
2024-05-31 14:40:00,1904.8,1904.8,1903.25,1903.25,45
2024-05-31 14:41:00,1903.25,1903.6,1903.2,1903.35,100
2024-05-31 14:42:00,1903.35,1903.35,1903.2,1903.2,34
2024-05-31 14:43:00,1903.2,1903.4,1903.2,1903.35,92
2024-05-31 14:44:00,1903.35,1904.8,1903.35,1904.8,26
2024-05-31 14:45:00,1904.8,1904.8,1903.4,1903.5,72
2024-05-31 14:46:00,1903.5,1905.0,1903.5,1904.05,144
2024-05-31 14:47:00,1904.05,1904.05,1904.0,1904.0,33
2024-05-31 14:48:00,1904.0,1904.25,1904.0,1904.2,66
2024-05-31 14:49:00,1904.2,1904.85,1904.0,1904.85,75
2024-05-31 14:50:00,1904.85,1905.0,1904.0,1905.0,163
2024-05-31 14:51:00,1905.0,1907.15,1905.0,1905.2,58
2024-05-31 14:52:00,1905.2,1905.2,1905.0,1905.1,17
2024-05-31 14:53:00,1905.1,1906.3,1904.0,1905.0,22
2024-05-31 14:54:00,1905.0,1905.0,1903.25,1903.25,95
2024-05-31 14:55:00,1903.25,1903.25,1903.25,1903.25,19
2024-05-31 14:56:00,1903.25,1905.75,1903.25,1905.1,87
2024-05-31 14:57:00,1905.1,1908.0,1905.1,1905.25,47
2024-05-31 14:58:00,1905.25,1907.05,1905.2,1905.5,28
2024-05-31 14:59:00,1905.5,1906.8,1903.25,1903.5,156
2024-05-31 15:00:00,1903.5,1905.55,1902.0,1902.4,403
2024-05-31 15:01:00,1902.2,1902.3,1901.5,1902.3,386
2024-05-31 15:02:00,1902.3,1902.3,1901.25,1901.8,394
2024-05-31 15:03:00,1901.8,1901.8,1900.1,1900.1,693
2024-05-31 15:04:00,1900.1,1900.15,1900.0,1900.0,774
2024-05-31 15:05:00,1900.1,1905.05,1900.1,1902.75,1100
2024-05-31 15:06:00,1903.8,1903.8,1901.5,1902.85,79
2024-05-31 15:07:00,1902.9,1903.65,1902.05,1903.2,221
2024-05-31 15:08:00,1903.2,1903.2,1900.15,1900.4,311
2024-05-31 15:09:00,1900.4,1900.4,1900.0,1900.0,1487
2024-05-31 15:10:00,1900.0,1900.05,1900.0,1900.0,724
2024-05-31 15:11:00,1900.0,1900.05,1899.0,1899.1,580
2024-05-31 15:12:00,1899.0,1900.5,1899.0,1900.45,712
2024-05-31 15:13:00,1900.45,1901.55,1899.0,1899.2,268
2024-05-31 15:14:00,1899.1,1899.15,1898.0,1898.8,565
2024-05-31 15:15:00,1898.8,1898.8,1895.05,1895.7,628
2024-05-31 15:16:00,1895.7,1895.7,1891.0,1892.6,652
2024-05-31 15:17:00,1892.6,1892.6,1890.1,1890.1,460
2024-05-31 15:18:00,1890.3,1890.65,1890.0,1890.2,746
2024-05-31 15:19:00,1890.65,1891.05,1890.25,1890.8,251
2024-05-31 15:20:00,1890.7,1890.75,1889.5,1889.7,893
2024-05-31 15:21:00,1889.7,1889.7,1889.0,1889.0,403
2024-05-31 15:22:00,1889.05,1889.6,1887.9,1888.0,1578
2024-05-31 15:23:00,1887.0,1888.0,1887.0,1887.95,290
2024-05-31 15:24:00,1887.95,1887.95,1885.0,1885.85,881
2024-05-31 15:25:00,1885.85,1885.85,1885.0,1885.15,304
2024-05-31 15:26:00,1885.0,1885.0,1882.25,1883.15,833
2024-05-31 15:27:00,1883.15,1884.0,1875.0,1881.9,1840
2024-05-31 15:28:00,1881.9,1890.05,1881.9,1883.05,447
2024-05-31 15:29:00,1884.7,1899.95,1883.05,1893.0,564
2024-06-03 09:15:00,1925.0,1939.95,1919.05,1939.95,856
2024-06-03 09:16:00,1928.8,1934.55,1921.7,1926.0,533
2024-06-03 09:17:00,1926.0,1929.15,1925.7,1929.15,63
2024-06-03 09:18:00,1929.15,1929.15,1922.45,1925.05,162
2024-06-03 09:19:00,1925.05,1927.85,1921.2,1925.95,125
2024-06-03 09:20:00,1925.95,1925.95,1915.2,1915.2,553
2024-06-03 09:21:00,1915.2,1918.45,1915.2,1918.3,154
2024-06-03 09:22:00,1918.3,1918.3,1918.25,1918.25,122
2024-06-03 09:23:00,1918.25,1918.45,1915.85,1918.45,137
2024-06-03 09:24:00,1921.0,1928.9,1921.0,1928.9,330
2024-06-03 09:25:00,1928.9,1933.9,1927.1,1932.0,93
2024-06-03 09:26:00,1932.0,1932.0,1920.1,1924.95,408
2024-06-03 09:27:00,1924.95,1927.9,1920.3,1927.9,274
2024-06-03 09:28:00,1927.9,1928.25,1924.35,1924.35,61
2024-06-03 09:29:00,1924.35,1924.7,1922.2,1923.0,82
2024-06-03 09:30:00,1923.0,1925.95,1923.0,1924.0,43
2024-06-03 09:31:00,1924.0,1926.0,1924.0,1925.95,64
2024-06-03 09:32:00,1925.95,1925.95,1919.0,1919.0,165
2024-06-03 09:33:00,1919.0,1921.8,1915.0,1921.8,98
2024-06-03 09:34:00,1921.8,1924.6,1921.8,1924.6,224
2024-06-03 09:35:00,1924.6,1924.6,1919.75,1919.75,66
2024-06-03 09:36:00,1919.75,1923.05,1919.75,1923.05,0
2024-06-03 09:37:00,1923.05,1923.1,1918.2,1918.35,235
2024-06-03 09:38:00,1918.35,1918.35,1914.95,1916.85,89
2024-06-03 09:39:00,1916.85,1917.05,1914.25,1916.8,9
2024-06-03 09:40:00,1916.8,1916.8,1912.05,1916.5,329
2024-06-03 09:41:00,1916.5,1916.8,1912.05,1912.1,126
2024-06-03 09:42:00,1912.1,1914.05,1912.0,1912.0,54
2024-06-03 09:43:00,1912.0,1914.6,1912.0,1914.6,20
2024-06-03 09:44:00,1914.8,1914.8,1912.05,1912.1,33
2024-06-03 09:45:00,1912.1,1914.2,1907.15,1907.95,166
2024-06-03 09:46:00,1907.9,1907.9,1907.0,1907.0,103
2024-06-03 09:47:00,1907.5,1913.75,1907.5,1913.75,52
2024-06-03 09:48:00,1913.75,1913.75,1913.75,1913.75,25
2024-06-03 09:49:00,1913.75,1913.75,1910.6,1911.55,35
2024-06-03 09:50:00,1911.55,1911.9,1909.45,1909.45,27
2024-06-03 09:51:00,1909.45,1910.15,1903.85,1903.85,493
2024-06-03 09:52:00,1903.85,1905.1,1902.65,1903.0,35
2024-06-03 09:53:00,1903.0,1903.0,1900.25,1902.6,116
2024-06-03 09:54:00,1902.6,1904.55,1901.8,1902.0,128
2024-06-03 09:55:00,1902.0,1906.35,1902.0,1905.55,41
2024-06-03 09:56:00,1905.55,1908.95,1905.5,1908.95,71
2024-06-03 09:57:00,1908.95,1908.95,1904.1,1907.15,203
2024-06-03 09:58:00,1907.15,1908.2,1904.7,1905.0,40
2024-06-03 09:59:00,1905.0,1906.55,1903.9,1906.55,55
2024-06-03 10:00:00,1906.55,1906.55,1904.05,1904.05,3
2024-06-03 10:01:00,1904.05,1906.85,1903.95,1906.85,33
2024-06-03 10:02:00,1906.85,1907.7,1904.25,1907.0,112
2024-06-03 10:03:00,1907.4,1907.45,1907.3,1907.3,11
2024-06-03 10:04:00,1907.3,1907.4,1906.8,1907.4,23
2024-06-03 10:05:00,1907.4,1907.4,1903.8,1903.8,187
2024-06-03 10:06:00,1903.8,1906.35,1903.8,1906.35,98
2024-06-03 10:07:00,1906.35,1906.8,1905.35,1906.35,64
2024-06-03 10:08:00,1906.35,1906.8,1902.5,1902.5,380
2024-06-03 10:09:00,1902.5,1904.25,1902.5,1904.25,13
2024-06-03 10:10:00,1904.25,1904.3,1902.0,1902.55,24
2024-06-03 10:11:00,1902.55,1906.95,1902.55,1906.95,313
2024-06-03 10:12:00,1906.95,1906.95,1903.8,1903.8,14
2024-06-03 10:13:00,1903.8,1903.8,1902.25,1903.3,31
2024-06-03 10:14:00,1903.3,1904.6,1902.25,1904.6,119
2024-06-03 10:15:00,1904.6,1906.3,1904.6,1906.0,58
2024-06-03 10:16:00,1906.0,1906.1,1905.8,1906.1,19
2024-06-03 10:17:00,1906.1,1908.95,1904.1,1904.7,331
2024-06-03 10:18:00,1904.7,1904.7,1902.0,1902.0,227
2024-06-03 10:19:00,1902.0,1902.0,1898.15,1901.3,787
2024-06-03 10:20:00,1901.3,1901.95,1899.9,1899.95,78
2024-06-03 10:21:00,1899.95,1901.9,1899.95,1900.0,28
2024-06-03 10:22:00,1900.0,1902.0,1900.0,1902.0,10
2024-06-03 10:23:00,1902.0,1904.8,1902.0,1902.0,44
2024-06-03 10:24:00,1902.0,1904.0,1900.0,1901.95,208
2024-06-03 10:25:00,1901.95,1901.95,1901.95,1901.95,15
2024-06-03 10:26:00,1901.95,1901.95,1901.0,1901.0,9
2024-06-03 10:27:00,1901.0,1901.95,1900.0,1900.0,76
2024-06-03 10:28:00,1901.0,1901.0,1900.0,1901.0,47
2024-06-03 10:29:00,1901.0,1901.0,1901.0,1901.0,1
2024-06-03 10:30:00,1901.0,1901.85,1900.1,1900.1,19
2024-06-03 10:31:00,1900.1,1900.1,1900.0,1900.0,26
2024-06-03 10:32:00,1900.0,1900.0,1899.95,1900.0,12
2024-06-03 10:33:00,1900.0,1900.0,1898.1,1898.1,90
2024-06-03 10:34:00,1898.1,1899.75,1895.45,1897.4,74
2024-06-03 10:35:00,1897.4,1897.85,1896.8,1896.8,23
2024-06-03 10:36:00,1895.7,1897.9,1895.7,1897.75,46
2024-06-03 10:37:00,1897.75,1898.0,1897.75,1898.0,5
2024-06-03 10:38:00,1898.0,1898.0,1898.0,1898.0,51
2024-06-03 10:39:00,1898.0,1900.2,1898.0,1898.0,46
2024-06-03 10:40:00,1898.0,1902.0,1898.0,1902.0,55
2024-06-03 10:41:00,1902.0,1905.0,1902.0,1905.0,75
2024-06-03 10:42:00,1905.0,1905.0,1905.0,1905.0,0
2024-06-03 10:43:00,1905.0,1907.75,1905.0,1907.75,16
2024-06-03 10:44:00,1907.75,1907.75,1905.65,1905.65,71
2024-06-03 10:45:00,1905.65,1905.95,1903.2,1905.95,85
2024-06-03 10:46:00,1903.55,1906.3,1903.45,1903.45,61
2024-06-03 10:47:00,1903.45,1905.85,1903.45,1903.75,14
2024-06-03 10:48:00,1903.75,1905.85,1901.65,1902.0,64
2024-06-03 10:49:00,1902.0,1904.3,1900.5,1900.5,62
2024-06-03 10:50:00,1900.5,1900.5,1898.0,1898.0,54
2024-06-03 10:51:00,1898.0,1899.9,1898.0,1899.9,54
2024-06-03 10:52:00,1899.9,1902.5,1899.9,1902.5,176
2024-06-03 10:53:00,1902.5,1902.85,1900.0,1902.85,112
2024-06-03 10:54:00,1902.85,1902.85,1900.85,1900.85,8
2024-06-03 10:55:00,1900.85,1902.95,1900.6,1902.95,30
2024-06-03 10:56:00,1902.95,1905.15,1902.95,1903.0,22
2024-06-03 10:57:00,1903.0,1904.0,1903.0,1904.0,39
2024-06-03 10:58:00,1904.0,1906.3,1904.0,1906.3,59
2024-06-03 10:59:00,1906.3,1906.3,1904.35,1904.35,2
2024-06-03 11:00:00,1906.95,1907.2,1906.0,1907.2,102
2024-06-03 11:01:00,1907.2,1908.0,1905.85,1905.85,56
2024-06-03 11:02:00,1905.85,1906.55,1904.4,1906.55,13
2024-06-03 11:03:00,1906.55,1906.55,1904.1,1904.1,41
2024-06-03 11:04:00,1904.1,1904.1,1904.0,1904.0,24
2024-06-03 11:05:00,1904.0,1904.0,1900.1,1900.1,7
2024-06-03 11:06:00,1900.1,1902.7,1900.1,1902.7,174
2024-06-03 11:07:00,1902.7,1902.7,1902.35,1902.6,7
2024-06-03 11:08:00,1902.6,1903.95,1900.1,1903.95,223
2024-06-03 11:09:00,1903.95,1903.95,1900.3,1900.3,20
2024-06-03 11:10:00,1900.3,1900.3,1900.1,1900.1,32
2024-06-03 11:11:00,1900.1,1900.9,1898.0,1898.0,225
2024-06-03 11:12:00,1898.0,1900.6,1898.0,1898.75,49
2024-06-03 11:13:00,1898.75,1901.05,1895.05,1897.55,728
2024-06-03 11:14:00,1897.55,1897.85,1893.4,1893.4,408
2024-06-03 11:15:00,1893.4,1897.3,1893.4,1897.3,9
2024-06-03 11:16:00,1897.3,1897.95,1897.3,1897.95,2
2024-06-03 11:17:00,1897.95,1897.95,1895.0,1895.0,32
2024-06-03 11:18:00,1895.0,1896.95,1895.0,1895.1,26
2024-06-03 11:19:00,1895.1,1896.25,1893.5,1893.5,45
2024-06-03 11:20:00,1893.5,1895.65,1893.5,1893.5,6
2024-06-03 11:21:00,1893.5,1895.7,1893.5,1893.5,21
2024-06-03 11:22:00,1893.5,1895.95,1893.4,1895.15,173
2024-06-03 11:23:00,1895.15,1895.35,1893.05,1895.35,22
2024-06-03 11:24:00,1895.35,1895.85,1893.6,1895.85,51
2024-06-03 11:25:00,1895.85,1896.0,1895.85,1896.0,2
2024-06-03 11:26:00,1896.0,1897.35,1893.0,1893.0,114
2024-06-03 11:27:00,1893.0,1894.05,1893.0,1894.05,10
2024-06-03 11:28:00,1894.05,1895.45,1893.0,1894.75,283
2024-06-03 11:29:00,1894.75,1896.6,1894.75,1896.6,43
2024-06-03 11:30:00,1896.75,1896.95,1894.8,1894.8,31
2024-06-03 11:31:00,1894.8,1896.1,1893.0,1893.0,45
2024-06-03 11:32:00,1893.0,1894.95,1892.65,1894.6,46
2024-06-03 11:33:00,1894.6,1894.6,1894.6,1894.6,4
2024-06-03 11:34:00,1894.6,1894.8,1892.45,1894.8,30
2024-06-03 11:35:00,1894.8,1895.3,1892.45,1895.0,63
2024-06-03 11:36:00,1894.8,1896.5,1894.8,1896.5,3
2024-06-03 11:37:00,1896.5,1896.7,1896.0,1896.7,17
2024-06-03 11:38:00,1896.7,1898.4,1894.3,1895.4,131
2024-06-03 11:39:00,1893.1,1895.7,1893.1,1895.7,96
2024-06-03 11:40:00,1895.7,1898.05,1895.7,1897.95,8
2024-06-03 11:41:00,1897.95,1897.95,1893.55,1895.8,44
2024-06-03 11:42:00,1895.8,1898.1,1895.8,1898.0,9
2024-06-03 11:43:00,1898.0,1898.0,1895.3,1895.3,33
2024-06-03 11:44:00,1895.3,1898.0,1895.3,1898.0,11
2024-06-03 11:45:00,1898.0,1898.45,1898.0,1898.45,2
2024-06-03 11:46:00,1898.5,1898.95,1896.5,1898.95,22
2024-06-03 11:47:00,1898.95,1900.2,1896.95,1900.2,14
2024-06-03 11:48:00,1900.2,1900.85,1897.15,1897.15,106
2024-06-03 11:49:00,1897.15,1899.75,1897.1,1897.1,12
2024-06-03 11:50:00,1897.1,1899.75,1897.1,1897.3,7
2024-06-03 11:51:00,1897.3,1899.5,1897.3,1897.55,4
2024-06-03 11:52:00,1897.55,1899.5,1897.1,1897.1,9
2024-06-03 11:53:00,1897.1,1899.5,1897.1,1899.5,13
2024-06-03 11:54:00,1899.5,1900.4,1899.5,1900.4,3
2024-06-03 11:55:00,1900.4,1900.4,1897.65,1899.1,53
2024-06-03 11:56:00,1899.1,1899.1,1895.85,1895.85,101
2024-06-03 11:57:00,1897.0,1897.4,1896.65,1897.4,38
2024-06-03 11:58:00,1897.4,1897.4,1896.4,1896.8,3
2024-06-03 11:59:00,1896.8,1898.5,1896.8,1898.5,60
2024-06-03 12:00:00,1898.5,1898.5,1895.1,1897.2,54
2024-06-03 12:01:00,1897.2,1897.2,1895.0,1895.0,32
2024-06-03 12:02:00,1895.0,1897.45,1895.0,1897.45,1
2024-06-03 12:03:00,1897.45,1897.5,1895.0,1897.5,25
2024-06-03 12:04:00,1897.5,1897.7,1897.5,1897.7,7
2024-06-03 12:05:00,1897.7,1897.7,1895.0,1895.0,70
2024-06-03 12:06:00,1895.0,1896.75,1895.0,1895.0,11
2024-06-03 12:07:00,1895.0,1897.3,1895.0,1897.2,2
2024-06-03 12:08:00,1897.2,1897.65,1895.05,1897.65,20
2024-06-03 12:09:00,1897.65,1897.65,1897.0,1897.0,6
2024-06-03 12:10:00,1897.65,1899.8,1897.6,1897.65,217
2024-06-03 12:11:00,1897.65,1899.7,1897.65,1899.7,1
2024-06-03 12:12:00,1899.7,1899.7,1897.7,1897.7,56
2024-06-03 12:13:00,1897.7,1899.6,1897.7,1897.7,11
2024-06-03 12:14:00,1897.7,1899.6,1897.7,1899.6,6
2024-06-03 12:15:00,1899.6,1899.6,1899.6,1899.6,86
2024-06-03 12:16:00,1899.6,1900.0,1897.95,1897.95,6
2024-06-03 12:17:00,1899.95,1900.0,1899.95,1900.0,32
2024-06-03 12:18:00,1900.0,1900.0,1898.0,1898.0,22
2024-06-03 12:19:00,1898.0,1900.0,1897.95,1900.0,16
2024-06-03 12:20:00,1900.0,1910.0,1897.75,1910.0,828
2024-06-03 12:21:00,1910.0,1911.55,1907.5,1911.45,40
2024-06-03 12:22:00,1911.45,1911.55,1909.15,1911.2,14
2024-06-03 12:23:00,1911.5,1914.95,1908.8,1914.95,387
2024-06-03 12:24:00,1914.95,1915.0,1912.05,1914.95,64
2024-06-03 12:25:00,1914.95,1914.95,1913.5,1914.95,16
2024-06-03 12:26:00,1914.95,1917.95,1914.95,1917.95,313
2024-06-03 12:27:00,1917.95,1917.95,1917.0,1917.95,40
2024-06-03 12:28:00,1917.95,1917.95,1915.05,1917.25,196
2024-06-03 12:29:00,1917.25,1917.7,1915.25,1916.85,23
2024-06-03 12:30:00,1916.85,1917.25,1915.05,1916.85,20
2024-06-03 12:31:00,1916.85,1917.1,1916.85,1917.05,31
2024-06-03 12:32:00,1917.05,1917.05,1912.05,1913.9,92
2024-06-03 12:33:00,1913.9,1914.6,1913.9,1914.35,8
2024-06-03 12:34:00,1914.35,1915.95,1911.4,1915.95,7
2024-06-03 12:35:00,1915.95,1917.05,1915.0,1917.05,283
2024-06-03 12:36:00,1917.05,1917.95,1914.35,1916.7,299
2024-06-03 12:37:00,1916.7,1917.65,1914.45,1917.5,52
2024-06-03 12:38:00,1917.5,1917.5,1911.2,1911.2,110
2024-06-03 12:39:00,1911.2,1912.95,1911.2,1912.85,5
2024-06-03 12:40:00,1912.85,1912.9,1911.25,1912.35,7
2024-06-03 12:41:00,1912.35,1912.35,1910.1,1912.1,10
2024-06-03 12:42:00,1912.1,1912.1,1910.15,1911.85,44
2024-06-03 12:43:00,1911.85,1912.8,1910.55,1910.7,18
2024-06-03 12:44:00,1910.7,1913.0,1910.5,1910.5,28
2024-06-03 12:45:00,1910.5,1912.15,1910.1,1911.85,10
2024-06-03 12:46:00,1911.85,1911.85,1909.05,1910.6,58
2024-06-03 12:47:00,1910.6,1910.8,1910.0,1910.0,20
2024-06-03 12:48:00,1910.0,1910.0,1908.45,1908.45,20
2024-06-03 12:49:00,1908.45,1909.3,1905.3,1905.3,104
2024-06-03 12:50:00,1905.3,1908.4,1905.3,1908.4,6
2024-06-03 12:51:00,1908.4,1908.4,1908.4,1908.4,5
2024-06-03 12:52:00,1908.4,1908.65,1905.35,1905.35,233
2024-06-03 12:53:00,1906.05,1906.05,1906.05,1906.05,10
2024-06-03 12:54:00,1906.05,1906.05,1906.05,1906.05,6
2024-06-03 12:55:00,1906.05,1906.05,1904.0,1904.0,26
2024-06-03 12:56:00,1904.0,1904.0,1900.05,1902.35,115
2024-06-03 12:57:00,1902.35,1903.0,1902.35,1903.0,16
2024-06-03 12:58:00,1903.0,1903.0,1901.05,1903.0,21
2024-06-03 12:59:00,1903.0,1903.0,1903.0,1903.0,44
2024-06-03 13:00:00,1903.0,1903.0,1903.0,1903.0,6
2024-06-03 13:01:00,1903.0,1903.0,1901.05,1901.05,67
2024-06-03 13:02:00,1901.05,1904.45,1901.05,1902.0,44
2024-06-03 13:03:00,1902.0,1904.85,1902.0,1904.85,11
2024-06-03 13:04:00,1904.85,1904.9,1904.85,1904.9,7
2024-06-03 13:05:00,1904.9,1905.0,1902.05,1902.05,118
2024-06-03 13:06:00,1902.05,1903.95,1901.45,1903.3,12
2024-06-03 13:07:00,1903.5,1903.85,1900.8,1902.25,92
2024-06-03 13:08:00,1902.25,1904.55,1901.45,1901.45,15
2024-06-03 13:09:00,1901.45,1903.25,1900.0,1901.9,378
2024-06-03 13:10:00,1901.9,1902.5,1899.5,1899.5,26
2024-06-03 13:11:00,1899.5,1901.0,1898.15,1901.0,7
2024-06-03 13:12:00,1901.0,1901.0,1898.1,1900.4,26
2024-06-03 13:13:00,1900.4,1900.7,1897.75,1900.35,19
2024-06-03 13:14:00,1897.65,1900.65,1897.65,1897.65,44
2024-06-03 13:15:00,1897.65,1900.5,1897.65,1897.8,28
2024-06-03 13:16:00,1897.8,1900.25,1897.0,1898.2,136
2024-06-03 13:17:00,1898.2,1898.25,1897.7,1898.25,16
2024-06-03 13:18:00,1896.2,1898.25,1895.65,1897.65,31
2024-06-03 13:19:00,1897.65,1899.0,1897.65,1897.7,13
2024-06-03 13:20:00,1899.0,1899.55,1897.65,1898.0,85
2024-06-03 13:21:00,1898.0,1899.0,1898.0,1899.0,19
2024-06-03 13:22:00,1899.0,1899.5,1899.0,1899.5,15
2024-06-03 13:23:00,1899.5,1900.95,1899.5,1900.95,16
2024-06-03 13:24:00,1901.5,1903.15,1900.45,1902.55,15
2024-06-03 13:25:00,1902.55,1902.55,1898.05,1901.2,76
2024-06-03 13:26:00,1901.7,1902.3,1901.7,1902.3,34
2024-06-03 13:27:00,1902.3,1903.1,1902.3,1903.1,5
2024-06-03 13:28:00,1903.1,1903.1,1898.45,1901.15,82
2024-06-03 13:29:00,1901.15,1901.85,1899.15,1899.15,19
2024-06-03 13:30:00,1899.15,1901.45,1899.15,1901.45,5
2024-06-03 13:31:00,1901.45,1901.45,1898.9,1900.1,34
2024-06-03 13:32:00,1900.1,1900.1,1897.1,1899.6,82
2024-06-03 13:33:00,1899.7,1899.7,1897.2,1899.65,12
2024-06-03 13:34:00,1899.65,1899.65,1897.0,1897.0,26
2024-06-03 13:35:00,1897.0,1897.0,1895.55,1897.0,20
2024-06-03 13:36:00,1897.0,1897.0,1897.0,1897.0,13
2024-06-03 13:37:00,1897.0,1897.0,1897.0,1897.0,46
2024-06-03 13:38:00,1897.0,1897.3,1893.0,1894.65,701
2024-06-03 13:39:00,1894.65,1894.85,1893.0,1893.0,40
2024-06-03 13:40:00,1893.0,1895.7,1893.0,1895.7,58
2024-06-03 13:41:00,1895.7,1895.7,1894.95,1895.0,8
2024-06-03 13:42:00,1895.0,1897.6,1894.05,1897.6,60
2024-06-03 13:43:00,1895.85,1898.4,1895.85,1898.0,9
2024-06-03 13:44:00,1898.0,1898.0,1896.35,1898.0,9
2024-06-03 13:45:00,1898.0,1898.0,1896.25,1896.25,11
2024-06-03 13:46:00,1896.25,1896.25,1893.05,1895.35,207
2024-06-03 13:47:00,1895.35,1895.35,1894.65,1894.65,9
2024-06-03 13:48:00,1894.65,1897.15,1894.65,1897.15,45
2024-06-03 13:49:00,1897.15,1897.4,1895.0,1896.55,12
2024-06-03 13:50:00,1896.55,1896.85,1895.0,1895.0,28
2024-06-03 13:51:00,1895.0,1896.65,1891.5,1893.1,304
2024-06-03 13:52:00,1893.1,1893.15,1891.15,1892.95,7
2024-06-03 13:53:00,1892.95,1894.0,1892.0,1894.0,17
2024-06-03 13:54:00,1894.0,1894.0,1892.0,1893.8,13
2024-06-03 13:55:00,1893.8,1893.95,1890.1,1892.15,229
2024-06-03 13:56:00,1892.15,1893.9,1892.1,1893.8,31
2024-06-03 13:57:00,1893.8,1893.95,1893.8,1893.95,5
2024-06-03 13:58:00,1893.95,1895.2,1891.45,1895.2,186
2024-06-03 13:59:00,1895.15,1895.8,1893.1,1895.55,14
2024-06-03 14:00:00,1895.55,1895.75,1893.0,1893.0,16
2024-06-03 14:01:00,1893.0,1895.5,1893.0,1895.5,12
2024-06-03 14:02:00,1895.5,1895.5,1893.1,1894.7,17
2024-06-03 14:03:00,1894.7,1895.25,1892.55,1895.25,26
2024-06-03 14:04:00,1895.25,1895.55,1894.1,1895.55,15
2024-06-03 14:05:00,1895.55,1895.55,1895.5,1895.5,8
2024-06-03 14:06:00,1894.1,1895.5,1893.55,1894.0,35
2024-06-03 14:07:00,1893.55,1895.4,1893.55,1893.7,45
2024-06-03 14:08:00,1893.7,1895.5,1893.65,1895.5,15
2024-06-03 14:09:00,1895.5,1895.55,1893.65,1895.55,28
2024-06-03 14:10:00,1895.55,1897.55,1895.5,1897.55,154
2024-06-03 14:11:00,1897.55,1898.95,1897.0,1898.95,55
2024-06-03 14:12:00,1898.95,1900.0,1898.95,1900.0,33
2024-06-03 14:13:00,1900.0,1901.0,1899.9,1899.9,17
2024-06-03 14:14:00,1899.9,1903.1,1899.9,1902.9,266
2024-06-03 14:15:00,1902.9,1902.95,1900.65,1900.75,69
2024-06-03 14:16:00,1900.75,1902.6,1900.75,1902.6,18
2024-06-03 14:17:00,1902.6,1902.9,1902.5,1902.7,55
2024-06-03 14:18:00,1902.7,1902.8,1900.0,1900.0,51
2024-06-03 14:19:00,1900.0,1902.35,1900.0,1902.35,15
2024-06-03 14:20:00,1902.35,1902.7,1902.3,1902.65,47
2024-06-03 14:21:00,1902.65,1902.8,1902.6,1902.8,15
2024-06-03 14:22:00,1902.8,1902.8,1900.0,1900.0,42
2024-06-03 14:23:00,1900.8,1902.5,1898.75,1902.45,119
2024-06-03 14:24:00,1902.45,1902.8,1900.9,1902.8,29
2024-06-03 14:25:00,1902.8,1902.8,1902.5,1902.5,16
2024-06-03 14:26:00,1902.5,1902.5,1899.05,1901.45,172
2024-06-03 14:27:00,1901.45,1902.5,1901.4,1902.0,128
2024-06-03 14:28:00,1902.0,1902.5,1900.3,1900.3,102
2024-06-03 14:29:00,1901.95,1901.95,1899.7,1899.7,28
2024-06-03 14:30:00,1901.0,1902.35,1900.0,1900.35,79
2024-06-03 14:31:00,1900.35,1902.5,1900.35,1902.5,6
2024-06-03 14:32:00,1902.5,1902.5,1901.0,1901.0,11
2024-06-03 14:33:00,1902.5,1902.5,1900.75,1902.45,36
2024-06-03 14:34:00,1902.45,1902.5,1900.5,1902.35,7
2024-06-03 14:35:00,1902.35,1902.4,1900.3,1901.0,19
2024-06-03 14:36:00,1901.0,1901.0,1901.0,1901.0,5
2024-06-03 14:37:00,1901.0,1901.0,1901.0,1901.0,9
2024-06-03 14:38:00,1901.0,1901.0,1901.0,1901.0,18
2024-06-03 14:39:00,1901.0,1901.0,1901.0,1901.0,5
2024-06-03 14:40:00,1901.0,1901.0,1901.0,1901.0,11
2024-06-03 14:41:00,1901.0,1901.65,1901.0,1901.65,7
2024-06-03 14:42:00,1901.65,1902.35,1900.5,1900.5,6
2024-06-03 14:43:00,1902.35,1902.4,1900.5,1902.4,21
2024-06-03 14:44:00,1902.4,1902.5,1902.4,1902.5,8
2024-06-03 14:45:00,1902.5,1902.5,1902.5,1902.5,25
2024-06-03 14:46:00,1902.5,1902.5,1900.35,1900.35,49
2024-06-03 14:47:00,1900.35,1901.65,1900.0,1901.0,173
2024-06-03 14:48:00,1901.0,1901.0,1898.8,1900.9,11
2024-06-03 14:49:00,1901.0,1901.0,1900.3,1900.85,27
2024-06-03 14:50:00,1900.85,1900.9,1898.8,1900.9,16
2024-06-03 14:51:00,1900.9,1902.5,1900.9,1902.5,19
2024-06-03 14:52:00,1902.4,1902.5,1900.5,1900.5,37
2024-06-03 14:53:00,1900.5,1902.5,1900.5,1902.5,32
2024-06-03 14:54:00,1902.5,1902.5,1902.25,1902.25,13
2024-06-03 14:55:00,1902.25,1902.25,1902.25,1902.25,5
2024-06-03 14:56:00,1902.25,1902.25,1899.15,1899.15,136
2024-06-03 14:57:00,1898.05,1900.25,1898.05,1900.25,52
2024-06-03 14:58:00,1900.25,1900.25,1900.2,1900.25,6
2024-06-03 14:59:00,1900.25,1901.25,1898.85,1901.25,43
2024-06-03 15:00:00,1901.25,1901.5,1898.65,1901.3,46
2024-06-03 15:01:00,1901.3,1901.3,1898.35,1898.35,39
2024-06-03 15:02:00,1898.35,1900.15,1898.25,1900.15,16
2024-06-03 15:03:00,1900.15,1900.15,1898.25,1900.15,9
2024-06-03 15:04:00,1900.15,1900.2,1898.25,1899.6,41
2024-06-03 15:05:00,1899.6,1900.1,1899.6,1900.1,113
2024-06-03 15:06:00,1900.1,1901.45,1900.0,1901.45,19
2024-06-03 15:07:00,1901.45,1901.9,1898.25,1898.25,93
2024-06-03 15:08:00,1898.25,1900.1,1897.0,1898.75,73
2024-06-03 15:09:00,1898.75,1900.0,1898.75,1900.0,20
2024-06-03 15:10:00,1902.95,1904.2,1900.95,1903.25,440
2024-06-03 15:11:00,1903.25,1904.0,1903.25,1904.0,25
2024-06-03 15:12:00,1904.0,1905.35,1904.0,1905.05,97
2024-06-03 15:13:00,1905.35,1905.35,1903.7,1903.7,13
2024-06-03 15:14:00,1904.1,1904.8,1901.9,1904.8,34
2024-06-03 15:15:00,1904.8,1904.8,1899.65,1899.7,204
2024-06-03 15:16:00,1899.45,1899.45,1898.1,1898.25,59
2024-06-03 15:17:00,1900.1,1900.85,1895.55,1896.15,402
2024-06-03 15:18:00,1896.15,1897.7,1894.05,1894.05,257
2024-06-03 15:19:00,1894.05,1897.35,1894.05,1897.2,116
2024-06-03 15:20:00,1897.2,1897.2,1890.45,1890.45,203
2024-06-03 15:21:00,1890.45,1891.85,1890.1,1890.1,447
2024-06-03 15:22:00,1890.2,1890.2,1888.8,1889.25,807
2024-06-03 15:23:00,1889.8,1890.0,1889.3,1889.35,182
2024-06-03 15:24:00,1890.0,1890.0,1885.0,1885.6,672
2024-06-03 15:25:00,1885.65,1888.9,1880.0,1887.35,995
2024-06-03 15:26:00,1887.35,1890.0,1885.05,1890.0,160
2024-06-03 15:27:00,1890.0,1890.0,1885.05,1889.3,254
2024-06-03 15:28:00,1889.3,1900.0,1885.55,1892.15,369
2024-06-03 15:29:00,1892.15,1892.15,1885.0,1886.3,228
2024-06-04 09:15:00,1907.6,1907.75,1849.0,1873.0,1527
2024-06-04 09:16:00,1872.0,1877.65,1866.0,1877.6,256
2024-06-04 09:17:00,1877.6,1877.65,1871.75,1877.45,113
2024-06-04 09:18:00,1877.45,1877.45,1876.8,1876.8,16
2024-06-04 09:19:00,1876.8,1876.8,1870.0,1871.1,399
2024-06-04 09:20:00,1871.1,1871.5,1868.0,1870.9,67
2024-06-04 09:21:00,1870.9,1870.9,1861.35,1864.0,227
2024-06-04 09:22:00,1863.95,1863.95,1857.45,1857.8,451
2024-06-04 09:23:00,1857.8,1857.8,1851.5,1855.5,3161
2024-06-04 09:24:00,1855.5,1861.2,1851.05,1858.6,183
2024-06-04 09:25:00,1858.6,1859.95,1857.4,1858.6,65
2024-06-04 09:26:00,1858.6,1859.85,1855.75,1856.45,84
2024-06-04 09:27:00,1856.45,1857.9,1852.45,1852.45,154
2024-06-04 09:28:00,1852.45,1853.9,1850.7,1853.9,149
2024-06-04 09:29:00,1853.9,1855.75,1851.6,1854.7,67
2024-06-04 09:30:00,1854.0,1854.8,1850.0,1850.0,130
2024-06-04 09:31:00,1853.55,1855.95,1851.5,1852.7,522
2024-06-04 09:32:00,1852.7,1853.3,1851.0,1851.0,14
2024-06-04 09:33:00,1853.3,1856.55,1851.0,1854.4,77
2024-06-04 09:34:00,1854.4,1864.0,1854.4,1863.95,166
2024-06-04 09:35:00,1863.95,1869.35,1863.95,1869.35,170
2024-06-04 09:36:00,1870.0,1872.0,1868.5,1869.55,196
2024-06-04 09:37:00,1873.7,1874.85,1871.1,1871.9,168
2024-06-04 09:38:00,1871.9,1874.65,1871.9,1874.65,19
2024-06-04 09:39:00,1874.65,1883.8,1874.65,1883.75,295
2024-06-04 09:40:00,1884.0,1889.0,1884.0,1887.65,181
2024-06-04 09:41:00,1887.65,1889.0,1885.55,1887.65,65
2024-06-04 09:42:00,1887.65,1888.3,1880.05,1883.45,185
2024-06-04 09:43:00,1883.45,1888.5,1883.45,1887.95,112
2024-06-04 09:44:00,1887.95,1887.95,1876.5,1879.8,115
2024-06-04 09:45:00,1879.8,1882.35,1879.8,1880.0,427
2024-06-04 09:46:00,1880.0,1881.8,1878.0,1880.35,70
2024-06-04 09:47:00,1880.35,1884.0,1880.35,1884.0,22
2024-06-04 09:48:00,1884.0,1886.0,1884.0,1886.0,12
2024-06-04 09:49:00,1887.65,1888.7,1885.2,1887.65,35
2024-06-04 09:50:00,1888.85,1888.85,1881.35,1887.75,54
2024-06-04 09:51:00,1887.75,1888.9,1885.1,1888.9,104
2024-06-04 09:52:00,1888.9,1889.35,1886.6,1888.0,18
2024-06-04 09:53:00,1889.25,1889.85,1887.05,1889.85,22
2024-06-04 09:54:00,1889.85,1889.9,1887.1,1887.1,50
2024-06-04 09:55:00,1887.05,1890.0,1887.05,1890.0,49
2024-06-04 09:56:00,1890.0,1890.0,1887.75,1887.75,5
2024-06-04 09:57:00,1887.75,1890.0,1887.75,1890.0,18
2024-06-04 09:58:00,1890.0,1890.0,1887.7,1889.4,17
2024-06-04 09:59:00,1889.4,1889.4,1889.4,1889.4,0
2024-06-04 10:00:00,1889.4,1889.9,1887.05,1889.6,43
2024-06-04 10:01:00,1889.6,1889.6,1882.7,1883.45,192
2024-06-04 10:02:00,1883.45,1890.0,1883.45,1889.95,90
2024-06-04 10:03:00,1889.95,1889.95,1886.4,1888.95,55
2024-06-04 10:04:00,1888.95,1888.95,1885.3,1885.3,30
2024-06-04 10:05:00,1885.3,1886.65,1883.05,1886.65,22
2024-06-04 10:06:00,1886.65,1887.85,1884.55,1886.05,48
2024-06-04 10:07:00,1886.05,1886.7,1884.15,1885.0,12
2024-06-04 10:08:00,1885.0,1887.0,1883.7,1885.8,107
2024-06-04 10:09:00,1885.8,1888.35,1885.8,1888.35,30
2024-06-04 10:10:00,1888.35,1888.95,1883.1,1883.1,40
2024-06-04 10:11:00,1885.95,1888.85,1885.95,1888.85,108
2024-06-04 10:12:00,1888.85,1888.85,1885.2,1885.2,124
2024-06-04 10:13:00,1885.2,1887.1,1882.55,1882.55,62
2024-06-04 10:14:00,1882.55,1886.15,1882.55,1886.15,23
2024-06-04 10:15:00,1886.15,1889.0,1886.15,1889.0,151
2024-06-04 10:16:00,1889.0,1889.0,1887.15,1887.15,5
2024-06-04 10:17:00,1887.15,1887.15,1887.15,1887.15,0
2024-06-04 10:18:00,1887.15,1887.15,1884.5,1884.5,207
2024-06-04 10:19:00,1884.5,1884.5,1882.55,1882.55,10
2024-06-04 10:20:00,1883.85,1883.85,1880.8,1883.4,175
2024-06-04 10:21:00,1883.4,1883.4,1880.5,1882.35,48
2024-06-04 10:22:00,1882.35,1883.4,1882.0,1883.4,5
2024-06-04 10:23:00,1883.4,1883.4,1883.4,1883.4,11
2024-06-04 10:24:00,1883.4,1889.0,1883.4,1887.15,28
2024-06-04 10:25:00,1887.15,1889.0,1887.15,1889.0,8
2024-06-04 10:26:00,1889.0,1889.0,1881.6,1882.0,287
2024-06-04 10:27:00,1882.0,1885.6,1880.95,1882.55,340
2024-06-04 10:28:00,1882.55,1883.1,1880.4,1880.4,2
2024-06-04 10:29:00,1880.4,1882.95,1880.25,1880.35,127
2024-06-04 10:30:00,1880.35,1883.95,1880.35,1883.95,60
2024-06-04 10:31:00,1883.95,1883.95,1881.1,1881.1,120
2024-06-04 10:32:00,1881.1,1881.1,1880.35,1880.35,9
2024-06-04 10:33:00,1880.35,1883.15,1880.1,1881.8,21
2024-06-04 10:34:00,1881.85,1881.85,1878.0,1878.0,232
2024-06-04 10:35:00,1878.0,1878.15,1875.1,1875.1,46
2024-06-04 10:36:00,1875.1,1877.8,1875.0,1875.25,22
2024-06-04 10:37:00,1877.6,1877.6,1877.6,1877.6,12
2024-06-04 10:38:00,1877.6,1882.55,1877.6,1882.55,55
2024-06-04 10:39:00,1882.55,1882.55,1882.55,1882.55,1
2024-06-04 10:40:00,1882.55,1882.75,1879.5,1879.5,84
2024-06-04 10:41:00,1879.5,1879.5,1875.05,1876.85,102
2024-06-04 10:42:00,1876.85,1876.85,1872.05,1873.75,151
2024-06-04 10:43:00,1873.75,1873.75,1871.35,1872.7,56
2024-06-04 10:44:00,1872.7,1873.95,1871.0,1873.95,13
2024-06-04 10:45:00,1874.0,1874.1,1872.0,1872.0,28
2024-06-04 10:46:00,1872.0,1872.65,1872.0,1872.5,29
2024-06-04 10:47:00,1872.5,1872.5,1866.3,1869.8,197
2024-06-04 10:48:00,1869.8,1870.3,1867.85,1870.3,58
2024-06-04 10:49:00,1870.3,1870.3,1868.65,1868.65,0
2024-06-04 10:50:00,1868.65,1869.0,1866.0,1868.1,81
2024-06-04 10:51:00,1868.1,1868.2,1868.1,1868.2,55
2024-06-04 10:52:00,1868.2,1868.2,1862.0,1862.0,502
2024-06-04 10:53:00,1862.0,1862.0,1861.0,1861.8,13
2024-06-04 10:54:00,1861.8,1861.8,1861.8,1861.8,4
2024-06-04 10:55:00,1861.8,1863.15,1860.3,1863.05,227
2024-06-04 10:56:00,1863.05,1863.05,1862.55,1863.0,14
2024-06-04 10:57:00,1862.95,1865.0,1862.95,1865.0,56
2024-06-04 10:58:00,1865.4,1866.6,1863.55,1866.6,63
2024-06-04 10:59:00,1866.6,1866.6,1862.15,1862.45,45
2024-06-04 11:00:00,1863.95,1865.45,1863.95,1865.45,31
2024-06-04 11:01:00,1865.45,1865.45,1860.6,1863.05,83
2024-06-04 11:02:00,1863.05,1863.05,1860.0,1862.15,134
2024-06-04 11:03:00,1862.15,1862.75,1860.1,1860.1,31
2024-06-04 11:04:00,1862.6,1862.6,1860.0,1860.0,17
2024-06-04 11:05:00,1860.0,1862.2,1860.0,1860.55,13
2024-06-04 11:06:00,1860.55,1862.0,1860.5,1860.5,18
2024-06-04 11:07:00,1859.0,1860.2,1857.6,1858.3,177
2024-06-04 11:08:00,1858.3,1858.3,1854.55,1855.9,108
2024-06-04 11:09:00,1855.9,1856.05,1854.0,1856.0,40
2024-06-04 11:10:00,1856.0,1860.5,1855.85,1855.85,156
2024-06-04 11:11:00,1855.85,1860.2,1854.85,1854.85,34
2024-06-04 11:12:00,1857.75,1857.75,1853.0,1855.9,240
2024-06-04 11:13:00,1852.05,1856.1,1852.05,1856.1,165
2024-06-04 11:14:00,1856.1,1856.2,1852.1,1854.1,45
2024-06-04 11:15:00,1854.1,1855.1,1852.0,1854.7,79
2024-06-04 11:16:00,1854.7,1857.0,1854.7,1857.0,32
2024-06-04 11:17:00,1857.65,1859.25,1855.7,1859.2,23
2024-06-04 11:18:00,1859.2,1859.25,1852.0,1855.35,297
2024-06-04 11:19:00,1855.35,1855.75,1851.7,1855.75,130
2024-06-04 11:20:00,1855.75,1855.8,1853.25,1853.3,28
2024-06-04 11:21:00,1853.3,1856.05,1851.25,1851.25,46
2024-06-04 11:22:00,1852.7,1853.95,1850.05,1853.95,390
2024-06-04 11:23:00,1853.95,1859.0,1851.55,1859.0,118
2024-06-04 11:24:00,1859.0,1864.9,1859.0,1862.95,46
2024-06-04 11:25:00,1862.95,1865.35,1857.3,1859.2,100
2024-06-04 11:26:00,1859.2,1860.0,1859.2,1860.0,69
2024-06-04 11:27:00,1860.0,1865.75,1860.0,1865.25,80
2024-06-04 11:28:00,1865.25,1865.25,1864.0,1864.0,35
2024-06-04 11:29:00,1864.0,1868.75,1864.0,1866.3,67
2024-06-04 11:30:00,1866.3,1868.8,1861.45,1864.55,80
2024-06-04 11:31:00,1867.8,1870.0,1867.8,1870.0,38
2024-06-04 11:32:00,1870.0,1870.9,1868.05,1870.0,36
2024-06-04 11:33:00,1870.0,1870.8,1866.35,1870.1,52
2024-06-04 11:34:00,1870.1,1870.45,1868.1,1868.1,10
2024-06-04 11:35:00,1868.1,1870.9,1865.2,1867.7,114
2024-06-04 11:36:00,1867.7,1867.7,1865.0,1867.15,19
2024-06-04 11:37:00,1867.15,1867.25,1863.2,1863.2,316
2024-06-04 11:38:00,1863.2,1867.9,1863.05,1866.95,88
2024-06-04 11:39:00,1866.95,1867.0,1863.0,1864.1,21
2024-06-04 11:40:00,1863.85,1864.9,1862.0,1864.9,158
2024-06-04 11:41:00,1864.9,1864.9,1860.0,1862.2,66
2024-06-04 11:42:00,1862.2,1862.2,1857.9,1859.7,63
2024-06-04 11:43:00,1859.7,1865.25,1859.7,1862.5,81
2024-06-04 11:44:00,1862.5,1862.5,1859.45,1859.45,135
2024-06-04 11:45:00,1859.45,1864.95,1859.45,1864.8,9
2024-06-04 11:46:00,1864.8,1866.5,1862.55,1865.4,43
2024-06-04 11:47:00,1865.4,1865.85,1864.7,1865.85,98
2024-06-04 11:48:00,1865.85,1868.95,1865.85,1868.95,18
2024-06-04 11:49:00,1868.95,1869.0,1865.0,1865.0,77
2024-06-04 11:50:00,1865.0,1870.0,1865.0,1870.0,419
2024-06-04 11:51:00,1870.0,1870.0,1863.9,1865.0,59
2024-06-04 11:52:00,1864.8,1868.35,1864.8,1868.15,64
2024-06-04 11:53:00,1868.15,1868.15,1859.45,1861.95,247
2024-06-04 11:54:00,1861.95,1863.35,1860.4,1860.4,34
2024-06-04 11:55:00,1860.4,1863.9,1859.8,1862.0,159
2024-06-04 11:56:00,1862.0,1862.0,1857.15,1857.15,43
2024-06-04 11:57:00,1857.15,1859.9,1857.15,1859.3,107
2024-06-04 11:58:00,1859.3,1859.3,1855.25,1858.1,87
2024-06-04 11:59:00,1858.1,1858.45,1855.1,1858.45,50
2024-06-04 12:00:00,1858.45,1858.45,1856.95,1856.95,4
2024-06-04 12:01:00,1856.95,1857.0,1852.0,1852.0,150
2024-06-04 12:02:00,1852.0,1852.0,1850.0,1850.0,893
2024-06-04 12:03:00,1850.0,1850.95,1849.1,1849.65,551
2024-06-04 12:04:00,1849.65,1850.0,1849.1,1850.0,40
2024-06-04 12:05:00,1848.75,1848.75,1843.75,1846.9,748
2024-06-04 12:06:00,1846.9,1846.95,1844.0,1846.25,67
2024-06-04 12:07:00,1846.25,1846.25,1842.55,1842.55,29
2024-06-04 12:08:00,1842.55,1846.0,1842.5,1844.3,156
2024-06-04 12:09:00,1844.3,1844.3,1842.0,1843.3,86
2024-06-04 12:10:00,1843.3,1843.35,1840.0,1840.15,168
2024-06-04 12:11:00,1840.15,1842.25,1840.0,1842.15,122
2024-06-04 12:12:00,1840.2,1841.75,1838.0,1839.35,555
2024-06-04 12:13:00,1838.1,1840.8,1838.0,1840.8,47
2024-06-04 12:14:00,1840.8,1840.9,1838.0,1840.0,70
2024-06-04 12:15:00,1840.0,1840.8,1838.0,1838.5,66
2024-06-04 12:16:00,1838.5,1840.75,1837.0,1837.0,197
2024-06-04 12:17:00,1836.05,1838.35,1832.35,1834.0,185
2024-06-04 12:18:00,1834.0,1835.9,1831.7,1833.5,56
2024-06-04 12:19:00,1834.7,1835.4,1831.1,1834.2,55
2024-06-04 12:20:00,1831.1,1834.7,1831.1,1833.0,1047
2024-06-04 12:21:00,1833.0,1835.55,1830.05,1835.0,185
2024-06-04 12:22:00,1835.0,1835.0,1825.0,1826.3,599
2024-06-04 12:23:00,1826.35,1828.0,1825.0,1825.95,248
2024-06-04 12:24:00,1825.95,1825.95,1822.0,1822.0,274
2024-06-04 12:25:00,1822.0,1825.0,1822.0,1825.0,178
2024-06-04 12:26:00,1825.0,1825.0,1822.0,1824.9,91
2024-06-04 12:27:00,1824.9,1824.9,1821.0,1824.45,74
2024-06-04 12:28:00,1823.8,1824.35,1820.55,1820.55,245
2024-06-04 12:29:00,1820.55,1820.55,1815.65,1819.05,493
2024-06-04 12:30:00,1819.4,1819.85,1815.65,1819.85,138
2024-06-04 12:31:00,1817.0,1819.9,1816.6,1816.6,101
2024-06-04 12:32:00,1816.6,1820.8,1815.0,1820.8,293
2024-06-04 12:33:00,1820.8,1822.15,1815.4,1819.95,200
2024-06-04 12:34:00,1819.95,1831.2,1819.95,1831.2,299
2024-06-04 12:35:00,1831.2,1838.25,1831.2,1833.2,93
2024-06-04 12:36:00,1835.0,1835.0,1827.8,1828.8,66
2024-06-04 12:37:00,1828.8,1832.8,1821.0,1824.75,252
2024-06-04 12:38:00,1824.75,1830.85,1824.75,1830.85,84
2024-06-04 12:39:00,1830.85,1834.9,1826.4,1826.5,248
2024-06-04 12:40:00,1826.5,1835.0,1826.05,1833.6,67
2024-06-04 12:41:00,1833.6,1841.0,1832.6,1841.0,157
2024-06-04 12:42:00,1841.0,1841.0,1834.1,1840.85,58
2024-06-04 12:43:00,1839.75,1841.0,1837.4,1839.75,84
2024-06-04 12:44:00,1839.75,1840.0,1831.4,1833.85,104
2024-06-04 12:45:00,1837.35,1840.0,1833.85,1834.2,143
2024-06-04 12:46:00,1838.0,1845.0,1834.1,1845.0,75
2024-06-04 12:47:00,1844.7,1847.9,1843.5,1847.9,60
2024-06-04 12:48:00,1844.5,1848.2,1844.5,1847.9,120
2024-06-04 12:49:00,1845.7,1848.05,1845.7,1847.9,156
2024-06-04 12:50:00,1847.9,1852.55,1847.2,1849.15,64
2024-06-04 12:51:00,1852.6,1856.2,1845.0,1845.0,53
2024-06-04 12:52:00,1845.0,1850.65,1845.0,1849.8,29
2024-06-04 12:53:00,1849.8,1854.5,1847.75,1851.9,289
2024-06-04 12:54:00,1851.9,1853.6,1850.1,1850.25,43
2024-06-04 12:55:00,1850.25,1852.9,1846.6,1846.6,73
2024-06-04 12:56:00,1849.75,1852.1,1848.35,1852.1,32
2024-06-04 12:57:00,1849.05,1852.15,1849.05,1851.85,15
2024-06-04 12:58:00,1851.85,1852.9,1849.0,1852.9,63
2024-06-04 12:59:00,1852.9,1852.9,1847.0,1849.9,58
2024-06-04 13:00:00,1849.9,1849.9,1844.5,1844.5,89
2024-06-04 13:01:00,1844.65,1844.65,1836.0,1841.3,142
2024-06-04 13:02:00,1841.3,1842.55,1840.85,1842.55,5
2024-06-04 13:03:00,1842.55,1846.95,1840.9,1846.95,370
2024-06-04 13:04:00,1846.95,1846.95,1842.0,1845.0,186
2024-06-04 13:05:00,1843.8,1846.7,1842.05,1846.7,56
2024-06-04 13:06:00,1846.7,1846.7,1844.35,1845.15,11
2024-06-04 13:07:00,1845.3,1847.5,1844.6,1846.45,188
2024-06-04 13:08:00,1843.05,1846.45,1843.05,1845.1,44
2024-06-04 13:09:00,1845.1,1848.0,1845.0,1848.0,122
2024-06-04 13:10:00,1848.0,1849.9,1847.15,1847.15,11
2024-06-04 13:11:00,1847.15,1851.45,1847.15,1851.35,136
2024-06-04 13:12:00,1851.35,1855.9,1849.65,1855.9,69
2024-06-04 13:13:00,1855.9,1856.75,1855.1,1856.2,29
2024-06-04 13:14:00,1856.2,1858.0,1855.8,1858.0,42
2024-06-04 13:15:00,1858.0,1858.2,1855.0,1855.0,53
2024-06-04 13:16:00,1855.0,1855.0,1851.2,1853.75,47
2024-06-04 13:17:00,1853.65,1860.0,1853.65,1860.0,139
2024-06-04 13:18:00,1859.05,1860.0,1855.7,1855.7,152
2024-06-04 13:19:00,1854.4,1856.75,1854.4,1855.7,187
2024-06-04 13:20:00,1855.7,1857.75,1855.0,1855.3,9
2024-06-04 13:21:00,1856.7,1860.0,1855.4,1860.0,17
2024-06-04 13:22:00,1859.1,1860.0,1858.15,1859.1,65
2024-06-04 13:23:00,1859.1,1860.0,1858.0,1859.5,26
2024-06-04 13:24:00,1859.5,1859.8,1856.1,1859.8,20
2024-06-04 13:25:00,1859.8,1860.7,1857.0,1860.25,223
2024-06-04 13:26:00,1860.25,1861.35,1858.9,1858.95,115
2024-06-04 13:27:00,1856.65,1858.0,1855.15,1855.15,101
2024-06-04 13:28:00,1855.15,1857.05,1855.15,1856.0,7
2024-06-04 13:29:00,1856.0,1859.55,1856.0,1858.0,34
2024-06-04 13:30:00,1856.65,1860.75,1856.05,1856.05,174
2024-06-04 13:31:00,1856.05,1858.9,1856.0,1858.35,53
2024-06-04 13:32:00,1858.35,1861.35,1858.35,1858.75,78
2024-06-04 13:33:00,1858.75,1860.65,1858.35,1860.65,81
2024-06-04 13:34:00,1860.65,1861.25,1859.25,1860.55,192
2024-06-04 13:35:00,1860.9,1864.85,1860.45,1862.85,145
2024-06-04 13:36:00,1863.25,1865.8,1862.7,1865.1,28
2024-06-04 13:37:00,1865.1,1865.85,1860.45,1860.45,209
2024-06-04 13:38:00,1860.45,1862.65,1860.0,1861.0,39
2024-06-04 13:39:00,1861.0,1864.45,1860.15,1862.4,55
2024-06-04 13:40:00,1862.4,1865.25,1861.35,1864.85,67
2024-06-04 13:41:00,1863.3,1865.8,1863.25,1865.75,44
2024-06-04 13:42:00,1865.75,1865.75,1863.25,1863.25,10
2024-06-04 13:43:00,1863.25,1865.5,1863.25,1865.45,131
2024-06-04 13:44:00,1865.45,1867.35,1864.05,1867.35,7
2024-06-04 13:45:00,1867.55,1870.15,1867.1,1867.9,372
2024-06-04 13:46:00,1867.6,1867.6,1864.3,1866.7,99
2024-06-04 13:47:00,1866.7,1866.7,1862.8,1865.65,69
2024-06-04 13:48:00,1865.65,1868.25,1864.2,1866.0,63
2024-06-04 13:49:00,1864.95,1870.6,1864.25,1870.6,137
2024-06-04 13:50:00,1868.15,1870.1,1866.05,1869.0,213
2024-06-04 13:51:00,1869.0,1871.0,1869.0,1870.45,62
2024-06-04 13:52:00,1870.0,1870.85,1870.0,1870.0,8
2024-06-04 13:53:00,1870.0,1870.9,1870.0,1870.9,23
2024-06-04 13:54:00,1870.0,1870.9,1869.0,1869.0,38
2024-06-04 13:55:00,1869.0,1870.75,1868.0,1868.7,103
2024-06-04 13:56:00,1870.75,1870.75,1866.5,1866.5,14
2024-06-04 13:57:00,1870.0,1870.9,1867.55,1869.1,49
2024-06-04 13:58:00,1869.1,1871.0,1866.85,1868.6,42
2024-06-04 13:59:00,1871.2,1871.2,1869.45,1869.45,54
2024-06-04 14:00:00,1869.45,1872.65,1867.35,1870.85,59
2024-06-04 14:01:00,1867.3,1871.2,1867.3,1869.85,16
2024-06-04 14:02:00,1869.85,1870.0,1867.35,1867.35,17
2024-06-04 14:03:00,1868.75,1871.15,1867.4,1871.05,71
2024-06-04 14:04:00,1871.05,1871.05,1865.05,1865.05,23
2024-06-04 14:05:00,1865.2,1866.15,1860.85,1860.85,75
2024-06-04 14:06:00,1860.85,1863.25,1860.1,1863.25,13
2024-06-04 14:07:00,1863.25,1863.25,1858.5,1858.5,197
2024-06-04 14:08:00,1861.45,1863.05,1858.35,1863.0,23
2024-06-04 14:09:00,1863.0,1863.0,1859.1,1859.15,5
2024-06-04 14:10:00,1859.15,1859.15,1855.0,1856.0,1041
2024-06-04 14:11:00,1856.45,1856.9,1855.0,1855.0,6
2024-06-04 14:12:00,1853.75,1857.25,1853.65,1857.05,26
2024-06-04 14:13:00,1857.05,1857.05,1854.05,1856.95,31
2024-06-04 14:14:00,1856.95,1857.0,1854.85,1855.8,23
2024-06-04 14:15:00,1855.8,1856.5,1850.0,1851.1,112
2024-06-04 14:16:00,1851.1,1853.7,1850.0,1852.35,167
2024-06-04 14:17:00,1852.35,1853.95,1851.05,1851.05,32
2024-06-04 14:18:00,1851.05,1853.95,1851.05,1853.95,10
2024-06-04 14:19:00,1853.95,1855.45,1851.05,1853.75,18
2024-06-04 14:20:00,1853.75,1853.75,1850.0,1850.0,116
2024-06-04 14:21:00,1850.0,1851.95,1850.0,1850.0,20
2024-06-04 14:22:00,1850.0,1852.35,1850.0,1852.35,43
2024-06-04 14:23:00,1850.0,1853.45,1850.0,1850.55,44
2024-06-04 14:24:00,1850.55,1852.1,1848.0,1852.1,170
2024-06-04 14:25:00,1850.55,1853.35,1849.6,1850.75,11
2024-06-04 14:26:00,1850.1,1851.05,1848.0,1848.35,7
2024-06-04 14:27:00,1848.35,1852.4,1848.05,1852.4,20
2024-06-04 14:28:00,1852.4,1853.2,1850.05,1850.1,37
2024-06-04 14:29:00,1850.1,1852.75,1850.0,1850.1,13
2024-06-04 14:30:00,1850.1,1856.6,1850.0,1856.6,41
2024-06-04 14:31:00,1856.6,1856.6,1853.05,1853.55,48
2024-06-04 14:32:00,1853.55,1856.4,1850.4,1855.9,121
2024-06-04 14:33:00,1855.9,1855.9,1853.05,1855.3,14
2024-06-04 14:34:00,1855.3,1855.9,1850.05,1852.45,156
2024-06-04 14:35:00,1852.45,1852.45,1850.0,1852.3,32
2024-06-04 14:36:00,1850.05,1850.5,1847.05,1849.6,405
2024-06-04 14:37:00,1849.6,1850.15,1845.0,1848.8,215
2024-06-04 14:38:00,1848.8,1852.7,1847.25,1849.45,73
2024-06-04 14:39:00,1852.7,1852.7,1848.1,1849.25,13
2024-06-04 14:40:00,1849.25,1855.9,1849.25,1850.8,167
2024-06-04 14:41:00,1850.8,1855.85,1850.5,1852.7,11
2024-06-04 14:42:00,1852.7,1855.0,1850.8,1852.75,116
2024-06-04 14:43:00,1852.75,1854.8,1852.15,1854.3,12
2024-06-04 14:44:00,1854.3,1856.8,1853.5,1855.9,12
2024-06-04 14:45:00,1854.8,1863.2,1854.8,1862.0,121
2024-06-04 14:46:00,1862.0,1862.0,1856.7,1856.8,27
2024-06-04 14:47:00,1856.8,1858.45,1855.75,1855.75,36
2024-06-04 14:48:00,1859.85,1861.05,1855.5,1855.5,16
2024-06-04 14:49:00,1855.5,1858.5,1854.8,1857.9,59
2024-06-04 14:50:00,1857.9,1858.45,1855.05,1855.05,18
2024-06-04 14:51:00,1855.05,1855.8,1853.15,1853.15,65
2024-06-04 14:52:00,1853.15,1856.35,1852.15,1855.8,51
2024-06-04 14:53:00,1855.8,1856.4,1852.65,1855.15,9
2024-06-04 14:54:00,1855.15,1857.5,1853.1,1857.5,9
2024-06-04 14:55:00,1857.5,1857.5,1854.0,1855.9,69
2024-06-04 14:56:00,1855.9,1855.9,1854.0,1854.0,28
2024-06-04 14:57:00,1854.0,1857.0,1852.0,1852.0,99
2024-06-04 14:58:00,1850.85,1850.85,1845.5,1845.5,305
2024-06-04 14:59:00,1845.5,1845.5,1842.2,1843.0,176
2024-06-04 15:00:00,1843.0,1844.85,1842.05,1842.05,68
2024-06-04 15:01:00,1844.2,1845.0,1832.85,1835.15,2173
2024-06-04 15:02:00,1834.95,1837.3,1830.4,1837.3,40
2024-06-04 15:03:00,1837.3,1837.5,1830.75,1831.7,219
2024-06-04 15:04:00,1831.05,1834.65,1830.0,1834.65,146
2024-06-04 15:05:00,1834.65,1834.65,1830.85,1832.7,154
2024-06-04 15:06:00,1832.7,1833.3,1830.6,1830.65,81
2024-06-04 15:07:00,1830.6,1833.55,1830.6,1832.8,71
2024-06-04 15:08:00,1832.8,1837.85,1832.8,1837.65,199
2024-06-04 15:09:00,1837.65,1839.05,1836.45,1839.05,84
2024-06-04 15:10:00,1839.05,1839.9,1837.0,1839.5,99
2024-06-04 15:11:00,1839.8,1839.8,1834.55,1837.5,71
2024-06-04 15:12:00,1837.5,1841.95,1834.1,1841.95,241
2024-06-04 15:13:00,1840.95,1842.2,1839.15,1839.65,33
2024-06-04 15:14:00,1840.65,1842.65,1840.0,1841.5,76
2024-06-04 15:15:00,1841.85,1844.5,1841.5,1844.25,141
2024-06-04 15:16:00,1844.3,1844.65,1841.3,1844.6,71
2024-06-04 15:17:00,1844.6,1845.0,1843.9,1845.0,291
2024-06-04 15:18:00,1842.85,1845.0,1841.9,1841.9,114
2024-06-04 15:19:00,1844.8,1845.0,1842.15,1844.85,96
2024-06-04 15:20:00,1845.0,1845.0,1841.1,1842.8,258
2024-06-04 15:21:00,1842.75,1844.95,1840.35,1844.95,138
2024-06-04 15:22:00,1844.95,1845.0,1844.85,1845.0,165
2024-06-04 15:23:00,1845.0,1850.05,1843.2,1850.05,154
2024-06-04 15:24:00,1850.05,1851.0,1850.05,1851.0,594
2024-06-04 15:25:00,1851.0,1857.2,1851.0,1857.2,110
2024-06-04 15:26:00,1855.9,1860.0,1855.9,1857.2,61
2024-06-04 15:27:00,1857.2,1860.0,1852.1,1853.1,144
2024-06-04 15:28:00,1858.95,1860.0,1858.9,1860.0,177
2024-06-04 15:29:00,1860.0,1860.0,1855.0,1860.0,294
2024-06-05 09:15:00,1863.9,1868.6,1860.0,1864.0,65
2024-06-05 09:16:00,1864.0,1868.6,1862.05,1868.6,53
2024-06-05 09:17:00,1868.6,1870.0,1865.05,1865.05,86
2024-06-05 09:18:00,1865.3,1865.3,1856.3,1856.3,98
2024-06-05 09:19:00,1856.3,1856.3,1850.0,1851.0,176
2024-06-05 09:20:00,1851.0,1851.0,1841.65,1843.65,193
2024-06-05 09:21:00,1843.65,1843.65,1829.65,1841.05,1078
2024-06-05 09:22:00,1841.05,1841.95,1835.75,1839.3,64
2024-06-05 09:23:00,1839.8,1839.95,1839.0,1839.0,35
2024-06-05 09:24:00,1839.0,1839.0,1832.45,1833.0,142
2024-06-05 09:25:00,1833.0,1833.85,1829.9,1833.25,198
2024-06-05 09:26:00,1833.25,1833.85,1826.5,1829.9,366
2024-06-05 09:27:00,1829.9,1830.0,1828.3,1830.0,514
2024-06-05 09:28:00,1830.0,1860.95,1830.0,1860.25,725
2024-06-05 09:29:00,1860.0,1860.0,1846.3,1848.95,519
2024-06-05 09:30:00,1848.95,1860.0,1848.95,1859.65,143
2024-06-05 09:31:00,1860.2,1860.95,1854.6,1857.25,101
2024-06-05 09:32:00,1857.25,1857.25,1845.1,1845.1,551
2024-06-05 09:33:00,1845.1,1849.05,1845.0,1849.05,98
2024-06-05 09:34:00,1850.7,1850.7,1844.95,1844.95,137
2024-06-05 09:35:00,1844.95,1846.7,1842.15,1842.15,263
2024-06-05 09:36:00,1842.0,1846.0,1842.0,1844.45,154
2024-06-05 09:37:00,1847.0,1850.9,1842.0,1844.35,89
2024-06-05 09:38:00,1844.35,1846.95,1840.9,1844.75,299
2024-06-05 09:39:00,1844.8,1847.55,1844.65,1847.55,30
2024-06-05 09:40:00,1848.85,1858.0,1848.85,1850.15,480
2024-06-05 09:41:00,1850.15,1862.55,1850.15,1862.55,146
2024-06-05 09:42:00,1862.55,1862.55,1858.05,1862.45,43
2024-06-05 09:43:00,1862.45,1866.35,1857.05,1857.8,387
2024-06-05 09:44:00,1857.8,1857.8,1842.05,1844.0,1118
2024-06-05 09:45:00,1844.0,1847.7,1844.0,1845.55,74
2024-06-05 09:46:00,1845.55,1849.2,1844.8,1844.8,142
2024-06-05 09:47:00,1846.05,1846.05,1841.0,1841.15,150
2024-06-05 09:48:00,1843.45,1844.95,1842.1,1844.7,397
2024-06-05 09:49:00,1844.7,1848.55,1840.9,1845.15,388
2024-06-05 09:50:00,1845.15,1850.0,1840.85,1849.85,138
2024-06-05 09:51:00,1849.85,1850.5,1841.45,1842.55,55
2024-06-05 09:52:00,1842.55,1852.6,1841.7,1852.6,254
2024-06-05 09:53:00,1852.6,1859.2,1852.6,1859.2,58
2024-06-05 09:54:00,1859.2,1860.0,1858.35,1858.35,19
2024-06-05 09:55:00,1858.35,1865.0,1858.35,1865.0,46
2024-06-05 09:56:00,1868.4,1868.4,1865.35,1867.8,94
2024-06-05 09:57:00,1867.8,1867.8,1863.75,1866.6,62
2024-06-05 09:58:00,1866.6,1866.6,1854.15,1854.15,386
2024-06-05 09:59:00,1854.15,1862.75,1854.15,1858.7,160
2024-06-05 10:00:00,1858.7,1869.0,1858.7,1869.0,97
2024-06-05 10:01:00,1869.0,1877.95,1869.0,1877.05,379
2024-06-05 10:02:00,1877.05,1877.05,1875.0,1875.15,15
2024-06-05 10:03:00,1875.15,1880.0,1875.15,1880.0,278
2024-06-05 10:04:00,1880.0,1880.0,1875.05,1877.95,262
2024-06-05 10:05:00,1878.0,1878.0,1867.7,1870.0,94
2024-06-05 10:06:00,1870.0,1870.0,1866.35,1866.35,57
2024-06-05 10:07:00,1866.35,1870.5,1862.95,1870.5,265
2024-06-05 10:08:00,1871.2,1875.0,1868.8,1875.0,139
2024-06-05 10:09:00,1875.0,1880.0,1875.0,1880.0,181
2024-06-05 10:10:00,1880.0,1880.0,1877.0,1877.3,113
2024-06-05 10:11:00,1877.75,1878.5,1874.6,1875.15,146
2024-06-05 10:12:00,1875.15,1876.3,1873.2,1875.65,19
2024-06-05 10:13:00,1875.65,1877.9,1875.65,1876.65,12
2024-06-05 10:14:00,1877.2,1877.85,1875.25,1875.25,26
2024-06-05 10:15:00,1872.65,1876.6,1872.65,1875.0,75
2024-06-05 10:16:00,1875.9,1876.45,1875.0,1876.0,51
2024-06-05 10:17:00,1873.8,1875.5,1873.4,1875.5,117
2024-06-05 10:18:00,1875.5,1875.5,1871.85,1874.15,30
2024-06-05 10:19:00,1874.15,1874.5,1874.15,1874.5,8
2024-06-05 10:20:00,1874.5,1874.5,1869.1,1869.1,116
2024-06-05 10:21:00,1869.1,1876.05,1869.1,1876.05,153
2024-06-05 10:22:00,1875.75,1875.75,1874.8,1875.0,23
2024-06-05 10:23:00,1875.0,1875.0,1873.1,1873.1,60
2024-06-05 10:24:00,1873.1,1874.15,1869.05,1873.6,81
2024-06-05 10:25:00,1875.0,1875.0,1870.1,1870.1,121
2024-06-05 10:26:00,1872.15,1872.15,1867.4,1869.5,23
2024-06-05 10:27:00,1869.5,1871.9,1867.6,1869.15,33
2024-06-05 10:28:00,1869.15,1870.85,1869.15,1870.85,8
2024-06-05 10:29:00,1871.35,1874.0,1870.65,1873.95,167
2024-06-05 10:30:00,1874.0,1874.0,1871.9,1873.9,125
2024-06-05 10:31:00,1873.95,1873.95,1871.9,1871.9,88
2024-06-05 10:32:00,1871.9,1873.5,1871.15,1873.45,65
2024-06-05 10:33:00,1873.45,1873.8,1873.45,1873.8,5
2024-06-05 10:34:00,1873.8,1874.0,1871.25,1871.25,15
2024-06-05 10:35:00,1871.25,1871.3,1871.25,1871.3,13
2024-06-05 10:36:00,1871.3,1873.9,1871.3,1873.9,33
2024-06-05 10:37:00,1873.9,1873.9,1870.3,1870.3,66
2024-06-05 10:38:00,1870.3,1872.75,1870.0,1870.5,44
2024-06-05 10:39:00,1872.65,1872.65,1866.05,1867.6,198
2024-06-05 10:40:00,1867.6,1868.95,1867.6,1867.8,34
2024-06-05 10:41:00,1867.8,1869.9,1867.8,1868.0,317
2024-06-05 10:42:00,1868.0,1871.5,1868.0,1871.5,19
2024-06-05 10:43:00,1871.5,1874.0,1870.05,1871.75,190
2024-06-05 10:44:00,1871.75,1871.75,1868.7,1871.75,12
2024-06-05 10:45:00,1871.75,1873.7,1871.75,1873.7,126
2024-06-05 10:46:00,1873.7,1873.7,1868.35,1871.25,68
2024-06-05 10:47:00,1871.25,1871.25,1868.45,1868.45,25
2024-06-05 10:48:00,1868.45,1872.8,1868.45,1872.5,9
2024-06-05 10:49:00,1870.25,1872.25,1870.25,1871.9,5
2024-06-05 10:50:00,1871.9,1872.15,1871.9,1872.15,3
2024-06-05 10:51:00,1872.15,1872.15,1867.8,1869.85,248
2024-06-05 10:52:00,1869.85,1872.25,1869.85,1871.5,33
2024-06-05 10:53:00,1871.5,1873.25,1871.5,1873.25,16
2024-06-05 10:54:00,1873.25,1873.5,1873.25,1873.35,28
2024-06-05 10:55:00,1873.35,1873.8,1870.8,1870.8,7
2024-06-05 10:56:00,1870.8,1870.8,1870.8,1870.8,0
2024-06-05 10:57:00,1870.8,1873.0,1870.8,1873.0,78
2024-06-05 10:58:00,1873.0,1874.0,1873.0,1873.55,5
2024-06-05 10:59:00,1874.0,1874.0,1871.95,1871.95,12
2024-06-05 11:00:00,1869.05,1873.55,1869.05,1872.1,215
2024-06-05 11:01:00,1872.1,1872.8,1868.05,1868.05,73
2024-06-05 11:02:00,1868.05,1874.95,1868.05,1874.95,6
2024-06-05 11:03:00,1874.95,1874.95,1874.0,1874.0,101
2024-06-05 11:04:00,1874.0,1874.7,1871.35,1871.35,23
2024-06-05 11:05:00,1871.35,1874.8,1871.35,1874.8,76
2024-06-05 11:06:00,1874.8,1875.0,1874.0,1875.0,117
2024-06-05 11:07:00,1875.0,1880.0,1873.4,1880.0,507
2024-06-05 11:08:00,1880.0,1880.0,1880.0,1880.0,121
2024-06-05 11:09:00,1880.0,1885.9,1880.0,1885.9,74
2024-06-05 11:10:00,1887.1,1890.0,1887.1,1887.8,160
2024-06-05 11:11:00,1887.8,1890.0,1887.0,1890.0,91
2024-06-05 11:12:00,1888.05,1889.85,1887.35,1887.35,36
2024-06-05 11:13:00,1887.35,1887.35,1882.55,1884.0,121
2024-06-05 11:14:00,1884.0,1884.0,1880.2,1882.05,54
2024-06-05 11:15:00,1882.05,1883.85,1881.05,1883.05,15
2024-06-05 11:16:00,1883.05,1883.05,1883.0,1883.05,6
2024-06-05 11:17:00,1882.0,1884.0,1882.0,1884.0,51
2024-06-05 11:18:00,1884.0,1884.0,1884.0,1884.0,1
2024-06-05 11:19:00,1884.0,1884.0,1884.0,1884.0,61
2024-06-05 11:20:00,1884.0,1884.0,1884.0,1884.0,11
2024-06-05 11:21:00,1884.0,1890.0,1882.5,1887.9,623
2024-06-05 11:22:00,1887.9,1887.9,1882.25,1887.65,52
2024-06-05 11:23:00,1887.65,1888.2,1885.0,1887.3,63
2024-06-05 11:24:00,1887.3,1889.8,1887.3,1888.95,26
2024-06-05 11:25:00,1888.95,1890.0,1888.4,1888.4,38
2024-06-05 11:26:00,1888.4,1890.0,1888.4,1890.0,7
2024-06-05 11:27:00,1890.0,1890.0,1889.0,1889.0,19
2024-06-05 11:28:00,1889.0,1893.85,1889.0,1893.05,252
2024-06-05 11:29:00,1893.05,1893.05,1887.05,1887.05,99
2024-06-05 11:30:00,1887.05,1889.65,1887.05,1889.65,34
2024-06-05 11:31:00,1889.65,1889.95,1889.65,1889.95,5
2024-06-05 11:32:00,1889.95,1889.95,1889.8,1889.8,1
2024-06-05 11:33:00,1887.25,1887.25,1885.2,1885.2,9
2024-06-05 11:34:00,1885.2,1889.2,1885.2,1886.6,10
2024-06-05 11:35:00,1886.6,1888.9,1886.35,1888.9,36
2024-06-05 11:36:00,1888.9,1890.0,1888.9,1890.0,12
2024-06-05 11:37:00,1891.95,1891.95,1890.45,1890.55,155
2024-06-05 11:38:00,1890.55,1893.55,1890.55,1893.55,20
2024-06-05 11:39:00,1893.55,1893.55,1889.0,1889.0,344
2024-06-05 11:40:00,1889.0,1889.0,1886.85,1889.0,19
2024-06-05 11:41:00,1889.0,1889.0,1887.95,1887.95,1
2024-06-05 11:42:00,1887.95,1889.0,1886.0,1886.65,190
2024-06-05 11:43:00,1886.65,1888.95,1886.25,1888.95,54
2024-06-05 11:44:00,1888.95,1888.95,1886.75,1886.75,37
2024-06-05 11:45:00,1886.75,1886.75,1884.0,1884.0,31
2024-06-05 11:46:00,1884.0,1884.0,1884.0,1884.0,46
2024-06-05 11:47:00,1888.9,1889.0,1888.9,1889.0,5
2024-06-05 11:48:00,1889.0,1889.0,1888.95,1888.95,7
2024-06-05 11:49:00,1884.0,1885.45,1882.0,1883.8,166
2024-06-05 11:50:00,1883.8,1883.8,1879.45,1879.45,25
2024-06-05 11:51:00,1879.45,1879.45,1877.9,1879.45,52
2024-06-05 11:52:00,1879.45,1879.45,1879.35,1879.35,20
2024-06-05 11:53:00,1877.9,1886.0,1877.9,1883.35,1242
2024-06-05 11:54:00,1883.35,1885.6,1883.35,1885.45,2
2024-06-05 11:55:00,1885.45,1885.75,1883.75,1883.75,30
2024-06-05 11:56:00,1883.75,1885.45,1883.75,1885.45,52
2024-06-05 11:57:00,1885.45,1885.45,1883.8,1883.8,2
2024-06-05 11:58:00,1883.8,1885.45,1883.8,1885.1,1
2024-06-05 11:59:00,1886.15,1890.0,1886.15,1890.0,556
2024-06-05 12:00:00,1887.95,1890.95,1887.95,1890.95,143
2024-06-05 12:01:00,1890.95,1894.0,1890.05,1890.05,89
2024-06-05 12:02:00,1890.05,1893.0,1890.05,1891.8,55
2024-06-05 12:03:00,1891.8,1893.0,1890.75,1890.75,23
2024-06-05 12:04:00,1890.75,1894.0,1890.75,1894.0,43
2024-06-05 12:05:00,1894.0,1894.0,1890.35,1891.95,69
2024-06-05 12:06:00,1891.95,1893.0,1891.95,1892.0,47
2024-06-05 12:07:00,1892.0,1892.0,1890.1,1890.15,30
2024-06-05 12:08:00,1890.15,1890.15,1890.15,1890.15,0
2024-06-05 12:09:00,1890.15,1890.2,1889.75,1889.75,92
2024-06-05 12:10:00,1889.75,1889.75,1888.0,1888.0,21
2024-06-05 12:11:00,1888.0,1888.0,1888.0,1888.0,14
2024-06-05 12:12:00,1890.4,1890.4,1889.75,1889.75,9
2024-06-05 12:13:00,1889.75,1891.0,1889.75,1891.0,2
2024-06-05 12:14:00,1891.0,1891.0,1891.0,1891.0,0
2024-06-05 12:15:00,1891.0,1895.0,1891.0,1895.0,201
2024-06-05 12:16:00,1895.0,1895.0,1893.15,1893.15,60
2024-06-05 12:17:00,1893.15,1895.0,1893.15,1895.0,10
2024-06-05 12:18:00,1895.0,1896.0,1895.0,1896.0,219
2024-06-05 12:19:00,1896.0,1896.6,1893.75,1893.75,31
2024-06-05 12:20:00,1892.7,1894.4,1892.25,1894.05,54
2024-06-05 12:21:00,1894.05,1894.05,1894.05,1894.05,0
2024-06-05 12:22:00,1894.05,1894.05,1890.7,1890.7,77
2024-06-05 12:23:00,1890.7,1891.8,1890.7,1891.8,1
2024-06-05 12:24:00,1891.35,1891.8,1890.0,1890.05,12
2024-06-05 12:25:00,1890.05,1892.4,1890.0,1892.4,67
2024-06-05 12:26:00,1892.9,1893.75,1892.9,1893.75,15
2024-06-05 12:27:00,1893.75,1893.75,1893.75,1893.75,0
2024-06-05 12:28:00,1893.75,1893.75,1893.05,1893.05,11
2024-06-05 12:29:00,1895.3,1895.85,1895.3,1895.85,9
2024-06-05 12:30:00,1895.85,1896.0,1891.5,1893.7,97
2024-06-05 12:31:00,1893.7,1894.05,1893.7,1893.7,83
2024-06-05 12:32:00,1893.7,1896.0,1893.7,1896.0,11
2024-06-05 12:33:00,1896.0,1896.0,1896.0,1896.0,5
2024-06-05 12:34:00,1896.0,1896.0,1894.0,1894.0,1
2024-06-05 12:35:00,1894.0,1894.0,1894.0,1894.0,0
2024-06-05 12:36:00,1894.0,1894.0,1893.2,1893.2,40
2024-06-05 12:37:00,1893.2,1898.0,1893.2,1898.0,236
2024-06-05 12:38:00,1898.0,1898.0,1898.0,1898.0,0
2024-06-05 12:39:00,1898.0,1898.0,1896.15,1896.15,5
2024-06-05 12:40:00,1896.15,1896.15,1896.15,1896.15,0
2024-06-05 12:41:00,1896.15,1897.9,1896.0,1896.25,62
2024-06-05 12:42:00,1896.25,1896.25,1893.75,1893.75,1
2024-06-05 12:43:00,1893.9,1893.9,1893.9,1893.9,1
2024-06-05 12:44:00,1893.9,1893.95,1893.9,1893.95,10
2024-06-05 12:45:00,1893.95,1896.45,1893.95,1896.45,1
2024-06-05 12:46:00,1896.45,1896.45,1895.6,1895.6,1
2024-06-05 12:47:00,1895.6,1895.6,1895.4,1895.4,4
2024-06-05 12:48:00,1895.4,1895.4,1892.65,1892.65,5
2024-06-05 12:49:00,1895.2,1895.2,1894.45,1894.45,126
2024-06-05 12:50:00,1894.45,1894.45,1894.45,1894.45,0
2024-06-05 12:51:00,1894.45,1895.4,1894.45,1895.4,4
2024-06-05 12:52:00,1895.4,1895.4,1895.4,1895.4,0
2024-06-05 12:53:00,1895.4,1895.4,1894.1,1894.1,55
2024-06-05 12:54:00,1894.1,1894.1,1894.1,1894.1,6
2024-06-05 12:55:00,1894.1,1894.1,1894.1,1894.1,12
2024-06-05 12:56:00,1894.1,1897.0,1894.1,1897.0,161
2024-06-05 12:57:00,1897.0,1897.0,1895.4,1897.0,24
2024-06-05 12:58:00,1897.0,1897.0,1897.0,1897.0,3
2024-06-05 12:59:00,1897.0,1898.0,1897.0,1897.05,38
2024-06-05 13:00:00,1897.05,1897.9,1897.05,1897.9,34
2024-06-05 13:01:00,1897.9,1897.9,1897.0,1897.0,76
2024-06-05 13:02:00,1897.0,1897.0,1896.9,1897.0,17
2024-06-05 13:03:00,1897.0,1897.0,1897.0,1897.0,6
2024-06-05 13:04:00,1897.0,1898.8,1897.0,1897.1,16
2024-06-05 13:05:00,1897.1,1899.0,1897.1,1899.0,5
2024-06-05 13:06:00,1899.0,1899.0,1897.3,1898.95,81
2024-06-05 13:07:00,1898.95,1899.0,1898.95,1899.0,1
2024-06-05 13:08:00,1899.0,1899.0,1897.5,1897.5,59
2024-06-05 13:09:00,1897.5,1897.75,1897.5,1897.75,6
2024-06-05 13:10:00,1897.75,1897.75,1897.25,1897.25,80
2024-06-05 13:11:00,1897.25,1897.25,1897.25,1897.25,5
2024-06-05 13:12:00,1897.25,1897.25,1896.55,1896.55,82
2024-06-05 13:13:00,1896.55,1896.55,1896.55,1896.55,0
2024-06-05 13:14:00,1896.55,1896.55,1895.15,1895.15,25
2024-06-05 13:15:00,1895.15,1895.15,1894.1,1894.1,196
2024-06-05 13:16:00,1894.1,1894.1,1894.0,1894.0,5
2024-06-05 13:17:00,1894.0,1894.0,1890.0,1890.0,168
2024-06-05 13:18:00,1890.0,1890.0,1890.0,1890.0,1
2024-06-05 13:19:00,1890.0,1892.2,1890.0,1892.2,5
2024-06-05 13:20:00,1892.2,1894.0,1892.05,1894.0,30
2024-06-05 13:21:00,1894.0,1895.95,1894.0,1894.2,59
2024-06-05 13:22:00,1894.2,1896.9,1894.15,1896.9,11
2024-06-05 13:23:00,1896.9,1897.9,1895.75,1897.9,73
2024-06-05 13:24:00,1897.9,1897.9,1894.0,1894.0,68
2024-06-05 13:25:00,1894.0,1895.55,1894.0,1895.55,3
2024-06-05 13:26:00,1895.55,1898.2,1895.55,1895.7,9
2024-06-05 13:27:00,1895.7,1895.7,1892.2,1892.2,31
2024-06-05 13:28:00,1892.2,1892.35,1890.1,1892.35,152
2024-06-05 13:29:00,1892.35,1895.5,1892.35,1895.5,15
2024-06-05 13:30:00,1893.65,1896.0,1893.65,1896.0,23
2024-06-05 13:31:00,1896.0,1896.15,1896.0,1896.15,2
2024-06-05 13:32:00,1896.15,1896.9,1896.15,1896.9,5
2024-06-05 13:33:00,1896.9,1896.9,1896.9,1896.9,7
2024-06-05 13:34:00,1896.9,1898.85,1896.0,1896.0,99
2024-06-05 13:35:00,1896.0,1896.7,1895.1,1896.7,33
2024-06-05 13:36:00,1896.7,1897.4,1894.0,1894.0,29
2024-06-05 13:37:00,1894.0,1898.6,1893.95,1898.6,58
2024-06-05 13:38:00,1898.6,1899.0,1898.6,1899.0,5
2024-06-05 13:39:00,1899.0,1899.0,1899.0,1899.0,4
2024-06-05 13:40:00,1899.0,1899.6,1899.0,1899.0,33
2024-06-05 13:41:00,1899.0,1899.7,1897.75,1899.7,27
2024-06-05 13:42:00,1899.7,1899.7,1897.75,1897.75,40
2024-06-05 13:43:00,1897.75,1897.75,1897.75,1897.75,0
2024-06-05 13:44:00,1897.75,1897.9,1896.2,1896.2,70
2024-06-05 13:45:00,1896.2,1896.2,1896.2,1896.2,0
2024-06-05 13:46:00,1896.2,1896.25,1896.2,1896.25,1
2024-06-05 13:47:00,1896.25,1897.8,1895.0,1895.0,56
2024-06-05 13:48:00,1895.0,1895.0,1892.7,1892.7,6
2024-06-05 13:49:00,1892.7,1895.75,1892.7,1895.75,70
2024-06-05 13:50:00,1895.75,1895.85,1894.25,1894.25,7
2024-06-05 13:51:00,1894.25,1897.95,1894.25,1897.9,61
2024-06-05 13:52:00,1897.9,1899.7,1897.9,1899.7,4
2024-06-05 13:53:00,1899.7,1899.7,1897.75,1897.75,1
2024-06-05 13:54:00,1897.75,1899.7,1897.75,1899.7,12
2024-06-05 13:55:00,1899.7,1899.7,1899.65,1899.65,10
2024-06-05 13:56:00,1899.65,1899.65,1899.65,1899.65,0
2024-06-05 13:57:00,1899.65,1899.7,1899.65,1899.7,34
2024-06-05 13:58:00,1899.7,1899.7,1898.15,1898.15,6
2024-06-05 13:59:00,1898.15,1898.15,1896.3,1896.3,21
2024-06-05 14:00:00,1896.3,1896.7,1896.3,1896.45,4
2024-06-05 14:01:00,1896.45,1896.45,1895.2,1895.2,22
2024-06-05 14:02:00,1895.2,1895.2,1895.2,1895.2,0
2024-06-05 14:03:00,1895.2,1900.0,1895.2,1900.0,600
2024-06-05 14:04:00,1900.0,1905.0,1900.0,1904.05,85
2024-06-05 14:05:00,1904.05,1904.05,1903.25,1903.25,52
2024-06-05 14:06:00,1903.25,1905.0,1903.25,1905.0,4
2024-06-05 14:07:00,1905.0,1905.0,1903.8,1903.8,84
2024-06-05 14:08:00,1903.85,1905.0,1903.85,1905.0,4
2024-06-05 14:09:00,1905.0,1905.0,1905.0,1905.0,15
2024-06-05 14:10:00,1905.0,1905.0,1904.15,1905.0,7
2024-06-05 14:11:00,1905.0,1905.0,1899.0,1901.3,641
2024-06-05 14:12:00,1901.3,1901.3,1901.25,1901.25,17
2024-06-05 14:13:00,1901.25,1901.25,1901.25,1901.25,0
2024-06-05 14:14:00,1901.25,1901.25,1900.95,1900.95,3
2024-06-05 14:15:00,1900.95,1901.35,1899.1,1899.1,33
2024-06-05 14:16:00,1899.1,1904.9,1899.1,1903.65,234
2024-06-05 14:17:00,1899.65,1907.8,1899.65,1907.8,207
2024-06-05 14:18:00,1907.8,1908.9,1906.7,1908.05,54
2024-06-05 14:19:00,1908.05,1909.5,1908.0,1909.5,71
2024-06-05 14:20:00,1909.5,1909.5,1908.0,1908.0,47
2024-06-05 14:21:00,1908.0,1912.45,1908.0,1912.45,136
2024-06-05 14:22:00,1912.45,1915.0,1911.15,1911.15,31
2024-06-05 14:23:00,1911.15,1911.15,1910.0,1910.0,10
2024-06-05 14:24:00,1910.0,1913.75,1909.25,1912.8,91
2024-06-05 14:25:00,1912.7,1914.45,1911.0,1911.1,62
2024-06-05 14:26:00,1911.1,1913.0,1911.1,1913.0,37
2024-06-05 14:27:00,1913.0,1913.25,1913.0,1913.25,80
2024-06-05 14:28:00,1913.25,1913.25,1912.0,1912.0,13
2024-06-05 14:29:00,1912.0,1913.9,1912.0,1913.9,7
2024-06-05 14:30:00,1914.8,1915.0,1912.0,1913.05,57
2024-06-05 14:31:00,1913.05,1913.05,1912.0,1912.0,13
2024-06-05 14:32:00,1912.0,1915.0,1911.15,1915.0,229
2024-06-05 14:33:00,1915.0,1915.0,1913.05,1913.05,5
2024-06-05 14:34:00,1913.05,1914.0,1913.05,1914.0,4
2024-06-05 14:35:00,1914.0,1914.4,1912.45,1912.45,60
2024-06-05 14:36:00,1912.45,1924.7,1912.1,1924.25,571
2024-06-05 14:37:00,1924.25,1924.25,1915.95,1918.0,89
2024-06-05 14:38:00,1918.0,1918.0,1912.05,1912.05,81
2024-06-05 14:39:00,1912.05,1914.8,1912.0,1914.0,60
2024-06-05 14:40:00,1914.0,1915.9,1914.0,1915.9,3
2024-06-05 14:41:00,1915.9,1918.9,1915.9,1918.55,17
2024-06-05 14:42:00,1918.55,1919.35,1916.0,1916.4,166
2024-06-05 14:43:00,1916.4,1918.9,1916.0,1916.0,132
2024-06-05 14:44:00,1916.0,1916.0,1915.0,1915.0,86
2024-06-05 14:45:00,1915.0,1915.0,1915.0,1915.0,2
2024-06-05 14:46:00,1915.0,1915.0,1912.45,1914.9,15
2024-06-05 14:47:00,1914.9,1920.75,1914.9,1920.75,140
2024-06-05 14:48:00,1920.75,1925.0,1920.75,1925.0,572
2024-06-05 14:49:00,1925.0,1929.0,1925.0,1929.0,98
2024-06-05 14:50:00,1929.0,1930.0,1924.7,1924.7,184
2024-06-05 14:51:00,1924.7,1929.2,1924.7,1927.0,116
2024-06-05 14:52:00,1927.0,1928.85,1927.0,1927.0,27
2024-06-05 14:53:00,1923.15,1925.05,1921.15,1921.15,187
2024-06-05 14:54:00,1921.15,1922.35,1917.05,1922.35,38
2024-06-05 14:55:00,1922.35,1927.95,1922.35,1927.95,154
2024-06-05 14:56:00,1927.95,1928.0,1924.8,1928.0,177
2024-06-05 14:57:00,1928.0,1928.0,1923.3,1927.45,321
2024-06-05 14:58:00,1927.45,1930.0,1927.45,1929.0,643
2024-06-05 14:59:00,1929.0,1930.9,1929.0,1930.6,198
2024-06-05 15:00:00,1930.6,1937.0,1930.6,1935.85,807
2024-06-05 15:01:00,1935.85,1935.95,1932.8,1932.8,228
2024-06-05 15:02:00,1932.8,1934.6,1930.5,1931.1,307
2024-06-05 15:03:00,1931.1,1933.15,1926.15,1933.15,668
2024-06-05 15:04:00,1932.9,1933.1,1928.0,1933.0,295
2024-06-05 15:05:00,1933.0,1934.05,1931.85,1931.85,295
2024-06-05 15:06:00,1931.85,1935.85,1931.85,1933.0,373
2024-06-05 15:07:00,1933.0,1936.0,1933.0,1935.8,202
2024-06-05 15:08:00,1935.8,1935.9,1935.2,1935.8,170
2024-06-05 15:09:00,1935.8,1935.85,1932.7,1934.65,222
2024-06-05 15:10:00,1934.65,1935.9,1932.45,1935.1,219
2024-06-05 15:11:00,1935.1,1935.7,1927.0,1932.35,425
2024-06-05 15:12:00,1932.35,1935.95,1930.85,1934.5,367
2024-06-05 15:13:00,1933.9,1935.9,1932.4,1932.4,82
2024-06-05 15:14:00,1932.4,1934.9,1932.4,1934.0,300
2024-06-05 15:15:00,1934.0,1934.0,1930.85,1932.4,247
2024-06-05 15:16:00,1932.4,1932.4,1924.35,1931.9,666
2024-06-05 15:17:00,1931.9,1934.0,1928.7,1934.0,353
2024-06-05 15:18:00,1934.0,1934.0,1929.75,1933.85,366
2024-06-05 15:19:00,1930.1,1933.95,1930.1,1933.9,170
2024-06-05 15:20:00,1933.75,1933.75,1921.75,1924.9,631
2024-06-05 15:21:00,1925.2,1928.25,1921.6,1923.9,76
2024-06-05 15:22:00,1921.0,1923.6,1915.15,1915.15,338
2024-06-05 15:23:00,1915.15,1918.75,1915.15,1918.0,72
2024-06-05 15:24:00,1918.0,1923.7,1918.0,1921.05,184
2024-06-05 15:25:00,1921.05,1924.0,1921.05,1922.6,160
2024-06-05 15:26:00,1915.0,1918.25,1915.0,1918.2,128
2024-06-05 15:27:00,1918.2,1920.6,1916.9,1919.95,57
2024-06-05 15:28:00,1917.0,1920.0,1917.0,1917.1,60
2024-06-05 15:29:00,1917.1,1935.95,1917.1,1935.95,300
2024-06-06 09:15:00,1950.0,1950.0,1940.0,1944.7,230
2024-06-06 09:16:00,1944.7,1945.5,1940.05,1942.75,117
2024-06-06 09:17:00,1942.75,1943.7,1939.95,1942.75,299
2024-06-06 09:18:00,1942.75,1950.0,1942.75,1950.0,113
2024-06-06 09:19:00,1950.0,1950.0,1944.45,1948.75,201
2024-06-06 09:20:00,1948.75,1948.75,1945.35,1948.0,124
2024-06-06 09:21:00,1948.0,1948.0,1945.4,1947.5,45
2024-06-06 09:22:00,1947.5,1947.5,1944.3,1944.3,105
2024-06-06 09:23:00,1944.3,1948.05,1944.3,1947.8,89
2024-06-06 09:24:00,1947.8,1949.4,1945.95,1947.15,116
2024-06-06 09:25:00,1947.15,1949.7,1947.0,1947.6,77
2024-06-06 09:26:00,1948.55,1948.55,1945.0,1946.0,108
2024-06-06 09:27:00,1944.15,1945.9,1944.15,1945.9,157
2024-06-06 09:28:00,1943.0,1949.0,1942.75,1949.0,302
2024-06-06 09:29:00,1949.0,1949.0,1947.0,1949.0,69
2024-06-06 09:30:00,1949.0,1949.0,1944.0,1944.0,907
2024-06-06 09:31:00,1944.0,1949.0,1944.0,1949.0,193
2024-06-06 09:32:00,1949.0,1949.0,1945.2,1947.45,63
2024-06-06 09:33:00,1947.45,1947.45,1947.0,1947.0,19
2024-06-06 09:34:00,1947.0,1947.0,1944.3,1944.3,4
2024-06-06 09:35:00,1944.3,1946.6,1944.0,1944.0,24
2024-06-06 09:36:00,1944.0,1944.0,1940.0,1940.75,320
2024-06-06 09:37:00,1940.75,1945.5,1940.75,1945.5,115
2024-06-06 09:38:00,1945.5,1945.5,1942.85,1942.95,18
2024-06-06 09:39:00,1942.95,1944.7,1942.95,1944.7,21
2024-06-06 09:40:00,1944.7,1944.7,1941.45,1943.4,96
2024-06-06 09:41:00,1945.0,1945.8,1944.7,1945.8,48
2024-06-06 09:42:00,1945.8,1948.95,1944.85,1948.95,515
2024-06-06 09:43:00,1948.95,1948.95,1944.9,1945.9,221
2024-06-06 09:44:00,1945.9,1947.05,1944.85,1945.3,73
2024-06-06 09:45:00,1945.3,1948.5,1945.3,1948.5,67
2024-06-06 09:46:00,1948.5,1948.5,1946.1,1946.1,31
2024-06-06 09:47:00,1946.1,1947.65,1946.1,1947.65,8
2024-06-06 09:48:00,1947.65,1947.65,1946.55,1946.55,5
2024-06-06 09:49:00,1946.1,1947.35,1945.1,1947.1,110
2024-06-06 09:50:00,1947.1,1947.15,1945.05,1947.1,13
2024-06-06 09:51:00,1947.1,1947.15,1945.1,1945.45,68
2024-06-06 09:52:00,1947.15,1947.6,1947.0,1947.0,67
2024-06-06 09:53:00,1947.15,1965.0,1947.15,1962.85,2034
2024-06-06 09:54:00,1962.85,1963.65,1959.75,1960.8,111
2024-06-06 09:55:00,1960.8,1960.85,1958.25,1960.8,87
2024-06-06 09:56:00,1960.8,1964.95,1959.7,1964.95,152
2024-06-06 09:57:00,1964.95,1964.95,1960.65,1960.65,143
2024-06-06 09:58:00,1960.65,1962.35,1960.65,1960.65,60
2024-06-06 09:59:00,1960.65,1961.0,1960.0,1961.0,222
2024-06-06 10:00:00,1961.0,1962.35,1960.0,1962.35,393
2024-06-06 10:01:00,1962.35,1964.7,1962.35,1964.7,356
2024-06-06 10:02:00,1964.7,1964.7,1962.2,1963.6,121
2024-06-06 10:03:00,1963.6,1963.6,1960.85,1962.0,131
2024-06-06 10:04:00,1962.0,1964.7,1962.0,1964.7,42
2024-06-06 10:05:00,1964.7,1964.7,1961.35,1963.55,191
2024-06-06 10:06:00,1964.15,1976.0,1962.15,1973.65,1864
2024-06-06 10:07:00,1973.65,1973.65,1967.35,1969.95,189
2024-06-06 10:08:00,1967.5,1970.05,1967.5,1968.25,293
2024-06-06 10:09:00,1968.25,1971.9,1968.25,1970.0,372
2024-06-06 10:10:00,1971.9,1971.9,1969.65,1970.1,107
2024-06-06 10:11:00,1970.1,1971.85,1968.8,1971.05,33
2024-06-06 10:12:00,1971.05,1972.0,1969.8,1969.8,45
2024-06-06 10:13:00,1969.8,1970.25,1968.8,1968.8,41
2024-06-06 10:14:00,1968.8,1970.7,1968.75,1970.7,4
2024-06-06 10:15:00,1970.7,1974.0,1970.0,1974.0,122
2024-06-06 10:16:00,1974.0,1974.0,1971.05,1973.7,102
2024-06-06 10:17:00,1973.7,1973.95,1971.5,1973.95,63
2024-06-06 10:18:00,1973.95,1973.95,1969.65,1972.7,627
2024-06-06 10:19:00,1972.7,1972.7,1970.0,1970.05,119
2024-06-06 10:20:00,1970.05,1972.05,1970.0,1970.0,45
2024-06-06 10:21:00,1970.0,1971.95,1970.0,1970.0,204
2024-06-06 10:22:00,1970.0,1972.0,1970.0,1970.0,302
2024-06-06 10:23:00,1970.0,1973.15,1970.0,1972.05,132
2024-06-06 10:24:00,1972.05,1972.05,1970.2,1970.2,3
2024-06-06 10:25:00,1970.2,1971.0,1970.0,1971.0,80
2024-06-06 10:26:00,1970.0,1972.6,1970.0,1971.6,172
2024-06-06 10:27:00,1971.6,1972.6,1971.45,1972.6,20
2024-06-06 10:28:00,1972.6,1972.6,1971.05,1971.05,6
2024-06-06 10:29:00,1971.05,1972.6,1971.0,1971.0,113
2024-06-06 10:30:00,1971.0,1971.95,1970.0,1970.1,66
2024-06-06 10:31:00,1970.1,1970.5,1970.0,1970.5,36
2024-06-06 10:32:00,1970.5,1971.35,1969.5,1970.7,126
2024-06-06 10:33:00,1970.7,1970.7,1969.6,1970.0,71
2024-06-06 10:34:00,1970.0,1971.75,1970.0,1971.75,26
2024-06-06 10:35:00,1970.05,1972.45,1970.0,1972.0,79
2024-06-06 10:36:00,1972.0,1972.0,1971.5,1971.5,19
2024-06-06 10:37:00,1971.5,1972.0,1971.5,1972.0,10
2024-06-06 10:38:00,1972.0,1972.7,1972.0,1972.7,59
2024-06-06 10:39:00,1971.85,1973.8,1971.05,1973.2,87
2024-06-06 10:40:00,1973.95,1973.95,1971.0,1971.0,221
2024-06-06 10:41:00,1971.0,1972.65,1970.65,1972.55,54
2024-06-06 10:42:00,1972.55,1972.6,1971.1,1972.6,14
2024-06-06 10:43:00,1972.6,1972.6,1971.25,1972.5,35
2024-06-06 10:44:00,1972.5,1973.0,1971.4,1972.0,53
2024-06-06 10:45:00,1972.0,1973.0,1972.0,1973.0,30
2024-06-06 10:46:00,1973.0,1973.95,1973.0,1973.95,10
2024-06-06 10:47:00,1973.95,1973.95,1971.1,1971.1,36
2024-06-06 10:48:00,1971.1,1973.0,1971.1,1973.0,73
2024-06-06 10:49:00,1973.0,1973.0,1971.15,1971.15,87
2024-06-06 10:50:00,1971.15,1973.0,1971.15,1973.0,3
2024-06-06 10:51:00,1973.0,1973.0,1971.05,1971.05,12
2024-06-06 10:52:00,1971.05,1972.95,1971.05,1972.95,2
2024-06-06 10:53:00,1972.95,1972.95,1972.0,1972.95,16
2024-06-06 10:54:00,1972.95,1972.95,1972.0,1972.0,27
2024-06-06 10:55:00,1972.0,1972.0,1970.0,1970.0,39
2024-06-06 10:56:00,1970.0,1971.45,1970.0,1970.0,141
2024-06-06 10:57:00,1970.0,1970.0,1970.0,1970.0,29
2024-06-06 10:58:00,1970.0,1971.0,1970.0,1971.0,18
2024-06-06 10:59:00,1971.7,1972.9,1971.35,1972.9,90
2024-06-06 11:00:00,1972.9,1972.9,1971.2,1972.85,3
2024-06-06 11:01:00,1972.85,1973.0,1972.85,1973.0,175
2024-06-06 11:02:00,1973.0,1973.0,1973.0,1973.0,0
2024-06-06 11:03:00,1973.0,1973.0,1972.0,1972.0,1
2024-06-06 11:04:00,1972.0,1972.0,1970.1,1972.0,4
2024-06-06 11:05:00,1972.0,1972.0,1972.0,1972.0,4
2024-06-06 11:06:00,1972.0,1972.0,1970.5,1970.5,16
2024-06-06 11:07:00,1970.5,1970.5,1970.0,1970.0,76
2024-06-06 11:08:00,1970.0,1971.2,1970.0,1970.05,185
2024-06-06 11:09:00,1970.05,1970.05,1970.05,1970.05,17
2024-06-06 11:10:00,1970.05,1971.65,1970.0,1971.65,16
2024-06-06 11:11:00,1971.65,1971.65,1971.65,1971.65,0
2024-06-06 11:12:00,1972.0,1972.0,1970.0,1970.0,263
2024-06-06 11:13:00,1970.0,1971.2,1970.0,1970.0,141
2024-06-06 11:14:00,1970.95,1971.25,1970.0,1970.0,135
2024-06-06 11:15:00,1970.0,1970.0,1970.0,1970.0,0
2024-06-06 11:16:00,1970.0,1971.45,1970.0,1970.0,87
2024-06-06 11:17:00,1970.0,1971.35,1970.0,1971.35,26
2024-06-06 11:18:00,1972.0,1972.0,1971.5,1971.5,45
2024-06-06 11:19:00,1971.5,1971.5,1970.05,1970.05,30
2024-06-06 11:20:00,1971.45,1971.45,1971.45,1971.45,10
2024-06-06 11:21:00,1971.45,1971.45,1970.05,1970.05,8
2024-06-06 11:22:00,1970.05,1971.4,1970.0,1971.35,28
2024-06-06 11:23:00,1971.35,1971.45,1971.35,1971.45,22
2024-06-06 11:24:00,1971.45,1971.45,1969.85,1971.2,80
2024-06-06 11:25:00,1971.2,1971.4,1970.0,1971.4,22
2024-06-06 11:26:00,1971.4,1971.5,1971.0,1971.0,29
2024-06-06 11:27:00,1971.5,1972.1,1971.5,1972.1,159
2024-06-06 11:28:00,1972.1,1973.0,1972.1,1973.0,18
2024-06-06 11:29:00,1973.0,1973.0,1971.0,1972.95,48
2024-06-06 11:30:00,1972.95,1972.95,1970.0,1970.0,82
2024-06-06 11:31:00,1970.0,1972.15,1970.0,1971.05,8
2024-06-06 11:32:00,1971.05,1972.3,1970.0,1970.0,48
2024-06-06 11:33:00,1970.0,1971.9,1970.0,1971.4,39
2024-06-06 11:34:00,1971.4,1971.4,1970.0,1971.0,65
2024-06-06 11:35:00,1971.0,1971.15,1970.0,1970.0,29
2024-06-06 11:36:00,1970.0,1970.0,1970.0,1970.0,51
2024-06-06 11:37:00,1970.0,1970.0,1970.0,1970.0,57
2024-06-06 11:38:00,1970.0,1971.35,1970.0,1971.15,48
2024-06-06 11:39:00,1971.15,1971.15,1970.0,1970.0,781
2024-06-06 11:40:00,1970.0,1970.0,1970.0,1970.0,93
2024-06-06 11:41:00,1970.0,1971.15,1970.0,1970.05,50
2024-06-06 11:42:00,1970.05,1971.15,1970.0,1971.1,327
2024-06-06 11:43:00,1971.1,1971.1,1971.1,1971.1,0
2024-06-06 11:44:00,1971.1,1971.1,1970.0,1971.1,22
2024-06-06 11:45:00,1971.1,1971.3,1970.0,1971.3,37
2024-06-06 11:46:00,1971.3,1971.3,1970.0,1970.0,33
2024-06-06 11:47:00,1970.0,1970.5,1970.0,1970.0,144
2024-06-06 11:48:00,1970.0,1970.0,1970.0,1970.0,182
2024-06-06 11:49:00,1970.0,1971.0,1970.0,1971.0,462
2024-06-06 11:50:00,1970.0,1970.0,1970.0,1970.0,174
2024-06-06 11:51:00,1970.0,1970.0,1970.0,1970.0,59
2024-06-06 11:52:00,1970.0,1970.9,1970.0,1970.9,12
2024-06-06 11:53:00,1970.9,1970.9,1970.0,1970.0,10
2024-06-06 11:54:00,1970.0,1971.1,1970.0,1971.1,542
2024-06-06 11:55:00,1971.1,1973.0,1971.1,1973.0,241
2024-06-06 11:56:00,1973.0,1975.0,1973.0,1974.0,179
2024-06-06 11:57:00,1974.0,1974.0,1974.0,1974.0,5
2024-06-06 11:58:00,1974.0,1974.0,1972.35,1973.95,53
2024-06-06 11:59:00,1973.95,1973.95,1972.1,1973.75,20
2024-06-06 12:00:00,1973.75,1973.8,1973.75,1973.8,3
2024-06-06 12:01:00,1973.8,1973.9,1973.8,1973.9,8
2024-06-06 12:02:00,1973.9,1973.9,1969.0,1969.0,184
2024-06-06 12:03:00,1970.4,1971.2,1970.0,1971.2,13
2024-06-06 12:04:00,1971.2,1973.9,1970.0,1973.9,694
2024-06-06 12:05:00,1973.9,1973.9,1971.5,1971.5,22
2024-06-06 12:06:00,1971.5,1973.95,1971.5,1973.95,5
2024-06-06 12:07:00,1973.95,1973.95,1971.2,1971.2,47
2024-06-06 12:08:00,1971.2,1971.2,1970.95,1971.2,73
2024-06-06 12:09:00,1971.2,1973.75,1971.2,1973.75,15
2024-06-06 12:10:00,1973.75,1973.75,1970.55,1970.55,50
2024-06-06 12:11:00,1970.55,1973.4,1970.55,1971.1,10
2024-06-06 12:12:00,1971.1,1973.0,1971.1,1973.0,9
2024-06-06 12:13:00,1973.0,1973.0,1971.05,1973.0,4
2024-06-06 12:14:00,1973.0,1973.0,1971.0,1971.0,16
2024-06-06 12:15:00,1971.0,1971.05,1971.0,1971.05,2
2024-06-06 12:16:00,1971.05,1973.7,1971.05,1973.7,138
2024-06-06 12:17:00,1973.7,1973.7,1973.7,1973.7,0
2024-06-06 12:18:00,1973.7,1973.7,1972.0,1972.0,1
2024-06-06 12:19:00,1972.0,1972.9,1970.0,1971.75,168
2024-06-06 12:20:00,1971.75,1972.2,1971.75,1972.2,165
2024-06-06 12:21:00,1972.2,1972.95,1970.75,1972.95,36
2024-06-06 12:22:00,1972.95,1972.95,1972.9,1972.9,73
2024-06-06 12:23:00,1972.9,1972.9,1972.9,1972.9,0
2024-06-06 12:24:00,1972.9,1972.9,1972.9,1972.9,0
2024-06-06 12:25:00,1972.9,1972.95,1970.9,1972.95,116
2024-06-06 12:26:00,1972.95,1972.95,1970.9,1972.9,8
2024-06-06 12:27:00,1972.95,1972.95,1971.3,1971.3,28
2024-06-06 12:28:00,1971.3,1971.3,1970.0,1970.0,287
2024-06-06 12:29:00,1970.0,1971.0,1970.0,1971.0,50
2024-06-06 12:30:00,1971.0,1971.0,1970.0,1970.8,160
2024-06-06 12:31:00,1970.85,1970.85,1970.8,1970.8,31
2024-06-06 12:32:00,1970.8,1971.0,1970.8,1971.0,2
2024-06-06 12:33:00,1971.95,1971.95,1970.0,1971.95,138
2024-06-06 12:34:00,1971.95,1972.0,1971.95,1972.0,106
2024-06-06 12:35:00,1972.95,1972.95,1972.95,1972.95,40
2024-06-06 12:36:00,1972.95,1972.95,1972.9,1972.9,120
2024-06-06 12:37:00,1972.9,1972.9,1970.3,1970.3,5
2024-06-06 12:38:00,1970.3,1970.3,1970.3,1970.3,20
2024-06-06 12:39:00,1970.3,1973.7,1970.3,1973.7,168
2024-06-06 12:40:00,1973.7,1975.0,1970.25,1973.15,617
2024-06-06 12:41:00,1973.15,1973.15,1972.2,1972.2,10
2024-06-06 12:42:00,1972.2,1972.2,1972.0,1972.0,5
2024-06-06 12:43:00,1972.0,1974.4,1972.0,1974.4,3
2024-06-06 12:44:00,1974.4,1974.4,1974.35,1974.35,50
2024-06-06 12:45:00,1974.35,1974.35,1973.0,1973.0,3
2024-06-06 12:46:00,1973.0,1973.0,1970.65,1970.65,23
2024-06-06 12:47:00,1970.65,1972.25,1970.5,1971.9,22
2024-06-06 12:48:00,1971.9,1971.9,1970.0,1970.0,38
2024-06-06 12:49:00,1970.0,1970.15,1970.0,1970.15,9
2024-06-06 12:50:00,1970.15,1972.35,1970.15,1972.35,10
2024-06-06 12:51:00,1972.35,1972.35,1970.8,1972.3,62
2024-06-06 12:52:00,1972.3,1972.3,1970.65,1972.25,14
2024-06-06 12:53:00,1972.25,1972.25,1970.6,1970.6,2
2024-06-06 12:54:00,1970.6,1971.95,1970.6,1971.95,7
2024-06-06 12:55:00,1971.95,1971.95,1970.35,1970.35,16
2024-06-06 12:56:00,1970.35,1970.35,1970.0,1970.0,70
2024-06-06 12:57:00,1970.0,1970.0,1969.7,1969.7,47
2024-06-06 12:58:00,1969.7,1970.0,1969.7,1970.0,17
2024-06-06 12:59:00,1970.0,1972.3,1970.0,1972.0,32
2024-06-06 13:00:00,1972.0,1972.0,1970.0,1970.0,30
2024-06-06 13:01:00,1970.0,1970.05,1970.0,1970.05,1
2024-06-06 13:02:00,1970.0,1970.0,1970.0,1970.0,56
2024-06-06 13:03:00,1970.0,1970.0,1970.0,1970.0,127
2024-06-06 13:04:00,1970.0,1971.45,1970.0,1971.45,128
2024-06-06 13:05:00,1971.45,1971.95,1970.0,1970.0,63
2024-06-06 13:06:00,1970.0,1971.95,1970.0,1971.95,45
2024-06-06 13:07:00,1971.95,1971.95,1970.0,1970.05,39
2024-06-06 13:08:00,1970.05,1970.05,1970.0,1970.0,6
2024-06-06 13:09:00,1970.0,1971.75,1970.0,1970.0,66
2024-06-06 13:10:00,1970.0,1970.1,1970.0,1970.0,55
2024-06-06 13:11:00,1970.0,1971.9,1970.0,1971.9,288
2024-06-06 13:12:00,1971.9,1971.9,1970.05,1970.05,16
2024-06-06 13:13:00,1970.05,1971.9,1970.05,1970.1,15
2024-06-06 13:14:00,1970.1,1970.1,1970.1,1970.1,0
2024-06-06 13:15:00,1971.9,1971.9,1970.0,1970.0,43
2024-06-06 13:16:00,1970.0,1970.0,1970.0,1970.0,5
2024-06-06 13:17:00,1970.0,1971.85,1970.0,1971.85,9
2024-06-06 13:18:00,1971.85,1971.85,1970.05,1970.05,3
2024-06-06 13:19:00,1970.05,1970.05,1970.05,1970.05,0
2024-06-06 13:20:00,1970.05,1971.85,1970.05,1971.85,1
2024-06-06 13:21:00,1971.85,1972.0,1970.5,1970.5,39
2024-06-06 13:22:00,1970.5,1970.5,1970.0,1970.0,22
2024-06-06 13:23:00,1970.0,1971.95,1970.0,1970.0,57
2024-06-06 13:24:00,1970.0,1972.0,1970.0,1972.0,5
2024-06-06 13:25:00,1970.15,1970.15,1970.0,1970.0,17
2024-06-06 13:26:00,1970.0,1971.45,1970.0,1971.45,61
2024-06-06 13:27:00,1971.45,1972.0,1970.8,1970.8,157
2024-06-06 13:28:00,1970.8,1973.5,1970.8,1973.5,140
2024-06-06 13:29:00,1973.5,1973.5,1971.65,1971.65,97
2024-06-06 13:30:00,1973.45,1973.5,1973.45,1973.5,21
2024-06-06 13:31:00,1971.55,1972.85,1971.55,1972.85,18
2024-06-06 13:32:00,1972.85,1972.85,1972.85,1972.85,0
2024-06-06 13:33:00,1972.85,1972.85,1972.85,1972.85,0
2024-06-06 13:34:00,1972.85,1974.0,1972.85,1973.65,40
2024-06-06 13:35:00,1973.65,1973.65,1973.65,1973.65,0
2024-06-06 13:36:00,1973.65,1973.65,1971.95,1971.95,1
2024-06-06 13:37:00,1971.95,1973.65,1971.95,1973.65,4
2024-06-06 13:38:00,1973.65,1973.65,1973.65,1973.65,10
2024-06-06 13:39:00,1973.65,1974.0,1973.65,1974.0,50
2024-06-06 13:40:00,1974.0,1974.0,1974.0,1974.0,18
2024-06-06 13:41:00,1974.0,1974.0,1972.15,1974.0,7
2024-06-06 13:42:00,1974.1,1974.1,1974.1,1974.1,55
2024-06-06 13:43:00,1974.1,1974.1,1974.1,1974.1,0
2024-06-06 13:44:00,1974.1,1974.1,1974.1,1974.1,20
2024-06-06 13:45:00,1974.1,1974.1,1971.95,1971.95,22
2024-06-06 13:46:00,1971.95,1971.95,1971.9,1971.9,5
2024-06-06 13:47:00,1971.9,1973.55,1971.9,1973.55,2
2024-06-06 13:48:00,1973.55,1973.9,1971.85,1971.85,50
2024-06-06 13:49:00,1971.85,1971.85,1970.0,1971.0,298
2024-06-06 13:50:00,1971.0,1971.0,1970.05,1971.0,35
2024-06-06 13:51:00,1971.0,1971.0,1970.0,1970.0,4
2024-06-06 13:52:00,1970.0,1970.0,1970.0,1970.0,4
2024-06-06 13:53:00,1970.0,1970.0,1970.0,1970.0,11
2024-06-06 13:54:00,1970.0,1970.0,1970.0,1970.0,0
2024-06-06 13:55:00,1970.0,1970.0,1970.0,1970.0,118
2024-06-06 13:56:00,1970.0,1970.9,1970.0,1970.9,5
2024-06-06 13:57:00,1970.9,1972.95,1970.0,1971.3,106
2024-06-06 13:58:00,1971.3,1971.3,1971.3,1971.3,0
2024-06-06 13:59:00,1971.3,1971.85,1971.3,1971.85,10
2024-06-06 14:00:00,1971.85,1974.1,1971.8,1974.1,110
2024-06-06 14:01:00,1974.1,1974.1,1972.55,1972.55,31
2024-06-06 14:02:00,1972.55,1972.55,1971.1,1971.1,1
2024-06-06 14:03:00,1971.1,1971.1,1971.1,1971.1,0
2024-06-06 14:04:00,1971.1,1971.1,1971.1,1971.1,50
2024-06-06 14:05:00,1971.1,1972.7,1971.1,1972.7,13
2024-06-06 14:06:00,1972.7,1972.7,1972.0,1972.0,1
2024-06-06 14:07:00,1972.0,1972.0,1970.0,1970.0,118
2024-06-06 14:08:00,1970.0,1970.0,1970.0,1970.0,0
2024-06-06 14:09:00,1970.0,1970.25,1970.0,1970.0,34
2024-06-06 14:10:00,1970.0,1971.8,1970.0,1971.8,32
2024-06-06 14:11:00,1971.8,1971.8,1971.55,1971.55,2
2024-06-06 14:12:00,1971.55,1971.55,1971.55,1971.55,0
2024-06-06 14:13:00,1971.55,1971.55,1969.3,1969.3,45
2024-06-06 14:14:00,1971.4,1971.4,1970.0,1970.0,262
2024-06-06 14:15:00,1970.0,1971.45,1970.0,1971.45,3
2024-06-06 14:16:00,1971.45,1971.45,1971.45,1971.45,0
2024-06-06 14:17:00,1971.45,1971.45,1970.05,1970.05,2
2024-06-06 14:18:00,1970.05,1971.4,1970.0,1970.0,4
2024-06-06 14:19:00,1970.0,1970.0,1970.0,1970.0,0
2024-06-06 14:20:00,1970.0,1971.8,1970.0,1970.0,131
2024-06-06 14:21:00,1970.0,1971.15,1968.75,1968.75,66
2024-06-06 14:22:00,1968.75,1968.75,1968.75,1968.75,60
2024-06-06 14:23:00,1968.75,1970.0,1968.75,1970.0,72
2024-06-06 14:24:00,1970.0,1971.75,1970.0,1970.0,48
2024-06-06 14:25:00,1970.0,1971.8,1970.0,1971.8,48
2024-06-06 14:26:00,1971.8,1971.8,1970.9,1971.75,21
2024-06-06 14:27:00,1971.75,1971.8,1971.75,1971.8,16
2024-06-06 14:28:00,1971.8,1971.8,1970.05,1971.8,14
2024-06-06 14:29:00,1971.8,1971.8,1970.05,1970.05,1
2024-06-06 14:30:00,1970.0,1971.55,1969.15,1971.55,151
2024-06-06 14:31:00,1971.55,1971.55,1971.45,1971.55,14
2024-06-06 14:32:00,1971.55,1971.55,1970.0,1970.0,2
2024-06-06 14:33:00,1970.0,1970.0,1970.0,1970.0,8
2024-06-06 14:34:00,1970.0,1970.1,1970.0,1970.1,5
2024-06-06 14:35:00,1970.1,1971.5,1970.1,1970.15,8
2024-06-06 14:36:00,1970.15,1970.15,1970.15,1970.15,27
2024-06-06 14:37:00,1970.15,1971.25,1970.15,1971.25,7
2024-06-06 14:38:00,1971.25,1971.25,1970.0,1970.0,359
2024-06-06 14:39:00,1970.0,1970.0,1960.1,1962.15,278
2024-06-06 14:40:00,1962.15,1970.0,1962.15,1969.95,758
2024-06-06 14:41:00,1969.95,1970.0,1969.95,1970.0,333
2024-06-06 14:42:00,1970.0,1970.0,1970.0,1970.0,27
2024-06-06 14:43:00,1970.0,1971.0,1970.0,1971.0,7
2024-06-06 14:44:00,1971.0,1971.0,1971.0,1971.0,1
2024-06-06 14:45:00,1971.0,1971.0,1969.1,1969.1,200
2024-06-06 14:46:00,1969.1,1971.0,1969.1,1971.0,10
2024-06-06 14:47:00,1971.0,1971.0,1970.0,1971.0,13
2024-06-06 14:48:00,1971.0,1971.0,1970.05,1970.05,5
2024-06-06 14:49:00,1970.05,1971.5,1969.7,1970.0,447
2024-06-06 14:50:00,1970.0,1970.0,1969.9,1970.0,50
2024-06-06 14:51:00,1970.0,1970.0,1970.0,1970.0,0
2024-06-06 14:52:00,1970.0,1974.0,1970.0,1973.1,1139
2024-06-06 14:53:00,1973.1,1974.0,1973.1,1974.0,1
2024-06-06 14:54:00,1974.0,1974.0,1973.0,1973.9,56
2024-06-06 14:55:00,1973.9,1973.9,1971.95,1971.95,22
2024-06-06 14:56:00,1971.95,1972.95,1971.95,1972.95,1
2024-06-06 14:57:00,1972.95,1972.95,1971.25,1972.95,20
2024-06-06 14:58:00,1972.95,1972.95,1971.45,1971.5,24
2024-06-06 14:59:00,1971.5,1974.05,1971.5,1972.2,125
2024-06-06 15:00:00,1974.0,1974.0,1972.35,1972.55,33
2024-06-06 15:01:00,1972.55,1974.8,1972.55,1973.0,146
2024-06-06 15:02:00,1973.0,1974.2,1972.65,1973.0,22
2024-06-06 15:03:00,1973.0,1973.25,1971.6,1971.6,29
2024-06-06 15:04:00,1971.6,1971.6,1970.0,1970.0,178
2024-06-06 15:05:00,1970.0,1972.0,1970.0,1972.0,108
2024-06-06 15:06:00,1972.0,1973.65,1970.95,1973.65,130
2024-06-06 15:07:00,1973.65,1973.65,1971.5,1972.25,17
2024-06-06 15:08:00,1972.25,1972.9,1970.95,1972.9,45
2024-06-06 15:09:00,1972.95,1973.1,1971.0,1973.0,24
2024-06-06 15:10:00,1973.0,1973.0,1971.0,1973.0,66
2024-06-06 15:11:00,1973.0,1973.0,1973.0,1973.0,6
2024-06-06 15:12:00,1973.0,1973.0,1970.95,1970.95,149
2024-06-06 15:13:00,1970.95,1972.95,1970.95,1972.95,21
2024-06-06 15:14:00,1972.95,1972.95,1970.0,1970.0,285
2024-06-06 15:15:00,1970.0,1972.0,1970.0,1972.0,131
2024-06-06 15:16:00,1972.0,1972.0,1970.9,1971.9,22
2024-06-06 15:17:00,1971.9,1971.9,1970.0,1971.4,89
2024-06-06 15:18:00,1971.4,1972.35,1971.0,1971.1,241
2024-06-06 15:19:00,1971.1,1972.2,1970.0,1971.95,143
2024-06-06 15:20:00,1970.05,1971.4,1970.0,1970.25,419
2024-06-06 15:21:00,1970.0,1970.15,1970.0,1970.0,363
2024-06-06 15:22:00,1970.0,1970.25,1970.0,1970.1,211
2024-06-06 15:23:00,1970.1,1971.95,1970.05,1971.9,103
2024-06-06 15:24:00,1971.9,1971.9,1970.05,1970.15,125
2024-06-06 15:25:00,1970.15,1973.45,1970.15,1973.45,639
2024-06-06 15:26:00,1975.4,1975.95,1970.2,1970.8,887
2024-06-06 15:27:00,1970.8,1974.95,1970.8,1974.95,90
2024-06-06 15:28:00,1971.0,1974.95,1971.0,1974.1,33
2024-06-06 15:29:00,1974.55,1975.0,1972.3,1975.0,229
2024-06-07 09:15:00,1971.85,1975.95,1967.0,1967.0,224
2024-06-07 09:16:00,1967.0,1971.95,1961.7,1966.5,245
2024-06-07 09:17:00,1966.5,1968.8,1961.5,1962.1,301
2024-06-07 09:18:00,1962.1,1966.65,1962.1,1962.35,171
2024-06-07 09:19:00,1962.35,1968.0,1962.35,1965.0,117
2024-06-07 09:20:00,1965.0,1969.5,1965.0,1965.85,97
2024-06-07 09:21:00,1965.85,1969.95,1965.0,1969.95,58
2024-06-07 09:22:00,1971.65,1971.65,1971.0,1971.0,87
2024-06-07 09:23:00,1971.0,1971.0,1967.6,1967.65,9
2024-06-07 09:24:00,1967.65,1971.25,1965.0,1971.25,158
2024-06-07 09:25:00,1971.25,1972.4,1971.0,1971.0,84
2024-06-07 09:26:00,1972.4,1975.55,1972.4,1975.55,63
2024-06-07 09:27:00,1975.55,1975.95,1972.55,1972.55,62
2024-06-07 09:28:00,1975.55,1980.0,1975.55,1980.0,230
2024-06-07 09:29:00,1980.0,1982.95,1980.0,1982.95,206
2024-06-07 09:30:00,1982.95,1986.65,1981.5,1985.15,394
2024-06-07 09:31:00,1985.15,1985.15,1980.05,1980.05,64
2024-06-07 09:32:00,1980.05,1984.6,1977.0,1977.0,127
2024-06-07 09:33:00,1977.0,1977.0,1977.0,1977.0,0
2024-06-07 09:34:00,1978.0,1979.2,1977.5,1979.2,13
2024-06-07 09:35:00,1979.2,1979.2,1976.6,1978.1,100
2024-06-07 09:36:00,1978.1,1978.5,1978.1,1978.5,8
2024-06-07 09:37:00,1978.5,1978.5,1977.6,1978.0,19
2024-06-07 09:38:00,1978.0,1978.0,1976.05,1977.95,6
2024-06-07 09:39:00,1977.95,1979.2,1977.95,1979.15,56
2024-06-07 09:40:00,1979.15,1979.15,1975.55,1975.55,90
2024-06-07 09:41:00,1975.55,1977.5,1975.55,1975.55,7
2024-06-07 09:42:00,1975.55,1975.55,1975.55,1975.55,5
2024-06-07 09:43:00,1975.55,1978.25,1975.55,1976.35,22
2024-06-07 09:44:00,1976.35,1978.55,1976.05,1976.05,9
2024-06-07 09:45:00,1976.05,1976.05,1967.8,1967.8,236
2024-06-07 09:46:00,1967.8,1967.8,1967.05,1967.8,117
2024-06-07 09:47:00,1967.8,1970.0,1967.8,1968.05,22
2024-06-07 09:48:00,1968.05,1969.95,1968.05,1969.95,7
2024-06-07 09:49:00,1969.95,1970.0,1969.0,1969.0,30
2024-06-07 09:50:00,1969.0,1970.35,1969.0,1970.35,111
2024-06-07 09:51:00,1970.35,1970.35,1970.3,1970.3,2
2024-06-07 09:52:00,1970.3,1971.25,1970.0,1970.0,19
2024-06-07 09:53:00,1970.0,1971.85,1969.0,1969.0,49
2024-06-07 09:54:00,1969.0,1970.8,1969.0,1969.65,30
2024-06-07 09:55:00,1969.65,1973.0,1969.05,1973.0,125
2024-06-07 09:56:00,1973.0,1973.95,1971.9,1971.9,52
2024-06-07 09:57:00,1971.9,1976.05,1971.9,1976.05,30
2024-06-07 09:58:00,1976.05,1976.05,1974.05,1976.05,62
2024-06-07 09:59:00,1976.05,1976.05,1976.05,1976.05,4
2024-06-07 10:00:00,1976.05,1976.05,1976.05,1976.05,31
2024-06-07 10:01:00,1976.05,1978.0,1976.05,1978.0,135
2024-06-07 10:02:00,1978.0,1978.0,1978.0,1978.0,0
2024-06-07 10:03:00,1978.0,1978.9,1978.0,1978.9,44
2024-06-07 10:04:00,1978.9,1978.9,1975.0,1975.0,15
2024-06-07 10:05:00,1975.0,1976.15,1974.5,1976.15,11
2024-06-07 10:06:00,1976.15,1978.9,1976.15,1978.9,135
2024-06-07 10:07:00,1978.9,1978.9,1978.9,1978.9,0
2024-06-07 10:08:00,1978.9,1980.0,1977.3,1977.3,216
2024-06-07 10:09:00,1977.3,1980.2,1977.3,1980.2,2
2024-06-07 10:10:00,1980.2,1980.2,1976.8,1977.85,54
2024-06-07 10:11:00,1979.35,1980.95,1978.15,1980.95,40
2024-06-07 10:12:00,1980.95,1980.95,1980.0,1980.0,1
2024-06-07 10:13:00,1980.0,1980.0,1977.05,1977.05,63
2024-06-07 10:14:00,1977.05,1978.65,1975.9,1977.9,37
2024-06-07 10:15:00,1977.9,1977.9,1975.95,1976.65,11
2024-06-07 10:16:00,1976.65,1976.65,1976.65,1976.65,1
2024-06-07 10:17:00,1976.65,1978.25,1975.1,1977.25,27
2024-06-07 10:18:00,1977.25,1977.25,1977.25,1977.25,10
2024-06-07 10:19:00,1975.2,1976.85,1975.0,1976.85,60
2024-06-07 10:20:00,1976.85,1976.85,1976.0,1976.0,12
2024-06-07 10:21:00,1976.0,1976.0,1973.5,1973.5,49
2024-06-07 10:22:00,1973.5,1975.0,1973.5,1973.6,36
2024-06-07 10:23:00,1973.6,1973.6,1973.6,1973.6,1
2024-06-07 10:24:00,1973.6,1975.0,1973.6,1975.0,31
2024-06-07 10:25:00,1975.0,1975.7,1973.6,1975.7,84
2024-06-07 10:26:00,1975.7,1975.7,1975.7,1975.7,5
2024-06-07 10:27:00,1975.7,1975.7,1975.0,1975.7,27
2024-06-07 10:28:00,1975.0,1975.0,1975.0,1975.0,6
2024-06-07 10:29:00,1975.0,1976.0,1974.1,1974.1,72
2024-06-07 10:30:00,1974.1,1974.1,1974.1,1974.1,5
2024-06-07 10:31:00,1974.1,1975.95,1973.7,1973.7,36
2024-06-07 10:32:00,1973.7,1976.75,1973.7,1976.75,52
2024-06-07 10:33:00,1976.75,1976.75,1976.75,1976.75,16
2024-06-07 10:34:00,1976.75,1976.75,1976.75,1976.75,0
2024-06-07 10:35:00,1976.75,1976.75,1976.75,1976.75,0
2024-06-07 10:36:00,1976.75,1976.75,1976.75,1976.75,0
2024-06-07 10:37:00,1976.75,1976.75,1973.5,1973.5,68
2024-06-07 10:38:00,1973.5,1976.3,1973.5,1976.3,8
2024-06-07 10:39:00,1978.0,1978.0,1978.0,1978.0,6
2024-06-07 10:40:00,1978.0,1978.0,1978.0,1978.0,20
2024-06-07 10:41:00,1978.0,1978.0,1978.0,1978.0,0
2024-06-07 10:42:00,1978.0,1978.95,1977.1,1978.95,125
2024-06-07 10:43:00,1978.95,1978.95,1976.7,1976.7,43
2024-06-07 10:44:00,1976.7,1977.55,1976.7,1977.55,6
2024-06-07 10:45:00,1977.55,1979.85,1977.55,1979.85,1
2024-06-07 10:46:00,1979.85,1979.9,1979.85,1979.9,1
2024-06-07 10:47:00,1979.9,1979.9,1975.9,1975.9,146
2024-06-07 10:48:00,1975.9,1980.0,1975.65,1980.0,58
2024-06-07 10:49:00,1980.0,1980.0,1975.0,1975.0,61
2024-06-07 10:50:00,1975.0,1978.75,1975.0,1978.75,23
2024-06-07 10:51:00,1978.75,1979.0,1977.4,1977.4,35
2024-06-07 10:52:00,1977.4,1979.0,1977.0,1977.0,69
2024-06-07 10:53:00,1977.0,1977.0,1977.0,1977.0,5
2024-06-07 10:54:00,1977.0,1977.0,1974.3,1974.3,55
2024-06-07 10:55:00,1974.3,1977.0,1974.3,1977.0,101
2024-06-07 10:56:00,1977.0,1977.0,1974.65,1974.65,8
2024-06-07 10:57:00,1974.65,1976.6,1974.65,1976.6,8
2024-06-07 10:58:00,1976.6,1976.6,1975.0,1975.0,2
2024-06-07 10:59:00,1975.0,1975.0,1974.1,1974.1,18
2024-06-07 11:00:00,1974.1,1974.1,1973.05,1973.05,20
2024-06-07 11:01:00,1973.05,1975.6,1973.05,1975.6,5
2024-06-07 11:02:00,1975.6,1975.6,1975.6,1975.6,0
2024-06-07 11:03:00,1975.6,1976.0,1975.6,1975.7,22
2024-06-07 11:04:00,1975.7,1976.15,1974.25,1974.25,25
2024-06-07 11:05:00,1974.25,1976.95,1974.25,1976.95,7
2024-06-07 11:06:00,1976.95,1976.95,1973.95,1974.0,27
2024-06-07 11:07:00,1974.0,1974.0,1974.0,1974.0,0
2024-06-07 11:08:00,1974.0,1976.9,1974.0,1976.9,5
2024-06-07 11:09:00,1976.9,1977.0,1976.9,1977.0,37
2024-06-07 11:10:00,1977.0,1977.0,1977.0,1977.0,1
2024-06-07 11:11:00,1977.0,1977.0,1976.05,1976.05,34
2024-06-07 11:12:00,1976.05,1976.05,1975.75,1975.75,25
2024-06-07 11:13:00,1975.75,1975.85,1973.2,1973.2,112
2024-06-07 11:14:00,1973.2,1975.8,1973.2,1975.8,2
2024-06-07 11:15:00,1975.8,1975.8,1975.8,1975.8,8
2024-06-07 11:16:00,1973.35,1973.35,1973.35,1973.35,25
2024-06-07 11:17:00,1973.35,1973.35,1973.35,1973.35,0
2024-06-07 11:18:00,1973.35,1975.25,1973.35,1975.25,34
2024-06-07 11:19:00,1975.25,1975.45,1975.25,1975.25,3
2024-06-07 11:20:00,1975.25,1975.25,1975.1,1975.1,50
2024-06-07 11:21:00,1975.1,1975.1,1975.1,1975.1,0
2024-06-07 11:22:00,1975.1,1975.1,1973.0,1973.7,17
2024-06-07 11:23:00,1971.35,1973.25,1970.65,1973.25,23
2024-06-07 11:24:00,1973.25,1973.7,1971.25,1973.7,33
2024-06-07 11:25:00,1973.7,1973.9,1973.35,1973.35,25
2024-06-07 11:26:00,1973.35,1975.85,1973.35,1975.85,50
2024-06-07 11:27:00,1975.85,1975.85,1975.85,1975.85,0
2024-06-07 11:28:00,1975.85,1975.85,1975.85,1975.85,0
2024-06-07 11:29:00,1975.85,1975.85,1974.95,1975.0,2
2024-06-07 11:30:00,1975.0,1975.65,1973.7,1973.7,5
2024-06-07 11:31:00,1973.7,1974.0,1973.7,1974.0,3
2024-06-07 11:32:00,1974.0,1974.95,1974.0,1974.95,1
2024-06-07 11:33:00,1974.95,1975.0,1974.95,1975.0,4
2024-06-07 11:34:00,1975.0,1975.0,1975.0,1975.0,5
2024-06-07 11:35:00,1975.0,1975.0,1975.0,1975.0,0
2024-06-07 11:36:00,1975.0,1975.0,1975.0,1975.0,7
2024-06-07 11:37:00,1975.0,1975.0,1973.15,1973.15,168
2024-06-07 11:38:00,1973.15,1973.15,1973.15,1973.15,0
2024-06-07 11:39:00,1973.15,1973.15,1973.15,1973.15,0
2024-06-07 11:40:00,1973.15,1973.15,1970.55,1970.55,2
2024-06-07 11:41:00,1970.55,1970.55,1970.55,1970.55,2
2024-06-07 11:42:00,1970.55,1972.25,1970.05,1972.25,21
2024-06-07 11:43:00,1972.25,1972.25,1970.1,1972.25,13
2024-06-07 11:44:00,1972.25,1972.25,1972.25,1972.25,20
2024-06-07 11:45:00,1972.25,1972.25,1970.15,1972.0,16
2024-06-07 11:46:00,1972.0,1978.5,1972.0,1973.7,567
2024-06-07 11:47:00,1973.7,1973.8,1971.15,1973.65,125
2024-06-07 11:48:00,1973.65,1973.7,1971.45,1971.45,81
2024-06-07 11:49:00,1971.45,1971.45,1971.45,1971.45,0
2024-06-07 11:50:00,1971.45,1973.75,1971.05,1973.75,43
2024-06-07 11:51:00,1973.75,1973.8,1973.75,1973.8,29
2024-06-07 11:52:00,1974.05,1974.05,1974.05,1974.05,1
2024-06-07 11:53:00,1974.05,1977.3,1974.05,1977.3,62
2024-06-07 11:54:00,1977.3,1977.3,1974.8,1975.2,31
2024-06-07 11:55:00,1975.2,1975.2,1975.2,1975.2,0
2024-06-07 11:56:00,1975.2,1975.2,1975.2,1975.2,0
2024-06-07 11:57:00,1975.2,1977.0,1975.2,1977.0,12
2024-06-07 11:58:00,1977.0,1977.0,1977.0,1977.0,1
2024-06-07 11:59:00,1977.0,1977.0,1975.2,1975.2,20
2024-06-07 12:00:00,1975.2,1977.9,1975.2,1975.65,119
2024-06-07 12:01:00,1975.65,1977.25,1975.5,1975.5,27
2024-06-07 12:02:00,1975.5,1977.25,1975.5,1977.25,23
2024-06-07 12:03:00,1977.25,1978.15,1976.4,1976.4,29
2024-06-07 12:04:00,1976.4,1977.0,1976.4,1977.0,11
2024-06-07 12:05:00,1975.35,1978.55,1975.35,1976.0,70
2024-06-07 12:06:00,1976.0,1976.0,1976.0,1976.0,0
2024-06-07 12:07:00,1976.0,1976.0,1974.25,1974.25,25
2024-06-07 12:08:00,1974.25,1976.4,1974.25,1976.4,34
2024-06-07 12:09:00,1976.4,1976.4,1976.4,1976.4,8
2024-06-07 12:10:00,1976.4,1977.8,1975.7,1975.7,28
2024-06-07 12:11:00,1975.7,1975.7,1975.0,1975.0,5
2024-06-07 12:12:00,1975.7,1975.7,1975.7,1975.7,35
2024-06-07 12:13:00,1977.15,1977.15,1974.75,1976.4,54
2024-06-07 12:14:00,1976.4,1976.4,1973.5,1973.5,20
2024-06-07 12:15:00,1973.5,1973.5,1971.7,1971.7,50
2024-06-07 12:16:00,1971.7,1974.3,1971.7,1974.3,1
2024-06-07 12:17:00,1974.3,1974.3,1974.3,1974.3,0
2024-06-07 12:18:00,1974.3,1974.3,1974.3,1974.3,0
2024-06-07 12:19:00,1974.3,1974.3,1974.3,1974.3,0
2024-06-07 12:20:00,1974.3,1974.3,1972.1,1972.2,56
2024-06-07 12:21:00,1972.2,1975.4,1972.2,1974.8,34
2024-06-07 12:22:00,1974.8,1975.65,1974.8,1975.65,2
2024-06-07 12:23:00,1975.65,1975.65,1975.65,1975.65,35
2024-06-07 12:24:00,1975.65,1976.0,1972.6,1972.6,105
2024-06-07 12:25:00,1972.6,1972.6,1972.6,1972.6,0
2024-06-07 12:26:00,1972.45,1975.05,1972.45,1975.05,4
2024-06-07 12:27:00,1975.05,1975.05,1974.95,1974.95,14
2024-06-07 12:28:00,1974.95,1974.95,1972.65,1974.7,13
2024-06-07 12:29:00,1974.7,1974.7,1972.5,1972.5,13
2024-06-07 12:30:00,1972.5,1972.5,1972.5,1972.5,0
2024-06-07 12:31:00,1972.5,1972.5,1972.5,1972.5,0
2024-06-07 12:32:00,1972.5,1972.5,1972.5,1972.5,6
2024-06-07 12:33:00,1972.5,1972.5,1972.5,1972.5,0
2024-06-07 12:34:00,1972.5,1972.5,1972.5,1972.5,0
2024-06-07 12:35:00,1972.5,1975.0,1972.5,1975.0,51
2024-06-07 12:36:00,1975.0,1975.0,1973.75,1973.75,2
2024-06-07 12:37:00,1973.75,1980.0,1972.95,1978.15,1444
2024-06-07 12:38:00,1978.15,1979.0,1978.15,1979.0,0
2024-06-07 12:39:00,1979.0,1982.25,1979.0,1982.1,128
2024-06-07 12:40:00,1982.1,1982.25,1982.1,1982.25,32
2024-06-07 12:41:00,1982.25,1983.0,1980.55,1983.0,372
2024-06-07 12:42:00,1983.0,1983.0,1982.5,1982.5,108
2024-06-07 12:43:00,1982.5,1982.5,1979.9,1979.9,5
2024-06-07 12:44:00,1979.9,1982.05,1979.45,1981.15,33
2024-06-07 12:45:00,1981.15,1981.15,1979.45,1979.9,16
2024-06-07 12:46:00,1979.9,1982.05,1979.75,1982.05,37
2024-06-07 12:47:00,1982.05,1982.05,1981.9,1981.9,26
2024-06-07 12:48:00,1981.9,1982.0,1980.2,1980.2,42
2024-06-07 12:49:00,1980.2,1980.2,1980.2,1980.2,0
2024-06-07 12:50:00,1980.2,1981.9,1980.2,1981.9,8
2024-06-07 12:51:00,1981.9,1981.9,1981.9,1981.9,10
2024-06-07 12:52:00,1981.9,1981.9,1981.65,1981.9,25
2024-06-07 12:53:00,1981.9,1981.9,1980.25,1980.25,8
2024-06-07 12:54:00,1980.25,1981.55,1978.9,1980.1,78
2024-06-07 12:55:00,1980.1,1980.1,1979.7,1979.7,35
2024-06-07 12:56:00,1979.7,1979.7,1979.15,1979.15,54
2024-06-07 12:57:00,1979.15,1979.85,1979.05,1979.05,6
2024-06-07 12:58:00,1979.05,1979.05,1979.05,1979.05,0
2024-06-07 12:59:00,1979.05,1979.05,1979.05,1979.05,2
2024-06-07 13:00:00,1980.0,1980.0,1975.0,1976.9,312
2024-06-07 13:01:00,1976.9,1976.9,1976.9,1976.9,0
2024-06-07 13:02:00,1976.9,1976.9,1976.9,1976.9,0
2024-06-07 13:03:00,1976.9,1977.0,1976.9,1977.0,5
2024-06-07 13:04:00,1977.0,1977.0,1976.2,1976.2,6
2024-06-07 13:05:00,1976.2,1977.05,1976.2,1977.05,2
2024-06-07 13:06:00,1977.05,1978.65,1976.1,1976.1,41
2024-06-07 13:07:00,1976.1,1976.4,1976.1,1976.4,2
2024-06-07 13:08:00,1976.4,1977.75,1976.1,1977.75,47
2024-06-07 13:09:00,1977.75,1977.75,1977.75,1977.75,0
2024-06-07 13:10:00,1977.75,1978.8,1977.75,1978.8,4
2024-06-07 13:11:00,1978.8,1979.75,1978.8,1979.75,112
2024-06-07 13:12:00,1979.75,1980.0,1979.75,1980.0,19
2024-06-07 13:13:00,1980.0,1980.0,1978.35,1978.35,7
2024-06-07 13:14:00,1978.35,1978.35,1978.15,1978.15,14
2024-06-07 13:15:00,1978.15,1978.15,1978.0,1978.0,15
2024-06-07 13:16:00,1978.0,1979.95,1978.0,1979.95,90
2024-06-07 13:17:00,1979.95,1980.7,1979.95,1980.7,25
2024-06-07 13:18:00,1980.7,1980.7,1978.35,1978.35,20
2024-06-07 13:19:00,1978.35,1980.5,1978.35,1980.5,2
2024-06-07 13:20:00,1980.5,1981.15,1980.5,1981.15,17
2024-06-07 13:21:00,1981.15,1981.15,1978.8,1978.8,21
2024-06-07 13:22:00,1978.8,1980.8,1978.0,1978.0,160
2024-06-07 13:23:00,1978.0,1978.0,1978.0,1978.0,11
2024-06-07 13:24:00,1978.0,1978.0,1978.0,1978.0,0
2024-06-07 13:25:00,1978.0,1978.0,1977.75,1977.9,6
2024-06-07 13:26:00,1977.9,1977.9,1977.9,1977.9,17
2024-06-07 13:27:00,1977.9,1977.9,1977.9,1977.9,0
2024-06-07 13:28:00,1977.9,1977.9,1977.9,1977.9,1
2024-06-07 13:29:00,1977.9,1977.9,1977.0,1977.9,10
2024-06-07 13:30:00,1977.9,1977.9,1977.9,1977.9,10
2024-06-07 13:31:00,1977.9,1977.9,1977.9,1977.9,8
2024-06-07 13:32:00,1977.9,1978.6,1977.9,1978.6,31
2024-06-07 13:33:00,1978.6,1978.95,1978.6,1978.6,7
2024-06-07 13:34:00,1978.6,1979.35,1978.6,1979.35,5
2024-06-07 13:35:00,1979.35,1979.35,1977.5,1977.8,26
2024-06-07 13:36:00,1977.8,1977.8,1976.1,1976.1,36
2024-06-07 13:37:00,1976.1,1976.1,1976.1,1976.1,0
2024-06-07 13:38:00,1976.1,1977.75,1976.1,1977.45,6
2024-06-07 13:39:00,1977.45,1977.75,1977.45,1977.75,1
2024-06-07 13:40:00,1977.75,1978.0,1976.3,1977.75,27
2024-06-07 13:41:00,1977.75,1977.75,1976.3,1977.75,3
2024-06-07 13:42:00,1977.75,1981.0,1977.75,1981.0,541
2024-06-07 13:43:00,1981.0,1981.0,1980.85,1980.85,10
2024-06-07 13:44:00,1980.85,1980.85,1980.05,1980.05,14
2024-06-07 13:45:00,1980.05,1980.85,1978.1,1979.35,111
2024-06-07 13:46:00,1979.35,1980.85,1979.35,1980.85,2
2024-06-07 13:47:00,1980.85,1980.85,1980.85,1980.85,4
2024-06-07 13:48:00,1980.85,1980.85,1979.35,1980.8,20
2024-06-07 13:49:00,1980.8,1980.8,1980.8,1980.8,0
2024-06-07 13:50:00,1980.8,1980.8,1980.8,1980.8,0
2024-06-07 13:51:00,1980.8,1980.8,1979.35,1979.35,6
2024-06-07 13:52:00,1979.35,1979.35,1979.35,1979.35,0
2024-06-07 13:53:00,1979.35,1980.45,1979.15,1979.15,11
2024-06-07 13:54:00,1979.15,1980.8,1979.15,1980.8,41
2024-06-07 13:55:00,1980.8,1981.6,1980.8,1980.9,39
2024-06-07 13:56:00,1980.9,1980.9,1980.9,1980.9,10
2024-06-07 13:57:00,1980.9,1980.9,1980.9,1980.9,0
2024-06-07 13:58:00,1980.9,1980.9,1979.1,1980.5,213
2024-06-07 13:59:00,1980.5,1980.5,1978.0,1978.0,50
2024-06-07 14:00:00,1978.0,1979.75,1978.0,1979.75,2
2024-06-07 14:01:00,1979.75,1980.0,1979.75,1980.0,25
2024-06-07 14:02:00,1980.0,1980.0,1978.05,1978.05,44
2024-06-07 14:03:00,1978.05,1978.05,1978.0,1978.0,91
2024-06-07 14:04:00,1978.0,1978.85,1978.0,1978.85,61
2024-06-07 14:05:00,1978.85,1978.85,1978.85,1978.85,0
2024-06-07 14:06:00,1978.85,1978.85,1975.0,1975.0,843
2024-06-07 14:07:00,1975.0,1975.0,1972.45,1972.45,221
2024-06-07 14:08:00,1972.45,1972.45,1972.45,1972.45,20
2024-06-07 14:09:00,1972.45,1975.6,1972.45,1975.6,32
2024-06-07 14:10:00,1975.6,1975.6,1975.6,1975.6,0
2024-06-07 14:11:00,1975.6,1975.6,1975.0,1975.0,1
2024-06-07 14:12:00,1975.0,1975.0,1975.0,1975.0,2
2024-06-07 14:13:00,1975.0,1975.0,1973.7,1973.7,16
2024-06-07 14:14:00,1973.7,1974.65,1973.25,1973.25,18
2024-06-07 14:15:00,1973.25,1973.25,1972.25,1972.25,76
2024-06-07 14:16:00,1972.25,1972.25,1972.05,1972.05,7
2024-06-07 14:17:00,1972.05,1974.3,1972.05,1974.3,7
2024-06-07 14:18:00,1974.3,1974.3,1972.15,1973.85,9
2024-06-07 14:19:00,1973.85,1973.85,1972.05,1972.05,32
2024-06-07 14:20:00,1972.05,1973.9,1972.05,1973.9,4
2024-06-07 14:21:00,1973.9,1974.9,1973.9,1974.9,60
2024-06-07 14:22:00,1974.95,1974.95,1974.15,1974.15,9
2024-06-07 14:23:00,1974.15,1974.15,1972.5,1972.5,1
2024-06-07 14:24:00,1972.5,1972.55,1972.5,1972.55,14
2024-06-07 14:25:00,1972.55,1972.55,1972.55,1972.55,0
2024-06-07 14:26:00,1972.55,1972.55,1972.55,1972.55,0
2024-06-07 14:27:00,1972.55,1972.55,1972.55,1972.55,0
2024-06-07 14:28:00,1972.55,1974.0,1972.55,1974.0,5
2024-06-07 14:29:00,1974.0,1974.4,1972.55,1972.65,12
2024-06-07 14:30:00,1972.65,1972.7,1972.65,1972.7,5
2024-06-07 14:31:00,1972.7,1975.15,1972.0,1975.15,118
2024-06-07 14:32:00,1975.0,1975.3,1975.0,1975.3,10
2024-06-07 14:33:00,1975.3,1975.3,1972.9,1972.9,58
2024-06-07 14:34:00,1972.9,1975.25,1972.9,1973.15,23
2024-06-07 14:35:00,1973.15,1975.25,1972.9,1974.6,54
2024-06-07 14:36:00,1974.6,1974.6,1971.7,1971.7,100
2024-06-07 14:37:00,1971.7,1973.65,1971.7,1973.6,22
2024-06-07 14:38:00,1973.6,1973.6,1973.55,1973.6,2
2024-06-07 14:39:00,1973.6,1974.55,1971.7,1974.55,137
2024-06-07 14:40:00,1974.55,1974.55,1972.4,1973.85,18
2024-06-07 14:41:00,1973.85,1973.85,1973.85,1973.85,0
2024-06-07 14:42:00,1973.85,1973.85,1973.85,1973.85,0
2024-06-07 14:43:00,1973.85,1973.85,1971.95,1973.5,15
2024-06-07 14:44:00,1973.5,1973.5,1970.1,1970.1,130
2024-06-07 14:45:00,1970.1,1970.1,1970.1,1970.1,144
2024-06-07 14:46:00,1970.1,1971.0,1970.0,1971.0,34
2024-06-07 14:47:00,1971.0,1971.0,1970.05,1970.05,75
2024-06-07 14:48:00,1970.05,1972.35,1970.05,1972.35,53
2024-06-07 14:49:00,1972.35,1973.95,1972.35,1973.95,20
2024-06-07 14:50:00,1973.95,1973.95,1970.85,1970.85,313
2024-06-07 14:51:00,1970.85,1973.65,1970.85,1973.65,11
2024-06-07 14:52:00,1971.65,1973.2,1971.65,1971.7,32
2024-06-07 14:53:00,1971.7,1973.2,1971.65,1973.2,50
2024-06-07 14:54:00,1973.2,1973.7,1971.7,1971.7,61
2024-06-07 14:55:00,1971.7,1971.7,1971.65,1971.65,10
2024-06-07 14:56:00,1971.65,1972.85,1971.65,1972.85,15
2024-06-07 14:57:00,1972.85,1972.85,1971.0,1972.6,102
2024-06-07 14:58:00,1972.6,1972.6,1972.0,1972.0,20
2024-06-07 14:59:00,1972.0,1972.0,1971.0,1971.0,3
2024-06-07 15:00:00,1971.0,1971.6,1970.0,1970.95,279
2024-06-07 15:01:00,1970.95,1971.35,1970.0,1970.05,130
2024-06-07 15:02:00,1970.0,1971.55,1970.0,1971.55,67
2024-06-07 15:03:00,1971.55,1971.8,1970.1,1971.8,67
2024-06-07 15:04:00,1970.1,1971.75,1970.1,1971.25,72
2024-06-07 15:05:00,1971.25,1971.25,1970.15,1970.15,85
2024-06-07 15:06:00,1970.15,1970.85,1970.15,1970.85,7
2024-06-07 15:07:00,1970.85,1970.9,1970.0,1970.9,110
2024-06-07 15:08:00,1970.9,1971.25,1970.0,1971.25,150
2024-06-07 15:09:00,1971.25,1971.25,1970.0,1970.95,85
2024-06-07 15:10:00,1970.95,1970.95,1970.9,1970.9,9
2024-06-07 15:11:00,1970.9,1970.9,1970.0,1970.0,204
2024-06-07 15:12:00,1971.25,1971.25,1969.0,1970.85,224
2024-06-07 15:13:00,1970.85,1970.95,1969.0,1970.9,46
2024-06-07 15:14:00,1970.9,1970.9,1965.9,1968.4,234
2024-06-07 15:15:00,1968.4,1968.4,1964.9,1966.0,362
2024-06-07 15:16:00,1966.0,1966.15,1965.0,1965.05,83
2024-06-07 15:17:00,1965.05,1967.5,1965.0,1967.5,74
2024-06-07 15:18:00,1967.95,1967.95,1965.3,1966.6,80
2024-06-07 15:19:00,1966.1,1966.9,1965.7,1965.7,125
2024-06-07 15:20:00,1965.7,1965.9,1965.7,1965.8,125
2024-06-07 15:21:00,1965.8,1965.85,1965.8,1965.85,133
2024-06-07 15:22:00,1965.85,1965.85,1965.8,1965.8,6
2024-06-07 15:23:00,1965.8,1966.1,1965.0,1965.15,256
2024-06-07 15:24:00,1965.15,1966.8,1965.05,1966.6,45
2024-06-07 15:25:00,1965.55,1968.6,1965.55,1966.0,131
2024-06-07 15:26:00,1966.0,1969.95,1966.0,1966.0,35
2024-06-07 15:27:00,1966.0,1969.0,1966.0,1969.0,110
2024-06-07 15:28:00,1969.0,1969.0,1965.0,1968.9,168
2024-06-07 15:29:00,1965.0,1969.0,1965.0,1969.0,214
2024-06-10 09:15:00,1969.0,1973.95,1964.05,1968.95,236
2024-06-10 09:16:00,1968.85,1972.85,1964.05,1972.85,306
2024-06-10 09:17:00,1972.85,1973.0,1964.05,1971.55,362
2024-06-10 09:18:00,1971.55,1972.95,1965.05,1968.55,109
2024-06-10 09:19:00,1972.95,1972.95,1969.15,1971.95,24
2024-06-10 09:20:00,1970.0,1972.1,1969.15,1971.85,298
2024-06-10 09:21:00,1971.85,1972.85,1968.0,1969.15,284
2024-06-10 09:22:00,1972.6,1972.6,1968.6,1972.0,104
2024-06-10 09:23:00,1972.05,1972.05,1968.85,1968.95,13
2024-06-10 09:24:00,1968.95,1981.95,1968.95,1981.95,820
2024-06-10 09:25:00,1978.5,1982.95,1978.5,1979.05,207
2024-06-10 09:26:00,1979.05,1980.95,1979.0,1980.95,33
2024-06-10 09:27:00,1980.95,1980.95,1979.0,1980.95,24
2024-06-10 09:28:00,1980.95,1985.0,1980.95,1985.0,342
2024-06-10 09:29:00,1985.05,1985.05,1982.9,1984.95,63
2024-06-10 09:30:00,1984.95,1987.0,1981.05,1981.05,379
2024-06-10 09:31:00,1981.05,1984.95,1981.0,1981.0,33
2024-06-10 09:32:00,1980.95,1981.2,1977.0,1977.15,98
2024-06-10 09:33:00,1977.15,1980.75,1977.15,1980.75,67
2024-06-10 09:34:00,1980.75,1980.75,1970.0,1970.0,159
2024-06-10 09:35:00,1970.0,1971.7,1968.0,1970.35,58
2024-06-10 09:36:00,1970.35,1970.7,1968.0,1968.0,68
2024-06-10 09:37:00,1968.0,1968.3,1966.0,1968.3,148
2024-06-10 09:38:00,1968.3,1971.9,1967.25,1971.35,86
2024-06-10 09:39:00,1971.35,1972.0,1970.45,1972.0,54
2024-06-10 09:40:00,1972.0,1974.0,1972.0,1972.15,12
2024-06-10 09:41:00,1972.15,1977.05,1972.15,1977.05,180
2024-06-10 09:42:00,1977.05,1977.9,1976.15,1977.5,30
2024-06-10 09:43:00,1974.45,1977.85,1974.45,1977.85,65
2024-06-10 09:44:00,1977.85,1977.85,1974.1,1974.1,35
2024-06-10 09:45:00,1974.1,1974.1,1972.15,1972.15,54
2024-06-10 09:46:00,1972.15,1973.85,1972.15,1973.8,29
2024-06-10 09:47:00,1973.8,1973.8,1970.0,1970.0,73
2024-06-10 09:48:00,1970.0,1972.95,1966.25,1969.8,210
2024-06-10 09:49:00,1969.8,1969.8,1969.0,1969.0,18
2024-06-10 09:50:00,1969.0,1969.3,1966.0,1966.0,52
2024-06-10 09:51:00,1966.0,1968.55,1966.0,1968.55,1
2024-06-10 09:52:00,1968.55,1969.45,1966.1,1966.1,38
2024-06-10 09:53:00,1966.1,1968.7,1966.0,1968.7,20
2024-06-10 09:54:00,1968.7,1970.0,1968.0,1968.0,31
2024-06-10 09:55:00,1968.0,1970.0,1968.0,1970.0,84
2024-06-10 09:56:00,1970.0,1970.0,1970.0,1970.0,52
2024-06-10 09:57:00,1970.0,1970.5,1965.25,1965.25,446
2024-06-10 09:58:00,1965.0,1967.1,1965.0,1965.0,32
2024-06-10 09:59:00,1965.0,1967.2,1965.0,1967.15,47
2024-06-10 10:00:00,1967.15,1967.3,1966.0,1967.2,103
2024-06-10 10:01:00,1967.2,1967.3,1965.05,1965.05,81
2024-06-10 10:02:00,1965.05,1967.0,1965.0,1965.05,140
2024-06-10 10:03:00,1965.05,1966.85,1964.05,1966.3,130
2024-06-10 10:04:00,1966.3,1966.3,1961.25,1961.25,168
2024-06-10 10:05:00,1964.05,1964.3,1964.0,1964.3,6
2024-06-10 10:06:00,1964.3,1970.0,1964.3,1970.0,109
2024-06-10 10:07:00,1970.0,1970.0,1967.65,1967.65,27
2024-06-10 10:08:00,1967.65,1969.95,1967.65,1969.95,3
2024-06-10 10:09:00,1969.95,1972.95,1968.05,1970.5,124
2024-06-10 10:10:00,1972.95,1973.95,1970.45,1973.95,145
2024-06-10 10:11:00,1973.95,1974.65,1973.95,1974.65,2
2024-06-10 10:12:00,1974.65,1974.95,1972.05,1974.25,112
2024-06-10 10:13:00,1974.25,1974.25,1972.1,1972.1,5
2024-06-10 10:14:00,1972.1,1974.7,1972.1,1974.7,24
2024-06-10 10:15:00,1974.7,1975.95,1973.0,1973.7,309
2024-06-10 10:16:00,1973.7,1976.0,1973.0,1976.0,56
2024-06-10 10:17:00,1976.0,1976.0,1973.05,1973.05,15
2024-06-10 10:18:00,1973.05,1975.0,1973.05,1974.95,48
2024-06-10 10:19:00,1975.0,1975.0,1974.95,1974.95,11
2024-06-10 10:20:00,1974.95,1975.0,1972.4,1972.4,30
2024-06-10 10:21:00,1972.4,1973.0,1971.0,1971.05,42
2024-06-10 10:22:00,1971.05,1972.95,1971.05,1972.95,3
2024-06-10 10:23:00,1972.95,1972.95,1972.0,1972.0,111
2024-06-10 10:24:00,1972.0,1973.65,1971.65,1971.65,79
2024-06-10 10:25:00,1971.65,1973.65,1971.65,1972.9,42
2024-06-10 10:26:00,1972.9,1973.0,1970.6,1973.0,25
2024-06-10 10:27:00,1973.0,1973.0,1972.95,1972.95,13
2024-06-10 10:28:00,1972.95,1972.95,1970.85,1970.85,10
2024-06-10 10:29:00,1970.85,1974.85,1970.85,1974.85,99
2024-06-10 10:30:00,1974.85,1975.9,1973.0,1975.9,51
2024-06-10 10:31:00,1975.9,1976.0,1975.9,1976.0,20
2024-06-10 10:32:00,1976.0,1976.0,1975.95,1975.95,9
2024-06-10 10:33:00,1975.95,1975.95,1975.95,1975.95,1
2024-06-10 10:34:00,1975.0,1975.95,1974.1,1974.1,14
2024-06-10 10:35:00,1974.1,1974.95,1972.1,1972.1,46
2024-06-10 10:36:00,1972.1,1974.4,1972.1,1974.4,11
2024-06-10 10:37:00,1974.4,1975.75,1974.4,1974.45,14
2024-06-10 10:38:00,1974.45,1974.5,1974.45,1974.5,13
2024-06-10 10:39:00,1974.5,1974.5,1974.5,1974.5,9
2024-06-10 10:40:00,1974.5,1975.0,1972.85,1972.85,73
2024-06-10 10:41:00,1972.85,1975.0,1972.85,1975.0,18
2024-06-10 10:42:00,1975.0,1975.75,1974.95,1975.75,6
2024-06-10 10:43:00,1975.75,1975.95,1975.75,1975.95,10
2024-06-10 10:44:00,1975.95,1976.0,1975.25,1975.25,88
2024-06-10 10:45:00,1975.25,1975.9,1974.5,1975.9,25
2024-06-10 10:46:00,1974.5,1975.4,1973.25,1973.25,71
2024-06-10 10:47:00,1973.25,1975.95,1973.25,1973.95,53
2024-06-10 10:48:00,1973.95,1975.25,1973.0,1975.25,178
2024-06-10 10:49:00,1975.25,1976.95,1974.3,1976.95,90
2024-06-10 10:50:00,1976.95,1978.15,1976.95,1978.15,167
2024-06-10 10:51:00,1978.15,1979.9,1978.15,1979.9,235
2024-06-10 10:52:00,1979.9,1980.0,1977.9,1977.9,34
2024-06-10 10:53:00,1977.9,1978.3,1976.0,1978.3,71
2024-06-10 10:54:00,1978.3,1978.85,1977.9,1978.85,1
2024-06-10 10:55:00,1978.85,1979.5,1978.85,1979.5,2
2024-06-10 10:56:00,1979.5,1980.0,1979.5,1980.0,200
2024-06-10 10:57:00,1980.0,1988.0,1980.0,1988.0,1449
2024-06-10 10:58:00,1988.0,1988.9,1985.8,1985.8,70
2024-06-10 10:59:00,1985.8,1988.0,1985.8,1988.0,34
2024-06-10 11:00:00,1988.0,1996.25,1985.1,1996.25,1639
2024-06-10 11:01:00,1996.25,2005.0,1995.85,2002.65,3048
2024-06-10 11:02:00,2001.5,2013.0,1999.95,2003.55,1591
2024-06-10 11:03:00,2003.55,2010.5,2001.5,2010.5,599
2024-06-10 11:04:00,2008.25,2012.0,2006.8,2007.8,843
2024-06-10 11:05:00,2007.8,2010.7,2006.05,2006.05,159
2024-06-10 11:06:00,2007.9,2009.0,2007.1,2009.0,132
2024-06-10 11:07:00,2009.0,2010.0,2008.2,2010.0,283
2024-06-10 11:08:00,2010.0,2020.0,2008.35,2020.0,1086
2024-06-10 11:09:00,2017.85,2021.9,2014.1,2015.0,599
2024-06-10 11:10:00,2015.0,2015.0,2006.05,2006.05,1582
2024-06-10 11:11:00,2007.1,2007.1,2000.2,2005.45,1085
2024-06-10 11:12:00,2005.45,2005.45,2003.5,2003.5,812
2024-06-10 11:13:00,2003.5,2005.0,2002.05,2002.05,167
2024-06-10 11:14:00,2002.05,2005.3,2002.05,2005.3,30
2024-06-10 11:15:00,2005.65,2005.9,2005.65,2005.9,163
2024-06-10 11:16:00,2005.9,2010.0,2005.9,2010.0,131
2024-06-10 11:17:00,2010.0,2010.0,2005.4,2005.4,87
2024-06-10 11:18:00,2005.4,2005.4,2003.95,2003.95,167
2024-06-10 11:19:00,2003.95,2006.1,2003.95,2006.1,44
2024-06-10 11:20:00,2006.1,2006.1,2001.3,2001.3,111
2024-06-10 11:21:00,2001.3,2005.25,2001.3,2005.2,27
2024-06-10 11:22:00,2005.2,2006.0,2003.05,2003.45,69
2024-06-10 11:23:00,2003.55,2005.95,2003.55,2005.95,31
2024-06-10 11:24:00,2005.95,2005.95,2003.0,2005.0,167
2024-06-10 11:25:00,2005.0,2005.5,2005.0,2005.0,224
2024-06-10 11:26:00,2005.0,2008.0,2005.0,2008.0,36
2024-06-10 11:27:00,2008.5,2008.5,2006.3,2006.3,185
2024-06-10 11:28:00,2006.3,2014.95,2006.3,2014.6,435
2024-06-10 11:29:00,2014.6,2014.95,2012.6,2014.8,77
2024-06-10 11:30:00,2014.8,2014.8,2011.65,2011.65,47
2024-06-10 11:31:00,2011.65,2011.65,2009.05,2011.1,97
2024-06-10 11:32:00,2011.1,2011.1,2005.0,2005.0,568
2024-06-10 11:33:00,2005.0,2005.0,2001.05,2002.15,51
2024-06-10 11:34:00,2002.15,2005.1,2002.15,2005.1,52
2024-06-10 11:35:00,2005.1,2005.1,2002.05,2002.55,176
2024-06-10 11:36:00,2002.55,2005.0,2002.55,2005.0,238
2024-06-10 11:37:00,2005.0,2008.0,2005.0,2008.0,12
2024-06-10 11:38:00,2008.0,2014.0,2006.75,2013.1,3723
2024-06-10 11:39:00,2013.1,2015.0,2012.75,2014.35,316
2024-06-10 11:40:00,2014.35,2015.0,2014.35,2015.0,86
2024-06-10 11:41:00,2015.0,2019.6,2015.0,2017.6,244
2024-06-10 11:42:00,2017.6,2017.6,2015.35,2015.35,111
2024-06-10 11:43:00,2015.0,2015.0,2010.2,2010.2,76
2024-06-10 11:44:00,2010.2,2010.2,2010.2,2010.2,46
2024-06-10 11:45:00,2010.15,2011.85,2009.25,2009.25,86
2024-06-10 11:46:00,2009.25,2011.5,2009.25,2009.4,16
2024-06-10 11:47:00,2010.25,2011.55,2009.4,2009.7,21
2024-06-10 11:48:00,2009.7,2012.35,2009.4,2009.9,296
2024-06-10 11:49:00,2009.9,2009.9,2007.5,2007.5,60
2024-06-10 11:50:00,2007.5,2008.9,2007.5,2007.5,3
2024-06-10 11:51:00,2007.5,2009.9,2007.5,2009.9,115
2024-06-10 11:52:00,2009.9,2010.65,2008.95,2010.0,134
2024-06-10 11:53:00,2010.0,2011.05,2008.45,2009.05,68
2024-06-10 11:54:00,2009.05,2011.45,2009.05,2009.35,14
2024-06-10 11:55:00,2009.35,2010.0,2009.35,2010.0,33
2024-06-10 11:56:00,2010.0,2013.15,2008.85,2008.85,319
2024-06-10 11:57:00,2008.85,2011.0,2008.85,2010.55,131
2024-06-10 11:58:00,2010.55,2013.35,2010.55,2013.35,7
2024-06-10 11:59:00,2015.05,2017.85,2012.1,2012.1,298
2024-06-10 12:00:00,2015.3,2015.3,2013.35,2013.7,91
2024-06-10 12:01:00,2013.7,2015.0,2013.0,2015.0,118
2024-06-10 12:02:00,2015.0,2015.85,2013.05,2015.85,15
2024-06-10 12:03:00,2015.85,2015.85,2013.0,2015.0,137
2024-06-10 12:04:00,2015.0,2015.0,2013.0,2015.0,72
2024-06-10 12:05:00,2015.0,2015.0,2012.65,2012.65,643
2024-06-10 12:06:00,2012.0,2012.0,2007.95,2009.85,63
2024-06-10 12:07:00,2009.85,2009.85,2007.15,2007.15,144
2024-06-10 12:08:00,2007.15,2007.15,2007.15,2007.15,25
2024-06-10 12:09:00,2006.55,2008.0,2006.55,2008.0,40
2024-06-10 12:10:00,2008.0,2009.0,2008.0,2009.0,1
2024-06-10 12:11:00,2009.0,2011.5,2008.0,2010.65,222
2024-06-10 12:12:00,2010.65,2010.65,2008.0,2008.75,42
2024-06-10 12:13:00,2007.3,2007.3,2002.75,2004.05,613
2024-06-10 12:14:00,2003.85,2003.85,2000.2,2002.25,46
2024-06-10 12:15:00,2002.25,2003.4,2000.75,2000.75,48
2024-06-10 12:16:00,2000.75,2007.55,2000.75,2007.55,175
2024-06-10 12:17:00,2005.3,2005.6,2005.0,2005.0,46
2024-06-10 12:18:00,2007.75,2007.85,2005.05,2007.65,71
2024-06-10 12:19:00,2007.65,2008.0,2007.45,2008.0,39
2024-06-10 12:20:00,2008.0,2008.0,2006.25,2006.25,25
2024-06-10 12:21:00,2005.5,2007.85,2005.4,2007.8,40
2024-06-10 12:22:00,2007.8,2007.85,2006.0,2006.05,11
2024-06-10 12:23:00,2006.05,2008.9,2006.05,2006.1,95
2024-06-10 12:24:00,2006.1,2008.9,2006.1,2008.9,23
2024-06-10 12:25:00,2008.9,2009.05,2007.1,2009.05,17
2024-06-10 12:26:00,2009.05,2009.25,2009.05,2009.25,96
2024-06-10 12:27:00,2009.25,2009.25,2006.0,2006.0,54
2024-06-10 12:28:00,2006.0,2008.75,2006.0,2008.75,16
2024-06-10 12:29:00,2006.2,2006.2,2003.0,2005.4,405
2024-06-10 12:30:00,2005.4,2005.4,2003.0,2004.95,297
2024-06-10 12:31:00,2004.95,2004.95,2004.6,2004.6,21
2024-06-10 12:32:00,2004.6,2005.0,2003.15,2003.15,10
2024-06-10 12:33:00,2003.15,2003.15,2003.15,2003.15,95
2024-06-10 12:34:00,2003.15,2009.25,2003.15,2004.6,621
2024-06-10 12:35:00,2004.6,2004.6,2003.1,2003.1,5
2024-06-10 12:36:00,2003.1,2004.95,2003.0,2003.0,41
2024-06-10 12:37:00,2003.0,2003.0,2003.0,2003.0,34
2024-06-10 12:38:00,2004.85,2004.85,2004.85,2004.85,3
2024-06-10 12:39:00,2004.85,2005.0,2003.05,2004.95,134
2024-06-10 12:40:00,2004.95,2005.0,2004.95,2005.0,82
2024-06-10 12:41:00,2005.0,2005.0,2005.0,2005.0,3
2024-06-10 12:42:00,2005.0,2005.0,2005.0,2005.0,41
2024-06-10 12:43:00,2005.0,2005.0,2003.2,2003.2,5
2024-06-10 12:44:00,2004.9,2004.9,2003.1,2003.1,7
2024-06-10 12:45:00,2003.1,2003.1,2003.1,2003.1,0
2024-06-10 12:46:00,2003.1,2004.85,2003.1,2003.1,33
2024-06-10 12:47:00,2003.1,2003.1,2003.1,2003.1,0
2024-06-10 12:48:00,2003.1,2005.0,2003.1,2005.0,43
2024-06-10 12:49:00,2005.0,2005.0,2003.45,2003.45,23
2024-06-10 12:50:00,2003.45,2003.45,2003.45,2003.45,0
2024-06-10 12:51:00,2003.45,2005.8,2003.4,2003.4,52
2024-06-10 12:52:00,2003.55,2005.8,2003.55,2003.55,5
2024-06-10 12:53:00,2003.55,2005.7,2003.3,2003.3,44
2024-06-10 12:54:00,2003.3,2003.3,2003.15,2003.15,14
2024-06-10 12:55:00,2003.15,2005.35,2003.15,2005.35,30
2024-06-10 12:56:00,2005.35,2005.7,2005.35,2005.7,2
2024-06-10 12:57:00,2005.7,2005.7,2005.7,2005.7,2
2024-06-10 12:58:00,2005.7,2005.7,1995.3,1996.2,3070
2024-06-10 12:59:00,1996.2,2000.7,1996.2,2000.0,129
2024-06-10 13:00:00,2000.3,2000.3,2000.3,2000.3,2
2024-06-10 13:01:00,2000.3,2001.45,2000.3,2001.45,24
2024-06-10 13:02:00,2001.45,2002.0,2000.9,2000.9,5
2024-06-10 13:03:00,2000.9,2000.9,2000.0,2000.0,104
2024-06-10 13:04:00,2000.0,2000.0,1997.6,1998.85,29
2024-06-10 13:05:00,1998.85,1999.55,1997.2,1999.55,9
2024-06-10 13:06:00,1999.55,1999.55,1997.2,1997.2,6
2024-06-10 13:07:00,1999.5,1999.65,1996.8,1996.8,89
2024-06-10 13:08:00,1996.8,1997.5,1996.15,1996.15,110
2024-06-10 13:09:00,1996.15,2000.0,1996.15,1998.2,15
2024-06-10 13:10:00,1998.2,2000.0,1998.2,2000.0,25
2024-06-10 13:11:00,2000.0,2000.55,1998.2,2000.55,71
2024-06-10 13:12:00,2000.55,2001.85,2000.55,2001.85,15
2024-06-10 13:13:00,2001.85,2001.85,1999.25,1999.25,93
2024-06-10 13:14:00,2001.85,2004.7,2001.05,2004.7,108
2024-06-10 13:15:00,2004.7,2004.9,2003.35,2004.9,14
2024-06-10 13:16:00,2004.9,2008.0,2004.9,2006.6,234
2024-06-10 13:17:00,2006.6,2009.0,2006.6,2009.0,30
2024-06-10 13:18:00,2009.0,2009.0,2006.85,2008.95,37
2024-06-10 13:19:00,2008.95,2008.95,2008.0,2008.0,10
2024-06-10 13:20:00,2008.0,2008.0,2007.0,2007.95,163
2024-06-10 13:21:00,2007.95,2008.95,2007.95,2008.95,100
2024-06-10 13:22:00,2008.95,2008.95,2008.15,2008.15,14
2024-06-10 13:23:00,2008.15,2008.95,2004.6,2004.6,137
2024-06-10 13:24:00,2004.6,2006.9,2004.6,2006.9,1
2024-06-10 13:25:00,2006.9,2008.45,2004.5,2008.45,13
2024-06-10 13:26:00,2008.7,2009.0,2008.7,2009.0,74
2024-06-10 13:27:00,2009.0,2009.0,2008.85,2008.85,1
2024-06-10 13:28:00,2008.85,2008.85,2008.65,2008.65,6
2024-06-10 13:29:00,2008.65,2008.65,2005.55,2007.7,12
2024-06-10 13:30:00,2007.7,2007.7,2007.7,2007.7,0
2024-06-10 13:31:00,2007.7,2007.7,2004.45,2004.45,96
2024-06-10 13:32:00,2004.45,2004.45,2003.75,2003.75,2
2024-06-10 13:33:00,2003.75,2006.95,2003.75,2006.95,40
2024-06-10 13:34:00,2006.95,2007.2,2006.95,2007.2,4
2024-06-10 13:35:00,2007.1,2007.4,2004.35,2007.4,520
2024-06-10 13:36:00,2007.4,2008.95,2007.1,2008.95,153
2024-06-10 13:37:00,2008.95,2009.9,2008.8,2009.9,232
2024-06-10 13:38:00,2009.9,2011.95,2009.9,2011.95,599
2024-06-10 13:39:00,2011.95,2012.9,2011.95,2012.9,84
2024-06-10 13:40:00,2012.9,2012.9,2006.2,2006.2,253
2024-06-10 13:41:00,2006.2,2006.2,2006.2,2006.2,1
2024-06-10 13:42:00,2006.2,2007.9,2005.9,2005.9,6
2024-06-10 13:43:00,2005.9,2005.9,2005.9,2005.9,40
2024-06-10 13:44:00,2005.9,2008.1,2005.3,2005.85,47
2024-06-10 13:45:00,2005.85,2005.85,2005.85,2005.85,0
2024-06-10 13:46:00,2005.85,2005.85,2004.15,2004.2,131
2024-06-10 13:47:00,2003.1,2006.9,2003.1,2003.9,102
2024-06-10 13:48:00,2003.9,2006.55,2003.9,2004.5,2
2024-06-10 13:49:00,2004.5,2004.5,2001.35,2004.45,96
2024-06-10 13:50:00,2004.45,2004.45,2004.4,2004.4,1
2024-06-10 13:51:00,2004.4,2004.4,2000.8,2000.8,23
2024-06-10 13:52:00,2003.4,2004.15,2000.05,2004.15,94
2024-06-10 13:53:00,2004.15,2004.15,2001.55,2001.65,16
2024-06-10 13:54:00,2001.65,2005.2,2001.65,2005.2,64
2024-06-10 13:55:00,2002.6,2007.0,2002.6,2007.0,32
2024-06-10 13:56:00,2007.0,2008.5,2004.85,2008.5,92
2024-06-10 13:57:00,2008.5,2009.75,2007.0,2009.65,13
2024-06-10 13:58:00,2009.65,2010.0,2006.75,2008.15,126
2024-06-10 13:59:00,2008.15,2008.15,2005.75,2008.1,35
2024-06-10 14:00:00,2008.1,2008.3,2005.65,2005.9,50
2024-06-10 14:01:00,2005.9,2007.65,2005.9,2007.65,1
2024-06-10 14:02:00,2007.6,2007.75,2005.15,2007.25,73
2024-06-10 14:03:00,2007.25,2011.75,2006.9,2008.75,237
2024-06-10 14:04:00,2008.75,2009.95,2008.75,2009.85,29
2024-06-10 14:05:00,2009.9,2010.0,2008.0,2009.95,81
2024-06-10 14:06:00,2009.95,2009.95,2008.0,2009.85,11
2024-06-10 14:07:00,2009.85,2009.85,2009.85,2009.85,1
2024-06-10 14:08:00,2009.85,2009.85,2009.85,2009.85,2
2024-06-10 14:09:00,2009.85,2010.0,2008.0,2010.0,422
2024-06-10 14:10:00,2010.0,2011.0,2010.0,2010.05,82
2024-06-10 14:11:00,2010.05,2012.0,2010.05,2012.0,26
2024-06-10 14:12:00,2012.65,2012.65,2008.75,2008.75,117
2024-06-10 14:13:00,2008.75,2010.15,2008.0,2010.1,109
2024-06-10 14:14:00,2010.05,2012.0,2010.05,2012.0,16
2024-06-10 14:15:00,2010.15,2012.0,2010.05,2010.05,54
2024-06-10 14:16:00,2010.05,2011.8,2008.0,2011.8,200
2024-06-10 14:17:00,2009.05,2011.65,2008.6,2009.1,42
2024-06-10 14:18:00,2009.35,2011.5,2008.55,2011.15,23
2024-06-10 14:19:00,2009.05,2011.15,2009.0,2009.15,38
2024-06-10 14:20:00,2009.15,2010.95,2009.0,2009.05,22
2024-06-10 14:21:00,2009.05,2010.55,2008.9,2010.55,12
2024-06-10 14:22:00,2008.9,2010.25,2007.05,2007.05,142
2024-06-10 14:23:00,2006.9,2006.9,2003.15,2005.95,215
2024-06-10 14:24:00,2004.05,2006.55,2004.05,2005.9,58
2024-06-10 14:25:00,2004.0,2007.25,2002.3,2007.25,92
2024-06-10 14:26:00,2004.8,2007.0,2002.9,2007.0,451
2024-06-10 14:27:00,2005.25,2005.25,2002.5,2002.55,26
2024-06-10 14:28:00,2002.35,2004.65,2002.3,2004.35,60
2024-06-10 14:29:00,2002.6,2004.25,2001.0,2001.0,332
2024-06-10 14:30:00,2001.0,2002.3,2000.0,2000.0,223
2024-06-10 14:31:00,2000.0,2002.2,2000.0,2002.15,44
2024-06-10 14:32:00,2002.15,2002.3,1995.7,1995.75,597
2024-06-10 14:33:00,1996.85,1999.0,1995.55,1998.35,86
2024-06-10 14:34:00,2000.45,2002.8,1998.65,2002.5,145
2024-06-10 14:35:00,2000.1,2001.8,1999.2,1999.2,33
2024-06-10 14:36:00,1999.2,1999.2,1996.0,1999.15,144
2024-06-10 14:37:00,1999.15,1999.9,1996.35,1996.45,102
2024-06-10 14:38:00,1996.45,2000.0,1996.45,1999.25,68
2024-06-10 14:39:00,1999.25,1999.25,1996.55,1996.55,14
2024-06-10 14:40:00,1996.4,1999.15,1995.8,1998.45,93
2024-06-10 14:41:00,1998.45,1999.8,1996.0,1999.8,101
2024-06-10 14:42:00,1997.05,1999.3,1996.05,1996.65,165
2024-06-10 14:43:00,1996.6,2000.45,1996.6,1998.4,89
2024-06-10 14:44:00,1998.15,2002.0,1998.15,2002.0,46
2024-06-10 14:45:00,2001.15,2002.0,1999.6,1999.6,50
2024-06-10 14:46:00,1999.6,2001.6,1998.85,1999.35,186
2024-06-10 14:47:00,1999.2,2001.6,1998.8,1998.8,24
2024-06-10 14:48:00,1998.8,2001.25,1998.8,2001.05,28
2024-06-10 14:49:00,1998.85,2002.0,1998.85,2002.0,144
2024-06-10 14:50:00,2000.6,2002.0,1997.15,2002.0,144
2024-06-10 14:51:00,1999.9,2001.95,1999.45,2001.7,12
2024-06-10 14:52:00,1999.7,2002.0,1999.7,2000.5,15
2024-06-10 14:53:00,2000.5,2002.55,2000.2,2002.5,14
2024-06-10 14:54:00,2002.5,2002.95,2000.3,2002.0,22
2024-06-10 14:55:00,2002.1,2003.95,2002.1,2002.15,72
2024-06-10 14:56:00,2002.15,2003.7,2002.1,2002.15,28
2024-06-10 14:57:00,2002.15,2003.75,2002.1,2002.1,26
2024-06-10 14:58:00,2002.1,2003.0,2002.1,2002.2,18
2024-06-10 14:59:00,2002.15,2004.0,2002.15,2004.0,35
2024-06-10 15:00:00,2003.35,2005.0,2003.0,2005.0,135
2024-06-10 15:01:00,2005.0,2005.0,2005.0,2005.0,2
2024-06-10 15:02:00,2005.0,2005.0,2000.4,2002.0,130
2024-06-10 15:03:00,2002.0,2003.0,2000.15,2002.8,34
2024-06-10 15:04:00,2002.8,2002.8,1999.75,2001.0,163
2024-06-10 15:05:00,2000.0,2001.0,1995.0,1997.05,426
2024-06-10 15:06:00,1997.05,2005.25,1995.0,2005.25,370
2024-06-10 15:07:00,2004.45,2004.45,2000.0,2003.5,103
2024-06-10 15:08:00,2003.5,2003.5,2001.3,2003.35,7
2024-06-10 15:09:00,2003.35,2004.9,2002.05,2002.05,77
2024-06-10 15:10:00,2002.05,2003.0,1999.65,1999.65,194
2024-06-10 15:11:00,1999.65,2002.95,1999.65,2002.6,5
2024-06-10 15:12:00,2002.6,2002.6,1998.8,2001.7,686
2024-06-10 15:13:00,2001.7,2001.7,1995.6,1995.6,269
2024-06-10 15:14:00,1995.85,2000.2,1995.75,1999.4,122
2024-06-10 15:15:00,1999.4,1999.5,1996.85,1999.4,59
2024-06-10 15:16:00,1999.4,1999.4,1995.0,1996.1,276
2024-06-10 15:17:00,1996.1,1998.65,1995.85,1998.65,177
2024-06-10 15:18:00,1998.65,1998.65,1995.2,1997.15,159
2024-06-10 15:19:00,1996.9,1996.9,1995.0,1995.0,119
2024-06-10 15:20:00,1995.0,1998.0,1995.0,1996.1,666
2024-06-10 15:21:00,1994.2,1997.8,1994.2,1995.25,187
2024-06-10 15:22:00,1995.25,1998.2,1995.0,1997.45,124
2024-06-10 15:23:00,1998.0,2000.0,1997.65,1999.8,140
2024-06-10 15:24:00,1998.2,2000.4,1998.1,2000.0,345
2024-06-10 15:25:00,2000.0,2000.0,1997.0,1997.0,64
2024-06-10 15:26:00,1997.05,2000.0,1997.05,2000.0,110
2024-06-10 15:27:00,2000.0,2000.0,1997.0,2000.0,111
2024-06-10 15:28:00,2000.0,2004.8,1998.0,2000.0,355
2024-06-10 15:29:00,2000.0,2003.95,1999.0,2000.0,112
2024-06-11 09:15:00,2009.9,2009.9,2005.9,2005.9,10
2024-06-11 09:16:00,2007.25,2008.95,2002.45,2002.45,151
2024-06-11 09:17:00,2002.45,2007.0,2002.45,2007.0,316
2024-06-11 09:18:00,2007.0,2008.55,2007.0,2007.0,23
2024-06-11 09:19:00,2007.0,2008.0,2006.5,2006.5,23
2024-06-11 09:20:00,2006.5,2008.0,2004.1,2004.1,160
2024-06-11 09:21:00,2004.1,2006.6,2004.1,2006.6,21
2024-06-11 09:22:00,2005.65,2010.0,2005.25,2010.0,109
2024-06-11 09:23:00,2010.0,2010.45,2009.95,2009.95,147
2024-06-11 09:24:00,2009.95,2012.6,2008.05,2010.3,218
2024-06-11 09:25:00,2010.3,2011.4,2008.05,2010.85,164
2024-06-11 09:26:00,2010.85,2010.85,2008.0,2008.0,284
2024-06-11 09:27:00,2010.0,2013.75,2009.85,2013.75,222
2024-06-11 09:28:00,2014.0,2020.15,2014.0,2020.15,526
2024-06-11 09:29:00,2017.75,2019.8,2016.1,2017.3,314
2024-06-11 09:30:00,2017.3,2020.0,2017.25,2017.25,166
2024-06-11 09:31:00,2018.05,2018.05,2017.1,2017.1,79
2024-06-11 09:32:00,2017.25,2017.25,2017.0,2017.0,2
2024-06-11 09:33:00,2017.0,2017.0,2014.0,2014.0,71
2024-06-11 09:34:00,2014.0,2014.0,2007.2,2007.3,61
2024-06-11 09:35:00,2007.3,2010.0,2007.3,2010.0,171
2024-06-11 09:36:00,2010.0,2010.0,2007.0,2007.0,62
2024-06-11 09:37:00,2007.0,2007.0,2005.0,2005.0,62
2024-06-11 09:38:00,2004.0,2005.0,2003.0,2003.0,97
2024-06-11 09:39:00,2003.0,2004.6,2001.0,2003.9,261
2024-06-11 09:40:00,2003.9,2007.0,2003.05,2003.05,228
2024-06-11 09:41:00,2005.75,2005.75,2002.5,2003.4,103
2024-06-11 09:42:00,2003.4,2007.65,2003.0,2007.65,134
2024-06-11 09:43:00,2007.65,2007.65,2007.65,2007.65,0
2024-06-11 09:44:00,2007.65,2009.0,2007.65,2009.0,26
2024-06-11 09:45:00,2009.0,2009.95,2009.0,2009.75,164
2024-06-11 09:46:00,2009.75,2009.95,2007.85,2007.85,26
2024-06-11 09:47:00,2007.85,2009.95,2007.85,2009.95,1
2024-06-11 09:48:00,2009.95,2009.95,2009.25,2009.25,1
2024-06-11 09:49:00,2009.25,2009.25,2004.05,2006.8,285
2024-06-11 09:50:00,2006.8,2007.45,2005.85,2007.45,2
2024-06-11 09:51:00,2007.45,2009.0,2005.7,2005.7,3
2024-06-11 09:52:00,2005.7,2009.0,2005.7,2009.0,66
2024-06-11 09:53:00,2009.0,2011.0,2009.0,2009.0,212
2024-06-11 09:54:00,2009.0,2009.0,2008.5,2008.5,139
2024-06-11 09:55:00,2008.5,2013.0,2008.5,2013.0,184
2024-06-11 09:56:00,2013.0,2019.8,2013.0,2018.5,1114
2024-06-11 09:57:00,2018.5,2018.5,2013.65,2013.65,126
2024-06-11 09:58:00,2013.65,2016.4,2013.65,2016.4,101
2024-06-11 09:59:00,2016.4,2018.95,2014.5,2014.7,277
2024-06-11 10:00:00,2014.7,2016.75,2013.7,2016.0,290
2024-06-11 10:01:00,2016.0,2016.0,2015.0,2015.0,19
2024-06-11 10:02:00,2015.0,2015.0,2011.7,2011.7,40
2024-06-11 10:03:00,2011.7,2012.85,2011.7,2012.85,1
2024-06-11 10:04:00,2011.7,2011.7,2010.6,2010.6,7
2024-06-11 10:05:00,2010.6,2015.9,2010.6,2015.9,92
2024-06-11 10:06:00,2015.9,2017.95,2014.0,2016.0,112
2024-06-11 10:07:00,2016.0,2016.0,2016.0,2016.0,25
2024-06-11 10:08:00,2016.0,2017.8,2016.0,2017.8,89
2024-06-11 10:09:00,2017.0,2018.0,2017.0,2018.0,81
2024-06-11 10:10:00,2017.75,2018.0,2017.75,2017.75,75
2024-06-11 10:11:00,2017.75,2017.8,2016.0,2017.8,14
2024-06-11 10:12:00,2017.8,2017.8,2015.0,2015.85,245
2024-06-11 10:13:00,2013.05,2017.8,2013.05,2017.8,167
2024-06-11 10:14:00,2017.8,2017.85,2014.9,2017.85,22
2024-06-11 10:15:00,2017.8,2017.8,2017.8,2017.8,112
2024-06-11 10:16:00,2017.8,2017.8,2013.8,2013.8,235
2024-06-11 10:17:00,2015.65,2015.65,2012.5,2015.1,71
2024-06-11 10:18:00,2012.0,2013.35,2012.0,2013.25,157
2024-06-11 10:19:00,2013.25,2013.25,2013.15,2013.15,2
2024-06-11 10:20:00,2013.0,2013.0,2010.0,2010.0,124
2024-06-11 10:21:00,2010.0,2012.25,2010.0,2012.25,66
2024-06-11 10:22:00,2012.15,2012.15,2009.15,2009.95,33
2024-06-11 10:23:00,2009.95,2011.4,2009.95,2011.4,72
2024-06-11 10:24:00,2011.75,2011.75,2009.0,2011.15,100
2024-06-11 10:25:00,2011.15,2011.15,2008.9,2008.9,108
2024-06-11 10:26:00,2010.25,2010.25,2006.5,2006.85,98
2024-06-11 10:27:00,2006.75,2008.6,2006.7,2008.6,83
2024-06-11 10:28:00,2008.7,2008.7,2006.9,2007.9,37
2024-06-11 10:29:00,2008.1,2008.7,2008.1,2008.7,2
2024-06-11 10:30:00,2008.7,2008.7,2008.7,2008.7,15
2024-06-11 10:31:00,2008.7,2008.7,2008.7,2008.7,13
2024-06-11 10:32:00,2008.7,2008.7,2008.7,2008.7,7
2024-06-11 10:33:00,2008.7,2009.9,2008.1,2009.9,20
2024-06-11 10:34:00,2009.9,2009.95,2009.9,2009.9,3
2024-06-11 10:35:00,2009.9,2010.5,2009.9,2010.5,308
2024-06-11 10:36:00,2010.5,2012.0,2010.5,2010.6,36
2024-06-11 10:37:00,2010.9,2011.55,2010.4,2010.4,26
2024-06-11 10:38:00,2010.4,2011.85,2010.4,2011.85,275
2024-06-11 10:39:00,2011.85,2012.7,2011.85,2012.7,35
2024-06-11 10:40:00,2012.9,2012.95,2012.85,2012.95,4
2024-06-11 10:41:00,2012.9,2012.9,2012.8,2012.8,2
2024-06-11 10:42:00,2012.7,2012.9,2010.6,2012.5,30
2024-06-11 10:43:00,2012.5,2013.6,2010.55,2013.6,127
2024-06-11 10:44:00,2013.8,2013.95,2013.5,2013.95,12
2024-06-11 10:45:00,2013.95,2015.9,2013.95,2015.0,61
2024-06-11 10:46:00,2015.0,2015.0,2014.95,2014.95,2
2024-06-11 10:47:00,2014.95,2014.95,2014.95,2014.95,9
2024-06-11 10:48:00,2014.95,2014.95,2014.95,2014.95,16
2024-06-11 10:49:00,2014.95,2014.95,2014.95,2014.95,2
2024-06-11 10:50:00,2014.95,2014.95,2007.05,2011.3,716
2024-06-11 10:51:00,2014.45,2014.45,2010.3,2010.3,112
2024-06-11 10:52:00,2011.25,2011.4,2011.25,2011.35,9
2024-06-11 10:53:00,2010.85,2010.85,2009.4,2009.4,57
2024-06-11 10:54:00,2009.4,2010.85,2009.4,2010.85,29
2024-06-11 10:55:00,2010.35,2010.35,2007.1,2009.25,84
2024-06-11 10:56:00,2009.25,2014.95,2009.25,2014.95,290
2024-06-11 10:57:00,2014.95,2014.95,2014.95,2014.95,3
2024-06-11 10:58:00,2014.95,2014.95,2014.95,2014.95,4
2024-06-11 10:59:00,2014.95,2015.0,2012.7,2015.0,49
2024-06-11 11:00:00,2015.8,2015.8,2012.0,2012.0,337
2024-06-11 11:01:00,2012.0,2013.95,2008.5,2009.1,93
2024-06-11 11:02:00,2010.8,2010.8,2008.0,2008.0,106
2024-06-11 11:03:00,2009.8,2009.8,2006.3,2006.3,42
2024-06-11 11:04:00,2008.2,2012.05,2008.2,2011.15,188
2024-06-11 11:05:00,2011.2,2011.2,2008.65,2008.65,7
2024-06-11 11:06:00,2011.25,2011.25,2011.25,2011.25,4
2024-06-11 11:07:00,2011.25,2011.25,2010.05,2011.25,13
2024-06-11 11:08:00,2011.25,2011.25,2011.25,2011.25,14
2024-06-11 11:09:00,2011.25,2011.25,2011.25,2011.25,3
2024-06-11 11:10:00,2011.25,2012.95,2008.85,2012.95,59
2024-06-11 11:11:00,2012.8,2013.15,2010.05,2012.7,16
2024-06-11 11:12:00,2012.65,2012.8,2012.65,2012.8,2
2024-06-11 11:13:00,2012.8,2012.8,2010.05,2012.45,21
2024-06-11 11:14:00,2012.45,2012.75,2012.45,2012.7,6
2024-06-11 11:15:00,2012.7,2012.7,2010.1,2012.7,7
2024-06-11 11:16:00,2012.7,2012.7,2009.8,2012.0,66
2024-06-11 11:17:00,2012.0,2012.05,2010.05,2012.05,10
2024-06-11 11:18:00,2012.2,2012.9,2012.2,2012.35,29
2024-06-11 11:19:00,2012.35,2013.2,2012.35,2013.2,6
2024-06-11 11:20:00,2013.25,2013.9,2013.25,2013.9,28
2024-06-11 11:21:00,2013.9,2014.0,2013.9,2014.0,3
2024-06-11 11:22:00,2014.0,2014.0,2011.7,2013.8,50
2024-06-11 11:23:00,2013.75,2013.75,2010.0,2010.0,102
2024-06-11 11:24:00,2010.0,2012.2,2010.0,2010.05,28
2024-06-11 11:25:00,2012.45,2013.05,2010.6,2010.6,27
2024-06-11 11:26:00,2010.6,2013.45,2010.25,2012.15,24
2024-06-11 11:27:00,2012.15,2012.5,2012.15,2012.5,2
2024-06-11 11:28:00,2012.5,2013.35,2012.5,2013.35,27
2024-06-11 11:29:00,2013.35,2013.45,2010.45,2013.05,55
2024-06-11 11:30:00,2013.45,2013.45,2013.45,2013.45,2
2024-06-11 11:31:00,2013.45,2013.45,2013.2,2013.2,2
2024-06-11 11:32:00,2013.1,2013.15,2012.95,2013.15,4
2024-06-11 11:33:00,2013.45,2013.45,2013.45,2013.45,13
2024-06-11 11:34:00,2013.45,2013.9,2010.0,2012.55,145
2024-06-11 11:35:00,2012.35,2012.35,2012.3,2012.35,3
2024-06-11 11:36:00,2012.35,2013.05,2012.35,2013.05,2
2024-06-11 11:37:00,2013.05,2013.65,2013.05,2013.45,24
2024-06-11 11:38:00,2013.45,2013.85,2013.45,2013.85,36
2024-06-11 11:39:00,2013.85,2014.0,2013.85,2013.95,185
2024-06-11 11:40:00,2013.9,2013.9,2011.05,2013.8,22
2024-06-11 11:41:00,2013.8,2013.8,2013.0,2013.0,4
2024-06-11 11:42:00,2013.0,2013.0,2000.0,2009.7,2036
2024-06-11 11:43:00,2009.7,2009.95,2007.05,2009.95,648
2024-06-11 11:44:00,2008.4,2010.8,2008.4,2010.8,20
2024-06-11 11:45:00,2010.8,2013.0,2010.8,2013.0,105
2024-06-11 11:46:00,2013.0,2013.95,2013.0,2013.95,57
2024-06-11 11:47:00,2013.95,2013.95,2011.5,2013.4,22
2024-06-11 11:48:00,2013.4,2013.45,2010.8,2010.8,19
2024-06-11 11:49:00,2010.8,2014.45,2010.75,2012.85,283
2024-06-11 11:50:00,2012.85,2012.85,2012.85,2012.85,2
2024-06-11 11:51:00,2012.85,2012.85,2012.85,2012.85,7
2024-06-11 11:52:00,2012.85,2012.85,2010.55,2012.75,9
2024-06-11 11:53:00,2012.75,2012.75,2010.05,2012.3,66
2024-06-11 11:54:00,2012.5,2012.75,2010.6,2012.75,6
2024-06-11 11:55:00,2012.8,2012.8,2010.35,2010.35,22
2024-06-11 11:56:00,2011.25,2011.25,2005.0,2005.0,202
2024-06-11 11:57:00,2006.9,2008.0,2006.9,2008.0,103
2024-06-11 11:58:00,2008.0,2011.2,2008.0,2011.2,3
2024-06-11 11:59:00,2011.5,2011.7,2011.5,2011.7,2
2024-06-11 12:00:00,2011.7,2011.9,2011.7,2011.9,2
2024-06-11 12:01:00,2011.9,2011.9,2011.9,2011.9,3
2024-06-11 12:02:00,2011.9,2011.9,2009.7,2009.7,9
2024-06-11 12:03:00,2010.3,2010.3,2010.3,2010.3,6
2024-06-11 12:04:00,2010.3,2010.3,2010.3,2010.3,2
2024-06-11 12:05:00,2010.0,2010.0,2010.0,2010.0,3
2024-06-11 12:06:00,2010.0,2010.0,2007.8,2009.85,6
2024-06-11 12:07:00,2009.85,2009.85,2009.0,2009.0,8
2024-06-11 12:08:00,2009.0,2009.0,2008.0,2008.0,10
2024-06-11 12:09:00,2008.0,2009.0,2007.75,2009.0,48
2024-06-11 12:10:00,2010.15,2010.15,2007.65,2007.65,239
2024-06-11 12:11:00,2009.5,2009.5,2007.6,2009.5,8
2024-06-11 12:12:00,2009.55,2009.65,2009.55,2009.65,2
2024-06-11 12:13:00,2010.05,2010.05,2009.9,2009.9,2
2024-06-11 12:14:00,2009.9,2009.9,2009.0,2009.0,2
2024-06-11 12:15:00,2009.0,2009.0,2009.0,2009.0,2
2024-06-11 12:16:00,2009.0,2009.0,2006.45,2008.45,57
2024-06-11 12:17:00,2008.45,2008.7,2008.45,2008.7,4
2024-06-11 12:18:00,2008.7,2008.7,2008.7,2008.7,3
2024-06-11 12:19:00,2008.7,2008.7,2008.0,2008.0,52
2024-06-11 12:20:00,2008.0,2010.65,2008.0,2010.05,109
2024-06-11 12:21:00,2010.05,2010.65,2008.3,2008.3,26
2024-06-11 12:22:00,2008.3,2009.9,2007.9,2009.9,28
2024-06-11 12:23:00,2009.85,2009.85,2005.1,2007.4,203
2024-06-11 12:24:00,2008.2,2008.2,2005.45,2005.45,18
2024-06-11 12:25:00,2007.5,2007.5,2007.45,2007.45,2
2024-06-11 12:26:00,2007.45,2007.45,2007.45,2007.45,7
2024-06-11 12:27:00,2007.45,2008.2,2005.4,2008.2,49
2024-06-11 12:28:00,2008.2,2011.0,2008.2,2011.0,71
2024-06-11 12:29:00,2011.0,2011.0,2008.65,2010.95,12
2024-06-11 12:30:00,2010.9,2011.2,2010.0,2011.2,39
2024-06-11 12:31:00,2011.2,2011.25,2008.75,2011.05,4
2024-06-11 12:32:00,2011.05,2011.05,2008.2,2008.2,56
2024-06-11 12:33:00,2010.05,2010.25,2008.0,2008.0,7
2024-06-11 12:34:00,2009.35,2009.35,2009.3,2009.3,3
2024-06-11 12:35:00,2008.95,2008.95,2008.9,2008.9,22
2024-06-11 12:36:00,2008.9,2008.9,2006.05,2006.05,23
2024-06-11 12:37:00,2006.6,2006.7,2005.0,2005.0,18
2024-06-11 12:38:00,2005.0,2006.7,2005.0,2006.7,12
2024-06-11 12:39:00,2005.0,2006.7,2005.0,2006.7,4
2024-06-11 12:40:00,2006.7,2006.7,2006.0,2006.0,2
2024-06-11 12:41:00,2006.0,2007.25,2006.0,2007.25,8
2024-06-11 12:42:00,2007.8,2008.4,2005.75,2008.4,5
2024-06-11 12:43:00,2008.95,2008.95,2008.6,2008.6,2
2024-06-11 12:44:00,2008.6,2008.6,2008.35,2008.35,3
2024-06-11 12:45:00,2008.4,2008.4,2008.4,2008.4,2
2024-06-11 12:46:00,2008.4,2008.4,2005.7,2005.7,27
2024-06-11 12:47:00,2007.95,2007.95,2007.95,2007.95,2
2024-06-11 12:48:00,2007.95,2007.95,2007.9,2007.95,4
2024-06-11 12:49:00,2007.95,2008.95,2007.95,2008.95,46
2024-06-11 12:50:00,2008.95,2008.95,2008.95,2008.95,11
2024-06-11 12:51:00,2008.95,2008.95,2008.95,2008.95,4
2024-06-11 12:52:00,2008.95,2008.95,2008.95,2008.95,6
2024-06-11 12:53:00,2008.95,2008.95,2008.95,2008.95,2
2024-06-11 12:54:00,2008.95,2008.95,2008.95,2008.95,2
2024-06-11 12:55:00,2008.95,2008.95,2008.95,2008.95,3
2024-06-11 12:56:00,2008.95,2009.2,2007.25,2009.2,24
2024-06-11 12:57:00,2009.2,2009.2,2009.15,2009.15,3
2024-06-11 12:58:00,2009.05,2009.15,2007.15,2007.15,9
2024-06-11 12:59:00,2007.15,2009.15,2006.75,2006.75,7
2024-06-11 13:00:00,2006.75,2007.9,2006.75,2007.9,8
2024-06-11 13:01:00,2007.9,2007.9,2007.9,2007.9,10
2024-06-11 13:02:00,2007.9,2007.9,2007.9,2007.9,0
2024-06-11 13:03:00,2007.9,2007.9,2007.9,2007.9,0
2024-06-11 13:04:00,2007.9,2007.9,2007.9,2007.9,0
2024-06-11 13:05:00,2007.9,2007.9,2007.9,2007.9,0
2024-06-11 13:06:00,2007.9,2007.9,2007.85,2007.85,3
2024-06-11 13:07:00,2007.85,2007.85,2007.85,2007.85,1
2024-06-11 13:08:00,2007.85,2007.9,2007.85,2007.85,15
2024-06-11 13:09:00,2007.85,2007.85,2007.85,2007.85,0
2024-06-11 13:10:00,2007.85,2007.85,2004.85,2004.85,20
2024-06-11 13:11:00,2004.85,2004.9,2004.85,2004.9,101
2024-06-11 13:12:00,2004.9,2004.9,2004.9,2004.9,0
2024-06-11 13:13:00,2004.9,2004.9,2004.9,2004.9,0
2024-06-11 13:14:00,2004.9,2004.9,2003.0,2003.9,35
2024-06-11 13:15:00,2003.9,2003.9,2000.55,2000.55,322
2024-06-11 13:16:00,2000.55,2001.0,2000.0,2001.0,173
2024-06-11 13:17:00,2001.0,2001.65,2000.0,2001.65,28
2024-06-11 13:18:00,2001.65,2001.65,2001.65,2001.65,0
2024-06-11 13:19:00,2001.65,2002.25,2001.65,2002.25,4
2024-06-11 13:20:00,2002.25,2002.25,2000.0,2002.15,27
2024-06-11 13:21:00,2002.15,2005.95,2002.15,2005.95,201
2024-06-11 13:22:00,2005.95,2006.7,2002.1,2003.35,121
2024-06-11 13:23:00,2003.35,2003.35,2003.3,2003.3,10
2024-06-11 13:24:00,2003.3,2003.3,2003.3,2003.3,0
2024-06-11 13:25:00,2003.3,2003.3,2000.2,2000.2,10
2024-06-11 13:26:00,2000.2,2003.25,2000.05,2003.2,17
2024-06-11 13:27:00,2003.2,2003.2,2000.05,2000.05,80
2024-06-11 13:28:00,2000.05,2000.05,2000.0,2000.05,45
2024-06-11 13:29:00,2000.05,2002.55,2000.05,2002.55,48
2024-06-11 13:30:00,2002.55,2002.55,2002.55,2002.55,100
2024-06-11 13:31:00,2002.55,2002.55,2002.0,2002.0,5
2024-06-11 13:32:00,2002.0,2002.0,2001.8,2001.85,11
2024-06-11 13:33:00,2001.85,2002.85,2001.0,2002.85,10
2024-06-11 13:34:00,2002.85,2002.85,1985.1,2001.35,1433
2024-06-11 13:35:00,2001.35,2001.35,1999.75,1999.75,53
2024-06-11 13:36:00,2002.9,2002.9,2000.3,2002.6,61
2024-06-11 13:37:00,2002.6,2002.6,1998.5,1998.5,203
2024-06-11 13:38:00,1998.5,1999.95,1998.5,1999.95,49
2024-06-11 13:39:00,1999.95,1999.95,1999.95,1999.95,0
2024-06-11 13:40:00,1999.95,1999.95,1999.75,1999.75,1
2024-06-11 13:41:00,1999.75,1999.75,1992.95,1994.9,1389
2024-06-11 13:42:00,1994.9,1995.6,1994.9,1995.6,35
2024-06-11 13:43:00,1995.6,1997.15,1995.6,1996.8,15
2024-06-11 13:44:00,1996.8,1996.9,1995.05,1995.05,2
2024-06-11 13:45:00,1995.05,1996.9,1995.05,1996.9,16
2024-06-11 13:46:00,1996.9,1996.95,1996.9,1996.95,4
2024-06-11 13:47:00,1996.95,1996.95,1995.1,1995.1,18
2024-06-11 13:48:00,1995.1,1995.1,1978.1,1989.5,2350
2024-06-11 13:49:00,1989.5,1989.5,1987.7,1989.5,70
2024-06-11 13:50:00,1989.5,1989.5,1989.0,1989.0,8
2024-06-11 13:51:00,1989.0,1991.75,1989.0,1991.75,59
2024-06-11 13:52:00,1991.75,1991.75,1974.05,1988.1,1140
2024-06-11 13:53:00,1989.25,1989.25,1986.5,1986.6,23
2024-06-11 13:54:00,1986.6,1988.7,1986.6,1988.7,63
2024-06-11 13:55:00,1988.7,1989.95,1986.65,1989.2,306
2024-06-11 13:56:00,1988.85,1989.4,1969.05,1983.7,1178
2024-06-11 13:57:00,1983.0,1984.7,1983.0,1984.7,71
2024-06-11 13:58:00,1984.7,1985.75,1984.7,1985.0,25
2024-06-11 13:59:00,1985.0,1985.35,1983.6,1985.35,30
2024-06-11 14:00:00,1985.0,1986.0,1983.55,1986.0,41
2024-06-11 14:01:00,1986.0,1986.45,1986.0,1986.2,54
2024-06-11 14:02:00,1986.2,1986.65,1983.0,1984.05,198
2024-06-11 14:03:00,1984.05,1984.95,1983.85,1984.95,149
2024-06-11 14:04:00,1984.95,1984.95,1980.0,1983.85,76
2024-06-11 14:05:00,1983.85,1984.05,1983.85,1984.05,12
2024-06-11 14:06:00,1984.05,1984.05,1980.8,1982.4,99
2024-06-11 14:07:00,1982.6,1983.95,1980.55,1980.85,94
2024-06-11 14:08:00,1980.85,1983.15,1980.85,1983.15,4
2024-06-11 14:09:00,1983.15,1983.15,1981.5,1982.4,88
2024-06-11 14:10:00,1982.4,1983.4,1980.4,1982.15,43
2024-06-11 14:11:00,1982.25,1985.95,1980.5,1985.95,78
2024-06-11 14:12:00,1985.95,1988.9,1985.95,1988.7,273
2024-06-11 14:13:00,1988.7,1988.7,1985.0,1987.3,20
2024-06-11 14:14:00,1987.3,1990.0,1987.3,1988.9,227
2024-06-11 14:15:00,1988.9,1989.95,1987.15,1989.05,51
2024-06-11 14:16:00,1989.05,1989.9,1981.7,1981.7,182
2024-06-11 14:17:00,1980.0,1982.95,1979.1,1982.95,344
2024-06-11 14:18:00,1982.95,1982.95,1982.8,1982.85,3
2024-06-11 14:19:00,1982.85,1982.85,1982.75,1982.75,51
2024-06-11 14:20:00,1982.75,1982.95,1982.15,1982.95,11
2024-06-11 14:21:00,1982.95,1983.0,1981.4,1981.4,30
2024-06-11 14:22:00,1981.4,1983.0,1981.4,1981.5,22
2024-06-11 14:23:00,1981.5,1983.0,1981.5,1983.0,17
2024-06-11 14:24:00,1983.0,1985.0,1982.95,1985.0,60
2024-06-11 14:25:00,1985.0,1988.45,1985.0,1988.45,193
2024-06-11 14:26:00,1988.45,1998.15,1988.45,1998.15,2063
2024-06-11 14:27:00,1998.15,1999.65,1995.65,1998.95,80
2024-06-11 14:28:00,1998.95,2003.3,1997.2,2003.3,257
2024-06-11 14:29:00,2003.3,2003.3,2000.95,2003.0,48
2024-06-11 14:30:00,2001.0,2002.95,2001.0,2002.9,139
2024-06-11 14:31:00,2002.9,2003.0,2002.9,2003.0,41
2024-06-11 14:32:00,2003.0,2003.0,2002.5,2002.5,1
2024-06-11 14:33:00,2002.5,2010.95,2000.9,2010.7,2686
2024-06-11 14:34:00,2010.7,2012.0,2009.75,2009.75,69
2024-06-11 14:35:00,2009.75,2011.45,2009.45,2009.45,112
2024-06-11 14:36:00,2009.45,2009.75,2006.95,2009.65,77
2024-06-11 14:37:00,2009.65,2009.65,2003.75,2006.8,312
2024-06-11 14:38:00,2006.8,2007.1,2006.8,2007.1,2
2024-06-11 14:39:00,2007.1,2009.95,2006.5,2007.6,153
2024-06-11 14:40:00,2007.6,2011.5,2007.6,2011.5,54
2024-06-11 14:41:00,2011.5,2011.5,2010.1,2011.5,59
2024-06-11 14:42:00,2011.5,2011.5,2011.0,2011.0,4
2024-06-11 14:43:00,2011.0,2011.0,2010.85,2011.0,13
2024-06-11 14:44:00,2011.0,2011.0,2008.9,2008.95,119
2024-06-11 14:45:00,2008.95,2010.75,2008.95,2010.75,78
2024-06-11 14:46:00,2010.75,2010.75,2008.7,2008.7,77
2024-06-11 14:47:00,2008.7,2011.0,2005.15,2010.0,474
2024-06-11 14:48:00,2010.0,2011.0,2010.0,2011.0,214
2024-06-11 14:49:00,2011.0,2011.0,2011.0,2011.0,2
2024-06-11 14:50:00,2010.05,2011.0,2010.0,2010.0,182
2024-06-11 14:51:00,2010.0,2010.95,2010.0,2010.95,1
2024-06-11 14:52:00,2010.95,2013.35,2010.95,2013.35,1515
2024-06-11 14:53:00,2013.35,2015.45,2011.25,2015.45,1584
2024-06-11 14:54:00,2015.45,2015.45,2012.75,2012.75,104
2024-06-11 14:55:00,2012.75,2013.2,2011.0,2011.0,93
2024-06-11 14:56:00,2011.0,2015.2,2011.0,2015.1,132
2024-06-11 14:57:00,2015.1,2015.1,2013.0,2014.9,18
2024-06-11 14:58:00,2014.9,2014.95,2012.9,2014.95,81
2024-06-11 14:59:00,2014.95,2014.95,2012.7,2014.0,43
2024-06-11 15:00:00,2014.0,2020.05,2011.1,2016.55,2098
2024-06-11 15:01:00,2015.25,2016.95,2014.85,2015.55,188
2024-06-11 15:02:00,2015.8,2020.0,2014.05,2017.95,537
2024-06-11 15:03:00,2016.4,2017.4,2015.05,2016.1,90
2024-06-11 15:04:00,2014.5,2018.0,2013.45,2018.0,133
2024-06-11 15:05:00,2018.0,2019.3,2016.3,2016.3,322
2024-06-11 15:06:00,2016.95,2021.6,2014.3,2014.9,918
2024-06-11 15:07:00,2014.9,2015.0,2013.2,2013.25,33
2024-06-11 15:08:00,2012.95,2014.3,2012.25,2014.3,10
2024-06-11 15:09:00,2012.25,2012.25,2012.0,2012.0,17
2024-06-11 15:10:00,2012.0,2014.45,2011.85,2014.25,43
2024-06-11 15:11:00,2012.1,2014.95,2012.1,2014.95,9
2024-06-11 15:12:00,2014.95,2014.95,2011.05,2014.7,272
2024-06-11 15:13:00,2014.7,2014.7,2011.6,2014.45,15
2024-06-11 15:14:00,2014.45,2014.45,2011.65,2011.85,46
2024-06-11 15:15:00,2011.85,2014.9,2011.5,2014.9,1822
2024-06-11 15:16:00,2014.85,2017.4,2014.85,2015.1,153
2024-06-11 15:17:00,2015.1,2015.8,2014.9,2015.8,12
2024-06-11 15:18:00,2014.9,2017.0,2014.9,2016.0,143
2024-06-11 15:19:00,2015.15,2017.4,2015.15,2015.4,26
2024-06-11 15:20:00,2015.4,2015.6,2010.0,2011.7,4105
2024-06-11 15:21:00,2009.1,2015.9,2009.1,2015.55,278
2024-06-11 15:22:00,2015.55,2015.55,2010.05,2010.3,83
2024-06-11 15:23:00,2010.3,2010.3,2010.0,2010.25,132
2024-06-11 15:24:00,2012.35,2013.65,2010.35,2013.5,35
2024-06-11 15:25:00,2013.5,2013.5,2010.0,2010.0,77
2024-06-11 15:26:00,2010.0,2011.0,2010.0,2011.0,19
2024-06-11 15:27:00,2011.0,2013.0,2009.95,2011.0,280
2024-06-11 15:28:00,2011.0,2011.0,2010.0,2010.95,115
2024-06-11 15:29:00,2010.95,2015.55,2010.95,2015.45,65
2024-06-12 09:15:00,2018.95,2029.25,2014.0,2029.25,1144
2024-06-12 09:16:00,2029.95,2034.9,2027.0,2034.9,1166
2024-06-12 09:17:00,2037.75,2037.75,2028.15,2034.85,717
2024-06-12 09:18:00,2036.05,2037.5,2029.05,2031.6,567
2024-06-12 09:19:00,2031.6,2035.0,2028.15,2031.5,259
2024-06-12 09:20:00,2031.5,2031.5,2025.0,2025.95,312
2024-06-12 09:21:00,2025.1,2028.2,2020.0,2022.85,334
2024-06-12 09:22:00,2023.0,2025.5,2021.0,2021.0,168
2024-06-12 09:23:00,2024.7,2024.7,2017.15,2017.95,520
2024-06-12 09:24:00,2017.95,2022.95,2017.95,2018.8,380
2024-06-12 09:25:00,2018.8,2019.6,2018.8,2019.6,60
2024-06-12 09:26:00,2019.6,2020.4,2016.05,2016.05,115
2024-06-12 09:27:00,2016.05,2018.95,2015.0,2015.95,203
2024-06-12 09:28:00,2015.95,2015.95,2009.1,2009.1,361
2024-06-12 09:29:00,2008.4,2011.95,2007.05,2011.45,194
2024-06-12 09:30:00,2012.6,2012.6,2008.5,2008.5,10
2024-06-12 09:31:00,2008.5,2011.0,2008.5,2008.55,30
2024-06-12 09:32:00,2008.55,2008.55,2007.25,2007.25,115
2024-06-12 09:33:00,2007.25,2009.25,2006.15,2006.2,281
2024-06-12 09:34:00,2006.2,2008.9,2003.2,2005.15,404
2024-06-12 09:35:00,2005.05,2007.95,2004.75,2004.75,197
2024-06-12 09:36:00,2004.75,2006.2,2004.0,2006.2,69
2024-06-12 09:37:00,2006.2,2006.2,2005.1,2005.1,8
2024-06-12 09:38:00,2005.1,2007.7,2005.1,2005.15,30
2024-06-12 09:39:00,2005.15,2007.95,2005.15,2007.95,41
2024-06-12 09:40:00,2005.8,2010.0,2005.8,2008.1,94
2024-06-12 09:41:00,2008.35,2010.7,2008.05,2008.05,35
2024-06-12 09:42:00,2008.05,2010.7,2007.7,2010.1,40
2024-06-12 09:43:00,2010.1,2011.7,2008.95,2008.95,62
2024-06-12 09:44:00,2008.95,2008.95,2007.5,2007.5,40
2024-06-12 09:45:00,2007.5,2008.95,2006.05,2008.95,121
2024-06-12 09:46:00,2008.95,2008.95,2008.95,2008.95,2
2024-06-12 09:47:00,2008.95,2008.95,2006.15,2006.15,11
2024-06-12 09:48:00,2006.15,2006.15,2005.0,2006.0,63
2024-06-12 09:49:00,2006.0,2008.1,2005.05,2006.0,50
2024-06-12 09:50:00,2008.25,2009.4,2006.0,2006.0,19
2024-06-12 09:51:00,2006.0,2009.15,2006.0,2006.0,10
2024-06-12 09:52:00,2006.0,2009.1,2006.0,2008.7,42
2024-06-12 09:53:00,2008.95,2009.25,2007.15,2007.2,8
2024-06-12 09:54:00,2007.2,2009.65,2007.2,2009.65,23
2024-06-12 09:55:00,2009.65,2009.65,2007.0,2007.0,127
2024-06-12 09:56:00,2007.0,2007.6,2005.05,2007.6,106
2024-06-12 09:57:00,2007.6,2007.6,2005.1,2007.6,97
2024-06-12 09:58:00,2007.6,2007.6,2005.05,2005.05,6
2024-06-12 09:59:00,2005.0,2006.8,2005.0,2005.2,80
2024-06-12 10:00:00,2005.2,2007.0,2005.2,2006.5,33
2024-06-12 10:01:00,2006.5,2007.0,2005.05,2006.35,76
2024-06-12 10:02:00,2006.35,2008.6,2006.35,2008.6,104
2024-06-12 10:03:00,2008.6,2009.0,2008.6,2008.8,52
2024-06-12 10:04:00,2008.8,2008.8,2006.85,2006.85,37
2024-06-12 10:05:00,2006.85,2009.0,2006.85,2009.0,7
2024-06-12 10:06:00,2009.0,2010.9,2008.65,2009.05,656
2024-06-12 10:07:00,2009.05,2009.4,2009.05,2009.4,5
2024-06-12 10:08:00,2009.4,2009.95,2009.4,2009.95,9
2024-06-12 10:09:00,2009.95,2009.95,2004.85,2006.0,338
2024-06-12 10:10:00,2005.95,2005.95,2005.0,2005.0,5
2024-06-12 10:11:00,2006.05,2006.05,2005.0,2005.0,14
2024-06-12 10:12:00,2005.0,2005.0,2004.0,2004.8,79
2024-06-12 10:13:00,2005.6,2005.7,2003.55,2003.55,34
2024-06-12 10:14:00,2003.55,2004.9,2003.55,2004.9,64
2024-06-12 10:15:00,2004.9,2004.9,2003.0,2003.0,20
2024-06-12 10:16:00,2003.0,2004.55,2003.0,2004.55,13
2024-06-12 10:17:00,2004.55,2004.55,2002.8,2004.05,126
2024-06-12 10:18:00,2004.05,2004.05,2001.05,2002.0,50
2024-06-12 10:19:00,2002.0,2002.8,2001.05,2002.05,400
2024-06-12 10:20:00,2002.05,2003.85,2002.05,2003.85,12
2024-06-12 10:21:00,2002.05,2004.5,2002.05,2004.05,67
2024-06-12 10:22:00,2004.05,2004.05,2003.05,2003.05,38
2024-06-12 10:23:00,2003.05,2004.55,2002.05,2003.1,78
2024-06-12 10:24:00,2003.1,2004.65,2002.65,2004.65,7
2024-06-12 10:25:00,2004.65,2004.65,2002.05,2002.05,17
2024-06-12 10:26:00,2002.05,2003.0,2002.0,2002.0,68
2024-06-12 10:27:00,2002.0,2002.0,1995.95,1995.95,986
2024-06-12 10:28:00,1996.0,1998.6,1995.95,1998.55,35
2024-06-12 10:29:00,1998.55,1998.55,1995.2,1995.25,163
2024-06-12 10:30:00,1995.25,1997.8,1990.5,1990.5,380
2024-06-12 10:31:00,1990.5,1994.9,1990.05,1992.75,78
2024-06-12 10:32:00,1992.75,1996.1,1992.75,1993.3,8
2024-06-12 10:33:00,1993.3,1996.45,1993.3,1994.15,104
2024-06-12 10:34:00,1996.4,1996.4,1993.0,1995.05,280
2024-06-12 10:35:00,1995.05,2001.05,1995.05,1998.7,1310
2024-06-12 10:36:00,1998.7,2001.05,1998.7,2001.05,159
2024-06-12 10:37:00,2001.05,2003.0,2001.0,2001.0,41
2024-06-12 10:38:00,2001.0,2003.0,2000.3,2000.3,45
2024-06-12 10:39:00,2000.3,2003.85,2000.3,2003.85,128
2024-06-12 10:40:00,2003.85,2003.85,2000.7,2002.55,53
2024-06-12 10:41:00,2002.55,2002.55,2000.4,2000.4,40
2024-06-12 10:42:00,2003.0,2003.0,2000.0,2003.0,177
2024-06-12 10:43:00,2003.0,2003.0,2000.0,2000.0,105
2024-06-12 10:44:00,2000.0,2003.0,2000.0,2003.0,11
2024-06-12 10:45:00,2003.0,2003.45,2003.0,2003.0,10
2024-06-12 10:46:00,2003.0,2003.0,2001.15,2001.3,98
2024-06-12 10:47:00,2001.3,2003.0,2001.3,2003.0,59
2024-06-12 10:48:00,2003.0,2003.0,2003.0,2003.0,5
2024-06-12 10:49:00,2003.0,2003.0,2000.05,2000.05,50
2024-06-12 10:50:00,2000.05,2000.05,2000.0,2000.0,142
2024-06-12 10:51:00,2000.0,2002.85,2000.0,2002.55,52
2024-06-12 10:52:00,2002.55,2002.55,2002.55,2002.55,0
2024-06-12 10:53:00,2002.55,2002.95,2000.3,2000.3,39
2024-06-12 10:54:00,2000.3,2002.4,1999.55,2001.55,97
2024-06-12 10:55:00,2001.55,2002.0,2001.55,2002.0,12
2024-06-12 10:56:00,2002.0,2002.0,2002.0,2002.0,7
2024-06-12 10:57:00,2002.0,2002.0,2000.05,2000.05,2
2024-06-12 10:58:00,2001.95,2009.1,2000.7,2009.1,1348
2024-06-12 10:59:00,2009.1,2009.1,2005.65,2006.9,62
2024-06-12 11:00:00,2007.2,2008.25,2007.2,2007.3,14
2024-06-12 11:01:00,2007.3,2007.3,2004.95,2007.15,2
2024-06-12 11:02:00,2007.15,2007.15,2007.15,2007.15,10
2024-06-12 11:03:00,2007.15,2007.15,2007.15,2007.15,1
2024-06-12 11:04:00,2007.15,2007.3,2007.15,2007.3,121
2024-06-12 11:05:00,2006.8,2008.9,2006.8,2008.9,213
2024-06-12 11:06:00,2008.9,2012.75,2008.9,2010.6,84
2024-06-12 11:07:00,2010.6,2013.3,2010.6,2011.05,15
2024-06-12 11:08:00,2012.6,2013.2,2012.6,2013.2,7
2024-06-12 11:09:00,2013.2,2014.15,2013.2,2014.15,14
2024-06-12 11:10:00,2014.15,2019.95,2014.15,2019.95,492
2024-06-12 11:11:00,2017.45,2017.45,2016.45,2017.0,36
2024-06-12 11:12:00,2017.0,2017.0,2014.1,2014.1,50
2024-06-12 11:13:00,2014.1,2015.85,2012.85,2015.85,49
2024-06-12 11:14:00,2015.85,2015.85,2013.2,2013.9,18
2024-06-12 11:15:00,2013.9,2015.0,2013.9,2015.0,48
2024-06-12 11:16:00,2015.0,2016.0,2013.2,2016.0,35
2024-06-12 11:17:00,2015.85,2016.0,2015.85,2016.0,56
2024-06-12 11:18:00,2016.0,2016.0,2015.95,2015.95,26
2024-06-12 11:19:00,2015.95,2015.95,2015.0,2015.0,4
2024-06-12 11:20:00,2015.0,2015.85,2015.0,2015.0,99
2024-06-12 11:21:00,2015.0,2015.85,2013.1,2013.1,6
2024-06-12 11:22:00,2013.1,2015.9,2013.1,2015.9,110
2024-06-12 11:23:00,2015.9,2015.9,2012.75,2012.75,27
2024-06-12 11:24:00,2012.75,2015.8,2011.05,2015.8,173
2024-06-12 11:25:00,2015.8,2015.8,2012.85,2013.4,38
2024-06-12 11:26:00,2013.4,2013.4,2011.55,2011.55,20
2024-06-12 11:27:00,2011.55,2013.25,2011.15,2013.25,8
2024-06-12 11:28:00,2013.25,2013.35,2011.1,2013.35,15
2024-06-12 11:29:00,2013.35,2013.4,2011.1,2011.25,33
2024-06-12 11:30:00,2011.25,2013.4,2011.1,2013.4,27
2024-06-12 11:31:00,2013.4,2013.4,2013.3,2013.3,3
2024-06-12 11:32:00,2013.3,2013.55,2009.05,2009.05,224
2024-06-12 11:33:00,2009.05,2009.05,2009.0,2009.0,21
2024-06-12 11:34:00,2009.0,2009.0,2009.0,2009.0,7
2024-06-12 11:35:00,2009.0,2010.5,2008.3,2008.35,34
2024-06-12 11:36:00,2008.35,2008.35,2007.7,2007.7,58
2024-06-12 11:37:00,2007.7,2011.4,2007.7,2010.45,28
2024-06-12 11:38:00,2010.45,2013.4,2010.45,2011.6,51
2024-06-12 11:39:00,2011.6,2011.65,2011.6,2011.65,5
2024-06-12 11:40:00,2011.65,2013.55,2011.65,2013.55,70
2024-06-12 11:41:00,2013.55,2013.55,2013.55,2013.55,9
2024-06-12 11:42:00,2013.55,2013.6,2013.55,2013.6,0
2024-06-12 11:43:00,2013.6,2013.6,2011.7,2011.7,24
2024-06-12 11:44:00,2011.7,2011.7,2011.7,2011.7,0
2024-06-12 11:45:00,2011.7,2011.7,2010.0,2010.0,10
2024-06-12 11:46:00,2010.0,2013.6,2010.0,2013.6,89
2024-06-12 11:47:00,2013.6,2013.6,2012.25,2012.25,50
2024-06-12 11:48:00,2012.25,2013.6,2012.25,2012.75,5
2024-06-12 11:49:00,2012.75,2014.05,2012.65,2012.65,16
2024-06-12 11:50:00,2012.65,2015.2,2012.65,2014.05,362
2024-06-12 11:51:00,2014.05,2014.05,2014.05,2014.05,0
2024-06-12 11:52:00,2014.05,2015.85,2014.05,2014.5,38
2024-06-12 11:53:00,2014.5,2014.5,2012.5,2012.5,10
2024-06-12 11:54:00,2012.5,2014.45,2012.5,2014.45,9
2024-06-12 11:55:00,2014.5,2015.0,2014.5,2015.0,264
2024-06-12 11:56:00,2015.0,2015.0,2015.0,2015.0,4
2024-06-12 11:57:00,2015.0,2015.0,2012.25,2012.25,164
2024-06-12 11:58:00,2012.25,2014.5,2012.1,2012.1,29
2024-06-12 11:59:00,2012.1,2014.5,2012.1,2012.45,22
2024-06-12 12:00:00,2012.45,2014.4,2012.45,2014.4,15
2024-06-12 12:01:00,2014.4,2014.4,2014.4,2014.4,0
2024-06-12 12:02:00,2014.25,2018.65,2014.25,2018.65,376
2024-06-12 12:03:00,2018.65,2018.75,2016.1,2016.1,26
2024-06-12 12:04:00,2016.1,2017.85,2015.8,2017.85,28
2024-06-12 12:05:00,2017.85,2017.9,2014.8,2014.8,545
2024-06-12 12:06:00,2014.8,2017.0,2014.5,2014.5,6
2024-06-12 12:07:00,2014.5,2014.5,2014.5,2014.5,0
2024-06-12 12:08:00,2014.5,2014.5,2014.0,2014.45,44
2024-06-12 12:09:00,2014.45,2014.45,2012.45,2012.45,1
2024-06-12 12:10:00,2013.95,2014.0,2012.45,2014.0,9
2024-06-12 12:11:00,2014.0,2014.0,2014.0,2014.0,3
2024-06-12 12:12:00,2014.0,2014.0,2012.0,2014.0,86
2024-06-12 12:13:00,2014.0,2014.0,2014.0,2014.0,0
2024-06-12 12:14:00,2014.0,2016.8,2014.0,2016.8,40
2024-06-12 12:15:00,2016.8,2016.8,2014.15,2014.15,2
2024-06-12 12:16:00,2014.15,2014.15,2014.15,2014.15,0
2024-06-12 12:17:00,2014.15,2014.15,2014.15,2014.15,0
2024-06-12 12:18:00,2014.15,2014.75,2012.8,2014.75,115
2024-06-12 12:19:00,2014.75,2014.75,2012.0,2012.0,221
2024-06-12 12:20:00,2012.0,2012.0,2010.1,2010.1,111
2024-06-12 12:21:00,2010.1,2010.1,2006.8,2009.65,490
2024-06-12 12:22:00,2009.65,2009.65,2009.65,2009.65,0
2024-06-12 12:23:00,2009.65,2009.65,2007.05,2007.05,1
2024-06-12 12:24:00,2007.05,2007.05,2006.6,2006.6,15
2024-06-12 12:25:00,2006.6,2006.6,2006.6,2006.6,0
2024-06-12 12:26:00,2006.6,2006.7,2006.6,2006.7,27
2024-06-12 12:27:00,2006.7,2006.7,2006.7,2006.7,0
2024-06-12 12:28:00,2006.7,2007.9,2006.7,2006.7,3
2024-06-12 12:29:00,2006.7,2007.9,2006.7,2007.9,2
2024-06-12 12:30:00,2007.9,2008.55,2007.9,2008.55,4
2024-06-12 12:31:00,2008.55,2009.2,2008.55,2009.2,5
2024-06-12 12:32:00,2009.2,2009.2,2007.1,2007.1,15
2024-06-12 12:33:00,2007.1,2007.1,2006.7,2006.7,15
2024-06-12 12:34:00,2006.7,2008.6,2006.7,2008.6,1
2024-06-12 12:35:00,2008.6,2008.6,2006.7,2006.7,3
2024-06-12 12:36:00,2006.7,2006.7,2006.7,2006.7,0
2024-06-12 12:37:00,2006.7,2008.85,2006.7,2008.05,16
2024-06-12 12:38:00,2008.05,2008.05,2008.05,2008.05,0
2024-06-12 12:39:00,2008.05,2008.95,2008.05,2008.95,3
2024-06-12 12:40:00,2008.95,2008.95,2008.95,2008.95,22
2024-06-12 12:41:00,2008.95,2008.95,2008.95,2008.95,12
2024-06-12 12:42:00,2008.95,2008.95,2008.05,2008.95,7
2024-06-12 12:43:00,2008.95,2008.95,2008.95,2008.95,8
2024-06-12 12:44:00,2008.95,2008.95,2008.05,2008.05,25
2024-06-12 12:45:00,2008.05,2008.95,2008.05,2008.95,6
2024-06-12 12:46:00,2008.95,2008.95,2008.9,2008.95,14
2024-06-12 12:47:00,2008.95,2008.95,2008.95,2008.95,1
2024-06-12 12:48:00,2008.95,2008.95,2008.05,2008.05,3
2024-06-12 12:49:00,2008.05,2008.95,2008.05,2008.95,5
2024-06-12 12:50:00,2008.95,2008.95,2008.05,2008.05,27
2024-06-12 12:51:00,2008.05,2010.0,2008.05,2010.0,9
2024-06-12 12:52:00,2010.0,2010.0,2010.0,2010.0,1
2024-06-12 12:53:00,2007.05,2007.05,2007.05,2007.05,50
2024-06-12 12:54:00,2007.05,2007.05,2007.05,2007.05,3
2024-06-12 12:55:00,2007.05,2008.0,2007.05,2008.0,35
2024-06-12 12:56:00,2008.0,2008.0,2005.0,2005.0,135
2024-06-12 12:57:00,2005.0,2006.5,2005.0,2005.0,12
2024-06-12 12:58:00,2005.0,2005.0,2005.0,2005.0,2
2024-06-12 12:59:00,2005.0,2007.45,2005.0,2007.45,8
2024-06-12 13:00:00,2007.45,2007.45,2007.25,2007.25,3
2024-06-12 13:01:00,2005.15,2005.15,2005.15,2005.15,5
2024-06-12 13:02:00,2005.15,2007.95,2005.15,2007.75,51
2024-06-12 13:03:00,2008.65,2008.9,2008.65,2008.9,75
2024-06-12 13:04:00,2008.9,2008.9,2006.1,2006.1,20
2024-06-12 13:05:00,2006.1,2006.1,2006.1,2006.1,0
2024-06-12 13:06:00,2006.1,2008.55,2005.7,2005.7,41
2024-06-12 13:07:00,2005.7,2007.9,2005.7,2007.9,67
2024-06-12 13:08:00,2007.9,2007.9,2007.9,2007.9,20
2024-06-12 13:09:00,2007.9,2007.9,2007.9,2007.9,0
2024-06-12 13:10:00,2007.9,2008.8,2007.05,2008.8,14
2024-06-12 13:11:00,2008.8,2008.8,2007.05,2007.05,14
2024-06-12 13:12:00,2007.05,2008.9,2007.05,2008.9,5
2024-06-12 13:13:00,2008.9,2008.9,2007.0,2007.0,67
2024-06-12 13:14:00,2007.0,2007.75,2007.0,2007.75,13
2024-06-12 13:15:00,2007.75,2009.6,2007.05,2009.6,46
2024-06-12 13:16:00,2009.6,2009.6,2006.65,2006.7,31
2024-06-12 13:17:00,2006.7,2006.7,2006.7,2006.7,0
2024-06-12 13:18:00,2006.7,2006.7,2006.7,2006.7,2
2024-06-12 13:19:00,2006.7,2006.7,2006.7,2006.7,0
2024-06-12 13:20:00,2006.7,2006.7,2006.3,2006.3,142
2024-06-12 13:21:00,2006.7,2006.7,2005.0,2005.0,21
2024-06-12 13:22:00,2005.0,2006.7,2005.0,2006.7,6
2024-06-12 13:23:00,2006.7,2008.95,2006.4,2008.85,152
2024-06-12 13:24:00,2008.85,2008.85,2008.85,2008.85,0
2024-06-12 13:25:00,2008.85,2008.9,2008.85,2008.9,1
2024-06-12 13:26:00,2008.9,2008.9,2008.9,2008.9,0
2024-06-12 13:27:00,2008.9,2008.9,2008.85,2008.85,1
2024-06-12 13:28:00,2008.85,2008.85,2007.35,2007.35,2
2024-06-12 13:29:00,2007.35,2009.0,2007.35,2009.0,55
2024-06-12 13:30:00,2009.0,2009.0,2007.1,2007.1,60
2024-06-12 13:31:00,2007.1,2007.1,2006.0,2006.15,40
2024-06-12 13:32:00,2006.15,2007.55,2005.55,2007.55,22
2024-06-12 13:33:00,2007.55,2007.55,2007.55,2007.55,4
2024-06-12 13:34:00,2007.55,2007.7,2005.55,2007.7,74
2024-06-12 13:35:00,2007.7,2007.7,2007.6,2007.6,1
2024-06-12 13:36:00,2007.6,2007.6,2007.6,2007.6,0
2024-06-12 13:37:00,2007.6,2008.0,2007.6,2008.0,20
2024-06-12 13:38:00,2008.0,2009.5,2008.0,2009.5,10
2024-06-12 13:39:00,2009.5,2009.5,1980.0,2003.25,3145
2024-06-12 13:40:00,2003.25,2003.25,2000.0,2001.0,181
2024-06-12 13:41:00,2001.0,2001.8,1999.6,1999.6,93
2024-06-12 13:42:00,1999.6,2001.7,1999.45,1999.45,86
2024-06-12 13:43:00,1999.45,2001.7,1999.45,1999.75,6
2024-06-12 13:44:00,1999.75,2001.7,1999.75,2000.05,30
2024-06-12 13:45:00,2000.05,2003.05,2000.05,2003.05,102
2024-06-12 13:46:00,2003.05,2003.65,2003.05,2003.65,36
2024-06-12 13:47:00,2003.65,2007.45,2003.65,2005.85,54
2024-06-12 13:48:00,2005.85,2008.35,2005.85,2008.35,10
2024-06-12 13:49:00,2008.35,2008.65,2008.35,2008.65,1
2024-06-12 13:50:00,2008.65,2008.75,2005.95,2006.9,126
2024-06-12 13:51:00,2006.9,2006.9,2006.9,2006.9,0
2024-06-12 13:52:00,2005.65,2005.95,2005.35,2005.95,67
2024-06-12 13:53:00,2005.95,2005.95,2005.0,2005.35,24
2024-06-12 13:54:00,2005.35,2005.35,2005.35,2005.35,0
2024-06-12 13:55:00,2006.0,2006.0,2006.0,2006.0,68
2024-06-12 13:56:00,2006.0,2006.05,2006.0,2006.05,1
2024-06-12 13:57:00,2006.05,2008.4,2006.05,2008.4,10
2024-06-12 13:58:00,2008.4,2008.4,2008.0,2008.4,29
2024-06-12 13:59:00,2008.4,2008.4,2007.0,2007.95,53
2024-06-12 14:00:00,2007.95,2008.7,2007.95,2008.7,15
2024-06-12 14:01:00,2008.7,2008.7,2005.9,2006.95,35
2024-06-12 14:02:00,2006.95,2006.95,2003.95,2003.95,25
2024-06-12 14:03:00,2003.95,2003.95,2000.0,2000.0,149
2024-06-12 14:04:00,2000.0,2000.0,2000.0,2000.0,24
2024-06-12 14:05:00,2000.0,2003.5,2000.0,2000.15,45
2024-06-12 14:06:00,2000.15,2003.95,2000.0,2000.1,132
2024-06-12 14:07:00,2000.1,2003.95,2000.1,2000.85,61
2024-06-12 14:08:00,2003.45,2003.5,2000.55,2000.55,129
2024-06-12 14:09:00,2000.55,2000.55,2000.4,2000.4,14
2024-06-12 14:10:00,2000.15,2002.4,2000.15,2000.2,28
2024-06-12 14:11:00,2000.2,2003.15,2000.2,2000.35,39
2024-06-12 14:12:00,2000.35,2003.35,2000.35,2002.0,17
2024-06-12 14:13:00,2002.0,2003.45,2001.3,2001.35,89
2024-06-12 14:14:00,2001.35,2001.35,2000.2,2001.25,395
2024-06-12 14:15:00,2001.25,2001.35,2000.45,2000.45,17
2024-06-12 14:16:00,2000.45,2001.0,2000.2,2000.2,14
2024-06-12 14:17:00,2000.2,2001.35,2000.2,2001.05,19
2024-06-12 14:18:00,2001.0,2003.25,2001.0,2001.35,43
2024-06-12 14:19:00,2001.35,2001.35,2001.15,2001.15,17
2024-06-12 14:20:00,2001.0,2001.25,2001.0,2001.25,16
2024-06-12 14:21:00,2001.25,2003.2,2001.25,2001.65,24
2024-06-12 14:22:00,2003.2,2004.45,2002.1,2002.1,108
2024-06-12 14:23:00,2002.1,2003.65,2001.1,2001.15,34
2024-06-12 14:24:00,2001.15,2001.2,2001.1,2001.1,14
2024-06-12 14:25:00,2001.1,2003.75,2001.1,2002.5,51
2024-06-12 14:26:00,2002.5,2002.5,2001.1,2001.1,16
2024-06-12 14:27:00,2001.1,2001.15,2001.1,2001.1,22
2024-06-12 14:28:00,2001.1,2001.15,2001.1,2001.1,18
2024-06-12 14:29:00,2001.1,2003.4,2001.1,2001.65,27
2024-06-12 14:30:00,2001.65,2003.9,2001.2,2001.45,88
2024-06-12 14:31:00,2001.45,2004.85,2001.45,2003.65,44
2024-06-12 14:32:00,2004.35,2007.7,2004.35,2005.85,127
2024-06-12 14:33:00,2005.85,2007.15,2003.8,2003.85,17
2024-06-12 14:34:00,2003.85,2003.85,2002.05,2002.05,14
2024-06-12 14:35:00,2001.95,2004.9,2001.95,2004.9,18
2024-06-12 14:36:00,2004.9,2004.95,2002.7,2002.7,16
2024-06-12 14:37:00,2002.7,2004.8,2002.15,2002.7,31
2024-06-12 14:38:00,2002.65,2004.4,2001.65,2001.65,237
2024-06-12 14:39:00,2001.65,2003.85,2001.35,2001.4,34
2024-06-12 14:40:00,2001.4,2004.1,2001.35,2001.8,27
2024-06-12 14:41:00,2001.8,2004.55,2001.8,2002.15,339
2024-06-12 14:42:00,2002.15,2002.15,2002.15,2002.15,14
2024-06-12 14:43:00,2002.15,2002.15,2002.1,2002.15,16
2024-06-12 14:44:00,2002.15,2004.45,2002.15,2004.45,18
2024-06-12 14:45:00,2005.0,2006.35,2004.15,2004.15,74
2024-06-12 14:46:00,2006.6,2010.35,2006.6,2010.35,478
2024-06-12 14:47:00,2010.35,2010.35,2010.3,2010.3,1
2024-06-12 14:48:00,2010.3,2010.95,2008.05,2008.05,35
2024-06-12 14:49:00,2008.05,2008.05,2008.05,2008.05,0
2024-06-12 14:50:00,2008.05,2010.0,2007.05,2007.05,136
2024-06-12 14:51:00,2007.05,2007.4,2004.4,2004.4,152
2024-06-12 14:52:00,2004.4,2008.3,2004.4,2008.3,32
2024-06-12 14:53:00,2008.3,2008.3,2005.3,2005.3,2
2024-06-12 14:54:00,2005.3,2007.55,2005.3,2007.55,2
2024-06-12 14:55:00,2006.2,2008.25,2005.9,2008.25,20
2024-06-12 14:56:00,2008.25,2008.25,2002.1,2002.1,341
2024-06-12 14:57:00,2002.1,2006.9,2002.1,2004.9,148
2024-06-12 14:58:00,2004.9,2007.1,2004.9,2007.1,5
2024-06-12 14:59:00,2007.1,2007.95,2004.95,2007.15,18
2024-06-12 15:00:00,2007.15,2009.95,2007.15,2009.35,200
2024-06-12 15:01:00,2009.35,2010.95,2008.6,2008.9,136
2024-06-12 15:02:00,2008.9,2008.9,2008.2,2008.4,53
2024-06-12 15:03:00,2008.4,2008.65,2007.0,2007.0,18
2024-06-12 15:04:00,2007.0,2008.65,2006.55,2006.7,160
2024-06-12 15:05:00,2006.7,2006.7,2005.1,2005.1,87
2024-06-12 15:06:00,2005.1,2008.0,2005.1,2007.95,66
2024-06-12 15:07:00,2007.95,2008.9,2007.7,2007.7,98
2024-06-12 15:08:00,2007.7,2008.9,2007.5,2008.0,47
2024-06-12 15:09:00,2006.65,2007.9,2006.25,2007.9,48
2024-06-12 15:10:00,2007.9,2007.95,2005.7,2007.85,17
2024-06-12 15:11:00,2007.85,2007.85,2007.0,2007.0,8
2024-06-12 15:12:00,2007.0,2008.9,2004.85,2008.9,251
2024-06-12 15:13:00,2008.9,2008.9,2007.75,2007.75,18
2024-06-12 15:14:00,2007.75,2011.0,2007.75,2007.75,196
2024-06-12 15:15:00,2007.75,2007.75,2004.45,2004.45,162
2024-06-12 15:16:00,2004.45,2010.0,2004.45,2009.0,106
2024-06-12 15:17:00,2009.0,2009.0,2003.7,2003.7,53
2024-06-12 15:18:00,2003.7,2007.15,2003.7,2006.75,116
2024-06-12 15:19:00,2003.8,2006.65,2003.8,2006.6,239
2024-06-12 15:20:00,2006.6,2006.6,2002.2,2002.95,196
2024-06-12 15:21:00,2002.95,2003.95,2002.15,2002.95,134
2024-06-12 15:22:00,2002.9,2002.9,2000.4,2000.4,109
2024-06-12 15:23:00,2000.4,2019.95,2000.05,2019.95,2002
2024-06-12 15:24:00,2019.95,2019.95,2014.45,2015.45,181
2024-06-12 15:25:00,2015.45,2016.0,2011.5,2015.75,241
2024-06-12 15:26:00,2015.75,2015.75,2011.05,2011.95,165
2024-06-12 15:27:00,2011.95,2014.75,2011.95,2014.75,240
2024-06-12 15:28:00,2014.75,2014.75,2012.05,2013.95,183
2024-06-12 15:29:00,2013.9,2014.6,2005.2,2013.5,297
2024-06-13 09:15:00,2020.0,2027.35,2000.8,2023.75,818
2024-06-13 09:16:00,2023.75,2026.85,2018.4,2018.4,111
2024-06-13 09:17:00,2018.4,2020.5,2018.4,2020.0,135
2024-06-13 09:18:00,2019.95,2020.0,2019.95,2020.0,110
2024-06-13 09:19:00,2020.0,2020.35,2016.95,2016.95,84
2024-06-13 09:20:00,2016.95,2019.85,2015.55,2015.85,107
2024-06-13 09:21:00,2015.85,2015.85,2011.4,2011.4,202
2024-06-13 09:22:00,2011.4,2013.0,2011.4,2013.0,69
2024-06-13 09:23:00,2013.0,2014.35,2012.6,2012.6,233
2024-06-13 09:24:00,2012.6,2012.6,2011.15,2011.15,52
2024-06-13 09:25:00,2011.15,2014.0,2011.15,2011.15,16
2024-06-13 09:26:00,2011.0,2011.0,2010.2,2010.2,33
2024-06-13 09:27:00,2010.2,2010.2,2010.2,2010.2,20
2024-06-13 09:28:00,2010.2,2015.45,2010.2,2015.45,192
2024-06-13 09:29:00,2015.45,2016.05,2013.7,2013.7,124
2024-06-13 09:30:00,2013.7,2017.75,2013.7,2017.5,176
2024-06-13 09:31:00,2017.5,2017.5,2012.6,2012.6,68
2024-06-13 09:32:00,2012.6,2013.1,2012.6,2013.1,5
2024-06-13 09:33:00,2013.1,2017.75,2013.1,2015.0,290
2024-06-13 09:34:00,2015.0,2019.6,2015.0,2019.6,55
2024-06-13 09:35:00,2019.6,2019.6,2018.15,2019.0,114
2024-06-13 09:36:00,2019.0,2019.0,2018.65,2019.0,2
2024-06-13 09:37:00,2019.0,2019.95,2017.85,2019.55,51
2024-06-13 09:38:00,2019.55,2019.55,2019.55,2019.55,0
2024-06-13 09:39:00,2019.55,2019.55,2016.9,2016.9,15
2024-06-13 09:40:00,2016.9,2018.95,2015.1,2015.9,269
2024-06-13 09:41:00,2015.9,2015.9,2012.05,2012.05,22
2024-06-13 09:42:00,2012.05,2014.05,2012.05,2014.05,6
2024-06-13 09:43:00,2014.05,2014.95,2012.0,2012.95,144
2024-06-13 09:44:00,2012.95,2013.15,2010.0,2013.15,58
2024-06-13 09:45:00,2013.15,2013.25,2013.15,2013.2,11
2024-06-13 09:46:00,2013.2,2013.2,2010.2,2013.0,15
2024-06-13 09:47:00,2013.0,2013.25,2013.0,2013.25,18
2024-06-13 09:48:00,2013.25,2013.25,2010.9,2010.9,20
2024-06-13 09:49:00,2010.05,2010.05,2007.0,2007.0,310
2024-06-13 09:50:00,2007.0,2011.05,2007.0,2011.05,11
2024-06-13 09:51:00,2011.05,2011.05,2003.55,2009.0,1799
2024-06-13 09:52:00,2009.0,2009.0,2007.0,2007.55,615
2024-06-13 09:53:00,2007.55,2007.55,2005.95,2006.05,38
2024-06-13 09:54:00,2006.05,2009.15,2006.05,2009.15,327
2024-06-13 09:55:00,2008.1,2014.25,2008.1,2014.25,215
2024-06-13 09:56:00,2014.25,2014.5,2011.25,2011.25,26
2024-06-13 09:57:00,2011.25,2013.95,2011.25,2013.95,1
2024-06-13 09:58:00,2013.95,2013.95,2013.95,2013.95,1
2024-06-13 09:59:00,2013.95,2014.0,2009.15,2012.95,147
2024-06-13 10:00:00,2012.95,2013.5,2010.3,2010.3,36
2024-06-13 10:01:00,2010.3,2010.3,2010.3,2010.3,2
2024-06-13 10:02:00,2010.3,2012.75,2010.0,2010.0,53
2024-06-13 10:03:00,2010.0,2010.0,2010.0,2010.0,0
2024-06-13 10:04:00,2011.95,2011.95,2007.15,2007.95,1031
2024-06-13 10:05:00,2007.95,2007.95,2003.6,2006.9,56
2024-06-13 10:06:00,2006.9,2007.45,2006.25,2006.4,12
2024-06-13 10:07:00,2006.4,2007.25,2004.6,2006.4,34
2024-06-13 10:08:00,2006.4,2007.0,2006.4,2007.0,29
2024-06-13 10:09:00,2007.0,2008.55,2005.05,2007.85,141
2024-06-13 10:10:00,2007.85,2008.15,2007.85,2008.15,7
2024-06-13 10:11:00,2008.15,2008.8,2005.25,2008.8,31
2024-06-13 10:12:00,2008.8,2008.8,2005.0,2005.0,29
2024-06-13 10:13:00,2005.0,2007.0,2005.0,2006.95,20
2024-06-13 10:14:00,2006.95,2006.95,2004.75,2004.75,5
2024-06-13 10:15:00,2004.75,2008.15,2004.75,2008.15,37
2024-06-13 10:16:00,2008.4,2008.4,2005.0,2005.0,5
2024-06-13 10:17:00,2005.0,2005.0,2005.0,2005.0,13
2024-06-13 10:18:00,2005.0,2007.7,2005.0,2007.7,3
2024-06-13 10:19:00,2007.7,2007.7,2005.05,2007.0,11
2024-06-13 10:20:00,2007.0,2008.45,2007.0,2007.0,42
2024-06-13 10:21:00,2007.0,2007.0,2005.15,2005.15,35
2024-06-13 10:22:00,2007.35,2009.0,2007.35,2009.0,28
2024-06-13 10:23:00,2009.0,2009.0,2005.2,2005.4,192
2024-06-13 10:24:00,2005.4,2008.0,2005.4,2008.0,40
2024-06-13 10:25:00,2008.0,2008.55,2007.85,2008.55,93
2024-06-13 10:26:00,2010.0,2012.5,2009.4,2009.4,401
2024-06-13 10:27:00,2009.4,2011.5,2009.4,2011.5,4
2024-06-13 10:28:00,2011.5,2011.5,2009.4,2009.4,3
2024-06-13 10:29:00,2009.4,2012.0,2009.4,2012.0,162
2024-06-13 10:30:00,2012.0,2015.0,2012.0,2014.9,65
2024-06-13 10:31:00,2014.9,2014.9,2013.6,2013.6,47
2024-06-13 10:32:00,2013.6,2013.6,2011.4,2011.4,5
2024-06-13 10:33:00,2011.4,2013.65,2011.4,2013.65,75
2024-06-13 10:34:00,2013.65,2014.75,2013.65,2014.75,35
2024-06-13 10:35:00,2014.7,2014.95,2014.5,2014.95,180
2024-06-13 10:36:00,2014.95,2015.0,2014.95,2015.0,13
2024-06-13 10:37:00,2015.0,2015.0,2014.95,2014.95,3
2024-06-13 10:38:00,2014.95,2015.95,2014.95,2015.95,180
2024-06-13 10:39:00,2015.95,2015.95,2015.95,2015.95,0
2024-06-13 10:40:00,2015.95,2017.0,2015.0,2015.05,76
2024-06-13 10:41:00,2015.05,2016.0,2015.05,2016.0,45
2024-06-13 10:42:00,2016.0,2017.0,2016.0,2017.0,180
2024-06-13 10:43:00,2017.0,2017.0,2013.55,2016.0,71
2024-06-13 10:44:00,2016.0,2016.85,2016.0,2016.85,75
2024-06-13 10:45:00,2016.85,2017.0,2016.0,2017.0,54
2024-06-13 10:46:00,2017.0,2017.0,2015.0,2015.0,12
2024-06-13 10:47:00,2015.0,2016.95,2012.4,2012.4,151
2024-06-13 10:48:00,2012.4,2013.3,2010.05,2010.05,81
2024-06-13 10:49:00,2010.05,2010.05,2010.0,2010.05,22
2024-06-13 10:50:00,2010.05,2010.05,2010.05,2010.05,30
2024-06-13 10:51:00,2010.05,2012.6,2010.05,2012.6,5
2024-06-13 10:52:00,2012.6,2012.95,2008.85,2008.85,233
2024-06-13 10:53:00,2008.85,2008.85,2008.85,2008.85,150
2024-06-13 10:54:00,2011.65,2011.65,2011.65,2011.65,89
2024-06-13 10:55:00,2011.65,2011.9,2011.65,2011.9,1
2024-06-13 10:56:00,2011.9,2011.9,2007.9,2011.8,156
2024-06-13 10:57:00,2011.8,2011.95,2011.8,2011.95,5
2024-06-13 10:58:00,2011.95,2012.3,2011.75,2012.3,32
2024-06-13 10:59:00,2012.3,2019.05,2011.35,2019.05,440
2024-06-13 11:00:00,2019.05,2019.35,2016.15,2016.15,49
2024-06-13 11:01:00,2016.15,2019.0,2016.15,2019.0,42
2024-06-13 11:02:00,2019.0,2019.0,2018.9,2018.9,20
2024-06-13 11:03:00,2018.9,2018.9,2016.0,2016.0,20
2024-06-13 11:04:00,2016.0,2018.9,2016.0,2016.5,18
2024-06-13 11:05:00,2016.5,2016.5,2014.7,2014.7,15
2024-06-13 11:06:00,2014.7,2014.7,2014.7,2014.7,8
2024-06-13 11:07:00,2014.7,2017.15,2014.7,2017.15,18
2024-06-13 11:08:00,2017.15,2017.15,2017.15,2017.15,50
2024-06-13 11:09:00,2017.15,2017.15,2015.0,2015.0,63
2024-06-13 11:10:00,2016.75,2016.9,2016.75,2016.9,52
2024-06-13 11:11:00,2016.9,2016.9,2015.0,2015.0,16
2024-06-13 11:12:00,2015.0,2017.15,2015.0,2017.15,52
2024-06-13 11:13:00,2017.15,2017.15,2017.15,2017.15,11
2024-06-13 11:14:00,2014.25,2014.25,2014.1,2014.1,14
2024-06-13 11:15:00,2014.1,2018.85,2014.1,2015.0,255
2024-06-13 11:16:00,2015.0,2015.0,2012.9,2012.9,233
2024-06-13 11:17:00,2012.9,2012.9,2010.0,2010.05,51
2024-06-13 11:18:00,2010.05,2011.95,2010.05,2011.95,12
2024-06-13 11:19:00,2011.95,2011.95,2010.15,2010.15,13
2024-06-13 11:20:00,2010.15,2012.25,2010.15,2012.25,25
2024-06-13 11:21:00,2012.25,2016.2,2012.25,2016.2,23
2024-06-13 11:22:00,2016.2,2016.25,2013.1,2016.25,33
2024-06-13 11:23:00,2017.05,2017.05,2017.05,2017.05,5
2024-06-13 11:24:00,2017.05,2017.05,2013.0,2013.5,25
2024-06-13 11:25:00,2013.5,2013.5,2010.1,2010.1,146
2024-06-13 11:26:00,2010.1,2011.95,2007.9,2011.95,41
2024-06-13 11:27:00,2011.95,2012.35,2008.8,2012.35,76
2024-06-13 11:28:00,2012.35,2012.35,2012.35,2012.35,0
2024-06-13 11:29:00,2012.35,2012.35,2009.45,2009.6,35
2024-06-13 11:30:00,2009.6,2012.1,2009.6,2012.1,0
2024-06-13 11:31:00,2012.1,2012.1,2009.3,2009.3,26
2024-06-13 11:32:00,2009.3,2010.95,2008.1,2008.1,41
2024-06-13 11:33:00,2008.1,2011.3,2008.1,2011.3,1
2024-06-13 11:34:00,2011.3,2011.3,2011.3,2011.3,0
2024-06-13 11:35:00,2011.3,2011.3,2011.3,2011.3,1
2024-06-13 11:36:00,2011.3,2011.3,2011.3,2011.3,1
2024-06-13 11:37:00,2011.3,2011.3,2011.3,2011.3,0
2024-06-13 11:38:00,2011.3,2011.3,2011.3,2011.3,0
2024-06-13 11:39:00,2011.3,2011.9,2011.3,2011.9,3
2024-06-13 11:40:00,2011.9,2011.9,2009.2,2009.2,4
2024-06-13 11:41:00,2009.2,2009.2,2009.2,2009.2,0
2024-06-13 11:42:00,2009.2,2009.2,2009.05,2009.05,8
2024-06-13 11:43:00,2009.05,2011.05,2009.05,2011.05,1
2024-06-13 11:44:00,2011.05,2011.5,2011.05,2011.5,17
2024-06-13 11:45:00,2011.5,2011.5,2009.0,2011.45,10
2024-06-13 11:46:00,2011.45,2011.55,2008.0,2009.0,134
2024-06-13 11:47:00,2009.0,2009.0,2009.0,2009.0,13
2024-06-13 11:48:00,2009.0,2009.0,2009.0,2009.0,1
2024-06-13 11:49:00,2009.0,2011.6,2008.6,2011.6,38
2024-06-13 11:50:00,2011.6,2011.6,2011.55,2011.55,3
2024-06-13 11:51:00,2011.55,2011.55,2011.55,2011.55,1
2024-06-13 11:52:00,2011.55,2011.55,2011.55,2011.55,1
2024-06-13 11:53:00,2011.55,2011.55,2008.05,2008.05,56
2024-06-13 11:54:00,2008.05,2008.05,2008.05,2008.05,0
2024-06-13 11:55:00,2008.05,2011.05,2008.05,2011.05,15
2024-06-13 11:56:00,2011.05,2011.05,2011.05,2011.05,0
2024-06-13 11:57:00,2011.05,2011.15,2011.05,2011.15,9
2024-06-13 11:58:00,2011.15,2011.55,2011.15,2011.55,1
2024-06-13 11:59:00,2011.55,2011.55,2011.25,2011.25,7
2024-06-13 12:00:00,2011.25,2011.25,2011.25,2011.25,0
2024-06-13 12:01:00,2011.25,2011.55,2011.25,2011.55,51
2024-06-13 12:02:00,2011.55,2011.55,2011.55,2011.55,0
2024-06-13 12:03:00,2011.55,2011.55,2011.55,2011.55,0
2024-06-13 12:04:00,2011.55,2011.75,2009.05,2009.05,15
2024-06-13 12:05:00,2009.05,2009.05,2009.05,2009.05,20
2024-06-13 12:06:00,2009.05,2009.05,2009.05,2009.05,0
2024-06-13 12:07:00,2009.05,2011.5,2009.05,2011.5,5
2024-06-13 12:08:00,2011.15,2011.15,2011.15,2011.15,2
2024-06-13 12:09:00,2011.15,2011.15,2011.0,2011.0,3
2024-06-13 12:10:00,2011.0,2011.15,2011.0,2011.15,71
2024-06-13 12:11:00,2011.15,2012.55,2011.15,2012.55,12
2024-06-13 12:12:00,2012.55,2012.55,2010.65,2010.65,8
2024-06-13 12:13:00,2010.65,2010.65,2010.6,2010.6,2
2024-06-13 12:14:00,2010.6,2010.65,2009.25,2010.65,112
2024-06-13 12:15:00,2010.65,2012.5,2010.65,2012.0,42
2024-06-13 12:16:00,2012.0,2012.0,2008.0,2008.0,203
2024-06-13 12:17:00,2008.0,2008.0,2008.0,2008.0,0
2024-06-13 12:18:00,2008.0,2010.1,2008.0,2010.1,1
2024-06-13 12:19:00,2010.1,2010.1,2010.1,2010.1,2
2024-06-13 12:20:00,2010.1,2010.1,2010.1,2010.1,0
2024-06-13 12:21:00,2010.1,2010.35,2008.0,2009.95,12
2024-06-13 12:22:00,2009.95,2010.1,2008.0,2008.0,10
2024-06-13 12:23:00,2008.0,2008.0,2008.0,2008.0,0
2024-06-13 12:24:00,2008.0,2008.0,2008.0,2008.0,0
2024-06-13 12:25:00,2008.0,2010.6,2008.0,2008.25,8
2024-06-13 12:26:00,2008.25,2008.25,2008.25,2008.25,0
2024-06-13 12:27:00,2008.25,2008.25,2008.25,2008.25,0
2024-06-13 12:28:00,2008.25,2012.5,2008.25,2012.5,100
2024-06-13 12:29:00,2012.5,2012.5,2012.5,2012.5,0
2024-06-13 12:30:00,2012.5,2012.5,2012.5,2012.5,0
2024-06-13 12:31:00,2012.5,2012.5,2012.45,2012.45,1
2024-06-13 12:32:00,2012.45,2012.45,2010.05,2010.05,25
2024-06-13 12:33:00,2010.05,2011.95,2010.0,2010.0,65
2024-06-13 12:34:00,2010.0,2011.7,2010.0,2011.7,6
2024-06-13 12:35:00,2011.7,2011.7,2010.0,2010.0,10
2024-06-13 12:36:00,2010.0,2012.0,2008.75,2008.75,87
2024-06-13 12:37:00,2008.75,2008.75,2008.55,2008.55,2
2024-06-13 12:38:00,2008.55,2011.6,2008.55,2008.55,11
2024-06-13 12:39:00,2008.55,2008.55,2008.55,2008.55,0
2024-06-13 12:40:00,2008.55,2012.15,2008.55,2012.15,12
2024-06-13 12:41:00,2012.45,2012.45,2012.45,2012.45,13
2024-06-13 12:42:00,2012.45,2015.75,2012.45,2013.0,433
2024-06-13 12:43:00,2013.0,2014.3,2012.1,2014.3,17
2024-06-13 12:44:00,2014.3,2014.3,2014.3,2014.3,0
2024-06-13 12:45:00,2014.3,2014.55,2014.3,2014.55,20
2024-06-13 12:46:00,2014.55,2014.55,2013.5,2013.5,2
2024-06-13 12:47:00,2013.5,2014.85,2012.3,2014.85,52
2024-06-13 12:48:00,2014.85,2015.0,2012.1,2012.1,48
2024-06-13 12:49:00,2012.1,2012.1,2012.1,2012.1,0
2024-06-13 12:50:00,2012.1,2014.8,2012.05,2014.6,25
2024-06-13 12:51:00,2014.6,2020.5,2014.6,2020.5,1478
2024-06-13 12:52:00,2019.85,2025.0,2019.85,2023.8,895
2024-06-13 12:53:00,2023.8,2024.95,2021.9,2021.9,97
2024-06-13 12:54:00,2021.9,2025.0,2021.9,2024.8,830
2024-06-13 12:55:00,2024.8,2025.0,2024.0,2025.0,69
2024-06-13 12:56:00,2025.0,2025.0,2022.0,2022.4,165
2024-06-13 12:57:00,2022.4,2022.4,2022.4,2022.4,0
2024-06-13 12:58:00,2022.4,2025.0,2022.4,2023.0,608
2024-06-13 12:59:00,2023.0,2030.0,2023.0,2030.0,1386
2024-06-13 13:00:00,2030.0,2034.0,2030.0,2030.6,301
2024-06-13 13:01:00,2030.35,2033.9,2029.4,2029.4,735
2024-06-13 13:02:00,2027.95,2032.95,2027.0,2027.0,492
2024-06-13 13:03:00,2027.0,2027.0,2025.05,2027.0,105
2024-06-13 13:04:00,2027.0,2029.35,2027.0,2029.0,93
2024-06-13 13:05:00,2029.0,2029.0,2028.6,2028.6,73
2024-06-13 13:06:00,2025.3,2026.1,2022.15,2022.15,304
2024-06-13 13:07:00,2022.15,2025.0,2022.15,2024.0,100
2024-06-13 13:08:00,2024.0,2024.0,2024.0,2024.0,0
2024-06-13 13:09:00,2024.0,2025.9,2024.0,2025.9,1
2024-06-13 13:10:00,2025.9,2028.6,2025.0,2025.0,972
2024-06-13 13:11:00,2025.0,2025.0,2021.6,2021.6,276
2024-06-13 13:12:00,2021.6,2022.0,2021.6,2022.0,12
2024-06-13 13:13:00,2022.0,2022.0,2021.05,2021.05,5
2024-06-13 13:14:00,2021.05,2022.0,2021.05,2021.05,36
2024-06-13 13:15:00,2021.05,2021.65,2019.25,2021.55,68
2024-06-13 13:16:00,2021.55,2021.55,2017.5,2021.15,128
2024-06-13 13:17:00,2021.15,2021.15,2021.15,2021.15,0
2024-06-13 13:18:00,2021.15,2021.15,2018.3,2018.3,20
2024-06-13 13:19:00,2018.3,2021.25,2018.3,2021.25,25
2024-06-13 13:20:00,2021.25,2021.25,2021.0,2021.25,6
2024-06-13 13:21:00,2021.25,2021.25,2021.25,2021.25,67
2024-06-13 13:22:00,2021.25,2021.25,2019.35,2019.35,4
2024-06-13 13:23:00,2019.35,2021.25,2019.35,2021.25,65
2024-06-13 13:24:00,2021.25,2021.25,2021.25,2021.25,5
2024-06-13 13:25:00,2021.25,2021.25,2019.0,2019.0,19
2024-06-13 13:26:00,2019.0,2021.25,2019.0,2021.25,1
2024-06-13 13:27:00,2021.25,2021.25,2019.05,2019.05,1
2024-06-13 13:28:00,2019.05,2019.05,2019.05,2019.05,0
2024-06-13 13:29:00,2019.05,2021.25,2019.05,2021.25,29
2024-06-13 13:30:00,2021.25,2021.25,2021.0,2021.0,63
2024-06-13 13:31:00,2021.0,2021.0,2019.8,2019.8,21
2024-06-13 13:32:00,2019.8,2019.95,2019.2,2019.2,30
2024-06-13 13:33:00,2019.2,2019.2,2019.2,2019.2,0
2024-06-13 13:34:00,2019.2,2020.55,2019.2,2020.55,55
2024-06-13 13:35:00,2020.55,2020.7,2018.4,2019.95,94
2024-06-13 13:36:00,2019.95,2020.25,2019.95,2020.25,4
2024-06-13 13:37:00,2020.25,2020.85,2020.25,2020.85,97
2024-06-13 13:38:00,2020.85,2020.85,2020.85,2020.85,1
2024-06-13 13:39:00,2020.85,2020.85,2018.6,2019.95,54
2024-06-13 13:40:00,2019.95,2019.95,2019.95,2019.95,26
2024-06-13 13:41:00,2019.95,2019.95,2019.95,2019.95,0
2024-06-13 13:42:00,2019.95,2020.6,2019.0,2020.6,16
2024-06-13 13:43:00,2020.6,2030.0,2020.6,2029.15,459
2024-06-13 13:44:00,2029.15,2029.15,2026.8,2026.8,10
2024-06-13 13:45:00,2026.8,2026.8,2025.0,2025.0,290
2024-06-13 13:46:00,2025.0,2028.0,2025.0,2027.4,14
2024-06-13 13:47:00,2027.4,2027.4,2025.4,2025.4,120
2024-06-13 13:48:00,2025.4,2028.05,2025.05,2025.05,46
2024-06-13 13:49:00,2025.05,2025.05,2025.05,2025.05,7
2024-06-13 13:50:00,2025.05,2026.95,2024.25,2024.25,34
2024-06-13 13:51:00,2024.25,2026.15,2024.0,2026.15,20
2024-06-13 13:52:00,2026.15,2026.15,2026.15,2026.15,0
2024-06-13 13:53:00,2026.15,2026.15,2022.85,2022.85,23
2024-06-13 13:54:00,2022.85,2025.05,2021.7,2021.7,31
2024-06-13 13:55:00,2021.7,2024.75,2021.7,2022.5,20
2024-06-13 13:56:00,2022.5,2024.4,2021.0,2021.0,235
2024-06-13 13:57:00,2023.55,2024.95,2023.55,2024.95,56
2024-06-13 13:58:00,2025.0,2025.75,2025.0,2025.75,30
2024-06-13 13:59:00,2025.75,2026.0,2023.0,2023.0,70
2024-06-13 14:00:00,2023.0,2028.3,2023.0,2025.1,289
2024-06-13 14:01:00,2025.1,2025.1,2025.1,2025.1,1
2024-06-13 14:02:00,2025.1,2025.1,2023.65,2023.65,1
2024-06-13 14:03:00,2023.65,2023.65,2023.25,2023.6,14
2024-06-13 14:04:00,2023.6,2025.8,2023.15,2023.15,7
2024-06-13 14:05:00,2022.75,2023.55,2022.75,2023.55,28
2024-06-13 14:06:00,2023.55,2025.8,2023.55,2025.8,111
2024-06-13 14:07:00,2025.8,2025.8,2023.65,2023.65,104
2024-06-13 14:08:00,2023.25,2023.25,2023.0,2023.0,10
2024-06-13 14:09:00,2023.0,2025.45,2023.0,2025.45,1
2024-06-13 14:10:00,2025.45,2025.5,2023.2,2024.4,476
2024-06-13 14:11:00,2024.4,2024.4,2022.05,2022.05,83
2024-06-13 14:12:00,2022.0,2023.75,2020.35,2020.35,357
2024-06-13 14:13:00,2020.35,2020.35,2013.0,2014.95,1105
2024-06-13 14:14:00,2014.95,2018.75,2014.95,2018.75,164
2024-06-13 14:15:00,2018.75,2018.75,2018.0,2018.0,9
2024-06-13 14:16:00,2018.0,2019.0,2017.6,2019.0,99
2024-06-13 14:17:00,2019.0,2020.0,2018.35,2018.35,57
2024-06-13 14:18:00,2018.35,2020.65,2018.35,2020.0,7
2024-06-13 14:19:00,2020.0,2020.0,2020.0,2020.0,0
2024-06-13 14:20:00,2020.0,2020.0,2019.0,2020.0,10
2024-06-13 14:21:00,2020.0,2020.2,2020.0,2020.2,5
2024-06-13 14:22:00,2020.2,2021.4,2018.6,2021.4,45
2024-06-13 14:23:00,2021.4,2021.4,2021.35,2021.35,43
2024-06-13 14:24:00,2021.35,2022.9,2021.0,2021.0,65
2024-06-13 14:25:00,2021.0,2022.9,2021.0,2022.9,40
2024-06-13 14:26:00,2022.9,2022.9,2021.05,2021.05,13
2024-06-13 14:27:00,2021.05,2021.05,2021.05,2021.05,3
2024-06-13 14:28:00,2021.05,2022.9,2021.05,2021.05,18
2024-06-13 14:29:00,2021.05,2023.8,2021.05,2023.8,77
2024-06-13 14:30:00,2023.8,2023.8,2023.8,2023.8,10
2024-06-13 14:31:00,2023.8,2024.0,2023.8,2024.0,1
2024-06-13 14:32:00,2024.0,2024.0,2021.7,2021.7,9
2024-06-13 14:33:00,2021.7,2021.7,2021.35,2021.35,0
2024-06-13 14:34:00,2021.3,2021.3,2021.1,2021.15,36
2024-06-13 14:35:00,2021.15,2022.95,2020.1,2020.1,21
2024-06-13 14:36:00,2020.1,2020.95,2020.1,2020.95,5
2024-06-13 14:37:00,2020.95,2024.0,2017.1,2017.1,364
2024-06-13 14:38:00,2017.1,2020.4,2017.1,2020.4,17
2024-06-13 14:39:00,2020.4,2020.9,2017.5,2017.5,9
2024-06-13 14:40:00,2017.5,2017.8,2017.1,2017.1,24
2024-06-13 14:41:00,2017.1,2017.1,2016.0,2016.0,30
2024-06-13 14:42:00,2016.0,2018.95,2016.0,2018.95,10
2024-06-13 14:43:00,2018.95,2018.95,2016.5,2016.5,0
2024-06-13 14:44:00,2016.5,2018.3,2016.45,2018.3,14
2024-06-13 14:45:00,2018.3,2018.3,2018.3,2018.3,36
2024-06-13 14:46:00,2018.3,2018.3,2016.45,2016.45,7
2024-06-13 14:47:00,2016.45,2017.85,2015.2,2017.85,117
2024-06-13 14:48:00,2018.6,2018.6,2014.65,2017.0,192
2024-06-13 14:49:00,2017.0,2018.85,2016.1,2018.85,5
2024-06-13 14:50:00,2018.85,2019.25,2018.85,2019.2,14
2024-06-13 14:51:00,2019.2,2019.2,2016.25,2016.25,2
2024-06-13 14:52:00,2016.25,2016.25,2016.25,2016.25,0
2024-06-13 14:53:00,2016.25,2020.0,2016.25,2020.0,10
2024-06-13 14:54:00,2020.0,2020.0,2017.55,2019.95,85
2024-06-13 14:55:00,2019.95,2020.0,2019.95,2020.0,54
2024-06-13 14:56:00,2018.55,2018.55,2017.1,2017.1,46
2024-06-13 14:57:00,2017.1,2020.25,2017.1,2019.95,88
2024-06-13 14:58:00,2019.95,2019.95,2019.95,2019.95,50
2024-06-13 14:59:00,2019.95,2022.95,2019.95,2020.35,35
2024-06-13 15:00:00,2023.6,2023.6,2020.0,2022.75,99
2024-06-13 15:01:00,2022.75,2023.1,2020.45,2020.75,24
2024-06-13 15:02:00,2020.75,2024.1,2020.75,2024.1,16
2024-06-13 15:03:00,2024.1,2025.0,2021.45,2024.0,85
2024-06-13 15:04:00,2024.0,2024.0,2020.1,2020.1,108
2024-06-13 15:05:00,2020.1,2023.6,2020.1,2023.6,29
2024-06-13 15:06:00,2023.6,2023.95,2020.75,2020.75,149
2024-06-13 15:07:00,2022.0,2023.15,2020.5,2020.5,36
2024-06-13 15:08:00,2020.5,2022.4,2020.0,2020.0,32
2024-06-13 15:09:00,2020.0,2020.0,2019.1,2019.1,35
2024-06-13 15:10:00,2019.1,2020.3,2018.0,2020.1,38
2024-06-13 15:11:00,2020.1,2020.2,2019.95,2020.2,78
2024-06-13 15:12:00,2018.1,2022.95,2018.1,2020.2,207
2024-06-13 15:13:00,2020.2,2022.05,2019.8,2021.75,95
2024-06-13 15:14:00,2021.75,2021.95,2021.75,2021.95,9
2024-06-13 15:15:00,2021.95,2021.95,2018.4,2021.05,163
2024-06-13 15:16:00,2021.05,2021.05,2018.9,2019.55,80
2024-06-13 15:17:00,2019.55,2019.55,2019.0,2019.0,74
2024-06-13 15:18:00,2019.0,2020.0,2018.55,2019.2,504
2024-06-13 15:19:00,2019.2,2020.45,2018.3,2020.0,219
2024-06-13 15:20:00,2020.0,2022.85,2018.0,2021.45,254
2024-06-13 15:21:00,2018.25,2021.5,2018.0,2019.0,112
2024-06-13 15:22:00,2020.4,2020.45,2018.0,2019.85,190
2024-06-13 15:23:00,2020.35,2021.0,2018.0,2021.0,292
2024-06-13 15:24:00,2021.0,2021.0,2018.0,2020.8,31
2024-06-13 15:25:00,2020.8,2020.8,2018.1,2018.1,102
2024-06-13 15:26:00,2020.6,2021.0,2020.0,2021.0,264
2024-06-13 15:27:00,2021.0,2021.95,2020.05,2021.8,21
2024-06-13 15:28:00,2020.05,2021.85,2020.05,2020.9,619
2024-06-13 15:29:00,2022.85,2034.0,2020.35,2023.15,695
2024-06-14 09:15:00,2021.5,2033.85,2021.5,2033.4,321
2024-06-14 09:16:00,2033.65,2033.65,2027.85,2032.5,114
2024-06-14 09:17:00,2032.5,2032.5,2026.15,2030.15,183
2024-06-14 09:18:00,2030.15,2030.15,2023.3,2024.2,263
2024-06-14 09:19:00,2024.2,2029.15,2024.2,2029.15,136
2024-06-14 09:20:00,2029.4,2032.0,2028.2,2030.25,294
2024-06-14 09:21:00,2030.25,2032.0,2029.0,2031.0,409
2024-06-14 09:22:00,2029.65,2030.35,2026.45,2027.3,340
2024-06-14 09:23:00,2027.3,2029.1,2026.2,2026.2,139
2024-06-14 09:24:00,2026.2,2030.1,2026.2,2030.0,93
2024-06-14 09:25:00,2030.0,2030.0,2025.0,2025.0,307
2024-06-14 09:26:00,2025.0,2027.1,2024.7,2027.1,233
2024-06-14 09:27:00,2027.1,2030.35,2027.1,2030.35,120
2024-06-14 09:28:00,2028.6,2030.4,2028.6,2030.4,44
2024-06-14 09:29:00,2030.4,2030.4,2026.5,2026.6,64
2024-06-14 09:30:00,2026.6,2029.05,2026.5,2026.8,146
2024-06-14 09:31:00,2026.8,2029.8,2026.8,2028.0,137
2024-06-14 09:32:00,2027.65,2029.6,2026.5,2026.5,209
2024-06-14 09:33:00,2026.5,2029.6,2026.5,2029.6,136
2024-06-14 09:34:00,2029.6,2029.8,2027.3,2029.75,53
2024-06-14 09:35:00,2029.75,2029.75,2027.05,2027.05,15
2024-06-14 09:36:00,2027.05,2029.05,2026.6,2026.6,1060
2024-06-14 09:37:00,2027.15,2027.15,2025.0,2025.0,36
2024-06-14 09:38:00,2025.0,2026.75,2025.0,2026.75,9
2024-06-14 09:39:00,2026.75,2026.85,2025.0,2026.85,12
2024-06-14 09:40:00,2026.85,2027.25,2025.0,2025.5,22
2024-06-14 09:41:00,2025.5,2027.0,2025.45,2027.0,3
2024-06-14 09:42:00,2027.0,2027.0,2025.65,2025.65,103
2024-06-14 09:43:00,2025.65,2027.0,2025.0,2026.7,59
2024-06-14 09:44:00,2026.7,2026.7,2025.0,2025.0,37
2024-06-14 09:45:00,2025.0,2026.5,2025.0,2025.0,38
2024-06-14 09:46:00,2025.0,2027.0,2025.0,2027.0,45
2024-06-14 09:47:00,2027.0,2027.0,2025.0,2027.0,109
2024-06-14 09:48:00,2027.0,2027.0,2027.0,2027.0,49
2024-06-14 09:49:00,2027.0,2027.6,2025.0,2025.2,190
2024-06-14 09:50:00,2025.2,2026.95,2025.2,2026.9,3
2024-06-14 09:51:00,2026.9,2026.9,2025.05,2026.6,36
2024-06-14 09:52:00,2026.6,2026.8,2026.6,2026.8,6
2024-06-14 09:53:00,2025.0,2026.85,2025.0,2025.0,51
2024-06-14 09:54:00,2025.0,2026.5,2025.0,2026.5,35
2024-06-14 09:55:00,2026.5,2029.95,2026.5,2027.55,500
2024-06-14 09:56:00,2027.55,2029.85,2027.55,2027.55,38
2024-06-14 09:57:00,2027.55,2027.55,2026.15,2027.55,114
2024-06-14 09:58:00,2027.55,2029.25,2027.55,2029.25,3
2024-06-14 09:59:00,2029.25,2029.25,2027.25,2027.25,37
2024-06-14 10:00:00,2027.25,2027.25,2027.15,2027.15,23
2024-06-14 10:01:00,2027.15,2028.8,2026.85,2028.8,130
2024-06-14 10:02:00,2028.8,2028.9,2026.1,2026.1,63
2024-06-14 10:03:00,2026.1,2029.7,2026.1,2028.05,128
2024-06-14 10:04:00,2028.05,2029.45,2028.0,2028.0,149
2024-06-14 10:05:00,2028.0,2028.85,2027.6,2027.6,166
2024-06-14 10:06:00,2027.35,2027.8,2026.05,2026.05,31
2024-06-14 10:07:00,2026.05,2026.05,2026.05,2026.05,4
2024-06-14 10:08:00,2026.05,2027.9,2026.0,2026.05,18
2024-06-14 10:09:00,2026.05,2027.85,2026.05,2027.85,1
2024-06-14 10:10:00,2027.85,2028.5,2026.0,2026.0,224
2024-06-14 10:11:00,2025.1,2027.25,2025.1,2027.25,17
2024-06-14 10:12:00,2027.25,2027.55,2025.1,2025.1,9
2024-06-14 10:13:00,2025.1,2027.35,2025.0,2027.35,65
2024-06-14 10:14:00,2027.35,2027.85,2025.1,2025.1,28
2024-06-14 10:15:00,2025.1,2025.1,2025.1,2025.1,0
2024-06-14 10:16:00,2028.15,2028.15,2025.65,2025.7,29
2024-06-14 10:17:00,2025.7,2025.75,2025.7,2025.75,11
2024-06-14 10:18:00,2025.75,2025.75,2025.75,2025.75,17
2024-06-14 10:19:00,2025.75,2027.75,2025.0,2025.0,31
2024-06-14 10:20:00,2025.0,2027.2,2025.0,2027.2,290
2024-06-14 10:21:00,2027.2,2029.2,2027.2,2029.2,53
2024-06-14 10:22:00,2029.2,2029.25,2026.95,2026.95,32
2024-06-14 10:23:00,2026.95,2027.2,2025.25,2026.85,40
2024-06-14 10:24:00,2027.15,2029.4,2027.0,2029.4,49
2024-06-14 10:25:00,2029.4,2029.95,2029.4,2029.9,86
2024-06-14 10:26:00,2029.9,2045.0,2029.9,2045.0,3676
2024-06-14 10:27:00,2045.0,2048.0,2041.1,2045.65,1069
2024-06-14 10:28:00,2045.65,2048.0,2040.45,2041.0,593
2024-06-14 10:29:00,2041.0,2042.75,2040.0,2042.0,297
2024-06-14 10:30:00,2039.05,2041.9,2035.75,2037.3,310
2024-06-14 10:31:00,2034.9,2040.2,2034.9,2038.1,241
2024-06-14 10:32:00,2038.1,2040.0,2037.45,2037.75,109
2024-06-14 10:33:00,2037.75,2037.75,2020.0,2036.95,2220
2024-06-14 10:34:00,2036.95,2036.95,2031.5,2034.0,223
2024-06-14 10:35:00,2034.0,2034.0,2034.0,2034.0,14
2024-06-14 10:36:00,2034.0,2034.0,2030.0,2030.0,195
2024-06-14 10:37:00,2030.0,2033.7,2030.0,2030.75,92
2024-06-14 10:38:00,2030.75,2032.95,2030.75,2032.95,7
2024-06-14 10:39:00,2032.95,2032.95,2030.0,2030.0,236
2024-06-14 10:40:00,2027.15,2030.3,2027.15,2030.3,102
2024-06-14 10:41:00,2030.3,2030.3,2030.2,2030.2,2
2024-06-14 10:42:00,2030.2,2030.2,2030.0,2030.05,9
2024-06-14 10:43:00,2030.05,2030.05,2029.8,2030.0,38
2024-06-14 10:44:00,2030.0,2030.0,2030.0,2030.0,20
2024-06-14 10:45:00,2030.0,2030.0,2026.95,2026.95,167
2024-06-14 10:46:00,2026.95,2030.0,2026.95,2027.45,72
2024-06-14 10:47:00,2030.0,2030.0,2030.0,2030.0,60
2024-06-14 10:48:00,2030.0,2030.0,2030.0,2030.0,52
2024-06-14 10:49:00,2030.0,2030.0,2026.9,2026.9,124
2024-06-14 10:50:00,2026.9,2028.35,2026.0,2026.0,11
2024-06-14 10:51:00,2026.0,2028.9,2026.0,2026.05,16
2024-06-14 10:52:00,2026.05,2026.05,2024.6,2024.6,29
2024-06-14 10:53:00,2024.6,2028.9,2023.0,2028.9,264
2024-06-14 10:54:00,2028.9,2028.9,2023.0,2023.0,491
2024-06-14 10:55:00,2023.0,2023.3,2021.0,2021.0,119
2024-06-14 10:56:00,2021.0,2021.1,2021.0,2021.1,6
2024-06-14 10:57:00,2021.1,2023.1,2021.1,2023.1,4
2024-06-14 10:58:00,2021.0,2023.1,2021.0,2021.05,50
2024-06-14 10:59:00,2021.05,2023.25,2021.05,2023.25,4
2024-06-14 11:00:00,2023.25,2023.6,2023.25,2023.6,20
2024-06-14 11:01:00,2023.0,2023.0,2017.8,2017.8,364
2024-06-14 11:02:00,2017.8,2020.25,2017.8,2020.25,10
2024-06-14 11:03:00,2020.25,2020.25,2020.0,2020.0,5
2024-06-14 11:04:00,2018.0,2020.65,2018.0,2020.65,46
2024-06-14 11:05:00,2020.65,2028.1,2020.65,2028.1,1843
2024-06-14 11:06:00,2028.1,2031.5,2027.05,2027.05,202
2024-06-14 11:07:00,2027.05,2030.0,2027.05,2027.7,23
2024-06-14 11:08:00,2027.7,2030.0,2027.7,2027.8,14
2024-06-14 11:09:00,2027.8,2027.8,2027.8,2027.8,4
2024-06-14 11:10:00,2027.8,2027.8,2027.65,2027.65,20
2024-06-14 11:11:00,2027.65,2028.95,2026.9,2028.95,166
2024-06-14 11:12:00,2028.95,2028.95,2028.95,2028.95,0
2024-06-14 11:13:00,2028.95,2028.95,2025.55,2025.55,40
2024-06-14 11:14:00,2025.55,2027.65,2025.55,2027.65,33
2024-06-14 11:15:00,2027.65,2027.65,2027.5,2027.65,26
2024-06-14 11:16:00,2027.65,2027.65,2024.7,2024.7,25
2024-06-14 11:17:00,2024.7,2027.0,2024.7,2027.0,23
2024-06-14 11:18:00,2027.0,2027.0,2027.0,2027.0,10
2024-06-14 11:19:00,2027.0,2027.0,2025.0,2027.0,8
2024-06-14 11:20:00,2027.0,2027.0,2027.0,2027.0,2
2024-06-14 11:21:00,2027.0,2027.0,2025.0,2027.0,52
2024-06-14 11:22:00,2027.0,2027.0,2027.0,2027.0,20
2024-06-14 11:23:00,2027.0,2031.05,2027.0,2029.6,377
2024-06-14 11:24:00,2029.6,2029.8,2029.15,2029.8,38
2024-06-14 11:25:00,2029.8,2029.8,2026.9,2026.9,7
2024-06-14 11:26:00,2026.9,2029.85,2026.9,2029.85,15
2024-06-14 11:27:00,2029.85,2029.85,2026.55,2028.9,40
2024-06-14 11:28:00,2028.9,2028.9,2028.85,2028.85,6
2024-06-14 11:29:00,2028.85,2028.85,2028.85,2028.85,1
2024-06-14 11:30:00,2028.85,2028.85,2025.0,2027.55,107
2024-06-14 11:31:00,2027.55,2028.3,2027.0,2028.3,51
2024-06-14 11:32:00,2028.3,2028.3,2028.3,2028.3,0
2024-06-14 11:33:00,2028.3,2028.3,2028.3,2028.3,5
2024-06-14 11:34:00,2028.3,2028.4,2025.7,2028.4,19
2024-06-14 11:35:00,2028.4,2028.4,2025.85,2028.4,9
2024-06-14 11:36:00,2028.4,2028.4,2028.4,2028.4,0
2024-06-14 11:37:00,2028.4,2028.5,2028.4,2028.5,21
2024-06-14 11:38:00,2028.5,2028.5,2028.5,2028.5,10
2024-06-14 11:39:00,2028.5,2028.5,2028.5,2028.5,0
2024-06-14 11:40:00,2028.2,2028.2,2028.2,2028.2,25
2024-06-14 11:41:00,2028.2,2028.2,2025.5,2027.75,58
2024-06-14 11:42:00,2027.75,2028.85,2026.05,2026.25,101
2024-06-14 11:43:00,2026.25,2026.5,2024.05,2026.2,338
2024-06-14 11:44:00,2026.2,2026.2,2026.2,2026.2,0
2024-06-14 11:45:00,2026.2,2026.2,2022.0,2022.0,53
2024-06-14 11:46:00,2022.0,2023.65,2021.05,2023.65,10
2024-06-14 11:47:00,2023.65,2023.65,2020.95,2021.0,5
2024-06-14 11:48:00,2021.0,2023.0,2021.0,2022.0,11
2024-06-14 11:49:00,2022.0,2022.0,2020.95,2020.95,30
2024-06-14 11:50:00,2020.95,2020.95,2020.0,2020.0,22
2024-06-14 11:51:00,2020.0,2022.0,2020.0,2022.0,21
2024-06-14 11:52:00,2022.0,2023.2,2020.55,2023.2,28
2024-06-14 11:53:00,2023.2,2023.2,2021.2,2021.2,10
2024-06-14 11:54:00,2021.2,2021.2,2021.2,2021.2,0
2024-06-14 11:55:00,2021.2,2021.2,2020.55,2020.55,86
2024-06-14 11:56:00,2020.55,2021.2,2020.55,2020.75,15
2024-06-14 11:57:00,2020.75,2020.85,2020.75,2020.85,11
2024-06-14 11:58:00,2020.85,2020.85,2020.85,2020.85,6
2024-06-14 11:59:00,2020.85,2023.4,2020.65,2023.4,9
2024-06-14 12:00:00,2023.95,2023.95,2020.85,2020.85,88
2024-06-14 12:01:00,2020.85,2020.85,2020.6,2020.6,1
2024-06-14 12:02:00,2020.6,2020.6,2020.6,2020.6,0
2024-06-14 12:03:00,2020.6,2020.65,2020.0,2020.55,126
2024-06-14 12:04:00,2020.55,2020.6,2020.55,2020.6,7
2024-06-14 12:05:00,2020.6,2020.6,2020.0,2020.0,2
2024-06-14 12:06:00,2020.0,2020.6,2020.0,2020.6,51
2024-06-14 12:07:00,2020.6,2020.6,2018.45,2018.45,49
2024-06-14 12:08:00,2020.55,2020.55,2020.55,2020.55,13
2024-06-14 12:09:00,2020.55,2020.55,2018.3,2018.3,7
2024-06-14 12:10:00,2018.3,2018.3,2018.3,2018.3,34
2024-06-14 12:11:00,2018.3,2021.55,2018.3,2020.0,28
2024-06-14 12:12:00,2020.0,2022.1,2020.0,2022.1,10
2024-06-14 12:13:00,2022.1,2022.1,2019.75,2019.75,5
2024-06-14 12:14:00,2019.75,2024.0,2019.75,2021.75,227
2024-06-14 12:15:00,2021.75,2021.75,2018.3,2018.3,187
2024-06-14 12:16:00,2018.3,2021.25,2018.3,2021.25,3
2024-06-14 12:17:00,2021.25,2021.25,2021.25,2021.25,4
2024-06-14 12:18:00,2021.25,2021.25,2018.8,2018.8,3
2024-06-14 12:19:00,2018.8,2021.4,2018.8,2021.4,1
2024-06-14 12:20:00,2021.4,2021.4,2021.4,2021.4,0
2024-06-14 12:21:00,2021.4,2021.4,2020.0,2020.0,6
2024-06-14 12:22:00,2020.0,2020.0,2017.8,2017.8,107
2024-06-14 12:23:00,2017.5,2019.95,2016.0,2019.95,117
2024-06-14 12:24:00,2019.95,2019.95,2017.0,2017.05,69
2024-06-14 12:25:00,2017.05,2020.0,2017.05,2020.0,33
2024-06-14 12:26:00,2020.0,2020.0,2018.0,2018.0,29
2024-06-14 12:27:00,2018.0,2018.0,2017.05,2017.05,13
2024-06-14 12:28:00,2017.05,2019.0,2017.0,2019.0,15
2024-06-14 12:29:00,2019.0,2019.5,2017.1,2019.5,12
2024-06-14 12:30:00,2019.5,2019.5,2017.55,2019.4,11
2024-06-14 12:31:00,2019.4,2020.0,2017.4,2018.0,52
2024-06-14 12:32:00,2017.0,2017.0,2016.0,2016.0,165
2024-06-14 12:33:00,2016.0,2016.05,2016.0,2016.0,79
2024-06-14 12:34:00,2016.0,2016.0,2015.0,2015.0,66
2024-06-14 12:35:00,2015.0,2015.9,2015.0,2015.9,7
2024-06-14 12:36:00,2015.0,2015.9,2015.0,2015.9,8
2024-06-14 12:37:00,2015.9,2016.75,2015.15,2016.75,20
2024-06-14 12:38:00,2016.75,2018.0,2015.05,2018.0,64
2024-06-14 12:39:00,2018.0,2018.25,2018.0,2018.25,5
2024-06-14 12:40:00,2018.25,2018.25,2016.8,2016.8,3
2024-06-14 12:41:00,2016.8,2016.8,2015.05,2015.05,53
2024-06-14 12:42:00,2015.05,2015.05,2015.05,2015.05,10
2024-06-14 12:43:00,2015.05,2018.3,2015.05,2015.35,43
2024-06-14 12:44:00,2015.3,2018.45,2015.0,2015.25,56
2024-06-14 12:45:00,2015.25,2018.95,2015.25,2016.15,5
2024-06-14 12:46:00,2016.15,2018.15,2015.6,2015.6,26
2024-06-14 12:47:00,2015.6,2018.7,2015.6,2016.2,52
2024-06-14 12:48:00,2016.2,2016.5,2015.0,2015.0,67
2024-06-14 12:49:00,2015.0,2017.85,2015.0,2017.85,5
2024-06-14 12:50:00,2017.85,2017.85,2015.25,2015.25,36
2024-06-14 12:51:00,2015.25,2017.7,2015.25,2017.65,2
2024-06-14 12:52:00,2017.55,2017.55,2017.55,2017.55,2
2024-06-14 12:53:00,2017.55,2017.55,2015.0,2015.0,330
2024-06-14 12:54:00,2015.0,2015.0,2013.05,2014.5,30
2024-06-14 12:55:00,2014.5,2014.95,2014.5,2014.95,13
2024-06-14 12:56:00,2014.95,2014.95,2014.0,2014.0,11
2024-06-14 12:57:00,2014.0,2014.95,2014.0,2014.95,2
2024-06-14 12:58:00,2014.95,2015.0,2014.3,2014.3,13
2024-06-14 12:59:00,2014.3,2014.3,2014.0,2014.0,2
2024-06-14 13:00:00,2014.0,2016.9,2014.0,2016.9,17
2024-06-14 13:01:00,2016.05,2016.05,2015.05,2015.05,65
2024-06-14 13:02:00,2015.05,2019.15,2013.1,2019.15,252
2024-06-14 13:03:00,2019.15,2019.95,2017.0,2019.95,108
2024-06-14 13:04:00,2019.95,2019.95,2015.6,2015.6,4
2024-06-14 13:05:00,2015.6,2015.6,2015.6,2015.6,0
2024-06-14 13:06:00,2015.6,2018.7,2015.6,2015.65,4
2024-06-14 13:07:00,2015.65,2015.65,2015.65,2015.65,2
2024-06-14 13:08:00,2015.65,2015.65,2015.65,2015.65,1
2024-06-14 13:09:00,2015.65,2018.4,2015.65,2018.4,10
2024-06-14 13:10:00,2018.4,2018.4,2016.0,2016.0,62
2024-06-14 13:11:00,2016.0,2018.6,2015.85,2018.6,8
2024-06-14 13:12:00,2018.6,2018.9,2015.85,2018.9,51
2024-06-14 13:13:00,2018.9,2018.9,2015.95,2018.9,43
2024-06-14 13:14:00,2018.9,2019.5,2015.75,2017.35,34
2024-06-14 13:15:00,2017.35,2020.0,2017.35,2020.0,50
2024-06-14 13:16:00,2020.0,2020.0,2017.55,2020.0,73
2024-06-14 13:17:00,2021.4,2030.0,2021.4,2029.75,688
2024-06-14 13:18:00,2029.75,2029.75,2026.6,2027.0,30
2024-06-14 13:19:00,2027.0,2027.0,2025.65,2025.9,18
2024-06-14 13:20:00,2025.9,2028.2,2025.05,2025.05,27
2024-06-14 13:21:00,2026.6,2027.9,2025.0,2025.0,132
2024-06-14 13:22:00,2025.0,2027.25,2025.0,2027.25,1
2024-06-14 13:23:00,2027.25,2027.25,2027.25,2027.25,0
2024-06-14 13:24:00,2027.25,2027.25,2024.05,2024.35,53
2024-06-14 13:25:00,2024.45,2025.5,2023.0,2025.5,122
2024-06-14 13:26:00,2025.5,2025.5,2023.05,2023.05,50
2024-06-14 13:27:00,2025.65,2026.0,2023.75,2026.0,4
2024-06-14 13:28:00,2026.0,2026.0,2023.35,2026.0,16
2024-06-14 13:29:00,2026.0,2026.0,2021.8,2021.8,33
2024-06-14 13:30:00,2021.8,2021.8,2021.8,2021.8,0
2024-06-14 13:31:00,2021.8,2023.4,2020.1,2020.1,26
2024-06-14 13:32:00,2020.1,2021.8,2018.15,2020.65,125
2024-06-14 13:33:00,2018.05,2021.25,2018.05,2021.25,4
2024-06-14 13:34:00,2021.3,2021.3,2021.3,2021.3,15
2024-06-14 13:35:00,2021.3,2021.3,2018.1,2020.95,34
2024-06-14 13:36:00,2020.95,2023.95,2020.95,2023.45,101
2024-06-14 13:37:00,2023.45,2025.6,2022.9,2022.9,31
2024-06-14 13:38:00,2022.9,2024.95,2021.6,2024.95,16
2024-06-14 13:39:00,2024.95,2025.2,2022.85,2022.85,9
2024-06-14 13:40:00,2022.85,2025.0,2022.45,2022.5,26
2024-06-14 13:41:00,2022.5,2022.5,2022.25,2022.4,6
2024-06-14 13:42:00,2022.4,2022.4,2022.4,2022.4,38
2024-06-14 13:43:00,2022.4,2022.4,2022.4,2022.4,4
2024-06-14 13:44:00,2022.4,2024.85,2020.15,2023.0,55
2024-06-14 13:45:00,2023.0,2023.0,2019.95,2019.95,14
2024-06-14 13:46:00,2019.95,2020.45,2018.0,2018.0,89
2024-06-14 13:47:00,2018.0,2018.0,2018.0,2018.0,310
2024-06-14 13:48:00,2018.0,2020.4,2018.0,2020.4,82
2024-06-14 13:49:00,2020.4,2020.4,2020.35,2020.35,1
2024-06-14 13:50:00,2020.35,2020.5,2020.0,2020.0,5
2024-06-14 13:51:00,2020.0,2020.45,2020.0,2020.45,2
2024-06-14 13:52:00,2018.1,2020.45,2018.1,2020.45,9
2024-06-14 13:53:00,2020.45,2020.45,2013.4,2013.4,989
2024-06-14 13:54:00,2013.4,2014.5,2010.3,2014.5,295
2024-06-14 13:55:00,2014.5,2015.95,2010.1,2015.95,149
2024-06-14 13:56:00,2015.95,2015.95,2015.7,2015.7,106
2024-06-14 13:57:00,2015.7,2015.7,2015.7,2015.7,0
2024-06-14 13:58:00,2015.7,2015.8,2013.1,2013.1,18
2024-06-14 13:59:00,2013.1,2013.5,2013.1,2013.5,5
2024-06-14 14:00:00,2013.5,2024.7,2013.5,2021.95,238
2024-06-14 14:01:00,2025.2,2027.0,2023.5,2026.9,500
2024-06-14 14:02:00,2026.9,2036.0,2024.9,2032.35,1235
2024-06-14 14:03:00,2031.2,2037.95,2025.05,2034.15,716
2024-06-14 14:04:00,2034.15,2034.15,2029.05,2029.05,152
2024-06-14 14:05:00,2029.05,2031.1,2024.05,2024.05,294
2024-06-14 14:06:00,2024.05,2024.7,2024.05,2024.65,20
2024-06-14 14:07:00,2024.65,2024.65,2020.0,2023.15,35
2024-06-14 14:08:00,2023.15,2023.15,2018.8,2020.25,194
2024-06-14 14:09:00,2020.25,2022.15,2020.25,2022.15,1
2024-06-14 14:10:00,2022.15,2022.15,2019.3,2019.3,16
2024-06-14 14:11:00,2019.3,2021.95,2018.85,2019.85,233
2024-06-14 14:12:00,2019.85,2019.85,2016.2,2016.2,26
2024-06-14 14:13:00,2016.2,2018.65,2016.0,2018.65,31
2024-06-14 14:14:00,2018.65,2018.75,2018.6,2018.6,3
2024-06-14 14:15:00,2018.6,2018.6,2015.0,2015.0,253
2024-06-14 14:16:00,2015.0,2017.7,2015.0,2017.7,13
2024-06-14 14:17:00,2017.7,2019.9,2015.5,2019.9,22
2024-06-14 14:18:00,2019.9,2019.9,2017.6,2017.6,6
2024-06-14 14:19:00,2017.6,2017.6,2016.75,2016.75,150
2024-06-14 14:20:00,2016.75,2016.75,2015.5,2015.5,15
2024-06-14 14:21:00,2017.95,2018.3,2013.75,2015.95,145
2024-06-14 14:22:00,2015.95,2015.95,2013.0,2013.0,57
2024-06-14 14:23:00,2013.0,2015.0,2013.0,2013.05,28
2024-06-14 14:24:00,2013.05,2015.2,2013.05,2015.0,14
2024-06-14 14:25:00,2015.0,2018.65,2013.05,2018.65,48
2024-06-14 14:26:00,2018.65,2018.65,2018.55,2018.55,2
2024-06-14 14:27:00,2018.55,2018.55,2015.6,2018.5,18
2024-06-14 14:28:00,2018.5,2018.5,2014.15,2016.15,167
2024-06-14 14:29:00,2016.15,2016.2,2014.0,2014.0,15
2024-06-14 14:30:00,2014.0,2016.75,2013.5,2013.5,30
2024-06-14 14:31:00,2013.5,2013.9,2009.0,2009.6,676
2024-06-14 14:32:00,2009.6,2009.6,2005.6,2005.95,415
2024-06-14 14:33:00,2005.95,2009.5,2005.95,2007.25,335
2024-06-14 14:34:00,2007.25,2008.2,2005.65,2006.05,78
2024-06-14 14:35:00,2006.05,2007.75,2005.0,2005.0,206
2024-06-14 14:36:00,2005.0,2006.0,2005.0,2006.0,64
2024-06-14 14:37:00,2006.0,2006.0,2005.3,2005.3,83
2024-06-14 14:38:00,2005.3,2005.3,2005.0,2005.0,83
2024-06-14 14:39:00,2005.0,2006.7,2005.0,2006.7,74
2024-06-14 14:40:00,2006.7,2008.95,2006.7,2008.0,180
2024-06-14 14:41:00,2010.9,2018.15,2010.9,2015.45,1265
2024-06-14 14:42:00,2015.45,2015.45,2014.5,2014.65,11
2024-06-14 14:43:00,2014.65,2022.0,2014.65,2020.2,57
2024-06-14 14:44:00,2020.2,2021.8,2018.0,2018.1,79
2024-06-14 14:45:00,2018.1,2021.0,2018.1,2020.0,31
2024-06-14 14:46:00,2020.0,2022.0,2019.85,2019.85,159
2024-06-14 14:47:00,2019.85,2022.0,2019.7,2020.0,48
2024-06-14 14:48:00,2020.0,2021.45,2018.05,2018.05,63
2024-06-14 14:49:00,2018.05,2018.9,2018.05,2018.9,23
2024-06-14 14:50:00,2018.9,2021.6,2018.55,2018.8,97
2024-06-14 14:51:00,2018.8,2021.45,2018.05,2018.95,106
2024-06-14 14:52:00,2018.95,2021.9,2018.9,2018.9,41
2024-06-14 14:53:00,2018.9,2021.15,2018.05,2018.05,14
2024-06-14 14:54:00,2018.05,2020.9,2018.05,2018.35,45
2024-06-14 14:55:00,2018.35,2020.0,2018.35,2018.45,14
2024-06-14 14:56:00,2018.0,2018.0,2017.75,2017.75,105
2024-06-14 14:57:00,2017.75,2017.75,2017.2,2017.2,30
2024-06-14 14:58:00,2017.2,2017.75,2016.05,2016.05,55
2024-06-14 14:59:00,2016.05,2020.0,2016.05,2017.55,61
2024-06-14 15:00:00,2020.75,2024.4,2019.1,2024.4,583
2024-06-14 15:01:00,2024.4,2024.4,2021.65,2021.65,5
2024-06-14 15:02:00,2021.65,2023.5,2020.7,2023.4,25
2024-06-14 15:03:00,2023.4,2023.5,2023.4,2023.5,3
2024-06-14 15:04:00,2020.55,2022.55,2014.9,2017.4,770
2024-06-14 15:05:00,2017.4,2018.95,2017.3,2018.95,14
2024-06-14 15:06:00,2018.95,2021.5,2018.15,2021.5,34
2024-06-14 15:07:00,2018.05,2020.65,2015.05,2016.95,69
2024-06-14 15:08:00,2016.95,2018.05,2015.1,2015.15,107
2024-06-14 15:09:00,2018.05,2026.55,2015.4,2026.55,660
2024-06-14 15:10:00,2026.55,2026.55,2020.55,2020.55,162
2024-06-14 15:11:00,2020.55,2023.95,2020.55,2023.95,194
2024-06-14 15:12:00,2023.95,2024.0,2020.55,2020.55,53
2024-06-14 15:13:00,2020.55,2020.55,2018.0,2019.9,56
2024-06-14 15:14:00,2019.9,2019.9,2015.3,2018.25,31
2024-06-14 15:15:00,2018.25,2020.9,2018.05,2020.9,118
2024-06-14 15:16:00,2021.85,2021.95,2017.05,2021.95,45
2024-06-14 15:17:00,2019.05,2021.9,2017.0,2017.0,290
2024-06-14 15:18:00,2017.0,2019.9,2015.0,2018.35,111
2024-06-14 15:19:00,2018.15,2019.15,2015.0,2019.15,81
2024-06-14 15:20:00,2019.15,2021.15,2015.0,2021.15,215
2024-06-14 15:21:00,2021.15,2021.15,2016.05,2019.2,54
2024-06-14 15:22:00,2019.2,2019.2,2018.8,2019.2,37
2024-06-14 15:23:00,2018.0,2018.95,2016.05,2016.05,55
2024-06-14 15:24:00,2016.05,2020.4,2015.0,2015.05,167
2024-06-14 15:25:00,2015.05,2020.0,2015.05,2020.0,216
2024-06-14 15:26:00,2020.0,2022.95,2017.15,2017.45,183
2024-06-14 15:27:00,2017.45,2022.15,2017.45,2021.9,152
2024-06-14 15:28:00,2021.9,2021.9,2015.0,2016.75,289
2024-06-14 15:29:00,2016.4,2020.0,2015.0,2015.0,257
