date,open,high,low,close,volume
2024-04-29 09:15:00,1603.0,1603.0,1592.0,1598.65,30118
2024-04-29 09:16:00,1598.65,1598.65,1596.0,1596.05,8197
2024-04-29 09:17:00,1596.05,1599.0,1595.3,1596.3,8573
2024-04-29 09:18:00,1596.3,1598.0,1595.55,1596.25,4709
2024-04-29 09:19:00,1596.1,1596.25,1591.5,1591.5,6831
2024-04-29 09:20:00,1591.0,1592.25,1588.2,1588.35,11436
2024-04-29 09:21:00,1588.65,1591.2,1587.35,1590.25,6642
2024-04-29 09:22:00,1590.25,1590.7,1588.55,1589.55,8725
2024-04-29 09:23:00,1589.6,1590.9,1589.4,1589.95,3638
2024-04-29 09:24:00,1589.9,1591.65,1589.2,1591.05,3390
2024-04-29 09:25:00,1591.05,1593.95,1591.05,1593.5,5687
2024-04-29 09:26:00,1593.5,1595.0,1592.95,1594.5,4540
2024-04-29 09:27:00,1594.5,1594.5,1592.5,1593.0,4707
2024-04-29 09:28:00,1592.5,1593.9,1592.5,1593.0,2479
2024-04-29 09:29:00,1592.65,1595.95,1592.65,1595.95,5712
2024-04-29 09:30:00,1595.35,1597.0,1595.0,1596.3,3714
2024-04-29 09:31:00,1596.3,1596.65,1595.8,1596.05,3173
2024-04-29 09:32:00,1596.05,1599.5,1595.35,1599.35,5605
2024-04-29 09:33:00,1599.5,1600.0,1597.75,1598.2,5727
2024-04-29 09:34:00,1598.15,1599.0,1597.5,1598.15,4145
2024-04-29 09:35:00,1598.8,1598.8,1597.2,1598.15,5505
2024-04-29 09:36:00,1598.5,1598.5,1596.55,1597.65,3634
2024-04-29 09:37:00,1597.6,1598.95,1596.65,1598.2,4626
2024-04-29 09:38:00,1598.2,1599.75,1597.6,1598.0,5940
2024-04-29 09:39:00,1598.0,1598.0,1596.65,1597.1,2574
2024-04-29 09:40:00,1597.1,1598.25,1596.5,1597.9,2404
2024-04-29 09:41:00,1598.05,1598.25,1597.5,1597.55,1489
2024-04-29 09:42:00,1598.0,1598.25,1596.9,1598.25,1127
2024-04-29 09:43:00,1598.25,1599.5,1597.55,1598.5,3171
2024-04-29 09:44:00,1598.45,1599.75,1597.6,1599.6,2305
2024-04-29 09:45:00,1599.55,1600.0,1598.75,1599.45,3793
2024-04-29 09:46:00,1599.2,1599.4,1598.15,1598.45,2027
2024-04-29 09:47:00,1598.9,1600.0,1597.2,1598.0,5295
2024-04-29 09:48:00,1597.9,1598.2,1596.15,1596.6,2667
2024-04-29 09:49:00,1596.6,1596.9,1596.05,1596.8,2536
2024-04-29 09:50:00,1596.8,1596.95,1594.15,1594.4,3579
2024-04-29 09:51:00,1594.4,1595.0,1594.0,1595.0,2629
2024-04-29 09:52:00,1595.0,1595.0,1592.85,1592.85,5693
2024-04-29 09:53:00,1592.85,1594.8,1592.85,1594.45,878
2024-04-29 09:54:00,1594.45,1594.9,1593.7,1594.9,914
2024-04-29 09:55:00,1594.9,1595.0,1593.75,1594.55,4773
2024-04-29 09:56:00,1594.85,1594.95,1594.0,1594.55,1296
2024-04-29 09:57:00,1594.55,1595.0,1592.1,1593.6,3044
2024-04-29 09:58:00,1593.6,1593.65,1592.2,1593.45,704
2024-04-29 09:59:00,1593.45,1593.65,1592.1,1593.05,2229
2024-04-29 10:00:00,1593.05,1595.0,1592.95,1594.55,1831
2024-04-29 10:01:00,1594.55,1594.55,1592.0,1594.05,1957
2024-04-29 10:02:00,1594.1,1594.4,1593.4,1593.7,664
2024-04-29 10:03:00,1593.65,1594.15,1593.0,1593.0,486
2024-04-29 10:04:00,1593.0,1595.0,1593.0,1594.4,1555
2024-04-29 10:05:00,1594.4,1595.0,1594.4,1595.0,5077
2024-04-29 10:06:00,1595.0,1595.0,1593.45,1593.45,638
2024-04-29 10:07:00,1593.45,1594.5,1593.0,1593.9,1310
2024-04-29 10:08:00,1593.9,1595.0,1593.0,1594.9,1596
2024-04-29 10:09:00,1594.9,1595.0,1593.85,1594.5,325
2024-04-29 10:10:00,1594.55,1594.95,1593.5,1593.95,2238
2024-04-29 10:11:00,1593.95,1594.85,1593.7,1594.6,1738
2024-04-29 10:12:00,1594.6,1594.7,1594.05,1594.65,940
2024-04-29 10:13:00,1594.65,1594.7,1593.45,1594.0,482
2024-04-29 10:14:00,1594.0,1594.7,1593.9,1594.7,571
2024-04-29 10:15:00,1594.7,1594.7,1594.05,1594.7,302
2024-04-29 10:16:00,1594.7,1594.7,1594.05,1594.7,675
2024-04-29 10:17:00,1594.7,1594.7,1594.0,1594.55,1231
2024-04-29 10:18:00,1594.0,1595.0,1593.1,1595.0,12715
2024-04-29 10:19:00,1595.0,1595.0,1594.0,1595.0,3157
2024-04-29 10:20:00,1595.0,1595.0,1594.0,1594.5,974
2024-04-29 10:21:00,1594.85,1595.0,1594.0,1594.95,794
2024-04-29 10:22:00,1594.95,1595.0,1594.0,1594.35,907
2024-04-29 10:23:00,1594.0,1594.35,1593.25,1593.95,755
2024-04-29 10:24:00,1593.95,1594.35,1593.3,1594.3,579
2024-04-29 10:25:00,1594.3,1595.0,1593.5,1594.95,981
2024-04-29 10:26:00,1594.95,1595.0,1594.55,1595.0,2547
2024-04-29 10:27:00,1595.0,1595.0,1594.75,1595.0,2526
2024-04-29 10:28:00,1595.0,1595.0,1594.05,1594.3,750
2024-04-29 10:29:00,1595.0,1595.0,1594.0,1594.45,1845
2024-04-29 10:30:00,1594.45,1595.0,1594.0,1595.0,3552
2024-04-29 10:31:00,1595.0,1595.0,1594.7,1595.0,1342
2024-04-29 10:32:00,1595.0,1595.0,1594.0,1594.6,942
2024-04-29 10:33:00,1594.6,1594.75,1594.0,1594.6,318
2024-04-29 10:34:00,1594.6,1595.0,1594.1,1595.0,264
2024-04-29 10:35:00,1595.0,1595.0,1594.3,1595.0,277
2024-04-29 10:36:00,1595.0,1595.0,1594.1,1594.4,459
2024-04-29 10:37:00,1594.1,1594.1,1593.25,1594.1,1667
2024-04-29 10:38:00,1594.1,1594.6,1593.5,1593.95,304
2024-04-29 10:39:00,1593.95,1594.5,1593.6,1594.0,519
2024-04-29 10:40:00,1594.0,1594.45,1592.3,1593.0,4144
2024-04-29 10:41:00,1593.0,1594.0,1593.0,1593.0,1463
2024-04-29 10:42:00,1593.0,1593.45,1592.75,1593.3,322
2024-04-29 10:43:00,1593.3,1593.6,1592.4,1592.5,711
2024-04-29 10:44:00,1592.5,1593.7,1592.5,1593.55,1173
2024-04-29 10:45:00,1593.55,1594.25,1592.95,1594.0,265
2024-04-29 10:46:00,1593.55,1594.7,1592.85,1593.25,1144
2024-04-29 10:47:00,1593.65,1594.55,1593.25,1594.0,1205
2024-04-29 10:48:00,1594.0,1594.55,1594.0,1594.4,15466
2024-04-29 10:49:00,1594.4,1595.0,1594.35,1594.4,1699
2024-04-29 10:50:00,1594.4,1595.0,1594.4,1594.4,1476
2024-04-29 10:51:00,1594.4,1595.0,1594.1,1594.75,1330
2024-04-29 10:52:00,1594.75,1594.85,1593.85,1594.7,555
2024-04-29 10:53:00,1594.7,1594.7,1593.85,1593.85,496
2024-04-29 10:54:00,1593.85,1594.95,1593.85,1594.45,904
2024-04-29 10:55:00,1594.45,1595.0,1594.4,1594.5,277
2024-04-29 10:56:00,1594.5,1594.9,1594.0,1594.0,615
2024-04-29 10:57:00,1594.0,1594.0,1593.35,1593.95,151
2024-04-29 10:58:00,1593.95,1594.1,1592.25,1593.0,2771
2024-04-29 10:59:00,1592.95,1593.0,1592.3,1592.95,302
2024-04-29 11:00:00,1592.95,1593.0,1592.25,1593.0,1268
2024-04-29 11:01:00,1592.5,1593.0,1592.0,1592.1,1286
2024-04-29 11:02:00,1592.55,1592.55,1592.0,1592.05,598
2024-04-29 11:03:00,1592.05,1592.4,1592.0,1592.35,983
2024-04-29 11:04:00,1592.4,1593.0,1592.3,1592.45,606
2024-04-29 11:05:00,1593.0,1593.0,1592.2,1592.45,2207
2024-04-29 11:06:00,1592.45,1592.9,1592.25,1592.85,614
2024-04-29 11:07:00,1592.85,1594.5,1592.15,1594.1,2505
2024-04-29 11:08:00,1593.15,1594.5,1593.0,1593.35,12307
2024-04-29 11:09:00,1593.65,1593.9,1592.55,1593.5,1332
2024-04-29 11:10:00,1593.0,1593.75,1591.5,1591.7,10237
2024-04-29 11:11:00,1591.65,1592.45,1591.55,1592.3,848
2024-04-29 11:12:00,1592.3,1592.3,1591.0,1591.85,1406
2024-04-29 11:13:00,1591.55,1593.25,1591.55,1591.8,1361
2024-04-29 11:14:00,1591.85,1592.65,1591.5,1591.95,1599
2024-04-29 11:15:00,1591.95,1592.35,1590.95,1591.0,4270
2024-04-29 11:16:00,1590.9,1591.65,1590.75,1591.55,1333
2024-04-29 11:17:00,1591.55,1592.0,1590.5,1592.0,4708
2024-04-29 11:18:00,1591.25,1592.15,1591.0,1591.7,6794
2024-04-29 11:19:00,1591.7,1591.85,1590.75,1591.25,2311
2024-04-29 11:20:00,1591.25,1591.25,1589.95,1590.4,8089
2024-04-29 11:21:00,1590.1,1591.15,1589.95,1590.75,3759
2024-04-29 11:22:00,1590.75,1591.8,1590.0,1591.6,9166
2024-04-29 11:23:00,1590.05,1591.4,1589.7,1590.55,7464
2024-04-29 11:24:00,1590.55,1592.0,1589.95,1591.9,4299
2024-04-29 11:25:00,1591.85,1592.0,1591.15,1591.9,548
2024-04-29 11:26:00,1591.9,1592.9,1591.15,1592.8,1653
2024-04-29 11:27:00,1592.8,1593.0,1592.05,1592.9,1744
2024-04-29 11:28:00,1592.9,1593.0,1592.0,1592.95,763
2024-04-29 11:29:00,1592.95,1593.0,1592.2,1593.0,501
2024-04-29 11:30:00,1592.9,1593.0,1591.8,1592.65,2458
2024-04-29 11:31:00,1592.65,1593.0,1591.85,1592.15,416
2024-04-29 11:32:00,1592.9,1592.9,1592.1,1592.9,316
2024-04-29 11:33:00,1592.9,1593.0,1592.05,1592.15,711
2024-04-29 11:34:00,1592.85,1593.45,1592.85,1593.45,698
2024-04-29 11:35:00,1593.45,1594.7,1593.35,1594.0,1330
2024-04-29 11:36:00,1593.75,1595.0,1593.75,1594.0,3773
2024-04-29 11:37:00,1594.0,1594.75,1593.5,1594.5,404
2024-04-29 11:38:00,1594.5,1594.8,1593.5,1594.0,733
2024-04-29 11:39:00,1594.55,1594.6,1593.6,1594.45,485
2024-04-29 11:40:00,1594.45,1594.5,1593.5,1594.5,392
2024-04-29 11:41:00,1594.0,1594.5,1594.0,1594.5,446
2024-04-29 11:42:00,1594.5,1594.5,1594.0,1594.5,185
2024-04-29 11:43:00,1594.5,1595.0,1594.0,1594.15,3251
2024-04-29 11:44:00,1594.15,1594.6,1594.0,1594.25,678
2024-04-29 11:45:00,1594.25,1594.95,1594.25,1594.35,619
2024-04-29 11:46:00,1594.95,1594.95,1594.35,1594.8,757
2024-04-29 11:47:00,1594.8,1594.9,1594.0,1594.55,1004
2024-04-29 11:48:00,1594.55,1595.05,1594.2,1594.4,2224
2024-04-29 11:49:00,1594.9,1595.45,1594.3,1594.3,2882
2024-04-29 11:50:00,1594.3,1595.0,1594.3,1594.75,138
2024-04-29 11:51:00,1594.3,1594.9,1594.0,1594.0,487
2024-04-29 11:52:00,1594.5,1594.9,1594.0,1594.9,1633
2024-04-29 11:53:00,1594.9,1594.9,1594.0,1594.6,792
2024-04-29 11:54:00,1594.75,1594.75,1593.75,1593.8,846
2024-04-29 11:55:00,1593.8,1594.6,1593.65,1593.8,592
2024-04-29 11:56:00,1593.8,1594.65,1593.8,1594.6,296
2024-04-29 11:57:00,1594.6,1594.65,1593.7,1594.45,382
2024-04-29 11:58:00,1594.45,1595.9,1593.75,1594.5,17414
2024-04-29 11:59:00,1594.5,1595.05,1594.0,1594.5,2828
2024-04-29 12:00:00,1594.5,1595.45,1594.1,1594.85,2638
2024-04-29 12:01:00,1594.9,1595.45,1594.3,1595.0,2878
2024-04-29 12:02:00,1594.5,1595.25,1594.0,1594.45,1966
2024-04-29 12:03:00,1594.45,1594.65,1593.7,1594.0,471
2024-04-29 12:04:00,1594.0,1594.0,1593.65,1593.95,211
2024-04-29 12:05:00,1593.95,1593.95,1593.35,1593.75,398
2024-04-29 12:06:00,1593.75,1593.95,1592.6,1593.8,5514
2024-04-29 12:07:00,1593.85,1595.0,1593.8,1594.95,1354
2024-04-29 12:08:00,1594.8,1595.0,1594.2,1594.35,746
2024-04-29 12:09:00,1594.35,1594.6,1593.75,1593.9,4750
2024-04-29 12:10:00,1593.9,1595.0,1593.9,1594.5,368
2024-04-29 12:11:00,1594.5,1595.3,1594.15,1594.95,956
2024-04-29 12:12:00,1594.95,1595.05,1594.1,1594.85,1007
2024-04-29 12:13:00,1594.75,1595.2,1594.1,1594.35,1900
2024-04-29 12:14:00,1594.15,1594.95,1594.1,1594.85,530
2024-04-29 12:15:00,1594.15,1594.8,1594.0,1594.8,959
2024-04-29 12:16:00,1594.8,1595.0,1594.05,1594.85,419
2024-04-29 12:17:00,1594.85,1594.95,1594.0,1594.8,815
2024-04-29 12:18:00,1594.1,1594.9,1594.05,1594.7,406
2024-04-29 12:19:00,1594.05,1594.8,1593.5,1594.2,1833
2024-04-29 12:20:00,1593.5,1594.4,1593.3,1594.4,1933
2024-04-29 12:21:00,1594.4,1594.4,1593.55,1594.4,1128
2024-04-29 12:22:00,1594.4,1594.65,1593.8,1594.2,240
2024-04-29 12:23:00,1594.2,1595.0,1594.15,1594.95,1447
2024-04-29 12:24:00,1594.95,1595.15,1594.3,1594.4,947
2024-04-29 12:25:00,1594.4,1595.0,1594.4,1595.0,405
2024-04-29 12:26:00,1595.0,1595.1,1594.4,1595.1,445
2024-04-29 12:27:00,1594.45,1595.25,1594.45,1595.1,1220
2024-04-29 12:28:00,1594.5,1595.35,1594.4,1594.7,11720
2024-04-29 12:29:00,1594.75,1595.5,1594.4,1595.0,14692
2024-04-29 12:30:00,1594.55,1595.25,1594.4,1595.0,7111
2024-04-29 12:31:00,1594.95,1595.25,1594.1,1594.4,1306
2024-04-29 12:32:00,1594.05,1595.0,1594.05,1594.8,1502
2024-04-29 12:33:00,1594.95,1595.0,1594.05,1594.95,772
2024-04-29 12:34:00,1594.5,1595.0,1594.1,1595.0,2269
2024-04-29 12:35:00,1595.0,1595.0,1594.05,1595.0,379
2024-04-29 12:36:00,1595.0,1595.0,1593.5,1594.3,1542
2024-04-29 12:37:00,1594.2,1594.65,1593.4,1594.5,594
2024-04-29 12:38:00,1594.5,1594.7,1593.85,1594.7,645
2024-04-29 12:39:00,1594.7,1594.95,1594.1,1594.85,343
2024-04-29 12:40:00,1594.1,1594.95,1593.05,1594.8,3014
2024-04-29 12:41:00,1594.1,1594.95,1594.05,1594.8,701
2024-04-29 12:42:00,1594.8,1595.0,1593.65,1594.0,524
2024-04-29 12:43:00,1594.0,1595.0,1593.35,1594.95,4162
2024-04-29 12:44:00,1594.3,1595.0,1594.05,1594.8,2073
2024-04-29 12:45:00,1594.8,1595.0,1594.05,1594.8,887
2024-04-29 12:46:00,1594.8,1594.95,1593.6,1593.85,2179
2024-04-29 12:47:00,1593.9,1594.0,1593.35,1594.0,667
2024-04-29 12:48:00,1593.9,1594.0,1593.35,1594.0,256
2024-04-29 12:49:00,1593.45,1594.0,1593.15,1593.95,342
2024-04-29 12:50:00,1594.0,1594.0,1593.2,1593.4,306
2024-04-29 12:51:00,1593.25,1593.95,1593.1,1593.95,1158
2024-04-29 12:52:00,1593.95,1594.0,1593.4,1594.0,485
2024-04-29 12:53:00,1594.0,1594.95,1593.95,1594.45,3750
2024-04-29 12:54:00,1594.45,1595.25,1594.45,1594.45,3276
2024-04-29 12:55:00,1595.15,1595.15,1594.45,1595.0,1245
2024-04-29 12:56:00,1595.0,1595.0,1594.45,1595.0,805
2024-04-29 12:57:00,1594.45,1595.4,1594.45,1595.2,5495
2024-04-29 12:58:00,1594.5,1595.8,1594.45,1595.3,4236
2024-04-29 12:59:00,1594.5,1595.45,1594.45,1594.5,16159
2024-04-29 13:00:00,1595.15,1595.15,1594.45,1595.05,1552
2024-04-29 13:01:00,1595.05,1595.05,1594.45,1594.8,961
2024-04-29 13:02:00,1594.45,1594.85,1594.45,1594.8,1649
2024-04-29 13:03:00,1594.8,1594.8,1594.05,1594.45,2320
2024-04-29 13:04:00,1594.45,1594.45,1594.0,1594.0,245
2024-04-29 13:05:00,1594.4,1594.65,1594.0,1594.55,492
2024-04-29 13:06:00,1594.0,1594.0,1592.7,1593.3,1666
2024-04-29 13:07:00,1592.7,1593.65,1592.15,1592.95,2636
2024-04-29 13:08:00,1592.9,1592.9,1591.8,1592.6,326
2024-04-29 13:09:00,1592.6,1592.95,1592.05,1592.85,508
2024-04-29 13:10:00,1592.85,1594.2,1592.85,1594.2,494
2024-04-29 13:11:00,1593.7,1594.15,1592.95,1594.1,624
2024-04-29 13:12:00,1594.1,1594.1,1593.4,1593.75,296
2024-04-29 13:13:00,1593.75,1593.95,1593.45,1593.75,274
2024-04-29 13:14:00,1593.75,1593.95,1593.2,1593.95,651
2024-04-29 13:15:00,1593.95,1594.0,1592.45,1592.9,879
2024-04-29 13:16:00,1593.55,1593.95,1592.8,1593.5,298
2024-04-29 13:17:00,1593.5,1593.5,1592.4,1593.0,892
2024-04-29 13:18:00,1593.0,1593.35,1592.45,1593.15,480
2024-04-29 13:19:00,1593.15,1593.5,1592.5,1593.5,532
2024-04-29 13:20:00,1592.65,1594.0,1592.65,1594.0,1250
2024-04-29 13:21:00,1594.0,1594.45,1593.5,1594.2,1075
2024-04-29 13:22:00,1594.2,1594.5,1593.65,1594.45,1041
2024-04-29 13:23:00,1594.45,1594.8,1593.65,1594.8,922
2024-04-29 13:24:00,1594.3,1594.95,1594.0,1594.95,633
2024-04-29 13:25:00,1594.95,1595.25,1594.3,1594.8,2938
2024-04-29 13:26:00,1594.8,1594.95,1594.0,1594.5,1031
2024-04-29 13:27:00,1594.5,1594.5,1594.0,1594.0,181
2024-04-29 13:28:00,1594.5,1595.0,1593.0,1593.75,15863
2024-04-29 13:29:00,1593.85,1594.15,1591.6,1592.45,4567
2024-04-29 13:30:00,1592.45,1592.65,1591.7,1592.45,268
2024-04-29 13:31:00,1592.45,1593.35,1592.0,1592.7,481
2024-04-29 13:32:00,1592.8,1593.5,1592.3,1593.4,512
2024-04-29 13:33:00,1593.4,1594.5,1592.9,1594.5,576
2024-04-29 13:34:00,1594.5,1594.6,1593.0,1594.15,193
2024-04-29 13:35:00,1593.55,1594.15,1593.05,1593.85,491
2024-04-29 13:36:00,1593.05,1594.9,1593.05,1594.9,950
2024-04-29 13:37:00,1594.9,1594.9,1594.05,1594.3,427
2024-04-29 13:38:00,1594.3,1594.8,1594.0,1594.65,2672
2024-04-29 13:39:00,1594.05,1594.9,1594.05,1594.1,540
2024-04-29 13:40:00,1594.1,1594.9,1594.05,1594.85,236
2024-04-29 13:41:00,1594.85,1594.9,1594.05,1594.65,369
2024-04-29 13:42:00,1594.65,1594.85,1594.05,1594.85,274
2024-04-29 13:43:00,1594.75,1594.85,1594.1,1594.85,9811
2024-04-29 13:44:00,1594.85,1594.85,1594.05,1594.65,392
2024-04-29 13:45:00,1594.65,1594.75,1594.0,1594.65,648
2024-04-29 13:46:00,1594.65,1594.65,1593.0,1594.0,565
2024-04-29 13:47:00,1593.25,1593.95,1592.2,1593.0,3427
2024-04-29 13:48:00,1592.95,1593.0,1592.0,1593.0,413
2024-04-29 13:49:00,1593.0,1593.0,1592.15,1593.0,369
2024-04-29 13:50:00,1592.75,1593.7,1592.45,1593.35,773
2024-04-29 13:51:00,1593.0,1594.0,1593.0,1594.0,877
2024-04-29 13:52:00,1594.0,1594.1,1593.3,1594.1,408
2024-04-29 13:53:00,1594.05,1594.6,1593.45,1594.45,400
2024-04-29 13:54:00,1594.5,1594.6,1593.6,1594.2,1625
2024-04-29 13:55:00,1594.2,1594.65,1593.4,1594.0,344
2024-04-29 13:56:00,1594.05,1594.1,1593.4,1593.9,263
2024-04-29 13:57:00,1593.9,1594.0,1593.1,1593.85,527
2024-04-29 13:58:00,1593.85,1594.5,1592.8,1594.15,1412
2024-04-29 13:59:00,1594.2,1594.2,1592.9,1593.8,1484
2024-04-29 14:00:00,1594.35,1594.4,1593.15,1593.95,1553
2024-04-29 14:01:00,1593.95,1594.6,1593.65,1594.2,634
2024-04-29 14:02:00,1594.3,1594.7,1593.3,1593.4,862
2024-04-29 14:03:00,1593.8,1594.15,1593.3,1594.1,305
2024-04-29 14:04:00,1593.95,1594.35,1593.6,1594.35,543
2024-04-29 14:05:00,1594.35,1595.05,1593.5,1594.5,2896
2024-04-29 14:06:00,1594.5,1594.85,1593.45,1594.15,1984
2024-04-29 14:07:00,1594.15,1594.4,1593.45,1594.0,407
2024-04-29 14:08:00,1594.1,1594.75,1594.0,1594.75,824
2024-04-29 14:09:00,1594.75,1595.0,1593.5,1594.45,999
2024-04-29 14:10:00,1594.45,1595.05,1593.75,1594.15,7125
2024-04-29 14:11:00,1594.5,1595.6,1594.15,1594.85,16638
2024-04-29 14:12:00,1595.0,1595.4,1594.2,1594.5,8389
2024-04-29 14:13:00,1595.0,1595.1,1594.1,1594.1,1297
2024-04-29 14:14:00,1594.95,1594.95,1594.1,1594.8,418
2024-04-29 14:15:00,1594.85,1595.05,1594.1,1594.85,3598
2024-04-29 14:16:00,1594.85,1595.05,1594.15,1595.0,1499
2024-04-29 14:17:00,1595.0,1595.1,1594.1,1595.0,2556
2024-04-29 14:18:00,1594.9,1595.45,1594.15,1595.3,770
2024-04-29 14:19:00,1595.3,1595.3,1594.5,1595.1,345
2024-04-29 14:20:00,1595.0,1595.4,1594.5,1595.25,717
2024-04-29 14:21:00,1595.25,1595.5,1594.5,1595.25,2449
2024-04-29 14:22:00,1595.25,1595.25,1594.55,1595.0,724
2024-04-29 14:23:00,1595.2,1595.5,1594.55,1595.45,601
2024-04-29 14:24:00,1595.45,1596.45,1595.05,1595.9,4492
2024-04-29 14:25:00,1596.35,1597.0,1595.5,1596.5,4225
2024-04-29 14:26:00,1596.85,1598.95,1596.15,1598.45,8023
2024-04-29 14:27:00,1598.0,1598.45,1598.0,1598.4,1113
2024-04-29 14:28:00,1598.4,1599.2,1598.15,1598.65,7115
2024-04-29 14:29:00,1598.65,1598.9,1596.8,1597.0,3448
2024-04-29 14:30:00,1597.55,1597.85,1596.25,1596.95,2802
2024-04-29 14:31:00,1596.95,1597.0,1595.05,1595.5,5378
2024-04-29 14:32:00,1595.5,1596.25,1595.0,1595.05,1659
2024-04-29 14:33:00,1595.85,1596.0,1595.05,1595.1,269
2024-04-29 14:34:00,1595.1,1595.95,1595.1,1595.9,1124
2024-04-29 14:35:00,1595.9,1595.95,1595.25,1595.3,563
2024-04-29 14:36:00,1595.95,1596.3,1595.3,1596.0,900
2024-04-29 14:37:00,1596.3,1596.65,1595.4,1595.5,1736
2024-04-29 14:38:00,1595.95,1596.25,1595.25,1595.85,2629
2024-04-29 14:39:00,1595.85,1596.0,1595.25,1595.9,642
2024-04-29 14:40:00,1595.45,1596.0,1595.3,1595.95,470
2024-04-29 14:41:00,1595.4,1596.0,1595.35,1596.0,564
2024-04-29 14:42:00,1595.5,1596.5,1595.5,1596.1,450
2024-04-29 14:43:00,1596.15,1596.5,1594.8,1595.55,8754
2024-04-29 14:44:00,1595.55,1596.45,1595.2,1596.4,312
2024-04-29 14:45:00,1596.4,1596.5,1595.95,1596.0,1139
2024-04-29 14:46:00,1596.05,1596.5,1595.0,1595.8,1279
2024-04-29 14:47:00,1596.45,1596.9,1595.1,1595.85,6877
2024-04-29 14:48:00,1595.85,1596.3,1595.3,1595.55,1509
2024-04-29 14:49:00,1596.0,1596.65,1595.0,1596.5,2293
2024-04-29 14:50:00,1596.5,1596.8,1595.75,1596.7,3486
2024-04-29 14:51:00,1596.0,1596.9,1595.95,1596.65,1580
2024-04-29 14:52:00,1596.5,1597.6,1595.95,1596.95,67723
2024-04-29 14:53:00,1596.95,1599.7,1596.1,1597.95,30372
2024-04-29 14:54:00,1597.95,1598.85,1597.5,1598.1,3259
2024-04-29 14:55:00,1597.5,1598.0,1597.5,1597.85,1248
2024-04-29 14:56:00,1597.4,1597.95,1597.0,1597.45,3023
2024-04-29 14:57:00,1597.4,1597.45,1595.95,1595.95,6033
2024-04-29 14:58:00,1595.95,1596.05,1595.15,1595.8,3870
2024-04-29 14:59:00,1595.8,1596.4,1594.25,1596.2,17204
2024-04-29 15:00:00,1596.0,1596.7,1595.7,1596.45,10303
2024-04-29 15:01:00,1596.45,1597.0,1595.9,1596.05,27016
2024-04-29 15:02:00,1596.65,1596.65,1595.75,1595.95,4417
2024-04-29 15:03:00,1596.5,1596.5,1595.65,1595.95,6543
2024-04-29 15:04:00,1596.2,1596.5,1595.65,1596.0,4073
2024-04-29 15:05:00,1596.25,1596.45,1595.15,1596.3,4292
2024-04-29 15:06:00,1596.4,1596.4,1595.9,1595.95,4882
2024-04-29 15:07:00,1595.9,1596.6,1595.8,1596.5,3175
2024-04-29 15:08:00,1596.45,1596.6,1595.95,1596.0,2859
2024-04-29 15:09:00,1596.1,1596.55,1595.95,1596.25,4255
2024-04-29 15:10:00,1596.1,1596.65,1595.95,1596.0,5920
2024-04-29 15:11:00,1595.95,1596.45,1595.5,1595.9,5734
2024-04-29 15:12:00,1595.8,1596.25,1595.0,1596.05,8172
2024-04-29 15:13:00,1595.6,1596.4,1595.6,1595.95,4292
2024-04-29 15:14:00,1596.0,1596.4,1595.35,1595.95,3205
2024-04-29 15:15:00,1596.15,1596.15,1595.0,1595.35,10618
2024-04-29 15:16:00,1595.35,1596.4,1595.2,1596.35,3946
2024-04-29 15:17:00,1596.35,1597.0,1596.3,1596.65,7486
2024-04-29 15:18:00,1596.95,1596.95,1594.3,1594.6,8847
2024-04-29 15:19:00,1594.6,1595.55,1594.25,1594.95,7984
2024-04-29 15:20:00,1594.95,1595.4,1593.3,1594.8,11757
2024-04-29 15:21:00,1594.8,1595.0,1594.1,1594.65,3679
2024-04-29 15:22:00,1594.7,1594.9,1593.15,1594.7,4080
2024-04-29 15:23:00,1594.7,1594.7,1594.05,1594.65,3862
2024-04-29 15:24:00,1594.65,1594.7,1594.0,1594.65,3915
2024-04-29 15:25:00,1594.4,1595.0,1594.35,1595.0,6066
2024-04-29 15:26:00,1594.9,1595.9,1594.5,1595.9,4266
2024-04-29 15:27:00,1595.95,1596.0,1595.0,1596.0,11383
2024-04-29 15:28:00,1595.95,1596.6,1595.0,1596.55,3484
2024-04-29 15:29:00,1595.8,1596.9,1595.0,1595.0,2357
2024-04-30 09:15:00,1596.0,1599.85,1591.3,1596.3,30535
2024-04-30 09:16:00,1596.3,1605.0,1596.3,1605.0,11416
2024-04-30 09:17:00,1604.25,1607.25,1602.8,1605.5,16129
2024-04-30 09:18:00,1606.65,1607.1,1602.85,1604.75,8390
2024-04-30 09:19:00,1604.75,1607.0,1604.75,1605.75,7800
2024-04-30 09:20:00,1606.45,1607.0,1603.25,1603.25,5579
2024-04-30 09:21:00,1604.3,1606.0,1603.25,1603.25,4327
2024-04-30 09:22:00,1603.25,1603.8,1602.0,1603.0,4587
2024-04-30 09:23:00,1603.0,1604.65,1602.7,1603.85,1694
2024-04-30 09:24:00,1603.85,1604.75,1602.75,1604.05,3393
2024-04-30 09:25:00,1604.05,1606.35,1604.05,1605.05,4416
2024-04-30 09:26:00,1605.55,1605.6,1604.35,1605.55,1523
2024-04-30 09:27:00,1605.0,1606.85,1604.0,1604.95,8200
2024-04-30 09:28:00,1604.95,1605.75,1602.35,1602.35,3045
2024-04-30 09:29:00,1603.05,1603.1,1601.25,1602.4,2514
2024-04-30 09:30:00,1601.85,1603.6,1601.4,1602.5,1247
2024-04-30 09:31:00,1602.5,1604.9,1601.8,1604.3,5546
2024-04-30 09:32:00,1604.6,1605.0,1602.0,1602.05,4394
2024-04-30 09:33:00,1602.0,1604.0,1600.5,1603.75,8587
2024-04-30 09:34:00,1603.75,1605.5,1603.15,1604.85,1753
2024-04-30 09:35:00,1604.85,1606.85,1604.85,1606.35,7746
2024-04-30 09:36:00,1606.35,1609.95,1605.85,1608.35,17155
2024-04-30 09:37:00,1608.35,1608.65,1605.4,1605.6,9115
2024-04-30 09:38:00,1606.05,1606.5,1604.0,1604.85,2529
2024-04-30 09:39:00,1604.85,1604.95,1601.0,1602.0,12285
2024-04-30 09:40:00,1602.0,1604.0,1601.6,1603.1,1968
2024-04-30 09:41:00,1603.1,1604.95,1603.1,1604.0,3269
2024-04-30 09:42:00,1604.4,1604.95,1603.8,1603.8,1928
2024-04-30 09:43:00,1603.8,1606.75,1603.8,1606.25,5491
2024-04-30 09:44:00,1606.75,1607.0,1605.45,1605.45,1679
2024-04-30 09:45:00,1605.45,1606.2,1604.35,1604.35,3003
2024-04-30 09:46:00,1604.35,1606.5,1604.15,1605.25,2571
2024-04-30 09:47:00,1605.8,1605.85,1604.5,1605.35,993
2024-04-30 09:48:00,1605.35,1605.7,1604.5,1605.7,1259
2024-04-30 09:49:00,1605.7,1606.0,1605.2,1605.8,1427
2024-04-30 09:50:00,1606.0,1606.0,1604.6,1604.6,2033
2024-04-30 09:51:00,1604.6,1605.1,1603.05,1604.75,1580
2024-04-30 09:52:00,1604.75,1604.75,1603.75,1603.85,634
2024-04-30 09:53:00,1603.85,1604.95,1603.6,1604.4,1246
2024-04-30 09:54:00,1604.4,1605.0,1603.85,1605.0,1411
2024-04-30 09:55:00,1605.1,1605.95,1604.7,1605.35,1827
2024-04-30 09:56:00,1605.35,1605.4,1604.1,1605.35,1672
2024-04-30 09:57:00,1605.35,1605.4,1604.45,1604.9,845
2024-04-30 09:58:00,1604.9,1605.7,1604.2,1605.2,1516
2024-04-30 09:59:00,1605.0,1605.0,1603.2,1603.6,988
2024-04-30 10:00:00,1603.6,1603.6,1601.35,1603.3,3054
2024-04-30 10:01:00,1603.3,1603.95,1603.1,1603.75,194
2024-04-30 10:02:00,1603.75,1604.6,1603.35,1604.0,743
2024-04-30 10:03:00,1604.0,1604.55,1603.15,1603.9,2209
2024-04-30 10:04:00,1603.9,1605.5,1603.9,1605.0,1465
2024-04-30 10:05:00,1605.0,1605.6,1604.0,1604.7,701
2024-04-30 10:06:00,1604.7,1604.7,1603.65,1604.0,631
2024-04-30 10:07:00,1604.4,1604.45,1603.65,1604.25,224
2024-04-30 10:08:00,1604.3,1606.0,1603.45,1603.45,1920
2024-04-30 10:09:00,1603.35,1603.7,1601.8,1601.8,3569
2024-04-30 10:10:00,1602.45,1603.4,1601.35,1602.7,1440
2024-04-30 10:11:00,1602.7,1604.95,1602.55,1604.95,634
2024-04-30 10:12:00,1604.95,1605.0,1604.6,1605.0,670
2024-04-30 10:13:00,1605.0,1605.25,1604.8,1605.25,741
2024-04-30 10:14:00,1605.25,1605.9,1604.8,1605.25,525
2024-04-30 10:15:00,1605.55,1605.65,1604.25,1604.6,959
2024-04-30 10:16:00,1604.6,1605.1,1603.9,1604.15,1236
2024-04-30 10:17:00,1604.15,1605.05,1604.0,1604.3,381
2024-04-30 10:18:00,1604.3,1605.0,1604.3,1604.95,368
2024-04-30 10:19:00,1604.95,1605.0,1604.4,1604.4,117
2024-04-30 10:20:00,1604.4,1604.45,1604.0,1604.35,586
2024-04-30 10:21:00,1604.35,1604.35,1603.75,1604.3,753
2024-04-30 10:22:00,1604.3,1604.3,1603.0,1603.25,390
2024-04-30 10:23:00,1603.2,1603.4,1603.0,1603.25,213
2024-04-30 10:24:00,1603.25,1604.05,1603.15,1604.0,620
2024-04-30 10:25:00,1604.0,1604.45,1603.2,1604.4,274
2024-04-30 10:26:00,1604.4,1604.4,1603.5,1603.5,723
2024-04-30 10:27:00,1603.5,1603.75,1602.3,1603.35,2625
2024-04-30 10:28:00,1603.35,1603.45,1601.95,1603.25,1528
2024-04-30 10:29:00,1603.25,1603.25,1601.3,1601.55,1499
2024-04-30 10:30:00,1602.2,1602.45,1601.0,1602.4,2456
2024-04-30 10:31:00,1602.4,1602.7,1601.55,1601.55,1481
2024-04-30 10:32:00,1601.55,1602.15,1601.1,1602.15,636
2024-04-30 10:33:00,1602.15,1602.15,1601.05,1601.25,459
2024-04-30 10:34:00,1601.25,1601.8,1601.25,1601.55,401
2024-04-30 10:35:00,1601.55,1603.15,1601.55,1602.6,230
2024-04-30 10:36:00,1603.0,1603.35,1602.8,1603.35,123
2024-04-30 10:37:00,1603.4,1604.0,1602.55,1602.55,579
2024-04-30 10:38:00,1602.55,1603.2,1602.2,1603.2,460
2024-04-30 10:39:00,1603.2,1603.55,1603.05,1603.05,363
2024-04-30 10:40:00,1603.05,1603.5,1603.05,1603.45,42
2024-04-30 10:41:00,1603.8,1604.5,1603.65,1604.5,1826
2024-04-30 10:42:00,1604.7,1604.85,1604.0,1604.3,568
2024-04-30 10:43:00,1604.3,1605.0,1604.05,1605.0,1627
2024-04-30 10:44:00,1605.0,1606.6,1605.0,1606.55,2346
2024-04-30 10:45:00,1606.65,1606.8,1605.55,1605.75,2430
2024-04-30 10:46:00,1606.55,1606.55,1605.3,1606.15,1840
2024-04-30 10:47:00,1606.25,1609.9,1606.25,1609.45,13139
2024-04-30 10:48:00,1609.0,1609.9,1608.65,1609.8,2857
2024-04-30 10:49:00,1609.8,1612.8,1609.25,1611.95,16492
2024-04-30 10:50:00,1611.95,1612.0,1611.25,1611.6,2584
2024-04-30 10:51:00,1611.6,1612.0,1611.05,1611.75,1445
2024-04-30 10:52:00,1611.75,1614.0,1611.25,1613.95,9844
2024-04-30 10:53:00,1613.9,1616.2,1613.9,1615.0,19621
2024-04-30 10:54:00,1615.0,1618.0,1615.0,1618.0,28319
2024-04-30 10:55:00,1618.0,1618.0,1616.75,1616.8,8291
2024-04-30 10:56:00,1616.8,1617.2,1615.0,1616.75,6483
2024-04-30 10:57:00,1616.8,1619.0,1616.0,1617.25,20585
2024-04-30 10:58:00,1617.25,1617.3,1613.7,1613.85,4216
2024-04-30 10:59:00,1613.85,1614.0,1612.15,1613.0,3280
2024-04-30 11:00:00,1613.0,1613.5,1611.45,1612.05,4813
2024-04-30 11:01:00,1612.05,1613.0,1612.05,1612.6,1667
2024-04-30 11:02:00,1612.35,1613.0,1612.0,1612.7,793
2024-04-30 11:03:00,1612.7,1613.0,1611.6,1612.9,760
2024-04-30 11:04:00,1612.9,1612.9,1610.0,1610.75,2533
2024-04-30 11:05:00,1610.0,1610.6,1608.4,1609.0,4118
2024-04-30 11:06:00,1609.0,1609.9,1605.9,1607.5,6790
2024-04-30 11:07:00,1607.5,1609.55,1606.5,1609.55,2490
2024-04-30 11:08:00,1609.05,1609.6,1607.15,1607.85,1170
2024-04-30 11:09:00,1607.85,1608.4,1607.5,1608.4,602
2024-04-30 11:10:00,1608.4,1608.55,1607.5,1608.55,903
2024-04-30 11:11:00,1608.55,1609.45,1607.75,1608.45,1016
2024-04-30 11:12:00,1608.8,1608.8,1607.6,1607.6,1050
2024-04-30 11:13:00,1607.6,1608.8,1607.6,1608.8,601
2024-04-30 11:14:00,1608.8,1608.85,1608.0,1608.8,845
2024-04-30 11:15:00,1608.8,1608.8,1608.0,1608.2,611
2024-04-30 11:16:00,1608.65,1608.75,1607.85,1608.75,719
2024-04-30 11:17:00,1608.75,1608.75,1607.2,1607.2,1610
2024-04-30 11:18:00,1607.5,1607.5,1606.25,1607.35,1766
2024-04-30 11:19:00,1607.3,1607.9,1607.1,1607.7,237
2024-04-30 11:20:00,1607.75,1607.8,1606.35,1606.85,1164
2024-04-30 11:21:00,1606.85,1606.85,1605.0,1606.05,2470
2024-04-30 11:22:00,1606.05,1607.25,1605.65,1607.25,2739
2024-04-30 11:23:00,1607.25,1607.75,1606.9,1607.75,1386
2024-04-30 11:24:00,1607.75,1608.65,1607.55,1608.6,630
2024-04-30 11:25:00,1608.6,1608.75,1607.45,1608.0,1097
2024-04-30 11:26:00,1608.0,1609.95,1607.75,1609.2,2565
2024-04-30 11:27:00,1609.2,1612.65,1608.2,1612.0,6515
2024-04-30 11:28:00,1612.0,1612.0,1609.5,1610.0,4866
2024-04-30 11:29:00,1610.85,1611.65,1610.0,1611.0,423
2024-04-30 11:30:00,1611.0,1613.8,1610.7,1613.3,4617
2024-04-30 11:31:00,1613.3,1614.75,1613.25,1613.8,1827
2024-04-30 11:32:00,1613.8,1614.4,1612.0,1612.0,5407
2024-04-30 11:33:00,1612.0,1613.5,1611.75,1613.3,7191
2024-04-30 11:34:00,1613.55,1613.9,1613.0,1613.05,1855
2024-04-30 11:35:00,1613.05,1613.2,1611.6,1613.0,2834
2024-04-30 11:36:00,1613.0,1614.35,1613.0,1614.35,4219
2024-04-30 11:37:00,1614.35,1614.5,1611.5,1613.2,3829
2024-04-30 11:38:00,1613.25,1613.95,1612.75,1613.1,2258
2024-04-30 11:39:00,1613.1,1613.15,1612.25,1612.25,1179
2024-04-30 11:40:00,1612.25,1613.55,1612.25,1613.55,966
2024-04-30 11:41:00,1612.8,1613.8,1611.7,1612.5,1542
2024-04-30 11:42:00,1612.45,1612.45,1611.3,1612.0,1846
2024-04-30 11:43:00,1612.0,1612.0,1611.0,1611.95,1960
2024-04-30 11:44:00,1611.95,1612.8,1611.0,1612.45,2104
2024-04-30 11:45:00,1612.7,1613.35,1612.35,1613.35,1159
2024-04-30 11:46:00,1613.35,1614.0,1613.1,1613.2,2318
2024-04-30 11:47:00,1613.5,1614.25,1612.95,1613.0,3435
2024-04-30 11:48:00,1613.0,1614.0,1612.75,1613.45,2017
2024-04-30 11:49:00,1613.45,1614.25,1612.9,1614.25,3656
2024-04-30 11:50:00,1614.25,1615.75,1613.8,1615.5,4305
2024-04-30 11:51:00,1614.95,1615.75,1614.6,1615.4,1077
2024-04-30 11:52:00,1615.4,1615.4,1614.2,1614.85,1457
2024-04-30 11:53:00,1614.3,1615.5,1614.3,1615.2,1744
2024-04-30 11:54:00,1614.7,1615.45,1614.35,1615.0,798
2024-04-30 11:55:00,1615.0,1616.0,1614.95,1616.0,3754
2024-04-30 11:56:00,1616.0,1616.5,1615.3,1615.95,2479
2024-04-30 11:57:00,1616.5,1616.5,1615.25,1615.9,1252
2024-04-30 11:58:00,1615.9,1617.75,1615.5,1617.4,11279
2024-04-30 11:59:00,1616.85,1618.0,1616.5,1618.0,3463
2024-04-30 12:00:00,1618.0,1619.0,1617.5,1619.0,5887
2024-04-30 12:01:00,1619.0,1621.0,1618.2,1621.0,22077
2024-04-30 12:02:00,1620.4,1621.45,1619.05,1619.75,7632
2024-04-30 12:03:00,1619.75,1620.65,1619.45,1619.6,1959
2024-04-30 12:04:00,1619.3,1619.6,1617.1,1618.7,6349
2024-04-30 12:05:00,1618.9,1619.0,1618.1,1618.6,1481
2024-04-30 12:06:00,1618.6,1619.0,1618.3,1619.0,1956
2024-04-30 12:07:00,1619.0,1619.0,1618.35,1618.75,2106
2024-04-30 12:08:00,1618.75,1618.8,1617.5,1618.25,1985
2024-04-30 12:09:00,1618.7,1619.0,1617.6,1618.75,3204
2024-04-30 12:10:00,1618.75,1618.85,1617.85,1617.95,1730
2024-04-30 12:11:00,1617.95,1619.5,1617.95,1619.5,1251
2024-04-30 12:12:00,1619.5,1619.9,1617.65,1618.85,5642
2024-04-30 12:13:00,1618.65,1619.9,1617.9,1619.8,668
2024-04-30 12:14:00,1619.8,1619.9,1618.85,1619.4,2259
2024-04-30 12:15:00,1619.95,1621.5,1619.05,1621.5,10671
2024-04-30 12:16:00,1621.5,1621.5,1620.5,1621.35,1442
2024-04-30 12:17:00,1621.35,1621.5,1620.9,1621.05,8622
2024-04-30 12:18:00,1621.5,1623.0,1620.8,1621.55,9484
2024-04-30 12:19:00,1621.55,1623.3,1621.1,1623.3,2463
2024-04-30 12:20:00,1623.3,1623.7,1622.0,1622.8,2062
2024-04-30 12:21:00,1622.1,1623.05,1622.05,1623.0,2336
2024-04-30 12:22:00,1623.0,1623.05,1622.2,1623.0,2095
2024-04-30 12:23:00,1623.0,1623.0,1621.35,1622.6,1980
2024-04-30 12:24:00,1622.6,1622.7,1621.15,1622.3,2822
2024-04-30 12:25:00,1622.3,1622.3,1621.2,1622.3,2054
2024-04-30 12:26:00,1622.3,1622.3,1621.3,1622.0,755
2024-04-30 12:27:00,1621.8,1622.8,1621.5,1622.2,2183
2024-04-30 12:28:00,1622.2,1623.3,1622.2,1623.2,2842
2024-04-30 12:29:00,1623.2,1623.3,1622.7,1623.2,1818
2024-04-30 12:30:00,1623.2,1623.5,1621.5,1621.55,5474
2024-04-30 12:31:00,1621.55,1622.6,1621.55,1622.0,1357
2024-04-30 12:32:00,1622.0,1622.0,1621.1,1622.0,2255
2024-04-30 12:33:00,1622.0,1622.0,1621.05,1621.5,1002
2024-04-30 12:34:00,1621.85,1622.0,1621.65,1622.0,1650
2024-04-30 12:35:00,1622.0,1622.0,1621.2,1621.75,705
2024-04-30 12:36:00,1621.75,1621.8,1620.7,1621.0,1862
2024-04-30 12:37:00,1621.0,1621.5,1620.0,1621.5,2972
2024-04-30 12:38:00,1621.5,1621.7,1620.85,1621.5,2115
2024-04-30 12:39:00,1621.5,1621.5,1620.0,1620.0,923
2024-04-30 12:40:00,1620.0,1620.9,1616.8,1617.1,6171
2024-04-30 12:41:00,1617.1,1619.15,1617.0,1619.0,3091
2024-04-30 12:42:00,1619.0,1620.5,1618.9,1620.5,2751
2024-04-30 12:43:00,1620.5,1622.0,1620.1,1621.95,2864
2024-04-30 12:44:00,1621.95,1622.0,1621.1,1622.0,1717
2024-04-30 12:45:00,1622.0,1622.0,1621.2,1621.9,2228
2024-04-30 12:46:00,1621.55,1623.95,1621.55,1623.5,6201
2024-04-30 12:47:00,1623.5,1623.55,1622.6,1623.25,1658
2024-04-30 12:48:00,1623.25,1623.3,1623.0,1623.3,1072
2024-04-30 12:49:00,1623.3,1623.8,1623.05,1623.4,1527
2024-04-30 12:50:00,1623.4,1624.45,1623.4,1624.15,1931
2024-04-30 12:51:00,1624.15,1625.0,1624.15,1624.7,4080
2024-04-30 12:52:00,1624.7,1625.0,1623.25,1624.0,4690
2024-04-30 12:53:00,1623.4,1624.7,1623.05,1623.95,1888
2024-04-30 12:54:00,1623.95,1624.75,1623.5,1624.7,2512
2024-04-30 12:55:00,1624.7,1624.75,1623.65,1624.75,2308
2024-04-30 12:56:00,1624.75,1624.75,1624.0,1624.65,2802
2024-04-30 12:57:00,1624.7,1624.75,1623.5,1624.0,2436
2024-04-30 12:58:00,1624.05,1624.75,1623.45,1624.35,3329
2024-04-30 12:59:00,1624.35,1624.45,1623.4,1624.3,1849
2024-04-30 13:00:00,1624.0,1624.4,1622.35,1623.0,3850
2024-04-30 13:01:00,1622.85,1623.8,1622.2,1622.7,979
2024-04-30 13:02:00,1622.7,1622.7,1622.25,1622.25,659
2024-04-30 13:03:00,1622.25,1623.0,1621.5,1623.0,1554
2024-04-30 13:04:00,1623.0,1623.55,1622.25,1622.9,1274
2024-04-30 13:05:00,1622.5,1623.1,1622.5,1622.85,543
2024-04-30 13:06:00,1623.1,1623.1,1620.3,1620.95,3234
2024-04-30 13:07:00,1620.95,1621.8,1620.1,1621.75,1831
2024-04-30 13:08:00,1621.75,1621.9,1617.75,1618.5,2827
2024-04-30 13:09:00,1618.5,1620.85,1617.7,1619.95,2997
2024-04-30 13:10:00,1619.95,1621.0,1619.75,1620.5,684
2024-04-30 13:11:00,1620.5,1621.7,1620.5,1621.4,1810
2024-04-30 13:12:00,1621.4,1621.8,1620.3,1621.1,1698
2024-04-30 13:13:00,1621.1,1622.0,1620.95,1622.0,1365
2024-04-30 13:14:00,1622.0,1622.2,1619.3,1619.95,1114
2024-04-30 13:15:00,1619.95,1621.25,1619.55,1620.7,1600
2024-04-30 13:16:00,1620.7,1621.25,1619.65,1621.1,883
2024-04-30 13:17:00,1621.1,1621.35,1620.0,1621.0,1686
2024-04-30 13:18:00,1621.0,1621.1,1620.1,1621.0,1664
2024-04-30 13:19:00,1621.0,1621.35,1620.3,1621.1,1147
2024-04-30 13:20:00,1621.1,1621.35,1620.45,1621.35,2300
2024-04-30 13:21:00,1621.35,1621.9,1621.0,1621.9,3881
2024-04-30 13:22:00,1621.9,1621.95,1621.35,1621.5,667
2024-04-30 13:23:00,1621.5,1622.0,1621.5,1622.0,1390
2024-04-30 13:24:00,1621.6,1625.7,1621.6,1625.55,21081
2024-04-30 13:25:00,1625.55,1627.45,1624.5,1625.25,6137
2024-04-30 13:26:00,1625.25,1625.25,1623.6,1623.95,3053
2024-04-30 13:27:00,1623.55,1623.95,1623.05,1623.05,1177
2024-04-30 13:28:00,1623.05,1625.0,1623.05,1624.5,1989
2024-04-30 13:29:00,1624.45,1625.5,1624.05,1625.5,5520
2024-04-30 13:30:00,1625.5,1627.7,1625.45,1627.2,5047
2024-04-30 13:31:00,1627.15,1628.5,1626.5,1628.45,11418
2024-04-30 13:32:00,1628.45,1628.45,1626.8,1627.0,3547
2024-04-30 13:33:00,1627.0,1627.0,1626.1,1626.75,945
2024-04-30 13:34:00,1626.75,1626.8,1625.7,1625.85,2425
2024-04-30 13:35:00,1625.85,1626.5,1625.1,1625.95,3736
2024-04-30 13:36:00,1625.1,1625.95,1625.1,1625.8,1887
2024-04-30 13:37:00,1625.8,1625.95,1625.15,1625.95,1309
2024-04-30 13:38:00,1625.95,1626.0,1625.15,1625.15,1260
2024-04-30 13:39:00,1625.0,1625.65,1624.85,1625.65,4030
2024-04-30 13:40:00,1625.65,1627.1,1625.4,1626.55,3274
2024-04-30 13:41:00,1627.1,1627.65,1626.8,1627.4,2795
2024-04-30 13:42:00,1627.4,1628.3,1627.4,1628.3,4018
2024-04-30 13:43:00,1628.0,1628.3,1626.85,1627.9,3440
2024-04-30 13:44:00,1627.9,1628.3,1627.0,1627.1,2989
2024-04-30 13:45:00,1627.1,1629.6,1627.1,1628.9,7772
2024-04-30 13:46:00,1628.9,1629.45,1628.05,1628.95,3111
2024-04-30 13:47:00,1628.95,1628.95,1627.2,1627.2,1756
2024-04-30 13:48:00,1627.2,1628.5,1627.2,1628.5,767
2024-04-30 13:49:00,1628.5,1629.6,1628.0,1629.0,4592
2024-04-30 13:50:00,1629.0,1629.45,1628.0,1628.95,2421
2024-04-30 13:51:00,1628.95,1629.0,1628.1,1628.45,1733
2024-04-30 13:52:00,1628.45,1629.2,1628.0,1628.5,1436
2024-04-30 13:53:00,1628.5,1629.15,1628.05,1628.3,1352
2024-04-30 13:54:00,1628.0,1629.2,1628.0,1629.0,2443
2024-04-30 13:55:00,1628.75,1629.2,1628.05,1628.7,1175
2024-04-30 13:56:00,1628.65,1628.95,1628.0,1628.3,2677
2024-04-30 13:57:00,1628.25,1628.25,1627.6,1627.95,6153
2024-04-30 13:58:00,1627.95,1628.2,1625.6,1625.9,1639
2024-04-30 13:59:00,1625.9,1626.35,1625.6,1625.6,1545
2024-04-30 14:00:00,1625.55,1626.0,1625.0,1625.0,2594
2024-04-30 14:01:00,1625.0,1625.25,1618.55,1620.45,19111
2024-04-30 14:02:00,1620.45,1621.35,1614.6,1615.5,14120
2024-04-30 14:03:00,1615.3,1621.6,1614.85,1621.4,8900
2024-04-30 14:04:00,1621.3,1622.3,1620.05,1620.85,3295
2024-04-30 14:05:00,1620.75,1621.6,1619.95,1621.6,2322
2024-04-30 14:06:00,1621.6,1622.95,1620.6,1620.6,5708
2024-04-30 14:07:00,1620.6,1621.5,1620.6,1621.05,946
2024-04-30 14:08:00,1620.7,1621.7,1620.6,1621.65,2016
2024-04-30 14:09:00,1621.65,1622.0,1620.3,1620.3,1119
2024-04-30 14:10:00,1620.3,1622.4,1618.7,1621.65,6405
2024-04-30 14:11:00,1621.65,1621.75,1620.7,1621.25,1217
2024-04-30 14:12:00,1621.55,1621.7,1620.2,1620.5,4530
2024-04-30 14:13:00,1620.45,1622.65,1620.2,1621.85,3565
2024-04-30 14:14:00,1621.85,1624.35,1621.85,1624.1,2901
2024-04-30 14:15:00,1624.1,1624.8,1622.65,1622.8,1459
2024-04-30 14:16:00,1622.8,1624.5,1622.25,1624.4,1922
2024-04-30 14:17:00,1624.4,1624.4,1622.85,1623.1,1824
2024-04-30 14:18:00,1623.35,1624.0,1622.0,1623.4,2168
2024-04-30 14:19:00,1623.35,1624.0,1623.2,1623.2,904
2024-04-30 14:20:00,1623.2,1623.95,1621.95,1621.95,1110
2024-04-30 14:21:00,1622.0,1623.6,1622.0,1623.5,988
2024-04-30 14:22:00,1623.5,1623.6,1621.4,1621.75,3668
2024-04-30 14:23:00,1621.75,1623.9,1621.1,1623.9,2342
2024-04-30 14:24:00,1623.9,1624.6,1622.65,1624.6,3054
2024-04-30 14:25:00,1624.6,1625.0,1623.55,1624.45,1587
2024-04-30 14:26:00,1624.4,1625.0,1623.5,1624.65,12113
2024-04-30 14:27:00,1624.65,1625.0,1624.1,1625.0,6211
2024-04-30 14:28:00,1625.0,1625.0,1624.5,1625.0,18366
2024-04-30 14:29:00,1625.0,1625.0,1624.4,1625.0,2607
2024-04-30 14:30:00,1624.95,1625.0,1623.25,1624.55,1650
2024-04-30 14:31:00,1624.3,1624.7,1623.85,1624.05,2428
2024-04-30 14:32:00,1624.05,1625.0,1624.05,1624.5,842
2024-04-30 14:33:00,1624.5,1625.0,1624.0,1624.0,2946
2024-04-30 14:34:00,1624.35,1625.0,1624.3,1625.0,4627
2024-04-30 14:35:00,1625.0,1625.0,1623.7,1624.45,13903
2024-04-30 14:36:00,1624.45,1625.0,1623.4,1624.15,2576
2024-04-30 14:37:00,1624.15,1627.35,1623.65,1627.35,25691
2024-04-30 14:38:00,1627.5,1630.75,1626.95,1630.25,24604
2024-04-30 14:39:00,1630.5,1633.8,1630.0,1632.2,21313
2024-04-30 14:40:00,1633.45,1633.95,1629.7,1631.5,13480
2024-04-30 14:41:00,1631.75,1631.8,1629.65,1630.7,4317
2024-04-30 14:42:00,1630.7,1632.3,1629.4,1631.1,4888
2024-04-30 14:43:00,1631.1,1631.4,1630.0,1630.1,2034
2024-04-30 14:44:00,1630.1,1630.3,1628.25,1628.25,5657
2024-04-30 14:45:00,1628.25,1631.25,1627.9,1630.3,6046
2024-04-30 14:46:00,1630.0,1632.95,1630.0,1632.0,7413
2024-04-30 14:47:00,1631.1,1632.9,1630.75,1631.05,2972
2024-04-30 14:48:00,1631.05,1632.6,1630.0,1631.85,6510
2024-04-30 14:49:00,1631.85,1633.0,1631.3,1631.35,3070
2024-04-30 14:50:00,1631.35,1632.9,1630.2,1630.8,6676
2024-04-30 14:51:00,1630.9,1631.45,1627.3,1627.9,5621
2024-04-30 14:52:00,1627.9,1631.8,1627.6,1631.5,5977
2024-04-30 14:53:00,1631.5,1631.55,1628.4,1631.0,5376
2024-04-30 14:54:00,1631.0,1632.5,1629.6,1632.35,9790
2024-04-30 14:55:00,1632.15,1632.5,1631.4,1631.95,15734
2024-04-30 14:56:00,1631.6,1631.65,1631.0,1631.05,9753
2024-04-30 14:57:00,1631.0,1631.05,1630.6,1630.6,8251
2024-04-30 14:58:00,1630.6,1630.65,1628.35,1628.75,9935
2024-04-30 14:59:00,1628.0,1630.95,1628.0,1630.95,5979
2024-04-30 15:00:00,1630.45,1630.5,1626.5,1626.5,40152
2024-04-30 15:01:00,1626.05,1626.05,1624.95,1625.85,22274
2024-04-30 15:02:00,1625.85,1625.85,1622.0,1622.2,16400
2024-04-30 15:03:00,1621.95,1623.25,1619.3,1619.35,12695
2024-04-30 15:04:00,1619.35,1619.8,1614.55,1615.35,16855
2024-04-30 15:05:00,1614.25,1617.7,1614.25,1617.1,15552
2024-04-30 15:06:00,1617.5,1617.9,1614.85,1615.3,14117
2024-04-30 15:07:00,1615.3,1616.15,1611.45,1612.55,14328
2024-04-30 15:08:00,1612.4,1613.95,1611.4,1612.75,14656
2024-04-30 15:09:00,1612.4,1612.7,1610.7,1611.55,12066
2024-04-30 15:10:00,1611.3,1612.7,1610.0,1611.2,11443
2024-04-30 15:11:00,1611.05,1611.6,1610.0,1610.5,13829
2024-04-30 15:12:00,1610.25,1612.1,1610.25,1612.1,14187
2024-04-30 15:13:00,1612.0,1615.9,1612.0,1615.6,24311
2024-04-30 15:14:00,1614.95,1615.15,1610.65,1610.65,10583
2024-04-30 15:15:00,1610.6,1612.3,1610.45,1610.7,13782
2024-04-30 15:16:00,1610.6,1612.3,1610.25,1611.85,18300
2024-04-30 15:17:00,1611.85,1611.9,1610.3,1611.05,11601
2024-04-30 15:18:00,1611.1,1611.5,1610.1,1610.4,14124
2024-04-30 15:19:00,1610.4,1611.25,1610.1,1610.35,10777
2024-04-30 15:20:00,1610.35,1611.6,1610.0,1610.2,14605
2024-04-30 15:21:00,1610.2,1610.45,1609.55,1609.85,14893
2024-04-30 15:22:00,1609.85,1610.6,1609.05,1609.1,11888
2024-04-30 15:23:00,1609.1,1611.55,1609.0,1609.75,13380
2024-04-30 15:24:00,1609.7,1611.25,1609.4,1610.35,11711
2024-04-30 15:25:00,1610.05,1612.05,1610.0,1611.05,13492
2024-04-30 15:26:00,1610.75,1612.75,1610.65,1612.3,14014
2024-04-30 15:27:00,1612.05,1614.5,1611.8,1614.45,13697
2024-04-30 15:28:00,1614.95,1615.0,1612.0,1613.0,7628
2024-04-30 15:29:00,1613.0,1614.0,1610.3,1614.0,3811
2024-05-02 09:15:00,1615.0,1634.95,1614.95,1633.45,38540
2024-05-02 09:16:00,1635.0,1635.0,1629.95,1633.8,17690
2024-05-02 09:17:00,1632.7,1633.7,1628.05,1628.85,23463
2024-05-02 09:18:00,1628.55,1629.2,1622.95,1625.45,19191
2024-05-02 09:19:00,1626.0,1628.1,1621.45,1628.1,11172
2024-05-02 09:20:00,1628.1,1631.2,1624.65,1626.05,15815
2024-05-02 09:21:00,1626.5,1627.2,1624.7,1626.05,10439
2024-05-02 09:22:00,1625.45,1626.0,1623.9,1625.7,2332
2024-05-02 09:23:00,1625.8,1627.1,1625.0,1627.1,2429
2024-05-02 09:24:00,1627.0,1628.8,1626.2,1626.2,2213
2024-05-02 09:25:00,1626.75,1626.75,1621.25,1621.25,10005
2024-05-02 09:26:00,1621.4,1624.05,1620.1,1622.7,8908
2024-05-02 09:27:00,1623.3,1626.2,1621.2,1622.8,6494
2024-05-02 09:28:00,1623.3,1625.35,1621.0,1624.75,5348
2024-05-02 09:29:00,1624.8,1625.0,1622.8,1623.4,3962
2024-05-02 09:30:00,1623.8,1625.0,1622.0,1623.45,2658
2024-05-02 09:31:00,1624.0,1625.9,1623.3,1624.95,5513
2024-05-02 09:32:00,1625.0,1625.0,1623.0,1624.65,3857
2024-05-02 09:33:00,1624.65,1625.0,1624.1,1625.0,2131
2024-05-02 09:34:00,1625.0,1625.0,1623.15,1623.4,4913
2024-05-02 09:35:00,1623.75,1625.0,1622.4,1624.1,2851
2024-05-02 09:36:00,1624.5,1624.5,1622.0,1623.0,6115
2024-05-02 09:37:00,1623.4,1624.5,1621.9,1623.45,4288
2024-05-02 09:38:00,1623.45,1624.5,1622.2,1622.85,4700
2024-05-02 09:39:00,1622.5,1624.8,1619.75,1624.2,17097
2024-05-02 09:40:00,1624.2,1624.6,1622.25,1622.45,7243
2024-05-02 09:41:00,1622.85,1625.0,1622.65,1624.9,2916
2024-05-02 09:42:00,1624.05,1627.7,1624.05,1626.0,3506
2024-05-02 09:43:00,1627.3,1629.6,1627.3,1629.55,5636
2024-05-02 09:44:00,1629.55,1630.6,1628.25,1630.55,6600
2024-05-02 09:45:00,1630.05,1630.85,1629.35,1630.4,5413
2024-05-02 09:46:00,1630.4,1631.0,1628.55,1628.85,3370
2024-05-02 09:47:00,1628.85,1630.0,1628.3,1629.35,1229
2024-05-02 09:48:00,1629.35,1629.45,1626.3,1627.5,3061
2024-05-02 09:49:00,1626.8,1628.4,1626.15,1627.5,4039
2024-05-02 09:50:00,1627.5,1628.55,1626.0,1626.9,2539
2024-05-02 09:51:00,1626.9,1627.35,1624.15,1626.7,4984
2024-05-02 09:52:00,1626.65,1627.5,1626.45,1626.45,1416
2024-05-02 09:53:00,1626.0,1629.0,1626.0,1628.55,1898
2024-05-02 09:54:00,1629.0,1629.0,1627.7,1629.0,2274
2024-05-02 09:55:00,1629.0,1629.0,1627.35,1629.0,3897
2024-05-02 09:56:00,1628.3,1629.0,1628.1,1628.35,3081
2024-05-02 09:57:00,1629.0,1629.0,1627.3,1627.65,2973
2024-05-02 09:58:00,1627.65,1627.9,1625.05,1626.15,3417
2024-05-02 09:59:00,1625.65,1626.15,1624.0,1625.4,3171
2024-05-02 10:00:00,1625.4,1626.55,1624.05,1624.95,3578
2024-05-02 10:01:00,1624.95,1626.3,1624.1,1626.15,4108
2024-05-02 10:02:00,1626.25,1627.75,1625.7,1627.05,2123
2024-05-02 10:03:00,1627.05,1628.4,1627.05,1628.25,2795
2024-05-02 10:04:00,1627.65,1628.8,1626.85,1628.35,3519
2024-05-02 10:05:00,1628.35,1628.75,1626.9,1627.8,2731
2024-05-02 10:06:00,1627.55,1628.55,1627.15,1628.0,2341
2024-05-02 10:07:00,1628.0,1628.8,1627.0,1627.35,3321
2024-05-02 10:08:00,1627.35,1628.45,1626.2,1627.1,2457
2024-05-02 10:09:00,1627.1,1627.95,1625.25,1626.1,1784
2024-05-02 10:10:00,1626.1,1626.5,1624.5,1625.15,3737
2024-05-02 10:11:00,1625.15,1626.55,1624.15,1626.55,3397
2024-05-02 10:12:00,1626.55,1627.95,1626.35,1627.5,2295
2024-05-02 10:13:00,1627.45,1627.5,1625.95,1626.9,1749
2024-05-02 10:14:00,1626.25,1626.85,1625.0,1626.0,2162
2024-05-02 10:15:00,1626.0,1626.0,1623.7,1624.3,2168
2024-05-02 10:16:00,1624.5,1624.7,1622.6,1622.85,2813
2024-05-02 10:17:00,1623.5,1623.9,1618.75,1621.8,9182
2024-05-02 10:18:00,1621.3,1624.0,1621.0,1623.95,1863
2024-05-02 10:19:00,1623.95,1623.95,1622.7,1623.4,1086
2024-05-02 10:20:00,1622.8,1623.5,1620.15,1620.15,2023
2024-05-02 10:21:00,1620.8,1623.5,1619.85,1622.65,1706
2024-05-02 10:22:00,1622.65,1623.6,1621.95,1623.4,1025
2024-05-02 10:23:00,1623.4,1623.65,1621.55,1623.0,1734
2024-05-02 10:24:00,1623.0,1623.0,1620.35,1620.35,1853
2024-05-02 10:25:00,1621.1,1621.55,1620.25,1620.6,2095
2024-05-02 10:26:00,1621.15,1622.4,1620.6,1622.15,1825
2024-05-02 10:27:00,1622.15,1622.4,1619.75,1622.4,4080
2024-05-02 10:28:00,1622.5,1622.95,1620.75,1622.95,1694
2024-05-02 10:29:00,1622.9,1623.0,1621.35,1622.5,1750
2024-05-02 10:30:00,1622.55,1623.0,1621.35,1622.55,2171
2024-05-02 10:31:00,1622.5,1625.35,1621.0,1625.3,3702
2024-05-02 10:32:00,1625.35,1625.35,1623.4,1624.4,1936
2024-05-02 10:33:00,1624.25,1624.45,1622.25,1623.45,2347
2024-05-02 10:34:00,1623.45,1623.7,1621.65,1622.95,1968
2024-05-02 10:35:00,1622.95,1623.45,1621.5,1623.0,2744
2024-05-02 10:36:00,1623.0,1623.0,1621.55,1622.55,2329
2024-05-02 10:37:00,1621.65,1622.75,1621.1,1621.1,1588
2024-05-02 10:38:00,1622.1,1622.8,1620.7,1622.8,3971
2024-05-02 10:39:00,1622.8,1622.8,1621.45,1622.5,2685
2024-05-02 10:40:00,1622.8,1623.7,1621.0,1622.45,3681
2024-05-02 10:41:00,1622.7,1623.95,1621.65,1621.8,2303
2024-05-02 10:42:00,1622.4,1623.25,1621.15,1621.45,3634
2024-05-02 10:43:00,1621.05,1622.95,1620.95,1622.9,3075
2024-05-02 10:44:00,1622.9,1623.75,1622.0,1623.6,2487
2024-05-02 10:45:00,1623.75,1623.75,1622.45,1623.2,2197
2024-05-02 10:46:00,1623.2,1623.35,1620.6,1621.85,1727
2024-05-02 10:47:00,1621.75,1621.9,1620.1,1620.75,2919
2024-05-02 10:48:00,1620.75,1621.8,1620.0,1620.35,1955
2024-05-02 10:49:00,1621.1,1622.05,1620.55,1621.8,3175
2024-05-02 10:50:00,1621.15,1622.1,1620.35,1620.85,3094
2024-05-02 10:51:00,1621.4,1621.95,1619.35,1621.95,5141
2024-05-02 10:52:00,1621.95,1622.9,1621.1,1622.9,2700
2024-05-02 10:53:00,1622.9,1623.75,1622.1,1623.75,2256
2024-05-02 10:54:00,1623.7,1623.75,1622.25,1623.0,2040
2024-05-02 10:55:00,1623.0,1623.05,1620.5,1620.5,2614
2024-05-02 10:56:00,1620.5,1621.5,1619.0,1620.3,1856
2024-05-02 10:57:00,1620.3,1621.95,1620.3,1621.9,2438
2024-05-02 10:58:00,1621.9,1622.0,1620.0,1621.85,1917
2024-05-02 10:59:00,1621.85,1622.0,1620.25,1621.6,2156
2024-05-02 11:00:00,1621.6,1623.0,1620.4,1620.9,7554
2024-05-02 11:01:00,1620.9,1621.9,1620.15,1621.7,1450
2024-05-02 11:02:00,1621.7,1621.85,1620.1,1621.85,2864
2024-05-02 11:03:00,1621.2,1622.05,1620.2,1621.35,1984
2024-05-02 11:04:00,1620.55,1621.5,1620.25,1621.35,1611
2024-05-02 11:05:00,1621.35,1621.5,1620.0,1620.65,1762
2024-05-02 11:06:00,1620.65,1621.3,1619.2,1620.45,2051
2024-05-02 11:07:00,1620.0,1620.95,1619.1,1619.2,1787
2024-05-02 11:08:00,1619.95,1619.95,1615.5,1616.65,10063
2024-05-02 11:09:00,1616.65,1619.0,1616.55,1618.0,2663
2024-05-02 11:10:00,1617.95,1619.55,1616.4,1619.55,2606
2024-05-02 11:11:00,1618.8,1620.95,1618.15,1620.9,1474
2024-05-02 11:12:00,1620.95,1621.15,1618.5,1619.15,1525
2024-05-02 11:13:00,1619.15,1619.6,1617.0,1618.8,3535
2024-05-02 11:14:00,1619.0,1619.0,1617.1,1618.3,1177
2024-05-02 11:15:00,1617.55,1619.45,1617.4,1618.65,1268
2024-05-02 11:16:00,1618.65,1619.5,1618.0,1618.95,2248
2024-05-02 11:17:00,1618.95,1619.1,1617.15,1619.1,1387
2024-05-02 11:18:00,1618.3,1618.95,1615.15,1616.8,4165
2024-05-02 11:19:00,1616.8,1617.65,1616.25,1617.65,1271
2024-05-02 11:20:00,1617.65,1618.0,1617.0,1618.0,715
2024-05-02 11:21:00,1618.0,1618.0,1617.7,1618.0,485
2024-05-02 11:22:00,1618.0,1618.55,1617.55,1618.0,935
2024-05-02 11:23:00,1618.0,1618.75,1617.3,1618.5,554
2024-05-02 11:24:00,1618.3,1619.75,1617.9,1619.7,2641
2024-05-02 11:25:00,1619.75,1619.8,1618.65,1618.65,1315
2024-05-02 11:26:00,1619.45,1619.7,1618.9,1619.65,1664
2024-05-02 11:27:00,1619.7,1620.5,1619.05,1620.3,1968
2024-05-02 11:28:00,1620.3,1621.5,1620.15,1621.05,6684
2024-05-02 11:29:00,1621.5,1622.75,1620.5,1622.75,3248
2024-05-02 11:30:00,1622.75,1622.75,1621.95,1622.75,1503
2024-05-02 11:31:00,1622.75,1622.8,1622.05,1622.8,2481
2024-05-02 11:32:00,1622.8,1625.15,1622.45,1625.0,7023
2024-05-02 11:33:00,1625.0,1625.05,1624.1,1624.9,5016
2024-05-02 11:34:00,1624.9,1625.0,1621.8,1623.7,4281
2024-05-02 11:35:00,1623.7,1624.8,1622.85,1624.1,2811
2024-05-02 11:36:00,1624.35,1624.8,1623.15,1623.15,2982
2024-05-02 11:37:00,1623.95,1624.4,1622.85,1623.95,2523
2024-05-02 11:38:00,1623.95,1624.4,1621.8,1622.65,3097
2024-05-02 11:39:00,1622.65,1623.9,1622.5,1622.5,1112
2024-05-02 11:40:00,1623.25,1624.0,1622.6,1623.8,1282
2024-05-02 11:41:00,1623.8,1623.9,1622.5,1622.8,2463
2024-05-02 11:42:00,1622.9,1623.05,1621.45,1622.2,1425
2024-05-02 11:43:00,1620.3,1621.45,1620.0,1621.35,2609
2024-05-02 11:44:00,1621.35,1621.95,1620.0,1620.6,1095
2024-05-02 11:45:00,1620.6,1620.6,1618.5,1618.55,1015
2024-05-02 11:46:00,1619.6,1620.2,1618.7,1620.0,4176
2024-05-02 11:47:00,1620.0,1620.85,1620.0,1620.85,862
2024-05-02 11:48:00,1620.85,1622.75,1620.85,1622.3,10442
2024-05-02 11:49:00,1622.3,1624.85,1622.3,1624.85,22190
2024-05-02 11:50:00,1624.35,1624.6,1623.05,1624.4,657
2024-05-02 11:51:00,1624.4,1624.45,1623.0,1623.8,1395
2024-05-02 11:52:00,1623.8,1623.8,1622.7,1623.45,424
2024-05-02 11:53:00,1623.45,1623.45,1622.35,1623.3,784
2024-05-02 11:54:00,1623.0,1624.15,1622.05,1624.15,1667
2024-05-02 11:55:00,1624.15,1624.2,1622.55,1622.75,647
2024-05-02 11:56:00,1622.75,1623.3,1622.0,1622.0,1068
2024-05-02 11:57:00,1623.0,1623.65,1622.15,1623.65,1161
2024-05-02 11:58:00,1623.65,1623.65,1622.0,1623.6,1148
2024-05-02 11:59:00,1623.6,1623.85,1622.8,1623.65,480
2024-05-02 12:00:00,1623.65,1624.0,1623.05,1624.0,751
2024-05-02 12:01:00,1624.0,1624.0,1623.35,1624.0,674
2024-05-02 12:02:00,1624.0,1624.9,1623.3,1624.85,1160
2024-05-02 12:03:00,1624.85,1624.95,1624.3,1624.9,862
2024-05-02 12:04:00,1624.9,1625.9,1624.35,1625.7,1819
2024-05-02 12:05:00,1625.7,1625.9,1624.55,1625.7,1549
2024-05-02 12:06:00,1625.7,1625.7,1624.5,1625.3,807
2024-05-02 12:07:00,1625.3,1625.3,1623.95,1623.95,1273
2024-05-02 12:08:00,1623.95,1625.0,1623.95,1624.75,597
2024-05-02 12:09:00,1624.75,1624.75,1623.45,1624.45,1166
2024-05-02 12:10:00,1624.45,1624.5,1623.3,1624.15,1251
2024-05-02 12:11:00,1624.15,1624.15,1622.45,1623.7,541
2024-05-02 12:12:00,1623.7,1624.0,1623.65,1624.0,983
2024-05-02 12:13:00,1624.0,1624.0,1623.2,1623.9,836
2024-05-02 12:14:00,1623.9,1624.3,1623.05,1623.95,1119
2024-05-02 12:15:00,1623.95,1624.35,1622.85,1624.35,4622
2024-05-02 12:16:00,1624.35,1624.95,1623.85,1624.9,441
2024-05-02 12:17:00,1624.2,1625.0,1624.15,1624.75,239
2024-05-02 12:18:00,1624.75,1624.9,1623.4,1624.0,807
2024-05-02 12:19:00,1624.0,1624.0,1622.8,1623.5,560
2024-05-02 12:20:00,1623.5,1625.0,1622.85,1624.85,1498
2024-05-02 12:21:00,1624.85,1625.0,1623.15,1623.15,648
2024-05-02 12:22:00,1623.15,1624.35,1623.15,1624.3,310
2024-05-02 12:23:00,1624.3,1624.65,1623.25,1624.6,927
2024-05-02 12:24:00,1624.6,1624.8,1624.0,1624.65,1416
2024-05-02 12:25:00,1624.0,1625.0,1624.0,1624.95,8156
2024-05-02 12:26:00,1624.9,1624.95,1623.45,1624.2,887
2024-05-02 12:27:00,1624.2,1624.25,1623.4,1623.7,426
2024-05-02 12:28:00,1623.7,1624.7,1623.35,1624.7,1216
2024-05-02 12:29:00,1624.7,1625.0,1624.3,1625.0,6452
2024-05-02 12:30:00,1625.0,1625.0,1624.45,1624.45,626
2024-05-02 12:31:00,1624.45,1625.0,1624.15,1625.0,550
2024-05-02 12:32:00,1625.0,1625.0,1624.45,1625.0,12772
2024-05-02 12:33:00,1625.0,1625.0,1623.95,1624.35,465
2024-05-02 12:34:00,1624.35,1624.45,1623.0,1623.9,1077
2024-05-02 12:35:00,1623.9,1624.75,1623.25,1624.75,594
2024-05-02 12:36:00,1624.75,1624.75,1623.8,1624.7,236
2024-05-02 12:37:00,1624.7,1624.75,1623.7,1624.0,348
2024-05-02 12:38:00,1624.0,1624.55,1623.45,1624.25,465
2024-05-02 12:39:00,1624.25,1624.55,1623.7,1624.2,342
2024-05-02 12:40:00,1624.4,1624.75,1623.7,1624.6,824
2024-05-02 12:41:00,1624.6,1624.7,1623.8,1624.4,539
2024-05-02 12:42:00,1624.4,1624.65,1623.5,1624.55,1227
2024-05-02 12:43:00,1624.55,1624.7,1623.7,1624.35,364
2024-05-02 12:44:00,1624.35,1625.0,1623.35,1624.5,1096
2024-05-02 12:45:00,1624.6,1624.95,1624.05,1624.7,513
2024-05-02 12:46:00,1624.7,1624.75,1622.3,1623.0,1166
2024-05-02 12:47:00,1622.75,1623.85,1622.7,1623.3,873
2024-05-02 12:48:00,1623.3,1623.75,1622.7,1623.45,1023
2024-05-02 12:49:00,1623.35,1624.1,1622.5,1623.7,2262
2024-05-02 12:50:00,1623.7,1623.7,1622.95,1623.15,131
2024-05-02 12:51:00,1623.5,1623.75,1622.75,1623.4,783
2024-05-02 12:52:00,1623.45,1623.95,1622.3,1622.7,363
2024-05-02 12:53:00,1622.7,1624.0,1622.7,1624.0,929
2024-05-02 12:54:00,1624.0,1624.05,1623.0,1623.0,671
2024-05-02 12:55:00,1623.0,1624.3,1622.85,1624.1,550
2024-05-02 12:56:00,1624.1,1624.4,1623.05,1623.45,801
2024-05-02 12:57:00,1623.45,1624.6,1623.35,1624.15,1740
2024-05-02 12:58:00,1624.15,1624.25,1623.2,1623.5,1278
2024-05-02 12:59:00,1623.5,1623.5,1622.9,1623.1,676
2024-05-02 13:00:00,1623.1,1623.5,1622.6,1623.35,462
2024-05-02 13:01:00,1623.35,1623.5,1622.5,1623.5,884
2024-05-02 13:02:00,1623.5,1624.0,1622.75,1623.4,677
2024-05-02 13:03:00,1623.4,1623.9,1622.65,1623.35,394
2024-05-02 13:04:00,1623.35,1623.6,1622.5,1622.5,499
2024-05-02 13:05:00,1622.5,1623.65,1621.8,1623.65,2995
2024-05-02 13:06:00,1623.65,1623.65,1621.7,1622.8,1178
2024-05-02 13:07:00,1622.8,1622.8,1621.6,1622.0,325
2024-05-02 13:08:00,1622.65,1624.05,1621.85,1624.05,1463
2024-05-02 13:09:00,1624.0,1624.05,1623.15,1624.0,767
2024-05-02 13:10:00,1624.0,1624.0,1623.15,1624.0,294
2024-05-02 13:11:00,1624.0,1624.35,1623.0,1624.35,1910
2024-05-02 13:12:00,1624.5,1624.5,1623.3,1623.65,729
2024-05-02 13:13:00,1623.65,1623.95,1623.0,1623.85,350
2024-05-02 13:14:00,1623.85,1624.0,1623.0,1624.0,483
2024-05-02 13:15:00,1624.0,1624.0,1623.1,1623.85,334
2024-05-02 13:16:00,1623.85,1623.85,1623.1,1623.5,283
2024-05-02 13:17:00,1623.5,1624.3,1623.1,1624.2,1763
2024-05-02 13:18:00,1624.2,1624.3,1623.2,1623.7,277
2024-05-02 13:19:00,1623.7,1624.7,1623.5,1624.7,1221
2024-05-02 13:20:00,1624.7,1624.95,1623.75,1624.85,2732
2024-05-02 13:21:00,1624.8,1625.0,1624.0,1624.95,3705
2024-05-02 13:22:00,1624.95,1625.0,1623.85,1625.0,539
2024-05-02 13:23:00,1625.0,1625.0,1624.65,1624.95,385
2024-05-02 13:24:00,1624.95,1625.0,1624.0,1625.0,456
2024-05-02 13:25:00,1625.0,1625.0,1624.1,1624.8,649
2024-05-02 13:26:00,1624.8,1624.9,1624.3,1624.9,527
2024-05-02 13:27:00,1624.9,1625.0,1624.2,1624.45,934
2024-05-02 13:28:00,1624.45,1624.9,1624.35,1624.9,659
2024-05-02 13:29:00,1624.9,1625.0,1624.1,1624.65,2125
2024-05-02 13:30:00,1624.55,1625.0,1624.2,1624.3,520
2024-05-02 13:31:00,1624.3,1625.65,1624.2,1625.65,1747
2024-05-02 13:32:00,1625.65,1626.85,1624.7,1626.85,3466
2024-05-02 13:33:00,1626.75,1626.85,1624.65,1625.1,3250
2024-05-02 13:34:00,1625.1,1625.9,1624.2,1624.65,1122
2024-05-02 13:35:00,1624.25,1625.1,1623.15,1623.9,1225
2024-05-02 13:36:00,1624.3,1624.55,1621.8,1622.35,1836
2024-05-02 13:37:00,1621.85,1623.1,1621.55,1622.65,1230
2024-05-02 13:38:00,1622.65,1623.4,1622.0,1622.85,984
2024-05-02 13:39:00,1622.9,1622.9,1622.0,1622.0,721
2024-05-02 13:40:00,1622.55,1623.35,1622.0,1622.0,1345
2024-05-02 13:41:00,1622.0,1622.95,1621.0,1622.1,2982
2024-05-02 13:42:00,1622.15,1622.6,1621.0,1621.0,1125
2024-05-02 13:43:00,1621.0,1621.55,1620.25,1621.15,2956
2024-05-02 13:44:00,1621.15,1621.15,1619.15,1620.5,893
2024-05-02 13:45:00,1620.6,1620.6,1619.5,1620.05,769
2024-05-02 13:46:00,1620.15,1620.3,1619.35,1619.65,856
2024-05-02 13:47:00,1619.95,1620.55,1619.4,1620.0,996
2024-05-02 13:48:00,1620.0,1620.2,1619.15,1619.15,687
2024-05-02 13:49:00,1619.15,1620.3,1619.1,1619.9,921
2024-05-02 13:50:00,1619.9,1621.6,1619.7,1621.1,1045
2024-05-02 13:51:00,1621.1,1621.95,1620.65,1621.95,624
2024-05-02 13:52:00,1621.5,1621.6,1620.15,1620.9,1526
2024-05-02 13:53:00,1620.9,1622.15,1620.05,1620.9,1964
2024-05-02 13:54:00,1620.9,1623.05,1620.75,1623.05,1435
2024-05-02 13:55:00,1623.05,1623.1,1620.95,1620.95,2015
2024-05-02 13:56:00,1621.35,1622.35,1620.95,1621.7,1851
2024-05-02 13:57:00,1622.05,1622.4,1620.75,1620.8,2944
2024-05-02 13:58:00,1620.85,1622.75,1620.75,1621.35,1568
2024-05-02 13:59:00,1621.15,1621.55,1620.6,1620.75,717
2024-05-02 14:00:00,1620.75,1622.3,1619.0,1619.0,3836
2024-05-02 14:01:00,1619.0,1621.75,1619.0,1620.05,2021
2024-05-02 14:02:00,1620.1,1620.5,1619.0,1620.0,1298
2024-05-02 14:03:00,1620.35,1620.7,1619.0,1619.0,3217
2024-05-02 14:04:00,1619.8,1620.35,1619.0,1619.3,2409
2024-05-02 14:05:00,1619.3,1620.6,1619.0,1619.1,1789
2024-05-02 14:06:00,1619.5,1620.4,1618.35,1619.4,2705
2024-05-02 14:07:00,1619.45,1619.85,1618.05,1618.75,2042
2024-05-02 14:08:00,1618.75,1620.7,1618.0,1620.15,3678
2024-05-02 14:09:00,1619.9,1621.55,1619.9,1620.15,1332
2024-05-02 14:10:00,1620.15,1621.05,1620.0,1620.2,984
2024-05-02 14:11:00,1620.2,1621.05,1620.0,1620.45,754
2024-05-02 14:12:00,1620.65,1621.55,1620.0,1620.3,1307
2024-05-02 14:13:00,1620.4,1620.75,1619.0,1620.4,5540
2024-05-02 14:14:00,1620.4,1620.4,1619.0,1619.05,3344
2024-05-02 14:15:00,1619.0,1620.45,1619.0,1619.0,5615
2024-05-02 14:16:00,1619.7,1619.85,1618.8,1618.8,2098
2024-05-02 14:17:00,1618.8,1619.5,1617.15,1618.4,5294
2024-05-02 14:18:00,1618.35,1618.85,1616.0,1616.05,10217
2024-05-02 14:19:00,1616.05,1616.6,1614.0,1614.3,7511
2024-05-02 14:20:00,1614.3,1617.0,1614.3,1616.5,8005
2024-05-02 14:21:00,1616.15,1617.0,1616.15,1616.7,3409
2024-05-02 14:22:00,1616.75,1617.0,1613.35,1613.8,7398
2024-05-02 14:23:00,1613.8,1614.85,1613.5,1614.35,3076
2024-05-02 14:24:00,1613.9,1616.4,1613.85,1615.7,6394
2024-05-02 14:25:00,1615.85,1615.85,1614.0,1614.25,6515
2024-05-02 14:26:00,1614.25,1615.0,1613.7,1615.0,4618
2024-05-02 14:27:00,1615.25,1616.0,1613.5,1613.95,3042
2024-05-02 14:28:00,1613.8,1614.75,1613.2,1613.5,3007
2024-05-02 14:29:00,1613.5,1615.4,1613.5,1613.5,2671
2024-05-02 14:30:00,1613.5,1615.0,1613.5,1613.75,2480
2024-05-02 14:31:00,1613.55,1614.95,1613.5,1613.7,3429
2024-05-02 14:32:00,1613.65,1617.25,1613.3,1616.05,4156
2024-05-02 14:33:00,1616.0,1617.8,1614.65,1616.1,5245
2024-05-02 14:34:00,1616.35,1616.55,1613.9,1615.5,9125
2024-05-02 14:35:00,1615.55,1616.8,1615.05,1615.4,2501
2024-05-02 14:36:00,1615.5,1616.7,1615.0,1615.0,3878
2024-05-02 14:37:00,1615.0,1616.1,1613.5,1614.3,3329
2024-05-02 14:38:00,1613.8,1615.0,1613.3,1614.15,3170
2024-05-02 14:39:00,1614.7,1616.05,1613.0,1616.05,6249
2024-05-02 14:40:00,1615.6,1616.05,1613.05,1613.6,3330
2024-05-02 14:41:00,1614.2,1614.95,1613.05,1613.9,3590
2024-05-02 14:42:00,1613.4,1615.7,1613.2,1614.35,6544
2024-05-02 14:43:00,1615.15,1616.5,1613.5,1615.25,5298
2024-05-02 14:44:00,1614.7,1615.55,1614.0,1614.4,3504
2024-05-02 14:45:00,1614.35,1616.15,1614.3,1615.3,2613
2024-05-02 14:46:00,1615.3,1616.0,1614.2,1614.2,1814
2024-05-02 14:47:00,1614.2,1615.75,1613.5,1613.5,3515
2024-05-02 14:48:00,1613.5,1614.95,1612.5,1612.6,2800
2024-05-02 14:49:00,1613.35,1614.55,1612.7,1612.8,1661
2024-05-02 14:50:00,1612.8,1613.65,1612.2,1613.65,1721
2024-05-02 14:51:00,1613.65,1615.7,1613.65,1614.8,1411
2024-05-02 14:52:00,1614.8,1616.3,1614.35,1616.3,2284
2024-05-02 14:53:00,1616.2,1617.0,1615.15,1615.8,998
2024-05-02 14:54:00,1615.8,1616.75,1614.75,1616.75,2604
2024-05-02 14:55:00,1616.75,1618.4,1616.75,1617.2,3775
2024-05-02 14:56:00,1617.2,1621.55,1616.55,1621.0,8434
2024-05-02 14:57:00,1621.4,1623.3,1619.75,1620.05,8724
2024-05-02 14:58:00,1620.05,1623.0,1619.15,1622.6,9579
2024-05-02 14:59:00,1621.6,1623.0,1618.05,1619.35,4922
2024-05-02 15:00:00,1618.8,1620.15,1616.15,1616.9,22474
2024-05-02 15:01:00,1616.6,1617.8,1614.6,1615.1,10188
2024-05-02 15:02:00,1615.45,1618.4,1614.9,1615.25,7504
2024-05-02 15:03:00,1615.35,1618.05,1615.15,1617.2,8505
2024-05-02 15:04:00,1617.0,1617.45,1616.1,1616.95,8406
2024-05-02 15:05:00,1616.0,1617.4,1615.55,1616.0,8070
2024-05-02 15:06:00,1615.6,1616.65,1614.25,1615.25,9136
2024-05-02 15:07:00,1615.15,1617.4,1614.05,1617.4,11119
2024-05-02 15:08:00,1616.6,1617.7,1614.5,1616.1,9538
2024-05-02 15:09:00,1615.05,1615.45,1614.0,1615.4,8315
2024-05-02 15:10:00,1615.6,1616.15,1613.85,1614.95,9116
2024-05-02 15:11:00,1615.1,1615.35,1612.4,1615.15,10192
2024-05-02 15:12:00,1614.6,1616.45,1614.45,1615.35,8474
2024-05-02 15:13:00,1614.9,1615.85,1613.8,1614.6,7100
2024-05-02 15:14:00,1614.35,1615.7,1613.8,1614.5,7054
2024-05-02 15:15:00,1614.45,1615.5,1613.9,1614.0,13121
2024-05-02 15:16:00,1613.85,1613.95,1613.0,1613.3,5648
2024-05-02 15:17:00,1613.3,1614.35,1611.8,1614.0,11317
2024-05-02 15:18:00,1613.6,1615.9,1611.0,1615.85,16795
2024-05-02 15:19:00,1615.8,1616.7,1613.3,1615.9,10210
2024-05-02 15:20:00,1615.9,1616.65,1613.85,1615.25,13226
2024-05-02 15:21:00,1614.1,1615.9,1614.1,1614.65,7807
2024-05-02 15:22:00,1614.5,1616.0,1613.0,1615.1,14061
2024-05-02 15:23:00,1615.0,1615.1,1614.0,1614.5,7068
2024-05-02 15:24:00,1614.4,1616.4,1614.05,1616.0,9974
2024-05-02 15:25:00,1615.2,1617.0,1614.85,1616.4,7239
2024-05-02 15:26:00,1616.05,1617.0,1615.05,1615.85,5460
2024-05-02 15:27:00,1615.85,1617.3,1615.75,1617.0,6350
2024-05-02 15:28:00,1616.6,1620.0,1616.6,1618.2,5708
2024-05-02 15:29:00,1618.25,1619.75,1617.65,1618.0,1949
2024-05-03 09:15:00,1650.2,1699.15,1650.2,1699.15,259651
2024-05-03 09:16:00,1699.45,1725.0,1698.9,1714.9,233369
2024-05-03 09:17:00,1716.75,1718.3,1711.05,1715.6,121420
2024-05-03 09:18:00,1715.75,1717.0,1710.95,1714.4,137286
2024-05-03 09:19:00,1713.25,1715.05,1705.6,1708.0,83158
2024-05-03 09:20:00,1708.15,1713.5,1702.0,1702.6,82563
2024-05-03 09:21:00,1701.25,1702.8,1694.25,1696.2,82265
2024-05-03 09:22:00,1695.65,1700.0,1694.05,1694.65,44828
2024-05-03 09:23:00,1693.65,1695.8,1691.0,1691.95,36088
2024-05-03 09:24:00,1692.6,1694.95,1688.1,1694.0,52003
2024-05-03 09:25:00,1694.0,1699.75,1687.5,1687.5,50529
2024-05-03 09:26:00,1687.45,1693.6,1685.1,1693.6,35659
2024-05-03 09:27:00,1693.1,1695.0,1690.15,1694.15,20252
2024-05-03 09:28:00,1694.1,1700.0,1694.1,1699.05,58867
2024-05-03 09:29:00,1698.65,1699.15,1697.1,1697.65,22097
2024-05-03 09:30:00,1698.4,1700.0,1691.25,1692.75,35797
2024-05-03 09:31:00,1693.95,1697.6,1691.35,1692.85,17220
2024-05-03 09:32:00,1692.65,1693.05,1687.95,1690.0,28042
2024-05-03 09:33:00,1689.45,1689.75,1683.65,1684.1,28957
2024-05-03 09:34:00,1684.75,1684.75,1676.7,1677.1,38996
2024-05-03 09:35:00,1677.7,1679.1,1675.95,1678.15,43973
2024-05-03 09:36:00,1678.65,1680.7,1676.0,1676.0,31896
2024-05-03 09:37:00,1676.65,1678.0,1674.0,1678.0,25189
2024-05-03 09:38:00,1678.0,1678.8,1673.7,1675.0,29038
2024-05-03 09:39:00,1675.0,1676.2,1672.55,1674.8,21392
2024-05-03 09:40:00,1674.15,1675.8,1672.5,1674.3,24354
2024-05-03 09:41:00,1674.3,1679.85,1674.3,1679.2,11775
2024-05-03 09:42:00,1679.85,1681.0,1676.35,1680.35,19212
2024-05-03 09:43:00,1680.35,1684.9,1680.35,1683.6,24466
2024-05-03 09:44:00,1684.95,1688.0,1684.95,1687.65,47151
2024-05-03 09:45:00,1687.35,1687.95,1683.8,1684.4,17290
2024-05-03 09:46:00,1684.95,1686.8,1683.0,1685.75,21211
2024-05-03 09:47:00,1685.8,1685.8,1683.2,1685.4,13047
2024-05-03 09:48:00,1686.0,1686.8,1683.0,1683.65,10333
2024-05-03 09:49:00,1683.0,1685.1,1681.0,1685.1,25460
2024-05-03 09:50:00,1685.1,1685.4,1683.0,1683.85,11738
2024-05-03 09:51:00,1683.95,1683.95,1680.1,1680.95,9274
2024-05-03 09:52:00,1680.5,1680.5,1677.75,1678.7,14293
2024-05-03 09:53:00,1678.25,1680.0,1677.0,1677.0,8922
2024-05-03 09:54:00,1677.05,1679.0,1676.8,1677.0,8101
2024-05-03 09:55:00,1677.9,1679.5,1677.0,1679.35,3361
2024-05-03 09:56:00,1679.65,1682.45,1679.2,1682.45,8364
2024-05-03 09:57:00,1682.45,1683.2,1679.5,1679.75,8208
2024-05-03 09:58:00,1679.5,1680.0,1678.0,1678.0,10179
2024-05-03 09:59:00,1678.5,1678.65,1676.9,1678.0,7430
2024-05-03 10:00:00,1678.0,1679.0,1677.5,1677.95,5193
2024-05-03 10:01:00,1678.35,1678.35,1676.75,1677.3,7559
2024-05-03 10:02:00,1677.3,1678.0,1675.0,1675.0,12332
2024-05-03 10:03:00,1675.0,1678.0,1675.0,1676.55,10691
2024-05-03 10:04:00,1676.0,1676.75,1672.35,1672.6,17627
2024-05-03 10:05:00,1673.0,1673.9,1668.7,1669.2,34487
2024-05-03 10:06:00,1669.75,1671.0,1666.0,1666.25,32364
2024-05-03 10:07:00,1665.5,1667.2,1664.35,1665.0,21712
2024-05-03 10:08:00,1664.9,1668.55,1664.3,1666.6,16597
2024-05-03 10:09:00,1666.65,1667.6,1665.0,1666.95,8398
2024-05-03 10:10:00,1666.95,1666.95,1661.0,1661.0,19477
2024-05-03 10:11:00,1661.0,1663.25,1658.4,1660.0,29687
2024-05-03 10:12:00,1659.5,1663.35,1659.5,1662.85,32244
2024-05-03 10:13:00,1663.4,1663.4,1660.0,1660.6,10532
2024-05-03 10:14:00,1660.6,1661.5,1659.0,1660.25,10957
2024-05-03 10:15:00,1660.05,1660.55,1658.9,1659.2,7829
2024-05-03 10:16:00,1659.1,1661.0,1659.0,1660.0,8695
2024-05-03 10:17:00,1659.35,1662.55,1659.0,1662.05,10175
2024-05-03 10:18:00,1661.55,1663.0,1659.0,1661.3,13571
2024-05-03 10:19:00,1661.3,1661.8,1658.0,1658.05,11710
2024-05-03 10:20:00,1658.05,1660.0,1656.0,1656.0,16598
2024-05-03 10:21:00,1655.0,1656.15,1652.0,1654.05,27008
2024-05-03 10:22:00,1654.0,1654.0,1651.1,1652.05,23052
2024-05-03 10:23:00,1652.15,1652.15,1648.4,1651.15,49619
2024-05-03 10:24:00,1651.0,1653.25,1650.0,1651.05,15234
2024-05-03 10:25:00,1650.95,1651.0,1647.15,1650.45,18874
2024-05-03 10:26:00,1650.65,1651.45,1648.2,1648.95,9282
2024-05-03 10:27:00,1648.4,1650.85,1648.4,1650.0,11936
2024-05-03 10:28:00,1649.1,1649.95,1648.0,1648.85,8492
2024-05-03 10:29:00,1648.95,1649.0,1645.65,1648.05,18257
2024-05-03 10:30:00,1647.55,1650.0,1647.25,1649.3,7413
2024-05-03 10:31:00,1649.3,1650.85,1647.25,1650.65,10319
2024-05-03 10:32:00,1650.65,1653.8,1650.25,1653.05,9786
2024-05-03 10:33:00,1653.45,1653.75,1651.35,1653.3,8909
2024-05-03 10:34:00,1653.25,1654.75,1652.65,1653.95,11389
2024-05-03 10:35:00,1653.95,1655.95,1653.65,1655.2,13925
2024-05-03 10:36:00,1654.4,1655.65,1652.0,1652.65,12372
2024-05-03 10:37:00,1653.5,1654.0,1651.0,1651.0,7030
2024-05-03 10:38:00,1651.0,1652.1,1649.0,1650.2,9938
2024-05-03 10:39:00,1650.25,1650.65,1646.0,1646.0,12220
2024-05-03 10:40:00,1646.0,1647.7,1643.25,1645.2,27119
2024-05-03 10:41:00,1643.6,1647.5,1643.45,1645.85,14474
2024-05-03 10:42:00,1645.0,1646.5,1644.3,1645.5,6372
2024-05-03 10:43:00,1646.25,1647.15,1645.0,1645.65,6285
2024-05-03 10:44:00,1645.65,1645.65,1642.6,1642.6,8094
2024-05-03 10:45:00,1642.7,1645.35,1642.6,1644.8,7005
2024-05-03 10:46:00,1644.85,1644.95,1642.5,1643.25,5414
2024-05-03 10:47:00,1642.9,1645.7,1642.9,1645.7,4576
2024-05-03 10:48:00,1645.7,1647.35,1644.6,1647.15,5429
2024-05-03 10:49:00,1647.15,1650.4,1645.0,1649.95,10079
2024-05-03 10:50:00,1649.95,1653.6,1649.3,1652.55,15478
2024-05-03 10:51:00,1652.55,1652.55,1650.8,1652.25,8095
2024-05-03 10:52:00,1651.95,1652.5,1650.5,1651.55,6977
2024-05-03 10:53:00,1651.75,1651.75,1650.2,1650.9,2906
2024-05-03 10:54:00,1650.9,1651.1,1649.0,1650.25,7143
2024-05-03 10:55:00,1650.95,1651.25,1647.05,1647.95,7870
2024-05-03 10:56:00,1647.95,1649.0,1647.85,1648.3,3178
2024-05-03 10:57:00,1648.3,1648.55,1647.0,1647.5,5554
2024-05-03 10:58:00,1647.5,1648.7,1646.75,1648.05,5652
2024-05-03 10:59:00,1648.05,1650.0,1647.9,1650.0,7913
2024-05-03 11:00:00,1650.0,1650.35,1646.45,1646.65,7121
2024-05-03 11:01:00,1646.65,1648.35,1646.65,1647.7,2428
2024-05-03 11:02:00,1647.5,1648.0,1647.0,1647.05,3424
2024-05-03 11:03:00,1647.15,1649.6,1647.0,1648.9,2470
2024-05-03 11:04:00,1648.9,1649.85,1648.25,1649.25,2842
2024-05-03 11:05:00,1649.55,1653.9,1649.2,1653.9,12558
2024-05-03 11:06:00,1653.9,1656.0,1653.9,1656.0,17616
2024-05-03 11:07:00,1655.4,1656.95,1655.05,1656.6,11201
2024-05-03 11:08:00,1656.6,1660.0,1656.45,1658.6,29046
2024-05-03 11:09:00,1659.0,1660.45,1658.6,1659.5,13235
2024-05-03 11:10:00,1659.8,1659.8,1657.85,1658.95,7599
2024-05-03 11:11:00,1658.05,1658.8,1656.35,1658.45,4843
2024-05-03 11:12:00,1658.45,1659.0,1655.8,1656.05,6818
2024-05-03 11:13:00,1656.05,1657.35,1655.55,1657.0,3656
2024-05-03 11:14:00,1657.0,1657.0,1655.4,1655.95,4546
2024-05-03 11:15:00,1655.95,1657.45,1655.5,1657.4,4661
2024-05-03 11:16:00,1657.4,1658.3,1656.5,1656.65,7271
2024-05-03 11:17:00,1657.0,1657.0,1653.55,1654.55,7317
2024-05-03 11:18:00,1653.4,1655.7,1652.8,1654.85,7045
2024-05-03 11:19:00,1654.85,1655.75,1651.0,1651.55,6034
2024-05-03 11:20:00,1651.55,1652.85,1650.0,1651.75,7904
2024-05-03 11:21:00,1651.55,1651.6,1650.0,1650.7,4478
2024-05-03 11:22:00,1651.0,1651.0,1649.15,1649.25,10507
2024-05-03 11:23:00,1649.15,1649.9,1648.0,1649.6,11962
2024-05-03 11:24:00,1649.6,1652.0,1649.0,1651.3,8958
2024-05-03 11:25:00,1651.3,1651.3,1648.15,1648.2,6460
2024-05-03 11:26:00,1648.95,1649.85,1648.15,1649.55,2784
2024-05-03 11:27:00,1649.35,1651.0,1646.45,1646.55,15683
2024-05-03 11:28:00,1646.5,1649.65,1646.5,1648.7,7637
2024-05-03 11:29:00,1648.7,1649.0,1646.0,1646.85,8610
2024-05-03 11:30:00,1646.85,1647.15,1643.35,1644.95,16368
2024-05-03 11:31:00,1645.4,1646.45,1643.55,1645.45,6523
2024-05-03 11:32:00,1645.45,1647.5,1645.15,1646.25,8207
2024-05-03 11:33:00,1646.4,1647.85,1645.5,1647.4,3935
2024-05-03 11:34:00,1647.0,1648.8,1647.0,1647.95,3855
2024-05-03 11:35:00,1648.0,1649.5,1647.65,1649.2,3751
2024-05-03 11:36:00,1649.5,1649.85,1646.2,1646.55,8333
2024-05-03 11:37:00,1646.5,1647.15,1646.5,1646.5,21124
2024-05-03 11:38:00,1646.5,1648.8,1646.5,1648.0,8375
2024-05-03 11:39:00,1648.05,1648.4,1647.35,1647.5,7735
2024-05-03 11:40:00,1647.5,1650.85,1647.35,1650.85,19217
2024-05-03 11:41:00,1650.3,1650.55,1648.05,1649.45,9412
2024-05-03 11:42:00,1649.45,1650.4,1648.7,1649.7,3049
2024-05-03 11:43:00,1650.0,1652.8,1649.65,1650.6,8328
2024-05-03 11:44:00,1650.6,1650.9,1649.05,1650.15,5570
2024-05-03 11:45:00,1650.45,1650.95,1648.05,1648.7,8178
2024-05-03 11:46:00,1648.7,1649.35,1647.2,1648.05,22243
2024-05-03 11:47:00,1648.2,1648.35,1644.1,1645.0,12753
2024-05-03 11:48:00,1644.95,1647.0,1643.65,1644.05,6538
2024-05-03 11:49:00,1644.05,1646.05,1643.8,1645.7,6691
2024-05-03 11:50:00,1645.7,1646.85,1643.5,1644.15,12959
2024-05-03 11:51:00,1644.3,1644.35,1640.55,1641.3,22169
2024-05-03 11:52:00,1641.7,1641.95,1639.05,1640.25,23423
2024-05-03 11:53:00,1640.25,1641.45,1639.55,1640.3,12191
2024-05-03 11:54:00,1640.3,1641.5,1639.25,1640.0,12504
2024-05-03 11:55:00,1640.0,1644.0,1639.9,1641.75,11744
2024-05-03 11:56:00,1641.5,1642.4,1640.1,1641.1,7303
2024-05-03 11:57:00,1641.3,1641.4,1637.5,1638.7,26142
2024-05-03 11:58:00,1637.8,1641.4,1636.65,1641.15,11646
2024-05-03 11:59:00,1642.0,1642.0,1639.5,1640.6,5974
2024-05-03 12:00:00,1640.6,1644.65,1640.1,1643.95,11081
2024-05-03 12:01:00,1644.15,1646.0,1642.05,1642.75,10550
2024-05-03 12:02:00,1642.05,1642.95,1639.65,1640.8,12058
2024-05-03 12:03:00,1640.8,1642.0,1639.4,1639.6,6626
2024-05-03 12:04:00,1640.0,1641.1,1638.4,1638.4,8534
2024-05-03 12:05:00,1638.4,1639.05,1634.1,1635.55,28949
2024-05-03 12:06:00,1636.05,1636.9,1634.2,1636.15,13269
2024-05-03 12:07:00,1636.15,1638.5,1634.6,1638.1,12137
2024-05-03 12:08:00,1637.3,1637.8,1632.15,1633.0,18490
2024-05-03 12:09:00,1632.5,1634.7,1629.7,1630.95,24688
2024-05-03 12:10:00,1630.95,1633.0,1629.6,1630.65,24621
2024-05-03 12:11:00,1631.9,1632.3,1630.15,1630.35,12787
2024-05-03 12:12:00,1631.05,1633.85,1629.85,1632.95,11101
2024-05-03 12:13:00,1632.95,1633.95,1631.3,1632.4,8117
2024-05-03 12:14:00,1632.4,1635.55,1632.4,1633.3,10737
2024-05-03 12:15:00,1633.4,1634.3,1632.5,1633.65,4238
2024-05-03 12:16:00,1633.9,1636.45,1633.2,1634.0,11240
2024-05-03 12:17:00,1634.15,1637.45,1634.15,1636.8,8030
2024-05-03 12:18:00,1637.2,1637.2,1635.0,1636.15,4498
2024-05-03 12:19:00,1636.15,1637.65,1635.1,1636.15,3350
2024-05-03 12:20:00,1637.0,1637.9,1636.25,1637.0,4740
2024-05-03 12:21:00,1637.0,1638.7,1636.45,1637.9,3727
2024-05-03 12:22:00,1637.9,1642.15,1637.1,1640.05,11057
2024-05-03 12:23:00,1640.95,1642.3,1640.8,1641.35,6016
2024-05-03 12:24:00,1641.35,1642.0,1640.1,1641.55,4182
2024-05-03 12:25:00,1641.5,1641.8,1639.7,1640.8,5746
2024-05-03 12:26:00,1640.8,1641.65,1637.85,1639.0,5946
2024-05-03 12:27:00,1639.0,1640.45,1639.0,1640.45,9035
2024-05-03 12:28:00,1640.45,1641.2,1639.4,1640.05,2132
2024-05-03 12:29:00,1640.05,1641.0,1639.35,1639.85,3767
2024-05-03 12:30:00,1640.65,1640.65,1638.25,1639.0,12209
2024-05-03 12:31:00,1639.0,1639.9,1639.0,1639.1,8034
2024-05-03 12:32:00,1639.4,1641.0,1639.0,1639.7,9594
2024-05-03 12:33:00,1639.7,1641.15,1639.7,1641.15,1998
2024-05-03 12:34:00,1641.15,1641.2,1640.0,1641.2,20492
2024-05-03 12:35:00,1641.05,1641.6,1640.0,1640.4,5120
2024-05-03 12:36:00,1640.65,1641.4,1640.3,1640.6,1980
2024-05-03 12:37:00,1640.6,1642.05,1640.0,1640.0,7435
2024-05-03 12:38:00,1640.35,1641.0,1638.5,1638.5,4037
2024-05-03 12:39:00,1638.5,1639.3,1636.05,1636.05,8162
2024-05-03 12:40:00,1636.0,1638.8,1636.0,1636.5,41832
2024-05-03 12:41:00,1636.3,1637.55,1634.4,1637.55,46986
2024-05-03 12:42:00,1637.1,1638.9,1636.05,1638.3,8764
2024-05-03 12:43:00,1638.3,1639.95,1637.25,1639.8,11743
2024-05-03 12:44:00,1639.75,1642.7,1638.95,1641.65,15663
2024-05-03 12:45:00,1641.65,1642.4,1639.15,1639.5,7069
2024-05-03 12:46:00,1639.95,1640.55,1637.7,1639.55,8653
2024-05-03 12:47:00,1639.55,1640.0,1637.8,1638.25,5124
2024-05-03 12:48:00,1638.9,1638.9,1636.3,1636.9,8352
2024-05-03 12:49:00,1636.9,1637.85,1635.05,1637.2,8169
2024-05-03 12:50:00,1637.2,1637.2,1635.0,1635.5,8654
2024-05-03 12:51:00,1635.35,1635.5,1630.75,1631.55,21198
2024-05-03 12:52:00,1631.5,1632.8,1628.2,1629.85,17412
2024-05-03 12:53:00,1630.7,1631.55,1627.6,1627.75,11871
2024-05-03 12:54:00,1627.75,1628.4,1625.85,1626.6,10128
2024-05-03 12:55:00,1627.15,1628.0,1623.05,1626.5,18102
2024-05-03 12:56:00,1626.5,1627.1,1625.9,1626.7,3711
2024-05-03 12:57:00,1626.8,1627.0,1624.3,1624.3,6887
2024-05-03 12:58:00,1625.0,1626.5,1624.45,1626.0,4640
2024-05-03 12:59:00,1626.0,1626.35,1625.0,1625.4,2405
2024-05-03 13:00:00,1626.35,1626.35,1623.1,1623.7,7970
2024-05-03 13:01:00,1623.7,1625.9,1622.55,1625.9,5756
2024-05-03 13:02:00,1625.9,1625.95,1624.0,1625.7,5041
2024-05-03 13:03:00,1625.9,1625.9,1621.0,1622.55,12336
2024-05-03 13:04:00,1622.65,1623.55,1621.85,1622.7,5514
2024-05-03 13:05:00,1622.9,1625.15,1622.9,1624.95,9668
2024-05-03 13:06:00,1624.95,1624.95,1623.3,1624.9,4739
2024-05-03 13:07:00,1624.9,1627.75,1624.15,1626.15,11620
2024-05-03 13:08:00,1626.15,1626.5,1623.0,1623.35,4603
2024-05-03 13:09:00,1623.1,1625.0,1623.1,1624.7,4404
2024-05-03 13:10:00,1623.95,1624.7,1622.0,1623.0,4438
2024-05-03 13:11:00,1623.0,1624.75,1622.3,1622.85,2687
2024-05-03 13:12:00,1623.05,1625.5,1623.05,1624.3,5196
2024-05-03 13:13:00,1624.3,1625.0,1623.35,1624.05,3387
2024-05-03 13:14:00,1623.35,1624.85,1623.35,1624.8,4436
2024-05-03 13:15:00,1624.8,1625.55,1622.5,1622.5,4484
2024-05-03 13:16:00,1622.5,1623.0,1622.1,1623.0,2812
2024-05-03 13:17:00,1623.0,1624.4,1622.15,1623.2,3638
2024-05-03 13:18:00,1623.2,1625.85,1622.55,1625.0,9784
2024-05-03 13:19:00,1625.0,1625.6,1624.1,1624.75,2867
2024-05-03 13:20:00,1625.5,1627.4,1625.0,1626.5,3467
2024-05-03 13:21:00,1626.85,1627.15,1625.85,1626.75,3933
2024-05-03 13:22:00,1626.75,1627.0,1625.9,1626.8,3004
2024-05-03 13:23:00,1627.0,1627.7,1625.9,1627.15,2790
2024-05-03 13:24:00,1627.85,1628.25,1625.7,1626.9,4846
2024-05-03 13:25:00,1626.9,1627.0,1624.7,1626.65,3380
2024-05-03 13:26:00,1626.65,1626.65,1625.5,1626.0,3143
2024-05-03 13:27:00,1626.0,1627.7,1626.0,1627.0,6362
2024-05-03 13:28:00,1627.0,1632.0,1626.95,1631.05,17515
2024-05-03 13:29:00,1631.0,1631.85,1626.0,1626.7,9162
2024-05-03 13:30:00,1626.7,1627.65,1625.5,1625.5,3163
2024-05-03 13:31:00,1625.5,1627.25,1624.65,1624.65,7178
2024-05-03 13:32:00,1625.3,1625.5,1623.2,1625.0,5473
2024-05-03 13:33:00,1625.0,1625.4,1623.85,1625.4,4096
2024-05-03 13:34:00,1625.4,1626.25,1624.5,1625.0,5679
2024-05-03 13:35:00,1625.5,1625.8,1623.2,1623.2,3815
2024-05-03 13:36:00,1623.2,1624.0,1621.4,1621.95,8390
2024-05-03 13:37:00,1622.0,1622.6,1621.1,1621.85,4023
2024-05-03 13:38:00,1621.95,1622.0,1621.0,1621.5,9948
2024-05-03 13:39:00,1621.45,1621.5,1618.3,1619.0,22103
2024-05-03 13:40:00,1619.8,1622.0,1619.1,1620.55,10346
2024-05-03 13:41:00,1620.5,1621.8,1620.5,1621.5,3637
2024-05-03 13:42:00,1621.5,1623.0,1621.15,1623.0,18536
2024-05-03 13:43:00,1622.95,1624.55,1622.2,1624.2,10895
2024-05-03 13:44:00,1624.0,1624.4,1622.2,1623.3,11516
2024-05-03 13:45:00,1623.4,1624.4,1622.45,1624.0,11122
2024-05-03 13:46:00,1624.0,1624.3,1622.9,1623.65,3472
2024-05-03 13:47:00,1623.6,1623.95,1622.35,1623.85,6140
2024-05-03 13:48:00,1623.7,1624.3,1623.25,1624.3,2790
2024-05-03 13:49:00,1624.3,1624.5,1623.55,1624.5,3394
2024-05-03 13:50:00,1624.5,1624.5,1623.15,1624.4,2980
2024-05-03 13:51:00,1624.4,1624.45,1621.65,1622.45,6834
2024-05-03 13:52:00,1622.45,1622.6,1621.0,1621.6,2210
2024-05-03 13:53:00,1621.6,1622.0,1621.0,1622.0,4320
2024-05-03 13:54:00,1621.45,1625.5,1621.45,1625.5,10827
2024-05-03 13:55:00,1625.0,1627.0,1625.0,1626.35,7659
2024-05-03 13:56:00,1626.35,1626.55,1624.35,1625.65,2986
2024-05-03 13:57:00,1625.65,1626.0,1623.25,1624.5,4895
2024-05-03 13:58:00,1624.5,1625.6,1623.7,1625.0,2970
2024-05-03 13:59:00,1624.5,1625.5,1624.0,1625.0,3791
2024-05-03 14:00:00,1625.0,1625.4,1624.15,1625.0,2948
2024-05-03 14:01:00,1625.0,1625.4,1623.5,1624.35,4673
2024-05-03 14:02:00,1624.35,1624.9,1623.15,1624.35,4160
2024-05-03 14:03:00,1624.35,1625.4,1623.7,1625.0,5818
2024-05-03 14:04:00,1625.0,1625.4,1624.0,1624.95,3430
2024-05-03 14:05:00,1624.95,1625.4,1623.7,1625.0,2532
2024-05-03 14:06:00,1625.0,1625.4,1624.25,1625.0,3846
2024-05-03 14:07:00,1624.5,1625.4,1624.0,1625.0,3979
2024-05-03 14:08:00,1625.0,1625.2,1623.45,1624.3,3600
2024-05-03 14:09:00,1624.3,1624.85,1623.15,1624.1,3153
2024-05-03 14:10:00,1624.05,1624.6,1622.6,1623.3,3538
2024-05-03 14:11:00,1623.75,1624.05,1622.85,1623.7,3121
2024-05-03 14:12:00,1623.95,1626.5,1623.25,1626.0,6932
2024-05-03 14:13:00,1626.0,1627.75,1624.3,1624.85,5527
2024-05-03 14:14:00,1624.85,1626.45,1624.8,1625.0,4957
2024-05-03 14:15:00,1625.0,1626.7,1623.8,1625.65,5221
2024-05-03 14:16:00,1625.65,1626.85,1624.45,1625.95,5373
2024-05-03 14:17:00,1626.5,1627.7,1626.2,1626.95,6366
2024-05-03 14:18:00,1626.7,1627.3,1625.35,1626.6,5166
2024-05-03 14:19:00,1626.0,1626.95,1624.9,1625.0,7388
2024-05-03 14:20:00,1625.65,1626.0,1623.0,1624.0,7563
2024-05-03 14:21:00,1624.0,1625.0,1623.4,1624.05,3724
2024-05-03 14:22:00,1624.8,1624.9,1623.05,1624.7,3446
2024-05-03 14:23:00,1624.7,1625.05,1623.7,1625.0,5091
2024-05-03 14:24:00,1625.35,1625.4,1623.8,1624.5,2360
2024-05-03 14:25:00,1624.1,1624.65,1622.2,1623.05,5896
2024-05-03 14:26:00,1622.45,1623.4,1622.05,1623.0,4437
2024-05-03 14:27:00,1623.0,1624.05,1622.6,1623.1,2941
2024-05-03 14:28:00,1623.15,1625.0,1623.1,1625.0,8084
2024-05-03 14:29:00,1625.0,1626.2,1623.95,1624.25,4426
2024-05-03 14:30:00,1624.75,1626.6,1624.7,1626.1,3728
2024-05-03 14:31:00,1626.7,1627.0,1624.15,1624.9,2913
2024-05-03 14:32:00,1624.9,1626.05,1624.2,1624.45,3575
2024-05-03 14:33:00,1624.45,1625.55,1623.9,1624.05,2977
2024-05-03 14:34:00,1624.7,1625.9,1623.9,1624.35,2834
2024-05-03 14:35:00,1625.0,1625.3,1622.15,1622.6,28177
2024-05-03 14:36:00,1623.25,1623.5,1622.15,1623.5,7892
2024-05-03 14:37:00,1623.3,1624.4,1622.6,1624.35,6050
2024-05-03 14:38:00,1624.35,1625.7,1623.45,1624.8,7262
2024-05-03 14:39:00,1625.5,1626.0,1624.05,1624.6,5361
2024-05-03 14:40:00,1625.35,1625.9,1624.4,1624.4,5059
2024-05-03 14:41:00,1624.45,1625.85,1623.75,1625.75,10665
2024-05-03 14:42:00,1625.75,1626.85,1624.55,1625.25,11101
2024-05-03 14:43:00,1625.4,1626.8,1624.8,1625.2,8098
2024-05-03 14:44:00,1625.2,1627.9,1625.2,1627.6,5032
2024-05-03 14:45:00,1627.65,1628.8,1625.75,1625.75,14872
2024-05-03 14:46:00,1625.75,1628.0,1625.55,1626.85,4122
2024-05-03 14:47:00,1626.85,1627.55,1624.25,1625.65,6304
2024-05-03 14:48:00,1625.65,1626.0,1623.3,1623.8,8884
2024-05-03 14:49:00,1623.8,1624.2,1620.5,1623.0,18201
2024-05-03 14:50:00,1623.0,1623.3,1618.0,1618.65,26183
2024-05-03 14:51:00,1618.95,1621.8,1618.8,1619.05,15470
2024-05-03 14:52:00,1619.35,1622.0,1619.35,1621.25,7435
2024-05-03 14:53:00,1621.25,1622.0,1620.3,1621.65,6774
2024-05-03 14:54:00,1621.7,1622.0,1620.95,1621.95,3385
2024-05-03 14:55:00,1621.95,1622.5,1620.95,1621.6,9819
2024-05-03 14:56:00,1621.75,1622.5,1621.2,1621.8,6556
2024-05-03 14:57:00,1621.8,1623.0,1621.55,1622.2,8860
2024-05-03 14:58:00,1622.95,1623.45,1621.15,1621.5,5593
2024-05-03 14:59:00,1621.5,1624.65,1621.5,1624.1,10070
2024-05-03 15:00:00,1624.4,1624.6,1622.7,1623.85,10455
2024-05-03 15:01:00,1624.0,1624.95,1624.0,1624.9,18484
2024-05-03 15:02:00,1624.9,1627.5,1624.8,1627.4,11637
2024-05-03 15:03:00,1627.4,1627.6,1625.35,1626.3,12492
2024-05-03 15:04:00,1626.35,1626.4,1625.7,1625.8,11043
2024-05-03 15:05:00,1625.85,1626.4,1625.65,1625.8,7880
2024-05-03 15:06:00,1625.8,1626.5,1625.65,1626.2,10787
2024-05-03 15:07:00,1626.2,1626.5,1625.4,1625.55,7406
2024-05-03 15:08:00,1625.35,1625.8,1625.1,1625.2,8610
2024-05-03 15:09:00,1625.2,1626.0,1625.0,1625.1,15725
2024-05-03 15:10:00,1625.35,1625.45,1624.5,1625.35,21428
2024-05-03 15:11:00,1625.4,1625.5,1624.3,1625.25,10999
2024-05-03 15:12:00,1625.5,1625.5,1624.65,1624.65,14261
2024-05-03 15:13:00,1625.0,1626.9,1624.4,1626.85,15458
2024-05-03 15:14:00,1626.8,1629.0,1626.05,1628.45,18162
2024-05-03 15:15:00,1628.45,1632.0,1627.15,1631.9,33950
2024-05-03 15:16:00,1631.85,1634.0,1630.9,1633.95,20281
2024-05-03 15:17:00,1634.0,1634.0,1631.9,1633.1,20341
2024-05-03 15:18:00,1632.7,1633.35,1628.6,1630.1,29238
2024-05-03 15:19:00,1629.45,1630.45,1628.45,1629.25,22358
2024-05-03 15:20:00,1629.7,1630.05,1626.9,1630.05,41811
2024-05-03 15:21:00,1629.3,1629.9,1626.95,1629.0,9022
2024-05-03 15:22:00,1629.05,1630.0,1627.85,1628.35,7620
2024-05-03 15:23:00,1628.35,1628.85,1626.55,1627.3,7667
2024-05-03 15:24:00,1627.3,1627.6,1623.4,1626.75,12936
2024-05-03 15:25:00,1626.0,1626.8,1625.6,1626.15,7600
2024-05-03 15:26:00,1626.35,1626.35,1624.3,1625.35,9194
2024-05-03 15:27:00,1625.65,1625.8,1624.0,1624.8,9811
2024-05-03 15:28:00,1624.0,1625.0,1620.1,1621.95,14325
2024-05-03 15:29:00,1621.95,1623.85,1621.1,1623.0,6736
2024-05-06 09:15:00,1637.9,1637.9,1625.55,1626.2,25243
2024-05-06 09:16:00,1625.15,1625.15,1620.0,1622.65,12112
2024-05-06 09:17:00,1623.55,1626.85,1621.15,1623.5,8047
2024-05-06 09:18:00,1622.7,1623.65,1617.55,1621.7,10821
2024-05-06 09:19:00,1621.7,1625.65,1621.65,1625.45,5911
2024-05-06 09:20:00,1625.45,1625.6,1622.1,1622.1,4446
2024-05-06 09:21:00,1623.1,1627.0,1623.1,1625.05,8100
2024-05-06 09:22:00,1625.05,1626.9,1624.0,1624.55,3650
2024-05-06 09:23:00,1624.5,1625.05,1623.0,1623.7,3559
2024-05-06 09:24:00,1623.7,1624.05,1622.25,1623.75,2398
2024-05-06 09:25:00,1623.75,1632.0,1623.1,1631.4,9530
2024-05-06 09:26:00,1631.5,1633.3,1631.2,1631.5,9224
2024-05-06 09:27:00,1631.5,1633.0,1630.1,1632.65,6203
2024-05-06 09:28:00,1632.65,1633.0,1630.45,1631.35,3487
2024-05-06 09:29:00,1631.5,1633.0,1630.0,1632.15,2784
2024-05-06 09:30:00,1632.15,1633.3,1631.6,1631.65,1592
2024-05-06 09:31:00,1631.65,1632.4,1630.0,1632.4,6483
2024-05-06 09:32:00,1632.4,1633.1,1630.55,1632.5,3713
2024-05-06 09:33:00,1631.45,1632.45,1630.9,1631.65,3930
2024-05-06 09:34:00,1631.65,1632.4,1630.4,1631.8,3118
2024-05-06 09:35:00,1632.0,1633.9,1631.35,1633.0,5789
2024-05-06 09:36:00,1633.0,1633.5,1631.15,1633.3,1860
2024-05-06 09:37:00,1632.75,1635.8,1632.75,1635.0,6666
2024-05-06 09:38:00,1635.0,1635.0,1632.85,1632.85,2514
2024-05-06 09:39:00,1632.0,1633.25,1629.75,1630.0,6298
2024-05-06 09:40:00,1630.25,1630.25,1625.0,1627.3,5923
2024-05-06 09:41:00,1627.2,1627.85,1624.25,1625.35,3590
2024-05-06 09:42:00,1624.8,1626.75,1622.1,1622.1,4026
2024-05-06 09:43:00,1622.0,1623.85,1620.2,1623.25,6536
2024-05-06 09:44:00,1623.3,1628.05,1623.3,1627.9,2661
2024-05-06 09:45:00,1627.9,1630.0,1627.85,1629.2,4705
2024-05-06 09:46:00,1628.85,1629.45,1627.4,1628.0,2313
2024-05-06 09:47:00,1628.0,1628.05,1625.0,1625.15,5351
2024-05-06 09:48:00,1625.6,1625.8,1624.0,1624.9,1731
2024-05-06 09:49:00,1624.9,1624.9,1621.0,1622.05,4791
2024-05-06 09:50:00,1622.05,1623.7,1621.2,1622.1,4083
2024-05-06 09:51:00,1622.1,1622.4,1621.0,1621.45,937
2024-05-06 09:52:00,1621.5,1624.1,1621.5,1623.85,1324
2024-05-06 09:53:00,1623.85,1624.65,1623.0,1624.65,1101
2024-05-06 09:54:00,1624.65,1627.0,1623.6,1626.65,2485
2024-05-06 09:55:00,1627.0,1630.4,1627.0,1629.35,3454
2024-05-06 09:56:00,1629.35,1629.35,1627.0,1627.45,1808
2024-05-06 09:57:00,1626.85,1626.85,1625.0,1625.0,855
2024-05-06 09:58:00,1625.0,1625.85,1623.95,1623.95,2032
2024-05-06 09:59:00,1624.15,1625.5,1623.95,1625.5,799
2024-05-06 10:00:00,1625.5,1625.5,1624.6,1625.2,736
2024-05-06 10:01:00,1625.2,1625.9,1624.6,1625.35,581
2024-05-06 10:02:00,1625.35,1625.5,1624.3,1624.75,1280
2024-05-06 10:03:00,1624.75,1624.9,1623.3,1624.1,787
2024-05-06 10:04:00,1624.1,1624.65,1623.75,1624.0,531
2024-05-06 10:05:00,1624.0,1624.0,1622.05,1622.1,1396
2024-05-06 10:06:00,1622.4,1624.5,1622.0,1622.0,1730
2024-05-06 10:07:00,1622.4,1622.4,1620.2,1620.2,2035
2024-05-06 10:08:00,1620.2,1620.65,1618.0,1618.5,3936
2024-05-06 10:09:00,1618.5,1619.45,1617.3,1618.8,2979
2024-05-06 10:10:00,1618.8,1620.0,1618.5,1619.7,4667
2024-05-06 10:11:00,1619.7,1623.05,1619.7,1623.05,1478
2024-05-06 10:12:00,1623.0,1624.15,1622.25,1624.0,3225
2024-05-06 10:13:00,1623.5,1624.5,1623.5,1624.0,145
2024-05-06 10:14:00,1624.0,1625.0,1623.5,1625.0,1052
2024-05-06 10:15:00,1625.25,1625.55,1623.2,1624.2,1387
2024-05-06 10:16:00,1624.45,1624.7,1621.8,1622.9,3164
2024-05-06 10:17:00,1622.9,1623.35,1622.9,1623.35,437
2024-05-06 10:18:00,1623.0,1623.0,1621.5,1622.15,3239
2024-05-06 10:19:00,1622.15,1623.45,1622.15,1623.4,823
2024-05-06 10:20:00,1623.4,1624.9,1623.35,1624.6,495
2024-05-06 10:21:00,1624.6,1627.1,1624.2,1626.25,2106
2024-05-06 10:22:00,1626.25,1626.25,1624.0,1624.1,1009
2024-05-06 10:23:00,1624.1,1624.95,1624.1,1624.75,409
2024-05-06 10:24:00,1624.75,1624.75,1623.6,1623.95,936
2024-05-06 10:25:00,1623.95,1624.95,1623.9,1624.5,524
2024-05-06 10:26:00,1624.5,1625.8,1624.5,1625.05,255
2024-05-06 10:27:00,1625.05,1627.0,1625.05,1626.0,435
2024-05-06 10:28:00,1626.0,1629.05,1625.05,1628.65,4781
2024-05-06 10:29:00,1628.65,1628.65,1627.7,1628.0,1095
2024-05-06 10:30:00,1628.0,1630.0,1627.75,1629.6,2533
2024-05-06 10:31:00,1629.6,1629.6,1628.0,1628.3,618
2024-05-06 10:32:00,1628.3,1629.0,1628.3,1629.0,476
2024-05-06 10:33:00,1628.95,1628.95,1627.7,1627.7,615
2024-05-06 10:34:00,1627.7,1628.0,1627.35,1627.8,482
2024-05-06 10:35:00,1628.8,1628.95,1626.95,1627.55,3473
2024-05-06 10:36:00,1626.95,1628.9,1626.95,1628.9,1636
2024-05-06 10:37:00,1628.9,1628.95,1628.0,1628.8,929
2024-05-06 10:38:00,1628.8,1629.6,1628.25,1629.0,1584
2024-05-06 10:39:00,1629.0,1631.0,1628.45,1630.85,2802
2024-05-06 10:40:00,1630.85,1631.0,1629.55,1631.0,1471
2024-05-06 10:41:00,1631.0,1631.0,1630.3,1631.0,1858
2024-05-06 10:42:00,1631.0,1632.1,1630.25,1631.6,2608
2024-05-06 10:43:00,1631.65,1631.95,1630.4,1630.95,1193
2024-05-06 10:44:00,1630.75,1631.8,1630.75,1631.15,2131
2024-05-06 10:45:00,1631.1,1632.95,1631.1,1632.65,1579
2024-05-06 10:46:00,1632.55,1632.65,1630.8,1630.8,874
2024-05-06 10:47:00,1630.8,1632.15,1630.6,1631.65,457
2024-05-06 10:48:00,1631.65,1632.3,1631.65,1631.65,300
2024-05-06 10:49:00,1631.65,1632.9,1631.65,1632.65,841
2024-05-06 10:50:00,1632.65,1632.65,1631.65,1632.25,557
2024-05-06 10:51:00,1632.25,1632.3,1631.05,1631.05,591
2024-05-06 10:52:00,1631.05,1635.3,1631.05,1634.45,16007
2024-05-06 10:53:00,1634.7,1634.7,1632.65,1632.75,1634
2024-05-06 10:54:00,1632.55,1633.1,1631.35,1631.85,1156
2024-05-06 10:55:00,1631.85,1632.55,1631.0,1631.7,747
2024-05-06 10:56:00,1631.05,1631.55,1630.15,1630.3,1339
2024-05-06 10:57:00,1630.4,1631.0,1630.0,1630.7,634
2024-05-06 10:58:00,1630.7,1631.0,1630.3,1631.0,556
2024-05-06 10:59:00,1631.0,1631.35,1630.9,1631.3,1183
2024-05-06 11:00:00,1631.0,1631.35,1630.05,1631.15,390
2024-05-06 11:01:00,1631.15,1631.35,1630.1,1630.8,525
2024-05-06 11:02:00,1630.8,1631.1,1630.2,1630.95,149
2024-05-06 11:03:00,1630.95,1630.95,1629.6,1629.8,770
2024-05-06 11:04:00,1629.8,1630.45,1629.45,1630.0,1304
2024-05-06 11:05:00,1630.0,1630.0,1629.0,1629.85,608
2024-05-06 11:06:00,1629.9,1629.9,1628.45,1628.5,1026
2024-05-06 11:07:00,1628.5,1628.95,1628.25,1628.9,319
2024-05-06 11:08:00,1628.9,1628.9,1625.4,1625.4,3540
2024-05-06 11:09:00,1625.35,1626.5,1625.35,1626.45,2218
2024-05-06 11:10:00,1626.45,1626.45,1625.0,1625.0,962
2024-05-06 11:11:00,1625.0,1625.65,1624.0,1624.0,5839
2024-05-06 11:12:00,1624.0,1625.8,1624.0,1625.7,702
2024-05-06 11:13:00,1625.7,1625.95,1625.0,1625.65,355
2024-05-06 11:14:00,1625.9,1625.9,1624.0,1624.0,498
2024-05-06 11:15:00,1624.0,1624.7,1621.6,1623.0,5489
2024-05-06 11:16:00,1623.4,1625.0,1623.0,1625.0,1159
2024-05-06 11:17:00,1625.0,1625.0,1624.0,1624.8,387
2024-05-06 11:18:00,1624.8,1625.0,1624.1,1624.7,309
2024-05-06 11:19:00,1624.7,1625.0,1624.1,1625.0,1471
2024-05-06 11:20:00,1625.0,1625.0,1624.1,1624.55,772
2024-05-06 11:21:00,1624.65,1624.7,1623.1,1623.95,1590
2024-05-06 11:22:00,1624.15,1624.3,1623.3,1624.25,218
2024-05-06 11:23:00,1624.0,1624.1,1621.0,1622.25,2352
2024-05-06 11:24:00,1622.25,1622.25,1621.0,1621.8,777
2024-05-06 11:25:00,1620.3,1621.45,1618.65,1620.7,7807
2024-05-06 11:26:00,1620.7,1622.0,1620.55,1621.35,1487
2024-05-06 11:27:00,1621.35,1622.65,1619.35,1622.5,5320
2024-05-06 11:28:00,1622.5,1622.85,1621.75,1622.85,501
2024-05-06 11:29:00,1622.85,1624.0,1622.7,1624.0,764
2024-05-06 11:30:00,1624.2,1624.6,1622.5,1623.65,2825
2024-05-06 11:31:00,1623.6,1623.95,1622.65,1623.95,420
2024-05-06 11:32:00,1623.95,1624.5,1622.85,1623.7,987
2024-05-06 11:33:00,1623.7,1623.7,1622.8,1623.25,994
2024-05-06 11:34:00,1623.25,1623.45,1622.3,1623.2,534
2024-05-06 11:35:00,1623.2,1624.6,1622.95,1624.1,447
2024-05-06 11:36:00,1624.1,1624.9,1624.05,1624.5,384
2024-05-06 11:37:00,1624.5,1625.9,1624.5,1625.9,786
2024-05-06 11:38:00,1625.9,1625.9,1624.2,1625.05,534
2024-05-06 11:39:00,1625.05,1625.05,1623.35,1624.7,1560
2024-05-06 11:40:00,1624.7,1624.7,1623.3,1624.25,579
2024-05-06 11:41:00,1624.25,1624.25,1622.65,1623.75,388
2024-05-06 11:42:00,1623.75,1623.75,1622.4,1623.35,258
2024-05-06 11:43:00,1623.35,1623.45,1622.75,1623.35,377
2024-05-06 11:44:00,1623.35,1624.1,1623.1,1624.1,401
2024-05-06 11:45:00,1624.1,1624.1,1623.25,1623.65,474
2024-05-06 11:46:00,1623.65,1624.5,1623.65,1623.8,258
2024-05-06 11:47:00,1623.8,1624.35,1622.55,1624.2,1644
2024-05-06 11:48:00,1624.2,1624.2,1622.95,1623.1,196
2024-05-06 11:49:00,1623.1,1624.65,1622.95,1624.25,620
2024-05-06 11:50:00,1624.1,1624.65,1623.6,1624.65,729
2024-05-06 11:51:00,1624.65,1624.65,1623.8,1623.95,354
2024-05-06 11:52:00,1623.95,1624.65,1623.85,1624.2,362
2024-05-06 11:53:00,1624.55,1624.65,1623.15,1623.95,459
2024-05-06 11:54:00,1623.95,1624.1,1623.25,1623.9,360
2024-05-06 11:55:00,1623.9,1623.9,1623.0,1623.85,530
2024-05-06 11:56:00,1623.85,1625.15,1623.1,1624.25,1070
2024-05-06 11:57:00,1624.25,1624.4,1624.0,1624.4,60
2024-05-06 11:58:00,1624.4,1625.5,1624.25,1625.35,655
2024-05-06 11:59:00,1624.95,1627.0,1624.95,1626.75,1374
2024-05-06 12:00:00,1626.75,1627.45,1626.1,1626.95,1469
2024-05-06 12:01:00,1626.95,1627.0,1626.1,1626.8,938
2024-05-06 12:02:00,1626.8,1627.0,1626.2,1627.0,570
2024-05-06 12:03:00,1627.0,1628.0,1626.55,1628.0,1837
2024-05-06 12:04:00,1628.0,1628.0,1626.1,1627.25,1561
2024-05-06 12:05:00,1627.25,1627.75,1626.75,1627.45,504
2024-05-06 12:06:00,1627.45,1627.45,1625.25,1625.55,740
2024-05-06 12:07:00,1625.55,1626.15,1625.05,1625.8,214
2024-05-06 12:08:00,1625.8,1626.5,1625.35,1625.7,1531
2024-05-06 12:09:00,1625.7,1626.3,1625.45,1626.0,149
2024-05-06 12:10:00,1626.0,1626.0,1624.6,1624.95,397
2024-05-06 12:11:00,1625.0,1625.3,1624.5,1625.05,606
2024-05-06 12:12:00,1625.05,1625.1,1622.4,1622.4,969
2024-05-06 12:13:00,1622.4,1624.75,1622.4,1624.75,4043
2024-05-06 12:14:00,1624.75,1625.05,1623.95,1624.8,528
2024-05-06 12:15:00,1624.8,1625.35,1624.05,1625.15,279
2024-05-06 12:16:00,1624.75,1624.8,1623.9,1624.3,430
2024-05-06 12:17:00,1624.3,1624.35,1623.1,1623.9,688
2024-05-06 12:18:00,1623.9,1624.4,1623.65,1624.3,765
2024-05-06 12:19:00,1624.3,1624.35,1623.5,1624.05,168
2024-05-06 12:20:00,1624.05,1624.4,1623.55,1624.4,200
2024-05-06 12:21:00,1624.4,1624.95,1623.2,1624.8,882
2024-05-06 12:22:00,1624.8,1625.1,1624.0,1625.0,462
2024-05-06 12:23:00,1625.0,1625.15,1624.0,1625.1,249
2024-05-06 12:24:00,1625.1,1625.3,1624.25,1624.8,577
2024-05-06 12:25:00,1624.8,1625.0,1623.5,1623.95,1517
2024-05-06 12:26:00,1623.5,1623.95,1622.35,1623.05,2716
2024-05-06 12:27:00,1623.1,1624.65,1622.8,1624.55,1850
2024-05-06 12:28:00,1624.55,1624.8,1623.7,1624.5,459
2024-05-06 12:29:00,1624.5,1624.5,1623.25,1623.55,639
2024-05-06 12:30:00,1623.55,1623.55,1622.5,1623.45,752
2024-05-06 12:31:00,1623.45,1623.85,1622.85,1623.45,363
2024-05-06 12:32:00,1623.45,1624.0,1622.5,1624.0,761
2024-05-06 12:33:00,1624.0,1624.25,1623.3,1624.2,394
2024-05-06 12:34:00,1624.2,1624.2,1623.0,1623.65,472
2024-05-06 12:35:00,1623.4,1623.5,1622.5,1623.05,745
2024-05-06 12:36:00,1623.05,1623.3,1621.5,1622.0,1133
2024-05-06 12:37:00,1622.0,1622.0,1621.1,1621.65,1211
2024-05-06 12:38:00,1621.65,1621.7,1620.0,1620.55,2119
2024-05-06 12:39:00,1620.55,1621.2,1619.0,1621.2,3819
2024-05-06 12:40:00,1621.2,1621.45,1620.15,1621.1,737
2024-05-06 12:41:00,1621.1,1621.1,1617.55,1617.55,402
2024-05-06 12:42:00,1617.6,1617.7,1615.45,1617.7,8325
2024-05-06 12:43:00,1617.7,1618.25,1616.55,1618.2,1911
2024-05-06 12:44:00,1618.1,1618.9,1616.85,1618.3,3156
2024-05-06 12:45:00,1618.3,1619.0,1618.25,1618.55,1010
2024-05-06 12:46:00,1618.55,1618.9,1618.25,1618.25,616
2024-05-06 12:47:00,1618.85,1618.95,1618.05,1618.95,1715
2024-05-06 12:48:00,1618.4,1618.45,1617.0,1617.5,1587
2024-05-06 12:49:00,1617.5,1618.9,1617.3,1618.9,876
2024-05-06 12:50:00,1618.9,1618.95,1617.7,1618.65,612
2024-05-06 12:51:00,1618.15,1618.3,1617.2,1617.7,487
2024-05-06 12:52:00,1617.7,1617.95,1616.1,1617.2,1012
2024-05-06 12:53:00,1617.2,1617.55,1616.5,1617.3,539
2024-05-06 12:54:00,1617.3,1618.15,1616.75,1618.15,342
2024-05-06 12:55:00,1618.15,1618.15,1616.7,1617.6,1174
2024-05-06 12:56:00,1617.6,1617.95,1617.15,1617.95,674
2024-05-06 12:57:00,1617.95,1619.0,1617.65,1618.85,778
2024-05-06 12:58:00,1618.85,1619.25,1618.3,1619.05,390
2024-05-06 12:59:00,1619.05,1619.1,1617.25,1617.95,911
2024-05-06 13:00:00,1617.95,1618.1,1617.0,1617.85,677
2024-05-06 13:01:00,1617.85,1618.2,1617.0,1618.2,492
2024-05-06 13:02:00,1618.2,1619.0,1617.65,1619.0,447
2024-05-06 13:03:00,1619.0,1619.25,1618.5,1619.05,519
2024-05-06 13:04:00,1619.05,1619.05,1618.1,1619.0,386
2024-05-06 13:05:00,1619.0,1619.0,1618.2,1618.2,308
2024-05-06 13:06:00,1618.2,1619.0,1618.2,1619.0,607
2024-05-06 13:07:00,1619.0,1619.05,1618.3,1618.75,535
2024-05-06 13:08:00,1618.75,1618.75,1617.0,1618.25,2065
2024-05-06 13:09:00,1618.25,1618.65,1617.3,1618.0,414
2024-05-06 13:10:00,1618.0,1618.0,1615.05,1615.7,1781
2024-05-06 13:11:00,1615.7,1615.7,1613.35,1614.6,3082
2024-05-06 13:12:00,1614.6,1614.6,1613.2,1613.5,1884
2024-05-06 13:13:00,1613.5,1613.95,1611.6,1612.25,2370
2024-05-06 13:14:00,1612.25,1613.55,1612.25,1613.0,621
2024-05-06 13:15:00,1612.55,1614.25,1612.55,1612.7,3555
2024-05-06 13:16:00,1612.7,1613.85,1612.7,1613.85,332
2024-05-06 13:17:00,1613.85,1613.9,1612.8,1613.9,589
2024-05-06 13:18:00,1614.25,1614.45,1613.25,1614.2,655
2024-05-06 13:19:00,1614.2,1614.4,1613.35,1613.5,536
2024-05-06 13:20:00,1613.5,1615.4,1613.5,1613.85,2733
2024-05-06 13:21:00,1613.85,1614.95,1612.9,1613.7,2364
2024-05-06 13:22:00,1612.9,1615.0,1612.9,1615.0,640
2024-05-06 13:23:00,1615.0,1615.85,1613.05,1614.1,2177
2024-05-06 13:24:00,1614.1,1614.1,1613.3,1614.05,307
2024-05-06 13:25:00,1614.05,1614.05,1612.4,1613.5,1526
2024-05-06 13:26:00,1613.5,1613.8,1612.55,1612.95,1010
2024-05-06 13:27:00,1612.95,1612.95,1611.0,1611.4,1295
2024-05-06 13:28:00,1611.4,1612.7,1611.0,1612.0,1064
2024-05-06 13:29:00,1612.0,1612.5,1611.0,1611.0,1343
2024-05-06 13:30:00,1611.75,1612.45,1609.0,1610.5,8930
2024-05-06 13:31:00,1610.5,1610.85,1609.6,1610.6,1387
2024-05-06 13:32:00,1610.6,1611.65,1609.7,1611.0,1048
2024-05-06 13:33:00,1611.0,1611.7,1610.25,1611.5,1088
2024-05-06 13:34:00,1611.5,1612.15,1610.95,1612.15,1348
2024-05-06 13:35:00,1612.15,1612.5,1611.5,1612.35,785
2024-05-06 13:36:00,1612.35,1612.5,1611.85,1611.85,279
2024-05-06 13:37:00,1611.85,1614.0,1611.85,1613.65,1951
2024-05-06 13:38:00,1613.65,1614.9,1613.15,1614.0,1698
2024-05-06 13:39:00,1614.0,1614.85,1613.05,1613.25,706
2024-05-06 13:40:00,1613.25,1614.65,1613.2,1614.0,493
2024-05-06 13:41:00,1614.0,1614.0,1613.5,1613.5,360
2024-05-06 13:42:00,1613.5,1614.65,1613.0,1614.05,571
2024-05-06 13:43:00,1613.65,1615.2,1613.45,1615.05,1728
2024-05-06 13:44:00,1615.05,1615.45,1614.1,1615.45,1075
2024-05-06 13:45:00,1615.45,1615.45,1614.3,1615.0,670
2024-05-06 13:46:00,1615.0,1615.0,1614.2,1614.9,924
2024-05-06 13:47:00,1614.9,1615.8,1614.8,1615.05,383
2024-05-06 13:48:00,1615.05,1615.8,1614.6,1615.55,1395
2024-05-06 13:49:00,1615.55,1615.9,1614.8,1614.95,352
2024-05-06 13:50:00,1614.95,1615.55,1614.55,1615.45,757
2024-05-06 13:51:00,1615.5,1616.7,1615.45,1616.0,1907
2024-05-06 13:52:00,1615.95,1616.2,1615.0,1615.9,451
2024-05-06 13:53:00,1615.9,1616.35,1615.0,1615.6,1132
2024-05-06 13:54:00,1615.6,1615.6,1614.65,1615.0,875
2024-05-06 13:55:00,1615.0,1615.5,1613.85,1613.85,608
2024-05-06 13:56:00,1613.85,1614.5,1612.75,1612.75,1893
2024-05-06 13:57:00,1612.75,1613.95,1612.3,1612.3,613
2024-05-06 13:58:00,1613.05,1613.15,1612.0,1612.65,645
2024-05-06 13:59:00,1612.65,1612.9,1612.0,1612.65,709
2024-05-06 14:00:00,1612.65,1612.9,1612.0,1612.0,764
2024-05-06 14:01:00,1612.0,1612.6,1611.0,1611.95,1402
2024-05-06 14:02:00,1611.95,1612.4,1611.15,1612.25,720
2024-05-06 14:03:00,1612.25,1612.95,1611.05,1612.45,854
2024-05-06 14:04:00,1612.45,1614.2,1612.0,1613.95,1070
2024-05-06 14:05:00,1613.95,1614.4,1612.9,1613.35,1146
2024-05-06 14:06:00,1613.35,1613.85,1612.15,1612.95,692
2024-05-06 14:07:00,1612.95,1612.95,1611.5,1612.0,1741
2024-05-06 14:08:00,1611.5,1612.0,1611.0,1611.5,1585
2024-05-06 14:09:00,1611.5,1611.5,1610.05,1611.05,4584
2024-05-06 14:10:00,1611.05,1611.2,1610.05,1610.9,2568
2024-05-06 14:11:00,1610.9,1612.15,1610.45,1612.15,6317
2024-05-06 14:12:00,1612.3,1612.6,1610.8,1611.25,1110
2024-05-06 14:13:00,1611.25,1612.85,1610.65,1612.85,1920
2024-05-06 14:14:00,1612.85,1613.0,1611.65,1613.0,624
2024-05-06 14:15:00,1613.0,1613.25,1611.5,1613.05,1966
2024-05-06 14:16:00,1611.95,1612.8,1611.05,1612.25,722
2024-05-06 14:17:00,1612.25,1612.35,1611.15,1612.35,911
2024-05-06 14:18:00,1612.35,1612.45,1611.1,1612.45,1199
2024-05-06 14:19:00,1612.45,1612.7,1611.05,1611.9,1107
2024-05-06 14:20:00,1611.9,1613.0,1611.9,1612.1,725
2024-05-06 14:21:00,1612.1,1614.45,1612.1,1613.25,1670
2024-05-06 14:22:00,1613.25,1614.2,1613.15,1613.15,745
2024-05-06 14:23:00,1613.15,1613.7,1611.75,1612.95,747
2024-05-06 14:24:00,1612.95,1613.0,1612.1,1612.8,615
2024-05-06 14:25:00,1612.8,1612.9,1611.75,1612.9,801
2024-05-06 14:26:00,1612.9,1613.0,1611.75,1612.3,739
2024-05-06 14:27:00,1612.3,1612.75,1611.5,1611.95,1116
2024-05-06 14:28:00,1611.5,1612.35,1611.5,1612.25,822
2024-05-06 14:29:00,1612.25,1612.45,1611.5,1612.35,509
2024-05-06 14:30:00,1612.3,1612.4,1611.5,1612.2,624
2024-05-06 14:31:00,1611.6,1612.5,1611.55,1611.7,904
2024-05-06 14:32:00,1611.7,1612.3,1610.5,1610.95,1983
2024-05-06 14:33:00,1610.25,1610.8,1607.05,1607.05,10596
2024-05-06 14:34:00,1608.4,1608.7,1607.05,1608.2,1548
2024-05-06 14:35:00,1608.3,1609.75,1607.3,1609.75,1653
2024-05-06 14:36:00,1609.75,1610.0,1609.05,1610.0,1237
2024-05-06 14:37:00,1610.0,1611.0,1609.5,1610.9,1532
2024-05-06 14:38:00,1610.9,1611.0,1610.05,1610.6,540
2024-05-06 14:39:00,1610.6,1611.6,1609.45,1610.0,1013
2024-05-06 14:40:00,1609.55,1610.4,1608.8,1609.0,3585
2024-05-06 14:41:00,1609.0,1609.8,1608.2,1609.65,1115
2024-05-06 14:42:00,1609.6,1610.0,1609.15,1610.0,502
2024-05-06 14:43:00,1610.0,1610.0,1609.7,1609.95,3079
2024-05-06 14:44:00,1609.95,1610.0,1609.1,1609.9,688
2024-05-06 14:45:00,1609.9,1612.0,1609.85,1611.95,11683
2024-05-06 14:46:00,1611.95,1614.35,1611.3,1614.2,4798
2024-05-06 14:47:00,1614.2,1614.7,1612.85,1613.0,2392
2024-05-06 14:48:00,1613.0,1613.45,1612.0,1612.8,1798
2024-05-06 14:49:00,1612.8,1613.45,1611.35,1612.0,2267
2024-05-06 14:50:00,1611.95,1612.0,1610.5,1611.7,1527
2024-05-06 14:51:00,1611.7,1611.9,1610.5,1611.85,1203
2024-05-06 14:52:00,1611.85,1612.0,1611.1,1611.85,1702
2024-05-06 14:53:00,1611.6,1612.0,1611.0,1611.4,844
2024-05-06 14:54:00,1611.4,1611.9,1610.55,1611.45,1087
2024-05-06 14:55:00,1611.45,1611.5,1610.75,1611.35,1478
2024-05-06 14:56:00,1610.9,1611.95,1610.9,1611.95,5594
2024-05-06 14:57:00,1611.95,1613.4,1611.05,1611.45,1034
2024-05-06 14:58:00,1611.45,1611.45,1610.0,1610.65,2179
2024-05-06 14:59:00,1610.85,1610.85,1608.35,1609.05,2515
2024-05-06 15:00:00,1609.15,1610.4,1608.0,1608.95,2469
2024-05-06 15:01:00,1609.25,1609.5,1608.0,1609.05,1311
2024-05-06 15:02:00,1609.55,1611.95,1609.55,1611.9,5716
2024-05-06 15:03:00,1611.55,1612.65,1610.85,1612.65,1877
2024-05-06 15:04:00,1612.5,1612.65,1611.15,1612.1,1273
2024-05-06 15:05:00,1612.1,1612.4,1611.5,1612.25,3134
2024-05-06 15:06:00,1612.2,1612.25,1611.0,1611.0,905
2024-05-06 15:07:00,1611.5,1611.75,1610.45,1611.55,1004
2024-05-06 15:08:00,1611.35,1612.0,1610.35,1611.05,2476
2024-05-06 15:09:00,1611.4,1611.4,1610.05,1610.65,2309
2024-05-06 15:10:00,1610.65,1610.95,1610.25,1610.9,2025
2024-05-06 15:11:00,1611.0,1611.2,1610.05,1611.2,2584
2024-05-06 15:12:00,1611.0,1612.0,1610.9,1611.9,2271
2024-05-06 15:13:00,1611.8,1612.0,1611.0,1611.5,3071
2024-05-06 15:14:00,1611.65,1611.9,1611.0,1611.5,2209
2024-05-06 15:15:00,1611.5,1612.0,1610.65,1612.0,5788
2024-05-06 15:16:00,1612.0,1612.0,1611.1,1611.6,4481
2024-05-06 15:17:00,1611.6,1611.9,1610.8,1610.95,3871
2024-05-06 15:18:00,1611.4,1611.8,1610.55,1611.3,2786
2024-05-06 15:19:00,1611.5,1611.75,1610.1,1611.5,2324
2024-05-06 15:20:00,1611.35,1611.85,1610.95,1611.85,5254
2024-05-06 15:21:00,1611.85,1612.25,1611.1,1611.65,3553
2024-05-06 15:22:00,1612.15,1612.2,1611.4,1612.0,1233
2024-05-06 15:23:00,1612.1,1612.1,1611.0,1611.95,1409
2024-05-06 15:24:00,1611.95,1612.25,1611.4,1612.2,2948
2024-05-06 15:25:00,1612.25,1612.25,1612.0,1612.2,1318
2024-05-06 15:26:00,1612.2,1612.9,1611.25,1612.45,3021
2024-05-06 15:27:00,1612.45,1612.85,1611.65,1612.7,2423
2024-05-06 15:28:00,1612.7,1613.0,1612.0,1612.35,1070
2024-05-06 15:29:00,1612.0,1615.0,1612.0,1613.7,2346
2024-05-07 09:15:00,1621.0,1621.0,1611.45,1614.0,27494
2024-05-07 09:16:00,1614.55,1617.3,1612.85,1612.85,10429
2024-05-07 09:17:00,1612.85,1613.35,1610.35,1612.2,5873
2024-05-07 09:18:00,1611.25,1614.0,1611.2,1613.45,3802
2024-05-07 09:19:00,1613.45,1614.2,1612.4,1613.95,2578
2024-05-07 09:20:00,1613.95,1614.75,1611.45,1612.5,7395
2024-05-07 09:21:00,1612.7,1612.7,1608.75,1610.35,7104
2024-05-07 09:22:00,1608.3,1609.8,1606.0,1609.3,5990
2024-05-07 09:23:00,1608.85,1613.65,1608.85,1612.45,5670
2024-05-07 09:24:00,1613.35,1613.8,1612.2,1612.95,3287
2024-05-07 09:25:00,1612.95,1613.35,1611.7,1612.7,2734
2024-05-07 09:26:00,1612.7,1613.2,1611.55,1612.6,2238
2024-05-07 09:27:00,1612.45,1612.45,1611.35,1611.9,2645
2024-05-07 09:28:00,1611.9,1611.95,1609.5,1610.95,3739
2024-05-07 09:29:00,1610.95,1612.0,1609.6,1609.6,2238
2024-05-07 09:30:00,1609.6,1612.0,1609.55,1610.95,2679
2024-05-07 09:31:00,1610.35,1611.6,1610.35,1611.0,941
2024-05-07 09:32:00,1611.0,1611.45,1603.75,1605.3,10221
2024-05-07 09:33:00,1605.3,1609.0,1605.3,1608.7,6530
2024-05-07 09:34:00,1608.7,1609.35,1607.75,1609.15,2558
2024-05-07 09:35:00,1609.15,1609.4,1607.7,1608.8,2391
2024-05-07 09:36:00,1608.8,1608.8,1607.65,1608.05,580
2024-05-07 09:37:00,1608.05,1609.85,1606.45,1608.9,4876
2024-05-07 09:38:00,1608.85,1609.45,1608.05,1608.8,2419
2024-05-07 09:39:00,1608.8,1609.4,1608.3,1609.1,896
2024-05-07 09:40:00,1609.1,1609.4,1608.0,1608.8,5597
2024-05-07 09:41:00,1608.8,1610.65,1608.15,1610.6,2015
2024-05-07 09:42:00,1610.6,1610.75,1609.8,1610.75,1100
2024-05-07 09:43:00,1610.45,1612.4,1610.35,1611.85,2372
2024-05-07 09:44:00,1611.4,1614.0,1610.8,1612.35,7751
2024-05-07 09:45:00,1612.35,1612.55,1610.5,1611.35,2644
2024-05-07 09:46:00,1611.35,1611.8,1611.05,1611.1,1310
2024-05-07 09:47:00,1611.1,1611.75,1610.65,1611.35,1391
2024-05-07 09:48:00,1611.35,1611.95,1610.75,1611.45,8694
2024-05-07 09:49:00,1611.45,1611.7,1606.1,1606.4,61182
2024-05-07 09:50:00,1606.4,1608.25,1603.65,1608.05,21055
2024-05-07 09:51:00,1607.9,1608.65,1607.25,1608.0,3982
2024-05-07 09:52:00,1608.5,1608.5,1605.0,1608.0,54460
2024-05-07 09:53:00,1607.35,1609.35,1606.55,1608.8,6293
2024-05-07 09:54:00,1608.8,1608.8,1605.3,1605.7,3483
2024-05-07 09:55:00,1606.15,1607.1,1604.1,1605.0,2959
2024-05-07 09:56:00,1605.0,1605.0,1601.4,1603.0,13524
2024-05-07 09:57:00,1603.0,1603.9,1602.1,1602.6,2767
2024-05-07 09:58:00,1602.6,1604.5,1602.3,1603.25,1535
2024-05-07 09:59:00,1603.0,1603.9,1601.0,1601.0,6020
2024-05-07 10:00:00,1601.05,1603.35,1598.55,1600.1,22393
2024-05-07 10:01:00,1599.7,1600.5,1598.05,1598.95,6015
2024-05-07 10:02:00,1598.95,1601.45,1598.95,1600.65,2723
2024-05-07 10:03:00,1600.65,1603.45,1600.65,1601.05,1425
2024-05-07 10:04:00,1601.15,1602.0,1599.0,1599.7,4504
2024-05-07 10:05:00,1599.7,1601.25,1599.05,1600.45,2845
2024-05-07 10:06:00,1600.1,1603.05,1600.0,1602.2,2207
2024-05-07 10:07:00,1602.2,1602.2,1600.8,1601.05,1922
2024-05-07 10:08:00,1601.15,1601.15,1598.7,1598.9,2873
2024-05-07 10:09:00,1598.9,1600.7,1598.85,1600.4,3288
2024-05-07 10:10:00,1600.4,1600.6,1598.7,1598.7,2123
2024-05-07 10:11:00,1598.7,1599.85,1598.7,1599.05,960
2024-05-07 10:12:00,1599.05,1599.6,1597.65,1599.05,2437
2024-05-07 10:13:00,1600.0,1601.95,1599.3,1601.0,1328
2024-05-07 10:14:00,1601.0,1601.5,1600.05,1600.35,1334
2024-05-07 10:15:00,1600.0,1601.5,1599.3,1601.45,1036
2024-05-07 10:16:00,1601.5,1601.5,1598.0,1598.05,2420
2024-05-07 10:17:00,1598.05,1598.05,1593.8,1594.05,14720
2024-05-07 10:18:00,1594.05,1594.85,1593.0,1593.55,6717
2024-05-07 10:19:00,1593.55,1595.15,1593.0,1594.35,2751
2024-05-07 10:20:00,1594.5,1594.6,1593.05,1594.0,2300
2024-05-07 10:21:00,1594.0,1595.85,1593.05,1594.85,4541
2024-05-07 10:22:00,1594.15,1595.6,1593.2,1594.6,4137
2024-05-07 10:23:00,1595.0,1595.55,1594.3,1594.7,2036
2024-05-07 10:24:00,1594.7,1596.0,1594.35,1595.7,1423
2024-05-07 10:25:00,1595.7,1596.8,1594.8,1596.8,2285
2024-05-07 10:26:00,1596.8,1597.35,1596.0,1596.9,1868
2024-05-07 10:27:00,1596.9,1597.5,1595.5,1597.15,1254
2024-05-07 10:28:00,1597.15,1597.2,1594.3,1595.65,2402
2024-05-07 10:29:00,1595.65,1597.7,1595.45,1597.7,850
2024-05-07 10:30:00,1598.0,1600.55,1597.5,1599.0,1856
2024-05-07 10:31:00,1598.25,1599.0,1597.65,1598.35,1499
2024-05-07 10:32:00,1598.05,1599.0,1597.8,1598.4,2393
2024-05-07 10:33:00,1598.35,1599.2,1598.05,1599.2,844
2024-05-07 10:34:00,1599.2,1599.2,1597.5,1597.9,1288
2024-05-07 10:35:00,1597.9,1598.4,1596.4,1596.85,938
2024-05-07 10:36:00,1597.15,1597.15,1595.85,1596.75,1689
2024-05-07 10:37:00,1596.75,1597.0,1595.8,1596.5,1055
2024-05-07 10:38:00,1597.0,1597.0,1596.2,1596.3,1034
2024-05-07 10:39:00,1596.3,1597.0,1596.3,1596.6,460
2024-05-07 10:40:00,1596.6,1598.0,1596.6,1598.0,1822
2024-05-07 10:41:00,1598.4,1598.75,1597.7,1598.35,369
2024-05-07 10:42:00,1598.35,1599.95,1598.35,1599.75,1267
2024-05-07 10:43:00,1599.7,1599.7,1598.6,1599.0,550
2024-05-07 10:44:00,1599.0,1599.75,1599.0,1599.75,696
2024-05-07 10:45:00,1599.75,1602.85,1599.75,1602.85,2333
2024-05-07 10:46:00,1602.85,1602.95,1601.75,1602.2,1400
2024-05-07 10:47:00,1602.2,1603.0,1601.95,1603.0,1370
2024-05-07 10:48:00,1603.0,1604.0,1602.85,1603.0,957
2024-05-07 10:49:00,1603.0,1603.65,1602.3,1603.15,992
2024-05-07 10:50:00,1602.45,1603.4,1601.75,1603.0,1064
2024-05-07 10:51:00,1603.0,1603.9,1602.05,1603.15,970
2024-05-07 10:52:00,1603.15,1603.65,1602.1,1602.75,2435
2024-05-07 10:53:00,1602.75,1603.2,1601.1,1601.45,1835
2024-05-07 10:54:00,1601.45,1602.55,1600.8,1601.95,3231
2024-05-07 10:55:00,1601.95,1603.85,1601.7,1603.7,1458
2024-05-07 10:56:00,1603.75,1605.0,1602.7,1605.0,3510
2024-05-07 10:57:00,1604.7,1606.8,1604.65,1605.6,7223
2024-05-07 10:58:00,1605.6,1605.6,1604.2,1605.5,2176
2024-05-07 10:59:00,1605.5,1606.0,1604.6,1606.0,2321
2024-05-07 11:00:00,1606.0,1606.95,1605.7,1606.1,2669
2024-05-07 11:01:00,1606.05,1607.8,1605.95,1607.5,4807
2024-05-07 11:02:00,1607.5,1609.75,1607.45,1609.6,4739
2024-05-07 11:03:00,1609.5,1610.0,1608.0,1609.8,2720
2024-05-07 11:04:00,1610.0,1610.0,1607.6,1607.6,1025
2024-05-07 11:05:00,1607.8,1609.2,1606.85,1608.7,1831
2024-05-07 11:06:00,1609.0,1610.0,1607.05,1610.0,4781
2024-05-07 11:07:00,1610.0,1610.25,1609.05,1609.35,3226
2024-05-07 11:08:00,1609.3,1609.75,1608.0,1609.05,3055
2024-05-07 11:09:00,1609.05,1610.8,1608.85,1609.7,3298
2024-05-07 11:10:00,1609.7,1610.8,1609.55,1610.7,2107
2024-05-07 11:11:00,1610.8,1612.8,1610.55,1612.65,4768
2024-05-07 11:12:00,1612.65,1613.0,1611.4,1612.5,5289
2024-05-07 11:13:00,1612.5,1613.05,1611.95,1612.9,3649
2024-05-07 11:14:00,1612.9,1613.75,1611.8,1612.45,9039
2024-05-07 11:15:00,1613.05,1613.05,1610.7,1612.45,2354
2024-05-07 11:16:00,1612.4,1612.8,1609.55,1609.65,3422
2024-05-07 11:17:00,1609.8,1610.15,1607.0,1608.9,8581
2024-05-07 11:18:00,1608.85,1610.15,1608.4,1609.0,1984
2024-05-07 11:19:00,1609.0,1610.15,1608.0,1610.15,3027
2024-05-07 11:20:00,1610.7,1610.7,1609.1,1610.15,2139
2024-05-07 11:21:00,1609.65,1610.55,1607.4,1610.55,1711
2024-05-07 11:22:00,1610.7,1611.0,1608.75,1609.95,2661
2024-05-07 11:23:00,1610.05,1610.05,1608.45,1609.95,1706
2024-05-07 11:24:00,1610.0,1610.0,1608.15,1609.1,2786
2024-05-07 11:25:00,1609.1,1610.5,1608.65,1610.35,1896
2024-05-07 11:26:00,1610.35,1610.95,1609.25,1610.9,3084
2024-05-07 11:27:00,1610.9,1611.8,1610.5,1611.8,5442
2024-05-07 11:28:00,1611.6,1611.75,1609.15,1609.95,6537
2024-05-07 11:29:00,1609.85,1613.0,1609.85,1612.95,6019
2024-05-07 11:30:00,1612.95,1613.55,1612.0,1613.4,3610
2024-05-07 11:31:00,1613.4,1617.15,1613.4,1616.7,9136
2024-05-07 11:32:00,1616.7,1616.7,1613.75,1615.5,6206
2024-05-07 11:33:00,1615.5,1616.55,1615.2,1616.0,3639
2024-05-07 11:34:00,1616.05,1617.0,1615.55,1616.0,3108
2024-05-07 11:35:00,1616.0,1616.0,1613.75,1614.05,3755
2024-05-07 11:36:00,1614.0,1614.35,1612.0,1614.0,4050
2024-05-07 11:37:00,1613.5,1615.0,1613.2,1613.95,5676
2024-05-07 11:38:00,1614.3,1615.0,1613.6,1614.8,2209
2024-05-07 11:39:00,1614.95,1614.95,1612.7,1614.0,2544
2024-05-07 11:40:00,1614.0,1615.0,1613.5,1615.0,3029
2024-05-07 11:41:00,1615.1,1615.85,1614.0,1615.45,1966
2024-05-07 11:42:00,1614.7,1615.85,1614.3,1615.65,2030
2024-05-07 11:43:00,1615.65,1616.5,1614.45,1615.9,2244
2024-05-07 11:44:00,1615.9,1616.95,1615.5,1616.8,3371
2024-05-07 11:45:00,1616.95,1617.4,1615.6,1617.4,2983
2024-05-07 11:46:00,1617.4,1618.85,1617.05,1617.7,6216
2024-05-07 11:47:00,1617.2,1617.75,1615.4,1616.5,3970
2024-05-07 11:48:00,1616.6,1617.6,1616.15,1617.3,2309
2024-05-07 11:49:00,1617.3,1617.3,1616.0,1616.6,6476
2024-05-07 11:50:00,1616.55,1617.2,1615.45,1616.4,1777
2024-05-07 11:51:00,1616.35,1616.6,1614.3,1615.35,3154
2024-05-07 11:52:00,1615.4,1615.75,1614.2,1614.85,2072
2024-05-07 11:53:00,1614.85,1616.55,1613.6,1616.35,3534
2024-05-07 11:54:00,1616.45,1617.0,1615.7,1616.95,1717
2024-05-07 11:55:00,1616.95,1617.2,1616.35,1616.95,2253
2024-05-07 11:56:00,1616.95,1617.2,1616.4,1617.2,3629
2024-05-07 11:57:00,1617.15,1618.0,1616.7,1618.0,5571
2024-05-07 11:58:00,1618.0,1618.0,1616.6,1617.25,3068
2024-05-07 11:59:00,1617.25,1617.95,1617.2,1617.9,2118
2024-05-07 12:00:00,1617.9,1618.0,1616.2,1617.75,3109
2024-05-07 12:01:00,1617.8,1618.0,1616.65,1616.7,3025
2024-05-07 12:02:00,1616.7,1617.5,1616.0,1617.15,1172
2024-05-07 12:03:00,1617.1,1617.1,1615.9,1616.6,2996
2024-05-07 12:04:00,1616.55,1618.0,1615.9,1618.0,3287
2024-05-07 12:05:00,1618.0,1618.0,1616.55,1617.85,1602
2024-05-07 12:06:00,1617.85,1618.0,1617.05,1617.8,1586
2024-05-07 12:07:00,1617.4,1617.7,1615.0,1616.25,4823
2024-05-07 12:08:00,1616.25,1616.45,1615.0,1615.45,2131
2024-05-07 12:09:00,1615.05,1616.25,1614.35,1615.85,2081
2024-05-07 12:10:00,1615.85,1616.55,1615.2,1616.05,3684
2024-05-07 12:11:00,1616.45,1616.45,1614.9,1615.55,1828
2024-05-07 12:12:00,1615.55,1615.8,1614.15,1614.95,2512
2024-05-07 12:13:00,1614.95,1614.95,1613.5,1613.5,1386
2024-05-07 12:14:00,1613.5,1613.65,1612.05,1613.35,4006
2024-05-07 12:15:00,1613.35,1615.0,1612.35,1614.5,1191
2024-05-07 12:16:00,1614.5,1615.0,1612.95,1613.9,1798
2024-05-07 12:17:00,1613.9,1615.0,1613.25,1613.7,2819
2024-05-07 12:18:00,1613.7,1614.5,1613.55,1614.4,1363
2024-05-07 12:19:00,1614.4,1615.1,1613.7,1614.65,2215
2024-05-07 12:20:00,1614.65,1614.9,1613.9,1614.7,566
2024-05-07 12:21:00,1614.7,1615.5,1613.75,1614.9,570
2024-05-07 12:22:00,1614.9,1614.9,1613.75,1614.45,1456
2024-05-07 12:23:00,1614.45,1615.85,1613.9,1615.8,720
2024-05-07 12:24:00,1615.8,1617.0,1615.55,1617.0,1263
2024-05-07 12:25:00,1617.0,1623.0,1616.95,1621.6,15485
2024-05-07 12:26:00,1622.0,1622.7,1620.85,1622.05,2401
2024-05-07 12:27:00,1622.05,1622.2,1621.0,1621.9,1913
2024-05-07 12:28:00,1621.9,1624.35,1620.75,1623.0,7246
2024-05-07 12:29:00,1622.9,1623.0,1620.4,1620.4,2842
2024-05-07 12:30:00,1620.4,1621.0,1618.0,1619.7,2377
2024-05-07 12:31:00,1618.85,1620.5,1618.65,1620.5,1252
2024-05-07 12:32:00,1620.5,1621.45,1620.3,1621.0,523
2024-05-07 12:33:00,1621.0,1622.0,1620.15,1622.0,963
2024-05-07 12:34:00,1622.0,1625.0,1621.6,1622.55,15855
2024-05-07 12:35:00,1621.6,1622.4,1619.95,1621.0,4450
2024-05-07 12:36:00,1621.0,1621.8,1618.85,1619.3,1124
2024-05-07 12:37:00,1620.05,1620.05,1619.0,1619.1,474
2024-05-07 12:38:00,1619.1,1619.1,1617.05,1617.25,2286
2024-05-07 12:39:00,1617.75,1618.85,1616.25,1617.7,1536
2024-05-07 12:40:00,1617.7,1619.7,1617.5,1619.15,2396
2024-05-07 12:41:00,1619.15,1619.8,1617.6,1619.7,1332
2024-05-07 12:42:00,1619.8,1621.9,1619.1,1621.35,3366
2024-05-07 12:43:00,1621.8,1622.0,1620.6,1620.9,1459
2024-05-07 12:44:00,1620.35,1621.25,1619.95,1621.0,1260
2024-05-07 12:45:00,1621.0,1621.0,1619.4,1619.4,1066
2024-05-07 12:46:00,1619.4,1620.0,1618.5,1618.9,497
2024-05-07 12:47:00,1618.75,1619.0,1617.25,1618.35,2180
2024-05-07 12:48:00,1618.45,1619.0,1618.0,1618.5,788
2024-05-07 12:49:00,1618.5,1618.65,1617.8,1618.6,1403
2024-05-07 12:50:00,1618.6,1620.0,1618.5,1619.5,2787
2024-05-07 12:51:00,1619.5,1620.0,1618.4,1619.5,1141
2024-05-07 12:52:00,1619.5,1620.1,1619.0,1619.35,643
2024-05-07 12:53:00,1619.4,1620.0,1618.5,1619.85,963
2024-05-07 12:54:00,1619.85,1620.0,1618.65,1619.05,3726
2024-05-07 12:55:00,1619.7,1619.75,1617.05,1618.45,4473
2024-05-07 12:56:00,1618.7,1619.2,1617.8,1619.2,843
2024-05-07 12:57:00,1619.2,1619.2,1617.95,1618.95,474
2024-05-07 12:58:00,1618.95,1619.2,1618.0,1619.0,445
2024-05-07 12:59:00,1618.75,1618.8,1617.65,1617.95,690
2024-05-07 13:00:00,1618.05,1618.15,1617.1,1617.85,553
2024-05-07 13:01:00,1617.85,1617.85,1617.45,1617.75,152
2024-05-07 13:02:00,1617.75,1618.25,1617.35,1618.25,311
2024-05-07 13:03:00,1617.55,1619.5,1617.4,1618.1,2736
2024-05-07 13:04:00,1618.0,1618.55,1617.4,1617.65,1234
2024-05-07 13:05:00,1617.65,1618.65,1617.45,1618.45,852
2024-05-07 13:06:00,1618.35,1619.0,1617.75,1618.5,695
2024-05-07 13:07:00,1618.4,1618.75,1615.65,1616.9,3431
2024-05-07 13:08:00,1616.9,1618.25,1616.9,1617.15,1083
2024-05-07 13:09:00,1617.45,1618.4,1617.35,1618.3,1908
2024-05-07 13:10:00,1618.3,1619.0,1618.0,1618.95,1149
2024-05-07 13:11:00,1618.85,1619.65,1618.0,1618.0,2112
2024-05-07 13:12:00,1618.0,1619.15,1618.0,1619.0,1626
2024-05-07 13:13:00,1619.0,1619.35,1618.0,1619.35,1614
2024-05-07 13:14:00,1619.35,1619.35,1616.1,1616.5,1966
2024-05-07 13:15:00,1616.8,1617.8,1616.0,1617.35,1525
2024-05-07 13:16:00,1617.35,1617.8,1616.1,1616.65,973
2024-05-07 13:17:00,1617.1,1617.5,1616.3,1617.5,460
2024-05-07 13:18:00,1617.5,1618.95,1617.5,1618.6,2383
2024-05-07 13:19:00,1619.0,1620.15,1618.9,1619.55,5650
2024-05-07 13:20:00,1619.55,1620.9,1618.75,1620.35,3078
2024-05-07 13:21:00,1620.35,1621.0,1620.35,1620.95,655
2024-05-07 13:22:00,1621.0,1621.05,1620.0,1620.0,1641
2024-05-07 13:23:00,1619.0,1619.95,1618.95,1619.9,1269
2024-05-07 13:24:00,1619.9,1620.8,1619.75,1620.8,1871
2024-05-07 13:25:00,1620.8,1621.0,1620.15,1621.0,1609
2024-05-07 13:26:00,1621.0,1621.0,1620.0,1620.35,708
2024-05-07 13:27:00,1620.7,1621.0,1620.4,1620.85,421
2024-05-07 13:28:00,1620.9,1621.0,1620.45,1620.85,514
2024-05-07 13:29:00,1620.85,1620.9,1620.3,1620.7,676
2024-05-07 13:30:00,1620.55,1622.0,1620.55,1621.95,1378
2024-05-07 13:31:00,1621.95,1622.0,1621.0,1621.05,2616
2024-05-07 13:32:00,1621.05,1622.0,1621.0,1621.85,1550
2024-05-07 13:33:00,1621.85,1621.95,1618.85,1619.0,1529
2024-05-07 13:34:00,1619.0,1620.75,1619.0,1619.9,681
2024-05-07 13:35:00,1619.3,1620.65,1619.05,1619.75,1970
2024-05-07 13:36:00,1619.75,1620.3,1619.1,1619.3,1118
2024-05-07 13:37:00,1619.25,1619.65,1618.2,1618.7,390
2024-05-07 13:38:00,1618.2,1619.0,1618.0,1618.55,491
2024-05-07 13:39:00,1618.55,1618.85,1616.3,1616.35,1344
2024-05-07 13:40:00,1616.75,1617.55,1615.0,1615.05,4130
2024-05-07 13:41:00,1615.0,1616.0,1615.0,1615.45,679
2024-05-07 13:42:00,1615.35,1615.9,1614.2,1614.6,3064
2024-05-07 13:43:00,1614.6,1615.0,1613.3,1613.9,1461
2024-05-07 13:44:00,1613.9,1615.0,1613.9,1614.9,272
2024-05-07 13:45:00,1614.95,1614.95,1612.55,1613.85,2294
2024-05-07 13:46:00,1613.9,1614.2,1613.0,1613.35,1593
2024-05-07 13:47:00,1614.0,1614.0,1612.15,1612.5,884
2024-05-07 13:48:00,1612.5,1612.5,1611.05,1611.8,4379
2024-05-07 13:49:00,1611.8,1613.25,1611.8,1613.05,834
2024-05-07 13:50:00,1613.25,1613.45,1612.3,1612.9,768
2024-05-07 13:51:00,1612.9,1613.55,1612.0,1613.0,2695
2024-05-07 13:52:00,1613.3,1614.0,1613.0,1613.55,731
2024-05-07 13:53:00,1613.1,1613.55,1613.05,1613.35,177
2024-05-07 13:54:00,1613.3,1614.05,1613.3,1613.8,683
2024-05-07 13:55:00,1613.8,1614.75,1613.6,1613.8,887
2024-05-07 13:56:00,1613.8,1614.6,1613.7,1614.05,421
2024-05-07 13:57:00,1614.1,1614.4,1613.8,1614.4,474
2024-05-07 13:58:00,1614.4,1615.55,1614.4,1615.0,492
2024-05-07 13:59:00,1615.0,1615.05,1613.95,1614.1,2077
2024-05-07 14:00:00,1614.1,1614.45,1613.0,1614.15,1362
2024-05-07 14:01:00,1613.75,1614.5,1613.7,1614.2,188
2024-05-07 14:02:00,1614.2,1614.8,1613.65,1613.65,665
2024-05-07 14:03:00,1613.65,1614.25,1613.65,1613.95,349
2024-05-07 14:04:00,1613.65,1614.3,1613.2,1613.4,932
2024-05-07 14:05:00,1613.2,1614.0,1613.0,1613.0,1040
2024-05-07 14:06:00,1613.2,1613.65,1611.8,1612.05,2272
2024-05-07 14:07:00,1612.45,1612.55,1611.8,1612.55,2523
2024-05-07 14:08:00,1612.1,1613.35,1612.0,1612.75,967
2024-05-07 14:09:00,1612.75,1613.2,1612.0,1612.8,691
2024-05-07 14:10:00,1613.05,1613.2,1612.5,1612.5,573
2024-05-07 14:11:00,1612.5,1612.9,1612.0,1612.25,4290
2024-05-07 14:12:00,1612.25,1612.4,1611.6,1611.8,680
2024-05-07 14:13:00,1611.8,1611.8,1610.5,1610.65,3381
2024-05-07 14:14:00,1611.05,1611.9,1610.65,1611.5,603
2024-05-07 14:15:00,1611.35,1612.5,1611.0,1612.35,2997
2024-05-07 14:16:00,1612.35,1613.8,1611.0,1611.0,24099
2024-05-07 14:17:00,1611.05,1611.65,1611.0,1611.35,3014
2024-05-07 14:18:00,1611.35,1612.0,1611.0,1611.6,884
2024-05-07 14:19:00,1611.6,1612.3,1611.1,1611.8,1064
2024-05-07 14:20:00,1611.1,1612.15,1611.1,1611.55,420
2024-05-07 14:21:00,1612.15,1612.15,1611.0,1611.0,901
2024-05-07 14:22:00,1611.35,1611.35,1611.0,1611.0,253
2024-05-07 14:23:00,1611.0,1611.35,1608.0,1608.0,6799
2024-05-07 14:24:00,1608.0,1608.4,1605.05,1605.75,4153
2024-05-07 14:25:00,1605.6,1606.5,1605.0,1606.1,2497
2024-05-07 14:26:00,1605.5,1605.95,1605.1,1605.35,787
2024-05-07 14:27:00,1605.35,1606.6,1605.2,1606.6,708
2024-05-07 14:28:00,1606.85,1606.95,1606.0,1606.95,1412
2024-05-07 14:29:00,1606.85,1607.9,1606.55,1607.35,1732
2024-05-07 14:30:00,1607.35,1608.0,1606.65,1608.0,1460
2024-05-07 14:31:00,1608.0,1608.7,1607.8,1608.7,738
2024-05-07 14:32:00,1608.7,1608.75,1608.05,1608.65,912
2024-05-07 14:33:00,1608.65,1609.0,1607.65,1609.0,2458
2024-05-07 14:34:00,1609.25,1610.8,1609.25,1610.35,1204
2024-05-07 14:35:00,1610.35,1610.35,1608.8,1609.2,467
2024-05-07 14:36:00,1609.0,1610.45,1609.0,1610.45,1466
2024-05-07 14:37:00,1610.45,1612.0,1610.4,1611.75,1283
2024-05-07 14:38:00,1611.75,1612.5,1611.05,1611.7,2785
2024-05-07 14:39:00,1611.8,1613.95,1611.0,1613.4,3120
2024-05-07 14:40:00,1613.4,1614.45,1612.4,1612.4,2799
2024-05-07 14:41:00,1612.3,1613.5,1611.55,1612.5,1148
2024-05-07 14:42:00,1612.45,1613.25,1612.1,1612.55,871
2024-05-07 14:43:00,1612.55,1613.05,1611.7,1612.0,1901
2024-05-07 14:44:00,1611.85,1612.9,1611.1,1612.35,539
2024-05-07 14:45:00,1611.9,1613.0,1611.9,1612.8,491
2024-05-07 14:46:00,1612.8,1613.0,1611.6,1612.65,447
2024-05-07 14:47:00,1612.65,1612.75,1611.65,1612.2,1534
2024-05-07 14:48:00,1612.2,1612.9,1611.4,1612.9,1202
2024-05-07 14:49:00,1612.65,1613.65,1612.0,1612.25,2614
2024-05-07 14:50:00,1612.0,1612.7,1611.2,1611.95,1268
2024-05-07 14:51:00,1611.95,1612.55,1611.05,1612.1,656
2024-05-07 14:52:00,1612.1,1612.35,1611.15,1611.4,236
2024-05-07 14:53:00,1611.4,1611.9,1610.4,1611.25,3293
2024-05-07 14:54:00,1611.25,1612.0,1610.8,1611.6,500
2024-05-07 14:55:00,1611.6,1611.8,1610.0,1610.35,4834
2024-05-07 14:56:00,1610.35,1612.35,1610.15,1611.4,2824
2024-05-07 14:57:00,1611.7,1612.1,1611.2,1611.35,1506
2024-05-07 14:58:00,1611.35,1611.9,1611.2,1611.25,993
2024-05-07 14:59:00,1611.25,1612.0,1611.2,1611.5,759
2024-05-07 15:00:00,1611.5,1612.4,1610.0,1610.3,7462
2024-05-07 15:01:00,1610.2,1611.15,1610.0,1610.1,4676
2024-05-07 15:02:00,1610.1,1610.7,1609.4,1610.05,4419
2024-05-07 15:03:00,1610.35,1610.95,1609.35,1610.0,6428
2024-05-07 15:04:00,1610.1,1610.85,1609.3,1610.55,4866
2024-05-07 15:05:00,1611.45,1615.45,1610.8,1611.9,11458
2024-05-07 15:06:00,1611.75,1612.2,1610.9,1611.35,4487
2024-05-07 15:07:00,1611.25,1613.7,1610.6,1612.15,10783
2024-05-07 15:08:00,1612.0,1612.6,1610.5,1611.4,15329
2024-05-07 15:09:00,1611.5,1616.25,1611.3,1616.25,12884
2024-05-07 15:10:00,1616.05,1618.0,1615.15,1617.8,14523
2024-05-07 15:11:00,1617.85,1618.35,1616.35,1617.8,8608
2024-05-07 15:12:00,1616.5,1619.45,1616.5,1618.05,8866
2024-05-07 15:13:00,1618.0,1619.1,1616.85,1617.55,10816
2024-05-07 15:14:00,1617.45,1619.65,1617.2,1618.55,8171
2024-05-07 15:15:00,1618.7,1619.25,1617.1,1618.1,9828
2024-05-07 15:16:00,1618.15,1618.85,1616.7,1617.6,10735
2024-05-07 15:17:00,1618.65,1619.0,1616.35,1618.4,12229
2024-05-07 15:18:00,1618.0,1619.0,1616.5,1618.55,11114
2024-05-07 15:19:00,1618.65,1619.0,1615.9,1618.8,10775
2024-05-07 15:20:00,1618.1,1618.9,1616.0,1616.95,7487
2024-05-07 15:21:00,1616.3,1616.9,1614.4,1616.3,10488
2024-05-07 15:22:00,1616.3,1616.65,1614.75,1616.3,7914
2024-05-07 15:23:00,1616.3,1616.55,1614.05,1616.15,5861
2024-05-07 15:24:00,1615.9,1617.3,1613.25,1613.9,9539
2024-05-07 15:25:00,1613.05,1614.9,1611.6,1613.2,7413
2024-05-07 15:26:00,1613.2,1614.55,1612.1,1613.45,6573
2024-05-07 15:27:00,1613.45,1619.0,1613.35,1617.6,11936
2024-05-07 15:28:00,1617.6,1618.8,1611.6,1611.8,7378
2024-05-07 15:29:00,1612.05,1615.1,1612.0,1612.45,2045
2024-05-08 09:15:00,1601.0,1611.6,1601.0,1602.75,14400
2024-05-08 09:16:00,1604.25,1604.25,1601.0,1601.9,8614
2024-05-08 09:17:00,1601.9,1606.3,1601.9,1603.7,5050
2024-05-08 09:18:00,1604.2,1605.85,1603.4,1605.0,2964
2024-05-08 09:19:00,1605.0,1607.75,1604.0,1607.65,2122
2024-05-08 09:20:00,1607.65,1607.65,1603.4,1606.35,4317
2024-05-08 09:21:00,1605.6,1607.0,1605.0,1606.5,2513
2024-05-08 09:22:00,1605.35,1608.35,1604.55,1608.35,3612
2024-05-08 09:23:00,1608.35,1609.9,1608.35,1609.0,3337
2024-05-08 09:24:00,1609.0,1610.9,1608.0,1608.0,5183
2024-05-08 09:25:00,1608.0,1608.0,1606.95,1608.0,5942
2024-05-08 09:26:00,1608.0,1610.7,1608.0,1610.7,2456
2024-05-08 09:27:00,1610.7,1612.0,1609.0,1609.0,4350
2024-05-08 09:28:00,1609.45,1609.45,1606.15,1606.9,1705
2024-05-08 09:29:00,1607.0,1607.2,1605.1,1606.95,5109
2024-05-08 09:30:00,1606.95,1608.1,1606.25,1607.45,2112
2024-05-08 09:31:00,1607.0,1609.0,1606.0,1609.0,3373
2024-05-08 09:32:00,1609.0,1609.6,1608.3,1608.9,1272
2024-05-08 09:33:00,1608.9,1610.0,1608.5,1609.55,2716
2024-05-08 09:34:00,1609.55,1609.9,1608.6,1609.0,1261
2024-05-08 09:35:00,1609.0,1609.5,1608.6,1608.9,1431
2024-05-08 09:36:00,1608.6,1609.15,1608.0,1608.55,1583
2024-05-08 09:37:00,1608.55,1609.05,1607.65,1608.1,782
2024-05-08 09:38:00,1608.1,1608.55,1607.5,1608.55,1317
2024-05-08 09:39:00,1608.5,1609.65,1608.0,1609.6,1560
2024-05-08 09:40:00,1608.95,1610.1,1608.85,1610.0,1463
2024-05-08 09:41:00,1610.1,1610.7,1609.6,1609.7,8729
2024-05-08 09:42:00,1609.7,1609.95,1609.6,1609.95,8715
2024-05-08 09:43:00,1609.95,1610.6,1609.65,1609.7,2698
2024-05-08 09:44:00,1609.7,1610.8,1609.65,1610.8,2893
2024-05-08 09:45:00,1611.0,1611.2,1610.4,1610.5,1209
2024-05-08 09:46:00,1610.3,1613.15,1610.3,1612.8,3439
2024-05-08 09:47:00,1612.25,1612.8,1612.25,1612.4,929
2024-05-08 09:48:00,1612.6,1612.6,1610.7,1611.5,1574
2024-05-08 09:49:00,1611.0,1614.05,1610.6,1613.5,4955
2024-05-08 09:50:00,1613.55,1613.85,1612.2,1612.2,1251
2024-05-08 09:51:00,1612.2,1612.7,1612.0,1612.05,767
2024-05-08 09:52:00,1612.05,1612.55,1611.95,1612.4,1498
2024-05-08 09:53:00,1612.4,1613.5,1612.0,1613.2,6838
2024-05-08 09:54:00,1613.1,1615.7,1613.1,1615.55,1885
2024-05-08 09:55:00,1615.55,1616.0,1614.7,1615.75,1788
2024-05-08 09:56:00,1616.15,1616.6,1615.1,1616.0,2166
2024-05-08 09:57:00,1616.0,1617.95,1615.95,1616.75,2330
2024-05-08 09:58:00,1616.75,1617.1,1616.1,1616.45,2363
2024-05-08 09:59:00,1616.5,1617.0,1616.0,1616.35,731
2024-05-08 10:00:00,1616.35,1617.0,1615.1,1615.3,2617
2024-05-08 10:01:00,1615.3,1615.4,1614.45,1615.15,794
2024-05-08 10:02:00,1615.15,1617.15,1614.85,1617.05,2461
2024-05-08 10:03:00,1617.05,1617.3,1616.35,1616.35,372
2024-05-08 10:04:00,1616.35,1616.9,1615.15,1616.5,2381
2024-05-08 10:05:00,1616.5,1618.0,1615.75,1617.95,1118
2024-05-08 10:06:00,1617.95,1620.0,1617.5,1619.3,3909
2024-05-08 10:07:00,1619.3,1619.4,1617.95,1618.6,1447
2024-05-08 10:08:00,1618.6,1619.0,1618.1,1619.0,896
2024-05-08 10:09:00,1619.75,1619.75,1618.55,1619.75,2854
2024-05-08 10:10:00,1619.75,1620.0,1619.05,1619.75,2955
2024-05-08 10:11:00,1619.75,1619.75,1616.75,1617.35,1855
2024-05-08 10:12:00,1616.65,1616.9,1615.8,1616.2,1553
2024-05-08 10:13:00,1616.2,1616.2,1615.15,1615.55,972
2024-05-08 10:14:00,1615.55,1615.85,1615.2,1615.75,1210
2024-05-08 10:15:00,1615.75,1615.75,1614.0,1614.0,1873
2024-05-08 10:16:00,1614.0,1614.35,1612.5,1613.05,2506
2024-05-08 10:17:00,1613.15,1613.15,1612.0,1612.5,2150
2024-05-08 10:18:00,1612.5,1612.65,1611.4,1612.25,3123
2024-05-08 10:19:00,1612.25,1614.0,1611.55,1613.25,2260
2024-05-08 10:20:00,1613.7,1614.6,1613.05,1613.7,1293
2024-05-08 10:21:00,1613.7,1613.7,1610.55,1610.55,2546
2024-05-08 10:22:00,1610.0,1612.6,1610.0,1611.85,6493
2024-05-08 10:23:00,1611.85,1613.95,1611.3,1612.5,1884
2024-05-08 10:24:00,1612.5,1612.5,1610.85,1611.75,1886
2024-05-08 10:25:00,1611.75,1611.75,1610.45,1610.9,1478
2024-05-08 10:26:00,1610.9,1612.95,1610.65,1612.95,5646
2024-05-08 10:27:00,1612.3,1613.65,1612.05,1612.95,1842
2024-05-08 10:28:00,1612.95,1613.0,1611.95,1612.75,1321
2024-05-08 10:29:00,1612.75,1616.5,1612.05,1615.9,10272
2024-05-08 10:30:00,1615.9,1616.2,1615.15,1615.15,870
2024-05-08 10:31:00,1615.75,1616.5,1614.3,1614.6,2806
2024-05-08 10:32:00,1614.6,1614.85,1611.65,1612.4,4654
2024-05-08 10:33:00,1612.4,1612.4,1611.5,1611.75,313
2024-05-08 10:34:00,1612.3,1612.3,1611.5,1612.3,678
2024-05-08 10:35:00,1612.3,1612.3,1611.35,1611.8,502
2024-05-08 10:36:00,1611.8,1611.8,1611.2,1611.35,492
2024-05-08 10:37:00,1611.35,1611.8,1610.45,1610.6,878
2024-05-08 10:38:00,1610.6,1613.2,1610.6,1612.2,3540
2024-05-08 10:39:00,1612.2,1612.8,1611.15,1611.65,501
2024-05-08 10:40:00,1611.65,1613.0,1611.55,1612.75,644
2024-05-08 10:41:00,1612.75,1613.25,1611.25,1612.65,3290
2024-05-08 10:42:00,1612.65,1613.0,1611.9,1612.05,316
2024-05-08 10:43:00,1612.05,1612.05,1610.45,1611.0,893
2024-05-08 10:44:00,1610.45,1611.0,1610.45,1610.45,463
2024-05-08 10:45:00,1610.5,1610.5,1609.8,1610.15,1161
2024-05-08 10:46:00,1610.0,1610.0,1609.0,1610.0,3374
2024-05-08 10:47:00,1610.0,1610.0,1609.25,1610.0,576
2024-05-08 10:48:00,1610.0,1611.0,1609.2,1610.45,2935
2024-05-08 10:49:00,1610.45,1610.45,1609.05,1609.1,484
2024-05-08 10:50:00,1609.05,1609.1,1608.0,1608.05,1113
2024-05-08 10:51:00,1608.05,1608.65,1607.65,1607.95,2133
2024-05-08 10:52:00,1608.35,1609.0,1608.0,1608.6,484
2024-05-08 10:53:00,1608.6,1608.6,1607.15,1607.15,970
2024-05-08 10:54:00,1607.15,1608.7,1607.0,1608.0,1549
2024-05-08 10:55:00,1608.0,1608.7,1607.25,1608.35,948
2024-05-08 10:56:00,1608.35,1609.0,1607.75,1608.55,1801
2024-05-08 10:57:00,1608.55,1609.5,1608.25,1608.25,909
2024-05-08 10:58:00,1608.7,1610.05,1608.35,1609.05,996
2024-05-08 10:59:00,1609.05,1609.65,1608.3,1608.75,1069
2024-05-08 11:00:00,1608.75,1609.2,1608.15,1609.1,1318
2024-05-08 11:01:00,1609.1,1609.1,1607.05,1607.05,2491
2024-05-08 11:02:00,1607.05,1607.75,1607.0,1607.6,715
2024-05-08 11:03:00,1607.6,1608.0,1607.0,1607.35,907
2024-05-08 11:04:00,1608.0,1608.8,1607.4,1608.55,1845
2024-05-08 11:05:00,1609.1,1609.1,1607.8,1608.6,1889
2024-05-08 11:06:00,1608.6,1608.6,1607.8,1608.5,210
2024-05-08 11:07:00,1608.5,1608.5,1607.4,1608.0,408
2024-05-08 11:08:00,1608.0,1608.0,1607.3,1607.85,455
2024-05-08 11:09:00,1607.3,1607.85,1607.3,1607.8,484
2024-05-08 11:10:00,1607.8,1607.8,1605.65,1605.65,2553
2024-05-08 11:11:00,1606.2,1606.2,1605.5,1605.6,436
2024-05-08 11:12:00,1605.6,1606.95,1605.5,1606.7,6187
2024-05-08 11:13:00,1606.7,1606.85,1605.35,1606.2,1141
2024-05-08 11:14:00,1606.2,1607.2,1605.8,1607.2,361
2024-05-08 11:15:00,1607.4,1607.6,1606.3,1607.05,527
2024-05-08 11:16:00,1607.05,1608.5,1606.65,1608.0,619
2024-05-08 11:17:00,1608.0,1610.0,1608.0,1610.0,2363
2024-05-08 11:18:00,1610.0,1611.45,1609.25,1611.0,2670
2024-05-08 11:19:00,1610.65,1614.7,1610.65,1614.7,1765
2024-05-08 11:20:00,1613.65,1615.75,1613.65,1615.35,8501
2024-05-08 11:21:00,1614.9,1615.65,1614.35,1615.6,1666
2024-05-08 11:22:00,1615.6,1615.75,1614.0,1614.15,829
2024-05-08 11:23:00,1614.15,1614.8,1613.7,1614.6,1009
2024-05-08 11:24:00,1614.6,1615.7,1613.85,1615.15,2064
2024-05-08 11:25:00,1615.0,1615.75,1614.55,1615.35,9567
2024-05-08 11:26:00,1615.05,1615.65,1614.9,1615.25,1107
2024-05-08 11:27:00,1615.25,1616.0,1615.05,1615.8,2142
2024-05-08 11:28:00,1615.8,1615.8,1615.0,1615.0,443
2024-05-08 11:29:00,1615.0,1615.5,1615.0,1615.5,1197
2024-05-08 11:30:00,1615.5,1615.5,1615.0,1615.05,596
2024-05-08 11:31:00,1615.05,1616.0,1614.9,1616.0,7392
2024-05-08 11:32:00,1616.0,1616.45,1615.35,1616.2,1474
2024-05-08 11:33:00,1616.2,1616.5,1615.2,1615.5,1230
2024-05-08 11:34:00,1616.1,1616.15,1615.0,1615.85,833
2024-05-08 11:35:00,1615.2,1616.0,1615.0,1615.05,1062
2024-05-08 11:36:00,1615.05,1615.8,1615.0,1615.75,963
2024-05-08 11:37:00,1615.75,1616.0,1615.25,1615.8,795
2024-05-08 11:38:00,1615.9,1615.9,1615.35,1615.9,721
2024-05-08 11:39:00,1615.9,1615.9,1615.2,1615.9,896
2024-05-08 11:40:00,1615.9,1615.9,1615.0,1615.5,1556
2024-05-08 11:41:00,1615.0,1615.5,1615.0,1615.25,1992
2024-05-08 11:42:00,1615.25,1615.25,1615.0,1615.05,4246
2024-05-08 11:43:00,1615.05,1615.05,1615.0,1615.05,473
2024-05-08 11:44:00,1615.05,1615.05,1615.0,1615.0,462
2024-05-08 11:45:00,1615.0,1615.05,1615.0,1615.05,695
2024-05-08 11:46:00,1615.05,1615.05,1614.2,1614.65,900
2024-05-08 11:47:00,1614.65,1616.0,1613.75,1616.0,3927
2024-05-08 11:48:00,1616.0,1618.0,1616.0,1617.05,3081
2024-05-08 11:49:00,1617.05,1618.0,1616.75,1618.0,1468
2024-05-08 11:50:00,1618.0,1618.95,1617.85,1618.55,1859
2024-05-08 11:51:00,1618.0,1618.45,1616.9,1617.1,1425
2024-05-08 11:52:00,1617.1,1617.1,1616.15,1616.25,239
2024-05-08 11:53:00,1616.25,1616.85,1615.15,1615.15,1982
2024-05-08 11:54:00,1615.15,1615.55,1614.55,1615.0,1054
2024-05-08 11:55:00,1615.0,1615.4,1614.55,1615.15,346
2024-05-08 11:56:00,1615.15,1615.6,1614.2,1615.6,3579
2024-05-08 11:57:00,1615.6,1615.85,1615.15,1615.7,237
2024-05-08 11:58:00,1615.7,1616.95,1614.85,1616.85,564
2024-05-08 11:59:00,1616.85,1617.0,1616.0,1616.85,555
2024-05-08 12:00:00,1616.15,1617.0,1615.75,1616.9,617
2024-05-08 12:01:00,1616.9,1617.05,1616.05,1616.6,1306
2024-05-08 12:02:00,1616.6,1616.6,1615.25,1615.8,253
2024-05-08 12:03:00,1615.8,1616.45,1615.2,1615.9,872
2024-05-08 12:04:00,1615.9,1615.9,1615.15,1615.8,778
2024-05-08 12:05:00,1615.8,1617.35,1615.8,1616.85,812
2024-05-08 12:06:00,1616.85,1616.85,1616.2,1616.65,164
2024-05-08 12:07:00,1616.65,1617.3,1615.8,1617.3,2815
2024-05-08 12:08:00,1617.3,1618.0,1616.45,1618.0,526
2024-05-08 12:09:00,1618.5,1618.7,1616.9,1618.0,1618
2024-05-08 12:10:00,1618.0,1618.45,1617.05,1617.45,1265
2024-05-08 12:11:00,1617.45,1617.45,1617.05,1617.3,335
2024-05-08 12:12:00,1617.3,1619.0,1616.7,1619.0,2202
2024-05-08 12:13:00,1618.4,1618.95,1618.0,1618.7,1124
2024-05-08 12:14:00,1618.7,1618.95,1618.65,1618.65,1136
2024-05-08 12:15:00,1618.65,1618.65,1616.95,1617.6,385
2024-05-08 12:16:00,1617.6,1617.6,1615.75,1616.5,703
2024-05-08 12:17:00,1615.9,1616.5,1615.15,1615.75,1204
2024-05-08 12:18:00,1615.75,1615.75,1614.35,1614.8,2130
2024-05-08 12:19:00,1614.75,1617.05,1614.1,1616.5,1470
2024-05-08 12:20:00,1616.5,1617.0,1615.05,1616.6,5665
2024-05-08 12:21:00,1616.6,1618.4,1616.05,1616.05,6069
2024-05-08 12:22:00,1616.05,1617.15,1615.5,1616.15,1713
2024-05-08 12:23:00,1616.15,1616.15,1613.7,1613.7,2610
2024-05-08 12:24:00,1614.2,1614.9,1613.55,1614.25,2382
2024-05-08 12:25:00,1614.25,1614.35,1613.5,1613.75,642
2024-05-08 12:26:00,1613.85,1615.0,1613.65,1614.1,909
2024-05-08 12:27:00,1614.1,1614.1,1613.5,1613.8,562
2024-05-08 12:28:00,1613.8,1614.5,1613.05,1614.1,1720
2024-05-08 12:29:00,1614.1,1615.55,1613.9,1614.95,437
2024-05-08 12:30:00,1615.0,1615.0,1614.05,1614.7,1060
2024-05-08 12:31:00,1614.75,1614.75,1613.85,1613.85,424
2024-05-08 12:32:00,1614.35,1615.2,1613.85,1614.7,1498
2024-05-08 12:33:00,1614.7,1615.05,1613.0,1613.5,2042
2024-05-08 12:34:00,1613.0,1613.5,1612.0,1612.0,1447
2024-05-08 12:35:00,1612.05,1614.0,1612.0,1613.05,1824
2024-05-08 12:36:00,1612.95,1613.3,1612.25,1613.25,673
2024-05-08 12:37:00,1613.25,1613.4,1612.2,1613.0,1151
2024-05-08 12:38:00,1613.0,1613.0,1611.4,1611.85,830
2024-05-08 12:39:00,1611.85,1611.85,1611.05,1611.6,928
2024-05-08 12:40:00,1611.6,1611.9,1611.3,1611.6,475
2024-05-08 12:41:00,1611.6,1611.6,1611.0,1611.15,366
2024-05-08 12:42:00,1611.55,1611.55,1611.0,1611.5,371
2024-05-08 12:43:00,1611.1,1614.0,1611.0,1614.0,5824
2024-05-08 12:44:00,1614.0,1614.05,1611.75,1612.4,1482
2024-05-08 12:45:00,1612.4,1614.0,1612.05,1613.55,613
2024-05-08 12:46:00,1613.95,1614.3,1613.5,1614.2,396
2024-05-08 12:47:00,1614.2,1614.3,1613.4,1614.3,1339
2024-05-08 12:48:00,1614.3,1615.45,1614.3,1615.0,1755
2024-05-08 12:49:00,1615.0,1615.6,1614.6,1615.25,313
2024-05-08 12:50:00,1615.25,1615.6,1614.45,1615.0,1000
2024-05-08 12:51:00,1614.5,1615.0,1614.05,1614.6,919
2024-05-08 12:52:00,1614.55,1614.6,1613.35,1613.8,518
2024-05-08 12:53:00,1613.8,1614.05,1613.0,1613.1,527
2024-05-08 12:54:00,1613.0,1613.1,1612.2,1612.75,475
2024-05-08 12:55:00,1612.8,1612.9,1612.2,1612.9,1013
2024-05-08 12:56:00,1612.9,1614.3,1612.5,1613.6,1020
2024-05-08 12:57:00,1613.6,1614.2,1613.0,1613.6,611
2024-05-08 12:58:00,1613.55,1614.3,1613.0,1613.1,465
2024-05-08 12:59:00,1613.1,1613.5,1613.0,1613.5,768
2024-05-08 13:00:00,1613.5,1614.6,1613.05,1613.85,761
2024-05-08 13:01:00,1613.85,1614.4,1613.5,1613.95,426
2024-05-08 13:02:00,1613.95,1613.95,1613.0,1613.0,1570
2024-05-08 13:03:00,1613.0,1613.3,1612.1,1612.1,418
2024-05-08 13:04:00,1612.1,1612.75,1611.4,1611.55,1213
2024-05-08 13:05:00,1611.55,1612.65,1611.1,1612.4,433
2024-05-08 13:06:00,1612.5,1612.55,1611.55,1611.7,437
2024-05-08 13:07:00,1611.7,1612.45,1611.3,1611.85,1191
2024-05-08 13:08:00,1612.2,1613.1,1611.9,1613.1,594
2024-05-08 13:09:00,1613.1,1613.9,1612.05,1613.6,1797
2024-05-08 13:10:00,1613.35,1613.75,1613.0,1613.3,331
2024-05-08 13:11:00,1613.2,1613.2,1611.8,1611.85,1903
2024-05-08 13:12:00,1611.85,1611.95,1610.65,1611.65,3012
2024-05-08 13:13:00,1611.65,1611.65,1610.1,1610.45,607
2024-05-08 13:14:00,1610.45,1610.85,1610.1,1610.25,2385
2024-05-08 13:15:00,1610.25,1612.6,1610.1,1612.25,3346
2024-05-08 13:16:00,1612.25,1613.25,1611.55,1611.65,2124
2024-05-08 13:17:00,1611.65,1612.65,1611.55,1612.45,1198
2024-05-08 13:18:00,1612.3,1612.65,1611.75,1612.35,266
2024-05-08 13:19:00,1612.35,1612.35,1611.7,1612.0,397
2024-05-08 13:20:00,1612.0,1612.0,1611.7,1611.9,261
2024-05-08 13:21:00,1611.75,1611.9,1611.0,1611.0,422
2024-05-08 13:22:00,1611.0,1611.0,1610.0,1610.15,1938
2024-05-08 13:23:00,1610.15,1611.0,1609.7,1611.0,933
2024-05-08 13:24:00,1611.0,1612.25,1610.0,1612.2,1795
2024-05-08 13:25:00,1612.2,1612.25,1610.55,1611.05,704
2024-05-08 13:26:00,1610.75,1611.9,1610.5,1611.5,628
2024-05-08 13:27:00,1611.5,1611.5,1610.6,1611.1,1238
2024-05-08 13:28:00,1610.8,1611.8,1610.7,1611.65,601
2024-05-08 13:29:00,1611.65,1611.65,1610.95,1611.0,490
2024-05-08 13:30:00,1610.75,1612.0,1610.75,1611.2,1614
2024-05-08 13:31:00,1611.3,1611.35,1610.75,1610.85,344
2024-05-08 13:32:00,1610.85,1610.85,1610.5,1610.65,406
2024-05-08 13:33:00,1610.65,1610.65,1610.5,1610.5,558
2024-05-08 13:34:00,1610.5,1611.95,1610.5,1611.1,2769
2024-05-08 13:35:00,1610.65,1611.55,1610.1,1610.6,386
2024-05-08 13:36:00,1610.6,1611.1,1607.25,1609.25,6617
2024-05-08 13:37:00,1609.35,1611.4,1608.05,1610.75,3221
2024-05-08 13:38:00,1610.75,1611.05,1608.95,1609.45,2445
2024-05-08 13:39:00,1609.45,1609.75,1608.35,1608.35,775
2024-05-08 13:40:00,1608.4,1611.3,1608.4,1610.9,1193
2024-05-08 13:41:00,1610.85,1610.85,1609.0,1609.4,348
2024-05-08 13:42:00,1609.05,1609.45,1607.75,1608.85,1374
2024-05-08 13:43:00,1608.85,1608.85,1608.0,1608.35,409
2024-05-08 13:44:00,1608.25,1608.35,1608.0,1608.0,502
2024-05-08 13:45:00,1608.0,1608.05,1607.55,1607.9,1240
2024-05-08 13:46:00,1607.9,1608.5,1607.5,1608.35,1560
2024-05-08 13:47:00,1608.35,1609.2,1607.5,1608.4,743
2024-05-08 13:48:00,1608.2,1608.35,1607.0,1607.0,814
2024-05-08 13:49:00,1607.0,1607.3,1605.65,1606.85,3693
2024-05-08 13:50:00,1606.3,1606.35,1605.0,1606.0,5205
2024-05-08 13:51:00,1606.0,1607.25,1605.1,1606.4,1679
2024-05-08 13:52:00,1606.1,1606.85,1605.85,1605.85,908
2024-05-08 13:53:00,1605.85,1606.3,1605.0,1606.25,707
2024-05-08 13:54:00,1606.25,1606.3,1605.6,1606.05,1251
2024-05-08 13:55:00,1606.05,1607.2,1606.0,1606.15,659
2024-05-08 13:56:00,1606.15,1607.9,1606.0,1607.75,2120
2024-05-08 13:57:00,1607.8,1607.8,1606.0,1606.3,1001
2024-05-08 13:58:00,1606.3,1607.0,1605.75,1605.8,1044
2024-05-08 13:59:00,1605.8,1605.8,1605.1,1605.5,1393
2024-05-08 14:00:00,1605.5,1607.0,1605.0,1606.65,1689
2024-05-08 14:01:00,1606.65,1606.7,1605.6,1606.6,996
2024-05-08 14:02:00,1606.6,1607.0,1605.05,1606.25,1546
2024-05-08 14:03:00,1606.15,1607.0,1605.95,1606.85,1130
2024-05-08 14:04:00,1606.85,1608.7,1606.3,1607.3,1722
2024-05-08 14:05:00,1607.3,1607.6,1606.0,1606.0,1047
2024-05-08 14:06:00,1606.2,1607.05,1605.55,1606.05,2780
2024-05-08 14:07:00,1606.0,1606.4,1605.65,1605.95,810
2024-05-08 14:08:00,1605.95,1605.95,1604.55,1604.55,1494
2024-05-08 14:09:00,1604.25,1604.85,1603.8,1604.6,1498
2024-05-08 14:10:00,1604.6,1605.0,1602.55,1603.55,2737
2024-05-08 14:11:00,1603.55,1603.55,1602.95,1602.95,925
2024-05-08 14:12:00,1602.95,1603.5,1602.55,1602.95,1434
2024-05-08 14:13:00,1602.95,1603.95,1602.7,1603.0,1375
2024-05-08 14:14:00,1602.9,1603.5,1602.0,1602.5,2287
2024-05-08 14:15:00,1602.5,1602.75,1602.0,1602.15,1467
2024-05-08 14:16:00,1602.15,1602.15,1601.15,1601.25,1399
2024-05-08 14:17:00,1601.25,1602.0,1601.15,1601.2,1261
2024-05-08 14:18:00,1601.2,1601.3,1599.1,1600.05,8723
2024-05-08 14:19:00,1600.0,1602.0,1600.0,1600.7,6271
2024-05-08 14:20:00,1600.7,1601.5,1599.4,1600.2,4390
2024-05-08 14:21:00,1600.2,1600.2,1598.75,1599.95,4452
2024-05-08 14:22:00,1599.5,1600.9,1599.25,1600.3,2175
2024-05-08 14:23:00,1600.9,1601.25,1599.95,1599.95,4323
2024-05-08 14:24:00,1599.95,1600.0,1599.05,1599.75,1348
2024-05-08 14:25:00,1599.75,1599.85,1599.05,1599.2,1320
2024-05-08 14:26:00,1599.2,1600.0,1599.1,1599.65,6857
2024-05-08 14:27:00,1599.75,1600.0,1599.5,1599.95,7731
2024-05-08 14:28:00,1599.95,1602.25,1599.95,1600.55,4734
2024-05-08 14:29:00,1600.45,1601.65,1600.45,1601.1,1929
2024-05-08 14:30:00,1601.1,1601.55,1600.0,1600.05,1175
2024-05-08 14:31:00,1600.0,1601.9,1600.0,1601.55,1440
2024-05-08 14:32:00,1601.55,1602.6,1601.15,1601.85,1517
2024-05-08 14:33:00,1601.85,1602.9,1601.7,1601.7,2489
2024-05-08 14:34:00,1601.7,1602.8,1600.5,1602.0,2836
2024-05-08 14:35:00,1602.0,1602.45,1601.45,1601.85,1485
2024-05-08 14:36:00,1601.85,1602.8,1601.25,1602.0,2729
2024-05-08 14:37:00,1602.0,1602.6,1601.2,1601.3,778
2024-05-08 14:38:00,1601.0,1601.3,1600.5,1600.65,1203
2024-05-08 14:39:00,1600.4,1600.4,1599.0,1599.0,2533
2024-05-08 14:40:00,1599.05,1600.65,1599.05,1599.1,1745
2024-05-08 14:41:00,1599.1,1601.2,1599.1,1599.55,2624
2024-05-08 14:42:00,1599.55,1601.6,1599.15,1600.3,2087
2024-05-08 14:43:00,1600.3,1601.15,1599.7,1600.0,2016
2024-05-08 14:44:00,1600.0,1601.95,1600.0,1600.95,2555
2024-05-08 14:45:00,1600.95,1600.95,1600.3,1600.65,1025
2024-05-08 14:46:00,1601.25,1601.8,1600.6,1600.65,2344
2024-05-08 14:47:00,1600.65,1600.65,1599.35,1599.45,1286
2024-05-08 14:48:00,1599.95,1601.5,1599.55,1601.0,2509
2024-05-08 14:49:00,1600.85,1603.35,1600.85,1602.75,3995
2024-05-08 14:50:00,1602.75,1602.75,1601.35,1601.7,1235
2024-05-08 14:51:00,1601.35,1602.95,1601.35,1602.3,2532
2024-05-08 14:52:00,1602.65,1602.75,1601.35,1602.3,1881
2024-05-08 14:53:00,1602.35,1602.65,1601.25,1601.5,1477
2024-05-08 14:54:00,1601.5,1602.1,1601.0,1601.35,876
2024-05-08 14:55:00,1601.25,1601.7,1600.6,1600.8,1253
2024-05-08 14:56:00,1600.8,1600.8,1600.6,1600.8,764
2024-05-08 14:57:00,1600.75,1602.4,1600.6,1601.15,2889
2024-05-08 14:58:00,1601.15,1602.05,1600.15,1600.2,1285
2024-05-08 14:59:00,1600.2,1601.95,1600.2,1601.7,2757
2024-05-08 15:00:00,1601.2,1603.25,1601.2,1603.05,4572
2024-05-08 15:01:00,1603.25,1607.3,1603.25,1606.85,9256
2024-05-08 15:02:00,1606.55,1606.6,1603.4,1603.7,5879
2024-05-08 15:03:00,1603.7,1604.5,1603.6,1604.25,2762
2024-05-08 15:04:00,1603.9,1605.1,1603.7,1603.7,3280
2024-05-08 15:05:00,1602.9,1602.9,1601.45,1601.7,4793
2024-05-08 15:06:00,1601.7,1602.9,1601.55,1602.0,8375
2024-05-08 15:07:00,1601.95,1603.9,1601.8,1603.4,3441
2024-05-08 15:08:00,1603.25,1603.4,1601.75,1602.15,3630
2024-05-08 15:09:00,1602.2,1603.0,1602.1,1602.2,1937
2024-05-08 15:10:00,1602.2,1602.2,1601.05,1601.4,4994
2024-05-08 15:11:00,1601.4,1603.9,1601.35,1603.05,3024
2024-05-08 15:12:00,1603.05,1604.0,1603.0,1603.6,2596
2024-05-08 15:13:00,1603.6,1603.6,1603.2,1603.2,3839
2024-05-08 15:14:00,1603.15,1603.2,1601.75,1601.75,3649
2024-05-08 15:15:00,1601.9,1603.5,1601.75,1603.5,4674
2024-05-08 15:16:00,1603.5,1603.5,1602.75,1602.75,3569
2024-05-08 15:17:00,1602.75,1602.75,1602.45,1602.45,2985
2024-05-08 15:18:00,1602.45,1603.0,1602.2,1602.85,5593
2024-05-08 15:19:00,1602.8,1603.45,1602.45,1602.85,4514
2024-05-08 15:20:00,1603.35,1604.35,1602.2,1602.2,5806
2024-05-08 15:21:00,1602.35,1603.6,1601.95,1602.4,5985
2024-05-08 15:22:00,1602.5,1603.2,1602.4,1603.05,2432
2024-05-08 15:23:00,1603.05,1604.65,1603.0,1603.95,3516
2024-05-08 15:24:00,1603.95,1604.95,1603.8,1604.15,5060
2024-05-08 15:25:00,1604.25,1605.4,1602.25,1602.25,6867
2024-05-08 15:26:00,1602.25,1603.2,1602.0,1602.3,4036
2024-05-08 15:27:00,1602.95,1604.9,1602.1,1603.05,5177
2024-05-08 15:28:00,1603.05,1603.6,1599.0,1601.05,6269
2024-05-08 15:29:00,1601.0,1601.9,1600.0,1601.55,1219
2024-05-09 09:15:00,1606.7,1613.1,1605.35,1607.45,7903
2024-05-09 09:16:00,1606.45,1606.8,1603.05,1603.05,2904
2024-05-09 09:17:00,1603.05,1604.65,1600.15,1600.15,3865
2024-05-09 09:18:00,1600.9,1601.8,1599.0,1599.55,5427
2024-05-09 09:19:00,1599.55,1601.2,1599.15,1600.35,2182
2024-05-09 09:20:00,1600.35,1601.65,1598.0,1600.9,8224
2024-05-09 09:21:00,1600.6,1601.15,1599.0,1599.0,2697
2024-05-09 09:22:00,1599.0,1600.0,1598.0,1598.65,3105
2024-05-09 09:23:00,1598.65,1598.8,1596.45,1598.65,2750
2024-05-09 09:24:00,1597.75,1599.0,1597.5,1597.5,1739
2024-05-09 09:25:00,1597.5,1597.85,1595.95,1596.35,3562
2024-05-09 09:26:00,1595.6,1597.6,1592.6,1593.2,6600
2024-05-09 09:27:00,1594.4,1594.7,1592.6,1594.2,3826
2024-05-09 09:28:00,1594.8,1595.85,1593.0,1593.8,3969
2024-05-09 09:29:00,1593.5,1593.5,1590.0,1590.4,5510
2024-05-09 09:30:00,1590.4,1592.5,1589.5,1591.95,5316
2024-05-09 09:31:00,1591.95,1592.55,1590.5,1592.0,2084
2024-05-09 09:32:00,1592.0,1594.45,1592.0,1594.45,2096
2024-05-09 09:33:00,1594.1,1594.95,1593.0,1593.0,3630
2024-05-09 09:34:00,1592.9,1593.85,1592.9,1593.4,1343
2024-05-09 09:35:00,1593.0,1595.0,1593.0,1594.9,2571
2024-05-09 09:36:00,1595.05,1595.5,1594.15,1595.5,1728
2024-05-09 09:37:00,1595.5,1596.75,1594.0,1594.35,4064
2024-05-09 09:38:00,1594.35,1594.85,1593.0,1594.4,5069
2024-05-09 09:39:00,1594.4,1595.8,1593.55,1595.75,3006
2024-05-09 09:40:00,1595.15,1595.75,1593.7,1594.75,2721
2024-05-09 09:41:00,1595.0,1595.0,1593.45,1594.0,4684
2024-05-09 09:42:00,1594.05,1595.1,1593.6,1594.85,2068
2024-05-09 09:43:00,1594.2,1594.75,1593.95,1594.0,1459
2024-05-09 09:44:00,1594.0,1594.6,1593.5,1594.2,1606
2024-05-09 09:45:00,1594.0,1596.05,1594.0,1595.1,1849
2024-05-09 09:46:00,1595.15,1595.55,1594.5,1595.55,1701
2024-05-09 09:47:00,1595.55,1597.7,1594.7,1596.6,3219
2024-05-09 09:48:00,1596.8,1597.7,1596.1,1596.5,1541
2024-05-09 09:49:00,1596.5,1597.9,1596.0,1596.7,2868
2024-05-09 09:50:00,1596.7,1597.5,1595.85,1597.5,1534
2024-05-09 09:51:00,1597.5,1601.0,1597.5,1600.6,6847
2024-05-09 09:52:00,1600.45,1601.0,1597.75,1598.15,4843
2024-05-09 09:53:00,1598.15,1600.95,1598.15,1600.1,7610
2024-05-09 09:54:00,1600.1,1601.4,1597.25,1597.25,4016
2024-05-09 09:55:00,1597.25,1598.9,1597.0,1597.0,1938
2024-05-09 09:56:00,1597.0,1597.2,1595.0,1595.05,3488
2024-05-09 09:57:00,1595.05,1595.9,1594.8,1595.2,2768
2024-05-09 09:58:00,1595.2,1595.95,1594.05,1595.0,7760
2024-05-09 09:59:00,1595.05,1595.95,1594.6,1595.0,1498
2024-05-09 10:00:00,1595.0,1595.5,1595.0,1595.5,1720
2024-05-09 10:01:00,1595.35,1595.5,1595.0,1595.0,1212
2024-05-09 10:02:00,1595.0,1597.1,1594.65,1596.35,1810
2024-05-09 10:03:00,1596.1,1596.1,1594.7,1595.05,1582
2024-05-09 10:04:00,1595.0,1595.75,1594.5,1595.75,1635
2024-05-09 10:05:00,1595.3,1595.3,1595.0,1595.0,1356
2024-05-09 10:06:00,1595.05,1597.15,1595.0,1595.9,2773
2024-05-09 10:07:00,1595.65,1595.75,1595.0,1595.0,1141
2024-05-09 10:08:00,1595.0,1596.0,1595.0,1595.55,1222
2024-05-09 10:09:00,1595.55,1595.6,1594.7,1594.7,1241
2024-05-09 10:10:00,1595.0,1595.6,1594.65,1595.2,1217
2024-05-09 10:11:00,1594.9,1595.9,1594.9,1595.0,1400
2024-05-09 10:12:00,1595.0,1595.45,1594.35,1595.45,1836
2024-05-09 10:13:00,1594.5,1595.6,1594.0,1594.75,5200
2024-05-09 10:14:00,1595.0,1595.75,1594.45,1595.3,1774
2024-05-09 10:15:00,1595.3,1596.0,1594.3,1595.5,2687
2024-05-09 10:16:00,1595.5,1595.75,1593.55,1595.0,1831
2024-05-09 10:17:00,1595.0,1595.0,1592.4,1592.4,1205
2024-05-09 10:18:00,1592.5,1594.35,1592.3,1592.45,1363
2024-05-09 10:19:00,1593.05,1593.55,1592.0,1592.85,1451
2024-05-09 10:20:00,1592.85,1594.5,1592.25,1593.8,1298
2024-05-09 10:21:00,1594.55,1594.55,1591.0,1591.15,8639
2024-05-09 10:22:00,1591.0,1591.85,1590.0,1590.55,14154
2024-05-09 10:23:00,1590.85,1591.05,1590.0,1590.2,2085
2024-05-09 10:24:00,1590.2,1591.35,1590.2,1590.55,962
2024-05-09 10:25:00,1590.3,1591.3,1589.0,1589.75,6039
2024-05-09 10:26:00,1589.85,1592.4,1589.15,1591.1,1741
2024-05-09 10:27:00,1591.0,1591.2,1590.25,1590.25,1750
2024-05-09 10:28:00,1590.25,1590.75,1589.2,1589.3,1575
2024-05-09 10:29:00,1589.3,1590.3,1587.2,1588.65,6964
2024-05-09 10:30:00,1588.65,1591.65,1588.5,1591.65,6029
2024-05-09 10:31:00,1591.35,1592.5,1591.0,1591.7,2232
2024-05-09 10:32:00,1591.35,1593.55,1591.3,1593.25,3596
2024-05-09 10:33:00,1593.25,1593.25,1591.6,1593.05,2550
2024-05-09 10:34:00,1593.05,1593.05,1590.85,1591.7,2824
2024-05-09 10:35:00,1591.7,1591.7,1589.35,1589.75,2986
2024-05-09 10:36:00,1589.75,1590.6,1588.5,1589.45,2085
2024-05-09 10:37:00,1589.45,1590.3,1588.5,1589.5,2694
2024-05-09 10:38:00,1589.5,1590.0,1588.1,1588.85,1353
2024-05-09 10:39:00,1588.85,1589.0,1587.5,1588.75,3767
2024-05-09 10:40:00,1588.75,1588.75,1585.85,1587.5,7028
2024-05-09 10:41:00,1587.75,1589.85,1587.35,1589.85,1335
2024-05-09 10:42:00,1589.85,1589.85,1587.3,1587.9,838
2024-05-09 10:43:00,1587.9,1588.0,1586.75,1587.3,1047
2024-05-09 10:44:00,1587.0,1587.45,1586.0,1587.1,2053
2024-05-09 10:45:00,1587.1,1587.75,1586.95,1587.5,1851
2024-05-09 10:46:00,1587.5,1587.7,1587.0,1587.0,1431
2024-05-09 10:47:00,1587.05,1587.45,1586.25,1586.75,1273
2024-05-09 10:48:00,1586.8,1587.95,1586.4,1587.05,1020
2024-05-09 10:49:00,1587.05,1587.65,1586.0,1586.3,1478
2024-05-09 10:50:00,1586.3,1587.25,1586.0,1586.7,1446
2024-05-09 10:51:00,1586.7,1587.65,1586.25,1587.0,1554
2024-05-09 10:52:00,1587.0,1588.3,1587.0,1587.65,876
2024-05-09 10:53:00,1587.4,1588.0,1587.2,1587.55,993
2024-05-09 10:54:00,1587.3,1587.35,1586.3,1586.3,1946
2024-05-09 10:55:00,1586.5,1586.9,1586.0,1586.75,905
2024-05-09 10:56:00,1586.75,1587.0,1586.15,1586.75,953
2024-05-09 10:57:00,1586.75,1587.4,1586.75,1586.75,854
2024-05-09 10:58:00,1586.75,1588.0,1586.75,1587.7,746
2024-05-09 10:59:00,1587.4,1587.4,1586.75,1587.0,1414
2024-05-09 11:00:00,1587.55,1587.55,1586.8,1586.8,1446
2024-05-09 11:01:00,1586.8,1587.0,1586.75,1586.85,7079
2024-05-09 11:02:00,1586.85,1587.6,1585.5,1587.45,16788
2024-05-09 11:03:00,1587.25,1587.6,1586.8,1587.05,1399
2024-05-09 11:04:00,1587.15,1588.0,1587.05,1587.05,707
2024-05-09 11:05:00,1587.05,1587.25,1585.0,1586.05,5289
2024-05-09 11:06:00,1586.05,1586.5,1585.45,1586.0,1121
2024-05-09 11:07:00,1586.0,1586.0,1582.0,1584.9,34150
2024-05-09 11:08:00,1584.95,1584.95,1581.45,1581.65,4256
2024-05-09 11:09:00,1581.65,1582.0,1581.2,1581.3,3306
2024-05-09 11:10:00,1581.35,1581.35,1579.0,1579.55,10516
2024-05-09 11:11:00,1579.55,1580.35,1579.4,1580.0,8818
2024-05-09 11:12:00,1579.65,1580.95,1579.65,1580.0,9523
2024-05-09 11:13:00,1580.0,1580.6,1579.9,1580.1,7057
2024-05-09 11:14:00,1580.1,1580.3,1579.0,1579.45,1974
2024-05-09 11:15:00,1579.45,1580.7,1577.55,1580.0,13285
2024-05-09 11:16:00,1580.0,1580.3,1579.2,1579.55,2311
2024-05-09 11:17:00,1579.55,1579.55,1579.0,1579.05,806
2024-05-09 11:18:00,1579.05,1579.5,1578.15,1578.5,4174
2024-05-09 11:19:00,1578.5,1580.6,1578.4,1579.8,6032
2024-05-09 11:20:00,1579.8,1582.2,1579.6,1581.1,3034
2024-05-09 11:21:00,1581.1,1581.15,1580.0,1580.2,942
2024-05-09 11:22:00,1580.2,1580.9,1578.95,1579.35,5020
2024-05-09 11:23:00,1579.65,1581.2,1579.65,1581.1,1048
2024-05-09 11:24:00,1581.1,1581.4,1580.3,1580.3,971
2024-05-09 11:25:00,1580.3,1581.45,1579.1,1580.65,1382
2024-05-09 11:26:00,1580.75,1581.55,1578.25,1579.2,35387
2024-05-09 11:27:00,1579.2,1580.0,1578.15,1578.15,2744
2024-05-09 11:28:00,1578.0,1578.2,1577.0,1577.6,2674
2024-05-09 11:29:00,1577.2,1577.95,1575.45,1575.45,10435
2024-05-09 11:30:00,1575.9,1576.4,1575.0,1575.1,8174
2024-05-09 11:31:00,1575.1,1575.1,1574.0,1574.15,2606
2024-05-09 11:32:00,1574.25,1574.85,1572.6,1573.0,1276
2024-05-09 11:33:00,1573.3,1576.0,1572.55,1575.65,11389
2024-05-09 11:34:00,1575.65,1576.4,1575.2,1576.0,1746
2024-05-09 11:35:00,1576.0,1577.65,1575.6,1577.6,1254
2024-05-09 11:36:00,1577.6,1577.6,1575.55,1576.55,1936
2024-05-09 11:37:00,1576.55,1578.9,1575.8,1578.9,1410
2024-05-09 11:38:00,1578.65,1579.9,1578.05,1579.05,3641
2024-05-09 11:39:00,1579.05,1580.75,1579.05,1580.3,3040
2024-05-09 11:40:00,1580.3,1580.8,1578.9,1579.6,2501
2024-05-09 11:41:00,1580.0,1580.4,1579.5,1580.0,1804
2024-05-09 11:42:00,1580.0,1581.0,1579.35,1580.1,1777
2024-05-09 11:43:00,1580.0,1581.25,1580.0,1580.5,1872
2024-05-09 11:44:00,1580.5,1581.25,1580.2,1581.2,1367
2024-05-09 11:45:00,1581.25,1581.6,1580.2,1580.45,2950
2024-05-09 11:46:00,1580.45,1582.75,1580.45,1582.65,3326
2024-05-09 11:47:00,1582.65,1583.0,1581.6,1582.65,2606
2024-05-09 11:48:00,1582.65,1583.45,1580.95,1581.6,4717
2024-05-09 11:49:00,1581.6,1582.2,1580.15,1580.75,1780
2024-05-09 11:50:00,1580.15,1580.35,1579.5,1579.7,1404
2024-05-09 11:51:00,1579.85,1581.8,1579.3,1580.25,4578
2024-05-09 11:52:00,1580.25,1581.35,1580.0,1581.25,2780
2024-05-09 11:53:00,1581.25,1582.2,1581.0,1581.0,2753
2024-05-09 11:54:00,1581.05,1581.35,1581.0,1581.35,1300
2024-05-09 11:55:00,1581.35,1581.35,1580.0,1580.25,778
2024-05-09 11:56:00,1580.25,1582.4,1580.25,1582.2,3593
2024-05-09 11:57:00,1582.0,1582.5,1580.6,1581.6,1448
2024-05-09 11:58:00,1581.6,1582.0,1581.05,1581.95,953
2024-05-09 11:59:00,1581.95,1582.4,1581.45,1581.75,1607
2024-05-09 12:00:00,1581.85,1583.8,1581.7,1581.9,4205
2024-05-09 12:01:00,1581.9,1582.5,1580.8,1581.75,2029
2024-05-09 12:02:00,1581.75,1582.1,1580.2,1580.35,659
2024-05-09 12:03:00,1580.6,1580.6,1579.6,1579.95,871
2024-05-09 12:04:00,1579.95,1580.35,1579.55,1580.0,1949
2024-05-09 12:05:00,1580.0,1580.2,1579.5,1580.0,528
2024-05-09 12:06:00,1580.0,1580.35,1579.5,1580.35,1698
2024-05-09 12:07:00,1580.3,1580.6,1580.0,1580.05,569
2024-05-09 12:08:00,1580.05,1580.55,1579.5,1580.05,1174
2024-05-09 12:09:00,1580.05,1580.2,1579.5,1580.1,725
2024-05-09 12:10:00,1580.1,1580.3,1579.5,1579.8,1015
2024-05-09 12:11:00,1579.75,1580.25,1579.65,1580.0,1270
2024-05-09 12:12:00,1580.0,1580.45,1579.5,1579.7,548
2024-05-09 12:13:00,1580.95,1580.95,1579.5,1579.9,2508
2024-05-09 12:14:00,1579.9,1580.0,1579.5,1579.5,445
2024-05-09 12:15:00,1579.5,1579.95,1579.5,1579.95,524
2024-05-09 12:16:00,1579.95,1580.25,1579.5,1580.0,2201
2024-05-09 12:17:00,1580.0,1580.9,1579.55,1580.05,1730
2024-05-09 12:18:00,1580.05,1583.0,1580.05,1583.0,2013
2024-05-09 12:19:00,1582.75,1582.85,1581.35,1582.5,928
2024-05-09 12:20:00,1582.5,1582.7,1581.0,1582.0,1241
2024-05-09 12:21:00,1582.0,1582.6,1581.25,1581.3,1289
2024-05-09 12:22:00,1581.3,1582.0,1580.75,1581.5,714
2024-05-09 12:23:00,1581.75,1581.75,1579.85,1580.0,1754
2024-05-09 12:24:00,1580.0,1580.85,1579.75,1580.6,1199
2024-05-09 12:25:00,1580.6,1580.6,1579.5,1580.4,386
2024-05-09 12:26:00,1580.4,1580.5,1576.75,1577.3,4197
2024-05-09 12:27:00,1577.3,1578.75,1576.9,1578.75,626
2024-05-09 12:28:00,1578.75,1578.75,1577.85,1578.0,432
2024-05-09 12:29:00,1578.0,1579.15,1578.0,1579.15,434
2024-05-09 12:30:00,1578.65,1579.1,1576.7,1576.7,1833
2024-05-09 12:31:00,1576.7,1578.0,1576.55,1577.0,1535
2024-05-09 12:32:00,1577.0,1578.0,1577.0,1577.95,729
2024-05-09 12:33:00,1577.95,1578.95,1577.2,1578.95,1226
2024-05-09 12:34:00,1578.35,1579.2,1577.45,1579.05,1124
2024-05-09 12:35:00,1579.05,1579.25,1578.65,1579.2,619
2024-05-09 12:36:00,1579.2,1579.5,1578.6,1579.5,1759
2024-05-09 12:37:00,1579.5,1579.95,1579.05,1579.7,511
2024-05-09 12:38:00,1579.4,1579.7,1578.35,1578.35,1295
2024-05-09 12:39:00,1578.15,1579.1,1577.6,1578.4,1626
2024-05-09 12:40:00,1578.4,1579.3,1577.75,1578.5,1395
2024-05-09 12:41:00,1578.5,1578.5,1576.8,1577.95,2327
2024-05-09 12:42:00,1577.95,1578.15,1577.1,1578.15,490
2024-05-09 12:43:00,1578.15,1579.05,1577.65,1578.6,567
2024-05-09 12:44:00,1578.6,1578.6,1577.25,1577.25,453
2024-05-09 12:45:00,1577.25,1578.1,1577.1,1577.15,427
2024-05-09 12:46:00,1577.15,1577.8,1575.05,1575.85,3033
2024-05-09 12:47:00,1575.6,1575.9,1572.6,1574.85,10245
2024-05-09 12:48:00,1574.85,1575.0,1571.55,1572.6,3775
2024-05-09 12:49:00,1572.6,1573.6,1571.65,1572.8,2341
2024-05-09 12:50:00,1573.5,1573.5,1571.25,1571.25,2399
2024-05-09 12:51:00,1571.2,1571.65,1566.05,1566.35,16018
2024-05-09 12:52:00,1566.3,1567.7,1565.15,1567.1,5690
2024-05-09 12:53:00,1567.1,1569.1,1566.3,1567.7,3446
2024-05-09 12:54:00,1567.95,1568.8,1565.65,1566.85,2447
2024-05-09 12:55:00,1566.25,1567.45,1566.05,1567.2,1717
2024-05-09 12:56:00,1567.2,1567.2,1565.5,1567.15,1875
2024-05-09 12:57:00,1567.15,1567.45,1565.45,1566.0,9393
2024-05-09 12:58:00,1566.0,1567.55,1565.3,1567.55,1491
2024-05-09 12:59:00,1567.55,1568.0,1566.65,1568.0,2041
2024-05-09 13:00:00,1567.5,1569.0,1567.0,1568.95,3326
2024-05-09 13:01:00,1568.25,1569.0,1566.15,1566.3,4018
2024-05-09 13:02:00,1566.3,1566.55,1563.1,1564.15,6605
2024-05-09 13:03:00,1564.15,1565.6,1563.7,1564.0,3578
2024-05-09 13:04:00,1564.0,1565.6,1563.95,1565.55,1389
2024-05-09 13:05:00,1565.8,1566.5,1564.9,1566.5,1653
2024-05-09 13:06:00,1566.5,1567.05,1563.1,1564.35,7713
2024-05-09 13:07:00,1564.35,1565.05,1564.0,1565.0,1122
2024-05-09 13:08:00,1565.0,1566.5,1565.0,1566.35,1254
2024-05-09 13:09:00,1566.35,1566.35,1565.35,1565.55,560
2024-05-09 13:10:00,1565.3,1566.6,1565.2,1566.5,1245
2024-05-09 13:11:00,1566.3,1566.9,1566.0,1566.5,2322
2024-05-09 13:12:00,1566.75,1568.5,1566.75,1568.05,2079
2024-05-09 13:13:00,1568.1,1568.6,1567.45,1568.1,947
2024-05-09 13:14:00,1568.1,1569.95,1568.05,1569.0,2930
2024-05-09 13:15:00,1569.0,1570.75,1568.55,1569.2,5959
2024-05-09 13:16:00,1569.2,1569.2,1566.75,1568.15,2069
2024-05-09 13:17:00,1568.15,1570.3,1568.15,1570.3,2045
2024-05-09 13:18:00,1570.3,1571.35,1569.25,1569.3,4259
2024-05-09 13:19:00,1570.2,1570.2,1568.45,1569.3,1243
2024-05-09 13:20:00,1569.75,1569.85,1568.65,1569.05,1347
2024-05-09 13:21:00,1569.25,1569.65,1567.6,1568.0,797
2024-05-09 13:22:00,1568.0,1568.0,1566.45,1567.1,1618
2024-05-09 13:23:00,1567.2,1567.8,1566.45,1567.55,790
2024-05-09 13:24:00,1567.0,1567.95,1566.4,1567.2,1032
2024-05-09 13:25:00,1566.9,1567.2,1565.8,1567.2,2474
2024-05-09 13:26:00,1567.35,1569.0,1566.65,1568.0,1630
2024-05-09 13:27:00,1568.85,1569.5,1567.85,1568.3,2895
2024-05-09 13:28:00,1568.3,1571.0,1568.25,1570.65,2848
2024-05-09 13:29:00,1570.65,1570.65,1569.05,1569.7,568
2024-05-09 13:30:00,1569.7,1570.0,1568.05,1569.3,2665
2024-05-09 13:31:00,1569.3,1571.0,1569.0,1570.95,1249
2024-05-09 13:32:00,1570.2,1571.25,1569.8,1571.0,2725
2024-05-09 13:33:00,1571.15,1572.55,1570.5,1572.55,4843
2024-05-09 13:34:00,1572.5,1573.0,1571.8,1572.5,1872
2024-05-09 13:35:00,1572.5,1573.0,1572.35,1573.0,4118
2024-05-09 13:36:00,1573.0,1573.45,1572.45,1573.4,2668
2024-05-09 13:37:00,1573.4,1573.4,1572.6,1573.35,1122
2024-05-09 13:38:00,1573.3,1573.4,1571.8,1572.8,1343
2024-05-09 13:39:00,1572.8,1573.4,1572.1,1573.4,1352
2024-05-09 13:40:00,1573.4,1573.4,1572.45,1573.25,1038
2024-05-09 13:41:00,1572.8,1574.95,1572.7,1573.4,3098
2024-05-09 13:42:00,1573.3,1574.0,1573.0,1573.45,915
2024-05-09 13:43:00,1573.3,1574.35,1573.25,1573.45,983
2024-05-09 13:44:00,1573.75,1573.85,1573.3,1573.8,1007
2024-05-09 13:45:00,1573.8,1575.7,1573.75,1574.7,2166
2024-05-09 13:46:00,1574.85,1577.0,1574.85,1576.6,3245
2024-05-09 13:47:00,1576.6,1577.0,1575.95,1576.4,4996
2024-05-09 13:48:00,1576.4,1578.0,1576.05,1576.75,4448
2024-05-09 13:49:00,1577.35,1577.8,1576.5,1577.8,2392
2024-05-09 13:50:00,1577.8,1579.0,1577.25,1579.0,3065
2024-05-09 13:51:00,1579.0,1579.7,1577.4,1579.1,2677
2024-05-09 13:52:00,1579.1,1579.6,1578.3,1579.5,3098
2024-05-09 13:53:00,1579.4,1579.55,1576.85,1577.75,2410
2024-05-09 13:54:00,1577.75,1577.8,1575.1,1575.6,1929
2024-05-09 13:55:00,1575.75,1578.0,1575.25,1578.0,1791
2024-05-09 13:56:00,1578.0,1578.0,1575.35,1575.6,13798
2024-05-09 13:57:00,1575.7,1577.45,1574.95,1577.4,5641
2024-05-09 13:58:00,1577.45,1578.45,1575.7,1578.45,2855
2024-05-09 13:59:00,1578.4,1578.6,1575.9,1577.25,5628
2024-05-09 14:00:00,1577.25,1577.35,1575.2,1575.85,3124
2024-05-09 14:01:00,1575.7,1577.6,1575.25,1575.7,3032
2024-05-09 14:02:00,1575.7,1576.4,1575.0,1575.35,3081
2024-05-09 14:03:00,1575.9,1575.95,1573.4,1574.95,3192
2024-05-09 14:04:00,1574.8,1574.95,1573.25,1574.25,2548
2024-05-09 14:05:00,1573.5,1574.2,1572.0,1572.25,2612
2024-05-09 14:06:00,1572.25,1573.7,1571.75,1571.8,3727
2024-05-09 14:07:00,1571.8,1572.3,1570.3,1571.95,2892
2024-05-09 14:08:00,1571.95,1573.45,1571.1,1572.2,2784
2024-05-09 14:09:00,1572.2,1573.0,1571.0,1572.65,4063
2024-05-09 14:10:00,1572.7,1573.35,1571.75,1572.15,3050
2024-05-09 14:11:00,1571.8,1572.45,1570.5,1571.7,2732
2024-05-09 14:12:00,1571.7,1572.9,1570.7,1571.95,3811
2024-05-09 14:13:00,1571.65,1572.5,1570.6,1572.4,2741
2024-05-09 14:14:00,1572.4,1574.75,1571.4,1574.75,3887
2024-05-09 14:15:00,1574.45,1574.95,1572.95,1573.8,2426
2024-05-09 14:16:00,1573.35,1574.9,1572.85,1573.75,2562
2024-05-09 14:17:00,1573.75,1574.4,1572.45,1573.9,2116
2024-05-09 14:18:00,1573.9,1574.5,1572.6,1574.2,2586
2024-05-09 14:19:00,1574.1,1574.45,1572.8,1574.0,2468
2024-05-09 14:20:00,1574.0,1574.95,1573.15,1574.2,1561
2024-05-09 14:21:00,1574.25,1576.95,1573.75,1576.6,3904
2024-05-09 14:22:00,1576.6,1578.25,1575.55,1578.25,1812
2024-05-09 14:23:00,1578.25,1578.3,1575.4,1576.45,1596
2024-05-09 14:24:00,1576.45,1576.55,1574.35,1576.55,1579
2024-05-09 14:25:00,1576.35,1577.0,1575.35,1576.95,1547
2024-05-09 14:26:00,1576.9,1577.0,1575.65,1576.95,1739
2024-05-09 14:27:00,1577.0,1577.0,1574.6,1576.35,1203
2024-05-09 14:28:00,1576.15,1576.3,1574.4,1575.55,1365
2024-05-09 14:29:00,1575.5,1575.5,1572.85,1573.5,2771
2024-05-09 14:30:00,1574.05,1574.5,1573.05,1573.95,1278
2024-05-09 14:31:00,1574.5,1574.5,1571.0,1571.05,2057
2024-05-09 14:32:00,1571.7,1571.7,1568.2,1569.85,5424
2024-05-09 14:33:00,1569.55,1570.0,1568.0,1569.55,3685
2024-05-09 14:34:00,1569.55,1571.55,1568.85,1569.85,1695
2024-05-09 14:35:00,1569.65,1571.45,1568.65,1571.0,5664
2024-05-09 14:36:00,1571.0,1571.45,1569.15,1569.8,2157
2024-05-09 14:37:00,1569.0,1571.2,1568.2,1570.4,2741
2024-05-09 14:38:00,1571.05,1571.7,1569.9,1571.05,2391
2024-05-09 14:39:00,1571.05,1572.0,1571.05,1572.0,3127
2024-05-09 14:40:00,1572.0,1572.2,1571.05,1571.4,5655
2024-05-09 14:41:00,1571.4,1572.45,1571.4,1572.4,2483
2024-05-09 14:42:00,1572.45,1573.5,1572.05,1573.5,2903
2024-05-09 14:43:00,1572.95,1573.45,1572.3,1572.8,18066
2024-05-09 14:44:00,1572.8,1573.0,1567.3,1567.9,14493
2024-05-09 14:45:00,1568.15,1571.0,1567.3,1569.0,1763
2024-05-09 14:46:00,1569.65,1571.25,1569.2,1571.2,3438
2024-05-09 14:47:00,1571.2,1572.45,1570.55,1572.35,1994
2024-05-09 14:48:00,1572.35,1572.35,1570.25,1571.0,2162
2024-05-09 14:49:00,1570.65,1572.0,1570.25,1571.6,1454
2024-05-09 14:50:00,1571.6,1572.7,1570.75,1572.0,2651
2024-05-09 14:51:00,1572.0,1573.0,1571.5,1572.3,3458
2024-05-09 14:52:00,1571.85,1572.25,1571.6,1571.6,1698
2024-05-09 14:53:00,1571.6,1572.4,1571.45,1572.3,4355
2024-05-09 14:54:00,1572.3,1572.35,1571.6,1572.0,2231
2024-05-09 14:55:00,1572.0,1572.9,1571.9,1572.9,3593
2024-05-09 14:56:00,1572.9,1572.9,1572.3,1572.3,1673
2024-05-09 14:57:00,1572.3,1572.75,1571.0,1571.0,19288
2024-05-09 14:58:00,1571.0,1572.2,1571.0,1572.2,5136
2024-05-09 14:59:00,1572.3,1575.3,1571.9,1574.55,4840
2024-05-09 15:00:00,1574.55,1574.55,1573.7,1574.2,6332
2024-05-09 15:01:00,1574.05,1574.55,1570.3,1571.25,9523
2024-05-09 15:02:00,1570.65,1571.3,1566.45,1567.85,16156
2024-05-09 15:03:00,1568.4,1568.55,1566.65,1568.0,5376
2024-05-09 15:04:00,1568.1,1568.1,1565.25,1566.6,7084
2024-05-09 15:05:00,1567.3,1567.7,1565.25,1566.4,8468
2024-05-09 15:06:00,1567.5,1568.05,1565.25,1565.55,7609
2024-05-09 15:07:00,1566.0,1566.15,1563.3,1564.0,12369
2024-05-09 15:08:00,1564.0,1567.25,1563.5,1567.25,5740
2024-05-09 15:09:00,1567.35,1567.35,1565.05,1566.2,6957
2024-05-09 15:10:00,1566.45,1566.45,1564.35,1566.0,11148
2024-05-09 15:11:00,1566.0,1568.05,1565.95,1566.35,6552
2024-05-09 15:12:00,1567.0,1568.05,1566.05,1567.0,10302
2024-05-09 15:13:00,1567.0,1567.0,1565.1,1565.1,11284
2024-05-09 15:14:00,1565.05,1565.05,1561.0,1562.05,7872
2024-05-09 15:15:00,1561.4,1563.95,1561.4,1561.75,9779
2024-05-09 15:16:00,1562.1,1563.1,1560.55,1561.85,10062
2024-05-09 15:17:00,1561.9,1562.25,1559.6,1561.05,14923
2024-05-09 15:18:00,1561.15,1563.4,1560.35,1563.0,13213
2024-05-09 15:19:00,1563.0,1564.65,1562.2,1564.5,6413
2024-05-09 15:20:00,1563.95,1564.5,1560.9,1562.2,11402
2024-05-09 15:21:00,1561.7,1563.25,1561.7,1562.5,5689
2024-05-09 15:22:00,1562.65,1563.0,1561.15,1561.7,5136
2024-05-09 15:23:00,1561.65,1562.25,1561.25,1561.25,7882
2024-05-09 15:24:00,1561.5,1562.0,1560.0,1561.65,8983
2024-05-09 15:25:00,1561.8,1562.0,1560.7,1560.7,13937
2024-05-09 15:26:00,1560.7,1563.8,1560.7,1563.0,17192
2024-05-09 15:27:00,1563.15,1565.0,1562.85,1565.0,6062
2024-05-09 15:28:00,1565.0,1565.0,1562.7,1563.8,4827
2024-05-09 15:29:00,1563.8,1568.75,1563.25,1567.8,3940
2024-05-10 09:15:00,1560.0,1572.4,1556.0,1568.15,20082
2024-05-10 09:16:00,1569.95,1570.0,1565.05,1567.35,7031
2024-05-10 09:17:00,1567.35,1573.8,1566.35,1570.75,10104
2024-05-10 09:18:00,1571.5,1572.0,1569.0,1570.6,5152
2024-05-10 09:19:00,1570.6,1573.5,1570.6,1572.55,2972
2024-05-10 09:20:00,1572.25,1573.65,1568.35,1568.55,6831
2024-05-10 09:21:00,1568.0,1568.0,1563.05,1563.75,5409
2024-05-10 09:22:00,1563.05,1566.0,1562.5,1565.05,3502
2024-05-10 09:23:00,1565.85,1568.5,1565.0,1568.2,2704
2024-05-10 09:24:00,1568.3,1570.0,1566.45,1568.75,3409
2024-05-10 09:25:00,1568.75,1572.9,1568.6,1572.45,4026
2024-05-10 09:26:00,1572.9,1575.0,1571.4,1572.05,3048
2024-05-10 09:27:00,1571.65,1575.6,1571.65,1574.95,3929
2024-05-10 09:28:00,1574.95,1575.6,1572.5,1572.75,2238
2024-05-10 09:29:00,1572.7,1576.0,1572.2,1575.1,3357
2024-05-10 09:30:00,1574.4,1575.7,1572.5,1573.0,2818
2024-05-10 09:31:00,1573.0,1576.0,1572.0,1575.25,3913
2024-05-10 09:32:00,1575.25,1576.0,1574.65,1575.7,1670
2024-05-10 09:33:00,1575.7,1576.0,1574.0,1574.5,1515
2024-05-10 09:34:00,1574.5,1574.65,1572.8,1573.5,3588
2024-05-10 09:35:00,1573.5,1573.85,1570.4,1571.7,8979
2024-05-10 09:36:00,1571.7,1575.2,1570.85,1573.55,5738
2024-05-10 09:37:00,1573.55,1573.8,1570.85,1571.75,4248
2024-05-10 09:38:00,1571.75,1572.95,1570.6,1571.85,3932
2024-05-10 09:39:00,1572.5,1572.9,1569.55,1570.55,5114
2024-05-10 09:40:00,1570.8,1573.8,1569.1,1573.1,4952
2024-05-10 09:41:00,1573.1,1573.2,1570.5,1571.65,3656
2024-05-10 09:42:00,1571.65,1573.1,1571.0,1571.65,1855
2024-05-10 09:43:00,1571.65,1571.8,1570.1,1570.25,2456
2024-05-10 09:44:00,1570.25,1571.0,1569.4,1571.0,9386
2024-05-10 09:45:00,1571.3,1573.0,1571.1,1572.35,2549
2024-05-10 09:46:00,1571.75,1575.0,1571.55,1574.4,3037
2024-05-10 09:47:00,1575.0,1577.85,1574.6,1577.6,6127
2024-05-10 09:48:00,1577.65,1579.8,1577.65,1579.3,3582
2024-05-10 09:49:00,1579.4,1580.0,1577.3,1577.7,3269
2024-05-10 09:50:00,1577.7,1580.1,1577.7,1579.6,1654
2024-05-10 09:51:00,1579.5,1580.0,1578.05,1579.95,2373
2024-05-10 09:52:00,1579.95,1580.0,1578.0,1580.0,4583
2024-05-10 09:53:00,1580.0,1583.0,1579.3,1582.75,5126
2024-05-10 09:54:00,1582.75,1583.45,1581.85,1582.4,6234
2024-05-10 09:55:00,1582.4,1583.95,1581.85,1583.75,1667
2024-05-10 09:56:00,1583.75,1584.15,1580.95,1581.9,4101
2024-05-10 09:57:00,1582.0,1583.6,1581.85,1581.9,3316
2024-05-10 09:58:00,1582.5,1583.1,1580.5,1583.1,2362
2024-05-10 09:59:00,1583.1,1583.1,1581.05,1582.0,2252
2024-05-10 10:00:00,1582.0,1583.9,1581.4,1583.75,4398
2024-05-10 10:01:00,1583.75,1583.8,1581.6,1582.75,3331
2024-05-10 10:02:00,1583.2,1583.7,1581.55,1581.6,3788
2024-05-10 10:03:00,1581.55,1581.95,1579.8,1580.45,5167
2024-05-10 10:04:00,1581.2,1582.0,1580.05,1581.95,2014
2024-05-10 10:05:00,1581.95,1582.45,1581.0,1581.1,821
2024-05-10 10:06:00,1581.6,1581.65,1580.3,1581.4,820
2024-05-10 10:07:00,1581.65,1582.2,1579.2,1579.7,1861
2024-05-10 10:08:00,1579.7,1580.25,1579.0,1580.2,897
2024-05-10 10:09:00,1580.2,1580.25,1578.3,1580.05,731
2024-05-10 10:10:00,1580.05,1580.5,1579.7,1579.85,490
2024-05-10 10:11:00,1579.7,1580.5,1579.5,1580.2,581
2024-05-10 10:12:00,1580.2,1581.75,1580.0,1581.45,859
2024-05-10 10:13:00,1581.45,1581.45,1580.5,1581.0,430
2024-05-10 10:14:00,1581.0,1581.05,1580.0,1580.7,898
2024-05-10 10:15:00,1580.7,1580.9,1579.05,1579.05,418
2024-05-10 10:16:00,1579.05,1579.05,1577.3,1578.3,1486
2024-05-10 10:17:00,1578.3,1578.3,1575.1,1575.55,3560
2024-05-10 10:18:00,1575.55,1577.25,1575.35,1576.25,2938
2024-05-10 10:19:00,1576.25,1577.45,1575.85,1576.5,2620
2024-05-10 10:20:00,1576.5,1577.0,1575.05,1575.25,1309
2024-05-10 10:21:00,1576.0,1576.0,1571.05,1571.3,5900
2024-05-10 10:22:00,1571.0,1574.75,1570.9,1574.2,1336
2024-05-10 10:23:00,1574.2,1574.75,1573.05,1574.2,709
2024-05-10 10:24:00,1574.25,1574.25,1573.0,1574.0,316
2024-05-10 10:25:00,1573.95,1575.75,1573.4,1574.65,1828
2024-05-10 10:26:00,1575.3,1576.55,1574.6,1575.0,913
2024-05-10 10:27:00,1575.0,1575.0,1573.05,1573.8,969
2024-05-10 10:28:00,1573.8,1574.3,1573.7,1574.05,389
2024-05-10 10:29:00,1574.05,1574.5,1573.15,1574.5,479
2024-05-10 10:30:00,1574.7,1577.6,1574.5,1577.5,2083
2024-05-10 10:31:00,1577.5,1577.5,1574.1,1574.7,1370
2024-05-10 10:32:00,1574.1,1575.0,1574.0,1574.4,1031
2024-05-10 10:33:00,1574.45,1575.0,1574.0,1574.45,736
2024-05-10 10:34:00,1574.45,1576.35,1574.0,1576.2,660
2024-05-10 10:35:00,1576.2,1577.3,1575.9,1576.8,540
2024-05-10 10:36:00,1576.55,1578.45,1576.55,1578.0,483
2024-05-10 10:37:00,1577.8,1578.2,1576.8,1577.2,621
2024-05-10 10:38:00,1577.2,1578.0,1576.35,1577.2,384
2024-05-10 10:39:00,1577.0,1577.1,1575.2,1576.45,649
2024-05-10 10:40:00,1576.6,1576.65,1575.35,1576.4,176
2024-05-10 10:41:00,1576.45,1576.45,1575.0,1576.45,708
2024-05-10 10:42:00,1576.15,1577.15,1575.95,1576.45,201
2024-05-10 10:43:00,1576.45,1576.8,1575.05,1575.85,247
2024-05-10 10:44:00,1575.7,1576.35,1575.35,1576.25,251
2024-05-10 10:45:00,1576.45,1576.45,1573.4,1573.7,1683
2024-05-10 10:46:00,1573.7,1573.75,1569.0,1569.2,7536
2024-05-10 10:47:00,1569.2,1569.9,1568.0,1568.9,3746
2024-05-10 10:48:00,1568.9,1570.25,1568.9,1569.65,1809
2024-05-10 10:49:00,1569.6,1570.35,1568.2,1568.2,2628
2024-05-10 10:50:00,1568.2,1569.1,1568.0,1568.2,1109
2024-05-10 10:51:00,1568.2,1569.0,1566.15,1566.65,7453
2024-05-10 10:52:00,1566.15,1567.9,1565.3,1566.65,1712
2024-05-10 10:53:00,1566.4,1567.15,1565.2,1565.2,1015
2024-05-10 10:54:00,1565.2,1566.7,1565.1,1565.2,949
2024-05-10 10:55:00,1565.8,1566.0,1565.0,1565.5,1529
2024-05-10 10:56:00,1565.7,1567.2,1565.0,1567.15,3108
2024-05-10 10:57:00,1567.5,1568.7,1567.0,1567.0,990
2024-05-10 10:58:00,1567.0,1567.5,1565.0,1565.8,3059
2024-05-10 10:59:00,1565.5,1567.0,1565.5,1565.5,563
2024-05-10 11:00:00,1565.5,1566.7,1565.5,1566.15,709
2024-05-10 11:01:00,1566.15,1566.45,1564.05,1565.0,3784
2024-05-10 11:02:00,1564.45,1565.45,1564.45,1565.25,229
2024-05-10 11:03:00,1565.25,1566.35,1565.05,1565.15,623
2024-05-10 11:04:00,1565.8,1566.7,1565.2,1566.25,356
2024-05-10 11:05:00,1566.25,1567.95,1566.05,1566.55,1270
2024-05-10 11:06:00,1566.55,1568.0,1566.55,1567.95,1122
2024-05-10 11:07:00,1567.95,1568.95,1567.0,1568.15,1486
2024-05-10 11:08:00,1568.15,1568.7,1567.1,1567.65,3977
2024-05-10 11:09:00,1567.3,1568.75,1567.3,1568.75,749
2024-05-10 11:10:00,1567.95,1568.95,1567.5,1567.5,2225
2024-05-10 11:11:00,1567.8,1569.4,1567.5,1568.15,590
2024-05-10 11:12:00,1568.15,1571.8,1568.15,1571.2,1829
2024-05-10 11:13:00,1570.55,1571.45,1568.75,1569.85,2910
2024-05-10 11:14:00,1569.85,1570.9,1569.55,1570.9,597
2024-05-10 11:15:00,1570.8,1571.0,1570.0,1570.55,774
2024-05-10 11:16:00,1570.6,1571.2,1570.0,1570.7,1088
2024-05-10 11:17:00,1570.55,1571.75,1570.2,1571.55,1012
2024-05-10 11:18:00,1571.0,1572.0,1570.1,1571.95,1236
2024-05-10 11:19:00,1571.35,1573.6,1571.35,1572.9,1616
2024-05-10 11:20:00,1572.9,1573.35,1572.0,1573.0,2774
2024-05-10 11:21:00,1573.0,1573.1,1572.0,1572.25,425
2024-05-10 11:22:00,1572.45,1572.45,1572.0,1572.45,968
2024-05-10 11:23:00,1572.45,1573.8,1572.2,1573.7,880
2024-05-10 11:24:00,1574.0,1574.4,1573.55,1574.1,860
2024-05-10 11:25:00,1574.1,1575.15,1573.55,1574.5,2697
2024-05-10 11:26:00,1574.5,1575.2,1573.95,1574.6,608
2024-05-10 11:27:00,1574.8,1575.7,1574.25,1574.25,2359
2024-05-10 11:28:00,1574.25,1574.25,1571.75,1571.85,2055
2024-05-10 11:29:00,1571.85,1572.95,1571.7,1572.05,1149
2024-05-10 11:30:00,1572.55,1572.55,1570.2,1571.5,7964
2024-05-10 11:31:00,1571.0,1572.45,1569.8,1571.2,2239
2024-05-10 11:32:00,1571.2,1572.0,1569.65,1571.25,2350
2024-05-10 11:33:00,1571.25,1571.85,1570.35,1570.35,1247
2024-05-10 11:34:00,1570.35,1571.55,1570.0,1570.9,612
2024-05-10 11:35:00,1570.05,1571.6,1570.05,1571.4,443
2024-05-10 11:36:00,1571.4,1573.3,1570.75,1573.3,919
2024-05-10 11:37:00,1573.35,1573.9,1571.7,1572.95,591
2024-05-10 11:38:00,1572.95,1573.5,1571.8,1573.15,645
2024-05-10 11:39:00,1573.15,1573.55,1571.9,1573.45,764
2024-05-10 11:40:00,1573.45,1573.6,1572.35,1573.55,770
2024-05-10 11:41:00,1573.55,1574.0,1572.35,1573.1,1101
2024-05-10 11:42:00,1573.15,1573.2,1572.9,1573.15,222
2024-05-10 11:43:00,1573.1,1573.15,1572.6,1573.15,133
2024-05-10 11:44:00,1573.15,1574.55,1572.95,1574.55,947
2024-05-10 11:45:00,1574.55,1574.85,1572.9,1574.15,489
2024-05-10 11:46:00,1574.15,1574.85,1573.3,1574.15,614
2024-05-10 11:47:00,1574.15,1574.95,1573.45,1574.45,243
2024-05-10 11:48:00,1574.45,1575.0,1573.5,1574.1,665
2024-05-10 11:49:00,1574.1,1574.3,1572.0,1572.5,1322
2024-05-10 11:50:00,1572.95,1573.0,1571.45,1572.95,788
2024-05-10 11:51:00,1572.95,1573.45,1571.95,1573.0,513
2024-05-10 11:52:00,1573.4,1574.4,1572.4,1572.95,622
2024-05-10 11:53:00,1572.9,1572.9,1569.8,1571.75,1310
2024-05-10 11:54:00,1571.8,1573.0,1570.8,1573.0,695
2024-05-10 11:55:00,1573.0,1573.0,1570.5,1571.75,991
2024-05-10 11:56:00,1571.7,1571.95,1570.7,1571.35,305
2024-05-10 11:57:00,1571.35,1571.7,1568.5,1569.4,1017
2024-05-10 11:58:00,1569.85,1570.4,1568.5,1570.15,500
2024-05-10 11:59:00,1570.15,1570.5,1569.1,1569.65,264
2024-05-10 12:00:00,1569.65,1571.5,1569.65,1571.5,414
2024-05-10 12:01:00,1571.0,1571.9,1571.0,1571.2,517
2024-05-10 12:02:00,1571.2,1571.75,1570.5,1571.45,370
2024-05-10 12:03:00,1571.45,1572.0,1570.65,1572.0,395
2024-05-10 12:04:00,1571.6,1572.0,1571.0,1572.0,297
2024-05-10 12:05:00,1572.0,1572.35,1570.65,1571.05,1154
2024-05-10 12:06:00,1571.9,1571.9,1570.9,1571.85,1042
2024-05-10 12:07:00,1571.85,1572.95,1570.65,1572.95,611
2024-05-10 12:08:00,1572.9,1572.95,1572.05,1572.8,538
2024-05-10 12:09:00,1573.5,1573.5,1572.25,1573.35,279
2024-05-10 12:10:00,1573.35,1574.3,1572.65,1573.95,414
2024-05-10 12:11:00,1573.85,1574.0,1572.5,1573.5,369
2024-05-10 12:12:00,1573.5,1573.5,1571.15,1572.0,896
2024-05-10 12:13:00,1572.0,1572.9,1570.9,1571.7,450
2024-05-10 12:14:00,1571.7,1572.3,1570.9,1572.3,248
2024-05-10 12:15:00,1572.3,1572.3,1571.25,1572.25,136
2024-05-10 12:16:00,1572.25,1572.7,1571.75,1572.6,461
2024-05-10 12:17:00,1572.6,1572.6,1571.1,1571.65,612
2024-05-10 12:18:00,1571.65,1572.65,1571.1,1571.65,268
2024-05-10 12:19:00,1571.65,1572.7,1571.2,1572.7,271
2024-05-10 12:20:00,1572.7,1573.4,1571.1,1571.75,4175
2024-05-10 12:21:00,1571.8,1571.95,1571.1,1571.9,386
2024-05-10 12:22:00,1572.0,1572.0,1571.1,1571.65,305
2024-05-10 12:23:00,1571.65,1571.95,1571.2,1571.9,216
2024-05-10 12:24:00,1571.9,1571.95,1569.35,1569.4,2152
2024-05-10 12:25:00,1569.4,1570.9,1569.4,1570.15,540
2024-05-10 12:26:00,1570.15,1570.35,1569.0,1569.05,1194
2024-05-10 12:27:00,1569.05,1569.8,1568.25,1569.5,675
2024-05-10 12:28:00,1569.5,1569.9,1568.4,1569.7,667
2024-05-10 12:29:00,1569.55,1570.0,1568.5,1569.65,806
2024-05-10 12:30:00,1569.65,1570.0,1569.35,1569.75,1867
2024-05-10 12:31:00,1569.75,1570.0,1569.65,1570.0,602
2024-05-10 12:32:00,1570.5,1571.55,1570.1,1571.15,616
2024-05-10 12:33:00,1571.15,1572.0,1570.15,1571.55,684
2024-05-10 12:34:00,1571.55,1572.0,1570.7,1571.7,118
2024-05-10 12:35:00,1571.7,1572.0,1571.35,1572.0,176
2024-05-10 12:36:00,1572.0,1572.0,1570.65,1571.0,580
2024-05-10 12:37:00,1571.0,1571.8,1570.45,1570.9,283
2024-05-10 12:38:00,1570.9,1571.4,1570.0,1570.2,402
2024-05-10 12:39:00,1570.65,1570.65,1569.05,1569.7,717
2024-05-10 12:40:00,1569.7,1569.95,1569.0,1569.55,606
2024-05-10 12:41:00,1569.55,1569.6,1568.65,1569.0,392
2024-05-10 12:42:00,1569.0,1570.0,1568.7,1570.0,327
2024-05-10 12:43:00,1570.0,1570.35,1569.15,1569.95,1867
2024-05-10 12:44:00,1569.95,1570.0,1569.0,1569.55,601
2024-05-10 12:45:00,1569.55,1570.0,1568.35,1570.0,487
2024-05-10 12:46:00,1570.0,1570.0,1568.0,1568.6,843
2024-05-10 12:47:00,1568.6,1569.0,1568.4,1568.6,431
2024-05-10 12:48:00,1569.0,1569.9,1568.05,1569.2,795
2024-05-10 12:49:00,1569.2,1569.45,1567.4,1569.0,1715
2024-05-10 12:50:00,1569.0,1569.95,1568.95,1569.7,359
2024-05-10 12:51:00,1569.7,1570.0,1569.1,1569.95,342
2024-05-10 12:52:00,1569.8,1569.95,1568.65,1569.8,317
2024-05-10 12:53:00,1569.8,1570.0,1568.8,1569.25,481
2024-05-10 12:54:00,1569.7,1569.85,1568.45,1569.4,476
2024-05-10 12:55:00,1569.4,1569.9,1568.3,1568.95,1287
2024-05-10 12:56:00,1568.95,1569.9,1568.8,1569.6,551
2024-05-10 12:57:00,1569.6,1570.0,1568.65,1569.6,2846
2024-05-10 12:58:00,1569.6,1570.0,1568.15,1569.3,1219
2024-05-10 12:59:00,1569.3,1570.0,1568.3,1569.7,1144
2024-05-10 13:00:00,1569.7,1570.0,1569.05,1569.65,1915
2024-05-10 13:01:00,1569.75,1570.0,1569.0,1569.7,1265
2024-05-10 13:02:00,1569.75,1570.0,1569.35,1570.0,1470
2024-05-10 13:03:00,1570.0,1570.0,1569.4,1570.0,1300
2024-05-10 13:04:00,1569.6,1570.0,1569.3,1570.0,636
2024-05-10 13:05:00,1570.0,1570.0,1569.05,1569.4,767
2024-05-10 13:06:00,1569.95,1570.0,1569.0,1569.9,348
2024-05-10 13:07:00,1569.35,1570.0,1569.1,1569.5,528
2024-05-10 13:08:00,1569.55,1570.0,1568.8,1568.8,261
2024-05-10 13:09:00,1569.25,1570.0,1568.85,1569.75,513
2024-05-10 13:10:00,1569.15,1570.0,1568.2,1568.85,584
2024-05-10 13:11:00,1568.7,1569.2,1567.0,1568.85,1940
2024-05-10 13:12:00,1568.4,1569.0,1568.05,1568.4,639
2024-05-10 13:13:00,1568.4,1569.0,1567.15,1568.6,1528
2024-05-10 13:14:00,1568.6,1569.0,1567.65,1568.2,1644
2024-05-10 13:15:00,1568.15,1568.15,1567.55,1567.9,820
2024-05-10 13:16:00,1567.95,1569.0,1567.5,1568.25,3067
2024-05-10 13:17:00,1567.7,1568.8,1567.05,1567.6,839
2024-05-10 13:18:00,1567.5,1567.55,1565.5,1566.2,2176
2024-05-10 13:19:00,1566.2,1567.15,1565.9,1566.95,1064
2024-05-10 13:20:00,1566.95,1567.3,1566.35,1567.0,2038
2024-05-10 13:21:00,1567.0,1567.65,1566.5,1567.35,2049
2024-05-10 13:22:00,1566.7,1567.5,1566.55,1567.45,905
2024-05-10 13:23:00,1567.45,1568.5,1566.95,1568.35,1202
2024-05-10 13:24:00,1568.45,1568.6,1567.15,1567.95,1525
2024-05-10 13:25:00,1568.1,1568.8,1567.6,1568.1,928
2024-05-10 13:26:00,1568.65,1569.0,1567.8,1568.45,1119
2024-05-10 13:27:00,1568.4,1569.0,1568.2,1568.55,499
2024-05-10 13:28:00,1568.55,1570.0,1568.55,1569.5,1060
2024-05-10 13:29:00,1569.5,1570.0,1568.9,1570.0,7532
2024-05-10 13:30:00,1570.0,1570.0,1569.45,1569.95,1970
2024-05-10 13:31:00,1569.95,1571.35,1569.75,1571.35,1829
2024-05-10 13:32:00,1571.05,1571.95,1570.7,1571.05,634
2024-05-10 13:33:00,1571.05,1572.0,1571.05,1571.3,727
2024-05-10 13:34:00,1571.9,1572.0,1571.15,1571.9,608
2024-05-10 13:35:00,1571.9,1572.0,1571.25,1571.75,947
2024-05-10 13:36:00,1571.75,1572.0,1571.5,1571.6,3850
2024-05-10 13:37:00,1571.6,1572.0,1570.15,1570.15,933
2024-05-10 13:38:00,1570.5,1570.9,1569.8,1570.15,1180
2024-05-10 13:39:00,1570.15,1571.55,1570.15,1570.9,440
2024-05-10 13:40:00,1570.9,1571.7,1570.3,1571.45,291
2024-05-10 13:41:00,1571.45,1571.95,1570.15,1570.75,750
2024-05-10 13:42:00,1570.75,1571.9,1570.35,1571.8,273
2024-05-10 13:43:00,1571.8,1571.9,1570.8,1571.85,468
2024-05-10 13:44:00,1571.85,1571.9,1570.95,1571.1,590
2024-05-10 13:45:00,1571.75,1572.35,1570.9,1571.7,1506
2024-05-10 13:46:00,1571.7,1571.9,1570.65,1571.8,698
2024-05-10 13:47:00,1571.8,1571.9,1571.0,1571.8,1146
2024-05-10 13:48:00,1571.85,1571.9,1571.05,1571.45,376
2024-05-10 13:49:00,1571.9,1573.4,1571.45,1573.3,1083
2024-05-10 13:50:00,1572.9,1574.0,1572.25,1573.55,628
2024-05-10 13:51:00,1573.1,1574.0,1572.4,1574.0,1251
2024-05-10 13:52:00,1573.95,1574.0,1572.9,1573.9,590
2024-05-10 13:53:00,1574.0,1574.5,1573.0,1574.45,1325
2024-05-10 13:54:00,1573.9,1574.45,1573.2,1574.2,592
2024-05-10 13:55:00,1574.2,1574.5,1573.3,1574.15,519
2024-05-10 13:56:00,1573.5,1574.2,1573.35,1574.1,375
2024-05-10 13:57:00,1573.85,1574.65,1573.5,1574.4,896
2024-05-10 13:58:00,1574.45,1574.7,1573.5,1574.4,651
2024-05-10 13:59:00,1573.8,1575.0,1573.8,1574.25,984
2024-05-10 14:00:00,1574.6,1574.8,1573.5,1574.05,458
2024-05-10 14:01:00,1574.05,1574.05,1571.35,1572.0,1423
2024-05-10 14:02:00,1571.45,1573.05,1571.45,1571.95,958
2024-05-10 14:03:00,1571.95,1572.7,1571.3,1572.4,1181
2024-05-10 14:04:00,1572.0,1572.85,1571.4,1572.2,618
2024-05-10 14:05:00,1572.2,1572.95,1571.5,1572.8,616
2024-05-10 14:06:00,1572.8,1573.25,1571.8,1573.2,428
2024-05-10 14:07:00,1573.2,1573.4,1571.75,1572.6,363
2024-05-10 14:08:00,1572.6,1572.85,1571.9,1572.55,289
2024-05-10 14:09:00,1572.6,1573.3,1572.0,1572.75,947
2024-05-10 14:10:00,1572.75,1573.2,1572.1,1573.0,580
2024-05-10 14:11:00,1573.0,1573.15,1571.85,1571.85,897
2024-05-10 14:12:00,1571.8,1572.85,1571.5,1571.5,591
2024-05-10 14:13:00,1571.5,1572.0,1571.05,1571.7,839
2024-05-10 14:14:00,1571.75,1571.95,1570.65,1571.95,1428
2024-05-10 14:15:00,1571.5,1572.45,1570.6,1570.6,1332
2024-05-10 14:16:00,1570.6,1571.75,1570.0,1571.65,2719
2024-05-10 14:17:00,1571.65,1571.7,1570.0,1570.05,1243
2024-05-10 14:18:00,1570.5,1571.45,1569.75,1570.8,769
2024-05-10 14:19:00,1570.65,1570.85,1569.5,1570.45,1973
2024-05-10 14:20:00,1570.8,1571.0,1569.5,1569.8,1348
2024-05-10 14:21:00,1569.6,1569.65,1568.0,1568.45,1520
2024-05-10 14:22:00,1568.45,1569.25,1568.0,1569.2,1559
2024-05-10 14:23:00,1569.15,1569.65,1568.35,1568.55,1730
2024-05-10 14:24:00,1568.75,1569.3,1568.0,1568.2,1904
2024-05-10 14:25:00,1568.2,1569.45,1568.0,1568.85,1004
2024-05-10 14:26:00,1568.85,1569.1,1567.1,1567.95,1568
2024-05-10 14:27:00,1568.05,1568.7,1567.4,1568.65,1109
2024-05-10 14:28:00,1568.25,1569.45,1568.1,1568.8,926
2024-05-10 14:29:00,1569.4,1570.0,1567.95,1567.95,1094
2024-05-10 14:30:00,1568.0,1570.1,1568.0,1569.35,1294
2024-05-10 14:31:00,1570.0,1570.4,1568.9,1570.15,842
2024-05-10 14:32:00,1569.15,1570.3,1568.7,1568.75,1489
2024-05-10 14:33:00,1568.75,1570.0,1568.05,1568.2,1990
2024-05-10 14:34:00,1568.1,1568.9,1567.65,1568.5,1309
2024-05-10 14:35:00,1568.45,1569.6,1567.8,1568.85,2037
2024-05-10 14:36:00,1568.7,1569.6,1568.0,1568.15,1830
2024-05-10 14:37:00,1568.95,1569.95,1568.6,1569.6,1078
2024-05-10 14:38:00,1569.0,1569.9,1568.85,1569.9,1827
2024-05-10 14:39:00,1569.95,1570.0,1569.0,1569.95,1571
2024-05-10 14:40:00,1570.0,1570.0,1569.0,1569.35,6787
2024-05-10 14:41:00,1569.35,1569.95,1568.5,1569.9,1189
2024-05-10 14:42:00,1570.0,1570.7,1569.7,1570.45,4532
2024-05-10 14:43:00,1570.7,1572.0,1570.45,1571.8,697
2024-05-10 14:44:00,1572.0,1572.0,1570.6,1571.35,1430
2024-05-10 14:45:00,1571.45,1572.5,1570.2,1572.1,2185
2024-05-10 14:46:00,1572.1,1572.25,1570.55,1571.05,1027
2024-05-10 14:47:00,1571.65,1571.65,1570.0,1570.45,2220
2024-05-10 14:48:00,1570.45,1570.45,1568.7,1569.05,1267
2024-05-10 14:49:00,1568.8,1570.95,1568.8,1570.7,1492
2024-05-10 14:50:00,1570.0,1571.75,1569.65,1570.8,1869
2024-05-10 14:51:00,1570.8,1571.55,1570.3,1571.0,917
2024-05-10 14:52:00,1571.25,1571.55,1570.0,1571.15,2221
2024-05-10 14:53:00,1571.3,1571.6,1570.3,1571.2,1718
2024-05-10 14:54:00,1571.5,1572.65,1570.7,1572.25,3644
2024-05-10 14:55:00,1572.75,1573.35,1571.6,1572.35,2708
2024-05-10 14:56:00,1572.35,1573.1,1571.4,1572.65,3169
2024-05-10 14:57:00,1572.65,1572.65,1570.75,1571.3,1301
2024-05-10 14:58:00,1570.75,1572.35,1570.3,1570.3,7261
2024-05-10 14:59:00,1570.3,1572.55,1570.3,1571.45,3431
2024-05-10 15:00:00,1572.25,1574.55,1571.25,1572.2,12558
2024-05-10 15:01:00,1571.9,1573.45,1570.9,1573.15,7156
2024-05-10 15:02:00,1573.05,1575.0,1572.4,1573.55,8207
2024-05-10 15:03:00,1573.55,1574.8,1573.35,1574.5,4574
2024-05-10 15:04:00,1574.6,1575.2,1573.6,1574.05,7019
2024-05-10 15:05:00,1573.8,1574.8,1572.75,1574.8,6000
2024-05-10 15:06:00,1574.8,1577.2,1574.45,1575.05,11331
2024-05-10 15:07:00,1575.0,1576.45,1573.7,1573.7,5549
2024-05-10 15:08:00,1573.6,1574.25,1573.0,1573.45,3498
2024-05-10 15:09:00,1573.45,1575.25,1573.45,1574.35,4523
2024-05-10 15:10:00,1573.75,1574.45,1572.6,1572.8,2973
2024-05-10 15:11:00,1572.8,1573.25,1571.9,1572.2,3941
2024-05-10 15:12:00,1571.8,1572.95,1571.4,1571.95,5612
2024-05-10 15:13:00,1572.1,1572.85,1571.45,1572.05,3958
2024-05-10 15:14:00,1571.7,1572.3,1570.9,1571.2,4435
2024-05-10 15:15:00,1571.2,1573.3,1570.6,1572.0,7419
2024-05-10 15:16:00,1572.2,1574.6,1572.0,1574.15,6446
2024-05-10 15:17:00,1573.25,1574.25,1571.95,1573.6,4059
2024-05-10 15:18:00,1573.5,1573.8,1571.95,1573.2,3504
2024-05-10 15:19:00,1573.1,1573.15,1572.1,1572.35,2614
2024-05-10 15:20:00,1572.0,1572.4,1569.05,1570.7,11880
2024-05-10 15:21:00,1571.3,1571.7,1570.1,1571.25,5145
2024-05-10 15:22:00,1571.25,1571.65,1570.5,1570.6,5277
2024-05-10 15:23:00,1570.7,1571.35,1569.35,1570.3,3882
2024-05-10 15:24:00,1570.3,1571.8,1570.3,1570.95,5347
2024-05-10 15:25:00,1570.95,1571.45,1570.05,1570.1,4200
2024-05-10 15:26:00,1570.25,1572.0,1570.2,1570.8,5392
2024-05-10 15:27:00,1571.05,1573.0,1570.35,1570.35,5941
2024-05-10 15:28:00,1570.05,1574.75,1570.0,1570.5,5504
2024-05-10 15:29:00,1572.35,1575.0,1570.05,1571.0,5556
2024-05-13 09:15:00,1574.0,1578.25,1570.35,1570.35,7844
2024-05-13 09:16:00,1567.7,1572.0,1567.35,1570.9,5057
2024-05-13 09:17:00,1570.9,1570.9,1568.0,1570.15,2350
2024-05-13 09:18:00,1570.0,1574.05,1569.1,1573.05,1425
2024-05-13 09:19:00,1571.25,1573.2,1570.95,1571.95,1506
2024-05-13 09:20:00,1571.95,1574.1,1571.0,1571.05,1608
2024-05-13 09:21:00,1571.85,1572.25,1568.7,1569.85,1481
2024-05-13 09:22:00,1569.75,1570.7,1566.15,1566.85,2447
2024-05-13 09:23:00,1566.85,1567.6,1563.75,1564.8,9210
2024-05-13 09:24:00,1564.9,1566.5,1563.2,1564.15,2121
2024-05-13 09:25:00,1563.95,1565.4,1563.25,1563.95,1793
2024-05-13 09:26:00,1564.5,1567.6,1564.0,1567.5,3054
2024-05-13 09:27:00,1567.4,1567.45,1566.2,1567.3,492
2024-05-13 09:28:00,1567.25,1569.6,1566.95,1568.25,1574
2024-05-13 09:29:00,1568.25,1569.0,1567.45,1568.3,2517
2024-05-13 09:30:00,1569.0,1571.0,1568.95,1569.95,2031
2024-05-13 09:31:00,1569.9,1569.9,1565.5,1565.5,2008
2024-05-13 09:32:00,1565.0,1566.0,1564.5,1565.2,481
2024-05-13 09:33:00,1565.2,1565.3,1564.0,1564.7,479
2024-05-13 09:34:00,1564.7,1564.7,1563.45,1564.5,1207
2024-05-13 09:35:00,1564.5,1564.7,1563.1,1563.7,1334
2024-05-13 09:36:00,1563.7,1564.5,1562.05,1562.05,3451
2024-05-13 09:37:00,1562.05,1563.05,1561.55,1562.0,847
2024-05-13 09:38:00,1562.0,1562.5,1561.55,1561.6,1110
2024-05-13 09:39:00,1561.6,1562.65,1561.0,1562.55,2590
2024-05-13 09:40:00,1562.55,1564.0,1561.8,1564.0,1114
2024-05-13 09:41:00,1564.0,1564.5,1563.55,1564.0,1001
2024-05-13 09:42:00,1564.0,1564.6,1562.45,1562.45,1208
2024-05-13 09:43:00,1562.45,1563.4,1562.25,1562.95,404
2024-05-13 09:44:00,1562.35,1563.65,1561.5,1562.45,863
2024-05-13 09:45:00,1562.45,1563.75,1562.15,1562.75,388
2024-05-13 09:46:00,1562.6,1564.8,1562.5,1564.75,429
2024-05-13 09:47:00,1564.75,1565.75,1564.0,1565.65,1166
2024-05-13 09:48:00,1565.65,1566.25,1564.1,1565.9,736
2024-05-13 09:49:00,1565.9,1565.9,1564.75,1565.85,1553
2024-05-13 09:50:00,1565.85,1566.0,1564.25,1564.6,347
2024-05-13 09:51:00,1564.6,1564.6,1562.6,1563.3,1686
2024-05-13 09:52:00,1563.3,1564.7,1563.0,1564.25,829
2024-05-13 09:53:00,1564.25,1564.3,1563.0,1563.75,290
2024-05-13 09:54:00,1563.75,1563.75,1561.0,1562.75,2921
2024-05-13 09:55:00,1562.6,1563.1,1561.5,1562.5,723
2024-05-13 09:56:00,1562.55,1562.6,1560.0,1560.7,3914
2024-05-13 09:57:00,1560.7,1561.75,1560.0,1560.9,2141
2024-05-13 09:58:00,1560.9,1561.7,1560.5,1561.7,629
2024-05-13 09:59:00,1561.7,1562.7,1561.45,1561.95,312
2024-05-13 10:00:00,1561.95,1562.3,1561.0,1561.0,344
2024-05-13 10:01:00,1560.6,1560.6,1557.2,1558.0,7539
2024-05-13 10:02:00,1558.0,1559.75,1556.3,1558.4,6056
2024-05-13 10:03:00,1558.4,1559.2,1557.65,1558.65,321
2024-05-13 10:04:00,1558.0,1558.6,1556.7,1558.05,1151
2024-05-13 10:05:00,1558.05,1558.7,1557.3,1558.7,2341
2024-05-13 10:06:00,1558.7,1559.25,1558.0,1558.05,1441
2024-05-13 10:07:00,1558.05,1559.0,1557.7,1559.0,3487
2024-05-13 10:08:00,1559.4,1560.0,1557.8,1557.8,1082
2024-05-13 10:09:00,1557.8,1559.6,1557.8,1559.6,659
2024-05-13 10:10:00,1559.6,1560.65,1559.0,1559.6,1543
2024-05-13 10:11:00,1559.6,1559.95,1559.15,1559.9,358
2024-05-13 10:12:00,1559.9,1560.9,1559.2,1560.4,870
2024-05-13 10:13:00,1560.9,1561.0,1559.8,1560.55,730
2024-05-13 10:14:00,1561.0,1562.2,1560.05,1562.2,3488
2024-05-13 10:15:00,1562.2,1562.2,1560.45,1560.75,809
2024-05-13 10:16:00,1560.75,1562.0,1560.75,1561.0,314
2024-05-13 10:17:00,1560.95,1561.1,1560.0,1560.25,231
2024-05-13 10:18:00,1561.05,1561.1,1560.15,1561.0,176
2024-05-13 10:19:00,1560.45,1561.0,1559.45,1560.95,3091
2024-05-13 10:20:00,1560.95,1561.65,1560.35,1561.65,356
2024-05-13 10:21:00,1561.65,1561.65,1559.55,1560.0,822
2024-05-13 10:22:00,1560.0,1562.45,1559.25,1562.45,1050
2024-05-13 10:23:00,1562.45,1562.9,1561.95,1562.6,245
2024-05-13 10:24:00,1562.9,1564.7,1562.45,1564.4,4295
2024-05-13 10:25:00,1564.45,1565.0,1563.45,1565.0,1260
2024-05-13 10:26:00,1565.2,1566.0,1564.35,1565.85,3252
2024-05-13 10:27:00,1565.85,1565.85,1564.7,1565.45,564
2024-05-13 10:28:00,1565.0,1565.75,1563.9,1565.2,2887
2024-05-13 10:29:00,1565.2,1567.0,1564.6,1567.0,3206
2024-05-13 10:30:00,1567.0,1568.05,1566.0,1566.45,2256
2024-05-13 10:31:00,1566.45,1567.0,1566.0,1566.65,284
2024-05-13 10:32:00,1566.65,1567.0,1566.05,1566.85,893
2024-05-13 10:33:00,1566.85,1566.95,1565.2,1565.4,387
2024-05-13 10:34:00,1565.4,1565.8,1564.5,1565.4,585
2024-05-13 10:35:00,1565.4,1565.6,1564.4,1565.0,301
2024-05-13 10:36:00,1564.85,1565.85,1564.25,1565.85,230
2024-05-13 10:37:00,1565.75,1566.0,1565.1,1566.0,527
2024-05-13 10:38:00,1566.0,1566.7,1565.1,1565.85,779
2024-05-13 10:39:00,1566.25,1566.25,1563.45,1563.65,3267
2024-05-13 10:40:00,1564.2,1564.2,1562.15,1562.85,1094
2024-05-13 10:41:00,1562.85,1563.7,1562.0,1562.15,845
2024-05-13 10:42:00,1562.15,1562.95,1561.15,1562.95,417
2024-05-13 10:43:00,1562.95,1562.95,1561.0,1562.4,702
2024-05-13 10:44:00,1562.4,1563.0,1561.1,1561.1,127
2024-05-13 10:45:00,1562.05,1562.1,1560.0,1560.4,1283
2024-05-13 10:46:00,1560.4,1561.6,1560.0,1560.0,1329
2024-05-13 10:47:00,1560.2,1561.1,1560.0,1560.5,784
2024-05-13 10:48:00,1560.5,1561.9,1560.35,1561.9,154
2024-05-13 10:49:00,1561.9,1562.2,1561.6,1562.2,234
2024-05-13 10:50:00,1562.2,1562.2,1561.05,1561.55,331
2024-05-13 10:51:00,1561.55,1561.55,1560.8,1561.3,144
2024-05-13 10:52:00,1561.4,1562.3,1561.0,1562.3,462
2024-05-13 10:53:00,1562.55,1563.1,1562.3,1563.1,174
2024-05-13 10:54:00,1563.1,1564.0,1563.1,1564.0,217
2024-05-13 10:55:00,1564.35,1564.5,1563.45,1563.65,542
2024-05-13 10:56:00,1563.65,1563.85,1562.5,1563.4,408
2024-05-13 10:57:00,1563.4,1563.85,1562.5,1563.7,113
2024-05-13 10:58:00,1563.7,1563.75,1563.3,1563.75,113
2024-05-13 10:59:00,1563.75,1563.75,1562.75,1562.85,578
2024-05-13 11:00:00,1563.0,1564.7,1563.0,1563.6,763
2024-05-13 11:01:00,1563.6,1564.8,1562.7,1564.3,478
2024-05-13 11:02:00,1564.3,1565.0,1564.25,1564.55,433
2024-05-13 11:03:00,1564.55,1567.0,1564.3,1566.7,1246
2024-05-13 11:04:00,1566.7,1566.95,1566.35,1566.8,472
2024-05-13 11:05:00,1566.9,1566.9,1565.65,1566.75,393
2024-05-13 11:06:00,1566.2,1569.6,1566.2,1568.2,3752
2024-05-13 11:07:00,1568.0,1568.35,1567.15,1567.25,1213
2024-05-13 11:08:00,1567.65,1567.9,1566.45,1567.0,543
2024-05-13 11:09:00,1567.0,1568.8,1567.0,1567.55,920
2024-05-13 11:10:00,1567.55,1568.45,1567.0,1567.65,325
2024-05-13 11:11:00,1567.65,1568.2,1566.75,1566.75,763
2024-05-13 11:12:00,1566.75,1567.2,1566.5,1566.95,97
2024-05-13 11:13:00,1566.95,1567.45,1566.75,1567.35,142
2024-05-13 11:14:00,1567.6,1567.9,1566.1,1567.3,1487
2024-05-13 11:15:00,1567.3,1569.0,1567.15,1569.0,423
2024-05-13 11:16:00,1569.0,1569.5,1568.85,1569.45,268
2024-05-13 11:17:00,1569.55,1570.9,1569.5,1570.85,1057
2024-05-13 11:18:00,1570.9,1572.7,1570.05,1572.0,2129
2024-05-13 11:19:00,1571.85,1573.25,1571.85,1572.65,784
2024-05-13 11:20:00,1572.65,1572.65,1571.15,1571.75,660
2024-05-13 11:21:00,1571.75,1572.0,1571.3,1571.3,481
2024-05-13 11:22:00,1571.3,1571.45,1569.7,1569.7,536
2024-05-13 11:23:00,1569.7,1570.0,1568.45,1569.9,1875
2024-05-13 11:24:00,1569.9,1570.0,1568.9,1569.75,367
2024-05-13 11:25:00,1570.0,1570.0,1569.45,1569.95,2064
2024-05-13 11:26:00,1569.95,1570.0,1569.45,1569.95,195
2024-05-13 11:27:00,1569.95,1570.0,1569.2,1569.95,629
2024-05-13 11:28:00,1569.95,1570.0,1568.5,1568.5,861
2024-05-13 11:29:00,1568.5,1568.9,1568.0,1568.6,332
2024-05-13 11:30:00,1568.6,1568.6,1568.05,1568.4,320
2024-05-13 11:31:00,1568.4,1569.55,1568.05,1568.85,764
2024-05-13 11:32:00,1569.55,1569.8,1568.3,1569.0,1212
2024-05-13 11:33:00,1569.0,1569.75,1569.0,1569.75,128
2024-05-13 11:34:00,1569.75,1571.0,1569.65,1571.0,539
2024-05-13 11:35:00,1570.95,1572.0,1570.4,1571.7,287
2024-05-13 11:36:00,1572.0,1572.0,1571.85,1571.95,299
2024-05-13 11:37:00,1571.95,1572.65,1571.65,1571.95,4207
2024-05-13 11:38:00,1572.5,1572.65,1571.75,1572.65,406
2024-05-13 11:39:00,1572.6,1572.65,1571.65,1572.4,285
2024-05-13 11:40:00,1571.85,1572.45,1571.65,1572.15,596
2024-05-13 11:41:00,1572.15,1572.45,1571.65,1571.9,354
2024-05-13 11:42:00,1572.35,1572.45,1571.7,1572.45,453
2024-05-13 11:43:00,1572.45,1573.8,1572.4,1573.65,3211
2024-05-13 11:44:00,1573.75,1573.8,1572.6,1573.75,416
2024-05-13 11:45:00,1573.75,1573.8,1572.15,1572.15,769
2024-05-13 11:46:00,1572.8,1573.0,1572.0,1573.0,791
2024-05-13 11:47:00,1573.0,1573.0,1572.95,1573.0,586
2024-05-13 11:48:00,1573.0,1573.7,1573.0,1573.6,2339
2024-05-13 11:49:00,1573.6,1573.6,1571.65,1572.0,583
2024-05-13 11:50:00,1572.5,1573.45,1572.15,1573.45,287
2024-05-13 11:51:00,1573.45,1573.5,1572.8,1573.4,472
2024-05-13 11:52:00,1573.4,1573.5,1573.2,1573.45,136
2024-05-13 11:53:00,1573.45,1573.5,1572.05,1572.65,284
2024-05-13 11:54:00,1572.65,1573.95,1572.65,1573.75,675
2024-05-13 11:55:00,1573.8,1574.0,1572.6,1572.6,517
2024-05-13 11:56:00,1572.65,1572.8,1571.9,1572.3,772
2024-05-13 11:57:00,1573.1,1573.6,1572.75,1573.45,527
2024-05-13 11:58:00,1573.45,1573.8,1573.0,1573.75,456
2024-05-13 11:59:00,1573.75,1573.8,1573.0,1573.3,282
2024-05-13 12:00:00,1573.75,1575.0,1573.75,1574.5,962
2024-05-13 12:01:00,1574.9,1575.0,1574.0,1574.25,1236
2024-05-13 12:02:00,1574.45,1574.95,1573.55,1574.65,698
2024-05-13 12:03:00,1574.65,1574.65,1573.3,1574.0,212
2024-05-13 12:04:00,1574.0,1574.0,1572.85,1573.3,486
2024-05-13 12:05:00,1573.45,1574.3,1573.0,1573.8,667
2024-05-13 12:06:00,1573.95,1574.45,1572.75,1574.45,514
2024-05-13 12:07:00,1574.45,1574.95,1574.05,1574.95,380
2024-05-13 12:08:00,1574.85,1574.95,1573.35,1574.2,429
2024-05-13 12:09:00,1574.2,1574.55,1573.4,1574.15,209
2024-05-13 12:10:00,1574.15,1574.2,1572.75,1573.2,148
2024-05-13 12:11:00,1573.2,1573.75,1572.8,1573.75,386
2024-05-13 12:12:00,1573.8,1573.95,1572.05,1572.4,708
2024-05-13 12:13:00,1572.4,1572.7,1572.05,1572.6,247
2024-05-13 12:14:00,1572.6,1573.3,1572.15,1573.15,457
2024-05-13 12:15:00,1573.3,1573.45,1572.55,1573.45,899
2024-05-13 12:16:00,1573.45,1573.6,1572.5,1573.45,270
2024-05-13 12:17:00,1573.5,1573.5,1572.1,1572.45,807
2024-05-13 12:18:00,1572.55,1572.55,1572.0,1572.0,244
2024-05-13 12:19:00,1572.25,1572.75,1571.65,1572.7,1825
2024-05-13 12:20:00,1572.65,1572.75,1571.65,1572.5,338
2024-05-13 12:21:00,1572.5,1572.95,1572.15,1572.75,309
2024-05-13 12:22:00,1572.95,1573.1,1572.25,1573.0,560
2024-05-13 12:23:00,1572.5,1573.85,1572.5,1572.7,318
2024-05-13 12:24:00,1573.25,1573.95,1572.35,1573.25,991
2024-05-13 12:25:00,1573.25,1574.85,1572.65,1574.85,791
2024-05-13 12:26:00,1574.8,1574.85,1573.55,1574.0,1317
2024-05-13 12:27:00,1574.0,1574.85,1574.0,1574.75,214
2024-05-13 12:28:00,1574.75,1574.85,1573.5,1574.75,871
2024-05-13 12:29:00,1574.75,1575.0,1574.1,1575.0,390
2024-05-13 12:30:00,1575.0,1576.25,1574.95,1575.6,1577
2024-05-13 12:31:00,1575.6,1575.8,1575.0,1575.8,181
2024-05-13 12:32:00,1575.8,1576.0,1575.1,1575.3,397
2024-05-13 12:33:00,1575.95,1576.75,1575.45,1576.4,625
2024-05-13 12:34:00,1576.55,1577.15,1576.35,1576.9,1267
2024-05-13 12:35:00,1576.85,1576.95,1576.25,1576.9,616
2024-05-13 12:36:00,1576.85,1577.0,1575.45,1576.25,1396
2024-05-13 12:37:00,1576.25,1576.5,1575.35,1575.4,140
2024-05-13 12:38:00,1575.7,1576.0,1575.35,1575.8,357
2024-05-13 12:39:00,1575.8,1576.0,1575.5,1576.0,642
2024-05-13 12:40:00,1576.0,1576.25,1575.8,1576.25,918
2024-05-13 12:41:00,1576.25,1576.5,1575.8,1576.5,468
2024-05-13 12:42:00,1576.5,1578.5,1576.5,1578.5,2555
2024-05-13 12:43:00,1578.5,1579.2,1578.05,1578.25,10753
2024-05-13 12:44:00,1578.25,1578.5,1577.1,1577.5,478
2024-05-13 12:45:00,1577.5,1577.5,1576.35,1576.65,820
2024-05-13 12:46:00,1576.55,1576.6,1575.0,1575.35,1383
2024-05-13 12:47:00,1575.95,1576.1,1575.25,1575.95,382
2024-05-13 12:48:00,1575.95,1576.5,1575.4,1576.25,482
2024-05-13 12:49:00,1576.25,1576.25,1575.2,1575.75,310
2024-05-13 12:50:00,1575.9,1575.95,1575.1,1575.1,150
2024-05-13 12:51:00,1575.4,1575.4,1575.1,1575.4,254
2024-05-13 12:52:00,1575.4,1575.4,1573.2,1574.65,6072
2024-05-13 12:53:00,1574.65,1575.4,1574.35,1575.4,342
2024-05-13 12:54:00,1575.4,1576.0,1574.7,1575.85,302
2024-05-13 12:55:00,1575.1,1576.05,1575.1,1575.9,288
2024-05-13 12:56:00,1575.9,1575.95,1575.25,1575.6,465
2024-05-13 12:57:00,1575.6,1576.5,1575.05,1576.5,393
2024-05-13 12:58:00,1576.5,1577.75,1575.7,1577.05,1633
2024-05-13 12:59:00,1577.8,1577.95,1577.0,1577.1,335
2024-05-13 13:00:00,1577.75,1577.95,1577.1,1577.45,151
2024-05-13 13:01:00,1577.45,1577.45,1576.3,1577.15,330
2024-05-13 13:02:00,1577.0,1577.0,1575.55,1576.5,687
2024-05-13 13:03:00,1576.45,1576.5,1575.5,1576.4,143
2024-05-13 13:04:00,1576.4,1576.45,1575.15,1575.7,5430
2024-05-13 13:05:00,1575.5,1576.95,1575.05,1576.8,740
2024-05-13 13:06:00,1576.8,1577.0,1575.9,1576.95,109
2024-05-13 13:07:00,1576.95,1577.0,1575.95,1576.7,290
2024-05-13 13:08:00,1576.7,1576.95,1576.1,1576.9,126
2024-05-13 13:09:00,1576.95,1576.95,1576.05,1576.5,224
2024-05-13 13:10:00,1576.5,1576.9,1575.85,1576.6,336
2024-05-13 13:11:00,1576.6,1576.75,1575.65,1576.0,82
2024-05-13 13:12:00,1576.0,1576.6,1575.6,1576.0,173
2024-05-13 13:13:00,1576.0,1576.95,1575.95,1576.5,1030
2024-05-13 13:14:00,1576.5,1577.0,1575.8,1576.6,299
2024-05-13 13:15:00,1576.6,1577.0,1576.6,1577.0,210
2024-05-13 13:16:00,1576.95,1577.45,1576.5,1576.9,380
2024-05-13 13:17:00,1576.95,1577.2,1576.05,1576.95,348
2024-05-13 13:18:00,1576.95,1577.45,1576.2,1577.0,546
2024-05-13 13:19:00,1577.0,1577.3,1576.15,1577.05,174
2024-05-13 13:20:00,1577.0,1577.3,1576.3,1577.0,376
2024-05-13 13:21:00,1576.95,1577.05,1576.0,1576.45,76
2024-05-13 13:22:00,1576.4,1576.5,1575.1,1575.75,745
2024-05-13 13:23:00,1575.1,1575.7,1570.9,1571.45,3572
2024-05-13 13:24:00,1571.85,1572.3,1570.55,1571.6,1069
2024-05-13 13:25:00,1571.6,1573.15,1570.65,1573.15,1015
2024-05-13 13:26:00,1573.15,1573.35,1571.65,1573.2,982
2024-05-13 13:27:00,1573.2,1573.7,1572.25,1573.35,510
2024-05-13 13:28:00,1573.35,1573.35,1572.0,1572.0,203
2024-05-13 13:29:00,1571.9,1572.4,1571.25,1572.4,728
2024-05-13 13:30:00,1572.4,1572.55,1571.6,1572.55,301
2024-05-13 13:31:00,1572.55,1572.55,1570.0,1570.8,1146
2024-05-13 13:32:00,1570.8,1570.8,1569.6,1569.6,1213
2024-05-13 13:33:00,1570.25,1570.25,1567.2,1569.05,4174
2024-05-13 13:34:00,1568.9,1569.35,1567.75,1569.2,420
2024-05-13 13:35:00,1569.1,1569.2,1568.0,1568.9,823
2024-05-13 13:36:00,1568.9,1569.05,1568.0,1568.9,362
2024-05-13 13:37:00,1568.9,1569.55,1568.45,1569.5,257
2024-05-13 13:38:00,1569.5,1570.65,1569.25,1570.5,525
2024-05-13 13:39:00,1570.55,1570.95,1570.15,1570.2,219
2024-05-13 13:40:00,1570.8,1571.55,1569.3,1571.55,823
2024-05-13 13:41:00,1571.35,1571.4,1570.3,1571.35,409
2024-05-13 13:42:00,1571.35,1571.4,1570.95,1571.2,150
2024-05-13 13:43:00,1571.2,1571.25,1570.45,1570.45,184
2024-05-13 13:44:00,1571.0,1571.3,1570.25,1570.25,136
2024-05-13 13:45:00,1570.15,1571.3,1570.15,1571.2,402
2024-05-13 13:46:00,1571.2,1571.7,1570.15,1571.1,301
2024-05-13 13:47:00,1571.2,1571.5,1570.5,1571.0,321
2024-05-13 13:48:00,1571.1,1572.0,1570.75,1572.0,232
2024-05-13 13:49:00,1572.0,1574.2,1571.9,1574.2,476
2024-05-13 13:50:00,1574.25,1575.4,1573.9,1575.35,659
2024-05-13 13:51:00,1575.55,1576.15,1575.25,1575.95,698
2024-05-13 13:52:00,1575.95,1576.05,1575.55,1575.55,541
2024-05-13 13:53:00,1576.05,1577.45,1575.55,1577.45,1525
2024-05-13 13:54:00,1577.45,1579.9,1577.3,1579.9,4405
2024-05-13 13:55:00,1579.9,1582.5,1579.9,1581.45,5364
2024-05-13 13:56:00,1581.45,1583.0,1581.0,1583.0,2682
2024-05-13 13:57:00,1583.0,1583.5,1582.1,1583.0,1955
2024-05-13 13:58:00,1582.9,1583.2,1581.5,1581.9,707
2024-05-13 13:59:00,1581.9,1581.9,1580.6,1581.5,344
2024-05-13 14:00:00,1581.75,1582.95,1581.75,1582.3,1911
2024-05-13 14:01:00,1582.3,1582.7,1581.45,1581.6,758
2024-05-13 14:02:00,1581.6,1582.55,1581.35,1582.45,874
2024-05-13 14:03:00,1582.45,1582.45,1581.4,1581.9,424
2024-05-13 14:04:00,1582.0,1582.35,1581.5,1581.5,723
2024-05-13 14:05:00,1582.0,1582.5,1581.5,1582.3,381
2024-05-13 14:06:00,1582.3,1582.3,1582.0,1582.3,393
2024-05-13 14:07:00,1582.3,1582.3,1580.55,1581.45,746
2024-05-13 14:08:00,1581.45,1581.65,1580.25,1580.7,754
2024-05-13 14:09:00,1580.7,1581.15,1578.4,1579.8,4999
2024-05-13 14:10:00,1579.8,1580.7,1579.1,1579.5,471
2024-05-13 14:11:00,1580.1,1580.25,1579.0,1580.15,510
2024-05-13 14:12:00,1580.15,1580.95,1579.55,1580.2,301
2024-05-13 14:13:00,1580.9,1581.25,1580.45,1581.15,561
2024-05-13 14:14:00,1580.85,1581.25,1579.35,1581.25,2396
2024-05-13 14:15:00,1581.25,1581.75,1581.25,1581.45,793
2024-05-13 14:16:00,1581.45,1581.75,1580.4,1581.3,582
2024-05-13 14:17:00,1581.3,1583.2,1581.2,1582.95,1048
2024-05-13 14:18:00,1582.95,1583.0,1582.05,1582.95,599
2024-05-13 14:19:00,1582.95,1582.95,1580.75,1581.9,2161
2024-05-13 14:20:00,1581.95,1582.0,1580.55,1582.0,2343
2024-05-13 14:21:00,1582.0,1582.0,1580.85,1581.4,606
2024-05-13 14:22:00,1581.6,1581.95,1580.55,1581.85,465
2024-05-13 14:23:00,1581.85,1582.0,1580.4,1581.25,383
2024-05-13 14:24:00,1581.2,1581.95,1580.75,1581.4,411
2024-05-13 14:25:00,1581.4,1582.0,1581.3,1581.4,242
2024-05-13 14:26:00,1581.7,1582.0,1580.6,1582.0,388
2024-05-13 14:27:00,1582.0,1582.95,1581.65,1582.35,1454
2024-05-13 14:28:00,1582.6,1583.0,1581.95,1583.0,192
2024-05-13 14:29:00,1583.0,1583.45,1582.0,1583.45,277
2024-05-13 14:30:00,1583.45,1583.95,1582.95,1583.95,743
2024-05-13 14:31:00,1583.95,1584.0,1583.3,1584.0,650
2024-05-13 14:32:00,1584.0,1584.0,1583.45,1584.0,363
2024-05-13 14:33:00,1584.0,1584.0,1583.15,1583.8,695
2024-05-13 14:34:00,1583.95,1584.0,1583.0,1583.95,464
2024-05-13 14:35:00,1583.95,1583.95,1583.0,1583.8,589
2024-05-13 14:36:00,1583.8,1583.95,1583.55,1583.95,286
2024-05-13 14:37:00,1583.95,1583.95,1583.1,1583.5,422
2024-05-13 14:38:00,1583.5,1583.9,1583.1,1583.8,357
2024-05-13 14:39:00,1583.8,1585.0,1583.6,1585.0,6569
2024-05-13 14:40:00,1585.0,1585.0,1584.4,1585.0,1192
2024-05-13 14:41:00,1585.0,1585.0,1584.0,1584.45,443
2024-05-13 14:42:00,1584.45,1585.0,1584.3,1584.95,749
2024-05-13 14:43:00,1584.95,1585.0,1584.1,1585.0,501
2024-05-13 14:44:00,1585.0,1586.1,1584.45,1585.85,1992
2024-05-13 14:45:00,1585.85,1587.0,1584.0,1584.95,1772
2024-05-13 14:46:00,1584.95,1585.45,1584.1,1584.95,570
2024-05-13 14:47:00,1584.7,1585.45,1584.5,1585.45,254
2024-05-13 14:48:00,1585.45,1585.45,1584.0,1584.0,902
2024-05-13 14:49:00,1584.65,1585.45,1584.05,1585.4,610
2024-05-13 14:50:00,1585.4,1585.4,1579.25,1580.05,21569
2024-05-13 14:51:00,1580.05,1580.45,1579.2,1579.9,1049
2024-05-13 14:52:00,1580.45,1580.95,1579.9,1580.95,1288
2024-05-13 14:53:00,1580.9,1581.85,1580.2,1581.85,567
2024-05-13 14:54:00,1581.85,1581.85,1580.2,1580.2,1606
2024-05-13 14:55:00,1580.4,1580.95,1579.5,1579.95,2122
2024-05-13 14:56:00,1579.95,1580.1,1579.65,1580.0,3491
2024-05-13 14:57:00,1580.0,1580.0,1579.2,1579.85,1556
2024-05-13 14:58:00,1579.5,1581.65,1579.25,1581.65,5430
2024-05-13 14:59:00,1581.65,1581.65,1580.0,1580.5,795
2024-05-13 15:00:00,1580.95,1582.6,1580.5,1580.5,1099
2024-05-13 15:01:00,1580.65,1580.65,1575.7,1578.9,6571
2024-05-13 15:02:00,1579.55,1580.0,1577.95,1577.95,690
2024-05-13 15:03:00,1578.65,1579.5,1577.45,1578.05,2629
2024-05-13 15:04:00,1579.05,1580.0,1578.1,1579.7,795
2024-05-13 15:05:00,1579.95,1580.7,1579.0,1580.55,881
2024-05-13 15:06:00,1580.7,1582.0,1580.25,1580.65,730
2024-05-13 15:07:00,1580.65,1582.0,1580.6,1581.9,1223
2024-05-13 15:08:00,1581.75,1581.8,1580.35,1581.65,1022
2024-05-13 15:09:00,1581.65,1582.0,1580.7,1581.9,1392
2024-05-13 15:10:00,1581.9,1582.0,1580.65,1581.0,719
2024-05-13 15:11:00,1581.0,1581.0,1580.2,1580.95,2371
2024-05-13 15:12:00,1580.95,1580.95,1578.95,1579.45,2784
2024-05-13 15:13:00,1579.45,1579.5,1578.9,1579.2,851
2024-05-13 15:14:00,1579.2,1579.45,1578.1,1578.45,1262
2024-05-13 15:15:00,1578.25,1579.75,1578.25,1579.75,1429
2024-05-13 15:16:00,1579.75,1580.0,1578.7,1579.0,3769
2024-05-13 15:17:00,1579.0,1579.9,1578.3,1579.9,1969
2024-05-13 15:18:00,1579.9,1581.6,1579.45,1581.5,3396
2024-05-13 15:19:00,1581.25,1582.0,1581.25,1582.0,2296
2024-05-13 15:20:00,1582.0,1583.65,1581.0,1581.95,5222
2024-05-13 15:21:00,1581.75,1582.05,1581.75,1582.0,1882
2024-05-13 15:22:00,1582.0,1583.7,1581.85,1583.35,1409
2024-05-13 15:23:00,1583.5,1584.5,1583.05,1584.15,1530
2024-05-13 15:24:00,1584.0,1584.3,1583.0,1584.0,2307
2024-05-13 15:25:00,1584.0,1584.0,1582.2,1582.45,2685
2024-05-13 15:26:00,1582.45,1582.95,1580.05,1580.05,2829
2024-05-13 15:27:00,1580.0,1583.0,1579.25,1581.65,2980
2024-05-13 15:28:00,1583.0,1583.0,1577.0,1577.1,6649
2024-05-13 15:29:00,1577.1,1580.0,1577.1,1577.5,726
2024-05-14 09:15:00,1575.35,1589.9,1575.35,1582.85,9594
2024-05-14 09:16:00,1583.0,1584.95,1580.85,1583.8,3271
2024-05-14 09:17:00,1583.8,1584.55,1582.2,1584.5,4606
2024-05-14 09:18:00,1584.5,1584.5,1582.3,1582.35,855
2024-05-14 09:19:00,1582.35,1583.25,1581.2,1583.25,2052
2024-05-14 09:20:00,1583.25,1583.25,1578.6,1579.15,2072
2024-05-14 09:21:00,1578.3,1579.65,1577.25,1579.55,2631
2024-05-14 09:22:00,1580.2,1580.95,1578.5,1579.85,1441
2024-05-14 09:23:00,1579.3,1579.45,1578.0,1578.3,756
2024-05-14 09:24:00,1578.3,1578.4,1576.55,1576.8,2296
2024-05-14 09:25:00,1576.8,1578.35,1575.35,1575.9,2072
2024-05-14 09:26:00,1576.0,1579.6,1576.0,1579.1,1625
2024-05-14 09:27:00,1579.1,1583.55,1579.05,1583.55,10232
2024-05-14 09:28:00,1583.35,1583.6,1579.95,1580.9,1966
2024-05-14 09:29:00,1580.9,1580.9,1576.15,1578.75,2541
2024-05-14 09:30:00,1578.75,1581.0,1577.3,1578.2,1967
2024-05-14 09:31:00,1577.9,1578.95,1576.7,1578.25,1389
2024-05-14 09:32:00,1578.25,1578.25,1577.25,1577.25,984
2024-05-14 09:33:00,1577.55,1578.55,1577.0,1577.0,2019
2024-05-14 09:34:00,1576.65,1578.35,1574.65,1578.35,5741
2024-05-14 09:35:00,1578.35,1578.35,1575.95,1576.3,1512
2024-05-14 09:36:00,1576.3,1578.7,1576.0,1577.25,4895
2024-05-14 09:37:00,1577.45,1577.45,1575.4,1576.45,2958
2024-05-14 09:38:00,1576.5,1577.0,1575.2,1576.95,1743
2024-05-14 09:39:00,1576.95,1579.0,1576.9,1577.55,903
2024-05-14 09:40:00,1577.95,1578.0,1576.5,1578.0,807
2024-05-14 09:41:00,1578.0,1578.0,1575.4,1576.1,777
2024-05-14 09:42:00,1576.1,1577.0,1575.2,1576.1,1057
2024-05-14 09:43:00,1576.1,1577.0,1575.05,1575.3,1154
2024-05-14 09:44:00,1575.3,1576.2,1574.5,1576.2,3156
2024-05-14 09:45:00,1576.2,1576.45,1574.6,1576.25,2263
2024-05-14 09:46:00,1576.25,1576.25,1571.5,1573.25,5530
2024-05-14 09:47:00,1573.25,1574.9,1572.75,1572.75,788
2024-05-14 09:48:00,1572.65,1574.3,1572.6,1573.6,603
2024-05-14 09:49:00,1573.6,1575.4,1572.6,1574.75,2498
2024-05-14 09:50:00,1574.75,1575.0,1573.95,1574.45,1171
2024-05-14 09:51:00,1574.45,1574.9,1572.5,1573.3,1232
2024-05-14 09:52:00,1573.3,1573.3,1572.5,1573.0,1419
2024-05-14 09:53:00,1573.0,1573.35,1572.0,1572.6,1041
2024-05-14 09:54:00,1572.6,1572.6,1569.55,1570.85,4019
2024-05-14 09:55:00,1570.85,1571.8,1569.05,1571.5,1646
2024-05-14 09:56:00,1571.5,1577.35,1571.2,1576.5,3259
2024-05-14 09:57:00,1576.75,1578.95,1571.65,1573.15,4139
2024-05-14 09:58:00,1573.15,1575.25,1572.5,1574.75,717
2024-05-14 09:59:00,1574.75,1574.75,1573.0,1574.0,449
2024-05-14 10:00:00,1574.0,1574.45,1573.35,1573.8,494
2024-05-14 10:01:00,1573.8,1574.65,1571.25,1571.25,2133
2024-05-14 10:02:00,1571.25,1571.7,1570.0,1570.6,2221
2024-05-14 10:03:00,1570.6,1572.3,1570.0,1571.35,2698
2024-05-14 10:04:00,1571.35,1572.0,1570.5,1570.8,1170
2024-05-14 10:05:00,1570.8,1571.9,1570.7,1570.7,365
2024-05-14 10:06:00,1570.7,1571.75,1569.3,1570.9,1810
2024-05-14 10:07:00,1570.9,1574.95,1570.9,1573.7,3008
2024-05-14 10:08:00,1573.7,1574.05,1572.0,1572.05,422
2024-05-14 10:09:00,1572.05,1572.6,1570.85,1571.55,690
2024-05-14 10:10:00,1571.55,1572.1,1570.1,1570.9,3586
2024-05-14 10:11:00,1570.9,1572.35,1570.65,1571.0,570
2024-05-14 10:12:00,1571.25,1571.7,1570.7,1571.25,526
2024-05-14 10:13:00,1571.25,1572.85,1571.25,1572.85,357
2024-05-14 10:14:00,1573.0,1573.7,1572.5,1573.5,339
2024-05-14 10:15:00,1573.5,1575.45,1572.8,1575.45,927
2024-05-14 10:16:00,1575.65,1575.75,1574.35,1575.0,235
2024-05-14 10:17:00,1575.0,1575.6,1573.7,1574.85,1549
2024-05-14 10:18:00,1574.85,1575.65,1574.5,1575.65,1027
2024-05-14 10:19:00,1575.65,1575.65,1573.3,1574.55,511
2024-05-14 10:20:00,1574.55,1574.55,1573.8,1574.55,198
2024-05-14 10:21:00,1574.55,1574.55,1573.25,1573.95,392
2024-05-14 10:22:00,1573.95,1574.5,1573.3,1573.9,291
2024-05-14 10:23:00,1573.9,1574.3,1573.45,1573.7,520
2024-05-14 10:24:00,1573.7,1574.35,1573.0,1573.9,126
2024-05-14 10:25:00,1573.9,1573.9,1573.0,1573.65,446
2024-05-14 10:26:00,1573.65,1574.5,1573.6,1574.5,165
2024-05-14 10:27:00,1574.1,1575.0,1573.9,1574.0,869
2024-05-14 10:28:00,1574.0,1578.05,1574.0,1577.4,2376
2024-05-14 10:29:00,1577.4,1578.85,1577.05,1578.2,2392
2024-05-14 10:30:00,1578.2,1578.3,1577.3,1577.6,243
2024-05-14 10:31:00,1577.6,1578.35,1576.8,1577.7,1521
2024-05-14 10:32:00,1577.05,1578.0,1577.05,1577.35,2037
2024-05-14 10:33:00,1577.35,1582.0,1577.35,1580.5,6015
2024-05-14 10:34:00,1580.5,1581.4,1580.05,1580.05,388
2024-05-14 10:35:00,1580.05,1580.4,1578.95,1579.9,625
2024-05-14 10:36:00,1579.5,1580.0,1579.0,1580.0,397
2024-05-14 10:37:00,1580.0,1580.4,1579.55,1580.4,1100
2024-05-14 10:38:00,1580.4,1581.75,1580.4,1581.7,1246
2024-05-14 10:39:00,1581.05,1581.6,1580.25,1580.25,1684
2024-05-14 10:40:00,1580.25,1580.95,1580.0,1580.05,771
2024-05-14 10:41:00,1580.05,1580.35,1580.0,1580.0,945
2024-05-14 10:42:00,1580.0,1581.45,1579.4,1581.45,787
2024-05-14 10:43:00,1581.45,1581.65,1580.15,1581.15,1011
2024-05-14 10:44:00,1581.15,1581.5,1580.2,1581.5,516
2024-05-14 10:45:00,1581.75,1582.0,1580.9,1581.75,2851
2024-05-14 10:46:00,1581.75,1581.75,1579.6,1580.65,452
2024-05-14 10:47:00,1580.65,1581.6,1579.85,1581.15,591
2024-05-14 10:48:00,1581.15,1581.15,1580.0,1580.05,2723
2024-05-14 10:49:00,1580.05,1581.0,1579.8,1580.6,446
2024-05-14 10:50:00,1580.6,1580.9,1580.0,1580.65,483
2024-05-14 10:51:00,1580.65,1580.65,1579.5,1580.05,386
2024-05-14 10:52:00,1580.05,1580.05,1578.6,1578.6,1035
2024-05-14 10:53:00,1578.75,1579.3,1577.8,1578.45,842
2024-05-14 10:54:00,1578.9,1578.9,1577.6,1578.15,143
2024-05-14 10:55:00,1578.15,1578.15,1576.0,1576.5,856
2024-05-14 10:56:00,1576.5,1576.5,1574.0,1574.6,1654
2024-05-14 10:57:00,1574.2,1575.7,1574.2,1574.9,629
2024-05-14 10:58:00,1574.9,1576.8,1574.9,1576.8,268
2024-05-14 10:59:00,1576.8,1576.8,1575.7,1576.45,899
2024-05-14 11:00:00,1576.45,1576.45,1576.0,1576.2,186
2024-05-14 11:01:00,1576.2,1578.5,1576.2,1578.5,926
2024-05-14 11:02:00,1578.5,1579.95,1578.15,1579.95,2804
2024-05-14 11:03:00,1579.95,1581.55,1579.95,1580.7,1116
2024-05-14 11:04:00,1581.0,1582.0,1580.85,1580.95,1020
2024-05-14 11:05:00,1580.95,1581.3,1580.15,1581.3,461
2024-05-14 11:06:00,1581.3,1581.65,1581.05,1581.5,868
2024-05-14 11:07:00,1581.5,1581.9,1580.45,1581.9,614
2024-05-14 11:08:00,1581.9,1581.9,1580.0,1580.5,2821
2024-05-14 11:09:00,1580.5,1581.15,1580.0,1580.3,287
2024-05-14 11:10:00,1580.3,1581.3,1580.0,1580.6,573
2024-05-14 11:11:00,1580.6,1580.6,1578.8,1579.95,2308
2024-05-14 11:12:00,1579.95,1579.95,1579.4,1579.75,240
2024-05-14 11:13:00,1579.75,1579.75,1578.55,1578.95,974
2024-05-14 11:14:00,1578.35,1578.55,1577.2,1577.9,712
2024-05-14 11:15:00,1578.5,1579.95,1577.85,1579.35,958
2024-05-14 11:16:00,1579.15,1579.95,1578.25,1578.95,927
2024-05-14 11:17:00,1578.8,1579.9,1578.8,1579.25,523
2024-05-14 11:18:00,1579.85,1580.0,1579.0,1580.0,699
2024-05-14 11:19:00,1580.0,1581.3,1580.0,1581.05,642
2024-05-14 11:20:00,1581.05,1581.05,1580.0,1580.0,928
2024-05-14 11:21:00,1580.0,1580.55,1579.8,1580.0,2027
2024-05-14 11:22:00,1580.05,1581.0,1580.0,1581.0,2544
2024-05-14 11:23:00,1581.0,1581.15,1579.65,1580.1,940
2024-05-14 11:24:00,1580.1,1580.9,1580.0,1580.9,7248
2024-05-14 11:25:00,1580.9,1580.9,1579.65,1580.05,350
2024-05-14 11:26:00,1580.05,1580.7,1578.9,1580.0,654
2024-05-14 11:27:00,1580.25,1580.25,1578.25,1579.8,1433
2024-05-14 11:28:00,1579.8,1579.8,1577.75,1578.1,624
2024-05-14 11:29:00,1578.1,1578.6,1577.6,1577.9,348
2024-05-14 11:30:00,1577.9,1578.55,1577.6,1578.4,545
2024-05-14 11:31:00,1578.4,1580.95,1578.05,1580.1,3096
2024-05-14 11:32:00,1580.1,1580.8,1580.05,1580.8,778
2024-05-14 11:33:00,1580.8,1580.8,1580.3,1580.45,841
2024-05-14 11:34:00,1580.55,1580.55,1578.45,1579.75,2793
2024-05-14 11:35:00,1579.75,1580.55,1578.85,1580.2,2049
2024-05-14 11:36:00,1580.2,1580.2,1579.25,1579.8,343
2024-05-14 11:37:00,1579.8,1580.7,1579.2,1580.55,582
2024-05-14 11:38:00,1580.55,1580.75,1579.65,1579.65,366
2024-05-14 11:39:00,1580.05,1580.55,1579.1,1579.65,627
2024-05-14 11:40:00,1579.65,1580.7,1579.35,1580.25,208
2024-05-14 11:41:00,1580.25,1580.75,1580.0,1580.7,438
2024-05-14 11:42:00,1580.9,1581.0,1580.2,1580.7,308
2024-05-14 11:43:00,1580.7,1580.9,1580.3,1580.9,117
2024-05-14 11:44:00,1580.85,1580.85,1580.05,1580.25,119
2024-05-14 11:45:00,1580.25,1580.25,1579.4,1579.7,720
2024-05-14 11:46:00,1580.0,1580.4,1579.35,1580.25,280
2024-05-14 11:47:00,1580.25,1580.9,1580.05,1580.9,433
2024-05-14 11:48:00,1580.9,1581.75,1580.9,1581.75,1054
2024-05-14 11:49:00,1581.75,1583.0,1581.1,1583.0,1198
2024-05-14 11:50:00,1583.0,1583.0,1581.95,1581.95,659
2024-05-14 11:51:00,1581.95,1582.05,1581.45,1581.7,464
2024-05-14 11:52:00,1581.7,1581.7,1581.1,1581.2,453
2024-05-14 11:53:00,1581.2,1581.2,1580.9,1580.95,796
2024-05-14 11:54:00,1580.95,1581.3,1580.5,1581.1,1221
2024-05-14 11:55:00,1581.1,1581.65,1580.6,1580.6,549
2024-05-14 11:56:00,1580.3,1580.75,1580.0,1580.15,1706
2024-05-14 11:57:00,1580.75,1581.4,1580.4,1580.4,324
2024-05-14 11:58:00,1580.4,1580.4,1580.2,1580.2,106
2024-05-14 11:59:00,1580.25,1580.25,1580.05,1580.05,173
2024-05-14 12:00:00,1580.05,1581.45,1580.0,1580.5,2907
2024-05-14 12:01:00,1580.5,1580.75,1580.0,1580.35,481
2024-05-14 12:02:00,1580.35,1581.05,1580.05,1580.9,195
2024-05-14 12:03:00,1580.9,1581.25,1580.05,1580.8,730
2024-05-14 12:04:00,1580.8,1581.9,1580.25,1581.85,297
2024-05-14 12:05:00,1581.85,1581.95,1581.15,1581.95,303
2024-05-14 12:06:00,1581.95,1581.95,1581.15,1581.45,323
2024-05-14 12:07:00,1581.45,1581.75,1581.0,1581.2,456
2024-05-14 12:08:00,1581.05,1581.05,1580.25,1580.6,384
2024-05-14 12:09:00,1580.6,1581.0,1580.25,1580.7,472
2024-05-14 12:10:00,1580.7,1580.8,1580.0,1580.6,1074
2024-05-14 12:11:00,1580.5,1580.5,1579.85,1579.85,239
2024-05-14 12:12:00,1579.85,1580.15,1579.85,1580.05,480
2024-05-14 12:13:00,1580.05,1580.2,1580.0,1580.15,468
2024-05-14 12:14:00,1580.15,1580.75,1580.15,1580.15,183
2024-05-14 12:15:00,1580.35,1580.35,1579.85,1580.0,2002
2024-05-14 12:16:00,1580.15,1580.65,1579.85,1580.0,903
2024-05-14 12:17:00,1580.15,1580.15,1579.9,1580.15,1468
2024-05-14 12:18:00,1580.15,1580.9,1580.15,1580.85,530
2024-05-14 12:19:00,1580.85,1580.95,1580.15,1580.55,354
2024-05-14 12:20:00,1580.6,1580.6,1580.15,1580.3,307
2024-05-14 12:21:00,1580.3,1580.5,1579.85,1580.3,725
2024-05-14 12:22:00,1580.3,1580.4,1580.0,1580.15,275
2024-05-14 12:23:00,1580.3,1580.5,1579.85,1579.9,1101
2024-05-14 12:24:00,1579.9,1580.45,1579.85,1580.25,395
2024-05-14 12:25:00,1580.25,1580.25,1579.85,1580.05,472
2024-05-14 12:26:00,1580.05,1580.55,1579.85,1580.4,376
2024-05-14 12:27:00,1579.9,1580.4,1579.85,1580.05,386
2024-05-14 12:28:00,1580.05,1580.35,1579.85,1580.0,540
2024-05-14 12:29:00,1580.0,1580.65,1579.85,1580.55,628
2024-05-14 12:30:00,1580.5,1580.5,1580.0,1580.45,157
2024-05-14 12:31:00,1580.45,1580.65,1580.0,1580.2,403
2024-05-14 12:32:00,1580.2,1580.75,1580.2,1580.25,725
2024-05-14 12:33:00,1580.75,1580.75,1580.05,1580.35,347
2024-05-14 12:34:00,1580.35,1580.8,1580.25,1580.75,851
2024-05-14 12:35:00,1580.7,1580.7,1580.0,1580.35,330
2024-05-14 12:36:00,1580.35,1580.35,1580.0,1580.35,412
2024-05-14 12:37:00,1580.35,1580.8,1580.0,1580.8,374
2024-05-14 12:38:00,1580.8,1580.8,1580.0,1580.05,343
2024-05-14 12:39:00,1580.05,1580.7,1579.85,1580.45,849
2024-05-14 12:40:00,1580.45,1580.65,1579.85,1580.0,646
2024-05-14 12:41:00,1580.0,1580.95,1579.85,1580.0,656
2024-05-14 12:42:00,1580.0,1580.75,1579.85,1580.15,530
2024-05-14 12:43:00,1580.15,1580.85,1579.85,1580.1,722
2024-05-14 12:44:00,1580.15,1580.8,1579.85,1580.5,502
2024-05-14 12:45:00,1580.5,1580.5,1579.85,1580.2,660
2024-05-14 12:46:00,1580.2,1580.5,1579.85,1579.85,860
2024-05-14 12:47:00,1579.85,1580.75,1579.85,1580.55,1012
2024-05-14 12:48:00,1580.55,1580.85,1579.85,1580.85,688
2024-05-14 12:49:00,1580.85,1581.15,1580.0,1580.55,949
2024-05-14 12:50:00,1580.55,1580.55,1579.85,1579.85,1306
2024-05-14 12:51:00,1579.9,1580.85,1579.85,1580.0,961
2024-05-14 12:52:00,1580.4,1580.4,1579.85,1580.15,424
2024-05-14 12:53:00,1580.3,1580.95,1579.85,1580.15,601
2024-05-14 12:54:00,1580.75,1580.95,1579.85,1580.25,2263
2024-05-14 12:55:00,1580.25,1580.25,1579.85,1580.15,881
2024-05-14 12:56:00,1580.15,1580.15,1578.2,1578.8,2298
2024-05-14 12:57:00,1578.8,1579.1,1577.5,1578.0,1547
2024-05-14 12:58:00,1578.45,1578.6,1576.45,1577.0,1384
2024-05-14 12:59:00,1577.0,1578.55,1576.85,1577.95,1531
2024-05-14 13:00:00,1578.4,1578.6,1577.45,1578.6,783
2024-05-14 13:01:00,1578.75,1579.35,1578.0,1579.0,1053
2024-05-14 13:02:00,1579.0,1579.95,1578.65,1579.0,3064
2024-05-14 13:03:00,1579.0,1579.5,1579.0,1579.05,601
2024-05-14 13:04:00,1579.05,1579.4,1579.0,1579.1,638
2024-05-14 13:05:00,1579.05,1579.1,1579.0,1579.05,550
2024-05-14 13:06:00,1579.05,1579.05,1579.0,1579.05,2103
2024-05-14 13:07:00,1579.05,1579.95,1579.0,1579.95,614
2024-05-14 13:08:00,1579.25,1579.95,1579.0,1579.9,317
2024-05-14 13:09:00,1579.15,1580.45,1579.0,1579.05,768
2024-05-14 13:10:00,1579.05,1579.95,1579.0,1579.85,284
2024-05-14 13:11:00,1579.85,1582.5,1579.2,1581.75,1704
2024-05-14 13:12:00,1581.75,1581.75,1580.55,1580.55,2342
2024-05-14 13:13:00,1580.55,1581.45,1580.0,1580.55,309
2024-05-14 13:14:00,1580.65,1581.0,1580.0,1580.45,830
2024-05-14 13:15:00,1580.45,1581.0,1580.1,1580.45,541
2024-05-14 13:16:00,1580.45,1581.2,1580.25,1580.8,478
2024-05-14 13:17:00,1580.8,1581.35,1580.4,1581.0,346
2024-05-14 13:18:00,1581.1,1581.6,1580.45,1580.45,676
2024-05-14 13:19:00,1581.15,1581.45,1580.8,1581.2,69
2024-05-14 13:20:00,1580.25,1581.2,1579.55,1579.55,1291
2024-05-14 13:21:00,1579.55,1579.85,1579.0,1579.55,1903
2024-05-14 13:22:00,1579.55,1579.55,1578.3,1579.25,1853
2024-05-14 13:23:00,1579.25,1579.25,1579.0,1579.05,6147
2024-05-14 13:24:00,1579.05,1579.05,1578.75,1579.05,2548
2024-05-14 13:25:00,1579.05,1579.05,1578.75,1579.0,1184
2024-05-14 13:26:00,1579.05,1579.75,1579.0,1579.55,2005
2024-05-14 13:27:00,1579.55,1579.55,1579.0,1579.0,1192
2024-05-14 13:28:00,1579.0,1579.1,1579.0,1579.0,1234
2024-05-14 13:29:00,1579.0,1579.45,1579.0,1579.45,893
2024-05-14 13:30:00,1579.45,1579.45,1576.8,1577.3,2547
2024-05-14 13:31:00,1577.3,1577.55,1575.1,1575.85,2206
2024-05-14 13:32:00,1575.85,1576.7,1575.0,1576.4,3355
2024-05-14 13:33:00,1576.4,1577.2,1575.6,1575.95,1104
2024-05-14 13:34:00,1575.95,1578.3,1575.6,1578.1,1907
2024-05-14 13:35:00,1578.1,1578.1,1575.6,1576.65,1024
2024-05-14 13:36:00,1576.65,1577.7,1576.15,1576.6,855
2024-05-14 13:37:00,1576.6,1577.6,1576.05,1576.5,645
2024-05-14 13:38:00,1576.5,1576.5,1575.7,1575.95,1315
2024-05-14 13:39:00,1575.95,1577.65,1575.9,1577.25,1730
2024-05-14 13:40:00,1577.2,1578.15,1576.6,1576.9,1145
2024-05-14 13:41:00,1576.7,1577.75,1576.05,1577.35,2032
2024-05-14 13:42:00,1577.35,1577.65,1575.6,1576.05,5038
2024-05-14 13:43:00,1576.8,1577.1,1576.0,1576.35,1424
2024-05-14 13:44:00,1576.35,1577.05,1576.15,1576.3,1129
2024-05-14 13:45:00,1576.3,1577.9,1576.2,1576.65,1258
2024-05-14 13:46:00,1576.65,1577.8,1576.55,1577.1,1469
2024-05-14 13:47:00,1577.1,1577.65,1577.0,1577.0,1602
2024-05-14 13:48:00,1577.0,1577.7,1576.65,1577.5,1542
2024-05-14 13:49:00,1577.5,1577.75,1577.0,1577.0,1421
2024-05-14 13:50:00,1577.05,1577.75,1576.5,1577.0,1288
2024-05-14 13:51:00,1577.0,1577.4,1576.35,1576.95,4773
2024-05-14 13:52:00,1577.05,1577.1,1576.0,1576.1,1151
2024-05-14 13:53:00,1576.05,1576.9,1575.75,1576.55,1046
2024-05-14 13:54:00,1576.55,1577.15,1575.95,1576.75,1474
2024-05-14 13:55:00,1576.65,1577.2,1576.0,1577.0,1369
2024-05-14 13:56:00,1577.0,1577.0,1576.0,1576.35,1513
2024-05-14 13:57:00,1576.35,1576.65,1575.75,1575.9,1666
2024-05-14 13:58:00,1575.9,1577.0,1575.85,1576.35,1535
2024-05-14 13:59:00,1576.35,1576.95,1576.35,1576.55,1034
2024-05-14 14:00:00,1576.55,1577.2,1576.5,1576.9,1406
2024-05-14 14:01:00,1576.9,1576.9,1576.5,1576.65,1685
2024-05-14 14:02:00,1576.65,1576.8,1576.5,1576.75,1797
2024-05-14 14:03:00,1576.9,1577.2,1576.75,1576.8,1198
2024-05-14 14:04:00,1576.65,1577.2,1576.55,1576.95,12501
2024-05-14 14:05:00,1576.65,1577.15,1576.5,1576.55,1343
2024-05-14 14:06:00,1576.55,1577.0,1576.45,1576.7,1660
2024-05-14 14:07:00,1576.7,1576.7,1576.5,1576.5,3889
2024-05-14 14:08:00,1576.55,1576.95,1576.5,1576.7,1150
2024-05-14 14:09:00,1576.7,1576.95,1576.0,1576.5,3397
2024-05-14 14:10:00,1576.55,1576.8,1576.5,1576.6,1316
2024-05-14 14:11:00,1576.6,1576.6,1576.5,1576.5,1134
2024-05-14 14:12:00,1576.55,1576.6,1576.5,1576.5,1643
2024-05-14 14:13:00,1576.55,1576.55,1576.5,1576.5,1518
2024-05-14 14:14:00,1576.55,1576.55,1576.5,1576.5,2565
2024-05-14 14:15:00,1576.55,1576.55,1574.05,1574.7,8050
2024-05-14 14:16:00,1575.15,1575.15,1572.05,1574.3,3620
2024-05-14 14:17:00,1574.3,1575.65,1574.15,1574.95,1937
2024-05-14 14:18:00,1574.95,1576.1,1574.85,1576.0,1234
2024-05-14 14:19:00,1576.0,1576.0,1574.55,1574.8,1247
2024-05-14 14:20:00,1574.8,1575.55,1574.0,1575.15,1903
2024-05-14 14:21:00,1575.0,1575.0,1573.0,1573.0,2605
2024-05-14 14:22:00,1573.0,1574.2,1572.8,1573.55,1865
2024-05-14 14:23:00,1573.7,1573.85,1572.9,1573.15,995
2024-05-14 14:24:00,1573.15,1574.95,1573.15,1574.95,2069
2024-05-14 14:25:00,1574.9,1575.0,1574.0,1574.95,1765
2024-05-14 14:26:00,1574.95,1576.3,1574.55,1575.55,2304
2024-05-14 14:27:00,1575.55,1576.15,1574.65,1575.05,1592
2024-05-14 14:28:00,1575.05,1575.3,1574.15,1574.4,1208
2024-05-14 14:29:00,1574.4,1574.9,1573.45,1574.15,1342
2024-05-14 14:30:00,1574.15,1575.3,1573.65,1575.05,2034
2024-05-14 14:31:00,1575.05,1575.75,1574.85,1575.55,1530
2024-05-14 14:32:00,1575.55,1575.55,1574.85,1575.1,2401
2024-05-14 14:33:00,1575.1,1576.0,1575.0,1575.3,1558
2024-05-14 14:34:00,1575.5,1576.75,1575.45,1576.45,2219
2024-05-14 14:35:00,1576.45,1576.75,1576.1,1576.2,1316
2024-05-14 14:36:00,1576.15,1577.7,1576.1,1576.85,2687
2024-05-14 14:37:00,1576.85,1577.25,1576.5,1577.2,1932
2024-05-14 14:38:00,1577.2,1577.95,1576.6,1577.35,2444
2024-05-14 14:39:00,1577.35,1578.0,1577.0,1577.0,879
2024-05-14 14:40:00,1577.0,1578.75,1577.0,1578.7,2766
2024-05-14 14:41:00,1578.7,1579.5,1577.9,1578.0,3423
2024-05-14 14:42:00,1578.0,1578.15,1577.5,1577.6,1727
2024-05-14 14:43:00,1577.65,1578.35,1577.0,1577.75,980
2024-05-14 14:44:00,1577.75,1578.3,1577.55,1577.55,1023
2024-05-14 14:45:00,1577.55,1578.75,1577.55,1578.0,1797
2024-05-14 14:46:00,1578.1,1578.45,1577.35,1577.55,1255
2024-05-14 14:47:00,1577.55,1578.9,1577.3,1578.55,1780
2024-05-14 14:48:00,1578.55,1578.55,1577.5,1577.5,847
2024-05-14 14:49:00,1577.5,1578.3,1577.5,1578.0,1150
2024-05-14 14:50:00,1578.0,1579.7,1577.9,1579.45,2538
2024-05-14 14:51:00,1579.45,1580.0,1578.4,1579.2,2973
2024-05-14 14:52:00,1579.2,1579.75,1578.9,1579.7,4153
2024-05-14 14:53:00,1579.7,1579.7,1579.5,1579.7,1491
2024-05-14 14:54:00,1579.75,1580.0,1579.5,1579.5,1480
2024-05-14 14:55:00,1579.5,1580.5,1579.5,1580.25,3424
2024-05-14 14:56:00,1580.25,1580.5,1579.65,1579.65,2214
2024-05-14 14:57:00,1579.9,1580.2,1579.55,1579.55,1977
2024-05-14 14:58:00,1579.5,1580.2,1579.2,1579.5,2534
2024-05-14 14:59:00,1579.5,1579.8,1577.1,1577.3,7274
2024-05-14 15:00:00,1577.8,1579.5,1577.3,1578.65,5204
2024-05-14 15:01:00,1579.0,1579.1,1577.05,1578.05,6476
2024-05-14 15:02:00,1578.05,1578.4,1577.0,1577.3,4583
2024-05-14 15:03:00,1577.65,1578.5,1577.0,1578.15,6335
2024-05-14 15:04:00,1578.15,1578.7,1577.0,1577.75,5844
2024-05-14 15:05:00,1577.45,1578.05,1576.55,1577.25,5305
2024-05-14 15:06:00,1577.25,1577.85,1575.75,1576.8,4865
2024-05-14 15:07:00,1576.8,1576.8,1575.0,1575.75,3410
2024-05-14 15:08:00,1575.8,1575.95,1574.55,1574.55,4513
2024-05-14 15:09:00,1574.5,1575.0,1574.0,1574.0,3379
2024-05-14 15:10:00,1574.15,1574.45,1573.05,1574.1,4890
2024-05-14 15:11:00,1574.3,1574.75,1573.55,1574.45,6393
2024-05-14 15:12:00,1574.45,1575.0,1574.0,1574.3,3994
2024-05-14 15:13:00,1574.3,1575.2,1574.3,1574.65,3032
2024-05-14 15:14:00,1574.65,1575.2,1573.85,1573.85,3033
2024-05-14 15:15:00,1573.85,1575.2,1573.5,1574.6,4617
2024-05-14 15:16:00,1574.6,1576.25,1574.25,1576.05,5800
2024-05-14 15:17:00,1576.05,1577.2,1575.6,1575.95,4757
2024-05-14 15:18:00,1575.95,1577.15,1575.65,1575.65,5873
2024-05-14 15:19:00,1575.65,1577.0,1575.65,1576.4,3787
2024-05-14 15:20:00,1576.75,1577.4,1575.7,1575.85,9311
2024-05-14 15:21:00,1575.85,1577.45,1575.85,1576.8,5382
2024-05-14 15:22:00,1577.25,1577.45,1576.0,1576.65,6326
2024-05-14 15:23:00,1576.65,1576.7,1575.2,1576.15,5295
2024-05-14 15:24:00,1576.05,1576.5,1575.2,1576.35,3264
2024-05-14 15:25:00,1576.35,1578.0,1575.75,1577.95,3173
2024-05-14 15:26:00,1577.95,1578.95,1577.35,1578.95,3320
2024-05-14 15:27:00,1579.0,1579.8,1578.95,1579.8,3536
2024-05-14 15:28:00,1579.8,1580.0,1578.0,1579.8,3057
2024-05-14 15:29:00,1579.0,1579.95,1578.0,1579.5,1873
2024-05-15 09:15:00,1580.0,1585.0,1580.0,1583.4,11724
2024-05-15 09:16:00,1583.8,1584.25,1580.0,1583.05,3170
2024-05-15 09:17:00,1583.05,1584.45,1582.15,1584.4,1554
2024-05-15 09:18:00,1584.95,1585.95,1583.45,1585.95,5806
2024-05-15 09:19:00,1585.5,1585.95,1583.0,1583.85,2824
2024-05-15 09:20:00,1583.85,1584.45,1581.4,1581.4,2543
2024-05-15 09:21:00,1582.6,1582.9,1579.0,1580.05,15967
2024-05-15 09:22:00,1580.0,1580.8,1579.15,1580.8,2326
2024-05-15 09:23:00,1580.2,1580.95,1578.6,1580.0,7015
2024-05-15 09:24:00,1580.65,1582.4,1580.0,1581.45,1353
2024-05-15 09:25:00,1582.0,1582.0,1581.45,1581.5,732
2024-05-15 09:26:00,1581.5,1582.65,1581.5,1582.0,1504
2024-05-15 09:27:00,1582.0,1582.75,1580.0,1580.45,3745
2024-05-15 09:28:00,1580.45,1582.0,1580.0,1581.95,517
2024-05-15 09:29:00,1581.95,1582.5,1581.3,1582.2,1321
2024-05-15 09:30:00,1582.2,1583.95,1582.0,1582.95,2060
2024-05-15 09:31:00,1582.95,1582.95,1581.55,1582.4,1061
2024-05-15 09:32:00,1582.4,1583.55,1582.05,1583.0,418
2024-05-15 09:33:00,1583.25,1583.9,1582.0,1582.4,1481
2024-05-15 09:34:00,1582.4,1583.25,1581.3,1581.7,3521
2024-05-15 09:35:00,1581.7,1581.95,1581.05,1581.3,483
2024-05-15 09:36:00,1581.3,1581.3,1580.0,1580.0,2882
2024-05-15 09:37:00,1580.65,1581.9,1580.0,1581.05,402
2024-05-15 09:38:00,1581.6,1581.7,1580.9,1581.0,277
2024-05-15 09:39:00,1581.0,1582.0,1581.0,1581.55,479
2024-05-15 09:40:00,1581.55,1583.35,1581.55,1582.6,1693
2024-05-15 09:41:00,1582.6,1583.6,1582.6,1583.0,740
2024-05-15 09:42:00,1583.0,1584.0,1583.0,1583.25,541
2024-05-15 09:43:00,1583.1,1584.0,1582.6,1583.35,834
2024-05-15 09:44:00,1583.25,1584.65,1582.65,1584.15,1315
2024-05-15 09:45:00,1584.15,1586.0,1584.15,1585.4,1904
2024-05-15 09:46:00,1585.4,1587.45,1585.4,1586.95,1617
2024-05-15 09:47:00,1586.95,1587.45,1586.45,1587.15,2428
2024-05-15 09:48:00,1587.15,1588.8,1586.45,1586.45,3713
2024-05-15 09:49:00,1586.45,1587.9,1586.05,1586.85,1350
2024-05-15 09:50:00,1586.85,1588.7,1586.85,1588.0,2267
2024-05-15 09:51:00,1588.0,1588.7,1587.65,1588.3,897
2024-05-15 09:52:00,1588.3,1589.0,1587.8,1589.0,614
2024-05-15 09:53:00,1588.6,1589.65,1587.9,1587.9,5587
2024-05-15 09:54:00,1587.8,1589.15,1587.8,1588.3,765
2024-05-15 09:55:00,1588.3,1589.4,1587.55,1587.55,1833
2024-05-15 09:56:00,1588.9,1589.0,1587.5,1587.5,1419
2024-05-15 09:57:00,1587.5,1588.0,1585.5,1586.1,2716
2024-05-15 09:58:00,1586.1,1587.25,1585.7,1586.6,947
2024-05-15 09:59:00,1586.6,1586.9,1585.5,1585.5,588
2024-05-15 10:00:00,1585.5,1586.85,1583.45,1583.45,2140
2024-05-15 10:01:00,1583.45,1584.45,1582.0,1582.95,3882
2024-05-15 10:02:00,1582.95,1584.0,1582.2,1582.25,1436
2024-05-15 10:03:00,1582.25,1582.45,1580.3,1580.8,2024
2024-05-15 10:04:00,1580.8,1581.0,1578.05,1578.45,6652
2024-05-15 10:05:00,1578.45,1579.15,1577.25,1578.1,2602
2024-05-15 10:06:00,1577.7,1578.9,1576.8,1577.2,1880
2024-05-15 10:07:00,1577.2,1577.5,1575.65,1576.05,2308
2024-05-15 10:08:00,1576.8,1576.8,1573.0,1573.0,4231
2024-05-15 10:09:00,1572.05,1573.0,1571.0,1571.55,5166
2024-05-15 10:10:00,1571.55,1572.2,1570.5,1572.0,3458
2024-05-15 10:11:00,1572.0,1574.9,1571.55,1574.25,3071
2024-05-15 10:12:00,1574.25,1574.7,1573.0,1573.15,1488
2024-05-15 10:13:00,1573.15,1574.0,1572.7,1573.8,1171
2024-05-15 10:14:00,1573.8,1574.8,1572.65,1574.0,3160
2024-05-15 10:15:00,1574.0,1574.1,1571.55,1571.55,4221
2024-05-15 10:16:00,1571.45,1571.7,1570.5,1570.5,2125
2024-05-15 10:17:00,1570.55,1571.45,1568.75,1568.75,4356
2024-05-15 10:18:00,1568.95,1571.55,1568.35,1571.1,1168
2024-05-15 10:19:00,1571.1,1573.9,1571.1,1573.9,628
2024-05-15 10:20:00,1573.75,1573.9,1571.65,1573.25,3566
2024-05-15 10:21:00,1573.25,1573.25,1572.0,1572.45,370
2024-05-15 10:22:00,1572.45,1573.05,1570.35,1570.35,1907
2024-05-15 10:23:00,1570.35,1571.35,1570.0,1570.75,1160
2024-05-15 10:24:00,1570.75,1570.75,1569.0,1569.0,1456
2024-05-15 10:25:00,1569.05,1570.95,1569.0,1569.95,2744
2024-05-15 10:26:00,1569.95,1572.0,1569.5,1571.3,743
2024-05-15 10:27:00,1571.3,1573.15,1571.3,1572.6,743
2024-05-15 10:28:00,1572.0,1573.4,1572.0,1572.8,793
2024-05-15 10:29:00,1573.45,1574.0,1572.3,1572.4,460
2024-05-15 10:30:00,1572.4,1573.25,1572.05,1572.95,636
2024-05-15 10:31:00,1572.25,1573.5,1572.25,1573.05,1158
2024-05-15 10:32:00,1573.05,1573.05,1571.0,1571.0,2695
2024-05-15 10:33:00,1571.0,1572.45,1571.0,1571.25,798
2024-05-15 10:34:00,1571.25,1572.45,1570.0,1572.05,1843
2024-05-15 10:35:00,1572.05,1573.0,1571.25,1572.65,1827
2024-05-15 10:36:00,1572.65,1573.4,1572.6,1572.85,227
2024-05-15 10:37:00,1572.85,1573.45,1572.8,1572.85,154
2024-05-15 10:38:00,1572.85,1572.85,1571.85,1571.9,335
2024-05-15 10:39:00,1572.45,1572.65,1571.85,1572.1,1373
2024-05-15 10:40:00,1572.1,1572.3,1570.7,1570.85,1450
2024-05-15 10:41:00,1570.9,1572.0,1570.75,1571.4,219
2024-05-15 10:42:00,1571.4,1572.5,1571.4,1572.4,94
2024-05-15 10:43:00,1572.4,1573.0,1571.45,1571.55,1856
2024-05-15 10:44:00,1572.3,1572.4,1571.6,1572.2,469
2024-05-15 10:45:00,1572.65,1572.9,1571.0,1572.7,2786
2024-05-15 10:46:00,1572.7,1573.95,1572.7,1573.4,3125
2024-05-15 10:47:00,1573.4,1573.85,1572.75,1572.8,158
2024-05-15 10:48:00,1573.4,1573.9,1573.05,1573.9,332
2024-05-15 10:49:00,1573.9,1573.9,1573.0,1573.0,946
2024-05-15 10:50:00,1573.0,1573.35,1572.2,1572.7,713
2024-05-15 10:51:00,1572.7,1572.7,1572.3,1572.5,141
2024-05-15 10:52:00,1572.5,1574.0,1572.3,1573.8,593
2024-05-15 10:53:00,1573.8,1573.8,1572.45,1573.8,383
2024-05-15 10:54:00,1573.8,1574.0,1573.05,1574.0,262
2024-05-15 10:55:00,1574.0,1574.0,1573.1,1573.75,1635
2024-05-15 10:56:00,1573.75,1574.05,1573.1,1574.0,565
2024-05-15 10:57:00,1574.0,1574.0,1573.2,1573.8,158
2024-05-15 10:58:00,1573.8,1574.0,1573.0,1573.6,395
2024-05-15 10:59:00,1573.6,1574.0,1573.6,1573.65,96
2024-05-15 11:00:00,1573.65,1577.75,1573.65,1576.65,3455
2024-05-15 11:01:00,1576.65,1579.0,1576.65,1578.25,3564
2024-05-15 11:02:00,1578.0,1580.0,1578.0,1580.0,1216
2024-05-15 11:03:00,1580.0,1580.0,1579.2,1579.2,1712
2024-05-15 11:04:00,1579.2,1579.5,1578.5,1578.5,827
2024-05-15 11:05:00,1578.5,1579.1,1578.0,1578.5,573
2024-05-15 11:06:00,1579.1,1579.1,1578.05,1578.1,643
2024-05-15 11:07:00,1578.4,1578.95,1577.0,1577.4,399
2024-05-15 11:08:00,1577.4,1577.4,1576.15,1577.4,528
2024-05-15 11:09:00,1576.75,1577.35,1576.35,1576.35,246
2024-05-15 11:10:00,1576.35,1576.8,1575.3,1576.3,1214
2024-05-15 11:11:00,1576.3,1577.0,1575.4,1576.7,527
2024-05-15 11:12:00,1576.7,1577.4,1576.25,1576.25,666
2024-05-15 11:13:00,1576.25,1577.35,1576.25,1576.85,103
2024-05-15 11:14:00,1576.85,1577.0,1576.0,1576.0,352
2024-05-15 11:15:00,1576.0,1577.0,1575.65,1576.5,155
2024-05-15 11:16:00,1576.5,1577.25,1576.5,1577.25,317
2024-05-15 11:17:00,1576.65,1577.4,1576.65,1576.65,367
2024-05-15 11:18:00,1576.5,1577.4,1576.1,1576.75,505
2024-05-15 11:19:00,1576.75,1577.0,1575.6,1576.5,500
2024-05-15 11:20:00,1576.5,1578.0,1576.25,1578.0,3057
2024-05-15 11:21:00,1578.0,1578.1,1577.3,1578.0,414
2024-05-15 11:22:00,1578.0,1578.1,1577.5,1578.1,253
2024-05-15 11:23:00,1578.1,1578.25,1577.3,1578.0,366
2024-05-15 11:24:00,1578.0,1578.95,1577.5,1577.5,661
2024-05-15 11:25:00,1577.5,1578.1,1577.2,1577.65,651
2024-05-15 11:26:00,1577.65,1577.65,1575.05,1576.5,3603
2024-05-15 11:27:00,1576.5,1577.2,1576.5,1576.9,262
2024-05-15 11:28:00,1576.9,1577.2,1575.0,1575.6,1185
2024-05-15 11:29:00,1575.6,1575.65,1573.0,1573.45,1201
2024-05-15 11:30:00,1573.0,1573.35,1571.25,1571.5,2249
2024-05-15 11:31:00,1571.5,1572.95,1571.1,1572.0,834
2024-05-15 11:32:00,1571.6,1573.05,1571.6,1573.0,649
2024-05-15 11:33:00,1573.0,1573.0,1571.7,1572.0,697
2024-05-15 11:34:00,1572.1,1572.95,1572.05,1572.75,446
2024-05-15 11:35:00,1572.75,1573.3,1571.15,1572.9,1235
2024-05-15 11:36:00,1572.9,1573.15,1571.9,1572.9,1828
2024-05-15 11:37:00,1572.9,1573.8,1572.0,1572.1,675
2024-05-15 11:38:00,1572.1,1573.35,1572.1,1573.35,482
2024-05-15 11:39:00,1573.35,1573.35,1572.0,1572.0,248
2024-05-15 11:40:00,1572.0,1572.0,1571.0,1571.0,1187
2024-05-15 11:41:00,1571.0,1572.5,1570.5,1571.8,725
2024-05-15 11:42:00,1572.5,1572.8,1571.8,1572.2,361
2024-05-15 11:43:00,1572.0,1572.7,1571.55,1572.1,243
2024-05-15 11:44:00,1572.1,1572.95,1571.65,1571.65,531
2024-05-15 11:45:00,1571.65,1573.35,1571.65,1573.0,154
2024-05-15 11:46:00,1573.0,1574.0,1573.0,1573.6,254
2024-05-15 11:47:00,1573.6,1573.7,1572.65,1572.65,275
2024-05-15 11:48:00,1573.3,1574.0,1572.95,1572.95,519
2024-05-15 11:49:00,1572.95,1573.95,1572.95,1573.5,255
2024-05-15 11:50:00,1573.5,1573.75,1573.5,1573.5,153
2024-05-15 11:51:00,1573.5,1574.95,1573.25,1573.65,1793
2024-05-15 11:52:00,1573.65,1574.5,1573.5,1574.2,275
2024-05-15 11:53:00,1574.2,1574.5,1574.0,1574.5,80
2024-05-15 11:54:00,1574.45,1574.5,1574.05,1574.3,81
2024-05-15 11:55:00,1574.3,1574.3,1573.5,1574.1,197
2024-05-15 11:56:00,1574.1,1574.55,1573.6,1574.55,1223
2024-05-15 11:57:00,1574.4,1575.75,1574.05,1574.4,2523
2024-05-15 11:58:00,1574.4,1575.9,1574.4,1574.8,2840
2024-05-15 11:59:00,1574.8,1575.65,1574.6,1574.75,1167
2024-05-15 12:00:00,1574.75,1575.4,1573.9,1574.35,597
2024-05-15 12:01:00,1574.35,1574.95,1574.15,1574.7,37
2024-05-15 12:02:00,1575.2,1575.2,1574.15,1574.35,199
2024-05-15 12:03:00,1574.35,1574.55,1573.5,1573.6,397
2024-05-15 12:04:00,1573.6,1574.15,1573.05,1573.8,185
2024-05-15 12:05:00,1573.8,1574.0,1572.9,1572.9,904
2024-05-15 12:06:00,1572.9,1573.6,1572.85,1573.55,242
2024-05-15 12:07:00,1573.55,1573.9,1573.0,1573.1,144
2024-05-15 12:08:00,1573.75,1574.15,1573.1,1574.1,184
2024-05-15 12:09:00,1573.75,1574.15,1573.75,1574.0,214
2024-05-15 12:10:00,1574.15,1574.75,1574.0,1574.5,604
2024-05-15 12:11:00,1574.5,1574.65,1574.15,1574.5,237
2024-05-15 12:12:00,1574.15,1574.9,1574.0,1574.2,265
2024-05-15 12:13:00,1574.0,1574.2,1573.1,1573.65,387
2024-05-15 12:14:00,1573.65,1574.15,1573.15,1573.95,402
2024-05-15 12:15:00,1573.95,1574.2,1573.25,1574.1,335
2024-05-15 12:16:00,1573.4,1574.45,1573.25,1574.2,341
2024-05-15 12:17:00,1574.2,1574.7,1573.55,1574.0,641
2024-05-15 12:18:00,1574.0,1574.0,1572.6,1572.6,5919
2024-05-15 12:19:00,1572.6,1573.3,1570.35,1571.0,5328
2024-05-15 12:20:00,1571.0,1571.0,1570.3,1570.4,998
2024-05-15 12:21:00,1570.4,1571.45,1570.3,1570.9,395
2024-05-15 12:22:00,1570.9,1571.5,1570.3,1571.0,1887
2024-05-15 12:23:00,1570.95,1571.9,1570.6,1571.5,1689
2024-05-15 12:24:00,1571.5,1571.7,1571.0,1571.65,302
2024-05-15 12:25:00,1571.1,1571.65,1570.65,1571.65,238
2024-05-15 12:26:00,1571.65,1572.6,1571.2,1572.6,311
2024-05-15 12:27:00,1572.95,1573.95,1572.1,1573.05,241
2024-05-15 12:28:00,1573.75,1574.2,1573.25,1573.9,1996
2024-05-15 12:29:00,1573.9,1573.9,1572.8,1573.0,341
2024-05-15 12:30:00,1573.05,1573.9,1572.85,1573.7,801
2024-05-15 12:31:00,1573.7,1573.9,1572.95,1573.75,518
2024-05-15 12:32:00,1573.75,1573.85,1572.8,1573.05,174
2024-05-15 12:33:00,1573.05,1573.85,1573.0,1573.7,481
2024-05-15 12:34:00,1573.7,1573.9,1573.05,1573.75,312
2024-05-15 12:35:00,1573.75,1573.8,1572.65,1572.9,490
2024-05-15 12:36:00,1572.9,1573.0,1572.55,1573.0,296
2024-05-15 12:37:00,1573.0,1573.0,1572.3,1572.55,352
2024-05-15 12:38:00,1572.55,1573.75,1572.55,1573.5,726
2024-05-15 12:39:00,1573.5,1573.9,1572.75,1573.5,735
2024-05-15 12:40:00,1573.5,1573.9,1572.0,1572.45,2446
2024-05-15 12:41:00,1572.45,1572.9,1572.05,1572.5,303
2024-05-15 12:42:00,1572.85,1573.5,1572.1,1572.75,274
2024-05-15 12:43:00,1572.75,1573.0,1572.75,1573.0,538
2024-05-15 12:44:00,1573.0,1573.3,1572.6,1573.0,468
2024-05-15 12:45:00,1573.0,1573.8,1572.6,1573.35,104
2024-05-15 12:46:00,1573.35,1573.9,1573.0,1573.55,285
2024-05-15 12:47:00,1573.5,1573.85,1573.0,1573.55,294
2024-05-15 12:48:00,1573.55,1573.85,1572.55,1573.0,6452
2024-05-15 12:49:00,1573.6,1573.6,1572.5,1573.0,219
2024-05-15 12:50:00,1573.0,1573.35,1572.6,1572.6,152
2024-05-15 12:51:00,1572.6,1573.7,1572.6,1573.65,207
2024-05-15 12:52:00,1573.0,1573.5,1573.0,1573.5,136
2024-05-15 12:53:00,1573.5,1573.5,1573.0,1573.4,142
2024-05-15 12:54:00,1573.3,1573.4,1572.5,1572.9,860
2024-05-15 12:55:00,1573.2,1573.4,1572.15,1573.4,624
2024-05-15 12:56:00,1573.4,1573.4,1572.7,1573.4,561
2024-05-15 12:57:00,1573.4,1573.65,1572.8,1573.45,292
2024-05-15 12:58:00,1573.45,1574.0,1573.0,1573.65,508
2024-05-15 12:59:00,1573.65,1573.85,1572.5,1573.55,764
2024-05-15 13:00:00,1573.55,1573.65,1572.5,1572.8,238
2024-05-15 13:01:00,1572.7,1573.4,1572.4,1573.2,411
2024-05-15 13:02:00,1573.25,1573.8,1573.0,1573.65,351
2024-05-15 13:03:00,1573.45,1573.9,1573.0,1573.45,201
2024-05-15 13:04:00,1573.45,1574.0,1573.05,1573.5,378
2024-05-15 13:05:00,1573.5,1574.25,1572.25,1572.4,4239
2024-05-15 13:06:00,1572.35,1573.7,1572.1,1573.4,469
2024-05-15 13:07:00,1573.4,1573.9,1573.0,1573.8,304
2024-05-15 13:08:00,1573.8,1573.8,1572.0,1572.2,1190
2024-05-15 13:09:00,1572.2,1573.15,1572.15,1573.0,199
2024-05-15 13:10:00,1572.9,1573.8,1572.5,1573.7,234
2024-05-15 13:11:00,1573.8,1573.8,1572.3,1573.2,487
2024-05-15 13:12:00,1573.2,1573.6,1572.3,1573.1,396
2024-05-15 13:13:00,1573.1,1573.2,1572.0,1573.2,335
2024-05-15 13:14:00,1573.2,1573.4,1572.45,1573.35,634
2024-05-15 13:15:00,1573.35,1573.35,1572.4,1572.4,279
2024-05-15 13:16:00,1572.95,1573.3,1572.3,1573.3,629
2024-05-15 13:17:00,1573.3,1573.3,1571.0,1572.2,1934
2024-05-15 13:18:00,1572.25,1573.2,1571.4,1573.05,617
2024-05-15 13:19:00,1573.05,1573.65,1572.45,1573.5,723
2024-05-15 13:20:00,1573.5,1573.65,1573.0,1573.25,209
2024-05-15 13:21:00,1573.25,1573.65,1572.95,1572.95,254
2024-05-15 13:22:00,1573.2,1573.65,1572.8,1573.6,172
2024-05-15 13:23:00,1573.65,1573.65,1572.9,1573.6,458
2024-05-15 13:24:00,1573.6,1573.65,1573.45,1573.65,297
2024-05-15 13:25:00,1573.6,1573.65,1572.7,1573.25,678
2024-05-15 13:26:00,1573.25,1573.35,1572.5,1573.0,230
2024-05-15 13:27:00,1573.0,1573.0,1572.5,1572.9,286
2024-05-15 13:28:00,1573.0,1573.0,1572.5,1572.6,614
2024-05-15 13:29:00,1573.0,1573.3,1572.5,1572.55,505
2024-05-15 13:30:00,1573.2,1573.3,1572.5,1572.9,585
2024-05-15 13:31:00,1572.9,1573.1,1570.3,1571.0,3637
2024-05-15 13:32:00,1570.8,1571.9,1570.65,1571.8,330
2024-05-15 13:33:00,1571.8,1572.7,1571.45,1572.25,280
2024-05-15 13:34:00,1572.95,1573.0,1572.2,1573.0,117
2024-05-15 13:35:00,1572.95,1573.0,1572.5,1573.0,345
2024-05-15 13:36:00,1573.0,1573.0,1572.25,1572.65,458
2024-05-15 13:37:00,1572.85,1573.0,1572.25,1572.4,339
2024-05-15 13:38:00,1573.0,1573.0,1572.25,1572.35,137
2024-05-15 13:39:00,1572.9,1572.9,1572.35,1572.85,139
2024-05-15 13:40:00,1572.85,1572.85,1572.25,1572.4,316
2024-05-15 13:41:00,1572.5,1572.5,1572.15,1572.15,428
2024-05-15 13:42:00,1572.15,1572.3,1572.0,1572.05,559
2024-05-15 13:43:00,1572.2,1572.45,1571.9,1572.15,615
2024-05-15 13:44:00,1571.9,1572.5,1571.9,1572.4,222
2024-05-15 13:45:00,1572.4,1572.5,1572.2,1572.45,289
2024-05-15 13:46:00,1572.45,1572.45,1572.1,1572.2,358
2024-05-15 13:47:00,1572.35,1572.45,1572.1,1572.25,369
2024-05-15 13:48:00,1572.25,1572.45,1571.1,1571.55,583
2024-05-15 13:49:00,1571.3,1572.3,1571.25,1571.95,422
2024-05-15 13:50:00,1571.95,1572.5,1571.5,1571.5,876
2024-05-15 13:51:00,1571.5,1571.85,1570.7,1571.4,669
2024-05-15 13:52:00,1571.4,1571.95,1570.9,1571.95,227
2024-05-15 13:53:00,1571.95,1572.5,1571.15,1572.5,1041
2024-05-15 13:54:00,1572.0,1572.8,1572.0,1572.4,409
2024-05-15 13:55:00,1572.4,1572.6,1571.85,1572.0,346
2024-05-15 13:56:00,1571.85,1572.0,1571.3,1571.65,538
2024-05-15 13:57:00,1571.65,1572.0,1571.4,1572.0,525
2024-05-15 13:58:00,1571.7,1572.4,1571.7,1572.3,559
2024-05-15 13:59:00,1572.3,1572.4,1571.65,1571.65,552
2024-05-15 14:00:00,1571.65,1572.0,1571.65,1571.75,403
2024-05-15 14:01:00,1571.75,1572.15,1571.05,1571.4,507
2024-05-15 14:02:00,1571.4,1572.3,1571.0,1571.95,253
2024-05-15 14:03:00,1571.95,1572.35,1571.25,1571.65,562
2024-05-15 14:04:00,1571.25,1571.95,1571.25,1571.55,133
2024-05-15 14:05:00,1571.55,1571.95,1571.25,1571.8,421
2024-05-15 14:06:00,1571.85,1572.25,1571.25,1572.0,387
2024-05-15 14:07:00,1571.95,1572.25,1571.6,1572.0,284
2024-05-15 14:08:00,1572.0,1572.25,1571.4,1572.1,392
2024-05-15 14:09:00,1572.25,1572.25,1571.45,1572.0,782
2024-05-15 14:10:00,1571.95,1572.05,1570.9,1571.0,917
2024-05-15 14:11:00,1571.0,1571.65,1570.8,1571.45,633
2024-05-15 14:12:00,1571.45,1572.0,1571.15,1571.5,434
2024-05-15 14:13:00,1571.7,1573.3,1571.5,1572.2,4820
2024-05-15 14:14:00,1572.5,1572.6,1571.7,1572.2,330
2024-05-15 14:15:00,1572.0,1572.25,1571.7,1572.0,376
2024-05-15 14:16:00,1572.0,1572.2,1571.7,1571.7,332
2024-05-15 14:17:00,1571.7,1572.0,1571.5,1571.75,1015
2024-05-15 14:18:00,1571.85,1572.0,1571.5,1571.75,129
2024-05-15 14:19:00,1571.5,1571.95,1571.25,1571.3,179
2024-05-15 14:20:00,1571.35,1572.25,1571.25,1572.05,609
2024-05-15 14:21:00,1572.05,1572.45,1571.3,1571.8,654
2024-05-15 14:22:00,1571.8,1572.4,1571.5,1571.7,327
2024-05-15 14:23:00,1571.5,1572.25,1571.0,1572.15,573
2024-05-15 14:24:00,1572.15,1572.4,1571.0,1571.7,852
2024-05-15 14:25:00,1572.05,1572.25,1571.7,1571.7,141
2024-05-15 14:26:00,1571.85,1572.35,1571.15,1572.25,352
2024-05-15 14:27:00,1572.25,1572.4,1568.35,1569.35,11788
2024-05-15 14:28:00,1569.35,1570.0,1569.05,1569.75,618
2024-05-15 14:29:00,1569.75,1570.0,1569.3,1570.0,4907
2024-05-15 14:30:00,1570.65,1570.9,1569.75,1570.0,6969
2024-05-15 14:31:00,1570.0,1570.0,1569.05,1569.6,4043
2024-05-15 14:32:00,1569.6,1570.0,1569.0,1570.0,477
2024-05-15 14:33:00,1570.0,1571.9,1569.95,1571.9,6717
2024-05-15 14:34:00,1571.9,1572.65,1571.3,1571.9,386
2024-05-15 14:35:00,1571.7,1572.35,1571.3,1572.15,314
2024-05-15 14:36:00,1572.15,1572.3,1571.75,1572.3,461
2024-05-15 14:37:00,1572.3,1572.4,1572.25,1572.4,579
2024-05-15 14:38:00,1572.35,1572.65,1571.9,1572.65,391
2024-05-15 14:39:00,1572.65,1573.3,1572.25,1573.0,1508
2024-05-15 14:40:00,1573.0,1573.0,1572.05,1572.95,883
2024-05-15 14:41:00,1572.95,1572.95,1571.85,1572.0,716
2024-05-15 14:42:00,1572.0,1572.0,1569.35,1570.0,5477
2024-05-15 14:43:00,1570.0,1570.0,1569.6,1569.9,1147
2024-05-15 14:44:00,1569.9,1570.0,1569.3,1570.0,6176
2024-05-15 14:45:00,1570.0,1570.0,1569.95,1570.0,738
2024-05-15 14:46:00,1570.0,1571.1,1569.95,1571.1,2748
2024-05-15 14:47:00,1571.1,1572.35,1570.0,1572.35,1706
2024-05-15 14:48:00,1571.0,1571.0,1569.45,1570.0,7069
2024-05-15 14:49:00,1570.0,1570.0,1569.45,1570.0,1857
2024-05-15 14:50:00,1569.95,1570.0,1569.5,1569.95,2033
2024-05-15 14:51:00,1569.95,1570.0,1569.8,1570.0,375
2024-05-15 14:52:00,1570.0,1570.0,1570.0,1570.0,4247
2024-05-15 14:53:00,1569.95,1570.0,1569.95,1570.0,5531
2024-05-15 14:54:00,1570.0,1570.5,1569.95,1570.5,9913
2024-05-15 14:55:00,1570.5,1571.0,1570.0,1571.0,551
2024-05-15 14:56:00,1571.0,1571.7,1570.65,1571.25,788
2024-05-15 14:57:00,1571.35,1571.95,1571.35,1571.95,1295
2024-05-15 14:58:00,1571.95,1572.7,1571.65,1572.05,1036
2024-05-15 14:59:00,1571.7,1572.8,1569.9,1569.95,28816
2024-05-15 15:00:00,1569.9,1571.05,1569.9,1571.05,25863
2024-05-15 15:01:00,1571.05,1571.65,1570.05,1570.85,2406
2024-05-15 15:02:00,1570.85,1571.0,1570.0,1570.65,703
2024-05-15 15:03:00,1570.65,1571.2,1568.4,1569.05,3053
2024-05-15 15:04:00,1569.2,1569.25,1567.55,1568.4,2784
2024-05-15 15:05:00,1568.4,1569.8,1568.4,1568.5,1401
2024-05-15 15:06:00,1568.5,1569.2,1568.1,1568.4,1959
2024-05-15 15:07:00,1568.4,1569.75,1568.0,1569.25,1650
2024-05-15 15:08:00,1569.25,1569.55,1568.7,1569.25,999
2024-05-15 15:09:00,1569.25,1569.25,1568.75,1568.95,631
2024-05-15 15:10:00,1569.55,1570.0,1568.9,1569.45,1976
2024-05-15 15:11:00,1569.95,1569.95,1568.55,1568.55,1567
2024-05-15 15:12:00,1569.1,1569.1,1568.55,1568.55,1798
2024-05-15 15:13:00,1568.6,1568.6,1568.0,1568.15,1414
2024-05-15 15:14:00,1568.4,1568.4,1567.95,1568.15,2480
2024-05-15 15:15:00,1567.0,1568.0,1566.6,1567.75,5430
2024-05-15 15:16:00,1568.0,1568.45,1567.45,1567.75,4629
2024-05-15 15:17:00,1568.1,1568.3,1567.4,1567.85,2183
2024-05-15 15:18:00,1567.85,1568.5,1567.4,1568.35,4188
2024-05-15 15:19:00,1568.35,1569.0,1568.15,1569.0,1458
2024-05-15 15:20:00,1569.0,1569.0,1568.35,1568.6,2413
2024-05-15 15:21:00,1568.6,1568.9,1568.1,1568.75,1636
2024-05-15 15:22:00,1568.75,1569.05,1568.35,1568.85,2162
2024-05-15 15:23:00,1568.95,1569.35,1567.9,1567.9,4003
2024-05-15 15:24:00,1568.0,1568.5,1567.5,1568.4,2749
2024-05-15 15:25:00,1567.95,1569.4,1567.9,1568.0,7218
2024-05-15 15:26:00,1567.95,1569.9,1567.9,1569.65,2498
2024-05-15 15:27:00,1569.0,1570.65,1569.0,1570.0,2151
2024-05-15 15:28:00,1570.3,1572.0,1570.0,1571.45,3464
2024-05-15 15:29:00,1571.0,1571.4,1570.25,1570.75,2055
2024-05-16 09:15:00,1575.05,1576.9,1570.75,1574.2,9474
2024-05-16 09:16:00,1574.2,1579.35,1571.6,1577.6,7253
2024-05-16 09:17:00,1577.6,1578.75,1576.55,1576.9,2715
2024-05-16 09:18:00,1576.8,1577.75,1576.5,1577.7,2176
2024-05-16 09:19:00,1577.45,1578.95,1576.5,1576.75,2156
2024-05-16 09:20:00,1577.65,1577.85,1576.5,1576.5,2488
2024-05-16 09:21:00,1576.5,1577.0,1575.0,1575.0,3368
2024-05-16 09:22:00,1575.25,1576.1,1574.25,1575.3,785
2024-05-16 09:23:00,1576.05,1576.7,1574.35,1574.5,3007
2024-05-16 09:24:00,1575.2,1575.55,1572.35,1573.0,3123
2024-05-16 09:25:00,1572.7,1574.25,1571.2,1572.9,6756
2024-05-16 09:26:00,1572.9,1574.4,1572.35,1574.4,2167
2024-05-16 09:27:00,1574.0,1574.5,1572.5,1573.85,2027
2024-05-16 09:28:00,1573.85,1574.45,1572.7,1573.05,1795
2024-05-16 09:29:00,1573.1,1574.25,1573.0,1573.05,2129
2024-05-16 09:30:00,1573.9,1573.9,1572.5,1572.65,1859
2024-05-16 09:31:00,1572.6,1573.25,1570.0,1570.0,5064
2024-05-16 09:32:00,1570.0,1570.95,1569.05,1570.0,7261
2024-05-16 09:33:00,1570.0,1570.4,1570.0,1570.15,5355
2024-05-16 09:34:00,1570.15,1571.4,1570.0,1570.05,3452
2024-05-16 09:35:00,1570.0,1570.35,1570.0,1570.0,3504
2024-05-16 09:36:00,1570.1,1570.1,1567.55,1568.85,7400
2024-05-16 09:37:00,1568.9,1570.7,1568.8,1569.1,3668
2024-05-16 09:38:00,1569.6,1570.3,1567.8,1568.25,4616
2024-05-16 09:39:00,1568.25,1569.6,1567.9,1568.2,2191
2024-05-16 09:40:00,1568.2,1569.5,1568.0,1568.45,3021
2024-05-16 09:41:00,1568.95,1570.0,1568.2,1569.0,3142
2024-05-16 09:42:00,1569.0,1570.4,1569.0,1569.95,2751
2024-05-16 09:43:00,1569.75,1570.3,1568.1,1568.85,4707
2024-05-16 09:44:00,1568.7,1569.05,1566.8,1566.8,5280
2024-05-16 09:45:00,1567.5,1568.25,1566.55,1566.85,5441
2024-05-16 09:46:00,1567.05,1568.4,1566.45,1567.0,3336
2024-05-16 09:47:00,1567.0,1568.8,1567.0,1568.0,1751
2024-05-16 09:48:00,1568.0,1570.0,1567.7,1568.65,1559
2024-05-16 09:49:00,1569.35,1569.35,1568.0,1568.0,2436
2024-05-16 09:50:00,1568.05,1569.05,1567.75,1568.55,1860
2024-05-16 09:51:00,1568.25,1569.6,1567.5,1568.45,5162
2024-05-16 09:52:00,1568.95,1569.2,1568.2,1568.35,1850
2024-05-16 09:53:00,1568.7,1569.6,1568.4,1568.5,1711
2024-05-16 09:54:00,1568.55,1569.9,1568.5,1569.35,2074
2024-05-16 09:55:00,1569.55,1569.75,1568.65,1568.85,2213
2024-05-16 09:56:00,1568.8,1570.45,1568.65,1570.0,2878
2024-05-16 09:57:00,1570.0,1571.15,1568.4,1569.0,5026
2024-05-16 09:58:00,1568.45,1569.15,1568.0,1569.0,2178
2024-05-16 09:59:00,1569.0,1570.4,1568.75,1569.0,2213
2024-05-16 10:00:00,1569.0,1569.25,1569.0,1569.0,2975
2024-05-16 10:01:00,1568.5,1569.75,1567.75,1569.0,2269
2024-05-16 10:02:00,1568.8,1570.7,1568.15,1570.2,1853
2024-05-16 10:03:00,1570.15,1570.7,1568.85,1570.1,3022
2024-05-16 10:04:00,1570.1,1570.35,1568.8,1569.05,3035
2024-05-16 10:05:00,1568.65,1570.3,1568.65,1570.0,1813
2024-05-16 10:06:00,1570.0,1570.4,1569.6,1570.05,1317
2024-05-16 10:07:00,1570.05,1570.55,1569.5,1570.2,1652
2024-05-16 10:08:00,1570.4,1570.4,1569.45,1569.9,1189
2024-05-16 10:09:00,1569.9,1571.35,1569.5,1570.5,1584
2024-05-16 10:10:00,1570.45,1571.95,1569.8,1571.4,2825
2024-05-16 10:11:00,1571.25,1571.8,1570.45,1571.25,1686
2024-05-16 10:12:00,1571.25,1571.55,1570.1,1570.25,1974
2024-05-16 10:13:00,1570.2,1570.6,1570.0,1570.1,1764
2024-05-16 10:14:00,1570.0,1570.2,1569.8,1570.0,2030
2024-05-16 10:15:00,1570.0,1570.45,1569.5,1570.0,1757
2024-05-16 10:16:00,1570.0,1570.85,1569.75,1569.9,1918
2024-05-16 10:17:00,1569.95,1571.2,1569.6,1570.0,1955
2024-05-16 10:18:00,1570.0,1570.8,1569.6,1570.0,2052
2024-05-16 10:19:00,1570.0,1570.25,1568.85,1570.0,3694
2024-05-16 10:20:00,1570.0,1570.25,1568.25,1568.25,2990
2024-05-16 10:21:00,1568.45,1569.8,1567.85,1568.0,7019
2024-05-16 10:22:00,1568.1,1568.1,1565.75,1566.0,10615
2024-05-16 10:23:00,1565.95,1567.2,1564.45,1566.55,7896
2024-05-16 10:24:00,1566.9,1567.75,1565.9,1567.45,5652
2024-05-16 10:25:00,1567.6,1567.9,1566.4,1567.35,3447
2024-05-16 10:26:00,1567.6,1568.0,1566.45,1567.25,4043
2024-05-16 10:27:00,1567.6,1569.05,1567.25,1568.65,2412
2024-05-16 10:28:00,1568.95,1569.6,1568.15,1569.0,2658
2024-05-16 10:29:00,1568.6,1569.8,1567.45,1569.45,3288
2024-05-16 10:30:00,1569.3,1571.0,1568.45,1569.15,5523
2024-05-16 10:31:00,1569.85,1569.9,1568.3,1569.15,1796
2024-05-16 10:32:00,1569.05,1569.9,1569.0,1569.8,1907
2024-05-16 10:33:00,1569.75,1570.95,1569.0,1570.15,2921
2024-05-16 10:34:00,1570.15,1570.3,1569.0,1569.65,1777
2024-05-16 10:35:00,1569.55,1570.0,1568.05,1569.25,1263
2024-05-16 10:36:00,1569.25,1569.7,1568.0,1569.7,1356
2024-05-16 10:37:00,1569.65,1569.65,1568.25,1569.25,1648
2024-05-16 10:38:00,1569.05,1569.75,1568.55,1569.6,1429
2024-05-16 10:39:00,1569.6,1570.0,1568.25,1569.6,2057
2024-05-16 10:40:00,1569.6,1569.8,1568.5,1569.6,1679
2024-05-16 10:41:00,1568.95,1570.0,1568.75,1569.5,1697
2024-05-16 10:42:00,1569.5,1571.0,1568.65,1570.2,3520
2024-05-16 10:43:00,1570.2,1570.45,1569.4,1570.0,835
2024-05-16 10:44:00,1570.0,1570.4,1569.2,1569.75,1237
2024-05-16 10:45:00,1570.0,1570.0,1568.55,1568.55,1239
2024-05-16 10:46:00,1568.55,1569.55,1567.2,1567.2,3646
2024-05-16 10:47:00,1567.15,1567.35,1563.5,1563.6,6453
2024-05-16 10:48:00,1564.5,1564.5,1562.0,1563.2,5585
2024-05-16 10:49:00,1563.15,1563.15,1561.0,1561.0,3829
2024-05-16 10:50:00,1561.0,1562.35,1560.45,1562.35,2743
2024-05-16 10:51:00,1562.2,1563.85,1561.45,1563.75,2637
2024-05-16 10:52:00,1563.75,1565.0,1563.25,1564.0,1779
2024-05-16 10:53:00,1564.0,1564.8,1563.5,1564.0,1388
2024-05-16 10:54:00,1564.6,1565.0,1564.15,1564.95,1085
2024-05-16 10:55:00,1564.95,1565.9,1564.4,1565.9,1575
2024-05-16 10:56:00,1565.9,1566.35,1565.15,1565.6,414
2024-05-16 10:57:00,1565.6,1566.0,1565.0,1565.55,1137
2024-05-16 10:58:00,1565.55,1566.0,1565.0,1565.4,493
2024-05-16 10:59:00,1565.75,1567.45,1565.35,1566.75,1689
2024-05-16 11:00:00,1566.45,1568.55,1565.6,1568.45,1888
2024-05-16 11:01:00,1568.65,1568.95,1567.4,1568.3,2603
2024-05-16 11:02:00,1568.55,1569.5,1568.3,1568.9,860
2024-05-16 11:03:00,1568.9,1570.0,1568.5,1570.0,1825
2024-05-16 11:04:00,1570.0,1571.0,1569.95,1570.6,2349
2024-05-16 11:05:00,1570.6,1570.85,1570.0,1570.0,786
2024-05-16 11:06:00,1570.4,1570.8,1570.0,1570.25,660
2024-05-16 11:07:00,1570.15,1570.85,1570.0,1570.35,1014
2024-05-16 11:08:00,1570.45,1570.7,1570.2,1570.5,797
2024-05-16 11:09:00,1570.5,1570.6,1569.55,1570.0,2019
2024-05-16 11:10:00,1570.0,1570.0,1567.8,1569.6,3767
2024-05-16 11:11:00,1569.7,1570.0,1569.1,1569.9,1386
2024-05-16 11:12:00,1569.9,1570.0,1569.1,1569.85,1963
2024-05-16 11:13:00,1570.0,1571.1,1570.0,1570.5,1221
2024-05-16 11:14:00,1571.05,1571.1,1569.7,1571.1,671
2024-05-16 11:15:00,1571.1,1571.45,1570.25,1570.7,1052
2024-05-16 11:16:00,1570.7,1570.7,1569.85,1570.0,710
2024-05-16 11:17:00,1570.0,1570.85,1569.95,1570.15,756
2024-05-16 11:18:00,1570.45,1570.45,1568.3,1569.25,2022
2024-05-16 11:19:00,1569.25,1570.65,1569.0,1570.65,2049
2024-05-16 11:20:00,1570.65,1570.8,1570.1,1570.3,397
2024-05-16 11:21:00,1570.75,1570.75,1570.0,1570.05,1151
2024-05-16 11:22:00,1570.3,1570.75,1570.0,1570.1,1024
2024-05-16 11:23:00,1570.1,1570.75,1569.85,1570.75,2319
2024-05-16 11:24:00,1570.75,1571.8,1570.45,1571.6,2491
2024-05-16 11:25:00,1571.8,1573.5,1571.6,1573.5,2907
2024-05-16 11:26:00,1573.5,1573.65,1572.2,1573.65,1383
2024-05-16 11:27:00,1573.7,1574.2,1573.45,1574.2,810
2024-05-16 11:28:00,1574.2,1574.5,1572.0,1572.35,1986
2024-05-16 11:29:00,1572.35,1572.75,1571.65,1571.65,1328
2024-05-16 11:30:00,1571.65,1572.95,1571.65,1572.4,1500
2024-05-16 11:31:00,1572.4,1572.8,1571.65,1572.7,508
2024-05-16 11:32:00,1572.7,1573.0,1572.2,1573.0,979
2024-05-16 11:33:00,1573.6,1573.65,1572.7,1573.1,689
2024-05-16 11:34:00,1573.1,1574.4,1573.1,1573.5,1037
2024-05-16 11:35:00,1573.5,1573.5,1572.7,1572.8,678
2024-05-16 11:36:00,1572.8,1573.35,1571.65,1571.65,945
2024-05-16 11:37:00,1571.65,1573.55,1571.65,1573.55,482
2024-05-16 11:38:00,1573.8,1574.4,1573.55,1573.55,1196
2024-05-16 11:39:00,1573.95,1573.95,1573.05,1573.1,761
2024-05-16 11:40:00,1573.5,1573.5,1572.35,1572.8,752
2024-05-16 11:41:00,1573.0,1573.0,1572.05,1572.85,1336
2024-05-16 11:42:00,1572.85,1574.2,1572.85,1573.5,1610
2024-05-16 11:43:00,1574.15,1574.15,1573.15,1573.35,622
2024-05-16 11:44:00,1573.35,1576.25,1573.35,1576.05,5041
2024-05-16 11:45:00,1576.05,1576.8,1575.1,1575.1,2355
2024-05-16 11:46:00,1575.1,1576.1,1574.55,1575.5,858
2024-05-16 11:47:00,1575.5,1576.6,1574.65,1575.8,1008
2024-05-16 11:48:00,1575.8,1575.95,1575.0,1575.0,1163
2024-05-16 11:49:00,1575.35,1576.0,1575.0,1576.0,978
2024-05-16 11:50:00,1576.0,1576.7,1575.35,1575.9,830
2024-05-16 11:51:00,1575.9,1576.8,1575.7,1575.9,576
2024-05-16 11:52:00,1575.9,1576.35,1574.35,1574.35,706
2024-05-16 11:53:00,1574.35,1575.4,1573.0,1574.7,1023
2024-05-16 11:54:00,1574.35,1575.05,1573.25,1573.55,1135
2024-05-16 11:55:00,1573.55,1574.0,1572.85,1572.85,803
2024-05-16 11:56:00,1572.85,1573.95,1572.85,1573.95,820
2024-05-16 11:57:00,1573.95,1573.95,1572.85,1573.5,918
2024-05-16 11:58:00,1573.5,1575.25,1573.5,1575.25,1697
2024-05-16 11:59:00,1575.4,1576.0,1574.9,1575.35,1275
2024-05-16 12:00:00,1575.35,1576.15,1574.4,1574.4,730
2024-05-16 12:01:00,1574.4,1576.35,1574.4,1576.0,373
2024-05-16 12:02:00,1576.0,1576.95,1575.45,1575.6,1196
2024-05-16 12:03:00,1575.6,1576.0,1572.85,1575.0,688
2024-05-16 12:04:00,1575.0,1575.0,1572.9,1573.15,579
2024-05-16 12:05:00,1573.15,1573.85,1573.0,1573.3,501
2024-05-16 12:06:00,1573.6,1574.95,1573.6,1574.45,794
2024-05-16 12:07:00,1574.45,1576.0,1574.1,1575.55,670
2024-05-16 12:08:00,1575.55,1578.4,1575.0,1578.25,2484
2024-05-16 12:09:00,1578.4,1581.65,1578.4,1580.0,9097
2024-05-16 12:10:00,1580.0,1580.35,1578.95,1580.0,1241
2024-05-16 12:11:00,1580.0,1582.0,1579.85,1580.5,5842
2024-05-16 12:12:00,1581.0,1581.0,1580.0,1580.0,876
2024-05-16 12:13:00,1580.0,1580.8,1580.0,1580.25,409
2024-05-16 12:14:00,1580.5,1584.0,1580.25,1584.0,4202
2024-05-16 12:15:00,1584.0,1586.0,1584.0,1584.75,5368
2024-05-16 12:16:00,1584.75,1585.0,1583.55,1585.0,757
2024-05-16 12:17:00,1585.0,1585.0,1583.0,1583.55,1694
2024-05-16 12:18:00,1583.55,1584.25,1583.5,1584.25,1125
2024-05-16 12:19:00,1584.25,1585.0,1583.55,1584.2,690
2024-05-16 12:20:00,1584.2,1584.2,1581.15,1581.5,3019
2024-05-16 12:21:00,1581.5,1582.45,1581.05,1581.9,1559
2024-05-16 12:22:00,1581.9,1582.6,1581.6,1582.0,1695
2024-05-16 12:23:00,1581.95,1581.95,1580.45,1581.0,1294
2024-05-16 12:24:00,1581.0,1581.95,1580.95,1581.5,1264
2024-05-16 12:25:00,1581.7,1581.7,1581.0,1581.45,841
2024-05-16 12:26:00,1581.45,1581.45,1578.95,1579.4,2128
2024-05-16 12:27:00,1579.4,1579.7,1574.0,1574.5,10310
2024-05-16 12:28:00,1574.5,1575.45,1572.2,1572.55,2765
2024-05-16 12:29:00,1572.35,1574.0,1571.05,1571.7,6198
2024-05-16 12:30:00,1571.6,1572.65,1570.0,1570.95,2949
2024-05-16 12:31:00,1570.95,1572.1,1570.4,1571.95,901
2024-05-16 12:32:00,1571.95,1572.0,1570.6,1571.95,1129
2024-05-16 12:33:00,1571.95,1572.4,1569.45,1571.1,11006
2024-05-16 12:34:00,1571.1,1572.4,1570.0,1572.3,2952
2024-05-16 12:35:00,1572.3,1572.45,1570.75,1571.8,2240
2024-05-16 12:36:00,1570.95,1572.9,1570.95,1571.3,1083
2024-05-16 12:37:00,1572.05,1572.15,1571.0,1571.1,1030
2024-05-16 12:38:00,1571.1,1572.9,1571.1,1572.7,723
2024-05-16 12:39:00,1572.9,1574.05,1572.35,1574.05,2078
2024-05-16 12:40:00,1574.4,1576.1,1573.85,1576.0,2186
2024-05-16 12:41:00,1575.9,1578.0,1575.45,1578.0,916
2024-05-16 12:42:00,1578.0,1578.0,1575.8,1576.35,1160
2024-05-16 12:43:00,1576.5,1578.0,1576.3,1577.65,730
2024-05-16 12:44:00,1577.95,1577.95,1576.0,1576.6,1503
2024-05-16 12:45:00,1576.6,1577.5,1575.8,1577.5,1347
2024-05-16 12:46:00,1577.5,1577.8,1575.15,1576.5,942
2024-05-16 12:47:00,1576.5,1576.75,1573.75,1573.75,852
2024-05-16 12:48:00,1573.75,1576.5,1573.75,1576.5,1508
2024-05-16 12:49:00,1576.5,1577.15,1575.3,1575.3,487
2024-05-16 12:50:00,1576.3,1577.9,1575.5,1577.6,543
2024-05-16 12:51:00,1577.6,1578.0,1576.45,1578.0,532
2024-05-16 12:52:00,1578.0,1578.4,1575.0,1576.75,1029
2024-05-16 12:53:00,1576.75,1576.8,1575.1,1576.2,2848
2024-05-16 12:54:00,1576.7,1577.15,1575.25,1575.8,895
2024-05-16 12:55:00,1575.8,1576.95,1575.0,1576.85,736
2024-05-16 12:56:00,1576.9,1577.5,1576.45,1577.0,481
2024-05-16 12:57:00,1577.0,1578.0,1576.3,1576.7,1063
2024-05-16 12:58:00,1577.15,1577.2,1575.0,1575.0,4906
2024-05-16 12:59:00,1575.0,1575.0,1571.1,1572.0,5878
2024-05-16 13:00:00,1572.0,1573.4,1570.85,1572.95,942
2024-05-16 13:01:00,1572.75,1575.0,1572.75,1575.0,630
2024-05-16 13:02:00,1575.0,1575.0,1573.65,1574.9,411
2024-05-16 13:03:00,1574.9,1575.0,1574.45,1574.9,480
2024-05-16 13:04:00,1574.65,1575.25,1571.35,1571.55,888
2024-05-16 13:05:00,1571.7,1573.9,1570.2,1573.9,1654
2024-05-16 13:06:00,1573.9,1575.35,1573.3,1574.95,463
2024-05-16 13:07:00,1575.0,1575.75,1574.75,1575.7,662
2024-05-16 13:08:00,1575.9,1575.9,1574.3,1575.55,614
2024-05-16 13:09:00,1575.35,1576.25,1575.15,1575.55,571
2024-05-16 13:10:00,1575.8,1575.8,1575.5,1575.55,560
2024-05-16 13:11:00,1575.55,1575.55,1573.7,1575.1,3003
2024-05-16 13:12:00,1575.1,1575.15,1574.45,1574.55,706
2024-05-16 13:13:00,1574.55,1574.8,1573.85,1574.15,426
2024-05-16 13:14:00,1574.2,1574.9,1574.2,1574.6,427
2024-05-16 13:15:00,1574.6,1574.9,1573.55,1574.9,512
2024-05-16 13:16:00,1574.9,1575.0,1571.1,1571.65,1763
2024-05-16 13:17:00,1571.0,1573.3,1570.0,1573.3,9409
2024-05-16 13:18:00,1573.4,1574.2,1572.8,1574.2,2271
2024-05-16 13:19:00,1574.2,1574.25,1572.8,1573.05,582
2024-05-16 13:20:00,1573.05,1573.85,1572.35,1573.85,469
2024-05-16 13:21:00,1573.85,1575.0,1572.35,1573.35,721
2024-05-16 13:22:00,1573.35,1574.35,1572.75,1573.1,414
2024-05-16 13:23:00,1573.1,1573.1,1572.3,1573.0,494
2024-05-16 13:24:00,1573.4,1573.5,1570.45,1572.4,1022
2024-05-16 13:25:00,1572.45,1574.55,1572.2,1574.5,1391
2024-05-16 13:26:00,1574.5,1574.7,1573.8,1574.3,713
2024-05-16 13:27:00,1574.3,1574.45,1573.8,1574.3,635
2024-05-16 13:28:00,1574.3,1575.55,1574.3,1575.1,1315
2024-05-16 13:29:00,1575.1,1575.1,1572.7,1572.9,751
2024-05-16 13:30:00,1572.9,1572.95,1570.55,1570.9,2243
2024-05-16 13:31:00,1571.0,1572.9,1570.9,1571.85,1251
2024-05-16 13:32:00,1572.05,1572.2,1571.5,1571.8,1127
2024-05-16 13:33:00,1571.8,1572.7,1570.0,1571.95,3038
2024-05-16 13:34:00,1571.95,1572.15,1570.0,1570.0,5341
2024-05-16 13:35:00,1570.0,1571.9,1570.0,1571.55,1700
2024-05-16 13:36:00,1571.3,1571.9,1570.8,1571.9,1275
2024-05-16 13:37:00,1571.9,1572.45,1570.7,1572.45,594
2024-05-16 13:38:00,1573.1,1574.05,1572.05,1573.85,1960
2024-05-16 13:39:00,1573.85,1573.9,1571.0,1571.4,9355
2024-05-16 13:40:00,1571.4,1571.5,1568.9,1571.0,6720
2024-05-16 13:41:00,1571.0,1573.4,1571.0,1571.95,2305
2024-05-16 13:42:00,1572.0,1572.25,1570.7,1571.95,1343
2024-05-16 13:43:00,1572.2,1572.9,1570.6,1570.6,986
2024-05-16 13:44:00,1570.6,1572.95,1570.6,1571.4,1352
2024-05-16 13:45:00,1571.4,1572.6,1570.2,1570.85,1312
2024-05-16 13:46:00,1570.75,1571.5,1568.8,1571.2,7230
2024-05-16 13:47:00,1571.2,1571.4,1568.95,1569.85,9174
2024-05-16 13:48:00,1569.4,1571.0,1568.45,1570.3,13068
2024-05-16 13:49:00,1570.5,1571.15,1569.5,1570.5,5558
2024-05-16 13:50:00,1570.6,1572.7,1570.0,1572.55,939
2024-05-16 13:51:00,1572.7,1573.05,1571.3,1572.45,898
2024-05-16 13:52:00,1572.45,1575.1,1572.15,1573.8,5141
2024-05-16 13:53:00,1573.85,1574.6,1572.4,1573.05,1471
2024-05-16 13:54:00,1573.05,1574.25,1572.0,1573.05,1879
2024-05-16 13:55:00,1573.05,1574.15,1572.5,1573.0,1591
2024-05-16 13:56:00,1573.0,1574.8,1572.25,1574.0,2626
2024-05-16 13:57:00,1574.0,1575.95,1573.1,1574.7,4310
2024-05-16 13:58:00,1574.7,1574.7,1571.95,1574.0,2580
2024-05-16 13:59:00,1574.0,1575.7,1573.8,1575.35,2997
2024-05-16 14:00:00,1574.95,1576.55,1573.15,1576.5,4329
2024-05-16 14:01:00,1576.5,1576.8,1574.9,1576.65,4710
2024-05-16 14:02:00,1575.65,1576.75,1575.3,1576.15,7218
2024-05-16 14:03:00,1576.15,1576.4,1575.15,1575.15,2381
2024-05-16 14:04:00,1575.15,1575.45,1573.1,1575.15,1653
2024-05-16 14:05:00,1575.15,1575.15,1570.65,1572.65,2265
2024-05-16 14:06:00,1572.65,1573.0,1570.0,1571.25,1407
2024-05-16 14:07:00,1571.3,1572.55,1571.2,1571.9,888
2024-05-16 14:08:00,1571.9,1572.75,1571.0,1572.4,1570
2024-05-16 14:09:00,1572.4,1572.8,1571.1,1571.1,2417
2024-05-16 14:10:00,1571.4,1572.4,1570.7,1572.4,935
2024-05-16 14:11:00,1572.4,1572.45,1570.65,1571.75,710
2024-05-16 14:12:00,1571.8,1572.25,1571.0,1571.4,1183
2024-05-16 14:13:00,1571.3,1571.35,1570.0,1570.9,2718
2024-05-16 14:14:00,1570.9,1571.15,1570.0,1571.15,962
2024-05-16 14:15:00,1571.4,1572.7,1570.35,1572.0,984
2024-05-16 14:16:00,1572.0,1573.0,1569.95,1570.5,15986
2024-05-16 14:17:00,1570.0,1572.05,1570.0,1571.1,1844
2024-05-16 14:18:00,1571.2,1572.9,1570.15,1571.0,3438
2024-05-16 14:19:00,1571.0,1571.35,1570.0,1570.7,2489
2024-05-16 14:20:00,1570.7,1571.3,1570.0,1570.4,1578
2024-05-16 14:21:00,1570.4,1571.9,1570.4,1571.85,902
2024-05-16 14:22:00,1571.9,1572.95,1571.7,1572.95,1292
2024-05-16 14:23:00,1573.0,1573.8,1571.7,1573.15,1881
2024-05-16 14:24:00,1573.15,1575.55,1573.15,1574.6,1608
2024-05-16 14:25:00,1574.4,1575.2,1573.65,1574.5,1875
2024-05-16 14:26:00,1574.5,1575.5,1573.75,1575.05,1344
2024-05-16 14:27:00,1575.05,1575.7,1573.9,1573.9,1651
2024-05-16 14:28:00,1574.0,1574.0,1572.95,1573.8,1718
2024-05-16 14:29:00,1573.8,1573.95,1571.5,1571.85,4676
2024-05-16 14:30:00,1572.05,1574.0,1571.6,1573.15,2726
2024-05-16 14:31:00,1573.6,1575.7,1572.9,1574.45,5314
2024-05-16 14:32:00,1574.8,1575.35,1572.15,1574.2,3936
2024-05-16 14:33:00,1574.95,1578.65,1574.4,1578.65,8350
2024-05-16 14:34:00,1577.9,1578.55,1577.15,1578.0,4172
2024-05-16 14:35:00,1578.0,1578.4,1576.1,1576.15,3390
2024-05-16 14:36:00,1576.3,1578.25,1576.2,1576.5,1766
2024-05-16 14:37:00,1576.5,1579.8,1576.3,1579.2,6917
2024-05-16 14:38:00,1579.0,1581.15,1578.4,1579.85,5677
2024-05-16 14:39:00,1579.95,1583.0,1579.95,1581.25,10352
2024-05-16 14:40:00,1581.25,1583.8,1580.75,1583.45,6352
2024-05-16 14:41:00,1583.45,1585.5,1583.05,1585.5,20289
2024-05-16 14:42:00,1585.3,1585.4,1581.95,1582.2,8457
2024-05-16 14:43:00,1582.2,1587.4,1581.5,1587.4,11519
2024-05-16 14:44:00,1587.25,1587.3,1583.6,1585.95,11758
2024-05-16 14:45:00,1586.0,1589.0,1585.05,1588.4,8423
2024-05-16 14:46:00,1588.45,1589.1,1586.6,1587.45,5840
2024-05-16 14:47:00,1587.45,1587.45,1584.1,1585.35,5364
2024-05-16 14:48:00,1585.65,1587.0,1585.5,1587.0,4580
2024-05-16 14:49:00,1587.0,1587.8,1586.75,1587.4,5241
2024-05-16 14:50:00,1587.45,1591.5,1586.1,1591.5,21227
2024-05-16 14:51:00,1591.45,1592.25,1590.1,1591.7,7118
2024-05-16 14:52:00,1591.3,1592.95,1590.6,1592.8,7024
2024-05-16 14:53:00,1592.85,1593.3,1591.55,1593.3,9883
2024-05-16 14:54:00,1593.05,1593.45,1592.2,1593.05,7825
2024-05-16 14:55:00,1593.1,1593.1,1589.85,1592.2,9491
2024-05-16 14:56:00,1590.9,1593.1,1590.9,1592.1,7781
2024-05-16 14:57:00,1593.0,1594.25,1591.7,1593.95,7335
2024-05-16 14:58:00,1593.95,1596.45,1593.95,1595.65,11260
2024-05-16 14:59:00,1594.5,1595.75,1594.2,1595.1,4201
2024-05-16 15:00:00,1595.2,1598.4,1593.25,1593.7,16138
2024-05-16 15:01:00,1593.7,1595.4,1593.0,1594.35,15529
2024-05-16 15:02:00,1594.15,1594.75,1592.35,1592.95,10909
2024-05-16 15:03:00,1592.95,1593.0,1591.35,1592.1,8386
2024-05-16 15:04:00,1592.15,1594.7,1592.05,1593.85,10209
2024-05-16 15:05:00,1593.4,1594.75,1592.65,1593.75,10196
2024-05-16 15:06:00,1593.7,1595.45,1593.0,1595.3,5021
2024-05-16 15:07:00,1595.3,1596.1,1593.6,1595.0,5595
2024-05-16 15:08:00,1595.35,1596.95,1594.75,1595.45,7486
2024-05-16 15:09:00,1595.45,1595.6,1592.8,1594.2,10471
2024-05-16 15:10:00,1594.75,1595.0,1593.0,1593.5,7523
2024-05-16 15:11:00,1593.55,1597.7,1593.55,1597.6,5212
2024-05-16 15:12:00,1596.95,1599.0,1596.4,1598.2,9453
2024-05-16 15:13:00,1598.4,1600.0,1597.45,1598.85,14556
2024-05-16 15:14:00,1599.35,1601.0,1597.65,1598.75,10731
2024-05-16 15:15:00,1598.3,1599.25,1597.05,1598.15,8725
2024-05-16 15:16:00,1598.0,1599.0,1596.7,1597.75,6730
2024-05-16 15:17:00,1597.4,1599.5,1596.2,1599.5,8826
2024-05-16 15:18:00,1599.35,1600.0,1598.0,1598.0,8159
2024-05-16 15:19:00,1598.5,1599.0,1597.5,1597.9,4379
2024-05-16 15:20:00,1598.35,1598.35,1594.8,1595.5,9304
2024-05-16 15:21:00,1595.5,1597.2,1595.5,1597.0,4998
2024-05-16 15:22:00,1596.95,1597.1,1596.0,1596.2,4578
2024-05-16 15:23:00,1596.85,1597.7,1596.25,1596.25,3964
2024-05-16 15:24:00,1596.45,1597.0,1595.35,1595.8,6480
2024-05-16 15:25:00,1595.8,1596.3,1593.9,1594.5,5618
2024-05-16 15:26:00,1594.75,1595.55,1593.9,1595.2,4155
2024-05-16 15:27:00,1595.45,1597.3,1595.45,1597.3,6020
2024-05-16 15:28:00,1597.35,1597.35,1592.0,1594.3,4988
2024-05-16 15:29:00,1593.25,1594.85,1590.95,1593.95,3333
2024-05-17 09:15:00,1595.0,1596.0,1580.05,1587.3,12045
2024-05-17 09:16:00,1587.5,1590.95,1586.5,1587.25,8621
2024-05-17 09:17:00,1587.25,1593.75,1585.7,1590.65,5594
2024-05-17 09:18:00,1590.65,1590.65,1585.85,1588.0,3451
2024-05-17 09:19:00,1587.4,1592.0,1587.3,1588.95,3990
2024-05-17 09:20:00,1588.7,1591.4,1587.9,1590.75,3964
2024-05-17 09:21:00,1590.75,1590.75,1588.85,1589.8,5083
2024-05-17 09:22:00,1589.8,1590.1,1586.25,1586.8,2704
2024-05-17 09:23:00,1586.6,1587.4,1585.85,1586.5,2359
2024-05-17 09:24:00,1587.25,1587.75,1585.0,1585.35,2465
2024-05-17 09:25:00,1585.2,1586.6,1584.1,1584.45,3642
2024-05-17 09:26:00,1584.95,1585.4,1584.1,1584.55,1351
2024-05-17 09:27:00,1584.6,1587.4,1584.5,1585.45,3815
2024-05-17 09:28:00,1585.4,1586.6,1584.45,1585.65,2660
2024-05-17 09:29:00,1585.7,1587.35,1585.5,1587.35,3245
2024-05-17 09:30:00,1586.6,1591.0,1586.6,1588.9,2923
2024-05-17 09:31:00,1588.2,1589.4,1584.3,1584.85,4516
2024-05-17 09:32:00,1584.7,1585.5,1584.05,1584.15,2995
2024-05-17 09:33:00,1584.1,1587.15,1584.1,1586.1,2828
2024-05-17 09:34:00,1586.1,1586.6,1584.5,1584.55,3048
2024-05-17 09:35:00,1584.55,1586.35,1584.3,1585.4,2539
2024-05-17 09:36:00,1585.4,1587.2,1584.2,1584.25,2508
2024-05-17 09:37:00,1584.2,1585.85,1584.0,1584.6,2151
2024-05-17 09:38:00,1584.6,1585.8,1584.45,1585.25,571
2024-05-17 09:39:00,1585.25,1585.5,1584.0,1584.0,1581
2024-05-17 09:40:00,1584.0,1584.0,1582.7,1583.2,2438
2024-05-17 09:41:00,1583.15,1585.3,1583.0,1585.3,641
2024-05-17 09:42:00,1585.3,1585.4,1583.0,1583.05,1121
2024-05-17 09:43:00,1583.0,1583.65,1582.0,1582.5,2046
2024-05-17 09:44:00,1582.5,1583.65,1582.0,1582.65,1217
2024-05-17 09:45:00,1582.65,1583.5,1582.5,1582.65,1292
2024-05-17 09:46:00,1582.65,1583.95,1582.6,1583.55,730
2024-05-17 09:47:00,1583.55,1583.7,1582.6,1583.7,441
2024-05-17 09:48:00,1583.5,1583.8,1582.5,1583.65,5033
2024-05-17 09:49:00,1583.65,1583.8,1583.0,1583.4,222
2024-05-17 09:50:00,1583.1,1583.65,1582.5,1583.35,749
2024-05-17 09:51:00,1583.35,1584.7,1582.8,1584.7,1603
2024-05-17 09:52:00,1584.7,1584.9,1583.5,1584.8,359
2024-05-17 09:53:00,1584.8,1584.8,1583.6,1583.95,476
2024-05-17 09:54:00,1583.95,1584.55,1582.65,1583.75,646
2024-05-17 09:55:00,1583.4,1583.75,1583.1,1583.1,323
2024-05-17 09:56:00,1583.1,1584.6,1582.85,1584.6,254
2024-05-17 09:57:00,1584.6,1585.0,1584.0,1584.0,1037
2024-05-17 09:58:00,1584.0,1588.15,1584.0,1588.15,2499
2024-05-17 09:59:00,1588.4,1589.9,1588.0,1588.4,2724
2024-05-17 10:00:00,1588.4,1588.4,1586.35,1586.95,2913
2024-05-17 10:01:00,1587.3,1588.85,1586.45,1587.2,991
2024-05-17 10:02:00,1587.2,1588.45,1586.6,1587.15,2159
2024-05-17 10:03:00,1587.55,1588.0,1586.35,1587.95,1291
2024-05-17 10:04:00,1587.95,1587.95,1586.6,1587.65,321
2024-05-17 10:05:00,1587.65,1587.65,1586.15,1587.2,1285
2024-05-17 10:06:00,1587.2,1587.3,1584.0,1584.0,3427
2024-05-17 10:07:00,1584.35,1585.75,1583.0,1585.75,2176
2024-05-17 10:08:00,1585.75,1587.9,1585.25,1587.0,900
2024-05-17 10:09:00,1587.2,1588.0,1586.0,1586.95,2016
2024-05-17 10:10:00,1586.95,1588.0,1586.85,1588.0,1030
2024-05-17 10:11:00,1587.25,1587.95,1586.0,1586.05,697
2024-05-17 10:12:00,1586.05,1586.7,1584.75,1585.55,715
2024-05-17 10:13:00,1585.55,1586.35,1585.5,1585.55,716
2024-05-17 10:14:00,1585.55,1587.0,1585.25,1585.25,554
2024-05-17 10:15:00,1585.25,1586.2,1585.25,1585.25,127
2024-05-17 10:16:00,1585.5,1586.7,1584.7,1586.7,152
2024-05-17 10:17:00,1586.15,1586.65,1585.1,1586.05,1793
2024-05-17 10:18:00,1586.05,1587.0,1586.05,1586.95,407
2024-05-17 10:19:00,1586.95,1586.95,1586.35,1586.45,50
2024-05-17 10:20:00,1586.45,1587.6,1586.45,1587.25,1222
2024-05-17 10:21:00,1587.25,1587.95,1587.05,1587.05,436
2024-05-17 10:22:00,1587.05,1588.0,1586.6,1586.6,1213
2024-05-17 10:23:00,1586.6,1587.4,1586.15,1586.15,291
2024-05-17 10:24:00,1586.15,1588.0,1586.15,1587.95,461
2024-05-17 10:25:00,1587.95,1590.55,1587.9,1590.05,6082
2024-05-17 10:26:00,1590.05,1590.05,1589.35,1590.0,586
2024-05-17 10:27:00,1590.0,1590.95,1589.5,1590.8,1347
2024-05-17 10:28:00,1590.5,1591.0,1589.6,1590.2,1459
2024-05-17 10:29:00,1590.75,1590.75,1589.1,1589.65,481
2024-05-17 10:30:00,1589.75,1590.75,1589.35,1589.9,723
2024-05-17 10:31:00,1589.9,1590.75,1589.85,1590.7,1117
2024-05-17 10:32:00,1590.7,1592.25,1590.25,1591.2,3249
2024-05-17 10:33:00,1591.2,1592.5,1590.9,1592.45,2081
2024-05-17 10:34:00,1592.45,1593.75,1592.25,1593.45,3523
2024-05-17 10:35:00,1593.45,1593.45,1591.15,1592.0,6405
2024-05-17 10:36:00,1592.0,1593.5,1591.9,1592.8,2836
2024-05-17 10:37:00,1592.5,1594.65,1592.5,1594.45,5609
2024-05-17 10:38:00,1594.45,1594.8,1592.95,1593.95,6298
2024-05-17 10:39:00,1594.1,1594.2,1592.0,1592.25,2614
2024-05-17 10:40:00,1592.25,1593.0,1590.75,1592.5,2845
2024-05-17 10:41:00,1592.5,1592.9,1591.8,1592.8,893
2024-05-17 10:42:00,1592.75,1592.8,1591.65,1592.45,1249
2024-05-17 10:43:00,1592.45,1593.45,1592.35,1593.4,1175
2024-05-17 10:44:00,1593.35,1594.0,1592.7,1594.0,1267
2024-05-17 10:45:00,1594.0,1594.0,1593.15,1593.95,901
2024-05-17 10:46:00,1593.95,1595.85,1593.85,1595.85,2760
2024-05-17 10:47:00,1595.3,1595.95,1594.5,1595.65,1479
2024-05-17 10:48:00,1595.45,1596.0,1594.7,1596.0,587
2024-05-17 10:49:00,1596.0,1596.0,1593.0,1593.55,667
2024-05-17 10:50:00,1593.7,1595.05,1592.3,1594.6,1584
2024-05-17 10:51:00,1594.6,1594.95,1593.5,1594.5,534
2024-05-17 10:52:00,1594.5,1594.9,1593.55,1594.65,1181
2024-05-17 10:53:00,1594.65,1594.65,1593.65,1594.4,507
2024-05-17 10:54:00,1594.4,1594.7,1593.05,1594.4,1113
2024-05-17 10:55:00,1594.35,1594.95,1593.8,1594.95,639
2024-05-17 10:56:00,1594.95,1595.0,1594.45,1595.0,837
2024-05-17 10:57:00,1595.0,1595.95,1594.7,1595.2,1176
2024-05-17 10:58:00,1595.2,1595.7,1595.0,1595.7,758
2024-05-17 10:59:00,1595.7,1595.7,1594.5,1595.45,1658
2024-05-17 11:00:00,1595.45,1595.7,1594.5,1595.65,2112
2024-05-17 11:01:00,1595.7,1596.95,1595.7,1596.9,1784
2024-05-17 11:02:00,1596.9,1597.7,1595.95,1597.7,1631
2024-05-17 11:03:00,1597.7,1597.8,1596.3,1596.5,460
2024-05-17 11:04:00,1596.15,1597.0,1595.75,1596.35,1310
2024-05-17 11:05:00,1596.35,1596.55,1595.65,1595.65,833
2024-05-17 11:06:00,1595.65,1596.95,1595.65,1595.85,605
2024-05-17 11:07:00,1595.85,1597.35,1595.6,1597.35,935
2024-05-17 11:08:00,1597.35,1597.35,1596.45,1596.55,513
2024-05-17 11:09:00,1596.55,1597.45,1596.4,1597.45,662
2024-05-17 11:10:00,1597.05,1598.0,1596.65,1597.7,1720
2024-05-17 11:11:00,1597.7,1597.7,1596.4,1596.4,197
2024-05-17 11:12:00,1596.4,1598.0,1596.25,1598.0,678
2024-05-17 11:13:00,1597.75,1597.85,1596.6,1597.5,499
2024-05-17 11:14:00,1597.65,1597.65,1596.3,1596.3,139
2024-05-17 11:15:00,1596.3,1597.0,1595.6,1596.55,669
2024-05-17 11:16:00,1596.55,1596.65,1595.55,1596.25,656
2024-05-17 11:17:00,1596.15,1596.7,1596.0,1596.0,185
2024-05-17 11:18:00,1596.0,1596.15,1596.0,1596.0,199
2024-05-17 11:19:00,1596.15,1596.15,1595.8,1595.8,354
2024-05-17 11:20:00,1595.3,1595.45,1593.15,1593.6,1601
2024-05-17 11:21:00,1593.6,1593.9,1592.5,1592.5,166
2024-05-17 11:22:00,1592.5,1593.05,1591.85,1592.1,6681
2024-05-17 11:23:00,1592.2,1592.2,1591.9,1592.15,424
2024-05-17 11:24:00,1592.15,1593.2,1592.15,1592.9,903
2024-05-17 11:25:00,1592.9,1592.9,1592.0,1592.05,367
2024-05-17 11:26:00,1592.0,1592.1,1591.35,1591.7,1425
2024-05-17 11:27:00,1591.7,1591.95,1591.35,1591.35,778
2024-05-17 11:28:00,1591.35,1591.95,1591.35,1591.65,122
2024-05-17 11:29:00,1591.65,1592.1,1591.5,1592.1,201
2024-05-17 11:30:00,1592.6,1592.7,1592.05,1592.35,199
2024-05-17 11:31:00,1592.65,1592.85,1592.0,1592.0,248
2024-05-17 11:32:00,1592.0,1592.5,1592.0,1592.2,245
2024-05-17 11:33:00,1592.2,1593.0,1592.05,1593.0,364
2024-05-17 11:34:00,1593.0,1593.95,1592.55,1593.45,186
2024-05-17 11:35:00,1593.45,1593.8,1593.0,1593.8,589
2024-05-17 11:36:00,1593.8,1594.0,1593.2,1594.0,90
2024-05-17 11:37:00,1594.0,1594.7,1593.5,1594.0,397
2024-05-17 11:38:00,1594.0,1594.65,1593.05,1593.05,1504
2024-05-17 11:39:00,1593.05,1593.9,1592.6,1592.7,208
2024-05-17 11:40:00,1592.7,1593.7,1592.7,1593.0,194
2024-05-17 11:41:00,1593.0,1593.7,1593.0,1593.05,107
2024-05-17 11:42:00,1593.9,1594.0,1593.35,1593.75,381
2024-05-17 11:43:00,1593.75,1595.6,1593.75,1595.6,1711
2024-05-17 11:44:00,1595.6,1596.75,1595.5,1596.25,1198
2024-05-17 11:45:00,1596.25,1596.3,1594.05,1594.7,4835
2024-05-17 11:46:00,1594.7,1595.25,1593.35,1594.4,1214
2024-05-17 11:47:00,1594.4,1594.5,1593.05,1593.05,65
2024-05-17 11:48:00,1593.05,1593.85,1593.0,1593.05,282
2024-05-17 11:49:00,1593.05,1594.85,1593.05,1593.55,138
2024-05-17 11:50:00,1593.55,1593.8,1593.0,1593.0,96
2024-05-17 11:51:00,1593.0,1593.65,1592.1,1592.25,514
2024-05-17 11:52:00,1592.25,1593.35,1591.75,1592.55,683
2024-05-17 11:53:00,1592.45,1593.15,1592.1,1593.0,859
2024-05-17 11:54:00,1593.45,1594.0,1593.05,1593.8,309
2024-05-17 11:55:00,1593.8,1594.0,1592.85,1592.85,185
2024-05-17 11:56:00,1593.2,1594.05,1592.85,1592.85,1084
2024-05-17 11:57:00,1592.85,1593.8,1592.85,1592.9,534
2024-05-17 11:58:00,1592.9,1593.0,1592.0,1592.1,625
2024-05-17 11:59:00,1592.1,1593.0,1592.1,1593.0,384
2024-05-17 12:00:00,1592.4,1592.95,1592.4,1592.55,232
2024-05-17 12:01:00,1592.55,1593.0,1592.35,1592.7,392
2024-05-17 12:02:00,1592.7,1592.8,1592.0,1592.05,264
2024-05-17 12:03:00,1592.05,1592.45,1591.5,1591.65,477
2024-05-17 12:04:00,1591.65,1592.05,1591.4,1591.4,659
2024-05-17 12:05:00,1591.4,1592.3,1591.4,1591.7,568
2024-05-17 12:06:00,1591.85,1592.2,1591.4,1591.4,538
2024-05-17 12:07:00,1591.4,1591.95,1591.4,1591.4,440
2024-05-17 12:08:00,1591.4,1592.1,1591.4,1591.4,407
2024-05-17 12:09:00,1591.4,1591.8,1591.4,1591.8,200
2024-05-17 12:10:00,1591.4,1592.2,1591.4,1592.1,318
2024-05-17 12:11:00,1592.15,1592.9,1592.05,1592.2,128
2024-05-17 12:12:00,1592.2,1592.45,1591.4,1591.5,993
2024-05-17 12:13:00,1591.5,1591.9,1591.4,1591.4,712
2024-05-17 12:14:00,1591.4,1591.6,1587.05,1588.25,10590
2024-05-17 12:15:00,1588.25,1589.9,1587.85,1589.25,422
2024-05-17 12:16:00,1589.25,1589.8,1588.0,1589.05,1012
2024-05-17 12:17:00,1589.05,1589.8,1588.8,1589.5,1220
2024-05-17 12:18:00,1589.3,1589.7,1589.25,1589.7,1095
2024-05-17 12:19:00,1589.7,1589.95,1589.05,1589.05,347
2024-05-17 12:20:00,1589.05,1589.5,1589.05,1589.05,251
2024-05-17 12:21:00,1589.05,1589.95,1589.05,1589.4,1625
2024-05-17 12:22:00,1589.4,1589.95,1589.4,1589.75,498
2024-05-17 12:23:00,1589.75,1589.95,1588.55,1588.6,1590
2024-05-17 12:24:00,1589.75,1589.75,1588.45,1589.3,677
2024-05-17 12:25:00,1589.3,1589.5,1588.65,1588.7,576
2024-05-17 12:26:00,1588.7,1589.0,1587.35,1587.5,1831
2024-05-17 12:27:00,1587.5,1588.25,1587.4,1587.8,661
2024-05-17 12:28:00,1587.8,1588.0,1587.1,1587.7,1422
2024-05-17 12:29:00,1587.7,1588.1,1587.0,1588.1,1766
2024-05-17 12:30:00,1588.0,1588.1,1587.6,1587.75,552
2024-05-17 12:31:00,1587.75,1587.95,1586.0,1586.45,2611
2024-05-17 12:32:00,1586.45,1587.35,1586.0,1586.0,704
2024-05-17 12:33:00,1586.0,1586.6,1586.0,1586.6,173
2024-05-17 12:34:00,1586.1,1586.9,1586.1,1586.2,318
2024-05-17 12:35:00,1586.1,1586.8,1586.1,1586.4,192
2024-05-17 12:36:00,1586.4,1586.95,1585.9,1586.0,1422
2024-05-17 12:37:00,1586.0,1586.65,1586.0,1586.0,202
2024-05-17 12:38:00,1586.0,1586.5,1586.0,1586.05,439
2024-05-17 12:39:00,1586.5,1586.5,1586.0,1586.4,178
2024-05-17 12:40:00,1586.4,1586.5,1586.0,1586.0,213
2024-05-17 12:41:00,1586.5,1586.5,1586.0,1586.5,164
2024-05-17 12:42:00,1586.5,1586.5,1585.5,1585.5,1077
2024-05-17 12:43:00,1585.5,1586.5,1585.5,1586.15,344
2024-05-17 12:44:00,1586.15,1586.5,1586.1,1586.1,290
2024-05-17 12:45:00,1586.5,1586.65,1586.0,1586.05,427
2024-05-17 12:46:00,1586.05,1586.5,1586.0,1586.5,215
2024-05-17 12:47:00,1586.5,1586.95,1585.9,1586.15,5249
2024-05-17 12:48:00,1586.15,1586.7,1586.0,1586.15,163
2024-05-17 12:49:00,1586.15,1587.0,1586.05,1586.75,420
2024-05-17 12:50:00,1586.75,1586.75,1586.0,1586.1,568
2024-05-17 12:51:00,1586.1,1587.05,1586.1,1586.8,296
2024-05-17 12:52:00,1586.8,1586.8,1586.0,1586.35,384
2024-05-17 12:53:00,1586.35,1586.7,1586.0,1586.0,162
2024-05-17 12:54:00,1586.0,1586.55,1586.0,1586.35,1485
2024-05-17 12:55:00,1586.35,1586.35,1583.55,1583.8,5631
2024-05-17 12:56:00,1583.85,1584.85,1583.15,1583.3,1182
2024-05-17 12:57:00,1583.2,1584.7,1583.0,1584.05,2057
2024-05-17 12:58:00,1584.05,1584.2,1583.0,1583.1,926
2024-05-17 12:59:00,1583.45,1584.5,1583.1,1583.75,923
2024-05-17 13:00:00,1583.75,1585.0,1583.75,1584.1,334
2024-05-17 13:01:00,1584.1,1584.55,1583.75,1583.85,374
2024-05-17 13:02:00,1583.85,1583.9,1583.0,1583.25,1221
2024-05-17 13:03:00,1583.2,1584.45,1583.1,1584.1,412
2024-05-17 13:04:00,1584.1,1584.6,1583.4,1583.8,212
2024-05-17 13:05:00,1583.8,1584.25,1583.4,1584.25,368
2024-05-17 13:06:00,1584.25,1585.0,1584.0,1584.85,450
2024-05-17 13:07:00,1584.85,1585.0,1584.15,1584.45,637
2024-05-17 13:08:00,1584.5,1585.0,1584.35,1584.55,172
2024-05-17 13:09:00,1584.85,1585.0,1584.5,1584.5,320
2024-05-17 13:10:00,1584.5,1585.0,1584.5,1584.9,178
2024-05-17 13:11:00,1584.9,1585.0,1584.5,1584.7,273
2024-05-17 13:12:00,1584.7,1585.0,1584.45,1584.5,391
2024-05-17 13:13:00,1584.45,1585.0,1584.45,1584.5,307
2024-05-17 13:14:00,1584.5,1584.95,1584.5,1584.8,69
2024-05-17 13:15:00,1585.0,1585.0,1584.6,1584.6,751
2024-05-17 13:16:00,1584.6,1585.0,1584.55,1584.55,401
2024-05-17 13:17:00,1584.55,1585.0,1584.5,1584.75,583
2024-05-17 13:18:00,1584.95,1585.5,1584.5,1584.5,1075
2024-05-17 13:19:00,1584.9,1585.25,1584.5,1584.5,338
2024-05-17 13:20:00,1585.0,1585.0,1584.0,1584.35,793
2024-05-17 13:21:00,1584.35,1585.5,1584.15,1585.25,948
2024-05-17 13:22:00,1585.25,1585.5,1585.0,1585.3,247
2024-05-17 13:23:00,1585.5,1585.5,1585.0,1585.3,387
2024-05-17 13:24:00,1585.3,1586.0,1585.0,1585.75,1775
2024-05-17 13:25:00,1585.95,1585.95,1585.05,1585.25,304
2024-05-17 13:26:00,1585.8,1585.8,1584.2,1584.55,997
2024-05-17 13:27:00,1584.55,1585.0,1584.35,1584.35,999
2024-05-17 13:28:00,1585.0,1585.0,1584.35,1584.35,137
2024-05-17 13:29:00,1584.35,1585.0,1584.35,1584.95,393
2024-05-17 13:30:00,1584.95,1585.5,1583.0,1583.0,3884
2024-05-17 13:31:00,1583.0,1583.7,1583.0,1583.05,326
2024-05-17 13:32:00,1583.05,1583.2,1583.0,1583.0,576
2024-05-17 13:33:00,1583.0,1585.0,1583.0,1585.0,1892
2024-05-17 13:34:00,1585.35,1585.95,1584.7,1585.8,815
2024-05-17 13:35:00,1585.8,1585.9,1584.05,1584.05,894
2024-05-17 13:36:00,1584.05,1585.5,1583.95,1584.5,829
2024-05-17 13:37:00,1584.5,1585.5,1584.5,1585.3,608
2024-05-17 13:38:00,1585.4,1585.5,1584.45,1585.2,645
2024-05-17 13:39:00,1585.45,1585.5,1584.45,1585.25,673
2024-05-17 13:40:00,1585.45,1585.5,1584.65,1585.5,985
2024-05-17 13:41:00,1584.8,1585.5,1584.7,1584.8,700
2024-05-17 13:42:00,1584.8,1585.5,1584.4,1584.45,2499
2024-05-17 13:43:00,1584.45,1585.0,1584.35,1584.6,813
2024-05-17 13:44:00,1584.6,1585.0,1584.4,1584.7,608
2024-05-17 13:45:00,1584.95,1585.0,1584.35,1584.95,1896
2024-05-17 13:46:00,1584.95,1585.4,1584.6,1585.35,815
2024-05-17 13:47:00,1585.35,1585.5,1584.75,1585.45,673
2024-05-17 13:48:00,1585.5,1585.5,1585.0,1585.0,722
2024-05-17 13:49:00,1585.0,1585.9,1585.0,1585.9,1420
2024-05-17 13:50:00,1585.55,1585.65,1584.65,1585.45,1209
2024-05-17 13:51:00,1585.45,1585.6,1584.3,1584.3,851
2024-05-17 13:52:00,1584.3,1585.5,1584.3,1585.5,573
2024-05-17 13:53:00,1585.55,1585.9,1584.85,1585.45,731
2024-05-17 13:54:00,1585.7,1585.9,1584.9,1585.7,700
2024-05-17 13:55:00,1585.7,1585.9,1585.1,1585.8,473
2024-05-17 13:56:00,1585.85,1585.9,1585.0,1585.35,2161
2024-05-17 13:57:00,1585.85,1585.9,1585.0,1585.55,807
2024-05-17 13:58:00,1585.55,1585.9,1584.7,1585.5,2082
2024-05-17 13:59:00,1585.65,1585.95,1584.5,1584.8,3899
2024-05-17 14:00:00,1584.85,1585.95,1584.7,1585.3,751
2024-05-17 14:01:00,1585.3,1585.95,1585.05,1585.4,623
2024-05-17 14:02:00,1585.35,1585.9,1585.0,1585.75,613
2024-05-17 14:03:00,1585.75,1585.95,1585.7,1585.7,1024
2024-05-17 14:04:00,1585.7,1585.95,1585.7,1585.9,683
2024-05-17 14:05:00,1585.95,1585.95,1585.7,1585.9,3281
2024-05-17 14:06:00,1585.7,1585.95,1583.5,1584.55,14679
2024-05-17 14:07:00,1584.8,1585.8,1584.55,1584.6,764
2024-05-17 14:08:00,1584.85,1585.7,1584.55,1585.25,806
2024-05-17 14:09:00,1585.55,1585.8,1584.75,1585.4,1174
2024-05-17 14:10:00,1585.4,1585.95,1584.5,1584.85,1383
2024-05-17 14:11:00,1585.15,1585.6,1584.5,1585.25,831
2024-05-17 14:12:00,1585.25,1585.45,1584.5,1585.25,707
2024-05-17 14:13:00,1585.25,1585.75,1584.5,1585.55,791
2024-05-17 14:14:00,1585.75,1585.8,1584.75,1584.75,783
2024-05-17 14:15:00,1584.8,1585.6,1584.5,1584.7,1241
2024-05-17 14:16:00,1584.7,1585.9,1584.5,1585.15,798
2024-05-17 14:17:00,1585.15,1585.55,1584.5,1584.7,824
2024-05-17 14:18:00,1584.65,1585.4,1584.5,1584.5,827
2024-05-17 14:19:00,1584.5,1584.7,1584.0,1584.4,1162
2024-05-17 14:20:00,1584.3,1584.85,1584.0,1584.0,810
2024-05-17 14:21:00,1584.0,1584.95,1584.0,1584.55,502
2024-05-17 14:22:00,1584.55,1584.95,1583.25,1584.0,1489
2024-05-17 14:23:00,1583.95,1584.2,1583.0,1584.15,798
2024-05-17 14:24:00,1584.35,1585.25,1583.4,1584.9,1129
2024-05-17 14:25:00,1584.95,1585.1,1583.2,1584.1,1327
2024-05-17 14:26:00,1584.6,1584.75,1583.35,1584.15,1428
2024-05-17 14:27:00,1584.15,1584.3,1583.3,1583.3,1194
2024-05-17 14:28:00,1583.3,1584.1,1583.3,1583.45,745
2024-05-17 14:29:00,1583.45,1583.55,1582.55,1583.55,2332
2024-05-17 14:30:00,1583.55,1584.5,1583.0,1583.0,1095
2024-05-17 14:31:00,1583.0,1584.0,1582.55,1583.6,2092
2024-05-17 14:32:00,1583.6,1584.0,1582.95,1583.25,694
2024-05-17 14:33:00,1583.25,1584.6,1583.15,1584.4,1867
2024-05-17 14:34:00,1584.45,1584.6,1583.45,1584.2,758
2024-05-17 14:35:00,1584.2,1584.6,1583.45,1584.0,806
2024-05-17 14:36:00,1584.3,1584.6,1583.0,1583.1,1239
2024-05-17 14:37:00,1583.1,1583.75,1583.0,1583.2,2745
2024-05-17 14:38:00,1583.2,1583.75,1582.1,1582.4,3279
2024-05-17 14:39:00,1582.4,1582.9,1582.0,1582.5,3191
2024-05-17 14:40:00,1582.5,1582.9,1582.5,1582.75,1033
2024-05-17 14:41:00,1582.75,1583.45,1582.45,1583.35,32036
2024-05-17 14:42:00,1583.35,1583.6,1582.5,1582.75,1826
2024-05-17 14:43:00,1583.1,1583.3,1582.5,1582.95,2279
2024-05-17 14:44:00,1583.15,1583.15,1582.5,1582.65,3870
2024-05-17 14:45:00,1582.65,1583.5,1582.5,1583.2,988
2024-05-17 14:46:00,1583.2,1583.4,1582.5,1583.05,2574
2024-05-17 14:47:00,1583.1,1583.3,1582.5,1582.5,2395
2024-05-17 14:48:00,1582.5,1582.85,1582.5,1582.5,7027
2024-05-17 14:49:00,1582.5,1583.5,1582.5,1583.45,668
2024-05-17 14:50:00,1583.5,1583.5,1582.7,1582.95,9266
2024-05-17 14:51:00,1582.95,1583.95,1582.65,1583.95,10320
2024-05-17 14:52:00,1583.5,1585.0,1583.5,1585.0,2080
2024-05-17 14:53:00,1585.25,1585.45,1584.5,1584.8,952
2024-05-17 14:54:00,1584.8,1585.5,1584.5,1585.05,1317
2024-05-17 14:55:00,1585.05,1585.5,1585.0,1585.1,15574
2024-05-17 14:56:00,1585.1,1585.4,1585.0,1585.1,5140
2024-05-17 14:57:00,1585.1,1585.5,1585.0,1585.0,5446
2024-05-17 14:58:00,1585.2,1585.5,1585.0,1585.0,928
2024-05-17 14:59:00,1585.0,1585.7,1585.0,1585.0,653
2024-05-17 15:00:00,1585.0,1585.45,1582.9,1583.0,12054
2024-05-17 15:01:00,1582.95,1583.15,1580.4,1581.0,8929
2024-05-17 15:02:00,1581.4,1582.65,1581.0,1582.4,4382
2024-05-17 15:03:00,1582.1,1583.5,1581.4,1583.0,7432
2024-05-17 15:04:00,1583.4,1584.2,1582.9,1583.9,9912
2024-05-17 15:05:00,1583.9,1584.7,1583.15,1584.5,6132
2024-05-17 15:06:00,1584.5,1584.7,1584.5,1584.5,3183
2024-05-17 15:07:00,1584.85,1585.0,1584.3,1584.55,4876
2024-05-17 15:08:00,1584.5,1587.3,1584.5,1586.05,8052
2024-05-17 15:09:00,1586.0,1586.8,1585.55,1586.7,4411
2024-05-17 15:10:00,1586.5,1586.5,1584.7,1585.15,2460
2024-05-17 15:11:00,1585.15,1586.55,1585.05,1585.95,4086
2024-05-17 15:12:00,1585.95,1586.0,1584.75,1585.0,7059
2024-05-17 15:13:00,1585.4,1585.4,1584.5,1584.85,3495
2024-05-17 15:14:00,1584.85,1585.0,1584.35,1584.75,4814
2024-05-17 15:15:00,1584.75,1585.85,1584.05,1584.5,8213
2024-05-17 15:16:00,1584.85,1585.55,1584.4,1585.45,3440
2024-05-17 15:17:00,1585.45,1585.5,1585.0,1585.0,3534
2024-05-17 15:18:00,1585.1,1585.5,1584.95,1585.3,4078
2024-05-17 15:19:00,1585.4,1585.5,1585.0,1585.0,7700
2024-05-17 15:20:00,1585.3,1585.95,1585.0,1585.25,6139
2024-05-17 15:21:00,1585.85,1585.85,1585.0,1585.35,2912
2024-05-17 15:22:00,1585.35,1586.1,1585.0,1586.0,3335
2024-05-17 15:23:00,1586.0,1587.0,1585.9,1587.0,2625
2024-05-17 15:24:00,1587.0,1587.8,1586.9,1587.3,2957
2024-05-17 15:25:00,1587.45,1587.45,1586.8,1586.8,2815
2024-05-17 15:26:00,1586.8,1586.85,1586.15,1586.7,3122
2024-05-17 15:27:00,1586.8,1588.0,1586.8,1587.95,5559
2024-05-17 15:28:00,1587.95,1588.0,1586.55,1587.5,2738
2024-05-17 15:29:00,1587.5,1587.5,1584.65,1587.0,5188
2024-05-18 09:15:00,1584.7,1600.0,1575.0,1587.25,2633
2024-05-18 09:16:00,1587.25,1588.35,1583.7,1587.25,548
2024-05-18 09:17:00,1587.25,1589.7,1586.05,1589.0,1593
2024-05-18 09:18:00,1589.0,1589.45,1586.05,1586.7,623
2024-05-18 09:19:00,1586.7,1587.15,1586.1,1586.65,204
2024-05-18 09:20:00,1586.65,1586.7,1586.05,1586.2,293
2024-05-18 09:21:00,1586.2,1588.45,1586.2,1588.45,480
2024-05-18 09:22:00,1588.45,1588.45,1586.6,1587.5,889
2024-05-18 09:23:00,1587.5,1587.6,1586.05,1587.6,1812
2024-05-18 09:24:00,1587.6,1589.1,1587.6,1588.8,85
2024-05-18 09:25:00,1588.8,1589.1,1588.75,1589.1,1500
2024-05-18 09:26:00,1589.1,1589.7,1587.75,1589.1,45
2024-05-18 09:27:00,1589.1,1589.35,1587.75,1589.35,1588
2024-05-18 09:28:00,1589.35,1589.4,1587.75,1587.75,105
2024-05-18 09:29:00,1587.75,1589.1,1587.75,1589.0,748
2024-05-18 09:30:00,1589.0,1589.95,1589.0,1589.95,283
2024-05-18 09:31:00,1589.95,1589.95,1589.0,1589.0,742
2024-05-18 09:32:00,1589.0,1590.6,1589.0,1589.25,486
2024-05-18 09:33:00,1589.25,1590.05,1588.55,1589.65,105
2024-05-18 09:34:00,1589.65,1589.75,1587.05,1588.3,409
2024-05-18 09:35:00,1588.3,1588.85,1587.05,1588.85,325
2024-05-18 09:36:00,1588.85,1589.1,1587.1,1587.6,246
2024-05-18 09:37:00,1587.6,1587.6,1587.1,1587.1,60
2024-05-18 09:38:00,1587.1,1587.8,1587.05,1587.1,123
2024-05-18 09:39:00,1587.1,1587.6,1587.0,1587.6,215
2024-05-18 09:40:00,1587.6,1588.0,1587.1,1588.0,198
2024-05-18 09:41:00,1588.0,1588.55,1587.1,1588.3,194
2024-05-18 09:42:00,1588.3,1588.55,1586.7,1587.7,509
2024-05-18 09:43:00,1587.7,1588.3,1587.7,1588.3,193
2024-05-18 09:44:00,1588.3,1588.3,1587.5,1588.25,243
2024-05-18 09:45:00,1588.25,1589.5,1588.25,1589.5,186
2024-05-18 09:46:00,1589.5,1589.5,1588.55,1589.45,366
2024-05-18 09:47:00,1588.55,1589.4,1587.2,1587.2,425
2024-05-18 09:48:00,1587.1,1587.1,1586.4,1587.1,454
2024-05-18 09:49:00,1587.1,1587.1,1583.05,1584.75,4528
2024-05-18 09:50:00,1584.75,1584.75,1583.0,1583.8,874
2024-05-18 09:51:00,1583.8,1587.0,1583.75,1587.0,1872
2024-05-18 09:52:00,1587.0,1587.55,1584.25,1584.25,988
2024-05-18 09:53:00,1584.25,1585.9,1583.65,1583.65,1180
2024-05-18 09:54:00,1583.65,1585.1,1583.15,1583.55,633
2024-05-18 09:55:00,1583.55,1584.0,1582.35,1582.35,888
2024-05-18 09:56:00,1582.35,1583.1,1582.05,1583.0,728
2024-05-18 09:57:00,1583.0,1584.25,1583.0,1584.05,352
2024-05-18 09:58:00,1584.05,1586.0,1582.25,1583.5,2593
2024-05-18 09:59:00,1583.5,1586.0,1583.5,1585.0,423
2024-05-18 11:30:00,1585.0,1590.0,1581.75,1585.0,834
2024-05-18 11:31:00,1585.0,1587.0,1584.1,1587.0,557
2024-05-18 11:32:00,1587.0,1587.0,1584.25,1584.35,536
2024-05-18 11:33:00,1584.3,1586.0,1584.25,1585.85,149
2024-05-18 11:34:00,1585.85,1587.0,1585.05,1586.9,408
2024-05-18 11:35:00,1586.9,1587.35,1585.0,1585.95,901
2024-05-18 11:36:00,1585.95,1586.65,1585.0,1586.4,143
2024-05-18 11:37:00,1586.85,1586.85,1585.05,1585.5,426
2024-05-18 11:38:00,1585.5,1586.7,1585.1,1586.15,340
2024-05-18 11:39:00,1586.75,1586.8,1585.65,1586.5,201
2024-05-18 11:40:00,1586.75,1587.0,1585.8,1586.95,292
2024-05-18 11:41:00,1586.95,1587.0,1585.95,1587.0,114
2024-05-18 11:42:00,1587.0,1587.0,1586.0,1586.05,346
2024-05-18 11:43:00,1586.05,1587.6,1586.05,1587.6,276
2024-05-18 11:44:00,1587.5,1587.5,1586.2,1587.35,446
2024-05-18 11:45:00,1587.35,1587.4,1586.05,1587.0,291
2024-05-18 11:46:00,1587.0,1587.35,1586.1,1587.35,340
2024-05-18 11:47:00,1587.35,1587.35,1586.1,1587.35,195
2024-05-18 11:48:00,1587.35,1587.5,1586.2,1586.25,243
2024-05-18 11:49:00,1586.25,1587.25,1586.25,1586.35,76
2024-05-18 11:50:00,1586.35,1587.4,1586.35,1586.35,163
2024-05-18 11:51:00,1586.35,1587.5,1586.35,1587.5,62
2024-05-18 11:52:00,1587.5,1587.5,1586.5,1587.4,155
2024-05-18 11:53:00,1587.4,1587.45,1586.5,1586.6,21
2024-05-18 11:54:00,1586.55,1587.4,1586.5,1587.4,206
2024-05-18 11:55:00,1587.4,1587.4,1586.6,1586.6,64
2024-05-18 11:56:00,1586.6,1587.5,1586.6,1587.5,183
2024-05-18 11:57:00,1587.5,1587.5,1586.6,1587.0,127
2024-05-18 11:58:00,1587.0,1587.5,1587.0,1587.0,231
2024-05-18 11:59:00,1587.0,1587.4,1587.0,1587.0,79
2024-05-18 12:00:00,1587.0,1587.4,1587.0,1587.4,140
2024-05-18 12:01:00,1587.4,1587.5,1586.6,1587.5,757
2024-05-18 12:02:00,1587.5,1587.5,1586.6,1587.25,227
2024-05-18 12:03:00,1587.25,1587.25,1586.6,1587.25,77
2024-05-18 12:04:00,1587.25,1587.4,1586.6,1587.4,30
2024-05-18 12:05:00,1587.4,1587.45,1586.6,1587.0,36
2024-05-18 12:06:00,1587.0,1587.5,1586.6,1586.6,433
2024-05-18 12:07:00,1586.6,1587.4,1586.35,1586.35,156
2024-05-18 12:08:00,1586.35,1587.35,1586.05,1586.05,159
2024-05-18 12:09:00,1586.05,1587.05,1586.05,1586.1,100
2024-05-18 12:10:00,1586.1,1587.5,1586.05,1587.5,1351
2024-05-18 12:11:00,1587.5,1587.5,1586.2,1587.5,521
2024-05-18 12:12:00,1587.5,1587.5,1585.45,1587.05,721
2024-05-18 12:13:00,1587.05,1587.45,1586.95,1587.45,225
2024-05-18 12:14:00,1587.45,1587.7,1587.4,1587.7,422
2024-05-18 12:15:00,1587.7,1587.7,1585.0,1587.7,552
2024-05-18 12:16:00,1587.7,1588.0,1586.35,1588.0,277
2024-05-18 12:17:00,1588.0,1588.5,1585.0,1588.5,987
2024-05-18 12:18:00,1588.5,1588.5,1587.25,1588.5,415
2024-05-18 12:19:00,1588.5,1588.5,1585.0,1588.45,671
2024-05-18 12:20:00,1588.45,1588.45,1587.25,1588.4,254
2024-05-18 12:21:00,1588.4,1588.4,1587.25,1588.35,247
2024-05-18 12:22:00,1588.35,1588.35,1585.9,1587.8,732
2024-05-18 12:23:00,1587.8,1587.8,1585.05,1587.7,312
2024-05-18 12:24:00,1587.7,1588.45,1585.35,1587.0,995
2024-05-18 12:25:00,1587.0,1588.35,1585.0,1585.0,520
2024-05-18 12:26:00,1585.0,1588.45,1585.0,1588.45,968
2024-05-18 12:27:00,1588.45,1588.45,1585.0,1588.4,540
2024-05-18 12:28:00,1586.05,1589.5,1586.0,1589.35,1570
2024-05-18 12:29:00,1589.35,1589.95,1585.0,1589.9,1387
2024-05-21 09:15:00,1587.5,1595.3,1587.5,1588.45,8309
2024-05-21 09:16:00,1587.95,1587.95,1582.6,1584.45,6920
2024-05-21 09:17:00,1584.45,1584.45,1581.8,1583.1,5363
2024-05-21 09:18:00,1583.1,1583.9,1582.15,1583.9,4387
2024-05-21 09:19:00,1583.9,1584.3,1582.65,1583.0,4621
2024-05-21 09:20:00,1583.0,1583.55,1580.05,1582.2,7429
2024-05-21 09:21:00,1582.65,1582.85,1578.9,1580.1,8775
2024-05-21 09:22:00,1579.75,1580.15,1578.05,1578.85,3442
2024-05-21 09:23:00,1578.85,1578.85,1576.45,1576.5,2277
2024-05-21 09:24:00,1576.0,1577.15,1575.5,1575.5,3635
2024-05-21 09:25:00,1575.55,1575.6,1574.0,1574.85,6616
2024-05-21 09:26:00,1574.45,1576.25,1574.0,1575.0,4674
2024-05-21 09:27:00,1575.0,1575.7,1574.05,1574.65,3141
2024-05-21 09:28:00,1574.75,1575.75,1574.45,1575.75,2832
2024-05-21 09:29:00,1575.75,1578.35,1575.5,1577.35,3441
2024-05-21 09:30:00,1577.25,1577.95,1575.1,1575.1,3922
2024-05-21 09:31:00,1575.1,1575.65,1574.45,1574.5,2346
2024-05-21 09:32:00,1574.5,1575.0,1573.55,1573.9,4790
2024-05-21 09:33:00,1573.85,1574.0,1572.55,1572.55,3885
2024-05-21 09:34:00,1573.35,1573.7,1572.0,1573.55,3843
2024-05-21 09:35:00,1573.25,1574.0,1573.0,1573.85,1687
2024-05-21 09:36:00,1574.25,1575.35,1574.25,1575.2,2611
2024-05-21 09:37:00,1574.5,1574.9,1574.0,1574.1,1464
2024-05-21 09:38:00,1574.1,1574.9,1574.0,1574.4,4136
2024-05-21 09:39:00,1574.4,1576.35,1574.25,1575.15,2323
2024-05-21 09:40:00,1575.15,1576.05,1573.35,1573.35,3177
2024-05-21 09:41:00,1573.4,1573.9,1572.3,1572.95,2626
2024-05-21 09:42:00,1572.4,1573.65,1572.15,1573.25,2804
2024-05-21 09:43:00,1573.25,1574.25,1573.05,1573.2,3806
2024-05-21 09:44:00,1573.3,1574.05,1572.0,1572.0,5266
2024-05-21 09:45:00,1572.05,1575.4,1572.05,1575.05,5746
2024-05-21 09:46:00,1574.5,1575.35,1573.45,1575.0,1415
2024-05-21 09:47:00,1575.0,1575.0,1574.0,1574.65,1320
2024-05-21 09:48:00,1574.65,1574.65,1572.1,1573.25,3054
2024-05-21 09:49:00,1573.25,1574.0,1573.25,1573.25,977
2024-05-21 09:50:00,1573.0,1573.8,1572.1,1572.5,1079
2024-05-21 09:51:00,1572.5,1573.45,1572.45,1572.6,1446
2024-05-21 09:52:00,1572.6,1573.35,1572.45,1573.1,1551
2024-05-21 09:53:00,1573.0,1573.9,1573.0,1573.7,759
2024-05-21 09:54:00,1573.15,1576.85,1573.15,1576.5,3204
2024-05-21 09:55:00,1576.5,1577.25,1575.9,1576.45,3890
2024-05-21 09:56:00,1576.45,1576.75,1575.0,1575.0,2631
2024-05-21 09:57:00,1575.0,1576.15,1574.8,1574.8,1159
2024-05-21 09:58:00,1574.7,1574.95,1573.7,1574.5,3520
2024-05-21 09:59:00,1574.0,1577.75,1574.0,1577.75,1574
2024-05-21 10:00:00,1577.1,1577.1,1575.6,1576.95,2938
2024-05-21 10:01:00,1576.95,1579.1,1576.25,1579.1,3312
2024-05-21 10:02:00,1579.05,1581.0,1578.65,1579.35,4576
2024-05-21 10:03:00,1579.35,1580.3,1578.6,1579.55,2455
2024-05-21 10:04:00,1579.55,1581.0,1579.25,1580.6,2471
2024-05-21 10:05:00,1580.6,1582.95,1580.35,1580.7,5229
2024-05-21 10:06:00,1580.7,1580.7,1579.1,1579.85,2497
2024-05-21 10:07:00,1579.85,1579.85,1579.0,1579.65,1613
2024-05-21 10:08:00,1579.65,1581.25,1579.65,1580.8,3270
2024-05-21 10:09:00,1580.8,1581.75,1580.7,1580.7,1077
2024-05-21 10:10:00,1580.7,1581.75,1580.4,1581.6,2194
2024-05-21 10:11:00,1581.6,1582.0,1581.1,1581.55,1368
2024-05-21 10:12:00,1581.55,1582.5,1581.1,1581.35,2554
2024-05-21 10:13:00,1581.35,1581.4,1580.4,1580.4,1049
2024-05-21 10:14:00,1580.4,1581.0,1580.0,1580.0,1233
2024-05-21 10:15:00,1580.0,1582.45,1580.0,1582.15,2506
2024-05-21 10:16:00,1582.05,1582.1,1581.0,1581.4,696
2024-05-21 10:17:00,1581.4,1581.85,1580.75,1580.95,772
2024-05-21 10:18:00,1580.95,1581.95,1580.45,1580.75,916
2024-05-21 10:19:00,1580.75,1582.6,1580.5,1582.25,3108
2024-05-21 10:20:00,1582.4,1582.95,1581.5,1582.45,2619
2024-05-21 10:21:00,1582.45,1582.45,1580.65,1581.05,2125
2024-05-21 10:22:00,1581.05,1582.45,1580.75,1582.35,2044
2024-05-21 10:23:00,1582.35,1583.55,1581.35,1582.6,5136
2024-05-21 10:24:00,1583.1,1583.7,1582.4,1583.35,2021
2024-05-21 10:25:00,1583.4,1583.5,1582.5,1583.3,1561
2024-05-21 10:26:00,1583.3,1583.3,1582.25,1582.35,1963
2024-05-21 10:27:00,1582.25,1583.8,1582.05,1583.75,940
2024-05-21 10:28:00,1583.75,1586.25,1583.15,1585.05,5749
2024-05-21 10:29:00,1585.05,1586.7,1585.05,1586.0,6332
2024-05-21 10:30:00,1586.0,1586.4,1585.65,1586.4,1220
2024-05-21 10:31:00,1586.0,1586.5,1585.7,1586.5,1232
2024-05-21 10:32:00,1586.5,1586.5,1585.55,1586.1,1935
2024-05-21 10:33:00,1586.1,1586.5,1585.0,1585.0,813
2024-05-21 10:34:00,1585.2,1585.35,1584.5,1584.9,1566
2024-05-21 10:35:00,1584.9,1585.75,1584.3,1585.0,1572
2024-05-21 10:36:00,1585.0,1586.55,1584.85,1585.65,1962
2024-05-21 10:37:00,1585.0,1586.25,1584.4,1585.55,1428
2024-05-21 10:38:00,1585.55,1585.55,1584.75,1585.35,2002
2024-05-21 10:39:00,1585.35,1586.1,1584.95,1586.0,920
2024-05-21 10:40:00,1586.0,1586.0,1585.15,1585.25,1073
2024-05-21 10:41:00,1585.3,1585.5,1584.95,1584.95,684
2024-05-21 10:42:00,1584.95,1585.65,1584.95,1585.6,3170
2024-05-21 10:43:00,1585.6,1585.9,1585.5,1585.55,1044
2024-05-21 10:44:00,1585.55,1585.95,1585.35,1585.7,705
2024-05-21 10:45:00,1585.7,1585.8,1584.75,1584.95,1146
2024-05-21 10:46:00,1584.95,1584.95,1583.25,1584.4,1447
2024-05-21 10:47:00,1584.4,1585.5,1583.95,1585.0,702
2024-05-21 10:48:00,1585.0,1585.0,1584.15,1584.5,549
2024-05-21 10:49:00,1584.5,1585.0,1584.2,1584.75,1083
2024-05-21 10:50:00,1584.75,1584.95,1584.2,1584.2,330
2024-05-21 10:51:00,1584.2,1584.35,1583.3,1583.3,758
2024-05-21 10:52:00,1583.3,1584.0,1583.25,1583.65,877
2024-05-21 10:53:00,1584.15,1584.15,1583.3,1583.85,946
2024-05-21 10:54:00,1583.85,1583.85,1583.25,1583.25,412
2024-05-21 10:55:00,1583.25,1584.05,1583.0,1583.45,1619
2024-05-21 10:56:00,1583.45,1584.05,1583.1,1583.3,395
2024-05-21 10:57:00,1583.3,1583.3,1583.0,1583.2,631
2024-05-21 10:58:00,1583.2,1583.2,1582.3,1582.4,826
2024-05-21 10:59:00,1582.4,1583.95,1582.4,1583.55,1765
2024-05-21 11:00:00,1583.55,1583.6,1583.0,1583.45,179
2024-05-21 11:01:00,1583.45,1584.0,1583.05,1583.5,624
2024-05-21 11:02:00,1583.45,1583.45,1582.5,1582.8,603
2024-05-21 11:03:00,1582.55,1584.95,1582.45,1584.9,3388
2024-05-21 11:04:00,1584.9,1585.55,1584.4,1585.35,1075
2024-05-21 11:05:00,1585.35,1586.25,1584.05,1584.9,2108
2024-05-21 11:06:00,1584.4,1585.0,1583.9,1584.25,762
2024-05-21 11:07:00,1584.3,1584.8,1584.0,1584.45,797
2024-05-21 11:08:00,1584.45,1585.0,1584.05,1584.95,1848
2024-05-21 11:09:00,1584.95,1585.15,1584.3,1584.8,2359
2024-05-21 11:10:00,1584.8,1585.0,1584.05,1584.5,363
2024-05-21 11:11:00,1584.5,1584.55,1583.7,1584.5,765
2024-05-21 11:12:00,1584.5,1584.5,1583.3,1583.5,993
2024-05-21 11:13:00,1583.3,1584.85,1583.3,1584.2,1169
2024-05-21 11:14:00,1584.0,1585.0,1583.85,1584.5,1303
2024-05-21 11:15:00,1583.85,1584.4,1582.75,1582.8,1246
2024-05-21 11:16:00,1582.8,1583.5,1581.2,1581.2,2917
2024-05-21 11:17:00,1581.55,1582.35,1581.25,1582.3,1073
2024-05-21 11:18:00,1582.3,1582.75,1581.3,1581.35,3201
2024-05-21 11:19:00,1581.35,1582.0,1581.1,1581.45,1158
2024-05-21 11:20:00,1581.45,1581.45,1580.5,1581.05,843
2024-05-21 11:21:00,1580.5,1581.2,1580.45,1581.2,675
2024-05-21 11:22:00,1581.2,1582.0,1581.2,1582.0,635
2024-05-21 11:23:00,1582.0,1582.0,1581.35,1581.9,414
2024-05-21 11:24:00,1581.9,1582.4,1581.4,1581.5,576
2024-05-21 11:25:00,1581.4,1582.7,1581.4,1581.8,1762
2024-05-21 11:26:00,1581.8,1582.4,1581.55,1582.1,506
2024-05-21 11:27:00,1582.1,1582.1,1581.3,1581.9,328
2024-05-21 11:28:00,1581.9,1581.9,1581.15,1581.4,752
2024-05-21 11:29:00,1581.55,1582.3,1581.2,1582.3,802
2024-05-21 11:30:00,1582.3,1582.5,1581.6,1581.7,268
2024-05-21 11:31:00,1581.7,1582.35,1581.0,1581.5,515
2024-05-21 11:32:00,1581.5,1581.55,1580.45,1580.8,1038
2024-05-21 11:33:00,1580.4,1580.8,1580.05,1580.4,766
2024-05-21 11:34:00,1580.4,1580.4,1580.0,1580.15,1070
2024-05-21 11:35:00,1580.15,1580.2,1579.25,1579.5,3060
2024-05-21 11:36:00,1579.5,1580.5,1579.25,1580.0,1526
2024-05-21 11:37:00,1580.0,1581.45,1579.8,1581.25,1552
2024-05-21 11:38:00,1581.25,1581.55,1580.75,1581.45,470
2024-05-21 11:39:00,1581.45,1581.45,1580.45,1581.15,639
2024-05-21 11:40:00,1581.15,1582.75,1580.55,1582.5,1072
2024-05-21 11:41:00,1582.5,1583.8,1582.0,1583.65,1331
2024-05-21 11:42:00,1583.65,1585.4,1583.65,1585.4,2063
2024-05-21 11:43:00,1585.4,1585.6,1584.9,1585.5,668
2024-05-21 11:44:00,1585.5,1588.6,1585.35,1587.55,7022
2024-05-21 11:45:00,1587.55,1588.0,1586.95,1587.45,1384
2024-05-21 11:46:00,1587.45,1587.45,1586.2,1586.65,1621
2024-05-21 11:47:00,1586.65,1586.95,1586.15,1586.7,748
2024-05-21 11:48:00,1586.7,1586.95,1585.45,1586.05,1369
2024-05-21 11:49:00,1586.1,1586.1,1585.3,1585.95,1189
2024-05-21 11:50:00,1585.95,1587.0,1585.45,1586.05,785
2024-05-21 11:51:00,1586.0,1587.0,1585.5,1587.0,1797
2024-05-21 11:52:00,1587.0,1587.2,1586.1,1586.7,528
2024-05-21 11:53:00,1586.7,1587.4,1586.7,1586.85,871
2024-05-21 11:54:00,1587.35,1587.4,1586.25,1586.35,552
2024-05-21 11:55:00,1586.35,1586.4,1585.7,1585.7,1064
2024-05-21 11:56:00,1585.85,1588.0,1585.85,1587.9,2461
2024-05-21 11:57:00,1587.95,1587.95,1586.6,1586.8,770
2024-05-21 11:58:00,1586.8,1587.9,1586.8,1587.75,1258
2024-05-21 11:59:00,1587.75,1588.5,1587.6,1587.9,1798
2024-05-21 12:00:00,1587.9,1588.25,1586.9,1587.65,1645
2024-05-21 12:01:00,1587.65,1587.65,1586.8,1587.5,990
2024-05-21 12:02:00,1587.5,1587.5,1586.8,1587.45,1632
2024-05-21 12:03:00,1587.45,1587.45,1586.8,1587.2,667
2024-05-21 12:04:00,1587.4,1587.45,1586.6,1587.1,1143
2024-05-21 12:05:00,1587.1,1587.1,1586.2,1586.5,1163
2024-05-21 12:06:00,1586.5,1586.95,1586.2,1586.9,579
2024-05-21 12:07:00,1586.85,1587.1,1586.25,1587.05,846
2024-05-21 12:08:00,1587.05,1587.05,1586.2,1586.3,696
2024-05-21 12:09:00,1586.75,1587.0,1586.5,1586.9,640
2024-05-21 12:10:00,1586.9,1588.45,1586.9,1587.9,1533
2024-05-21 12:11:00,1587.85,1588.9,1587.8,1588.9,825
2024-05-21 12:12:00,1588.9,1589.95,1588.8,1589.35,1378
2024-05-21 12:13:00,1589.35,1591.0,1588.8,1590.85,3024
2024-05-21 12:14:00,1590.85,1591.0,1590.5,1590.95,967
2024-05-21 12:15:00,1590.95,1591.15,1590.3,1590.95,1350
2024-05-21 12:16:00,1590.85,1591.45,1590.15,1591.05,2358
2024-05-21 12:17:00,1591.05,1591.05,1590.05,1590.9,1263
2024-05-21 12:18:00,1590.65,1590.85,1589.35,1589.9,2116
2024-05-21 12:19:00,1589.9,1589.9,1589.05,1589.6,444
2024-05-21 12:20:00,1589.6,1589.65,1588.0,1588.95,5255
2024-05-21 12:21:00,1588.9,1588.95,1587.55,1588.15,600
2024-05-21 12:22:00,1588.15,1588.8,1587.05,1588.55,689
2024-05-21 12:23:00,1588.55,1589.0,1587.75,1588.6,681
2024-05-21 12:24:00,1588.65,1588.65,1587.75,1588.55,631
2024-05-21 12:25:00,1588.5,1589.0,1588.05,1588.4,731
2024-05-21 12:26:00,1588.65,1588.7,1587.65,1588.0,644
2024-05-21 12:27:00,1588.0,1588.05,1587.0,1587.65,649
2024-05-21 12:28:00,1587.65,1587.8,1587.0,1587.25,3540
2024-05-21 12:29:00,1587.3,1587.85,1587.05,1587.85,869
2024-05-21 12:30:00,1587.8,1588.0,1586.95,1587.25,787
2024-05-21 12:31:00,1587.3,1587.6,1586.8,1587.2,601
2024-05-21 12:32:00,1587.2,1588.0,1587.2,1587.65,1303
2024-05-21 12:33:00,1587.65,1588.4,1587.0,1587.55,841
2024-05-21 12:34:00,1587.9,1587.9,1587.25,1587.7,1047
2024-05-21 12:35:00,1587.15,1588.6,1587.05,1588.2,4232
2024-05-21 12:36:00,1588.2,1588.95,1588.05,1588.95,539
2024-05-21 12:37:00,1588.95,1589.0,1588.0,1588.6,792
2024-05-21 12:38:00,1588.6,1588.8,1588.05,1588.75,1406
2024-05-21 12:39:00,1588.75,1589.95,1588.7,1589.5,936
2024-05-21 12:40:00,1589.5,1589.5,1588.5,1588.6,932
2024-05-21 12:41:00,1588.6,1589.2,1588.6,1589.0,519
2024-05-21 12:42:00,1589.0,1589.05,1588.6,1589.05,398
2024-05-21 12:43:00,1589.05,1589.8,1589.0,1589.7,879
2024-05-21 12:44:00,1589.7,1589.7,1589.0,1589.65,523
2024-05-21 12:45:00,1589.65,1589.65,1586.6,1588.2,5148
2024-05-21 12:46:00,1588.2,1588.2,1586.1,1586.85,1901
2024-05-21 12:47:00,1586.85,1586.85,1586.05,1586.3,1043
2024-05-21 12:48:00,1586.25,1586.4,1585.8,1586.35,664
2024-05-21 12:49:00,1586.35,1586.75,1586.05,1586.75,796
2024-05-21 12:50:00,1586.85,1587.0,1585.85,1586.75,1374
2024-05-21 12:51:00,1586.75,1587.4,1586.15,1587.4,961
2024-05-21 12:52:00,1587.45,1588.25,1587.0,1587.6,1635
2024-05-21 12:53:00,1587.15,1587.7,1585.65,1586.4,687
2024-05-21 12:54:00,1586.4,1586.45,1584.45,1585.45,2401
2024-05-21 12:55:00,1585.45,1585.7,1582.65,1583.4,3896
2024-05-21 12:56:00,1583.85,1583.85,1581.3,1582.45,3525
2024-05-21 12:57:00,1582.45,1582.7,1581.4,1581.75,2073
2024-05-21 12:58:00,1581.75,1582.15,1581.45,1581.65,1516
2024-05-21 12:59:00,1581.45,1582.7,1581.4,1582.7,2947
2024-05-21 13:00:00,1582.7,1582.7,1581.7,1582.1,2005
2024-05-21 13:01:00,1582.1,1582.8,1581.55,1582.75,2548
2024-05-21 13:02:00,1582.75,1582.9,1582.0,1582.3,1733
2024-05-21 13:03:00,1582.3,1583.05,1582.1,1582.8,1479
2024-05-21 13:04:00,1582.8,1583.35,1582.3,1583.35,1457
2024-05-21 13:05:00,1583.35,1584.85,1582.85,1583.7,990
2024-05-21 13:06:00,1583.7,1584.55,1583.7,1584.35,667
2024-05-21 13:07:00,1584.35,1584.35,1582.9,1583.05,1888
2024-05-21 13:08:00,1583.05,1584.15,1582.6,1583.2,988
2024-05-21 13:09:00,1583.2,1583.5,1582.6,1583.45,532
2024-05-21 13:10:00,1583.45,1584.15,1583.05,1583.2,812
2024-05-21 13:11:00,1583.35,1584.25,1582.7,1583.2,1853
2024-05-21 13:12:00,1583.2,1583.2,1582.45,1582.75,2637
2024-05-21 13:13:00,1582.8,1583.6,1582.25,1582.9,925
2024-05-21 13:14:00,1582.9,1583.55,1582.45,1582.7,1493
2024-05-21 13:15:00,1582.7,1583.1,1582.5,1582.5,1045
2024-05-21 13:16:00,1582.5,1583.2,1582.25,1582.45,874
2024-05-21 13:17:00,1582.45,1583.4,1582.3,1582.75,1993
2024-05-21 13:18:00,1582.75,1583.1,1582.0,1582.2,3266
2024-05-21 13:19:00,1582.2,1582.75,1581.4,1581.65,1312
2024-05-21 13:20:00,1581.65,1581.65,1581.0,1581.1,2718
2024-05-21 13:21:00,1581.0,1582.3,1580.4,1580.95,3155
2024-05-21 13:22:00,1580.95,1581.65,1580.4,1580.5,2837
2024-05-21 13:23:00,1580.5,1581.2,1580.05,1580.55,4481
2024-05-21 13:24:00,1580.5,1580.95,1579.75,1580.9,3381
2024-05-21 13:25:00,1581.0,1581.25,1580.3,1580.5,1662
2024-05-21 13:26:00,1579.95,1582.1,1579.95,1580.8,3893
2024-05-21 13:27:00,1581.35,1581.45,1580.0,1580.1,1267
2024-05-21 13:28:00,1580.1,1580.8,1579.6,1580.35,1066
2024-05-21 13:29:00,1580.65,1580.75,1579.75,1580.4,1645
2024-05-21 13:30:00,1580.75,1581.9,1580.35,1581.6,2936
2024-05-21 13:31:00,1581.6,1582.8,1581.15,1582.7,1164
2024-05-21 13:32:00,1582.7,1584.0,1582.65,1582.85,2476
2024-05-21 13:33:00,1582.85,1583.35,1582.25,1582.6,1228
2024-05-21 13:34:00,1582.15,1583.0,1581.75,1581.75,2303
2024-05-21 13:35:00,1581.95,1582.5,1581.4,1581.6,1600
2024-05-21 13:36:00,1581.75,1582.55,1580.9,1581.8,1595
2024-05-21 13:37:00,1581.9,1582.55,1580.9,1581.25,1849
2024-05-21 13:38:00,1581.45,1581.55,1580.0,1580.35,2000
2024-05-21 13:39:00,1580.05,1581.15,1580.05,1580.6,1206
2024-05-21 13:40:00,1580.6,1581.45,1580.2,1580.85,2061
2024-05-21 13:41:00,1580.9,1581.35,1580.25,1580.55,1759
2024-05-21 13:42:00,1580.3,1581.05,1579.15,1579.8,3982
2024-05-21 13:43:00,1579.15,1580.1,1579.05,1579.45,1460
2024-05-21 13:44:00,1579.6,1580.0,1579.45,1579.45,1395
2024-05-21 13:45:00,1579.35,1580.15,1579.35,1580.0,1832
2024-05-21 13:46:00,1580.05,1580.9,1579.45,1580.1,1660
2024-05-21 13:47:00,1580.1,1580.1,1579.35,1579.6,2096
2024-05-21 13:48:00,1579.6,1579.95,1578.6,1578.7,2516
2024-05-21 13:49:00,1578.7,1579.05,1578.6,1579.0,1473
2024-05-21 13:50:00,1579.0,1579.3,1577.35,1577.6,2262
2024-05-21 13:51:00,1577.55,1578.25,1576.25,1576.8,4749
2024-05-21 13:52:00,1576.8,1577.45,1576.35,1576.35,1283
2024-05-21 13:53:00,1576.4,1576.95,1576.05,1576.5,1409
2024-05-21 13:54:00,1576.5,1577.25,1576.2,1577.05,1515
2024-05-21 13:55:00,1576.95,1577.45,1576.9,1576.95,1245
2024-05-21 13:56:00,1576.95,1577.45,1576.5,1577.1,2984
2024-05-21 13:57:00,1576.55,1577.2,1576.2,1576.55,1260
2024-05-21 13:58:00,1576.55,1576.8,1576.2,1576.6,1647
2024-05-21 13:59:00,1576.6,1576.95,1576.0,1576.3,1261
2024-05-21 14:00:00,1576.25,1577.65,1576.1,1577.65,1316
2024-05-21 14:01:00,1577.7,1577.75,1576.55,1577.5,1659
2024-05-21 14:02:00,1577.55,1578.05,1577.05,1577.75,1077
2024-05-21 14:03:00,1577.75,1578.45,1577.15,1578.15,1445
2024-05-21 14:04:00,1577.8,1578.5,1577.25,1578.5,1395
2024-05-21 14:05:00,1578.5,1579.0,1577.8,1578.9,1118
2024-05-21 14:06:00,1578.95,1579.8,1578.3,1579.7,2829
2024-05-21 14:07:00,1579.7,1581.5,1579.05,1581.5,2949
2024-05-21 14:08:00,1581.8,1582.0,1580.75,1580.95,1303
2024-05-21 14:09:00,1581.0,1581.0,1580.0,1580.9,2510
2024-05-21 14:10:00,1581.0,1581.5,1580.4,1581.4,1423
2024-05-21 14:11:00,1581.4,1581.85,1580.2,1581.7,1587
2024-05-21 14:12:00,1581.6,1582.0,1580.95,1582.0,1691
2024-05-21 14:13:00,1582.0,1583.45,1581.55,1583.45,2744
2024-05-21 14:14:00,1583.25,1584.0,1582.5,1583.85,2309
2024-05-21 14:15:00,1583.9,1584.0,1582.85,1584.0,2202
2024-05-21 14:16:00,1584.0,1584.45,1582.85,1583.8,1502
2024-05-21 14:17:00,1583.8,1583.85,1581.1,1581.5,16858
2024-05-21 14:18:00,1581.35,1581.8,1580.55,1581.8,1906
2024-05-21 14:19:00,1581.8,1581.8,1580.9,1581.65,1469
2024-05-21 14:20:00,1581.65,1581.75,1581.05,1581.1,1355
2024-05-21 14:21:00,1581.2,1581.8,1580.0,1581.7,1672
2024-05-21 14:22:00,1581.5,1581.85,1580.3,1580.8,1167
2024-05-21 14:23:00,1580.9,1582.15,1580.45,1581.65,1839
2024-05-21 14:24:00,1581.65,1581.85,1581.15,1581.75,1003
2024-05-21 14:25:00,1581.75,1582.25,1581.05,1581.8,1125
2024-05-21 14:26:00,1581.95,1582.1,1581.1,1581.1,658
2024-05-21 14:27:00,1581.1,1581.1,1580.0,1580.0,958
2024-05-21 14:28:00,1580.0,1580.85,1580.0,1580.65,2285
2024-05-21 14:29:00,1580.25,1580.65,1580.0,1580.05,440
2024-05-21 14:30:00,1580.1,1580.85,1579.4,1580.45,2208
2024-05-21 14:31:00,1580.45,1580.55,1579.55,1579.55,1437
2024-05-21 14:32:00,1579.55,1581.1,1579.3,1580.1,2389
2024-05-21 14:33:00,1580.05,1580.5,1579.8,1580.5,1322
2024-05-21 14:34:00,1580.5,1580.5,1579.75,1580.0,1176
2024-05-21 14:35:00,1579.95,1581.0,1579.8,1580.95,2333
2024-05-21 14:36:00,1580.95,1581.75,1580.65,1581.1,1949
2024-05-21 14:37:00,1581.1,1581.65,1580.8,1580.95,1245
2024-05-21 14:38:00,1580.95,1581.05,1580.0,1580.4,1558
2024-05-21 14:39:00,1580.4,1580.5,1580.0,1580.2,906
2024-05-21 14:40:00,1580.1,1581.1,1580.1,1580.8,1376
2024-05-21 14:41:00,1580.8,1581.85,1580.3,1580.45,9354
2024-05-21 14:42:00,1580.45,1582.3,1580.2,1582.25,7305
2024-05-21 14:43:00,1582.3,1583.7,1581.45,1582.65,8189
2024-05-21 14:44:00,1582.7,1582.7,1581.8,1581.9,1176
2024-05-21 14:45:00,1581.9,1582.7,1581.9,1582.65,1160
2024-05-21 14:46:00,1582.25,1582.45,1580.8,1580.8,2272
2024-05-21 14:47:00,1580.8,1581.5,1580.75,1581.45,785
2024-05-21 14:48:00,1581.45,1581.5,1580.75,1580.75,5171
2024-05-21 14:49:00,1580.75,1581.75,1580.5,1581.0,8831
2024-05-21 14:50:00,1581.05,1582.0,1581.0,1582.0,10162
2024-05-21 14:51:00,1581.9,1581.9,1580.4,1580.95,1473
2024-05-21 14:52:00,1580.95,1582.0,1580.9,1581.55,760
2024-05-21 14:53:00,1581.55,1582.5,1581.5,1581.5,2102
2024-05-21 14:54:00,1581.55,1581.85,1580.95,1581.55,1026
2024-05-21 14:55:00,1581.5,1582.0,1581.0,1581.65,1633
2024-05-21 14:56:00,1581.9,1581.9,1581.1,1581.3,683
2024-05-21 14:57:00,1581.3,1581.65,1580.75,1580.95,1206
2024-05-21 14:58:00,1580.95,1581.15,1580.3,1580.55,818
2024-05-21 14:59:00,1580.5,1581.05,1580.4,1580.9,1865
2024-05-21 15:00:00,1580.9,1584.6,1580.35,1584.6,10677
2024-05-21 15:01:00,1584.6,1586.0,1583.55,1583.65,8011
2024-05-21 15:02:00,1583.6,1584.4,1582.4,1583.15,9566
2024-05-21 15:03:00,1583.15,1585.4,1583.1,1584.65,8125
2024-05-21 15:04:00,1584.65,1584.95,1583.6,1583.85,5350
2024-05-21 15:05:00,1583.8,1583.85,1582.55,1582.55,4387
2024-05-21 15:06:00,1582.6,1582.6,1581.15,1581.85,5874
2024-05-21 15:07:00,1581.85,1582.25,1580.5,1581.1,6512
2024-05-21 15:08:00,1580.85,1581.55,1580.05,1581.35,5454
2024-05-21 15:09:00,1581.35,1582.8,1580.0,1582.2,8667
2024-05-21 15:10:00,1582.3,1582.3,1580.95,1581.9,5437
2024-05-21 15:11:00,1581.85,1581.95,1580.35,1581.65,6018
2024-05-21 15:12:00,1581.7,1582.9,1581.05,1581.8,9705
2024-05-21 15:13:00,1581.7,1582.75,1581.4,1582.6,7025
2024-05-21 15:14:00,1582.75,1583.0,1581.65,1582.6,6124
2024-05-21 15:15:00,1582.5,1583.7,1582.3,1583.6,8701
2024-05-21 15:16:00,1583.6,1584.65,1583.2,1583.2,5560
2024-05-21 15:17:00,1583.4,1584.0,1581.95,1581.95,7841
2024-05-21 15:18:00,1581.95,1583.35,1581.9,1582.85,8046
2024-05-21 15:19:00,1582.95,1583.6,1582.9,1583.25,4611
2024-05-21 15:20:00,1583.2,1583.85,1582.55,1583.8,8646
2024-05-21 15:21:00,1583.8,1583.9,1582.55,1583.0,5506
2024-05-21 15:22:00,1583.05,1583.05,1581.0,1581.1,5559
2024-05-21 15:23:00,1581.1,1581.9,1581.0,1581.9,8331
2024-05-21 15:24:00,1581.9,1583.3,1581.45,1581.85,7460
2024-05-21 15:25:00,1582.3,1583.0,1581.65,1582.85,7996
2024-05-21 15:26:00,1582.25,1582.55,1581.0,1581.65,7450
2024-05-21 15:27:00,1581.65,1582.95,1580.25,1582.9,5475
2024-05-21 15:28:00,1582.9,1584.55,1579.7,1584.0,7319
2024-05-21 15:29:00,1584.0,1584.9,1580.1,1581.0,1580
2024-05-22 09:15:00,1582.55,1587.85,1580.0,1587.6,4238
2024-05-22 09:16:00,1587.5,1588.1,1583.85,1584.6,6434
2024-05-22 09:17:00,1584.55,1584.55,1580.75,1581.25,6110
2024-05-22 09:18:00,1581.05,1581.75,1580.0,1580.5,4725
2024-05-22 09:19:00,1580.7,1581.5,1578.9,1580.0,5625
2024-05-22 09:20:00,1580.35,1580.35,1578.45,1578.8,2140
2024-05-22 09:21:00,1579.35,1579.35,1577.55,1578.95,4131
2024-05-22 09:22:00,1578.95,1578.95,1577.25,1577.9,5506
2024-05-22 09:23:00,1577.9,1578.85,1577.0,1578.1,1711
2024-05-22 09:24:00,1578.6,1578.6,1577.5,1578.1,664
2024-05-22 09:25:00,1578.55,1579.0,1577.8,1578.5,911
2024-05-22 09:26:00,1578.5,1579.4,1577.05,1577.95,4809
2024-05-22 09:27:00,1577.25,1578.7,1577.2,1577.95,1207
2024-05-22 09:28:00,1577.45,1578.0,1576.0,1576.9,6085
2024-05-22 09:29:00,1576.9,1577.8,1575.45,1577.3,9585
2024-05-22 09:30:00,1577.3,1578.3,1577.1,1578.3,1443
2024-05-22 09:31:00,1578.3,1580.95,1578.3,1580.3,2142
2024-05-22 09:32:00,1580.15,1580.8,1579.5,1579.5,1533
2024-05-22 09:33:00,1579.5,1580.0,1579.0,1579.0,1079
2024-05-22 09:34:00,1579.0,1580.5,1578.4,1580.5,1174
2024-05-22 09:35:00,1580.5,1580.5,1578.0,1578.0,2029
2024-05-22 09:36:00,1578.0,1579.7,1577.1,1579.5,3088
2024-05-22 09:37:00,1579.5,1580.95,1578.85,1580.5,2397
2024-05-22 09:38:00,1580.5,1580.5,1579.4,1579.65,1107
2024-05-22 09:39:00,1579.7,1581.15,1579.6,1581.15,1847
2024-05-22 09:40:00,1581.15,1581.35,1579.0,1579.45,2641
2024-05-22 09:41:00,1579.45,1579.45,1578.0,1578.0,2115
2024-05-22 09:42:00,1577.2,1578.0,1577.1,1578.0,831
2024-05-22 09:43:00,1577.4,1577.75,1576.05,1576.4,4754
2024-05-22 09:44:00,1575.75,1576.85,1575.55,1576.8,2056
2024-05-22 09:45:00,1576.85,1576.85,1575.0,1575.0,2759
2024-05-22 09:46:00,1575.0,1576.95,1575.0,1576.35,4493
2024-05-22 09:47:00,1576.45,1576.5,1575.5,1576.3,773
2024-05-22 09:48:00,1576.3,1577.0,1576.05,1576.7,1035
2024-05-22 09:49:00,1576.5,1578.0,1576.1,1578.0,593
2024-05-22 09:50:00,1578.0,1578.2,1576.4,1577.1,1245
2024-05-22 09:51:00,1576.45,1577.15,1576.4,1576.45,513
2024-05-22 09:52:00,1576.45,1578.7,1576.4,1578.05,873
2024-05-22 09:53:00,1578.6,1579.2,1577.85,1578.0,773
2024-05-22 09:54:00,1577.9,1579.7,1577.9,1579.0,2824
2024-05-22 09:55:00,1579.0,1579.0,1578.25,1578.4,941
2024-05-22 09:56:00,1579.5,1580.95,1578.45,1579.9,1777
2024-05-22 09:57:00,1580.15,1580.9,1579.65,1580.65,687
2024-05-22 09:58:00,1581.0,1582.0,1580.65,1581.4,1920
2024-05-22 09:59:00,1581.4,1581.4,1580.15,1580.95,296
2024-05-22 10:00:00,1580.6,1580.6,1580.0,1580.35,847
2024-05-22 10:01:00,1580.35,1580.35,1579.05,1579.5,1044
2024-05-22 10:02:00,1579.5,1579.5,1578.8,1579.1,475
2024-05-22 10:03:00,1579.15,1579.15,1578.3,1578.4,704
2024-05-22 10:04:00,1578.4,1578.95,1577.95,1578.0,954
2024-05-22 10:05:00,1578.0,1578.5,1578.0,1578.25,311
2024-05-22 10:06:00,1578.0,1579.2,1578.0,1579.05,737
2024-05-22 10:07:00,1579.05,1579.2,1578.0,1578.5,498
2024-05-22 10:08:00,1578.5,1578.7,1577.1,1577.35,1712
2024-05-22 10:09:00,1577.2,1579.05,1577.2,1578.9,1094
2024-05-22 10:10:00,1578.45,1579.3,1578.3,1579.3,306
2024-05-22 10:11:00,1579.3,1580.25,1578.9,1579.35,796
2024-05-22 10:12:00,1579.85,1580.3,1579.4,1580.0,498
2024-05-22 10:13:00,1580.0,1580.8,1579.15,1579.45,569
2024-05-22 10:14:00,1579.45,1579.75,1579.25,1579.45,230
2024-05-22 10:15:00,1579.45,1579.75,1579.0,1579.25,375
2024-05-22 10:16:00,1579.25,1580.5,1579.0,1579.6,1008
2024-05-22 10:17:00,1579.25,1579.85,1579.0,1579.85,301
2024-05-22 10:18:00,1579.85,1580.5,1579.4,1580.0,950
2024-05-22 10:19:00,1580.0,1580.5,1580.0,1580.0,736
2024-05-22 10:20:00,1580.5,1580.5,1579.4,1579.4,1522
2024-05-22 10:21:00,1579.0,1579.0,1578.0,1578.1,1106
2024-05-22 10:22:00,1578.1,1578.3,1578.0,1578.0,263
2024-05-22 10:23:00,1578.0,1578.55,1578.0,1578.15,170
2024-05-22 10:24:00,1578.15,1578.55,1577.3,1577.8,1588
2024-05-22 10:25:00,1577.9,1578.55,1577.45,1577.55,702
2024-05-22 10:26:00,1577.55,1578.35,1577.55,1577.85,225
2024-05-22 10:27:00,1577.85,1578.35,1577.75,1578.35,391
2024-05-22 10:28:00,1578.35,1579.0,1577.8,1577.9,1477
2024-05-22 10:29:00,1577.9,1578.0,1577.0,1577.3,577
2024-05-22 10:30:00,1577.3,1578.45,1577.3,1578.0,856
2024-05-22 10:31:00,1578.0,1579.0,1578.0,1578.7,518
2024-05-22 10:32:00,1578.7,1579.0,1578.7,1578.7,215
2024-05-22 10:33:00,1578.7,1580.0,1578.7,1579.4,494
2024-05-22 10:34:00,1579.4,1580.0,1579.4,1579.65,890
2024-05-22 10:35:00,1579.65,1580.7,1579.65,1580.2,269
2024-05-22 10:36:00,1580.2,1580.6,1580.05,1580.2,118
2024-05-22 10:37:00,1580.05,1581.3,1580.05,1580.4,880
2024-05-22 10:38:00,1580.4,1580.4,1579.0,1579.75,562
2024-05-22 10:39:00,1579.1,1580.45,1579.0,1580.2,414
2024-05-22 10:40:00,1580.2,1580.2,1579.0,1579.0,188
2024-05-22 10:41:00,1579.0,1579.2,1578.7,1579.2,603
2024-05-22 10:42:00,1579.2,1580.15,1579.0,1579.25,924
2024-05-22 10:43:00,1579.45,1579.45,1579.1,1579.45,339
2024-05-22 10:44:00,1579.9,1580.45,1579.6,1580.1,552
2024-05-22 10:45:00,1580.45,1580.45,1579.75,1580.4,330
2024-05-22 10:46:00,1580.4,1582.2,1579.85,1581.35,2656
2024-05-22 10:47:00,1581.35,1581.6,1581.05,1581.55,248
2024-05-22 10:48:00,1581.55,1581.55,1580.65,1581.0,85
2024-05-22 10:49:00,1581.0,1581.0,1580.5,1580.5,314
2024-05-22 10:50:00,1580.5,1583.0,1580.5,1582.45,2556
2024-05-22 10:51:00,1582.45,1582.45,1581.5,1582.0,504
2024-05-22 10:52:00,1582.0,1583.0,1581.85,1583.0,660
2024-05-22 10:53:00,1582.15,1584.3,1582.15,1583.6,3391
2024-05-22 10:54:00,1583.4,1584.25,1583.0,1583.35,2447
2024-05-22 10:55:00,1583.35,1583.85,1583.0,1583.0,759
2024-05-22 10:56:00,1583.0,1583.25,1582.0,1582.0,1049
2024-05-22 10:57:00,1582.0,1582.5,1582.0,1582.5,189
2024-05-22 10:58:00,1582.5,1582.5,1582.0,1582.0,130
2024-05-22 10:59:00,1582.0,1582.5,1582.0,1582.05,305
2024-05-22 11:00:00,1582.0,1582.05,1581.0,1581.0,937
2024-05-22 11:01:00,1581.0,1581.0,1580.5,1580.5,237
2024-05-22 11:02:00,1580.75,1580.75,1580.2,1580.75,145
2024-05-22 11:03:00,1580.75,1580.75,1579.1,1579.1,1306
2024-05-22 11:04:00,1579.45,1579.85,1579.05,1579.85,213
2024-05-22 11:05:00,1579.85,1580.05,1579.25,1579.25,716
2024-05-22 11:06:00,1579.25,1580.65,1579.25,1580.0,937
2024-05-22 11:07:00,1580.0,1580.5,1579.65,1579.9,255
2024-05-22 11:08:00,1580.0,1580.25,1579.9,1580.25,84
2024-05-22 11:09:00,1580.0,1580.25,1580.0,1580.0,219
2024-05-22 11:10:00,1580.0,1580.2,1580.0,1580.2,219
2024-05-22 11:11:00,1580.2,1580.2,1580.0,1580.2,524
2024-05-22 11:12:00,1580.2,1580.2,1580.0,1580.05,176
2024-05-22 11:13:00,1580.05,1580.2,1579.25,1579.3,2235
2024-05-22 11:14:00,1579.3,1580.25,1578.7,1578.7,2019
2024-05-22 11:15:00,1578.85,1579.2,1578.15,1579.05,2966
2024-05-22 11:16:00,1579.05,1579.95,1578.05,1579.25,2030
2024-05-22 11:17:00,1579.25,1579.25,1578.6,1579.15,551
2024-05-22 11:18:00,1579.15,1579.2,1578.6,1578.6,343
2024-05-22 11:19:00,1578.6,1580.8,1578.6,1580.4,1300
2024-05-22 11:20:00,1580.4,1580.4,1580.0,1580.4,212
2024-05-22 11:21:00,1580.1,1580.4,1580.1,1580.4,64
2024-05-22 11:22:00,1580.4,1580.4,1579.75,1579.75,190
2024-05-22 11:23:00,1579.75,1579.9,1579.0,1579.0,136
2024-05-22 11:24:00,1579.05,1579.55,1578.8,1579.55,1796
2024-05-22 11:25:00,1579.55,1580.0,1579.05,1580.0,262
2024-05-22 11:26:00,1580.0,1580.25,1579.3,1580.25,612
2024-05-22 11:27:00,1579.7,1580.5,1579.7,1580.45,479
2024-05-22 11:28:00,1580.45,1580.45,1580.0,1580.0,115
2024-05-22 11:29:00,1580.0,1580.3,1579.8,1580.3,225
2024-05-22 11:30:00,1580.3,1581.5,1579.75,1580.55,3999
2024-05-22 11:31:00,1580.55,1581.3,1580.2,1580.5,554
2024-05-22 11:32:00,1580.5,1580.8,1580.0,1580.7,328
2024-05-22 11:33:00,1580.7,1580.75,1580.05,1580.75,260
2024-05-22 11:34:00,1580.75,1580.95,1580.05,1580.65,569
2024-05-22 11:35:00,1580.65,1580.65,1580.25,1580.25,45
2024-05-22 11:36:00,1580.65,1580.65,1580.0,1580.0,306
2024-05-22 11:37:00,1580.05,1580.05,1580.0,1580.05,47
2024-05-22 11:38:00,1580.05,1581.5,1580.0,1581.05,1186
2024-05-22 11:39:00,1581.05,1581.1,1580.5,1581.0,442
2024-05-22 11:40:00,1581.0,1581.0,1580.25,1580.25,207
2024-05-22 11:41:00,1580.25,1580.6,1580.0,1580.6,113
2024-05-22 11:42:00,1580.6,1580.6,1579.55,1579.55,1517
2024-05-22 11:43:00,1579.55,1580.0,1579.5,1580.0,1354
2024-05-22 11:44:00,1580.0,1580.0,1579.5,1580.0,97
2024-05-22 11:45:00,1580.0,1581.0,1579.5,1580.95,1219
2024-05-22 11:46:00,1580.95,1582.0,1580.45,1581.3,704
2024-05-22 11:47:00,1581.8,1581.8,1581.15,1581.7,215
2024-05-22 11:48:00,1581.7,1583.45,1581.25,1583.0,2813
2024-05-22 11:49:00,1583.0,1583.0,1582.95,1583.0,219
2024-05-22 11:50:00,1583.0,1583.25,1582.95,1582.95,763
2024-05-22 11:51:00,1582.95,1583.5,1582.95,1583.5,1310
2024-05-22 11:52:00,1583.5,1583.7,1583.4,1583.6,1127
2024-05-22 11:53:00,1583.6,1584.9,1583.6,1584.1,1938
2024-05-22 11:54:00,1584.4,1584.4,1583.75,1584.25,849
2024-05-22 11:55:00,1584.25,1584.25,1584.0,1584.0,344
2024-05-22 11:56:00,1584.0,1584.25,1583.8,1584.2,319
2024-05-22 11:57:00,1584.2,1584.2,1583.2,1583.75,1649
2024-05-22 11:58:00,1583.75,1584.4,1583.7,1583.7,664
2024-05-22 11:59:00,1584.1,1584.2,1582.95,1584.0,2154
2024-05-22 12:00:00,1583.7,1584.1,1583.7,1583.7,449
2024-05-22 12:01:00,1583.7,1584.1,1583.6,1583.95,353
2024-05-22 12:02:00,1583.95,1583.95,1583.6,1583.6,612
2024-05-22 12:03:00,1583.9,1584.75,1583.6,1584.65,972
2024-05-22 12:04:00,1584.65,1585.0,1584.1,1584.5,1456
2024-05-22 12:05:00,1584.5,1585.0,1584.5,1584.8,495
2024-05-22 12:06:00,1584.8,1584.8,1584.5,1584.8,159
2024-05-22 12:07:00,1584.8,1584.8,1584.25,1584.55,156
2024-05-22 12:08:00,1584.5,1584.8,1584.15,1584.65,1094
2024-05-22 12:09:00,1584.65,1584.65,1583.6,1583.6,1283
2024-05-22 12:10:00,1583.85,1584.2,1583.35,1584.2,5270
2024-05-22 12:11:00,1584.2,1584.25,1583.4,1583.9,291
2024-05-22 12:12:00,1583.9,1584.0,1582.95,1583.35,265
2024-05-22 12:13:00,1583.35,1583.65,1582.95,1583.5,252
2024-05-22 12:14:00,1583.5,1583.5,1583.35,1583.5,266
2024-05-22 12:15:00,1583.5,1583.5,1583.35,1583.45,722
2024-05-22 12:16:00,1583.45,1583.8,1583.15,1583.75,725
2024-05-22 12:17:00,1583.75,1583.8,1583.25,1583.4,198
2024-05-22 12:18:00,1583.8,1585.0,1583.4,1584.35,2154
2024-05-22 12:19:00,1584.15,1585.4,1583.55,1584.95,7215
2024-05-22 12:20:00,1584.95,1584.95,1584.0,1584.2,349
2024-05-22 12:21:00,1584.2,1584.4,1583.5,1583.9,952
2024-05-22 12:22:00,1583.9,1584.55,1583.5,1583.8,218
2024-05-22 12:23:00,1583.8,1583.8,1583.5,1583.75,158
2024-05-22 12:24:00,1583.75,1583.75,1583.5,1583.65,94
2024-05-22 12:25:00,1583.65,1583.65,1582.5,1582.5,3609
2024-05-22 12:26:00,1582.05,1582.45,1581.05,1582.0,4667
2024-05-22 12:27:00,1581.55,1582.5,1581.55,1582.5,644
2024-05-22 12:28:00,1582.5,1584.0,1582.0,1583.85,927
2024-05-22 12:29:00,1583.85,1584.0,1583.4,1583.95,65
2024-05-22 12:30:00,1583.95,1583.95,1583.35,1583.7,152
2024-05-22 12:31:00,1583.7,1583.7,1583.05,1583.05,238
2024-05-22 12:32:00,1583.05,1583.6,1583.05,1583.35,384
2024-05-22 12:33:00,1583.35,1584.5,1583.25,1584.45,3383
2024-05-22 12:34:00,1584.1,1584.5,1583.55,1584.45,1358
2024-05-22 12:35:00,1584.45,1584.45,1583.95,1583.95,152
2024-05-22 12:36:00,1584.4,1584.5,1583.9,1584.05,942
2024-05-22 12:37:00,1584.05,1586.45,1584.05,1585.3,4299
2024-05-22 12:38:00,1585.3,1585.3,1584.55,1585.0,78
2024-05-22 12:39:00,1584.45,1585.0,1584.45,1584.55,303
2024-05-22 12:40:00,1584.6,1584.95,1584.6,1584.95,1488
2024-05-22 12:41:00,1584.55,1584.95,1584.45,1584.95,264
2024-05-22 12:42:00,1584.6,1585.3,1584.6,1585.2,1122
2024-05-22 12:43:00,1585.2,1586.9,1584.75,1586.15,3051
2024-05-22 12:44:00,1586.5,1586.8,1585.3,1586.8,724
2024-05-22 12:45:00,1586.5,1587.0,1585.95,1587.0,708
2024-05-22 12:46:00,1587.0,1587.3,1586.2,1586.2,753
2024-05-22 12:47:00,1586.45,1586.45,1584.35,1584.6,2085
2024-05-22 12:48:00,1584.35,1585.95,1584.35,1585.95,1296
2024-05-22 12:49:00,1585.95,1585.95,1585.05,1585.75,417
2024-05-22 12:50:00,1585.75,1585.75,1585.2,1585.55,174
2024-05-22 12:51:00,1585.55,1585.55,1584.4,1584.8,492
2024-05-22 12:52:00,1584.8,1585.8,1584.8,1585.5,1002
2024-05-22 12:53:00,1585.5,1586.25,1585.25,1585.4,453
2024-05-22 12:54:00,1585.4,1585.4,1585.15,1585.4,390
2024-05-22 12:55:00,1585.4,1585.45,1584.55,1585.45,691
2024-05-22 12:56:00,1585.45,1585.9,1584.75,1585.0,365
2024-05-22 12:57:00,1585.0,1586.5,1585.0,1586.0,1045
2024-05-22 12:58:00,1586.0,1586.0,1584.6,1585.2,1066
2024-05-22 12:59:00,1585.2,1585.7,1584.8,1585.7,443
2024-05-22 13:00:00,1585.7,1586.0,1585.35,1585.95,338
2024-05-22 13:01:00,1585.95,1586.9,1585.8,1586.4,1749
2024-05-22 13:02:00,1586.9,1587.1,1586.05,1586.4,243
2024-05-22 13:03:00,1586.05,1586.95,1586.05,1586.25,1038
2024-05-22 13:04:00,1586.25,1586.25,1585.6,1585.9,299
2024-05-22 13:05:00,1585.9,1586.25,1585.7,1585.85,1370
2024-05-22 13:06:00,1585.85,1586.0,1585.5,1585.5,2621
2024-05-22 13:07:00,1585.5,1586.0,1585.3,1585.3,1250
2024-05-22 13:08:00,1585.35,1585.4,1584.35,1584.5,3303
2024-05-22 13:09:00,1584.5,1585.95,1584.35,1585.45,1981
2024-05-22 13:10:00,1585.25,1585.35,1584.35,1585.0,296
2024-05-22 13:11:00,1585.0,1586.85,1585.0,1586.85,5207
2024-05-22 13:12:00,1586.85,1587.0,1585.7,1586.55,4072
2024-05-22 13:13:00,1586.35,1587.0,1586.1,1586.95,428
2024-05-22 13:14:00,1586.95,1587.3,1586.25,1586.9,1156
2024-05-22 13:15:00,1586.6,1587.3,1586.55,1587.3,729
2024-05-22 13:16:00,1587.3,1587.3,1585.85,1586.35,847
2024-05-22 13:17:00,1586.35,1587.3,1584.2,1584.45,18329
2024-05-22 13:18:00,1584.4,1585.0,1584.4,1584.85,484
2024-05-22 13:19:00,1584.7,1585.65,1584.5,1584.55,1477
2024-05-22 13:20:00,1585.1,1586.85,1585.1,1585.95,661
2024-05-22 13:21:00,1585.95,1586.0,1585.6,1586.0,374
2024-05-22 13:22:00,1586.0,1586.0,1584.9,1586.0,1016
2024-05-22 13:23:00,1586.0,1586.3,1585.3,1586.2,777
2024-05-22 13:24:00,1586.2,1586.2,1585.75,1586.1,154
2024-05-22 13:25:00,1586.1,1586.1,1585.4,1585.4,249
2024-05-22 13:26:00,1585.4,1585.65,1585.0,1585.0,1392
2024-05-22 13:27:00,1585.0,1585.6,1584.55,1585.0,876
2024-05-22 13:28:00,1585.0,1586.3,1584.85,1585.15,1055
2024-05-22 13:29:00,1585.15,1585.55,1584.6,1585.55,507
2024-05-22 13:30:00,1585.55,1587.0,1585.15,1587.0,1971
2024-05-22 13:31:00,1587.0,1587.3,1586.0,1586.35,1080
2024-05-22 13:32:00,1586.4,1589.25,1586.4,1589.25,5415
2024-05-22 13:33:00,1588.9,1590.0,1588.5,1589.65,4908
2024-05-22 13:34:00,1589.65,1589.9,1589.0,1589.8,1540
2024-05-22 13:35:00,1589.8,1590.0,1588.95,1589.35,1283
2024-05-22 13:36:00,1588.95,1589.4,1588.65,1589.3,687
2024-05-22 13:37:00,1589.3,1589.3,1588.0,1588.8,736
2024-05-22 13:38:00,1588.8,1588.9,1588.0,1588.65,805
2024-05-22 13:39:00,1588.3,1589.65,1588.3,1588.8,563
2024-05-22 13:40:00,1588.8,1588.8,1586.0,1586.0,8072
2024-05-22 13:41:00,1586.0,1586.75,1585.0,1585.0,5693
2024-05-22 13:42:00,1585.0,1586.0,1585.0,1585.7,912
2024-05-22 13:43:00,1585.6,1585.95,1585.3,1585.9,385
2024-05-22 13:44:00,1585.9,1585.9,1585.25,1585.7,128
2024-05-22 13:45:00,1585.7,1585.7,1583.55,1584.0,9385
2024-05-22 13:46:00,1584.0,1584.0,1583.25,1583.75,872
2024-05-22 13:47:00,1583.75,1584.65,1583.55,1584.0,1302
2024-05-22 13:48:00,1584.0,1584.9,1584.0,1584.9,1081
2024-05-22 13:49:00,1584.9,1584.9,1584.25,1584.8,428
2024-05-22 13:50:00,1584.8,1584.8,1583.75,1584.2,365
2024-05-22 13:51:00,1584.2,1584.2,1583.25,1583.95,512
2024-05-22 13:52:00,1583.9,1583.95,1583.25,1583.65,417
2024-05-22 13:53:00,1583.65,1583.65,1583.25,1583.3,1205
2024-05-22 13:54:00,1583.25,1583.65,1583.25,1583.65,909
2024-05-22 13:55:00,1583.65,1584.45,1583.6,1584.2,752
2024-05-22 13:56:00,1584.2,1584.85,1583.4,1584.7,427
2024-05-22 13:57:00,1584.7,1584.9,1584.05,1584.2,911
2024-05-22 13:58:00,1584.2,1584.9,1584.15,1584.3,324
2024-05-22 13:59:00,1584.35,1584.75,1584.3,1584.75,349
2024-05-22 14:00:00,1584.75,1585.55,1584.7,1585.55,1225
2024-05-22 14:01:00,1585.55,1587.0,1585.1,1586.7,4484
2024-05-22 14:02:00,1586.6,1587.0,1586.05,1586.15,875
2024-05-22 14:03:00,1586.1,1586.7,1586.0,1586.5,781
2024-05-22 14:04:00,1586.5,1586.55,1584.4,1585.15,13492
2024-05-22 14:05:00,1585.15,1585.45,1584.45,1585.1,993
2024-05-22 14:06:00,1585.05,1585.5,1584.5,1584.65,1103
2024-05-22 14:07:00,1584.5,1584.5,1583.3,1584.05,4706
2024-05-22 14:08:00,1584.1,1584.1,1583.35,1583.9,476
2024-05-22 14:09:00,1583.9,1584.5,1583.45,1584.1,885
2024-05-22 14:10:00,1584.05,1584.15,1583.35,1584.0,947
2024-05-22 14:11:00,1584.0,1584.35,1583.6,1584.05,710
2024-05-22 14:12:00,1584.05,1584.85,1583.45,1584.45,947
2024-05-22 14:13:00,1584.5,1585.9,1584.15,1584.9,2728
2024-05-22 14:14:00,1584.9,1586.0,1584.3,1586.0,699
2024-05-22 14:15:00,1586.0,1586.35,1585.3,1585.65,750
2024-05-22 14:16:00,1585.65,1585.65,1585.0,1585.3,1526
2024-05-22 14:17:00,1585.3,1585.85,1584.95,1585.6,782
2024-05-22 14:18:00,1585.6,1585.6,1584.7,1585.05,105
2024-05-22 14:19:00,1585.0,1585.05,1584.25,1584.95,776
2024-05-22 14:20:00,1584.9,1584.9,1584.1,1584.6,123
2024-05-22 14:21:00,1584.6,1584.65,1584.05,1584.45,606
2024-05-22 14:22:00,1584.4,1584.45,1584.05,1584.05,913
2024-05-22 14:23:00,1584.05,1585.8,1584.05,1585.45,3703
2024-05-22 14:24:00,1585.45,1585.8,1584.65,1585.0,936
2024-05-22 14:25:00,1585.0,1585.15,1584.5,1584.6,731
2024-05-22 14:26:00,1584.6,1585.15,1584.5,1584.5,213
2024-05-22 14:27:00,1584.2,1584.75,1584.2,1584.5,755
2024-05-22 14:28:00,1584.5,1584.5,1583.5,1583.5,3123
2024-05-22 14:29:00,1583.45,1583.75,1583.2,1583.2,1703
2024-05-22 14:30:00,1583.25,1584.3,1583.25,1584.3,1109
2024-05-22 14:31:00,1584.25,1584.3,1584.0,1584.0,338
2024-05-22 14:32:00,1584.0,1584.1,1583.35,1583.85,906
2024-05-22 14:33:00,1583.85,1583.85,1583.4,1583.65,542
2024-05-22 14:34:00,1583.65,1583.8,1583.4,1583.75,1066
2024-05-22 14:35:00,1583.8,1583.85,1583.8,1583.85,109
2024-05-22 14:36:00,1583.8,1583.9,1583.2,1583.2,694
2024-05-22 14:37:00,1583.2,1583.6,1583.0,1583.05,681
2024-05-22 14:38:00,1583.0,1583.5,1582.3,1583.5,2238
2024-05-22 14:39:00,1583.5,1583.5,1582.6,1583.2,768
2024-05-22 14:40:00,1583.15,1583.7,1582.7,1583.65,1108
2024-05-22 14:41:00,1583.65,1584.25,1583.6,1583.9,979
2024-05-22 14:42:00,1583.9,1585.75,1583.85,1584.85,3141
2024-05-22 14:43:00,1584.85,1585.2,1584.2,1584.35,627
2024-05-22 14:44:00,1584.35,1584.7,1584.05,1584.55,912
2024-05-22 14:45:00,1584.25,1584.6,1584.25,1584.5,460
2024-05-22 14:46:00,1584.55,1584.55,1584.1,1584.4,256
2024-05-22 14:47:00,1584.4,1584.4,1583.85,1584.35,174
2024-05-22 14:48:00,1584.35,1584.35,1583.75,1583.75,396
2024-05-22 14:49:00,1584.25,1584.25,1583.75,1583.8,918
2024-05-22 14:50:00,1583.8,1584.05,1583.3,1583.65,876
2024-05-22 14:51:00,1583.65,1584.95,1583.65,1584.95,1973
2024-05-22 14:52:00,1584.95,1585.0,1584.25,1584.3,1308
2024-05-22 14:53:00,1584.3,1584.75,1583.8,1584.75,2267
2024-05-22 14:54:00,1584.0,1584.75,1583.55,1584.2,624
2024-05-22 14:55:00,1584.2,1584.3,1582.35,1582.85,6296
2024-05-22 14:56:00,1582.85,1583.5,1582.85,1583.45,581
2024-05-22 14:57:00,1583.5,1583.95,1583.35,1583.7,894
2024-05-22 14:58:00,1583.7,1585.6,1583.7,1585.05,3886
2024-05-22 14:59:00,1585.05,1585.45,1584.1,1584.1,1034
2024-05-22 15:00:00,1584.95,1585.2,1584.0,1584.2,9567
2024-05-22 15:01:00,1584.15,1584.2,1584.0,1584.0,2001
2024-05-22 15:02:00,1584.0,1585.25,1584.0,1585.25,3977
2024-05-22 15:03:00,1585.25,1586.0,1585.25,1585.35,3393
2024-05-22 15:04:00,1585.3,1585.35,1583.65,1583.7,3550
2024-05-22 15:05:00,1583.65,1585.0,1583.2,1585.0,4851
2024-05-22 15:06:00,1585.0,1585.75,1584.2,1584.5,2369
2024-05-22 15:07:00,1584.3,1584.8,1583.75,1584.0,4710
2024-05-22 15:08:00,1584.0,1585.05,1583.95,1585.05,3352
2024-05-22 15:09:00,1585.05,1585.5,1584.55,1585.5,2147
2024-05-22 15:10:00,1584.85,1585.5,1584.0,1584.05,2603
2024-05-22 15:11:00,1584.1,1584.15,1584.05,1584.15,3273
2024-05-22 15:12:00,1584.15,1584.3,1584.1,1584.15,2255
2024-05-22 15:13:00,1584.15,1584.3,1584.1,1584.3,1470
2024-05-22 15:14:00,1584.25,1584.3,1583.55,1583.55,3062
2024-05-22 15:15:00,1583.6,1583.6,1583.05,1583.4,4173
2024-05-22 15:16:00,1583.4,1584.5,1583.0,1584.5,4042
2024-05-22 15:17:00,1584.5,1584.5,1584.2,1584.2,2971
2024-05-22 15:18:00,1584.2,1584.25,1583.05,1583.25,3035
2024-05-22 15:19:00,1583.3,1583.3,1582.85,1582.85,4111
2024-05-22 15:20:00,1582.9,1582.9,1582.8,1582.85,2757
2024-05-22 15:21:00,1582.85,1582.95,1582.8,1582.9,2001
2024-05-22 15:22:00,1582.9,1583.3,1582.85,1583.05,3840
2024-05-22 15:23:00,1583.1,1584.85,1583.1,1584.85,2546
2024-05-22 15:24:00,1584.75,1585.0,1584.45,1585.0,4677
2024-05-22 15:25:00,1585.0,1585.0,1583.7,1584.3,4408
2024-05-22 15:26:00,1584.3,1584.35,1583.3,1583.3,2829
2024-05-22 15:27:00,1583.3,1583.35,1582.8,1582.8,3697
2024-05-22 15:28:00,1582.95,1582.95,1581.95,1581.95,3805
2024-05-22 15:29:00,1583.05,1587.0,1582.05,1585.0,3700
2024-05-23 09:15:00,1587.1,1587.3,1581.25,1584.05,4069
2024-05-23 09:16:00,1584.15,1591.85,1584.15,1588.5,3836
2024-05-23 09:17:00,1588.55,1590.1,1587.0,1589.35,4687
2024-05-23 09:18:00,1588.9,1590.0,1587.0,1588.45,3946
2024-05-23 09:19:00,1588.45,1590.75,1588.45,1588.85,1155
2024-05-23 09:20:00,1588.6,1588.6,1586.0,1587.5,2712
2024-05-23 09:21:00,1588.05,1589.0,1584.6,1585.6,1765
2024-05-23 09:22:00,1585.6,1585.8,1584.3,1584.85,551
2024-05-23 09:23:00,1585.55,1587.0,1585.4,1585.75,851
2024-05-23 09:24:00,1585.65,1589.85,1584.9,1589.2,5565
2024-05-23 09:25:00,1589.6,1589.95,1586.8,1586.8,4003
2024-05-23 09:26:00,1586.8,1587.6,1586.75,1587.3,5201
2024-05-23 09:27:00,1587.3,1587.85,1586.65,1587.35,826
2024-05-23 09:28:00,1587.6,1588.0,1586.55,1587.55,1541
2024-05-23 09:29:00,1587.25,1588.0,1586.25,1586.25,4360
2024-05-23 09:30:00,1586.25,1587.3,1585.05,1585.05,8747
2024-05-23 09:31:00,1585.1,1586.15,1584.4,1585.9,1229
2024-05-23 09:32:00,1585.95,1589.0,1585.15,1588.85,3606
2024-05-23 09:33:00,1588.85,1589.0,1588.45,1588.95,1346
2024-05-23 09:34:00,1588.95,1589.0,1587.6,1589.0,12131
2024-05-23 09:35:00,1589.0,1589.0,1586.55,1589.0,4506
2024-05-23 09:36:00,1589.0,1590.0,1588.95,1589.85,4964
2024-05-23 09:37:00,1590.0,1590.0,1588.75,1589.15,6655
2024-05-23 09:38:00,1589.35,1590.0,1588.7,1589.75,3199
2024-05-23 09:39:00,1589.75,1590.0,1589.1,1589.9,1852
2024-05-23 09:40:00,1589.8,1591.35,1589.1,1591.35,10388
2024-05-23 09:41:00,1591.35,1592.6,1589.6,1591.45,5648
2024-05-23 09:42:00,1591.8,1593.0,1590.95,1592.65,4498
2024-05-23 09:43:00,1592.9,1594.6,1592.5,1594.2,4785
2024-05-23 09:44:00,1593.7,1594.0,1592.6,1593.8,2278
2024-05-23 09:45:00,1593.8,1594.0,1591.25,1592.15,3797
2024-05-23 09:46:00,1592.7,1593.0,1592.1,1592.95,1776
2024-05-23 09:47:00,1592.6,1593.0,1591.65,1592.7,1971
2024-05-23 09:48:00,1592.45,1593.0,1591.25,1591.85,8744
2024-05-23 09:49:00,1591.85,1593.0,1591.05,1591.05,2930
2024-05-23 09:50:00,1592.2,1592.6,1590.8,1592.3,2717
2024-05-23 09:51:00,1592.3,1593.0,1591.05,1591.95,3220
2024-05-23 09:52:00,1592.35,1593.0,1591.75,1592.65,1656
2024-05-23 09:53:00,1593.0,1593.6,1591.85,1592.85,1909
2024-05-23 09:54:00,1592.85,1592.85,1586.7,1587.4,12552
2024-05-23 09:55:00,1587.4,1588.55,1587.0,1588.5,1118
2024-05-23 09:56:00,1588.5,1592.0,1587.9,1590.9,1223
2024-05-23 09:57:00,1590.9,1592.2,1590.9,1591.7,746
2024-05-23 09:58:00,1592.2,1593.45,1591.55,1593.25,1711
2024-05-23 09:59:00,1592.7,1593.5,1592.1,1593.0,1495
2024-05-23 10:00:00,1593.0,1593.1,1591.15,1592.1,1352
2024-05-23 10:01:00,1592.1,1592.1,1590.85,1591.2,696
2024-05-23 10:02:00,1591.2,1591.95,1590.8,1590.85,360
2024-05-23 10:03:00,1590.85,1591.85,1590.65,1591.85,498
2024-05-23 10:04:00,1591.2,1591.95,1588.6,1591.15,1451
2024-05-23 10:05:00,1591.15,1591.35,1590.0,1590.6,365
2024-05-23 10:06:00,1590.6,1591.0,1590.0,1590.3,225
2024-05-23 10:07:00,1590.75,1590.95,1588.65,1589.7,687
2024-05-23 10:08:00,1589.85,1590.95,1588.8,1590.4,1272
2024-05-23 10:09:00,1590.4,1590.4,1587.05,1587.85,1524
2024-05-23 10:10:00,1587.85,1589.15,1587.15,1588.8,670
2024-05-23 10:11:00,1588.8,1590.0,1588.45,1590.0,305
2024-05-23 10:12:00,1589.35,1590.0,1588.8,1589.75,272
2024-05-23 10:13:00,1589.75,1589.95,1589.1,1589.55,847
2024-05-23 10:14:00,1589.55,1590.0,1589.15,1589.8,952
2024-05-23 10:15:00,1589.8,1590.35,1589.15,1590.1,1217
2024-05-23 10:16:00,1589.8,1590.2,1589.3,1589.4,493
2024-05-23 10:17:00,1589.75,1589.75,1588.05,1589.7,2270
2024-05-23 10:18:00,1589.7,1589.7,1588.8,1589.1,1030
2024-05-23 10:19:00,1588.95,1589.9,1588.95,1589.2,2050
2024-05-23 10:20:00,1589.65,1592.0,1589.05,1591.85,3557
2024-05-23 10:21:00,1592.0,1593.1,1591.45,1592.75,3677
2024-05-23 10:22:00,1592.75,1593.75,1591.5,1592.65,1995
2024-05-23 10:23:00,1591.95,1592.65,1590.35,1590.35,1075
2024-05-23 10:24:00,1590.85,1591.8,1590.05,1591.0,1458
2024-05-23 10:25:00,1591.0,1591.0,1589.5,1589.7,1831
2024-05-23 10:26:00,1589.55,1591.0,1589.5,1589.5,1342
2024-05-23 10:27:00,1589.55,1590.75,1589.0,1589.0,1290
2024-05-23 10:28:00,1589.0,1589.0,1587.0,1587.15,2984
2024-05-23 10:29:00,1587.8,1588.6,1587.0,1588.05,660
2024-05-23 10:30:00,1588.05,1589.4,1586.5,1586.5,1600
2024-05-23 10:31:00,1586.6,1588.15,1586.45,1587.55,2257
2024-05-23 10:32:00,1587.55,1589.7,1587.55,1589.4,1175
2024-05-23 10:33:00,1589.4,1590.0,1588.05,1589.1,2368
2024-05-23 10:34:00,1589.65,1591.0,1588.05,1589.95,2603
2024-05-23 10:35:00,1589.95,1590.45,1589.2,1589.95,650
2024-05-23 10:36:00,1589.95,1590.85,1588.7,1590.8,1637
2024-05-23 10:37:00,1590.8,1590.9,1588.9,1589.55,961
2024-05-23 10:38:00,1589.5,1590.0,1588.85,1589.0,1217
2024-05-23 10:39:00,1589.15,1590.0,1589.05,1589.05,1052
2024-05-23 10:40:00,1589.9,1590.0,1588.65,1589.4,883
2024-05-23 10:41:00,1589.4,1590.0,1589.0,1589.75,1256
2024-05-23 10:42:00,1590.0,1590.0,1585.25,1585.25,9181
2024-05-23 10:43:00,1584.65,1585.65,1583.7,1585.0,8157
2024-05-23 10:44:00,1585.0,1586.0,1584.5,1584.7,1733
2024-05-23 10:45:00,1584.7,1586.0,1584.5,1584.85,2450
2024-05-23 10:46:00,1584.85,1585.5,1584.65,1585.0,2237
2024-05-23 10:47:00,1584.75,1585.9,1584.5,1585.8,1768
2024-05-23 10:48:00,1585.45,1585.9,1584.5,1585.25,2639
2024-05-23 10:49:00,1585.25,1585.3,1584.5,1584.95,1709
2024-05-23 10:50:00,1584.95,1585.65,1584.5,1584.9,1012
2024-05-23 10:51:00,1584.9,1585.45,1584.55,1584.6,955
2024-05-23 10:52:00,1584.6,1586.25,1584.6,1584.8,6220
2024-05-23 10:53:00,1584.95,1586.2,1584.8,1585.6,12744
2024-05-23 10:54:00,1584.9,1585.15,1584.1,1585.0,2045
2024-05-23 10:55:00,1584.95,1586.25,1584.35,1584.5,2733
2024-05-23 10:56:00,1585.0,1585.85,1584.4,1584.85,2407
2024-05-23 10:57:00,1585.0,1585.65,1584.5,1584.9,2374
2024-05-23 10:58:00,1584.9,1585.9,1584.05,1585.0,1530
2024-05-23 10:59:00,1584.95,1585.0,1584.7,1585.0,352
2024-05-23 11:00:00,1585.1,1585.85,1584.15,1584.5,7079
2024-05-23 11:01:00,1584.5,1585.4,1584.1,1584.7,3961
2024-05-23 11:02:00,1584.7,1585.4,1584.7,1584.95,1489
2024-05-23 11:03:00,1585.0,1585.95,1584.8,1584.85,8787
2024-05-23 11:04:00,1584.85,1585.7,1584.6,1585.0,11081
2024-05-23 11:05:00,1585.0,1585.8,1584.7,1584.7,4373
2024-05-23 11:06:00,1584.7,1585.0,1584.7,1584.7,180
2024-05-23 11:07:00,1584.7,1585.0,1584.7,1585.0,430
2024-05-23 11:08:00,1585.0,1585.45,1584.7,1584.7,2370
2024-05-23 11:09:00,1585.0,1585.0,1584.7,1585.0,238
2024-05-23 11:10:00,1585.0,1585.4,1584.75,1584.95,4893
2024-05-23 11:11:00,1584.75,1585.0,1584.75,1584.9,197
2024-05-23 11:12:00,1584.9,1586.45,1584.75,1584.75,3921
2024-05-23 11:13:00,1584.75,1585.0,1584.75,1584.75,200
2024-05-23 11:14:00,1584.75,1585.0,1584.55,1584.55,178
2024-05-23 11:15:00,1584.55,1585.0,1584.1,1584.3,1638
2024-05-23 11:16:00,1584.3,1584.9,1584.1,1584.85,472
2024-05-23 11:17:00,1584.85,1584.9,1584.1,1584.3,525
2024-05-23 11:18:00,1584.3,1585.0,1584.3,1584.65,85
2024-05-23 11:19:00,1584.65,1585.0,1584.6,1584.6,38
2024-05-23 11:20:00,1584.6,1585.0,1584.6,1584.9,648
2024-05-23 11:21:00,1584.9,1585.8,1584.9,1585.0,1047
2024-05-23 11:22:00,1585.0,1586.25,1584.3,1584.45,5712
2024-05-23 11:23:00,1584.45,1585.0,1584.1,1584.25,939
2024-05-23 11:24:00,1584.25,1585.0,1584.25,1585.0,217
2024-05-23 11:25:00,1585.0,1585.3,1584.35,1584.65,630
2024-05-23 11:26:00,1584.65,1585.3,1584.5,1584.95,431
2024-05-23 11:27:00,1584.95,1585.2,1584.45,1584.6,3552
2024-05-23 11:28:00,1584.6,1585.0,1584.6,1584.6,258
2024-05-23 11:29:00,1584.6,1585.1,1584.6,1585.0,178
2024-05-23 11:30:00,1585.0,1585.1,1584.85,1585.0,798
2024-05-23 11:31:00,1585.0,1585.9,1584.85,1584.9,3857
2024-05-23 11:32:00,1584.9,1585.8,1584.6,1584.65,4832
2024-05-23 11:33:00,1584.65,1585.75,1584.5,1584.95,7955
2024-05-23 11:34:00,1584.95,1585.0,1584.65,1584.9,1402
2024-05-23 11:35:00,1584.9,1585.3,1584.65,1584.65,597
2024-05-23 11:36:00,1584.65,1584.8,1584.5,1584.5,609
2024-05-23 11:37:00,1584.55,1585.6,1584.55,1585.0,501
2024-05-23 11:38:00,1585.0,1587.85,1585.0,1586.8,789
2024-05-23 11:39:00,1586.8,1589.45,1586.75,1588.85,9520
2024-05-23 11:40:00,1588.85,1589.9,1588.8,1589.0,2366
2024-05-23 11:41:00,1589.0,1589.1,1588.25,1588.35,1532
2024-05-23 11:42:00,1588.35,1588.9,1588.05,1588.45,417
2024-05-23 11:43:00,1588.45,1588.85,1588.0,1588.0,1092
2024-05-23 11:44:00,1588.0,1588.1,1587.45,1587.45,245
2024-05-23 11:45:00,1587.45,1588.35,1587.2,1587.35,1707
2024-05-23 11:46:00,1587.35,1587.9,1587.2,1587.3,348
2024-05-23 11:47:00,1587.3,1587.7,1586.2,1586.45,886
2024-05-23 11:48:00,1586.45,1587.0,1586.45,1586.65,503
2024-05-23 11:49:00,1586.65,1586.95,1586.5,1586.7,113
2024-05-23 11:50:00,1586.45,1587.5,1586.45,1587.1,452
2024-05-23 11:51:00,1587.1,1587.5,1585.0,1585.0,8110
2024-05-23 11:52:00,1584.8,1585.55,1584.8,1584.95,12713
2024-05-23 11:53:00,1584.95,1586.25,1584.1,1584.1,9719
2024-05-23 11:54:00,1584.1,1584.9,1584.0,1584.2,1153
2024-05-23 11:55:00,1584.2,1585.0,1584.2,1584.4,1175
2024-05-23 11:56:00,1584.4,1585.5,1584.2,1584.7,5924
2024-05-23 11:57:00,1584.7,1587.25,1584.55,1585.2,23898
2024-05-23 11:58:00,1585.2,1588.75,1585.2,1587.85,2443
2024-05-23 11:59:00,1587.85,1589.0,1587.3,1588.1,5969
2024-05-23 12:00:00,1588.1,1589.0,1584.7,1584.7,32723
2024-05-23 12:01:00,1584.7,1585.1,1584.3,1584.3,6494
2024-05-23 12:02:00,1584.3,1585.2,1584.3,1584.5,3391
2024-05-23 12:03:00,1584.5,1585.0,1584.5,1585.0,984
2024-05-23 12:04:00,1585.0,1585.45,1584.55,1584.6,856
2024-05-23 12:05:00,1585.0,1585.0,1584.6,1584.65,150
2024-05-23 12:06:00,1584.65,1585.0,1584.6,1584.6,1574
2024-05-23 12:07:00,1584.6,1585.4,1584.6,1584.9,2317
2024-05-23 12:08:00,1584.9,1585.0,1584.65,1584.75,2149
2024-05-23 12:09:00,1584.75,1585.0,1584.75,1584.9,3043
2024-05-23 12:10:00,1584.9,1585.0,1584.55,1584.55,11095
2024-05-23 12:11:00,1584.55,1585.0,1584.3,1584.5,733
2024-05-23 12:12:00,1584.5,1585.2,1584.3,1585.0,405
2024-05-23 12:13:00,1585.0,1585.0,1584.4,1584.45,242
2024-05-23 12:14:00,1584.45,1586.0,1584.45,1585.6,780
2024-05-23 12:15:00,1585.6,1586.55,1585.25,1585.9,4017
2024-05-23 12:16:00,1585.9,1586.75,1585.25,1586.75,835
2024-05-23 12:17:00,1586.75,1586.9,1586.1,1586.1,125
2024-05-23 12:18:00,1586.15,1588.4,1586.15,1587.3,930
2024-05-23 12:19:00,1587.05,1587.8,1586.65,1587.5,652
2024-05-23 12:20:00,1587.5,1587.9,1586.85,1587.9,2667
2024-05-23 12:21:00,1587.9,1588.45,1587.0,1587.4,1030
2024-05-23 12:22:00,1587.4,1588.85,1587.0,1587.4,3844
2024-05-23 12:23:00,1587.4,1588.75,1587.4,1588.0,730
2024-05-23 12:24:00,1588.0,1588.75,1587.4,1588.45,1282
2024-05-23 12:25:00,1588.45,1589.0,1588.0,1588.7,811
2024-05-23 12:26:00,1588.7,1588.7,1587.4,1587.4,949
2024-05-23 12:27:00,1587.4,1588.55,1587.4,1588.1,342
2024-05-23 12:28:00,1588.1,1588.5,1587.45,1588.25,948
2024-05-23 12:29:00,1588.25,1590.05,1588.2,1589.8,11871
2024-05-23 12:30:00,1589.8,1591.7,1588.3,1589.3,3873
2024-05-23 12:31:00,1589.55,1590.0,1587.9,1589.4,3125
2024-05-23 12:32:00,1589.4,1590.75,1589.2,1589.45,2291
2024-05-23 12:33:00,1589.45,1591.45,1589.2,1590.75,2103
2024-05-23 12:34:00,1590.75,1593.45,1590.0,1592.95,9219
2024-05-23 12:35:00,1592.95,1596.3,1592.95,1594.75,13843
2024-05-23 12:36:00,1594.75,1597.4,1594.45,1596.3,6228
2024-05-23 12:37:00,1596.3,1599.1,1596.3,1598.95,4893
2024-05-23 12:38:00,1598.2,1599.5,1597.65,1598.5,2871
2024-05-23 12:39:00,1599.0,1599.45,1595.4,1597.0,9022
2024-05-23 12:40:00,1597.0,1597.4,1595.45,1595.75,1405
2024-05-23 12:41:00,1595.75,1596.7,1595.3,1595.3,1568
2024-05-23 12:42:00,1595.5,1596.45,1594.8,1595.0,2568
2024-05-23 12:43:00,1595.0,1595.95,1593.8,1595.5,4248
2024-05-23 12:44:00,1595.25,1595.95,1594.85,1594.95,1212
2024-05-23 12:45:00,1595.6,1597.8,1595.6,1596.8,1325
2024-05-23 12:46:00,1596.15,1597.2,1596.0,1596.45,969
2024-05-23 12:47:00,1596.45,1597.0,1596.0,1596.05,632
2024-05-23 12:48:00,1596.15,1596.7,1595.0,1595.55,1127
2024-05-23 12:49:00,1595.55,1596.2,1595.0,1596.2,1541
2024-05-23 12:50:00,1596.2,1596.2,1594.9,1595.9,853
2024-05-23 12:51:00,1595.5,1598.25,1595.3,1597.15,8560
2024-05-23 12:52:00,1597.15,1600.45,1597.15,1600.45,11882
2024-05-23 12:53:00,1600.15,1600.5,1598.05,1599.2,4282
2024-05-23 12:54:00,1599.2,1603.75,1599.2,1602.35,8513
2024-05-23 12:55:00,1602.35,1604.0,1601.25,1603.45,3964
2024-05-23 12:56:00,1603.45,1605.0,1602.85,1604.1,5262
2024-05-23 12:57:00,1604.7,1606.6,1604.65,1605.5,18481
2024-05-23 12:58:00,1605.25,1606.5,1605.1,1606.4,2835
2024-05-23 12:59:00,1606.0,1607.5,1606.0,1606.8,3879
2024-05-23 13:00:00,1606.8,1609.65,1606.6,1609.65,14556
2024-05-23 13:01:00,1609.8,1610.45,1608.8,1609.55,13197
2024-05-23 13:02:00,1609.55,1609.95,1607.7,1608.0,6816
2024-05-23 13:03:00,1608.0,1611.0,1607.95,1608.8,5469
2024-05-23 13:04:00,1609.0,1609.4,1608.1,1608.5,3068
2024-05-23 13:05:00,1608.15,1609.5,1608.05,1608.7,3668
2024-05-23 13:06:00,1608.7,1610.55,1608.7,1610.0,4763
2024-05-23 13:07:00,1610.0,1610.55,1607.7,1607.7,4205
2024-05-23 13:08:00,1607.7,1609.1,1607.3,1607.55,1662
2024-05-23 13:09:00,1607.55,1608.65,1606.7,1607.95,3759
2024-05-23 13:10:00,1607.95,1609.8,1607.5,1607.7,3680
2024-05-23 13:11:00,1607.7,1608.45,1606.25,1607.35,2519
2024-05-23 13:12:00,1607.35,1609.0,1607.35,1607.55,2948
2024-05-23 13:13:00,1607.65,1608.2,1607.0,1607.15,1837
2024-05-23 13:14:00,1607.15,1608.85,1607.05,1608.4,1705
2024-05-23 13:15:00,1607.85,1608.8,1605.45,1607.1,3485
2024-05-23 13:16:00,1606.95,1608.65,1606.2,1606.6,4688
2024-05-23 13:17:00,1606.6,1607.4,1606.15,1606.3,2062
2024-05-23 13:18:00,1606.95,1607.2,1605.45,1605.95,3277
2024-05-23 13:19:00,1605.95,1606.5,1604.25,1605.2,4617
2024-05-23 13:20:00,1605.2,1606.45,1605.1,1605.65,2325
2024-05-23 13:21:00,1605.35,1606.55,1604.45,1604.5,5947
2024-05-23 13:22:00,1604.5,1604.7,1601.1,1602.85,7294
2024-05-23 13:23:00,1602.15,1606.0,1602.15,1604.65,5224
2024-05-23 13:24:00,1604.65,1604.9,1603.55,1604.2,4945
2024-05-23 13:25:00,1604.2,1608.0,1603.85,1607.85,3541
2024-05-23 13:26:00,1608.5,1609.85,1607.05,1609.25,4921
2024-05-23 13:27:00,1609.25,1610.0,1608.05,1608.55,10736
2024-05-23 13:28:00,1608.6,1609.65,1607.5,1607.5,2163
2024-05-23 13:29:00,1607.5,1608.45,1607.0,1607.1,2715
2024-05-23 13:30:00,1607.35,1608.05,1607.0,1607.55,2199
2024-05-23 13:31:00,1607.25,1608.0,1607.0,1607.15,3104
2024-05-23 13:32:00,1607.55,1608.05,1607.0,1607.5,4160
2024-05-23 13:33:00,1607.45,1607.5,1604.8,1606.05,4461
2024-05-23 13:34:00,1605.5,1607.15,1605.25,1605.75,3181
2024-05-23 13:35:00,1605.8,1606.9,1605.0,1605.05,4483
2024-05-23 13:36:00,1605.4,1606.35,1604.55,1605.0,3403
2024-05-23 13:37:00,1604.85,1606.05,1603.9,1605.35,5720
2024-05-23 13:38:00,1605.4,1606.2,1604.5,1605.8,5312
2024-05-23 13:39:00,1605.8,1606.45,1605.1,1605.6,2914
2024-05-23 13:40:00,1605.6,1606.45,1604.85,1606.4,3117
2024-05-23 13:41:00,1606.55,1608.1,1606.0,1607.35,3094
2024-05-23 13:42:00,1606.8,1607.6,1605.35,1606.65,4897
2024-05-23 13:43:00,1606.15,1606.95,1605.35,1606.95,3137
2024-05-23 13:44:00,1606.3,1607.4,1605.9,1606.5,6156
2024-05-23 13:45:00,1606.0,1608.45,1606.0,1607.3,5203
2024-05-23 13:46:00,1607.1,1608.4,1605.35,1605.5,4998
2024-05-23 13:47:00,1605.6,1607.75,1605.6,1606.55,3936
2024-05-23 13:48:00,1606.55,1607.75,1606.55,1606.7,2705
2024-05-23 13:49:00,1606.75,1608.5,1606.6,1607.9,2975
2024-05-23 13:50:00,1608.35,1608.65,1607.3,1608.2,2329
2024-05-23 13:51:00,1608.2,1609.1,1606.55,1607.65,4260
2024-05-23 13:52:00,1607.65,1608.4,1606.85,1607.85,2007
2024-05-23 13:53:00,1608.0,1609.0,1607.75,1607.9,2232
2024-05-23 13:54:00,1607.9,1609.3,1607.9,1608.75,4113
2024-05-23 13:55:00,1608.75,1610.0,1607.5,1607.8,7346
2024-05-23 13:56:00,1607.85,1609.7,1607.85,1609.1,3925
2024-05-23 13:57:00,1609.05,1610.0,1608.2,1608.55,5760
2024-05-23 13:58:00,1608.55,1608.7,1607.5,1607.8,2199
2024-05-23 13:59:00,1607.8,1608.6,1607.2,1607.6,1961
2024-05-23 14:00:00,1607.6,1608.3,1607.2,1607.2,2392
2024-05-23 14:01:00,1607.2,1609.45,1607.0,1608.75,2717
2024-05-23 14:02:00,1609.4,1610.05,1608.7,1609.4,6713
2024-05-23 14:03:00,1609.4,1610.0,1609.2,1609.95,4315
2024-05-23 14:04:00,1609.95,1610.0,1608.8,1608.8,1963
2024-05-23 14:05:00,1608.85,1609.9,1607.4,1609.65,17164
2024-05-23 14:06:00,1609.65,1610.0,1609.05,1609.25,9956
2024-05-23 14:07:00,1609.35,1611.05,1609.2,1610.0,10060
2024-05-23 14:08:00,1610.8,1610.8,1608.4,1608.4,3625
2024-05-23 14:09:00,1608.4,1609.7,1608.05,1609.1,2789
2024-05-23 14:10:00,1609.1,1610.0,1608.0,1609.45,7276
2024-05-23 14:11:00,1609.45,1610.0,1609.0,1610.0,1618
2024-05-23 14:12:00,1609.55,1610.75,1609.55,1610.0,3088
2024-05-23 14:13:00,1609.8,1611.5,1609.8,1610.0,5005
2024-05-23 14:14:00,1610.0,1611.6,1609.9,1610.4,12434
2024-05-23 14:15:00,1610.85,1611.0,1609.8,1609.8,10586
2024-05-23 14:16:00,1609.85,1612.0,1609.65,1610.1,15332
2024-05-23 14:17:00,1610.25,1610.8,1609.65,1610.5,7795
2024-05-23 14:18:00,1610.15,1610.95,1609.8,1610.1,7088
2024-05-23 14:19:00,1610.75,1611.0,1609.95,1610.05,7942
2024-05-23 14:20:00,1610.0,1611.95,1609.95,1611.9,3846
2024-05-23 14:21:00,1611.95,1611.95,1610.7,1611.1,5372
2024-05-23 14:22:00,1611.05,1611.95,1610.7,1611.15,5501
2024-05-23 14:23:00,1611.45,1611.75,1610.8,1611.0,4138
2024-05-23 14:24:00,1610.85,1611.65,1610.85,1611.25,2389
2024-05-23 14:25:00,1611.25,1612.9,1610.55,1612.75,13868
2024-05-23 14:26:00,1611.8,1613.25,1610.85,1611.7,16117
2024-05-23 14:27:00,1611.55,1612.1,1609.3,1610.3,14821
2024-05-23 14:28:00,1610.4,1610.95,1609.6,1609.85,8349
2024-05-23 14:29:00,1609.85,1609.85,1607.75,1608.95,8238
2024-05-23 14:30:00,1608.95,1609.65,1607.2,1608.35,5255
2024-05-23 14:31:00,1609.15,1609.2,1607.45,1608.1,2275
2024-05-23 14:32:00,1608.1,1608.75,1606.05,1608.25,4944
2024-05-23 14:33:00,1608.25,1610.0,1607.6,1609.2,5609
2024-05-23 14:34:00,1609.2,1609.5,1608.0,1608.05,1499
2024-05-23 14:35:00,1608.0,1608.8,1608.0,1608.15,4247
2024-05-23 14:36:00,1608.2,1608.95,1607.65,1608.0,1189
2024-05-23 14:37:00,1608.0,1609.0,1606.35,1607.65,10739
2024-05-23 14:38:00,1607.65,1608.95,1607.5,1608.8,1729
2024-05-23 14:39:00,1608.85,1609.0,1608.0,1608.35,1421
2024-05-23 14:40:00,1608.35,1610.0,1608.35,1609.3,2131
2024-05-23 14:41:00,1609.3,1610.85,1609.15,1610.3,12372
2024-05-23 14:42:00,1610.75,1610.75,1609.55,1610.05,862
2024-05-23 14:43:00,1610.05,1610.75,1609.35,1610.6,2648
2024-05-23 14:44:00,1610.15,1610.75,1609.7,1609.8,1408
2024-05-23 14:45:00,1609.8,1610.0,1609.2,1609.55,1650
2024-05-23 14:46:00,1609.4,1610.0,1608.75,1609.25,2280
2024-05-23 14:47:00,1609.5,1610.0,1608.9,1608.9,1053
2024-05-23 14:48:00,1608.95,1609.75,1608.65,1609.4,6379
2024-05-23 14:49:00,1609.0,1609.8,1608.35,1609.0,3452
2024-05-23 14:50:00,1608.95,1609.75,1606.05,1606.1,11259
2024-05-23 14:51:00,1606.1,1606.85,1603.25,1603.9,15519
2024-05-23 14:52:00,1603.9,1605.7,1603.3,1604.35,5537
2024-05-23 14:53:00,1604.2,1606.85,1603.7,1606.4,5300
2024-05-23 14:54:00,1605.9,1608.65,1605.5,1607.95,8389
2024-05-23 14:55:00,1608.2,1608.8,1607.0,1608.4,4799
2024-05-23 14:56:00,1608.4,1608.95,1607.25,1607.55,4311
2024-05-23 14:57:00,1607.55,1609.5,1606.85,1606.85,6673
2024-05-23 14:58:00,1607.45,1609.0,1607.3,1608.9,5286
2024-05-23 14:59:00,1608.65,1608.8,1606.25,1608.3,3126
2024-05-23 15:00:00,1608.4,1609.55,1607.75,1609.0,11312
2024-05-23 15:01:00,1609.0,1609.95,1607.85,1608.25,15046
2024-05-23 15:02:00,1607.95,1608.6,1607.55,1607.55,5049
2024-05-23 15:03:00,1607.4,1607.65,1606.85,1606.9,6053
2024-05-23 15:04:00,1607.45,1609.0,1607.1,1608.85,6706
2024-05-23 15:05:00,1608.45,1609.2,1607.0,1607.75,12759
2024-05-23 15:06:00,1607.8,1608.9,1607.3,1608.9,4320
2024-05-23 15:07:00,1608.9,1609.0,1607.45,1609.0,6632
2024-05-23 15:08:00,1609.0,1610.5,1608.9,1609.75,10477
2024-05-23 15:09:00,1609.75,1611.7,1609.7,1611.1,17263
2024-05-23 15:10:00,1611.1,1611.9,1609.75,1610.05,5096
2024-05-23 15:11:00,1610.05,1610.4,1609.55,1610.0,2234
2024-05-23 15:12:00,1609.85,1610.95,1609.0,1609.45,4738
2024-05-23 15:13:00,1609.45,1609.8,1608.65,1609.35,5665
2024-05-23 15:14:00,1609.45,1609.45,1608.75,1608.8,2671
2024-05-23 15:15:00,1608.8,1608.9,1607.3,1607.4,5996
2024-05-23 15:16:00,1607.4,1609.35,1607.3,1607.9,4677
2024-05-23 15:17:00,1607.9,1609.6,1607.9,1608.75,5376
2024-05-23 15:18:00,1608.75,1609.45,1608.15,1608.85,6642
2024-05-23 15:19:00,1608.6,1609.5,1608.2,1609.25,6243
2024-05-23 15:20:00,1608.65,1609.25,1608.25,1608.75,17709
2024-05-23 15:21:00,1608.75,1608.8,1608.0,1608.0,4977
2024-05-23 15:22:00,1608.0,1608.0,1607.0,1607.25,3960
2024-05-23 15:23:00,1607.0,1607.85,1606.8,1607.45,7016
2024-05-23 15:24:00,1607.4,1607.65,1606.85,1606.85,2718
2024-05-23 15:25:00,1606.85,1607.65,1605.7,1605.85,8218
2024-05-23 15:26:00,1605.85,1608.0,1605.85,1607.05,5731
2024-05-23 15:27:00,1607.25,1608.0,1607.1,1608.0,3560
2024-05-23 15:28:00,1607.65,1608.7,1606.8,1608.55,14586
2024-05-23 15:29:00,1607.0,1609.25,1607.0,1607.0,4325
2024-05-24 09:15:00,1609.0,1609.0,1601.45,1603.45,2846
2024-05-24 09:16:00,1603.25,1607.4,1602.35,1603.75,5452
2024-05-24 09:17:00,1603.75,1604.3,1601.45,1602.3,1705
2024-05-24 09:18:00,1602.3,1603.7,1601.75,1603.7,1782
2024-05-24 09:19:00,1603.55,1605.55,1603.55,1605.1,2050
2024-05-24 09:20:00,1605.1,1606.05,1603.15,1605.95,3451
2024-05-24 09:21:00,1606.0,1607.3,1605.5,1606.8,1344
2024-05-24 09:22:00,1606.25,1607.9,1606.25,1607.0,800
2024-05-24 09:23:00,1607.0,1607.6,1605.4,1606.25,1587
2024-05-24 09:24:00,1605.45,1606.3,1605.0,1605.15,2029
2024-05-24 09:25:00,1605.15,1607.6,1604.75,1607.6,4805
2024-05-24 09:26:00,1607.1,1613.0,1607.1,1612.25,4405
2024-05-24 09:27:00,1612.3,1614.0,1611.1,1614.0,6797
2024-05-24 09:28:00,1613.45,1618.0,1613.3,1616.5,10543
2024-05-24 09:29:00,1616.8,1617.75,1615.55,1616.25,5999
2024-05-24 09:30:00,1616.25,1617.45,1615.5,1617.45,2587
2024-05-24 09:31:00,1616.5,1620.0,1616.4,1619.9,6716
2024-05-24 09:32:00,1619.75,1619.75,1617.5,1617.5,4079
2024-05-24 09:33:00,1617.2,1617.95,1615.25,1616.6,3957
2024-05-24 09:34:00,1616.6,1617.6,1615.8,1616.55,2644
2024-05-24 09:35:00,1616.65,1617.1,1615.55,1615.6,1802
2024-05-24 09:36:00,1615.6,1616.5,1613.4,1614.8,3108
2024-05-24 09:37:00,1614.8,1614.8,1611.5,1611.5,3350
2024-05-24 09:38:00,1612.1,1613.4,1611.65,1612.0,2227
2024-05-24 09:39:00,1611.9,1612.9,1611.25,1612.9,2397
2024-05-24 09:40:00,1612.3,1613.25,1612.0,1613.25,1090
2024-05-24 09:41:00,1613.5,1614.9,1613.0,1614.9,745
2024-05-24 09:42:00,1615.0,1616.1,1614.3,1615.0,3743
2024-05-24 09:43:00,1615.0,1615.75,1614.6,1614.95,1314
2024-05-24 09:44:00,1614.55,1615.9,1614.3,1614.45,1595
2024-05-24 09:45:00,1614.45,1616.0,1614.45,1615.05,638
2024-05-24 09:46:00,1615.05,1615.45,1613.85,1614.15,3784
2024-05-24 09:47:00,1614.15,1614.8,1612.25,1613.8,1742
2024-05-24 09:48:00,1613.8,1614.0,1612.35,1613.7,762
2024-05-24 09:49:00,1613.7,1613.7,1612.55,1612.9,732
2024-05-24 09:50:00,1612.9,1613.35,1611.5,1612.25,2319
2024-05-24 09:51:00,1612.25,1613.0,1612.0,1612.55,1137
2024-05-24 09:52:00,1612.55,1612.75,1611.45,1611.45,1019
2024-05-24 09:53:00,1611.45,1614.2,1611.45,1613.4,1769
2024-05-24 09:54:00,1613.4,1613.45,1612.25,1613.05,576
2024-05-24 09:55:00,1613.05,1613.45,1611.25,1611.25,458
2024-05-24 09:56:00,1611.25,1612.6,1611.2,1611.2,2086
2024-05-24 09:57:00,1611.2,1611.6,1610.2,1610.75,4203
2024-05-24 09:58:00,1610.8,1611.85,1609.25,1609.25,3882
2024-05-24 09:59:00,1609.25,1610.2,1609.15,1609.3,1871
2024-05-24 10:00:00,1609.3,1612.75,1609.25,1610.15,4165
2024-05-24 10:01:00,1610.15,1610.95,1609.6,1610.0,1025
2024-05-24 10:02:00,1610.0,1610.8,1609.2,1609.7,615
2024-05-24 10:03:00,1609.7,1610.5,1609.2,1609.45,1412
2024-05-24 10:04:00,1609.45,1610.0,1609.2,1609.25,2067
2024-05-24 10:05:00,1609.25,1609.85,1607.7,1608.0,3945
2024-05-24 10:06:00,1608.0,1609.0,1607.5,1607.5,1821
2024-05-24 10:07:00,1607.4,1608.45,1607.25,1607.45,846
2024-05-24 10:08:00,1607.45,1607.45,1605.3,1605.7,4919
2024-05-24 10:09:00,1605.7,1607.2,1605.5,1605.6,1448
2024-05-24 10:10:00,1605.6,1606.95,1605.25,1606.7,6159
2024-05-24 10:11:00,1606.7,1608.2,1606.05,1607.55,633
2024-05-24 10:12:00,1607.2,1608.75,1606.8,1607.25,1587
2024-05-24 10:13:00,1608.05,1609.6,1607.0,1608.3,5114
2024-05-24 10:14:00,1608.3,1609.15,1608.3,1608.7,773
2024-05-24 10:15:00,1608.45,1609.95,1608.25,1608.25,1618
2024-05-24 10:16:00,1608.25,1608.8,1607.25,1607.45,1564
2024-05-24 10:17:00,1607.4,1608.45,1606.25,1606.45,1711
2024-05-24 10:18:00,1606.45,1607.9,1606.35,1606.95,1828
2024-05-24 10:19:00,1606.95,1607.75,1606.65,1607.25,437
2024-05-24 10:20:00,1607.25,1611.5,1607.25,1610.85,2956
2024-05-24 10:21:00,1610.85,1612.95,1610.8,1611.9,2158
2024-05-24 10:22:00,1611.9,1614.0,1610.7,1613.5,2918
2024-05-24 10:23:00,1612.85,1613.85,1612.15,1613.15,1007
2024-05-24 10:24:00,1613.2,1613.75,1612.8,1613.55,721
2024-05-24 10:25:00,1613.55,1613.7,1612.95,1613.3,736
2024-05-24 10:26:00,1613.3,1613.7,1612.0,1612.85,325
2024-05-24 10:27:00,1612.85,1612.85,1611.35,1612.05,601
2024-05-24 10:28:00,1612.05,1612.55,1611.0,1611.0,824
2024-05-24 10:29:00,1610.8,1611.0,1608.3,1608.3,2133
2024-05-24 10:30:00,1608.3,1609.05,1606.6,1607.5,1817
2024-05-24 10:31:00,1608.15,1608.5,1607.45,1608.05,1346
2024-05-24 10:32:00,1608.05,1608.3,1606.85,1607.6,579
2024-05-24 10:33:00,1607.6,1609.2,1607.25,1608.3,654
2024-05-24 10:34:00,1608.3,1609.6,1608.3,1608.4,592
2024-05-24 10:35:00,1608.4,1609.0,1608.2,1608.9,104
2024-05-24 10:36:00,1608.9,1609.85,1607.2,1608.35,3175
2024-05-24 10:37:00,1608.35,1612.3,1608.35,1611.25,2826
2024-05-24 10:38:00,1611.25,1612.05,1610.6,1610.6,958
2024-05-24 10:39:00,1610.6,1611.2,1610.4,1611.0,287
2024-05-24 10:40:00,1611.2,1611.7,1610.25,1611.55,1711
2024-05-24 10:41:00,1611.55,1612.2,1610.9,1610.95,524
2024-05-24 10:42:00,1610.95,1611.85,1610.75,1611.85,353
2024-05-24 10:43:00,1611.85,1612.85,1611.0,1612.5,231
2024-05-24 10:44:00,1612.5,1612.9,1611.6,1612.4,607
2024-05-24 10:45:00,1612.4,1612.5,1611.55,1611.8,287
2024-05-24 10:46:00,1612.45,1612.45,1611.3,1612.2,304
2024-05-24 10:47:00,1611.75,1611.95,1611.0,1611.95,1378
2024-05-24 10:48:00,1611.2,1612.1,1609.2,1609.2,2416
2024-05-24 10:49:00,1609.2,1610.0,1609.2,1610.0,895
2024-05-24 10:50:00,1610.0,1610.0,1609.3,1609.95,89
2024-05-24 10:51:00,1609.95,1610.0,1609.3,1609.6,886
2024-05-24 10:52:00,1609.6,1610.0,1609.6,1610.0,15
2024-05-24 10:53:00,1610.0,1612.35,1609.7,1611.45,3201
2024-05-24 10:54:00,1611.45,1611.75,1610.5,1611.65,642
2024-05-24 10:55:00,1611.6,1612.9,1610.5,1611.3,1701
2024-05-24 10:56:00,1611.3,1611.9,1610.45,1611.05,951
2024-05-24 10:57:00,1611.05,1611.95,1610.75,1610.75,530
2024-05-24 10:58:00,1610.75,1612.0,1610.45,1612.0,710
2024-05-24 10:59:00,1612.0,1612.5,1611.5,1612.45,928
2024-05-24 11:00:00,1612.45,1612.5,1611.2,1611.7,529
2024-05-24 11:01:00,1611.7,1612.6,1611.25,1611.3,1128
2024-05-24 11:02:00,1611.3,1612.0,1611.05,1611.85,428
2024-05-24 11:03:00,1611.8,1612.9,1611.15,1612.05,1686
2024-05-24 11:04:00,1612.0,1612.7,1610.95,1610.95,1183
2024-05-24 11:05:00,1610.95,1611.9,1610.75,1611.25,962
2024-05-24 11:06:00,1611.75,1611.95,1610.8,1611.2,1221
2024-05-24 11:07:00,1611.2,1611.85,1610.7,1611.35,812
2024-05-24 11:08:00,1611.35,1611.45,1610.6,1611.35,411
2024-05-24 11:09:00,1611.35,1611.35,1610.0,1611.0,470
2024-05-24 11:10:00,1611.0,1611.0,1610.0,1610.6,497
2024-05-24 11:11:00,1610.0,1610.8,1609.7,1610.0,368
2024-05-24 11:12:00,1609.7,1610.55,1609.7,1610.0,489
2024-05-24 11:13:00,1610.0,1610.0,1609.1,1609.8,529
2024-05-24 11:14:00,1609.8,1609.9,1607.3,1607.4,816
2024-05-24 11:15:00,1607.4,1608.45,1607.0,1608.3,2366
2024-05-24 11:16:00,1608.3,1609.0,1607.55,1608.5,249
2024-05-24 11:17:00,1608.5,1609.0,1607.85,1608.85,698
2024-05-24 11:18:00,1608.6,1608.75,1607.75,1607.95,650
2024-05-24 11:19:00,1607.75,1608.4,1607.75,1608.2,195
2024-05-24 11:20:00,1608.2,1608.65,1607.0,1607.85,1324
2024-05-24 11:21:00,1607.85,1607.85,1606.4,1607.25,684
2024-05-24 11:22:00,1607.25,1608.0,1607.15,1608.0,365
2024-05-24 11:23:00,1608.0,1608.0,1607.25,1607.9,487
2024-05-24 11:24:00,1607.9,1608.75,1607.3,1607.5,899
2024-05-24 11:25:00,1607.5,1607.85,1607.3,1607.5,532
2024-05-24 11:26:00,1607.5,1607.65,1606.05,1606.8,659
2024-05-24 11:27:00,1606.85,1607.05,1606.15,1606.35,177
2024-05-24 11:28:00,1606.35,1607.85,1606.15,1607.45,1001
2024-05-24 11:29:00,1607.45,1607.7,1607.0,1607.7,300
2024-05-24 11:30:00,1607.0,1607.8,1606.6,1607.0,390
2024-05-24 11:31:00,1607.0,1607.95,1606.6,1607.75,104
2024-05-24 11:32:00,1607.75,1607.8,1607.0,1607.2,344
2024-05-24 11:33:00,1607.2,1608.0,1607.0,1607.85,505
2024-05-24 11:34:00,1607.85,1609.0,1607.65,1608.55,1561
2024-05-24 11:35:00,1608.55,1608.9,1607.7,1608.05,521
2024-05-24 11:36:00,1608.05,1608.8,1607.35,1608.1,731
2024-05-24 11:37:00,1608.1,1608.2,1606.85,1607.9,571
2024-05-24 11:38:00,1607.9,1607.95,1606.8,1607.5,246
2024-05-24 11:39:00,1607.55,1607.55,1606.75,1607.45,52
2024-05-24 11:40:00,1607.45,1607.45,1606.5,1607.35,572
2024-05-24 11:41:00,1607.15,1607.35,1607.05,1607.05,22
2024-05-24 11:42:00,1607.05,1607.35,1606.65,1607.35,204
2024-05-24 11:43:00,1607.35,1607.6,1606.75,1607.4,198
2024-05-24 11:44:00,1607.4,1607.7,1606.65,1606.7,617
2024-05-24 11:45:00,1607.75,1608.0,1606.8,1607.55,198
2024-05-24 11:46:00,1607.55,1607.55,1606.45,1606.95,916
2024-05-24 11:47:00,1606.95,1606.95,1606.1,1606.8,76
2024-05-24 11:48:00,1606.8,1607.0,1606.1,1606.8,708
2024-05-24 11:49:00,1606.8,1606.85,1605.0,1605.0,1962
2024-05-24 11:50:00,1605.25,1605.8,1605.0,1605.45,608
2024-05-24 11:51:00,1605.45,1605.7,1605.05,1605.65,365
2024-05-24 11:52:00,1605.65,1606.0,1605.0,1605.0,807
2024-05-24 11:53:00,1605.45,1605.9,1605.0,1605.7,455
2024-05-24 11:54:00,1605.7,1605.75,1604.55,1604.55,636
2024-05-24 11:55:00,1604.5,1605.0,1604.45,1604.65,605
2024-05-24 11:56:00,1604.5,1605.8,1604.5,1605.6,508
2024-05-24 11:57:00,1605.6,1606.35,1604.55,1604.85,1871
2024-05-24 11:58:00,1604.85,1605.65,1604.6,1605.3,360
2024-05-24 11:59:00,1605.2,1605.35,1604.6,1605.35,349
2024-05-24 12:00:00,1605.35,1605.8,1604.65,1605.15,320
2024-05-24 12:01:00,1605.15,1605.5,1604.7,1605.5,497
2024-05-24 12:02:00,1605.5,1606.25,1604.9,1606.0,485
2024-05-24 12:03:00,1606.0,1606.85,1605.3,1605.7,475
2024-05-24 12:04:00,1605.7,1606.95,1605.6,1606.75,770
2024-05-24 12:05:00,1606.05,1606.85,1605.75,1606.85,436
2024-05-24 12:06:00,1606.85,1607.0,1605.85,1606.6,1099
2024-05-24 12:07:00,1606.6,1607.0,1605.9,1606.65,229
2024-05-24 12:08:00,1606.65,1606.65,1605.75,1606.0,359
2024-05-24 12:09:00,1605.7,1606.95,1605.45,1606.15,678
2024-05-24 12:10:00,1605.7,1606.45,1605.45,1606.4,880
2024-05-24 12:11:00,1606.4,1606.4,1605.55,1606.35,688
2024-05-24 12:12:00,1606.35,1606.35,1604.65,1605.75,1451
2024-05-24 12:13:00,1605.75,1606.4,1604.95,1606.05,541
2024-05-24 12:14:00,1606.05,1606.3,1605.7,1606.3,172
2024-05-24 12:15:00,1606.3,1607.0,1606.0,1607.0,888
2024-05-24 12:16:00,1607.0,1607.0,1606.0,1606.6,1287
2024-05-24 12:17:00,1606.1,1606.9,1606.0,1606.7,525
2024-05-24 12:18:00,1606.7,1606.75,1605.75,1606.0,665
2024-05-24 12:19:00,1606.0,1606.7,1605.75,1606.6,486
2024-05-24 12:20:00,1606.6,1606.65,1605.75,1605.95,674
2024-05-24 12:21:00,1605.9,1606.85,1605.75,1606.75,264
2024-05-24 12:22:00,1606.75,1606.75,1605.75,1606.3,341
2024-05-24 12:23:00,1606.55,1606.8,1605.75,1606.1,482
2024-05-24 12:24:00,1606.1,1606.95,1605.8,1605.95,1456
2024-05-24 12:25:00,1605.95,1606.6,1605.55,1606.5,1517
2024-05-24 12:26:00,1606.5,1607.0,1606.05,1606.95,342
2024-05-24 12:27:00,1606.95,1606.95,1605.95,1606.7,248
2024-05-24 12:28:00,1606.7,1607.35,1606.4,1607.0,647
2024-05-24 12:29:00,1607.45,1608.4,1606.6,1608.4,1935
2024-05-24 12:30:00,1608.4,1609.0,1607.9,1608.6,728
2024-05-24 12:31:00,1608.6,1608.9,1607.9,1608.5,447
2024-05-24 12:32:00,1608.5,1608.7,1608.0,1608.6,269
2024-05-24 12:33:00,1608.6,1610.0,1608.05,1609.6,2751
2024-05-24 12:34:00,1609.9,1609.95,1609.1,1609.85,534
2024-05-24 12:35:00,1609.15,1609.9,1609.15,1609.8,365
2024-05-24 12:36:00,1609.15,1610.0,1609.15,1609.6,986
2024-05-24 12:37:00,1609.6,1610.0,1609.15,1609.8,531
2024-05-24 12:38:00,1609.85,1610.0,1609.2,1610.0,211
2024-05-24 12:39:00,1610.0,1610.0,1609.25,1609.4,781
2024-05-24 12:40:00,1609.4,1610.0,1609.4,1609.5,389
2024-05-24 12:41:00,1609.45,1610.0,1609.2,1609.45,956
2024-05-24 12:42:00,1609.45,1610.0,1609.45,1609.85,585
2024-05-24 12:43:00,1609.85,1609.95,1609.2,1609.25,760
2024-05-24 12:44:00,1609.9,1609.9,1609.15,1609.75,269
2024-05-24 12:45:00,1609.75,1609.9,1609.15,1609.85,1017
2024-05-24 12:46:00,1609.85,1610.0,1609.15,1609.75,1531
2024-05-24 12:47:00,1609.15,1610.0,1609.15,1610.0,1542
2024-05-24 12:48:00,1610.0,1610.0,1609.4,1609.45,727
2024-05-24 12:49:00,1609.45,1609.95,1609.15,1609.5,1488
2024-05-24 12:50:00,1609.65,1609.85,1608.9,1608.9,383
2024-05-24 12:51:00,1608.9,1609.75,1608.0,1608.9,7666
2024-05-24 12:52:00,1608.7,1608.9,1608.0,1608.9,984
2024-05-24 12:53:00,1608.9,1609.3,1608.1,1608.45,800
2024-05-24 12:54:00,1608.45,1609.3,1608.45,1608.6,263
2024-05-24 12:55:00,1609.0,1609.3,1608.35,1608.8,665
2024-05-24 12:56:00,1608.8,1610.0,1608.8,1610.0,736
2024-05-24 12:57:00,1609.6,1610.0,1609.15,1609.6,805
2024-05-24 12:58:00,1609.6,1609.6,1608.75,1609.0,152
2024-05-24 12:59:00,1609.0,1610.0,1609.0,1609.95,131
2024-05-24 13:00:00,1609.3,1610.0,1609.15,1609.9,364
2024-05-24 13:01:00,1609.9,1610.0,1609.0,1609.7,218
2024-05-24 13:02:00,1609.7,1610.0,1608.75,1610.0,451
2024-05-24 13:03:00,1609.7,1610.0,1609.35,1609.95,958
2024-05-24 13:04:00,1610.0,1610.0,1609.2,1610.0,2009
2024-05-24 13:05:00,1609.5,1610.0,1609.4,1609.4,430
2024-05-24 13:06:00,1609.4,1610.0,1609.4,1609.45,844
2024-05-24 13:07:00,1609.5,1610.0,1609.4,1609.6,476
2024-05-24 13:08:00,1609.6,1610.0,1609.4,1610.0,416
2024-05-24 13:09:00,1610.0,1610.0,1609.2,1609.85,12464
2024-05-24 13:10:00,1609.85,1610.0,1609.2,1610.0,107
2024-05-24 13:11:00,1610.0,1610.0,1608.55,1609.3,1606
2024-05-24 13:12:00,1609.3,1609.5,1607.0,1608.35,3643
2024-05-24 13:13:00,1608.35,1609.35,1607.75,1609.05,281
2024-05-24 13:14:00,1609.2,1609.2,1607.65,1607.9,696
2024-05-24 13:15:00,1607.95,1609.0,1607.9,1608.6,313
2024-05-24 13:16:00,1608.6,1609.7,1608.1,1609.2,213
2024-05-24 13:17:00,1609.2,1609.9,1609.1,1609.25,758
2024-05-24 13:18:00,1609.95,1609.95,1609.0,1609.7,1539
2024-05-24 13:19:00,1609.85,1609.9,1608.9,1609.0,277
2024-05-24 13:20:00,1609.0,1609.55,1608.2,1609.5,339
2024-05-24 13:21:00,1609.5,1609.5,1608.0,1608.0,822
2024-05-24 13:22:00,1608.0,1608.05,1608.0,1608.05,463
2024-05-24 13:23:00,1608.05,1608.6,1608.0,1608.05,527
2024-05-24 13:24:00,1608.0,1608.45,1608.0,1608.35,350
2024-05-24 13:25:00,1608.35,1609.35,1608.0,1608.6,369
2024-05-24 13:26:00,1608.6,1609.25,1608.05,1608.05,541
2024-05-24 13:27:00,1608.05,1609.75,1608.05,1609.45,701
2024-05-24 13:28:00,1609.45,1610.0,1608.8,1610.0,792
2024-05-24 13:29:00,1610.0,1610.0,1609.55,1610.0,1647
2024-05-24 13:30:00,1610.0,1610.0,1609.45,1609.95,1229
2024-05-24 13:31:00,1609.95,1610.0,1609.45,1610.0,1744
2024-05-24 13:32:00,1610.0,1610.0,1609.5,1609.5,265
2024-05-24 13:33:00,1609.5,1610.0,1609.3,1610.0,5013
2024-05-24 13:34:00,1609.45,1610.0,1609.45,1610.0,193
2024-05-24 13:35:00,1610.0,1610.0,1609.5,1609.95,405
2024-05-24 13:36:00,1610.0,1610.0,1609.2,1609.95,1797
2024-05-24 13:37:00,1610.0,1610.0,1609.3,1609.3,381
2024-05-24 13:38:00,1609.3,1609.95,1609.15,1609.15,434
2024-05-24 13:39:00,1609.15,1610.0,1609.15,1610.0,469
2024-05-24 13:40:00,1610.0,1610.0,1609.3,1609.65,575
2024-05-24 13:41:00,1609.65,1610.0,1609.25,1609.95,227
2024-05-24 13:42:00,1609.95,1609.95,1609.4,1609.4,254
2024-05-24 13:43:00,1609.4,1609.9,1609.0,1609.9,761
2024-05-24 13:44:00,1609.9,1609.95,1609.0,1609.5,275
2024-05-24 13:45:00,1609.5,1609.5,1608.6,1609.5,837
2024-05-24 13:46:00,1609.5,1609.95,1609.45,1609.95,159
2024-05-24 13:47:00,1609.95,1609.95,1609.45,1609.95,153
2024-05-24 13:48:00,1609.45,1609.95,1609.05,1609.2,494
2024-05-24 13:49:00,1609.2,1609.95,1609.2,1609.95,182
2024-05-24 13:50:00,1609.95,1609.95,1608.85,1609.45,363
2024-05-24 13:51:00,1609.05,1609.95,1609.0,1609.7,939
2024-05-24 13:52:00,1609.7,1609.7,1608.6,1609.0,78
2024-05-24 13:53:00,1609.0,1609.5,1608.55,1609.25,265
2024-05-24 13:54:00,1609.25,1609.5,1608.85,1609.25,302
2024-05-24 13:55:00,1609.25,1609.9,1609.1,1609.9,1177
2024-05-24 13:56:00,1609.9,1609.9,1609.2,1609.8,431
2024-05-24 13:57:00,1609.8,1609.9,1608.75,1609.6,845
2024-05-24 13:58:00,1609.9,1609.9,1609.2,1609.9,380
2024-05-24 13:59:00,1609.9,1609.9,1609.6,1609.9,101
2024-05-24 14:00:00,1609.9,1610.0,1609.25,1610.0,825
2024-05-24 14:01:00,1609.25,1609.35,1608.95,1609.0,216
2024-05-24 14:02:00,1609.25,1610.0,1609.05,1610.0,381
2024-05-24 14:03:00,1609.95,1610.0,1609.95,1610.0,326
2024-05-24 14:04:00,1610.0,1610.0,1609.35,1609.85,238
2024-05-24 14:05:00,1609.95,1610.0,1609.0,1610.0,848
2024-05-24 14:06:00,1610.0,1611.0,1609.7,1610.0,1954
2024-05-24 14:07:00,1610.0,1610.0,1609.8,1610.0,144
2024-05-24 14:08:00,1610.3,1610.65,1609.35,1610.1,793
2024-05-24 14:09:00,1610.1,1610.15,1609.3,1609.6,134
2024-05-24 14:10:00,1609.9,1610.0,1606.4,1606.6,10113
2024-05-24 14:11:00,1606.6,1607.2,1606.6,1607.2,118
2024-05-24 14:12:00,1607.2,1607.65,1606.6,1607.65,556
2024-05-24 14:13:00,1607.65,1608.0,1607.05,1607.35,216
2024-05-24 14:14:00,1607.35,1608.0,1606.8,1607.65,1981
2024-05-24 14:15:00,1607.65,1608.0,1606.95,1608.0,462
2024-05-24 14:16:00,1608.0,1608.0,1607.5,1607.85,234
2024-05-24 14:17:00,1608.0,1608.0,1607.5,1607.8,494
2024-05-24 14:18:00,1607.8,1608.0,1607.5,1608.0,281
2024-05-24 14:19:00,1608.0,1608.0,1607.05,1607.95,1108
2024-05-24 14:20:00,1607.95,1608.0,1607.05,1607.55,2793
2024-05-24 14:21:00,1608.0,1608.0,1607.05,1607.7,3979
2024-05-24 14:22:00,1608.0,1608.0,1606.6,1606.6,565
2024-05-24 14:23:00,1606.6,1607.6,1606.35,1607.2,453
2024-05-24 14:24:00,1607.4,1607.7,1606.7,1607.65,883
2024-05-24 14:25:00,1607.35,1607.55,1606.0,1606.0,412
2024-05-24 14:26:00,1606.0,1607.15,1606.0,1606.45,1824
2024-05-24 14:27:00,1606.5,1606.5,1602.75,1605.0,5017
2024-05-24 14:28:00,1604.6,1605.0,1604.0,1604.6,1983
2024-05-24 14:29:00,1604.6,1604.95,1604.0,1604.55,822
2024-05-24 14:30:00,1604.55,1604.65,1602.8,1603.4,1711
2024-05-24 14:31:00,1603.4,1604.45,1603.0,1603.4,2562
2024-05-24 14:32:00,1604.0,1606.0,1603.2,1605.0,5483
2024-05-24 14:33:00,1605.45,1606.0,1604.3,1604.35,367
2024-05-24 14:34:00,1604.35,1605.3,1604.0,1604.0,512
2024-05-24 14:35:00,1604.0,1605.0,1603.55,1604.9,707
2024-05-24 14:36:00,1604.9,1604.95,1604.45,1604.95,419
2024-05-24 14:37:00,1604.95,1606.15,1604.95,1605.15,685
2024-05-24 14:38:00,1605.15,1605.85,1604.75,1605.05,136
2024-05-24 14:39:00,1605.1,1605.45,1604.0,1604.2,1072
2024-05-24 14:40:00,1605.0,1605.0,1604.0,1604.0,984
2024-05-24 14:41:00,1604.7,1604.75,1603.05,1603.3,1451
2024-05-24 14:42:00,1603.3,1604.1,1603.05,1603.2,1575
2024-05-24 14:43:00,1603.2,1604.4,1603.05,1603.2,985
2024-05-24 14:44:00,1603.2,1604.35,1603.2,1603.4,1253
2024-05-24 14:45:00,1603.4,1604.4,1603.4,1603.4,1150
2024-05-24 14:46:00,1604.1,1604.35,1603.3,1603.3,1460
2024-05-24 14:47:00,1604.0,1604.3,1603.1,1603.25,1002
2024-05-24 14:48:00,1603.25,1604.4,1602.5,1603.0,1621
2024-05-24 14:49:00,1603.0,1603.3,1601.0,1601.25,2759
2024-05-24 14:50:00,1601.25,1602.85,1601.0,1601.95,2110
2024-05-24 14:51:00,1601.95,1603.0,1601.0,1603.0,1503
2024-05-24 14:52:00,1602.85,1603.0,1601.9,1602.0,1035
2024-05-24 14:53:00,1602.0,1602.85,1601.7,1602.2,917
2024-05-24 14:54:00,1602.2,1603.35,1601.65,1603.25,2171
2024-05-24 14:55:00,1603.25,1603.8,1602.2,1603.15,1271
2024-05-24 14:56:00,1603.1,1603.65,1602.05,1602.4,2155
2024-05-24 14:57:00,1602.4,1603.0,1602.1,1603.0,1769
2024-05-24 14:58:00,1603.1,1603.3,1602.1,1602.25,1405
2024-05-24 14:59:00,1602.25,1603.7,1602.1,1602.75,1487
2024-05-24 15:00:00,1602.75,1602.95,1601.0,1601.0,3698
2024-05-24 15:01:00,1601.05,1602.5,1597.6,1598.6,10200
2024-05-24 15:02:00,1598.7,1600.95,1598.25,1599.85,5783
2024-05-24 15:03:00,1600.4,1602.4,1599.65,1600.2,4788
2024-05-24 15:04:00,1600.8,1601.5,1599.85,1600.95,2868
2024-05-24 15:05:00,1601.5,1601.5,1597.9,1598.75,4320
2024-05-24 15:06:00,1599.05,1600.0,1598.45,1599.05,3372
2024-05-24 15:07:00,1599.55,1601.5,1597.05,1600.05,10685
2024-05-24 15:08:00,1600.7,1602.45,1599.75,1602.4,2823
2024-05-24 15:09:00,1602.45,1604.3,1602.05,1603.9,2816
2024-05-24 15:10:00,1603.15,1604.65,1603.15,1604.2,2740
2024-05-24 15:11:00,1604.4,1604.95,1603.2,1603.2,2503
2024-05-24 15:12:00,1603.6,1604.15,1602.05,1602.1,3147
2024-05-24 15:13:00,1602.55,1603.5,1602.1,1602.8,4087
2024-05-24 15:14:00,1603.25,1603.75,1600.55,1601.05,4545
2024-05-24 15:15:00,1601.6,1602.4,1600.05,1601.45,3645
2024-05-24 15:16:00,1601.45,1604.3,1601.45,1603.6,3484
2024-05-24 15:17:00,1604.15,1604.65,1602.9,1603.35,4216
2024-05-24 15:18:00,1603.2,1603.35,1601.15,1602.55,6474
2024-05-24 15:19:00,1602.35,1603.45,1602.05,1602.4,3094
2024-05-24 15:20:00,1602.7,1604.25,1602.4,1602.85,6210
2024-05-24 15:21:00,1603.35,1604.6,1602.75,1602.75,3841
2024-05-24 15:22:00,1603.5,1603.5,1601.65,1602.15,2257
2024-05-24 15:23:00,1602.6,1603.4,1601.6,1601.75,3724
2024-05-24 15:24:00,1601.8,1602.95,1601.25,1602.8,2665
2024-05-24 15:25:00,1602.45,1603.3,1601.55,1603.3,2377
2024-05-24 15:26:00,1602.3,1603.1,1601.75,1602.0,3227
2024-05-24 15:27:00,1602.1,1605.0,1602.1,1604.5,5258
2024-05-24 15:28:00,1603.15,1605.75,1601.0,1602.55,2212
2024-05-24 15:29:00,1602.55,1605.15,1602.0,1605.0,3012
2024-05-27 09:15:00,1605.0,1612.85,1602.5,1605.0,5113
2024-05-27 09:16:00,1603.4,1608.75,1603.4,1606.15,2549
2024-05-27 09:17:00,1606.2,1608.9,1605.0,1606.0,4545
2024-05-27 09:18:00,1606.0,1606.5,1603.8,1604.85,5157
2024-05-27 09:19:00,1604.85,1605.0,1601.05,1601.15,4663
2024-05-27 09:20:00,1600.8,1601.45,1600.0,1600.8,3037
2024-05-27 09:21:00,1600.1,1602.35,1599.2,1601.15,6406
2024-05-27 09:22:00,1601.15,1603.75,1601.0,1602.7,1928
2024-05-27 09:23:00,1603.7,1603.9,1602.3,1603.0,2907
2024-05-27 09:24:00,1602.95,1604.3,1602.8,1602.8,1128
2024-05-27 09:25:00,1603.55,1603.85,1602.9,1603.0,687
2024-05-27 09:26:00,1603.45,1603.45,1600.05,1600.05,3064
2024-05-27 09:27:00,1600.65,1600.85,1599.0,1599.0,1990
2024-05-27 09:28:00,1599.0,1600.7,1598.25,1600.6,2769
2024-05-27 09:29:00,1600.6,1600.6,1599.35,1600.25,826
2024-05-27 09:30:00,1600.15,1601.95,1599.75,1600.15,1674
2024-05-27 09:31:00,1600.0,1600.4,1599.3,1600.0,539
2024-05-27 09:32:00,1600.0,1600.0,1598.0,1599.0,5927
2024-05-27 09:33:00,1599.0,1600.0,1598.35,1598.5,1018
2024-05-27 09:34:00,1598.45,1599.5,1597.15,1599.0,1991
2024-05-27 09:35:00,1598.15,1599.3,1598.15,1598.6,1253
2024-05-27 09:36:00,1598.6,1601.0,1598.6,1599.25,2786
2024-05-27 09:37:00,1599.6,1601.95,1599.25,1600.5,1718
2024-05-27 09:38:00,1600.85,1600.85,1599.1,1599.1,1566
2024-05-27 09:39:00,1599.1,1601.7,1599.1,1600.15,1326
2024-05-27 09:40:00,1601.6,1602.15,1600.0,1601.05,1974
2024-05-27 09:41:00,1601.05,1602.9,1601.05,1601.85,1565
2024-05-27 09:42:00,1601.85,1602.1,1600.05,1600.75,4916
2024-05-27 09:43:00,1600.75,1603.0,1600.75,1602.5,1422
2024-05-27 09:44:00,1602.3,1602.5,1600.85,1601.95,943
2024-05-27 09:45:00,1601.95,1603.2,1601.55,1601.9,2059
2024-05-27 09:46:00,1601.9,1604.4,1601.55,1602.8,4459
2024-05-27 09:47:00,1602.6,1603.6,1602.0,1602.05,1129
2024-05-27 09:48:00,1602.0,1602.8,1601.0,1601.25,1514
2024-05-27 09:49:00,1601.8,1602.3,1600.0,1600.0,1082
2024-05-27 09:50:00,1600.4,1601.5,1600.0,1600.3,966
2024-05-27 09:51:00,1600.15,1600.45,1598.05,1598.4,1202
2024-05-27 09:52:00,1599.15,1600.05,1598.3,1599.3,3834
2024-05-27 09:53:00,1598.4,1599.85,1598.05,1599.4,3854
2024-05-27 09:54:00,1599.4,1600.65,1598.25,1599.6,1817
2024-05-27 09:55:00,1600.15,1600.9,1598.9,1600.75,845
2024-05-27 09:56:00,1600.75,1601.25,1599.15,1600.6,3083
2024-05-27 09:57:00,1600.65,1601.45,1599.35,1600.95,2854
2024-05-27 09:58:00,1600.95,1600.95,1599.0,1599.75,2273
2024-05-27 09:59:00,1599.6,1599.9,1595.55,1595.55,5585
2024-05-27 10:00:00,1596.1,1597.5,1596.1,1597.2,1755
2024-05-27 10:01:00,1597.0,1597.45,1595.65,1596.05,1939
2024-05-27 10:02:00,1596.05,1597.3,1594.75,1596.6,2463
2024-05-27 10:03:00,1596.2,1598.0,1595.75,1596.0,2637
2024-05-27 10:04:00,1596.0,1598.2,1595.35,1597.5,4053
2024-05-27 10:05:00,1598.1,1598.1,1595.8,1597.05,1864
2024-05-27 10:06:00,1597.05,1598.0,1596.15,1597.5,338
2024-05-27 10:07:00,1597.5,1597.5,1596.65,1596.95,377
2024-05-27 10:08:00,1596.95,1599.95,1596.95,1598.95,1587
2024-05-27 10:09:00,1599.8,1600.0,1598.95,1599.95,335
2024-05-27 10:10:00,1599.95,1599.95,1598.85,1599.45,1306
2024-05-27 10:11:00,1599.45,1599.75,1598.75,1599.45,528
2024-05-27 10:12:00,1599.6,1599.85,1598.6,1599.5,775
2024-05-27 10:13:00,1599.5,1601.5,1599.5,1600.5,2550
2024-05-27 10:14:00,1600.55,1601.0,1600.0,1600.0,360
2024-05-27 10:15:00,1599.9,1600.55,1599.0,1600.5,353
2024-05-27 10:16:00,1600.5,1600.5,1597.95,1598.9,3728
2024-05-27 10:17:00,1598.4,1599.0,1597.05,1597.05,4071
2024-05-27 10:18:00,1597.65,1599.0,1597.0,1598.4,477
2024-05-27 10:19:00,1598.4,1599.0,1597.65,1597.95,1271
2024-05-27 10:20:00,1597.95,1598.55,1597.05,1597.3,4368
2024-05-27 10:21:00,1597.95,1598.55,1596.2,1598.15,5507
2024-05-27 10:22:00,1598.15,1598.4,1596.8,1597.3,1838
2024-05-27 10:23:00,1597.3,1599.05,1597.25,1598.2,6528
2024-05-27 10:24:00,1598.2,1599.0,1598.15,1598.4,729
2024-05-27 10:25:00,1598.4,1599.0,1597.1,1598.05,1098
2024-05-27 10:26:00,1598.05,1599.0,1597.8,1598.05,779
2024-05-27 10:27:00,1598.05,1598.85,1597.75,1598.65,284
2024-05-27 10:28:00,1598.65,1599.0,1598.05,1598.4,2209
2024-05-27 10:29:00,1599.0,1601.25,1598.55,1600.0,3798
2024-05-27 10:30:00,1600.0,1600.2,1599.3,1600.0,173
2024-05-27 10:31:00,1600.0,1600.75,1599.35,1600.65,850
2024-05-27 10:32:00,1600.85,1600.85,1599.7,1600.05,225
2024-05-27 10:33:00,1600.05,1601.5,1599.8,1601.35,1254
2024-05-27 10:34:00,1601.3,1601.3,1600.45,1600.5,927
2024-05-27 10:35:00,1600.5,1602.0,1600.5,1601.95,2018
2024-05-27 10:36:00,1601.95,1602.8,1601.65,1602.3,1459
2024-05-27 10:37:00,1602.3,1602.4,1601.75,1602.0,807
2024-05-27 10:38:00,1602.0,1604.25,1602.0,1604.0,2580
2024-05-27 10:39:00,1604.0,1605.0,1603.8,1605.0,3088
2024-05-27 10:40:00,1605.0,1605.0,1604.0,1604.65,457
2024-05-27 10:41:00,1604.4,1605.8,1604.4,1605.0,1987
2024-05-27 10:42:00,1605.0,1605.75,1604.15,1604.35,968
2024-05-27 10:43:00,1604.35,1605.35,1604.3,1604.95,1108
2024-05-27 10:44:00,1604.95,1604.95,1604.2,1604.55,577
2024-05-27 10:45:00,1604.55,1604.55,1602.9,1602.9,356
2024-05-27 10:46:00,1602.9,1604.0,1602.9,1603.05,372
2024-05-27 10:47:00,1603.5,1603.85,1602.9,1603.05,361
2024-05-27 10:48:00,1603.8,1603.8,1602.9,1603.0,266
2024-05-27 10:49:00,1603.0,1603.85,1602.75,1603.8,753
2024-05-27 10:50:00,1604.2,1604.95,1603.8,1604.55,1524
2024-05-27 10:51:00,1604.0,1604.95,1604.0,1604.6,695
2024-05-27 10:52:00,1604.6,1604.95,1603.75,1604.5,897
2024-05-27 10:53:00,1604.5,1604.7,1603.25,1603.9,775
2024-05-27 10:54:00,1603.9,1604.5,1601.6,1601.6,12402
2024-05-27 10:55:00,1601.6,1602.1,1600.85,1601.85,2212
2024-05-27 10:56:00,1601.85,1602.7,1601.85,1602.7,99
2024-05-27 10:57:00,1602.65,1603.0,1602.1,1602.55,5765
2024-05-27 10:58:00,1602.55,1604.4,1602.5,1604.25,4817
2024-05-27 10:59:00,1604.25,1605.05,1603.8,1604.75,4106
2024-05-27 11:00:00,1604.95,1605.0,1604.7,1605.0,3059
2024-05-27 11:01:00,1605.0,1605.0,1604.05,1604.75,2959
2024-05-27 11:02:00,1604.45,1604.45,1602.75,1603.5,858
2024-05-27 11:03:00,1603.5,1603.5,1603.0,1603.35,286
2024-05-27 11:04:00,1603.35,1603.35,1602.85,1603.35,661
2024-05-27 11:05:00,1603.35,1603.35,1601.9,1602.85,1062
2024-05-27 11:06:00,1602.1,1602.85,1602.1,1602.8,162
2024-05-27 11:07:00,1602.5,1602.95,1602.5,1602.95,148
2024-05-27 11:08:00,1602.55,1602.55,1600.8,1601.9,5652
2024-05-27 11:09:00,1601.65,1602.5,1601.65,1601.9,542
2024-05-27 11:10:00,1601.9,1602.8,1601.85,1601.95,685
2024-05-27 11:11:00,1601.95,1602.75,1601.95,1602.75,65
2024-05-27 11:12:00,1602.8,1603.5,1602.55,1602.95,411
2024-05-27 11:13:00,1602.95,1602.95,1601.75,1602.0,1091
2024-05-27 11:14:00,1601.8,1603.35,1601.8,1602.95,6203
2024-05-27 11:15:00,1602.9,1603.2,1602.25,1603.0,526
2024-05-27 11:16:00,1603.0,1603.3,1602.7,1602.85,217
2024-05-27 11:17:00,1602.85,1603.35,1602.75,1603.35,498
2024-05-27 11:18:00,1603.4,1603.45,1602.15,1603.0,958
2024-05-27 11:19:00,1603.35,1603.6,1602.15,1602.4,2903
2024-05-27 11:20:00,1602.4,1603.45,1602.3,1603.15,481
2024-05-27 11:21:00,1603.15,1603.25,1602.25,1603.0,233
2024-05-27 11:22:00,1603.0,1603.55,1602.0,1602.65,1243
2024-05-27 11:23:00,1602.65,1603.15,1602.0,1602.8,2358
2024-05-27 11:24:00,1602.95,1603.15,1602.15,1603.0,743
2024-05-27 11:25:00,1603.0,1604.0,1602.3,1604.0,523
2024-05-27 11:26:00,1604.25,1604.5,1603.6,1603.6,244
2024-05-27 11:27:00,1604.3,1604.3,1603.6,1604.25,174
2024-05-27 11:28:00,1604.25,1604.45,1603.5,1603.5,763
2024-05-27 11:29:00,1603.5,1604.1,1602.55,1603.65,1457
2024-05-27 11:30:00,1603.85,1604.45,1603.4,1604.0,271
2024-05-27 11:31:00,1604.0,1604.45,1603.1,1603.6,2149
2024-05-27 11:32:00,1603.6,1604.2,1603.5,1604.15,363
2024-05-27 11:33:00,1604.15,1605.0,1604.05,1604.25,1613
2024-05-27 11:34:00,1604.25,1604.7,1603.85,1604.55,982
2024-05-27 11:35:00,1604.55,1604.65,1602.85,1602.85,1552
2024-05-27 11:36:00,1603.4,1603.8,1602.5,1603.8,1220
2024-05-27 11:37:00,1603.8,1603.8,1602.8,1603.6,272
2024-05-27 11:38:00,1603.6,1603.85,1603.1,1603.4,432
2024-05-27 11:39:00,1603.85,1605.0,1603.85,1604.9,454
2024-05-27 11:40:00,1604.9,1605.0,1603.3,1603.5,4724
2024-05-27 11:41:00,1603.5,1604.3,1603.1,1603.5,13867
2024-05-27 11:42:00,1603.5,1603.5,1602.45,1603.0,4906
2024-05-27 11:43:00,1603.0,1603.1,1602.2,1602.25,4613
2024-05-27 11:44:00,1602.25,1603.0,1602.05,1603.0,5421
2024-05-27 11:45:00,1603.0,1603.0,1601.55,1601.6,14833
2024-05-27 11:46:00,1602.25,1602.4,1601.65,1601.85,12839
2024-05-27 11:47:00,1601.85,1602.7,1601.55,1602.7,4080
2024-05-27 11:48:00,1602.7,1602.7,1601.95,1602.7,2387
2024-05-27 11:49:00,1602.7,1603.0,1602.05,1602.85,2260
2024-05-27 11:50:00,1602.25,1603.0,1602.05,1602.45,1036
2024-05-27 11:51:00,1602.45,1603.0,1602.4,1603.0,65
2024-05-27 11:52:00,1603.0,1603.0,1602.0,1602.05,1349
2024-05-27 11:53:00,1602.05,1604.95,1602.05,1604.5,11727
2024-05-27 11:54:00,1604.8,1605.0,1604.05,1605.0,5922
2024-05-27 11:55:00,1605.0,1605.05,1604.05,1604.35,5763
2024-05-27 11:56:00,1604.35,1605.4,1604.3,1605.0,12050
2024-05-27 11:57:00,1605.0,1605.0,1604.5,1604.85,45645
2024-05-27 11:58:00,1604.85,1605.0,1603.35,1603.35,11461
2024-05-27 11:59:00,1603.25,1604.0,1602.4,1603.0,6728
2024-05-27 12:00:00,1603.0,1604.0,1603.0,1604.0,5585
2024-05-27 12:01:00,1604.0,1604.0,1602.65,1603.15,3322
2024-05-27 12:02:00,1603.25,1603.25,1602.35,1603.0,5876
2024-05-27 12:03:00,1603.0,1604.95,1602.8,1604.45,10108
2024-05-27 12:04:00,1604.45,1604.7,1603.65,1603.85,784
2024-05-27 12:05:00,1604.5,1605.0,1603.85,1604.55,1262
2024-05-27 12:06:00,1604.7,1604.7,1603.4,1604.0,14103
2024-05-27 12:07:00,1604.0,1604.4,1603.75,1604.0,8683
2024-05-27 12:08:00,1604.0,1604.35,1603.7,1604.35,10392
2024-05-27 12:09:00,1604.35,1604.35,1604.0,1604.35,8318
2024-05-27 12:10:00,1604.35,1605.0,1604.2,1604.6,20534
2024-05-27 12:11:00,1604.95,1605.0,1604.45,1604.5,2930
2024-05-27 12:12:00,1604.9,1605.0,1604.0,1604.0,3110
2024-05-27 12:13:00,1604.0,1604.25,1602.45,1602.6,23510
2024-05-27 12:14:00,1603.0,1603.0,1602.55,1603.0,5890
2024-05-27 12:15:00,1603.0,1603.0,1601.7,1602.3,1604
2024-05-27 12:16:00,1602.3,1602.3,1601.5,1601.8,661
2024-05-27 12:17:00,1601.8,1603.0,1601.8,1603.0,8958
2024-05-27 12:18:00,1603.0,1603.0,1602.75,1603.0,1529
2024-05-27 12:19:00,1603.0,1605.0,1602.75,1604.7,4794
2024-05-27 12:20:00,1604.7,1605.0,1604.35,1605.0,20563
2024-05-27 12:21:00,1605.0,1605.0,1603.8,1604.45,2062
2024-05-27 12:22:00,1604.45,1604.55,1604.0,1604.15,1322
2024-05-27 12:23:00,1604.15,1605.0,1604.15,1605.0,3024
2024-05-27 12:24:00,1605.0,1605.0,1603.5,1603.85,14292
2024-05-27 12:25:00,1603.85,1605.0,1603.6,1604.35,12386
2024-05-27 12:26:00,1604.35,1604.75,1603.7,1604.5,5447
2024-05-27 12:27:00,1604.25,1604.25,1602.5,1602.9,6193
2024-05-27 12:28:00,1602.9,1603.15,1602.5,1603.0,2334
2024-05-27 12:29:00,1603.0,1604.45,1602.6,1603.55,6533
2024-05-27 12:30:00,1603.5,1603.5,1602.6,1603.5,6750
2024-05-27 12:31:00,1603.5,1604.6,1603.05,1604.55,1519
2024-05-27 12:32:00,1604.1,1605.0,1604.05,1604.1,12940
2024-05-27 12:33:00,1604.1,1609.25,1604.1,1609.25,6623
2024-05-27 12:34:00,1609.35,1611.0,1608.15,1608.15,17378
2024-05-27 12:35:00,1608.75,1608.75,1606.15,1607.8,9119
2024-05-27 12:36:00,1607.8,1608.05,1606.4,1606.85,9343
2024-05-27 12:37:00,1606.85,1607.5,1606.15,1606.9,5822
2024-05-27 12:38:00,1606.9,1606.9,1606.2,1606.7,1324
2024-05-27 12:39:00,1606.7,1606.9,1606.25,1606.75,1248
2024-05-27 12:40:00,1606.75,1608.05,1606.45,1607.55,12565
2024-05-27 12:41:00,1608.05,1609.0,1607.55,1609.0,1456
2024-05-27 12:42:00,1608.3,1609.25,1608.15,1609.25,1380
2024-05-27 12:43:00,1609.1,1609.25,1608.1,1608.15,1451
2024-05-27 12:44:00,1608.9,1609.1,1608.25,1609.1,1777
2024-05-27 12:45:00,1609.1,1609.1,1605.15,1606.1,26117
2024-05-27 12:46:00,1606.1,1607.8,1606.0,1607.8,13307
2024-05-27 12:47:00,1607.8,1608.45,1606.6,1607.6,10206
2024-05-27 12:48:00,1607.6,1608.35,1607.2,1607.9,1528
2024-05-27 12:49:00,1607.25,1608.35,1607.25,1607.9,938
2024-05-27 12:50:00,1607.9,1608.35,1607.9,1608.0,1518
2024-05-27 12:51:00,1608.35,1608.55,1607.85,1608.0,1714
2024-05-27 12:52:00,1607.85,1608.0,1606.65,1607.0,8305
2024-05-27 12:53:00,1607.0,1608.25,1606.75,1607.0,11433
2024-05-27 12:54:00,1607.0,1607.0,1606.0,1606.0,12290
2024-05-27 12:55:00,1606.0,1606.5,1605.6,1606.0,3484
2024-05-27 12:56:00,1605.95,1606.25,1605.7,1606.0,3521
2024-05-27 12:57:00,1606.0,1606.15,1605.65,1605.65,1913
2024-05-27 12:58:00,1605.6,1605.65,1603.0,1603.1,4533
2024-05-27 12:59:00,1603.7,1604.0,1603.15,1604.0,1506
2024-05-27 13:00:00,1604.0,1604.2,1602.95,1603.8,9689
2024-05-27 13:01:00,1603.8,1606.0,1603.5,1605.7,2212
2024-05-27 13:02:00,1605.7,1607.95,1605.7,1607.3,449
2024-05-27 13:03:00,1607.3,1607.7,1605.65,1606.35,1158
2024-05-27 13:04:00,1606.35,1606.35,1605.4,1605.4,646
2024-05-27 13:05:00,1605.4,1606.1,1605.1,1605.65,1037
2024-05-27 13:06:00,1605.65,1606.75,1605.05,1606.65,2298
2024-05-27 13:07:00,1606.65,1607.2,1606.2,1606.3,1422
2024-05-27 13:08:00,1606.3,1607.15,1605.8,1606.35,1594
2024-05-27 13:09:00,1606.45,1606.65,1606.1,1606.25,2401
2024-05-27 13:10:00,1606.25,1606.65,1604.8,1605.15,6780
2024-05-27 13:11:00,1605.15,1605.75,1604.55,1605.0,4776
2024-05-27 13:12:00,1605.0,1605.5,1604.0,1604.6,4756
2024-05-27 13:13:00,1604.6,1605.0,1604.15,1604.9,1144
2024-05-27 13:14:00,1604.9,1605.0,1604.2,1604.85,3553
2024-05-27 13:15:00,1604.85,1606.15,1604.4,1604.5,10006
2024-05-27 13:16:00,1605.0,1606.2,1604.55,1606.0,31163
2024-05-27 13:17:00,1606.0,1607.15,1605.65,1606.8,2726
2024-05-27 13:18:00,1606.85,1606.9,1605.05,1605.65,3556
2024-05-27 13:19:00,1605.65,1605.65,1604.5,1604.95,6088
2024-05-27 13:20:00,1604.95,1604.95,1604.35,1604.55,6529
2024-05-27 13:21:00,1604.15,1604.65,1603.65,1604.05,3087
2024-05-27 13:22:00,1604.05,1605.5,1603.55,1605.4,5740
2024-05-27 13:23:00,1605.4,1605.4,1604.55,1605.0,2502
2024-05-27 13:24:00,1605.0,1605.85,1603.65,1604.65,3222
2024-05-27 13:25:00,1604.65,1604.7,1603.5,1604.0,4332
2024-05-27 13:26:00,1604.0,1604.0,1603.5,1604.0,2252
2024-05-27 13:27:00,1604.0,1604.0,1603.5,1604.0,997
2024-05-27 13:28:00,1604.0,1604.7,1603.6,1604.0,4918
2024-05-27 13:29:00,1604.0,1604.65,1603.8,1604.25,2626
2024-05-27 13:30:00,1604.0,1604.25,1603.75,1603.95,2543
2024-05-27 13:31:00,1604.25,1604.25,1602.4,1602.7,6348
2024-05-27 13:32:00,1603.0,1604.45,1603.0,1604.45,13215
2024-05-27 13:33:00,1604.45,1604.45,1603.0,1603.95,13811
2024-05-27 13:34:00,1604.0,1607.2,1604.0,1606.05,3743
2024-05-27 13:35:00,1606.2,1607.9,1606.2,1607.6,2272
2024-05-27 13:36:00,1607.6,1607.6,1606.05,1606.65,976
2024-05-27 13:37:00,1606.65,1607.6,1606.15,1607.2,1015
2024-05-27 13:38:00,1607.55,1607.55,1606.0,1607.05,4977
2024-05-27 13:39:00,1607.5,1607.5,1606.85,1607.5,1674
2024-05-27 13:40:00,1607.5,1607.55,1606.3,1606.3,1687
2024-05-27 13:41:00,1606.85,1606.85,1606.1,1606.65,582
2024-05-27 13:42:00,1606.8,1606.85,1605.8,1605.8,1527
2024-05-27 13:43:00,1606.0,1606.4,1605.6,1606.2,2188
2024-05-27 13:44:00,1606.4,1607.5,1605.9,1607.2,1703
2024-05-27 13:45:00,1607.2,1608.0,1606.4,1607.5,4587
2024-05-27 13:46:00,1607.55,1607.7,1606.4,1606.55,1229
2024-05-27 13:47:00,1607.1,1607.1,1606.0,1606.6,1674
2024-05-27 13:48:00,1606.6,1606.6,1606.0,1606.0,606
2024-05-27 13:49:00,1606.0,1606.55,1606.0,1606.0,642
2024-05-27 13:50:00,1606.0,1606.05,1605.75,1606.0,347
2024-05-27 13:51:00,1606.0,1606.25,1604.85,1605.75,1675
2024-05-27 13:52:00,1605.75,1605.8,1605.0,1605.8,467
2024-05-27 13:53:00,1605.8,1605.9,1604.8,1605.1,1356
2024-05-27 13:54:00,1605.1,1605.8,1604.8,1605.2,2024
2024-05-27 13:55:00,1605.2,1605.5,1604.85,1604.95,516
2024-05-27 13:56:00,1604.95,1605.5,1604.0,1605.2,1771
2024-05-27 13:57:00,1605.4,1605.85,1604.85,1604.9,673
2024-05-27 13:58:00,1604.9,1607.15,1604.9,1607.05,1763
2024-05-27 13:59:00,1607.05,1607.4,1606.25,1606.55,1230
2024-05-27 14:00:00,1606.55,1607.95,1606.55,1607.65,1744
2024-05-27 14:01:00,1607.75,1608.0,1607.05,1607.25,1551
2024-05-27 14:02:00,1607.25,1607.9,1607.15,1607.3,1246
2024-05-27 14:03:00,1607.3,1607.85,1606.8,1606.8,1753
2024-05-27 14:04:00,1607.0,1607.65,1606.5,1606.5,2736
2024-05-27 14:05:00,1606.5,1607.3,1606.4,1606.9,2774
2024-05-27 14:06:00,1607.2,1607.2,1604.85,1604.9,11814
2024-05-27 14:07:00,1604.9,1606.8,1604.85,1606.8,8310
2024-05-27 14:08:00,1606.9,1607.2,1606.5,1606.75,1848
2024-05-27 14:09:00,1607.1,1607.15,1605.9,1606.6,3260
2024-05-27 14:10:00,1606.7,1606.7,1604.9,1605.25,2287
2024-05-27 14:11:00,1605.25,1605.9,1605.15,1605.65,1848
2024-05-27 14:12:00,1605.7,1605.85,1604.9,1604.9,1197
2024-05-27 14:13:00,1605.6,1605.6,1604.85,1605.05,1411
2024-05-27 14:14:00,1605.5,1605.6,1605.05,1605.15,1467
2024-05-27 14:15:00,1605.3,1605.6,1605.05,1605.55,1523
2024-05-27 14:16:00,1605.55,1605.6,1604.6,1605.05,2246
2024-05-27 14:17:00,1605.05,1605.3,1604.65,1605.3,2321
2024-05-27 14:18:00,1604.75,1605.4,1604.45,1604.7,1428
2024-05-27 14:19:00,1605.3,1605.4,1604.8,1604.85,1683
2024-05-27 14:20:00,1604.85,1605.45,1604.85,1605.4,1679
2024-05-27 14:21:00,1605.4,1606.3,1605.35,1605.95,1495
2024-05-27 14:22:00,1605.95,1605.95,1605.15,1605.55,1753
2024-05-27 14:23:00,1605.55,1605.85,1605.05,1605.15,1956
2024-05-27 14:24:00,1605.55,1605.9,1605.0,1605.45,1721
2024-05-27 14:25:00,1605.45,1605.75,1604.85,1605.45,2417
2024-05-27 14:26:00,1605.45,1605.9,1604.9,1605.35,1626
2024-05-27 14:27:00,1605.35,1605.7,1604.85,1605.55,2305
2024-05-27 14:28:00,1605.55,1605.55,1604.35,1604.7,1572
2024-05-27 14:29:00,1604.7,1605.25,1604.0,1604.75,1740
2024-05-27 14:30:00,1604.75,1605.05,1604.0,1604.7,1532
2024-05-27 14:31:00,1604.7,1604.8,1603.95,1604.75,2096
2024-05-27 14:32:00,1604.75,1604.85,1604.3,1604.8,2004
2024-05-27 14:33:00,1604.75,1604.8,1603.85,1603.9,2489
2024-05-27 14:34:00,1603.9,1604.05,1603.4,1604.05,7550
2024-05-27 14:35:00,1604.05,1604.05,1603.0,1603.3,3862
2024-05-27 14:36:00,1603.45,1603.6,1603.05,1603.4,1392
2024-05-27 14:37:00,1603.6,1603.65,1602.75,1603.55,859
2024-05-27 14:38:00,1603.55,1605.0,1603.35,1604.95,2339
2024-05-27 14:39:00,1605.0,1605.1,1604.3,1604.85,354
2024-05-27 14:40:00,1604.85,1605.0,1604.25,1604.65,2020
2024-05-27 14:41:00,1604.95,1604.95,1603.45,1603.45,2841
2024-05-27 14:42:00,1603.65,1604.4,1602.8,1603.8,2826
2024-05-27 14:43:00,1603.8,1603.8,1602.65,1603.0,2152
2024-05-27 14:44:00,1603.0,1603.45,1601.65,1602.05,3345
2024-05-27 14:45:00,1602.0,1603.15,1601.85,1602.25,2326
2024-05-27 14:46:00,1602.9,1602.95,1601.85,1602.9,2571
2024-05-27 14:47:00,1602.2,1602.65,1600.0,1600.05,5771
2024-05-27 14:48:00,1600.1,1600.75,1600.0,1600.15,3430
2024-05-27 14:49:00,1600.15,1600.65,1597.8,1598.45,8268
2024-05-27 14:50:00,1597.6,1599.4,1596.8,1598.8,9281
2024-05-27 14:51:00,1598.75,1599.6,1597.5,1599.4,3793
2024-05-27 14:52:00,1599.45,1599.7,1598.0,1598.75,4000
2024-05-27 14:53:00,1598.05,1598.9,1595.45,1595.7,8731
2024-05-27 14:54:00,1596.0,1596.95,1593.25,1596.95,7065
2024-05-27 14:55:00,1596.95,1598.4,1596.95,1597.6,823
2024-05-27 14:56:00,1597.6,1598.35,1597.15,1597.7,906
2024-05-27 14:57:00,1598.0,1598.5,1595.45,1596.35,2549
2024-05-27 14:58:00,1596.6,1597.05,1595.6,1596.6,1317
2024-05-27 14:59:00,1596.6,1596.75,1594.9,1594.9,2292
2024-05-27 15:00:00,1594.0,1594.7,1590.3,1590.9,6528
2024-05-27 15:01:00,1591.25,1593.35,1591.25,1593.15,2536
2024-05-27 15:02:00,1593.15,1597.9,1593.15,1596.3,4624
2024-05-27 15:03:00,1596.3,1599.4,1596.0,1596.75,6805
2024-05-27 15:04:00,1596.75,1597.5,1596.05,1596.6,340
2024-05-27 15:05:00,1596.6,1597.8,1594.8,1595.95,12745
2024-05-27 15:06:00,1596.6,1597.5,1595.65,1596.25,1383
2024-05-27 15:07:00,1596.25,1596.8,1595.45,1596.05,2919
2024-05-27 15:08:00,1596.1,1596.1,1593.7,1594.9,1478
2024-05-27 15:09:00,1594.9,1596.5,1594.85,1596.5,1874
2024-05-27 15:10:00,1596.5,1596.7,1594.15,1594.8,2321
2024-05-27 15:11:00,1594.8,1595.55,1594.8,1594.85,3946
2024-05-27 15:12:00,1594.85,1595.3,1593.95,1595.0,3982
2024-05-27 15:13:00,1595.0,1595.6,1594.55,1594.55,3301
2024-05-27 15:14:00,1594.55,1595.6,1594.05,1595.25,2443
2024-05-27 15:15:00,1595.25,1595.45,1594.4,1595.0,1464
2024-05-27 15:16:00,1595.1,1595.75,1594.55,1595.0,3866
2024-05-27 15:17:00,1595.0,1595.45,1594.6,1595.45,1133
2024-05-27 15:18:00,1595.45,1595.45,1594.0,1594.8,2923
2024-05-27 15:19:00,1594.8,1595.55,1594.3,1594.95,2901
2024-05-27 15:20:00,1595.45,1597.7,1594.6,1597.0,7691
2024-05-27 15:21:00,1596.95,1597.45,1596.95,1597.3,4200
2024-05-27 15:22:00,1597.3,1597.3,1596.2,1596.5,15132
2024-05-27 15:23:00,1596.5,1596.5,1596.2,1596.3,4816
2024-05-27 15:24:00,1596.4,1596.45,1596.05,1596.1,3216
2024-05-27 15:25:00,1596.05,1596.65,1596.05,1596.4,2343
2024-05-27 15:26:00,1596.35,1596.75,1596.35,1596.65,1919
2024-05-27 15:27:00,1596.65,1596.65,1596.05,1596.35,3356
2024-05-27 15:28:00,1596.45,1596.7,1596.05,1596.2,4672
2024-05-27 15:29:00,1596.15,1597.85,1596.15,1597.55,4900
2024-05-28 09:15:00,1602.95,1602.95,1593.0,1599.35,5536
2024-05-28 09:16:00,1598.5,1600.0,1598.0,1599.35,2305
2024-05-28 09:17:00,1599.1,1599.1,1596.3,1596.4,3183
2024-05-28 09:18:00,1595.25,1596.15,1594.75,1595.4,5800
2024-05-28 09:19:00,1595.4,1596.75,1593.1,1595.45,5334
2024-05-28 09:20:00,1596.2,1599.45,1595.15,1598.0,4662
2024-05-28 09:21:00,1598.4,1599.8,1597.3,1597.85,3324
2024-05-28 09:22:00,1597.35,1599.0,1597.35,1598.45,2015
2024-05-28 09:23:00,1598.5,1599.8,1598.15,1598.6,971
2024-05-28 09:24:00,1598.6,1600.45,1598.35,1599.6,2013
2024-05-28 09:25:00,1599.75,1600.2,1597.05,1597.35,3540
2024-05-28 09:26:00,1597.35,1597.9,1596.75,1597.0,1304
2024-05-28 09:27:00,1597.45,1597.5,1596.0,1597.1,1876
2024-05-28 09:28:00,1597.1,1597.1,1596.6,1596.85,495
2024-05-28 09:29:00,1596.6,1598.85,1596.35,1598.7,2385
2024-05-28 09:30:00,1598.7,1598.95,1598.0,1598.05,672
2024-05-28 09:31:00,1598.0,1598.45,1597.25,1598.0,1591
2024-05-28 09:32:00,1599.25,1599.7,1595.1,1595.1,4982
2024-05-28 09:33:00,1595.25,1597.8,1595.05,1596.2,1213
2024-05-28 09:34:00,1596.2,1597.2,1595.9,1595.9,854
2024-05-28 09:35:00,1595.95,1596.85,1595.3,1596.4,1819
2024-05-28 09:36:00,1596.4,1598.5,1596.25,1598.2,2129
2024-05-28 09:37:00,1598.2,1598.95,1596.75,1597.65,1125
2024-05-28 09:38:00,1597.65,1599.0,1597.2,1599.0,735
2024-05-28 09:39:00,1598.55,1600.45,1598.55,1599.5,3113
2024-05-28 09:40:00,1598.9,1600.0,1598.7,1599.1,956
2024-05-28 09:41:00,1599.1,1599.8,1599.0,1599.2,740
2024-05-28 09:42:00,1599.0,1599.5,1597.75,1598.5,1023
2024-05-28 09:43:00,1598.5,1598.8,1597.6,1597.95,1003
2024-05-28 09:44:00,1597.95,1597.95,1596.45,1596.45,1653
2024-05-28 09:45:00,1596.45,1596.95,1596.25,1596.8,1226
2024-05-28 09:46:00,1596.8,1597.95,1596.25,1597.8,1628
2024-05-28 09:47:00,1597.8,1598.5,1596.95,1598.15,1126
2024-05-28 09:48:00,1598.15,1599.0,1597.5,1598.95,1540
2024-05-28 09:49:00,1598.95,1598.95,1597.4,1598.2,360
2024-05-28 09:50:00,1598.2,1598.25,1596.1,1596.6,1285
2024-05-28 09:51:00,1596.6,1598.0,1596.55,1597.4,393
2024-05-28 09:52:00,1597.2,1598.25,1597.05,1597.05,640
2024-05-28 09:53:00,1597.05,1597.3,1596.85,1596.9,414
2024-05-28 09:54:00,1596.85,1597.0,1596.5,1596.5,1771
2024-05-28 09:55:00,1596.5,1597.2,1596.35,1596.85,736
2024-05-28 09:56:00,1596.85,1597.05,1596.4,1596.95,419
2024-05-28 09:57:00,1596.95,1597.25,1596.35,1597.2,902
2024-05-28 09:58:00,1597.2,1597.8,1596.95,1597.35,365
2024-05-28 09:59:00,1597.35,1598.5,1596.95,1598.05,1305
2024-05-28 10:00:00,1597.8,1600.95,1597.45,1597.95,3345
2024-05-28 10:01:00,1597.95,1599.5,1597.8,1599.3,585
2024-05-28 10:02:00,1599.15,1599.9,1598.25,1599.75,795
2024-05-28 10:03:00,1599.75,1599.9,1598.7,1599.65,1003
2024-05-28 10:04:00,1599.65,1599.85,1598.7,1599.85,1403
2024-05-28 10:05:00,1599.85,1600.0,1598.85,1599.95,785
2024-05-28 10:06:00,1599.95,1601.0,1599.85,1601.0,2079
2024-05-28 10:07:00,1600.45,1601.6,1600.45,1601.35,1620
2024-05-28 10:08:00,1600.8,1601.4,1600.45,1601.0,645
2024-05-28 10:09:00,1600.85,1601.4,1600.2,1600.25,947
2024-05-28 10:10:00,1600.0,1600.7,1599.0,1600.35,1475
2024-05-28 10:11:00,1600.35,1600.35,1599.1,1599.1,1140
2024-05-28 10:12:00,1599.85,1601.95,1599.3,1601.95,6321
2024-05-28 10:13:00,1601.95,1601.95,1600.6,1601.65,751
2024-05-28 10:14:00,1601.85,1602.0,1601.05,1602.0,832
2024-05-28 10:15:00,1602.0,1604.0,1601.6,1604.0,1487
2024-05-28 10:16:00,1604.0,1604.45,1603.3,1603.8,1376
2024-05-28 10:17:00,1603.8,1604.8,1603.8,1604.8,1123
2024-05-28 10:18:00,1604.8,1604.8,1603.25,1603.6,1075
2024-05-28 10:19:00,1603.6,1603.85,1602.3,1602.8,742
2024-05-28 10:20:00,1603.25,1605.0,1603.25,1604.5,2942
2024-05-28 10:21:00,1604.5,1604.85,1603.6,1603.6,901
2024-05-28 10:22:00,1603.85,1604.05,1603.0,1603.0,710
2024-05-28 10:23:00,1603.55,1603.55,1602.55,1603.45,676
2024-05-28 10:24:00,1603.45,1603.45,1603.0,1603.0,293
2024-05-28 10:25:00,1603.0,1604.5,1602.7,1603.6,1129
2024-05-28 10:26:00,1603.6,1604.25,1602.65,1604.05,751
2024-05-28 10:27:00,1603.45,1604.3,1603.0,1603.0,580
2024-05-28 10:28:00,1603.0,1603.65,1602.5,1603.35,476
2024-05-28 10:29:00,1603.35,1603.35,1602.0,1602.0,827
2024-05-28 10:30:00,1602.35,1602.4,1601.35,1602.0,572
2024-05-28 10:31:00,1602.0,1602.45,1601.4,1602.45,553
2024-05-28 10:32:00,1602.45,1602.45,1601.55,1601.65,301
2024-05-28 10:33:00,1601.65,1601.8,1601.5,1601.5,441
2024-05-28 10:34:00,1601.35,1601.95,1600.25,1601.15,1054
2024-05-28 10:35:00,1600.8,1602.4,1600.8,1601.7,815
2024-05-28 10:36:00,1602.2,1602.65,1601.6,1602.15,364
2024-05-28 10:37:00,1602.15,1602.15,1601.1,1601.1,42
2024-05-28 10:38:00,1601.1,1601.1,1600.25,1601.05,365
2024-05-28 10:39:00,1601.4,1601.55,1600.9,1601.25,226
2024-05-28 10:40:00,1601.25,1602.35,1601.0,1601.9,2394
2024-05-28 10:41:00,1601.8,1603.0,1601.8,1602.35,836
2024-05-28 10:42:00,1602.35,1603.9,1602.3,1603.25,1153
2024-05-28 10:43:00,1603.15,1603.9,1603.05,1603.3,683
2024-05-28 10:44:00,1603.3,1603.9,1603.3,1603.85,827
2024-05-28 10:45:00,1603.85,1603.95,1602.7,1603.7,836
2024-05-28 10:46:00,1603.7,1603.9,1602.1,1602.1,709
2024-05-28 10:47:00,1602.1,1603.0,1602.1,1602.8,979
2024-05-28 10:48:00,1602.5,1603.4,1602.15,1602.75,1363
2024-05-28 10:49:00,1602.75,1603.6,1602.55,1603.6,767
2024-05-28 10:50:00,1603.7,1603.7,1602.3,1603.3,1355
2024-05-28 10:51:00,1603.3,1604.0,1602.8,1603.05,4486
2024-05-28 10:52:00,1603.05,1603.95,1603.05,1603.75,740
2024-05-28 10:53:00,1603.75,1603.95,1602.95,1603.35,1500
2024-05-28 10:54:00,1603.35,1603.35,1602.55,1603.2,173
2024-05-28 10:55:00,1603.2,1604.65,1603.2,1604.65,843
2024-05-28 10:56:00,1604.65,1604.95,1603.2,1604.45,756
2024-05-28 10:57:00,1604.45,1604.75,1604.05,1604.5,188
2024-05-28 10:58:00,1604.0,1604.8,1603.0,1603.0,315
2024-05-28 10:59:00,1603.45,1603.95,1602.3,1603.2,1085
2024-05-28 11:00:00,1603.2,1603.2,1602.3,1602.3,178
2024-05-28 11:01:00,1602.3,1602.7,1602.3,1602.65,187
2024-05-28 11:02:00,1602.65,1603.0,1602.2,1602.2,981
2024-05-28 11:03:00,1602.2,1603.4,1601.55,1603.1,1240
2024-05-28 11:04:00,1603.1,1603.1,1601.2,1601.75,1433
2024-05-28 11:05:00,1601.75,1602.95,1601.65,1602.8,983
2024-05-28 11:06:00,1602.8,1603.15,1602.15,1602.4,627
2024-05-28 11:07:00,1602.4,1603.1,1602.35,1602.35,234
2024-05-28 11:08:00,1602.35,1602.75,1601.65,1601.65,273
2024-05-28 11:09:00,1601.4,1602.3,1600.35,1602.05,2660
2024-05-28 11:10:00,1602.05,1602.05,1600.9,1602.0,3304
2024-05-28 11:11:00,1602.0,1602.45,1600.7,1600.7,10708
2024-05-28 11:12:00,1600.7,1600.75,1596.05,1596.5,21714
2024-05-28 11:13:00,1596.5,1597.4,1595.6,1596.35,2816
2024-05-28 11:14:00,1597.05,1598.05,1596.45,1596.6,1004
2024-05-28 11:15:00,1597.25,1598.25,1596.75,1596.75,2846
2024-05-28 11:16:00,1596.75,1597.9,1596.6,1597.35,1920
2024-05-28 11:17:00,1596.55,1597.55,1596.55,1596.6,573
2024-05-28 11:18:00,1596.6,1597.35,1596.55,1596.95,3013
2024-05-28 11:19:00,1596.95,1597.75,1596.35,1597.7,1440
2024-05-28 11:20:00,1597.7,1597.95,1596.95,1597.9,3499
2024-05-28 11:21:00,1597.9,1598.95,1596.95,1597.4,1238
2024-05-28 11:22:00,1597.4,1597.85,1597.0,1597.7,388
2024-05-28 11:23:00,1597.7,1597.9,1597.0,1597.8,600
2024-05-28 11:24:00,1597.8,1598.05,1597.25,1597.3,831
2024-05-28 11:25:00,1597.3,1598.0,1596.85,1597.0,1035
2024-05-28 11:26:00,1597.0,1597.85,1596.0,1596.0,15414
2024-05-28 11:27:00,1596.0,1596.2,1595.5,1595.5,7725
2024-05-28 11:28:00,1595.5,1596.4,1595.0,1595.9,21367
2024-05-28 11:29:00,1595.9,1596.25,1594.55,1595.55,2505
2024-05-28 11:30:00,1595.55,1596.45,1595.5,1596.0,723
2024-05-28 11:31:00,1596.6,1596.85,1595.2,1596.85,1380
2024-05-28 11:32:00,1596.65,1596.9,1596.0,1596.4,582
2024-05-28 11:33:00,1596.45,1597.0,1595.8,1596.2,1042
2024-05-28 11:34:00,1596.2,1596.2,1595.4,1596.0,1580
2024-05-28 11:35:00,1596.0,1596.0,1595.1,1595.8,1297
2024-05-28 11:36:00,1595.55,1595.8,1595.2,1595.2,8813
2024-05-28 11:37:00,1595.2,1595.7,1594.7,1595.2,2487
2024-05-28 11:38:00,1595.2,1595.2,1594.8,1595.0,620
2024-05-28 11:39:00,1595.0,1595.4,1594.8,1595.0,8066
2024-05-28 11:40:00,1595.0,1595.15,1594.8,1595.0,2824
2024-05-28 11:41:00,1595.0,1595.25,1594.8,1595.0,5766
2024-05-28 11:42:00,1595.0,1595.05,1594.6,1594.6,1449
2024-05-28 11:43:00,1595.0,1595.0,1593.65,1594.9,1326
2024-05-28 11:44:00,1594.9,1595.0,1594.5,1595.0,1480
2024-05-28 11:45:00,1595.0,1596.0,1595.0,1595.2,6742
2024-05-28 11:46:00,1595.85,1596.45,1595.4,1596.45,492
2024-05-28 11:47:00,1596.45,1596.65,1596.0,1596.3,659
2024-05-28 11:48:00,1595.85,1596.3,1595.6,1596.25,319
2024-05-28 11:49:00,1596.25,1596.95,1595.85,1596.5,716
2024-05-28 11:50:00,1596.05,1596.05,1594.95,1594.95,2817
2024-05-28 11:51:00,1594.95,1596.0,1594.65,1595.0,586
2024-05-28 11:52:00,1595.0,1595.0,1594.55,1595.0,761
2024-05-28 11:53:00,1595.0,1596.0,1594.6,1596.0,1571
2024-05-28 11:54:00,1596.0,1596.0,1594.6,1594.6,6586
2024-05-28 11:55:00,1594.6,1595.3,1594.6,1595.3,468
2024-05-28 11:56:00,1595.3,1595.3,1594.85,1595.0,689
2024-05-28 11:57:00,1595.0,1595.0,1595.0,1595.0,833
2024-05-28 11:58:00,1595.0,1595.0,1594.5,1595.0,2906
2024-05-28 11:59:00,1595.0,1595.0,1594.65,1595.0,969
2024-05-28 12:00:00,1595.0,1597.2,1595.0,1596.75,15741
2024-05-28 12:01:00,1596.65,1598.25,1596.25,1597.75,12931
2024-05-28 12:02:00,1597.75,1597.8,1597.1,1597.65,416
2024-05-28 12:03:00,1597.65,1598.1,1597.35,1597.7,1493
2024-05-28 12:04:00,1597.7,1597.75,1596.3,1596.65,4819
2024-05-28 12:05:00,1597.0,1597.0,1595.9,1595.9,7392
2024-05-28 12:06:00,1595.9,1597.0,1595.75,1596.0,7309
2024-05-28 12:07:00,1596.0,1597.6,1595.4,1596.35,5833
2024-05-28 12:08:00,1596.4,1596.7,1595.6,1595.9,6144
2024-05-28 12:09:00,1596.0,1596.0,1595.6,1596.0,3232
2024-05-28 12:10:00,1596.0,1596.7,1595.8,1595.85,5175
2024-05-28 12:11:00,1595.8,1596.0,1595.8,1595.95,1672
2024-05-28 12:12:00,1595.95,1596.0,1595.8,1596.0,1380
2024-05-28 12:13:00,1595.8,1596.0,1595.8,1595.9,1383
2024-05-28 12:14:00,1595.9,1597.15,1595.25,1596.0,10038
2024-05-28 12:15:00,1595.9,1596.0,1595.3,1596.0,2069
2024-05-28 12:16:00,1596.0,1596.5,1594.85,1594.95,10991
2024-05-28 12:17:00,1594.95,1595.45,1594.0,1594.45,2095
2024-05-28 12:18:00,1594.45,1594.45,1591.8,1592.7,5385
2024-05-28 12:19:00,1592.7,1594.45,1592.2,1594.45,2060
2024-05-28 12:20:00,1594.45,1594.45,1593.5,1594.4,2455
2024-05-28 12:21:00,1594.35,1595.45,1594.1,1595.25,2416
2024-05-28 12:22:00,1595.15,1595.45,1594.5,1595.0,1303
2024-05-28 12:23:00,1595.0,1595.8,1594.9,1595.8,2169
2024-05-28 12:24:00,1595.7,1595.8,1594.55,1595.0,1758
2024-05-28 12:25:00,1595.0,1595.2,1594.35,1595.2,2560
2024-05-28 12:26:00,1595.2,1595.5,1594.8,1595.45,894
2024-05-28 12:27:00,1595.45,1595.5,1594.8,1595.0,2285
2024-05-28 12:28:00,1595.0,1595.0,1594.7,1595.0,1004
2024-05-28 12:29:00,1594.9,1595.0,1594.3,1595.0,1348
2024-05-28 12:30:00,1595.0,1595.0,1594.8,1595.0,1064
2024-05-28 12:31:00,1595.0,1595.0,1593.55,1594.5,1376
2024-05-28 12:32:00,1594.5,1594.5,1593.55,1593.9,540
2024-05-28 12:33:00,1593.9,1593.95,1593.75,1593.95,836
2024-05-28 12:34:00,1594.0,1594.0,1592.85,1593.6,1494
2024-05-28 12:35:00,1593.7,1593.95,1592.15,1592.85,1499
2024-05-28 12:36:00,1592.85,1592.85,1592.0,1592.05,1166
2024-05-28 12:37:00,1592.15,1592.65,1592.15,1592.55,2625
2024-05-28 12:38:00,1592.55,1592.65,1591.1,1591.6,7121
2024-05-28 12:39:00,1591.6,1591.9,1590.0,1591.0,3167
2024-05-28 12:40:00,1591.0,1591.15,1590.65,1590.95,1302
2024-05-28 12:41:00,1590.9,1591.95,1590.8,1591.5,1953
2024-05-28 12:42:00,1591.65,1591.65,1591.0,1591.35,914
2024-05-28 12:43:00,1591.25,1592.8,1591.25,1592.7,3080
2024-05-28 12:44:00,1592.7,1592.85,1591.85,1592.0,943
2024-05-28 12:45:00,1592.0,1593.95,1592.0,1593.35,1968
2024-05-28 12:46:00,1593.35,1593.85,1592.7,1593.3,1059
2024-05-28 12:47:00,1592.7,1593.75,1592.7,1593.0,1295
2024-05-28 12:48:00,1593.2,1593.9,1592.0,1592.45,2233
2024-05-28 12:49:00,1592.45,1593.35,1592.25,1593.05,1005
2024-05-28 12:50:00,1593.05,1593.65,1593.0,1593.25,842
2024-05-28 12:51:00,1593.25,1595.0,1592.8,1593.65,3253
2024-05-28 12:52:00,1593.85,1595.5,1593.7,1594.7,13300
2024-05-28 12:53:00,1594.7,1595.0,1594.0,1594.8,1659
2024-05-28 12:54:00,1594.8,1595.7,1594.25,1595.45,2611
2024-05-28 12:55:00,1595.45,1595.45,1594.85,1594.85,302
2024-05-28 12:56:00,1595.0,1595.2,1594.05,1594.2,771
2024-05-28 12:57:00,1594.2,1595.05,1593.2,1594.6,2909
2024-05-28 12:58:00,1594.6,1595.4,1594.4,1594.85,962
2024-05-28 12:59:00,1594.85,1594.9,1594.1,1594.1,678
2024-05-28 13:00:00,1594.35,1594.8,1594.05,1594.75,227
2024-05-28 13:01:00,1594.75,1594.9,1594.4,1594.75,79
2024-05-28 13:02:00,1594.75,1595.0,1594.55,1594.6,134
2024-05-28 13:03:00,1594.6,1595.4,1594.3,1594.6,735
2024-05-28 13:04:00,1594.6,1594.7,1594.55,1594.7,212
2024-05-28 13:05:00,1594.6,1595.65,1594.55,1595.15,3026
2024-05-28 13:06:00,1595.55,1595.7,1595.1,1595.7,1490
2024-05-28 13:07:00,1595.7,1595.8,1595.1,1595.25,1685
2024-05-28 13:08:00,1595.15,1595.55,1593.65,1593.65,2007
2024-05-28 13:09:00,1593.7,1594.45,1593.65,1593.65,253
2024-05-28 13:10:00,1593.85,1593.85,1593.05,1593.05,696
2024-05-28 13:11:00,1593.1,1593.85,1593.05,1593.15,267
2024-05-28 13:12:00,1593.15,1593.3,1592.6,1592.6,773
2024-05-28 13:13:00,1592.6,1593.2,1592.6,1592.95,134
2024-05-28 13:14:00,1592.95,1593.7,1592.8,1593.45,673
2024-05-28 13:15:00,1593.35,1594.4,1593.0,1594.3,424
2024-05-28 13:16:00,1594.05,1594.85,1593.95,1594.5,679
2024-05-28 13:17:00,1594.5,1595.8,1594.4,1594.95,1250
2024-05-28 13:18:00,1594.95,1595.75,1594.5,1594.5,769
2024-05-28 13:19:00,1594.5,1595.45,1594.45,1595.2,220
2024-05-28 13:20:00,1595.05,1595.45,1594.4,1594.6,701
2024-05-28 13:21:00,1594.6,1595.35,1594.5,1594.8,250
2024-05-28 13:22:00,1594.75,1594.95,1594.05,1594.1,460
2024-05-28 13:23:00,1594.15,1594.95,1594.1,1594.35,202
2024-05-28 13:24:00,1594.35,1595.0,1594.05,1594.05,787
2024-05-28 13:25:00,1594.05,1594.85,1593.6,1593.75,406
2024-05-28 13:26:00,1593.75,1594.9,1593.65,1594.5,1055
2024-05-28 13:27:00,1594.5,1594.85,1593.9,1594.05,1744
2024-05-28 13:28:00,1594.05,1594.45,1593.2,1593.25,1726
2024-05-28 13:29:00,1593.25,1594.3,1593.2,1593.7,905
2024-05-28 13:30:00,1593.6,1593.65,1592.05,1592.85,3677
2024-05-28 13:31:00,1592.75,1592.95,1592.35,1592.9,128
2024-05-28 13:32:00,1592.9,1592.95,1591.8,1591.8,670
2024-05-28 13:33:00,1591.85,1593.0,1591.75,1592.7,406
2024-05-28 13:34:00,1592.6,1593.35,1592.0,1592.35,1227
2024-05-28 13:35:00,1592.7,1592.75,1591.7,1591.9,9747
2024-05-28 13:36:00,1591.8,1592.75,1591.05,1592.0,14997
2024-05-28 13:37:00,1591.9,1592.0,1590.8,1591.4,6042
2024-05-28 13:38:00,1591.4,1591.5,1590.5,1591.35,7447
2024-05-28 13:39:00,1591.35,1591.95,1590.2,1590.6,9081
2024-05-28 13:40:00,1590.6,1591.1,1590.5,1590.85,3352
2024-05-28 13:41:00,1590.9,1591.1,1590.25,1591.1,1788
2024-05-28 13:42:00,1591.2,1592.85,1590.6,1592.0,4411
2024-05-28 13:43:00,1592.55,1593.75,1592.55,1593.5,1819
2024-05-28 13:44:00,1593.6,1593.6,1592.4,1592.4,2757
2024-05-28 13:45:00,1592.4,1593.5,1592.4,1593.4,375
2024-05-28 13:46:00,1593.4,1593.5,1592.5,1592.9,242
2024-05-28 13:47:00,1592.9,1593.45,1592.3,1593.25,602
2024-05-28 13:48:00,1593.25,1593.25,1591.65,1591.7,6559
2024-05-28 13:49:00,1592.0,1592.0,1591.05,1591.65,4945
2024-05-28 13:50:00,1591.65,1591.85,1591.15,1591.55,2489
2024-05-28 13:51:00,1591.75,1592.55,1591.4,1591.95,5068
2024-05-28 13:52:00,1591.95,1592.35,1591.25,1591.4,580
2024-05-28 13:53:00,1591.5,1592.0,1591.45,1591.85,221
2024-05-28 13:54:00,1591.85,1592.0,1591.5,1591.9,664
2024-05-28 13:55:00,1592.0,1592.0,1590.85,1591.4,4746
2024-05-28 13:56:00,1591.4,1592.0,1591.4,1591.5,1049
2024-05-28 13:57:00,1591.5,1592.0,1591.4,1591.65,171
2024-05-28 13:58:00,1591.65,1591.95,1591.5,1591.7,408
2024-05-28 13:59:00,1591.8,1592.0,1591.4,1591.65,296
2024-05-28 14:00:00,1591.6,1592.0,1591.0,1591.25,920
2024-05-28 14:01:00,1591.45,1591.45,1589.45,1590.4,17794
2024-05-28 14:02:00,1590.25,1592.0,1589.8,1591.7,5776
2024-05-28 14:03:00,1591.8,1592.0,1590.9,1592.0,7757
2024-05-28 14:04:00,1591.9,1592.0,1591.0,1591.15,9144
2024-05-28 14:05:00,1591.1,1592.0,1591.0,1591.05,1134
2024-05-28 14:06:00,1591.05,1592.0,1591.0,1591.8,4097
2024-05-28 14:07:00,1591.8,1592.2,1591.2,1591.9,2639
2024-05-28 14:08:00,1591.95,1592.0,1591.6,1591.95,1722
2024-05-28 14:09:00,1592.0,1593.0,1591.6,1592.75,8363
2024-05-28 14:10:00,1592.7,1593.0,1591.75,1592.0,9936
2024-05-28 14:11:00,1592.0,1592.9,1591.85,1592.2,6301
2024-05-28 14:12:00,1592.3,1593.0,1591.9,1592.15,1337
2024-05-28 14:13:00,1592.1,1593.0,1592.1,1592.45,509
2024-05-28 14:14:00,1592.5,1592.95,1592.4,1592.75,292
2024-05-28 14:15:00,1592.65,1593.25,1592.25,1593.0,1689
2024-05-28 14:16:00,1592.9,1595.1,1592.6,1594.95,4078
2024-05-28 14:17:00,1594.85,1595.3,1594.0,1595.15,1682
2024-05-28 14:18:00,1595.0,1595.45,1593.0,1594.2,15250
2024-05-28 14:19:00,1594.2,1594.25,1592.3,1593.45,3722
2024-05-28 14:20:00,1593.35,1594.85,1593.25,1594.7,1642
2024-05-28 14:21:00,1594.75,1594.95,1594.0,1594.9,2654
2024-05-28 14:22:00,1594.7,1595.0,1594.25,1594.95,920
2024-05-28 14:23:00,1594.8,1595.0,1593.75,1594.0,1143
2024-05-28 14:24:00,1594.0,1594.8,1593.75,1594.65,1182
2024-05-28 14:25:00,1594.6,1595.0,1594.6,1594.8,729
2024-05-28 14:26:00,1594.85,1595.0,1594.0,1594.2,634
2024-05-28 14:27:00,1594.35,1595.0,1594.2,1594.8,261
2024-05-28 14:28:00,1594.35,1594.65,1593.75,1594.15,302
2024-05-28 14:29:00,1594.25,1594.6,1593.45,1593.9,5687
2024-05-28 14:30:00,1593.7,1594.0,1592.8,1593.95,1379
2024-05-28 14:31:00,1593.95,1594.4,1593.35,1594.35,872
2024-05-28 14:32:00,1594.25,1594.5,1593.85,1594.15,1146
2024-05-28 14:33:00,1594.2,1594.2,1593.0,1593.95,1195
2024-05-28 14:34:00,1594.0,1594.0,1593.15,1593.7,3552
2024-05-28 14:35:00,1593.7,1594.0,1593.45,1594.0,3841
2024-05-28 14:36:00,1593.9,1594.0,1593.1,1593.95,494
2024-05-28 14:37:00,1593.95,1594.0,1593.2,1594.0,1603
2024-05-28 14:38:00,1593.9,1594.5,1593.2,1593.85,1431
2024-05-28 14:39:00,1593.8,1594.0,1593.0,1593.6,758
2024-05-28 14:40:00,1593.85,1594.0,1593.15,1593.4,1390
2024-05-28 14:41:00,1593.3,1594.4,1593.25,1593.5,9217
2024-05-28 14:42:00,1593.65,1595.0,1593.65,1594.5,6602
2024-05-28 14:43:00,1594.35,1595.1,1594.3,1594.85,2845
2024-05-28 14:44:00,1595.05,1595.05,1593.75,1594.9,3558
2024-05-28 14:45:00,1594.55,1595.1,1594.15,1594.8,2926
2024-05-28 14:46:00,1594.7,1595.15,1594.7,1594.85,2211
2024-05-28 14:47:00,1594.9,1595.75,1594.8,1595.35,2457
2024-05-28 14:48:00,1595.3,1596.4,1595.3,1596.35,4996
2024-05-28 14:49:00,1596.3,1596.75,1596.0,1596.15,2399
2024-05-28 14:50:00,1596.2,1597.0,1595.25,1596.75,9237
2024-05-28 14:51:00,1596.7,1596.9,1596.0,1596.7,3294
2024-05-28 14:52:00,1596.4,1597.45,1593.95,1597.1,36509
2024-05-28 14:53:00,1597.1,1597.1,1596.2,1596.8,1646
2024-05-28 14:54:00,1596.3,1597.45,1596.3,1597.1,3385
2024-05-28 14:55:00,1597.05,1597.5,1596.5,1596.7,1986
2024-05-28 14:56:00,1596.65,1597.1,1596.5,1596.8,1450
2024-05-28 14:57:00,1596.75,1597.8,1596.65,1596.7,4802
2024-05-28 14:58:00,1596.45,1596.7,1595.35,1595.35,1953
2024-05-28 14:59:00,1595.45,1596.7,1595.45,1596.3,2813
2024-05-28 15:00:00,1596.35,1596.75,1595.15,1595.25,10094
2024-05-28 15:01:00,1595.15,1596.65,1594.75,1596.25,13942
2024-05-28 15:02:00,1596.3,1597.45,1595.7,1597.05,10642
2024-05-28 15:03:00,1597.0,1599.0,1596.65,1598.45,21004
2024-05-28 15:04:00,1597.75,1599.0,1597.55,1598.6,11754
2024-05-28 15:05:00,1598.35,1598.35,1595.3,1597.3,24118
2024-05-28 15:06:00,1597.75,1598.0,1596.25,1597.4,8400
2024-05-28 15:07:00,1597.3,1598.55,1596.65,1597.9,11138
2024-05-28 15:08:00,1597.85,1598.35,1596.65,1597.65,16407
2024-05-28 15:09:00,1597.55,1598.5,1596.4,1598.15,21545
2024-05-28 15:10:00,1597.7,1598.95,1597.35,1598.2,27145
2024-05-28 15:11:00,1598.2,1600.95,1598.1,1600.55,18026
2024-05-28 15:12:00,1600.5,1601.75,1599.95,1600.25,17988
2024-05-28 15:13:00,1600.25,1602.0,1598.75,1601.35,12384
2024-05-28 15:14:00,1601.25,1601.95,1601.1,1601.15,9272
2024-05-28 15:15:00,1601.1,1602.3,1600.9,1601.75,9628
2024-05-28 15:16:00,1601.65,1603.0,1601.65,1603.0,11636
2024-05-28 15:17:00,1603.25,1603.35,1602.45,1602.45,10193
2024-05-28 15:18:00,1602.45,1603.0,1601.7,1602.9,9125
2024-05-28 15:19:00,1602.55,1604.35,1602.5,1603.2,12313
2024-05-28 15:20:00,1603.1,1604.95,1603.1,1604.75,12779
2024-05-28 15:21:00,1604.6,1604.6,1603.7,1603.8,7447
2024-05-28 15:22:00,1603.8,1603.8,1603.3,1603.35,10120
2024-05-28 15:23:00,1603.35,1604.75,1603.3,1604.0,9342
2024-05-28 15:24:00,1604.05,1604.85,1603.25,1603.5,9159
2024-05-28 15:25:00,1603.5,1603.65,1601.65,1601.65,13141
2024-05-28 15:26:00,1601.65,1603.0,1600.4,1602.8,9727
2024-05-28 15:27:00,1602.85,1603.0,1598.15,1602.0,44809
2024-05-28 15:28:00,1600.8,1602.0,1597.0,1599.25,21453
2024-05-28 15:29:00,1599.25,1601.95,1598.05,1598.65,2068
2024-05-29 09:15:00,1594.15,1602.35,1594.15,1600.4,11975
2024-05-29 09:16:00,1599.95,1600.4,1598.6,1598.9,2035
2024-05-29 09:17:00,1599.75,1599.75,1595.1,1597.05,6942
2024-05-29 09:18:00,1597.85,1601.05,1597.2,1597.85,6414
2024-05-29 09:19:00,1598.0,1598.0,1595.0,1595.3,2567
2024-05-29 09:20:00,1595.0,1596.55,1593.3,1596.15,6301
2024-05-29 09:21:00,1596.25,1597.0,1594.35,1595.25,1952
2024-05-29 09:22:00,1595.25,1595.35,1591.8,1591.8,14443
2024-05-29 09:23:00,1591.5,1595.45,1591.5,1594.9,8247
2024-05-29 09:24:00,1594.9,1595.75,1594.05,1595.75,1401
2024-05-29 09:25:00,1595.75,1595.75,1593.3,1593.85,1386
2024-05-29 09:26:00,1593.95,1594.15,1592.7,1593.45,1698
2024-05-29 09:27:00,1593.45,1594.7,1592.7,1593.2,812
2024-05-29 09:28:00,1593.3,1594.25,1592.3,1592.4,2223
2024-05-29 09:29:00,1592.3,1592.3,1590.4,1591.6,3115
2024-05-29 09:30:00,1591.8,1591.8,1590.3,1590.75,3539
2024-05-29 09:31:00,1590.3,1592.3,1590.0,1591.25,1036
2024-05-29 09:32:00,1591.25,1591.25,1590.0,1590.85,1633
2024-05-29 09:33:00,1590.95,1592.1,1590.85,1592.1,732
2024-05-29 09:34:00,1592.1,1593.5,1591.35,1591.35,1834
2024-05-29 09:35:00,1591.8,1591.8,1591.0,1591.8,978
2024-05-29 09:36:00,1591.8,1592.5,1591.5,1592.2,271
2024-05-29 09:37:00,1592.2,1594.45,1592.2,1593.65,1319
2024-05-29 09:38:00,1594.2,1594.5,1592.7,1593.65,1535
2024-05-29 09:39:00,1592.7,1594.4,1592.7,1594.0,626
2024-05-29 09:40:00,1594.0,1594.65,1593.4,1593.8,1005
2024-05-29 09:41:00,1593.95,1594.4,1591.55,1591.75,2028
2024-05-29 09:42:00,1591.75,1591.85,1590.15,1590.65,2863
2024-05-29 09:43:00,1590.65,1590.8,1590.05,1590.4,1827
2024-05-29 09:44:00,1590.35,1590.35,1587.0,1587.15,5841
2024-05-29 09:45:00,1587.15,1587.45,1586.35,1586.45,3010
2024-05-29 09:46:00,1586.45,1589.4,1586.45,1589.0,4461
2024-05-29 09:47:00,1589.0,1589.95,1588.6,1589.4,915
2024-05-29 09:48:00,1588.45,1589.35,1587.2,1587.2,3297
2024-05-29 09:49:00,1587.2,1587.95,1586.5,1587.95,1616
2024-05-29 09:50:00,1588.0,1588.0,1587.05,1587.15,1280
2024-05-29 09:51:00,1587.1,1588.5,1587.1,1587.8,1121
2024-05-29 09:52:00,1588.0,1589.0,1587.55,1588.05,976
2024-05-29 09:53:00,1588.9,1588.9,1588.0,1588.1,464
2024-05-29 09:54:00,1588.1,1589.25,1588.0,1589.25,575
2024-05-29 09:55:00,1589.25,1590.1,1588.65,1589.5,748
2024-05-29 09:56:00,1589.8,1591.2,1589.3,1590.8,670
2024-05-29 09:57:00,1590.8,1593.2,1590.8,1591.35,6957
2024-05-29 09:58:00,1591.35,1591.65,1590.85,1590.9,933
2024-05-29 09:59:00,1590.9,1591.2,1590.25,1590.3,393
2024-05-29 10:00:00,1590.3,1591.0,1590.2,1590.6,888
2024-05-29 10:01:00,1590.6,1591.45,1590.6,1591.1,800
2024-05-29 10:02:00,1591.1,1592.5,1591.1,1592.4,1402
2024-05-29 10:03:00,1592.4,1592.7,1590.55,1590.55,2180
2024-05-29 10:04:00,1590.55,1591.1,1590.3,1590.55,706
2024-05-29 10:05:00,1590.4,1590.55,1589.8,1589.8,1421
2024-05-29 10:06:00,1590.2,1591.9,1589.3,1589.3,1823
2024-05-29 10:07:00,1589.25,1589.9,1588.2,1589.05,2314
2024-05-29 10:08:00,1589.05,1589.1,1587.8,1588.0,1388
2024-05-29 10:09:00,1588.5,1588.85,1587.6,1587.6,1362
2024-05-29 10:10:00,1587.6,1587.95,1587.05,1587.25,1364
2024-05-29 10:11:00,1587.2,1588.8,1587.15,1587.65,759
2024-05-29 10:12:00,1587.65,1589.2,1587.65,1588.5,1232
2024-05-29 10:13:00,1588.5,1589.0,1588.2,1588.85,276
2024-05-29 10:14:00,1588.85,1589.95,1588.8,1588.9,1005
2024-05-29 10:15:00,1589.55,1589.95,1588.9,1589.5,249
2024-05-29 10:16:00,1589.55,1589.7,1589.0,1589.55,381
2024-05-29 10:17:00,1589.05,1589.9,1588.0,1588.15,565
2024-05-29 10:18:00,1588.4,1588.4,1586.0,1587.15,2790
2024-05-29 10:19:00,1587.75,1587.9,1586.35,1587.15,654
2024-05-29 10:20:00,1586.5,1587.9,1586.5,1587.9,152
2024-05-29 10:21:00,1587.9,1588.0,1587.3,1587.6,740
2024-05-29 10:22:00,1587.6,1588.45,1587.1,1587.3,1409
2024-05-29 10:23:00,1587.3,1587.8,1586.5,1587.25,481
2024-05-29 10:24:00,1587.15,1587.25,1585.25,1585.95,4222
2024-05-29 10:25:00,1585.95,1586.15,1585.25,1585.25,1028
2024-05-29 10:26:00,1585.25,1586.15,1584.55,1585.25,4374
2024-05-29 10:27:00,1585.4,1585.6,1584.9,1585.45,530
2024-05-29 10:28:00,1585.45,1585.75,1585.0,1585.0,1702
2024-05-29 10:29:00,1585.0,1586.0,1585.0,1585.15,1050
2024-05-29 10:30:00,1585.15,1586.3,1585.15,1585.5,659
2024-05-29 10:31:00,1585.5,1586.15,1585.5,1585.85,439
2024-05-29 10:32:00,1585.5,1586.1,1585.5,1585.5,403
2024-05-29 10:33:00,1585.8,1586.15,1585.5,1585.5,752
2024-05-29 10:34:00,1585.5,1587.0,1585.5,1586.55,995
2024-05-29 10:35:00,1586.55,1587.55,1586.5,1587.5,253
2024-05-29 10:36:00,1587.5,1589.9,1587.0,1588.65,1107
2024-05-29 10:37:00,1588.5,1588.6,1586.0,1586.25,1490
2024-05-29 10:38:00,1586.25,1587.35,1586.05,1586.85,276
2024-05-29 10:39:00,1586.6,1587.0,1586.3,1586.3,326
2024-05-29 10:40:00,1586.3,1586.65,1586.0,1586.05,538
2024-05-29 10:41:00,1586.05,1586.7,1585.85,1585.85,411
2024-05-29 10:42:00,1585.85,1587.0,1585.7,1586.05,1679
2024-05-29 10:43:00,1586.05,1587.1,1585.75,1586.5,621
2024-05-29 10:44:00,1587.0,1590.0,1587.0,1589.35,5004
2024-05-29 10:45:00,1589.35,1589.9,1588.15,1588.2,1495
2024-05-29 10:46:00,1588.2,1589.4,1588.2,1588.9,470
2024-05-29 10:47:00,1588.9,1589.2,1587.0,1587.9,6323
2024-05-29 10:48:00,1587.9,1589.55,1587.55,1587.9,14952
2024-05-29 10:49:00,1587.9,1588.35,1587.25,1587.7,742
2024-05-29 10:50:00,1587.7,1588.5,1587.05,1587.05,10922
2024-05-29 10:51:00,1587.05,1588.25,1586.95,1587.1,9437
2024-05-29 10:52:00,1587.1,1587.3,1586.0,1586.0,6137
2024-05-29 10:53:00,1586.0,1586.5,1586.0,1586.0,933
2024-05-29 10:54:00,1586.0,1587.75,1586.0,1586.15,5116
2024-05-29 10:55:00,1586.15,1586.9,1586.05,1586.05,852
2024-05-29 10:56:00,1586.05,1586.85,1585.6,1585.9,9657
2024-05-29 10:57:00,1585.9,1586.6,1585.75,1585.75,4131
2024-05-29 10:58:00,1585.8,1586.2,1585.8,1586.2,219
2024-05-29 10:59:00,1586.2,1586.2,1585.55,1586.0,1244
2024-05-29 11:00:00,1585.5,1586.1,1585.5,1585.85,581
2024-05-29 11:01:00,1585.85,1586.1,1583.5,1583.5,25689
2024-05-29 11:02:00,1583.5,1583.85,1581.7,1581.7,23494
2024-05-29 11:03:00,1581.5,1582.2,1580.35,1580.65,18334
2024-05-29 11:04:00,1580.65,1581.75,1580.65,1581.15,2040
2024-05-29 11:05:00,1581.15,1582.1,1581.05,1581.2,1160
2024-05-29 11:06:00,1581.2,1581.9,1578.6,1578.6,9888
2024-05-29 11:07:00,1578.55,1581.6,1578.05,1580.0,12009
2024-05-29 11:08:00,1580.55,1580.85,1580.0,1580.2,1515
2024-05-29 11:09:00,1580.2,1580.2,1579.3,1579.3,3196
2024-05-29 11:10:00,1579.3,1579.5,1579.1,1579.1,2629
2024-05-29 11:11:00,1579.25,1580.2,1579.1,1579.15,2610
2024-05-29 11:12:00,1579.15,1580.2,1579.1,1580.0,2343
2024-05-29 11:13:00,1580.0,1581.0,1579.0,1579.15,4142
2024-05-29 11:14:00,1579.0,1579.35,1579.0,1579.1,617
2024-05-29 11:15:00,1579.1,1580.0,1579.1,1580.0,2723
2024-05-29 11:16:00,1579.95,1581.15,1579.5,1579.9,24228
2024-05-29 11:17:00,1579.9,1579.9,1578.4,1578.45,2467
2024-05-29 11:18:00,1578.45,1579.0,1578.0,1578.0,1738
2024-05-29 11:19:00,1578.0,1578.75,1578.0,1578.05,1306
2024-05-29 11:20:00,1578.5,1578.5,1576.5,1577.1,8020
2024-05-29 11:21:00,1576.8,1577.35,1576.8,1577.0,2705
2024-05-29 11:22:00,1577.0,1577.0,1576.0,1576.0,8472
2024-05-29 11:23:00,1576.35,1576.5,1575.1,1575.45,2346
2024-05-29 11:24:00,1575.45,1575.45,1574.2,1574.25,4995
2024-05-29 11:25:00,1574.25,1574.7,1572.65,1572.7,3345
2024-05-29 11:26:00,1573.2,1574.15,1572.8,1573.5,3784
2024-05-29 11:27:00,1573.05,1574.0,1573.0,1574.0,2650
2024-05-29 11:28:00,1574.15,1574.4,1573.2,1574.05,2196
2024-05-29 11:29:00,1573.5,1574.0,1570.05,1570.75,10690
2024-05-29 11:30:00,1570.75,1571.35,1569.35,1569.4,5677
2024-05-29 11:31:00,1570.0,1570.0,1569.15,1569.6,2590
2024-05-29 11:32:00,1569.6,1572.35,1569.6,1572.35,2431
2024-05-29 11:33:00,1572.35,1573.9,1572.0,1573.0,1353
2024-05-29 11:34:00,1573.0,1573.0,1572.0,1572.2,1812
2024-05-29 11:35:00,1572.2,1573.15,1572.2,1572.3,4093
2024-05-29 11:36:00,1572.2,1573.15,1572.2,1572.25,2083
2024-05-29 11:37:00,1572.25,1572.8,1572.05,1572.8,1092
2024-05-29 11:38:00,1572.75,1572.8,1572.05,1572.4,1073
2024-05-29 11:39:00,1572.45,1572.55,1572.1,1572.1,1756
2024-05-29 11:40:00,1572.1,1572.5,1571.5,1571.7,3286
2024-05-29 11:41:00,1571.7,1572.4,1571.5,1571.95,803
2024-05-29 11:42:00,1571.55,1571.9,1570.55,1570.65,5783
2024-05-29 11:43:00,1570.65,1571.45,1570.65,1571.0,1423
2024-05-29 11:44:00,1571.2,1571.25,1570.35,1570.55,1282
2024-05-29 11:45:00,1570.55,1570.85,1570.0,1570.3,3309
2024-05-29 11:46:00,1570.85,1570.85,1570.0,1570.0,860
2024-05-29 11:47:00,1570.0,1570.45,1569.5,1570.0,4615
2024-05-29 11:48:00,1569.7,1570.8,1569.7,1570.8,1025
2024-05-29 11:49:00,1570.8,1571.3,1570.55,1570.95,2801
2024-05-29 11:50:00,1570.95,1571.15,1570.95,1571.0,1419
2024-05-29 11:51:00,1571.0,1571.1,1570.35,1571.0,847
2024-05-29 11:52:00,1571.1,1571.15,1570.3,1570.3,1500
2024-05-29 11:53:00,1570.3,1570.95,1570.3,1570.7,356
2024-05-29 11:54:00,1570.7,1571.0,1570.4,1571.0,510
2024-05-29 11:55:00,1571.0,1571.6,1570.6,1571.6,1584
2024-05-29 11:56:00,1571.6,1573.75,1570.75,1572.85,8089
2024-05-29 11:57:00,1572.85,1573.85,1572.85,1573.4,2295
2024-05-29 11:58:00,1573.4,1574.55,1573.1,1573.15,3150
2024-05-29 11:59:00,1573.85,1575.85,1573.55,1574.0,4220
2024-05-29 12:00:00,1574.0,1574.65,1573.5,1573.5,842
2024-05-29 12:01:00,1573.9,1573.9,1572.05,1572.05,1550
2024-05-29 12:02:00,1572.05,1572.7,1571.6,1571.65,1291
2024-05-29 12:03:00,1571.65,1571.85,1570.65,1570.65,1754
2024-05-29 12:04:00,1570.65,1570.9,1570.6,1570.8,1046
2024-05-29 12:05:00,1570.8,1572.0,1570.8,1571.6,1271
2024-05-29 12:06:00,1571.6,1572.0,1571.0,1571.25,1113
2024-05-29 12:07:00,1571.25,1571.9,1570.1,1570.9,4991
2024-05-29 12:08:00,1571.0,1571.15,1570.15,1570.7,1244
2024-05-29 12:09:00,1570.7,1572.0,1570.7,1571.75,23684
2024-05-29 12:10:00,1571.75,1572.0,1571.75,1572.0,1009
2024-05-29 12:11:00,1572.0,1572.0,1571.85,1571.95,4414
2024-05-29 12:12:00,1571.95,1574.85,1571.95,1572.9,19165
2024-05-29 12:13:00,1572.9,1573.35,1572.1,1572.55,1604
2024-05-29 12:14:00,1573.3,1575.35,1572.45,1575.15,2803
2024-05-29 12:15:00,1575.15,1575.85,1574.7,1575.35,1766
2024-05-29 12:16:00,1575.9,1576.65,1575.35,1576.65,3294
2024-05-29 12:17:00,1576.35,1577.1,1576.0,1576.1,5753
2024-05-29 12:18:00,1576.1,1576.85,1575.5,1575.6,1343
2024-05-29 12:19:00,1576.3,1576.85,1575.55,1576.5,2215
2024-05-29 12:20:00,1576.5,1577.35,1575.0,1575.0,28034
2024-05-29 12:21:00,1575.6,1576.5,1575.6,1575.65,1615
2024-05-29 12:22:00,1576.2,1576.45,1575.0,1575.2,1440
2024-05-29 12:23:00,1575.2,1575.45,1574.7,1575.0,19323
2024-05-29 12:24:00,1575.0,1575.6,1574.25,1575.6,25119
2024-05-29 12:25:00,1575.6,1575.6,1575.0,1575.0,1797
2024-05-29 12:26:00,1575.0,1575.3,1574.75,1575.15,6451
2024-05-29 12:27:00,1575.35,1575.35,1574.7,1575.1,1618
2024-05-29 12:28:00,1575.1,1575.15,1574.65,1575.05,4410
2024-05-29 12:29:00,1575.0,1575.2,1574.75,1575.0,2539
2024-05-29 12:30:00,1575.2,1575.2,1574.9,1575.0,2180
2024-05-29 12:31:00,1575.1,1575.45,1575.0,1575.2,2120
2024-05-29 12:32:00,1575.35,1575.4,1574.9,1575.0,1558
2024-05-29 12:33:00,1575.3,1575.4,1574.9,1575.25,2129
2024-05-29 12:34:00,1575.25,1575.25,1574.55,1575.25,5340
2024-05-29 12:35:00,1575.25,1575.65,1574.9,1575.25,3390
2024-05-29 12:36:00,1575.25,1576.35,1575.0,1575.0,1998
2024-05-29 12:37:00,1575.5,1575.5,1575.0,1575.3,830
2024-05-29 12:38:00,1575.3,1575.65,1574.9,1575.05,1075
2024-05-29 12:39:00,1575.2,1575.2,1574.9,1575.0,1710
2024-05-29 12:40:00,1575.15,1576.05,1574.5,1575.95,46525
2024-05-29 12:41:00,1575.95,1576.8,1575.45,1576.7,1433
2024-05-29 12:42:00,1576.7,1577.4,1575.95,1576.9,3735
2024-05-29 12:43:00,1576.9,1577.8,1576.65,1576.9,2384
2024-05-29 12:44:00,1576.9,1577.8,1575.8,1577.8,4655
2024-05-29 12:45:00,1577.8,1579.0,1577.35,1577.5,6179
2024-05-29 12:46:00,1577.35,1577.95,1575.4,1575.8,22434
2024-05-29 12:47:00,1575.8,1577.9,1575.5,1575.5,30349
2024-05-29 12:48:00,1576.3,1577.35,1575.5,1576.35,6737
2024-05-29 12:49:00,1576.35,1578.8,1576.35,1578.1,23143
2024-05-29 12:50:00,1578.05,1579.5,1577.4,1577.85,5229
2024-05-29 12:51:00,1577.85,1577.85,1576.05,1576.15,5378
2024-05-29 12:52:00,1576.15,1576.65,1575.95,1575.95,2455
2024-05-29 12:53:00,1575.95,1576.3,1575.2,1575.7,3523
2024-05-29 12:54:00,1575.95,1576.0,1575.05,1575.2,3849
2024-05-29 12:55:00,1575.2,1575.65,1573.55,1573.55,23518
2024-05-29 12:56:00,1574.05,1574.25,1573.55,1573.7,5333
2024-05-29 12:57:00,1573.6,1574.15,1572.25,1572.5,7229
2024-05-29 12:58:00,1572.6,1574.25,1572.3,1573.75,4845
2024-05-29 12:59:00,1573.35,1574.25,1573.2,1573.65,765
2024-05-29 13:00:00,1573.35,1573.7,1573.0,1573.35,1481
2024-05-29 13:01:00,1573.0,1573.35,1571.3,1571.5,2250
2024-05-29 13:02:00,1571.8,1571.8,1570.85,1571.15,1810
2024-05-29 13:03:00,1571.7,1572.2,1571.1,1571.5,1667
2024-05-29 13:04:00,1572.15,1572.2,1571.4,1571.5,769
2024-05-29 13:05:00,1571.5,1572.0,1571.0,1571.5,2754
2024-05-29 13:06:00,1571.5,1571.75,1570.4,1571.0,7128
2024-05-29 13:07:00,1571.0,1571.0,1570.7,1571.0,1909
2024-05-29 13:08:00,1571.0,1572.2,1570.75,1572.0,16281
2024-05-29 13:09:00,1572.2,1573.7,1572.2,1573.5,3228
2024-05-29 13:10:00,1572.75,1573.85,1572.75,1573.7,1666
2024-05-29 13:11:00,1573.7,1574.75,1573.1,1574.4,1088
2024-05-29 13:12:00,1574.4,1574.5,1573.1,1573.4,825
2024-05-29 13:13:00,1573.4,1574.1,1572.75,1572.75,6614
2024-05-29 13:14:00,1572.95,1573.2,1572.45,1572.7,1301
2024-05-29 13:15:00,1572.7,1573.0,1572.5,1572.5,5504
2024-05-29 13:16:00,1572.5,1573.0,1571.1,1572.45,1485
2024-05-29 13:17:00,1572.45,1572.8,1571.95,1572.55,802
2024-05-29 13:18:00,1572.2,1574.0,1572.2,1572.75,7255
2024-05-29 13:19:00,1573.45,1573.45,1572.55,1573.15,1040
2024-05-29 13:20:00,1573.15,1573.25,1572.0,1572.0,809
2024-05-29 13:21:00,1572.0,1572.65,1572.0,1572.65,612
2024-05-29 13:22:00,1572.65,1573.2,1572.1,1572.55,2226
2024-05-29 13:23:00,1572.55,1573.2,1572.55,1573.1,740
2024-05-29 13:24:00,1573.1,1573.2,1572.65,1572.65,473
2024-05-29 13:25:00,1572.65,1573.15,1572.65,1572.7,971
2024-05-29 13:26:00,1573.0,1573.15,1572.7,1572.8,767
2024-05-29 13:27:00,1573.0,1573.25,1572.65,1572.9,4470
2024-05-29 13:28:00,1573.15,1573.3,1572.9,1573.25,2457
2024-05-29 13:29:00,1573.3,1573.4,1572.9,1573.1,1804
2024-05-29 13:30:00,1573.1,1573.25,1573.0,1573.05,2325
2024-05-29 13:31:00,1573.05,1573.45,1573.05,1573.05,6311
2024-05-29 13:32:00,1573.1,1574.5,1573.05,1574.5,4194
2024-05-29 13:33:00,1574.55,1575.0,1573.95,1575.0,2503
2024-05-29 13:34:00,1575.0,1575.0,1574.55,1574.95,508
2024-05-29 13:35:00,1574.95,1575.0,1574.9,1575.0,5308
2024-05-29 13:36:00,1575.0,1575.0,1573.85,1573.95,51241
2024-05-29 13:37:00,1573.95,1574.3,1573.75,1574.0,684
2024-05-29 13:38:00,1574.0,1574.2,1573.75,1574.2,679
2024-05-29 13:39:00,1574.2,1574.2,1573.1,1574.0,1826
2024-05-29 13:40:00,1574.0,1574.2,1573.6,1574.2,572
2024-05-29 13:41:00,1573.6,1574.6,1573.0,1574.5,1732
2024-05-29 13:42:00,1574.75,1575.0,1573.85,1575.0,51144
2024-05-29 13:43:00,1575.0,1575.15,1574.8,1574.8,983
2024-05-29 13:44:00,1575.0,1575.0,1574.8,1574.95,747
2024-05-29 13:45:00,1574.9,1575.0,1574.8,1574.8,3079
2024-05-29 13:46:00,1574.75,1574.75,1574.5,1574.7,643
2024-05-29 13:47:00,1574.7,1574.85,1574.05,1574.7,912
2024-05-29 13:48:00,1574.7,1574.95,1574.7,1574.9,1103
2024-05-29 13:49:00,1574.9,1574.95,1574.5,1574.8,760
2024-05-29 13:50:00,1574.8,1574.8,1574.0,1574.4,1665
2024-05-29 13:51:00,1574.4,1574.85,1574.05,1574.85,638
2024-05-29 13:52:00,1574.85,1574.85,1574.25,1574.85,2287
2024-05-29 13:53:00,1574.85,1574.95,1574.05,1574.95,805
2024-05-29 13:54:00,1574.95,1574.95,1574.0,1574.0,561
2024-05-29 13:55:00,1574.0,1574.7,1573.8,1574.6,1020
2024-05-29 13:56:00,1574.6,1574.7,1573.95,1574.0,738
2024-05-29 13:57:00,1574.0,1575.0,1573.8,1574.9,4407
2024-05-29 13:58:00,1574.85,1575.0,1574.5,1574.95,1193
2024-05-29 13:59:00,1574.95,1575.0,1572.6,1573.0,10086
2024-05-29 14:00:00,1573.0,1573.0,1572.0,1572.05,1770
2024-05-29 14:01:00,1572.05,1572.6,1571.3,1571.35,2729
2024-05-29 14:02:00,1571.3,1572.5,1571.0,1571.4,3687
2024-05-29 14:03:00,1571.4,1572.15,1570.6,1570.7,912
2024-05-29 14:04:00,1570.65,1571.2,1570.55,1571.15,765
2024-05-29 14:05:00,1571.15,1571.4,1570.7,1570.9,1810
2024-05-29 14:06:00,1570.8,1571.65,1570.5,1570.8,2867
2024-05-29 14:07:00,1570.95,1571.7,1570.7,1571.5,536
2024-05-29 14:08:00,1571.15,1571.5,1568.8,1569.4,16640
2024-05-29 14:09:00,1569.45,1570.3,1569.1,1570.0,1300
2024-05-29 14:10:00,1569.95,1570.55,1569.6,1570.2,723
2024-05-29 14:11:00,1570.2,1570.9,1570.1,1570.65,729
2024-05-29 14:12:00,1570.65,1571.35,1570.1,1570.85,5290
2024-05-29 14:13:00,1570.8,1571.5,1570.2,1571.5,1267
2024-05-29 14:14:00,1571.5,1573.5,1571.0,1571.5,19464
2024-05-29 14:15:00,1571.65,1572.8,1571.5,1572.55,531
2024-05-29 14:16:00,1572.5,1572.75,1572.3,1572.55,806
2024-05-29 14:17:00,1572.7,1572.75,1571.25,1571.9,1536
2024-05-29 14:18:00,1571.35,1571.9,1571.15,1571.55,1057
2024-05-29 14:19:00,1571.15,1571.55,1571.05,1571.15,1127
2024-05-29 14:20:00,1571.55,1571.55,1571.15,1571.25,3851
2024-05-29 14:21:00,1571.25,1571.55,1570.25,1571.45,3545
2024-05-29 14:22:00,1571.15,1571.6,1571.15,1571.6,1048
2024-05-29 14:23:00,1571.15,1571.75,1571.15,1571.15,969
2024-05-29 14:24:00,1571.5,1572.15,1571.1,1571.15,4226
2024-05-29 14:25:00,1571.15,1571.6,1571.15,1571.15,1321
2024-05-29 14:26:00,1571.15,1571.9,1571.05,1571.2,2239
2024-05-29 14:27:00,1571.2,1571.8,1571.15,1571.6,3652
2024-05-29 14:28:00,1571.6,1571.75,1571.25,1571.3,771
2024-05-29 14:29:00,1571.3,1571.75,1571.3,1571.7,1117
2024-05-29 14:30:00,1571.25,1571.9,1571.15,1571.15,1881
2024-05-29 14:31:00,1571.45,1571.65,1571.15,1571.4,1850
2024-05-29 14:32:00,1571.4,1573.25,1570.6,1572.4,6573
2024-05-29 14:33:00,1572.95,1573.4,1572.4,1573.0,465
2024-05-29 14:34:00,1573.0,1573.3,1572.45,1572.85,776
2024-05-29 14:35:00,1572.85,1572.9,1572.25,1572.25,728
2024-05-29 14:36:00,1572.25,1572.55,1571.5,1571.6,595
2024-05-29 14:37:00,1572.35,1572.5,1571.8,1572.5,1141
2024-05-29 14:38:00,1572.35,1572.75,1571.85,1572.55,5254
2024-05-29 14:39:00,1572.75,1573.1,1572.2,1573.1,2274
2024-05-29 14:40:00,1573.1,1573.15,1573.0,1573.0,1086
2024-05-29 14:41:00,1573.0,1573.25,1571.6,1572.35,1339
2024-05-29 14:42:00,1572.3,1572.5,1571.0,1571.1,1707
2024-05-29 14:43:00,1571.1,1571.6,1571.0,1571.55,973
2024-05-29 14:44:00,1571.55,1571.75,1571.4,1571.55,8584
2024-05-29 14:45:00,1571.55,1571.75,1571.55,1571.6,4167
2024-05-29 14:46:00,1571.6,1571.6,1571.05,1571.55,11357
2024-05-29 14:47:00,1571.55,1571.9,1570.2,1571.9,37986
2024-05-29 14:48:00,1571.9,1571.9,1570.25,1570.85,3670
2024-05-29 14:49:00,1571.0,1572.05,1570.55,1572.0,3904
2024-05-29 14:50:00,1572.0,1572.9,1571.7,1572.1,2482
2024-05-29 14:51:00,1572.1,1572.4,1571.05,1571.65,907
2024-05-29 14:52:00,1571.05,1571.65,1570.7,1570.75,1418
2024-05-29 14:53:00,1570.5,1570.9,1569.6,1570.2,6364
2024-05-29 14:54:00,1570.65,1570.95,1569.65,1570.0,3632
2024-05-29 14:55:00,1570.65,1571.1,1570.05,1570.2,1191
2024-05-29 14:56:00,1570.65,1570.65,1569.6,1569.6,2731
2024-05-29 14:57:00,1569.6,1570.0,1569.1,1569.6,1199
2024-05-29 14:58:00,1569.65,1569.65,1569.2,1569.2,3306
2024-05-29 14:59:00,1569.55,1569.95,1569.2,1569.8,6784
2024-05-29 15:00:00,1569.85,1570.0,1569.3,1569.3,21811
2024-05-29 15:01:00,1569.3,1569.4,1569.0,1569.2,3377
2024-05-29 15:02:00,1569.2,1569.45,1568.0,1568.0,8298
2024-05-29 15:03:00,1567.95,1568.1,1567.0,1567.35,7030
2024-05-29 15:04:00,1567.05,1567.45,1567.0,1567.05,4197
2024-05-29 15:05:00,1567.1,1567.1,1565.2,1565.2,11733
2024-05-29 15:06:00,1565.5,1567.05,1565.1,1567.05,8207
2024-05-29 15:07:00,1567.05,1569.2,1566.95,1569.0,5079
2024-05-29 15:08:00,1568.75,1569.85,1568.4,1569.0,4744
2024-05-29 15:09:00,1569.0,1569.6,1568.6,1568.95,3601
2024-05-29 15:10:00,1568.95,1569.0,1568.3,1568.45,4420
2024-05-29 15:11:00,1568.45,1570.5,1568.45,1570.1,5981
2024-05-29 15:12:00,1570.35,1571.15,1570.0,1571.0,6049
2024-05-29 15:13:00,1570.95,1571.5,1570.55,1571.35,7531
2024-05-29 15:14:00,1571.3,1572.5,1570.7,1571.3,10824
2024-05-29 15:15:00,1571.75,1572.6,1571.75,1572.6,9324
2024-05-29 15:16:00,1572.6,1572.7,1572.35,1572.55,9097
2024-05-29 15:17:00,1572.5,1572.6,1571.3,1572.55,13098
2024-05-29 15:18:00,1572.55,1572.65,1571.8,1572.5,8982
2024-05-29 15:19:00,1572.6,1572.65,1571.75,1572.5,3607
2024-05-29 15:20:00,1572.5,1572.5,1570.5,1570.85,8603
2024-05-29 15:21:00,1570.85,1571.1,1570.1,1570.5,5230
2024-05-29 15:22:00,1570.5,1570.5,1570.0,1570.3,3679
2024-05-29 15:23:00,1570.3,1570.8,1570.1,1570.75,6510
2024-05-29 15:24:00,1570.8,1570.9,1568.3,1569.4,29014
2024-05-29 15:25:00,1569.3,1570.75,1568.3,1570.55,37785
2024-05-29 15:26:00,1570.65,1570.9,1570.05,1570.65,8936
2024-05-29 15:27:00,1570.65,1570.8,1569.7,1570.65,7615
2024-05-29 15:28:00,1570.7,1570.7,1566.95,1567.6,13729
2024-05-29 15:29:00,1567.6,1570.0,1567.0,1567.05,3065
2024-05-30 09:15:00,1566.75,1569.0,1563.1,1565.6,13582
2024-05-30 09:16:00,1565.6,1569.4,1565.6,1567.3,7190
2024-05-30 09:17:00,1567.3,1569.15,1566.65,1568.9,3863
2024-05-30 09:18:00,1568.95,1571.75,1566.7,1571.75,7601
2024-05-30 09:19:00,1571.15,1574.45,1570.85,1573.95,15834
2024-05-30 09:20:00,1573.95,1575.2,1571.2,1571.75,13450
2024-05-30 09:21:00,1571.75,1572.3,1570.0,1571.15,7743
2024-05-30 09:22:00,1571.15,1573.1,1570.4,1572.35,1642
2024-05-30 09:23:00,1572.2,1572.35,1570.6,1571.1,2274
2024-05-30 09:24:00,1571.1,1572.15,1569.05,1572.15,15174
2024-05-30 09:25:00,1571.2,1571.8,1568.0,1568.35,4998
2024-05-30 09:26:00,1568.35,1568.35,1562.6,1562.6,9581
2024-05-30 09:27:00,1562.9,1565.0,1561.0,1561.0,11010
2024-05-30 09:28:00,1561.0,1561.85,1559.05,1560.0,8800
2024-05-30 09:29:00,1560.0,1561.45,1558.0,1560.0,4619
2024-05-30 09:30:00,1560.0,1560.9,1559.4,1560.0,3215
2024-05-30 09:31:00,1559.5,1561.3,1558.0,1558.4,9271
2024-05-30 09:32:00,1558.5,1559.75,1556.2,1556.95,5598
2024-05-30 09:33:00,1556.95,1557.45,1554.1,1556.3,10088
2024-05-30 09:34:00,1556.3,1556.65,1554.9,1555.2,3746
2024-05-30 09:35:00,1555.05,1556.1,1553.0,1554.6,8312
2024-05-30 09:36:00,1554.6,1555.7,1553.0,1553.0,8908
2024-05-30 09:37:00,1553.0,1554.0,1552.0,1552.35,7723
2024-05-30 09:38:00,1551.5,1552.1,1549.0,1549.3,26836
2024-05-30 09:39:00,1549.3,1549.5,1547.0,1547.25,6368
2024-05-30 09:40:00,1547.0,1548.2,1546.45,1546.9,6376
2024-05-30 09:41:00,1547.55,1547.9,1545.75,1546.45,4581
2024-05-30 09:42:00,1547.0,1547.0,1545.2,1545.3,6318
2024-05-30 09:43:00,1545.35,1547.0,1545.25,1546.95,2653
2024-05-30 09:44:00,1547.05,1548.35,1546.65,1547.4,5287
2024-05-30 09:45:00,1547.0,1548.7,1546.4,1546.5,5580
2024-05-30 09:46:00,1546.5,1546.8,1543.05,1543.7,14618
2024-05-30 09:47:00,1544.45,1546.1,1543.35,1544.75,4059
2024-05-30 09:48:00,1545.6,1546.7,1545.0,1545.7,2598
2024-05-30 09:49:00,1545.65,1546.05,1544.0,1544.05,4603
2024-05-30 09:50:00,1544.05,1544.8,1543.3,1543.85,2674
2024-05-30 09:51:00,1544.0,1545.05,1543.65,1544.5,2566
2024-05-30 09:52:00,1544.5,1546.45,1544.5,1546.45,2682
2024-05-30 09:53:00,1546.45,1547.25,1545.3,1546.2,5610
2024-05-30 09:54:00,1546.2,1548.25,1546.2,1548.2,3609
2024-05-30 09:55:00,1548.2,1548.75,1547.0,1547.45,3987
2024-05-30 09:56:00,1547.35,1548.7,1547.3,1547.75,5034
2024-05-30 09:57:00,1547.75,1547.95,1546.0,1546.0,3566
2024-05-30 09:58:00,1546.0,1546.0,1545.0,1545.0,2970
2024-05-30 09:59:00,1545.0,1546.65,1545.0,1546.45,1890
2024-05-30 10:00:00,1546.0,1546.35,1545.2,1546.0,1911
2024-05-30 10:01:00,1546.0,1546.3,1545.1,1545.55,2544
2024-05-30 10:02:00,1545.5,1546.45,1545.2,1545.65,1340
2024-05-30 10:03:00,1546.25,1546.35,1545.0,1545.45,2108
2024-05-30 10:04:00,1545.1,1546.25,1545.1,1545.2,1002
2024-05-30 10:05:00,1545.05,1546.4,1545.0,1545.4,2371
2024-05-30 10:06:00,1545.35,1546.35,1545.0,1545.35,2072
2024-05-30 10:07:00,1545.35,1546.05,1544.55,1544.55,3301
2024-05-30 10:08:00,1544.55,1544.95,1543.1,1543.1,4262
2024-05-30 10:09:00,1543.35,1543.65,1542.85,1542.85,5054
2024-05-30 10:10:00,1542.5,1543.2,1542.15,1542.3,1214
2024-05-30 10:11:00,1542.3,1543.2,1542.2,1542.25,2792
2024-05-30 10:12:00,1542.4,1542.9,1541.3,1541.4,5688
2024-05-30 10:13:00,1541.4,1542.25,1541.0,1541.5,4179
2024-05-30 10:14:00,1541.7,1542.2,1540.35,1541.35,5390
2024-05-30 10:15:00,1540.85,1541.95,1540.3,1541.05,3846
2024-05-30 10:16:00,1541.05,1541.9,1541.0,1541.75,2559
2024-05-30 10:17:00,1541.75,1542.4,1540.8,1541.6,3729
2024-05-30 10:18:00,1541.6,1542.75,1540.4,1540.65,3201
2024-05-30 10:19:00,1541.0,1541.9,1540.35,1540.35,5370
2024-05-30 10:20:00,1541.0,1541.0,1539.05,1539.35,18325
2024-05-30 10:21:00,1539.35,1540.0,1538.55,1539.75,4395
2024-05-30 10:22:00,1539.75,1541.0,1539.6,1539.75,20216
2024-05-30 10:23:00,1539.75,1541.9,1539.75,1541.1,5720
2024-05-30 10:24:00,1541.1,1544.95,1541.0,1543.7,6709
2024-05-30 10:25:00,1543.7,1545.95,1543.5,1544.65,6766
2024-05-30 10:26:00,1545.0,1545.6,1544.0,1544.8,2829
2024-05-30 10:27:00,1544.4,1544.8,1543.65,1543.65,987
2024-05-30 10:28:00,1543.65,1544.0,1543.0,1543.5,998
2024-05-30 10:29:00,1543.5,1543.95,1543.1,1543.85,691
2024-05-30 10:30:00,1543.85,1543.95,1543.1,1543.1,718
2024-05-30 10:31:00,1543.1,1543.85,1543.0,1543.65,1606
2024-05-30 10:32:00,1543.65,1543.7,1542.1,1542.2,2874
2024-05-30 10:33:00,1542.6,1543.15,1542.15,1542.3,1708
2024-05-30 10:34:00,1542.3,1543.9,1542.2,1543.65,1786
2024-05-30 10:35:00,1543.7,1543.95,1542.8,1543.95,1332
2024-05-30 10:36:00,1543.95,1548.0,1543.95,1547.55,6298
2024-05-30 10:37:00,1547.7,1547.7,1545.45,1546.55,3569
2024-05-30 10:38:00,1546.55,1547.9,1545.4,1545.7,3063
2024-05-30 10:39:00,1545.7,1545.7,1542.95,1543.85,3295
2024-05-30 10:40:00,1543.85,1544.15,1543.15,1543.6,1711
2024-05-30 10:41:00,1543.6,1545.8,1543.35,1544.8,1644
2024-05-30 10:42:00,1544.8,1545.4,1544.0,1544.25,754
2024-05-30 10:43:00,1544.15,1544.5,1543.3,1543.5,1031
2024-05-30 10:44:00,1544.15,1544.75,1543.5,1544.1,557
2024-05-30 10:45:00,1544.9,1545.8,1544.25,1545.8,1515
2024-05-30 10:46:00,1545.8,1545.8,1544.8,1545.5,1145
2024-05-30 10:47:00,1545.5,1545.5,1545.0,1545.05,884
2024-05-30 10:48:00,1545.05,1545.3,1544.2,1544.25,640
2024-05-30 10:49:00,1544.25,1546.45,1544.05,1546.4,6112
2024-05-30 10:50:00,1546.45,1546.75,1545.8,1546.75,1551
2024-05-30 10:51:00,1546.75,1546.8,1545.05,1545.4,846
2024-05-30 10:52:00,1545.35,1546.0,1545.1,1545.5,639
2024-05-30 10:53:00,1545.5,1546.05,1545.3,1545.65,1459
2024-05-30 10:54:00,1545.6,1546.0,1544.0,1544.7,1949
2024-05-30 10:55:00,1544.3,1545.8,1544.3,1545.5,1490
2024-05-30 10:56:00,1545.05,1545.65,1544.05,1544.25,632
2024-05-30 10:57:00,1544.25,1545.3,1544.1,1545.1,626
2024-05-30 10:58:00,1545.1,1545.1,1543.5,1543.5,5733
2024-05-30 10:59:00,1543.5,1544.25,1543.15,1543.15,7400
2024-05-30 11:00:00,1543.2,1544.05,1542.5,1542.65,3116
2024-05-30 11:01:00,1542.65,1543.75,1542.65,1543.35,661
2024-05-30 11:02:00,1543.35,1543.35,1541.5,1541.5,5506
2024-05-30 11:03:00,1541.3,1542.45,1541.1,1541.5,2657
2024-05-30 11:04:00,1541.85,1542.0,1541.25,1541.6,1853
2024-05-30 11:05:00,1542.0,1542.4,1541.55,1542.2,709
2024-05-30 11:06:00,1541.6,1542.2,1541.6,1541.8,352
2024-05-30 11:07:00,1541.8,1542.0,1541.45,1541.45,1112
2024-05-30 11:08:00,1542.0,1542.0,1541.3,1542.0,945
2024-05-30 11:09:00,1542.0,1542.0,1539.05,1539.4,12313
2024-05-30 11:10:00,1539.35,1539.95,1539.15,1539.35,1050
2024-05-30 11:11:00,1539.75,1539.85,1538.0,1538.2,6977
2024-05-30 11:12:00,1538.2,1538.6,1537.85,1538.1,3438
2024-05-30 11:13:00,1538.1,1538.95,1538.1,1538.5,1543
2024-05-30 11:14:00,1539.0,1539.55,1538.2,1538.7,3186
2024-05-30 11:15:00,1538.7,1539.5,1538.5,1538.9,2301
2024-05-30 11:16:00,1538.95,1539.4,1538.9,1539.4,1043
2024-05-30 11:17:00,1539.05,1540.5,1539.05,1540.45,3606
2024-05-30 11:18:00,1540.45,1540.7,1539.65,1540.05,2909
2024-05-30 11:19:00,1540.0,1540.5,1539.9,1540.0,704
2024-05-30 11:20:00,1540.0,1541.1,1539.9,1540.95,1292
2024-05-30 11:21:00,1540.4,1541.1,1540.1,1540.85,719
2024-05-30 11:22:00,1540.5,1540.5,1539.65,1539.75,935
2024-05-30 11:23:00,1539.65,1540.95,1539.65,1540.3,1176
2024-05-30 11:24:00,1540.3,1541.0,1540.3,1540.5,693
2024-05-30 11:25:00,1540.5,1541.0,1540.5,1541.0,855
2024-05-30 11:26:00,1541.0,1541.65,1540.5,1540.8,3870
2024-05-30 11:27:00,1540.8,1542.15,1540.6,1542.0,2228
2024-05-30 11:28:00,1542.0,1542.65,1541.55,1541.7,1002
2024-05-30 11:29:00,1541.7,1542.0,1541.05,1542.0,20384
2024-05-30 11:30:00,1542.0,1542.0,1540.0,1540.2,27229
2024-05-30 11:31:00,1540.05,1540.2,1539.0,1539.0,3993
2024-05-30 11:32:00,1539.45,1541.4,1538.7,1540.9,3921
2024-05-30 11:33:00,1541.25,1542.0,1539.85,1540.8,6099
2024-05-30 11:34:00,1540.9,1541.85,1540.35,1541.25,1892
2024-05-30 11:35:00,1540.0,1540.8,1539.75,1540.05,1147
2024-05-30 11:36:00,1540.65,1540.65,1539.65,1540.45,431
2024-05-30 11:37:00,1540.3,1541.7,1540.2,1541.2,1024
2024-05-30 11:38:00,1541.25,1541.7,1540.2,1540.2,2027
2024-05-30 11:39:00,1540.2,1540.9,1539.75,1540.2,1279
2024-05-30 11:40:00,1540.15,1540.3,1539.25,1539.8,560
2024-05-30 11:41:00,1539.8,1540.2,1539.0,1539.55,3798
2024-05-30 11:42:00,1539.55,1540.9,1539.1,1539.4,1320
2024-05-30 11:43:00,1539.4,1540.05,1539.0,1539.25,2924
2024-05-30 11:44:00,1539.25,1539.65,1538.15,1538.5,5097
2024-05-30 11:45:00,1538.25,1539.0,1538.05,1538.8,1189
2024-05-30 11:46:00,1538.8,1539.7,1538.1,1539.6,2345
2024-05-30 11:47:00,1539.6,1539.6,1538.0,1538.85,2706
2024-05-30 11:48:00,1538.9,1539.3,1538.35,1539.15,2541
2024-05-30 11:49:00,1539.15,1539.25,1535.0,1536.0,46667
2024-05-30 11:50:00,1536.0,1536.85,1535.7,1536.7,7111
2024-05-30 11:51:00,1536.7,1536.7,1536.0,1536.3,1927
2024-05-30 11:52:00,1535.55,1536.75,1535.55,1536.5,7562
2024-05-30 11:53:00,1536.6,1536.7,1535.3,1536.7,5085
2024-05-30 11:54:00,1536.7,1536.7,1535.15,1536.0,3895
2024-05-30 11:55:00,1536.0,1536.0,1535.3,1536.0,1706
2024-05-30 11:56:00,1536.0,1537.0,1535.9,1536.0,13203
2024-05-30 11:57:00,1536.0,1536.0,1535.9,1536.0,4750
2024-05-30 11:58:00,1536.0,1536.0,1535.1,1536.0,1397
2024-05-30 11:59:00,1535.95,1536.0,1535.55,1536.0,506
2024-05-30 12:00:00,1536.0,1536.5,1535.75,1536.5,3262
2024-05-30 12:01:00,1536.5,1536.6,1536.0,1536.55,1097
2024-05-30 12:02:00,1536.55,1536.65,1535.3,1535.3,2134
2024-05-30 12:03:00,1536.0,1536.5,1534.6,1536.5,18404
2024-05-30 12:04:00,1536.5,1537.45,1535.0,1537.0,6783
2024-05-30 12:05:00,1537.0,1537.5,1536.3,1537.0,2699
2024-05-30 12:06:00,1537.0,1537.3,1536.3,1537.25,1894
2024-05-30 12:07:00,1537.25,1537.25,1536.0,1536.05,4731
2024-05-30 12:08:00,1536.0,1536.75,1535.5,1536.2,3949
2024-05-30 12:09:00,1536.2,1536.2,1536.0,1536.0,5067
2024-05-30 12:10:00,1536.0,1536.0,1535.15,1535.5,6122
2024-05-30 12:11:00,1535.5,1535.5,1535.0,1535.0,6920
2024-05-30 12:12:00,1535.0,1535.0,1534.05,1535.0,10654
2024-05-30 12:13:00,1534.95,1534.95,1534.0,1534.8,5121
2024-05-30 12:14:00,1534.8,1535.0,1534.05,1534.75,6714
2024-05-30 12:15:00,1534.75,1535.0,1534.55,1534.75,11409
2024-05-30 12:16:00,1534.75,1534.95,1534.65,1534.75,9115
2024-05-30 12:17:00,1534.75,1534.95,1534.5,1534.8,4562
2024-05-30 12:18:00,1534.85,1534.95,1534.5,1534.95,6763
2024-05-30 12:19:00,1534.75,1534.95,1534.45,1534.8,3662
2024-05-30 12:20:00,1534.35,1534.85,1533.0,1533.15,4992
2024-05-30 12:21:00,1533.15,1533.4,1532.4,1533.05,3650
2024-05-30 12:22:00,1533.15,1533.95,1532.3,1533.95,3132
2024-05-30 12:23:00,1533.95,1535.0,1533.3,1534.1,4037
2024-05-30 12:24:00,1534.2,1535.0,1534.0,1534.45,1040
2024-05-30 12:25:00,1534.9,1534.9,1533.6,1534.1,1401
2024-05-30 12:26:00,1534.1,1534.4,1533.5,1534.15,3274
2024-05-30 12:27:00,1534.15,1534.75,1533.95,1534.5,629
2024-05-30 12:28:00,1534.5,1534.95,1533.55,1533.6,2006
2024-05-30 12:29:00,1533.6,1534.15,1532.8,1533.0,4768
2024-05-30 12:30:00,1532.8,1533.2,1532.1,1532.65,2359
2024-05-30 12:31:00,1532.65,1534.45,1532.6,1533.9,1411
2024-05-30 12:32:00,1533.4,1533.8,1532.4,1533.6,3250
2024-05-30 12:33:00,1533.6,1534.15,1532.5,1533.7,2598
2024-05-30 12:34:00,1533.85,1533.85,1532.15,1533.8,7809
2024-05-30 12:35:00,1533.8,1533.95,1532.4,1533.45,1826
2024-05-30 12:36:00,1533.5,1534.15,1530.0,1531.0,43102
2024-05-30 12:37:00,1531.0,1531.0,1529.15,1529.5,7834
2024-05-30 12:38:00,1529.5,1529.7,1528.0,1529.25,6546
2024-05-30 12:39:00,1528.95,1529.2,1526.3,1527.4,7195
2024-05-30 12:40:00,1527.5,1528.2,1526.8,1527.1,7050
2024-05-30 12:41:00,1527.2,1528.9,1527.1,1528.75,5264
2024-05-30 12:42:00,1528.75,1529.35,1527.15,1527.3,6201
2024-05-30 12:43:00,1527.35,1528.2,1527.0,1527.15,2945
2024-05-30 12:44:00,1527.05,1528.0,1526.25,1526.55,2670
2024-05-30 12:45:00,1527.0,1528.45,1526.45,1527.25,4266
2024-05-30 12:46:00,1527.8,1529.45,1527.1,1528.5,2219
2024-05-30 12:47:00,1529.0,1529.75,1528.0,1529.75,1909
2024-05-30 12:48:00,1529.75,1530.0,1528.7,1529.25,2056
2024-05-30 12:49:00,1529.85,1530.0,1529.4,1529.95,1752
2024-05-30 12:50:00,1529.95,1530.0,1529.25,1530.0,1404
2024-05-30 12:51:00,1530.0,1530.0,1529.5,1530.0,1942
2024-05-30 12:52:00,1530.0,1533.0,1530.0,1532.7,7417
2024-05-30 12:53:00,1532.75,1532.9,1531.65,1532.6,1684
2024-05-30 12:54:00,1532.6,1533.0,1531.8,1531.8,2054
2024-05-30 12:55:00,1531.55,1532.55,1529.1,1529.75,4447
2024-05-30 12:56:00,1529.8,1530.0,1528.7,1529.6,2044
2024-05-30 12:57:00,1529.6,1530.05,1529.0,1529.85,3138
2024-05-30 12:58:00,1529.85,1531.05,1529.8,1530.3,2486
2024-05-30 12:59:00,1530.9,1531.05,1529.05,1530.0,1912
2024-05-30 13:00:00,1530.0,1530.05,1528.55,1529.5,4226
2024-05-30 13:01:00,1529.55,1530.0,1528.5,1529.55,3630
2024-05-30 13:02:00,1529.5,1529.85,1528.8,1529.85,2595
2024-05-30 13:03:00,1529.85,1529.85,1528.55,1528.75,3035
2024-05-30 13:04:00,1529.25,1529.95,1528.45,1529.75,3077
2024-05-30 13:05:00,1529.1,1530.0,1528.4,1528.75,12906
2024-05-30 13:06:00,1529.65,1530.0,1528.5,1529.9,5629
2024-05-30 13:07:00,1530.0,1530.0,1528.75,1529.95,5889
2024-05-30 13:08:00,1529.9,1530.0,1528.55,1529.7,3959
2024-05-30 13:09:00,1529.65,1530.0,1528.5,1529.85,6927
2024-05-30 13:10:00,1529.9,1530.0,1529.0,1530.0,5369
2024-05-30 13:11:00,1530.0,1530.0,1529.25,1529.95,9623
2024-05-30 13:12:00,1530.0,1530.0,1529.0,1530.0,4212
2024-05-30 13:13:00,1530.0,1530.0,1528.9,1529.95,4748
2024-05-30 13:14:00,1529.95,1530.0,1528.7,1528.7,12813
2024-05-30 13:15:00,1528.8,1529.9,1528.7,1529.35,2059
2024-05-30 13:16:00,1529.35,1529.85,1528.55,1529.45,2277
2024-05-30 13:17:00,1529.4,1529.95,1528.25,1529.45,11615
2024-05-30 13:18:00,1529.45,1529.5,1526.2,1527.0,10749
2024-05-30 13:19:00,1527.0,1527.75,1526.75,1527.1,3633
2024-05-30 13:20:00,1527.2,1528.0,1526.9,1527.9,2071
2024-05-30 13:21:00,1527.9,1528.0,1526.75,1528.0,6705
2024-05-30 13:22:00,1528.0,1528.0,1526.95,1527.55,2785
2024-05-30 13:23:00,1527.55,1528.0,1527.0,1528.0,6639
2024-05-30 13:24:00,1528.0,1528.0,1527.15,1528.0,2297
2024-05-30 13:25:00,1528.0,1529.5,1527.3,1529.0,7556
2024-05-30 13:26:00,1528.95,1529.35,1528.2,1528.9,3181
2024-05-30 13:27:00,1528.9,1529.5,1526.6,1526.65,9140
2024-05-30 13:28:00,1527.35,1528.0,1526.5,1526.9,5798
2024-05-30 13:29:00,1527.4,1528.0,1526.6,1527.05,6087
2024-05-30 13:30:00,1527.85,1528.0,1526.85,1527.85,3448
2024-05-30 13:31:00,1527.85,1528.0,1526.55,1526.85,3311
2024-05-30 13:32:00,1527.35,1528.0,1526.4,1527.95,4476
2024-05-30 13:33:00,1527.95,1528.8,1527.5,1527.55,16444
2024-05-30 13:34:00,1527.55,1528.7,1527.1,1527.25,6067
2024-05-30 13:35:00,1527.75,1527.95,1525.4,1526.65,9602
2024-05-30 13:36:00,1526.0,1526.5,1525.25,1525.65,5369
2024-05-30 13:37:00,1525.65,1527.35,1525.35,1526.75,7958
2024-05-30 13:38:00,1526.75,1527.35,1525.05,1525.05,5286
2024-05-30 13:39:00,1525.85,1526.3,1525.0,1526.25,15286
2024-05-30 13:40:00,1526.3,1528.55,1525.9,1526.8,6004
2024-05-30 13:41:00,1526.85,1528.9,1526.85,1528.9,4853
2024-05-30 13:42:00,1528.75,1529.25,1527.75,1528.85,3315
2024-05-30 13:43:00,1528.8,1528.85,1527.65,1528.75,4254
2024-05-30 13:44:00,1528.75,1528.75,1527.85,1528.5,3879
2024-05-30 13:45:00,1527.8,1528.5,1527.45,1528.4,3261
2024-05-30 13:46:00,1528.5,1528.8,1527.75,1528.65,3910
2024-05-30 13:47:00,1528.65,1529.85,1527.5,1529.85,11616
2024-05-30 13:48:00,1529.85,1530.95,1528.75,1530.45,9064
2024-05-30 13:49:00,1530.5,1531.5,1529.05,1530.15,6361
2024-05-30 13:50:00,1530.15,1530.35,1528.7,1529.25,6480
2024-05-30 13:51:00,1529.2,1530.45,1528.6,1529.3,11297
2024-05-30 13:52:00,1528.95,1530.1,1527.55,1528.65,13339
2024-05-30 13:53:00,1528.45,1529.85,1528.0,1528.5,6233
2024-05-30 13:54:00,1528.0,1528.9,1527.15,1527.25,8515
2024-05-30 13:55:00,1528.15,1528.25,1526.55,1528.1,10337
2024-05-30 13:56:00,1528.1,1528.35,1527.25,1527.3,2536
2024-05-30 13:57:00,1527.2,1528.25,1527.2,1527.8,1934
2024-05-30 13:58:00,1527.8,1528.3,1526.75,1527.35,2608
2024-05-30 13:59:00,1527.35,1527.85,1526.8,1527.1,1396
2024-05-30 14:00:00,1527.15,1527.75,1526.5,1527.25,2323
2024-05-30 14:01:00,1527.2,1527.3,1525.0,1525.2,7785
2024-05-30 14:02:00,1525.25,1525.85,1525.2,1525.65,1936
2024-05-30 14:03:00,1525.65,1526.0,1525.05,1525.75,4403
2024-05-30 14:04:00,1525.75,1526.15,1525.0,1525.9,4288
2024-05-30 14:05:00,1525.9,1526.05,1525.0,1526.05,1989
2024-05-30 14:06:00,1526.05,1527.0,1525.6,1525.95,2945
2024-05-30 14:07:00,1526.55,1526.6,1525.4,1525.75,3710
2024-05-30 14:08:00,1525.75,1526.85,1525.5,1526.55,3924
2024-05-30 14:09:00,1526.55,1527.0,1525.7,1526.85,1853
2024-05-30 14:10:00,1526.95,1527.85,1526.6,1527.65,2000
2024-05-30 14:11:00,1527.7,1528.0,1526.25,1526.3,2885
2024-05-30 14:12:00,1526.3,1526.85,1525.2,1525.45,4476
2024-05-30 14:13:00,1525.15,1525.4,1523.7,1524.6,9043
2024-05-30 14:14:00,1524.55,1525.0,1523.4,1523.4,4543
2024-05-30 14:15:00,1523.5,1524.75,1523.15,1524.55,3061
2024-05-30 14:16:00,1524.55,1525.0,1524.1,1524.85,3244
2024-05-30 14:17:00,1524.7,1525.0,1521.65,1521.8,19615
2024-05-30 14:18:00,1522.0,1522.0,1518.55,1518.75,19070
2024-05-30 14:19:00,1519.25,1520.45,1518.1,1518.4,8390
2024-05-30 14:20:00,1518.2,1519.05,1517.05,1518.6,25477
2024-05-30 14:21:00,1518.6,1519.8,1517.8,1518.85,7422
2024-05-30 14:22:00,1518.8,1519.55,1518.4,1519.1,8244
2024-05-30 14:23:00,1518.6,1519.1,1518.35,1518.6,3283
2024-05-30 14:24:00,1518.6,1519.05,1517.95,1518.6,9205
2024-05-30 14:25:00,1518.6,1519.25,1518.3,1518.6,4172
2024-05-30 14:26:00,1518.6,1519.2,1518.6,1518.6,2887
2024-05-30 14:27:00,1518.6,1519.2,1518.5,1518.6,3061
2024-05-30 14:28:00,1518.6,1519.0,1518.3,1518.6,2223
2024-05-30 14:29:00,1518.6,1518.95,1518.0,1518.6,16141
2024-05-30 14:30:00,1518.6,1518.95,1517.85,1518.6,5645
2024-05-30 14:31:00,1518.6,1519.35,1518.2,1519.2,5420
2024-05-30 14:32:00,1519.2,1520.2,1518.1,1520.0,26237
2024-05-30 14:33:00,1520.0,1520.3,1519.45,1520.2,14690
2024-05-30 14:34:00,1520.2,1520.25,1519.65,1520.0,1518
2024-05-30 14:35:00,1520.0,1520.25,1519.45,1520.0,6794
2024-05-30 14:36:00,1520.0,1520.4,1519.7,1520.0,4390
2024-05-30 14:37:00,1520.0,1520.2,1519.5,1520.2,2773
2024-05-30 14:38:00,1520.2,1520.85,1520.0,1520.2,4207
2024-05-30 14:39:00,1520.0,1520.75,1520.0,1520.7,4699
2024-05-30 14:40:00,1520.5,1520.7,1520.1,1520.55,1361
2024-05-30 14:41:00,1520.55,1520.6,1519.7,1520.0,12785
2024-05-30 14:42:00,1520.0,1520.1,1518.8,1518.8,16931
2024-05-30 14:43:00,1518.55,1520.2,1517.0,1520.0,21584
2024-05-30 14:44:00,1520.0,1520.15,1520.0,1520.0,4934
2024-05-30 14:45:00,1520.0,1521.4,1519.55,1520.95,5964
2024-05-30 14:46:00,1520.35,1521.5,1520.15,1520.55,2741
2024-05-30 14:47:00,1520.65,1521.2,1520.6,1520.7,3859
2024-05-30 14:48:00,1520.6,1521.45,1519.55,1520.05,8189
2024-05-30 14:49:00,1520.0,1521.0,1519.4,1520.95,11590
2024-05-30 14:50:00,1520.25,1521.05,1519.75,1520.65,6502
2024-05-30 14:51:00,1520.6,1520.6,1519.65,1520.0,4784
2024-05-30 14:52:00,1520.0,1520.55,1520.0,1520.1,3557
2024-05-30 14:53:00,1520.1,1520.2,1519.7,1520.1,7157
2024-05-30 14:54:00,1520.0,1520.2,1520.0,1520.0,3964
2024-05-30 14:55:00,1520.0,1520.6,1519.65,1520.0,3429
2024-05-30 14:56:00,1520.0,1520.65,1519.85,1520.0,6976
2024-05-30 14:57:00,1520.15,1520.3,1519.55,1520.0,5565
2024-05-30 14:58:00,1520.0,1520.1,1519.55,1520.0,8030
2024-05-30 14:59:00,1519.95,1520.1,1519.1,1520.0,20847
2024-05-30 15:00:00,1520.0,1522.25,1519.45,1521.5,14509
2024-05-30 15:01:00,1522.0,1522.0,1519.65,1520.4,10579
2024-05-30 15:02:00,1520.0,1521.85,1519.7,1521.5,22779
2024-05-30 15:03:00,1521.75,1524.0,1520.05,1524.0,11036
2024-05-30 15:04:00,1523.8,1525.8,1523.05,1524.25,15560
2024-05-30 15:05:00,1524.7,1525.6,1524.25,1525.0,10792
2024-05-30 15:06:00,1525.0,1526.3,1524.3,1526.2,8817
2024-05-30 15:07:00,1526.7,1527.15,1523.7,1523.95,10471
2024-05-30 15:08:00,1523.35,1526.85,1523.3,1526.25,20705
2024-05-30 15:09:00,1526.6,1527.0,1523.0,1523.9,16667
2024-05-30 15:10:00,1523.9,1524.65,1521.95,1524.15,13869
2024-05-30 15:11:00,1524.15,1525.85,1524.15,1525.35,8272
2024-05-30 15:12:00,1525.35,1525.5,1523.55,1524.2,8781
2024-05-30 15:13:00,1524.2,1524.85,1522.2,1522.85,8269
2024-05-30 15:14:00,1522.85,1524.55,1522.05,1522.8,12133
2024-05-30 15:15:00,1523.0,1524.75,1522.05,1524.5,14415
2024-05-30 15:16:00,1524.15,1524.75,1522.8,1523.35,15945
2024-05-30 15:17:00,1523.35,1524.75,1523.35,1523.6,13600
2024-05-30 15:18:00,1523.6,1525.0,1521.8,1523.05,22905
2024-05-30 15:19:00,1523.15,1525.95,1522.85,1525.45,28003
2024-05-30 15:20:00,1525.05,1527.75,1525.05,1526.2,17306
2024-05-30 15:21:00,1526.15,1526.95,1525.0,1525.0,22087
2024-05-30 15:22:00,1525.05,1526.0,1524.3,1525.8,13371
2024-05-30 15:23:00,1525.8,1526.8,1525.0,1526.65,10171
2024-05-30 15:24:00,1526.8,1527.4,1524.75,1524.95,10891
2024-05-30 15:25:00,1525.0,1525.65,1523.75,1524.8,18739
2024-05-30 15:26:00,1524.8,1525.15,1522.7,1523.05,11190
2024-05-30 15:27:00,1523.3,1525.0,1522.5,1524.0,8815
2024-05-30 15:28:00,1524.0,1525.0,1523.8,1525.0,9720
2024-05-30 15:29:00,1525.0,1526.0,1523.0,1525.0,7604
2024-05-31 09:15:00,1530.0,1531.7,1524.0,1531.5,33614
2024-05-31 09:16:00,1531.55,1539.8,1531.45,1538.8,22169
2024-05-31 09:17:00,1538.6,1543.65,1537.7,1542.4,22575
2024-05-31 09:18:00,1541.85,1545.5,1540.1,1541.65,12877
2024-05-31 09:19:00,1541.45,1545.0,1541.25,1545.0,8326
2024-05-31 09:20:00,1545.0,1546.5,1543.6,1546.5,18633
2024-05-31 09:21:00,1546.65,1548.35,1545.0,1545.3,15133
2024-05-31 09:22:00,1545.85,1548.0,1545.15,1547.0,13715
2024-05-31 09:23:00,1546.85,1547.0,1542.55,1544.4,13309
2024-05-31 09:24:00,1545.0,1546.0,1543.05,1544.75,13382
2024-05-31 09:25:00,1544.8,1549.8,1544.6,1549.8,11286
2024-05-31 09:26:00,1549.8,1552.05,1549.45,1550.45,18337
2024-05-31 09:27:00,1550.55,1552.0,1549.25,1550.4,16001
2024-05-31 09:28:00,1550.4,1550.4,1548.55,1549.0,5926
2024-05-31 09:29:00,1549.2,1549.7,1546.1,1547.75,8270
2024-05-31 09:30:00,1547.0,1547.45,1539.25,1539.3,10774
2024-05-31 09:31:00,1540.6,1540.6,1537.55,1538.2,8859
2024-05-31 09:32:00,1538.2,1541.4,1537.75,1539.65,6961
2024-05-31 09:33:00,1540.35,1542.55,1538.25,1540.15,6415
2024-05-31 09:34:00,1540.8,1540.8,1538.55,1539.35,4311
2024-05-31 09:35:00,1539.35,1540.15,1536.0,1536.3,6034
2024-05-31 09:36:00,1536.5,1538.6,1536.45,1537.15,2993
2024-05-31 09:37:00,1537.0,1538.75,1536.4,1537.65,5605
2024-05-31 09:38:00,1537.65,1539.1,1537.05,1537.45,2601
2024-05-31 09:39:00,1537.4,1538.35,1535.95,1536.2,5028
2024-05-31 09:40:00,1536.5,1537.3,1536.05,1536.6,2278
2024-05-31 09:41:00,1535.95,1536.6,1534.0,1534.0,4745
2024-05-31 09:42:00,1534.0,1536.7,1533.15,1536.4,5783
2024-05-31 09:43:00,1536.1,1538.45,1535.15,1536.55,6436
2024-05-31 09:44:00,1536.5,1536.55,1531.8,1531.8,4996
2024-05-31 09:45:00,1531.6,1533.95,1531.05,1531.05,4996
2024-05-31 09:46:00,1531.05,1532.0,1528.7,1529.2,11212
2024-05-31 09:47:00,1529.75,1530.4,1528.0,1528.7,6474
2024-05-31 09:48:00,1528.7,1532.5,1528.7,1530.9,12173
2024-05-31 09:49:00,1530.95,1533.65,1530.9,1532.75,5087
2024-05-31 09:50:00,1532.75,1533.0,1531.05,1532.1,2717
2024-05-31 09:51:00,1531.8,1532.1,1531.0,1531.05,1992
2024-05-31 09:52:00,1531.05,1532.0,1530.0,1530.0,2855
2024-05-31 09:53:00,1530.0,1531.95,1530.0,1531.9,1722
2024-05-31 09:54:00,1531.9,1533.4,1531.9,1532.0,1893
2024-05-31 09:55:00,1532.0,1533.9,1531.4,1533.15,5405
2024-05-31 09:56:00,1533.35,1535.1,1533.0,1534.25,2350
2024-05-31 09:57:00,1534.25,1536.05,1533.0,1535.15,4143
2024-05-31 09:58:00,1535.15,1538.25,1535.15,1535.85,5563
2024-05-31 09:59:00,1535.85,1536.5,1534.15,1534.5,2165
2024-05-31 10:00:00,1534.5,1535.3,1533.5,1534.6,3736
2024-05-31 10:01:00,1534.2,1535.4,1533.3,1533.55,1632
2024-05-31 10:02:00,1533.5,1535.4,1533.5,1534.7,7450
2024-05-31 10:03:00,1534.75,1535.2,1534.05,1534.25,1592
2024-05-31 10:04:00,1534.25,1536.45,1533.9,1534.6,2174
2024-05-31 10:05:00,1534.65,1537.4,1534.0,1534.35,3871
2024-05-31 10:06:00,1534.35,1536.0,1534.35,1534.85,1605
2024-05-31 10:07:00,1534.85,1534.85,1532.1,1532.1,1816
2024-05-31 10:08:00,1532.1,1534.45,1531.65,1533.25,4634
2024-05-31 10:09:00,1533.2,1534.5,1533.0,1533.05,3367
2024-05-31 10:10:00,1533.05,1533.95,1533.0,1533.0,2485
2024-05-31 10:11:00,1533.0,1533.5,1532.5,1533.0,3356
2024-05-31 10:12:00,1533.0,1534.3,1532.8,1532.9,3833
2024-05-31 10:13:00,1533.9,1533.9,1532.05,1532.75,2634
2024-05-31 10:14:00,1532.75,1533.0,1532.0,1532.0,2492
2024-05-31 10:15:00,1532.0,1533.5,1532.0,1532.9,1079
2024-05-31 10:16:00,1532.9,1533.4,1532.25,1533.35,1200
2024-05-31 10:17:00,1533.35,1536.95,1533.35,1536.2,4194
2024-05-31 10:18:00,1536.2,1537.6,1536.15,1536.75,4198
2024-05-31 10:19:00,1536.75,1537.95,1536.25,1537.9,7630
2024-05-31 10:20:00,1537.85,1540.5,1537.05,1537.95,17515
2024-05-31 10:21:00,1537.95,1538.8,1536.0,1536.3,1340
2024-05-31 10:22:00,1536.3,1536.5,1532.4,1533.25,7287
2024-05-31 10:23:00,1533.7,1534.65,1532.0,1533.55,3646
2024-05-31 10:24:00,1533.55,1533.9,1532.35,1532.8,2084
2024-05-31 10:25:00,1533.0,1533.4,1532.0,1532.0,3572
2024-05-31 10:26:00,1532.0,1532.55,1530.4,1531.05,3420
2024-05-31 10:27:00,1531.05,1531.75,1530.0,1531.45,5283
2024-05-31 10:28:00,1531.4,1531.7,1530.0,1530.0,5234
2024-05-31 10:29:00,1530.0,1531.2,1529.0,1531.1,7515
2024-05-31 10:30:00,1531.1,1532.25,1529.65,1531.15,4741
2024-05-31 10:31:00,1531.15,1532.0,1530.35,1530.9,4946
2024-05-31 10:32:00,1530.75,1532.0,1530.75,1531.3,5663
2024-05-31 10:33:00,1531.3,1532.55,1531.05,1532.25,4121
2024-05-31 10:34:00,1532.25,1532.25,1530.1,1530.25,6423
2024-05-31 10:35:00,1530.25,1531.0,1529.0,1529.25,7429
2024-05-31 10:36:00,1529.25,1530.05,1529.25,1529.25,3234
2024-05-31 10:37:00,1529.25,1530.85,1528.75,1529.3,6686
2024-05-31 10:38:00,1529.3,1530.4,1528.6,1528.6,5193
2024-05-31 10:39:00,1528.55,1530.55,1528.0,1528.45,9889
2024-05-31 10:40:00,1528.45,1528.9,1525.6,1525.6,8245
2024-05-31 10:41:00,1525.35,1527.3,1525.25,1526.55,9697
2024-05-31 10:42:00,1526.55,1528.05,1526.5,1527.35,5706
2024-05-31 10:43:00,1527.05,1527.9,1526.1,1527.05,3505
2024-05-31 10:44:00,1526.5,1526.85,1526.05,1526.05,1382
2024-05-31 10:45:00,1526.05,1527.2,1526.0,1526.5,2445
2024-05-31 10:46:00,1526.5,1528.25,1526.5,1527.7,10824
2024-05-31 10:47:00,1527.7,1528.0,1527.0,1527.45,16301
2024-05-31 10:48:00,1527.45,1527.8,1524.2,1524.2,8276
2024-05-31 10:49:00,1524.2,1524.3,1523.0,1523.0,7735
2024-05-31 10:50:00,1523.4,1523.5,1522.4,1523.15,2839
2024-05-31 10:51:00,1522.95,1524.9,1522.95,1524.7,1713
2024-05-31 10:52:00,1525.0,1525.85,1524.7,1525.25,3187
2024-05-31 10:53:00,1525.8,1525.85,1524.85,1525.25,933
2024-05-31 10:54:00,1525.3,1525.35,1524.45,1525.0,3037
2024-05-31 10:55:00,1525.05,1525.25,1523.15,1523.2,6318
2024-05-31 10:56:00,1523.2,1524.25,1523.05,1523.95,2518
2024-05-31 10:57:00,1523.95,1524.35,1522.85,1523.5,3323
2024-05-31 10:58:00,1523.5,1523.7,1522.3,1523.0,2749
2024-05-31 10:59:00,1523.0,1523.0,1521.25,1522.3,2560
2024-05-31 11:00:00,1522.3,1522.7,1521.0,1521.7,3840
2024-05-31 11:01:00,1521.7,1522.9,1521.15,1522.35,3298
2024-05-31 11:02:00,1523.0,1523.0,1521.4,1521.75,1860
2024-05-31 11:03:00,1521.75,1522.3,1521.0,1521.0,2283
2024-05-31 11:04:00,1521.0,1523.05,1521.0,1522.35,2058
2024-05-31 11:05:00,1522.35,1524.3,1522.05,1523.4,1419
2024-05-31 11:06:00,1523.4,1524.3,1522.85,1523.25,4265
2024-05-31 11:07:00,1523.4,1523.8,1523.0,1523.1,3044
2024-05-31 11:08:00,1523.1,1524.45,1522.85,1524.0,2490
2024-05-31 11:09:00,1524.0,1524.95,1523.1,1524.45,2212
2024-05-31 11:10:00,1524.45,1525.3,1524.05,1524.85,5233
2024-05-31 11:11:00,1525.0,1526.85,1524.65,1524.75,4514
2024-05-31 11:12:00,1525.0,1526.65,1524.55,1524.55,3789
2024-05-31 11:13:00,1524.55,1525.5,1524.2,1524.55,2126
2024-05-31 11:14:00,1524.55,1525.15,1523.3,1524.3,2085
2024-05-31 11:15:00,1524.3,1526.0,1524.15,1524.8,2498
2024-05-31 11:16:00,1524.8,1525.15,1524.0,1524.05,1838
2024-05-31 11:17:00,1524.05,1525.4,1523.95,1524.55,2178
2024-05-31 11:18:00,1524.35,1525.4,1524.15,1525.35,1797
2024-05-31 11:19:00,1525.35,1526.5,1524.8,1525.45,3528
2024-05-31 11:20:00,1526.1,1526.5,1525.4,1526.45,3266
2024-05-31 11:21:00,1525.75,1527.0,1525.5,1526.5,3457
2024-05-31 11:22:00,1526.5,1528.0,1526.45,1527.5,5485
2024-05-31 11:23:00,1527.5,1528.0,1527.05,1527.6,7681
2024-05-31 11:24:00,1527.35,1527.7,1526.3,1527.05,4382
2024-05-31 11:25:00,1527.15,1527.9,1526.5,1526.5,3268
2024-05-31 11:26:00,1526.5,1527.1,1526.05,1526.3,1602
2024-05-31 11:27:00,1526.45,1527.35,1526.45,1526.5,2419
2024-05-31 11:28:00,1526.5,1526.8,1525.5,1526.6,1964
2024-05-31 11:29:00,1526.6,1526.6,1525.0,1525.0,2304
2024-05-31 11:30:00,1525.0,1526.25,1524.15,1526.1,3670
2024-05-31 11:31:00,1525.75,1527.35,1525.5,1525.5,3642
2024-05-31 11:32:00,1525.5,1527.05,1523.25,1523.25,27572
2024-05-31 11:33:00,1523.25,1524.25,1522.0,1522.0,4993
2024-05-31 11:34:00,1522.0,1523.65,1522.0,1522.85,3630
2024-05-31 11:35:00,1522.75,1524.0,1522.75,1523.75,2179
2024-05-31 11:36:00,1523.75,1524.0,1523.6,1524.0,13021
2024-05-31 11:37:00,1523.7,1524.05,1522.3,1523.6,5427
2024-05-31 11:38:00,1523.6,1523.85,1521.1,1521.7,9006
2024-05-31 11:39:00,1521.7,1522.35,1521.05,1522.0,7422
2024-05-31 11:40:00,1521.4,1522.15,1521.25,1521.5,9285
2024-05-31 11:41:00,1521.35,1522.0,1521.1,1522.0,5004
2024-05-31 11:42:00,1522.0,1522.35,1521.05,1521.4,5460
2024-05-31 11:43:00,1521.4,1523.5,1521.4,1523.5,7139
2024-05-31 11:44:00,1523.45,1524.25,1523.0,1523.55,7349
2024-05-31 11:45:00,1523.55,1524.1,1522.85,1522.85,8956
2024-05-31 11:46:00,1523.55,1524.4,1522.7,1524.0,4952
2024-05-31 11:47:00,1524.0,1524.2,1523.0,1523.55,10490
2024-05-31 11:48:00,1523.25,1524.0,1522.9,1523.6,5387
2024-05-31 11:49:00,1523.1,1524.0,1522.85,1524.0,7478
2024-05-31 11:50:00,1524.0,1524.0,1522.75,1523.65,7757
2024-05-31 11:51:00,1523.65,1523.9,1522.8,1523.6,3899
2024-05-31 11:52:00,1523.6,1523.65,1522.8,1523.6,1975
2024-05-31 11:53:00,1523.25,1524.0,1522.35,1522.35,1369
2024-05-31 11:54:00,1522.35,1524.0,1522.2,1523.95,3940
2024-05-31 11:55:00,1523.3,1524.0,1523.0,1523.7,2018
2024-05-31 11:56:00,1523.1,1524.0,1522.8,1523.4,6813
2024-05-31 11:57:00,1523.45,1524.0,1522.95,1523.5,2935
2024-05-31 11:58:00,1522.75,1524.0,1522.65,1523.9,5713
2024-05-31 11:59:00,1523.95,1524.0,1523.25,1523.95,5712
2024-05-31 12:00:00,1523.45,1524.0,1523.0,1523.1,3474
2024-05-31 12:01:00,1523.1,1524.0,1523.05,1523.25,2994
2024-05-31 12:02:00,1523.7,1524.4,1523.1,1523.55,1456
2024-05-31 12:03:00,1523.45,1523.9,1523.1,1523.15,2627
2024-05-31 12:04:00,1523.7,1523.85,1523.0,1523.05,1276
2024-05-31 12:05:00,1523.55,1524.0,1522.9,1523.45,3453
2024-05-31 12:06:00,1523.45,1524.6,1523.45,1524.45,2027
2024-05-31 12:07:00,1524.45,1525.95,1524.0,1525.2,5974
2024-05-31 12:08:00,1525.0,1526.5,1523.85,1524.1,3846
2024-05-31 12:09:00,1524.1,1525.1,1524.1,1524.15,1415
2024-05-31 12:10:00,1524.75,1524.9,1523.2,1524.0,2304
2024-05-31 12:11:00,1524.0,1524.35,1523.35,1524.0,955
2024-05-31 12:12:00,1524.0,1524.95,1523.6,1524.15,882
2024-05-31 12:13:00,1524.15,1525.8,1524.1,1525.6,4584
2024-05-31 12:14:00,1524.8,1525.65,1524.4,1524.45,4732
2024-05-31 12:15:00,1524.45,1525.3,1524.25,1524.35,1112
2024-05-31 12:16:00,1524.35,1526.2,1524.25,1525.1,4715
2024-05-31 12:17:00,1525.45,1526.9,1522.8,1523.15,28745
2024-05-31 12:18:00,1522.7,1524.7,1522.7,1523.4,4361
2024-05-31 12:19:00,1524.0,1524.0,1523.05,1523.4,6092
2024-05-31 12:20:00,1523.9,1523.9,1522.8,1523.85,1562
2024-05-31 12:21:00,1523.8,1524.9,1522.9,1524.05,9768
2024-05-31 12:22:00,1524.05,1524.95,1523.2,1523.8,3179
2024-05-31 12:23:00,1524.0,1524.35,1523.35,1523.4,5628
2024-05-31 12:24:00,1523.4,1524.0,1523.05,1523.8,5273
2024-05-31 12:25:00,1524.0,1524.0,1523.05,1523.8,2818
2024-05-31 12:26:00,1523.8,1524.25,1523.05,1524.0,731
2024-05-31 12:27:00,1524.0,1524.15,1523.05,1523.05,1010
2024-05-31 12:28:00,1523.0,1524.0,1523.0,1523.2,2951
2024-05-31 12:29:00,1523.15,1524.0,1523.15,1523.95,3517
2024-05-31 12:30:00,1523.95,1525.3,1523.7,1523.85,21897
2024-05-31 12:31:00,1523.85,1525.2,1523.75,1524.35,1468
2024-05-31 12:32:00,1524.95,1525.4,1524.1,1525.35,4828
2024-05-31 12:33:00,1524.7,1525.6,1524.55,1524.95,4498
2024-05-31 12:34:00,1525.0,1525.95,1524.55,1525.0,4462
2024-05-31 12:35:00,1525.05,1525.85,1523.85,1524.15,36629
2024-05-31 12:36:00,1524.95,1524.95,1523.3,1524.15,7652
2024-05-31 12:37:00,1524.0,1524.15,1523.8,1523.8,1876
2024-05-31 12:38:00,1523.8,1524.0,1523.15,1523.3,2271
2024-05-31 12:39:00,1523.9,1524.25,1523.05,1524.0,10110
2024-05-31 12:40:00,1524.0,1524.25,1522.8,1523.15,5469
2024-05-31 12:41:00,1523.75,1523.85,1523.0,1523.2,558
2024-05-31 12:42:00,1523.2,1523.7,1523.0,1523.25,2956
2024-05-31 12:43:00,1523.6,1523.85,1523.05,1523.2,1322
2024-05-31 12:44:00,1523.15,1523.95,1522.0,1522.25,13880
2024-05-31 12:45:00,1522.85,1522.9,1522.0,1522.05,5189
2024-05-31 12:46:00,1522.65,1522.75,1522.0,1522.0,724
2024-05-31 12:47:00,1522.3,1522.35,1521.45,1521.5,3185
2024-05-31 12:48:00,1522.05,1522.9,1521.5,1522.8,3663
2024-05-31 12:49:00,1522.85,1522.9,1522.2,1522.7,1922
2024-05-31 12:50:00,1522.8,1522.85,1522.35,1522.45,2440
2024-05-31 12:51:00,1522.45,1523.0,1522.25,1522.3,1615
2024-05-31 12:52:00,1522.75,1523.85,1522.45,1523.0,27911
2024-05-31 12:53:00,1522.7,1523.7,1522.7,1523.25,20469
2024-05-31 12:54:00,1523.1,1524.0,1522.9,1524.0,6501
2024-05-31 12:55:00,1523.8,1524.0,1523.15,1523.6,2703
2024-05-31 12:56:00,1523.6,1524.0,1523.15,1523.8,3245
2024-05-31 12:57:00,1523.8,1524.0,1523.4,1523.45,1564
2024-05-31 12:58:00,1523.45,1524.0,1523.35,1523.4,1709
2024-05-31 12:59:00,1523.4,1524.0,1523.2,1523.2,4005
2024-05-31 13:00:00,1523.45,1523.95,1522.65,1523.65,5378
2024-05-31 13:01:00,1523.5,1523.95,1522.9,1523.35,2265
2024-05-31 13:02:00,1523.35,1524.0,1523.35,1523.95,3519
2024-05-31 13:03:00,1523.7,1523.95,1522.5,1523.15,2943
2024-05-31 13:04:00,1523.15,1523.6,1522.5,1523.6,2387
2024-05-31 13:05:00,1523.05,1523.6,1522.3,1522.3,2443
2024-05-31 13:06:00,1522.4,1522.95,1521.45,1522.45,7376
2024-05-31 13:07:00,1522.1,1523.2,1521.7,1521.7,3273
2024-05-31 13:08:00,1522.35,1523.95,1521.8,1523.85,3603
2024-05-31 13:09:00,1523.85,1524.0,1523.2,1524.0,957
2024-05-31 13:10:00,1523.85,1524.0,1522.85,1522.85,6788
2024-05-31 13:11:00,1522.85,1523.9,1522.85,1523.25,1797
2024-05-31 13:12:00,1523.55,1523.9,1523.1,1523.85,509
2024-05-31 13:13:00,1523.85,1524.0,1523.3,1523.4,4531
2024-05-31 13:14:00,1524.0,1524.0,1523.2,1523.7,1070
2024-05-31 13:15:00,1523.7,1523.7,1523.0,1523.55,2206
2024-05-31 13:16:00,1523.6,1523.6,1522.5,1522.5,2293
2024-05-31 13:17:00,1522.5,1522.65,1522.1,1522.45,1612
2024-05-31 13:18:00,1522.45,1522.5,1522.05,1522.3,3103
2024-05-31 13:19:00,1522.3,1523.95,1522.25,1523.2,3366
2024-05-31 13:20:00,1523.2,1524.0,1523.1,1524.0,3487
2024-05-31 13:21:00,1523.65,1524.1,1523.2,1523.55,13059
2024-05-31 13:22:00,1523.8,1524.1,1523.15,1523.15,9218
2024-05-31 13:23:00,1523.05,1523.05,1522.35,1522.95,4684
2024-05-31 13:24:00,1523.0,1523.0,1522.45,1522.85,10890
2024-05-31 13:25:00,1522.85,1523.0,1522.25,1522.7,5323
2024-05-31 13:26:00,1522.65,1522.95,1522.05,1522.45,2763
2024-05-31 13:27:00,1522.45,1522.95,1522.0,1522.0,2231
2024-05-31 13:28:00,1522.4,1523.0,1522.05,1522.15,2549
2024-05-31 13:29:00,1522.8,1522.9,1522.0,1522.75,1412
2024-05-31 13:30:00,1522.45,1522.75,1521.4,1521.45,3480
2024-05-31 13:31:00,1521.7,1522.0,1521.4,1522.0,9112
2024-05-31 13:32:00,1521.75,1522.0,1521.45,1521.7,4027
2024-05-31 13:33:00,1521.7,1522.0,1521.15,1522.0,3043
2024-05-31 13:34:00,1521.9,1522.0,1521.05,1521.15,5866
2024-05-31 13:35:00,1521.75,1521.9,1521.25,1521.65,1107
2024-05-31 13:36:00,1521.75,1521.9,1521.1,1521.75,2749
2024-05-31 13:37:00,1521.3,1522.0,1521.15,1521.55,2369
2024-05-31 13:38:00,1521.5,1521.55,1521.2,1521.45,3244
2024-05-31 13:39:00,1521.2,1522.0,1521.15,1521.9,4265
2024-05-31 13:40:00,1521.9,1522.0,1521.65,1521.7,2562
2024-05-31 13:41:00,1521.7,1522.0,1521.3,1521.9,3396
2024-05-31 13:42:00,1521.45,1524.0,1521.25,1523.3,5512
2024-05-31 13:43:00,1523.3,1524.0,1523.05,1524.0,6540
2024-05-31 13:44:00,1523.95,1524.95,1523.1,1524.75,5571
2024-05-31 13:45:00,1524.1,1524.8,1523.65,1524.7,3856
2024-05-31 13:46:00,1524.4,1526.25,1523.95,1525.95,3451
2024-05-31 13:47:00,1526.25,1527.5,1525.5,1526.9,5379
2024-05-31 13:48:00,1527.1,1527.1,1525.8,1526.5,4665
2024-05-31 13:49:00,1526.2,1526.45,1525.0,1526.15,6647
2024-05-31 13:50:00,1526.15,1526.65,1525.4,1526.2,4625
2024-05-31 13:51:00,1526.4,1527.0,1525.15,1526.2,4298
2024-05-31 13:52:00,1526.2,1527.0,1525.45,1527.0,4181
2024-05-31 13:53:00,1527.0,1527.1,1525.85,1526.6,4649
2024-05-31 13:54:00,1526.55,1526.95,1525.55,1526.3,3693
2024-05-31 13:55:00,1526.3,1526.85,1525.55,1526.55,3834
2024-05-31 13:56:00,1526.55,1527.1,1525.8,1527.1,4602
2024-05-31 13:57:00,1527.1,1528.85,1526.6,1528.85,5586
2024-05-31 13:58:00,1528.85,1529.85,1528.3,1529.5,3631
2024-05-31 13:59:00,1529.5,1529.85,1529.0,1529.4,1459
2024-05-31 14:00:00,1529.4,1529.95,1528.75,1529.2,2813
2024-05-31 14:01:00,1529.2,1530.55,1529.0,1529.65,9364
2024-05-31 14:02:00,1529.05,1530.65,1529.05,1530.65,3499
2024-05-31 14:03:00,1530.0,1530.75,1529.05,1529.25,3466
2024-05-31 14:04:00,1529.25,1529.25,1527.35,1528.1,5328
2024-05-31 14:05:00,1528.45,1528.95,1526.5,1526.5,7202
2024-05-31 14:06:00,1526.5,1528.25,1525.7,1527.0,10319
2024-05-31 14:07:00,1527.0,1528.35,1526.9,1527.5,9767
2024-05-31 14:08:00,1527.5,1528.2,1526.9,1528.0,3628
2024-05-31 14:09:00,1527.35,1530.5,1527.15,1530.5,4575
2024-05-31 14:10:00,1530.5,1530.5,1529.5,1529.8,4514
2024-05-31 14:11:00,1529.8,1530.5,1529.5,1530.5,7702
2024-05-31 14:12:00,1530.5,1530.5,1530.0,1530.3,3860
2024-05-31 14:13:00,1530.3,1530.6,1529.4,1530.0,23916
2024-05-31 14:14:00,1530.4,1530.55,1529.1,1530.55,30714
2024-05-31 14:15:00,1530.55,1530.95,1529.7,1530.4,4023
2024-05-31 14:16:00,1530.4,1530.4,1529.75,1530.1,8152
2024-05-31 14:17:00,1530.1,1530.1,1525.75,1525.85,27823
2024-05-31 14:18:00,1525.85,1526.25,1525.45,1526.2,6386
2024-05-31 14:19:00,1526.0,1526.2,1525.75,1526.05,15935
2024-05-31 14:20:00,1526.0,1526.75,1525.55,1526.75,11275
2024-05-31 14:21:00,1526.75,1526.75,1525.8,1526.2,15052
2024-05-31 14:22:00,1526.2,1526.2,1525.8,1526.05,24271
2024-05-31 14:23:00,1526.0,1526.05,1525.95,1526.05,12161
2024-05-31 14:24:00,1526.0,1526.05,1526.0,1526.0,21361
2024-05-31 14:25:00,1526.05,1527.6,1526.0,1526.0,4783
2024-05-31 14:26:00,1526.1,1526.2,1525.25,1525.65,4706
2024-05-31 14:27:00,1525.65,1526.15,1524.9,1525.5,5997
2024-05-31 14:28:00,1525.5,1526.1,1525.45,1526.0,2504
2024-05-31 14:29:00,1525.6,1526.1,1524.7,1524.7,4897
2024-05-31 14:30:00,1524.7,1524.85,1524.1,1524.6,3229
2024-05-31 14:31:00,1524.6,1524.75,1523.0,1523.8,4298
2024-05-31 14:32:00,1522.9,1523.85,1521.9,1522.55,6484
2024-05-31 14:33:00,1522.6,1522.85,1521.55,1522.55,4570
2024-05-31 14:34:00,1522.55,1522.55,1521.2,1521.55,4140
2024-05-31 14:35:00,1521.95,1522.1,1520.75,1520.75,16375
2024-05-31 14:36:00,1520.75,1524.45,1520.5,1523.45,20558
2024-05-31 14:37:00,1523.45,1524.65,1521.75,1521.8,6177
2024-05-31 14:38:00,1521.8,1523.4,1521.65,1522.1,7579
2024-05-31 14:39:00,1522.1,1522.35,1521.1,1521.15,8389
2024-05-31 14:40:00,1521.2,1522.45,1520.35,1522.25,6837
2024-05-31 14:41:00,1522.25,1522.45,1521.1,1522.45,3906
2024-05-31 14:42:00,1521.95,1522.45,1521.5,1522.35,3318
2024-05-31 14:43:00,1522.35,1523.0,1521.75,1522.5,4726
2024-05-31 14:44:00,1522.5,1523.1,1522.0,1522.9,5214
2024-05-31 14:45:00,1522.1,1522.95,1521.8,1522.45,7594
2024-05-31 14:46:00,1522.2,1522.45,1520.95,1521.85,4823
2024-05-31 14:47:00,1521.85,1521.85,1520.85,1521.45,2654
2024-05-31 14:48:00,1521.45,1521.45,1520.25,1521.2,10054
2024-05-31 14:49:00,1521.2,1521.3,1520.3,1521.1,8229
2024-05-31 14:50:00,1521.1,1521.1,1520.1,1520.5,5440
2024-05-31 14:51:00,1520.15,1520.5,1519.9,1520.45,9914
2024-05-31 14:52:00,1520.45,1520.45,1518.9,1520.0,17490
2024-05-31 14:53:00,1520.0,1521.3,1519.95,1521.05,14592
2024-05-31 14:54:00,1521.05,1522.4,1520.55,1522.4,7086
2024-05-31 14:55:00,1522.4,1522.5,1522.3,1522.45,3900
2024-05-31 14:56:00,1522.4,1524.4,1522.4,1523.55,2694
2024-05-31 14:57:00,1524.15,1524.4,1523.1,1523.65,976
2024-05-31 14:58:00,1523.65,1524.4,1523.15,1524.35,5446
2024-05-31 14:59:00,1524.6,1524.95,1524.3,1524.4,5441
2024-05-31 15:00:00,1524.4,1527.3,1524.3,1527.1,23647
2024-05-31 15:01:00,1526.9,1527.1,1524.65,1525.65,25064
2024-05-31 15:02:00,1525.65,1526.7,1525.1,1526.45,32699
2024-05-31 15:03:00,1526.95,1526.95,1522.35,1522.35,26888
2024-05-31 15:04:00,1524.05,1527.0,1523.85,1525.85,49446
2024-05-31 15:05:00,1525.35,1525.7,1523.7,1524.0,16209
2024-05-31 15:06:00,1524.1,1525.3,1523.2,1524.7,33294
2024-05-31 15:07:00,1524.7,1526.1,1524.4,1525.2,19507
2024-05-31 15:08:00,1525.2,1526.1,1525.15,1525.85,15859
2024-05-31 15:09:00,1525.85,1528.0,1525.85,1527.7,37820
2024-05-31 15:10:00,1527.65,1529.9,1527.15,1529.9,33603
2024-05-31 15:11:00,1529.45,1529.6,1528.65,1528.8,26648
2024-05-31 15:12:00,1528.75,1529.95,1528.75,1529.95,32432
2024-05-31 15:13:00,1529.4,1529.65,1529.1,1529.6,25324
2024-05-31 15:14:00,1529.55,1530.0,1529.1,1529.75,26009
2024-05-31 15:15:00,1529.8,1531.2,1529.15,1530.3,31770
2024-05-31 15:16:00,1530.8,1533.4,1530.3,1533.2,20324
2024-05-31 15:17:00,1533.45,1534.35,1532.65,1533.05,28160
2024-05-31 15:18:00,1532.8,1532.8,1531.15,1532.3,20956
2024-05-31 15:19:00,1532.35,1533.0,1531.9,1532.35,12711
2024-05-31 15:20:00,1532.3,1533.05,1531.75,1532.25,25781
2024-05-31 15:21:00,1532.3,1532.3,1530.9,1531.05,13779
2024-05-31 15:22:00,1531.05,1531.35,1529.95,1529.95,24449
2024-05-31 15:23:00,1530.0,1530.0,1528.75,1528.95,34183
2024-05-31 15:24:00,1528.95,1530.95,1528.75,1530.7,27329
2024-05-31 15:25:00,1530.1,1532.5,1530.1,1532.5,30040
2024-05-31 15:26:00,1532.05,1532.75,1530.5,1530.5,17465
2024-05-31 15:27:00,1530.5,1532.0,1530.0,1531.0,23989
2024-05-31 15:28:00,1530.3,1531.0,1530.0,1530.0,5258
2024-05-31 15:29:00,1530.4,1531.0,1530.0,1531.0,4902
2024-06-03 09:15:00,1580.0,1582.3,1556.45,1563.85,47949
2024-06-03 09:16:00,1561.2,1570.0,1558.0,1568.25,101458
2024-06-03 09:17:00,1571.15,1576.75,1565.65,1565.8,15781
2024-06-03 09:18:00,1566.45,1570.2,1565.75,1568.95,11728
2024-06-03 09:19:00,1568.25,1570.0,1567.95,1568.4,19339
2024-06-03 09:20:00,1568.05,1569.85,1567.4,1568.2,22509
2024-06-03 09:21:00,1568.2,1570.3,1568.0,1570.0,16132
2024-06-03 09:22:00,1570.0,1570.5,1568.0,1569.2,30344
2024-06-03 09:23:00,1570.0,1576.65,1569.0,1574.7,41433
2024-06-03 09:24:00,1574.25,1579.5,1573.6,1577.15,14950
2024-06-03 09:25:00,1577.35,1577.35,1575.05,1576.2,7014
2024-06-03 09:26:00,1575.55,1575.55,1571.8,1571.8,8241
2024-06-03 09:27:00,1572.0,1574.1,1571.7,1572.9,3825
2024-06-03 09:28:00,1572.25,1574.55,1572.25,1573.0,6537
2024-06-03 09:29:00,1573.0,1573.7,1570.15,1570.15,3144
2024-06-03 09:30:00,1570.15,1575.2,1570.05,1572.0,14673
2024-06-03 09:31:00,1572.0,1572.1,1570.0,1571.0,3945
2024-06-03 09:32:00,1570.9,1570.9,1569.7,1570.05,3560
2024-06-03 09:33:00,1570.0,1571.25,1569.25,1570.25,2347
2024-06-03 09:34:00,1570.85,1572.9,1570.3,1572.3,8266
2024-06-03 09:35:00,1572.3,1572.95,1570.0,1571.0,2467
2024-06-03 09:36:00,1571.65,1571.65,1570.0,1571.0,4165
2024-06-03 09:37:00,1571.75,1571.85,1570.0,1570.05,1193
2024-06-03 09:38:00,1570.6,1571.0,1569.65,1571.0,5771
2024-06-03 09:39:00,1571.4,1574.95,1570.4,1574.1,5639
2024-06-03 09:40:00,1574.7,1574.95,1573.2,1574.7,1510
2024-06-03 09:41:00,1574.3,1574.7,1570.05,1570.15,2891
2024-06-03 09:42:00,1570.15,1572.0,1570.0,1570.8,1494
2024-06-03 09:43:00,1570.8,1572.6,1570.0,1571.45,1700
2024-06-03 09:44:00,1571.45,1571.45,1570.0,1570.25,4065
2024-06-03 09:45:00,1570.0,1570.7,1570.0,1570.0,16845
2024-06-03 09:46:00,1570.05,1571.9,1570.0,1571.45,7218
2024-06-03 09:47:00,1571.45,1573.85,1571.1,1573.75,981
2024-06-03 09:48:00,1573.0,1573.7,1572.45,1573.05,6546
2024-06-03 09:49:00,1573.05,1574.6,1573.05,1574.0,4305
2024-06-03 09:50:00,1574.0,1574.9,1573.8,1574.0,5344
2024-06-03 09:51:00,1574.0,1574.95,1574.0,1574.9,4005
2024-06-03 09:52:00,1574.95,1574.95,1574.35,1574.9,3049
2024-06-03 09:53:00,1574.9,1576.35,1574.9,1576.0,6215
2024-06-03 09:54:00,1576.0,1576.75,1575.25,1575.4,1715
2024-06-03 09:55:00,1575.4,1576.0,1575.0,1575.0,1269
2024-06-03 09:56:00,1575.45,1575.5,1575.0,1575.0,513
2024-06-03 09:57:00,1575.0,1576.45,1575.0,1576.05,1916
2024-06-03 09:58:00,1576.05,1576.05,1575.4,1576.0,455
2024-06-03 09:59:00,1576.0,1577.35,1575.4,1577.25,3964
2024-06-03 10:00:00,1576.8,1577.9,1576.1,1577.15,4181
2024-06-03 10:01:00,1577.2,1577.35,1575.95,1576.9,4617
2024-06-03 10:02:00,1576.9,1577.0,1575.0,1575.9,12113
2024-06-03 10:03:00,1576.15,1576.15,1574.4,1575.75,4149
2024-06-03 10:04:00,1575.0,1575.75,1574.7,1575.5,1419
2024-06-03 10:05:00,1575.5,1575.5,1574.65,1575.0,1092
2024-06-03 10:06:00,1575.25,1576.0,1575.0,1576.0,828
2024-06-03 10:07:00,1576.0,1576.35,1575.0,1575.0,1004
2024-06-03 10:08:00,1575.0,1575.95,1575.0,1575.8,3303
2024-06-03 10:09:00,1575.25,1577.5,1575.25,1577.5,4266
2024-06-03 10:10:00,1577.15,1578.1,1576.25,1576.25,3156
2024-06-03 10:11:00,1576.25,1576.65,1575.1,1575.15,606
2024-06-03 10:12:00,1575.15,1576.55,1574.55,1576.55,3147
2024-06-03 10:13:00,1576.55,1576.55,1575.65,1576.55,1011
2024-06-03 10:14:00,1576.6,1577.0,1575.6,1575.6,1171
2024-06-03 10:15:00,1575.6,1576.25,1574.7,1575.85,2390
2024-06-03 10:16:00,1575.85,1576.15,1575.0,1576.0,3168
2024-06-03 10:17:00,1576.0,1576.0,1574.45,1575.5,4576
2024-06-03 10:18:00,1575.5,1575.9,1574.7,1575.9,2096
2024-06-03 10:19:00,1575.9,1576.0,1575.0,1575.25,687
2024-06-03 10:20:00,1575.25,1575.9,1574.0,1575.0,7345
2024-06-03 10:21:00,1575.0,1575.7,1574.8,1575.25,1143
2024-06-03 10:22:00,1575.25,1575.25,1574.95,1575.05,745
2024-06-03 10:23:00,1575.25,1575.75,1574.8,1575.0,1973
2024-06-03 10:24:00,1575.0,1575.05,1574.6,1575.0,953
2024-06-03 10:25:00,1575.0,1575.85,1574.7,1575.3,1320
2024-06-03 10:26:00,1575.3,1575.9,1575.3,1575.4,1120
2024-06-03 10:27:00,1575.4,1575.85,1574.95,1575.0,813
2024-06-03 10:28:00,1575.35,1575.75,1574.55,1575.45,1205
2024-06-03 10:29:00,1575.45,1576.0,1575.1,1575.65,1049
2024-06-03 10:30:00,1575.65,1575.95,1575.0,1575.4,279
2024-06-03 10:31:00,1575.0,1575.4,1574.5,1575.0,1611
2024-06-03 10:32:00,1575.0,1575.1,1574.6,1575.0,1197
2024-06-03 10:33:00,1575.0,1575.5,1574.7,1575.0,902
2024-06-03 10:34:00,1575.2,1575.2,1574.3,1575.0,1293
2024-06-03 10:35:00,1575.0,1575.0,1572.0,1573.4,5929
2024-06-03 10:36:00,1573.85,1574.0,1573.2,1573.2,613
2024-06-03 10:37:00,1573.2,1573.9,1573.15,1573.7,1537
2024-06-03 10:38:00,1573.7,1574.75,1573.25,1574.0,1624
2024-06-03 10:39:00,1574.0,1574.5,1573.75,1573.75,1595
2024-06-03 10:40:00,1573.75,1574.6,1573.7,1574.5,2907
2024-06-03 10:41:00,1574.5,1574.8,1574.4,1574.4,1192
2024-06-03 10:42:00,1574.8,1575.8,1574.4,1575.8,3742
2024-06-03 10:43:00,1575.8,1577.4,1575.4,1577.4,4108
2024-06-03 10:44:00,1577.9,1577.9,1576.75,1577.45,1518
2024-06-03 10:45:00,1577.45,1577.9,1577.0,1577.5,636
2024-06-03 10:46:00,1577.5,1579.6,1577.3,1579.5,6913
2024-06-03 10:47:00,1578.5,1582.85,1578.5,1579.85,16392
2024-06-03 10:48:00,1579.85,1583.0,1579.55,1582.4,5826
2024-06-03 10:49:00,1582.55,1582.65,1579.55,1579.55,1638
2024-06-03 10:50:00,1580.0,1580.0,1579.05,1579.6,10817
2024-06-03 10:51:00,1579.6,1579.6,1577.75,1578.4,2529
2024-06-03 10:52:00,1579.0,1579.55,1578.7,1579.0,1141
2024-06-03 10:53:00,1579.0,1581.65,1579.0,1579.55,12481
2024-06-03 10:54:00,1579.05,1579.3,1578.5,1578.5,1681
2024-06-03 10:55:00,1578.5,1578.9,1576.35,1577.2,5404
2024-06-03 10:56:00,1576.4,1576.75,1575.35,1576.0,1230
2024-06-03 10:57:00,1576.0,1576.75,1575.6,1576.5,964
2024-06-03 10:58:00,1576.5,1579.75,1576.25,1579.75,9163
2024-06-03 10:59:00,1579.75,1580.0,1579.0,1580.0,5986
2024-06-03 11:00:00,1579.65,1581.45,1579.0,1579.1,10961
2024-06-03 11:01:00,1579.1,1579.2,1576.8,1577.2,1765
2024-06-03 11:02:00,1577.2,1577.95,1577.05,1577.15,1399
2024-06-03 11:03:00,1577.15,1577.3,1576.25,1576.5,573
2024-06-03 11:04:00,1576.5,1576.7,1575.45,1575.6,640
2024-06-03 11:05:00,1575.6,1576.4,1575.6,1576.4,717
2024-06-03 11:06:00,1576.0,1576.4,1575.8,1575.8,210
2024-06-03 11:07:00,1575.8,1576.6,1575.0,1576.45,26448
2024-06-03 11:08:00,1576.45,1576.45,1575.4,1576.2,1965
2024-06-03 11:09:00,1576.0,1576.15,1575.4,1575.7,283
2024-06-03 11:10:00,1575.7,1576.3,1575.0,1576.1,56097
2024-06-03 11:11:00,1575.45,1578.7,1575.45,1578.7,4526
2024-06-03 11:12:00,1578.75,1579.35,1578.0,1578.0,3371
2024-06-03 11:13:00,1578.0,1578.4,1576.65,1576.95,1340
2024-06-03 11:14:00,1576.95,1576.95,1574.9,1575.0,18644
2024-06-03 11:15:00,1575.0,1578.2,1575.0,1577.2,44993
2024-06-03 11:16:00,1577.2,1577.2,1575.0,1575.0,43872
2024-06-03 11:17:00,1575.0,1576.15,1575.0,1576.05,13270
2024-06-03 11:18:00,1576.05,1576.2,1575.0,1575.45,411
2024-06-03 11:19:00,1575.45,1575.95,1575.05,1575.55,210
2024-06-03 11:20:00,1575.55,1576.4,1575.55,1575.95,200
2024-06-03 11:21:00,1575.95,1577.9,1575.95,1577.7,1535
2024-06-03 11:22:00,1577.7,1578.0,1575.8,1575.85,1655
2024-06-03 11:23:00,1575.85,1576.0,1575.0,1575.5,8059
2024-06-03 11:24:00,1575.5,1576.0,1575.0,1575.8,1699
2024-06-03 11:25:00,1575.8,1576.0,1574.95,1575.0,3778
2024-06-03 11:26:00,1575.0,1575.3,1575.0,1575.0,12910
2024-06-03 11:27:00,1575.0,1576.0,1575.0,1575.7,5224
2024-06-03 11:28:00,1575.7,1578.8,1575.7,1578.4,18176
2024-06-03 11:29:00,1578.4,1578.45,1577.6,1578.0,2452
2024-06-03 11:30:00,1578.0,1578.1,1576.85,1576.95,2199
2024-06-03 11:31:00,1576.95,1577.5,1576.85,1576.95,1009
2024-06-03 11:32:00,1576.95,1577.85,1576.85,1577.5,2632
2024-06-03 11:33:00,1577.5,1580.4,1577.2,1579.75,13644
2024-06-03 11:34:00,1579.75,1580.25,1578.35,1578.4,2873
2024-06-03 11:35:00,1578.4,1578.7,1578.0,1578.0,413
2024-06-03 11:36:00,1578.05,1579.5,1577.9,1578.1,3326
2024-06-03 11:37:00,1578.65,1578.95,1578.3,1578.95,588
2024-06-03 11:38:00,1578.9,1579.6,1578.15,1579.0,324
2024-06-03 11:39:00,1579.0,1580.25,1579.0,1579.3,4390
2024-06-03 11:40:00,1579.3,1579.85,1578.85,1579.0,1949
2024-06-03 11:41:00,1579.0,1579.0,1577.75,1578.0,1806
2024-06-03 11:42:00,1578.0,1578.5,1578.0,1578.5,5222
2024-06-03 11:43:00,1578.5,1578.8,1577.5,1577.5,3901
2024-06-03 11:44:00,1577.0,1577.45,1576.3,1576.95,486
2024-06-03 11:45:00,1576.95,1577.35,1576.35,1577.35,10182
2024-06-03 11:46:00,1577.35,1578.75,1577.0,1578.75,25017
2024-06-03 11:47:00,1578.75,1579.25,1577.65,1579.2,9118
2024-06-03 11:48:00,1579.2,1581.2,1579.0,1581.15,4610
2024-06-03 11:49:00,1581.15,1581.25,1580.1,1580.1,1194
2024-06-03 11:50:00,1580.75,1581.3,1579.0,1579.9,6380
2024-06-03 11:51:00,1579.9,1580.25,1579.35,1580.0,1810
2024-06-03 11:52:00,1580.0,1580.0,1576.25,1576.25,39238
2024-06-03 11:53:00,1576.75,1576.9,1575.0,1575.55,8414
2024-06-03 11:54:00,1575.55,1576.95,1575.0,1576.85,3822
2024-06-03 11:55:00,1576.85,1577.35,1576.6,1577.35,676
2024-06-03 11:56:00,1576.75,1577.3,1576.55,1576.6,1570
2024-06-03 11:57:00,1577.1,1577.1,1575.0,1576.95,7711
2024-06-03 11:58:00,1576.95,1576.95,1575.0,1575.5,1673
2024-06-03 11:59:00,1575.5,1575.5,1575.0,1575.0,579
2024-06-03 12:00:00,1575.2,1575.3,1574.8,1575.0,452
2024-06-03 12:01:00,1575.0,1575.6,1574.3,1575.5,4089
2024-06-03 12:02:00,1575.5,1575.65,1574.05,1574.5,2018
2024-06-03 12:03:00,1574.5,1578.35,1574.5,1578.35,2058
2024-06-03 12:04:00,1578.35,1579.0,1578.05,1578.2,912
2024-06-03 12:05:00,1578.2,1578.2,1576.25,1577.15,2741
2024-06-03 12:06:00,1577.15,1577.45,1574.55,1574.65,50748
2024-06-03 12:07:00,1574.65,1575.7,1574.6,1575.7,1610
2024-06-03 12:08:00,1575.7,1577.45,1575.35,1577.4,196
2024-06-03 12:09:00,1577.4,1578.75,1577.4,1578.1,1371
2024-06-03 12:10:00,1578.1,1579.0,1578.1,1579.0,779
2024-06-03 12:11:00,1579.0,1579.0,1577.35,1577.95,1372
2024-06-03 12:12:00,1577.95,1577.95,1576.6,1577.0,1239
2024-06-03 12:13:00,1577.0,1577.5,1576.5,1577.5,754
2024-06-03 12:14:00,1577.5,1577.5,1575.15,1576.65,978
2024-06-03 12:15:00,1576.65,1576.65,1575.25,1575.85,275
2024-06-03 12:16:00,1575.85,1576.45,1574.6,1575.3,861
2024-06-03 12:17:00,1575.3,1575.3,1574.3,1575.0,722
2024-06-03 12:18:00,1575.0,1575.05,1573.95,1574.6,1452
2024-06-03 12:19:00,1574.6,1574.8,1573.0,1573.55,1103
2024-06-03 12:20:00,1573.35,1575.0,1573.0,1575.0,980
2024-06-03 12:21:00,1575.0,1575.0,1573.35,1574.5,824
2024-06-03 12:22:00,1574.5,1575.0,1574.25,1575.0,626
2024-06-03 12:23:00,1575.0,1575.0,1574.4,1574.4,285
2024-06-03 12:24:00,1574.4,1574.9,1573.5,1573.9,916
2024-06-03 12:25:00,1573.9,1574.75,1573.85,1574.75,738
2024-06-03 12:26:00,1574.75,1574.75,1573.25,1574.05,701
2024-06-03 12:27:00,1574.05,1574.9,1574.05,1574.9,609
2024-06-03 12:28:00,1574.9,1575.75,1574.8,1575.75,966
2024-06-03 12:29:00,1575.85,1576.25,1575.0,1575.0,980
2024-06-03 12:30:00,1575.55,1575.7,1575.0,1575.0,523
2024-06-03 12:31:00,1575.0,1575.0,1574.3,1574.95,520
2024-06-03 12:32:00,1575.0,1575.0,1574.55,1575.0,999
2024-06-03 12:33:00,1575.0,1575.0,1574.4,1574.9,814
2024-06-03 12:34:00,1574.9,1574.95,1574.25,1574.95,489
2024-06-03 12:35:00,1574.95,1574.95,1574.0,1574.55,657
2024-06-03 12:36:00,1574.55,1574.95,1573.75,1574.45,809
2024-06-03 12:37:00,1574.45,1574.6,1573.5,1574.05,678
2024-06-03 12:38:00,1573.85,1574.1,1573.0,1573.2,1193
2024-06-03 12:39:00,1573.2,1574.0,1573.15,1573.95,627
2024-06-03 12:40:00,1573.95,1574.0,1572.7,1573.2,566
2024-06-03 12:41:00,1573.2,1573.5,1572.75,1573.5,392
2024-06-03 12:42:00,1573.5,1573.95,1573.0,1573.9,1084
2024-06-03 12:43:00,1573.9,1573.9,1573.0,1573.35,1193
2024-06-03 12:44:00,1573.35,1574.05,1572.9,1573.45,1566
2024-06-03 12:45:00,1573.45,1573.7,1572.75,1573.0,1189
2024-06-03 12:46:00,1573.0,1573.0,1571.25,1571.45,690
2024-06-03 12:47:00,1571.45,1571.45,1570.0,1570.5,38752
2024-06-03 12:48:00,1570.5,1571.8,1570.0,1571.8,3954
2024-06-03 12:49:00,1571.8,1571.9,1571.2,1571.9,546
2024-06-03 12:50:00,1571.9,1572.5,1571.55,1572.25,1387
2024-06-03 12:51:00,1572.25,1572.5,1571.25,1572.5,1487
2024-06-03 12:52:00,1572.5,1572.9,1572.5,1572.6,537
2024-06-03 12:53:00,1572.95,1574.0,1572.6,1572.95,925
2024-06-03 12:54:00,1572.95,1572.95,1572.05,1572.9,481
2024-06-03 12:55:00,1572.95,1573.0,1572.75,1572.9,258
2024-06-03 12:56:00,1572.9,1573.0,1572.75,1573.0,628
2024-06-03 12:57:00,1573.0,1573.0,1572.35,1572.55,450
2024-06-03 12:58:00,1573.0,1573.0,1572.05,1572.95,716
2024-06-03 12:59:00,1572.95,1573.0,1572.8,1573.0,500
2024-06-03 13:00:00,1573.0,1575.75,1573.0,1575.75,5213
2024-06-03 13:01:00,1575.75,1577.0,1575.75,1575.85,1127
2024-06-03 13:02:00,1575.85,1575.85,1574.35,1574.8,491
2024-06-03 13:03:00,1575.25,1575.85,1575.15,1575.75,210
2024-06-03 13:04:00,1575.75,1576.1,1574.45,1575.45,20012
2024-06-03 13:05:00,1575.45,1576.15,1572.0,1575.6,151752
2024-06-03 13:06:00,1575.7,1576.0,1575.25,1575.35,1010
2024-06-03 13:07:00,1575.35,1575.45,1575.0,1575.45,6328
2024-06-03 13:08:00,1575.65,1575.85,1575.0,1575.45,1260
2024-06-03 13:09:00,1575.65,1576.4,1575.0,1576.15,1440
2024-06-03 13:10:00,1575.9,1576.5,1575.35,1576.5,580
2024-06-03 13:11:00,1576.5,1576.7,1575.95,1576.7,518
2024-06-03 13:12:00,1576.7,1576.75,1575.55,1576.45,1303
2024-06-03 13:13:00,1576.45,1576.7,1575.05,1576.1,1674
2024-06-03 13:14:00,1576.1,1576.5,1575.65,1576.5,590
2024-06-03 13:15:00,1576.5,1576.75,1575.65,1576.55,721
2024-06-03 13:16:00,1576.7,1576.75,1575.55,1575.95,3399
2024-06-03 13:17:00,1575.95,1576.15,1575.0,1576.1,3028
2024-06-03 13:18:00,1576.1,1576.1,1575.0,1575.4,683
2024-06-03 13:19:00,1575.4,1576.0,1574.55,1575.85,1192
2024-06-03 13:20:00,1575.95,1575.95,1575.0,1575.85,1552
2024-06-03 13:21:00,1575.85,1576.15,1575.0,1576.0,743
2024-06-03 13:22:00,1576.0,1576.0,1575.2,1575.75,539
2024-06-03 13:23:00,1575.75,1575.85,1575.2,1575.8,394
2024-06-03 13:24:00,1575.35,1576.0,1575.05,1575.95,630
2024-06-03 13:25:00,1575.95,1575.95,1575.45,1575.45,279
2024-06-03 13:26:00,1575.45,1575.45,1574.9,1575.4,1322
2024-06-03 13:27:00,1575.4,1575.7,1575.0,1575.7,431
2024-06-03 13:28:00,1575.75,1575.85,1575.0,1575.65,432
2024-06-03 13:29:00,1575.65,1575.65,1575.0,1575.5,813
2024-06-03 13:30:00,1575.65,1575.65,1574.95,1575.55,582
2024-06-03 13:31:00,1575.55,1575.6,1575.0,1575.6,547
2024-06-03 13:32:00,1575.6,1575.65,1575.1,1575.65,834
2024-06-03 13:33:00,1575.6,1575.95,1575.6,1575.85,619
2024-06-03 13:34:00,1575.85,1575.85,1574.7,1575.35,1219
2024-06-03 13:35:00,1575.55,1575.55,1574.7,1575.4,761
2024-06-03 13:36:00,1575.35,1575.4,1575.0,1575.35,563
2024-06-03 13:37:00,1575.35,1575.6,1575.0,1575.1,591
2024-06-03 13:38:00,1575.6,1575.7,1575.05,1575.25,531
2024-06-03 13:39:00,1575.25,1575.75,1575.0,1575.3,8186
2024-06-03 13:40:00,1575.3,1575.9,1574.4,1575.4,17268
2024-06-03 13:41:00,1575.4,1575.45,1572.1,1574.15,11038
2024-06-03 13:42:00,1574.15,1575.45,1573.85,1575.0,3562
2024-06-03 13:43:00,1575.0,1576.0,1575.0,1576.0,264
2024-06-03 13:44:00,1576.0,1576.95,1576.0,1576.95,1105
2024-06-03 13:45:00,1576.45,1577.0,1576.0,1576.45,461
2024-06-03 13:46:00,1576.45,1576.45,1575.0,1575.3,838
2024-06-03 13:47:00,1575.05,1575.85,1575.0,1575.85,698
2024-06-03 13:48:00,1575.85,1576.7,1575.0,1576.05,1495
2024-06-03 13:49:00,1576.6,1576.75,1575.3,1576.1,620
2024-06-03 13:50:00,1576.1,1576.45,1575.5,1576.45,502
2024-06-03 13:51:00,1576.45,1576.45,1575.15,1575.6,278
2024-06-03 13:52:00,1575.6,1575.6,1574.25,1575.0,989
2024-06-03 13:53:00,1575.0,1575.6,1574.85,1575.5,446
2024-06-03 13:54:00,1575.5,1575.6,1574.55,1574.95,898
2024-06-03 13:55:00,1574.95,1575.0,1574.55,1574.9,382
2024-06-03 13:56:00,1575.0,1575.0,1573.95,1574.0,749
2024-06-03 13:57:00,1573.75,1574.0,1572.75,1574.0,1757
2024-06-03 13:58:00,1573.95,1575.6,1573.9,1575.6,5051
2024-06-03 13:59:00,1575.1,1577.0,1575.1,1577.0,1378
2024-06-03 14:00:00,1577.0,1577.7,1576.75,1577.7,772
2024-06-03 14:01:00,1577.7,1577.9,1577.25,1577.85,463
2024-06-03 14:02:00,1577.85,1577.9,1576.7,1577.4,511
2024-06-03 14:03:00,1576.8,1577.4,1575.65,1576.35,456
2024-06-03 14:04:00,1575.65,1576.3,1575.55,1575.9,597
2024-06-03 14:05:00,1576.0,1576.0,1575.0,1575.95,430
2024-06-03 14:06:00,1575.95,1576.45,1575.6,1576.45,497
2024-06-03 14:07:00,1576.45,1576.55,1575.75,1575.8,495
2024-06-03 14:08:00,1576.45,1576.75,1575.9,1576.7,1215
2024-06-03 14:09:00,1576.7,1577.0,1576.05,1576.45,642
2024-06-03 14:10:00,1576.45,1576.95,1576.0,1576.0,696
2024-06-03 14:11:00,1576.0,1576.55,1576.0,1576.55,520
2024-06-03 14:12:00,1576.45,1576.45,1575.0,1575.85,974
2024-06-03 14:13:00,1576.0,1576.0,1575.0,1575.1,492
2024-06-03 14:14:00,1575.1,1576.0,1575.0,1575.9,9793
2024-06-03 14:15:00,1575.9,1576.0,1575.45,1576.0,1223
2024-06-03 14:16:00,1576.0,1576.7,1575.65,1576.15,751
2024-06-03 14:17:00,1576.2,1576.55,1575.05,1575.05,489
2024-06-03 14:18:00,1575.05,1576.6,1575.05,1576.45,675
2024-06-03 14:19:00,1576.45,1576.5,1575.0,1575.55,690
2024-06-03 14:20:00,1575.5,1576.1,1575.1,1575.55,787
2024-06-03 14:21:00,1575.55,1576.0,1575.0,1575.4,286
2024-06-03 14:22:00,1575.4,1575.45,1573.75,1574.4,1127
2024-06-03 14:23:00,1574.4,1575.0,1573.85,1574.9,2152
2024-06-03 14:24:00,1575.0,1576.25,1574.65,1574.65,529
2024-06-03 14:25:00,1575.45,1575.6,1574.95,1575.5,515
2024-06-03 14:26:00,1575.5,1575.5,1574.55,1574.95,423
2024-06-03 14:27:00,1574.6,1575.5,1574.45,1575.45,721
2024-06-03 14:28:00,1575.45,1575.45,1574.0,1574.0,947
2024-06-03 14:29:00,1574.0,1574.55,1573.1,1574.25,878
2024-06-03 14:30:00,1574.55,1574.55,1573.0,1573.7,913
2024-06-03 14:31:00,1574.0,1575.1,1573.8,1574.35,683
2024-06-03 14:32:00,1574.35,1574.75,1573.0,1574.4,1048
2024-06-03 14:33:00,1574.45,1575.0,1574.0,1574.65,677
2024-06-03 14:34:00,1574.65,1575.0,1573.35,1573.85,914
2024-06-03 14:35:00,1573.8,1574.65,1573.0,1574.6,646
2024-06-03 14:36:00,1574.6,1575.55,1574.4,1575.55,3731
2024-06-03 14:37:00,1575.55,1576.0,1575.3,1575.3,1045
2024-06-03 14:38:00,1575.75,1576.0,1575.0,1575.6,460
2024-06-03 14:39:00,1575.6,1575.7,1575.0,1575.7,710
2024-06-03 14:40:00,1575.7,1576.0,1574.0,1574.55,1496
2024-06-03 14:41:00,1574.35,1575.65,1574.0,1575.65,3702
2024-06-03 14:42:00,1575.65,1575.65,1573.8,1574.75,2109
2024-06-03 14:43:00,1574.75,1575.75,1574.3,1575.6,2454
2024-06-03 14:44:00,1575.8,1575.9,1575.1,1575.65,996
2024-06-03 14:45:00,1575.65,1576.0,1575.0,1575.95,798
2024-06-03 14:46:00,1575.95,1576.0,1575.35,1576.0,1983
2024-06-03 14:47:00,1576.0,1576.0,1575.0,1575.45,1290
2024-06-03 14:48:00,1575.45,1575.8,1575.0,1575.55,590
2024-06-03 14:49:00,1575.55,1576.0,1575.2,1575.2,1090
2024-06-03 14:50:00,1575.2,1575.95,1575.05,1575.85,878
2024-06-03 14:51:00,1575.85,1576.5,1574.3,1574.65,1590
2024-06-03 14:52:00,1574.85,1576.5,1574.7,1576.5,1172
2024-06-03 14:53:00,1576.2,1576.5,1575.35,1576.0,1036
2024-06-03 14:54:00,1576.0,1576.0,1575.1,1575.5,3494
2024-06-03 14:55:00,1574.85,1576.0,1574.85,1575.05,1388
2024-06-03 14:56:00,1575.05,1575.55,1574.8,1574.9,1136
2024-06-03 14:57:00,1574.95,1575.25,1574.3,1575.25,953
2024-06-03 14:58:00,1575.25,1575.85,1575.15,1575.8,837
2024-06-03 14:59:00,1575.8,1575.8,1575.0,1575.0,5297
2024-06-03 15:00:00,1575.05,1575.3,1575.0,1575.1,13591
2024-06-03 15:01:00,1575.1,1575.9,1573.1,1575.1,33417
2024-06-03 15:02:00,1575.1,1575.1,1573.05,1574.2,2972
2024-06-03 15:03:00,1574.2,1574.2,1573.1,1573.6,1562
2024-06-03 15:04:00,1573.15,1573.7,1572.55,1572.8,2507
2024-06-03 15:05:00,1572.8,1573.9,1572.65,1573.65,1832
2024-06-03 15:06:00,1573.65,1574.4,1573.1,1574.4,2408
2024-06-03 15:07:00,1574.15,1576.0,1574.15,1575.05,9545
2024-06-03 15:08:00,1575.05,1575.3,1575.0,1575.05,3543
2024-06-03 15:09:00,1575.05,1575.9,1574.1,1575.65,3544
2024-06-03 15:10:00,1575.65,1575.95,1575.15,1575.8,1464
2024-06-03 15:11:00,1575.85,1576.95,1575.35,1576.35,7653
2024-06-03 15:12:00,1577.0,1577.9,1576.35,1577.3,4162
2024-06-03 15:13:00,1577.3,1577.9,1576.45,1577.85,4905
2024-06-03 15:14:00,1577.95,1577.95,1576.25,1576.7,3745
2024-06-03 15:15:00,1576.7,1577.0,1575.25,1577.0,9424
2024-06-03 15:16:00,1577.0,1579.85,1577.0,1579.45,15253
2024-06-03 15:17:00,1579.45,1579.75,1577.6,1578.75,3552
2024-06-03 15:18:00,1578.75,1578.75,1575.55,1575.6,8377
2024-06-03 15:19:00,1575.6,1576.95,1575.3,1576.05,4148
2024-06-03 15:20:00,1576.25,1576.25,1574.75,1575.65,8209
2024-06-03 15:21:00,1575.65,1575.7,1575.0,1575.0,5818
2024-06-03 15:22:00,1575.0,1575.4,1574.95,1575.4,4080
2024-06-03 15:23:00,1575.3,1576.85,1575.0,1576.55,6072
2024-06-03 15:24:00,1576.55,1576.9,1576.05,1576.55,3089
2024-06-03 15:25:00,1576.55,1576.6,1575.3,1575.45,5501
2024-06-03 15:26:00,1575.55,1576.95,1575.0,1575.6,5776
2024-06-03 15:27:00,1575.7,1576.0,1575.4,1575.7,3765
2024-06-03 15:28:00,1575.95,1576.8,1575.2,1575.45,2805
2024-06-03 15:29:00,1576.5,1578.6,1575.1,1578.6,5763
2024-06-04 09:15:00,1556.0,1569.2,1528.9,1546.3,53404
2024-06-04 09:16:00,1547.3,1561.7,1546.1,1559.0,54515
2024-06-04 09:17:00,1559.0,1565.75,1554.0,1563.35,29948
2024-06-04 09:18:00,1563.95,1566.0,1558.0,1562.75,27805
2024-06-04 09:19:00,1561.35,1562.7,1556.7,1558.2,19612
2024-06-04 09:20:00,1558.9,1561.65,1551.2,1553.65,18389
2024-06-04 09:21:00,1553.65,1554.85,1541.5,1542.8,23340
2024-06-04 09:22:00,1542.2,1544.2,1522.9,1522.9,32300
2024-06-04 09:23:00,1523.9,1527.35,1519.0,1519.6,34956
2024-06-04 09:24:00,1521.1,1536.85,1521.1,1528.15,35535
2024-06-04 09:25:00,1529.5,1531.35,1523.25,1524.25,21698
2024-06-04 09:26:00,1524.3,1526.0,1516.65,1516.65,14437
2024-06-04 09:27:00,1516.7,1522.15,1515.2,1521.55,20273
2024-06-04 09:28:00,1521.65,1523.95,1518.4,1519.0,13514
2024-06-04 09:29:00,1519.0,1519.7,1505.7,1505.8,29059
2024-06-04 09:30:00,1505.8,1509.0,1499.0,1501.2,22375
2024-06-04 09:31:00,1501.9,1514.95,1501.9,1511.2,13176
2024-06-04 09:32:00,1512.1,1514.35,1508.0,1514.1,7760
2024-06-04 09:33:00,1515.2,1530.65,1515.2,1529.05,18804
2024-06-04 09:34:00,1530.0,1532.9,1521.8,1525.2,20032
2024-06-04 09:35:00,1525.75,1527.35,1516.05,1523.2,28050
2024-06-04 09:36:00,1523.2,1525.45,1516.1,1523.65,29871
2024-06-04 09:37:00,1522.3,1531.15,1521.25,1528.2,32343
2024-06-04 09:38:00,1528.2,1541.65,1528.2,1537.45,18556
2024-06-04 09:39:00,1536.85,1539.8,1534.2,1537.9,11405
2024-06-04 09:40:00,1537.9,1537.9,1527.5,1528.3,11565
2024-06-04 09:41:00,1527.75,1531.7,1523.85,1527.65,10751
2024-06-04 09:42:00,1526.65,1532.85,1525.85,1532.3,7094
2024-06-04 09:43:00,1532.65,1538.3,1532.65,1537.2,7480
2024-06-04 09:44:00,1536.95,1536.95,1531.15,1533.15,7022
2024-06-04 09:45:00,1532.15,1537.2,1531.0,1535.75,7858
2024-06-04 09:46:00,1535.75,1539.0,1533.8,1537.0,3872
2024-06-04 09:47:00,1537.9,1539.0,1535.55,1538.15,2250
2024-06-04 09:48:00,1538.2,1542.25,1536.7,1542.0,4314
2024-06-04 09:49:00,1542.0,1542.3,1539.0,1541.55,5673
2024-06-04 09:50:00,1541.25,1542.25,1537.2,1541.8,3536
2024-06-04 09:51:00,1541.6,1542.0,1536.6,1538.6,2339
2024-06-04 09:52:00,1538.9,1539.9,1535.05,1536.7,3777
2024-06-04 09:53:00,1536.7,1537.7,1535.05,1537.35,3296
2024-06-04 09:54:00,1537.35,1540.0,1534.0,1539.2,5948
2024-06-04 09:55:00,1539.2,1545.0,1539.15,1544.15,4850
2024-06-04 09:56:00,1544.15,1554.95,1544.15,1549.8,17291
2024-06-04 09:57:00,1549.4,1550.75,1538.0,1538.05,6944
2024-06-04 09:58:00,1538.25,1542.5,1537.2,1542.5,2901
2024-06-04 09:59:00,1542.5,1543.6,1539.75,1540.65,2586
2024-06-04 10:00:00,1540.65,1540.65,1534.65,1536.8,13994
2024-06-04 10:01:00,1536.05,1537.45,1534.0,1537.45,2225
2024-06-04 10:02:00,1537.4,1541.95,1536.55,1540.3,5094
2024-06-04 10:03:00,1540.55,1546.45,1539.25,1545.25,3576
2024-06-04 10:04:00,1545.0,1546.5,1543.1,1544.45,3889
2024-06-04 10:05:00,1544.45,1547.25,1544.1,1546.4,2405
2024-06-04 10:06:00,1547.2,1547.2,1540.05,1543.85,4844
2024-06-04 10:07:00,1543.85,1547.9,1543.2,1547.5,2272
2024-06-04 10:08:00,1546.65,1548.0,1542.05,1544.05,2485
2024-06-04 10:09:00,1544.05,1549.0,1541.35,1547.95,5963
2024-06-04 10:10:00,1548.3,1550.95,1546.45,1550.2,4834
2024-06-04 10:11:00,1548.9,1553.0,1546.8,1551.0,4624
2024-06-04 10:12:00,1551.35,1552.55,1546.55,1549.85,2623
2024-06-04 10:13:00,1549.9,1551.0,1547.55,1549.7,2231
2024-06-04 10:14:00,1549.7,1553.0,1549.55,1553.0,2517
2024-06-04 10:15:00,1552.65,1553.1,1548.2,1548.2,3837
2024-06-04 10:16:00,1548.4,1551.75,1548.4,1550.25,3483
2024-06-04 10:17:00,1550.0,1550.45,1546.0,1547.65,2560
2024-06-04 10:18:00,1547.65,1549.1,1543.75,1544.65,4994
2024-06-04 10:19:00,1544.65,1547.65,1542.6,1542.6,7147
2024-06-04 10:20:00,1543.0,1543.15,1534.0,1534.0,13157
2024-06-04 10:21:00,1533.8,1535.1,1525.05,1525.7,18885
2024-06-04 10:22:00,1525.75,1539.9,1525.0,1539.9,14389
2024-06-04 10:23:00,1540.0,1542.85,1536.7,1537.55,12210
2024-06-04 10:24:00,1537.55,1544.0,1537.55,1544.0,5622
2024-06-04 10:25:00,1544.0,1544.0,1539.1,1541.25,2472
2024-06-04 10:26:00,1541.3,1541.5,1536.25,1536.65,2453
2024-06-04 10:27:00,1536.85,1537.5,1533.55,1533.75,4060
2024-06-04 10:28:00,1533.6,1535.75,1530.0,1530.0,6279
2024-06-04 10:29:00,1530.45,1534.5,1529.7,1532.15,3722
2024-06-04 10:30:00,1532.2,1534.75,1530.2,1531.5,5677
2024-06-04 10:31:00,1531.7,1532.2,1528.4,1530.3,4500
2024-06-04 10:32:00,1530.0,1536.45,1530.0,1535.85,3104
2024-06-04 10:33:00,1536.15,1536.85,1532.8,1534.25,4539
2024-06-04 10:34:00,1534.95,1534.95,1531.45,1532.05,3377
2024-06-04 10:35:00,1532.05,1533.4,1530.05,1533.4,1859
2024-06-04 10:36:00,1533.4,1533.85,1528.75,1530.25,4172
2024-06-04 10:37:00,1530.25,1534.2,1529.9,1534.05,4118
2024-06-04 10:38:00,1533.95,1537.05,1531.85,1532.1,3075
2024-06-04 10:39:00,1531.85,1533.85,1530.5,1532.5,1506
2024-06-04 10:40:00,1532.5,1533.0,1525.0,1525.65,21056
2024-06-04 10:41:00,1525.5,1528.05,1521.1,1527.75,11542
2024-06-04 10:42:00,1527.7,1530.95,1527.25,1529.6,4154
2024-06-04 10:43:00,1529.6,1529.8,1526.65,1527.05,1242
2024-06-04 10:44:00,1527.05,1527.15,1516.95,1520.3,16928
2024-06-04 10:45:00,1521.05,1523.1,1516.0,1517.4,15311
2024-06-04 10:46:00,1517.2,1519.2,1515.0,1518.45,9737
2024-06-04 10:47:00,1518.45,1521.9,1517.3,1521.75,2332
2024-06-04 10:48:00,1521.85,1527.25,1521.65,1524.15,5648
2024-06-04 10:49:00,1524.0,1524.6,1522.05,1523.75,2736
2024-06-04 10:50:00,1523.35,1525.5,1520.4,1521.05,2861
2024-06-04 10:51:00,1521.05,1522.45,1518.55,1522.45,2320
2024-06-04 10:52:00,1522.45,1523.85,1521.55,1521.55,1568
2024-06-04 10:53:00,1520.4,1521.0,1518.55,1521.0,1517
2024-06-04 10:54:00,1521.0,1521.3,1516.2,1516.45,6777
2024-06-04 10:55:00,1516.45,1516.8,1507.7,1507.85,12575
2024-06-04 10:56:00,1508.35,1509.45,1505.05,1506.75,6062
2024-06-04 10:57:00,1507.1,1513.35,1505.1,1506.7,13883
2024-06-04 10:58:00,1506.05,1519.1,1506.0,1516.1,10925
2024-06-04 10:59:00,1514.8,1515.35,1510.0,1511.9,2828
2024-06-04 11:00:00,1511.85,1515.75,1511.45,1513.25,4843
2024-06-04 11:01:00,1512.0,1512.95,1510.0,1510.0,3311
2024-06-04 11:02:00,1509.8,1512.75,1508.05,1512.75,6353
2024-06-04 11:03:00,1512.75,1514.25,1507.55,1508.55,14869
2024-06-04 11:04:00,1507.55,1507.85,1506.0,1506.6,2624
2024-06-04 11:05:00,1506.6,1506.75,1505.8,1506.15,2818
2024-06-04 11:06:00,1506.15,1506.45,1503.0,1504.0,4652
2024-06-04 11:07:00,1503.85,1504.0,1495.0,1495.0,21392
2024-06-04 11:08:00,1495.65,1495.9,1487.5,1487.5,9829
2024-06-04 11:09:00,1488.4,1506.6,1487.5,1506.6,13123
2024-06-04 11:10:00,1505.6,1510.85,1500.0,1500.0,10933
2024-06-04 11:11:00,1500.0,1504.55,1495.0,1499.05,5157
2024-06-04 11:12:00,1498.95,1498.95,1494.35,1498.2,3191
2024-06-04 11:13:00,1499.4,1502.15,1497.0,1499.3,4273
2024-06-04 11:14:00,1499.3,1502.25,1496.15,1496.9,19001
2024-06-04 11:15:00,1496.9,1499.45,1495.3,1499.25,1451
2024-06-04 11:16:00,1499.25,1505.25,1499.25,1502.1,5951
2024-06-04 11:17:00,1502.1,1504.25,1499.9,1502.15,5423
2024-06-04 11:18:00,1502.15,1504.8,1500.6,1503.05,1918
2024-06-04 11:19:00,1502.75,1504.9,1501.8,1503.8,1665
2024-06-04 11:20:00,1503.8,1505.45,1499.6,1505.45,3230
2024-06-04 11:21:00,1505.3,1505.3,1499.7,1500.35,2329
2024-06-04 11:22:00,1500.35,1509.9,1500.3,1505.0,9361
2024-06-04 11:23:00,1505.0,1510.0,1505.0,1510.0,11725
2024-06-04 11:24:00,1510.0,1515.9,1509.15,1513.4,24933
2024-06-04 11:25:00,1513.6,1513.6,1507.55,1508.45,3557
2024-06-04 11:26:00,1509.0,1512.0,1507.9,1507.9,4929
2024-06-04 11:27:00,1507.9,1509.15,1504.25,1505.55,2272
2024-06-04 11:28:00,1505.55,1510.0,1503.7,1508.8,3495
2024-06-04 11:29:00,1508.8,1516.75,1508.7,1512.25,17413
2024-06-04 11:30:00,1511.9,1511.95,1502.3,1506.9,3483
2024-06-04 11:31:00,1506.8,1507.45,1503.35,1507.45,2924
2024-06-04 11:32:00,1506.2,1511.55,1506.2,1510.3,4304
2024-06-04 11:33:00,1510.3,1513.95,1510.0,1512.3,6061
2024-06-04 11:34:00,1512.4,1514.65,1509.9,1511.75,7310
2024-06-04 11:35:00,1511.75,1512.35,1508.95,1510.05,2332
2024-06-04 11:36:00,1510.05,1511.15,1503.6,1510.15,7289
2024-06-04 11:37:00,1510.15,1512.45,1507.9,1508.3,6248
2024-06-04 11:38:00,1508.3,1511.3,1505.25,1506.35,2565
2024-06-04 11:39:00,1507.1,1507.75,1505.4,1506.6,1904
2024-06-04 11:40:00,1507.0,1508.8,1505.2,1508.6,6452
2024-06-04 11:41:00,1508.55,1509.9,1507.0,1508.05,1200
2024-06-04 11:42:00,1508.0,1508.0,1506.0,1507.05,7189
2024-06-04 11:43:00,1507.05,1508.8,1497.75,1500.45,10268
2024-06-04 11:44:00,1500.45,1500.45,1493.0,1493.65,6741
2024-06-04 11:45:00,1494.05,1497.3,1493.2,1493.6,7438
2024-06-04 11:46:00,1493.6,1497.9,1492.0,1497.4,4205
2024-06-04 11:47:00,1496.55,1499.65,1495.45,1496.95,3958
2024-06-04 11:48:00,1496.95,1501.75,1496.9,1497.85,2042
2024-06-04 11:49:00,1498.2,1498.95,1496.45,1498.0,4504
2024-06-04 11:50:00,1498.45,1503.2,1498.45,1500.7,5107
2024-06-04 11:51:00,1500.75,1501.4,1498.0,1500.65,4094
2024-06-04 11:52:00,1500.05,1500.7,1497.0,1497.95,3226
2024-06-04 11:53:00,1497.9,1498.25,1495.3,1497.95,2840
2024-06-04 11:54:00,1497.95,1499.9,1497.0,1499.9,2656
2024-06-04 11:55:00,1499.9,1500.8,1494.0,1494.7,5038
2024-06-04 11:56:00,1494.7,1495.05,1491.0,1491.4,6797
2024-06-04 11:57:00,1491.8,1493.9,1490.25,1490.95,3278
2024-06-04 11:58:00,1490.95,1491.8,1490.0,1490.95,3321
2024-06-04 11:59:00,1490.85,1491.0,1485.8,1486.0,24683
2024-06-04 12:00:00,1485.0,1486.7,1481.0,1482.6,12339
2024-06-04 12:01:00,1482.6,1482.6,1476.0,1477.65,15556
2024-06-04 12:02:00,1476.95,1477.35,1467.55,1470.75,17092
2024-06-04 12:03:00,1470.0,1477.35,1469.7,1477.3,8550
2024-06-04 12:04:00,1477.3,1478.05,1460.0,1467.75,49048
2024-06-04 12:05:00,1467.65,1470.85,1459.35,1461.1,49115
2024-06-04 12:06:00,1461.0,1464.85,1455.1,1456.05,8572
2024-06-04 12:07:00,1456.0,1459.5,1453.0,1454.85,7866
2024-06-04 12:08:00,1455.55,1456.35,1451.45,1452.9,8430
2024-06-04 12:09:00,1453.15,1454.0,1447.3,1447.3,10678
2024-06-04 12:10:00,1447.7,1450.0,1429.8,1432.25,11059
2024-06-04 12:11:00,1431.8,1432.15,1420.0,1422.25,10787
2024-06-04 12:12:00,1422.25,1428.95,1420.0,1428.9,8145
2024-06-04 12:13:00,1428.9,1441.0,1424.25,1439.7,7872
2024-06-04 12:14:00,1439.7,1440.65,1428.2,1429.9,8600
2024-06-04 12:15:00,1429.9,1439.65,1429.85,1439.2,7180
2024-06-04 12:16:00,1439.2,1440.35,1432.75,1433.7,23366
2024-06-04 12:17:00,1433.9,1436.5,1431.15,1431.15,7896
2024-06-04 12:18:00,1430.95,1445.0,1428.8,1443.4,9989
2024-06-04 12:19:00,1443.1,1443.1,1439.8,1441.95,2628
2024-06-04 12:20:00,1441.95,1443.4,1433.4,1433.4,6059
2024-06-04 12:21:00,1432.25,1433.65,1426.0,1426.45,10368
2024-06-04 12:22:00,1426.45,1430.9,1424.3,1428.0,8780
2024-06-04 12:23:00,1427.95,1427.95,1421.0,1422.45,6648
2024-06-04 12:24:00,1422.45,1423.3,1420.95,1421.25,4476
2024-06-04 12:25:00,1421.25,1426.05,1420.6,1421.45,8722
2024-06-04 12:26:00,1421.55,1422.75,1419.3,1420.45,10087
2024-06-04 12:27:00,1419.55,1423.55,1419.05,1422.5,6567
2024-06-04 12:28:00,1422.5,1422.9,1419.5,1420.3,4579
2024-06-04 12:29:00,1420.0,1422.0,1419.5,1422.0,7552
2024-06-04 12:30:00,1422.55,1436.5,1422.4,1435.5,10882
2024-06-04 12:31:00,1435.5,1438.4,1432.7,1436.5,9787
2024-06-04 12:32:00,1436.15,1442.05,1436.05,1437.55,12400
2024-06-04 12:33:00,1437.55,1449.35,1432.45,1446.65,17926
2024-06-04 12:34:00,1446.65,1451.85,1443.3,1443.5,14653
2024-06-04 12:35:00,1443.5,1452.95,1440.0,1452.15,15296
2024-06-04 12:36:00,1454.75,1457.45,1440.0,1440.5,11794
2024-06-04 12:37:00,1439.9,1453.15,1438.4,1450.4,14936
2024-06-04 12:38:00,1450.0,1454.55,1442.05,1442.35,9477
2024-06-04 12:39:00,1442.85,1450.8,1440.2,1444.9,4083
2024-06-04 12:40:00,1445.15,1451.4,1445.0,1451.4,3956
2024-06-04 12:41:00,1451.4,1456.0,1451.0,1456.0,3663
2024-06-04 12:42:00,1456.65,1462.5,1455.1,1459.1,4567
2024-06-04 12:43:00,1459.5,1464.6,1455.3,1463.4,4875
2024-06-04 12:44:00,1464.05,1477.0,1462.1,1469.45,7298
2024-06-04 12:45:00,1467.45,1474.85,1458.5,1461.95,7565
2024-06-04 12:46:00,1462.6,1475.1,1462.6,1471.2,8009
2024-06-04 12:47:00,1471.2,1474.9,1466.9,1474.75,5362
2024-06-04 12:48:00,1474.8,1475.0,1468.0,1473.85,6086
2024-06-04 12:49:00,1473.0,1476.6,1468.75,1471.55,6560
2024-06-04 12:50:00,1473.8,1473.8,1460.45,1467.3,11725
2024-06-04 12:51:00,1467.6,1470.8,1460.35,1467.4,5950
2024-06-04 12:52:00,1467.9,1474.0,1466.05,1474.0,4880
2024-06-04 12:53:00,1474.95,1482.35,1474.2,1481.85,6608
2024-06-04 12:54:00,1481.25,1484.35,1479.05,1482.65,9397
2024-06-04 12:55:00,1483.95,1483.95,1474.3,1477.1,5680
2024-06-04 12:56:00,1476.7,1481.05,1472.05,1474.2,9638
2024-06-04 12:57:00,1474.2,1478.65,1469.3,1475.15,8795
2024-06-04 12:58:00,1475.15,1475.65,1468.9,1473.25,5098
2024-06-04 12:59:00,1473.25,1473.55,1462.55,1468.05,9686
2024-06-04 13:00:00,1467.85,1468.05,1458.75,1460.25,10050
2024-06-04 13:01:00,1461.55,1462.4,1457.35,1461.95,6122
2024-06-04 13:02:00,1462.0,1478.5,1461.6,1474.05,11479
2024-06-04 13:03:00,1474.7,1474.7,1468.05,1471.5,13977
2024-06-04 13:04:00,1472.25,1472.25,1461.35,1463.95,13660
2024-06-04 13:05:00,1463.95,1469.15,1462.7,1466.65,7434
2024-06-04 13:06:00,1466.8,1469.9,1463.6,1467.85,5330
2024-06-04 13:07:00,1469.05,1470.15,1459.05,1460.75,9584
2024-06-04 13:08:00,1460.75,1464.4,1455.15,1456.5,19474
2024-06-04 13:09:00,1458.05,1460.3,1455.55,1459.05,9784
2024-06-04 13:10:00,1458.5,1459.05,1451.5,1453.05,10722
2024-06-04 13:11:00,1452.7,1460.5,1451.05,1458.5,10868
2024-06-04 13:12:00,1459.85,1466.7,1457.7,1462.65,5352
2024-06-04 13:13:00,1462.65,1467.0,1459.05,1464.25,8619
2024-06-04 13:14:00,1464.25,1469.0,1464.25,1468.35,5508
2024-06-04 13:15:00,1468.4,1470.95,1463.05,1464.4,6257
2024-06-04 13:16:00,1464.4,1470.25,1463.5,1466.8,5156
2024-06-04 13:17:00,1465.0,1471.85,1464.3,1465.75,8610
2024-06-04 13:18:00,1466.25,1468.0,1462.15,1464.7,7441
2024-06-04 13:19:00,1465.05,1467.45,1461.55,1465.7,6860
2024-06-04 13:20:00,1465.7,1475.3,1465.0,1474.6,7379
2024-06-04 13:21:00,1472.85,1480.85,1471.9,1479.2,10364
2024-06-04 13:22:00,1479.2,1482.4,1476.45,1482.0,5267
2024-06-04 13:23:00,1482.0,1485.0,1479.5,1482.9,10126
2024-06-04 13:24:00,1481.3,1482.85,1474.4,1477.85,7714
2024-06-04 13:25:00,1477.85,1483.6,1476.6,1477.3,6753
2024-06-04 13:26:00,1478.4,1478.45,1472.25,1475.9,9944
2024-06-04 13:27:00,1475.35,1476.2,1469.85,1472.75,5655
2024-06-04 13:28:00,1472.75,1473.0,1465.1,1466.85,4681
2024-06-04 13:29:00,1466.85,1469.1,1465.0,1466.95,5986
2024-06-04 13:30:00,1467.75,1471.85,1465.1,1469.3,14107
2024-06-04 13:31:00,1469.3,1470.05,1456.45,1461.35,13656
2024-06-04 13:32:00,1460.6,1463.9,1458.95,1460.2,11770
2024-06-04 13:33:00,1459.85,1460.0,1454.55,1458.6,11200
2024-06-04 13:34:00,1458.6,1467.5,1456.95,1465.4,14719
2024-06-04 13:35:00,1465.4,1472.95,1463.8,1469.65,6653
2024-06-04 13:36:00,1468.85,1473.75,1468.85,1470.3,6563
2024-06-04 13:37:00,1470.3,1471.95,1464.1,1467.65,10776
2024-06-04 13:38:00,1467.65,1468.5,1461.75,1463.85,8436
2024-06-04 13:39:00,1463.85,1467.8,1461.9,1464.0,5684
2024-06-04 13:40:00,1464.4,1464.4,1458.45,1462.2,12500
2024-06-04 13:41:00,1461.5,1466.85,1460.0,1464.1,11472
2024-06-04 13:42:00,1463.0,1464.1,1458.5,1462.35,6484
2024-06-04 13:43:00,1461.9,1463.0,1458.85,1459.65,10421
2024-06-04 13:44:00,1459.65,1468.85,1459.2,1466.05,10048
2024-06-04 13:45:00,1465.75,1471.0,1464.55,1469.95,10744
2024-06-04 13:46:00,1469.95,1472.35,1468.0,1471.95,7877
2024-06-04 13:47:00,1472.0,1476.45,1471.95,1475.45,7284
2024-06-04 13:48:00,1475.95,1480.0,1475.95,1478.6,8810
2024-06-04 13:49:00,1478.8,1484.95,1478.8,1484.75,11959
2024-06-04 13:50:00,1484.75,1488.35,1482.8,1488.35,17708
2024-06-04 13:51:00,1488.35,1491.0,1487.3,1490.35,14419
2024-06-04 13:52:00,1490.3,1498.25,1490.2,1496.5,27614
2024-06-04 13:53:00,1496.1,1500.9,1495.0,1498.55,46034
2024-06-04 13:54:00,1498.4,1501.55,1493.0,1497.55,24356
2024-06-04 13:55:00,1498.7,1499.0,1493.6,1497.5,23319
2024-06-04 13:56:00,1496.1,1497.95,1492.0,1493.2,26237
2024-06-04 13:57:00,1493.15,1494.55,1482.9,1483.7,11936
2024-06-04 13:58:00,1486.95,1496.95,1486.35,1496.35,15970
2024-06-04 13:59:00,1496.35,1499.0,1493.85,1496.85,15771
2024-06-04 14:00:00,1496.85,1498.65,1490.95,1497.85,45529
2024-06-04 14:01:00,1498.4,1500.95,1495.0,1498.45,39597
2024-06-04 14:02:00,1497.3,1500.9,1496.0,1500.0,20597
2024-06-04 14:03:00,1499.05,1501.55,1495.0,1500.95,91595
2024-06-04 14:04:00,1500.95,1500.95,1496.2,1500.0,56878
2024-06-04 14:05:00,1500.0,1501.0,1495.0,1497.1,31329
2024-06-04 14:06:00,1497.05,1497.25,1489.7,1490.35,27227
2024-06-04 14:07:00,1490.35,1495.75,1484.5,1491.35,27835
2024-06-04 14:08:00,1491.3,1495.0,1488.8,1489.7,8089
2024-06-04 14:09:00,1489.7,1495.95,1489.7,1494.25,6086
2024-06-04 14:10:00,1494.25,1497.45,1490.15,1491.65,9596
2024-06-04 14:11:00,1492.3,1493.65,1485.0,1489.95,7717
2024-06-04 14:12:00,1489.4,1491.4,1487.2,1490.65,6092
2024-06-04 14:13:00,1490.65,1494.65,1488.55,1494.05,15189
2024-06-04 14:14:00,1494.05,1496.7,1494.05,1496.15,29359
2024-06-04 14:15:00,1496.15,1496.15,1491.3,1491.85,12425
2024-06-04 14:16:00,1491.85,1492.95,1485.0,1487.2,14635
2024-06-04 14:17:00,1487.2,1488.05,1483.05,1487.4,9457
2024-06-04 14:18:00,1487.4,1494.6,1487.0,1494.5,7709
2024-06-04 14:19:00,1494.75,1494.75,1488.8,1490.45,11568
2024-06-04 14:20:00,1490.3,1490.9,1487.75,1489.65,8459
2024-06-04 14:21:00,1489.65,1491.25,1487.5,1488.95,5561
2024-06-04 14:22:00,1487.85,1488.85,1484.5,1485.45,10142
2024-06-04 14:23:00,1485.45,1486.9,1479.7,1479.7,11857
2024-06-04 14:24:00,1479.7,1488.4,1479.25,1487.35,11363
2024-06-04 14:25:00,1487.35,1487.35,1483.2,1485.05,6063
2024-06-04 14:26:00,1485.05,1486.75,1484.15,1486.2,5308
2024-06-04 14:27:00,1486.2,1488.0,1483.95,1485.7,7361
2024-06-04 14:28:00,1485.95,1485.95,1481.45,1484.0,10292
2024-06-04 14:29:00,1484.95,1485.05,1482.2,1483.75,5928
2024-06-04 14:30:00,1482.8,1486.7,1482.35,1485.4,3698
2024-06-04 14:31:00,1486.3,1491.0,1485.0,1489.7,5743
2024-06-04 14:32:00,1490.1,1497.35,1490.0,1495.35,19282
2024-06-04 14:33:00,1494.8,1498.55,1493.45,1498.2,22213
2024-06-04 14:34:00,1498.15,1498.2,1494.5,1494.95,8917
2024-06-04 14:35:00,1494.95,1496.7,1490.55,1493.6,45832
2024-06-04 14:36:00,1493.7,1494.05,1490.45,1492.55,44260
2024-06-04 14:37:00,1492.55,1498.55,1492.55,1497.5,28477
2024-06-04 14:38:00,1497.5,1497.5,1493.1,1495.6,13243
2024-06-04 14:39:00,1495.55,1499.35,1492.0,1498.35,38223
2024-06-04 14:40:00,1499.2,1503.9,1494.1,1494.8,33439
2024-06-04 14:41:00,1494.9,1495.5,1491.05,1494.35,22531
2024-06-04 14:42:00,1494.35,1495.25,1489.55,1489.55,9115
2024-06-04 14:43:00,1490.9,1492.95,1487.85,1491.2,8547
2024-06-04 14:44:00,1491.2,1493.35,1487.9,1492.1,12387
2024-06-04 14:45:00,1492.1,1494.35,1489.75,1491.9,12324
2024-06-04 14:46:00,1492.4,1493.3,1486.5,1489.9,9572
2024-06-04 14:47:00,1490.5,1490.55,1487.0,1488.8,6582
2024-06-04 14:48:00,1488.25,1489.0,1484.0,1485.75,9796
2024-06-04 14:49:00,1485.65,1487.15,1481.0,1482.75,8853
2024-06-04 14:50:00,1482.75,1485.25,1480.8,1482.55,9254
2024-06-04 14:51:00,1482.55,1483.75,1478.0,1479.7,7010
2024-06-04 14:52:00,1480.25,1483.75,1478.35,1478.85,8784
2024-06-04 14:53:00,1478.85,1482.35,1478.85,1480.0,3498
2024-06-04 14:54:00,1480.0,1481.3,1473.7,1480.2,12263
2024-06-04 14:55:00,1480.2,1485.65,1479.25,1485.15,10876
2024-06-04 14:56:00,1485.15,1486.65,1480.3,1484.0,9070
2024-06-04 14:57:00,1482.85,1484.3,1478.6,1481.55,63578
2024-06-04 14:58:00,1481.55,1483.3,1467.55,1470.1,33921
2024-06-04 14:59:00,1471.7,1476.4,1470.05,1474.4,11765
2024-06-04 15:00:00,1474.3,1479.65,1471.05,1472.4,18566
2024-06-04 15:01:00,1472.25,1474.65,1465.1,1465.25,13009
2024-06-04 15:02:00,1465.25,1469.2,1463.35,1468.65,16980
2024-06-04 15:03:00,1468.15,1468.7,1463.2,1467.35,12473
2024-06-04 15:04:00,1467.35,1469.75,1464.6,1465.8,24951
2024-06-04 15:05:00,1465.8,1469.45,1463.4,1466.65,12913
2024-06-04 15:06:00,1466.65,1469.9,1465.4,1469.4,10081
2024-06-04 15:07:00,1469.4,1476.7,1466.2,1469.95,28306
2024-06-04 15:08:00,1470.9,1479.65,1469.2,1476.85,8450
2024-06-04 15:09:00,1476.2,1480.25,1471.55,1480.25,38802
2024-06-04 15:10:00,1479.25,1484.35,1475.0,1480.1,29313
2024-06-04 15:11:00,1480.5,1484.0,1475.55,1483.7,17479
2024-06-04 15:12:00,1483.35,1484.0,1479.05,1479.65,19273
2024-06-04 15:13:00,1478.45,1481.55,1477.7,1480.45,16824
2024-06-04 15:14:00,1480.4,1485.95,1480.4,1484.35,16439
2024-06-04 15:15:00,1484.35,1485.4,1480.85,1485.4,17601
2024-06-04 15:16:00,1485.55,1485.55,1482.8,1483.25,11341
2024-06-04 15:17:00,1483.3,1487.8,1482.3,1487.75,33743
2024-06-04 15:18:00,1485.95,1488.05,1477.95,1478.7,27637
2024-06-04 15:19:00,1478.65,1483.65,1476.2,1483.2,12563
2024-06-04 15:20:00,1482.4,1482.4,1478.35,1478.35,15059
2024-06-04 15:21:00,1478.15,1480.0,1476.7,1478.75,6902
2024-06-04 15:22:00,1478.75,1478.75,1475.0,1476.15,8201
2024-06-04 15:23:00,1476.15,1478.35,1474.8,1477.6,10625
2024-06-04 15:24:00,1477.6,1481.0,1476.15,1478.95,10625
2024-06-04 15:25:00,1478.95,1479.4,1475.8,1479.25,12912
2024-06-04 15:26:00,1478.05,1480.5,1477.65,1479.6,11417
2024-06-04 15:27:00,1479.6,1479.6,1477.0,1477.05,7557
2024-06-04 15:28:00,1477.05,1488.05,1474.25,1476.85,11100
2024-06-04 15:29:00,1476.85,1496.95,1475.65,1489.4,11588
2024-06-05 09:15:00,1490.0,1495.0,1488.6,1492.4,13403
2024-06-05 09:16:00,1491.8,1496.85,1491.2,1495.85,10780
2024-06-05 09:17:00,1496.2,1498.95,1494.95,1495.95,10162
2024-06-05 09:18:00,1495.3,1497.7,1493.45,1495.7,7954
2024-06-05 09:19:00,1495.1,1495.75,1486.05,1490.05,11725
2024-06-05 09:20:00,1490.6,1494.9,1489.3,1490.5,5059
2024-06-05 09:21:00,1490.1,1491.9,1488.1,1490.0,5948
2024-06-05 09:22:00,1489.85,1490.05,1486.4,1486.75,5877
2024-06-05 09:23:00,1487.35,1490.15,1486.85,1488.15,2361
2024-06-05 09:24:00,1488.35,1488.6,1481.85,1482.35,6201
2024-06-05 09:25:00,1479.05,1482.1,1476.95,1476.95,11068
2024-06-05 09:26:00,1477.7,1481.9,1477.7,1480.75,3712
2024-06-05 09:27:00,1481.25,1489.75,1479.95,1489.4,3934
2024-06-05 09:28:00,1488.5,1489.3,1486.8,1486.8,4041
2024-06-05 09:29:00,1487.45,1490.0,1487.05,1489.2,6292
2024-06-05 09:30:00,1489.0,1491.1,1489.0,1490.4,2570
2024-06-05 09:31:00,1490.35,1494.8,1489.0,1492.6,3489
2024-06-05 09:32:00,1492.7,1493.05,1490.55,1490.85,2252
2024-06-05 09:33:00,1490.9,1490.9,1485.65,1485.7,9308
2024-06-05 09:34:00,1485.9,1485.95,1481.85,1482.7,4623
2024-06-05 09:35:00,1482.7,1486.9,1482.6,1483.7,4069
2024-06-05 09:36:00,1483.65,1487.0,1483.2,1486.15,965
2024-06-05 09:37:00,1486.15,1486.9,1484.65,1485.0,4675
2024-06-05 09:38:00,1485.0,1485.65,1483.95,1484.8,13461
2024-06-05 09:39:00,1485.05,1486.5,1484.45,1485.0,7165
2024-06-05 09:40:00,1485.0,1485.95,1484.55,1485.4,3120
2024-06-05 09:41:00,1485.4,1486.0,1481.95,1482.8,11826
2024-06-05 09:42:00,1482.55,1485.6,1481.8,1485.0,4020
2024-06-05 09:43:00,1485.0,1487.4,1484.35,1485.55,3371
2024-06-05 09:44:00,1484.5,1485.3,1482.0,1483.05,2358
2024-06-05 09:45:00,1483.0,1485.0,1482.55,1483.15,3386
2024-06-05 09:46:00,1483.85,1484.65,1482.05,1483.25,3891
2024-06-05 09:47:00,1483.2,1483.7,1480.0,1480.0,13112
2024-06-05 09:48:00,1479.95,1481.7,1478.65,1479.25,5846
2024-06-05 09:49:00,1479.2,1481.15,1478.0,1478.25,3402
2024-06-05 09:50:00,1478.25,1479.35,1477.15,1477.35,2154
2024-06-05 09:51:00,1477.15,1477.5,1472.9,1474.35,7945
2024-06-05 09:52:00,1474.35,1476.5,1473.8,1476.5,2741
2024-06-05 09:53:00,1477.05,1478.95,1475.75,1477.25,2954
2024-06-05 09:54:00,1477.25,1480.75,1477.05,1480.25,7872
2024-06-05 09:55:00,1480.25,1482.35,1479.8,1481.65,2409
2024-06-05 09:56:00,1481.3,1481.3,1477.55,1479.8,3276
2024-06-05 09:57:00,1479.65,1479.65,1475.7,1477.7,2315
2024-06-05 09:58:00,1477.5,1478.95,1476.9,1478.4,2333
2024-06-05 09:59:00,1478.4,1479.95,1478.15,1479.5,1232
2024-06-05 10:00:00,1479.5,1482.65,1479.5,1482.65,2536
2024-06-05 10:01:00,1482.65,1485.2,1480.9,1485.1,3913
2024-06-05 10:02:00,1485.2,1489.45,1483.5,1489.05,4500
2024-06-05 10:03:00,1489.05,1491.3,1486.9,1488.3,4720
2024-06-05 10:04:00,1488.3,1490.45,1488.3,1489.1,1678
2024-06-05 10:05:00,1489.1,1491.1,1489.05,1491.1,1190
2024-06-05 10:06:00,1491.2,1491.9,1490.0,1491.7,1737
2024-06-05 10:07:00,1491.7,1495.0,1491.3,1493.45,2011
2024-06-05 10:08:00,1493.45,1494.1,1491.2,1491.7,1343
2024-06-05 10:09:00,1491.7,1495.55,1491.7,1494.85,1687
2024-06-05 10:10:00,1494.85,1495.05,1494.25,1495.0,1399
2024-06-05 10:11:00,1495.0,1496.5,1494.4,1496.5,3618
2024-06-05 10:12:00,1496.5,1498.95,1495.6,1498.25,2373
2024-06-05 10:13:00,1498.55,1498.6,1495.85,1495.85,1651
2024-06-05 10:14:00,1495.85,1497.3,1495.85,1496.55,1156
2024-06-05 10:15:00,1496.55,1497.35,1496.3,1496.75,958
2024-06-05 10:16:00,1496.75,1497.8,1496.45,1497.35,1391
2024-06-05 10:17:00,1497.35,1497.35,1494.4,1494.55,1699
2024-06-05 10:18:00,1494.55,1494.55,1490.2,1491.0,2645
2024-06-05 10:19:00,1491.0,1493.8,1490.65,1493.65,1016
2024-06-05 10:20:00,1493.65,1493.65,1490.2,1491.25,3833
2024-06-05 10:21:00,1490.7,1491.2,1488.35,1489.25,4424
2024-06-05 10:22:00,1489.75,1490.95,1489.55,1490.95,425
2024-06-05 10:23:00,1490.75,1490.95,1488.3,1488.3,1412
2024-06-05 10:24:00,1488.75,1490.15,1488.2,1488.25,3217
2024-06-05 10:25:00,1488.1,1488.1,1484.0,1486.0,3904
2024-06-05 10:26:00,1486.0,1487.55,1484.8,1486.95,1559
2024-06-05 10:27:00,1487.2,1487.2,1485.05,1485.65,2718
2024-06-05 10:28:00,1485.6,1486.95,1485.1,1485.95,853
2024-06-05 10:29:00,1485.95,1487.1,1485.65,1487.1,538
2024-06-05 10:30:00,1487.1,1489.7,1486.8,1489.45,914
2024-06-05 10:31:00,1489.6,1490.8,1489.05,1490.3,903
2024-06-05 10:32:00,1490.55,1492.95,1489.55,1492.95,1307
2024-06-05 10:33:00,1492.95,1494.0,1491.7,1492.95,744
2024-06-05 10:34:00,1492.95,1493.95,1491.35,1491.35,537
2024-06-05 10:35:00,1491.35,1491.75,1490.0,1490.0,1375
2024-06-05 10:36:00,1490.0,1490.0,1486.45,1487.15,2401
2024-06-05 10:37:00,1486.45,1487.4,1485.05,1487.0,3454
2024-06-05 10:38:00,1487.0,1487.0,1485.6,1485.65,1704
2024-06-05 10:39:00,1485.65,1487.55,1485.6,1485.6,2685
2024-06-05 10:40:00,1486.45,1487.7,1484.3,1487.6,3588
2024-06-05 10:41:00,1486.75,1488.55,1486.6,1488.5,2434
2024-06-05 10:42:00,1488.5,1489.05,1486.25,1487.2,1627
2024-06-05 10:43:00,1486.2,1486.7,1484.5,1485.7,1851
2024-06-05 10:44:00,1486.0,1486.4,1484.05,1484.75,1907
2024-06-05 10:45:00,1484.7,1485.6,1483.85,1484.95,2990
2024-06-05 10:46:00,1485.0,1485.85,1484.5,1485.65,1424
2024-06-05 10:47:00,1485.65,1489.4,1485.3,1489.4,3153
2024-06-05 10:48:00,1488.5,1489.85,1487.0,1487.6,1922
2024-06-05 10:49:00,1487.6,1491.85,1487.25,1491.15,3860
2024-06-05 10:50:00,1491.05,1493.05,1490.05,1492.6,2754
2024-06-05 10:51:00,1491.3,1492.65,1490.2,1491.15,5988
2024-06-05 10:52:00,1491.15,1494.9,1491.15,1493.0,2518
2024-06-05 10:53:00,1493.0,1493.7,1492.9,1493.5,1531
2024-06-05 10:54:00,1493.5,1493.85,1492.3,1492.45,806
2024-06-05 10:55:00,1492.4,1493.0,1490.25,1490.5,2550
2024-06-05 10:56:00,1490.5,1495.4,1490.5,1495.4,1170
2024-06-05 10:57:00,1495.4,1498.95,1494.85,1498.95,1694
2024-06-05 10:58:00,1498.95,1501.45,1498.95,1500.0,5045
2024-06-05 10:59:00,1500.0,1501.0,1496.85,1499.15,2696
2024-06-05 11:00:00,1498.25,1499.0,1497.1,1498.05,8282
2024-06-05 11:01:00,1498.05,1498.8,1495.35,1495.65,1262
2024-06-05 11:02:00,1495.65,1500.5,1495.55,1500.5,1486
2024-06-05 11:03:00,1500.5,1500.75,1499.0,1500.0,1216
2024-06-05 11:04:00,1500.0,1500.7,1497.65,1499.45,1854
2024-06-05 11:05:00,1499.45,1500.5,1499.0,1500.0,1635
2024-06-05 11:06:00,1499.55,1499.95,1498.3,1499.95,1345
2024-06-05 11:07:00,1500.0,1502.0,1500.0,1502.0,1852
2024-06-05 11:08:00,1502.0,1504.0,1502.0,1502.5,2161
2024-06-05 11:09:00,1502.5,1503.45,1502.45,1503.35,1452
2024-06-05 11:10:00,1503.35,1505.2,1502.0,1505.2,1117
2024-06-05 11:11:00,1504.6,1507.0,1504.2,1505.05,3701
2024-06-05 11:12:00,1505.0,1505.75,1504.25,1504.5,752
2024-06-05 11:13:00,1504.5,1505.3,1503.15,1503.9,8233
2024-06-05 11:14:00,1503.4,1508.0,1503.4,1507.6,4809
2024-06-05 11:15:00,1507.6,1508.35,1502.2,1502.85,12479
2024-06-05 11:16:00,1502.85,1506.9,1502.6,1505.1,5994
2024-06-05 11:17:00,1505.1,1508.95,1503.7,1507.6,6550
2024-06-05 11:18:00,1507.6,1508.0,1505.25,1505.7,2121
2024-06-05 11:19:00,1505.7,1507.15,1501.65,1504.55,20948
2024-06-05 11:20:00,1504.55,1506.75,1503.3,1504.05,2472
2024-06-05 11:21:00,1503.25,1504.95,1501.65,1502.65,2769
2024-06-05 11:22:00,1502.7,1503.3,1500.85,1502.55,5838
2024-06-05 11:23:00,1503.0,1504.55,1502.6,1503.55,2336
2024-06-05 11:24:00,1503.55,1504.5,1501.25,1501.75,2795
2024-06-05 11:25:00,1501.7,1504.5,1501.7,1504.5,8917
2024-06-05 11:26:00,1504.5,1506.85,1504.2,1506.85,1794
2024-06-05 11:27:00,1506.85,1508.0,1506.65,1508.0,1024
2024-06-05 11:28:00,1508.0,1508.0,1506.7,1507.1,1177
2024-06-05 11:29:00,1507.1,1509.0,1507.1,1509.0,1756
2024-06-05 11:30:00,1509.0,1509.0,1507.7,1507.7,1060
2024-06-05 11:31:00,1507.7,1511.0,1506.6,1511.0,4738
2024-06-05 11:32:00,1511.0,1511.75,1506.0,1506.0,4543
2024-06-05 11:33:00,1506.0,1506.4,1503.5,1506.3,3416
2024-06-05 11:34:00,1506.3,1508.0,1506.3,1507.35,1277
2024-06-05 11:35:00,1507.35,1509.85,1507.3,1509.25,1494
2024-06-05 11:36:00,1509.3,1509.95,1508.0,1508.2,797
2024-06-05 11:37:00,1508.2,1510.0,1508.05,1508.05,1605
2024-06-05 11:38:00,1508.05,1508.95,1507.6,1507.6,934
2024-06-05 11:39:00,1508.2,1509.95,1506.15,1509.25,5358
2024-06-05 11:40:00,1509.25,1511.95,1508.35,1511.95,2285
2024-06-05 11:41:00,1511.4,1512.3,1510.35,1510.75,1236
2024-06-05 11:42:00,1510.25,1511.0,1510.0,1510.8,1524
2024-06-05 11:43:00,1511.05,1511.85,1510.45,1510.5,1828
2024-06-05 11:44:00,1509.9,1511.4,1509.6,1510.55,1181
2024-06-05 11:45:00,1510.55,1510.55,1507.95,1509.9,2419
2024-06-05 11:46:00,1510.0,1512.0,1510.0,1511.35,657
2024-06-05 11:47:00,1511.35,1512.2,1510.35,1510.35,2331
2024-06-05 11:48:00,1510.35,1512.95,1509.85,1510.1,2299
2024-06-05 11:49:00,1510.1,1511.45,1506.55,1507.7,2940
2024-06-05 11:50:00,1507.95,1510.0,1507.5,1510.0,1332
2024-06-05 11:51:00,1510.0,1511.0,1508.55,1510.4,3401
2024-06-05 11:52:00,1510.75,1512.15,1509.6,1510.55,1155
2024-06-05 11:53:00,1510.55,1511.6,1510.0,1510.75,683
2024-06-05 11:54:00,1510.95,1511.5,1506.7,1507.65,4018
2024-06-05 11:55:00,1507.7,1510.35,1507.65,1510.0,1014
2024-06-05 11:56:00,1510.0,1511.0,1510.0,1510.35,478
2024-06-05 11:57:00,1510.35,1512.35,1510.0,1512.35,2729
2024-06-05 11:58:00,1512.35,1512.4,1510.45,1511.85,611
2024-06-05 11:59:00,1511.85,1511.9,1509.95,1510.0,594
2024-06-05 12:00:00,1510.0,1510.0,1508.3,1509.7,2617
2024-06-05 12:01:00,1509.7,1511.5,1509.05,1511.5,1446
2024-06-05 12:02:00,1511.4,1513.7,1510.85,1513.7,1657
2024-06-05 12:03:00,1513.05,1514.55,1513.05,1514.45,2160
2024-06-05 12:04:00,1514.45,1518.0,1513.85,1517.95,4817
2024-06-05 12:05:00,1517.95,1521.7,1517.2,1518.05,12051
2024-06-05 12:06:00,1518.1,1518.1,1515.05,1515.5,1106
2024-06-05 12:07:00,1515.5,1518.0,1515.5,1517.4,3139
2024-06-05 12:08:00,1517.4,1517.4,1512.55,1512.75,1228
2024-06-05 12:09:00,1512.75,1513.05,1509.0,1510.9,2251
2024-06-05 12:10:00,1510.8,1511.3,1509.85,1510.45,963
2024-06-05 12:11:00,1510.8,1512.85,1510.45,1512.85,2193
2024-06-05 12:12:00,1512.8,1513.65,1512.0,1513.65,512
2024-06-05 12:13:00,1513.8,1513.8,1512.55,1513.15,349
2024-06-05 12:14:00,1513.15,1513.75,1513.0,1513.6,613
2024-06-05 12:15:00,1513.6,1514.5,1512.25,1514.4,1310
2024-06-05 12:16:00,1514.4,1516.15,1514.05,1516.1,508
2024-06-05 12:17:00,1516.15,1517.4,1515.65,1517.2,1400
2024-06-05 12:18:00,1517.15,1517.9,1516.65,1516.75,1407
2024-06-05 12:19:00,1517.55,1517.55,1515.55,1517.5,804
2024-06-05 12:20:00,1517.45,1517.5,1516.65,1516.65,362
2024-06-05 12:21:00,1516.65,1517.95,1516.0,1517.9,2946
2024-06-05 12:22:00,1517.95,1518.7,1516.2,1517.45,4304
2024-06-05 12:23:00,1517.45,1517.5,1516.45,1517.4,542
2024-06-05 12:24:00,1517.4,1518.3,1517.2,1518.2,661
2024-06-05 12:25:00,1518.2,1518.85,1517.0,1517.45,1012
2024-06-05 12:26:00,1517.45,1517.65,1516.4,1517.3,619
2024-06-05 12:27:00,1516.65,1517.3,1513.9,1514.75,649
2024-06-05 12:28:00,1514.55,1515.7,1514.05,1515.7,460
2024-06-05 12:29:00,1515.6,1516.25,1514.95,1515.9,658
2024-06-05 12:30:00,1515.85,1516.5,1514.65,1516.5,490
2024-06-05 12:31:00,1516.5,1516.7,1515.35,1516.0,346
2024-06-05 12:32:00,1516.0,1516.75,1515.8,1516.0,1937
2024-06-05 12:33:00,1516.0,1518.65,1516.0,1518.5,3244
2024-06-05 12:34:00,1518.5,1518.75,1517.35,1518.25,420
2024-06-05 12:35:00,1518.25,1518.25,1517.05,1518.1,518
2024-06-05 12:36:00,1518.1,1518.2,1517.45,1518.0,391
2024-06-05 12:37:00,1518.0,1518.0,1517.8,1518.0,542
2024-06-05 12:38:00,1518.0,1518.0,1515.1,1515.85,2513
2024-06-05 12:39:00,1515.05,1515.75,1514.0,1514.15,2370
2024-06-05 12:40:00,1514.75,1514.8,1509.5,1510.6,2731
2024-06-05 12:41:00,1509.75,1511.1,1509.5,1510.4,2997
2024-06-05 12:42:00,1510.4,1510.75,1509.3,1509.35,2691
2024-06-05 12:43:00,1510.0,1513.1,1509.35,1512.5,1125
2024-06-05 12:44:00,1512.5,1512.55,1510.15,1510.95,2390
2024-06-05 12:45:00,1510.95,1511.6,1509.5,1511.15,4323
2024-06-05 12:46:00,1511.15,1512.25,1510.9,1511.7,425
2024-06-05 12:47:00,1511.7,1512.95,1510.6,1510.9,1756
2024-06-05 12:48:00,1509.9,1510.65,1507.5,1508.35,3695
2024-06-05 12:49:00,1508.35,1508.35,1505.05,1507.4,6391
2024-06-05 12:50:00,1506.15,1509.15,1506.15,1508.8,2170
2024-06-05 12:51:00,1508.35,1510.3,1508.35,1509.9,622
2024-06-05 12:52:00,1509.9,1510.6,1509.6,1510.5,699
2024-06-05 12:53:00,1510.7,1514.1,1510.7,1514.1,3140
2024-06-05 12:54:00,1513.7,1515.65,1513.1,1515.5,1915
2024-06-05 12:55:00,1515.5,1516.35,1513.55,1515.95,2696
2024-06-05 12:56:00,1515.95,1515.95,1515.0,1515.65,1789
2024-06-05 12:57:00,1515.65,1515.9,1513.65,1514.5,3743
2024-06-05 12:58:00,1514.5,1514.5,1511.4,1512.15,1804
2024-06-05 12:59:00,1511.25,1513.95,1511.2,1513.6,5527
2024-06-05 13:00:00,1513.6,1515.6,1513.3,1514.0,2486
2024-06-05 13:01:00,1514.0,1514.5,1511.9,1512.05,3547
2024-06-05 13:02:00,1511.65,1513.0,1510.95,1512.45,1110
2024-06-05 13:03:00,1512.0,1515.0,1512.0,1515.0,257
2024-06-05 13:04:00,1515.0,1518.2,1514.5,1518.1,1814
2024-06-05 13:05:00,1518.05,1518.05,1516.9,1517.05,859
2024-06-05 13:06:00,1517.05,1518.2,1516.95,1518.2,541
2024-06-05 13:07:00,1518.2,1519.4,1517.1,1519.4,10600
2024-06-05 13:08:00,1519.4,1520.25,1518.4,1520.15,15038
2024-06-05 13:09:00,1520.0,1520.2,1518.0,1518.3,6096
2024-06-05 13:10:00,1518.3,1519.9,1518.2,1519.75,808
2024-06-05 13:11:00,1519.3,1520.3,1518.3,1518.95,931
2024-06-05 13:12:00,1518.85,1519.05,1517.05,1518.25,443
2024-06-05 13:13:00,1517.7,1519.6,1517.65,1518.15,438
2024-06-05 13:14:00,1518.15,1518.8,1517.75,1518.2,225
2024-06-05 13:15:00,1518.45,1519.25,1517.4,1518.0,637
2024-06-05 13:16:00,1518.0,1519.65,1516.25,1519.65,855
2024-06-05 13:17:00,1519.45,1519.75,1518.75,1519.35,368
2024-06-05 13:18:00,1519.35,1519.4,1518.45,1519.15,658
2024-06-05 13:19:00,1519.15,1519.95,1518.55,1519.9,410
2024-06-05 13:20:00,1519.9,1520.65,1519.6,1520.65,777
2024-06-05 13:21:00,1520.65,1520.65,1519.75,1520.45,1157
2024-06-05 13:22:00,1520.45,1521.0,1519.1,1519.2,5343
2024-06-05 13:23:00,1519.1,1520.45,1518.4,1520.1,6722
2024-06-05 13:24:00,1520.1,1520.1,1517.4,1517.7,2148
2024-06-05 13:25:00,1517.7,1517.95,1516.05,1517.7,2223
2024-06-05 13:26:00,1517.95,1517.95,1517.0,1517.3,693
2024-06-05 13:27:00,1517.3,1517.3,1517.0,1517.05,435
2024-06-05 13:28:00,1517.05,1517.05,1517.0,1517.05,1134
2024-06-05 13:29:00,1517.05,1518.45,1516.05,1517.95,2080
2024-06-05 13:30:00,1517.95,1519.0,1517.1,1519.0,2003
2024-06-05 13:31:00,1519.0,1519.85,1518.05,1518.75,2348
2024-06-05 13:32:00,1518.75,1518.75,1518.2,1518.4,398
2024-06-05 13:33:00,1518.4,1519.55,1518.0,1519.5,744
2024-06-05 13:34:00,1520.3,1522.0,1520.3,1521.35,2147
2024-06-05 13:35:00,1521.15,1523.8,1521.15,1523.4,1761
2024-06-05 13:36:00,1523.4,1525.45,1523.05,1524.15,13480
2024-06-05 13:37:00,1524.0,1524.5,1523.45,1524.05,1681
2024-06-05 13:38:00,1523.9,1525.3,1523.5,1525.0,1128
2024-06-05 13:39:00,1525.0,1526.7,1525.0,1525.6,1184
2024-06-05 13:40:00,1525.05,1525.25,1524.05,1524.7,1601
2024-06-05 13:41:00,1524.85,1524.85,1523.05,1523.05,494
2024-06-05 13:42:00,1523.45,1524.9,1522.7,1524.45,994
2024-06-05 13:43:00,1524.45,1524.5,1523.2,1524.4,592
2024-06-05 13:44:00,1524.4,1525.65,1524.2,1525.45,796
2024-06-05 13:45:00,1525.45,1525.45,1524.8,1525.05,255
2024-06-05 13:46:00,1525.05,1525.45,1524.15,1524.35,1163
2024-06-05 13:47:00,1524.5,1525.2,1522.4,1523.0,940
2024-06-05 13:48:00,1523.0,1524.75,1522.7,1524.6,511
2024-06-05 13:49:00,1524.95,1524.95,1523.25,1523.45,934
2024-06-05 13:50:00,1524.3,1524.3,1522.7,1523.6,516
2024-06-05 13:51:00,1523.6,1524.3,1523.0,1523.55,385
2024-06-05 13:52:00,1523.55,1525.0,1523.15,1524.6,513
2024-06-05 13:53:00,1524.6,1524.6,1523.15,1524.0,1366
2024-06-05 13:54:00,1524.0,1524.0,1523.05,1523.95,569
2024-06-05 13:55:00,1523.95,1524.05,1523.3,1523.5,468
2024-06-05 13:56:00,1523.55,1524.0,1523.1,1523.95,1091
2024-06-05 13:57:00,1523.95,1523.95,1522.0,1523.45,946
2024-06-05 13:58:00,1523.5,1524.45,1522.55,1524.45,1230
2024-06-05 13:59:00,1524.45,1525.85,1524.1,1524.9,1462
2024-06-05 14:00:00,1524.75,1525.95,1524.45,1525.45,1354
2024-06-05 14:01:00,1525.45,1526.5,1525.45,1526.0,3116
2024-06-05 14:02:00,1526.55,1527.0,1525.8,1527.0,1368
2024-06-05 14:03:00,1526.4,1527.15,1526.25,1526.65,1249
2024-06-05 14:04:00,1526.65,1527.0,1525.7,1526.45,1919
2024-06-05 14:05:00,1526.65,1527.25,1525.75,1527.0,635
2024-06-05 14:06:00,1527.0,1528.0,1526.4,1526.75,1781
2024-06-05 14:07:00,1526.8,1527.0,1525.8,1526.55,908
2024-06-05 14:08:00,1526.05,1527.0,1526.05,1526.95,1279
2024-06-05 14:09:00,1526.95,1528.0,1526.6,1528.0,1392
2024-06-05 14:10:00,1528.0,1528.0,1526.8,1527.45,1202
2024-06-05 14:11:00,1527.45,1527.7,1525.9,1527.1,1697
2024-06-05 14:12:00,1526.6,1526.85,1520.25,1524.3,8562
2024-06-05 14:13:00,1524.3,1524.4,1521.0,1522.3,8496
2024-06-05 14:14:00,1522.3,1522.8,1517.65,1519.65,4630
2024-06-05 14:15:00,1519.65,1521.0,1519.35,1520.3,1912
2024-06-05 14:16:00,1520.3,1520.9,1517.05,1517.95,1860
2024-06-05 14:17:00,1517.05,1520.3,1517.05,1520.0,2366
2024-06-05 14:18:00,1519.2,1522.6,1519.2,1521.75,2275
2024-06-05 14:19:00,1521.75,1522.9,1519.85,1520.0,3834
2024-06-05 14:20:00,1520.0,1520.0,1518.4,1520.0,4014
2024-06-05 14:21:00,1520.0,1523.25,1518.75,1523.2,5599
2024-06-05 14:22:00,1523.2,1523.2,1518.75,1519.1,32076
2024-06-05 14:23:00,1519.1,1520.0,1518.6,1520.0,2504
2024-06-05 14:24:00,1520.0,1523.5,1519.4,1523.5,11611
2024-06-05 14:25:00,1523.5,1524.45,1519.85,1519.9,40278
2024-06-05 14:26:00,1519.5,1522.15,1518.5,1521.0,13697
2024-06-05 14:27:00,1521.15,1521.8,1519.9,1521.25,30657
2024-06-05 14:28:00,1521.25,1521.9,1519.8,1520.6,31977
2024-06-05 14:29:00,1520.6,1521.15,1518.75,1519.5,7653
2024-06-05 14:30:00,1519.5,1519.9,1517.75,1518.6,3279
2024-06-05 14:31:00,1518.6,1519.2,1516.15,1517.2,4709
2024-06-05 14:32:00,1517.15,1518.7,1516.95,1517.95,3725
2024-06-05 14:33:00,1518.0,1519.65,1517.5,1519.5,2822
2024-06-05 14:34:00,1519.5,1520.0,1518.4,1519.05,5395
2024-06-05 14:35:00,1519.05,1520.0,1518.6,1520.0,3456
2024-06-05 14:36:00,1519.95,1521.35,1518.8,1518.95,4278
2024-06-05 14:37:00,1519.0,1519.85,1518.3,1519.35,3264
2024-06-05 14:38:00,1519.35,1519.35,1517.5,1518.05,3254
2024-06-05 14:39:00,1518.6,1519.35,1517.45,1518.65,3604
2024-06-05 14:40:00,1518.6,1519.85,1518.05,1518.85,3642
2024-06-05 14:41:00,1518.85,1519.45,1518.0,1518.2,2299
2024-06-05 14:42:00,1518.2,1521.15,1518.2,1520.85,3676
2024-06-05 14:43:00,1520.5,1521.4,1519.65,1520.0,7987
2024-06-05 14:44:00,1520.4,1520.4,1516.5,1518.0,5745
2024-06-05 14:45:00,1518.0,1519.2,1517.1,1519.0,4932
2024-06-05 14:46:00,1518.65,1520.4,1518.4,1519.95,2718
2024-06-05 14:47:00,1519.95,1519.95,1517.75,1518.0,16799
2024-06-05 14:48:00,1518.0,1518.0,1514.5,1514.5,15397
2024-06-05 14:49:00,1514.55,1516.25,1514.45,1514.65,8264
2024-06-05 14:50:00,1514.65,1518.2,1514.65,1517.1,8590
2024-06-05 14:51:00,1517.1,1518.0,1515.3,1518.0,4716
2024-06-05 14:52:00,1518.15,1518.9,1514.95,1515.3,38403
2024-06-05 14:53:00,1515.6,1517.55,1515.05,1515.35,4050
2024-06-05 14:54:00,1515.35,1518.85,1515.0,1517.65,5893
2024-06-05 14:55:00,1517.65,1517.65,1513.9,1514.75,41546
2024-06-05 14:56:00,1514.75,1516.05,1513.4,1513.4,5455
2024-06-05 14:57:00,1513.2,1514.95,1512.65,1514.75,3863
2024-06-05 14:58:00,1514.15,1515.3,1513.4,1514.35,3066
2024-06-05 14:59:00,1514.35,1515.05,1514.0,1515.0,4951
2024-06-05 15:00:00,1515.0,1515.1,1514.7,1515.1,36003
2024-06-05 15:01:00,1515.1,1518.85,1515.05,1517.9,8344
2024-06-05 15:02:00,1517.95,1519.55,1516.05,1516.65,4945
2024-06-05 15:03:00,1516.65,1517.5,1515.65,1517.05,4067
2024-06-05 15:04:00,1517.05,1518.45,1516.85,1517.85,3602
2024-06-05 15:05:00,1516.45,1520.0,1516.15,1518.95,6313
2024-06-05 15:06:00,1518.95,1520.75,1518.95,1519.2,4245
2024-06-05 15:07:00,1519.3,1520.0,1518.3,1520.0,4346
2024-06-05 15:08:00,1520.0,1520.7,1517.5,1518.45,4956
2024-06-05 15:09:00,1518.45,1519.0,1517.15,1518.4,3420
2024-06-05 15:10:00,1518.45,1519.45,1517.1,1517.1,4231
2024-06-05 15:11:00,1517.1,1518.65,1516.1,1518.45,10671
2024-06-05 15:12:00,1518.45,1518.8,1516.75,1516.95,5096
2024-06-05 15:13:00,1516.95,1519.1,1516.7,1518.8,5036
2024-06-05 15:14:00,1518.95,1519.2,1517.6,1518.95,3353
2024-06-05 15:15:00,1518.95,1519.5,1517.6,1518.75,5396
2024-06-05 15:16:00,1518.75,1518.8,1514.0,1514.6,5566
2024-06-05 15:17:00,1514.4,1517.25,1514.05,1516.5,4173
2024-06-05 15:18:00,1516.85,1519.0,1515.8,1518.05,4650
2024-06-05 15:19:00,1518.0,1518.4,1516.1,1517.2,4633
2024-06-05 15:20:00,1516.9,1517.7,1515.3,1517.2,6228
2024-06-05 15:21:00,1517.65,1518.8,1516.2,1518.25,4851
2024-06-05 15:22:00,1518.7,1519.0,1518.05,1518.95,4437
2024-06-05 15:23:00,1519.0,1522.1,1519.0,1521.25,6490
2024-06-05 15:24:00,1521.3,1521.35,1520.0,1520.0,5868
2024-06-05 15:25:00,1520.0,1522.0,1519.5,1521.25,3774
2024-06-05 15:26:00,1521.25,1521.25,1518.5,1520.35,5276
2024-06-05 15:27:00,1519.95,1520.0,1518.1,1520.0,6108
2024-06-05 15:28:00,1520.0,1520.2,1515.0,1518.7,3868
2024-06-05 15:29:00,1518.45,1520.2,1513.15,1519.0,1341
2024-06-06 09:15:00,1521.5,1530.0,1515.8,1516.7,22547
2024-06-06 09:16:00,1518.2,1523.05,1518.1,1520.2,8109
2024-06-06 09:17:00,1519.65,1524.85,1518.8,1523.15,9289
2024-06-06 09:18:00,1522.5,1523.1,1519.35,1521.2,7290
2024-06-06 09:19:00,1522.05,1525.8,1521.15,1523.65,5631
2024-06-06 09:20:00,1523.65,1524.0,1517.1,1517.8,9365
2024-06-06 09:21:00,1517.35,1521.55,1515.2,1520.5,11598
2024-06-06 09:22:00,1521.75,1526.8,1520.95,1526.55,9192
2024-06-06 09:23:00,1526.0,1528.6,1523.7,1527.2,8747
2024-06-06 09:24:00,1527.2,1527.2,1522.2,1522.2,6293
2024-06-06 09:25:00,1522.05,1523.55,1520.05,1523.55,4952
2024-06-06 09:26:00,1522.85,1523.5,1520.35,1521.85,5359
2024-06-06 09:27:00,1521.85,1522.25,1519.55,1520.3,6310
2024-06-06 09:28:00,1520.1,1524.75,1519.1,1522.25,13509
2024-06-06 09:29:00,1522.75,1525.3,1521.55,1522.25,13309
2024-06-06 09:30:00,1522.25,1525.95,1522.25,1524.15,1873
2024-06-06 09:31:00,1524.05,1527.95,1523.6,1526.65,12992
2024-06-06 09:32:00,1526.65,1527.8,1525.55,1527.6,1389
2024-06-06 09:33:00,1526.85,1527.85,1525.2,1527.5,946
2024-06-06 09:34:00,1526.9,1532.3,1526.9,1532.1,12242
2024-06-06 09:35:00,1532.1,1532.5,1529.1,1531.55,4296
2024-06-06 09:36:00,1531.55,1534.6,1530.8,1533.75,13119
2024-06-06 09:37:00,1533.75,1533.9,1531.75,1533.2,3601
2024-06-06 09:38:00,1533.85,1533.85,1530.65,1531.45,1989
2024-06-06 09:39:00,1531.4,1532.75,1530.0,1531.85,2731
2024-06-06 09:40:00,1531.8,1532.2,1529.65,1532.15,3454
2024-06-06 09:41:00,1531.55,1533.2,1530.05,1530.05,3193
2024-06-06 09:42:00,1530.0,1531.05,1528.2,1529.1,2405
2024-06-06 09:43:00,1529.75,1533.25,1528.2,1528.6,3521
2024-06-06 09:44:00,1528.55,1528.55,1525.25,1525.35,2186
2024-06-06 09:45:00,1525.35,1526.5,1525.1,1525.25,1799
2024-06-06 09:46:00,1525.2,1526.6,1525.0,1526.35,1701
2024-06-06 09:47:00,1526.35,1526.4,1523.9,1523.9,3202
2024-06-06 09:48:00,1523.45,1523.7,1519.8,1520.1,10170
2024-06-06 09:49:00,1520.15,1524.4,1519.75,1523.95,1440
2024-06-06 09:50:00,1524.5,1526.15,1524.15,1524.35,1797
2024-06-06 09:51:00,1525.35,1527.2,1523.9,1526.35,1354
2024-06-06 09:52:00,1526.85,1528.95,1526.85,1528.4,2667
2024-06-06 09:53:00,1528.4,1530.0,1528.25,1528.45,2611
2024-06-06 09:54:00,1528.95,1528.95,1525.0,1526.2,4676
2024-06-06 09:55:00,1526.7,1529.1,1526.7,1528.95,1669
2024-06-06 09:56:00,1528.95,1530.7,1527.3,1529.45,1648
2024-06-06 09:57:00,1528.95,1530.25,1528.45,1529.45,1363
2024-06-06 09:58:00,1529.45,1529.95,1526.1,1527.55,1659
2024-06-06 09:59:00,1529.15,1529.9,1527.2,1527.3,1264
2024-06-06 10:00:00,1527.1,1528.6,1526.1,1528.55,1409
2024-06-06 10:01:00,1528.55,1529.1,1528.1,1528.15,1256
2024-06-06 10:02:00,1528.15,1530.45,1528.1,1528.65,1813
2024-06-06 10:03:00,1528.6,1530.85,1528.1,1530.3,1860
2024-06-06 10:04:00,1530.3,1532.0,1529.9,1530.9,2126
2024-06-06 10:05:00,1531.6,1531.75,1529.35,1530.5,1111
2024-06-06 10:06:00,1530.5,1530.95,1528.95,1528.95,1277
2024-06-06 10:07:00,1528.55,1529.5,1527.35,1527.75,843
2024-06-06 10:08:00,1527.75,1530.6,1527.75,1529.25,1786
2024-06-06 10:09:00,1529.1,1530.55,1528.45,1529.25,3065
2024-06-06 10:10:00,1529.25,1530.4,1527.7,1530.35,1118
2024-06-06 10:11:00,1530.35,1531.0,1527.95,1528.8,5338
2024-06-06 10:12:00,1528.6,1529.55,1528.55,1528.85,1371
2024-06-06 10:13:00,1528.6,1529.3,1527.0,1527.05,2639
2024-06-06 10:14:00,1527.9,1530.0,1527.45,1529.7,3601
2024-06-06 10:15:00,1529.65,1533.5,1529.5,1532.45,3364
2024-06-06 10:16:00,1532.45,1533.65,1532.45,1532.65,836
2024-06-06 10:17:00,1532.65,1533.0,1531.5,1531.55,1181
2024-06-06 10:18:00,1532.0,1535.0,1531.25,1535.0,2379
2024-06-06 10:19:00,1535.0,1535.0,1534.35,1534.55,1856
2024-06-06 10:20:00,1534.9,1536.85,1534.55,1536.05,5817
2024-06-06 10:21:00,1536.1,1538.9,1536.0,1537.15,12697
2024-06-06 10:22:00,1537.45,1538.45,1537.05,1538.4,1498
2024-06-06 10:23:00,1538.4,1539.0,1537.6,1538.25,2038
2024-06-06 10:24:00,1538.25,1540.05,1538.25,1538.75,5776
2024-06-06 10:25:00,1538.75,1540.35,1538.0,1538.3,2622
2024-06-06 10:26:00,1538.0,1539.45,1535.55,1535.95,2625
2024-06-06 10:27:00,1535.95,1538.75,1535.95,1538.25,2710
2024-06-06 10:28:00,1538.25,1538.75,1536.35,1536.35,1190
2024-06-06 10:29:00,1536.35,1537.65,1536.35,1537.0,776
2024-06-06 10:30:00,1537.0,1537.6,1536.0,1537.35,1469
2024-06-06 10:31:00,1537.05,1537.1,1535.05,1536.35,1899
2024-06-06 10:32:00,1536.35,1537.95,1536.1,1537.15,1298
2024-06-06 10:33:00,1537.15,1537.15,1535.85,1535.85,3086
2024-06-06 10:34:00,1535.85,1537.35,1535.45,1535.7,1388
2024-06-06 10:35:00,1535.75,1536.9,1535.1,1535.55,2075
2024-06-06 10:36:00,1535.55,1537.45,1535.35,1537.1,1073
2024-06-06 10:37:00,1537.1,1537.95,1536.9,1537.3,1426
2024-06-06 10:38:00,1537.25,1537.85,1535.8,1536.4,1821
2024-06-06 10:39:00,1536.45,1537.5,1536.35,1537.1,1577
2024-06-06 10:40:00,1537.15,1538.0,1536.6,1537.65,2547
2024-06-06 10:41:00,1537.55,1537.95,1536.6,1537.05,693
2024-06-06 10:42:00,1537.05,1537.05,1533.9,1534.0,2936
2024-06-06 10:43:00,1534.0,1537.5,1534.0,1536.95,1228
2024-06-06 10:44:00,1536.85,1538.2,1536.5,1537.5,2724
2024-06-06 10:45:00,1537.5,1538.85,1536.9,1537.0,6135
2024-06-06 10:46:00,1536.95,1537.55,1536.9,1536.95,29512
2024-06-06 10:47:00,1536.95,1537.9,1536.9,1537.9,4450
2024-06-06 10:48:00,1537.3,1539.75,1537.3,1539.25,753
2024-06-06 10:49:00,1539.25,1541.5,1535.6,1537.45,44143
2024-06-06 10:50:00,1537.45,1539.5,1537.45,1539.1,3298
2024-06-06 10:51:00,1539.1,1539.55,1536.3,1538.25,39219
2024-06-06 10:52:00,1538.25,1538.7,1537.0,1538.7,1099
2024-06-06 10:53:00,1538.7,1538.7,1535.2,1535.6,17324
2024-06-06 10:54:00,1535.6,1537.0,1535.05,1536.45,16104
2024-06-06 10:55:00,1536.45,1537.3,1535.8,1536.0,18752
2024-06-06 10:56:00,1536.0,1537.0,1536.0,1536.0,2800
2024-06-06 10:57:00,1537.0,1537.25,1535.5,1536.2,17091
2024-06-06 10:58:00,1535.7,1536.25,1535.45,1535.6,521
2024-06-06 10:59:00,1535.6,1537.0,1535.6,1536.15,1037
2024-06-06 11:00:00,1537.0,1537.0,1534.25,1534.25,10997
2024-06-06 11:01:00,1534.25,1536.0,1533.75,1536.0,462
2024-06-06 11:02:00,1536.0,1537.55,1535.8,1537.3,27813
2024-06-06 11:03:00,1537.8,1539.45,1537.7,1539.1,2497
2024-06-06 11:04:00,1538.5,1539.1,1536.5,1536.5,34363
2024-06-06 11:05:00,1536.5,1537.0,1536.5,1536.85,4529
2024-06-06 11:06:00,1536.85,1537.0,1536.8,1536.9,2513
2024-06-06 11:07:00,1537.0,1537.0,1536.8,1536.95,3184
2024-06-06 11:08:00,1536.95,1537.0,1535.75,1536.2,4005
2024-06-06 11:09:00,1536.2,1537.0,1536.2,1537.0,228
2024-06-06 11:10:00,1537.0,1537.0,1535.35,1536.0,4823
2024-06-06 11:11:00,1535.9,1536.0,1535.6,1536.0,3304
2024-06-06 11:12:00,1536.0,1536.0,1535.0,1535.85,3406
2024-06-06 11:13:00,1535.95,1535.95,1533.15,1534.0,6403
2024-06-06 11:14:00,1534.0,1534.85,1534.0,1534.1,703
2024-06-06 11:15:00,1534.05,1534.05,1532.3,1533.35,1841
2024-06-06 11:16:00,1533.35,1533.35,1532.1,1532.4,1868
2024-06-06 11:17:00,1532.35,1534.75,1532.35,1534.0,5981
2024-06-06 11:18:00,1534.0,1534.65,1532.8,1532.85,10132
2024-06-06 11:19:00,1532.85,1534.0,1532.85,1533.45,520
2024-06-06 11:20:00,1533.45,1534.0,1532.5,1532.6,2377
2024-06-06 11:21:00,1532.9,1533.05,1531.05,1531.15,4542
2024-06-06 11:22:00,1531.5,1532.2,1531.0,1532.2,1637
2024-06-06 11:23:00,1532.2,1533.15,1531.9,1533.1,2158
2024-06-06 11:24:00,1532.5,1533.05,1531.9,1531.9,607
2024-06-06 11:25:00,1531.9,1533.65,1531.8,1533.45,2292
2024-06-06 11:26:00,1533.45,1533.65,1531.75,1532.7,619
2024-06-06 11:27:00,1532.7,1533.25,1531.05,1531.85,1004
2024-06-06 11:28:00,1531.85,1533.35,1531.25,1531.45,1051
2024-06-06 11:29:00,1531.45,1531.9,1531.25,1531.25,298
2024-06-06 11:30:00,1531.65,1531.65,1530.0,1530.9,5252
2024-06-06 11:31:00,1530.9,1531.8,1530.15,1530.9,1682
2024-06-06 11:32:00,1530.9,1532.2,1530.15,1531.65,2243
2024-06-06 11:33:00,1531.05,1531.35,1530.25,1530.5,983
2024-06-06 11:34:00,1530.5,1531.05,1527.4,1527.5,6223
2024-06-06 11:35:00,1527.5,1530.0,1526.15,1528.65,5053
2024-06-06 11:36:00,1528.5,1529.0,1525.5,1525.5,5620
2024-06-06 11:37:00,1525.5,1528.1,1525.05,1526.4,4265
2024-06-06 11:38:00,1526.4,1528.0,1525.25,1525.25,3390
2024-06-06 11:39:00,1525.1,1526.35,1525.0,1525.0,6026
2024-06-06 11:40:00,1525.0,1527.65,1523.15,1524.05,9786
2024-06-06 11:41:00,1524.35,1526.0,1523.9,1524.65,5649
2024-06-06 11:42:00,1524.65,1526.35,1524.25,1525.1,6966
2024-06-06 11:43:00,1525.1,1526.8,1524.7,1526.35,3734
2024-06-06 11:44:00,1526.35,1526.55,1524.4,1524.8,4156
2024-06-06 11:45:00,1524.75,1527.9,1524.75,1525.25,6392
2024-06-06 11:46:00,1525.0,1525.85,1522.25,1523.05,4181
2024-06-06 11:47:00,1522.85,1523.0,1520.2,1521.05,7047
2024-06-06 11:48:00,1521.05,1522.4,1520.05,1520.05,4282
2024-06-06 11:49:00,1520.05,1520.65,1517.3,1518.45,10710
2024-06-06 11:50:00,1518.45,1521.2,1517.25,1520.15,3269
2024-06-06 11:51:00,1520.25,1522.05,1520.1,1521.15,3484
2024-06-06 11:52:00,1521.15,1525.85,1521.15,1525.05,23329
2024-06-06 11:53:00,1525.15,1525.9,1523.3,1523.95,4644
2024-06-06 11:54:00,1523.95,1525.0,1522.7,1524.3,1820
2024-06-06 11:55:00,1524.3,1526.65,1523.4,1525.2,13839
2024-06-06 11:56:00,1525.9,1526.85,1524.4,1524.5,18009
2024-06-06 11:57:00,1524.5,1525.05,1523.25,1523.5,3048
2024-06-06 11:58:00,1523.5,1524.8,1522.3,1522.95,30164
2024-06-06 11:59:00,1522.35,1523.0,1520.05,1520.05,3762
2024-06-06 12:00:00,1520.4,1521.3,1518.25,1519.2,5878
2024-06-06 12:01:00,1518.7,1519.95,1518.0,1518.9,3710
2024-06-06 12:02:00,1519.5,1520.0,1518.5,1518.95,3719
2024-06-06 12:03:00,1519.35,1519.75,1518.05,1519.0,2812
2024-06-06 12:04:00,1519.75,1520.4,1519.05,1520.05,3401
2024-06-06 12:05:00,1520.1,1521.1,1519.05,1520.75,3660
2024-06-06 12:06:00,1521.55,1522.9,1520.0,1521.3,3186
2024-06-06 12:07:00,1521.3,1521.8,1520.0,1520.35,2807
2024-06-06 12:08:00,1520.4,1522.45,1520.4,1521.85,2344
2024-06-06 12:09:00,1521.25,1522.7,1520.15,1520.6,3437
2024-06-06 12:10:00,1520.6,1522.8,1520.0,1522.7,3011
2024-06-06 12:11:00,1522.85,1523.0,1519.65,1520.55,8316
2024-06-06 12:12:00,1521.3,1522.25,1520.1,1521.0,5162
2024-06-06 12:13:00,1521.0,1521.0,1520.45,1520.5,4226
2024-06-06 12:14:00,1520.75,1521.0,1518.2,1519.55,3741
2024-06-06 12:15:00,1519.6,1520.25,1518.3,1519.55,1421
2024-06-06 12:16:00,1519.5,1522.85,1519.5,1522.65,414718
2024-06-06 12:17:00,1522.85,1523.9,1521.15,1521.9,3076
2024-06-06 12:18:00,1521.9,1523.95,1521.55,1523.5,5453
2024-06-06 12:19:00,1523.5,1524.55,1522.45,1522.95,7477
2024-06-06 12:20:00,1522.95,1524.4,1521.7,1523.95,17951
2024-06-06 12:21:00,1523.95,1525.9,1523.45,1524.5,9830
2024-06-06 12:22:00,1524.65,1525.0,1522.9,1523.7,9887
2024-06-06 12:23:00,1523.75,1527.0,1523.7,1525.85,9247
2024-06-06 12:24:00,1525.85,1527.0,1525.1,1525.15,4681
2024-06-06 12:25:00,1525.15,1526.7,1524.0,1525.75,3837
2024-06-06 12:26:00,1525.75,1527.45,1525.2,1525.8,6194
2024-06-06 12:27:00,1526.1,1526.8,1524.0,1525.0,16883
2024-06-06 12:28:00,1525.0,1525.0,1522.85,1523.3,6845
2024-06-06 12:29:00,1523.3,1525.0,1523.0,1524.65,8148
2024-06-06 12:30:00,1524.5,1525.0,1523.0,1524.4,5520
2024-06-06 12:31:00,1525.0,1527.6,1524.5,1527.6,26338
2024-06-06 12:32:00,1527.6,1531.95,1527.6,1531.05,8479
2024-06-06 12:33:00,1531.55,1531.55,1529.1,1531.5,6085
2024-06-06 12:34:00,1531.5,1532.75,1530.8,1531.25,6915
2024-06-06 12:35:00,1531.3,1532.6,1530.85,1532.55,4872
2024-06-06 12:36:00,1532.55,1533.35,1529.6,1529.6,5523
2024-06-06 12:37:00,1529.6,1531.55,1529.0,1529.0,4909
2024-06-06 12:38:00,1529.1,1529.95,1526.2,1527.9,26344
2024-06-06 12:39:00,1528.5,1528.5,1524.55,1525.25,5927
2024-06-06 12:40:00,1525.25,1528.0,1524.65,1527.95,5840
2024-06-06 12:41:00,1528.0,1528.45,1525.5,1526.1,3893
2024-06-06 12:42:00,1526.1,1526.55,1523.55,1524.25,4859
2024-06-06 12:43:00,1524.25,1526.8,1524.25,1525.95,3358
2024-06-06 12:44:00,1525.95,1526.5,1524.35,1524.35,7181
2024-06-06 12:45:00,1524.35,1525.85,1522.55,1523.6,5337
2024-06-06 12:46:00,1523.55,1525.4,1522.9,1525.4,4191
2024-06-06 12:47:00,1525.4,1525.4,1523.2,1524.55,4683
2024-06-06 12:48:00,1524.55,1526.0,1523.65,1524.45,4116
2024-06-06 12:49:00,1524.45,1526.0,1523.2,1525.3,4312
2024-06-06 12:50:00,1525.25,1525.85,1523.9,1525.0,4235
2024-06-06 12:51:00,1525.0,1525.3,1523.0,1523.55,4091
2024-06-06 12:52:00,1523.7,1526.45,1523.25,1526.4,4784
2024-06-06 12:53:00,1526.15,1526.85,1523.6,1523.7,20839
2024-06-06 12:54:00,1523.75,1524.4,1522.55,1523.35,6220
2024-06-06 12:55:00,1523.3,1524.85,1522.9,1523.9,7091
2024-06-06 12:56:00,1523.9,1524.0,1522.05,1522.6,6634
2024-06-06 12:57:00,1523.2,1523.65,1522.0,1523.15,3206
2024-06-06 12:58:00,1523.15,1524.0,1522.55,1522.65,3032
2024-06-06 12:59:00,1523.35,1523.7,1521.85,1521.9,5630
2024-06-06 13:00:00,1522.35,1522.4,1519.3,1520.25,8234
2024-06-06 13:01:00,1520.25,1521.3,1519.05,1519.7,14205
2024-06-06 13:02:00,1520.0,1521.05,1518.05,1518.5,8653
2024-06-06 13:03:00,1518.05,1520.6,1517.2,1518.15,10178
2024-06-06 13:04:00,1518.15,1520.2,1517.3,1519.0,6036
2024-06-06 13:05:00,1518.45,1520.2,1516.6,1519.8,4289
2024-06-06 13:06:00,1519.95,1520.7,1517.9,1518.1,6036
2024-06-06 13:07:00,1518.1,1518.65,1516.05,1517.7,6153
2024-06-06 13:08:00,1518.15,1518.5,1516.05,1517.0,2789
2024-06-06 13:09:00,1517.65,1517.65,1514.15,1514.55,6000
2024-06-06 13:10:00,1515.3,1516.9,1514.0,1515.5,2208
2024-06-06 13:11:00,1516.45,1516.9,1514.6,1515.45,32847
2024-06-06 13:12:00,1515.55,1515.55,1513.55,1514.85,4125
2024-06-06 13:13:00,1515.15,1516.6,1513.85,1516.6,3120
2024-06-06 13:14:00,1517.0,1517.6,1515.25,1516.4,2310
2024-06-06 13:15:00,1516.4,1521.1,1516.4,1521.0,3354
2024-06-06 13:16:00,1521.0,1521.95,1519.4,1520.15,5361
2024-06-06 13:17:00,1520.85,1522.4,1519.45,1521.25,4917
2024-06-06 13:18:00,1521.8,1521.9,1517.2,1518.7,19021
2024-06-06 13:19:00,1518.65,1518.65,1517.15,1517.3,2120
2024-06-06 13:20:00,1517.25,1518.6,1517.0,1517.0,2149
2024-06-06 13:21:00,1517.45,1518.75,1516.7,1518.75,1626
2024-06-06 13:22:00,1518.8,1518.8,1516.0,1518.0,1886
2024-06-06 13:23:00,1517.8,1519.0,1516.75,1517.5,2444
2024-06-06 13:24:00,1518.3,1518.7,1516.8,1517.6,1538
2024-06-06 13:25:00,1517.7,1518.85,1516.7,1518.45,1602
2024-06-06 13:26:00,1518.45,1519.75,1517.55,1519.65,18434
2024-06-06 13:27:00,1519.65,1520.65,1518.45,1520.45,5365
2024-06-06 13:28:00,1520.45,1521.2,1518.6,1519.6,6495
2024-06-06 13:29:00,1519.65,1520.0,1518.45,1519.7,7030
2024-06-06 13:30:00,1519.75,1521.8,1519.1,1521.4,14407
2024-06-06 13:31:00,1521.4,1522.4,1519.15,1520.65,3657
2024-06-06 13:32:00,1520.65,1520.65,1518.45,1520.25,1680
2024-06-06 13:33:00,1520.4,1521.5,1519.45,1521.5,4522
2024-06-06 13:34:00,1521.5,1522.15,1520.05,1520.05,5088
2024-06-06 13:35:00,1520.05,1522.0,1519.15,1522.0,5754
2024-06-06 13:36:00,1522.3,1522.45,1520.7,1522.45,8516
2024-06-06 13:37:00,1522.45,1522.45,1520.9,1521.55,2916
2024-06-06 13:38:00,1521.3,1522.8,1520.9,1521.75,4444
2024-06-06 13:39:00,1521.9,1522.85,1521.15,1522.85,4087
2024-06-06 13:40:00,1522.8,1523.0,1521.35,1522.95,5374
2024-06-06 13:41:00,1522.8,1525.85,1521.05,1525.85,11099
2024-06-06 13:42:00,1525.7,1526.0,1524.65,1525.85,5096
2024-06-06 13:43:00,1526.0,1526.2,1524.0,1526.2,4421
2024-06-06 13:44:00,1525.75,1526.9,1524.7,1526.45,6867
2024-06-06 13:45:00,1526.5,1526.7,1524.1,1525.4,4595
2024-06-06 13:46:00,1525.65,1526.1,1523.3,1524.0,5407
2024-06-06 13:47:00,1524.0,1524.55,1521.0,1523.55,6431
2024-06-06 13:48:00,1522.75,1523.0,1519.3,1520.0,9688
2024-06-06 13:49:00,1520.4,1521.8,1519.2,1521.1,8007
2024-06-06 13:50:00,1520.85,1521.95,1519.0,1520.85,6226
2024-06-06 13:51:00,1521.7,1521.7,1518.05,1519.0,7724
2024-06-06 13:52:00,1519.1,1520.3,1517.05,1519.15,4179
2024-06-06 13:53:00,1519.2,1520.8,1519.0,1519.65,3671
2024-06-06 13:54:00,1519.7,1521.5,1519.25,1520.15,6571
2024-06-06 13:55:00,1520.55,1522.5,1519.95,1519.95,6701
2024-06-06 13:56:00,1519.95,1521.4,1518.1,1518.75,7375
2024-06-06 13:57:00,1518.8,1522.15,1518.1,1522.15,6693
2024-06-06 13:58:00,1521.55,1522.95,1520.1,1521.15,4543
2024-06-06 13:59:00,1521.35,1522.75,1520.5,1521.0,4432
2024-06-06 14:00:00,1521.2,1523.5,1520.85,1523.0,4354
2024-06-06 14:01:00,1523.15,1523.8,1522.35,1523.75,4444
2024-06-06 14:02:00,1523.7,1523.7,1521.05,1521.1,2655
2024-06-06 14:03:00,1521.1,1522.7,1520.1,1521.05,4557
2024-06-06 14:04:00,1521.35,1522.0,1519.1,1519.1,5005
2024-06-06 14:05:00,1519.75,1521.2,1518.7,1520.95,2661
2024-06-06 14:06:00,1520.95,1521.25,1518.5,1518.5,1035
2024-06-06 14:07:00,1518.55,1519.6,1518.25,1518.95,1417
2024-06-06 14:08:00,1518.95,1520.9,1518.55,1520.0,4773
2024-06-06 14:09:00,1519.9,1522.45,1519.6,1521.5,5688
2024-06-06 14:10:00,1521.65,1522.7,1520.05,1520.35,7753
2024-06-06 14:11:00,1521.15,1521.5,1518.9,1521.35,3828
2024-06-06 14:12:00,1521.5,1523.05,1521.3,1522.85,3942
2024-06-06 14:13:00,1523.05,1523.5,1521.5,1521.95,3916
2024-06-06 14:14:00,1522.7,1523.05,1521.75,1523.05,1753
2024-06-06 14:15:00,1523.05,1523.8,1522.45,1523.8,787
2024-06-06 14:16:00,1523.8,1524.0,1522.95,1523.0,1988
2024-06-06 14:17:00,1522.75,1523.85,1521.85,1522.55,11062
2024-06-06 14:18:00,1522.95,1523.0,1520.1,1520.4,13430
2024-06-06 14:19:00,1520.45,1520.95,1518.7,1520.4,11660
2024-06-06 14:20:00,1520.0,1520.7,1519.0,1519.45,3043
2024-06-06 14:21:00,1519.45,1520.0,1518.05,1520.0,2375
2024-06-06 14:22:00,1520.0,1520.9,1519.55,1519.95,5423
2024-06-06 14:23:00,1520.15,1521.7,1519.4,1521.7,6442
2024-06-06 14:24:00,1521.75,1521.75,1519.0,1519.9,90100
2024-06-06 14:25:00,1519.95,1520.0,1518.4,1518.45,1096
2024-06-06 14:26:00,1518.5,1519.0,1517.0,1518.15,842
2024-06-06 14:27:00,1517.8,1518.85,1517.1,1517.25,2893
2024-06-06 14:28:00,1517.25,1519.15,1517.1,1517.15,1470
2024-06-06 14:29:00,1517.15,1517.55,1516.05,1517.55,4336
2024-06-06 14:30:00,1517.5,1517.7,1515.2,1516.5,3113
2024-06-06 14:31:00,1516.5,1516.7,1513.9,1513.9,6160
2024-06-06 14:32:00,1514.5,1515.5,1513.3,1514.05,3458
2024-06-06 14:33:00,1514.3,1516.5,1512.55,1516.3,7976
2024-06-06 14:34:00,1516.4,1516.85,1514.65,1515.85,6386
2024-06-06 14:35:00,1515.85,1516.55,1515.05,1515.35,1735
2024-06-06 14:36:00,1515.35,1515.95,1514.2,1514.3,2151
2024-06-06 14:37:00,1514.75,1514.75,1512.35,1514.1,4288
2024-06-06 14:38:00,1514.45,1516.0,1513.1,1515.3,4601
2024-06-06 14:39:00,1515.0,1515.9,1513.3,1513.75,3541
2024-06-06 14:40:00,1514.45,1515.15,1512.05,1512.05,5243
2024-06-06 14:41:00,1512.15,1512.55,1510.8,1512.35,5159
2024-06-06 14:42:00,1512.9,1516.0,1512.65,1515.85,6143
2024-06-06 14:43:00,1515.85,1517.05,1515.4,1516.55,4954
2024-06-06 14:44:00,1516.55,1518.8,1516.35,1518.0,3928
2024-06-06 14:45:00,1518.0,1520.0,1517.9,1519.55,9793
2024-06-06 14:46:00,1519.55,1520.0,1517.2,1519.95,9409
2024-06-06 14:47:00,1519.9,1520.0,1518.3,1519.8,6808
2024-06-06 14:48:00,1519.25,1519.9,1516.75,1517.4,6092
2024-06-06 14:49:00,1517.4,1519.55,1516.3,1516.3,8557
2024-06-06 14:50:00,1517.05,1520.0,1516.25,1520.0,5764
2024-06-06 14:51:00,1520.0,1520.0,1517.5,1517.5,6916
2024-06-06 14:52:00,1518.1,1519.0,1516.4,1518.7,7257
2024-06-06 14:53:00,1519.35,1520.0,1516.6,1517.85,10120
2024-06-06 14:54:00,1517.9,1518.65,1516.4,1518.15,3838
2024-06-06 14:55:00,1518.5,1520.0,1518.0,1519.95,5714
2024-06-06 14:56:00,1519.75,1520.0,1519.2,1519.9,2985
2024-06-06 14:57:00,1519.9,1520.0,1518.9,1519.95,6008
2024-06-06 14:58:00,1519.95,1520.0,1519.2,1519.45,13869
2024-06-06 14:59:00,1519.85,1520.0,1519.3,1520.0,47986
2024-06-06 15:00:00,1519.55,1521.95,1519.55,1521.8,36971
2024-06-06 15:01:00,1521.8,1523.6,1521.6,1523.0,11761
2024-06-06 15:02:00,1523.0,1524.9,1522.35,1524.65,12742
2024-06-06 15:03:00,1524.55,1526.0,1523.6,1525.7,10244
2024-06-06 15:04:00,1525.7,1525.75,1523.7,1525.75,10219
2024-06-06 15:05:00,1525.55,1526.75,1524.65,1525.9,11289
2024-06-06 15:06:00,1525.9,1526.55,1524.2,1524.95,15677
2024-06-06 15:07:00,1524.35,1525.95,1522.55,1525.75,11728
2024-06-06 15:08:00,1525.4,1526.65,1524.65,1525.8,13788
2024-06-06 15:09:00,1525.85,1526.75,1525.15,1526.4,11498
2024-06-06 15:10:00,1526.3,1527.0,1525.35,1526.1,12061
2024-06-06 15:11:00,1526.1,1526.75,1523.8,1525.15,14203
2024-06-06 15:12:00,1525.1,1526.3,1524.6,1525.25,10865
2024-06-06 15:13:00,1525.7,1527.0,1524.8,1525.9,11714
2024-06-06 15:14:00,1526.05,1527.5,1524.7,1526.75,11228
2024-06-06 15:15:00,1526.75,1528.0,1526.05,1527.1,12471
2024-06-06 15:16:00,1527.1,1527.65,1525.6,1526.95,11821
2024-06-06 15:17:00,1527.0,1528.0,1525.7,1527.4,13394
2024-06-06 15:18:00,1527.95,1529.0,1527.15,1528.9,10736
2024-06-06 15:19:00,1528.9,1530.0,1527.15,1529.75,12744
2024-06-06 15:20:00,1529.75,1530.15,1529.6,1530.15,10867
2024-06-06 15:21:00,1530.0,1530.1,1529.0,1529.9,13392
2024-06-06 15:22:00,1529.9,1531.0,1529.65,1530.65,8285
2024-06-06 15:23:00,1530.2,1531.75,1530.2,1530.45,12808
2024-06-06 15:24:00,1530.0,1531.45,1529.4,1530.45,10911
2024-06-06 15:25:00,1530.25,1531.0,1529.75,1530.85,7322
2024-06-06 15:26:00,1530.85,1531.0,1530.35,1531.0,8549
2024-06-06 15:27:00,1531.0,1531.5,1529.1,1531.45,9205
2024-06-06 15:28:00,1531.45,1532.0,1527.05,1531.7,6369
2024-06-06 15:29:00,1531.65,1531.65,1526.75,1531.0,2408
2024-06-07 09:15:00,1538.95,1540.0,1532.0,1532.7,15396
2024-06-07 09:16:00,1532.15,1535.1,1532.0,1532.45,9902
2024-06-07 09:17:00,1532.0,1536.65,1531.75,1534.7,8618
2024-06-07 09:18:00,1534.0,1535.85,1532.55,1533.65,5038
2024-06-07 09:19:00,1533.15,1534.0,1530.55,1531.05,5439
2024-06-07 09:20:00,1531.5,1534.8,1531.0,1534.8,3484
2024-06-07 09:21:00,1534.25,1536.95,1533.45,1536.15,4394
2024-06-07 09:22:00,1536.2,1541.05,1536.15,1541.0,8810
2024-06-07 09:23:00,1540.3,1541.05,1538.1,1538.5,5243
2024-06-07 09:24:00,1538.75,1540.0,1538.1,1538.2,2587
2024-06-07 09:25:00,1538.2,1539.9,1538.0,1539.3,6742
2024-06-07 09:26:00,1539.75,1543.9,1539.75,1542.7,8665
2024-06-07 09:27:00,1542.35,1543.8,1540.0,1540.0,5127
2024-06-07 09:28:00,1540.2,1541.25,1539.3,1540.45,4140
2024-06-07 09:29:00,1541.1,1542.8,1540.9,1541.95,3886
2024-06-07 09:30:00,1542.0,1542.7,1540.95,1542.7,3698
2024-06-07 09:31:00,1542.5,1542.7,1540.3,1541.7,2168
2024-06-07 09:32:00,1541.1,1541.45,1538.5,1539.5,4216
2024-06-07 09:33:00,1539.5,1539.5,1537.6,1539.25,5809
2024-06-07 09:34:00,1538.65,1539.3,1537.6,1538.1,1927
2024-06-07 09:35:00,1538.1,1538.95,1537.35,1537.35,1518
2024-06-07 09:36:00,1537.85,1539.95,1537.15,1539.4,2001
2024-06-07 09:37:00,1539.85,1541.4,1537.95,1540.3,4688
2024-06-07 09:38:00,1540.6,1542.4,1539.4,1542.4,1561
2024-06-07 09:39:00,1543.0,1545.0,1542.05,1544.5,7094
2024-06-07 09:40:00,1544.5,1545.0,1542.25,1544.35,5221
2024-06-07 09:41:00,1544.35,1544.4,1542.55,1543.45,5792
2024-06-07 09:42:00,1543.45,1543.75,1541.7,1543.75,2155
2024-06-07 09:43:00,1543.65,1546.4,1543.0,1546.15,10062
2024-06-07 09:44:00,1546.4,1546.45,1544.1,1545.65,2118
2024-06-07 09:45:00,1545.2,1546.3,1544.0,1544.0,4844
2024-06-07 09:46:00,1544.0,1544.95,1543.55,1544.25,3209
2024-06-07 09:47:00,1544.25,1544.95,1543.25,1544.95,1252
2024-06-07 09:48:00,1544.2,1545.0,1543.25,1544.0,1914
2024-06-07 09:49:00,1544.0,1544.8,1542.15,1544.0,13370
2024-06-07 09:50:00,1544.0,1544.6,1542.6,1543.1,2754
2024-06-07 09:51:00,1542.5,1544.2,1541.55,1542.1,912
2024-06-07 09:52:00,1542.1,1542.8,1541.2,1541.2,2370
2024-06-07 09:53:00,1541.2,1542.35,1541.2,1541.6,1899
2024-06-07 09:54:00,1541.6,1542.35,1541.1,1542.35,2243
2024-06-07 09:55:00,1541.8,1543.0,1540.45,1541.4,676
2024-06-07 09:56:00,1541.4,1542.5,1540.75,1542.3,2556
2024-06-07 09:57:00,1541.45,1542.4,1541.45,1541.7,1708
2024-06-07 09:58:00,1542.0,1542.75,1541.05,1541.95,4276
2024-06-07 09:59:00,1541.95,1545.6,1541.9,1545.3,8963
2024-06-07 10:00:00,1545.3,1547.0,1545.0,1545.0,8036
2024-06-07 10:01:00,1545.0,1548.0,1545.0,1548.0,8541
2024-06-07 10:02:00,1548.0,1548.2,1546.85,1547.95,3541
2024-06-07 10:03:00,1547.9,1548.9,1546.4,1548.9,5222
2024-06-07 10:04:00,1548.85,1549.0,1547.55,1548.2,3684
2024-06-07 10:05:00,1548.0,1548.9,1546.05,1547.85,4636
2024-06-07 10:06:00,1547.65,1548.25,1547.15,1548.0,2533
2024-06-07 10:07:00,1548.25,1550.0,1547.55,1549.85,8958
2024-06-07 10:08:00,1549.85,1552.75,1549.45,1550.8,18980
2024-06-07 10:09:00,1551.1,1554.95,1551.1,1553.0,7253
2024-06-07 10:10:00,1553.0,1555.0,1552.15,1554.0,6863
2024-06-07 10:11:00,1554.55,1554.7,1552.05,1553.85,5327
2024-06-07 10:12:00,1553.85,1553.85,1551.3,1551.95,3404
2024-06-07 10:13:00,1551.95,1553.05,1550.2,1552.4,4152
2024-06-07 10:14:00,1552.4,1553.3,1551.15,1552.0,2841
2024-06-07 10:15:00,1551.65,1551.9,1550.65,1551.5,4441
2024-06-07 10:16:00,1551.5,1551.9,1550.05,1550.6,1795
2024-06-07 10:17:00,1550.6,1550.6,1547.0,1547.2,13294
2024-06-07 10:18:00,1547.0,1547.8,1544.65,1547.0,4055
2024-06-07 10:19:00,1547.5,1549.5,1547.25,1549.0,1300
2024-06-07 10:20:00,1549.55,1550.0,1547.05,1547.05,2201
2024-06-07 10:21:00,1547.05,1547.1,1546.0,1546.6,2156
2024-06-07 10:22:00,1546.6,1549.3,1546.6,1549.1,1213
2024-06-07 10:23:00,1549.1,1549.7,1548.05,1549.7,1076
2024-06-07 10:24:00,1549.1,1552.0,1548.7,1551.5,2332
2024-06-07 10:25:00,1551.5,1551.5,1549.8,1550.0,2092
2024-06-07 10:26:00,1550.0,1551.55,1550.0,1551.5,920
2024-06-07 10:27:00,1551.5,1552.0,1550.05,1551.95,2130
2024-06-07 10:28:00,1552.0,1553.6,1551.5,1553.0,8677
2024-06-07 10:29:00,1553.0,1553.0,1551.25,1552.45,2733
2024-06-07 10:30:00,1552.9,1553.2,1552.2,1552.85,2292
2024-06-07 10:31:00,1552.85,1552.85,1551.4,1552.75,4151
2024-06-07 10:32:00,1552.75,1553.0,1551.3,1552.35,1904
2024-06-07 10:33:00,1552.2,1553.5,1551.45,1553.45,1851
2024-06-07 10:34:00,1553.45,1554.0,1552.65,1553.8,2029
2024-06-07 10:35:00,1553.8,1553.95,1552.0,1553.0,561
2024-06-07 10:36:00,1553.0,1553.3,1552.25,1552.45,658
2024-06-07 10:37:00,1552.45,1553.95,1551.3,1553.9,2431
2024-06-07 10:38:00,1553.9,1554.85,1552.55,1554.85,4085
2024-06-07 10:39:00,1554.65,1557.2,1554.65,1557.2,20348
2024-06-07 10:40:00,1556.85,1559.75,1556.35,1556.6,17971
2024-06-07 10:41:00,1557.0,1557.4,1554.0,1554.8,12362
2024-06-07 10:42:00,1555.0,1555.95,1553.45,1555.0,8099
2024-06-07 10:43:00,1555.0,1557.0,1554.65,1555.35,5437
2024-06-07 10:44:00,1555.35,1556.0,1554.0,1555.9,6831
2024-06-07 10:45:00,1555.8,1555.95,1554.0,1555.6,4457
2024-06-07 10:46:00,1555.7,1556.9,1554.65,1555.85,2573
2024-06-07 10:47:00,1555.85,1555.85,1554.8,1555.65,1922
2024-06-07 10:48:00,1555.65,1556.7,1554.1,1554.95,2295
2024-06-07 10:49:00,1555.4,1555.4,1554.65,1554.9,1761
2024-06-07 10:50:00,1554.1,1555.9,1552.9,1554.0,9170
2024-06-07 10:51:00,1554.0,1554.25,1552.15,1552.85,2707
2024-06-07 10:52:00,1552.85,1554.0,1552.85,1553.0,999
2024-06-07 10:53:00,1553.0,1554.0,1552.05,1553.05,15841
2024-06-07 10:54:00,1553.05,1554.0,1552.45,1552.6,1449
2024-06-07 10:55:00,1553.3,1554.0,1552.0,1552.0,4094
2024-06-07 10:56:00,1552.75,1553.95,1551.75,1553.0,9969
2024-06-07 10:57:00,1553.0,1553.0,1551.6,1552.0,8569
2024-06-07 10:58:00,1552.0,1552.0,1549.65,1551.0,13154
2024-06-07 10:59:00,1550.75,1553.3,1550.75,1552.95,1985
2024-06-07 11:00:00,1553.0,1554.0,1551.85,1552.65,2749
2024-06-07 11:01:00,1552.2,1552.65,1549.65,1549.85,10396
2024-06-07 11:02:00,1549.95,1550.5,1548.3,1548.95,18359
2024-06-07 11:03:00,1549.15,1553.5,1549.15,1550.0,26273
2024-06-07 11:04:00,1550.0,1551.5,1549.5,1551.0,2210
2024-06-07 11:05:00,1551.0,1552.25,1549.8,1552.2,4306
2024-06-07 11:06:00,1552.2,1555.0,1551.7,1555.0,3447
2024-06-07 11:07:00,1555.0,1555.0,1554.25,1555.0,4857
2024-06-07 11:08:00,1555.0,1558.9,1555.0,1558.9,5614
2024-06-07 11:09:00,1558.9,1559.0,1553.6,1554.0,21884
2024-06-07 11:10:00,1554.1,1555.35,1553.25,1555.2,19214
2024-06-07 11:11:00,1555.2,1557.2,1555.15,1557.0,2337
2024-06-07 11:12:00,1557.0,1557.2,1555.65,1556.0,3721
2024-06-07 11:13:00,1556.0,1556.0,1554.75,1555.45,1987
2024-06-07 11:14:00,1555.6,1557.2,1555.3,1557.2,5480
2024-06-07 11:15:00,1557.2,1557.5,1555.95,1556.5,1967
2024-06-07 11:16:00,1556.5,1557.2,1555.5,1557.0,1516
2024-06-07 11:17:00,1557.0,1558.0,1556.6,1557.95,1885
2024-06-07 11:18:00,1557.95,1559.9,1557.3,1559.7,7272
2024-06-07 11:19:00,1558.75,1560.0,1557.45,1557.8,12795
2024-06-07 11:20:00,1557.8,1557.95,1554.0,1554.9,7594
2024-06-07 11:21:00,1554.9,1555.0,1553.25,1553.25,11461
2024-06-07 11:22:00,1554.0,1554.95,1552.4,1554.7,11499
2024-06-07 11:23:00,1554.7,1556.0,1553.6,1555.95,1430
2024-06-07 11:24:00,1556.3,1558.0,1556.3,1557.9,2168
2024-06-07 11:25:00,1557.6,1557.6,1556.0,1556.7,3514
2024-06-07 11:26:00,1556.75,1557.0,1556.0,1556.4,1383
2024-06-07 11:27:00,1556.5,1556.5,1555.45,1555.75,1538
2024-06-07 11:28:00,1555.0,1555.15,1553.65,1554.05,3382
2024-06-07 11:29:00,1554.7,1554.7,1551.0,1552.15,2171
2024-06-07 11:30:00,1552.25,1553.05,1551.45,1551.95,3072
2024-06-07 11:31:00,1551.95,1552.0,1551.3,1551.95,1653
2024-06-07 11:32:00,1552.0,1552.0,1551.15,1552.0,1712
2024-06-07 11:33:00,1552.0,1552.5,1551.2,1552.0,3769
2024-06-07 11:34:00,1552.0,1552.5,1551.0,1552.0,7927
2024-06-07 11:35:00,1552.0,1554.0,1551.45,1554.0,7550
2024-06-07 11:36:00,1554.0,1557.95,1553.85,1557.65,10155
2024-06-07 11:37:00,1557.5,1559.0,1556.95,1558.85,6897
2024-06-07 11:38:00,1558.85,1559.9,1558.3,1558.95,5754
2024-06-07 11:39:00,1559.0,1562.0,1558.7,1561.85,12025
2024-06-07 11:40:00,1561.85,1561.85,1557.0,1557.0,15342
2024-06-07 11:41:00,1557.0,1557.0,1555.6,1556.0,11282
2024-06-07 11:42:00,1556.0,1556.85,1554.05,1555.0,5048
2024-06-07 11:43:00,1555.0,1555.95,1554.05,1555.95,7947
2024-06-07 11:44:00,1555.95,1557.35,1555.05,1557.35,3082
2024-06-07 11:45:00,1557.35,1557.35,1554.7,1555.0,4454
2024-06-07 11:46:00,1555.0,1559.4,1555.0,1558.0,16368
2024-06-07 11:47:00,1558.0,1558.0,1556.9,1558.0,17613
2024-06-07 11:48:00,1558.0,1561.6,1558.0,1561.45,10142
2024-06-07 11:49:00,1561.45,1563.0,1560.9,1561.9,11587
2024-06-07 11:50:00,1562.0,1565.0,1560.55,1564.95,25060
2024-06-07 11:51:00,1564.9,1566.95,1564.0,1566.85,25268
2024-06-07 11:52:00,1566.85,1568.85,1565.45,1568.85,17364
2024-06-07 11:53:00,1568.8,1569.8,1567.45,1568.95,13480
2024-06-07 11:54:00,1568.0,1571.5,1567.95,1571.5,25101
2024-06-07 11:55:00,1571.5,1571.5,1566.75,1567.45,15458
2024-06-07 11:56:00,1567.65,1570.75,1566.0,1568.95,20087
2024-06-07 11:57:00,1569.25,1570.55,1568.1,1570.55,7960
2024-06-07 11:58:00,1570.55,1570.75,1568.0,1568.45,13861
2024-06-07 11:59:00,1568.9,1569.8,1568.0,1569.55,3418
2024-06-07 12:00:00,1569.55,1570.0,1566.7,1570.0,5338
2024-06-07 12:01:00,1570.0,1570.0,1568.05,1569.9,5319
2024-06-07 12:02:00,1569.9,1570.0,1569.1,1570.0,10539
2024-06-07 12:03:00,1569.5,1570.0,1567.05,1567.9,4234
2024-06-07 12:04:00,1567.75,1568.0,1566.4,1568.0,2903
2024-06-07 12:05:00,1568.0,1569.25,1567.65,1569.0,7530
2024-06-07 12:06:00,1569.0,1570.0,1566.95,1566.95,14036
2024-06-07 12:07:00,1567.0,1568.5,1564.6,1568.2,30222
2024-06-07 12:08:00,1568.2,1568.95,1568.0,1568.95,2659
2024-06-07 12:09:00,1568.95,1569.0,1568.3,1568.4,2067
2024-06-07 12:10:00,1568.35,1568.95,1567.5,1568.8,2417
2024-06-07 12:11:00,1568.8,1568.8,1566.5,1567.65,2803
2024-06-07 12:12:00,1566.55,1568.45,1566.55,1567.4,1350
2024-06-07 12:13:00,1567.4,1568.35,1566.75,1567.0,2262
2024-06-07 12:14:00,1567.0,1567.0,1565.4,1566.5,8730
2024-06-07 12:15:00,1566.5,1566.5,1562.85,1563.25,5125
2024-06-07 12:16:00,1563.25,1564.65,1562.7,1564.0,7772
2024-06-07 12:17:00,1562.6,1565.0,1562.6,1564.45,6475
2024-06-07 12:18:00,1564.45,1565.0,1562.95,1564.8,4741
2024-06-07 12:19:00,1564.8,1565.0,1564.1,1564.95,1019
2024-06-07 12:20:00,1564.95,1565.5,1563.85,1564.9,7705
2024-06-07 12:21:00,1564.9,1567.0,1564.35,1567.0,10994
2024-06-07 12:22:00,1567.0,1569.0,1566.75,1569.0,21840
2024-06-07 12:23:00,1569.0,1569.0,1568.0,1569.0,5102
2024-06-07 12:24:00,1568.9,1569.15,1568.0,1568.15,4319
2024-06-07 12:25:00,1568.15,1569.6,1566.8,1567.95,39171
2024-06-07 12:26:00,1567.95,1570.0,1567.2,1569.6,9417
2024-06-07 12:27:00,1570.0,1573.9,1569.95,1573.0,22023
2024-06-07 12:28:00,1573.0,1573.35,1570.85,1570.85,11731
2024-06-07 12:29:00,1570.1,1571.0,1569.5,1570.75,9191
2024-06-07 12:30:00,1570.8,1572.0,1569.5,1572.0,5169
2024-06-07 12:31:00,1572.0,1572.0,1570.8,1571.4,8325
2024-06-07 12:32:00,1571.4,1572.0,1570.65,1570.8,8977
2024-06-07 12:33:00,1570.45,1571.15,1569.6,1570.95,2532
2024-06-07 12:34:00,1570.0,1570.95,1569.45,1570.4,2061
2024-06-07 12:35:00,1569.45,1572.0,1569.45,1571.75,5591
2024-06-07 12:36:00,1571.75,1571.95,1570.3,1571.85,4098
2024-06-07 12:37:00,1571.95,1573.9,1571.15,1573.0,16686
2024-06-07 12:38:00,1573.0,1577.0,1572.05,1575.7,26620
2024-06-07 12:39:00,1575.7,1578.0,1575.5,1578.0,17747
2024-06-07 12:40:00,1577.95,1580.0,1577.5,1578.9,14308
2024-06-07 12:41:00,1578.95,1578.95,1576.5,1577.5,5418
2024-06-07 12:42:00,1576.75,1579.0,1574.55,1578.7,7491
2024-06-07 12:43:00,1578.7,1580.0,1578.0,1578.75,9776
2024-06-07 12:44:00,1578.75,1579.0,1577.65,1578.25,3235
2024-06-07 12:45:00,1578.45,1578.45,1576.1,1578.0,6263
2024-06-07 12:46:00,1577.15,1578.0,1574.9,1575.05,2940
2024-06-07 12:47:00,1575.35,1577.9,1574.5,1575.25,3286
2024-06-07 12:48:00,1576.0,1577.15,1574.05,1575.75,6115
2024-06-07 12:49:00,1575.75,1575.75,1573.1,1573.1,2560
2024-06-07 12:50:00,1573.7,1575.0,1572.5,1575.0,11314
2024-06-07 12:51:00,1574.7,1575.8,1573.55,1574.9,4349
2024-06-07 12:52:00,1574.9,1574.9,1573.05,1574.05,7462
2024-06-07 12:53:00,1574.05,1574.9,1572.65,1574.15,2200
2024-06-07 12:54:00,1574.15,1574.15,1570.35,1570.45,4138
2024-06-07 12:55:00,1570.45,1570.95,1569.0,1569.95,9754
2024-06-07 12:56:00,1570.6,1571.45,1569.85,1571.45,1462
2024-06-07 12:57:00,1571.45,1573.95,1569.9,1573.4,6105
2024-06-07 12:58:00,1573.4,1573.95,1572.5,1572.95,5855
2024-06-07 12:59:00,1572.95,1574.2,1572.0,1574.0,2724
2024-06-07 13:00:00,1573.15,1574.2,1572.0,1572.0,2303
2024-06-07 13:01:00,1572.0,1573.4,1572.0,1572.05,2264
2024-06-07 13:02:00,1572.05,1572.05,1569.1,1571.45,8828
2024-06-07 13:03:00,1571.45,1571.65,1569.1,1569.45,3434
2024-06-07 13:04:00,1569.45,1570.0,1568.0,1569.9,2973
2024-06-07 13:05:00,1569.9,1571.95,1569.9,1570.85,1750
2024-06-07 13:06:00,1570.85,1571.0,1570.35,1571.0,655
2024-06-07 13:07:00,1571.0,1571.5,1570.0,1571.5,4055
2024-06-07 13:08:00,1571.25,1571.7,1570.6,1570.6,4874
2024-06-07 13:09:00,1570.4,1571.2,1569.0,1569.0,1613
2024-06-07 13:10:00,1569.0,1569.2,1568.05,1568.4,2786
2024-06-07 13:11:00,1568.1,1568.1,1565.05,1567.5,5293
2024-06-07 13:12:00,1567.75,1567.75,1566.0,1566.0,4825
2024-06-07 13:13:00,1566.0,1567.7,1566.0,1567.15,1663
2024-06-07 13:14:00,1567.15,1567.45,1566.35,1566.8,1571
2024-06-07 13:15:00,1566.7,1566.7,1565.7,1566.0,4999
2024-06-07 13:16:00,1566.0,1566.0,1565.0,1565.15,1492
2024-06-07 13:17:00,1565.0,1566.0,1563.8,1565.7,7554
2024-06-07 13:18:00,1565.7,1565.7,1564.0,1564.05,1780
2024-06-07 13:19:00,1564.05,1564.05,1562.2,1563.5,5469
2024-06-07 13:20:00,1563.5,1566.25,1562.35,1565.25,5068
2024-06-07 13:21:00,1565.25,1567.55,1565.25,1566.9,2564
2024-06-07 13:22:00,1566.9,1568.35,1566.8,1567.75,7401
2024-06-07 13:23:00,1567.75,1567.75,1562.55,1564.7,6702
2024-06-07 13:24:00,1564.45,1564.45,1562.5,1563.4,3343
2024-06-07 13:25:00,1564.05,1565.85,1564.05,1564.3,1535
2024-06-07 13:26:00,1564.3,1565.25,1562.95,1563.95,8805
2024-06-07 13:27:00,1563.95,1564.95,1562.85,1564.45,2406
2024-06-07 13:28:00,1564.45,1564.45,1563.0,1563.05,1764
2024-06-07 13:29:00,1563.05,1564.3,1561.55,1561.7,5936
2024-06-07 13:30:00,1561.05,1563.6,1561.05,1562.35,3768
2024-06-07 13:31:00,1562.35,1563.95,1562.1,1562.25,2991
2024-06-07 13:32:00,1562.25,1563.95,1562.1,1562.45,3497
2024-06-07 13:33:00,1562.45,1563.7,1562.05,1563.7,4036
2024-06-07 13:34:00,1563.4,1565.0,1562.95,1563.75,4795
2024-06-07 13:35:00,1563.75,1565.0,1563.75,1564.3,1011
2024-06-07 13:36:00,1564.3,1564.95,1564.0,1564.4,1129
2024-06-07 13:37:00,1564.4,1565.05,1564.2,1564.8,9137
2024-06-07 13:38:00,1564.8,1565.2,1563.5,1563.75,5011
2024-06-07 13:39:00,1563.75,1564.6,1563.0,1563.9,1569
2024-06-07 13:40:00,1563.9,1564.1,1563.05,1563.9,1338
2024-06-07 13:41:00,1564.0,1564.3,1563.4,1564.3,921
2024-06-07 13:42:00,1564.3,1564.6,1563.45,1563.45,1135
2024-06-07 13:43:00,1563.45,1564.5,1563.3,1564.05,938
2024-06-07 13:44:00,1564.05,1564.55,1563.55,1564.45,1238
2024-06-07 13:45:00,1564.45,1564.5,1563.6,1564.5,811
2024-06-07 13:46:00,1564.5,1566.0,1564.35,1565.4,17986
2024-06-07 13:47:00,1565.85,1566.0,1564.7,1565.2,4876
2024-06-07 13:48:00,1565.2,1565.5,1563.35,1563.95,2983
2024-06-07 13:49:00,1563.95,1564.2,1563.05,1563.85,1762
2024-06-07 13:50:00,1563.85,1564.8,1563.5,1564.05,1949
2024-06-07 13:51:00,1564.1,1564.45,1563.05,1563.95,5057
2024-06-07 13:52:00,1563.95,1564.4,1563.05,1563.8,1693
2024-06-07 13:53:00,1563.8,1564.0,1563.05,1563.7,1499
2024-06-07 13:54:00,1563.5,1564.15,1562.0,1562.0,8685
2024-06-07 13:55:00,1562.0,1563.05,1560.3,1560.5,9299
2024-06-07 13:56:00,1560.7,1561.75,1560.0,1560.4,9443
2024-06-07 13:57:00,1560.1,1561.55,1560.0,1560.9,6212
2024-06-07 13:58:00,1560.9,1561.5,1560.0,1560.75,4399
2024-06-07 13:59:00,1560.75,1562.05,1560.0,1560.2,4659
2024-06-07 14:00:00,1560.2,1560.35,1558.25,1558.4,8405
2024-06-07 14:01:00,1558.4,1559.55,1557.15,1558.55,29899
2024-06-07 14:02:00,1559.15,1559.85,1557.85,1558.9,21532
2024-06-07 14:03:00,1558.85,1561.25,1558.55,1561.1,13274
2024-06-07 14:04:00,1560.85,1562.1,1560.0,1560.85,6470
2024-06-07 14:05:00,1561.05,1562.8,1560.0,1561.9,6497
2024-06-07 14:06:00,1561.65,1561.8,1560.25,1560.9,6458
2024-06-07 14:07:00,1560.95,1562.0,1560.1,1562.0,3860
2024-06-07 14:08:00,1562.0,1562.5,1560.15,1561.05,1384
2024-06-07 14:09:00,1561.0,1562.95,1561.0,1562.95,1959
2024-06-07 14:10:00,1562.8,1564.0,1562.05,1564.0,6237
2024-06-07 14:11:00,1564.0,1564.25,1562.05,1562.55,1724
2024-06-07 14:12:00,1562.55,1562.55,1561.3,1561.3,1918
2024-06-07 14:13:00,1561.3,1561.3,1559.75,1560.5,28463
2024-06-07 14:14:00,1560.5,1560.55,1558.9,1560.45,14818
2024-06-07 14:15:00,1560.45,1562.7,1559.85,1561.8,10059
2024-06-07 14:16:00,1561.8,1563.75,1561.2,1563.0,2339
2024-06-07 14:17:00,1563.2,1563.95,1561.7,1563.05,42550
2024-06-07 14:18:00,1562.95,1564.7,1562.9,1564.1,8351
2024-06-07 14:19:00,1563.75,1564.45,1563.0,1564.45,4176
2024-06-07 14:20:00,1564.45,1567.85,1563.85,1567.55,5229
2024-06-07 14:21:00,1568.0,1568.9,1566.5,1567.0,8104
2024-06-07 14:22:00,1567.2,1568.0,1566.35,1567.75,6560
2024-06-07 14:23:00,1567.75,1570.2,1567.35,1569.2,9205
2024-06-07 14:24:00,1569.45,1569.95,1566.45,1567.05,4798
2024-06-07 14:25:00,1566.45,1567.0,1563.85,1564.6,8174
2024-06-07 14:26:00,1565.15,1565.85,1562.25,1563.85,11180
2024-06-07 14:27:00,1563.45,1566.1,1563.0,1565.3,7826
2024-06-07 14:28:00,1565.3,1565.95,1564.1,1565.35,3817
2024-06-07 14:29:00,1565.35,1566.5,1564.6,1565.5,5270
2024-06-07 14:30:00,1565.5,1567.4,1564.65,1565.6,22547
2024-06-07 14:31:00,1565.8,1566.65,1564.0,1565.85,11228
2024-06-07 14:32:00,1566.2,1566.2,1564.0,1565.05,8825
2024-06-07 14:33:00,1564.95,1566.5,1564.05,1566.45,8969
2024-06-07 14:34:00,1566.35,1566.7,1565.05,1565.95,7051
2024-06-07 14:35:00,1565.35,1566.6,1564.2,1565.5,5958
2024-06-07 14:36:00,1565.55,1565.9,1563.2,1565.3,5994
2024-06-07 14:37:00,1565.35,1565.35,1562.15,1562.15,8335
2024-06-07 14:38:00,1562.0,1564.4,1562.0,1563.4,9215
2024-06-07 14:39:00,1562.8,1564.65,1562.15,1563.95,8681
2024-06-07 14:40:00,1563.95,1564.7,1562.0,1562.45,8330
2024-06-07 14:41:00,1562.25,1563.45,1560.85,1563.25,10443
2024-06-07 14:42:00,1563.0,1564.5,1561.35,1562.0,5678
2024-06-07 14:43:00,1562.0,1564.6,1561.4,1564.1,7486
2024-06-07 14:44:00,1563.6,1566.6,1563.45,1566.0,11353
2024-06-07 14:45:00,1566.3,1567.55,1564.3,1566.9,6461
2024-06-07 14:46:00,1566.65,1568.5,1566.55,1567.95,5597
2024-06-07 14:47:00,1567.5,1568.4,1566.2,1566.6,4710
2024-06-07 14:48:00,1566.6,1569.6,1566.55,1568.9,4924
2024-06-07 14:49:00,1569.8,1570.1,1567.9,1569.45,8081
2024-06-07 14:50:00,1569.45,1571.2,1568.35,1569.75,7558
2024-06-07 14:51:00,1570.25,1572.75,1569.7,1571.95,5692
2024-06-07 14:52:00,1571.95,1573.95,1570.15,1572.35,8263
2024-06-07 14:53:00,1572.35,1572.9,1570.55,1571.45,4144
2024-06-07 14:54:00,1571.45,1573.9,1571.35,1572.35,6184
2024-06-07 14:55:00,1572.95,1574.95,1571.9,1572.7,4857
2024-06-07 14:56:00,1573.0,1574.3,1573.0,1573.15,6098
2024-06-07 14:57:00,1573.1,1574.4,1571.7,1573.55,6674
2024-06-07 14:58:00,1573.15,1574.1,1572.2,1572.2,3789
2024-06-07 14:59:00,1572.2,1573.65,1572.1,1573.25,3828
2024-06-07 15:00:00,1572.95,1575.7,1572.95,1573.95,28662
2024-06-07 15:01:00,1573.95,1573.95,1568.1,1568.7,115173
2024-06-07 15:02:00,1568.8,1570.0,1568.5,1569.65,13486
2024-06-07 15:03:00,1569.9,1570.4,1568.1,1568.85,14187
2024-06-07 15:04:00,1569.25,1569.95,1567.05,1569.05,15392
2024-06-07 15:05:00,1569.05,1569.05,1567.1,1567.95,15232
2024-06-07 15:06:00,1568.55,1568.75,1566.2,1566.95,10911
2024-06-07 15:07:00,1566.95,1567.65,1564.05,1566.0,15977
2024-06-07 15:08:00,1566.0,1567.7,1565.05,1566.85,16118
2024-06-07 15:09:00,1567.35,1569.0,1566.7,1567.35,6619
2024-06-07 15:10:00,1567.0,1567.7,1566.2,1566.55,7822
2024-06-07 15:11:00,1566.55,1566.55,1564.35,1565.05,18620
2024-06-07 15:12:00,1564.45,1564.5,1562.0,1562.4,15557
2024-06-07 15:13:00,1562.4,1563.9,1562.05,1563.85,10722
2024-06-07 15:14:00,1563.45,1566.45,1563.45,1565.9,11474
2024-06-07 15:15:00,1565.5,1565.9,1563.3,1564.25,11338
2024-06-07 15:16:00,1563.65,1564.65,1563.0,1564.4,9289
2024-06-07 15:17:00,1564.4,1564.65,1563.4,1564.05,4988
2024-06-07 15:18:00,1564.25,1566.35,1564.2,1565.05,12410
2024-06-07 15:19:00,1564.3,1565.0,1563.85,1564.9,12130
2024-06-07 15:20:00,1564.15,1564.95,1563.65,1563.7,20063
2024-06-07 15:21:00,1563.7,1565.45,1563.45,1565.4,12204
2024-06-07 15:22:00,1565.3,1566.85,1564.85,1566.5,8011
2024-06-07 15:23:00,1566.55,1566.75,1564.65,1566.55,15031
2024-06-07 15:24:00,1565.9,1565.95,1564.45,1565.7,4798
2024-06-07 15:25:00,1565.7,1566.35,1563.95,1566.35,20545
2024-06-07 15:26:00,1566.15,1566.15,1564.05,1564.5,15222
2024-06-07 15:27:00,1564.8,1566.05,1563.05,1565.5,9213
2024-06-07 15:28:00,1566.0,1566.05,1563.9,1563.95,4340
2024-06-07 15:29:00,1563.75,1565.9,1563.0,1565.9,2764
2024-06-10 09:15:00,1586.05,1586.8,1570.0,1577.95,42248
2024-06-10 09:16:00,1580.35,1582.45,1577.35,1581.55,16125
2024-06-10 09:17:00,1581.55,1581.55,1577.0,1578.3,7036
2024-06-10 09:18:00,1578.3,1581.0,1577.65,1579.75,9367
2024-06-10 09:19:00,1579.75,1580.75,1578.1,1580.0,4931
2024-06-10 09:20:00,1579.0,1579.45,1577.05,1579.4,5130
2024-06-10 09:21:00,1579.45,1579.9,1577.0,1577.0,11668
2024-06-10 09:22:00,1578.15,1582.0,1578.05,1580.0,7351
2024-06-10 09:23:00,1579.95,1580.0,1576.1,1576.1,6947
2024-06-10 09:24:00,1576.1,1579.25,1575.15,1579.1,5116
2024-06-10 09:25:00,1579.35,1579.55,1576.3,1576.65,3627
2024-06-10 09:26:00,1576.0,1577.1,1575.0,1576.2,10627
2024-06-10 09:27:00,1576.2,1579.5,1576.2,1577.65,4589
2024-06-10 09:28:00,1578.1,1579.0,1576.8,1577.75,4204
2024-06-10 09:29:00,1577.6,1578.05,1575.3,1575.6,5661
2024-06-10 09:30:00,1576.0,1576.45,1573.75,1573.75,3777
2024-06-10 09:31:00,1574.35,1575.0,1573.0,1573.55,3250
2024-06-10 09:32:00,1573.55,1573.85,1573.0,1573.6,3510
2024-06-10 09:33:00,1573.85,1574.05,1572.5,1574.05,5084
2024-06-10 09:34:00,1574.05,1574.05,1571.25,1573.0,4400
2024-06-10 09:35:00,1572.6,1574.75,1572.55,1572.95,4380
2024-06-10 09:36:00,1573.25,1573.5,1568.0,1568.9,10709
2024-06-10 09:37:00,1568.65,1569.4,1565.0,1567.85,8888
2024-06-10 09:38:00,1567.7,1571.8,1567.7,1569.95,6393
2024-06-10 09:39:00,1569.95,1571.0,1569.5,1570.95,1962
2024-06-10 09:40:00,1571.1,1573.45,1569.75,1573.0,3529
2024-06-10 09:41:00,1573.4,1575.0,1573.15,1573.4,5718
2024-06-10 09:42:00,1574.35,1574.75,1573.25,1573.45,1877
2024-06-10 09:43:00,1573.4,1574.3,1572.6,1574.3,1758
2024-06-10 09:44:00,1574.75,1575.0,1574.2,1575.0,1500
2024-06-10 09:45:00,1574.85,1575.0,1572.15,1572.55,1559
2024-06-10 09:46:00,1572.55,1572.55,1570.35,1570.7,2147
2024-06-10 09:47:00,1570.85,1573.8,1570.6,1572.1,3092
2024-06-10 09:48:00,1572.1,1572.1,1570.5,1571.35,2181
2024-06-10 09:49:00,1571.4,1574.0,1570.85,1574.0,1550
2024-06-10 09:50:00,1574.0,1574.0,1571.7,1572.7,2304
2024-06-10 09:51:00,1573.25,1574.0,1572.15,1572.4,2500
2024-06-10 09:52:00,1571.65,1571.65,1569.15,1569.9,3525
2024-06-10 09:53:00,1569.8,1572.95,1569.6,1572.95,5049
2024-06-10 09:54:00,1573.0,1575.5,1572.9,1575.5,4640
2024-06-10 09:55:00,1575.5,1575.5,1573.65,1574.45,2811
2024-06-10 09:56:00,1574.3,1574.55,1572.95,1574.2,1030
2024-06-10 09:57:00,1574.75,1574.95,1571.25,1573.2,5549
2024-06-10 09:58:00,1572.45,1573.1,1570.95,1571.8,2403
2024-06-10 09:59:00,1571.8,1572.25,1571.15,1572.2,2347
2024-06-10 10:00:00,1572.2,1572.2,1570.2,1571.45,2386
2024-06-10 10:01:00,1570.6,1571.5,1569.4,1571.5,2425
2024-06-10 10:02:00,1571.5,1573.85,1571.5,1573.5,2770
2024-06-10 10:03:00,1573.55,1574.0,1573.0,1573.9,1478
2024-06-10 10:04:00,1574.0,1574.5,1573.35,1573.8,1732
2024-06-10 10:05:00,1573.8,1573.95,1573.1,1573.8,1316
2024-06-10 10:06:00,1573.8,1576.0,1573.75,1576.0,3957
2024-06-10 10:07:00,1575.95,1577.85,1575.25,1577.4,4328
2024-06-10 10:08:00,1577.4,1577.4,1576.25,1577.0,1394
2024-06-10 10:09:00,1577.0,1578.7,1576.95,1577.95,2928
2024-06-10 10:10:00,1577.8,1579.8,1577.25,1579.8,5438
2024-06-10 10:11:00,1579.8,1580.0,1579.5,1579.8,2916
2024-06-10 10:12:00,1579.8,1579.8,1578.85,1579.5,887
2024-06-10 10:13:00,1579.8,1579.9,1578.55,1579.55,2002
2024-06-10 10:14:00,1579.5,1579.55,1578.35,1579.0,1450
2024-06-10 10:15:00,1579.0,1579.6,1578.5,1579.6,3464
2024-06-10 10:16:00,1579.6,1580.0,1578.35,1579.55,3279
2024-06-10 10:17:00,1579.95,1581.55,1579.95,1580.7,4670
2024-06-10 10:18:00,1580.7,1580.7,1579.1,1580.45,2202
2024-06-10 10:19:00,1580.2,1581.25,1579.8,1580.8,2040
2024-06-10 10:20:00,1580.8,1581.95,1580.8,1581.4,1695
2024-06-10 10:21:00,1581.55,1583.0,1581.4,1583.0,2984
2024-06-10 10:22:00,1582.7,1583.95,1582.15,1583.75,3884
2024-06-10 10:23:00,1583.95,1583.95,1582.2,1582.25,4336
2024-06-10 10:24:00,1582.8,1582.85,1580.95,1582.0,2532
2024-06-10 10:25:00,1582.0,1582.85,1582.0,1582.7,2774
2024-06-10 10:26:00,1582.7,1582.95,1581.6,1582.85,1513
2024-06-10 10:27:00,1583.0,1583.5,1582.45,1583.5,5904
2024-06-10 10:28:00,1583.5,1585.0,1583.5,1585.0,8940
2024-06-10 10:29:00,1585.0,1585.8,1584.35,1584.35,4539
2024-06-10 10:30:00,1584.35,1585.05,1582.25,1582.7,1803
2024-06-10 10:31:00,1582.7,1583.25,1582.0,1583.0,1272
2024-06-10 10:32:00,1583.0,1585.0,1582.75,1584.6,3414
2024-06-10 10:33:00,1584.6,1585.5,1584.1,1585.5,2687
2024-06-10 10:34:00,1585.5,1585.8,1584.35,1585.75,3654
2024-06-10 10:35:00,1585.4,1585.8,1582.45,1584.0,3923
2024-06-10 10:36:00,1584.0,1584.95,1583.5,1584.1,2146
2024-06-10 10:37:00,1584.1,1585.0,1583.95,1585.0,914
2024-06-10 10:38:00,1585.0,1585.35,1584.8,1585.1,1828
2024-06-10 10:39:00,1585.2,1585.3,1581.1,1583.6,6070
2024-06-10 10:40:00,1583.6,1586.0,1583.6,1585.3,19179
2024-06-10 10:41:00,1585.3,1585.5,1585.0,1585.4,1211
2024-06-10 10:42:00,1585.1,1585.4,1584.7,1584.9,1253
2024-06-10 10:43:00,1584.7,1585.1,1584.2,1584.8,1898
2024-06-10 10:44:00,1584.9,1585.0,1583.9,1583.9,1502
2024-06-10 10:45:00,1584.45,1584.55,1582.5,1582.8,1933
2024-06-10 10:46:00,1582.8,1584.45,1581.5,1584.4,2999
2024-06-10 10:47:00,1584.2,1584.95,1584.0,1584.75,973
2024-06-10 10:48:00,1584.95,1585.75,1584.1,1585.75,4422
2024-06-10 10:49:00,1585.75,1586.2,1584.85,1585.35,2633
2024-06-10 10:50:00,1585.35,1585.4,1584.3,1585.0,1161
2024-06-10 10:51:00,1585.0,1585.2,1584.2,1585.0,1383
2024-06-10 10:52:00,1585.05,1585.35,1584.4,1585.35,936
2024-06-10 10:53:00,1585.2,1585.5,1584.8,1585.35,1178
2024-06-10 10:54:00,1585.35,1585.4,1583.95,1584.6,1865
2024-06-10 10:55:00,1584.35,1585.0,1584.25,1585.0,1799
2024-06-10 10:56:00,1585.0,1585.0,1584.0,1584.55,2485
2024-06-10 10:57:00,1584.6,1585.0,1584.6,1585.0,924
2024-06-10 10:58:00,1585.0,1585.0,1584.85,1585.0,1111
2024-06-10 10:59:00,1585.0,1585.0,1584.65,1584.65,1573
2024-06-10 11:00:00,1584.7,1584.9,1584.1,1584.9,842
2024-06-10 11:01:00,1584.9,1585.55,1584.85,1585.1,2986
2024-06-10 11:02:00,1585.45,1586.0,1584.2,1584.65,1641
2024-06-10 11:03:00,1584.75,1584.8,1583.35,1583.65,1081
2024-06-10 11:04:00,1583.35,1584.85,1582.5,1584.65,1249
2024-06-10 11:05:00,1584.35,1584.95,1583.65,1584.0,1311
2024-06-10 11:06:00,1584.0,1584.0,1582.6,1583.3,1070
2024-06-10 11:07:00,1583.3,1583.55,1582.8,1583.45,1132
2024-06-10 11:08:00,1583.55,1583.55,1582.0,1582.6,1088
2024-06-10 11:09:00,1582.6,1582.6,1581.35,1581.85,976
2024-06-10 11:10:00,1581.85,1583.15,1581.55,1582.8,1472
2024-06-10 11:11:00,1582.85,1582.85,1582.7,1582.85,926
2024-06-10 11:12:00,1582.85,1582.85,1581.6,1582.05,1221
2024-06-10 11:13:00,1582.05,1582.15,1581.4,1582.15,649
2024-06-10 11:14:00,1582.15,1583.8,1582.0,1583.8,1554
2024-06-10 11:15:00,1583.75,1584.15,1583.15,1583.95,1090
2024-06-10 11:16:00,1583.95,1584.0,1583.4,1583.85,900
2024-06-10 11:17:00,1584.0,1584.6,1583.6,1583.65,1621
2024-06-10 11:18:00,1583.65,1583.65,1582.9,1582.9,1271
2024-06-10 11:19:00,1582.5,1582.5,1581.5,1581.65,1264
2024-06-10 11:20:00,1581.65,1581.65,1581.4,1581.4,872
2024-06-10 11:21:00,1581.4,1581.65,1580.25,1580.65,2693
2024-06-10 11:22:00,1580.65,1581.05,1580.1,1580.1,3132
2024-06-10 11:23:00,1580.5,1580.5,1580.1,1580.5,1549
2024-06-10 11:24:00,1580.65,1580.95,1580.5,1580.95,4825
2024-06-10 11:25:00,1580.95,1580.95,1578.6,1579.2,3212
2024-06-10 11:26:00,1579.2,1580.0,1578.85,1580.0,2211
2024-06-10 11:27:00,1580.0,1580.5,1579.6,1580.25,2329
2024-06-10 11:28:00,1580.5,1580.5,1579.8,1580.0,1097
2024-06-10 11:29:00,1580.0,1580.5,1579.85,1580.4,5751
2024-06-10 11:30:00,1580.5,1580.5,1579.95,1580.0,1910
2024-06-10 11:31:00,1580.0,1580.0,1579.7,1580.0,1333
2024-06-10 11:32:00,1580.0,1580.6,1579.85,1580.15,1805
2024-06-10 11:33:00,1580.2,1580.5,1579.4,1579.85,1458
2024-06-10 11:34:00,1579.35,1580.3,1579.15,1580.3,1048
2024-06-10 11:35:00,1580.3,1580.4,1579.2,1579.75,1507
2024-06-10 11:36:00,1579.75,1579.95,1578.9,1579.95,820
2024-06-10 11:37:00,1579.95,1580.65,1579.7,1580.0,1359
2024-06-10 11:38:00,1580.0,1580.4,1579.5,1580.35,902
2024-06-10 11:39:00,1580.1,1580.65,1580.1,1580.6,1223
2024-06-10 11:40:00,1580.65,1580.8,1580.1,1580.65,1361
2024-06-10 11:41:00,1580.1,1580.65,1579.9,1580.6,1240
2024-06-10 11:42:00,1580.65,1580.65,1579.95,1580.5,816
2024-06-10 11:43:00,1580.5,1580.65,1580.35,1580.65,1381
2024-06-10 11:44:00,1580.5,1580.7,1580.5,1580.6,917
2024-06-10 11:45:00,1580.6,1580.65,1580.5,1580.65,1479
2024-06-10 11:46:00,1580.65,1580.65,1580.4,1580.6,1030
2024-06-10 11:47:00,1580.6,1580.65,1580.05,1580.65,1333
2024-06-10 11:48:00,1580.65,1580.65,1580.0,1580.6,875
2024-06-10 11:49:00,1580.6,1580.65,1580.5,1580.65,1507
2024-06-10 11:50:00,1580.65,1580.75,1580.0,1580.55,1510
2024-06-10 11:51:00,1580.5,1580.65,1579.95,1580.6,1729
2024-06-10 11:52:00,1580.55,1580.6,1579.8,1580.55,1786
2024-06-10 11:53:00,1580.55,1580.65,1579.85,1580.6,1061
2024-06-10 11:54:00,1580.6,1580.6,1580.0,1580.6,1707
2024-06-10 11:55:00,1580.6,1580.8,1580.0,1580.45,1261
2024-06-10 11:56:00,1580.45,1580.6,1579.85,1580.0,1047
2024-06-10 11:57:00,1580.0,1580.0,1579.85,1580.0,528
2024-06-10 11:58:00,1580.0,1580.0,1579.95,1580.0,943
2024-06-10 11:59:00,1580.0,1580.0,1579.2,1579.65,1341
2024-06-10 12:00:00,1579.6,1580.0,1579.5,1580.0,785
2024-06-10 12:01:00,1580.0,1580.6,1579.55,1580.6,5283
2024-06-10 12:02:00,1580.6,1581.0,1579.65,1580.6,4284
2024-06-10 12:03:00,1580.15,1580.6,1579.9,1580.6,1089
2024-06-10 12:04:00,1580.6,1580.6,1579.7,1579.85,1248
2024-06-10 12:05:00,1579.85,1580.55,1579.85,1580.0,512
2024-06-10 12:06:00,1580.0,1580.0,1579.7,1580.0,818
2024-06-10 12:07:00,1580.0,1580.0,1579.85,1580.0,2012
2024-06-10 12:08:00,1580.0,1580.0,1579.1,1579.65,1221
2024-06-10 12:09:00,1579.65,1579.65,1577.5,1578.75,2543
2024-06-10 12:10:00,1578.15,1579.65,1578.15,1579.65,1094
2024-06-10 12:11:00,1579.4,1579.65,1579.0,1579.6,1622
2024-06-10 12:12:00,1579.65,1579.65,1578.9,1579.45,803
2024-06-10 12:13:00,1579.45,1579.65,1578.75,1579.5,1452
2024-06-10 12:14:00,1579.5,1579.65,1578.55,1579.45,1585
2024-06-10 12:15:00,1579.45,1579.65,1579.45,1579.55,659
2024-06-10 12:16:00,1579.55,1579.65,1579.45,1579.65,1102
2024-06-10 12:17:00,1579.65,1579.65,1579.1,1579.3,2240
2024-06-10 12:18:00,1579.3,1579.65,1578.95,1578.95,607
2024-06-10 12:19:00,1578.95,1579.0,1578.65,1579.0,3169
2024-06-10 12:20:00,1579.0,1579.65,1579.0,1579.55,2293
2024-06-10 12:21:00,1579.55,1579.65,1578.85,1579.0,765
2024-06-10 12:22:00,1579.0,1579.0,1578.85,1578.95,818
2024-06-10 12:23:00,1579.0,1580.0,1579.0,1580.0,4282
2024-06-10 12:24:00,1580.0,1580.0,1579.8,1580.0,4723
2024-06-10 12:25:00,1580.0,1580.0,1579.85,1580.0,951
2024-06-10 12:26:00,1580.0,1580.0,1579.95,1580.0,953
2024-06-10 12:27:00,1580.0,1580.0,1579.95,1580.0,2653
2024-06-10 12:28:00,1580.0,1580.0,1579.9,1580.0,1162
2024-06-10 12:29:00,1580.0,1580.0,1578.7,1579.75,1478
2024-06-10 12:30:00,1579.55,1579.85,1579.05,1579.75,923
2024-06-10 12:31:00,1579.75,1580.0,1579.7,1580.0,1079
2024-06-10 12:32:00,1580.0,1580.0,1579.95,1580.0,1115
2024-06-10 12:33:00,1580.0,1581.0,1579.95,1581.0,14374
2024-06-10 12:34:00,1581.0,1581.0,1580.65,1581.0,1275
2024-06-10 12:35:00,1581.0,1583.0,1580.95,1583.0,5880
2024-06-10 12:36:00,1583.0,1583.95,1582.95,1583.45,2380
2024-06-10 12:37:00,1583.45,1584.0,1579.5,1579.5,5796
2024-06-10 12:38:00,1579.75,1581.85,1579.6,1581.5,11109
2024-06-10 12:39:00,1581.65,1581.85,1580.65,1581.85,957
2024-06-10 12:40:00,1581.85,1581.85,1580.0,1580.05,8267
2024-06-10 12:41:00,1580.05,1580.75,1579.6,1580.75,1268
2024-06-10 12:42:00,1580.75,1582.0,1580.2,1580.9,1605
2024-06-10 12:43:00,1580.9,1582.0,1580.8,1581.95,936
2024-06-10 12:44:00,1581.9,1581.95,1581.65,1581.95,1510
2024-06-10 12:45:00,1581.95,1581.95,1581.5,1581.95,1459
2024-06-10 12:46:00,1581.55,1581.95,1581.35,1581.95,894
2024-06-10 12:47:00,1581.95,1581.95,1581.3,1581.9,1184
2024-06-10 12:48:00,1581.9,1582.85,1581.7,1582.5,8931
2024-06-10 12:49:00,1582.5,1584.95,1582.25,1584.5,8302
2024-06-10 12:50:00,1584.5,1585.0,1584.05,1584.3,9708
2024-06-10 12:51:00,1585.0,1585.15,1584.55,1585.0,10667
2024-06-10 12:52:00,1585.0,1588.85,1584.5,1588.85,11264
2024-06-10 12:53:00,1588.9,1589.0,1583.9,1584.0,38920
2024-06-10 12:54:00,1584.0,1584.65,1583.0,1584.65,2951
2024-06-10 12:55:00,1584.65,1587.0,1584.65,1585.1,6322
2024-06-10 12:56:00,1585.5,1585.5,1584.35,1584.6,6314
2024-06-10 12:57:00,1584.6,1584.6,1583.25,1583.65,1932
2024-06-10 12:58:00,1583.65,1583.65,1583.2,1583.55,819
2024-06-10 12:59:00,1583.55,1583.65,1583.55,1583.65,721
2024-06-10 13:00:00,1583.65,1583.65,1582.4,1583.65,1533
2024-06-10 13:01:00,1583.65,1583.65,1583.2,1583.65,1605
2024-06-10 13:02:00,1583.6,1583.65,1582.7,1582.95,1038
2024-06-10 13:03:00,1583.0,1583.65,1582.3,1583.6,1261
2024-06-10 13:04:00,1583.6,1583.65,1582.55,1582.65,1031
2024-06-10 13:05:00,1582.65,1582.65,1582.15,1582.6,791
2024-06-10 13:06:00,1582.6,1582.65,1581.3,1581.9,2648
2024-06-10 13:07:00,1581.9,1581.9,1581.5,1581.9,546
2024-06-10 13:08:00,1581.9,1581.9,1580.45,1580.6,2309
2024-06-10 13:09:00,1580.6,1580.7,1580.4,1580.6,9026
2024-06-10 13:10:00,1580.6,1580.65,1579.1,1580.65,2354
2024-06-10 13:11:00,1580.65,1580.65,1580.0,1580.6,1173
2024-06-10 13:12:00,1580.6,1580.65,1579.1,1579.6,7828
2024-06-10 13:13:00,1579.6,1579.6,1578.0,1579.0,1242
2024-06-10 13:14:00,1579.0,1580.0,1578.9,1579.75,1182
2024-06-10 13:15:00,1579.75,1579.95,1579.4,1579.8,1835
2024-06-10 13:16:00,1579.8,1579.95,1579.3,1579.95,871
2024-06-10 13:17:00,1579.95,1580.65,1578.85,1579.75,3280
2024-06-10 13:18:00,1579.05,1580.65,1579.05,1580.6,577
2024-06-10 13:19:00,1580.6,1580.6,1578.55,1578.55,2008
2024-06-10 13:20:00,1578.55,1579.85,1578.1,1578.55,932
2024-06-10 13:21:00,1579.05,1579.95,1578.1,1578.45,1303
2024-06-10 13:22:00,1578.45,1579.7,1578.45,1579.45,1095
2024-06-10 13:23:00,1578.95,1579.85,1578.7,1578.7,2814
2024-06-10 13:24:00,1579.3,1579.45,1578.2,1578.9,1179
2024-06-10 13:25:00,1578.9,1579.15,1576.4,1576.7,2916
2024-06-10 13:26:00,1576.85,1578.3,1576.8,1577.95,1800
2024-06-10 13:27:00,1577.95,1578.8,1577.05,1578.75,723
2024-06-10 13:28:00,1578.75,1578.8,1576.75,1577.5,1729
2024-06-10 13:29:00,1578.05,1578.8,1577.4,1578.0,1095
2024-06-10 13:30:00,1577.45,1578.65,1577.45,1578.65,1666
2024-06-10 13:31:00,1578.65,1579.1,1578.05,1578.95,1359
2024-06-10 13:32:00,1578.95,1579.8,1578.35,1579.5,1202
2024-06-10 13:33:00,1579.55,1580.45,1579.0,1580.0,1009
2024-06-10 13:34:00,1580.1,1580.1,1578.8,1579.35,1898
2024-06-10 13:35:00,1579.35,1580.65,1579.35,1580.55,758
2024-06-10 13:36:00,1580.2,1580.65,1579.4,1579.65,907
2024-06-10 13:37:00,1579.65,1580.0,1579.5,1579.7,1129
2024-06-10 13:38:00,1580.0,1580.65,1579.7,1579.9,1057
2024-06-10 13:39:00,1579.9,1580.65,1579.5,1579.95,1193
2024-06-10 13:40:00,1579.95,1580.65,1579.8,1580.1,859
2024-06-10 13:41:00,1580.1,1580.65,1580.1,1580.35,1095
2024-06-10 13:42:00,1580.35,1580.65,1580.0,1580.6,1512
2024-06-10 13:43:00,1580.2,1580.65,1579.25,1580.1,4733
2024-06-10 13:44:00,1580.35,1580.55,1579.0,1579.2,1376
2024-06-10 13:45:00,1579.65,1580.0,1578.55,1579.8,719
2024-06-10 13:46:00,1579.8,1580.0,1579.05,1580.0,1387
2024-06-10 13:47:00,1580.0,1580.25,1579.15,1579.5,3728
2024-06-10 13:48:00,1579.5,1580.0,1579.4,1579.65,941
2024-06-10 13:49:00,1579.65,1580.4,1579.65,1580.0,980
2024-06-10 13:50:00,1580.0,1580.5,1580.0,1580.3,1091
2024-06-10 13:51:00,1580.3,1580.65,1580.3,1580.6,1251
2024-06-10 13:52:00,1580.65,1580.65,1579.3,1579.65,1506
2024-06-10 13:53:00,1579.65,1580.65,1579.2,1580.55,911
2024-06-10 13:54:00,1580.55,1580.65,1579.55,1580.4,1280
2024-06-10 13:55:00,1580.4,1580.65,1580.0,1580.65,909
2024-06-10 13:56:00,1580.65,1580.65,1580.3,1580.65,1044
2024-06-10 13:57:00,1580.65,1580.65,1580.2,1580.65,1356
2024-06-10 13:58:00,1580.65,1580.65,1580.5,1580.65,2178
2024-06-10 13:59:00,1580.65,1580.7,1580.45,1580.65,3401
2024-06-10 14:00:00,1580.65,1580.65,1580.6,1580.6,2500
2024-06-10 14:01:00,1580.65,1582.65,1580.65,1582.65,5825
2024-06-10 14:02:00,1582.65,1583.9,1582.65,1583.9,1312
2024-06-10 14:03:00,1583.65,1584.4,1583.2,1584.4,2295
2024-06-10 14:04:00,1584.65,1584.8,1583.95,1584.0,1084
2024-06-10 14:05:00,1584.0,1584.0,1580.35,1581.9,20857
2024-06-10 14:06:00,1581.9,1582.05,1581.45,1581.75,1933
2024-06-10 14:07:00,1581.6,1581.6,1580.1,1580.5,1641
2024-06-10 14:08:00,1580.5,1580.5,1579.45,1580.0,1744
2024-06-10 14:09:00,1580.0,1580.0,1579.95,1580.0,1739
2024-06-10 14:10:00,1580.0,1580.0,1579.95,1580.0,1014
2024-06-10 14:11:00,1580.0,1580.25,1579.95,1580.15,3136
2024-06-10 14:12:00,1580.25,1580.25,1580.05,1580.25,1148
2024-06-10 14:13:00,1580.25,1580.5,1579.55,1580.5,2178
2024-06-10 14:14:00,1580.35,1580.5,1579.5,1580.0,1069
2024-06-10 14:15:00,1580.0,1580.0,1578.3,1579.0,1245
2024-06-10 14:16:00,1579.2,1579.5,1578.1,1579.4,1046
2024-06-10 14:17:00,1579.45,1579.85,1578.4,1579.6,1233
2024-06-10 14:18:00,1579.6,1579.6,1578.25,1578.95,1507
2024-06-10 14:19:00,1578.65,1579.25,1577.25,1578.0,2020
2024-06-10 14:20:00,1578.0,1578.0,1577.35,1577.75,1065
2024-06-10 14:21:00,1577.75,1578.8,1577.6,1578.8,1600
2024-06-10 14:22:00,1578.75,1578.9,1577.6,1578.2,1256
2024-06-10 14:23:00,1578.2,1578.5,1577.1,1577.85,1276
2024-06-10 14:24:00,1577.8,1578.6,1577.7,1577.9,1353
2024-06-10 14:25:00,1577.65,1578.0,1576.4,1576.8,2008
2024-06-10 14:26:00,1576.75,1577.2,1576.2,1577.0,1032
2024-06-10 14:27:00,1577.0,1577.8,1576.2,1576.8,1533
2024-06-10 14:28:00,1576.8,1576.8,1574.6,1575.4,3658
2024-06-10 14:29:00,1575.4,1576.0,1571.5,1571.5,5043
2024-06-10 14:30:00,1571.95,1573.85,1571.25,1573.85,1317
2024-06-10 14:31:00,1573.85,1574.0,1572.95,1573.5,1400
2024-06-10 14:32:00,1573.6,1574.4,1573.35,1573.95,2327
2024-06-10 14:33:00,1573.55,1573.95,1571.65,1572.85,1451
2024-06-10 14:34:00,1572.6,1573.3,1572.6,1573.05,985
2024-06-10 14:35:00,1573.05,1573.25,1569.4,1569.9,5333
2024-06-10 14:36:00,1569.55,1570.0,1568.7,1570.0,1661
2024-06-10 14:37:00,1570.0,1571.95,1569.65,1570.75,1370
2024-06-10 14:38:00,1570.35,1571.9,1570.05,1571.1,2146
2024-06-10 14:39:00,1570.6,1572.95,1569.9,1570.0,10619
2024-06-10 14:40:00,1570.0,1570.0,1569.25,1570.0,3085
2024-06-10 14:41:00,1570.0,1570.0,1568.95,1570.0,4597
2024-06-10 14:42:00,1569.95,1570.0,1569.65,1570.0,4380
2024-06-10 14:43:00,1570.0,1570.0,1568.95,1569.6,2166
2024-06-10 14:44:00,1569.65,1570.0,1569.55,1569.9,4319
2024-06-10 14:45:00,1569.9,1570.0,1568.7,1568.7,2188
2024-06-10 14:46:00,1568.7,1569.0,1568.55,1569.0,1398
2024-06-10 14:47:00,1569.0,1569.0,1567.85,1568.7,6456
2024-06-10 14:48:00,1568.75,1568.75,1568.3,1568.7,2334
2024-06-10 14:49:00,1568.7,1568.75,1567.75,1567.9,2458
2024-06-10 14:50:00,1568.0,1568.0,1567.25,1567.9,1739
2024-06-10 14:51:00,1567.95,1567.95,1566.5,1566.9,1621
2024-06-10 14:52:00,1567.0,1568.0,1566.45,1567.95,4027
2024-06-10 14:53:00,1567.95,1567.95,1567.0,1567.65,2679
2024-06-10 14:54:00,1567.55,1567.6,1566.85,1567.0,1432
2024-06-10 14:55:00,1567.0,1567.0,1566.0,1567.0,1192
2024-06-10 14:56:00,1567.0,1567.0,1566.4,1566.95,1916
2024-06-10 14:57:00,1566.95,1566.95,1565.3,1565.9,3807
2024-06-10 14:58:00,1565.9,1566.0,1564.05,1566.0,7537
2024-06-10 14:59:00,1566.0,1566.95,1565.9,1566.8,2353
2024-06-10 15:00:00,1566.85,1569.6,1566.6,1568.9,4081
2024-06-10 15:01:00,1568.9,1571.0,1568.35,1570.9,2397
2024-06-10 15:02:00,1570.9,1571.8,1570.85,1571.6,3283
2024-06-10 15:03:00,1571.85,1572.25,1571.35,1571.75,3085
2024-06-10 15:04:00,1571.9,1573.35,1571.75,1573.3,2192
2024-06-10 15:05:00,1572.95,1573.0,1567.75,1568.55,5570
2024-06-10 15:06:00,1568.55,1568.6,1566.45,1568.4,3399
2024-06-10 15:07:00,1568.4,1569.6,1568.15,1568.8,2647
2024-06-10 15:08:00,1568.8,1569.25,1567.5,1568.9,2880
2024-06-10 15:09:00,1568.9,1569.75,1567.9,1568.5,2769
2024-06-10 15:10:00,1568.3,1568.9,1567.2,1567.55,2708
2024-06-10 15:11:00,1567.45,1567.9,1566.2,1567.05,2906
2024-06-10 15:12:00,1567.05,1567.25,1566.45,1567.05,3195
2024-06-10 15:13:00,1566.95,1567.95,1566.8,1567.9,2570
2024-06-10 15:14:00,1567.9,1568.95,1567.5,1568.8,4200
2024-06-10 15:15:00,1568.8,1568.95,1567.35,1568.05,3782
2024-06-10 15:16:00,1568.65,1568.8,1567.35,1568.0,2742
2024-06-10 15:17:00,1568.1,1568.45,1567.35,1568.2,2565
2024-06-10 15:18:00,1567.95,1568.45,1567.25,1567.3,4128
2024-06-10 15:19:00,1567.05,1568.25,1566.7,1567.95,4538
2024-06-10 15:20:00,1567.95,1567.95,1565.0,1566.9,14873
2024-06-10 15:21:00,1566.95,1566.95,1563.0,1564.7,8258
2024-06-10 15:22:00,1564.7,1565.25,1564.05,1564.85,3784
2024-06-10 15:23:00,1564.85,1564.9,1562.55,1563.15,4608
2024-06-10 15:24:00,1563.1,1563.4,1560.45,1561.95,9803
2024-06-10 15:25:00,1561.95,1561.95,1560.15,1560.5,7036
2024-06-10 15:26:00,1560.5,1560.75,1559.35,1560.7,7077
2024-06-10 15:27:00,1560.5,1561.85,1560.05,1561.35,4348
2024-06-10 15:28:00,1561.6,1561.8,1560.15,1561.75,4194
2024-06-10 15:29:00,1561.75,1562.0,1560.65,1562.0,2569
2024-06-11 09:15:00,1573.0,1573.0,1560.0,1564.0,12582
2024-06-11 09:16:00,1564.0,1564.6,1558.35,1558.35,9595
2024-06-11 09:17:00,1559.2,1561.3,1559.2,1559.95,6703
2024-06-11 09:18:00,1559.65,1566.0,1559.55,1562.5,8825
2024-06-11 09:19:00,1561.8,1564.05,1560.7,1562.1,5707
2024-06-11 09:20:00,1564.2,1565.25,1562.0,1564.95,6562
2024-06-11 09:21:00,1564.95,1564.95,1561.15,1562.25,4378
2024-06-11 09:22:00,1562.4,1565.8,1561.9,1564.55,4204
2024-06-11 09:23:00,1565.1,1565.95,1561.2,1561.4,2448
2024-06-11 09:24:00,1562.2,1562.9,1561.0,1561.75,5456
2024-06-11 09:25:00,1561.75,1564.95,1561.0,1564.0,2190
2024-06-11 09:26:00,1564.45,1565.4,1561.3,1561.4,3205
2024-06-11 09:27:00,1562.6,1563.1,1561.05,1562.05,3140
2024-06-11 09:28:00,1562.05,1564.9,1562.05,1564.65,1866
2024-06-11 09:29:00,1564.05,1564.5,1562.1,1563.05,2093
2024-06-11 09:30:00,1563.05,1564.2,1562.6,1564.15,1421
2024-06-11 09:31:00,1564.15,1564.2,1561.45,1561.95,1255
2024-06-11 09:32:00,1562.45,1562.65,1558.1,1559.65,10235
2024-06-11 09:33:00,1560.0,1561.6,1558.7,1559.05,1394
2024-06-11 09:34:00,1559.25,1559.65,1558.0,1558.75,1809
2024-06-11 09:35:00,1559.25,1559.75,1558.45,1559.35,973
2024-06-11 09:36:00,1559.35,1561.6,1559.3,1559.3,1995
2024-06-11 09:37:00,1559.7,1561.2,1559.3,1560.0,1370
2024-06-11 09:38:00,1560.0,1560.0,1559.1,1560.0,868
2024-06-11 09:39:00,1560.0,1562.0,1559.7,1562.0,5127
2024-06-11 09:40:00,1562.0,1563.85,1560.1,1563.4,3596
2024-06-11 09:41:00,1563.3,1564.85,1562.0,1564.55,2946
2024-06-11 09:42:00,1564.55,1566.8,1563.0,1564.25,5825
2024-06-11 09:43:00,1564.8,1566.0,1564.4,1566.0,898
2024-06-11 09:44:00,1565.7,1566.0,1563.1,1564.0,2780
2024-06-11 09:45:00,1564.0,1565.95,1563.0,1564.85,5331
2024-06-11 09:46:00,1564.85,1566.0,1564.2,1565.0,8062
2024-06-11 09:47:00,1565.5,1565.5,1563.35,1564.25,1853
2024-06-11 09:48:00,1564.25,1564.25,1563.0,1563.95,866
2024-06-11 09:49:00,1563.0,1564.0,1562.05,1563.3,2841
2024-06-11 09:50:00,1563.7,1563.95,1562.65,1563.5,1305
2024-06-11 09:51:00,1563.5,1563.95,1562.0,1563.9,2049
2024-06-11 09:52:00,1563.9,1563.9,1562.5,1563.2,850
2024-06-11 09:53:00,1563.2,1563.2,1561.5,1561.5,949
2024-06-11 09:54:00,1562.1,1562.4,1560.45,1561.75,4601
2024-06-11 09:55:00,1561.75,1561.75,1559.65,1560.95,5197
2024-06-11 09:56:00,1560.95,1561.5,1560.0,1560.75,1199
2024-06-11 09:57:00,1560.75,1561.1,1558.75,1560.45,3640
2024-06-11 09:58:00,1559.9,1561.1,1559.8,1560.15,3923
2024-06-11 09:59:00,1561.05,1561.05,1558.45,1559.25,6899
2024-06-11 10:00:00,1558.55,1559.6,1558.0,1559.55,5349
2024-06-11 10:01:00,1559.55,1561.85,1559.0,1561.65,4402
2024-06-11 10:02:00,1561.65,1562.0,1561.1,1561.2,2733
2024-06-11 10:03:00,1561.05,1563.85,1560.0,1563.75,1604
2024-06-11 10:04:00,1563.8,1563.8,1562.65,1563.4,2563
2024-06-11 10:05:00,1563.4,1564.5,1563.0,1563.9,2372
2024-06-11 10:06:00,1563.7,1563.7,1561.95,1563.3,746
2024-06-11 10:07:00,1562.7,1564.0,1562.6,1563.45,1724
2024-06-11 10:08:00,1563.5,1564.9,1562.9,1564.5,3175
2024-06-11 10:09:00,1564.5,1564.5,1562.15,1563.45,2359
2024-06-11 10:10:00,1562.8,1566.0,1562.65,1565.1,6522
2024-06-11 10:11:00,1565.1,1566.0,1564.65,1565.95,2343
2024-06-11 10:12:00,1566.0,1568.0,1566.0,1567.6,4343
2024-06-11 10:13:00,1567.0,1568.0,1567.0,1567.5,3694
2024-06-11 10:14:00,1567.5,1568.0,1566.8,1567.35,2333
2024-06-11 10:15:00,1567.35,1567.6,1566.3,1567.0,713
2024-06-11 10:16:00,1567.0,1567.0,1565.85,1566.6,817
2024-06-11 10:17:00,1566.6,1566.6,1565.75,1566.45,1408
2024-06-11 10:18:00,1566.55,1567.5,1565.8,1567.5,2511
2024-06-11 10:19:00,1567.5,1569.7,1567.5,1569.7,3144
2024-06-11 10:20:00,1569.7,1569.7,1568.4,1568.5,1035
2024-06-11 10:21:00,1568.5,1568.6,1567.4,1568.4,568
2024-06-11 10:22:00,1568.4,1568.4,1567.45,1567.95,645
2024-06-11 10:23:00,1567.95,1568.0,1567.0,1568.0,297
2024-06-11 10:24:00,1568.0,1568.9,1567.35,1568.9,2214
2024-06-11 10:25:00,1568.9,1568.9,1568.05,1568.9,534
2024-06-11 10:26:00,1568.9,1568.9,1568.15,1568.75,322
2024-06-11 10:27:00,1568.75,1568.75,1567.7,1568.6,661
2024-06-11 10:28:00,1568.6,1568.9,1568.25,1568.9,1227
2024-06-11 10:29:00,1568.9,1568.9,1566.1,1566.3,1074
2024-06-11 10:30:00,1566.1,1567.6,1565.0,1567.1,1260
2024-06-11 10:31:00,1567.1,1568.25,1567.1,1567.9,1176
2024-06-11 10:32:00,1567.9,1568.65,1567.4,1568.5,338
2024-06-11 10:33:00,1568.4,1568.9,1567.45,1568.45,506
2024-06-11 10:34:00,1568.8,1568.9,1565.9,1566.6,4984
2024-06-11 10:35:00,1566.6,1568.0,1565.25,1567.95,1657
2024-06-11 10:36:00,1567.3,1569.0,1566.7,1568.2,1537
2024-06-11 10:37:00,1568.2,1569.0,1568.2,1568.85,1270
2024-06-11 10:38:00,1568.85,1569.0,1567.25,1568.55,1224
2024-06-11 10:39:00,1568.55,1570.65,1568.3,1569.95,6319
2024-06-11 10:40:00,1569.95,1570.55,1568.0,1568.2,991
2024-06-11 10:41:00,1568.2,1568.45,1567.8,1567.85,366
2024-06-11 10:42:00,1567.85,1568.85,1567.1,1568.85,695
2024-06-11 10:43:00,1568.95,1568.95,1567.05,1568.0,364
2024-06-11 10:44:00,1568.0,1568.4,1567.1,1567.45,538
2024-06-11 10:45:00,1567.4,1569.55,1567.4,1569.4,2653
2024-06-11 10:46:00,1569.4,1569.65,1568.1,1568.9,346
2024-06-11 10:47:00,1568.9,1569.5,1568.0,1568.75,537
2024-06-11 10:48:00,1568.65,1569.3,1568.0,1568.3,251
2024-06-11 10:49:00,1568.3,1569.0,1567.0,1569.0,361
2024-06-11 10:50:00,1569.0,1569.7,1568.0,1568.2,7300
2024-06-11 10:51:00,1568.2,1568.8,1567.15,1568.8,1185
2024-06-11 10:52:00,1568.8,1570.0,1568.55,1570.0,2181
2024-06-11 10:53:00,1570.0,1570.1,1569.65,1570.05,2502
2024-06-11 10:54:00,1570.05,1570.2,1569.95,1570.2,1564
2024-06-11 10:55:00,1570.2,1570.7,1569.6,1570.7,943
2024-06-11 10:56:00,1570.5,1570.7,1569.95,1570.4,1163
2024-06-11 10:57:00,1570.4,1570.45,1569.95,1570.0,1083
2024-06-11 10:58:00,1570.15,1570.75,1569.75,1569.95,1897
2024-06-11 10:59:00,1570.0,1570.85,1569.95,1570.0,1136
2024-06-11 11:00:00,1570.0,1570.7,1569.95,1570.15,2750
2024-06-11 11:01:00,1569.95,1570.15,1569.35,1569.95,11819
2024-06-11 11:02:00,1570.0,1570.0,1568.8,1569.75,27303
2024-06-11 11:03:00,1569.5,1569.5,1567.1,1568.3,4207
2024-06-11 11:04:00,1568.3,1569.7,1567.55,1569.7,1118
2024-06-11 11:05:00,1569.0,1569.45,1568.4,1569.4,818
2024-06-11 11:06:00,1569.45,1569.45,1568.6,1569.4,2008
2024-06-11 11:07:00,1569.4,1570.85,1569.35,1570.85,3805
2024-06-11 11:08:00,1570.85,1572.0,1570.5,1571.7,5138
2024-06-11 11:09:00,1571.8,1572.0,1570.0,1570.75,1895
2024-06-11 11:10:00,1570.85,1571.05,1570.0,1570.15,2627
2024-06-11 11:11:00,1570.15,1571.15,1570.0,1570.25,9108
2024-06-11 11:12:00,1570.2,1571.0,1570.0,1571.0,5960
2024-06-11 11:13:00,1571.0,1571.0,1570.0,1570.0,5455
2024-06-11 11:14:00,1570.2,1570.9,1570.0,1570.15,1228
2024-06-11 11:15:00,1570.15,1570.2,1569.75,1570.15,603
2024-06-11 11:16:00,1570.15,1570.2,1569.5,1570.05,2610
2024-06-11 11:17:00,1570.05,1570.5,1570.0,1570.05,1229
2024-06-11 11:18:00,1570.05,1570.95,1570.05,1570.1,285
2024-06-11 11:19:00,1570.1,1570.7,1570.1,1570.35,95
2024-06-11 11:20:00,1570.35,1571.0,1570.0,1570.75,1347
2024-06-11 11:21:00,1570.75,1570.75,1570.0,1570.3,329
2024-06-11 11:22:00,1570.3,1570.65,1570.0,1570.45,132
2024-06-11 11:23:00,1570.45,1570.45,1569.95,1570.2,881
2024-06-11 11:24:00,1570.2,1570.2,1569.5,1570.2,320
2024-06-11 11:25:00,1570.2,1570.2,1569.45,1570.05,2507
2024-06-11 11:26:00,1570.1,1570.4,1569.9,1570.4,1514
2024-06-11 11:27:00,1570.45,1570.9,1570.2,1570.9,141
2024-06-11 11:28:00,1570.8,1571.0,1569.95,1570.3,554
2024-06-11 11:29:00,1570.0,1570.5,1569.95,1570.3,3430
2024-06-11 11:30:00,1570.0,1570.5,1570.0,1570.2,765
2024-06-11 11:31:00,1570.2,1570.2,1570.0,1570.2,150
2024-06-11 11:32:00,1570.2,1570.2,1570.0,1570.15,1002
2024-06-11 11:33:00,1570.15,1570.2,1569.9,1570.15,685
2024-06-11 11:34:00,1570.15,1570.2,1570.05,1570.05,228
2024-06-11 11:35:00,1570.05,1570.1,1570.0,1570.0,1107
2024-06-11 11:36:00,1570.1,1571.0,1570.1,1571.0,1683
2024-06-11 11:37:00,1571.0,1571.0,1570.3,1570.75,722
2024-06-11 11:38:00,1571.0,1571.95,1570.55,1571.9,1269
2024-06-11 11:39:00,1571.9,1574.0,1571.9,1573.9,2913
2024-06-11 11:40:00,1574.0,1574.85,1573.45,1574.85,3330
2024-06-11 11:41:00,1574.85,1574.85,1572.3,1573.45,2110
2024-06-11 11:42:00,1573.45,1573.5,1572.5,1573.4,935
2024-06-11 11:43:00,1573.4,1573.45,1572.55,1573.0,731
2024-06-11 11:44:00,1573.0,1573.0,1571.75,1572.0,713
2024-06-11 11:45:00,1572.0,1572.0,1571.35,1571.95,388
2024-06-11 11:46:00,1571.95,1572.0,1571.5,1571.9,366
2024-06-11 11:47:00,1571.9,1572.4,1571.35,1572.4,1243
2024-06-11 11:48:00,1572.35,1572.4,1571.75,1572.2,242
2024-06-11 11:49:00,1572.2,1573.0,1571.75,1572.95,1540
2024-06-11 11:50:00,1572.95,1573.0,1572.0,1573.0,349
2024-06-11 11:51:00,1572.95,1572.95,1571.35,1572.85,1021
2024-06-11 11:52:00,1572.95,1573.0,1571.35,1572.75,774
2024-06-11 11:53:00,1572.75,1573.0,1572.15,1572.65,317
2024-06-11 11:54:00,1572.0,1572.65,1571.6,1572.4,455
2024-06-11 11:55:00,1572.4,1572.4,1572.0,1572.25,301
2024-06-11 11:56:00,1572.25,1572.35,1571.6,1571.95,392
2024-06-11 11:57:00,1571.95,1571.95,1570.8,1571.4,984
2024-06-11 11:58:00,1571.5,1571.75,1571.0,1571.25,324
2024-06-11 11:59:00,1571.25,1571.65,1570.0,1570.8,1556
2024-06-11 12:00:00,1570.8,1570.8,1569.6,1570.65,794
2024-06-11 12:01:00,1570.65,1570.65,1570.3,1570.6,775
2024-06-11 12:02:00,1570.65,1571.2,1570.3,1571.05,601
2024-06-11 12:03:00,1571.05,1571.45,1570.0,1570.65,683
2024-06-11 12:04:00,1570.65,1571.0,1569.6,1570.35,1264
2024-06-11 12:05:00,1570.45,1571.15,1570.0,1570.95,468
2024-06-11 12:06:00,1570.85,1570.95,1570.3,1570.85,168
2024-06-11 12:07:00,1570.85,1570.95,1570.35,1570.85,306
2024-06-11 12:08:00,1570.85,1571.15,1570.45,1570.75,662
2024-06-11 12:09:00,1570.75,1572.0,1570.4,1572.0,672
2024-06-11 12:10:00,1572.0,1572.6,1572.0,1572.35,365
2024-06-11 12:11:00,1572.35,1572.35,1572.05,1572.3,387
2024-06-11 12:12:00,1572.3,1572.3,1571.9,1572.2,562
2024-06-11 12:13:00,1572.2,1572.2,1571.65,1572.1,220
2024-06-11 12:14:00,1572.1,1572.3,1571.45,1572.3,1121
2024-06-11 12:15:00,1572.3,1572.5,1571.8,1572.5,202
2024-06-11 12:16:00,1572.5,1572.5,1571.45,1571.8,405
2024-06-11 12:17:00,1571.8,1572.5,1571.45,1571.9,318
2024-06-11 12:18:00,1572.5,1572.5,1571.4,1572.45,1100
2024-06-11 12:19:00,1572.45,1572.5,1571.85,1572.5,175
2024-06-11 12:20:00,1572.5,1572.75,1571.9,1572.7,519
2024-06-11 12:21:00,1572.7,1572.7,1571.15,1571.9,2203
2024-06-11 12:22:00,1572.05,1572.25,1570.5,1571.6,977
2024-06-11 12:23:00,1571.6,1571.85,1571.0,1571.55,741
2024-06-11 12:24:00,1571.55,1571.55,1570.8,1571.55,525
2024-06-11 12:25:00,1571.45,1572.45,1570.8,1572.4,2498
2024-06-11 12:26:00,1572.4,1572.95,1571.75,1572.35,373
2024-06-11 12:27:00,1572.1,1572.35,1571.7,1572.25,381
2024-06-11 12:28:00,1572.25,1572.35,1571.8,1572.3,557
2024-06-11 12:29:00,1572.3,1574.4,1571.55,1574.4,4088
2024-06-11 12:30:00,1574.4,1574.95,1572.3,1573.65,5401
2024-06-11 12:31:00,1573.65,1573.8,1572.6,1573.35,565
2024-06-11 12:32:00,1573.35,1573.75,1572.85,1572.85,752
2024-06-11 12:33:00,1572.85,1573.0,1572.4,1572.75,196
2024-06-11 12:34:00,1572.75,1574.0,1572.0,1572.5,3874
2024-06-11 12:35:00,1572.0,1572.7,1570.55,1571.0,3170
2024-06-11 12:36:00,1571.0,1571.0,1570.15,1570.9,1952
2024-06-11 12:37:00,1570.9,1571.05,1570.05,1570.85,1123
2024-06-11 12:38:00,1570.85,1571.75,1570.85,1571.35,432
2024-06-11 12:39:00,1571.3,1571.5,1570.25,1571.2,798
2024-06-11 12:40:00,1571.2,1571.8,1570.35,1571.45,409
2024-06-11 12:41:00,1571.45,1572.0,1570.5,1571.35,538
2024-06-11 12:42:00,1571.5,1571.95,1570.75,1571.95,549
2024-06-11 12:43:00,1571.95,1573.7,1571.55,1573.6,5467
2024-06-11 12:44:00,1573.6,1573.7,1572.45,1573.0,1113
2024-06-11 12:45:00,1573.0,1573.0,1572.35,1573.0,561
2024-06-11 12:46:00,1572.55,1573.2,1572.3,1573.1,788
2024-06-11 12:47:00,1573.0,1573.15,1571.8,1571.8,495
2024-06-11 12:48:00,1571.8,1573.1,1571.15,1572.8,1292
2024-06-11 12:49:00,1572.8,1572.85,1571.85,1571.9,906
2024-06-11 12:50:00,1571.9,1573.05,1571.2,1573.05,867
2024-06-11 12:51:00,1573.0,1573.05,1572.15,1572.5,533
2024-06-11 12:52:00,1572.5,1572.8,1570.45,1570.95,4440
2024-06-11 12:53:00,1570.9,1572.5,1570.15,1572.05,922
2024-06-11 12:54:00,1572.1,1575.0,1572.1,1575.0,5748
2024-06-11 12:55:00,1575.0,1577.4,1572.65,1572.95,5104
2024-06-11 12:56:00,1572.5,1573.4,1571.05,1573.1,4156
2024-06-11 12:57:00,1573.2,1576.1,1572.95,1574.95,5239
2024-06-11 12:58:00,1574.95,1575.15,1573.55,1574.05,1637
2024-06-11 12:59:00,1574.05,1574.9,1573.3,1574.35,307
2024-06-11 13:00:00,1574.35,1574.35,1572.8,1573.95,609
2024-06-11 13:01:00,1573.95,1575.5,1573.95,1575.5,2030
2024-06-11 13:02:00,1575.5,1576.5,1575.45,1576.35,413
2024-06-11 13:03:00,1576.4,1576.5,1575.45,1576.1,480
2024-06-11 13:04:00,1576.1,1576.1,1575.55,1575.8,579
2024-06-11 13:05:00,1575.8,1576.0,1575.5,1576.0,1494
2024-06-11 13:06:00,1576.0,1576.95,1576.0,1576.2,993
2024-06-11 13:07:00,1576.2,1576.2,1575.5,1575.85,1053
2024-06-11 13:08:00,1575.2,1576.95,1575.2,1575.4,867
2024-06-11 13:09:00,1575.4,1576.45,1574.5,1574.5,692
2024-06-11 13:10:00,1574.5,1575.75,1573.45,1573.7,1082
2024-06-11 13:11:00,1573.7,1574.55,1573.5,1574.15,364
2024-06-11 13:12:00,1574.15,1574.5,1572.7,1572.7,466
2024-06-11 13:13:00,1573.05,1573.75,1572.25,1573.45,557
2024-06-11 13:14:00,1573.45,1573.55,1571.05,1571.4,1468
2024-06-11 13:15:00,1572.1,1572.55,1571.2,1571.6,873
2024-06-11 13:16:00,1571.6,1572.4,1571.45,1572.4,609
2024-06-11 13:17:00,1572.25,1573.1,1571.85,1572.9,825
2024-06-11 13:18:00,1572.9,1573.05,1570.65,1571.5,759
2024-06-11 13:19:00,1571.1,1572.3,1570.85,1572.3,2241
2024-06-11 13:20:00,1572.5,1572.5,1570.15,1570.15,1760
2024-06-11 13:21:00,1570.15,1571.05,1569.85,1570.35,5715
2024-06-11 13:22:00,1570.5,1571.6,1570.0,1570.0,1804
2024-06-11 13:23:00,1570.1,1570.6,1569.95,1570.15,3515
2024-06-11 13:24:00,1570.15,1573.7,1570.15,1572.1,5194
2024-06-11 13:25:00,1572.1,1572.85,1571.25,1572.8,1303
2024-06-11 13:26:00,1572.85,1573.7,1571.7,1572.5,4015
2024-06-11 13:27:00,1572.5,1572.55,1569.9,1571.1,992
2024-06-11 13:28:00,1571.7,1573.5,1571.25,1573.5,494
2024-06-11 13:29:00,1573.3,1573.45,1570.6,1570.95,898
2024-06-11 13:30:00,1570.95,1572.6,1570.5,1572.5,321
2024-06-11 13:31:00,1572.5,1573.4,1572.2,1572.6,749
2024-06-11 13:32:00,1572.6,1573.35,1570.8,1571.3,2587
2024-06-11 13:33:00,1571.4,1572.5,1570.3,1572.35,6766
2024-06-11 13:34:00,1572.35,1573.95,1570.85,1573.95,14481
2024-06-11 13:35:00,1573.9,1575.6,1572.4,1572.85,7769
2024-06-11 13:36:00,1572.85,1573.45,1572.0,1572.7,712
2024-06-11 13:37:00,1572.7,1572.85,1571.25,1571.45,2936
2024-06-11 13:38:00,1572.35,1573.05,1571.55,1573.0,700
2024-06-11 13:39:00,1573.0,1573.1,1571.15,1572.95,2734
2024-06-11 13:40:00,1573.0,1573.15,1571.7,1572.05,6859
2024-06-11 13:41:00,1572.7,1573.45,1572.1,1572.8,6248
2024-06-11 13:42:00,1572.8,1573.4,1572.05,1572.9,1876
2024-06-11 13:43:00,1572.45,1572.75,1571.0,1571.0,651
2024-06-11 13:44:00,1571.5,1571.5,1570.65,1571.4,1178
2024-06-11 13:45:00,1571.35,1572.6,1571.0,1571.1,3051
2024-06-11 13:46:00,1571.05,1571.4,1570.0,1570.0,3402
2024-06-11 13:47:00,1570.25,1571.05,1570.0,1570.7,3670
2024-06-11 13:48:00,1570.75,1573.5,1570.75,1573.25,3383
2024-06-11 13:49:00,1573.25,1574.0,1570.8,1572.35,10641
2024-06-11 13:50:00,1572.35,1572.95,1570.25,1570.25,8210
2024-06-11 13:51:00,1570.55,1571.6,1569.55,1571.05,6610
2024-06-11 13:52:00,1571.15,1572.9,1570.6,1572.4,3927
2024-06-11 13:53:00,1572.65,1573.35,1571.55,1573.3,1742
2024-06-11 13:54:00,1573.05,1574.0,1572.05,1573.8,1730
2024-06-11 13:55:00,1573.75,1573.85,1571.5,1571.5,2316
2024-06-11 13:56:00,1571.5,1572.3,1570.6,1570.95,697
2024-06-11 13:57:00,1570.95,1572.0,1570.55,1572.0,581
2024-06-11 13:58:00,1572.0,1573.5,1571.65,1572.75,828
2024-06-11 13:59:00,1572.75,1573.6,1572.05,1572.8,970
2024-06-11 14:00:00,1572.8,1572.8,1571.5,1571.8,3227
2024-06-11 14:01:00,1571.85,1572.95,1571.25,1572.2,4062
2024-06-11 14:02:00,1572.1,1572.25,1568.0,1570.0,23564
2024-06-11 14:03:00,1570.0,1570.9,1569.4,1570.05,8151
2024-06-11 14:04:00,1570.05,1571.75,1569.95,1571.0,1788
2024-06-11 14:05:00,1571.05,1573.0,1571.05,1572.15,1785
2024-06-11 14:06:00,1571.05,1571.8,1570.2,1571.35,1052
2024-06-11 14:07:00,1571.35,1572.45,1570.75,1570.85,3596
2024-06-11 14:08:00,1570.7,1571.7,1570.1,1570.1,1521
2024-06-11 14:09:00,1570.1,1571.7,1569.55,1570.05,3550
2024-06-11 14:10:00,1570.2,1570.9,1569.6,1570.0,3371
2024-06-11 14:11:00,1570.0,1570.8,1568.15,1568.55,3434
2024-06-11 14:12:00,1568.8,1569.05,1567.0,1567.55,1629
2024-06-11 14:13:00,1567.55,1568.7,1567.55,1568.7,1311
2024-06-11 14:14:00,1568.4,1569.9,1568.4,1569.5,3604
2024-06-11 14:15:00,1569.5,1570.0,1568.8,1569.5,1445
2024-06-11 14:16:00,1569.5,1569.95,1569.15,1569.8,4829
2024-06-11 14:17:00,1569.8,1570.0,1569.3,1569.9,9772
2024-06-11 14:18:00,1569.9,1570.3,1568.95,1570.0,12485
2024-06-11 14:19:00,1570.0,1571.9,1569.9,1570.0,15510
2024-06-11 14:20:00,1570.4,1570.95,1569.45,1570.25,2276
2024-06-11 14:21:00,1570.25,1571.75,1569.9,1571.55,1251
2024-06-11 14:22:00,1571.35,1572.0,1570.45,1571.95,2305
2024-06-11 14:23:00,1571.4,1571.75,1570.05,1570.95,12300
2024-06-11 14:24:00,1570.25,1571.7,1570.0,1570.05,1077
2024-06-11 14:25:00,1570.4,1571.0,1569.6,1570.55,825
2024-06-11 14:26:00,1570.55,1571.6,1570.2,1571.25,1724
2024-06-11 14:27:00,1571.3,1574.35,1571.2,1573.25,5187
2024-06-11 14:28:00,1573.25,1573.4,1571.3,1572.25,2103
2024-06-11 14:29:00,1572.25,1573.0,1571.5,1572.95,503
2024-06-11 14:30:00,1572.95,1573.15,1571.5,1571.85,1467
2024-06-11 14:31:00,1571.85,1572.9,1571.5,1572.65,1322
2024-06-11 14:32:00,1572.65,1572.65,1570.5,1571.45,2086
2024-06-11 14:33:00,1571.45,1572.1,1570.45,1571.35,2101
2024-06-11 14:34:00,1571.35,1571.4,1570.05,1570.4,1767
2024-06-11 14:35:00,1570.4,1570.95,1569.75,1570.8,4490
2024-06-11 14:36:00,1571.0,1572.05,1570.0,1571.05,3936
2024-06-11 14:37:00,1571.55,1571.95,1570.15,1570.45,1094
2024-06-11 14:38:00,1570.3,1570.95,1570.0,1570.55,2999
2024-06-11 14:39:00,1570.55,1572.4,1570.55,1571.8,6898
2024-06-11 14:40:00,1571.15,1572.1,1570.0,1570.35,7404
2024-06-11 14:41:00,1570.2,1571.45,1569.55,1570.0,6046
2024-06-11 14:42:00,1570.0,1570.5,1569.6,1570.25,3352
2024-06-11 14:43:00,1570.05,1571.2,1569.6,1569.65,1383
2024-06-11 14:44:00,1570.25,1570.7,1569.65,1570.25,3036
2024-06-11 14:45:00,1570.25,1570.25,1569.55,1570.0,3854
2024-06-11 14:46:00,1570.0,1570.25,1569.6,1570.0,10441
2024-06-11 14:47:00,1570.05,1570.05,1567.8,1569.1,10749
2024-06-11 14:48:00,1568.25,1569.7,1567.65,1568.7,6268
2024-06-11 14:49:00,1568.4,1569.35,1567.85,1568.3,2108
2024-06-11 14:50:00,1568.3,1568.6,1567.4,1568.2,4315
2024-06-11 14:51:00,1568.2,1570.0,1568.1,1569.6,2295
2024-06-11 14:52:00,1569.6,1570.0,1569.6,1569.95,3898
2024-06-11 14:53:00,1569.95,1570.05,1568.6,1569.95,33135
2024-06-11 14:54:00,1569.95,1570.95,1569.95,1570.85,7274
2024-06-11 14:55:00,1570.85,1570.95,1569.95,1569.95,1678
2024-06-11 14:56:00,1570.1,1571.0,1569.95,1570.2,3422
2024-06-11 14:57:00,1570.55,1571.0,1569.95,1570.15,2531
2024-06-11 14:58:00,1570.0,1570.9,1570.0,1570.2,2709
2024-06-11 14:59:00,1570.2,1570.8,1570.0,1570.05,3093
2024-06-11 15:00:00,1570.0,1571.0,1570.0,1570.75,10369
2024-06-11 15:01:00,1570.7,1570.95,1569.7,1570.25,10634
2024-06-11 15:02:00,1570.05,1570.7,1569.55,1570.15,19904
2024-06-11 15:03:00,1570.35,1571.85,1568.65,1569.35,18505
2024-06-11 15:04:00,1569.35,1569.8,1565.45,1567.45,16344
2024-06-11 15:05:00,1566.25,1568.55,1564.85,1568.0,10137
2024-06-11 15:06:00,1568.0,1568.95,1567.25,1568.5,4811
2024-06-11 15:07:00,1568.55,1569.1,1567.0,1567.0,6583
2024-06-11 15:08:00,1567.35,1568.0,1566.2,1566.85,8163
2024-06-11 15:09:00,1566.1,1569.2,1566.1,1568.65,10888
2024-06-11 15:10:00,1568.3,1568.6,1567.15,1568.1,4966
2024-06-11 15:11:00,1568.1,1568.35,1566.95,1567.05,4806
2024-06-11 15:12:00,1567.75,1568.3,1564.55,1565.7,10382
2024-06-11 15:13:00,1565.3,1569.95,1565.3,1567.95,12551
2024-06-11 15:14:00,1567.95,1569.55,1567.6,1569.15,6341
2024-06-11 15:15:00,1568.85,1569.15,1567.7,1568.85,7660
2024-06-11 15:16:00,1568.85,1569.1,1565.1,1566.9,15723
2024-06-11 15:17:00,1566.95,1568.5,1566.05,1567.45,5875
2024-06-11 15:18:00,1567.45,1567.95,1566.4,1567.4,8401
2024-06-11 15:19:00,1567.4,1568.3,1566.5,1567.55,5980
2024-06-11 15:20:00,1567.45,1568.5,1566.8,1567.05,5858
2024-06-11 15:21:00,1567.05,1568.05,1566.4,1567.5,4911
2024-06-11 15:22:00,1566.55,1568.25,1566.25,1568.25,3271
2024-06-11 15:23:00,1568.25,1568.45,1568.05,1568.4,3630
2024-06-11 15:24:00,1568.35,1568.45,1567.4,1568.45,5916
2024-06-11 15:25:00,1568.35,1570.0,1567.95,1569.9,5913
2024-06-11 15:26:00,1569.9,1570.0,1568.75,1569.9,3687
2024-06-11 15:27:00,1569.9,1570.0,1568.55,1569.9,10393
2024-06-11 15:28:00,1568.3,1570.0,1568.0,1569.0,3474
2024-06-11 15:29:00,1569.0,1569.95,1568.15,1569.95,2275
2024-06-12 09:15:00,1568.0,1573.9,1566.3,1572.4,6625
2024-06-12 09:16:00,1572.0,1573.0,1568.75,1571.5,2325
2024-06-12 09:17:00,1571.5,1573.0,1570.05,1570.6,2083
2024-06-12 09:18:00,1570.6,1571.25,1568.7,1569.45,3114
2024-06-12 09:19:00,1569.45,1569.65,1566.0,1566.9,3006
2024-06-12 09:20:00,1566.9,1567.8,1566.15,1567.15,2268
2024-06-12 09:21:00,1567.0,1567.5,1564.85,1565.0,60549
2024-06-12 09:22:00,1565.0,1567.0,1564.65,1566.8,25015
2024-06-12 09:23:00,1567.15,1567.5,1566.7,1567.5,1530
2024-06-12 09:24:00,1567.5,1567.95,1566.2,1567.45,2620
2024-06-12 09:25:00,1567.65,1568.0,1566.15,1566.9,2437
2024-06-12 09:26:00,1566.5,1567.45,1566.2,1567.45,1516
2024-06-12 09:27:00,1566.85,1567.95,1566.85,1567.6,993
2024-06-12 09:28:00,1567.65,1567.65,1565.55,1566.55,1911
2024-06-12 09:29:00,1566.55,1566.8,1564.85,1566.8,47168
2024-06-12 09:30:00,1566.8,1566.8,1565.0,1566.0,8947
2024-06-12 09:31:00,1564.5,1565.1,1564.2,1565.0,6861
2024-06-12 09:32:00,1565.0,1566.05,1564.45,1565.0,1740
2024-06-12 09:33:00,1565.0,1565.75,1564.4,1564.95,3005
2024-06-12 09:34:00,1564.95,1566.5,1564.1,1564.3,1277
2024-06-12 09:35:00,1564.6,1565.35,1563.0,1565.35,2120
2024-06-12 09:36:00,1565.35,1565.35,1563.95,1564.6,3544
2024-06-12 09:37:00,1564.55,1565.3,1564.55,1565.3,438
2024-06-12 09:38:00,1565.3,1565.3,1565.0,1565.25,1049
2024-06-12 09:39:00,1565.25,1565.3,1565.0,1565.25,492
2024-06-12 09:40:00,1565.25,1565.3,1564.05,1565.3,3278
2024-06-12 09:41:00,1565.3,1565.7,1565.0,1565.4,1173
2024-06-12 09:42:00,1565.4,1567.9,1565.3,1565.7,3630
2024-06-12 09:43:00,1565.65,1566.0,1565.0,1565.75,7943
2024-06-12 09:44:00,1565.75,1566.25,1565.2,1566.25,2459
2024-06-12 09:45:00,1566.25,1566.4,1565.0,1565.6,7726
2024-06-12 09:46:00,1565.95,1566.95,1565.55,1566.5,1341
2024-06-12 09:47:00,1566.5,1566.85,1566.05,1566.8,770
2024-06-12 09:48:00,1566.85,1567.1,1566.4,1567.05,557
2024-06-12 09:49:00,1567.05,1567.1,1566.0,1567.1,2148
2024-06-12 09:50:00,1567.1,1569.4,1566.4,1567.95,9818
2024-06-12 09:51:00,1569.25,1569.4,1568.3,1569.0,2834
2024-06-12 09:52:00,1569.4,1571.0,1569.25,1571.0,4450
2024-06-12 09:53:00,1571.0,1572.0,1570.8,1571.7,1792
2024-06-12 09:54:00,1572.2,1572.7,1562.0,1567.9,340620
2024-06-12 09:55:00,1567.65,1569.45,1566.35,1569.0,6969
2024-06-12 09:56:00,1569.0,1570.45,1569.0,1569.3,4334
2024-06-12 09:57:00,1569.7,1571.75,1569.3,1569.7,3193
2024-06-12 09:58:00,1569.7,1569.95,1568.75,1569.0,6146
2024-06-12 09:59:00,1569.0,1569.8,1567.6,1568.6,15315
2024-06-12 10:00:00,1568.6,1569.3,1567.0,1569.05,207216
2024-06-12 10:01:00,1569.4,1572.0,1569.4,1572.0,12105
2024-06-12 10:02:00,1572.0,1575.0,1572.0,1575.0,7389
2024-06-12 10:03:00,1575.0,1576.0,1574.1,1575.8,8664
2024-06-12 10:04:00,1575.8,1576.9,1575.5,1575.7,10424
2024-06-12 10:05:00,1575.2,1575.95,1574.1,1575.0,5047
2024-06-12 10:06:00,1574.65,1574.85,1573.0,1573.55,1607
2024-06-12 10:07:00,1573.6,1575.0,1572.6,1574.7,2408
2024-06-12 10:08:00,1574.7,1577.15,1574.7,1576.95,7070
2024-06-12 10:09:00,1576.95,1577.95,1576.4,1577.95,2597
2024-06-12 10:10:00,1577.95,1578.45,1576.55,1577.65,4825
2024-06-12 10:11:00,1577.45,1577.45,1575.8,1576.5,2400
2024-06-12 10:12:00,1576.5,1577.9,1576.5,1577.15,2285
2024-06-12 10:13:00,1577.15,1578.0,1576.7,1578.0,1802
2024-06-12 10:14:00,1578.0,1578.45,1576.85,1578.4,3397
2024-06-12 10:15:00,1578.4,1579.9,1577.8,1579.9,3524
2024-06-12 10:16:00,1579.9,1580.5,1579.0,1580.5,9736
2024-06-12 10:17:00,1580.2,1581.35,1580.2,1581.35,2375
2024-06-12 10:18:00,1581.05,1581.3,1580.15,1581.0,1737
2024-06-12 10:19:00,1581.2,1581.35,1580.0,1580.7,3137
2024-06-12 10:20:00,1580.65,1580.65,1579.0,1579.8,2401
2024-06-12 10:21:00,1579.8,1579.8,1578.7,1579.0,1741
2024-06-12 10:22:00,1579.25,1581.3,1578.4,1581.3,4141
2024-06-12 10:23:00,1581.3,1583.95,1580.05,1582.1,8873
2024-06-12 10:24:00,1582.85,1583.4,1581.6,1583.4,1335
2024-06-12 10:25:00,1583.4,1583.8,1582.45,1583.3,4859
2024-06-12 10:26:00,1582.6,1583.55,1582.35,1583.55,3433
2024-06-12 10:27:00,1583.55,1584.8,1583.55,1584.0,6706
2024-06-12 10:28:00,1584.4,1584.45,1583.75,1584.1,3312
2024-06-12 10:29:00,1584.1,1584.35,1583.35,1583.6,1915
2024-06-12 10:30:00,1584.0,1584.1,1583.55,1584.0,1786
2024-06-12 10:31:00,1584.0,1584.05,1583.0,1583.95,3468
2024-06-12 10:32:00,1583.95,1583.95,1582.0,1582.65,8540
2024-06-12 10:33:00,1582.25,1583.45,1582.0,1583.3,1962
2024-06-12 10:34:00,1583.3,1583.4,1582.0,1582.95,2757
2024-06-12 10:35:00,1582.7,1583.45,1582.5,1583.2,1923
2024-06-12 10:36:00,1583.3,1583.5,1582.95,1583.0,1795
2024-06-12 10:37:00,1583.0,1583.0,1581.1,1581.5,8198
2024-06-12 10:38:00,1581.5,1581.5,1579.25,1580.0,10703
2024-06-12 10:39:00,1580.0,1580.65,1578.75,1580.0,5838
2024-06-12 10:40:00,1580.0,1580.0,1579.0,1579.6,1565
2024-06-12 10:41:00,1579.05,1580.5,1578.4,1580.5,6649
2024-06-12 10:42:00,1580.4,1580.75,1580.0,1580.0,11493
2024-06-12 10:43:00,1580.0,1580.95,1579.95,1580.6,5366
2024-06-12 10:44:00,1580.65,1581.5,1580.65,1581.5,5917
2024-06-12 10:45:00,1581.5,1581.5,1580.65,1580.65,4895
2024-06-12 10:46:00,1580.85,1580.95,1580.45,1580.95,3998
2024-06-12 10:47:00,1580.95,1581.25,1580.05,1580.6,2412
2024-06-12 10:48:00,1580.6,1580.95,1580.5,1580.95,2119
2024-06-12 10:49:00,1580.95,1580.95,1579.8,1580.55,4019
2024-06-12 10:50:00,1580.5,1580.95,1580.0,1580.95,2138
2024-06-12 10:51:00,1580.95,1581.6,1580.8,1581.6,1831
2024-06-12 10:52:00,1581.7,1581.7,1580.95,1581.0,1487
2024-06-12 10:53:00,1581.0,1581.0,1580.25,1581.0,1890
2024-06-12 10:54:00,1581.0,1581.0,1580.6,1580.95,1115
2024-06-12 10:55:00,1580.85,1581.95,1580.4,1581.95,1881
2024-06-12 10:56:00,1582.0,1583.5,1581.6,1582.95,8775
2024-06-12 10:57:00,1582.95,1583.95,1582.9,1583.95,6988
2024-06-12 10:58:00,1583.7,1583.9,1582.5,1582.95,1642
2024-06-12 10:59:00,1582.95,1583.0,1581.15,1582.0,1466
2024-06-12 11:00:00,1582.0,1582.0,1581.6,1582.0,1452
2024-06-12 11:01:00,1582.0,1582.0,1580.2,1580.95,3474
2024-06-12 11:02:00,1580.95,1580.95,1579.05,1579.95,2414
2024-06-12 11:03:00,1580.0,1580.0,1578.65,1579.8,1301
2024-06-12 11:04:00,1579.8,1580.5,1579.2,1580.5,2212
2024-06-12 11:05:00,1580.5,1580.95,1580.45,1580.95,9335
2024-06-12 11:06:00,1580.95,1581.35,1580.6,1580.95,1569
2024-06-12 11:07:00,1580.95,1581.8,1580.7,1581.8,769
2024-06-12 11:08:00,1581.75,1582.35,1581.35,1582.25,1483
2024-06-12 11:09:00,1582.25,1582.35,1581.75,1581.95,1387
2024-06-12 11:10:00,1581.95,1581.95,1580.8,1581.1,1294
2024-06-12 11:11:00,1581.0,1582.0,1581.0,1582.0,5291
2024-06-12 11:12:00,1582.0,1583.0,1581.65,1582.95,2985
2024-06-12 11:13:00,1582.0,1582.0,1581.2,1581.5,1828
2024-06-12 11:14:00,1581.5,1581.5,1580.35,1581.0,1345
2024-06-12 11:15:00,1581.0,1581.0,1580.0,1580.95,1415
2024-06-12 11:16:00,1580.9,1581.0,1579.3,1580.0,3270
2024-06-12 11:17:00,1580.0,1580.0,1578.0,1578.0,1346
2024-06-12 11:18:00,1578.4,1578.75,1577.4,1578.7,1808
2024-06-12 11:19:00,1578.7,1579.55,1577.9,1577.9,461
2024-06-12 11:20:00,1577.9,1579.3,1576.8,1579.25,2304
2024-06-12 11:21:00,1579.25,1580.65,1578.7,1580.5,1519
2024-06-12 11:22:00,1580.5,1581.65,1580.5,1581.65,3123
2024-06-12 11:23:00,1581.65,1582.0,1581.0,1582.0,1219
2024-06-12 11:24:00,1581.8,1582.65,1581.8,1582.55,578
2024-06-12 11:25:00,1582.55,1582.55,1582.0,1582.4,650
2024-06-12 11:26:00,1582.4,1582.4,1580.45,1581.05,1118
2024-06-12 11:27:00,1581.05,1581.35,1579.5,1579.5,557
2024-06-12 11:28:00,1579.5,1579.95,1577.9,1579.65,2373
2024-06-12 11:29:00,1579.65,1580.0,1578.05,1579.35,1239
2024-06-12 11:30:00,1579.35,1579.95,1577.05,1577.9,1279
2024-06-12 11:31:00,1577.9,1578.15,1577.25,1578.15,923
2024-06-12 11:32:00,1578.15,1578.95,1578.05,1578.95,584
2024-06-12 11:33:00,1578.95,1579.5,1578.35,1579.4,266
2024-06-12 11:34:00,1579.4,1579.4,1578.0,1578.45,548
2024-06-12 11:35:00,1578.45,1578.55,1577.85,1578.55,395
2024-06-12 11:36:00,1579.0,1579.15,1578.25,1579.05,579
2024-06-12 11:37:00,1579.05,1579.05,1578.0,1578.65,444
2024-06-12 11:38:00,1578.65,1578.65,1577.6,1578.65,783
2024-06-12 11:39:00,1578.65,1578.8,1577.5,1578.5,830
2024-06-12 11:40:00,1578.5,1580.6,1578.2,1580.45,2162
2024-06-12 11:41:00,1580.45,1580.45,1579.0,1579.75,2401
2024-06-12 11:42:00,1579.75,1579.85,1579.0,1579.25,329
2024-06-12 11:43:00,1579.05,1580.6,1578.8,1580.6,730
2024-06-12 11:44:00,1580.6,1581.35,1580.4,1581.2,1354
2024-06-12 11:45:00,1581.2,1582.65,1580.25,1582.65,22371
2024-06-12 11:46:00,1582.65,1584.0,1582.35,1583.8,9759
2024-06-12 11:47:00,1583.8,1585.0,1583.55,1583.85,10418
2024-06-12 11:48:00,1583.85,1585.0,1583.15,1585.0,2831
2024-06-12 11:49:00,1585.0,1586.0,1584.3,1586.0,8567
2024-06-12 11:50:00,1586.0,1586.9,1585.0,1585.6,7862
2024-06-12 11:51:00,1585.85,1586.45,1584.6,1585.0,3758
2024-06-12 11:52:00,1585.0,1586.85,1584.6,1586.6,2312
2024-06-12 11:53:00,1586.6,1587.0,1586.5,1587.0,3334
2024-06-12 11:54:00,1587.0,1588.0,1586.95,1587.7,5064
2024-06-12 11:55:00,1587.7,1588.6,1587.7,1588.6,3219
2024-06-12 11:56:00,1588.6,1589.0,1587.85,1588.95,3904
2024-06-12 11:57:00,1589.0,1589.5,1588.7,1589.15,2412
2024-06-12 11:58:00,1589.15,1589.55,1588.55,1589.55,2257
2024-06-12 11:59:00,1589.15,1589.55,1588.8,1589.5,2011
2024-06-12 12:00:00,1589.5,1589.5,1586.95,1587.75,1843
2024-06-12 12:01:00,1587.65,1588.0,1586.2,1587.9,2152
2024-06-12 12:02:00,1587.9,1588.0,1586.2,1587.15,1801
2024-06-12 12:03:00,1587.0,1590.0,1586.35,1590.0,8505
2024-06-12 12:04:00,1591.0,1591.6,1590.35,1591.6,28481
2024-06-12 12:05:00,1591.6,1593.75,1591.3,1592.6,12596
2024-06-12 12:06:00,1592.7,1593.4,1591.45,1591.45,8310
2024-06-12 12:07:00,1591.45,1592.8,1591.25,1592.3,2894
2024-06-12 12:08:00,1592.5,1592.5,1589.85,1590.05,6237
2024-06-12 12:09:00,1590.7,1590.9,1588.4,1589.0,40450
2024-06-12 12:10:00,1589.0,1590.0,1588.6,1589.75,1557
2024-06-12 12:11:00,1589.8,1591.0,1589.5,1590.9,1431
2024-06-12 12:12:00,1590.95,1591.0,1590.3,1590.95,1671
2024-06-12 12:13:00,1590.95,1592.0,1589.8,1592.0,3162
2024-06-12 12:14:00,1592.0,1592.0,1590.6,1590.85,1165
2024-06-12 12:15:00,1591.0,1591.85,1590.65,1591.45,1353
2024-06-12 12:16:00,1591.45,1591.45,1590.5,1590.75,1505
2024-06-12 12:17:00,1590.9,1591.0,1590.4,1591.0,1003
2024-06-12 12:18:00,1590.25,1591.0,1590.25,1591.0,1714
2024-06-12 12:19:00,1591.0,1591.0,1589.5,1589.9,1933
2024-06-12 12:20:00,1589.9,1590.85,1589.3,1590.85,11683
2024-06-12 12:21:00,1590.85,1590.85,1589.0,1590.5,1851
2024-06-12 12:22:00,1590.5,1591.0,1590.0,1590.95,1401
2024-06-12 12:23:00,1591.0,1591.5,1590.25,1591.4,1216
2024-06-12 12:24:00,1591.45,1591.7,1590.05,1591.0,1270
2024-06-12 12:25:00,1591.0,1592.0,1590.45,1591.5,2360
2024-06-12 12:26:00,1591.95,1592.0,1591.3,1591.3,1400
2024-06-12 12:27:00,1592.0,1592.4,1591.4,1592.0,1469
2024-06-12 12:28:00,1592.15,1592.8,1589.95,1589.95,18483
2024-06-12 12:29:00,1589.95,1591.0,1589.75,1590.0,3058
2024-06-12 12:30:00,1590.0,1590.3,1589.05,1590.0,1518
2024-06-12 12:31:00,1590.0,1590.0,1588.05,1589.05,1899
2024-06-12 12:32:00,1589.05,1589.05,1588.0,1588.7,1133
2024-06-12 12:33:00,1588.7,1589.05,1588.7,1589.05,1460
2024-06-12 12:34:00,1589.05,1589.05,1588.15,1589.05,1321
2024-06-12 12:35:00,1589.05,1589.4,1588.7,1589.0,1205
2024-06-12 12:36:00,1589.0,1589.75,1588.5,1589.25,2010
2024-06-12 12:37:00,1589.25,1590.0,1588.95,1589.65,1594
2024-06-12 12:38:00,1589.65,1590.0,1589.5,1590.0,1921
2024-06-12 12:39:00,1590.0,1590.5,1590.0,1590.5,1863
2024-06-12 12:40:00,1590.5,1590.5,1589.2,1589.25,1718
2024-06-12 12:41:00,1590.0,1590.0,1588.85,1590.0,1086
2024-06-12 12:42:00,1590.0,1590.0,1588.1,1588.95,2111
2024-06-12 12:43:00,1589.0,1589.7,1588.55,1589.1,400
2024-06-12 12:44:00,1589.4,1589.4,1588.35,1589.1,960
2024-06-12 12:45:00,1589.1,1589.15,1586.25,1586.75,1614
2024-06-12 12:46:00,1587.4,1588.4,1586.65,1588.15,1179
2024-06-12 12:47:00,1588.15,1588.4,1587.3,1588.3,834
2024-06-12 12:48:00,1588.3,1588.3,1587.3,1587.95,589
2024-06-12 12:49:00,1587.95,1588.15,1587.0,1587.3,2018
2024-06-12 12:50:00,1587.8,1588.0,1586.75,1586.95,1124
2024-06-12 12:51:00,1587.5,1587.85,1586.45,1586.95,1035
2024-06-12 12:52:00,1586.95,1587.15,1586.1,1587.0,936
2024-06-12 12:53:00,1586.75,1587.7,1586.3,1587.1,807
2024-06-12 12:54:00,1587.1,1587.4,1586.35,1586.65,452
2024-06-12 12:55:00,1586.65,1587.0,1586.0,1586.0,3693
2024-06-12 12:56:00,1586.65,1586.65,1584.85,1586.0,2466
2024-06-12 12:57:00,1586.0,1586.0,1585.5,1585.85,6134
2024-06-12 12:58:00,1585.85,1587.85,1585.25,1587.75,1793
2024-06-12 12:59:00,1587.75,1587.95,1587.4,1587.95,806
2024-06-12 13:00:00,1588.0,1588.0,1587.25,1587.9,364
2024-06-12 13:01:00,1587.9,1587.9,1586.5,1587.45,376
2024-06-12 13:02:00,1587.45,1587.7,1586.2,1587.7,1189
2024-06-12 13:03:00,1587.55,1587.7,1586.85,1587.7,529
2024-06-12 13:04:00,1587.7,1588.5,1587.35,1588.5,1796
2024-06-12 13:05:00,1588.5,1588.55,1587.85,1588.45,1229
2024-06-12 13:06:00,1588.45,1588.45,1587.85,1588.35,354
2024-06-12 13:07:00,1588.35,1588.45,1587.1,1587.9,399
2024-06-12 13:08:00,1587.2,1587.9,1586.95,1587.9,388
2024-06-12 13:09:00,1588.0,1588.0,1587.1,1587.9,824
2024-06-12 13:10:00,1587.9,1588.0,1587.2,1588.0,460
2024-06-12 13:11:00,1587.95,1588.0,1587.35,1587.95,292
2024-06-12 13:12:00,1587.95,1588.3,1587.05,1588.3,173
2024-06-12 13:13:00,1588.3,1588.3,1586.85,1586.85,1937
2024-06-12 13:14:00,1586.85,1587.6,1586.6,1587.0,468
2024-06-12 13:15:00,1587.0,1587.55,1586.35,1587.55,748
2024-06-12 13:16:00,1587.15,1587.55,1586.55,1587.45,419
2024-06-12 13:17:00,1587.45,1587.65,1586.55,1587.0,414
2024-06-12 13:18:00,1587.65,1587.65,1586.5,1587.35,318
2024-06-12 13:19:00,1587.4,1587.55,1586.65,1587.25,358
2024-06-12 13:20:00,1587.45,1587.45,1586.5,1586.95,614
2024-06-12 13:21:00,1586.95,1587.4,1586.45,1587.35,601
2024-06-12 13:22:00,1587.35,1587.4,1585.9,1586.4,1491
2024-06-12 13:23:00,1586.4,1586.65,1585.25,1586.0,1853
2024-06-12 13:24:00,1586.0,1586.45,1585.45,1586.45,1546
2024-06-12 13:25:00,1586.45,1586.6,1585.2,1585.9,675
2024-06-12 13:26:00,1586.1,1586.25,1585.55,1586.2,681
2024-06-12 13:27:00,1585.65,1586.2,1585.1,1585.1,398
2024-06-12 13:28:00,1585.75,1586.05,1584.9,1586.0,1088
2024-06-12 13:29:00,1586.0,1586.2,1585.35,1585.35,149
2024-06-12 13:30:00,1585.8,1586.05,1585.15,1585.45,516
2024-06-12 13:31:00,1585.75,1586.8,1585.1,1586.8,718
2024-06-12 13:32:00,1586.8,1587.0,1586.0,1586.7,1398
2024-06-12 13:33:00,1586.9,1586.9,1586.2,1586.75,913
2024-06-12 13:34:00,1586.9,1587.0,1586.25,1586.9,523
2024-06-12 13:35:00,1587.0,1587.0,1586.45,1586.95,310
2024-06-12 13:36:00,1587.0,1587.4,1586.75,1587.05,913
2024-06-12 13:37:00,1587.3,1587.35,1586.55,1587.35,629
2024-06-12 13:38:00,1586.75,1587.3,1586.15,1586.5,2261
2024-06-12 13:39:00,1586.5,1586.85,1586.05,1586.65,504
2024-06-12 13:40:00,1586.65,1586.85,1586.0,1586.25,399
2024-06-12 13:41:00,1586.25,1586.9,1586.05,1586.65,670
2024-06-12 13:42:00,1586.75,1587.0,1586.3,1586.85,800
2024-06-12 13:43:00,1586.85,1587.15,1585.6,1586.0,4321
2024-06-12 13:44:00,1586.0,1586.2,1584.65,1586.15,5594
2024-06-12 13:45:00,1586.05,1586.95,1585.55,1586.95,543
2024-06-12 13:46:00,1586.95,1587.05,1586.4,1587.05,269
2024-06-12 13:47:00,1587.05,1587.3,1586.05,1586.05,376
2024-06-12 13:48:00,1586.85,1586.85,1585.75,1586.85,660
2024-06-12 13:49:00,1586.5,1586.85,1585.4,1585.8,486
2024-06-12 13:50:00,1586.6,1586.65,1584.0,1584.95,730
2024-06-12 13:51:00,1584.0,1585.35,1582.3,1585.25,4560
2024-06-12 13:52:00,1585.05,1585.55,1584.4,1584.6,632
2024-06-12 13:53:00,1584.6,1584.95,1583.0,1584.3,879
2024-06-12 13:54:00,1584.3,1584.45,1583.0,1583.95,735
2024-06-12 13:55:00,1583.95,1584.05,1583.0,1583.9,990
2024-06-12 13:56:00,1583.9,1584.0,1582.65,1584.0,1318
2024-06-12 13:57:00,1584.0,1584.5,1583.2,1583.85,850
2024-06-12 13:58:00,1583.6,1583.6,1582.55,1583.3,501
2024-06-12 13:59:00,1583.3,1583.35,1581.95,1582.5,1186
2024-06-12 14:00:00,1582.45,1582.55,1582.0,1582.5,871
2024-06-12 14:01:00,1582.5,1583.95,1582.3,1583.95,644
2024-06-12 14:02:00,1583.6,1583.95,1583.05,1583.95,441
2024-06-12 14:03:00,1584.0,1584.0,1582.15,1582.65,2129
2024-06-12 14:04:00,1582.65,1583.2,1582.15,1582.7,818
2024-06-12 14:05:00,1583.05,1583.35,1582.15,1582.9,608
2024-06-12 14:06:00,1581.7,1582.7,1581.0,1581.85,1601
2024-06-12 14:07:00,1581.85,1582.15,1581.3,1582.05,627
2024-06-12 14:08:00,1582.05,1582.05,1580.35,1581.4,591
2024-06-12 14:09:00,1581.35,1581.95,1580.0,1580.85,2027
2024-06-12 14:10:00,1580.5,1581.75,1580.5,1581.3,675
2024-06-12 14:11:00,1581.2,1581.45,1578.7,1580.4,3541
2024-06-12 14:12:00,1580.4,1581.3,1579.85,1581.3,344
2024-06-12 14:13:00,1581.3,1581.55,1580.35,1580.8,685
2024-06-12 14:14:00,1580.85,1580.85,1580.0,1580.65,850
2024-06-12 14:15:00,1580.6,1580.65,1579.05,1580.05,2897
2024-06-12 14:16:00,1579.55,1580.0,1578.25,1578.85,1214
2024-06-12 14:17:00,1578.85,1579.95,1578.3,1579.8,1014
2024-06-12 14:18:00,1579.85,1580.0,1579.0,1579.4,1564
2024-06-12 14:19:00,1579.4,1581.0,1579.0,1581.0,523
2024-06-12 14:20:00,1581.0,1581.8,1580.0,1580.3,1687
2024-06-12 14:21:00,1580.65,1580.65,1579.25,1579.75,649
2024-06-12 14:22:00,1579.75,1580.35,1579.0,1579.0,1083
2024-06-12 14:23:00,1578.9,1580.7,1578.5,1580.7,758
2024-06-12 14:24:00,1580.45,1581.1,1579.75,1580.4,722
2024-06-12 14:25:00,1580.75,1581.45,1580.4,1581.45,717
2024-06-12 14:26:00,1581.45,1581.45,1580.25,1580.85,563
2024-06-12 14:27:00,1581.1,1581.1,1580.25,1580.95,439
2024-06-12 14:28:00,1580.25,1582.45,1580.25,1582.45,3304
2024-06-12 14:29:00,1582.45,1582.6,1582.0,1582.5,356
2024-06-12 14:30:00,1582.5,1583.0,1582.0,1582.45,861
2024-06-12 14:31:00,1582.7,1584.05,1582.0,1583.9,876
2024-06-12 14:32:00,1583.9,1584.25,1583.2,1583.8,1560
2024-06-12 14:33:00,1583.8,1584.75,1583.55,1584.7,393
2024-06-12 14:34:00,1583.8,1584.4,1583.25,1584.0,530
2024-06-12 14:35:00,1584.0,1584.0,1583.1,1584.0,410
2024-06-12 14:36:00,1584.0,1584.2,1583.5,1584.2,188
2024-06-12 14:37:00,1584.2,1584.2,1583.3,1584.05,178
2024-06-12 14:38:00,1583.7,1584.0,1583.15,1584.0,431
2024-06-12 14:39:00,1584.0,1584.0,1583.1,1583.8,731
2024-06-12 14:40:00,1583.45,1584.0,1583.1,1584.0,366
2024-06-12 14:41:00,1584.0,1584.0,1583.35,1583.8,830
2024-06-12 14:42:00,1583.8,1583.8,1583.0,1583.0,771
2024-06-12 14:43:00,1583.0,1583.0,1582.6,1583.0,458
2024-06-12 14:44:00,1583.0,1583.0,1581.65,1582.75,510
2024-06-12 14:45:00,1582.95,1583.8,1582.45,1583.8,2355
2024-06-12 14:46:00,1583.15,1584.2,1583.05,1584.05,1894
2024-06-12 14:47:00,1584.05,1584.45,1583.0,1583.7,1155
2024-06-12 14:48:00,1584.1,1584.1,1583.0,1583.55,485
2024-06-12 14:49:00,1583.7,1583.95,1583.25,1583.95,644
2024-06-12 14:50:00,1583.9,1583.9,1582.4,1583.3,674
2024-06-12 14:51:00,1583.0,1583.7,1582.75,1582.95,256
2024-06-12 14:52:00,1582.95,1583.85,1582.75,1583.45,383
2024-06-12 14:53:00,1583.45,1585.0,1583.1,1584.7,1511
2024-06-12 14:54:00,1584.7,1585.0,1584.1,1584.7,1028
2024-06-12 14:55:00,1584.15,1584.85,1584.05,1584.15,391
2024-06-12 14:56:00,1584.15,1584.5,1583.55,1584.1,890
2024-06-12 14:57:00,1583.85,1584.45,1583.0,1583.85,893
2024-06-12 14:58:00,1583.85,1585.0,1583.3,1585.0,871
2024-06-12 14:59:00,1585.0,1585.3,1584.0,1584.85,1298
2024-06-12 15:00:00,1585.0,1585.0,1583.15,1584.95,3469
2024-06-12 15:01:00,1584.3,1584.3,1582.05,1582.6,4590
2024-06-12 15:02:00,1582.6,1582.9,1581.25,1582.4,3519
2024-06-12 15:03:00,1582.6,1582.9,1580.0,1580.15,6432
2024-06-12 15:04:00,1580.2,1580.85,1580.2,1580.5,3260
2024-06-12 15:05:00,1580.5,1581.05,1579.4,1581.05,4160
2024-06-12 15:06:00,1581.05,1581.05,1579.7,1580.7,1811
2024-06-12 15:07:00,1580.85,1581.0,1579.2,1579.95,3206
2024-06-12 15:08:00,1579.9,1580.65,1579.3,1580.5,2944
2024-06-12 15:09:00,1580.5,1581.1,1579.6,1579.75,5715
2024-06-12 15:10:00,1580.3,1580.3,1579.3,1580.0,2879
2024-06-12 15:11:00,1580.0,1580.0,1578.25,1578.7,5799
2024-06-12 15:12:00,1578.95,1579.9,1578.95,1579.05,4066
2024-06-12 15:13:00,1579.7,1579.8,1578.95,1579.15,4769
2024-06-12 15:14:00,1579.45,1579.45,1578.05,1578.95,5113
2024-06-12 15:15:00,1578.5,1579.1,1577.6,1578.6,10919
2024-06-12 15:16:00,1578.75,1579.25,1577.65,1578.1,14448
2024-06-12 15:17:00,1578.15,1578.45,1576.5,1577.45,14043
2024-06-12 15:18:00,1577.45,1579.1,1577.05,1577.9,7700
2024-06-12 15:19:00,1577.95,1578.45,1577.0,1578.3,5108
2024-06-12 15:20:00,1578.1,1578.95,1576.95,1577.5,11500
2024-06-12 15:21:00,1577.55,1578.95,1577.15,1578.15,7628
2024-06-12 15:22:00,1577.9,1579.85,1577.05,1578.95,8821
2024-06-12 15:23:00,1578.9,1579.2,1578.3,1579.0,9685
2024-06-12 15:24:00,1579.0,1580.8,1578.65,1580.55,11221
2024-06-12 15:25:00,1580.55,1580.55,1578.8,1578.95,17341
2024-06-12 15:26:00,1578.95,1580.75,1578.9,1580.05,5702
2024-06-12 15:27:00,1580.3,1580.55,1579.15,1579.55,6048
2024-06-12 15:28:00,1579.6,1579.6,1577.3,1577.9,12591
2024-06-12 15:29:00,1578.0,1580.0,1577.0,1580.0,8965
2024-06-13 09:15:00,1586.95,1589.95,1583.05,1587.5,8742
2024-06-13 09:16:00,1587.45,1590.0,1587.45,1589.8,7773
2024-06-13 09:17:00,1589.8,1592.55,1589.3,1591.35,8782
2024-06-13 09:18:00,1591.75,1592.0,1590.6,1590.95,2818
2024-06-13 09:19:00,1591.0,1592.0,1590.45,1591.85,7480
2024-06-13 09:20:00,1591.0,1593.55,1590.85,1592.95,4310
2024-06-13 09:21:00,1592.75,1595.55,1591.95,1594.35,13887
2024-06-13 09:22:00,1594.6,1595.45,1594.0,1594.6,3947
2024-06-13 09:23:00,1594.6,1595.35,1593.2,1593.3,5379
2024-06-13 09:24:00,1593.85,1594.3,1592.75,1593.4,3500
2024-06-13 09:25:00,1593.5,1595.25,1593.4,1594.55,5521
2024-06-13 09:26:00,1594.45,1595.35,1593.3,1594.25,2037
2024-06-13 09:27:00,1594.25,1594.85,1593.35,1594.45,8805
2024-06-13 09:28:00,1593.55,1594.2,1590.25,1591.7,4087
2024-06-13 09:29:00,1591.4,1591.5,1590.0,1590.0,5304
2024-06-13 09:30:00,1590.0,1591.35,1588.9,1590.85,4152
2024-06-13 09:31:00,1591.35,1592.15,1590.7,1591.2,4612
2024-06-13 09:32:00,1591.2,1591.2,1589.85,1590.1,3807
2024-06-13 09:33:00,1590.1,1592.0,1589.85,1590.05,7295
2024-06-13 09:34:00,1590.6,1591.0,1589.05,1589.55,2734
2024-06-13 09:35:00,1589.55,1590.1,1588.45,1588.65,2811
2024-06-13 09:36:00,1588.45,1589.05,1587.05,1587.85,1690
2024-06-13 09:37:00,1586.7,1588.8,1586.5,1588.0,2177
2024-06-13 09:38:00,1588.0,1589.0,1586.95,1588.0,2001
2024-06-13 09:39:00,1588.0,1588.2,1586.0,1586.35,2572
2024-06-13 09:40:00,1586.35,1587.25,1586.15,1587.0,653
2024-06-13 09:41:00,1587.0,1587.4,1586.0,1587.0,5036
2024-06-13 09:42:00,1587.0,1587.0,1586.0,1586.25,2307
2024-06-13 09:43:00,1586.15,1586.55,1584.0,1584.0,5329
2024-06-13 09:44:00,1584.0,1585.35,1584.0,1584.0,1337
2024-06-13 09:45:00,1584.0,1585.0,1583.15,1584.3,1284
2024-06-13 09:46:00,1584.3,1585.0,1582.05,1583.5,4052
2024-06-13 09:47:00,1583.5,1583.5,1582.05,1582.15,909
2024-06-13 09:48:00,1582.15,1583.6,1582.1,1582.9,1461
2024-06-13 09:49:00,1582.9,1585.15,1582.9,1585.15,572
2024-06-13 09:50:00,1585.3,1586.0,1585.0,1585.05,1657
2024-06-13 09:51:00,1585.1,1586.7,1584.05,1585.75,5461
2024-06-13 09:52:00,1586.1,1588.45,1585.95,1586.0,1274
2024-06-13 09:53:00,1586.0,1586.35,1583.35,1583.35,1986
2024-06-13 09:54:00,1583.35,1584.1,1582.0,1582.0,1583
2024-06-13 09:55:00,1582.0,1582.6,1581.5,1582.1,1113
2024-06-13 09:56:00,1582.1,1585.0,1582.1,1584.3,957
2024-06-13 09:57:00,1584.3,1585.45,1583.0,1584.65,12180
2024-06-13 09:58:00,1584.0,1585.65,1584.0,1584.7,1359
2024-06-13 09:59:00,1584.7,1585.5,1584.2,1585.5,1477
2024-06-13 10:00:00,1585.5,1585.55,1583.0,1583.65,2036
2024-06-13 10:01:00,1583.65,1586.0,1583.65,1585.05,11590
2024-06-13 10:02:00,1584.45,1585.25,1583.95,1584.55,640
2024-06-13 10:03:00,1584.55,1585.0,1583.95,1584.5,732
2024-06-13 10:04:00,1584.5,1585.0,1583.5,1583.7,1341
2024-06-13 10:05:00,1584.35,1584.95,1583.7,1583.95,626
2024-06-13 10:06:00,1583.95,1585.5,1583.95,1585.5,11156
2024-06-13 10:07:00,1585.5,1585.5,1582.2,1583.65,2920
2024-06-13 10:08:00,1583.65,1583.7,1582.25,1583.05,613
2024-06-13 10:09:00,1583.05,1585.25,1583.0,1585.25,623
2024-06-13 10:10:00,1585.25,1585.75,1583.6,1584.6,469
2024-06-13 10:11:00,1584.8,1585.25,1584.15,1585.25,633
2024-06-13 10:12:00,1584.95,1585.25,1583.7,1584.15,635
2024-06-13 10:13:00,1584.15,1585.75,1584.1,1585.1,482
2024-06-13 10:14:00,1585.1,1586.0,1584.0,1586.0,3332
2024-06-13 10:15:00,1586.0,1586.9,1585.4,1586.5,642
2024-06-13 10:16:00,1586.5,1586.5,1586.0,1586.5,548
2024-06-13 10:17:00,1586.5,1586.9,1585.6,1586.3,10828
2024-06-13 10:18:00,1586.05,1586.3,1585.1,1585.75,545
2024-06-13 10:19:00,1585.95,1586.25,1585.3,1586.25,230
2024-06-13 10:20:00,1586.3,1586.5,1585.6,1586.25,546
2024-06-13 10:21:00,1586.35,1586.5,1586.1,1586.5,235
2024-06-13 10:22:00,1586.5,1586.5,1586.2,1586.5,559
2024-06-13 10:23:00,1586.5,1586.5,1585.15,1585.8,3447
2024-06-13 10:24:00,1585.8,1586.5,1585.4,1586.5,818
2024-06-13 10:25:00,1586.45,1586.5,1586.2,1586.45,6312
2024-06-13 10:26:00,1586.3,1586.5,1585.9,1586.45,472
2024-06-13 10:27:00,1586.45,1586.5,1585.15,1585.7,727
2024-06-13 10:28:00,1585.7,1585.7,1583.15,1583.8,2608
2024-06-13 10:29:00,1583.8,1585.1,1583.25,1584.95,34327
2024-06-13 10:30:00,1585.05,1585.8,1584.65,1584.9,758
2024-06-13 10:31:00,1584.9,1586.0,1584.9,1585.85,1032
2024-06-13 10:32:00,1585.85,1586.45,1584.6,1584.85,1007
2024-06-13 10:33:00,1584.85,1586.3,1584.85,1586.0,904
2024-06-13 10:34:00,1586.1,1586.1,1585.15,1585.8,566
2024-06-13 10:35:00,1585.8,1586.0,1585.15,1585.45,444
2024-06-13 10:36:00,1585.05,1585.55,1584.45,1585.45,1026
2024-06-13 10:37:00,1584.7,1585.5,1584.1,1585.0,886
2024-06-13 10:38:00,1585.0,1585.0,1584.05,1584.35,774
2024-06-13 10:39:00,1584.3,1585.0,1584.1,1585.0,592
2024-06-13 10:40:00,1585.0,1585.1,1584.55,1585.05,627
2024-06-13 10:41:00,1585.0,1585.5,1584.65,1585.0,8906
2024-06-13 10:42:00,1585.0,1585.0,1583.55,1583.85,1557
2024-06-13 10:43:00,1583.85,1585.5,1583.8,1585.0,980
2024-06-13 10:44:00,1585.0,1585.3,1584.05,1584.25,517
2024-06-13 10:45:00,1584.25,1585.2,1584.15,1585.0,843
2024-06-13 10:46:00,1585.0,1585.0,1584.05,1584.05,848
2024-06-13 10:47:00,1584.05,1584.55,1583.1,1583.95,1918
2024-06-13 10:48:00,1584.0,1584.45,1583.2,1584.0,731
2024-06-13 10:49:00,1584.0,1584.35,1583.2,1583.65,746
2024-06-13 10:50:00,1583.65,1585.0,1583.65,1584.45,872
2024-06-13 10:51:00,1584.45,1584.7,1583.65,1583.7,805
2024-06-13 10:52:00,1583.7,1584.95,1583.55,1584.3,924
2024-06-13 10:53:00,1584.3,1584.95,1584.1,1584.85,600
2024-06-13 10:54:00,1584.85,1586.0,1584.85,1585.5,727
2024-06-13 10:55:00,1585.5,1586.15,1585.05,1585.95,957
2024-06-13 10:56:00,1585.95,1586.45,1585.2,1585.7,5172
2024-06-13 10:57:00,1585.7,1585.95,1584.25,1585.2,397
2024-06-13 10:58:00,1585.2,1585.6,1584.5,1585.3,351
2024-06-13 10:59:00,1585.5,1585.8,1584.65,1585.3,965
2024-06-13 11:00:00,1585.3,1586.1,1585.1,1585.45,2102
2024-06-13 11:01:00,1585.45,1586.2,1585.45,1585.95,1014
2024-06-13 11:02:00,1586.0,1586.0,1585.35,1585.95,3987
2024-06-13 11:03:00,1585.95,1586.0,1584.75,1585.7,2072
2024-06-13 11:04:00,1585.7,1586.0,1585.0,1585.7,781
2024-06-13 11:05:00,1585.7,1585.9,1585.1,1585.5,359
2024-06-13 11:06:00,1585.5,1585.7,1585.05,1585.5,185
2024-06-13 11:07:00,1585.5,1585.9,1585.4,1585.9,6072
2024-06-13 11:08:00,1585.9,1586.0,1585.6,1586.0,1257
2024-06-13 11:09:00,1586.0,1586.85,1585.7,1586.45,1779
2024-06-13 11:10:00,1586.45,1586.8,1586.0,1586.2,805
2024-06-13 11:11:00,1586.2,1586.2,1585.5,1585.95,826
2024-06-13 11:12:00,1585.95,1585.95,1584.9,1585.0,2934
2024-06-13 11:13:00,1585.15,1585.25,1584.55,1584.6,287
2024-06-13 11:14:00,1584.6,1584.6,1583.6,1583.95,31055
2024-06-13 11:15:00,1583.95,1584.0,1583.45,1583.9,3969
2024-06-13 11:16:00,1583.9,1584.4,1583.85,1584.0,4532
2024-06-13 11:17:00,1584.0,1584.0,1581.0,1581.9,4708
2024-06-13 11:18:00,1581.9,1583.35,1581.7,1583.2,1226
2024-06-13 11:19:00,1583.2,1584.1,1583.1,1584.0,380
2024-06-13 11:20:00,1584.0,1584.0,1583.55,1584.0,1201
2024-06-13 11:21:00,1584.1,1584.3,1583.7,1583.9,3493
2024-06-13 11:22:00,1583.9,1584.0,1583.25,1583.95,1096
2024-06-13 11:23:00,1584.0,1584.0,1583.0,1583.0,3621
2024-06-13 11:24:00,1583.45,1584.0,1583.4,1583.85,916
2024-06-13 11:25:00,1583.4,1584.0,1583.05,1584.0,1455
2024-06-13 11:26:00,1584.0,1584.0,1583.8,1584.0,1750
2024-06-13 11:27:00,1584.0,1584.0,1583.4,1583.4,1057
2024-06-13 11:28:00,1583.5,1583.7,1582.5,1583.1,4300
2024-06-13 11:29:00,1583.1,1583.7,1582.7,1583.4,510
2024-06-13 11:30:00,1583.4,1584.05,1583.25,1583.95,3286
2024-06-13 11:31:00,1584.0,1584.0,1583.75,1583.75,1545
2024-06-13 11:32:00,1583.8,1583.9,1583.7,1583.9,2448
2024-06-13 11:33:00,1583.8,1583.9,1583.75,1583.75,943
2024-06-13 11:34:00,1583.8,1583.9,1583.7,1583.8,434
2024-06-13 11:35:00,1583.8,1584.95,1583.75,1584.9,1245
2024-06-13 11:36:00,1584.9,1584.9,1584.6,1584.8,311
2024-06-13 11:37:00,1584.8,1584.9,1584.75,1584.85,319
2024-06-13 11:38:00,1584.85,1585.9,1584.85,1585.85,1677
2024-06-13 11:39:00,1585.85,1586.0,1585.6,1586.0,1183
2024-06-13 11:40:00,1586.0,1586.45,1585.25,1585.3,1818
2024-06-13 11:41:00,1585.0,1585.15,1583.8,1584.05,13879
2024-06-13 11:42:00,1584.1,1584.2,1582.25,1583.15,3250
2024-06-13 11:43:00,1583.2,1583.2,1582.7,1582.8,274
2024-06-13 11:44:00,1582.8,1583.05,1581.55,1581.8,1228
2024-06-13 11:45:00,1581.55,1581.95,1581.55,1581.7,332
2024-06-13 11:46:00,1581.7,1581.7,1581.05,1581.7,907
2024-06-13 11:47:00,1581.7,1583.1,1581.5,1582.55,440
2024-06-13 11:48:00,1582.65,1584.55,1582.65,1584.4,1339
2024-06-13 11:49:00,1584.4,1585.0,1583.6,1584.3,3411
2024-06-13 11:50:00,1584.3,1585.0,1583.95,1585.0,1438
2024-06-13 11:51:00,1585.75,1585.75,1584.85,1584.85,1450
2024-06-13 11:52:00,1585.25,1586.0,1584.85,1585.85,3603
2024-06-13 11:53:00,1585.85,1585.95,1585.75,1585.95,6416
2024-06-13 11:54:00,1585.95,1587.3,1585.85,1585.9,7612
2024-06-13 11:55:00,1586.0,1586.0,1585.8,1586.0,1236
2024-06-13 11:56:00,1586.0,1586.0,1585.0,1585.35,2003
2024-06-13 11:57:00,1585.35,1585.35,1583.95,1584.25,2365
2024-06-13 11:58:00,1584.25,1584.75,1584.0,1584.05,933
2024-06-13 11:59:00,1584.05,1585.5,1583.9,1585.1,3563
2024-06-13 12:00:00,1585.1,1585.5,1584.9,1585.5,14251
2024-06-13 12:01:00,1585.15,1585.7,1585.0,1585.15,21005
2024-06-13 12:02:00,1585.1,1585.6,1584.9,1585.0,16719
2024-06-13 12:03:00,1585.0,1586.0,1584.95,1585.95,4167
2024-06-13 12:04:00,1585.95,1585.95,1585.0,1585.0,3599
2024-06-13 12:05:00,1585.15,1585.75,1584.8,1585.75,8343
2024-06-13 12:06:00,1585.35,1586.5,1585.35,1585.9,1252
2024-06-13 12:07:00,1585.9,1585.9,1584.0,1585.3,29665
2024-06-13 12:08:00,1585.3,1585.7,1585.2,1585.5,2291
2024-06-13 12:09:00,1585.65,1585.65,1583.75,1585.0,1946
2024-06-13 12:10:00,1585.0,1585.0,1584.75,1585.0,548
2024-06-13 12:11:00,1585.0,1585.0,1584.95,1585.0,718
2024-06-13 12:12:00,1585.0,1585.0,1584.85,1585.0,850
2024-06-13 12:13:00,1585.0,1586.0,1584.95,1585.7,12255
2024-06-13 12:14:00,1585.85,1586.0,1584.9,1586.0,23161
2024-06-13 12:15:00,1586.0,1588.6,1585.95,1587.05,12458
2024-06-13 12:16:00,1587.05,1587.8,1586.85,1587.75,6698
2024-06-13 12:17:00,1587.7,1589.6,1587.2,1589.6,1768
2024-06-13 12:18:00,1589.6,1589.6,1589.15,1589.6,1089
2024-06-13 12:19:00,1589.6,1589.6,1588.75,1589.25,2006
2024-06-13 12:20:00,1589.25,1589.25,1588.45,1588.65,361
2024-06-13 12:21:00,1588.65,1589.25,1587.85,1588.0,6123
2024-06-13 12:22:00,1588.0,1588.65,1587.0,1588.65,14864
2024-06-13 12:23:00,1588.65,1589.9,1586.45,1588.1,11761
2024-06-13 12:24:00,1588.1,1589.0,1587.8,1588.4,1842
2024-06-13 12:25:00,1588.45,1589.0,1587.95,1588.85,527
2024-06-13 12:26:00,1588.85,1589.0,1588.15,1588.55,401
2024-06-13 12:27:00,1588.55,1588.85,1588.25,1588.55,648
2024-06-13 12:28:00,1588.55,1588.55,1587.45,1588.1,676
2024-06-13 12:29:00,1587.65,1588.1,1587.65,1587.8,1284
2024-06-13 12:30:00,1587.8,1588.75,1587.75,1588.35,1260
2024-06-13 12:31:00,1588.35,1589.2,1587.95,1588.8,1491
2024-06-13 12:32:00,1588.8,1589.8,1587.8,1589.65,2651
2024-06-13 12:33:00,1589.65,1589.8,1588.8,1589.3,844
2024-06-13 12:34:00,1589.3,1589.5,1588.1,1588.1,420
2024-06-13 12:35:00,1588.55,1589.2,1588.2,1589.05,656
2024-06-13 12:36:00,1589.05,1589.05,1587.55,1587.9,889
2024-06-13 12:37:00,1588.4,1588.6,1587.2,1588.15,1173
2024-06-13 12:38:00,1588.15,1588.65,1587.5,1588.55,1046
2024-06-13 12:39:00,1588.65,1588.9,1587.6,1587.75,643
2024-06-13 12:40:00,1587.75,1588.1,1587.0,1587.3,667
2024-06-13 12:41:00,1587.3,1587.45,1586.7,1587.0,471
2024-06-13 12:42:00,1587.15,1588.25,1586.85,1588.05,1222
2024-06-13 12:43:00,1588.25,1588.4,1586.9,1587.95,1038
2024-06-13 12:44:00,1587.9,1588.75,1587.5,1588.7,1216
2024-06-13 12:45:00,1588.35,1589.0,1588.35,1588.95,676
2024-06-13 12:46:00,1588.95,1589.0,1588.65,1588.9,1119
2024-06-13 12:47:00,1588.9,1589.0,1587.05,1588.3,3006
2024-06-13 12:48:00,1588.3,1588.45,1587.3,1588.25,776
2024-06-13 12:49:00,1588.2,1589.7,1587.6,1589.7,1161
2024-06-13 12:50:00,1589.7,1589.7,1588.85,1589.2,738
2024-06-13 12:51:00,1589.5,1589.5,1588.1,1588.6,858
2024-06-13 12:52:00,1588.6,1589.45,1588.1,1588.75,647
2024-06-13 12:53:00,1588.75,1589.7,1588.65,1589.45,3453
2024-06-13 12:54:00,1589.5,1590.75,1589.5,1590.4,5054
2024-06-13 12:55:00,1590.4,1590.75,1590.25,1590.4,1436
2024-06-13 12:56:00,1590.4,1590.45,1589.55,1589.95,1312
2024-06-13 12:57:00,1589.95,1590.2,1589.3,1589.4,487
2024-06-13 12:58:00,1589.4,1589.8,1589.15,1589.35,179
2024-06-13 12:59:00,1589.35,1589.85,1589.25,1589.85,684
2024-06-13 13:00:00,1589.85,1589.85,1588.2,1588.4,539
2024-06-13 13:01:00,1588.4,1589.05,1588.25,1588.6,848
2024-06-13 13:02:00,1588.6,1589.85,1588.5,1589.3,639
2024-06-13 13:03:00,1589.3,1589.3,1588.4,1589.1,371
2024-06-13 13:04:00,1589.1,1589.45,1588.7,1589.45,537
2024-06-13 13:05:00,1589.45,1589.5,1588.95,1589.0,868
2024-06-13 13:06:00,1589.35,1589.5,1589.1,1589.45,451
2024-06-13 13:07:00,1589.45,1589.45,1589.0,1589.25,633
2024-06-13 13:08:00,1589.25,1589.5,1589.1,1589.5,851
2024-06-13 13:09:00,1589.5,1589.9,1589.3,1589.9,718
2024-06-13 13:10:00,1589.9,1590.5,1589.85,1590.5,1192
2024-06-13 13:11:00,1590.5,1590.5,1590.05,1590.5,412
2024-06-13 13:12:00,1590.2,1590.45,1589.6,1590.0,1578
2024-06-13 13:13:00,1590.0,1590.0,1588.75,1589.65,1475
2024-06-13 13:14:00,1589.65,1589.7,1589.2,1589.7,875
2024-06-13 13:15:00,1589.7,1589.7,1588.4,1589.4,852
2024-06-13 13:16:00,1589.4,1589.7,1589.4,1589.7,386
2024-06-13 13:17:00,1589.7,1589.7,1589.45,1589.7,792
2024-06-13 13:18:00,1589.7,1590.0,1589.4,1589.9,638
2024-06-13 13:19:00,1589.9,1590.0,1589.35,1589.95,940
2024-06-13 13:20:00,1589.95,1590.0,1589.1,1589.8,376
2024-06-13 13:21:00,1589.35,1590.0,1589.35,1590.0,1419
2024-06-13 13:22:00,1590.0,1590.0,1589.55,1589.7,555
2024-06-13 13:23:00,1589.75,1589.9,1589.0,1589.15,1655
2024-06-13 13:24:00,1589.15,1589.85,1588.0,1589.5,1787
2024-06-13 13:25:00,1589.5,1589.85,1588.45,1589.0,1391
2024-06-13 13:26:00,1589.0,1589.4,1588.2,1589.25,1116
2024-06-13 13:27:00,1589.25,1589.4,1589.0,1589.15,527
2024-06-13 13:28:00,1589.15,1589.9,1589.15,1589.75,702
2024-06-13 13:29:00,1589.75,1589.9,1589.45,1589.55,917
2024-06-13 13:30:00,1589.8,1589.8,1588.05,1588.5,1065
2024-06-13 13:31:00,1588.5,1588.5,1588.05,1588.5,886
2024-06-13 13:32:00,1588.5,1588.5,1588.15,1588.5,417
2024-06-13 13:33:00,1588.3,1588.5,1588.15,1588.5,465
2024-06-13 13:34:00,1588.5,1588.5,1588.15,1588.5,301
2024-06-13 13:35:00,1588.5,1588.95,1588.2,1588.9,604
2024-06-13 13:36:00,1589.0,1589.4,1588.7,1589.25,593
2024-06-13 13:37:00,1589.25,1589.8,1588.9,1589.15,310
2024-06-13 13:38:00,1589.15,1589.65,1589.0,1589.2,478
2024-06-13 13:39:00,1589.55,1589.55,1588.55,1589.35,1003
2024-06-13 13:40:00,1589.45,1589.95,1588.95,1588.95,1211
2024-06-13 13:41:00,1589.6,1589.7,1588.95,1589.7,1220
2024-06-13 13:42:00,1589.7,1589.7,1589.6,1589.7,499
2024-06-13 13:43:00,1589.7,1590.0,1589.45,1589.7,1343
2024-06-13 13:44:00,1590.0,1590.0,1589.65,1589.95,377
2024-06-13 13:45:00,1589.95,1590.45,1589.7,1590.35,3188
2024-06-13 13:46:00,1590.35,1590.55,1589.85,1590.15,1223
2024-06-13 13:47:00,1589.85,1590.1,1589.0,1589.5,526
2024-06-13 13:48:00,1589.5,1589.75,1588.9,1588.9,421
2024-06-13 13:49:00,1588.9,1589.3,1588.2,1588.9,1234
2024-06-13 13:50:00,1588.9,1589.25,1587.05,1587.65,3170
2024-06-13 13:51:00,1587.65,1587.95,1587.45,1587.9,316
2024-06-13 13:52:00,1587.9,1588.75,1587.65,1588.75,349
2024-06-13 13:53:00,1588.75,1588.85,1588.25,1588.55,476
2024-06-13 13:54:00,1588.55,1588.9,1588.0,1588.75,515
2024-06-13 13:55:00,1588.75,1588.75,1587.65,1587.8,934
2024-06-13 13:56:00,1587.8,1587.95,1586.4,1587.0,1398
2024-06-13 13:57:00,1587.45,1587.9,1586.95,1587.5,409
2024-06-13 13:58:00,1587.5,1588.0,1587.3,1588.0,1127
2024-06-13 13:59:00,1588.0,1588.95,1587.85,1588.55,945
2024-06-13 14:00:00,1588.85,1588.95,1588.3,1588.85,1149
2024-06-13 14:01:00,1588.85,1589.1,1587.9,1588.5,1377
2024-06-13 14:02:00,1588.5,1589.8,1588.15,1589.6,1379
2024-06-13 14:03:00,1589.6,1589.6,1588.8,1589.0,359
2024-06-13 14:04:00,1589.0,1589.7,1588.95,1589.5,990
2024-06-13 14:05:00,1589.5,1589.7,1588.85,1589.0,1278
2024-06-13 14:06:00,1589.0,1589.45,1589.0,1589.3,495
2024-06-13 14:07:00,1589.3,1589.3,1588.45,1588.95,580
2024-06-13 14:08:00,1588.95,1589.0,1588.65,1589.0,544
2024-06-13 14:09:00,1589.0,1589.0,1588.75,1588.8,374
2024-06-13 14:10:00,1589.0,1589.85,1588.8,1589.85,3379
2024-06-13 14:11:00,1589.85,1589.85,1588.65,1589.6,1567
2024-06-13 14:12:00,1589.6,1589.85,1588.7,1589.4,949
2024-06-13 14:13:00,1589.4,1589.65,1588.7,1589.65,317
2024-06-13 14:14:00,1589.65,1589.8,1588.65,1589.75,1947
2024-06-13 14:15:00,1589.75,1589.75,1588.65,1589.45,1347
2024-06-13 14:16:00,1589.45,1589.5,1587.4,1588.65,2885
2024-06-13 14:17:00,1588.05,1589.4,1587.8,1588.55,2293
2024-06-13 14:18:00,1588.55,1589.15,1587.95,1589.15,1002
2024-06-13 14:19:00,1589.15,1589.15,1588.1,1588.6,1171
2024-06-13 14:20:00,1588.6,1588.95,1588.0,1588.6,476
2024-06-13 14:21:00,1588.6,1588.65,1587.85,1588.35,512
2024-06-13 14:22:00,1588.35,1588.95,1588.15,1588.85,656
2024-06-13 14:23:00,1588.85,1589.1,1588.3,1588.3,1665
2024-06-13 14:24:00,1588.35,1588.45,1587.85,1588.05,989
2024-06-13 14:25:00,1588.05,1588.35,1587.8,1588.15,806
2024-06-13 14:26:00,1588.1,1588.3,1587.95,1588.25,2483
2024-06-13 14:27:00,1588.25,1588.4,1588.2,1588.4,593
2024-06-13 14:28:00,1588.4,1588.95,1588.2,1588.95,1958
2024-06-13 14:29:00,1588.95,1589.0,1588.5,1588.85,1347
2024-06-13 14:30:00,1588.8,1589.0,1587.05,1588.35,2562
2024-06-13 14:31:00,1587.75,1588.4,1587.75,1588.0,903
2024-06-13 14:32:00,1588.15,1588.15,1587.15,1588.1,879
2024-06-13 14:33:00,1588.15,1588.8,1587.95,1588.8,677
2024-06-13 14:34:00,1588.8,1588.8,1588.15,1588.6,1147
2024-06-13 14:35:00,1588.6,1588.65,1586.6,1586.6,2455
2024-06-13 14:36:00,1586.6,1588.65,1586.45,1588.6,3327
2024-06-13 14:37:00,1588.6,1589.15,1588.5,1588.75,1609
2024-06-13 14:38:00,1588.75,1588.95,1588.65,1588.95,1778
2024-06-13 14:39:00,1588.95,1589.2,1588.9,1589.2,808
2024-06-13 14:40:00,1589.2,1589.5,1589.2,1589.25,741
2024-06-13 14:41:00,1589.3,1589.3,1587.85,1588.85,1472
2024-06-13 14:42:00,1588.85,1589.4,1588.6,1589.35,2865
2024-06-13 14:43:00,1589.4,1589.85,1588.0,1588.0,2375
2024-06-13 14:44:00,1589.1,1589.7,1588.35,1589.6,2375
2024-06-13 14:45:00,1589.6,1589.9,1589.25,1589.9,1297
2024-06-13 14:46:00,1589.75,1589.9,1589.4,1589.9,1491
2024-06-13 14:47:00,1589.9,1590.1,1589.5,1590.1,4579
2024-06-13 14:48:00,1590.1,1590.1,1588.35,1589.45,3280
2024-06-13 14:49:00,1589.45,1589.9,1587.65,1588.6,1944
2024-06-13 14:50:00,1588.55,1589.15,1587.85,1589.15,1147
2024-06-13 14:51:00,1589.15,1589.3,1588.45,1589.3,558
2024-06-13 14:52:00,1589.3,1589.4,1587.7,1587.95,1954
2024-06-13 14:53:00,1588.65,1589.55,1588.1,1589.55,1152
2024-06-13 14:54:00,1589.6,1590.5,1589.15,1590.5,4587
2024-06-13 14:55:00,1590.5,1590.5,1589.35,1589.35,2697
2024-06-13 14:56:00,1589.35,1590.5,1589.15,1589.75,2469
2024-06-13 14:57:00,1590.0,1590.0,1589.0,1589.95,6402
2024-06-13 14:58:00,1590.0,1591.85,1589.05,1591.65,11284
2024-06-13 14:59:00,1591.5,1592.0,1590.45,1591.9,2837
2024-06-13 15:00:00,1591.9,1592.3,1590.7,1591.55,14671
2024-06-13 15:01:00,1591.6,1591.6,1590.7,1590.95,8287
2024-06-13 15:02:00,1590.7,1591.05,1590.05,1590.9,6183
2024-06-13 15:03:00,1590.9,1591.05,1590.05,1591.05,12095
2024-06-13 15:04:00,1591.05,1591.55,1590.3,1590.95,6165
2024-06-13 15:05:00,1590.25,1590.3,1588.95,1590.0,7453
2024-06-13 15:06:00,1590.0,1590.85,1589.0,1590.0,6624
2024-06-13 15:07:00,1589.6,1590.5,1589.3,1590.0,12114
2024-06-13 15:08:00,1590.0,1590.85,1589.15,1590.55,9099
2024-06-13 15:09:00,1590.6,1591.15,1590.0,1590.95,7742
2024-06-13 15:10:00,1590.85,1590.9,1589.5,1589.7,5397
2024-06-13 15:11:00,1589.7,1590.4,1589.65,1590.25,6478
2024-06-13 15:12:00,1590.35,1590.6,1590.15,1590.45,7536
2024-06-13 15:13:00,1590.6,1591.05,1590.35,1591.0,8854
2024-06-13 15:14:00,1591.0,1591.3,1590.15,1590.8,6564
2024-06-13 15:15:00,1590.75,1590.8,1588.95,1589.45,11156
2024-06-13 15:16:00,1589.1,1590.4,1589.05,1590.4,8381
2024-06-13 15:17:00,1590.3,1590.4,1589.15,1590.1,5508
2024-06-13 15:18:00,1590.15,1591.2,1589.65,1591.05,9533
2024-06-13 15:19:00,1591.35,1591.7,1590.5,1590.95,8097
2024-06-13 15:20:00,1590.9,1591.0,1590.15,1590.95,5558
2024-06-13 15:21:00,1590.7,1591.2,1590.25,1590.9,5918
2024-06-13 15:22:00,1590.9,1590.9,1589.4,1589.9,4035
2024-06-13 15:23:00,1589.9,1590.15,1589.0,1590.1,5804
2024-06-13 15:24:00,1590.15,1590.3,1589.0,1590.05,3875
2024-06-13 15:25:00,1590.05,1590.05,1588.4,1588.4,3462
2024-06-13 15:26:00,1588.4,1588.4,1586.0,1587.0,5480
2024-06-13 15:27:00,1587.0,1587.3,1586.05,1586.55,3076
2024-06-13 15:28:00,1586.55,1588.0,1585.0,1588.0,6711
2024-06-13 15:29:00,1588.0,1588.9,1586.0,1586.15,1381
2024-06-14 09:15:00,1590.1,1592.05,1580.2,1588.5,7856
2024-06-14 09:16:00,1587.95,1590.9,1587.6,1590.0,4256
2024-06-14 09:17:00,1590.0,1590.25,1589.0,1589.65,3097
2024-06-14 09:18:00,1590.0,1592.25,1589.65,1589.95,2775
2024-06-14 09:19:00,1589.95,1590.65,1588.35,1589.05,2004
2024-06-14 09:20:00,1588.95,1591.95,1587.3,1591.4,10181
2024-06-14 09:21:00,1590.9,1591.95,1587.0,1587.0,6274
2024-06-14 09:22:00,1586.1,1586.35,1584.0,1584.95,6540
2024-06-14 09:23:00,1584.4,1585.3,1583.1,1583.35,3335
2024-06-14 09:24:00,1583.5,1584.05,1581.2,1582.6,7095
2024-06-14 09:25:00,1582.0,1582.55,1580.3,1581.25,3850
2024-06-14 09:26:00,1581.25,1581.9,1579.0,1579.2,13652
2024-06-14 09:27:00,1579.2,1581.75,1578.1,1578.25,6524
2024-06-14 09:28:00,1578.05,1580.6,1578.0,1580.55,2333
2024-06-14 09:29:00,1580.0,1580.6,1578.85,1579.5,2889
2024-06-14 09:30:00,1579.5,1579.5,1578.0,1579.45,3303
2024-06-14 09:31:00,1579.45,1579.85,1578.2,1579.0,3072
2024-06-14 09:32:00,1578.55,1579.95,1578.1,1578.9,5094
2024-06-14 09:33:00,1578.7,1578.7,1577.1,1577.2,2384
2024-06-14 09:34:00,1577.2,1579.4,1577.2,1579.2,2167
2024-06-14 09:35:00,1579.3,1581.25,1578.45,1581.05,5177
2024-06-14 09:36:00,1580.4,1581.65,1579.0,1580.2,3175
2024-06-14 09:37:00,1580.2,1580.25,1578.45,1578.95,2231
2024-06-14 09:38:00,1578.45,1579.75,1578.45,1578.8,1269
2024-06-14 09:39:00,1578.8,1579.6,1578.45,1579.6,1785
2024-06-14 09:40:00,1579.6,1579.7,1579.0,1579.0,1514
2024-06-14 09:41:00,1579.55,1579.55,1578.75,1579.55,496
2024-06-14 09:42:00,1579.55,1579.55,1578.45,1579.0,688
2024-06-14 09:43:00,1579.0,1579.8,1578.45,1578.8,1627
2024-06-14 09:44:00,1579.2,1579.2,1577.7,1577.7,2471
2024-06-14 09:45:00,1577.5,1577.65,1575.35,1577.0,9962
2024-06-14 09:46:00,1576.45,1578.3,1576.45,1577.25,2722
2024-06-14 09:47:00,1577.25,1580.0,1576.55,1580.0,2868
2024-06-14 09:48:00,1580.0,1582.0,1578.3,1579.25,4179
2024-06-14 09:49:00,1579.25,1581.5,1579.25,1580.5,1949
2024-06-14 09:50:00,1580.5,1580.5,1580.0,1580.05,414
2024-06-14 09:51:00,1580.5,1582.0,1580.0,1581.0,3153
2024-06-14 09:52:00,1581.0,1582.65,1580.6,1582.15,2294
2024-06-14 09:53:00,1582.15,1584.0,1581.65,1584.0,805
2024-06-14 09:54:00,1584.0,1584.5,1582.15,1582.85,2016
2024-06-14 09:55:00,1582.85,1583.35,1581.85,1583.0,589
2024-06-14 09:56:00,1583.0,1583.2,1582.35,1582.95,473
2024-06-14 09:57:00,1583.0,1583.0,1582.05,1583.0,468
2024-06-14 09:58:00,1583.35,1584.7,1583.1,1584.3,1293
2024-06-14 09:59:00,1585.35,1586.5,1585.35,1585.85,2397
2024-06-14 10:00:00,1585.85,1587.1,1585.7,1586.3,1783
2024-06-14 10:01:00,1586.25,1587.0,1585.7,1586.9,1799
2024-06-14 10:02:00,1586.9,1586.95,1586.4,1586.45,724
2024-06-14 10:03:00,1586.95,1586.95,1586.0,1586.4,581
2024-06-14 10:04:00,1586.45,1586.45,1585.15,1585.4,1533
2024-06-14 10:05:00,1585.4,1587.0,1585.3,1585.95,2827
2024-06-14 10:06:00,1586.15,1588.0,1585.55,1586.8,3838
2024-06-14 10:07:00,1586.65,1587.35,1586.2,1587.15,2237
2024-06-14 10:08:00,1587.6,1588.0,1587.05,1587.95,515
2024-06-14 10:09:00,1587.95,1588.0,1587.05,1587.25,1026
2024-06-14 10:10:00,1587.25,1589.0,1587.25,1588.3,4167
2024-06-14 10:11:00,1588.65,1588.65,1588.0,1588.0,2374
2024-06-14 10:12:00,1588.4,1589.0,1587.6,1588.6,2984
2024-06-14 10:13:00,1587.9,1588.7,1587.9,1588.5,365
2024-06-14 10:14:00,1588.5,1588.5,1587.1,1587.1,954
2024-06-14 10:15:00,1587.1,1587.75,1586.95,1587.65,837
2024-06-14 10:16:00,1587.65,1587.65,1586.6,1587.0,459
2024-06-14 10:17:00,1587.0,1587.0,1585.95,1586.85,4145
2024-06-14 10:18:00,1586.85,1587.95,1586.4,1587.65,2469
2024-06-14 10:19:00,1587.7,1588.0,1587.2,1588.0,775
2024-06-14 10:20:00,1588.0,1588.5,1587.95,1588.5,2123
2024-06-14 10:21:00,1588.5,1588.5,1587.9,1588.3,341
2024-06-14 10:22:00,1588.3,1589.0,1587.9,1588.65,3171
2024-06-14 10:23:00,1588.45,1588.7,1588.0,1588.3,413
2024-06-14 10:24:00,1588.2,1588.5,1587.3,1587.3,338
2024-06-14 10:25:00,1588.05,1588.5,1587.4,1588.25,265
2024-06-14 10:26:00,1588.25,1588.35,1587.4,1588.3,340
2024-06-14 10:27:00,1588.35,1588.35,1587.65,1588.3,424
2024-06-14 10:28:00,1588.25,1588.25,1586.95,1586.95,1621
2024-06-14 10:29:00,1586.95,1587.95,1586.95,1587.35,710
2024-06-14 10:30:00,1587.5,1587.85,1586.8,1586.85,739
2024-06-14 10:31:00,1587.25,1587.25,1586.3,1587.0,273
2024-06-14 10:32:00,1587.0,1587.0,1586.1,1586.85,985
2024-06-14 10:33:00,1586.2,1586.75,1586.0,1586.0,1873
2024-06-14 10:34:00,1586.0,1586.95,1586.0,1586.75,832
2024-06-14 10:35:00,1586.75,1586.95,1586.25,1586.8,233
2024-06-14 10:36:00,1586.8,1587.0,1586.0,1586.65,373
2024-06-14 10:37:00,1586.65,1588.35,1586.6,1587.6,3431
2024-06-14 10:38:00,1588.0,1589.3,1587.6,1589.1,4713
2024-06-14 10:39:00,1589.1,1589.1,1586.65,1587.2,345
2024-06-14 10:40:00,1586.4,1587.25,1584.0,1584.6,4592
2024-06-14 10:41:00,1584.6,1584.95,1583.45,1584.95,634
2024-06-14 10:42:00,1584.95,1584.95,1583.5,1583.5,1169
2024-06-14 10:43:00,1583.2,1584.05,1583.2,1583.6,479
2024-06-14 10:44:00,1583.6,1583.95,1583.05,1583.8,831
2024-06-14 10:45:00,1583.05,1583.65,1582.8,1583.0,1077
2024-06-14 10:46:00,1583.55,1583.8,1583.0,1583.75,578
2024-06-14 10:47:00,1583.75,1583.75,1583.0,1583.75,415
2024-06-14 10:48:00,1583.05,1583.8,1583.0,1583.0,316
2024-06-14 10:49:00,1583.6,1583.95,1583.0,1583.5,321
2024-06-14 10:50:00,1583.5,1584.0,1583.1,1584.0,348
2024-06-14 10:51:00,1584.0,1584.0,1583.0,1583.05,936
2024-06-14 10:52:00,1583.05,1583.95,1583.0,1583.5,557
2024-06-14 10:53:00,1583.5,1583.5,1582.0,1583.35,1782
2024-06-14 10:54:00,1583.35,1583.35,1582.0,1582.65,518
2024-06-14 10:55:00,1582.0,1583.05,1582.0,1582.9,539
2024-06-14 10:56:00,1582.9,1583.3,1582.45,1582.8,796
2024-06-14 10:57:00,1582.8,1583.5,1582.7,1582.7,273
2024-06-14 10:58:00,1582.7,1584.35,1582.7,1584.35,749
2024-06-14 10:59:00,1584.35,1588.5,1584.35,1588.5,4806
2024-06-14 11:00:00,1588.0,1589.05,1587.25,1587.3,2499
2024-06-14 11:01:00,1587.3,1588.5,1587.25,1588.5,1585
2024-06-14 11:02:00,1587.55,1588.35,1586.55,1587.3,1229
2024-06-14 11:03:00,1586.75,1587.85,1586.5,1587.45,880
2024-06-14 11:04:00,1587.0,1587.45,1585.7,1587.0,768
2024-06-14 11:05:00,1586.7,1587.4,1586.5,1587.25,397
2024-06-14 11:06:00,1587.25,1588.35,1586.75,1587.8,152
2024-06-14 11:07:00,1587.8,1588.0,1587.0,1587.3,461
2024-06-14 11:08:00,1587.9,1588.0,1587.05,1587.3,241
2024-06-14 11:09:00,1587.0,1587.3,1586.75,1586.85,753
2024-06-14 11:10:00,1586.85,1587.3,1586.5,1587.05,412
2024-06-14 11:11:00,1586.5,1587.7,1586.5,1586.5,609
2024-06-14 11:12:00,1586.5,1587.0,1586.1,1586.15,587
2024-06-14 11:13:00,1586.15,1587.1,1585.7,1585.75,456
2024-06-14 11:14:00,1585.75,1586.45,1585.0,1585.0,588
2024-06-14 11:15:00,1585.0,1586.45,1585.0,1586.1,1231
2024-06-14 11:16:00,1586.1,1586.3,1585.0,1585.7,189
2024-06-14 11:17:00,1585.7,1585.75,1585.0,1585.0,284
2024-06-14 11:18:00,1585.0,1585.95,1585.0,1585.2,1007
2024-06-14 11:19:00,1585.0,1586.75,1585.0,1586.3,1196
2024-06-14 11:20:00,1586.3,1586.45,1585.6,1586.25,307
2024-06-14 11:21:00,1586.25,1587.95,1585.8,1585.95,1156
2024-06-14 11:22:00,1586.7,1587.8,1585.95,1586.55,1457
2024-06-14 11:23:00,1586.55,1587.4,1586.25,1587.1,1961
2024-06-14 11:24:00,1587.1,1587.95,1586.0,1586.0,926
2024-06-14 11:25:00,1586.0,1586.95,1585.8,1586.75,404
2024-06-14 11:26:00,1586.75,1586.85,1585.8,1586.85,443
2024-06-14 11:27:00,1586.85,1586.95,1585.65,1585.65,907
2024-06-14 11:28:00,1585.65,1586.3,1584.0,1584.55,1758
2024-06-14 11:29:00,1584.55,1585.65,1584.0,1584.05,436
2024-06-14 11:30:00,1584.05,1585.1,1584.0,1584.5,415
2024-06-14 11:31:00,1584.55,1585.2,1584.0,1584.4,834
2024-06-14 11:32:00,1584.4,1585.4,1583.5,1584.4,674
2024-06-14 11:33:00,1584.25,1584.65,1583.55,1583.8,334
2024-06-14 11:34:00,1584.45,1584.6,1583.65,1583.9,424
2024-06-14 11:35:00,1583.9,1584.65,1583.65,1584.45,951
2024-06-14 11:36:00,1584.45,1585.15,1583.75,1585.1,153
2024-06-14 11:37:00,1585.1,1585.95,1584.6,1585.35,2125
2024-06-14 11:38:00,1585.35,1587.4,1584.85,1586.7,990
2024-06-14 11:39:00,1586.7,1588.0,1586.6,1587.9,1750
2024-06-14 11:40:00,1587.9,1588.95,1587.0,1588.9,2872
2024-06-14 11:41:00,1588.9,1590.0,1588.9,1589.65,5457
2024-06-14 11:42:00,1589.65,1590.0,1589.0,1589.2,1549
2024-06-14 11:43:00,1589.2,1590.0,1589.15,1589.85,923
2024-06-14 11:44:00,1589.85,1590.0,1589.0,1590.0,1120
2024-06-14 11:45:00,1589.25,1589.55,1588.25,1589.1,1518
2024-06-14 11:46:00,1589.1,1589.45,1588.1,1588.9,2047
2024-06-14 11:47:00,1588.9,1589.9,1588.65,1589.55,1197
2024-06-14 11:48:00,1589.6,1589.9,1588.6,1589.6,1073
2024-06-14 11:49:00,1589.6,1589.65,1588.6,1588.75,841
2024-06-14 11:50:00,1588.95,1589.5,1588.25,1589.5,1443
2024-06-14 11:51:00,1589.45,1589.5,1588.4,1589.5,922
2024-06-14 11:52:00,1589.5,1589.85,1588.95,1589.55,788
2024-06-14 11:53:00,1589.55,1590.5,1589.55,1590.0,3329
2024-06-14 11:54:00,1590.5,1590.9,1590.0,1590.8,1401
2024-06-14 11:55:00,1590.8,1590.9,1590.25,1590.25,595
2024-06-14 11:56:00,1590.0,1590.7,1590.0,1590.7,2199
2024-06-14 11:57:00,1590.7,1590.9,1588.5,1589.45,18195
2024-06-14 11:58:00,1589.1,1589.95,1588.4,1589.95,883
2024-06-14 11:59:00,1589.95,1590.5,1589.6,1590.5,760
2024-06-14 12:00:00,1590.5,1590.9,1589.7,1590.75,1094
2024-06-14 12:01:00,1590.75,1590.9,1589.55,1590.9,1051
2024-06-14 12:02:00,1590.85,1592.0,1590.4,1591.85,3424
2024-06-14 12:03:00,1592.0,1592.0,1590.0,1590.7,2263
2024-06-14 12:04:00,1590.7,1591.0,1590.45,1590.95,796
2024-06-14 12:05:00,1590.95,1591.0,1590.45,1590.95,882
2024-06-14 12:06:00,1590.95,1591.0,1590.05,1590.8,931
2024-06-14 12:07:00,1590.8,1591.0,1590.05,1591.0,881
2024-06-14 12:08:00,1591.0,1591.0,1590.0,1591.0,1408
2024-06-14 12:09:00,1591.0,1591.0,1590.1,1590.7,825
2024-06-14 12:10:00,1590.7,1591.0,1590.35,1590.9,852
2024-06-14 12:11:00,1590.9,1591.2,1590.35,1591.2,1085
2024-06-14 12:12:00,1591.45,1592.0,1591.45,1592.0,1085
2024-06-14 12:13:00,1592.0,1592.0,1591.0,1591.75,2182
2024-06-14 12:14:00,1591.75,1592.0,1591.3,1591.85,887
2024-06-14 12:15:00,1591.85,1593.8,1591.5,1593.45,5942
2024-06-14 12:16:00,1593.15,1594.0,1593.15,1593.95,2159
2024-06-14 12:17:00,1593.95,1594.0,1593.25,1593.6,1777
2024-06-14 12:18:00,1593.6,1594.0,1592.85,1593.8,2230
2024-06-14 12:19:00,1593.9,1593.95,1593.05,1593.9,2253
2024-06-14 12:20:00,1593.9,1593.9,1593.0,1593.75,2643
2024-06-14 12:21:00,1593.7,1593.7,1592.5,1593.3,1120
2024-06-14 12:22:00,1593.25,1593.3,1591.85,1592.35,2074
2024-06-14 12:23:00,1592.35,1592.5,1591.05,1592.0,2412
2024-06-14 12:24:00,1592.45,1592.65,1591.7,1592.65,1000
2024-06-14 12:25:00,1592.65,1593.5,1592.15,1593.5,1034
2024-06-14 12:26:00,1593.5,1594.35,1593.0,1594.35,3814
2024-06-14 12:27:00,1594.1,1594.5,1593.5,1594.25,1537
2024-06-14 12:28:00,1594.0,1594.25,1593.0,1593.7,1429
2024-06-14 12:29:00,1593.7,1593.9,1592.65,1593.0,1282
2024-06-14 12:30:00,1593.5,1593.9,1592.4,1593.75,1103
2024-06-14 12:31:00,1593.75,1594.3,1593.2,1594.0,1527
2024-06-14 12:32:00,1594.15,1594.2,1591.55,1592.35,6205
2024-06-14 12:33:00,1592.95,1593.35,1592.05,1592.05,1279
2024-06-14 12:34:00,1592.05,1593.5,1592.05,1592.75,1008
2024-06-14 12:35:00,1592.75,1593.6,1592.05,1592.4,1210
2024-06-14 12:36:00,1592.4,1592.55,1591.35,1591.75,1211
2024-06-14 12:37:00,1591.75,1592.25,1590.75,1591.5,1567
2024-06-14 12:38:00,1591.5,1591.85,1590.5,1591.55,1506
2024-06-14 12:39:00,1590.7,1592.2,1590.7,1592.15,871
2024-06-14 12:40:00,1592.15,1592.2,1591.2,1592.15,1235
2024-06-14 12:41:00,1592.15,1593.0,1591.6,1593.0,2775
2024-06-14 12:42:00,1593.0,1593.2,1592.35,1593.15,1163
2024-06-14 12:43:00,1593.15,1594.0,1592.75,1593.8,1276
2024-06-14 12:44:00,1593.8,1594.0,1592.15,1592.7,1630
2024-06-14 12:45:00,1593.0,1593.85,1592.5,1593.7,1055
2024-06-14 12:46:00,1593.7,1593.7,1592.65,1593.0,1275
2024-06-14 12:47:00,1593.7,1593.7,1592.6,1593.45,1086
2024-06-14 12:48:00,1593.45,1594.0,1593.05,1594.0,1014
2024-06-14 12:49:00,1593.85,1594.9,1593.75,1594.9,2344
2024-06-14 12:50:00,1594.65,1595.0,1593.85,1595.0,2676
2024-06-14 12:51:00,1595.0,1595.0,1594.2,1594.95,1224
2024-06-14 12:52:00,1594.9,1595.0,1594.05,1594.55,2252
2024-06-14 12:53:00,1594.55,1594.95,1594.0,1594.9,1367
2024-06-14 12:54:00,1594.9,1594.95,1594.0,1594.8,1022
2024-06-14 12:55:00,1594.8,1595.0,1594.05,1595.0,1297
2024-06-14 12:56:00,1595.0,1595.0,1594.2,1595.0,1533
2024-06-14 12:57:00,1595.0,1595.0,1594.1,1594.95,1205
2024-06-14 12:58:00,1594.95,1594.95,1594.0,1594.0,1002
2024-06-14 12:59:00,1594.0,1594.7,1593.75,1594.1,1272
2024-06-14 13:00:00,1594.1,1594.45,1592.55,1593.0,1089
2024-06-14 13:01:00,1592.9,1593.6,1592.0,1592.25,779
2024-06-14 13:02:00,1592.8,1592.8,1590.8,1591.45,1308
2024-06-14 13:03:00,1591.45,1591.55,1590.1,1591.0,1412
2024-06-14 13:04:00,1591.0,1591.6,1590.1,1590.65,1348
2024-06-14 13:05:00,1590.65,1591.2,1590.2,1590.95,562
2024-06-14 13:06:00,1590.95,1591.5,1590.2,1590.95,1200
2024-06-14 13:07:00,1590.95,1591.0,1590.25,1590.7,307
2024-06-14 13:08:00,1590.7,1591.65,1590.1,1591.3,1977
2024-06-14 13:09:00,1591.3,1591.7,1590.4,1591.35,462
2024-06-14 13:10:00,1591.35,1591.45,1590.3,1590.75,431
2024-06-14 13:11:00,1591.0,1591.0,1590.3,1590.3,617
2024-06-14 13:12:00,1590.3,1591.0,1590.3,1590.95,170
2024-06-14 13:13:00,1590.55,1590.95,1590.3,1590.85,324
2024-06-14 13:14:00,1590.9,1590.9,1589.2,1590.65,2135
2024-06-14 13:15:00,1590.65,1591.0,1589.35,1590.95,553
2024-06-14 13:16:00,1590.95,1591.0,1589.6,1590.95,300
2024-06-14 13:17:00,1590.95,1591.0,1589.7,1590.9,934
2024-06-14 13:18:00,1590.95,1591.0,1590.0,1590.8,425
2024-06-14 13:19:00,1590.8,1591.25,1590.0,1590.9,1029
2024-06-14 13:20:00,1590.9,1591.0,1590.0,1591.0,810
2024-06-14 13:21:00,1591.0,1591.35,1590.05,1590.05,2384
2024-06-14 13:22:00,1590.8,1590.8,1589.45,1589.45,709
2024-06-14 13:23:00,1589.45,1590.3,1589.45,1589.9,421
2024-06-14 13:24:00,1589.9,1589.95,1588.85,1589.45,723
2024-06-14 13:25:00,1589.45,1589.5,1588.55,1588.9,726
2024-06-14 13:26:00,1588.9,1589.15,1587.8,1589.0,1694
2024-06-14 13:27:00,1589.0,1589.65,1588.45,1589.65,306
2024-06-14 13:28:00,1589.65,1590.15,1589.25,1589.5,491
2024-06-14 13:29:00,1589.55,1590.25,1589.55,1590.1,330
2024-06-14 13:30:00,1590.1,1590.1,1589.35,1590.0,506
2024-06-14 13:31:00,1590.0,1590.0,1588.6,1588.65,2565
2024-06-14 13:32:00,1588.65,1588.95,1588.0,1588.95,961
2024-06-14 13:33:00,1588.95,1588.95,1587.65,1588.65,372
2024-06-14 13:34:00,1588.65,1588.65,1587.15,1587.5,1018
2024-06-14 13:35:00,1587.5,1587.5,1587.0,1587.5,930
2024-06-14 13:36:00,1587.5,1588.85,1587.15,1588.85,1983
2024-06-14 13:37:00,1588.85,1588.95,1587.05,1588.0,679
2024-06-14 13:38:00,1588.0,1588.65,1587.2,1587.55,426
2024-06-14 13:39:00,1587.55,1588.7,1587.55,1588.25,607
2024-06-14 13:40:00,1588.25,1588.45,1587.15,1587.9,186
2024-06-14 13:41:00,1587.45,1588.5,1587.1,1588.25,379
2024-06-14 13:42:00,1588.45,1588.95,1587.8,1588.6,441
2024-06-14 13:43:00,1588.6,1588.6,1587.8,1588.45,187
2024-06-14 13:44:00,1588.45,1588.5,1587.8,1588.5,618
2024-06-14 13:45:00,1588.5,1588.5,1587.3,1587.35,382
2024-06-14 13:46:00,1587.05,1588.05,1587.05,1587.1,413
2024-06-14 13:47:00,1587.05,1588.3,1586.5,1587.6,1278
2024-06-14 13:48:00,1587.2,1587.9,1586.55,1587.25,845
2024-06-14 13:49:00,1587.25,1587.55,1586.55,1586.55,597
2024-06-14 13:50:00,1586.55,1587.7,1586.55,1587.65,194
2024-06-14 13:51:00,1587.3,1587.9,1587.0,1587.7,491
2024-06-14 13:52:00,1587.7,1587.85,1586.65,1587.55,332
2024-06-14 13:53:00,1587.35,1587.4,1586.1,1587.0,1448
2024-06-14 13:54:00,1587.0,1587.25,1585.4,1586.15,722
2024-06-14 13:55:00,1586.15,1586.3,1585.1,1586.3,289
2024-06-14 13:56:00,1586.3,1586.65,1585.35,1585.8,297
2024-06-14 13:57:00,1585.8,1586.75,1585.7,1586.65,445
2024-06-14 13:58:00,1586.65,1586.75,1586.0,1586.65,179
2024-06-14 13:59:00,1586.65,1586.75,1586.0,1586.65,431
2024-06-14 14:00:00,1586.65,1586.85,1585.8,1585.8,1007
2024-06-14 14:01:00,1586.15,1586.65,1585.45,1586.15,741
2024-06-14 14:02:00,1586.15,1586.7,1585.75,1586.6,170
2024-06-14 14:03:00,1586.6,1586.6,1585.8,1585.9,243
2024-06-14 14:04:00,1585.9,1586.6,1585.9,1586.5,258
2024-06-14 14:05:00,1586.5,1588.4,1586.05,1588.25,3406
2024-06-14 14:06:00,1588.25,1588.3,1586.3,1587.3,1521
2024-06-14 14:07:00,1587.3,1587.6,1586.15,1587.55,758
2024-06-14 14:08:00,1587.0,1587.45,1586.3,1587.35,616
2024-06-14 14:09:00,1586.6,1587.75,1586.6,1586.8,1054
2024-06-14 14:10:00,1586.8,1587.45,1586.55,1587.45,304
2024-06-14 14:11:00,1587.45,1587.45,1586.05,1586.9,735
2024-06-14 14:12:00,1586.15,1587.05,1585.55,1586.85,367
2024-06-14 14:13:00,1586.85,1587.6,1586.25,1587.45,739
2024-06-14 14:14:00,1586.7,1587.4,1586.35,1587.05,354
2024-06-14 14:15:00,1587.05,1587.4,1586.15,1587.35,256
2024-06-14 14:16:00,1587.35,1588.0,1586.75,1587.65,762
2024-06-14 14:17:00,1587.65,1588.0,1587.0,1587.8,950
2024-06-14 14:18:00,1587.8,1588.8,1587.4,1588.45,1393
2024-06-14 14:19:00,1588.45,1589.0,1587.85,1589.0,308
2024-06-14 14:20:00,1589.0,1589.7,1588.55,1589.2,1587
2024-06-14 14:21:00,1589.2,1589.35,1588.6,1588.7,869
2024-06-14 14:22:00,1588.7,1588.9,1588.0,1588.65,230
2024-06-14 14:23:00,1588.65,1589.5,1588.5,1589.15,542
2024-06-14 14:24:00,1589.15,1589.15,1588.1,1588.95,164
2024-06-14 14:25:00,1588.95,1589.75,1588.3,1589.3,1855
2024-06-14 14:26:00,1588.85,1590.0,1588.8,1590.0,506
2024-06-14 14:27:00,1590.0,1590.0,1589.05,1589.85,469
2024-06-14 14:28:00,1588.9,1590.6,1588.9,1590.6,3318
2024-06-14 14:29:00,1590.6,1590.7,1589.05,1590.65,1256
2024-06-14 14:30:00,1590.65,1590.65,1590.05,1590.6,704
2024-06-14 14:31:00,1590.6,1590.95,1590.0,1590.0,2329
2024-06-14 14:32:00,1589.75,1590.7,1589.3,1589.95,1038
2024-06-14 14:33:00,1589.95,1590.5,1589.05,1589.95,1284
2024-06-14 14:34:00,1589.95,1590.3,1589.4,1590.0,254
2024-06-14 14:35:00,1589.55,1590.65,1589.5,1590.4,486
2024-06-14 14:36:00,1590.4,1590.65,1590.0,1590.6,340
2024-06-14 14:37:00,1590.6,1590.7,1590.0,1590.6,754
2024-06-14 14:38:00,1590.6,1590.6,1590.0,1590.6,186
2024-06-14 14:39:00,1590.6,1590.6,1589.95,1590.6,578
2024-06-14 14:40:00,1590.0,1590.6,1589.5,1590.0,1284
2024-06-14 14:41:00,1590.0,1590.6,1589.7,1589.9,885
2024-06-14 14:42:00,1589.9,1590.4,1589.1,1589.95,644
2024-06-14 14:43:00,1589.95,1590.0,1589.1,1589.3,798
2024-06-14 14:44:00,1589.3,1590.0,1589.15,1590.0,390
2024-06-14 14:45:00,1590.0,1590.0,1589.5,1590.0,504
2024-06-14 14:46:00,1590.0,1590.75,1589.65,1590.65,1555
2024-06-14 14:47:00,1590.65,1590.95,1590.3,1590.85,606
2024-06-14 14:48:00,1590.95,1592.8,1590.85,1592.2,5484
2024-06-14 14:49:00,1592.45,1593.0,1592.2,1592.7,2001
2024-06-14 14:50:00,1592.7,1592.7,1591.7,1592.45,599
2024-06-14 14:51:00,1592.45,1592.45,1591.6,1592.2,735
2024-06-14 14:52:00,1592.2,1593.0,1591.45,1593.0,3959
2024-06-14 14:53:00,1593.0,1594.0,1592.9,1593.95,1677
2024-06-14 14:54:00,1594.0,1594.5,1593.3,1593.85,2842
2024-06-14 14:55:00,1593.85,1594.5,1593.1,1593.65,5487
2024-06-14 14:56:00,1593.65,1594.1,1593.1,1593.95,966
2024-06-14 14:57:00,1593.95,1594.45,1592.95,1594.05,2089
2024-06-14 14:58:00,1594.05,1594.5,1593.35,1594.5,1456
2024-06-14 14:59:00,1594.5,1594.75,1594.0,1594.5,2256
2024-06-14 15:00:00,1594.45,1595.45,1593.15,1595.4,9756
2024-06-14 15:01:00,1595.4,1596.0,1595.0,1595.2,4381
2024-06-14 15:02:00,1595.2,1595.7,1594.55,1594.95,3997
2024-06-14 15:03:00,1595.15,1596.0,1594.85,1595.4,5016
2024-06-14 15:04:00,1595.65,1595.65,1594.5,1595.25,4910
2024-06-14 15:05:00,1594.7,1595.55,1594.15,1594.7,4768
2024-06-14 15:06:00,1594.7,1595.0,1593.2,1594.0,4110
2024-06-14 15:07:00,1594.0,1594.0,1592.45,1592.55,4000
2024-06-14 15:08:00,1592.55,1593.95,1591.9,1593.75,4259
2024-06-14 15:09:00,1593.75,1594.0,1592.95,1593.9,3538
2024-06-14 15:10:00,1593.9,1594.1,1592.0,1592.95,6535
2024-06-14 15:11:00,1592.65,1593.0,1592.45,1593.0,3036
2024-06-14 15:12:00,1593.4,1593.45,1591.55,1591.55,4621
2024-06-14 15:13:00,1592.7,1593.1,1591.4,1592.5,4517
2024-06-14 15:14:00,1592.3,1592.85,1591.15,1591.8,4900
2024-06-14 15:15:00,1591.8,1592.55,1590.7,1592.35,4728
2024-06-14 15:16:00,1592.35,1592.5,1590.65,1591.15,5789
2024-06-14 15:17:00,1591.1,1591.15,1589.7,1590.4,5253
2024-06-14 15:18:00,1590.1,1590.1,1588.3,1589.4,4922
2024-06-14 15:19:00,1589.45,1589.75,1588.55,1589.15,3920
2024-06-14 15:20:00,1589.65,1589.9,1588.2,1589.75,5860
2024-06-14 15:21:00,1589.75,1589.95,1588.15,1589.85,6480
2024-06-14 15:22:00,1589.75,1590.0,1588.2,1589.85,3443
2024-06-14 15:23:00,1589.85,1589.9,1587.45,1588.65,4806
2024-06-14 15:24:00,1588.65,1590.0,1588.0,1589.9,3513
2024-06-14 15:25:00,1589.6,1589.85,1587.8,1589.0,4574
2024-06-14 15:26:00,1589.0,1589.85,1587.25,1589.6,4270
2024-06-14 15:27:00,1589.6,1589.8,1588.0,1589.45,6197
2024-06-14 15:28:00,1588.95,1589.45,1587.0,1587.5,3897
2024-06-14 15:29:00,1587.55,1589.0,1585.1,1587.05,3266
