date,open,high,low,close,volume
2024-04-29 09:15:00,4801.1,4809.95,4789.6,4794.05,3997
2024-04-29 09:16:00,4789.15,4806.25,4784.7,4800.0,2710
2024-04-29 09:17:00,4800.0,4801.15,4790.65,4794.1,1482
2024-04-29 09:18:00,4790.65,4793.85,4780.1,4781.4,2188
2024-04-29 09:19:00,4785.25,4801.0,4785.25,4800.45,2604
2024-04-29 09:20:00,4803.15,4809.25,4802.05,4808.85,2304
2024-04-29 09:21:00,4803.9,4807.9,4800.1,4803.2,2287
2024-04-29 09:22:00,4803.2,4806.25,4788.1,4788.1,2875
2024-04-29 09:23:00,4789.3,4800.0,4788.55,4788.55,2870
2024-04-29 09:24:00,4790.9,4790.9,4775.35,4780.6,2111
2024-04-29 09:25:00,4780.55,4795.25,4780.55,4791.45,816
2024-04-29 09:26:00,4789.0,4791.6,4783.0,4786.05,703
2024-04-29 09:27:00,4786.05,4787.45,4781.55,4781.55,883
2024-04-29 09:28:00,4781.55,4783.75,4774.55,4775.2,1000
2024-04-29 09:29:00,4775.2,4777.1,4762.7,4762.7,3293
2024-04-29 09:30:00,4761.05,4771.05,4760.65,4770.0,2742
2024-04-29 09:31:00,4770.0,4771.5,4765.05,4769.45,1086
2024-04-29 09:32:00,4769.45,4780.0,4765.95,4779.9,896
2024-04-29 09:33:00,4777.45,4780.55,4768.45,4768.45,3306
2024-04-29 09:34:00,4768.45,4778.95,4768.45,4774.45,1830
2024-04-29 09:35:00,4774.45,4780.45,4771.55,4775.0,1072
2024-04-29 09:36:00,4775.2,4780.95,4775.0,4776.3,816
2024-04-29 09:37:00,4776.3,4787.95,4776.05,4781.6,1535
2024-04-29 09:38:00,4781.7,4788.8,4780.6,4782.6,1097
2024-04-29 09:39:00,4782.6,4783.6,4775.45,4780.95,1007
2024-04-29 09:40:00,4783.25,4785.0,4780.05,4780.05,523
2024-04-29 09:41:00,4780.05,4780.1,4775.15,4776.4,318
2024-04-29 09:42:00,4779.15,4780.45,4772.2,4776.0,1582
2024-04-29 09:43:00,4776.0,4778.05,4767.05,4770.0,1280
2024-04-29 09:44:00,4770.0,4771.75,4765.0,4766.6,946
2024-04-29 09:45:00,4765.0,4766.75,4755.4,4757.85,2417
2024-04-29 09:46:00,4755.6,4757.8,4750.9,4751.0,1468
2024-04-29 09:47:00,4750.8,4764.8,4750.5,4763.8,1067
2024-04-29 09:48:00,4763.8,4764.25,4761.05,4761.75,397
2024-04-29 09:49:00,4761.75,4762.45,4751.75,4755.45,1016
2024-04-29 09:50:00,4755.45,4757.6,4746.1,4746.1,1860
2024-04-29 09:51:00,4746.15,4752.45,4743.3,4744.9,2093
2024-04-29 09:52:00,4743.05,4752.25,4742.15,4752.25,1059
2024-04-29 09:53:00,4752.25,4754.35,4745.55,4747.25,3020
2024-04-29 09:54:00,4747.25,4748.85,4737.65,4739.1,2352
2024-04-29 09:55:00,4735.0,4740.8,4726.4,4730.0,8648
2024-04-29 09:56:00,4730.0,4740.1,4730.0,4732.5,1404
2024-04-29 09:57:00,4732.5,4737.7,4731.0,4731.0,954
2024-04-29 09:58:00,4731.0,4733.85,4720.6,4720.6,2266
2024-04-29 09:59:00,4720.65,4733.8,4720.0,4733.8,2213
2024-04-29 10:00:00,4733.85,4736.95,4732.35,4735.0,902
2024-04-29 10:01:00,4733.0,4741.45,4733.0,4738.9,1094
2024-04-29 10:02:00,4738.85,4743.65,4733.95,4733.95,1209
2024-04-29 10:03:00,4733.95,4736.85,4730.0,4730.0,521
2024-04-29 10:04:00,4731.6,4735.45,4728.05,4733.7,573
2024-04-29 10:05:00,4732.55,4742.0,4731.35,4739.25,347
2024-04-29 10:06:00,4741.6,4741.6,4728.05,4728.05,638
2024-04-29 10:07:00,4728.05,4731.5,4728.05,4729.4,156
2024-04-29 10:08:00,4729.4,4735.75,4729.15,4733.6,588
2024-04-29 10:09:00,4734.95,4736.6,4727.55,4727.55,997
2024-04-29 10:10:00,4727.5,4733.2,4725.6,4727.6,730
2024-04-29 10:11:00,4727.6,4732.85,4727.6,4730.8,275
2024-04-29 10:12:00,4730.8,4731.85,4729.4,4731.25,529
2024-04-29 10:13:00,4729.55,4730.35,4727.6,4728.05,547
2024-04-29 10:14:00,4729.45,4729.65,4727.05,4729.65,733
2024-04-29 10:15:00,4729.65,4734.65,4729.65,4732.65,530
2024-04-29 10:16:00,4732.0,4733.9,4730.3,4733.75,189
2024-04-29 10:17:00,4733.75,4734.0,4730.0,4730.55,383
2024-04-29 10:18:00,4730.55,4737.0,4728.1,4737.0,2059
2024-04-29 10:19:00,4737.0,4743.25,4729.7,4735.1,1350
2024-04-29 10:20:00,4735.1,4738.75,4732.0,4732.0,745
2024-04-29 10:21:00,4732.0,4735.9,4732.0,4733.0,124
2024-04-29 10:22:00,4733.0,4736.35,4733.0,4736.3,265
2024-04-29 10:23:00,4733.2,4736.55,4733.0,4734.8,219
2024-04-29 10:24:00,4733.4,4735.1,4732.1,4732.9,386
2024-04-29 10:25:00,4732.9,4742.4,4732.9,4742.15,744
2024-04-29 10:26:00,4742.25,4747.8,4739.2,4741.65,1135
2024-04-29 10:27:00,4741.65,4745.25,4737.6,4740.45,649
2024-04-29 10:28:00,4740.45,4742.85,4738.55,4738.8,398
2024-04-29 10:29:00,4738.5,4741.7,4738.5,4740.7,194
2024-04-29 10:30:00,4740.7,4746.75,4740.7,4746.6,455
2024-04-29 10:31:00,4746.6,4747.55,4738.4,4741.8,491
2024-04-29 10:32:00,4741.8,4744.95,4740.65,4740.65,245
2024-04-29 10:33:00,4740.65,4744.65,4740.65,4743.75,333
2024-04-29 10:34:00,4743.75,4744.7,4741.7,4741.7,112
2024-04-29 10:35:00,4741.7,4743.15,4741.5,4741.95,121
2024-04-29 10:36:00,4742.0,4744.8,4742.0,4742.3,223
2024-04-29 10:37:00,4742.3,4745.75,4742.3,4745.75,123
2024-04-29 10:38:00,4745.7,4747.0,4744.5,4746.0,191
2024-04-29 10:39:00,4746.65,4747.5,4744.5,4745.3,444
2024-04-29 10:40:00,4745.3,4746.9,4739.2,4746.9,1031
2024-04-29 10:41:00,4746.95,4751.1,4744.6,4750.0,1989
2024-04-29 10:42:00,4750.0,4752.0,4750.0,4750.9,303
2024-04-29 10:43:00,4750.9,4754.0,4750.9,4752.0,550
2024-04-29 10:44:00,4752.0,4754.0,4751.0,4751.0,239
2024-04-29 10:45:00,4751.0,4753.6,4747.5,4753.6,1142
2024-04-29 10:46:00,4753.6,4753.6,4750.0,4750.0,184
2024-04-29 10:47:00,4750.0,4752.45,4750.0,4750.35,233
2024-04-29 10:48:00,4750.35,4760.0,4750.35,4759.15,697
2024-04-29 10:49:00,4759.15,4760.65,4758.0,4760.65,546
2024-04-29 10:50:00,4759.8,4766.15,4759.8,4766.1,974
2024-04-29 10:51:00,4769.2,4769.25,4762.6,4763.05,1175
2024-04-29 10:52:00,4764.9,4764.95,4758.6,4759.0,1876
2024-04-29 10:53:00,4759.0,4765.0,4758.95,4762.65,1022
2024-04-29 10:54:00,4762.65,4763.7,4762.6,4762.85,253
2024-04-29 10:55:00,4762.85,4764.5,4761.0,4764.5,233
2024-04-29 10:56:00,4764.45,4764.45,4760.0,4761.95,92
2024-04-29 10:57:00,4761.95,4761.95,4757.8,4760.1,123
2024-04-29 10:58:00,4758.9,4760.1,4757.45,4758.1,196
2024-04-29 10:59:00,4758.1,4761.0,4758.0,4758.0,305
2024-04-29 11:00:00,4758.0,4760.5,4755.1,4755.1,692
2024-04-29 11:01:00,4755.1,4757.45,4755.1,4755.1,166
2024-04-29 11:02:00,4755.1,4757.2,4752.1,4752.1,222
2024-04-29 11:03:00,4752.1,4754.8,4752.1,4753.25,64
2024-04-29 11:04:00,4753.25,4761.65,4753.25,4759.75,129
2024-04-29 11:05:00,4759.75,4759.75,4756.0,4758.35,183
2024-04-29 11:06:00,4757.45,4758.45,4755.55,4757.4,172
2024-04-29 11:07:00,4757.4,4760.0,4751.4,4751.55,429
2024-04-29 11:08:00,4751.55,4756.85,4751.3,4753.4,91
2024-04-29 11:09:00,4753.4,4754.0,4750.05,4750.05,350
2024-04-29 11:10:00,4750.05,4750.8,4750.0,4750.0,142
2024-04-29 11:11:00,4750.0,4753.2,4750.0,4750.45,365
2024-04-29 11:12:00,4750.05,4752.25,4750.0,4750.35,221
2024-04-29 11:13:00,4750.35,4752.0,4750.0,4751.25,127
2024-04-29 11:14:00,4751.25,4755.0,4750.45,4755.0,138
2024-04-29 11:15:00,4753.15,4756.3,4750.6,4750.6,280
2024-04-29 11:16:00,4750.6,4751.7,4750.45,4750.45,337
2024-04-29 11:17:00,4750.45,4750.45,4750.0,4750.1,1080
2024-04-29 11:18:00,4750.1,4751.05,4747.0,4751.05,574
2024-04-29 11:19:00,4751.05,4751.05,4747.7,4748.7,72
2024-04-29 11:20:00,4748.7,4751.2,4748.7,4751.0,69
2024-04-29 11:21:00,4751.0,4751.0,4748.5,4748.7,99
2024-04-29 11:22:00,4748.7,4751.75,4748.5,4749.7,223
2024-04-29 11:23:00,4749.7,4751.95,4748.65,4750.35,215
2024-04-29 11:24:00,4750.0,4750.8,4748.9,4750.0,186
2024-04-29 11:25:00,4750.3,4750.85,4750.0,4750.0,138
2024-04-29 11:26:00,4750.0,4750.05,4750.0,4750.0,168
2024-04-29 11:27:00,4750.0,4750.25,4743.65,4748.85,3459
2024-04-29 11:28:00,4748.85,4751.4,4748.85,4750.0,143
2024-04-29 11:29:00,4750.0,4751.75,4750.0,4750.0,851
2024-04-29 11:30:00,4750.0,4751.2,4745.3,4750.0,2210
2024-04-29 11:31:00,4750.0,4751.0,4750.0,4750.05,753
2024-04-29 11:32:00,4750.0,4752.2,4750.0,4750.0,6787
2024-04-29 11:33:00,4750.0,4752.75,4750.0,4750.45,516
2024-04-29 11:34:00,4750.45,4753.15,4750.45,4753.05,214
2024-04-29 11:35:00,4752.2,4752.85,4751.8,4752.0,79
2024-04-29 11:36:00,4752.0,4752.1,4750.45,4751.45,166
2024-04-29 11:37:00,4751.45,4755.0,4751.3,4753.95,146
2024-04-29 11:38:00,4753.95,4754.0,4750.45,4752.4,87
2024-04-29 11:39:00,4752.4,4752.4,4750.0,4751.1,220
2024-04-29 11:40:00,4751.1,4757.75,4750.0,4756.75,186
2024-04-29 11:41:00,4756.75,4759.6,4753.35,4754.65,164
2024-04-29 11:42:00,4754.65,4758.05,4753.8,4754.1,211
2024-04-29 11:43:00,4754.1,4755.7,4752.35,4753.55,126
2024-04-29 11:44:00,4752.85,4753.4,4751.0,4752.4,130
2024-04-29 11:45:00,4752.4,4752.5,4750.0,4750.0,564
2024-04-29 11:46:00,4750.05,4753.55,4750.05,4751.15,177
2024-04-29 11:47:00,4750.4,4751.15,4747.55,4749.1,1929
2024-04-29 11:48:00,4749.1,4751.0,4747.05,4751.0,269
2024-04-29 11:49:00,4751.0,4751.7,4750.0,4750.85,430
2024-04-29 11:50:00,4750.8,4750.8,4745.6,4747.65,2101
2024-04-29 11:51:00,4747.65,4750.75,4746.0,4749.0,2176
2024-04-29 11:52:00,4749.0,4750.1,4748.0,4748.0,3682
2024-04-29 11:53:00,4748.0,4750.0,4746.8,4747.3,2508
2024-04-29 11:54:00,4749.3,4749.4,4746.0,4746.0,119
2024-04-29 11:55:00,4746.0,4746.0,4740.6,4740.6,565
2024-04-29 11:56:00,4740.6,4745.4,4740.6,4744.55,259
2024-04-29 11:57:00,4745.9,4746.9,4744.55,4744.95,215
2024-04-29 11:58:00,4744.95,4744.95,4737.6,4739.8,807
2024-04-29 11:59:00,4739.8,4740.0,4737.55,4739.95,413
2024-04-29 12:00:00,4740.0,4740.55,4740.0,4740.0,112
2024-04-29 12:01:00,4740.0,4748.5,4740.0,4746.65,614
2024-04-29 12:02:00,4746.65,4747.95,4745.0,4745.0,444
2024-04-29 12:03:00,4745.0,4746.7,4745.0,4746.2,98
2024-04-29 12:04:00,4746.2,4747.0,4745.0,4746.0,84
2024-04-29 12:05:00,4746.0,4746.15,4745.0,4745.1,1164
2024-04-29 12:06:00,4745.95,4745.95,4744.0,4745.0,2211
2024-04-29 12:07:00,4745.0,4745.6,4741.0,4742.1,2197
2024-04-29 12:08:00,4742.1,4742.1,4740.0,4740.7,1102
2024-04-29 12:09:00,4740.7,4742.15,4740.5,4742.15,205
2024-04-29 12:10:00,4742.15,4742.4,4740.55,4742.4,80
2024-04-29 12:11:00,4740.6,4742.4,4740.6,4741.3,211
2024-04-29 12:12:00,4742.55,4742.55,4740.55,4740.55,173
2024-04-29 12:13:00,4740.55,4742.3,4740.35,4740.5,575
2024-04-29 12:14:00,4740.5,4741.85,4739.75,4739.75,3681
2024-04-29 12:15:00,4739.75,4740.0,4735.8,4736.15,1632
2024-04-29 12:16:00,4738.5,4738.5,4733.2,4733.2,302
2024-04-29 12:17:00,4733.2,4735.7,4733.2,4734.7,138
2024-04-29 12:18:00,4735.6,4735.6,4733.0,4733.0,414
2024-04-29 12:19:00,4733.15,4735.55,4733.0,4735.35,186
2024-04-29 12:20:00,4735.35,4737.4,4735.35,4737.1,142
2024-04-29 12:21:00,4737.1,4739.45,4735.35,4736.85,137
2024-04-29 12:22:00,4736.85,4740.0,4736.1,4737.75,127
2024-04-29 12:23:00,4739.9,4739.95,4736.45,4736.45,82
2024-04-29 12:24:00,4736.45,4738.45,4736.45,4736.55,91
2024-04-29 12:25:00,4736.55,4737.2,4735.0,4735.0,198
2024-04-29 12:26:00,4735.0,4736.3,4735.0,4735.25,73
2024-04-29 12:27:00,4736.15,4737.95,4735.0,4736.05,229
2024-04-29 12:28:00,4737.75,4739.7,4736.5,4738.15,112
2024-04-29 12:29:00,4738.15,4740.0,4738.0,4738.0,894
2024-04-29 12:30:00,4738.0,4739.5,4738.0,4738.0,65
2024-04-29 12:31:00,4738.0,4738.0,4735.0,4736.15,532
2024-04-29 12:32:00,4736.15,4737.95,4736.15,4737.0,119
2024-04-29 12:33:00,4737.0,4738.7,4734.9,4735.0,2141
2024-04-29 12:34:00,4735.0,4736.95,4734.9,4734.9,5357
2024-04-29 12:35:00,4734.9,4735.0,4731.1,4732.55,1476
2024-04-29 12:36:00,4732.55,4733.0,4731.0,4732.05,182
2024-04-29 12:37:00,4732.05,4736.1,4732.05,4736.05,1990
2024-04-29 12:38:00,4736.05,4736.05,4735.0,4735.0,58
2024-04-29 12:39:00,4735.0,4736.85,4735.0,4736.45,45
2024-04-29 12:40:00,4735.2,4736.1,4735.0,4735.0,89
2024-04-29 12:41:00,4735.05,4736.2,4735.0,4735.0,119
2024-04-29 12:42:00,4735.0,4738.4,4735.0,4735.0,521
2024-04-29 12:43:00,4735.0,4736.45,4735.0,4736.2,99
2024-04-29 12:44:00,4735.1,4735.3,4735.0,4735.0,193
2024-04-29 12:45:00,4735.0,4736.95,4735.0,4735.0,135
2024-04-29 12:46:00,4735.0,4736.15,4735.0,4735.0,371
2024-04-29 12:47:00,4735.0,4736.2,4735.0,4735.0,878
2024-04-29 12:48:00,4735.0,4735.6,4735.0,4735.05,121
2024-04-29 12:49:00,4735.05,4735.15,4735.0,4735.0,99
2024-04-29 12:50:00,4735.0,4736.85,4735.0,4735.0,218
2024-04-29 12:51:00,4735.0,4736.85,4735.0,4735.0,469
2024-04-29 12:52:00,4735.35,4735.9,4735.0,4735.45,264
2024-04-29 12:53:00,4736.6,4736.6,4735.0,4736.55,129
2024-04-29 12:54:00,4736.55,4736.55,4735.0,4735.0,65
2024-04-29 12:55:00,4735.0,4737.4,4735.0,4735.6,206
2024-04-29 12:56:00,4735.6,4739.45,4735.0,4735.0,402
2024-04-29 12:57:00,4735.0,4738.45,4735.0,4735.0,486
2024-04-29 12:58:00,4735.0,4740.55,4735.0,4739.25,185
2024-04-29 12:59:00,4739.25,4740.0,4736.9,4737.05,141
2024-04-29 13:00:00,4737.05,4739.7,4737.0,4737.4,145
2024-04-29 13:01:00,4737.4,4740.55,4736.25,4737.3,358
2024-04-29 13:02:00,4737.0,4741.4,4737.0,4738.95,337
2024-04-29 13:03:00,4738.95,4743.25,4738.95,4741.85,76
2024-04-29 13:04:00,4741.85,4744.7,4741.85,4742.6,104
2024-04-29 13:05:00,4742.6,4742.6,4736.3,4738.55,1321
2024-04-29 13:06:00,4738.55,4738.55,4735.0,4735.0,1193
2024-04-29 13:07:00,4735.05,4736.8,4735.0,4735.0,148
2024-04-29 13:08:00,4735.0,4738.1,4735.0,4735.0,325
2024-04-29 13:09:00,4735.05,4738.45,4735.0,4735.35,143
2024-04-29 13:10:00,4735.35,4736.25,4735.25,4736.15,282
2024-04-29 13:11:00,4736.15,4736.15,4735.25,4735.85,86
2024-04-29 13:12:00,4735.85,4736.35,4735.25,4735.25,78
2024-04-29 13:13:00,4735.25,4736.3,4735.25,4735.25,54
2024-04-29 13:14:00,4735.25,4736.9,4735.0,4736.45,265
2024-04-29 13:15:00,4736.45,4736.45,4730.75,4735.0,3065
2024-04-29 13:16:00,4735.0,4735.85,4735.0,4735.45,327
2024-04-29 13:17:00,4735.05,4735.45,4735.0,4735.0,147
2024-04-29 13:18:00,4735.0,4736.15,4735.0,4735.4,90
2024-04-29 13:19:00,4735.4,4738.75,4735.35,4737.15,101
2024-04-29 13:20:00,4737.2,4740.0,4735.75,4736.95,1160
2024-04-29 13:21:00,4736.95,4737.8,4735.35,4735.4,146
2024-04-29 13:22:00,4735.4,4737.45,4735.0,4735.4,1072
2024-04-29 13:23:00,4735.4,4736.0,4735.0,4735.0,444
2024-04-29 13:24:00,4735.0,4735.95,4735.0,4735.0,238
2024-04-29 13:25:00,4735.0,4736.0,4733.5,4735.1,3012
2024-04-29 13:26:00,4735.1,4735.25,4733.5,4735.05,2795
2024-04-29 13:27:00,4735.05,4736.15,4735.0,4735.0,92
2024-04-29 13:28:00,4735.0,4737.1,4735.0,4735.1,427
2024-04-29 13:29:00,4735.1,4737.25,4735.0,4735.1,394
2024-04-29 13:30:00,4735.1,4737.25,4735.05,4735.05,108
2024-04-29 13:31:00,4735.05,4737.45,4735.05,4736.25,103
2024-04-29 13:32:00,4736.25,4738.95,4735.0,4736.65,468
2024-04-29 13:33:00,4735.25,4739.0,4735.25,4739.0,98
2024-04-29 13:34:00,4739.0,4739.0,4735.9,4736.0,200
2024-04-29 13:35:00,4735.9,4736.95,4734.9,4734.9,693
2024-04-29 13:36:00,4734.9,4736.2,4734.15,4734.8,78
2024-04-29 13:37:00,4734.8,4734.8,4733.05,4733.05,64
2024-04-29 13:38:00,4733.1,4734.85,4733.05,4733.3,144
2024-04-29 13:39:00,4733.5,4734.65,4733.05,4733.25,94
2024-04-29 13:40:00,4733.95,4735.7,4733.05,4733.4,116
2024-04-29 13:41:00,4733.65,4735.4,4733.25,4733.25,101
2024-04-29 13:42:00,4734.45,4734.95,4733.25,4734.25,215
2024-04-29 13:43:00,4734.25,4735.0,4734.0,4734.5,220
2024-04-29 13:44:00,4734.75,4735.0,4734.75,4734.95,149
2024-04-29 13:45:00,4734.9,4735.0,4733.0,4733.0,331
2024-04-29 13:46:00,4733.05,4735.0,4733.0,4734.45,173
2024-04-29 13:47:00,4734.45,4734.9,4732.95,4733.0,142
2024-04-29 13:48:00,4733.0,4734.65,4733.0,4733.3,104
2024-04-29 13:49:00,4733.3,4735.0,4733.0,4733.35,87
2024-04-29 13:50:00,4733.35,4734.55,4733.0,4733.0,302
2024-04-29 13:51:00,4733.0,4734.4,4732.0,4734.35,587
2024-04-29 13:52:00,4734.0,4734.0,4732.05,4733.5,290
2024-04-29 13:53:00,4733.5,4735.0,4732.95,4734.95,211
2024-04-29 13:54:00,4734.9,4734.9,4733.05,4733.15,92
2024-04-29 13:55:00,4733.15,4737.2,4733.05,4735.1,199
2024-04-29 13:56:00,4735.1,4735.1,4733.1,4734.95,76
2024-04-29 13:57:00,4734.9,4735.0,4733.0,4733.3,420
2024-04-29 13:58:00,4733.3,4734.2,4732.0,4734.2,1204
2024-04-29 13:59:00,4734.2,4735.0,4732.1,4733.15,230
2024-04-29 14:00:00,4733.1,4734.9,4733.05,4733.1,85
2024-04-29 14:01:00,4733.1,4734.25,4733.05,4733.65,218
2024-04-29 14:02:00,4733.65,4734.9,4732.25,4733.1,158
2024-04-29 14:03:00,4734.1,4735.0,4733.0,4734.0,269
2024-04-29 14:04:00,4734.9,4734.9,4734.0,4734.25,140
2024-04-29 14:05:00,4734.2,4734.9,4734.0,4734.25,127
2024-04-29 14:06:00,4734.3,4738.0,4734.25,4737.45,295
2024-04-29 14:07:00,4737.45,4738.0,4735.0,4735.05,89
2024-04-29 14:08:00,4735.0,4736.45,4733.45,4733.5,339
2024-04-29 14:09:00,4734.7,4735.0,4733.0,4733.1,221
2024-04-29 14:10:00,4734.0,4734.0,4733.1,4733.1,100
2024-04-29 14:11:00,4733.3,4734.95,4733.1,4734.65,121
2024-04-29 14:12:00,4734.65,4734.95,4733.1,4733.1,89
2024-04-29 14:13:00,4735.0,4735.0,4733.05,4733.85,763
2024-04-29 14:14:00,4733.85,4733.85,4726.2,4726.2,5195
2024-04-29 14:15:00,4726.2,4728.3,4725.0,4725.65,690
2024-04-29 14:16:00,4728.25,4728.25,4723.8,4723.8,793
2024-04-29 14:17:00,4723.8,4725.0,4720.0,4721.7,5590
2024-04-29 14:18:00,4721.7,4722.0,4719.0,4719.05,1035
2024-04-29 14:19:00,4719.2,4721.25,4716.75,4718.0,794
2024-04-29 14:20:00,4718.9,4721.55,4715.2,4718.5,1222
2024-04-29 14:21:00,4718.5,4725.0,4718.5,4724.85,2044
2024-04-29 14:22:00,4724.85,4726.9,4723.95,4725.5,2152
2024-04-29 14:23:00,4726.45,4727.0,4725.0,4725.05,169
2024-04-29 14:24:00,4725.05,4727.0,4725.0,4725.0,153
2024-04-29 14:25:00,4726.45,4726.45,4725.0,4725.0,148
2024-04-29 14:26:00,4725.0,4729.05,4725.0,4728.85,112
2024-04-29 14:27:00,4728.85,4730.7,4728.15,4730.0,201
2024-04-29 14:28:00,4730.7,4734.0,4730.0,4731.0,278
2024-04-29 14:29:00,4731.0,4733.15,4731.0,4731.0,163
2024-04-29 14:30:00,4731.1,4732.45,4731.0,4731.1,93
2024-04-29 14:31:00,4731.1,4731.3,4730.55,4730.8,186
2024-04-29 14:32:00,4730.8,4733.95,4730.0,4732.9,314
2024-04-29 14:33:00,4732.9,4735.0,4732.9,4733.5,724
2024-04-29 14:34:00,4734.2,4735.0,4733.5,4734.0,249
2024-04-29 14:35:00,4734.0,4735.0,4733.5,4735.0,3233
2024-04-29 14:36:00,4735.0,4735.0,4734.6,4735.0,10495
2024-04-29 14:37:00,4734.95,4735.0,4734.6,4734.6,228
2024-04-29 14:38:00,4734.95,4735.0,4734.6,4734.6,122
2024-04-29 14:39:00,4734.6,4734.8,4731.1,4734.25,315
2024-04-29 14:40:00,4734.25,4734.25,4732.15,4732.15,98
2024-04-29 14:41:00,4732.15,4733.15,4731.0,4733.0,191
2024-04-29 14:42:00,4731.05,4733.3,4731.0,4731.1,147
2024-04-29 14:43:00,4732.4,4734.15,4732.0,4732.4,519
2024-04-29 14:44:00,4732.4,4734.0,4731.5,4732.7,858
2024-04-29 14:45:00,4731.5,4733.7,4731.25,4731.75,1602
2024-04-29 14:46:00,4731.75,4734.55,4731.25,4733.25,785
2024-04-29 14:47:00,4734.5,4734.5,4732.0,4733.6,1230
2024-04-29 14:48:00,4733.6,4735.0,4733.55,4733.65,2824
2024-04-29 14:49:00,4733.65,4733.65,4732.0,4732.0,227
2024-04-29 14:50:00,4732.0,4735.0,4732.0,4734.5,531
2024-04-29 14:51:00,4734.55,4735.0,4734.5,4734.55,1903
2024-04-29 14:52:00,4734.7,4735.65,4734.55,4734.75,1018
2024-04-29 14:53:00,4734.55,4735.7,4734.55,4735.6,477
2024-04-29 14:54:00,4735.55,4736.0,4735.55,4735.85,483
2024-04-29 14:55:00,4735.9,4737.5,4735.85,4737.5,587
2024-04-29 14:56:00,4738.2,4742.4,4737.5,4739.3,1380
2024-04-29 14:57:00,4739.3,4739.3,4735.0,4736.15,1550
2024-04-29 14:58:00,4736.85,4736.85,4733.0,4733.0,4016
2024-04-29 14:59:00,4733.0,4737.4,4733.0,4737.35,250
2024-04-29 15:00:00,4737.3,4741.35,4731.15,4738.5,16006
2024-04-29 15:01:00,4738.5,4741.0,4733.9,4740.35,956
2024-04-29 15:02:00,4740.35,4745.95,4740.35,4743.7,1180
2024-04-29 15:03:00,4745.8,4748.0,4743.45,4745.6,1599
2024-04-29 15:04:00,4746.75,4746.75,4740.05,4742.85,2197
2024-04-29 15:05:00,4740.7,4745.0,4740.65,4743.45,568
2024-04-29 15:06:00,4743.45,4746.55,4742.5,4746.55,658
2024-04-29 15:07:00,4746.05,4748.0,4744.4,4747.0,621
2024-04-29 15:08:00,4747.0,4749.55,4746.1,4748.0,722
2024-04-29 15:09:00,4749.5,4751.55,4745.55,4749.1,5229
2024-04-29 15:10:00,4747.75,4749.0,4746.5,4748.9,667
2024-04-29 15:11:00,4748.9,4749.0,4745.0,4746.05,1286
2024-04-29 15:12:00,4746.0,4750.5,4745.55,4748.4,1210
2024-04-29 15:13:00,4749.7,4752.4,4748.4,4750.35,1266
2024-04-29 15:14:00,4750.8,4754.0,4750.7,4754.0,791
2024-04-29 15:15:00,4754.0,4755.0,4753.2,4753.5,1008
2024-04-29 15:16:00,4753.5,4756.85,4753.35,4756.25,1404
2024-04-29 15:17:00,4756.25,4756.8,4754.15,4755.55,2216
2024-04-29 15:18:00,4754.95,4756.0,4749.05,4750.35,2824
2024-04-29 15:19:00,4749.1,4749.15,4746.05,4746.75,631
2024-04-29 15:20:00,4747.3,4751.85,4746.8,4747.0,2637
2024-04-29 15:21:00,4746.75,4749.45,4746.0,4748.1,1275
2024-04-29 15:22:00,4748.5,4750.0,4748.0,4748.35,1252
2024-04-29 15:23:00,4748.35,4750.0,4748.25,4748.95,1041
2024-04-29 15:24:00,4748.95,4750.0,4748.9,4749.55,1682
2024-04-29 15:25:00,4749.6,4750.0,4749.55,4749.6,2314
2024-04-29 15:26:00,4749.55,4750.0,4749.55,4749.75,1755
2024-04-29 15:27:00,4749.7,4750.0,4749.0,4749.5,1468
2024-04-29 15:28:00,4750.0,4750.0,4749.0,4749.0,670
2024-04-29 15:29:00,4748.9,4749.0,4748.0,4748.1,941
2024-04-30 09:15:00,4750.0,4763.45,4750.0,4754.2,806
2024-04-30 09:16:00,4758.4,4763.95,4748.05,4760.3,1884
2024-04-30 09:17:00,4759.1,4763.95,4751.95,4762.55,2051
2024-04-30 09:18:00,4763.0,4767.0,4750.0,4750.0,2713
2024-04-30 09:19:00,4750.0,4751.2,4741.0,4747.3,1250
2024-04-30 09:20:00,4747.3,4750.3,4746.95,4747.0,742
2024-04-30 09:21:00,4748.6,4748.6,4735.0,4744.65,1435
2024-04-30 09:22:00,4744.65,4747.5,4742.9,4747.5,177
2024-04-30 09:23:00,4747.5,4748.2,4745.1,4746.05,283
2024-04-30 09:24:00,4746.05,4747.75,4743.0,4745.0,511
2024-04-30 09:25:00,4745.0,4745.1,4741.05,4745.0,751
2024-04-30 09:26:00,4745.0,4745.0,4742.0,4744.0,68
2024-04-30 09:27:00,4744.0,4744.65,4740.3,4744.65,246
2024-04-30 09:28:00,4744.65,4747.0,4742.4,4743.5,495
2024-04-30 09:29:00,4743.5,4745.0,4743.15,4745.0,210
2024-04-30 09:30:00,4743.5,4747.8,4743.5,4747.8,559
2024-04-30 09:31:00,4747.8,4755.0,4747.8,4751.3,1032
2024-04-30 09:32:00,4753.95,4757.5,4749.25,4752.7,459
2024-04-30 09:33:00,4755.0,4759.9,4755.0,4758.0,1605
2024-04-30 09:34:00,4758.0,4762.0,4755.0,4760.1,1242
2024-04-30 09:35:00,4760.1,4764.0,4760.0,4761.35,2286
2024-04-30 09:36:00,4763.5,4765.0,4761.3,4765.0,410
2024-04-30 09:37:00,4764.95,4765.0,4763.6,4765.0,404
2024-04-30 09:38:00,4765.0,4765.0,4764.0,4764.95,58
2024-04-30 09:39:00,4764.95,4765.0,4763.8,4764.0,1051
2024-04-30 09:40:00,4764.0,4770.0,4764.0,4770.0,1392
2024-04-30 09:41:00,4770.2,4773.65,4770.0,4771.95,1193
2024-04-30 09:42:00,4770.15,4771.15,4767.4,4768.45,463
2024-04-30 09:43:00,4769.15,4769.95,4766.0,4769.95,416
2024-04-30 09:44:00,4769.95,4770.0,4768.0,4769.95,184
2024-04-30 09:45:00,4769.95,4769.95,4765.05,4767.55,448
2024-04-30 09:46:00,4767.55,4769.0,4765.4,4765.4,374
2024-04-30 09:47:00,4765.4,4767.55,4763.1,4764.0,476
2024-04-30 09:48:00,4764.0,4764.95,4763.0,4764.95,160
2024-04-30 09:49:00,4764.95,4768.55,4764.95,4768.55,115
2024-04-30 09:50:00,4768.55,4772.5,4767.0,4771.8,784
2024-04-30 09:51:00,4771.8,4772.5,4770.0,4770.2,1245
2024-04-30 09:52:00,4771.85,4774.0,4770.2,4772.0,756
2024-04-30 09:53:00,4770.3,4772.0,4769.0,4769.0,478
2024-04-30 09:54:00,4769.0,4771.65,4766.95,4771.5,175
2024-04-30 09:55:00,4771.5,4773.7,4769.5,4773.6,745
2024-04-30 09:56:00,4773.6,4778.0,4773.6,4777.0,1860
2024-04-30 09:57:00,4777.0,4778.6,4773.05,4774.95,1361
2024-04-30 09:58:00,4775.1,4775.1,4771.15,4771.2,284
2024-04-30 09:59:00,4771.2,4772.0,4770.0,4770.0,136
2024-04-30 10:00:00,4770.0,4772.0,4769.0,4771.55,120
2024-04-30 10:01:00,4771.55,4771.55,4766.5,4766.5,290
2024-04-30 10:02:00,4766.5,4769.1,4765.0,4765.6,401
2024-04-30 10:03:00,4765.6,4768.05,4763.4,4763.75,874
2024-04-30 10:04:00,4763.75,4765.0,4763.0,4764.8,128
2024-04-30 10:05:00,4764.8,4764.8,4755.15,4757.05,1080
2024-04-30 10:06:00,4757.05,4761.25,4756.2,4758.9,528
2024-04-30 10:07:00,4758.9,4760.6,4758.9,4759.0,349
2024-04-30 10:08:00,4759.0,4761.45,4755.5,4761.45,214
2024-04-30 10:09:00,4761.45,4763.0,4758.9,4760.9,305
2024-04-30 10:10:00,4760.0,4765.0,4759.85,4765.0,610
2024-04-30 10:11:00,4765.0,4765.0,4758.9,4760.0,1145
2024-04-30 10:12:00,4760.0,4765.0,4760.0,4765.0,359
2024-04-30 10:13:00,4765.0,4765.0,4760.0,4761.35,511
2024-04-30 10:14:00,4761.35,4763.3,4760.3,4760.5,156
2024-04-30 10:15:00,4760.5,4765.0,4760.4,4765.0,99
2024-04-30 10:16:00,4762.75,4765.0,4762.75,4765.0,160
2024-04-30 10:17:00,4765.0,4765.9,4761.1,4764.65,619
2024-04-30 10:18:00,4764.65,4765.0,4759.5,4759.5,1625
2024-04-30 10:19:00,4759.5,4762.0,4759.5,4761.9,43
2024-04-30 10:20:00,4761.9,4763.0,4760.05,4760.4,72
2024-04-30 10:21:00,4760.4,4762.0,4760.4,4762.0,173
2024-04-30 10:22:00,4762.0,4762.0,4759.05,4760.0,890
2024-04-30 10:23:00,4760.0,4760.15,4758.0,4758.55,229
2024-04-30 10:24:00,4758.55,4758.6,4756.6,4756.6,176
2024-04-30 10:25:00,4756.6,4758.95,4756.6,4758.95,54
2024-04-30 10:26:00,4756.6,4758.0,4756.0,4756.0,219
2024-04-30 10:27:00,4756.0,4757.9,4756.0,4756.0,40
2024-04-30 10:28:00,4756.0,4756.0,4752.0,4754.05,487
2024-04-30 10:29:00,4754.05,4754.05,4750.0,4751.15,318
2024-04-30 10:30:00,4751.15,4751.9,4750.0,4751.9,199
2024-04-30 10:31:00,4751.9,4752.0,4750.1,4751.9,77
2024-04-30 10:32:00,4751.9,4752.85,4750.25,4752.55,156
2024-04-30 10:33:00,4752.55,4752.55,4750.5,4752.0,29
2024-04-30 10:34:00,4752.5,4752.5,4749.05,4750.0,731
2024-04-30 10:35:00,4750.0,4752.55,4749.05,4752.45,192
2024-04-30 10:36:00,4752.45,4752.45,4749.0,4750.0,335
2024-04-30 10:37:00,4750.0,4750.0,4748.0,4749.0,53
2024-04-30 10:38:00,4749.0,4749.0,4748.0,4749.0,139
2024-04-30 10:39:00,4749.0,4750.0,4748.0,4748.0,321
2024-04-30 10:40:00,4748.0,4752.75,4747.0,4752.75,418
2024-04-30 10:41:00,4752.75,4752.75,4752.0,4752.0,20
2024-04-30 10:42:00,4752.0,4753.45,4751.7,4753.4,143
2024-04-30 10:43:00,4753.4,4753.45,4749.75,4751.05,355
2024-04-30 10:44:00,4751.05,4751.15,4749.95,4751.15,67
2024-04-30 10:45:00,4751.15,4751.45,4749.3,4750.0,95
2024-04-30 10:46:00,4750.0,4750.0,4748.0,4749.75,47
2024-04-30 10:47:00,4749.75,4749.75,4740.9,4740.9,643
2024-04-30 10:48:00,4740.9,4748.0,4740.9,4746.65,459
2024-04-30 10:49:00,4746.65,4749.15,4746.65,4748.25,210
2024-04-30 10:50:00,4748.25,4748.25,4743.5,4748.0,184
2024-04-30 10:51:00,4748.0,4749.2,4746.2,4749.15,159
2024-04-30 10:52:00,4749.15,4750.0,4749.05,4750.0,556
2024-04-30 10:53:00,4750.0,4750.0,4746.2,4748.0,325
2024-04-30 10:54:00,4748.0,4748.0,4747.0,4748.0,58
2024-04-30 10:55:00,4748.0,4748.0,4745.0,4746.9,206
2024-04-30 10:56:00,4746.9,4746.9,4740.55,4744.45,345
2024-04-30 10:57:00,4745.15,4748.95,4742.05,4742.05,852
2024-04-30 10:58:00,4742.05,4744.9,4741.0,4741.0,140
2024-04-30 10:59:00,4741.0,4745.0,4741.0,4743.0,80
2024-04-30 11:00:00,4743.0,4745.0,4742.75,4742.75,34
2024-04-30 11:01:00,4742.75,4744.95,4742.75,4744.05,185
2024-04-30 11:02:00,4744.05,4744.25,4741.3,4741.3,271
2024-04-30 11:03:00,4741.3,4743.9,4741.3,4743.9,35
2024-04-30 11:04:00,4743.9,4743.9,4741.75,4743.6,63
2024-04-30 11:05:00,4743.6,4743.6,4741.75,4743.25,235
2024-04-30 11:06:00,4743.25,4743.25,4741.35,4742.5,128
2024-04-30 11:07:00,4742.5,4742.5,4741.35,4742.5,28
2024-04-30 11:08:00,4742.5,4742.5,4741.2,4742.5,110
2024-04-30 11:09:00,4742.5,4742.6,4741.0,4741.0,143
2024-04-30 11:10:00,4741.0,4743.65,4741.0,4742.5,63
2024-04-30 11:11:00,4742.5,4744.1,4738.75,4739.7,1142
2024-04-30 11:12:00,4739.9,4741.0,4738.9,4740.0,303
2024-04-30 11:13:00,4740.0,4741.85,4738.9,4741.85,347
2024-04-30 11:14:00,4741.85,4741.85,4739.05,4739.05,63
2024-04-30 11:15:00,4739.05,4740.0,4739.0,4739.75,103
2024-04-30 11:16:00,4740.0,4740.0,4737.0,4737.25,160
2024-04-30 11:17:00,4737.55,4738.85,4736.05,4737.65,204
2024-04-30 11:18:00,4737.65,4741.85,4737.3,4741.85,345
2024-04-30 11:19:00,4741.9,4742.0,4738.0,4738.6,1425
2024-04-30 11:20:00,4738.6,4740.75,4737.0,4738.55,1183
2024-04-30 11:21:00,4738.55,4738.85,4737.0,4738.05,124
2024-04-30 11:22:00,4738.05,4738.4,4736.55,4738.25,147
2024-04-30 11:23:00,4738.25,4738.8,4736.05,4738.8,226
2024-04-30 11:24:00,4738.8,4738.95,4737.45,4737.45,24
2024-04-30 11:25:00,4737.45,4738.0,4737.45,4738.0,30
2024-04-30 11:26:00,4738.0,4740.4,4737.45,4740.4,1669
2024-04-30 11:27:00,4740.0,4740.45,4739.0,4740.45,1193
2024-04-30 11:28:00,4739.1,4741.95,4739.0,4741.95,1293
2024-04-30 11:29:00,4741.3,4744.25,4740.0,4740.8,2470
2024-04-30 11:30:00,4740.8,4743.65,4740.6,4743.55,121
2024-04-30 11:31:00,4743.55,4744.7,4742.0,4744.6,72
2024-04-30 11:32:00,4744.6,4749.7,4743.0,4746.8,277
2024-04-30 11:33:00,4746.8,4749.8,4746.15,4748.0,98
2024-04-30 11:34:00,4748.0,4749.5,4748.0,4749.0,127
2024-04-30 11:35:00,4749.0,4750.0,4748.05,4748.3,332
2024-04-30 11:36:00,4748.3,4750.55,4748.05,4748.05,308
2024-04-30 11:37:00,4748.05,4749.4,4745.0,4747.35,269
2024-04-30 11:38:00,4747.35,4748.85,4745.85,4747.35,66
2024-04-30 11:39:00,4748.7,4748.85,4746.0,4746.0,225
2024-04-30 11:40:00,4746.0,4747.95,4745.25,4745.25,138
2024-04-30 11:41:00,4746.2,4746.2,4744.0,4744.0,192
2024-04-30 11:42:00,4744.0,4745.9,4743.4,4743.6,89
2024-04-30 11:43:00,4743.6,4746.45,4743.5,4744.75,317
2024-04-30 11:44:00,4744.75,4746.0,4744.1,4744.8,64
2024-04-30 11:45:00,4744.8,4748.25,4743.5,4748.25,1666
2024-04-30 11:46:00,4748.25,4748.65,4746.5,4748.65,120
2024-04-30 11:47:00,4748.65,4748.7,4747.7,4748.7,140
2024-04-30 11:48:00,4748.7,4749.9,4748.2,4749.45,264
2024-04-30 11:49:00,4749.45,4749.65,4747.1,4748.25,185
2024-04-30 11:50:00,4748.25,4748.7,4747.95,4748.0,69
2024-04-30 11:51:00,4748.0,4748.0,4746.45,4746.45,135
2024-04-30 11:52:00,4746.45,4747.95,4746.45,4746.65,178
2024-04-30 11:53:00,4746.65,4748.0,4745.0,4746.0,3188
2024-04-30 11:54:00,4747.3,4747.85,4747.0,4747.35,177
2024-04-30 11:55:00,4747.35,4749.0,4747.35,4749.0,270
2024-04-30 11:56:00,4747.85,4749.0,4746.0,4749.0,1922
2024-04-30 11:57:00,4748.6,4748.6,4744.75,4748.3,3163
2024-04-30 11:58:00,4748.3,4749.25,4745.55,4749.25,2180
2024-04-30 11:59:00,4747.45,4750.95,4747.4,4750.95,137
2024-04-30 12:00:00,4750.95,4750.95,4747.4,4748.0,531
2024-04-30 12:01:00,4748.0,4751.0,4748.0,4750.0,557
2024-04-30 12:02:00,4749.95,4751.25,4748.05,4748.1,294
2024-04-30 12:03:00,4748.1,4750.25,4748.1,4749.25,44
2024-04-30 12:04:00,4749.25,4750.0,4749.25,4749.95,228
2024-04-30 12:05:00,4749.95,4749.95,4749.0,4749.0,104
2024-04-30 12:06:00,4749.0,4750.0,4749.0,4750.0,358
2024-04-30 12:07:00,4750.0,4750.0,4749.0,4749.0,161
2024-04-30 12:08:00,4749.0,4749.5,4747.0,4747.0,79
2024-04-30 12:09:00,4747.0,4748.95,4746.55,4747.6,155
2024-04-30 12:10:00,4747.5,4748.55,4747.5,4747.5,90
2024-04-30 12:11:00,4747.8,4748.0,4744.75,4744.75,3986
2024-04-30 12:12:00,4744.75,4747.45,4744.75,4747.45,620
2024-04-30 12:13:00,4747.45,4749.5,4746.05,4749.5,81
2024-04-30 12:14:00,4749.95,4749.95,4748.05,4748.05,105
2024-04-30 12:15:00,4747.3,4749.0,4744.8,4744.95,1124
2024-04-30 12:16:00,4744.95,4746.75,4744.95,4744.95,195
2024-04-30 12:17:00,4744.95,4745.05,4744.95,4745.0,96
2024-04-30 12:18:00,4745.0,4745.0,4744.95,4745.0,62
2024-04-30 12:19:00,4745.0,4747.3,4744.3,4746.75,116
2024-04-30 12:20:00,4746.75,4746.95,4744.0,4744.0,29
2024-04-30 12:21:00,4744.0,4746.5,4744.0,4745.3,10
2024-04-30 12:22:00,4745.7,4746.35,4745.05,4746.0,57
2024-04-30 12:23:00,4746.0,4746.0,4744.0,4744.0,102
2024-04-30 12:24:00,4744.95,4745.3,4744.0,4744.95,42
2024-04-30 12:25:00,4744.95,4745.0,4744.85,4745.0,27
2024-04-30 12:26:00,4745.0,4746.0,4743.65,4743.65,2099
2024-04-30 12:27:00,4745.05,4746.0,4743.65,4746.0,81
2024-04-30 12:28:00,4746.0,4746.9,4743.45,4744.9,4122
2024-04-30 12:29:00,4744.9,4746.05,4740.05,4740.15,8738
2024-04-30 12:30:00,4740.15,4740.45,4737.0,4740.25,626
2024-04-30 12:31:00,4740.25,4742.45,4739.0,4742.45,1593
2024-04-30 12:32:00,4742.45,4743.7,4741.85,4742.05,356
2024-04-30 12:33:00,4742.05,4744.95,4742.05,4744.1,556
2024-04-30 12:34:00,4744.1,4748.7,4744.1,4748.7,770
2024-04-30 12:35:00,4748.7,4749.2,4743.2,4745.0,443
2024-04-30 12:36:00,4745.0,4749.9,4745.0,4748.45,1218
2024-04-30 12:37:00,4748.45,4749.95,4747.0,4749.05,117
2024-04-30 12:38:00,4749.05,4749.05,4748.5,4748.8,15
2024-04-30 12:39:00,4749.0,4749.6,4749.0,4749.6,28
2024-04-30 12:40:00,4749.6,4749.9,4749.15,4749.3,57
2024-04-30 12:41:00,4749.8,4753.0,4749.6,4753.0,448
2024-04-30 12:42:00,4753.0,4754.3,4752.8,4753.35,535
2024-04-30 12:43:00,4753.35,4756.0,4753.35,4755.25,601
2024-04-30 12:44:00,4755.0,4755.25,4748.55,4748.55,860
2024-04-30 12:45:00,4748.55,4750.0,4748.55,4749.7,115
2024-04-30 12:46:00,4749.7,4749.95,4749.7,4749.7,230
2024-04-30 12:47:00,4749.7,4749.95,4747.25,4749.3,158
2024-04-30 12:48:00,4749.3,4749.3,4743.1,4743.15,12567
2024-04-30 12:49:00,4743.15,4743.15,4737.0,4738.55,398
2024-04-30 12:50:00,4737.0,4744.9,4737.0,4744.45,3034
2024-04-30 12:51:00,4744.45,4744.9,4738.45,4738.65,24234
2024-04-30 12:52:00,4738.65,4740.0,4737.0,4739.7,613
2024-04-30 12:53:00,4739.7,4741.75,4736.75,4740.75,595
2024-04-30 12:54:00,4740.75,4741.75,4737.0,4739.55,2522
2024-04-30 12:55:00,4741.9,4741.9,4731.95,4739.9,12403
2024-04-30 12:56:00,4739.9,4741.9,4735.75,4738.55,15815
2024-04-30 12:57:00,4738.55,4742.0,4736.8,4740.3,6160
2024-04-30 12:58:00,4740.3,4741.45,4737.15,4739.4,780
2024-04-30 12:59:00,4739.4,4739.45,4736.5,4738.0,628
2024-04-30 13:00:00,4738.0,4740.8,4737.0,4739.0,1505
2024-04-30 13:01:00,4739.0,4742.0,4739.0,4742.0,4506
2024-04-30 13:02:00,4742.0,4742.0,4737.9,4740.0,659
2024-04-30 13:03:00,4740.0,4740.0,4736.05,4738.55,552
2024-04-30 13:04:00,4738.55,4738.55,4735.0,4735.0,505
2024-04-30 13:05:00,4735.0,4736.95,4730.0,4731.0,563
2024-04-30 13:06:00,4731.0,4732.0,4725.05,4725.05,894
2024-04-30 13:07:00,4725.05,4727.9,4725.0,4725.6,559
2024-04-30 13:08:00,4725.6,4727.9,4725.0,4725.45,665
2024-04-30 13:09:00,4726.75,4727.0,4725.0,4725.1,471
2024-04-30 13:10:00,4726.55,4727.75,4725.0,4725.05,530
2024-04-30 13:11:00,4725.05,4728.5,4725.0,4727.05,808
2024-04-30 13:12:00,4727.05,4727.95,4725.0,4725.05,673
2024-04-30 13:13:00,4725.05,4726.85,4724.7,4725.75,730
2024-04-30 13:14:00,4725.75,4725.75,4722.95,4725.0,422
2024-04-30 13:15:00,4725.0,4725.0,4724.05,4725.0,86
2024-04-30 13:16:00,4725.0,4729.85,4725.0,4729.65,1215
2024-04-30 13:17:00,4726.95,4727.25,4724.1,4726.7,479
2024-04-30 13:18:00,4726.7,4726.7,4724.1,4725.0,129
2024-04-30 13:19:00,4725.0,4725.0,4724.6,4725.0,34
2024-04-30 13:20:00,4725.0,4725.0,4724.95,4724.95,121
2024-04-30 13:21:00,4724.95,4726.95,4724.1,4725.0,350
2024-04-30 13:22:00,4725.0,4727.0,4724.8,4725.0,433
2024-04-30 13:23:00,4725.0,4725.0,4724.95,4724.95,131
2024-04-30 13:24:00,4724.95,4725.0,4724.5,4725.0,333
2024-04-30 13:25:00,4725.0,4725.0,4724.9,4725.0,261
2024-04-30 13:26:00,4725.0,4725.0,4724.95,4724.95,226
2024-04-30 13:27:00,4724.95,4727.0,4724.0,4725.0,814
2024-04-30 13:28:00,4725.0,4725.0,4724.8,4725.0,341
2024-04-30 13:29:00,4725.0,4725.0,4724.95,4725.0,493
2024-04-30 13:30:00,4724.95,4726.6,4724.95,4725.0,505
2024-04-30 13:31:00,4725.0,4725.0,4722.0,4722.0,386
2024-04-30 13:32:00,4723.05,4725.0,4723.05,4725.0,71
2024-04-30 13:33:00,4725.0,4725.0,4720.0,4720.0,762
2024-04-30 13:34:00,4722.6,4725.0,4722.6,4725.0,254
2024-04-30 13:35:00,4724.95,4725.0,4724.8,4725.0,346
2024-04-30 13:36:00,4725.0,4727.1,4724.8,4725.0,345
2024-04-30 13:37:00,4725.0,4725.0,4724.95,4725.0,104
2024-04-30 13:38:00,4725.0,4725.0,4724.95,4725.0,208
2024-04-30 13:39:00,4725.0,4725.0,4724.95,4725.0,147
2024-04-30 13:40:00,4725.0,4725.0,4720.05,4724.3,761
2024-04-30 13:41:00,4724.3,4724.35,4722.25,4724.35,184
2024-04-30 13:42:00,4724.35,4725.0,4724.0,4724.0,418
2024-04-30 13:43:00,4724.75,4725.0,4722.3,4724.45,146
2024-04-30 13:44:00,4724.45,4724.55,4722.3,4724.4,107
2024-04-30 13:45:00,4724.5,4725.0,4724.4,4724.85,663
2024-04-30 13:46:00,4724.85,4725.0,4724.8,4725.0,149
2024-04-30 13:47:00,4724.95,4725.0,4724.9,4724.9,163
2024-04-30 13:48:00,4724.9,4724.95,4722.35,4722.5,195
2024-04-30 13:49:00,4724.6,4724.85,4722.3,4723.0,188
2024-04-30 13:50:00,4723.8,4724.95,4722.3,4724.9,161
2024-04-30 13:51:00,4724.9,4724.95,4724.9,4724.95,141
2024-04-30 13:52:00,4724.95,4724.95,4724.9,4724.95,148
2024-04-30 13:53:00,4724.9,4724.95,4723.05,4724.9,446
2024-04-30 13:54:00,4724.9,4724.95,4724.75,4724.95,54
2024-04-30 13:55:00,4724.9,4724.95,4724.9,4724.95,280
2024-04-30 13:56:00,4724.95,4724.95,4723.3,4723.3,342
2024-04-30 13:57:00,4723.3,4724.95,4723.05,4724.0,90
2024-04-30 13:58:00,4724.0,4724.5,4721.4,4724.5,942
2024-04-30 13:59:00,4723.8,4724.5,4722.5,4724.5,172
2024-04-30 14:00:00,4724.5,4724.5,4723.5,4723.5,148
2024-04-30 14:01:00,4723.5,4723.5,4721.5,4723.05,527
2024-04-30 14:02:00,4723.05,4723.05,4720.0,4720.0,2491
2024-04-30 14:03:00,4720.0,4721.6,4716.0,4717.0,1708
2024-04-30 14:04:00,4718.65,4720.0,4717.0,4720.0,126
2024-04-30 14:05:00,4720.0,4720.0,4718.05,4720.0,84
2024-04-30 14:06:00,4720.0,4720.0,4718.0,4719.15,617
2024-04-30 14:07:00,4719.15,4722.85,4718.05,4721.35,2240
2024-04-30 14:08:00,4722.0,4722.6,4717.65,4720.0,871
2024-04-30 14:09:00,4720.0,4720.0,4717.25,4718.7,183
2024-04-30 14:10:00,4719.0,4720.0,4719.0,4720.0,535
2024-04-30 14:11:00,4720.0,4720.0,4719.1,4720.0,89
2024-04-30 14:12:00,4719.95,4720.0,4716.0,4716.0,380
2024-04-30 14:13:00,4717.55,4718.2,4716.45,4717.9,184
2024-04-30 14:14:00,4717.9,4720.0,4717.85,4719.85,428
2024-04-30 14:15:00,4719.85,4720.0,4719.85,4720.0,1250
2024-04-30 14:16:00,4719.95,4720.0,4715.05,4715.3,1961
2024-04-30 14:17:00,4715.3,4719.6,4715.3,4719.45,119
2024-04-30 14:18:00,4719.45,4719.8,4716.0,4719.0,388
2024-04-30 14:19:00,4719.0,4719.3,4719.0,4719.3,120
2024-04-30 14:20:00,4719.3,4719.95,4717.75,4717.8,273
2024-04-30 14:21:00,4717.8,4720.0,4717.8,4719.4,293
2024-04-30 14:22:00,4719.4,4720.0,4718.0,4719.2,696
2024-04-30 14:23:00,4719.2,4719.2,4717.0,4719.1,437
2024-04-30 14:24:00,4719.1,4720.0,4717.8,4720.0,182
2024-04-30 14:25:00,4720.0,4720.0,4719.1,4720.0,219
2024-04-30 14:26:00,4720.0,4720.0,4719.6,4719.85,307
2024-04-30 14:27:00,4719.85,4720.0,4719.85,4719.85,819
2024-04-30 14:28:00,4719.6,4719.6,4717.0,4717.9,433
2024-04-30 14:29:00,4717.9,4718.8,4715.15,4715.7,657
2024-04-30 14:30:00,4715.7,4716.0,4715.0,4716.0,152
2024-04-30 14:31:00,4716.0,4716.0,4715.0,4715.75,5879
2024-04-30 14:32:00,4715.75,4715.75,4715.5,4715.75,859
2024-04-30 14:33:00,4715.75,4715.75,4715.05,4715.5,430
2024-04-30 14:34:00,4715.5,4715.7,4715.0,4715.55,598
2024-04-30 14:35:00,4715.65,4715.7,4715.55,4715.7,66
2024-04-30 14:36:00,4715.7,4715.7,4715.55,4715.65,247
2024-04-30 14:37:00,4715.7,4715.7,4711.05,4713.7,950
2024-04-30 14:38:00,4713.7,4714.65,4712.55,4712.8,208
2024-04-30 14:39:00,4713.9,4714.85,4712.0,4712.0,666
2024-04-30 14:40:00,4712.0,4713.3,4710.25,4713.3,1952
2024-04-30 14:41:00,4711.0,4713.85,4710.0,4713.85,2341
2024-04-30 14:42:00,4713.85,4713.85,4706.05,4710.8,4481
2024-04-30 14:43:00,4710.8,4712.9,4710.45,4711.0,230
2024-04-30 14:44:00,4712.0,4714.3,4711.0,4714.3,479
2024-04-30 14:45:00,4714.3,4715.55,4712.05,4715.3,912
2024-04-30 14:46:00,4715.3,4715.7,4713.9,4714.8,1828
2024-04-30 14:47:00,4714.8,4715.0,4714.5,4714.85,714
2024-04-30 14:48:00,4714.85,4715.0,4711.0,4712.0,260
2024-04-30 14:49:00,4712.0,4712.65,4710.25,4710.6,186
2024-04-30 14:50:00,4712.5,4713.9,4709.3,4709.9,1610
2024-04-30 14:51:00,4709.9,4711.4,4707.5,4708.85,1265
2024-04-30 14:52:00,4711.3,4713.5,4710.1,4713.3,335
2024-04-30 14:53:00,4713.3,4714.5,4713.3,4714.5,237
2024-04-30 14:54:00,4715.0,4715.0,4714.0,4714.75,499
2024-04-30 14:55:00,4714.75,4715.0,4714.75,4715.0,306
2024-04-30 14:56:00,4714.95,4714.95,4713.0,4713.5,628
2024-04-30 14:57:00,4714.0,4714.85,4713.0,4713.15,575
2024-04-30 14:58:00,4713.15,4714.85,4712.2,4713.1,473
2024-04-30 14:59:00,4713.05,4713.1,4712.2,4712.45,323
2024-04-30 15:00:00,4712.5,4712.5,4706.0,4706.35,1750
2024-04-30 15:01:00,4706.35,4707.1,4703.0,4705.85,3109
2024-04-30 15:02:00,4706.55,4707.1,4702.5,4703.1,1320
2024-04-30 15:03:00,4705.65,4705.65,4702.5,4702.6,2087
2024-04-30 15:04:00,4702.5,4707.15,4702.0,4702.9,3033
2024-04-30 15:05:00,4702.1,4704.75,4701.3,4704.7,5688
2024-04-30 15:06:00,4704.7,4708.75,4704.7,4708.0,733
2024-04-30 15:07:00,4708.0,4708.0,4707.95,4707.95,1000
2024-04-30 15:08:00,4708.0,4708.0,4705.8,4707.85,2828
2024-04-30 15:09:00,4707.85,4711.3,4706.05,4710.55,1725
2024-04-30 15:10:00,4711.05,4714.5,4709.3,4710.65,3130
2024-04-30 15:11:00,4710.1,4714.85,4708.75,4710.0,3608
2024-04-30 15:12:00,4710.0,4710.55,4709.85,4709.95,1330
2024-04-30 15:13:00,4709.85,4710.0,4707.9,4708.95,1997
2024-04-30 15:14:00,4708.7,4708.95,4706.3,4708.6,1579
2024-04-30 15:15:00,4708.6,4711.1,4707.7,4708.1,8035
2024-04-30 15:16:00,4708.1,4708.1,4707.95,4708.0,1325
2024-04-30 15:17:00,4707.5,4707.5,4705.05,4705.05,4638
2024-04-30 15:18:00,4705.65,4705.65,4702.0,4702.0,3725
2024-04-30 15:19:00,4702.95,4710.0,4702.85,4708.0,3114
2024-04-30 15:20:00,4708.0,4710.0,4706.1,4709.55,4149
2024-04-30 15:21:00,4709.35,4709.55,4705.4,4705.4,1807
2024-04-30 15:22:00,4706.0,4706.95,4702.15,4702.75,4455
2024-04-30 15:23:00,4702.75,4706.0,4702.75,4704.8,1409
2024-04-30 15:24:00,4704.75,4704.8,4703.0,4703.2,2841
2024-04-30 15:25:00,4703.25,4704.85,4699.95,4704.85,7738
2024-04-30 15:26:00,4704.85,4709.8,4704.75,4709.35,2983
2024-04-30 15:27:00,4709.5,4709.8,4707.1,4708.2,1858
2024-04-30 15:28:00,4707.7,4710.5,4705.0,4710.5,1828
2024-04-30 15:29:00,4710.5,4710.5,4709.0,4709.0,1286
2024-05-02 09:15:00,4714.95,4733.7,4711.15,4733.7,3952
2024-05-02 09:16:00,4732.5,4748.45,4720.1,4732.35,4532
2024-05-02 09:17:00,4733.3,4734.5,4721.35,4730.05,1905
2024-05-02 09:18:00,4730.7,4734.4,4715.65,4715.9,2000
2024-05-02 09:19:00,4718.45,4718.45,4706.4,4711.6,2253
2024-05-02 09:20:00,4711.3,4718.25,4709.95,4717.0,2211
2024-05-02 09:21:00,4716.0,4719.95,4711.15,4719.95,1602
2024-05-02 09:22:00,4718.8,4727.0,4715.8,4727.0,1205
2024-05-02 09:23:00,4726.45,4738.0,4725.65,4738.0,1021
2024-05-02 09:24:00,4738.0,4738.0,4722.85,4725.3,1211
2024-05-02 09:25:00,4725.5,4727.0,4717.9,4719.0,862
2024-05-02 09:26:00,4720.55,4727.0,4718.6,4726.95,925
2024-05-02 09:27:00,4725.6,4726.45,4719.55,4720.8,878
2024-05-02 09:28:00,4720.5,4722.95,4719.05,4721.9,821
2024-05-02 09:29:00,4722.0,4725.0,4721.25,4721.95,1060
2024-05-02 09:30:00,4722.0,4725.0,4720.5,4720.5,2097
2024-05-02 09:31:00,4720.6,4726.0,4720.6,4726.0,2043
2024-05-02 09:32:00,4726.0,4727.2,4720.2,4721.65,1032
2024-05-02 09:33:00,4720.0,4721.55,4716.1,4718.75,1157
2024-05-02 09:34:00,4717.5,4717.95,4709.0,4712.1,1648
2024-05-02 09:35:00,4712.05,4714.25,4710.95,4711.55,810
2024-05-02 09:36:00,4711.1,4713.85,4709.5,4712.5,1215
2024-05-02 09:37:00,4712.45,4714.85,4711.8,4713.1,854
2024-05-02 09:38:00,4711.4,4718.0,4710.0,4717.6,1190
2024-05-02 09:39:00,4718.0,4718.0,4713.15,4716.7,778
2024-05-02 09:40:00,4716.7,4723.85,4716.7,4723.85,1052
2024-05-02 09:41:00,4722.6,4729.65,4721.9,4728.0,2377
2024-05-02 09:42:00,4728.0,4729.0,4724.6,4729.0,438
2024-05-02 09:43:00,4729.0,4736.85,4728.25,4730.0,2458
2024-05-02 09:44:00,4730.0,4735.0,4729.55,4733.4,840
2024-05-02 09:45:00,4733.4,4737.45,4733.0,4735.45,2162
2024-05-02 09:46:00,4735.45,4737.95,4727.8,4731.3,1060
2024-05-02 09:47:00,4731.1,4731.1,4726.6,4726.6,229
2024-05-02 09:48:00,4726.6,4727.0,4721.1,4723.05,827
2024-05-02 09:49:00,4723.05,4724.95,4720.55,4723.35,718
2024-05-02 09:50:00,4721.35,4726.15,4720.1,4724.7,842
2024-05-02 09:51:00,4726.95,4731.35,4724.85,4728.7,464
2024-05-02 09:52:00,4728.7,4730.5,4727.25,4729.8,337
2024-05-02 09:53:00,4729.65,4731.95,4728.6,4729.9,432
2024-05-02 09:54:00,4728.65,4730.55,4723.15,4728.0,764
2024-05-02 09:55:00,4728.0,4731.35,4725.7,4729.95,764
2024-05-02 09:56:00,4729.95,4730.0,4727.6,4728.95,1069
2024-05-02 09:57:00,4729.9,4734.0,4727.1,4733.1,2961
2024-05-02 09:58:00,4732.2,4733.05,4723.95,4728.2,1065
2024-05-02 09:59:00,4728.2,4728.2,4722.3,4725.1,546
2024-05-02 10:00:00,4724.7,4726.45,4715.15,4717.15,1790
2024-05-02 10:01:00,4717.55,4724.35,4715.35,4724.35,697
2024-05-02 10:02:00,4725.5,4728.6,4723.0,4726.85,489
2024-05-02 10:03:00,4726.85,4726.9,4723.85,4726.0,552
2024-05-02 10:04:00,4725.75,4726.0,4721.05,4721.6,1134
2024-05-02 10:05:00,4721.55,4726.0,4719.6,4722.25,1029
2024-05-02 10:06:00,4722.35,4724.95,4720.05,4724.15,491
2024-05-02 10:07:00,4723.85,4724.85,4721.45,4724.45,588
2024-05-02 10:08:00,4722.45,4725.0,4720.8,4725.0,673
2024-05-02 10:09:00,4725.0,4725.0,4719.2,4722.9,506
2024-05-02 10:10:00,4724.0,4725.0,4722.55,4724.6,757
2024-05-02 10:11:00,4724.6,4724.9,4719.15,4723.45,1133
2024-05-02 10:12:00,4724.9,4724.9,4722.9,4722.9,876
2024-05-02 10:13:00,4722.9,4724.5,4722.9,4724.45,409
2024-05-02 10:14:00,4724.45,4724.5,4722.9,4724.5,481
2024-05-02 10:15:00,4724.45,4724.5,4722.6,4723.85,293
2024-05-02 10:16:00,4722.65,4724.0,4719.7,4722.8,485
2024-05-02 10:17:00,4722.8,4723.5,4719.45,4719.45,547
2024-05-02 10:18:00,4719.45,4723.55,4718.55,4721.05,790
2024-05-02 10:19:00,4721.7,4721.7,4718.35,4719.35,337
2024-05-02 10:20:00,4719.55,4722.1,4717.75,4720.7,848
2024-05-02 10:21:00,4721.1,4723.95,4717.7,4719.95,331
2024-05-02 10:22:00,4719.95,4723.45,4716.95,4723.45,948
2024-05-02 10:23:00,4723.45,4726.0,4722.0,4726.0,357
2024-05-02 10:24:00,4726.0,4730.0,4726.0,4726.5,828
2024-05-02 10:25:00,4726.5,4728.0,4725.15,4727.0,373
2024-05-02 10:26:00,4727.0,4727.0,4725.0,4727.0,499
2024-05-02 10:27:00,4727.0,4727.0,4720.4,4722.15,605
2024-05-02 10:28:00,4722.15,4727.0,4722.15,4725.1,495
2024-05-02 10:29:00,4725.1,4727.95,4724.35,4726.35,609
2024-05-02 10:30:00,4727.2,4727.7,4721.15,4724.65,421
2024-05-02 10:31:00,4725.5,4728.0,4724.3,4727.95,527
2024-05-02 10:32:00,4727.95,4727.95,4724.65,4726.4,349
2024-05-02 10:33:00,4727.45,4727.5,4724.8,4725.25,458
2024-05-02 10:34:00,4725.25,4727.35,4722.4,4724.8,399
2024-05-02 10:35:00,4724.8,4725.8,4722.3,4725.0,546
2024-05-02 10:36:00,4725.0,4725.0,4722.5,4725.0,797
2024-05-02 10:37:00,4725.0,4725.0,4721.55,4725.0,574
2024-05-02 10:38:00,4725.0,4725.0,4721.65,4724.4,767
2024-05-02 10:39:00,4725.0,4725.0,4720.65,4725.0,923
2024-05-02 10:40:00,4724.85,4725.0,4722.3,4724.9,657
2024-05-02 10:41:00,4724.9,4725.0,4722.05,4725.0,460
2024-05-02 10:42:00,4724.7,4725.0,4721.75,4721.75,595
2024-05-02 10:43:00,4721.75,4724.95,4720.55,4724.7,428
2024-05-02 10:44:00,4724.75,4725.0,4720.05,4725.0,692
2024-05-02 10:45:00,4725.0,4725.0,4721.05,4723.9,746
2024-05-02 10:46:00,4723.9,4724.65,4715.6,4719.4,1287
2024-05-02 10:47:00,4719.5,4722.0,4718.55,4720.1,612
2024-05-02 10:48:00,4721.15,4722.0,4718.4,4720.95,345
2024-05-02 10:49:00,4722.0,4722.0,4718.55,4721.0,443
2024-05-02 10:50:00,4721.0,4722.0,4718.2,4722.0,464
2024-05-02 10:51:00,4721.8,4725.0,4720.25,4723.8,300
2024-05-02 10:52:00,4723.8,4725.0,4720.65,4724.85,843
2024-05-02 10:53:00,4724.85,4725.0,4720.25,4725.0,425
2024-05-02 10:54:00,4725.0,4725.0,4720.45,4722.25,537
2024-05-02 10:55:00,4722.55,4724.0,4719.75,4723.65,473
2024-05-02 10:56:00,4723.65,4724.0,4719.55,4719.55,419
2024-05-02 10:57:00,4719.55,4723.65,4718.3,4720.0,519
2024-05-02 10:58:00,4720.0,4720.0,4717.95,4720.0,320
2024-05-02 10:59:00,4720.0,4720.0,4716.0,4718.9,451
2024-05-02 11:00:00,4716.2,4718.9,4715.0,4715.6,1260
2024-05-02 11:01:00,4715.6,4718.0,4715.0,4715.15,312
2024-05-02 11:02:00,4715.15,4715.15,4709.0,4710.15,2678
2024-05-02 11:03:00,4710.15,4711.3,4709.1,4710.0,765
2024-05-02 11:04:00,4709.2,4710.0,4708.0,4710.0,375
2024-05-02 11:05:00,4710.0,4710.0,4707.05,4708.95,351
2024-05-02 11:06:00,4709.9,4710.0,4707.05,4710.0,609
2024-05-02 11:07:00,4710.0,4710.05,4708.4,4708.5,308
2024-05-02 11:08:00,4709.3,4712.0,4708.15,4710.7,314
2024-05-02 11:09:00,4710.7,4718.0,4710.6,4718.0,570
2024-05-02 11:10:00,4719.0,4723.75,4719.0,4722.0,417
2024-05-02 11:11:00,4721.2,4722.1,4718.15,4722.1,481
2024-05-02 11:12:00,4722.1,4722.1,4718.0,4721.5,330
2024-05-02 11:13:00,4721.55,4724.0,4717.0,4723.65,497
2024-05-02 11:14:00,4722.55,4723.65,4714.9,4720.3,497
2024-05-02 11:15:00,4720.4,4722.0,4717.55,4721.0,329
2024-05-02 11:16:00,4720.9,4722.05,4715.4,4715.75,726
2024-05-02 11:17:00,4718.75,4718.75,4708.55,4709.95,735
2024-05-02 11:18:00,4710.0,4712.1,4678.6,4678.6,5410
2024-05-02 11:19:00,4681.95,4703.7,4678.5,4702.8,1189
2024-05-02 11:20:00,4702.8,4705.0,4701.15,4704.5,366
2024-05-02 11:21:00,4704.5,4704.5,4695.0,4695.0,601
2024-05-02 11:22:00,4696.0,4696.0,4692.6,4693.05,408
2024-05-02 11:23:00,4693.05,4696.0,4692.6,4696.0,709
2024-05-02 11:24:00,4696.0,4697.55,4692.5,4694.65,659
2024-05-02 11:25:00,4695.0,4695.0,4692.05,4693.95,291
2024-05-02 11:26:00,4693.8,4693.9,4681.05,4683.75,3549
2024-05-02 11:27:00,4681.0,4688.0,4675.55,4686.8,4214
2024-05-02 11:28:00,4686.8,4699.5,4685.0,4699.5,883
2024-05-02 11:29:00,4699.5,4700.0,4695.55,4698.85,1030
2024-05-02 11:30:00,4699.6,4700.0,4684.3,4689.15,3932
2024-05-02 11:31:00,4689.15,4696.8,4688.3,4696.8,700
2024-05-02 11:32:00,4696.8,4708.6,4694.3,4708.6,1232
2024-05-02 11:33:00,4709.0,4709.0,4703.2,4708.65,796
2024-05-02 11:34:00,4708.65,4708.8,4702.0,4704.3,629
2024-05-02 11:35:00,4704.35,4706.4,4695.35,4698.2,1875
2024-05-02 11:36:00,4698.2,4700.0,4695.0,4700.0,955
2024-05-02 11:37:00,4700.0,4700.0,4696.95,4699.55,368
2024-05-02 11:38:00,4699.55,4700.0,4697.35,4699.65,487
2024-05-02 11:39:00,4699.65,4699.85,4696.85,4699.2,214
2024-05-02 11:40:00,4699.5,4703.4,4698.6,4703.35,770
2024-05-02 11:41:00,4703.35,4705.8,4699.75,4704.55,293
2024-05-02 11:42:00,4702.85,4703.5,4699.5,4699.95,217
2024-05-02 11:43:00,4699.95,4700.0,4699.0,4700.0,204
2024-05-02 11:44:00,4699.95,4702.1,4699.85,4701.5,1070
2024-05-02 11:45:00,4701.5,4701.9,4699.55,4699.95,1350
2024-05-02 11:46:00,4700.0,4700.45,4699.35,4700.1,774
2024-05-02 11:47:00,4700.4,4702.0,4700.0,4700.55,6208
2024-05-02 11:48:00,4700.55,4701.0,4695.0,4696.2,3650
2024-05-02 11:49:00,4696.5,4699.0,4695.05,4699.0,204
2024-05-02 11:50:00,4699.0,4699.15,4696.35,4698.7,217
2024-05-02 11:51:00,4698.7,4698.7,4691.5,4691.8,1103
2024-05-02 11:52:00,4694.3,4696.15,4692.4,4696.0,3377
2024-05-02 11:53:00,4696.0,4698.65,4692.3,4696.65,3144
2024-05-02 11:54:00,4696.65,4699.1,4695.1,4699.05,1379
2024-05-02 11:55:00,4699.1,4699.1,4694.45,4697.15,1789
2024-05-02 11:56:00,4697.0,4697.5,4693.0,4695.25,298
2024-05-02 11:57:00,4695.25,4697.45,4693.6,4696.85,170
2024-05-02 11:58:00,4694.65,4697.5,4694.4,4695.0,164
2024-05-02 11:59:00,4696.0,4697.5,4695.0,4695.0,561
2024-05-02 12:00:00,4695.0,4696.95,4694.5,4695.35,2406
2024-05-02 12:01:00,4695.35,4696.0,4694.5,4695.0,660
2024-05-02 12:02:00,4695.0,4696.95,4692.65,4696.95,4508
2024-05-02 12:03:00,4696.95,4698.65,4696.0,4697.85,291
2024-05-02 12:04:00,4698.25,4699.9,4697.05,4698.85,324
2024-05-02 12:05:00,4698.9,4699.95,4696.95,4699.95,142
2024-05-02 12:06:00,4699.95,4700.0,4698.8,4699.7,225
2024-05-02 12:07:00,4699.7,4700.0,4698.6,4700.0,403
2024-05-02 12:08:00,4700.0,4700.0,4698.35,4699.75,221
2024-05-02 12:09:00,4699.75,4700.0,4697.4,4699.1,1601
2024-05-02 12:10:00,4699.95,4700.0,4696.95,4697.85,351
2024-05-02 12:11:00,4697.9,4698.0,4696.95,4697.85,108
2024-05-02 12:12:00,4697.85,4700.0,4696.55,4700.0,171
2024-05-02 12:13:00,4700.0,4700.0,4697.95,4699.85,132
2024-05-02 12:14:00,4699.85,4700.0,4698.65,4699.85,135
2024-05-02 12:15:00,4699.85,4713.65,4699.05,4711.75,3920
2024-05-02 12:16:00,4711.75,4711.75,4699.0,4702.3,1271
2024-05-02 12:17:00,4702.3,4707.0,4700.0,4702.3,689
2024-05-02 12:18:00,4702.3,4707.5,4700.35,4706.2,529
2024-05-02 12:19:00,4706.2,4707.0,4703.9,4706.75,433
2024-05-02 12:20:00,4706.75,4707.0,4704.0,4704.05,411
2024-05-02 12:21:00,4704.05,4706.9,4704.0,4704.5,333
2024-05-02 12:22:00,4704.5,4711.0,4704.5,4707.95,1259
2024-05-02 12:23:00,4707.95,4712.7,4707.0,4710.65,1661
2024-05-02 12:24:00,4710.65,4711.0,4707.05,4708.05,1226
2024-05-02 12:25:00,4708.1,4712.0,4707.05,4712.0,468
2024-05-02 12:26:00,4712.0,4713.25,4709.25,4709.25,218
2024-05-02 12:27:00,4709.25,4712.0,4707.85,4710.7,318
2024-05-02 12:28:00,4710.7,4715.0,4710.7,4713.3,540
2024-05-02 12:29:00,4711.0,4714.65,4710.65,4711.0,913
2024-05-02 12:30:00,4711.0,4713.5,4710.0,4712.1,828
2024-05-02 12:31:00,4712.1,4712.25,4708.1,4712.25,458
2024-05-02 12:32:00,4712.25,4713.0,4707.25,4709.45,795
2024-05-02 12:33:00,4709.45,4709.45,4706.6,4706.6,204
2024-05-02 12:34:00,4708.9,4709.25,4705.2,4706.25,651
2024-05-02 12:35:00,4706.25,4708.8,4704.5,4707.0,927
2024-05-02 12:36:00,4707.0,4713.25,4707.0,4709.7,2617
2024-05-02 12:37:00,4709.7,4711.75,4707.85,4708.0,261
2024-05-02 12:38:00,4708.0,4712.0,4708.0,4712.0,698
2024-05-02 12:39:00,4712.0,4712.0,4710.0,4711.5,169
2024-05-02 12:40:00,4711.5,4712.5,4710.0,4712.5,388
2024-05-02 12:41:00,4712.0,4712.0,4710.0,4711.95,341
2024-05-02 12:42:00,4711.95,4713.25,4710.0,4711.1,1455
2024-05-02 12:43:00,4711.1,4712.85,4709.3,4710.0,225
2024-05-02 12:44:00,4710.0,4712.25,4708.9,4710.55,513
2024-05-02 12:45:00,4710.55,4713.25,4710.0,4710.3,1287
2024-05-02 12:46:00,4710.3,4712.0,4710.0,4710.75,411
2024-05-02 12:47:00,4710.75,4712.0,4708.0,4708.25,543
2024-05-02 12:48:00,4710.35,4711.15,4708.0,4710.0,337
2024-05-02 12:49:00,4711.4,4711.95,4710.0,4710.0,740
2024-05-02 12:50:00,4710.0,4711.95,4710.0,4711.65,203
2024-05-02 12:51:00,4711.65,4711.95,4708.0,4710.6,1500
2024-05-02 12:52:00,4710.6,4711.0,4708.0,4708.3,219
2024-05-02 12:53:00,4708.3,4710.25,4708.0,4710.0,1416
2024-05-02 12:54:00,4710.0,4710.0,4706.75,4707.0,244
2024-05-02 12:55:00,4707.0,4710.9,4707.0,4710.9,1788
2024-05-02 12:56:00,4710.9,4711.3,4708.1,4708.95,290
2024-05-02 12:57:00,4708.95,4711.95,4708.25,4709.2,590
2024-05-02 12:58:00,4709.2,4709.85,4708.0,4708.0,175
2024-05-02 12:59:00,4709.55,4710.0,4707.95,4709.65,165
2024-05-02 13:00:00,4709.5,4711.9,4708.0,4709.45,512
2024-05-02 13:01:00,4709.3,4711.95,4708.0,4708.7,380
2024-05-02 13:02:00,4708.7,4710.95,4707.5,4707.5,277
2024-05-02 13:03:00,4707.5,4711.5,4707.15,4708.1,782
2024-05-02 13:04:00,4708.1,4711.2,4708.1,4708.2,224
2024-05-02 13:05:00,4708.25,4710.85,4707.8,4708.0,548
2024-05-02 13:06:00,4708.0,4709.8,4707.6,4708.0,473
2024-05-02 13:07:00,4708.0,4710.0,4707.6,4707.6,311
2024-05-02 13:08:00,4707.6,4710.25,4707.6,4708.0,948
2024-05-02 13:09:00,4709.6,4709.85,4707.6,4708.05,247
2024-05-02 13:10:00,4708.05,4710.25,4707.6,4707.6,434
2024-05-02 13:11:00,4707.6,4710.2,4707.5,4708.0,225
2024-05-02 13:12:00,4708.0,4710.0,4707.75,4707.75,385
2024-05-02 13:13:00,4707.75,4710.0,4707.0,4709.35,1783
2024-05-02 13:14:00,4709.35,4709.5,4707.0,4707.0,463
2024-05-02 13:15:00,4707.0,4709.5,4701.75,4704.45,5305
2024-05-02 13:16:00,4704.45,4704.45,4695.0,4698.1,2131
2024-05-02 13:17:00,4698.5,4702.55,4695.8,4701.3,743
2024-05-02 13:18:00,4701.3,4702.7,4700.0,4700.0,1170
2024-05-02 13:19:00,4700.0,4703.6,4700.0,4700.0,412
2024-05-02 13:20:00,4700.0,4705.0,4698.6,4700.0,11718
2024-05-02 13:21:00,4700.0,4702.35,4700.0,4700.1,1237
2024-05-02 13:22:00,4700.1,4702.4,4700.0,4700.0,921
2024-05-02 13:23:00,4700.1,4701.95,4699.0,4699.0,904
2024-05-02 13:24:00,4699.0,4702.85,4699.0,4699.05,636
2024-05-02 13:25:00,4699.05,4702.7,4698.95,4699.95,1084
2024-05-02 13:26:00,4700.0,4700.0,4699.0,4699.95,284
2024-05-02 13:27:00,4699.95,4700.0,4699.0,4699.0,402
2024-05-02 13:28:00,4699.0,4700.0,4699.0,4699.35,600
2024-05-02 13:29:00,4700.0,4700.0,4699.0,4700.0,283
2024-05-02 13:30:00,4699.95,4700.0,4698.05,4698.7,495
2024-05-02 13:31:00,4698.7,4699.0,4696.7,4698.9,199
2024-05-02 13:32:00,4698.65,4701.95,4698.65,4700.0,2801
2024-05-02 13:33:00,4701.95,4701.95,4699.95,4700.8,1016
2024-05-02 13:34:00,4701.0,4701.95,4699.5,4701.65,1007
2024-05-02 13:35:00,4701.65,4701.65,4699.2,4700.0,779
2024-05-02 13:36:00,4700.05,4700.05,4699.05,4700.0,658
2024-05-02 13:37:00,4700.0,4701.65,4699.0,4699.5,1231
2024-05-02 13:38:00,4699.95,4701.25,4698.65,4700.0,1056
2024-05-02 13:39:00,4700.0,4701.65,4700.0,4701.1,1102
2024-05-02 13:40:00,4701.1,4701.6,4699.9,4699.9,930
2024-05-02 13:41:00,4699.9,4700.45,4698.7,4700.45,1126
2024-05-02 13:42:00,4700.0,4700.0,4698.3,4700.0,1461
2024-05-02 13:43:00,4699.8,4700.05,4698.0,4699.0,958
2024-05-02 13:44:00,4699.85,4700.0,4698.0,4700.0,760
2024-05-02 13:45:00,4700.05,4700.05,4698.8,4698.8,843
2024-05-02 13:46:00,4699.25,4700.0,4698.7,4698.7,796
2024-05-02 13:47:00,4698.7,4699.0,4694.55,4695.05,664
2024-05-02 13:48:00,4695.05,4695.45,4694.55,4694.55,518
2024-05-02 13:49:00,4694.55,4697.4,4694.55,4695.8,715
2024-05-02 13:50:00,4698.05,4698.05,4694.55,4695.75,812
2024-05-02 13:51:00,4696.9,4697.05,4694.55,4694.75,327
2024-05-02 13:52:00,4694.55,4696.75,4694.55,4694.75,668
2024-05-02 13:53:00,4694.75,4695.85,4694.55,4694.6,564
2024-05-02 13:54:00,4694.6,4695.85,4694.15,4694.95,461
2024-05-02 13:55:00,4694.95,4695.85,4694.0,4694.8,418
2024-05-02 13:56:00,4694.7,4695.0,4693.95,4694.05,301
2024-05-02 13:57:00,4694.0,4695.05,4694.0,4694.0,584
2024-05-02 13:58:00,4694.0,4696.8,4694.0,4695.0,1150
2024-05-02 13:59:00,4695.0,4696.55,4694.6,4695.0,743
2024-05-02 14:00:00,4695.0,4696.45,4694.0,4695.0,1075
2024-05-02 14:01:00,4695.0,4696.45,4695.0,4696.15,844
2024-05-02 14:02:00,4695.05,4697.65,4695.0,4696.45,1341
2024-05-02 14:03:00,4695.0,4697.45,4695.0,4695.0,1467
2024-05-02 14:04:00,4695.0,4698.5,4695.0,4697.1,910
2024-05-02 14:05:00,4698.35,4699.25,4695.0,4695.0,836
2024-05-02 14:06:00,4694.05,4696.6,4694.0,4695.0,278
2024-05-02 14:07:00,4695.0,4698.6,4695.0,4695.7,368
2024-05-02 14:08:00,4697.75,4698.65,4695.35,4697.45,248
2024-05-02 14:09:00,4698.1,4699.25,4695.85,4696.25,331
2024-05-02 14:10:00,4698.35,4698.5,4696.2,4698.3,253
2024-05-02 14:11:00,4698.3,4703.95,4696.25,4701.2,1780
2024-05-02 14:12:00,4701.2,4702.85,4700.5,4700.5,964
2024-05-02 14:13:00,4700.5,4703.05,4700.5,4702.4,549
2024-05-02 14:14:00,4702.6,4702.8,4699.0,4700.0,1251
2024-05-02 14:15:00,4700.8,4703.8,4700.0,4700.0,1595
2024-05-02 14:16:00,4700.0,4701.6,4695.0,4700.0,2212
2024-05-02 14:17:00,4700.0,4702.15,4700.0,4700.0,1022
2024-05-02 14:18:00,4700.0,4701.8,4696.0,4701.6,2362
2024-05-02 14:19:00,4701.6,4701.7,4695.0,4695.5,1016
2024-05-02 14:20:00,4696.7,4698.25,4695.0,4695.8,578
2024-05-02 14:21:00,4695.0,4697.05,4695.0,4695.75,425
2024-05-02 14:22:00,4695.1,4697.95,4694.15,4694.15,2112
2024-05-02 14:23:00,4694.1,4697.0,4694.1,4696.2,1207
2024-05-02 14:24:00,4696.2,4700.0,4696.0,4696.0,1238
2024-05-02 14:25:00,4696.0,4697.2,4695.0,4695.7,1157
2024-05-02 14:26:00,4695.0,4698.1,4695.0,4695.6,1073
2024-05-02 14:27:00,4695.6,4697.6,4695.6,4696.85,1131
2024-05-02 14:28:00,4696.8,4697.7,4695.6,4697.0,1551
2024-05-02 14:29:00,4697.85,4699.6,4697.0,4698.1,1287
2024-05-02 14:30:00,4698.15,4699.4,4698.1,4699.0,1116
2024-05-02 14:31:00,4699.0,4700.0,4698.3,4698.55,2130
2024-05-02 14:32:00,4698.05,4700.0,4697.25,4699.9,1273
2024-05-02 14:33:00,4699.95,4699.95,4698.05,4698.05,1001
2024-05-02 14:34:00,4698.1,4698.95,4694.0,4694.0,1272
2024-05-02 14:35:00,4694.1,4694.1,4687.55,4687.6,2067
2024-05-02 14:36:00,4687.6,4687.7,4685.0,4685.2,1299
2024-05-02 14:37:00,4685.6,4689.3,4684.9,4684.9,1360
2024-05-02 14:38:00,4684.9,4684.95,4680.7,4684.85,4747
2024-05-02 14:39:00,4682.75,4684.8,4679.3,4679.95,3819
2024-05-02 14:40:00,4679.35,4683.65,4679.0,4683.5,2096
2024-05-02 14:41:00,4683.5,4685.25,4682.0,4682.65,977
2024-05-02 14:42:00,4682.8,4690.35,4682.55,4690.15,1353
2024-05-02 14:43:00,4690.25,4695.2,4689.95,4694.4,747
2024-05-02 14:44:00,4694.8,4695.0,4690.05,4695.0,1019
2024-05-02 14:45:00,4695.0,4695.0,4691.35,4692.5,903
2024-05-02 14:46:00,4692.5,4695.05,4690.05,4690.25,869
2024-05-02 14:47:00,4690.25,4693.75,4689.05,4689.9,1030
2024-05-02 14:48:00,4689.75,4693.85,4689.05,4691.8,1429
2024-05-02 14:49:00,4689.7,4694.3,4689.7,4691.55,996
2024-05-02 14:50:00,4694.15,4694.5,4691.25,4694.3,755
2024-05-02 14:51:00,4694.3,4695.8,4692.1,4694.6,884
2024-05-02 14:52:00,4692.65,4698.45,4692.65,4695.25,1465
2024-05-02 14:53:00,4695.25,4699.9,4694.0,4697.6,918
2024-05-02 14:54:00,4699.8,4700.0,4695.6,4700.0,1358
2024-05-02 14:55:00,4700.0,4700.0,4696.0,4696.0,1440
2024-05-02 14:56:00,4696.0,4700.0,4695.25,4695.95,2406
2024-05-02 14:57:00,4695.95,4700.0,4695.0,4697.05,1551
2024-05-02 14:58:00,4696.25,4701.85,4696.25,4700.0,3202
2024-05-02 14:59:00,4700.2,4700.2,4696.0,4700.0,1646
2024-05-02 15:00:00,4698.0,4700.75,4695.15,4695.15,3190
2024-05-02 15:01:00,4695.65,4698.35,4690.75,4694.9,2530
2024-05-02 15:02:00,4693.8,4700.0,4691.45,4696.05,2735
2024-05-02 15:03:00,4695.25,4696.65,4690.75,4693.65,3244
2024-05-02 15:04:00,4693.65,4696.75,4690.05,4696.75,2732
2024-05-02 15:05:00,4691.75,4698.65,4689.1,4697.4,3297
2024-05-02 15:06:00,4697.4,4697.4,4691.2,4693.65,2221
2024-05-02 15:07:00,4693.65,4695.35,4689.2,4692.2,2333
2024-05-02 15:08:00,4692.05,4693.2,4688.0,4691.7,2607
2024-05-02 15:09:00,4691.8,4694.85,4688.1,4694.85,2577
2024-05-02 15:10:00,4692.3,4695.8,4689.0,4690.4,2057
2024-05-02 15:11:00,4690.4,4695.85,4690.25,4691.1,2443
2024-05-02 15:12:00,4690.8,4694.7,4690.55,4692.5,1631
2024-05-02 15:13:00,4692.5,4692.5,4686.5,4688.55,2144
2024-05-02 15:14:00,4688.55,4693.15,4687.6,4687.7,1756
2024-05-02 15:15:00,4687.3,4694.9,4687.3,4693.55,2533
2024-05-02 15:16:00,4691.65,4694.0,4691.0,4691.55,1686
2024-05-02 15:17:00,4691.55,4693.75,4686.7,4693.75,2518
2024-05-02 15:18:00,4690.25,4694.35,4688.4,4692.75,2108
2024-05-02 15:19:00,4690.85,4693.45,4688.25,4689.0,2633
2024-05-02 15:20:00,4688.0,4693.8,4687.75,4690.85,3705
2024-05-02 15:21:00,4691.45,4695.05,4689.4,4693.8,2366
2024-05-02 15:22:00,4693.45,4693.8,4690.0,4691.05,1576
2024-05-02 15:23:00,4690.0,4694.35,4689.45,4691.75,1908
2024-05-02 15:24:00,4690.0,4693.0,4688.05,4691.4,2311
2024-05-02 15:25:00,4689.55,4694.85,4688.85,4693.15,2127
2024-05-02 15:26:00,4693.15,4698.0,4692.1,4694.85,2254
2024-05-02 15:27:00,4698.05,4699.0,4690.4,4697.45,1747
2024-05-02 15:28:00,4696.15,4700.0,4696.15,4699.0,877
2024-05-02 15:29:00,4697.6,4700.0,4693.0,4693.0,1259
2024-05-03 09:15:00,4705.05,4723.75,4695.45,4699.75,5118
2024-05-03 09:16:00,4699.8,4702.2,4696.1,4700.05,1444
2024-05-03 09:17:00,4700.05,4706.65,4697.1,4700.05,2111
2024-05-03 09:18:00,4700.25,4700.25,4691.0,4695.05,1219
2024-05-03 09:19:00,4695.05,4697.15,4680.8,4686.85,1840
2024-05-03 09:20:00,4684.1,4689.95,4682.85,4686.35,1346
2024-05-03 09:21:00,4686.35,4686.35,4681.0,4681.05,867
2024-05-03 09:22:00,4681.0,4685.55,4681.0,4685.55,627
2024-05-03 09:23:00,4686.55,4687.45,4680.35,4685.0,1235
2024-05-03 09:24:00,4684.05,4685.0,4683.7,4685.0,508
2024-05-03 09:25:00,4685.0,4686.8,4681.0,4681.0,634
2024-05-03 09:26:00,4680.65,4685.0,4680.3,4683.6,1262
2024-05-03 09:27:00,4685.0,4685.0,4683.1,4685.0,314
2024-05-03 09:28:00,4685.0,4687.4,4684.0,4686.95,548
2024-05-03 09:29:00,4685.2,4686.85,4684.0,4686.15,343
2024-05-03 09:30:00,4685.0,4694.95,4685.0,4691.8,838
2024-05-03 09:31:00,4691.8,4691.8,4685.3,4688.2,2043
2024-05-03 09:32:00,4688.2,4689.05,4682.05,4684.4,1503
2024-05-03 09:33:00,4682.05,4685.0,4680.6,4685.0,924
2024-05-03 09:34:00,4682.4,4687.95,4682.4,4684.05,1042
2024-05-03 09:35:00,4685.0,4686.05,4683.95,4686.0,426
2024-05-03 09:36:00,4686.0,4686.95,4684.05,4685.0,661
2024-05-03 09:37:00,4685.8,4685.85,4681.2,4684.05,857
2024-05-03 09:38:00,4684.05,4684.05,4682.0,4683.0,262
2024-05-03 09:39:00,4683.0,4684.05,4681.6,4683.95,323
2024-05-03 09:40:00,4683.95,4685.0,4682.5,4684.85,718
2024-05-03 09:41:00,4684.85,4685.0,4684.0,4685.0,135
2024-05-03 09:42:00,4685.0,4685.0,4684.0,4684.0,223
2024-05-03 09:43:00,4684.0,4689.45,4684.0,4687.4,1229
2024-05-03 09:44:00,4687.6,4690.0,4685.5,4687.4,671
2024-05-03 09:45:00,4686.95,4687.25,4685.0,4686.45,278
2024-05-03 09:46:00,4686.45,4686.45,4684.95,4685.0,199
2024-05-03 09:47:00,4685.0,4686.55,4685.0,4686.0,206
2024-05-03 09:48:00,4686.0,4688.65,4684.25,4688.65,237
2024-05-03 09:49:00,4688.65,4690.05,4687.05,4687.55,478
2024-05-03 09:50:00,4687.55,4688.7,4686.0,4688.15,356
2024-05-03 09:51:00,4688.15,4689.45,4686.0,4688.0,427
2024-05-03 09:52:00,4687.0,4687.8,4685.0,4687.8,180
2024-05-03 09:53:00,4688.0,4689.15,4686.9,4689.15,297
2024-05-03 09:54:00,4689.1,4689.2,4685.0,4687.7,1029
2024-05-03 09:55:00,4687.45,4689.45,4687.45,4688.0,330
2024-05-03 09:56:00,4688.0,4689.15,4685.0,4687.45,315
2024-05-03 09:57:00,4687.45,4687.45,4683.0,4684.2,797
2024-05-03 09:58:00,4684.2,4687.0,4684.2,4686.95,236
2024-05-03 09:59:00,4686.95,4691.2,4686.2,4688.25,716
2024-05-03 10:00:00,4688.25,4689.6,4687.05,4687.35,259
2024-05-03 10:01:00,4687.55,4689.8,4687.35,4688.45,417
2024-05-03 10:02:00,4687.45,4688.4,4687.0,4687.15,173
2024-05-03 10:03:00,4687.15,4689.05,4687.0,4688.05,253
2024-05-03 10:04:00,4688.05,4688.4,4684.2,4684.2,321
2024-05-03 10:05:00,4684.0,4685.25,4681.5,4682.15,379
2024-05-03 10:06:00,4681.5,4684.5,4677.0,4683.1,2720
2024-05-03 10:07:00,4683.7,4684.15,4677.55,4680.25,1040
2024-05-03 10:08:00,4680.25,4680.25,4677.15,4679.9,607
2024-05-03 10:09:00,4679.9,4681.75,4678.2,4681.65,376
2024-05-03 10:10:00,4681.65,4683.7,4680.15,4681.9,342
2024-05-03 10:11:00,4681.9,4684.7,4680.4,4683.2,618
2024-05-03 10:12:00,4680.85,4684.15,4680.8,4684.15,292
2024-05-03 10:13:00,4684.15,4684.7,4681.65,4684.4,187
2024-05-03 10:14:00,4684.4,4685.0,4682.15,4684.05,678
2024-05-03 10:15:00,4684.05,4685.0,4683.1,4685.0,263
2024-05-03 10:16:00,4684.8,4685.0,4683.05,4683.05,121
2024-05-03 10:17:00,4684.6,4684.7,4681.9,4684.7,427
2024-05-03 10:18:00,4684.7,4684.7,4681.75,4684.0,175
2024-05-03 10:19:00,4684.0,4684.8,4684.0,4684.8,130
2024-05-03 10:20:00,4684.8,4685.0,4682.5,4684.25,326
2024-05-03 10:21:00,4684.25,4687.5,4684.25,4687.5,2540
2024-05-03 10:22:00,4687.5,4688.7,4685.75,4685.95,480
2024-05-03 10:23:00,4686.3,4687.45,4685.7,4685.75,337
2024-05-03 10:24:00,4685.7,4685.75,4684.25,4685.0,328
2024-05-03 10:25:00,4685.0,4687.3,4684.25,4685.0,533
2024-05-03 10:26:00,4685.0,4685.0,4684.0,4684.5,212
2024-05-03 10:27:00,4685.0,4685.0,4684.0,4684.0,147
2024-05-03 10:28:00,4684.5,4684.5,4677.5,4677.7,815
2024-05-03 10:29:00,4677.7,4678.9,4677.05,4677.05,246
2024-05-03 10:30:00,4677.05,4679.95,4676.7,4677.8,584
2024-05-03 10:31:00,4677.8,4678.55,4672.75,4673.7,1309
2024-05-03 10:32:00,4672.85,4672.85,4666.0,4668.2,2135
2024-05-03 10:33:00,4668.2,4671.35,4666.8,4669.0,783
2024-05-03 10:34:00,4669.0,4669.0,4666.05,4666.05,282
2024-05-03 10:35:00,4666.05,4667.85,4661.3,4661.35,843
2024-05-03 10:36:00,4660.55,4663.1,4660.05,4661.0,1101
2024-05-03 10:37:00,4661.0,4663.95,4658.7,4658.95,1404
2024-05-03 10:38:00,4661.0,4663.8,4658.05,4660.0,988
2024-05-03 10:39:00,4660.0,4660.65,4658.0,4660.0,620
2024-05-03 10:40:00,4660.5,4663.7,4658.1,4660.2,762
2024-05-03 10:41:00,4660.0,4663.3,4660.0,4660.9,434
2024-05-03 10:42:00,4660.9,4663.5,4660.9,4663.0,374
2024-05-03 10:43:00,4664.6,4665.0,4663.0,4664.25,214
2024-05-03 10:44:00,4664.25,4665.55,4662.15,4663.0,230
2024-05-03 10:45:00,4663.0,4665.95,4662.0,4665.85,444
2024-05-03 10:46:00,4664.0,4665.65,4664.0,4664.0,307
2024-05-03 10:47:00,4664.0,4665.65,4664.0,4664.0,339
2024-05-03 10:48:00,4664.0,4666.0,4662.0,4663.45,799
2024-05-03 10:49:00,4663.45,4665.3,4661.5,4662.45,453
2024-05-03 10:50:00,4662.45,4666.45,4661.85,4665.0,380
2024-05-03 10:51:00,4665.0,4668.45,4665.0,4668.4,593
2024-05-03 10:52:00,4668.4,4669.0,4662.3,4662.35,1383
2024-05-03 10:53:00,4662.35,4662.75,4659.8,4659.8,641
2024-05-03 10:54:00,4660.0,4660.0,4659.0,4659.7,238
2024-05-03 10:55:00,4659.0,4660.0,4659.0,4660.0,220
2024-05-03 10:56:00,4661.7,4661.95,4660.0,4660.05,311
2024-05-03 10:57:00,4661.55,4661.55,4660.05,4660.05,208
2024-05-03 10:58:00,4660.05,4661.0,4658.0,4659.6,412
2024-05-03 10:59:00,4659.6,4660.7,4658.0,4659.95,488
2024-05-03 11:00:00,4658.5,4660.5,4658.5,4660.0,165
2024-05-03 11:01:00,4658.6,4662.45,4658.6,4660.2,315
2024-05-03 11:02:00,4660.2,4662.4,4660.15,4660.4,365
2024-05-03 11:03:00,4660.2,4661.2,4658.6,4660.0,765
2024-05-03 11:04:00,4661.1,4661.2,4658.0,4660.05,330
2024-05-03 11:05:00,4660.05,4660.05,4655.55,4657.95,647
2024-05-03 11:06:00,4657.95,4661.75,4656.7,4656.7,197
2024-05-03 11:07:00,4656.7,4659.9,4655.25,4655.6,611
2024-05-03 11:08:00,4655.7,4658.15,4655.3,4658.1,172
2024-05-03 11:09:00,4658.1,4658.3,4656.05,4657.0,121
2024-05-03 11:10:00,4657.0,4659.0,4656.05,4659.0,378
2024-05-03 11:11:00,4659.0,4659.0,4655.65,4657.95,129
2024-05-03 11:12:00,4657.95,4657.95,4655.6,4656.75,175
2024-05-03 11:13:00,4655.2,4658.05,4655.2,4658.0,261
2024-05-03 11:14:00,4658.0,4658.9,4656.75,4658.0,243
2024-05-03 11:15:00,4658.0,4658.9,4656.75,4658.9,107
2024-05-03 11:16:00,4657.45,4659.5,4657.0,4658.35,713
2024-05-03 11:17:00,4657.0,4659.6,4656.0,4659.6,361
2024-05-03 11:18:00,4659.4,4659.45,4656.9,4659.4,198
2024-05-03 11:19:00,4657.0,4659.8,4656.0,4656.0,616
2024-05-03 11:20:00,4656.0,4658.3,4655.0,4658.2,386
2024-05-03 11:21:00,4658.1,4658.1,4654.0,4656.0,978
2024-05-03 11:22:00,4656.15,4657.5,4652.7,4654.0,9702
2024-05-03 11:23:00,4652.75,4657.0,4651.9,4653.25,9857
2024-05-03 11:24:00,4655.1,4657.0,4652.75,4657.0,6322
2024-05-03 11:25:00,4657.0,4657.0,4654.0,4656.25,11107
2024-05-03 11:26:00,4656.25,4657.0,4654.2,4655.8,469
2024-05-03 11:27:00,4654.4,4655.8,4651.2,4651.3,334
2024-05-03 11:28:00,4653.1,4654.85,4651.5,4654.3,540
2024-05-03 11:29:00,4654.3,4654.3,4651.5,4654.25,248
2024-05-03 11:30:00,4654.25,4655.0,4652.0,4652.9,672
2024-05-03 11:31:00,4652.95,4653.7,4651.3,4653.7,371
2024-05-03 11:32:00,4653.75,4654.35,4651.0,4653.0,620
2024-05-03 11:33:00,4653.0,4654.55,4651.0,4653.75,1113
2024-05-03 11:34:00,4653.85,4654.1,4651.05,4653.0,528
2024-05-03 11:35:00,4653.0,4654.0,4653.0,4653.0,282
2024-05-03 11:36:00,4653.95,4654.0,4651.05,4652.2,550
2024-05-03 11:37:00,4651.05,4652.9,4648.5,4648.5,1065
2024-05-03 11:38:00,4650.55,4650.55,4647.45,4649.85,2313
2024-05-03 11:39:00,4649.85,4650.55,4648.05,4649.9,487
2024-05-03 11:40:00,4649.9,4650.5,4645.8,4649.0,1412
2024-05-03 11:41:00,4650.5,4653.05,4648.55,4653.0,298
2024-05-03 11:42:00,4650.95,4656.0,4650.85,4655.0,506
2024-05-03 11:43:00,4656.0,4656.0,4653.9,4655.3,328
2024-05-03 11:44:00,4655.0,4656.0,4653.0,4655.0,193
2024-05-03 11:45:00,4655.0,4655.85,4653.55,4654.9,138
2024-05-03 11:46:00,4654.9,4654.9,4650.95,4653.0,438
2024-05-03 11:47:00,4653.0,4654.85,4648.55,4653.15,1089
2024-05-03 11:48:00,4651.0,4653.1,4650.6,4652.05,218
2024-05-03 11:49:00,4652.05,4653.3,4651.05,4653.3,237
2024-05-03 11:50:00,4653.3,4653.3,4648.65,4648.65,510
2024-05-03 11:51:00,4650.6,4650.6,4645.25,4646.95,749
2024-05-03 11:52:00,4649.35,4650.6,4646.2,4649.75,290
2024-05-03 11:53:00,4648.0,4652.9,4647.2,4649.5,706
2024-05-03 11:54:00,4649.5,4651.95,4647.0,4651.0,696
2024-05-03 11:55:00,4650.0,4651.0,4648.2,4650.0,266
2024-05-03 11:56:00,4650.0,4650.0,4645.1,4649.85,1228
2024-05-03 11:57:00,4649.85,4650.55,4647.65,4648.0,151
2024-05-03 11:58:00,4649.95,4649.95,4647.1,4649.85,280
2024-05-03 11:59:00,4649.1,4649.85,4647.0,4648.55,167
2024-05-03 12:00:00,4648.5,4650.7,4646.45,4650.7,685
2024-05-03 12:01:00,4650.7,4652.75,4650.7,4651.5,205
2024-05-03 12:02:00,4651.5,4652.7,4650.05,4651.0,1521
2024-05-03 12:03:00,4651.0,4652.55,4651.0,4652.0,607
2024-05-03 12:04:00,4651.35,4652.5,4651.0,4652.5,1892
2024-05-03 12:05:00,4652.5,4653.0,4651.0,4653.0,297
2024-05-03 12:06:00,4652.0,4653.0,4651.85,4651.85,413
2024-05-03 12:07:00,4651.85,4654.75,4651.7,4652.35,430
2024-05-03 12:08:00,4652.35,4654.2,4652.0,4652.0,367
2024-05-03 12:09:00,4653.45,4653.45,4651.65,4651.65,374
2024-05-03 12:10:00,4651.65,4652.4,4651.5,4652.0,448
2024-05-03 12:11:00,4652.0,4652.4,4651.65,4652.35,503
2024-05-03 12:12:00,4652.35,4652.35,4651.65,4651.65,531
2024-05-03 12:13:00,4651.65,4652.35,4645.15,4645.9,6224
2024-05-03 12:14:00,4647.1,4647.7,4646.0,4647.0,369
2024-05-03 12:15:00,4647.0,4647.7,4645.0,4645.2,704
2024-05-03 12:16:00,4645.2,4645.35,4641.25,4643.15,2652
2024-05-03 12:17:00,4643.15,4644.0,4641.05,4644.0,1231
2024-05-03 12:18:00,4644.0,4646.75,4644.0,4646.0,1095
2024-05-03 12:19:00,4646.0,4646.75,4646.0,4646.0,366
2024-05-03 12:20:00,4646.0,4646.75,4645.0,4646.0,1083
2024-05-03 12:21:00,4645.0,4646.75,4644.0,4646.6,2164
2024-05-03 12:22:00,4646.6,4646.6,4645.0,4646.0,397
2024-05-03 12:23:00,4646.6,4647.0,4646.0,4647.0,345
2024-05-03 12:24:00,4647.0,4647.0,4646.0,4647.0,683
2024-05-03 12:25:00,4647.0,4647.5,4646.0,4647.5,295
2024-05-03 12:26:00,4647.5,4652.0,4646.0,4651.0,1790
2024-05-03 12:27:00,4652.0,4652.0,4651.0,4651.0,389
2024-05-03 12:28:00,4652.0,4652.0,4651.0,4651.0,521
2024-05-03 12:29:00,4651.0,4652.0,4651.0,4651.0,343
2024-05-03 12:30:00,4651.0,4652.35,4651.0,4651.6,498
2024-05-03 12:31:00,4651.6,4652.35,4651.0,4651.0,1505
2024-05-03 12:32:00,4651.0,4651.1,4651.0,4651.0,1535
2024-05-03 12:33:00,4651.0,4651.1,4648.3,4649.9,459
2024-05-03 12:34:00,4649.85,4649.85,4648.0,4649.7,253
2024-05-03 12:35:00,4649.7,4650.0,4648.0,4649.55,2321
2024-05-03 12:36:00,4649.5,4650.0,4646.35,4648.85,2408
2024-05-03 12:37:00,4648.85,4650.0,4646.35,4647.45,9025
2024-05-03 12:38:00,4647.6,4650.0,4645.3,4648.35,9671
2024-05-03 12:39:00,4648.45,4650.0,4645.55,4646.05,9042
2024-05-03 12:40:00,4646.05,4652.75,4645.95,4651.2,3923
2024-05-03 12:41:00,4651.2,4652.75,4649.65,4649.65,357
2024-05-03 12:42:00,4650.0,4656.0,4650.0,4653.8,1463
2024-05-03 12:43:00,4653.8,4655.7,4652.0,4652.05,336
2024-05-03 12:44:00,4652.05,4654.6,4652.05,4654.05,402
2024-05-03 12:45:00,4654.05,4654.55,4652.0,4652.0,504
2024-05-03 12:46:00,4652.0,4654.55,4652.0,4654.3,215
2024-05-03 12:47:00,4652.25,4653.35,4652.0,4652.0,364
2024-05-03 12:48:00,4652.0,4652.7,4651.7,4652.05,270
2024-05-03 12:49:00,4652.05,4652.05,4650.0,4650.0,406
2024-05-03 12:50:00,4650.95,4650.95,4649.0,4649.0,915
2024-05-03 12:51:00,4649.0,4651.3,4649.0,4650.55,2245
2024-05-03 12:52:00,4650.55,4651.3,4650.0,4650.0,832
2024-05-03 12:53:00,4650.0,4651.5,4650.0,4651.0,2592
2024-05-03 12:54:00,4651.0,4651.45,4649.65,4651.0,3846
2024-05-03 12:55:00,4651.0,4651.05,4650.0,4650.85,2683
2024-05-03 12:56:00,4650.85,4650.85,4650.0,4650.0,1214
2024-05-03 12:57:00,4649.1,4650.75,4644.0,4645.0,948
2024-05-03 12:58:00,4644.0,4647.75,4641.15,4645.55,744
2024-05-03 12:59:00,4647.4,4647.4,4643.75,4644.0,316
2024-05-03 13:00:00,4645.75,4646.3,4642.15,4646.15,917
2024-05-03 13:01:00,4646.15,4650.75,4644.05,4650.0,3038
2024-05-03 13:02:00,4650.0,4651.05,4650.0,4651.05,640
2024-05-03 13:03:00,4650.0,4651.0,4650.0,4650.0,375
2024-05-03 13:04:00,4650.0,4650.95,4650.0,4650.0,410
2024-05-03 13:05:00,4650.0,4650.95,4650.0,4650.0,359
2024-05-03 13:06:00,4650.95,4656.0,4650.0,4654.6,1195
2024-05-03 13:07:00,4654.6,4656.55,4652.75,4652.8,502
2024-05-03 13:08:00,4652.8,4658.3,4651.3,4651.5,770
2024-05-03 13:09:00,4653.05,4654.7,4651.05,4653.5,349
2024-05-03 13:10:00,4653.5,4653.5,4650.0,4652.3,672
2024-05-03 13:11:00,4652.3,4653.5,4650.0,4650.8,393
2024-05-03 13:12:00,4650.8,4653.45,4650.15,4650.85,233
2024-05-03 13:13:00,4650.85,4653.5,4650.85,4650.85,307
2024-05-03 13:14:00,4653.25,4656.5,4650.2,4652.75,385
2024-05-03 13:15:00,4652.75,4652.8,4650.0,4650.0,267
2024-05-03 13:16:00,4650.0,4652.95,4650.0,4650.2,312
2024-05-03 13:17:00,4650.2,4653.4,4650.0,4650.0,329
2024-05-03 13:18:00,4650.0,4652.25,4650.0,4651.1,301
2024-05-03 13:19:00,4651.1,4652.3,4650.0,4650.05,313
2024-05-03 13:20:00,4652.2,4652.25,4650.0,4650.1,355
2024-05-03 13:21:00,4652.05,4652.2,4650.0,4650.05,405
2024-05-03 13:22:00,4650.05,4652.2,4650.05,4652.15,421
2024-05-03 13:23:00,4650.0,4652.15,4650.0,4650.0,514
2024-05-03 13:24:00,4650.0,4651.55,4650.0,4650.0,359
2024-05-03 13:25:00,4650.0,4651.9,4650.0,4650.0,332
2024-05-03 13:26:00,4650.0,4653.85,4650.0,4651.3,648
2024-05-03 13:27:00,4651.3,4653.75,4650.55,4650.6,257
2024-05-03 13:28:00,4650.6,4652.75,4650.05,4650.15,326
2024-05-03 13:29:00,4650.15,4652.7,4650.05,4650.05,394
2024-05-03 13:30:00,4650.05,4652.85,4650.0,4650.1,374
2024-05-03 13:31:00,4650.1,4652.35,4650.0,4650.0,402
2024-05-03 13:32:00,4650.0,4651.75,4649.7,4651.45,233
2024-05-03 13:33:00,4651.45,4651.7,4649.7,4649.7,310
2024-05-03 13:34:00,4651.5,4651.75,4649.7,4650.0,306
2024-05-03 13:35:00,4650.0,4651.85,4649.7,4649.7,193
2024-05-03 13:36:00,4649.7,4651.0,4649.7,4650.0,321
2024-05-03 13:37:00,4649.7,4651.85,4649.7,4650.0,448
2024-05-03 13:38:00,4650.0,4650.0,4648.0,4648.0,577
2024-05-03 13:39:00,4647.4,4647.4,4642.7,4642.7,592
2024-05-03 13:40:00,4642.7,4644.85,4642.25,4642.5,493
2024-05-03 13:41:00,4644.0,4646.25,4642.5,4646.15,353
2024-05-03 13:42:00,4644.0,4646.0,4643.85,4643.85,251
2024-05-03 13:43:00,4643.85,4645.95,4642.5,4643.75,515
2024-05-03 13:44:00,4643.75,4643.8,4642.5,4643.8,441
2024-05-03 13:45:00,4645.6,4645.6,4642.5,4642.5,329
2024-05-03 13:46:00,4642.5,4645.0,4642.5,4644.4,245
2024-05-03 13:47:00,4644.4,4644.55,4642.0,4642.0,342
2024-05-03 13:48:00,4642.0,4643.9,4641.75,4642.55,290
2024-05-03 13:49:00,4642.55,4644.0,4641.1,4643.0,355
2024-05-03 13:50:00,4642.95,4642.95,4641.0,4641.25,221
2024-05-03 13:51:00,4641.25,4642.15,4641.0,4641.0,302
2024-05-03 13:52:00,4641.5,4641.95,4641.0,4641.0,359
2024-05-03 13:53:00,4641.4,4641.95,4640.95,4640.95,571
2024-05-03 13:54:00,4640.95,4642.95,4640.7,4642.95,775
2024-05-03 13:55:00,4642.95,4645.25,4641.4,4641.4,587
2024-05-03 13:56:00,4643.0,4645.0,4641.45,4642.25,403
2024-05-03 13:57:00,4644.0,4644.55,4642.0,4643.0,225
2024-05-03 13:58:00,4643.0,4643.1,4640.7,4640.7,405
2024-05-03 13:59:00,4640.85,4642.8,4640.7,4642.8,439
2024-05-03 14:00:00,4642.8,4644.05,4640.65,4640.65,371
2024-05-03 14:01:00,4640.65,4644.1,4640.55,4644.1,577
2024-05-03 14:02:00,4644.1,4647.5,4644.1,4647.5,732
2024-05-03 14:03:00,4648.0,4648.6,4647.0,4647.0,250
2024-05-03 14:04:00,4647.0,4648.6,4645.0,4645.0,523
2024-05-03 14:05:00,4645.0,4648.55,4645.0,4648.2,473
2024-05-03 14:06:00,4648.2,4651.0,4648.2,4650.0,833
2024-05-03 14:07:00,4650.85,4651.0,4647.0,4648.05,561
2024-05-03 14:08:00,4648.05,4649.7,4647.0,4648.9,335
2024-05-03 14:09:00,4648.9,4649.05,4647.0,4649.0,321
2024-05-03 14:10:00,4647.0,4649.0,4647.0,4649.0,223
2024-05-03 14:11:00,4649.0,4649.9,4647.0,4649.8,357
2024-05-03 14:12:00,4649.8,4649.8,4647.2,4647.2,357
2024-05-03 14:13:00,4647.2,4649.65,4647.0,4647.0,338
2024-05-03 14:14:00,4648.85,4649.8,4648.85,4649.8,246
2024-05-03 14:15:00,4649.8,4650.85,4649.0,4650.0,1016
2024-05-03 14:16:00,4650.0,4651.0,4650.0,4651.0,297
2024-05-03 14:17:00,4651.0,4651.0,4650.0,4650.0,315
2024-05-03 14:18:00,4650.0,4653.75,4650.0,4653.0,1798
2024-05-03 14:19:00,4653.0,4653.5,4650.0,4650.0,1069
2024-05-03 14:20:00,4651.75,4651.75,4650.0,4650.0,388
2024-05-03 14:21:00,4651.05,4651.4,4647.05,4647.5,457
2024-05-03 14:22:00,4647.05,4649.4,4647.0,4649.1,312
2024-05-03 14:23:00,4647.45,4649.35,4647.0,4647.0,303
2024-05-03 14:24:00,4647.0,4648.9,4647.0,4647.0,286
2024-05-03 14:25:00,4647.0,4648.85,4647.0,4647.0,303
2024-05-03 14:26:00,4648.6,4649.1,4646.5,4646.5,302
2024-05-03 14:27:00,4646.5,4648.65,4645.15,4648.65,702
2024-05-03 14:28:00,4647.85,4649.0,4647.0,4647.0,307
2024-05-03 14:29:00,4647.8,4647.8,4647.0,4647.0,196
2024-05-03 14:30:00,4647.0,4649.0,4647.0,4647.35,348
2024-05-03 14:31:00,4647.35,4649.35,4647.0,4647.3,294
2024-05-03 14:32:00,4649.1,4649.4,4647.0,4647.0,400
2024-05-03 14:33:00,4647.0,4649.0,4647.0,4647.0,418
2024-05-03 14:34:00,4647.0,4648.9,4647.0,4648.85,237
2024-05-03 14:35:00,4647.05,4648.9,4647.0,4648.9,428
2024-05-03 14:36:00,4648.95,4651.2,4648.95,4650.0,910
2024-05-03 14:37:00,4651.2,4652.0,4650.0,4651.95,446
2024-05-03 14:38:00,4650.0,4654.0,4650.0,4650.9,411
2024-05-03 14:39:00,4652.95,4654.3,4650.0,4650.0,497
2024-05-03 14:40:00,4650.0,4653.1,4650.0,4650.25,323
2024-05-03 14:41:00,4650.25,4652.0,4650.0,4651.25,435
2024-05-03 14:42:00,4652.0,4653.0,4651.0,4651.0,304
2024-05-03 14:43:00,4651.9,4653.0,4651.0,4653.0,348
2024-05-03 14:44:00,4653.0,4653.95,4652.05,4652.05,558
2024-05-03 14:45:00,4652.05,4653.9,4650.0,4650.0,611
2024-05-03 14:46:00,4650.0,4652.6,4650.0,4650.5,337
2024-05-03 14:47:00,4650.5,4652.7,4650.0,4651.8,428
2024-05-03 14:48:00,4650.0,4651.75,4649.65,4650.0,760
2024-05-03 14:49:00,4650.0,4651.15,4649.5,4649.9,442
2024-05-03 14:50:00,4649.9,4651.75,4649.5,4650.0,523
2024-05-03 14:51:00,4650.0,4650.65,4646.75,4646.75,8064
2024-05-03 14:52:00,4648.6,4650.0,4645.55,4645.55,4784
2024-05-03 14:53:00,4645.55,4650.0,4645.0,4645.55,4988
2024-05-03 14:54:00,4645.55,4651.0,4645.55,4650.0,9356
2024-05-03 14:55:00,4649.65,4650.0,4645.95,4646.5,4945
2024-05-03 14:56:00,4646.5,4650.0,4645.1,4650.0,414
2024-05-03 14:57:00,4646.8,4649.95,4646.8,4647.2,4721
2024-05-03 14:58:00,4647.2,4650.0,4646.3,4647.8,9329
2024-05-03 14:59:00,4650.0,4650.0,4647.3,4649.95,1054
2024-05-03 15:00:00,4649.9,4650.0,4648.05,4650.0,12221
2024-05-03 15:01:00,4650.0,4650.0,4649.8,4650.0,1069
2024-05-03 15:02:00,4650.0,4652.7,4649.05,4650.75,24297
2024-05-03 15:03:00,4650.0,4651.1,4649.05,4649.85,1566
2024-05-03 15:04:00,4649.85,4652.05,4649.05,4650.0,7281
2024-05-03 15:05:00,4650.0,4651.9,4649.1,4651.5,1593
2024-05-03 15:06:00,4651.0,4656.95,4651.0,4656.65,1677
2024-05-03 15:07:00,4656.6,4657.65,4655.1,4656.25,478
2024-05-03 15:08:00,4656.0,4659.9,4656.0,4658.6,1097
2024-05-03 15:09:00,4658.0,4663.0,4657.4,4661.95,1413
2024-05-03 15:10:00,4662.7,4663.35,4657.05,4657.25,667
2024-05-03 15:11:00,4657.25,4659.0,4657.0,4658.95,476
2024-05-03 15:12:00,4658.95,4659.0,4655.65,4657.0,792
2024-05-03 15:13:00,4657.0,4657.95,4656.05,4657.35,211
2024-05-03 15:14:00,4657.35,4658.5,4656.0,4658.5,1097
2024-05-03 15:15:00,4657.1,4657.95,4655.4,4656.3,777
2024-05-03 15:16:00,4656.85,4657.8,4655.0,4655.15,2279
2024-05-03 15:17:00,4655.4,4655.4,4655.0,4655.3,458
2024-05-03 15:18:00,4655.3,4656.05,4655.0,4655.7,558
2024-05-03 15:19:00,4655.8,4656.0,4655.0,4655.7,608
2024-05-03 15:20:00,4655.7,4655.75,4652.6,4653.05,3953
2024-05-03 15:21:00,4653.5,4654.35,4653.0,4654.35,755
2024-05-03 15:22:00,4654.4,4654.4,4653.7,4653.95,471
2024-05-03 15:23:00,4653.7,4653.7,4653.0,4653.15,1252
2024-05-03 15:24:00,4653.15,4653.95,4652.35,4653.95,1637
2024-05-03 15:25:00,4653.95,4655.8,4653.1,4655.8,520
2024-05-03 15:26:00,4655.0,4655.85,4653.8,4655.85,623
2024-05-03 15:27:00,4654.0,4655.6,4654.0,4655.0,740
2024-05-03 15:28:00,4655.0,4655.6,4651.6,4651.6,950
2024-05-03 15:29:00,4654.95,4655.6,4652.0,4655.0,1342
2024-05-06 09:15:00,4675.0,4684.0,4660.0,4670.5,1469
2024-05-06 09:16:00,4674.2,4684.0,4668.45,4670.45,1665
2024-05-06 09:17:00,4670.05,4673.75,4665.15,4670.1,1329
2024-05-06 09:18:00,4669.9,4670.5,4660.55,4662.8,1802
2024-05-06 09:19:00,4662.8,4671.95,4660.1,4662.55,2010
2024-05-06 09:20:00,4662.3,4674.3,4661.9,4665.1,1833
2024-05-06 09:21:00,4665.05,4678.65,4665.05,4672.85,731
2024-05-06 09:22:00,4672.85,4677.7,4669.8,4676.9,644
2024-05-06 09:23:00,4676.9,4680.0,4675.1,4677.85,1304
2024-05-06 09:24:00,4677.85,4679.9,4673.25,4679.9,865
2024-05-06 09:25:00,4676.45,4687.7,4676.25,4685.25,1460
2024-05-06 09:26:00,4682.7,4688.9,4682.7,4686.4,877
2024-05-06 09:27:00,4686.4,4690.0,4680.5,4690.0,1489
2024-05-06 09:28:00,4690.0,4699.0,4689.2,4699.0,2050
2024-05-06 09:29:00,4697.25,4702.65,4697.25,4699.9,3665
2024-05-06 09:30:00,4699.9,4709.0,4699.9,4708.0,1138
2024-05-06 09:31:00,4708.9,4718.0,4708.0,4718.0,2054
2024-05-06 09:32:00,4717.5,4720.0,4715.0,4717.85,1624
2024-05-06 09:33:00,4720.0,4722.7,4717.45,4720.0,1197
2024-05-06 09:34:00,4719.3,4729.7,4719.3,4727.5,2124
2024-05-06 09:35:00,4728.0,4739.0,4725.45,4736.8,3134
2024-05-06 09:36:00,4734.3,4738.0,4731.0,4736.3,3054
2024-05-06 09:37:00,4736.3,4736.3,4720.05,4721.3,3019
2024-05-06 09:38:00,4721.3,4723.65,4718.55,4720.25,1425
2024-05-06 09:39:00,4720.25,4720.25,4712.95,4718.0,1578
2024-05-06 09:40:00,4718.0,4718.0,4705.8,4710.1,1617
2024-05-06 09:41:00,4709.8,4716.45,4707.3,4713.95,1348
2024-05-06 09:42:00,4713.95,4715.65,4708.75,4709.2,1546
2024-05-06 09:43:00,4708.8,4711.0,4705.05,4706.65,607
2024-05-06 09:44:00,4707.0,4713.6,4705.6,4713.6,608
2024-05-06 09:45:00,4713.95,4725.0,4713.65,4721.9,951
2024-05-06 09:46:00,4721.9,4725.0,4721.8,4724.0,431
2024-05-06 09:47:00,4724.0,4728.9,4721.1,4726.0,1010
2024-05-06 09:48:00,4726.0,4732.65,4726.0,4727.0,1800
2024-05-06 09:49:00,4726.0,4726.0,4713.8,4715.2,1371
2024-05-06 09:50:00,4715.2,4719.5,4715.0,4718.5,303
2024-05-06 09:51:00,4719.5,4721.75,4716.55,4717.05,818
2024-05-06 09:52:00,4717.15,4721.75,4716.4,4716.4,512
2024-05-06 09:53:00,4716.4,4721.2,4716.4,4719.0,712
2024-05-06 09:54:00,4719.0,4720.0,4714.75,4714.75,1450
2024-05-06 09:55:00,4715.15,4715.15,4705.2,4705.25,1555
2024-05-06 09:56:00,4705.25,4714.8,4705.25,4712.0,475
2024-05-06 09:57:00,4712.0,4720.0,4712.0,4720.0,224
2024-05-06 09:58:00,4720.0,4725.0,4720.0,4724.3,1970
2024-05-06 09:59:00,4724.9,4724.9,4718.5,4721.55,993
2024-05-06 10:00:00,4720.25,4722.95,4716.4,4719.0,236
2024-05-06 10:01:00,4719.0,4719.55,4712.35,4714.6,501
2024-05-06 10:02:00,4714.85,4716.0,4710.35,4712.9,1498
2024-05-06 10:03:00,4710.9,4712.65,4706.1,4708.0,395
2024-05-06 10:04:00,4708.0,4708.0,4705.5,4705.5,192
2024-05-06 10:05:00,4705.5,4705.5,4700.0,4703.75,1729
2024-05-06 10:06:00,4703.75,4709.65,4703.5,4706.85,385
2024-05-06 10:07:00,4706.85,4708.6,4700.05,4700.05,966
2024-05-06 10:08:00,4700.05,4703.8,4700.05,4702.25,484
2024-05-06 10:09:00,4702.25,4702.95,4697.45,4698.45,2552
2024-05-06 10:10:00,4697.95,4699.7,4692.2,4694.25,552
2024-05-06 10:11:00,4693.6,4696.95,4691.6,4695.05,1632
2024-05-06 10:12:00,4695.05,4695.05,4687.05,4694.0,2120
2024-05-06 10:13:00,4694.4,4696.95,4693.0,4695.8,516
2024-05-06 10:14:00,4695.8,4705.9,4695.8,4705.9,442
2024-05-06 10:15:00,4705.8,4706.85,4697.3,4699.0,740
2024-05-06 10:16:00,4699.0,4702.95,4698.0,4702.1,463
2024-05-06 10:17:00,4702.1,4702.95,4698.0,4700.05,102
2024-05-06 10:18:00,4700.05,4706.2,4698.15,4705.6,805
2024-05-06 10:19:00,4701.6,4705.25,4700.65,4705.05,537
2024-05-06 10:20:00,4705.05,4707.25,4701.35,4701.7,779
2024-05-06 10:21:00,4701.7,4706.9,4701.7,4706.4,88
2024-05-06 10:22:00,4706.4,4708.6,4703.7,4706.0,651
2024-05-06 10:23:00,4706.0,4706.0,4701.35,4703.15,144
2024-05-06 10:24:00,4703.15,4703.5,4700.15,4700.65,145
2024-05-06 10:25:00,4700.65,4702.4,4700.4,4702.3,203
2024-05-06 10:26:00,4702.3,4704.0,4701.4,4703.8,156
2024-05-06 10:27:00,4701.85,4701.85,4700.45,4701.5,179
2024-05-06 10:28:00,4701.5,4701.5,4698.5,4698.6,317
2024-05-06 10:29:00,4698.6,4701.2,4698.0,4701.2,335
2024-05-06 10:30:00,4699.8,4703.8,4698.25,4698.25,636
2024-05-06 10:31:00,4698.25,4701.3,4698.05,4701.3,92
2024-05-06 10:32:00,4701.3,4701.3,4696.5,4696.5,344
2024-05-06 10:33:00,4696.5,4696.5,4693.8,4695.15,282
2024-05-06 10:34:00,4695.15,4695.15,4692.0,4692.05,178
2024-05-06 10:35:00,4692.05,4696.55,4691.85,4694.0,176
2024-05-06 10:36:00,4694.0,4695.1,4693.1,4694.9,147
2024-05-06 10:37:00,4694.9,4696.2,4691.7,4693.7,330
2024-05-06 10:38:00,4693.7,4693.7,4691.65,4693.0,114
2024-05-06 10:39:00,4693.0,4694.2,4691.65,4693.0,209
2024-05-06 10:40:00,4693.0,4699.0,4693.0,4699.0,662
2024-05-06 10:41:00,4698.95,4703.35,4698.9,4703.35,178
2024-05-06 10:42:00,4703.35,4704.0,4700.05,4700.25,455
2024-05-06 10:43:00,4700.25,4703.5,4700.25,4702.1,109
2024-05-06 10:44:00,4702.1,4703.7,4701.0,4703.0,93
2024-05-06 10:45:00,4701.65,4704.0,4697.45,4698.95,353
2024-05-06 10:46:00,4698.95,4702.65,4698.95,4700.0,49
2024-05-06 10:47:00,4700.0,4701.95,4699.0,4699.0,131
2024-05-06 10:48:00,4699.0,4701.35,4699.0,4700.5,64
2024-05-06 10:49:00,4700.5,4700.65,4699.25,4699.25,72
2024-05-06 10:50:00,4700.0,4700.6,4695.65,4695.65,381
2024-05-06 10:51:00,4695.65,4698.3,4695.1,4695.5,97
2024-05-06 10:52:00,4695.55,4698.7,4692.0,4696.45,1857
2024-05-06 10:53:00,4696.45,4698.5,4695.4,4695.7,70
2024-05-06 10:54:00,4695.7,4697.05,4695.0,4695.05,504
2024-05-06 10:55:00,4695.05,4697.15,4695.0,4696.0,142
2024-05-06 10:56:00,4696.0,4697.15,4695.0,4695.05,150
2024-05-06 10:57:00,4695.05,4696.0,4695.0,4695.0,80
2024-05-06 10:58:00,4696.0,4696.2,4695.0,4696.2,3734
2024-05-06 10:59:00,4695.95,4695.95,4695.0,4695.1,4724
2024-05-06 11:00:00,4695.1,4695.8,4695.0,4695.0,290
2024-05-06 11:01:00,4695.0,4697.0,4695.0,4695.05,161
2024-05-06 11:02:00,4695.05,4699.25,4695.0,4696.4,364
2024-05-06 11:03:00,4696.6,4698.4,4695.35,4695.35,299
2024-05-06 11:04:00,4695.35,4699.3,4695.0,4695.6,567
2024-05-06 11:05:00,4695.6,4697.35,4689.4,4689.4,2022
2024-05-06 11:06:00,4686.25,4686.25,4680.0,4680.0,1328
2024-05-06 11:07:00,4680.0,4681.95,4675.45,4675.55,1427
2024-05-06 11:08:00,4675.55,4679.0,4675.55,4678.6,551
2024-05-06 11:09:00,4678.6,4682.0,4676.6,4679.0,473
2024-05-06 11:10:00,4679.0,4681.9,4676.3,4676.35,429
2024-05-06 11:11:00,4676.2,4678.1,4674.05,4674.9,609
2024-05-06 11:12:00,4674.5,4679.1,4674.5,4679.1,142
2024-05-06 11:13:00,4679.1,4679.1,4675.1,4677.0,373
2024-05-06 11:14:00,4677.0,4677.0,4669.3,4669.3,989
2024-05-06 11:15:00,4669.35,4675.9,4668.1,4674.0,670
2024-05-06 11:16:00,4674.0,4677.7,4674.0,4676.15,81
2024-05-06 11:17:00,4676.15,4677.2,4674.55,4675.0,368
2024-05-06 11:18:00,4675.0,4677.15,4674.55,4675.1,345
2024-05-06 11:19:00,4675.1,4678.05,4675.0,4677.2,132
2024-05-06 11:20:00,4677.15,4677.5,4674.65,4675.0,442
2024-05-06 11:21:00,4676.45,4676.45,4674.5,4674.5,177
2024-05-06 11:22:00,4675.0,4675.65,4674.5,4675.05,212
2024-05-06 11:23:00,4675.8,4676.05,4674.0,4675.8,718
2024-05-06 11:24:00,4675.8,4677.15,4674.05,4675.0,66
2024-05-06 11:25:00,4675.0,4678.0,4675.0,4677.45,62
2024-05-06 11:26:00,4677.45,4679.6,4676.0,4676.0,297
2024-05-06 11:27:00,4676.0,4679.45,4676.0,4679.1,135
2024-05-06 11:28:00,4679.1,4679.7,4676.0,4676.6,229
2024-05-06 11:29:00,4676.6,4678.7,4676.0,4676.05,276
2024-05-06 11:30:00,4677.5,4677.55,4675.0,4676.1,241
2024-05-06 11:31:00,4678.25,4678.25,4675.55,4676.8,404
2024-05-06 11:32:00,4676.8,4678.6,4676.0,4676.0,276
2024-05-06 11:33:00,4677.45,4678.5,4676.0,4676.55,74
2024-05-06 11:34:00,4676.55,4679.55,4676.0,4677.0,91
2024-05-06 11:35:00,4678.6,4678.6,4677.0,4677.0,154
2024-05-06 11:36:00,4677.0,4677.85,4677.0,4677.85,46
2024-05-06 11:37:00,4677.85,4677.85,4676.9,4676.9,41
2024-05-06 11:38:00,4677.2,4678.65,4676.9,4677.45,71
2024-05-06 11:39:00,4679.0,4680.0,4677.5,4680.0,47
2024-05-06 11:40:00,4680.0,4681.0,4679.0,4680.35,238
2024-05-06 11:41:00,4680.35,4682.0,4679.0,4681.9,761
2024-05-06 11:42:00,4682.0,4684.45,4681.0,4684.0,180
2024-05-06 11:43:00,4684.0,4684.85,4681.85,4683.1,134
2024-05-06 11:44:00,4683.1,4684.9,4682.85,4682.85,179
2024-05-06 11:45:00,4682.85,4684.7,4681.0,4681.0,201
2024-05-06 11:46:00,4681.0,4681.8,4681.0,4681.4,59
2024-05-06 11:47:00,4681.4,4681.8,4681.0,4681.0,130
2024-05-06 11:48:00,4681.0,4683.2,4680.2,4681.0,156
2024-05-06 11:49:00,4681.0,4684.6,4681.0,4681.9,277
2024-05-06 11:50:00,4681.9,4683.95,4681.9,4683.65,119
2024-05-06 11:51:00,4683.65,4684.0,4682.45,4682.45,180
2024-05-06 11:52:00,4683.85,4686.05,4682.45,4684.9,479
2024-05-06 11:53:00,4684.9,4686.1,4683.9,4685.35,72
2024-05-06 11:54:00,4685.0,4686.2,4685.0,4686.2,88
2024-05-06 11:55:00,4687.15,4688.7,4685.5,4687.25,106
2024-05-06 11:56:00,4687.25,4688.0,4684.2,4686.6,355
2024-05-06 11:57:00,4686.6,4687.3,4686.6,4686.7,55
2024-05-06 11:58:00,4686.7,4693.05,4686.65,4690.45,862
2024-05-06 11:59:00,4690.45,4693.9,4687.8,4687.8,487
2024-05-06 12:00:00,4687.8,4689.75,4686.0,4686.0,404
2024-05-06 12:01:00,4686.0,4688.6,4685.6,4686.5,362
2024-05-06 12:02:00,4686.5,4687.4,4685.6,4685.6,208
2024-05-06 12:03:00,4685.6,4692.7,4685.6,4692.7,317
2024-05-06 12:04:00,4692.7,4693.7,4686.0,4690.0,1024
2024-05-06 12:05:00,4690.0,4692.0,4690.0,4690.1,212
2024-05-06 12:06:00,4690.1,4691.2,4690.0,4690.5,66
2024-05-06 12:07:00,4690.5,4691.95,4689.15,4690.15,228
2024-05-06 12:08:00,4690.15,4691.2,4688.25,4690.95,226
2024-05-06 12:09:00,4690.95,4691.95,4688.0,4688.5,538
2024-05-06 12:10:00,4688.5,4692.0,4688.05,4688.05,322
2024-05-06 12:11:00,4688.05,4689.95,4688.05,4688.5,46
2024-05-06 12:12:00,4688.5,4692.0,4688.5,4692.0,100
2024-05-06 12:13:00,4692.0,4692.0,4689.55,4691.2,221
2024-05-06 12:14:00,4691.2,4695.0,4691.1,4694.8,497
2024-05-06 12:15:00,4694.8,4697.7,4691.65,4697.0,223
2024-05-06 12:16:00,4697.0,4699.0,4697.0,4697.65,181
2024-05-06 12:17:00,4697.65,4698.0,4695.0,4696.0,359
2024-05-06 12:18:00,4696.0,4698.95,4696.0,4698.95,243
2024-05-06 12:19:00,4699.0,4701.2,4697.9,4701.0,871
2024-05-06 12:20:00,4701.0,4701.75,4700.0,4700.0,295
2024-05-06 12:21:00,4700.0,4701.2,4700.0,4700.05,115
2024-05-06 12:22:00,4700.05,4701.2,4700.0,4700.0,397
2024-05-06 12:23:00,4700.0,4701.1,4700.0,4700.9,256
2024-05-06 12:24:00,4700.9,4702.8,4695.2,4697.1,440
2024-05-06 12:25:00,4697.1,4697.1,4695.0,4695.5,257
2024-05-06 12:26:00,4695.5,4696.1,4691.95,4692.15,465
2024-05-06 12:27:00,4692.15,4694.05,4691.15,4692.35,52
2024-05-06 12:28:00,4692.35,4696.15,4692.35,4693.85,46
2024-05-06 12:29:00,4693.5,4695.3,4693.4,4693.4,64
2024-05-06 12:30:00,4693.2,4693.85,4690.15,4691.85,129
2024-05-06 12:31:00,4691.85,4691.85,4690.0,4690.0,72
2024-05-06 12:32:00,4690.0,4691.1,4690.0,4690.0,266
2024-05-06 12:33:00,4690.0,4691.85,4690.0,4691.1,152
2024-05-06 12:34:00,4691.1,4691.85,4689.6,4689.6,227
2024-05-06 12:35:00,4691.05,4691.2,4689.65,4690.0,363
2024-05-06 12:36:00,4690.0,4691.2,4690.0,4690.0,282
2024-05-06 12:37:00,4690.0,4691.85,4690.0,4691.85,99
2024-05-06 12:38:00,4691.85,4691.85,4690.5,4690.5,104
2024-05-06 12:39:00,4690.5,4694.2,4690.0,4694.2,117
2024-05-06 12:40:00,4694.2,4696.45,4694.15,4694.45,175
2024-05-06 12:41:00,4694.45,4696.0,4693.5,4693.5,199
2024-05-06 12:42:00,4693.85,4695.7,4693.5,4693.5,208
2024-05-06 12:43:00,4692.2,4693.75,4692.0,4693.75,64
2024-05-06 12:44:00,4693.75,4693.75,4692.0,4692.05,37
2024-05-06 12:45:00,4692.05,4693.7,4692.0,4693.0,67
2024-05-06 12:46:00,4693.0,4693.85,4692.0,4693.7,122
2024-05-06 12:47:00,4693.7,4694.1,4692.1,4692.1,200
2024-05-06 12:48:00,4693.85,4694.4,4692.1,4693.85,76
2024-05-06 12:49:00,4693.85,4696.9,4693.85,4695.0,230
2024-05-06 12:50:00,4695.0,4696.0,4692.15,4694.95,238
2024-05-06 12:51:00,4694.95,4694.95,4692.1,4692.6,25
2024-05-06 12:52:00,4692.6,4693.45,4690.0,4690.25,1330
2024-05-06 12:53:00,4690.0,4690.35,4690.0,4690.0,67
2024-05-06 12:54:00,4690.05,4690.05,4689.1,4689.9,331
2024-05-06 12:55:00,4689.9,4690.65,4689.0,4689.05,271
2024-05-06 12:56:00,4689.05,4691.2,4689.0,4689.95,180
2024-05-06 12:57:00,4689.95,4690.75,4689.0,4690.75,196
2024-05-06 12:58:00,4690.75,4690.75,4690.0,4690.0,43
2024-05-06 12:59:00,4690.4,4690.4,4688.6,4689.0,194
2024-05-06 13:00:00,4689.0,4690.6,4689.0,4690.6,178
2024-05-06 13:01:00,4690.6,4691.0,4690.0,4690.0,161
2024-05-06 13:02:00,4690.0,4693.35,4690.0,4691.95,305
2024-05-06 13:03:00,4691.95,4693.0,4690.45,4690.45,32
2024-05-06 13:04:00,4690.45,4692.25,4690.1,4690.1,50
2024-05-06 13:05:00,4690.1,4691.9,4690.0,4690.0,391
2024-05-06 13:06:00,4690.0,4692.0,4690.0,4690.35,151
2024-05-06 13:07:00,4690.35,4692.85,4690.3,4691.05,101
2024-05-06 13:08:00,4691.05,4692.9,4691.0,4691.6,117
2024-05-06 13:09:00,4691.6,4692.35,4690.95,4691.6,130
2024-05-06 13:10:00,4691.6,4691.6,4690.0,4690.0,142
2024-05-06 13:11:00,4690.0,4690.0,4688.0,4688.0,379
2024-05-06 13:12:00,4688.0,4688.95,4687.25,4687.5,374
2024-05-06 13:13:00,4687.5,4689.75,4687.5,4689.0,605
2024-05-06 13:14:00,4689.0,4689.45,4689.0,4689.1,457
2024-05-06 13:15:00,4689.1,4689.5,4688.25,4688.25,150
2024-05-06 13:16:00,4688.25,4689.85,4687.55,4689.0,293
2024-05-06 13:17:00,4690.0,4690.3,4689.0,4689.05,158
2024-05-06 13:18:00,4689.05,4690.5,4688.0,4688.0,286
2024-05-06 13:19:00,4688.35,4690.5,4688.0,4690.4,129
2024-05-06 13:20:00,4690.4,4691.2,4687.5,4687.5,177
2024-05-06 13:21:00,4687.5,4689.7,4687.5,4688.25,179
2024-05-06 13:22:00,4688.25,4692.0,4688.25,4692.0,280
2024-05-06 13:23:00,4692.0,4692.7,4690.55,4692.0,64
2024-05-06 13:24:00,4692.65,4693.35,4691.95,4691.95,123
2024-05-06 13:25:00,4691.95,4691.95,4690.0,4690.0,194
2024-05-06 13:26:00,4690.0,4690.05,4688.25,4688.25,48
2024-05-06 13:27:00,4688.25,4689.05,4688.25,4688.25,299
2024-05-06 13:28:00,4688.25,4690.0,4688.25,4690.0,365
2024-05-06 13:29:00,4690.0,4690.65,4688.4,4689.0,71
2024-05-06 13:30:00,4689.95,4693.15,4689.0,4690.05,67
2024-05-06 13:31:00,4690.05,4691.4,4690.0,4690.0,58
2024-05-06 13:32:00,4690.0,4693.4,4690.0,4691.25,98
2024-05-06 13:33:00,4691.25,4693.4,4690.0,4691.6,124
2024-05-06 13:34:00,4691.6,4693.85,4690.2,4690.2,83
2024-05-06 13:35:00,4690.35,4691.6,4690.0,4690.5,159
2024-05-06 13:36:00,4690.5,4693.7,4690.4,4691.35,204
2024-05-06 13:37:00,4691.35,4693.6,4691.35,4691.5,46
2024-05-06 13:38:00,4691.5,4693.85,4691.5,4691.5,173
2024-05-06 13:39:00,4692.35,4693.65,4691.5,4692.1,80
2024-05-06 13:40:00,4693.4,4693.4,4691.9,4692.1,225
2024-05-06 13:41:00,4692.1,4694.0,4692.0,4693.75,134
2024-05-06 13:42:00,4693.75,4693.85,4692.0,4693.35,101
2024-05-06 13:43:00,4693.35,4694.0,4691.5,4691.6,196
2024-05-06 13:44:00,4693.15,4693.95,4691.55,4691.55,66
2024-05-06 13:45:00,4691.55,4697.85,4691.55,4696.0,352
2024-05-06 13:46:00,4696.0,4697.45,4696.0,4696.1,69
2024-05-06 13:47:00,4696.1,4697.0,4695.0,4695.0,58
2024-05-06 13:48:00,4695.0,4696.75,4695.0,4695.05,63
2024-05-06 13:49:00,4696.05,4696.25,4694.35,4695.0,73
2024-05-06 13:50:00,4694.4,4696.25,4694.3,4694.95,409
2024-05-06 13:51:00,4695.95,4697.6,4694.95,4695.65,311
2024-05-06 13:52:00,4697.25,4697.6,4695.65,4697.5,96
2024-05-06 13:53:00,4697.0,4697.45,4692.9,4693.9,193
2024-05-06 13:54:00,4693.55,4695.7,4690.0,4693.85,1038
2024-05-06 13:55:00,4695.0,4697.6,4694.3,4694.3,336
2024-05-06 13:56:00,4694.3,4696.55,4694.3,4696.25,175
2024-05-06 13:57:00,4694.4,4696.25,4693.6,4693.85,69
2024-05-06 13:58:00,4695.2,4695.4,4692.55,4695.0,113
2024-05-06 13:59:00,4695.0,4696.55,4692.55,4694.35,235
2024-05-06 14:00:00,4694.35,4697.15,4692.4,4694.4,192
2024-05-06 14:01:00,4694.4,4694.4,4690.65,4693.05,213
2024-05-06 14:02:00,4693.05,4693.25,4691.25,4692.95,20
2024-05-06 14:03:00,4692.9,4693.0,4691.25,4693.0,25
2024-05-06 14:04:00,4692.9,4695.25,4692.05,4693.75,315
2024-05-06 14:05:00,4693.7,4696.75,4693.7,4693.85,212
2024-05-06 14:06:00,4695.15,4695.2,4693.85,4695.2,58
2024-05-06 14:07:00,4693.7,4693.7,4691.05,4693.45,96
2024-05-06 14:08:00,4693.45,4693.45,4691.0,4691.0,222
2024-05-06 14:09:00,4691.05,4693.8,4691.05,4693.45,117
2024-05-06 14:10:00,4693.45,4693.8,4691.3,4692.3,85
2024-05-06 14:11:00,4692.3,4695.0,4692.25,4694.4,206
2024-05-06 14:12:00,4694.55,4697.8,4694.55,4697.0,174
2024-05-06 14:13:00,4696.2,4703.95,4696.2,4700.0,1720
2024-05-06 14:14:00,4700.0,4701.95,4700.0,4700.05,284
2024-05-06 14:15:00,4700.05,4701.35,4700.0,4700.1,1266
2024-05-06 14:16:00,4700.0,4703.45,4700.0,4700.4,869
2024-05-06 14:17:00,4700.4,4700.45,4699.0,4699.0,183
2024-05-06 14:18:00,4699.0,4700.35,4699.0,4699.0,344
2024-05-06 14:19:00,4700.35,4701.6,4699.0,4701.6,292
2024-05-06 14:20:00,4701.6,4704.65,4700.0,4704.2,868
2024-05-06 14:21:00,4702.15,4703.9,4700.3,4700.3,166
2024-05-06 14:22:00,4700.3,4702.0,4700.0,4700.55,552
2024-05-06 14:23:00,4702.85,4702.95,4700.55,4700.55,84
2024-05-06 14:24:00,4702.0,4702.0,4700.0,4701.6,70
2024-05-06 14:25:00,4700.0,4703.0,4700.0,4702.0,332
2024-05-06 14:26:00,4701.7,4703.5,4700.1,4702.15,122
2024-05-06 14:27:00,4702.15,4703.7,4700.0,4701.05,274
2024-05-06 14:28:00,4702.6,4702.7,4701.0,4701.0,134
2024-05-06 14:29:00,4702.3,4702.3,4701.0,4701.5,125
2024-05-06 14:30:00,4701.5,4702.05,4700.15,4700.25,146
2024-05-06 14:31:00,4700.25,4701.95,4700.0,4701.9,259
2024-05-06 14:32:00,4701.95,4704.95,4701.95,4702.9,588
2024-05-06 14:33:00,4703.75,4703.75,4702.6,4702.6,109
2024-05-06 14:34:00,4702.6,4702.6,4700.5,4700.6,132
2024-05-06 14:35:00,4700.6,4702.45,4700.0,4700.0,179
2024-05-06 14:36:00,4702.0,4702.45,4700.0,4700.1,195
2024-05-06 14:37:00,4701.9,4702.35,4700.0,4701.0,781
2024-05-06 14:38:00,4701.7,4701.8,4700.0,4700.0,203
2024-05-06 14:39:00,4700.9,4701.65,4700.0,4700.7,345
2024-05-06 14:40:00,4700.55,4702.0,4700.55,4700.55,122
2024-05-06 14:41:00,4700.55,4701.75,4700.55,4700.55,47
2024-05-06 14:42:00,4700.55,4701.85,4700.55,4700.55,217
2024-05-06 14:43:00,4700.7,4701.3,4700.55,4700.6,242
2024-05-06 14:44:00,4700.6,4701.85,4700.55,4700.6,70
2024-05-06 14:45:00,4700.6,4703.0,4700.55,4702.15,734
2024-05-06 14:46:00,4702.15,4705.0,4702.15,4703.3,722
2024-05-06 14:47:00,4705.0,4705.0,4703.3,4704.9,181
2024-05-06 14:48:00,4703.4,4704.4,4701.7,4702.0,207
2024-05-06 14:49:00,4702.0,4702.05,4700.55,4700.55,319
2024-05-06 14:50:00,4700.55,4700.9,4700.0,4700.15,2357
2024-05-06 14:51:00,4700.15,4701.9,4700.15,4700.55,716
2024-05-06 14:52:00,4700.6,4701.55,4700.55,4701.0,290
2024-05-06 14:53:00,4701.0,4702.35,4700.55,4700.55,193
2024-05-06 14:54:00,4700.55,4701.2,4700.55,4701.0,220
2024-05-06 14:55:00,4701.0,4701.8,4700.55,4700.65,168
2024-05-06 14:56:00,4700.65,4700.95,4700.0,4700.0,541
2024-05-06 14:57:00,4700.0,4701.95,4700.0,4700.0,369
2024-05-06 14:58:00,4700.05,4701.45,4699.0,4700.0,3155
2024-05-06 14:59:00,4700.0,4700.05,4699.0,4699.0,1583
2024-05-06 15:00:00,4699.95,4699.95,4691.85,4692.0,621
2024-05-06 15:01:00,4692.0,4696.8,4691.0,4696.8,1860
2024-05-06 15:02:00,4698.75,4703.0,4696.8,4701.6,2211
2024-05-06 15:03:00,4701.85,4703.5,4700.0,4703.4,1320
2024-05-06 15:04:00,4703.5,4706.65,4701.75,4705.15,813
2024-05-06 15:05:00,4706.4,4709.1,4704.5,4705.95,1575
2024-05-06 15:06:00,4708.45,4711.55,4706.3,4708.05,3616
2024-05-06 15:07:00,4708.1,4709.9,4705.0,4706.9,1871
2024-05-06 15:08:00,4707.35,4710.9,4704.05,4710.9,583
2024-05-06 15:09:00,4710.9,4714.2,4707.5,4707.9,1121
2024-05-06 15:10:00,4708.3,4709.2,4707.05,4707.75,684
2024-05-06 15:11:00,4707.7,4708.0,4705.55,4708.0,526
2024-05-06 15:12:00,4708.0,4709.25,4702.95,4704.9,3220
2024-05-06 15:13:00,4704.9,4704.9,4701.15,4702.55,387
2024-05-06 15:14:00,4702.55,4706.5,4701.65,4705.1,667
2024-05-06 15:15:00,4706.1,4708.2,4703.5,4707.4,1233
2024-05-06 15:16:00,4705.45,4707.6,4703.15,4703.9,483
2024-05-06 15:17:00,4705.85,4705.85,4700.8,4705.0,670
2024-05-06 15:18:00,4705.2,4705.85,4700.5,4704.3,883
2024-05-06 15:19:00,4704.6,4707.0,4703.45,4704.65,1041
2024-05-06 15:20:00,4704.65,4704.65,4700.0,4700.05,3196
2024-05-06 15:21:00,4700.3,4703.0,4700.0,4703.0,600
2024-05-06 15:22:00,4703.75,4703.75,4701.5,4702.25,399
2024-05-06 15:23:00,4702.8,4702.8,4697.55,4697.55,1495
2024-05-06 15:24:00,4697.55,4700.0,4696.2,4699.9,464
2024-05-06 15:25:00,4699.9,4699.95,4695.55,4695.55,511
2024-05-06 15:26:00,4695.55,4700.0,4695.55,4700.0,516
2024-05-06 15:27:00,4699.05,4709.65,4687.0,4691.35,11687
2024-05-06 15:28:00,4691.75,4707.0,4690.95,4696.65,8560
2024-05-06 15:29:00,4696.65,4720.85,4687.7,4720.0,6752
2024-05-07 09:15:00,4710.05,4726.7,4707.45,4721.75,3163
2024-05-07 09:16:00,4721.75,4729.0,4715.65,4723.35,2399
2024-05-07 09:17:00,4726.2,4726.2,4717.75,4719.95,1112
2024-05-07 09:18:00,4717.75,4717.75,4706.75,4711.5,1511
2024-05-07 09:19:00,4707.55,4715.0,4707.0,4715.0,1045
2024-05-07 09:20:00,4712.3,4715.0,4707.0,4710.0,668
2024-05-07 09:21:00,4710.0,4710.0,4698.55,4703.15,1591
2024-05-07 09:22:00,4703.15,4709.1,4700.7,4706.5,562
2024-05-07 09:23:00,4707.2,4707.85,4700.25,4705.9,857
2024-05-07 09:24:00,4707.8,4708.8,4701.55,4706.15,674
2024-05-07 09:25:00,4706.15,4713.95,4705.25,4713.95,913
2024-05-07 09:26:00,4713.95,4714.0,4711.55,4713.5,142
2024-05-07 09:27:00,4713.9,4714.9,4712.5,4714.85,286
2024-05-07 09:28:00,4714.85,4714.85,4708.25,4714.15,255
2024-05-07 09:29:00,4712.8,4719.9,4712.65,4712.65,752
2024-05-07 09:30:00,4712.65,4713.0,4710.55,4712.0,213
2024-05-07 09:31:00,4712.0,4712.0,4705.4,4708.25,666
2024-05-07 09:32:00,4705.65,4709.85,4701.45,4709.5,513
2024-05-07 09:33:00,4707.0,4708.25,4703.5,4707.45,238
2024-05-07 09:34:00,4707.45,4710.0,4705.4,4710.0,182
2024-05-07 09:35:00,4708.0,4709.95,4707.0,4707.0,261
2024-05-07 09:36:00,4706.2,4707.55,4699.05,4702.95,863
2024-05-07 09:37:00,4702.95,4702.95,4697.65,4701.05,691
2024-05-07 09:38:00,4701.05,4703.0,4698.0,4701.9,292
2024-05-07 09:39:00,4702.4,4707.1,4702.4,4706.6,158
2024-05-07 09:40:00,4707.0,4709.25,4705.0,4706.95,196
2024-05-07 09:41:00,4706.95,4710.0,4706.95,4710.0,312
2024-05-07 09:42:00,4708.15,4710.0,4708.15,4709.95,214
2024-05-07 09:43:00,4709.95,4710.0,4708.3,4708.3,251
2024-05-07 09:44:00,4708.3,4709.95,4707.75,4709.95,171
2024-05-07 09:45:00,4707.75,4709.9,4706.1,4707.05,148
2024-05-07 09:46:00,4706.75,4711.7,4706.75,4711.7,276
2024-05-07 09:47:00,4709.65,4714.1,4709.65,4714.1,107
2024-05-07 09:48:00,4714.1,4718.0,4714.1,4715.8,593
2024-05-07 09:49:00,4714.0,4715.05,4710.0,4711.2,187
2024-05-07 09:50:00,4710.0,4712.0,4708.6,4708.8,85
2024-05-07 09:51:00,4708.85,4710.95,4707.0,4709.2,209
2024-05-07 09:52:00,4709.2,4709.2,4702.9,4704.25,429
2024-05-07 09:53:00,4704.25,4708.45,4704.25,4708.45,82
2024-05-07 09:54:00,4707.2,4709.95,4707.0,4707.55,134
2024-05-07 09:55:00,4707.55,4707.55,4700.0,4702.0,1847
2024-05-07 09:56:00,4702.0,4704.5,4700.95,4701.05,195
2024-05-07 09:57:00,4700.65,4703.65,4700.15,4703.65,160
2024-05-07 09:58:00,4702.0,4704.25,4697.1,4701.2,1424
2024-05-07 09:59:00,4700.0,4701.6,4698.15,4698.25,247
2024-05-07 10:00:00,4698.25,4700.0,4692.85,4694.9,447
2024-05-07 10:01:00,4692.0,4694.9,4691.3,4694.0,458
2024-05-07 10:02:00,4694.0,4698.0,4694.0,4695.0,705
2024-05-07 10:03:00,4695.0,4696.15,4692.25,4693.45,262
2024-05-07 10:04:00,4693.45,4696.0,4693.2,4693.2,291
2024-05-07 10:05:00,4693.25,4698.15,4693.15,4698.15,203
2024-05-07 10:06:00,4695.45,4698.9,4695.0,4698.9,248
2024-05-07 10:07:00,4695.8,4700.95,4695.8,4698.5,226
2024-05-07 10:08:00,4698.5,4701.9,4698.5,4701.9,180
2024-05-07 10:09:00,4698.6,4701.2,4698.3,4700.0,305
2024-05-07 10:10:00,4698.45,4700.35,4698.0,4700.0,123
2024-05-07 10:11:00,4699.25,4699.25,4695.0,4695.05,434
2024-05-07 10:12:00,4695.05,4695.95,4692.05,4693.6,312
2024-05-07 10:13:00,4693.6,4695.85,4687.0,4687.0,760
2024-05-07 10:14:00,4688.85,4691.05,4684.3,4685.0,1028
2024-05-07 10:15:00,4686.2,4686.3,4683.0,4686.3,511
2024-05-07 10:16:00,4685.0,4685.0,4680.05,4685.0,851
2024-05-07 10:17:00,4683.0,4685.0,4683.0,4684.95,144
2024-05-07 10:18:00,4683.0,4686.3,4682.55,4682.55,648
2024-05-07 10:19:00,4682.6,4684.8,4682.55,4684.6,51
2024-05-07 10:20:00,4682.7,4684.5,4680.95,4683.5,373
2024-05-07 10:21:00,4680.95,4684.0,4680.95,4683.7,74
2024-05-07 10:22:00,4683.7,4683.7,4678.55,4681.95,933
2024-05-07 10:23:00,4681.0,4681.95,4676.85,4679.0,978
2024-05-07 10:24:00,4678.0,4678.75,4675.05,4677.0,572
2024-05-07 10:25:00,4676.6,4678.45,4672.55,4678.45,1070
2024-05-07 10:26:00,4678.45,4678.45,4674.0,4677.15,252
2024-05-07 10:27:00,4675.5,4677.5,4675.5,4677.5,214
2024-05-07 10:28:00,4677.5,4679.55,4675.35,4677.0,570
2024-05-07 10:29:00,4676.75,4677.4,4675.6,4677.0,397
2024-05-07 10:30:00,4675.75,4679.85,4675.75,4679.4,368
2024-05-07 10:31:00,4679.4,4679.4,4676.55,4678.8,147
2024-05-07 10:32:00,4676.55,4677.0,4675.05,4675.6,338
2024-05-07 10:33:00,4675.6,4677.0,4675.0,4676.95,92
2024-05-07 10:34:00,4676.0,4677.0,4672.85,4674.9,243
2024-05-07 10:35:00,4674.9,4676.05,4673.65,4675.9,84
2024-05-07 10:36:00,4670.2,4673.0,4670.2,4671.4,371
2024-05-07 10:37:00,4671.4,4674.65,4670.5,4671.0,488
2024-05-07 10:38:00,4671.0,4675.25,4670.0,4672.6,202
2024-05-07 10:39:00,4674.0,4674.0,4670.7,4673.7,116
2024-05-07 10:40:00,4673.7,4673.7,4671.0,4673.4,107
2024-05-07 10:41:00,4673.0,4673.65,4672.6,4672.6,44
2024-05-07 10:42:00,4672.6,4675.45,4671.4,4672.75,168
2024-05-07 10:43:00,4674.05,4675.0,4672.55,4674.0,53
2024-05-07 10:44:00,4674.0,4675.5,4674.0,4675.5,161
2024-05-07 10:45:00,4675.5,4675.5,4674.6,4674.6,83
2024-05-07 10:46:00,4674.6,4675.5,4674.0,4675.5,65
2024-05-07 10:47:00,4675.5,4675.5,4674.25,4675.5,209
2024-05-07 10:48:00,4674.65,4676.0,4674.0,4676.0,393
2024-05-07 10:49:00,4676.0,4676.0,4672.05,4674.85,390
2024-05-07 10:50:00,4674.65,4675.05,4671.0,4671.0,212
2024-05-07 10:51:00,4671.0,4673.0,4666.55,4666.55,659
2024-05-07 10:52:00,4666.55,4672.2,4666.25,4669.0,375
2024-05-07 10:53:00,4669.0,4669.9,4666.8,4669.8,153
2024-05-07 10:54:00,4669.8,4670.35,4667.1,4670.05,508
2024-05-07 10:55:00,4666.15,4673.95,4666.15,4673.3,305
2024-05-07 10:56:00,4673.3,4675.5,4670.0,4675.5,470
2024-05-07 10:57:00,4675.5,4675.5,4673.1,4675.5,617
2024-05-07 10:58:00,4675.5,4676.0,4674.15,4674.15,307
2024-05-07 10:59:00,4674.15,4676.0,4674.15,4676.0,363
2024-05-07 11:00:00,4676.0,4676.0,4673.65,4676.0,390
2024-05-07 11:01:00,4676.0,4676.0,4673.05,4676.0,298
2024-05-07 11:02:00,4676.0,4676.0,4672.65,4674.85,200
2024-05-07 11:03:00,4674.85,4676.5,4672.1,4674.4,293
2024-05-07 11:04:00,4674.4,4676.5,4674.1,4675.5,55
2024-05-07 11:05:00,4675.5,4675.5,4672.55,4674.95,150
2024-05-07 11:06:00,4674.85,4675.5,4672.55,4672.8,179
2024-05-07 11:07:00,4672.8,4675.1,4671.05,4673.0,155
2024-05-07 11:08:00,4673.0,4673.35,4671.05,4671.3,63
2024-05-07 11:09:00,4671.3,4674.55,4671.3,4674.55,56
2024-05-07 11:10:00,4674.55,4674.9,4672.5,4674.0,124
2024-05-07 11:11:00,4674.0,4674.55,4672.55,4674.55,41
2024-05-07 11:12:00,4674.6,4675.0,4672.55,4674.75,49
2024-05-07 11:13:00,4674.75,4674.75,4672.0,4673.85,280
2024-05-07 11:14:00,4673.85,4674.0,4671.2,4671.2,24
2024-05-07 11:15:00,4671.2,4674.0,4671.2,4674.0,101
2024-05-07 11:16:00,4674.0,4674.0,4671.3,4673.3,198
2024-05-07 11:17:00,4671.35,4673.45,4671.2,4673.45,93
2024-05-07 11:18:00,4673.45,4674.0,4671.2,4672.5,74
2024-05-07 11:19:00,4672.5,4675.0,4671.65,4673.9,226
2024-05-07 11:20:00,4673.9,4674.6,4672.0,4674.6,164
2024-05-07 11:21:00,4674.55,4674.95,4671.05,4673.9,276
2024-05-07 11:22:00,4673.9,4673.95,4671.8,4672.0,80
2024-05-07 11:23:00,4673.15,4673.15,4666.55,4668.3,584
2024-05-07 11:24:00,4666.6,4666.6,4665.05,4666.6,131
2024-05-07 11:25:00,4666.6,4666.6,4659.15,4659.15,834
2024-05-07 11:26:00,4659.15,4661.0,4657.0,4659.05,204
2024-05-07 11:27:00,4659.45,4660.45,4657.4,4658.0,236
2024-05-07 11:28:00,4658.0,4659.45,4652.0,4655.35,406
2024-05-07 11:29:00,4654.1,4657.25,4653.1,4654.4,353
2024-05-07 11:30:00,4656.75,4660.0,4656.75,4659.0,787
2024-05-07 11:31:00,4658.85,4661.55,4658.85,4660.0,626
2024-05-07 11:32:00,4660.0,4660.0,4653.55,4656.0,1968
2024-05-07 11:33:00,4658.1,4660.0,4656.4,4658.9,350
2024-05-07 11:34:00,4658.9,4658.9,4656.65,4658.45,60
2024-05-07 11:35:00,4658.45,4658.55,4656.75,4658.5,88
2024-05-07 11:36:00,4658.5,4658.5,4652.55,4655.0,708
2024-05-07 11:37:00,4655.0,4660.0,4654.1,4658.5,3056
2024-05-07 11:38:00,4658.5,4659.3,4654.55,4658.05,226
2024-05-07 11:39:00,4654.1,4658.25,4654.1,4655.45,470
2024-05-07 11:40:00,4655.35,4660.0,4655.2,4659.95,565
2024-05-07 11:41:00,4660.0,4661.0,4659.45,4660.0,280
2024-05-07 11:42:00,4659.2,4659.85,4656.5,4659.0,208
2024-05-07 11:43:00,4659.0,4660.0,4658.0,4658.8,1449
2024-05-07 11:44:00,4660.0,4660.0,4658.0,4659.0,545
2024-05-07 11:45:00,4659.0,4659.0,4658.0,4658.95,108
2024-05-07 11:46:00,4658.95,4659.0,4657.65,4659.0,146
2024-05-07 11:47:00,4659.95,4661.0,4659.95,4661.0,1292
2024-05-07 11:48:00,4661.0,4666.6,4660.65,4664.7,890
2024-05-07 11:49:00,4664.7,4667.85,4664.3,4665.5,305
2024-05-07 11:50:00,4665.35,4667.75,4665.35,4666.0,140
2024-05-07 11:51:00,4666.0,4669.9,4666.0,4666.1,254
2024-05-07 11:52:00,4666.1,4666.2,4665.0,4665.0,252
2024-05-07 11:53:00,4665.1,4669.4,4665.0,4666.9,630
2024-05-07 11:54:00,4669.35,4669.9,4666.5,4667.25,149
2024-05-07 11:55:00,4667.25,4673.9,4667.25,4672.9,419
2024-05-07 11:56:00,4670.7,4673.2,4670.0,4670.45,515
2024-05-07 11:57:00,4672.2,4674.5,4670.0,4671.35,278
2024-05-07 11:58:00,4671.35,4675.9,4670.7,4673.0,336
2024-05-07 11:59:00,4673.0,4673.0,4670.0,4670.0,404
2024-05-07 12:00:00,4672.1,4672.1,4668.6,4670.0,4559
2024-05-07 12:01:00,4670.0,4673.35,4669.0,4670.0,620
2024-05-07 12:02:00,4672.0,4677.95,4672.0,4674.05,264
2024-05-07 12:03:00,4674.05,4675.0,4672.1,4672.1,64
2024-05-07 12:04:00,4672.1,4672.8,4670.0,4671.4,461
2024-05-07 12:05:00,4672.0,4675.0,4670.0,4672.6,321
2024-05-07 12:06:00,4673.8,4673.8,4671.55,4673.4,137
2024-05-07 12:07:00,4673.4,4673.4,4670.1,4671.8,187
2024-05-07 12:08:00,4671.0,4673.4,4670.0,4670.25,253
2024-05-07 12:09:00,4670.2,4670.25,4670.0,4670.0,410
2024-05-07 12:10:00,4670.0,4670.95,4670.0,4670.95,153
2024-05-07 12:11:00,4670.5,4672.35,4670.0,4671.95,217
2024-05-07 12:12:00,4671.95,4673.0,4670.0,4673.0,193
2024-05-07 12:13:00,4673.0,4675.0,4671.3,4672.8,454
2024-05-07 12:14:00,4672.8,4673.7,4671.1,4672.95,145
2024-05-07 12:15:00,4672.0,4672.0,4670.05,4671.2,68
2024-05-07 12:16:00,4671.2,4672.95,4670.25,4670.25,367
2024-05-07 12:17:00,4670.25,4671.3,4670.25,4670.3,32
2024-05-07 12:18:00,4670.75,4670.75,4670.0,4670.35,120
2024-05-07 12:19:00,4670.05,4674.25,4670.0,4671.05,657
2024-05-07 12:20:00,4672.2,4672.2,4670.7,4672.0,555
2024-05-07 12:21:00,4672.0,4672.0,4670.05,4671.65,509
2024-05-07 12:22:00,4671.65,4671.65,4670.05,4670.4,135
2024-05-07 12:23:00,4670.2,4670.4,4670.05,4670.05,216
2024-05-07 12:24:00,4670.05,4672.0,4670.0,4672.0,345
2024-05-07 12:25:00,4672.0,4672.0,4670.35,4671.95,232
2024-05-07 12:26:00,4670.45,4672.0,4670.0,4670.0,445
2024-05-07 12:27:00,4669.8,4669.8,4668.05,4668.95,104
2024-05-07 12:28:00,4668.95,4669.95,4666.0,4669.95,303
2024-05-07 12:29:00,4667.95,4668.95,4666.3,4666.55,67
2024-05-07 12:30:00,4667.85,4667.85,4667.1,4667.55,135
2024-05-07 12:31:00,4667.55,4670.0,4667.25,4669.7,283
2024-05-07 12:32:00,4668.9,4669.7,4668.1,4669.7,126
2024-05-07 12:33:00,4669.7,4669.7,4668.7,4669.3,216
2024-05-07 12:34:00,4669.3,4670.95,4669.3,4669.65,261
2024-05-07 12:35:00,4669.2,4669.65,4667.0,4668.0,189
2024-05-07 12:36:00,4666.9,4666.9,4665.05,4666.45,94
2024-05-07 12:37:00,4666.45,4668.0,4665.05,4668.0,309
2024-05-07 12:38:00,4666.6,4667.3,4665.55,4667.0,120
2024-05-07 12:39:00,4665.5,4666.25,4665.0,4665.85,80
2024-05-07 12:40:00,4665.85,4665.85,4664.6,4664.7,245
2024-05-07 12:41:00,4664.65,4665.0,4664.6,4665.0,2135
2024-05-07 12:42:00,4664.95,4669.0,4664.0,4669.0,641
2024-05-07 12:43:00,4669.0,4670.9,4668.0,4669.0,1180
2024-05-07 12:44:00,4669.0,4669.85,4669.0,4669.4,31
2024-05-07 12:45:00,4669.4,4669.4,4665.05,4669.05,750
2024-05-07 12:46:00,4669.05,4669.05,4665.0,4665.0,155
2024-05-07 12:47:00,4665.0,4665.75,4665.0,4665.4,161
2024-05-07 12:48:00,4665.2,4666.1,4665.0,4665.85,355
2024-05-07 12:49:00,4665.85,4669.15,4665.4,4667.2,303
2024-05-07 12:50:00,4667.2,4669.5,4666.8,4669.0,186
2024-05-07 12:51:00,4669.0,4671.85,4669.0,4671.85,508
2024-05-07 12:52:00,4671.85,4671.85,4670.0,4670.0,3560
2024-05-07 12:53:00,4670.0,4670.15,4669.6,4669.6,995
2024-05-07 12:54:00,4669.0,4669.75,4665.0,4669.75,1391
2024-05-07 12:55:00,4668.2,4672.45,4668.2,4671.0,2381
2024-05-07 12:56:00,4671.0,4672.95,4670.95,4671.25,144
2024-05-07 12:57:00,4672.95,4672.95,4670.35,4672.0,214
2024-05-07 12:58:00,4671.35,4672.85,4671.35,4671.95,339
2024-05-07 12:59:00,4671.95,4672.35,4670.0,4670.05,200
2024-05-07 13:00:00,4670.7,4670.7,4670.0,4670.0,568
2024-05-07 13:01:00,4670.0,4672.2,4670.0,4672.2,472
2024-05-07 13:02:00,4670.8,4671.5,4670.4,4670.4,68
2024-05-07 13:03:00,4670.4,4670.75,4670.0,4670.0,121
2024-05-07 13:04:00,4670.0,4670.1,4670.0,4670.05,345
2024-05-07 13:05:00,4670.0,4672.6,4670.0,4670.6,473
2024-05-07 13:06:00,4670.6,4674.8,4670.6,4673.45,237
2024-05-07 13:07:00,4672.7,4678.0,4672.0,4673.5,1325
2024-05-07 13:08:00,4674.85,4683.5,4673.7,4674.45,1142
2024-05-07 13:09:00,4674.45,4677.2,4674.0,4677.2,283
2024-05-07 13:10:00,4677.2,4679.85,4675.05,4679.05,197
2024-05-07 13:11:00,4678.0,4678.5,4675.0,4675.0,266
2024-05-07 13:12:00,4675.0,4675.95,4673.25,4673.25,50
2024-05-07 13:13:00,4673.25,4673.3,4670.6,4673.2,105
2024-05-07 13:14:00,4671.4,4673.0,4671.2,4671.2,465
2024-05-07 13:15:00,4671.2,4672.45,4670.0,4672.45,247
2024-05-07 13:16:00,4672.45,4673.3,4670.0,4670.3,666
2024-05-07 13:17:00,4670.0,4671.5,4670.0,4670.75,505
2024-05-07 13:18:00,4670.35,4673.7,4670.0,4672.7,1775
2024-05-07 13:19:00,4671.2,4671.85,4670.1,4670.3,100
2024-05-07 13:20:00,4670.8,4674.05,4670.2,4671.15,811
2024-05-07 13:21:00,4670.55,4675.85,4670.55,4673.5,324
2024-05-07 13:22:00,4673.5,4674.05,4672.55,4672.55,200
2024-05-07 13:23:00,4672.4,4672.4,4670.0,4670.5,251
2024-05-07 13:24:00,4670.25,4673.5,4670.0,4671.7,573
2024-05-07 13:25:00,4670.05,4676.95,4670.05,4675.15,178
2024-05-07 13:26:00,4675.15,4678.15,4675.0,4675.05,692
2024-05-07 13:27:00,4675.0,4679.45,4675.0,4679.45,515
2024-05-07 13:28:00,4679.45,4679.45,4675.0,4675.3,375
2024-05-07 13:29:00,4675.3,4680.0,4675.3,4677.75,215
2024-05-07 13:30:00,4678.75,4685.2,4678.2,4680.35,938
2024-05-07 13:31:00,4678.05,4679.15,4678.0,4678.6,36
2024-05-07 13:32:00,4678.6,4684.6,4678.0,4684.6,309
2024-05-07 13:33:00,4683.0,4683.05,4681.0,4682.1,275
2024-05-07 13:34:00,4681.1,4681.6,4680.0,4681.35,137
2024-05-07 13:35:00,4681.55,4685.0,4681.55,4684.2,406
2024-05-07 13:36:00,4682.2,4685.85,4681.35,4683.55,518
2024-05-07 13:37:00,4683.55,4687.75,4683.55,4687.3,1007
2024-05-07 13:38:00,4686.25,4688.0,4685.2,4688.0,118
2024-05-07 13:39:00,4685.8,4690.95,4685.8,4688.25,736
2024-05-07 13:40:00,4688.25,4692.5,4688.25,4689.9,734
2024-05-07 13:41:00,4689.9,4695.75,4689.9,4694.5,839
2024-05-07 13:42:00,4694.5,4694.6,4690.75,4694.6,299
2024-05-07 13:43:00,4694.6,4696.0,4693.65,4695.05,353
2024-05-07 13:44:00,4695.05,4698.0,4695.0,4695.1,377
2024-05-07 13:45:00,4695.1,4701.0,4695.1,4696.8,1079
2024-05-07 13:46:00,4696.8,4701.95,4694.15,4696.15,1900
2024-05-07 13:47:00,4699.1,4700.0,4695.55,4699.85,2721
2024-05-07 13:48:00,4699.85,4700.0,4692.2,4697.3,7936
2024-05-07 13:49:00,4697.4,4699.45,4691.35,4698.0,807
2024-05-07 13:50:00,4698.0,4698.0,4691.0,4692.1,824
2024-05-07 13:51:00,4692.1,4694.0,4690.05,4692.05,1257
2024-05-07 13:52:00,4692.05,4693.45,4686.2,4689.85,701
2024-05-07 13:53:00,4689.85,4695.5,4689.85,4689.95,359
2024-05-07 13:54:00,4689.95,4694.65,4689.85,4691.35,267
2024-05-07 13:55:00,4691.35,4694.05,4690.1,4691.1,294
2024-05-07 13:56:00,4693.15,4693.5,4685.05,4689.45,6466
2024-05-07 13:57:00,4689.45,4690.0,4685.05,4690.0,2157
2024-05-07 13:58:00,4690.0,4690.0,4686.15,4688.8,5565
2024-05-07 13:59:00,4688.8,4688.8,4686.25,4688.0,486
2024-05-07 14:00:00,4688.0,4690.0,4686.15,4688.25,1067
2024-05-07 14:01:00,4688.25,4690.0,4688.2,4690.0,2688
2024-05-07 14:02:00,4689.6,4690.0,4687.6,4688.0,444
2024-05-07 14:03:00,4688.0,4690.5,4687.6,4689.95,7957
2024-05-07 14:04:00,4688.4,4690.0,4687.75,4690.0,353
2024-05-07 14:05:00,4689.9,4690.0,4687.6,4687.65,803
2024-05-07 14:06:00,4687.65,4687.75,4682.35,4682.6,646
2024-05-07 14:07:00,4682.85,4689.15,4682.85,4687.35,2093
2024-05-07 14:08:00,4687.35,4688.85,4685.0,4688.0,703
2024-05-07 14:09:00,4688.0,4690.0,4686.3,4690.0,2085
2024-05-07 14:10:00,4690.0,4690.0,4686.4,4688.5,12125
2024-05-07 14:11:00,4686.4,4690.0,4683.3,4683.3,822
2024-05-07 14:12:00,4683.3,4686.95,4683.15,4686.95,355
2024-05-07 14:13:00,4686.95,4690.0,4686.5,4690.0,2064
2024-05-07 14:14:00,4690.0,4690.0,4688.0,4689.2,9608
2024-05-07 14:15:00,4690.0,4690.0,4686.7,4689.85,3209
2024-05-07 14:16:00,4688.1,4695.5,4688.0,4695.5,9854
2024-05-07 14:17:00,4693.5,4695.5,4690.45,4691.7,1164
2024-05-07 14:18:00,4691.7,4693.7,4690.65,4691.65,427
2024-05-07 14:19:00,4691.65,4704.15,4691.65,4704.15,1728
2024-05-07 14:20:00,4708.05,4709.4,4700.9,4708.0,2237
2024-05-07 14:21:00,4709.0,4709.55,4700.1,4705.9,1109
2024-05-07 14:22:00,4705.9,4708.5,4700.0,4703.7,992
2024-05-07 14:23:00,4703.7,4706.0,4693.55,4699.95,1041
2024-05-07 14:24:00,4699.95,4702.95,4693.25,4695.85,345
2024-05-07 14:25:00,4695.85,4697.05,4690.45,4695.7,1256
2024-05-07 14:26:00,4695.7,4700.0,4691.05,4696.35,3365
2024-05-07 14:27:00,4696.35,4697.0,4691.65,4695.85,368
2024-05-07 14:28:00,4693.15,4693.5,4690.0,4690.0,2879
2024-05-07 14:29:00,4690.0,4691.7,4690.0,4690.0,226
2024-05-07 14:30:00,4690.0,4691.0,4684.0,4684.6,1863
2024-05-07 14:31:00,4686.95,4688.5,4683.85,4688.5,228
2024-05-07 14:32:00,4687.3,4690.85,4686.0,4690.6,340
2024-05-07 14:33:00,4690.6,4692.0,4689.0,4692.0,530
2024-05-07 14:34:00,4692.0,4692.75,4689.7,4690.05,333
2024-05-07 14:35:00,4690.05,4694.5,4690.05,4694.35,118
2024-05-07 14:36:00,4694.35,4700.0,4691.35,4697.55,836
2024-05-07 14:37:00,4697.55,4700.9,4695.0,4700.9,404
2024-05-07 14:38:00,4700.6,4700.85,4695.0,4695.15,503
2024-05-07 14:39:00,4695.15,4700.9,4691.75,4700.05,796
2024-05-07 14:40:00,4700.05,4701.9,4698.85,4700.05,395
2024-05-07 14:41:00,4700.05,4701.15,4700.0,4701.15,130
2024-05-07 14:42:00,4700.0,4701.15,4695.0,4697.15,1422
2024-05-07 14:43:00,4697.15,4697.95,4695.0,4696.6,360
2024-05-07 14:44:00,4696.6,4696.6,4693.2,4693.9,210
2024-05-07 14:45:00,4693.95,4698.9,4693.95,4698.1,357
2024-05-07 14:46:00,4696.4,4702.25,4696.4,4700.0,600
2024-05-07 14:47:00,4700.0,4703.7,4700.0,4703.0,471
2024-05-07 14:48:00,4703.0,4707.0,4701.55,4706.6,729
2024-05-07 14:49:00,4706.55,4707.9,4703.95,4704.5,472
2024-05-07 14:50:00,4704.6,4706.6,4704.1,4706.55,660
2024-05-07 14:51:00,4705.05,4706.2,4701.55,4702.6,841
2024-05-07 14:52:00,4702.6,4704.7,4700.8,4704.15,335
2024-05-07 14:53:00,4701.75,4704.0,4700.65,4701.2,274
2024-05-07 14:54:00,4700.0,4700.0,4697.25,4697.4,429
2024-05-07 14:55:00,4697.4,4699.75,4697.25,4697.55,103
2024-05-07 14:56:00,4697.25,4698.95,4695.0,4698.95,464
2024-05-07 14:57:00,4699.0,4700.8,4696.25,4696.65,336
2024-05-07 14:58:00,4699.0,4701.8,4696.35,4700.0,840
2024-05-07 14:59:00,4700.0,4700.0,4695.1,4695.1,1054
2024-05-07 15:00:00,4697.1,4701.95,4695.05,4700.0,707
2024-05-07 15:01:00,4699.7,4702.1,4695.65,4695.65,1161
2024-05-07 15:02:00,4696.5,4700.0,4696.5,4700.0,467
2024-05-07 15:03:00,4700.0,4703.0,4697.9,4700.0,914
2024-05-07 15:04:00,4700.0,4704.7,4700.0,4701.55,1867
2024-05-07 15:05:00,4701.55,4703.9,4696.75,4699.0,1932
2024-05-07 15:06:00,4699.0,4700.0,4695.85,4699.35,1681
2024-05-07 15:07:00,4695.2,4698.95,4695.05,4696.0,673
2024-05-07 15:08:00,4697.2,4697.35,4692.65,4696.25,440
2024-05-07 15:09:00,4696.25,4700.0,4694.45,4700.0,358
2024-05-07 15:10:00,4698.65,4700.0,4698.65,4699.95,847
2024-05-07 15:11:00,4698.8,4702.0,4698.05,4700.0,1050
2024-05-07 15:12:00,4699.0,4699.3,4696.55,4697.0,344
2024-05-07 15:13:00,4696.6,4699.0,4695.05,4699.0,1529
2024-05-07 15:14:00,4699.0,4699.0,4697.3,4699.0,349
2024-05-07 15:15:00,4699.0,4700.0,4698.25,4699.0,1669
2024-05-07 15:16:00,4699.9,4700.0,4695.6,4699.35,509
2024-05-07 15:17:00,4699.55,4700.0,4696.75,4698.45,515
2024-05-07 15:18:00,4698.45,4698.75,4694.05,4696.4,1997
2024-05-07 15:19:00,4698.1,4700.0,4698.1,4699.65,505
2024-05-07 15:20:00,4698.95,4703.0,4698.95,4699.8,2599
2024-05-07 15:21:00,4699.8,4700.0,4697.05,4700.0,803
2024-05-07 15:22:00,4700.0,4700.0,4697.9,4700.0,330
2024-05-07 15:23:00,4699.9,4700.0,4698.9,4700.0,564
2024-05-07 15:24:00,4700.0,4700.0,4699.9,4700.0,981
2024-05-07 15:25:00,4700.0,4700.0,4698.05,4699.9,1285
2024-05-07 15:26:00,4700.0,4700.0,4699.35,4700.0,875
2024-05-07 15:27:00,4699.4,4700.0,4698.0,4700.0,4081
2024-05-07 15:28:00,4700.35,4700.35,4697.9,4699.95,2458
2024-05-07 15:29:00,4699.25,4700.0,4698.0,4700.0,2167
2024-05-08 09:15:00,4725.0,4728.85,4700.45,4710.0,4960
2024-05-08 09:16:00,4713.4,4713.4,4702.1,4705.5,1799
2024-05-08 09:17:00,4701.1,4703.0,4683.65,4690.15,2061
2024-05-08 09:18:00,4693.55,4694.85,4684.05,4694.5,757
2024-05-08 09:19:00,4691.0,4693.35,4682.0,4682.0,2035
2024-05-08 09:20:00,4682.0,4684.1,4675.65,4682.8,1491
2024-05-08 09:21:00,4682.65,4687.8,4679.2,4683.0,482
2024-05-08 09:22:00,4685.8,4689.75,4678.7,4682.5,1044
2024-05-08 09:23:00,4688.25,4702.65,4687.4,4701.5,1174
2024-05-08 09:24:00,4703.2,4704.65,4694.65,4701.3,1081
2024-05-08 09:25:00,4704.2,4712.45,4701.5,4711.05,848
2024-05-08 09:26:00,4711.05,4714.9,4708.0,4711.0,787
2024-05-08 09:27:00,4707.05,4715.0,4707.05,4714.0,711
2024-05-08 09:28:00,4714.85,4714.85,4709.05,4712.4,544
2024-05-08 09:29:00,4711.35,4713.95,4711.35,4713.2,246
2024-05-08 09:30:00,4713.5,4713.5,4705.65,4705.65,628
2024-05-08 09:31:00,4704.6,4704.6,4700.5,4702.9,704
2024-05-08 09:32:00,4702.9,4709.9,4702.9,4708.0,325
2024-05-08 09:33:00,4707.55,4707.55,4702.2,4702.35,556
2024-05-08 09:34:00,4702.35,4704.65,4701.6,4702.25,266
2024-05-08 09:35:00,4702.0,4704.75,4700.0,4701.45,617
2024-05-08 09:36:00,4700.0,4700.0,4693.5,4695.85,671
2024-05-08 09:37:00,4693.0,4699.0,4692.0,4699.0,310
2024-05-08 09:38:00,4699.0,4700.0,4696.9,4700.0,748
2024-05-08 09:39:00,4697.95,4703.5,4696.95,4701.4,1591
2024-05-08 09:40:00,4701.1,4707.0,4701.1,4705.95,310
2024-05-08 09:41:00,4705.95,4706.25,4699.7,4699.95,629
2024-05-08 09:42:00,4699.95,4702.3,4696.4,4696.4,298
2024-05-08 09:43:00,4696.4,4700.7,4696.4,4698.35,77
2024-05-08 09:44:00,4698.35,4700.35,4696.4,4699.0,204
2024-05-08 09:45:00,4699.0,4700.3,4696.7,4699.95,34
2024-05-08 09:46:00,4699.95,4701.4,4697.65,4700.0,51
2024-05-08 09:47:00,4700.0,4702.0,4700.0,4702.0,211
2024-05-08 09:48:00,4702.0,4702.0,4697.0,4697.85,175
2024-05-08 09:49:00,4699.95,4700.0,4697.7,4699.45,502
2024-05-08 09:50:00,4700.0,4700.0,4694.4,4697.1,338
2024-05-08 09:51:00,4697.1,4697.6,4693.5,4694.05,194
2024-05-08 09:52:00,4694.05,4699.05,4694.0,4698.9,176
2024-05-08 09:53:00,4699.35,4699.4,4697.0,4699.4,172
2024-05-08 09:54:00,4699.4,4699.65,4697.05,4699.35,117
2024-05-08 09:55:00,4699.35,4700.0,4697.0,4700.0,585
2024-05-08 09:56:00,4700.0,4706.25,4700.0,4706.25,582
2024-05-08 09:57:00,4703.3,4704.3,4700.0,4700.0,747
2024-05-08 09:58:00,4700.0,4702.35,4698.75,4700.0,345
2024-05-08 09:59:00,4700.0,4700.0,4698.45,4700.0,85
2024-05-08 10:00:00,4700.0,4700.0,4698.95,4698.95,179
2024-05-08 10:01:00,4700.0,4703.0,4700.0,4701.3,247
2024-05-08 10:02:00,4701.3,4706.75,4700.0,4704.05,236
2024-05-08 10:03:00,4706.65,4710.0,4704.65,4707.0,179
2024-05-08 10:04:00,4707.0,4710.0,4706.05,4706.15,453
2024-05-08 10:05:00,4706.15,4709.0,4706.15,4708.0,177
2024-05-08 10:06:00,4708.0,4709.5,4704.65,4705.0,426
2024-05-08 10:07:00,4705.0,4709.0,4705.0,4707.95,145
2024-05-08 10:08:00,4707.95,4709.0,4706.55,4707.2,232
2024-05-08 10:09:00,4707.2,4712.95,4707.2,4709.2,689
2024-05-08 10:10:00,4709.2,4710.65,4707.2,4710.4,188
2024-05-08 10:11:00,4710.35,4711.0,4707.05,4709.25,469
2024-05-08 10:12:00,4709.25,4709.45,4705.15,4709.15,347
2024-05-08 10:13:00,4709.15,4709.15,4706.45,4708.75,100
2024-05-08 10:14:00,4708.75,4714.05,4708.75,4714.05,267
2024-05-08 10:15:00,4712.0,4712.2,4708.95,4708.95,395
2024-05-08 10:16:00,4708.95,4711.55,4708.65,4708.75,186
2024-05-08 10:17:00,4708.75,4710.0,4706.5,4708.0,208
2024-05-08 10:18:00,4708.0,4708.25,4702.75,4704.9,224
2024-05-08 10:19:00,4704.9,4704.9,4701.05,4701.05,153
2024-05-08 10:20:00,4701.05,4706.5,4699.55,4700.05,1457
2024-05-08 10:21:00,4700.05,4701.25,4697.15,4699.45,476
2024-05-08 10:22:00,4699.45,4699.45,4695.0,4696.6,306
2024-05-08 10:23:00,4696.6,4697.5,4693.6,4694.35,269
2024-05-08 10:24:00,4696.5,4697.0,4694.0,4695.85,128
2024-05-08 10:25:00,4695.85,4698.75,4695.85,4698.75,84
2024-05-08 10:26:00,4697.05,4699.0,4697.05,4699.0,97
2024-05-08 10:27:00,4699.0,4700.0,4697.0,4697.0,248
2024-05-08 10:28:00,4697.0,4699.2,4697.0,4698.0,72
2024-05-08 10:29:00,4698.0,4698.4,4694.0,4696.3,231
2024-05-08 10:30:00,4696.3,4698.0,4690.05,4690.65,1346
2024-05-08 10:31:00,4690.65,4693.45,4690.2,4690.2,113
2024-05-08 10:32:00,4691.95,4691.95,4684.7,4685.0,1519
2024-05-08 10:33:00,4685.35,4688.95,4685.0,4688.95,172
2024-05-08 10:34:00,4688.95,4690.0,4688.8,4688.8,42
2024-05-08 10:35:00,4688.8,4690.6,4687.0,4690.0,331
2024-05-08 10:36:00,4688.0,4691.6,4688.0,4691.5,811
2024-05-08 10:37:00,4691.5,4691.95,4688.5,4689.2,68
2024-05-08 10:38:00,4689.2,4692.4,4689.0,4689.0,240
2024-05-08 10:39:00,4689.0,4691.0,4689.0,4690.1,132
2024-05-08 10:40:00,4690.1,4691.55,4690.1,4691.55,25
2024-05-08 10:41:00,4689.5,4691.55,4689.5,4691.05,49
2024-05-08 10:42:00,4691.05,4691.5,4687.7,4687.7,182
2024-05-08 10:43:00,4687.7,4689.85,4687.05,4687.05,203
2024-05-08 10:44:00,4688.95,4689.65,4686.3,4689.65,63
2024-05-08 10:45:00,4689.65,4689.95,4687.45,4687.6,84
2024-05-08 10:46:00,4687.6,4689.45,4687.0,4687.0,85
2024-05-08 10:47:00,4687.0,4692.2,4687.0,4692.2,49
2024-05-08 10:48:00,4689.5,4693.05,4689.3,4690.7,354
2024-05-08 10:49:00,4690.7,4693.9,4690.7,4691.8,29
2024-05-08 10:50:00,4694.0,4694.0,4691.75,4692.0,30
2024-05-08 10:51:00,4692.0,4694.2,4690.75,4692.6,114
2024-05-08 10:52:00,4692.6,4692.8,4690.0,4690.25,37
2024-05-08 10:53:00,4690.25,4693.4,4690.25,4692.85,79
2024-05-08 10:54:00,4691.0,4692.85,4691.0,4691.0,91
2024-05-08 10:55:00,4691.0,4692.0,4691.0,4692.0,48
2024-05-08 10:56:00,4692.0,4694.5,4690.85,4693.6,444
2024-05-08 10:57:00,4693.6,4693.6,4690.6,4691.0,56
2024-05-08 10:58:00,4691.0,4694.3,4690.1,4690.15,132
2024-05-08 10:59:00,4690.15,4692.95,4689.5,4689.5,66
2024-05-08 11:00:00,4689.5,4690.0,4688.0,4690.0,45
2024-05-08 11:01:00,4688.05,4691.2,4687.95,4688.35,100
2024-05-08 11:02:00,4688.35,4691.95,4688.25,4690.0,70
2024-05-08 11:03:00,4690.0,4691.9,4689.9,4691.85,118
2024-05-08 11:04:00,4691.85,4692.4,4689.9,4690.85,33
2024-05-08 11:05:00,4690.85,4694.95,4690.85,4691.85,155
2024-05-08 11:06:00,4691.85,4694.95,4691.75,4692.7,71
2024-05-08 11:07:00,4692.7,4693.45,4692.7,4693.45,19
2024-05-08 11:08:00,4692.8,4693.45,4691.05,4692.0,135
2024-05-08 11:09:00,4692.0,4694.3,4691.0,4691.0,208
2024-05-08 11:10:00,4691.0,4692.75,4688.05,4688.05,141
2024-05-08 11:11:00,4688.05,4690.05,4686.8,4688.55,299
2024-05-08 11:12:00,4688.55,4693.7,4688.55,4691.55,83
2024-05-08 11:13:00,4691.55,4693.4,4691.15,4691.15,54
2024-05-08 11:14:00,4693.35,4693.4,4691.15,4693.35,43
2024-05-08 11:15:00,4693.35,4693.35,4690.0,4690.0,289
2024-05-08 11:16:00,4690.0,4691.8,4690.0,4690.0,21
2024-05-08 11:17:00,4690.35,4692.25,4690.0,4692.15,66
2024-05-08 11:18:00,4692.15,4693.3,4690.4,4691.95,84
2024-05-08 11:19:00,4691.95,4695.0,4691.95,4693.15,145
2024-05-08 11:20:00,4695.0,4695.45,4693.15,4695.4,57
2024-05-08 11:21:00,4693.2,4695.5,4693.2,4695.5,79
2024-05-08 11:22:00,4695.5,4698.7,4694.2,4695.4,779
2024-05-08 11:23:00,4693.95,4698.3,4692.05,4695.7,432
2024-05-08 11:24:00,4695.7,4699.1,4695.7,4699.1,400
2024-05-08 11:25:00,4699.1,4700.0,4699.1,4699.1,270
2024-05-08 11:26:00,4700.0,4701.75,4699.0,4701.4,1091
2024-05-08 11:27:00,4699.15,4699.25,4695.85,4695.9,130
2024-05-08 11:28:00,4695.9,4698.25,4690.9,4695.55,281
2024-05-08 11:29:00,4693.4,4695.6,4692.1,4692.1,69
2024-05-08 11:30:00,4692.1,4694.55,4690.65,4690.65,115
2024-05-08 11:31:00,4690.65,4694.2,4690.6,4691.85,137
2024-05-08 11:32:00,4691.85,4694.2,4691.8,4691.8,98
2024-05-08 11:33:00,4691.8,4694.05,4691.2,4691.2,39
2024-05-08 11:34:00,4691.2,4693.15,4690.05,4690.05,70
2024-05-08 11:35:00,4690.0,4694.0,4688.8,4689.85,674
2024-05-08 11:36:00,4689.3,4691.55,4689.05,4689.7,28
2024-05-08 11:37:00,4689.7,4692.35,4689.7,4689.75,68
2024-05-08 11:38:00,4691.95,4692.45,4689.7,4690.05,219
2024-05-08 11:39:00,4692.2,4692.45,4690.0,4690.2,60
2024-05-08 11:40:00,4692.5,4692.85,4689.1,4691.35,140
2024-05-08 11:41:00,4689.55,4692.0,4689.55,4691.85,39
2024-05-08 11:42:00,4691.85,4691.95,4689.25,4689.65,121
2024-05-08 11:43:00,4689.65,4694.4,4689.15,4694.4,1085
2024-05-08 11:44:00,4694.4,4694.4,4690.1,4691.7,124
2024-05-08 11:45:00,4691.7,4691.75,4690.0,4690.0,157
2024-05-08 11:46:00,4690.0,4694.9,4690.0,4691.85,326
2024-05-08 11:47:00,4694.2,4698.1,4690.0,4697.95,389
2024-05-08 11:48:00,4698.9,4698.9,4696.0,4696.05,209
2024-05-08 11:49:00,4696.15,4698.8,4696.0,4698.0,127
2024-05-08 11:50:00,4696.05,4699.9,4696.0,4699.9,209
2024-05-08 11:51:00,4699.9,4700.0,4696.6,4696.6,94
2024-05-08 11:52:00,4696.6,4698.25,4696.05,4696.1,62
2024-05-08 11:53:00,4696.1,4698.05,4692.7,4693.7,122
2024-05-08 11:54:00,4693.7,4696.35,4692.0,4692.5,168
2024-05-08 11:55:00,4692.5,4694.95,4692.0,4692.35,40
2024-05-08 11:56:00,4692.0,4694.0,4692.0,4692.5,48
2024-05-08 11:57:00,4692.5,4694.75,4692.5,4692.55,40
2024-05-08 11:58:00,4692.55,4696.0,4692.5,4695.45,221
2024-05-08 11:59:00,4695.45,4695.45,4692.6,4693.1,69
2024-05-08 12:00:00,4693.1,4696.95,4692.5,4694.6,386
2024-05-08 12:01:00,4694.6,4696.9,4694.55,4696.7,27
2024-05-08 12:02:00,4696.7,4697.9,4692.5,4693.7,671
2024-05-08 12:03:00,4693.7,4693.8,4693.7,4693.8,23
2024-05-08 12:04:00,4693.8,4694.0,4693.0,4693.0,43
2024-05-08 12:05:00,4693.0,4695.65,4693.0,4694.2,36
2024-05-08 12:06:00,4697.25,4700.0,4694.9,4697.3,238
2024-05-08 12:07:00,4697.3,4697.55,4695.0,4697.55,43
2024-05-08 12:08:00,4697.55,4698.9,4695.0,4698.0,76
2024-05-08 12:09:00,4698.0,4700.0,4696.6,4699.9,718
2024-05-08 12:10:00,4699.9,4699.9,4698.0,4699.5,70
2024-05-08 12:11:00,4698.05,4700.0,4697.1,4697.1,163
2024-05-08 12:12:00,4697.1,4700.0,4697.0,4699.95,213
2024-05-08 12:13:00,4699.95,4700.0,4697.7,4700.0,190
2024-05-08 12:14:00,4700.0,4702.0,4699.5,4700.8,1246
2024-05-08 12:15:00,4700.8,4700.8,4697.0,4697.0,289
2024-05-08 12:16:00,4697.0,4697.5,4695.25,4696.6,49
2024-05-08 12:17:00,4696.6,4699.25,4695.85,4697.0,207
2024-05-08 12:18:00,4697.0,4699.55,4697.0,4699.35,60
2024-05-08 12:19:00,4699.35,4699.55,4697.05,4697.7,61
2024-05-08 12:20:00,4697.7,4700.0,4695.45,4696.7,1345
2024-05-08 12:21:00,4696.7,4700.0,4696.7,4699.0,512
2024-05-08 12:22:00,4699.0,4700.0,4699.0,4700.0,36
2024-05-08 12:23:00,4700.0,4701.45,4699.0,4699.0,391
2024-05-08 12:24:00,4699.0,4701.5,4699.0,4700.0,172
2024-05-08 12:25:00,4700.0,4702.0,4699.15,4699.7,81
2024-05-08 12:26:00,4699.7,4701.95,4699.7,4700.0,65
2024-05-08 12:27:00,4700.0,4700.8,4696.6,4698.1,595
2024-05-08 12:28:00,4698.1,4700.75,4698.1,4699.0,45
2024-05-08 12:29:00,4699.0,4700.8,4699.0,4700.8,62
2024-05-08 12:30:00,4699.0,4700.8,4699.0,4700.7,231
2024-05-08 12:31:00,4700.0,4704.9,4699.15,4703.7,444
2024-05-08 12:32:00,4702.1,4702.1,4699.0,4699.3,76
2024-05-08 12:33:00,4699.3,4701.0,4699.05,4699.2,55
2024-05-08 12:34:00,4699.2,4702.45,4699.05,4700.0,196
2024-05-08 12:35:00,4700.0,4701.35,4699.05,4699.05,48
2024-05-08 12:36:00,4699.05,4700.0,4699.05,4699.05,48
2024-05-08 12:37:00,4699.05,4700.0,4696.55,4696.55,172
2024-05-08 12:38:00,4696.55,4696.8,4695.05,4696.75,94
2024-05-08 12:39:00,4695.05,4696.5,4695.0,4695.0,169
2024-05-08 12:40:00,4695.0,4695.15,4693.1,4693.15,41
2024-05-08 12:41:00,4693.15,4695.8,4691.0,4691.0,315
2024-05-08 12:42:00,4691.0,4692.0,4690.6,4691.0,86
2024-05-08 12:43:00,4691.0,4693.15,4690.65,4691.05,106
2024-05-08 12:44:00,4691.05,4692.8,4690.6,4690.7,24
2024-05-08 12:45:00,4690.7,4692.85,4690.7,4692.85,35
2024-05-08 12:46:00,4691.05,4695.0,4691.05,4695.0,82
2024-05-08 12:47:00,4694.95,4694.95,4691.7,4693.0,92
2024-05-08 12:48:00,4693.0,4693.7,4691.7,4693.7,67
2024-05-08 12:49:00,4693.7,4694.4,4691.8,4694.4,45
2024-05-08 12:50:00,4694.4,4696.15,4691.8,4695.25,69
2024-05-08 12:51:00,4695.25,4698.55,4692.7,4694.9,77
2024-05-08 12:52:00,4694.9,4697.25,4693.45,4695.75,87
2024-05-08 12:53:00,4695.75,4696.6,4693.0,4696.55,209
2024-05-08 12:54:00,4696.55,4696.7,4695.05,4695.05,45
2024-05-08 12:55:00,4695.05,4697.9,4695.0,4695.0,59
2024-05-08 12:56:00,4695.0,4698.45,4694.0,4694.0,126
2024-05-08 12:57:00,4694.0,4696.85,4693.8,4696.55,45
2024-05-08 12:58:00,4696.55,4696.55,4693.1,4693.4,56
2024-05-08 12:59:00,4693.4,4695.65,4692.0,4692.2,29
2024-05-08 13:00:00,4692.05,4694.7,4691.85,4693.0,142
2024-05-08 13:01:00,4693.0,4694.45,4690.85,4691.7,167
2024-05-08 13:02:00,4691.7,4693.1,4690.7,4691.0,251
2024-05-08 13:03:00,4693.2,4693.45,4690.6,4690.6,146
2024-05-08 13:04:00,4690.6,4693.95,4690.6,4691.9,512
2024-05-08 13:05:00,4691.9,4693.95,4691.25,4691.25,58
2024-05-08 13:06:00,4691.1,4693.95,4691.1,4691.85,92
2024-05-08 13:07:00,4691.85,4693.95,4691.1,4691.15,80
2024-05-08 13:08:00,4691.15,4698.1,4690.6,4697.0,1456
2024-05-08 13:09:00,4697.0,4700.0,4697.0,4700.0,373
2024-05-08 13:10:00,4700.0,4700.0,4697.75,4697.75,83
2024-05-08 13:11:00,4697.75,4699.95,4697.2,4697.55,101
2024-05-08 13:12:00,4697.55,4700.0,4697.0,4697.4,197
2024-05-08 13:13:00,4697.4,4699.4,4697.0,4697.0,25
2024-05-08 13:14:00,4697.0,4699.15,4697.0,4697.0,120
2024-05-08 13:15:00,4697.0,4699.95,4697.0,4699.95,68
2024-05-08 13:16:00,4699.95,4700.0,4697.6,4700.0,43
2024-05-08 13:17:00,4700.0,4700.0,4699.0,4699.0,1786
2024-05-08 13:18:00,4699.0,4699.1,4699.0,4699.1,47
2024-05-08 13:19:00,4699.1,4699.15,4699.0,4699.0,680
2024-05-08 13:20:00,4699.0,4699.05,4699.0,4699.0,37
2024-05-08 13:21:00,4699.0,4699.6,4699.0,4699.6,166
2024-05-08 13:22:00,4699.6,4700.0,4699.0,4699.0,78
2024-05-08 13:23:00,4699.0,4700.0,4699.0,4699.0,45
2024-05-08 13:24:00,4699.0,4702.0,4699.0,4701.95,1912
2024-05-08 13:25:00,4702.0,4702.0,4700.05,4700.05,143
2024-05-08 13:26:00,4700.05,4702.0,4700.0,4700.1,227
2024-05-08 13:27:00,4700.1,4701.75,4699.0,4699.0,157
2024-05-08 13:28:00,4699.0,4700.0,4699.0,4700.0,141
2024-05-08 13:29:00,4699.0,4700.0,4699.0,4699.0,60
2024-05-08 13:30:00,4699.0,4700.0,4699.0,4699.0,119
2024-05-08 13:31:00,4699.05,4700.0,4699.0,4699.0,34
2024-05-08 13:32:00,4699.0,4699.95,4698.25,4698.25,173
2024-05-08 13:33:00,4699.7,4699.95,4698.0,4699.95,1705
2024-05-08 13:34:00,4699.95,4699.95,4698.0,4699.9,36
2024-05-08 13:35:00,4698.25,4700.0,4698.25,4698.25,359
2024-05-08 13:36:00,4698.25,4699.75,4697.5,4697.85,3939
2024-05-08 13:37:00,4697.65,4700.0,4697.6,4698.5,394
2024-05-08 13:38:00,4698.5,4700.0,4698.0,4698.0,258
2024-05-08 13:39:00,4698.0,4699.75,4698.0,4699.45,98
2024-05-08 13:40:00,4698.0,4699.6,4698.0,4699.0,38
2024-05-08 13:41:00,4699.0,4700.0,4699.0,4699.0,51
2024-05-08 13:42:00,4699.0,4700.0,4699.0,4699.1,462
2024-05-08 13:43:00,4699.1,4702.0,4698.6,4698.6,764
2024-05-08 13:44:00,4698.6,4700.0,4698.45,4700.0,121
2024-05-08 13:45:00,4700.0,4700.0,4699.0,4700.0,349
2024-05-08 13:46:00,4700.0,4702.0,4699.0,4700.55,94
2024-05-08 13:47:00,4700.25,4702.6,4699.0,4699.0,171
2024-05-08 13:48:00,4699.0,4700.4,4699.0,4699.0,80
2024-05-08 13:49:00,4699.0,4699.9,4698.5,4698.5,1098
2024-05-08 13:50:00,4698.5,4698.6,4697.0,4697.05,1270
2024-05-08 13:51:00,4697.05,4703.0,4697.05,4702.85,267
2024-05-08 13:52:00,4701.45,4704.2,4700.0,4700.3,676
2024-05-08 13:53:00,4700.25,4702.1,4700.0,4700.4,753
2024-05-08 13:54:00,4700.4,4700.4,4698.0,4698.0,206
2024-05-08 13:55:00,4699.45,4700.0,4698.0,4699.0,91
2024-05-08 13:56:00,4698.25,4702.95,4698.25,4701.9,713
2024-05-08 13:57:00,4701.9,4701.9,4699.25,4700.05,165
2024-05-08 13:58:00,4700.05,4701.2,4699.0,4699.0,41
2024-05-08 13:59:00,4699.0,4700.0,4699.0,4699.0,95
2024-05-08 14:00:00,4699.5,4701.0,4699.0,4700.0,186
2024-05-08 14:01:00,4700.0,4701.0,4698.0,4700.0,1530
2024-05-08 14:02:00,4700.0,4702.15,4699.0,4700.0,475
2024-05-08 14:03:00,4699.0,4700.0,4699.0,4699.0,34
2024-05-08 14:04:00,4699.0,4700.0,4699.0,4699.0,167
2024-05-08 14:05:00,4699.0,4700.0,4699.0,4699.0,222
2024-05-08 14:06:00,4699.0,4699.9,4699.0,4699.0,89
2024-05-08 14:07:00,4699.0,4701.3,4699.0,4699.05,127
2024-05-08 14:08:00,4699.1,4700.85,4699.0,4699.0,22
2024-05-08 14:09:00,4699.0,4700.9,4699.0,4700.9,74
2024-05-08 14:10:00,4699.0,4700.9,4699.0,4699.0,126
2024-05-08 14:11:00,4700.0,4700.0,4699.0,4699.0,439
2024-05-08 14:12:00,4699.0,4700.0,4699.0,4699.0,147
2024-05-08 14:13:00,4699.0,4700.0,4699.0,4699.0,156
2024-05-08 14:14:00,4700.0,4700.0,4697.0,4699.0,552
2024-05-08 14:15:00,4699.0,4699.2,4699.0,4699.0,269
2024-05-08 14:16:00,4699.0,4699.1,4697.55,4699.1,82
2024-05-08 14:17:00,4697.65,4699.2,4697.6,4699.0,74
2024-05-08 14:18:00,4699.0,4699.2,4699.0,4699.0,455
2024-05-08 14:19:00,4699.0,4699.1,4697.0,4697.55,1247
2024-05-08 14:20:00,4697.55,4698.4,4697.1,4697.1,1718
2024-05-08 14:21:00,4697.0,4697.2,4697.0,4697.1,2146
2024-05-08 14:22:00,4697.1,4698.45,4697.0,4697.85,1112
2024-05-08 14:23:00,4699.0,4699.0,4697.1,4697.1,542
2024-05-08 14:24:00,4697.1,4699.2,4697.1,4699.0,384
2024-05-08 14:25:00,4699.0,4700.0,4698.05,4699.0,8744
2024-05-08 14:26:00,4699.0,4699.95,4699.0,4699.0,1836
2024-05-08 14:27:00,4699.05,4699.05,4697.0,4697.0,2483
2024-05-08 14:28:00,4697.0,4697.05,4697.0,4697.0,493
2024-05-08 14:29:00,4697.0,4700.0,4695.0,4697.1,10039
2024-05-08 14:30:00,4697.1,4699.2,4697.0,4697.0,343
2024-05-08 14:31:00,4697.0,4700.0,4697.0,4697.0,2729
2024-05-08 14:32:00,4697.0,4700.95,4697.0,4700.05,4926
2024-05-08 14:33:00,4700.05,4701.0,4700.0,4700.0,1603
2024-05-08 14:34:00,4700.4,4700.4,4699.0,4699.5,12347
2024-05-08 14:35:00,4699.5,4700.0,4699.5,4699.5,711
2024-05-08 14:36:00,4699.5,4700.0,4699.5,4699.5,783
2024-05-08 14:37:00,4699.55,4700.0,4697.5,4697.5,5914
2024-05-08 14:38:00,4697.5,4701.0,4697.5,4700.1,3559
2024-05-08 14:39:00,4700.1,4700.1,4700.0,4700.0,20570
2024-05-08 14:40:00,4700.0,4700.05,4693.0,4693.0,8252
2024-05-08 14:41:00,4693.0,4693.0,4690.6,4691.35,953
2024-05-08 14:42:00,4691.35,4695.0,4691.25,4695.0,461
2024-05-08 14:43:00,4695.0,4697.95,4694.95,4696.4,148
2024-05-08 14:44:00,4696.4,4700.05,4695.4,4698.6,609
2024-05-08 14:45:00,4698.45,4701.0,4698.05,4700.0,290
2024-05-08 14:46:00,4700.0,4700.05,4698.0,4700.0,295
2024-05-08 14:47:00,4700.0,4700.5,4700.0,4700.5,1156
2024-05-08 14:48:00,4700.45,4701.0,4700.0,4700.0,624
2024-05-08 14:49:00,4700.0,4700.85,4700.0,4700.8,325
2024-05-08 14:50:00,4700.8,4700.9,4700.0,4700.05,508
2024-05-08 14:51:00,4700.8,4702.0,4700.0,4700.15,636
2024-05-08 14:52:00,4700.15,4701.95,4700.0,4701.95,572
2024-05-08 14:53:00,4701.95,4701.95,4700.0,4701.95,504
2024-05-08 14:54:00,4701.95,4703.0,4700.0,4700.0,1255
2024-05-08 14:55:00,4701.9,4703.0,4700.0,4700.0,619
2024-05-08 14:56:00,4700.0,4701.55,4700.0,4700.7,548
2024-05-08 14:57:00,4700.7,4701.55,4700.0,4700.05,480
2024-05-08 14:58:00,4701.5,4702.75,4700.0,4701.5,664
2024-05-08 14:59:00,4700.05,4701.0,4700.0,4700.0,455
2024-05-08 15:00:00,4700.45,4707.95,4700.0,4707.95,2222
2024-05-08 15:01:00,4707.4,4709.0,4707.4,4707.95,987
2024-05-08 15:02:00,4708.8,4713.7,4708.75,4710.8,2716
2024-05-08 15:03:00,4710.8,4714.7,4710.05,4712.15,1448
2024-05-08 15:04:00,4713.5,4715.0,4712.15,4715.0,778
2024-05-08 15:05:00,4712.9,4715.55,4712.75,4714.9,1178
2024-05-08 15:06:00,4714.9,4714.9,4710.0,4710.7,1399
2024-05-08 15:07:00,4710.7,4712.0,4710.0,4711.4,908
2024-05-08 15:08:00,4711.4,4714.5,4711.35,4714.5,782
2024-05-08 15:09:00,4713.95,4716.5,4710.85,4716.5,4665
2024-05-08 15:10:00,4714.6,4716.45,4711.2,4711.55,996
2024-05-08 15:11:00,4711.3,4713.65,4710.55,4713.1,1074
2024-05-08 15:12:00,4713.1,4713.15,4712.55,4712.75,697
2024-05-08 15:13:00,4712.7,4712.7,4710.45,4711.95,1236
2024-05-08 15:14:00,4711.95,4713.65,4711.55,4712.0,716
2024-05-08 15:15:00,4712.05,4714.7,4712.05,4713.4,1020
2024-05-08 15:16:00,4713.45,4716.0,4713.4,4715.7,1624
2024-05-08 15:17:00,4715.7,4715.7,4711.0,4713.45,2055
2024-05-08 15:18:00,4713.45,4716.0,4713.45,4716.0,1269
2024-05-08 15:19:00,4715.85,4715.9,4715.0,4715.0,1156
2024-05-08 15:20:00,4715.05,4717.75,4715.05,4716.05,2746
2024-05-08 15:21:00,4716.2,4716.9,4715.0,4716.0,866
2024-05-08 15:22:00,4716.1,4717.95,4716.1,4716.4,1284
2024-05-08 15:23:00,4716.55,4718.9,4716.4,4718.8,1076
2024-05-08 15:24:00,4718.8,4720.25,4716.75,4717.7,2833
2024-05-08 15:25:00,4718.0,4718.6,4715.0,4718.6,1836
2024-05-08 15:26:00,4717.55,4717.9,4710.35,4710.35,1451
2024-05-08 15:27:00,4710.65,4716.35,4710.4,4716.0,2002
2024-05-08 15:28:00,4715.0,4716.0,4710.15,4710.45,643
2024-05-08 15:29:00,4710.25,4713.95,4710.0,4710.25,1211
2024-05-09 09:15:00,4717.0,4724.95,4711.6,4711.6,2078
2024-05-09 09:16:00,4713.95,4716.7,4706.95,4706.95,2122
2024-05-09 09:17:00,4711.0,4727.35,4708.55,4719.45,1283
2024-05-09 09:18:00,4719.45,4727.7,4718.8,4724.55,1203
2024-05-09 09:19:00,4724.55,4724.55,4712.35,4719.4,1672
2024-05-09 09:20:00,4719.4,4719.4,4711.4,4715.0,467
2024-05-09 09:21:00,4715.0,4717.0,4706.95,4716.6,1379
2024-05-09 09:22:00,4713.4,4713.8,4706.3,4707.85,498
2024-05-09 09:23:00,4707.85,4709.15,4705.1,4706.85,425
2024-05-09 09:24:00,4706.85,4714.45,4706.85,4709.0,2115
2024-05-09 09:25:00,4709.0,4714.0,4707.0,4712.05,2109
2024-05-09 09:26:00,4710.0,4710.0,4705.8,4706.2,2069
2024-05-09 09:27:00,4708.7,4709.2,4706.0,4709.15,210
2024-05-09 09:28:00,4706.05,4710.0,4703.0,4703.8,640
2024-05-09 09:29:00,4703.8,4705.0,4694.8,4696.5,2463
2024-05-09 09:30:00,4696.05,4710.35,4696.05,4706.45,692
2024-05-09 09:31:00,4706.45,4708.0,4702.7,4707.9,202
2024-05-09 09:32:00,4707.9,4707.9,4701.1,4704.1,2303
2024-05-09 09:33:00,4704.1,4709.8,4704.1,4707.35,1076
2024-05-09 09:34:00,4707.35,4707.35,4700.05,4700.85,515
2024-05-09 09:35:00,4704.0,4706.5,4701.0,4702.7,410
2024-05-09 09:36:00,4702.7,4704.95,4699.0,4699.8,1571
2024-05-09 09:37:00,4699.8,4702.95,4695.15,4695.15,380
2024-05-09 09:38:00,4695.05,4695.05,4687.5,4690.0,1869
2024-05-09 09:39:00,4692.4,4695.0,4688.0,4692.5,436
2024-05-09 09:40:00,4692.5,4695.6,4690.05,4692.55,440
2024-05-09 09:41:00,4692.55,4697.25,4690.0,4691.45,1326
2024-05-09 09:42:00,4692.4,4694.15,4688.0,4691.0,526
2024-05-09 09:43:00,4690.1,4690.95,4686.35,4686.35,352
2024-05-09 09:44:00,4686.35,4690.0,4682.0,4685.9,1869
2024-05-09 09:45:00,4685.9,4688.25,4684.3,4685.4,371
2024-05-09 09:46:00,4685.4,4689.45,4682.0,4685.05,1035
2024-05-09 09:47:00,4685.0,4686.95,4682.0,4683.7,238
2024-05-09 09:48:00,4683.7,4686.6,4682.5,4684.2,253
2024-05-09 09:49:00,4684.2,4686.45,4683.0,4683.25,322
2024-05-09 09:50:00,4683.25,4686.25,4683.0,4684.95,306
2024-05-09 09:51:00,4683.5,4686.35,4683.05,4686.35,217
2024-05-09 09:52:00,4684.75,4686.85,4683.0,4683.7,349
2024-05-09 09:53:00,4683.7,4686.35,4680.6,4682.0,824
2024-05-09 09:54:00,4682.0,4686.15,4682.0,4684.6,362
2024-05-09 09:55:00,4682.5,4685.7,4681.0,4683.35,632
2024-05-09 09:56:00,4683.35,4684.7,4681.0,4681.05,309
2024-05-09 09:57:00,4681.05,4681.05,4673.05,4675.05,1497
2024-05-09 09:58:00,4675.05,4676.35,4672.6,4674.0,354
2024-05-09 09:59:00,4674.0,4675.65,4672.05,4674.25,499
2024-05-09 10:00:00,4674.25,4675.75,4670.8,4674.0,382
2024-05-09 10:01:00,4672.85,4675.45,4670.0,4670.25,791
2024-05-09 10:02:00,4670.25,4672.75,4669.0,4669.0,519
2024-05-09 10:03:00,4669.0,4670.5,4665.5,4666.0,874
2024-05-09 10:04:00,4666.0,4668.9,4666.0,4667.6,836
2024-05-09 10:05:00,4667.6,4672.2,4667.6,4671.05,267
2024-05-09 10:06:00,4672.6,4676.85,4671.05,4674.65,451
2024-05-09 10:07:00,4674.65,4675.0,4671.1,4671.1,154
2024-05-09 10:08:00,4671.1,4674.1,4671.1,4672.15,149
2024-05-09 10:09:00,4672.0,4675.0,4671.05,4672.75,1033
2024-05-09 10:10:00,4672.75,4675.25,4670.1,4670.1,551
2024-05-09 10:11:00,4670.1,4670.75,4667.0,4667.0,603
2024-05-09 10:12:00,4666.75,4669.75,4665.0,4665.0,524
2024-05-09 10:13:00,4666.65,4668.05,4661.0,4665.2,1295
2024-05-09 10:14:00,4665.2,4666.4,4663.15,4666.05,145
2024-05-09 10:15:00,4666.05,4669.0,4664.25,4667.6,297
2024-05-09 10:16:00,4667.6,4673.5,4665.5,4670.2,777
2024-05-09 10:17:00,4670.2,4673.95,4669.95,4670.75,124
2024-05-09 10:18:00,4670.75,4673.1,4666.8,4666.85,328
2024-05-09 10:19:00,4666.85,4670.4,4665.05,4667.8,242
2024-05-09 10:20:00,4667.55,4672.45,4666.5,4666.5,218
2024-05-09 10:21:00,4666.5,4668.7,4660.15,4660.35,935
2024-05-09 10:22:00,4663.0,4663.45,4656.85,4661.45,1178
2024-05-09 10:23:00,4661.45,4663.3,4660.0,4660.05,240
2024-05-09 10:24:00,4660.05,4662.15,4657.05,4659.05,142
2024-05-09 10:25:00,4659.05,4662.75,4658.35,4658.85,308
2024-05-09 10:26:00,4658.85,4661.3,4657.35,4657.5,704
2024-05-09 10:27:00,4657.5,4659.85,4657.05,4657.85,216
2024-05-09 10:28:00,4657.85,4659.5,4655.4,4655.4,445
2024-05-09 10:29:00,4655.4,4657.5,4651.5,4655.0,577
2024-05-09 10:30:00,4655.0,4655.65,4651.1,4653.25,944
2024-05-09 10:31:00,4653.25,4654.6,4647.75,4648.0,2118
2024-05-09 10:32:00,4648.0,4650.95,4646.75,4648.85,459
2024-05-09 10:33:00,4649.75,4650.0,4646.2,4649.65,587
2024-05-09 10:34:00,4649.65,4654.2,4649.3,4651.3,871
2024-05-09 10:35:00,4651.3,4652.6,4650.0,4650.0,679
2024-05-09 10:36:00,4650.0,4652.3,4649.0,4650.5,192
2024-05-09 10:37:00,4650.5,4654.05,4649.0,4650.2,1105
2024-05-09 10:38:00,4650.2,4652.3,4649.0,4650.75,470
2024-05-09 10:39:00,4650.75,4659.85,4650.25,4655.95,1464
2024-05-09 10:40:00,4653.0,4657.2,4651.75,4653.9,896
2024-05-09 10:41:00,4653.8,4655.1,4652.0,4652.0,175
2024-05-09 10:42:00,4652.0,4653.95,4652.0,4652.0,221
2024-05-09 10:43:00,4652.0,4657.55,4652.0,4655.45,277
2024-05-09 10:44:00,4655.45,4656.1,4650.35,4650.5,1395
2024-05-09 10:45:00,4650.5,4653.8,4650.3,4651.0,124
2024-05-09 10:46:00,4651.0,4651.0,4648.0,4648.05,1097
2024-05-09 10:47:00,4648.05,4650.15,4644.8,4647.25,1182
2024-05-09 10:48:00,4647.0,4649.35,4647.0,4649.0,3763
2024-05-09 10:49:00,4649.0,4652.25,4649.0,4650.9,894
2024-05-09 10:50:00,4650.9,4654.0,4647.15,4648.25,1520
2024-05-09 10:51:00,4648.25,4653.3,4648.25,4650.05,228
2024-05-09 10:52:00,4650.0,4654.5,4650.0,4654.45,902
2024-05-09 10:53:00,4655.0,4658.4,4653.8,4655.0,314
2024-05-09 10:54:00,4654.8,4657.3,4653.8,4655.0,243
2024-05-09 10:55:00,4655.0,4663.4,4655.0,4663.4,373
2024-05-09 10:56:00,4663.4,4664.75,4656.3,4658.3,508
2024-05-09 10:57:00,4656.35,4660.75,4656.35,4657.0,105
2024-05-09 10:58:00,4657.0,4659.95,4656.3,4656.7,129
2024-05-09 10:59:00,4656.7,4659.65,4656.3,4658.05,185
2024-05-09 11:00:00,4658.05,4661.1,4656.3,4657.8,318
2024-05-09 11:01:00,4656.5,4659.75,4656.3,4656.6,172
2024-05-09 11:02:00,4657.95,4662.5,4656.8,4660.0,1179
2024-05-09 11:03:00,4660.25,4667.2,4660.05,4665.65,1516
2024-05-09 11:04:00,4665.65,4669.5,4663.95,4668.5,1130
2024-05-09 11:05:00,4668.5,4669.0,4663.05,4665.6,926
2024-05-09 11:06:00,4663.5,4665.15,4663.0,4664.75,53
2024-05-09 11:07:00,4665.75,4666.65,4663.2,4666.2,504
2024-05-09 11:08:00,4666.2,4666.2,4663.35,4665.1,52
2024-05-09 11:09:00,4665.1,4665.85,4663.95,4664.05,60
2024-05-09 11:10:00,4664.05,4666.15,4661.5,4661.55,181
2024-05-09 11:11:00,4661.05,4664.1,4661.0,4661.5,149
2024-05-09 11:12:00,4662.95,4663.9,4661.5,4663.9,142
2024-05-09 11:13:00,4663.9,4664.7,4661.6,4663.35,242
2024-05-09 11:14:00,4663.35,4665.0,4662.35,4663.7,62
2024-05-09 11:15:00,4663.8,4668.95,4663.4,4665.85,805
2024-05-09 11:16:00,4665.85,4672.25,4665.85,4670.5,625
2024-05-09 11:17:00,4670.5,4671.45,4668.5,4670.8,269
2024-05-09 11:18:00,4670.8,4671.95,4668.85,4670.0,133
2024-05-09 11:19:00,4670.0,4670.15,4666.55,4666.8,171
2024-05-09 11:20:00,4668.8,4670.2,4666.85,4669.1,243
2024-05-09 11:21:00,4669.1,4669.1,4667.0,4667.05,109
2024-05-09 11:22:00,4667.05,4669.4,4666.2,4666.3,178
2024-05-09 11:23:00,4666.3,4675.0,4666.2,4672.55,761
2024-05-09 11:24:00,4672.6,4673.6,4668.2,4668.2,170
2024-05-09 11:25:00,4668.2,4670.5,4668.2,4668.25,29
2024-05-09 11:26:00,4668.25,4669.65,4668.2,4668.25,95
2024-05-09 11:27:00,4668.25,4668.25,4665.0,4665.0,234
2024-05-09 11:28:00,4665.0,4667.1,4665.0,4665.0,106
2024-05-09 11:29:00,4665.0,4670.2,4665.0,4670.2,296
2024-05-09 11:30:00,4670.2,4671.85,4665.0,4669.45,314
2024-05-09 11:31:00,4669.45,4671.0,4667.65,4671.0,15
2024-05-09 11:32:00,4670.55,4674.0,4669.0,4671.0,311
2024-05-09 11:33:00,4671.0,4673.5,4670.45,4672.7,65
2024-05-09 11:34:00,4672.7,4674.0,4670.45,4670.45,330
2024-05-09 11:35:00,4670.45,4672.75,4669.05,4669.5,433
2024-05-09 11:36:00,4669.5,4671.0,4669.2,4670.85,143
2024-05-09 11:37:00,4670.85,4670.85,4669.2,4669.2,48
2024-05-09 11:38:00,4669.2,4670.95,4668.05,4668.8,364
2024-05-09 11:39:00,4668.8,4673.1,4668.75,4671.9,137
2024-05-09 11:40:00,4671.9,4674.0,4669.45,4671.35,233
2024-05-09 11:41:00,4673.4,4673.65,4668.15,4668.95,496
2024-05-09 11:42:00,4669.75,4672.45,4668.95,4670.0,211
2024-05-09 11:43:00,4670.0,4673.45,4670.0,4670.25,1242
2024-05-09 11:44:00,4670.25,4672.3,4670.0,4672.1,73
2024-05-09 11:45:00,4670.35,4672.5,4670.0,4670.4,162
2024-05-09 11:46:00,4670.4,4679.55,4670.0,4679.55,1529
2024-05-09 11:47:00,4679.0,4680.6,4679.0,4679.0,472
2024-05-09 11:48:00,4679.0,4680.0,4679.0,4679.0,471
2024-05-09 11:49:00,4679.0,4679.15,4672.45,4673.05,546
2024-05-09 11:50:00,4673.85,4673.85,4672.65,4673.7,146
2024-05-09 11:51:00,4673.7,4675.0,4670.55,4673.25,339
2024-05-09 11:52:00,4673.25,4675.55,4671.8,4675.15,90
2024-05-09 11:53:00,4674.95,4677.2,4674.9,4674.9,140
2024-05-09 11:54:00,4674.9,4675.3,4672.0,4674.65,402
2024-05-09 11:55:00,4674.65,4674.7,4673.5,4674.55,184
2024-05-09 11:56:00,4674.55,4680.0,4674.55,4679.0,671
2024-05-09 11:57:00,4679.0,4679.0,4675.0,4676.8,85
2024-05-09 11:58:00,4676.8,4678.6,4675.65,4676.75,376
2024-05-09 11:59:00,4676.75,4679.75,4675.65,4678.75,219
2024-05-09 12:00:00,4678.75,4678.75,4676.5,4677.0,117
2024-05-09 12:01:00,4677.0,4677.7,4676.6,4676.6,44
2024-05-09 12:02:00,4676.6,4677.6,4675.65,4676.9,271
2024-05-09 12:03:00,4675.65,4675.65,4671.15,4672.95,333
2024-05-09 12:04:00,4672.95,4673.65,4671.4,4671.4,51
2024-05-09 12:05:00,4671.4,4674.9,4671.4,4674.9,184
2024-05-09 12:06:00,4672.85,4674.75,4672.25,4672.7,167
2024-05-09 12:07:00,4672.7,4674.7,4672.25,4673.45,70
2024-05-09 12:08:00,4672.25,4674.35,4671.15,4671.15,143
2024-05-09 12:09:00,4671.15,4673.5,4671.15,4673.15,184
2024-05-09 12:10:00,4673.15,4673.5,4670.5,4671.5,78
2024-05-09 12:11:00,4671.5,4675.0,4671.05,4674.3,247
2024-05-09 12:12:00,4674.3,4678.75,4674.3,4676.9,142
2024-05-09 12:13:00,4678.75,4680.0,4676.95,4679.0,454
2024-05-09 12:14:00,4679.0,4680.0,4677.15,4678.8,1527
2024-05-09 12:15:00,4679.0,4679.0,4675.75,4676.25,275
2024-05-09 12:16:00,4676.25,4677.35,4675.0,4677.35,1130
2024-05-09 12:17:00,4677.35,4677.35,4675.0,4676.9,57
2024-05-09 12:18:00,4676.9,4679.0,4675.95,4676.85,121
2024-05-09 12:19:00,4678.9,4679.0,4676.6,4678.95,51
2024-05-09 12:20:00,4678.95,4679.0,4676.95,4677.05,117
2024-05-09 12:21:00,4677.05,4679.5,4677.05,4677.3,640
2024-05-09 12:22:00,4677.3,4678.0,4675.0,4675.0,2158
2024-05-09 12:23:00,4675.0,4675.1,4675.0,4675.1,123
2024-05-09 12:24:00,4675.1,4676.95,4675.0,4675.35,667
2024-05-09 12:25:00,4675.35,4676.5,4670.5,4670.55,186
2024-05-09 12:26:00,4670.55,4672.3,4670.5,4672.3,282
2024-05-09 12:27:00,4672.3,4672.3,4660.0,4660.65,1323
2024-05-09 12:28:00,4660.65,4663.45,4655.35,4656.95,702
2024-05-09 12:29:00,4656.95,4659.7,4655.45,4659.6,285
2024-05-09 12:30:00,4658.4,4658.6,4656.6,4658.6,23
2024-05-09 12:31:00,4658.6,4658.6,4655.45,4658.4,240
2024-05-09 12:32:00,4658.4,4658.9,4656.8,4658.85,111
2024-05-09 12:33:00,4659.05,4664.2,4658.0,4662.4,723
2024-05-09 12:34:00,4662.4,4664.5,4662.05,4664.5,566
2024-05-09 12:35:00,4664.35,4667.6,4662.2,4667.6,441
2024-05-09 12:36:00,4667.6,4667.6,4665.15,4665.4,95
2024-05-09 12:37:00,4665.4,4667.4,4665.25,4665.35,26
2024-05-09 12:38:00,4665.05,4665.3,4665.0,4665.05,1001
2024-05-09 12:39:00,4665.0,4665.3,4661.0,4661.0,1309
2024-05-09 12:40:00,4662.9,4662.9,4661.0,4662.0,519
2024-05-09 12:41:00,4662.0,4662.45,4661.0,4661.0,60
2024-05-09 12:42:00,4661.0,4664.25,4661.0,4662.45,323
2024-05-09 12:43:00,4662.45,4663.35,4661.35,4663.35,65
2024-05-09 12:44:00,4663.35,4663.35,4650.0,4651.15,8566
2024-05-09 12:45:00,4651.15,4657.4,4651.15,4653.1,289
2024-05-09 12:46:00,4655.05,4655.05,4652.0,4652.0,1662
2024-05-09 12:47:00,4652.0,4652.0,4634.2,4642.35,6288
2024-05-09 12:48:00,4642.35,4642.5,4634.0,4636.05,1067
2024-05-09 12:49:00,4636.0,4650.7,4634.0,4650.0,8447
2024-05-09 12:50:00,4650.0,4654.05,4650.0,4650.95,828
2024-05-09 12:51:00,4650.95,4652.6,4638.0,4638.0,2105
2024-05-09 12:52:00,4637.95,4639.1,4636.05,4639.05,522
2024-05-09 12:53:00,4639.05,4639.05,4632.6,4634.0,735
2024-05-09 12:54:00,4634.0,4634.4,4630.0,4630.0,716
2024-05-09 12:55:00,4630.8,4635.25,4627.9,4631.0,1462
2024-05-09 12:56:00,4631.0,4634.45,4630.05,4632.45,634
2024-05-09 12:57:00,4630.15,4634.75,4627.55,4630.15,1493
2024-05-09 12:58:00,4630.0,4637.25,4630.0,4633.85,2553
2024-05-09 12:59:00,4633.85,4643.4,4631.2,4640.9,2178
2024-05-09 13:00:00,4642.65,4648.9,4641.75,4647.0,310
2024-05-09 13:01:00,4647.0,4647.6,4642.1,4644.0,414
2024-05-09 13:02:00,4643.25,4645.9,4642.0,4644.35,633
2024-05-09 13:03:00,4642.05,4645.25,4642.0,4643.45,653
2024-05-09 13:04:00,4643.45,4645.0,4641.75,4643.15,271
2024-05-09 13:05:00,4643.15,4644.0,4641.5,4641.5,485
2024-05-09 13:06:00,4641.5,4644.8,4641.5,4644.8,349
2024-05-09 13:07:00,4644.8,4648.5,4643.3,4643.6,401
2024-05-09 13:08:00,4643.65,4647.65,4642.0,4642.0,486
2024-05-09 13:09:00,4644.75,4645.8,4642.0,4642.0,363
2024-05-09 13:10:00,4642.0,4643.75,4641.05,4643.45,759
2024-05-09 13:11:00,4643.45,4644.75,4641.8,4644.1,112
2024-05-09 13:12:00,4644.1,4645.0,4642.75,4643.3,114
2024-05-09 13:13:00,4643.3,4645.8,4642.0,4644.25,272
2024-05-09 13:14:00,4644.25,4648.45,4644.25,4645.7,227
2024-05-09 13:15:00,4645.7,4647.65,4645.0,4646.3,178
2024-05-09 13:16:00,4646.3,4649.15,4645.0,4649.15,187
2024-05-09 13:17:00,4649.15,4649.85,4646.2,4648.8,367
2024-05-09 13:18:00,4648.8,4651.0,4648.3,4650.55,133
2024-05-09 13:19:00,4650.55,4650.55,4647.0,4650.0,53
2024-05-09 13:20:00,4650.0,4651.0,4649.05,4649.05,1512
2024-05-09 13:21:00,4649.05,4650.35,4645.0,4646.05,3756
2024-05-09 13:22:00,4646.05,4647.8,4646.05,4647.0,780
2024-05-09 13:23:00,4647.0,4647.45,4645.0,4645.0,2155
2024-05-09 13:24:00,4645.0,4645.15,4630.0,4637.0,3495
2024-05-09 13:25:00,4637.0,4648.0,4633.25,4645.25,7273
2024-05-09 13:26:00,4645.25,4648.95,4645.0,4646.95,676
2024-05-09 13:27:00,4647.0,4648.45,4645.45,4648.1,163
2024-05-09 13:28:00,4646.15,4647.05,4645.0,4647.05,1327
2024-05-09 13:29:00,4647.05,4647.05,4645.0,4646.95,94
2024-05-09 13:30:00,4646.95,4649.65,4645.5,4648.25,179
2024-05-09 13:31:00,4648.25,4649.65,4648.0,4649.65,478
2024-05-09 13:32:00,4649.65,4649.65,4648.2,4649.65,86
2024-05-09 13:33:00,4649.65,4650.0,4648.0,4648.2,991
2024-05-09 13:34:00,4648.2,4650.0,4648.0,4648.75,253
2024-05-09 13:35:00,4648.75,4651.0,4648.0,4650.1,896
2024-05-09 13:36:00,4650.1,4653.0,4648.0,4648.05,1161
2024-05-09 13:37:00,4648.05,4649.65,4644.0,4644.0,699
2024-05-09 13:38:00,4643.6,4643.6,4640.55,4640.55,467
2024-05-09 13:39:00,4640.35,4647.2,4639.05,4647.15,1675
2024-05-09 13:40:00,4645.75,4652.65,4645.0,4649.9,2526
2024-05-09 13:41:00,4652.0,4653.0,4648.0,4650.5,1337
2024-05-09 13:42:00,4650.5,4652.95,4645.95,4651.95,553
2024-05-09 13:43:00,4649.65,4652.55,4645.7,4647.65,2956
2024-05-09 13:44:00,4651.7,4652.0,4645.0,4649.5,2775
2024-05-09 13:45:00,4652.2,4652.7,4647.5,4651.5,1943
2024-05-09 13:46:00,4652.0,4652.1,4644.0,4644.05,1625
2024-05-09 13:47:00,4644.05,4649.95,4643.5,4645.95,533
2024-05-09 13:48:00,4645.95,4657.75,4639.2,4643.75,9804
2024-05-09 13:49:00,4646.25,4649.3,4644.25,4647.35,239
2024-05-09 13:50:00,4647.35,4648.6,4643.45,4645.9,853
2024-05-09 13:51:00,4645.0,4645.0,4640.05,4644.45,545
2024-05-09 13:52:00,4643.25,4653.25,4640.15,4653.25,3995
2024-05-09 13:53:00,4652.7,4655.0,4650.45,4651.4,606
2024-05-09 13:54:00,4653.3,4653.8,4650.0,4653.2,1096
2024-05-09 13:55:00,4653.2,4653.8,4650.1,4653.7,273
2024-05-09 13:56:00,4653.7,4654.0,4650.4,4653.45,313
2024-05-09 13:57:00,4653.45,4659.95,4653.45,4659.0,1197
2024-05-09 13:58:00,4658.35,4660.0,4656.5,4658.8,514
2024-05-09 13:59:00,4659.95,4660.0,4656.35,4658.6,524
2024-05-09 14:00:00,4658.65,4660.0,4654.0,4654.0,3907
2024-05-09 14:01:00,4654.75,4654.95,4648.3,4651.95,1329
2024-05-09 14:02:00,4652.05,4652.15,4647.4,4648.1,502
2024-05-09 14:03:00,4648.1,4655.4,4648.1,4655.4,1578
2024-05-09 14:04:00,4655.4,4660.9,4654.25,4660.0,2675
2024-05-09 14:05:00,4660.0,4661.6,4660.0,4660.0,1879
2024-05-09 14:06:00,4660.0,4660.8,4659.9,4660.0,2547
2024-05-09 14:07:00,4660.0,4660.45,4660.0,4660.0,883
2024-05-09 14:08:00,4660.1,4660.3,4655.9,4656.85,1035
2024-05-09 14:09:00,4655.65,4659.9,4653.9,4657.05,570
2024-05-09 14:10:00,4657.05,4660.0,4656.25,4659.9,409
2024-05-09 14:11:00,4659.95,4660.0,4652.35,4655.75,484
2024-05-09 14:12:00,4657.25,4659.05,4653.4,4654.65,866
2024-05-09 14:13:00,4654.65,4657.85,4650.3,4653.5,6236
2024-05-09 14:14:00,4655.05,4658.8,4653.15,4656.7,962
2024-05-09 14:15:00,4655.95,4659.85,4652.8,4659.55,2325
2024-05-09 14:16:00,4659.65,4660.6,4648.05,4657.4,11172
2024-05-09 14:17:00,4658.6,4660.5,4650.75,4651.95,1503
2024-05-09 14:18:00,4650.75,4651.95,4645.1,4646.35,1208
2024-05-09 14:19:00,4646.35,4647.2,4643.3,4644.15,522
2024-05-09 14:20:00,4644.15,4653.6,4644.15,4653.5,2991
2024-05-09 14:21:00,4653.5,4658.55,4650.0,4658.4,527
2024-05-09 14:22:00,4656.3,4659.5,4655.95,4658.45,399
2024-05-09 14:23:00,4659.5,4660.0,4648.15,4650.0,3039
2024-05-09 14:24:00,4650.0,4658.45,4646.45,4650.9,6893
2024-05-09 14:25:00,4650.9,4655.35,4647.1,4649.9,370
2024-05-09 14:26:00,4649.9,4657.85,4646.35,4657.85,4775
2024-05-09 14:27:00,4657.85,4657.95,4654.9,4657.0,1638
2024-05-09 14:28:00,4657.0,4657.6,4642.05,4642.95,5497
2024-05-09 14:29:00,4642.95,4651.0,4641.2,4651.0,4125
2024-05-09 14:30:00,4650.1,4657.6,4650.05,4656.95,3066
2024-05-09 14:31:00,4655.9,4657.4,4655.0,4655.05,1718
2024-05-09 14:32:00,4655.05,4657.45,4655.0,4657.45,883
2024-05-09 14:33:00,4657.45,4660.0,4657.0,4658.0,3380
2024-05-09 14:34:00,4658.0,4660.0,4652.7,4652.8,1898
2024-05-09 14:35:00,4651.35,4652.7,4640.55,4640.55,691
2024-05-09 14:36:00,4640.55,4647.75,4640.55,4646.35,4189
2024-05-09 14:37:00,4646.35,4647.8,4642.05,4645.05,5156
2024-05-09 14:38:00,4647.6,4648.6,4640.55,4640.55,2121
2024-05-09 14:39:00,4640.55,4642.2,4637.0,4637.1,1309
2024-05-09 14:40:00,4637.1,4652.85,4636.75,4651.3,7603
2024-05-09 14:41:00,4651.3,4653.7,4650.0,4651.25,1646
2024-05-09 14:42:00,4651.25,4653.7,4636.05,4638.25,3580
2024-05-09 14:43:00,4635.7,4648.1,4630.0,4646.35,9796
2024-05-09 14:44:00,4646.35,4647.5,4633.0,4633.0,1047
2024-05-09 14:45:00,4632.3,4644.85,4632.25,4643.0,2689
2024-05-09 14:46:00,4644.85,4646.2,4643.0,4645.0,589
2024-05-09 14:47:00,4643.7,4643.95,4642.0,4642.05,483
2024-05-09 14:48:00,4643.75,4648.7,4642.0,4646.85,329
2024-05-09 14:49:00,4646.85,4649.7,4645.0,4648.0,617
2024-05-09 14:50:00,4648.0,4655.0,4647.5,4652.45,743
2024-05-09 14:51:00,4652.45,4658.0,4652.45,4655.05,628
2024-05-09 14:52:00,4655.05,4660.0,4652.9,4660.0,748
2024-05-09 14:53:00,4660.0,4662.0,4658.0,4662.0,3415
2024-05-09 14:54:00,4662.0,4663.3,4657.65,4662.0,2811
2024-05-09 14:55:00,4662.0,4662.45,4660.0,4661.75,3971
2024-05-09 14:56:00,4661.75,4662.85,4655.85,4655.9,2396
2024-05-09 14:57:00,4655.95,4658.8,4651.3,4655.0,2980
2024-05-09 14:58:00,4655.0,4657.45,4655.0,4656.6,5683
2024-05-09 14:59:00,4656.6,4658.15,4655.05,4657.0,1069
2024-05-09 15:00:00,4657.0,4657.0,4655.05,4655.15,2030
2024-05-09 15:01:00,4656.5,4656.5,4655.0,4655.05,3869
2024-05-09 15:02:00,4655.05,4656.5,4655.0,4655.05,3799
2024-05-09 15:03:00,4655.9,4656.4,4651.0,4653.05,3971
2024-05-09 15:04:00,4653.85,4660.0,4653.05,4658.05,9947
2024-05-09 15:05:00,4658.05,4660.3,4658.0,4658.2,2649
2024-05-09 15:06:00,4658.2,4664.35,4658.1,4658.1,2271
2024-05-09 15:07:00,4658.1,4663.7,4658.0,4660.0,5119
2024-05-09 15:08:00,4660.05,4666.95,4660.05,4664.95,4850
2024-05-09 15:09:00,4662.45,4670.0,4662.0,4665.75,5745
2024-05-09 15:10:00,4665.55,4667.25,4662.0,4665.85,4313
2024-05-09 15:11:00,4665.85,4665.85,4658.55,4661.5,12822
2024-05-09 15:12:00,4660.0,4662.65,4658.1,4662.0,18706
2024-05-09 15:13:00,4662.0,4662.1,4658.1,4660.0,13012
2024-05-09 15:14:00,4660.0,4660.95,4656.05,4660.05,15402
2024-05-09 15:15:00,4660.2,4660.65,4659.05,4660.0,19430
2024-05-09 15:16:00,4660.0,4660.0,4648.4,4656.0,6139
2024-05-09 15:17:00,4654.65,4660.7,4652.0,4660.1,18869
2024-05-09 15:18:00,4660.1,4661.2,4660.0,4660.0,8424
2024-05-09 15:19:00,4660.0,4660.55,4660.0,4660.0,4833
2024-05-09 15:20:00,4660.25,4660.4,4660.0,4660.1,12557
2024-05-09 15:21:00,4660.1,4660.35,4648.7,4651.95,7510
2024-05-09 15:22:00,4650.45,4651.85,4641.05,4641.05,1250
2024-05-09 15:23:00,4641.0,4643.55,4640.75,4641.35,1457
2024-05-09 15:24:00,4641.35,4644.2,4640.15,4640.25,1556
2024-05-09 15:25:00,4640.0,4642.1,4635.25,4641.05,1869
2024-05-09 15:26:00,4641.0,4641.0,4636.0,4636.2,844
2024-05-09 15:27:00,4636.2,4636.35,4630.25,4636.05,2026
2024-05-09 15:28:00,4636.05,4636.05,4630.0,4635.95,777
2024-05-09 15:29:00,4635.95,4640.0,4630.05,4640.0,591
2024-05-10 09:15:00,4649.95,4649.95,4617.25,4627.45,3572
2024-05-10 09:16:00,4626.65,4629.0,4619.95,4628.6,1372
2024-05-10 09:17:00,4626.3,4629.2,4617.05,4628.95,1013
2024-05-10 09:18:00,4628.95,4628.95,4619.4,4623.85,1358
2024-05-10 09:19:00,4623.85,4625.65,4616.0,4617.0,1803
2024-05-10 09:20:00,4617.0,4618.15,4600.0,4610.25,3236
2024-05-10 09:21:00,4610.25,4610.25,4601.0,4604.95,1333
2024-05-10 09:22:00,4606.65,4613.1,4604.35,4611.0,1040
2024-05-10 09:23:00,4611.0,4611.6,4602.05,4607.0,1373
2024-05-10 09:24:00,4607.1,4614.65,4605.05,4614.65,1149
2024-05-10 09:25:00,4614.65,4619.0,4610.0,4611.95,1800
2024-05-10 09:26:00,4612.25,4614.2,4605.0,4605.5,1257
2024-05-10 09:27:00,4605.5,4607.0,4592.2,4592.7,4704
2024-05-10 09:28:00,4592.65,4607.1,4592.4,4600.05,1426
2024-05-10 09:29:00,4601.95,4609.1,4600.0,4609.0,972
2024-05-10 09:30:00,4607.95,4609.85,4605.0,4605.0,898
2024-05-10 09:31:00,4605.0,4607.0,4596.15,4598.25,1671
2024-05-10 09:32:00,4598.25,4602.8,4598.25,4602.8,733
2024-05-10 09:33:00,4602.8,4604.15,4600.95,4603.0,543
2024-05-10 09:34:00,4603.0,4603.0,4590.8,4595.85,3147
2024-05-10 09:35:00,4595.85,4598.45,4592.0,4592.15,943
2024-05-10 09:36:00,4590.45,4592.1,4565.6,4575.1,10214
2024-05-10 09:37:00,4575.1,4576.0,4570.1,4574.6,3005
2024-05-10 09:38:00,4571.65,4575.6,4571.15,4575.5,1489
2024-05-10 09:39:00,4573.0,4577.8,4572.0,4572.25,1275
2024-05-10 09:40:00,4574.95,4581.95,4572.1,4581.35,830
2024-05-10 09:41:00,4581.35,4584.1,4580.0,4581.45,681
2024-05-10 09:42:00,4580.1,4584.0,4572.1,4572.1,1140
2024-05-10 09:43:00,4572.1,4579.55,4571.15,4572.0,1842
2024-05-10 09:44:00,4572.0,4575.2,4569.0,4573.35,1908
2024-05-10 09:45:00,4573.3,4578.2,4573.2,4575.8,738
2024-05-10 09:46:00,4575.8,4577.4,4574.3,4577.2,1055
2024-05-10 09:47:00,4577.2,4580.0,4576.15,4579.95,7053
2024-05-10 09:48:00,4579.95,4580.0,4575.15,4578.8,2119
2024-05-10 09:49:00,4576.3,4579.0,4575.05,4578.0,972
2024-05-10 09:50:00,4578.1,4579.0,4576.0,4579.0,3726
2024-05-10 09:51:00,4579.0,4579.0,4576.5,4577.25,689
2024-05-10 09:52:00,4578.0,4584.1,4575.3,4584.1,2559
2024-05-10 09:53:00,4584.1,4596.95,4582.7,4595.0,2931
2024-05-10 09:54:00,4595.0,4595.0,4586.8,4588.05,1251
2024-05-10 09:55:00,4587.75,4590.0,4586.0,4586.0,514
2024-05-10 09:56:00,4588.0,4589.4,4584.0,4586.0,776
2024-05-10 09:57:00,4586.0,4587.0,4585.05,4586.9,2044
2024-05-10 09:58:00,4586.0,4586.35,4582.1,4585.0,691
2024-05-10 09:59:00,4585.0,4585.0,4580.1,4582.7,1435
2024-05-10 10:00:00,4580.3,4583.85,4576.35,4576.35,2118
2024-05-10 10:01:00,4576.4,4582.0,4574.0,4574.0,1148
2024-05-10 10:02:00,4574.0,4577.9,4572.25,4575.0,719
2024-05-10 10:03:00,4575.0,4575.0,4568.0,4570.0,2560
2024-05-10 10:04:00,4570.0,4573.65,4568.45,4573.35,435
2024-05-10 10:05:00,4573.35,4574.0,4570.8,4574.0,493
2024-05-10 10:06:00,4574.0,4578.85,4571.0,4577.55,760
2024-05-10 10:07:00,4577.55,4578.85,4577.0,4577.75,552
2024-05-10 10:08:00,4577.75,4582.7,4577.05,4582.25,294
2024-05-10 10:09:00,4582.25,4587.95,4582.1,4587.95,1130
2024-05-10 10:10:00,4586.2,4589.0,4585.8,4588.0,879
2024-05-10 10:11:00,4588.9,4590.6,4588.0,4588.75,425
2024-05-10 10:12:00,4588.75,4594.4,4588.1,4593.9,1632
2024-05-10 10:13:00,4593.9,4604.25,4593.15,4604.25,1550
2024-05-10 10:14:00,4604.25,4605.8,4602.0,4605.8,1012
2024-05-10 10:15:00,4605.8,4607.2,4601.55,4603.0,794
2024-05-10 10:16:00,4603.0,4603.0,4600.0,4601.7,441
2024-05-10 10:17:00,4601.7,4609.25,4601.7,4609.25,579
2024-05-10 10:18:00,4609.25,4609.9,4604.55,4607.55,601
2024-05-10 10:19:00,4607.9,4608.9,4604.65,4604.65,274
2024-05-10 10:20:00,4604.65,4608.5,4603.9,4604.65,1011
2024-05-10 10:21:00,4604.65,4605.35,4597.8,4601.45,1080
2024-05-10 10:22:00,4601.75,4605.0,4601.6,4604.65,361
2024-05-10 10:23:00,4604.65,4605.0,4602.05,4604.8,770
2024-05-10 10:24:00,4604.8,4608.55,4602.8,4606.6,719
2024-05-10 10:25:00,4604.8,4608.8,4604.75,4608.5,202
2024-05-10 10:26:00,4608.5,4614.35,4606.1,4614.35,1215
2024-05-10 10:27:00,4616.2,4616.95,4612.0,4613.95,1559
2024-05-10 10:28:00,4613.95,4615.5,4610.95,4612.0,528
2024-05-10 10:29:00,4612.0,4615.4,4608.0,4613.8,718
2024-05-10 10:30:00,4613.8,4614.95,4611.0,4613.2,177
2024-05-10 10:31:00,4615.0,4615.5,4613.2,4615.45,209
2024-05-10 10:32:00,4615.45,4620.0,4614.0,4618.2,576
2024-05-10 10:33:00,4618.2,4619.85,4616.1,4619.8,360
2024-05-10 10:34:00,4619.8,4619.8,4615.15,4617.85,94
2024-05-10 10:35:00,4617.95,4617.95,4613.95,4613.95,445
2024-05-10 10:36:00,4613.95,4615.0,4611.0,4614.45,331
2024-05-10 10:37:00,4614.45,4623.0,4614.45,4623.0,1028
2024-05-10 10:38:00,4623.0,4623.0,4617.25,4618.0,444
2024-05-10 10:39:00,4618.0,4620.0,4614.45,4615.0,310
2024-05-10 10:40:00,4615.0,4615.2,4613.95,4613.95,135
2024-05-10 10:41:00,4615.15,4615.2,4613.95,4614.65,221
2024-05-10 10:42:00,4614.65,4616.95,4614.1,4615.65,243
2024-05-10 10:43:00,4616.95,4616.95,4614.05,4614.95,213
2024-05-10 10:44:00,4614.95,4616.3,4611.2,4612.4,703
2024-05-10 10:45:00,4612.4,4613.95,4609.9,4610.15,362
2024-05-10 10:46:00,4610.15,4612.75,4601.4,4601.7,1203
2024-05-10 10:47:00,4601.7,4606.1,4601.55,4603.55,1133
2024-05-10 10:48:00,4603.55,4605.0,4603.05,4605.0,104
2024-05-10 10:49:00,4605.0,4607.8,4604.65,4606.5,282
2024-05-10 10:50:00,4606.5,4607.8,4603.05,4607.45,769
2024-05-10 10:51:00,4607.8,4607.8,4604.3,4604.4,375
2024-05-10 10:52:00,4604.4,4604.4,4599.55,4601.25,655
2024-05-10 10:53:00,4601.25,4603.6,4601.0,4602.0,103
2024-05-10 10:54:00,4602.0,4602.7,4600.0,4602.7,411
2024-05-10 10:55:00,4602.7,4603.0,4600.75,4600.75,125
2024-05-10 10:56:00,4601.0,4604.2,4600.05,4601.85,295
2024-05-10 10:57:00,4601.85,4607.0,4601.85,4607.0,313
2024-05-10 10:58:00,4607.0,4607.45,4604.65,4604.7,198
2024-05-10 10:59:00,4604.7,4607.0,4604.7,4604.8,122
2024-05-10 11:00:00,4604.8,4608.75,4604.75,4608.75,363
2024-05-10 11:01:00,4608.75,4613.6,4607.35,4611.85,1641
2024-05-10 11:02:00,4611.85,4615.5,4611.85,4611.85,206
2024-05-10 11:03:00,4611.85,4615.0,4611.8,4615.0,95
2024-05-10 11:04:00,4613.75,4616.4,4613.7,4616.4,394
2024-05-10 11:05:00,4616.4,4616.4,4615.35,4616.4,43
2024-05-10 11:06:00,4616.4,4616.4,4615.0,4615.0,157
2024-05-10 11:07:00,4615.0,4615.0,4605.5,4610.0,786
2024-05-10 11:08:00,4610.0,4611.35,4607.25,4611.35,73
2024-05-10 11:09:00,4611.35,4611.7,4608.35,4609.15,60
2024-05-10 11:10:00,4609.15,4612.6,4608.65,4610.15,143
2024-05-10 11:11:00,4610.15,4614.55,4609.25,4614.55,80
2024-05-10 11:12:00,4614.85,4616.0,4613.0,4616.0,310
2024-05-10 11:13:00,4616.0,4616.0,4611.0,4611.25,161
2024-05-10 11:14:00,4611.25,4613.55,4610.6,4612.75,142
2024-05-10 11:15:00,4612.75,4612.85,4607.0,4610.0,572
2024-05-10 11:16:00,4610.0,4611.95,4608.45,4608.6,139
2024-05-10 11:17:00,4611.85,4611.95,4607.05,4609.4,78
2024-05-10 11:18:00,4609.4,4612.5,4608.55,4611.75,426
2024-05-10 11:19:00,4611.75,4613.4,4609.5,4610.1,194
2024-05-10 11:20:00,4610.1,4613.2,4608.8,4608.8,56
2024-05-10 11:21:00,4608.8,4612.1,4607.75,4609.5,293
2024-05-10 11:22:00,4609.5,4610.0,4608.0,4608.15,67
2024-05-10 11:23:00,4608.05,4610.0,4607.85,4609.75,221
2024-05-10 11:24:00,4609.75,4609.75,4606.3,4609.05,49
2024-05-10 11:25:00,4609.05,4610.0,4607.25,4609.65,335
2024-05-10 11:26:00,4609.65,4609.65,4607.15,4607.15,276
2024-05-10 11:27:00,4607.15,4608.0,4607.15,4608.0,486
2024-05-10 11:28:00,4608.0,4609.8,4607.2,4608.6,168
2024-05-10 11:29:00,4608.6,4613.0,4608.4,4610.55,251
2024-05-10 11:30:00,4612.85,4614.4,4610.5,4613.15,321
2024-05-10 11:31:00,4613.15,4615.0,4611.4,4611.55,201
2024-05-10 11:32:00,4611.55,4613.05,4609.0,4610.45,268
2024-05-10 11:33:00,4610.45,4612.7,4609.7,4612.4,190
2024-05-10 11:34:00,4612.4,4613.4,4610.0,4613.4,122
2024-05-10 11:35:00,4613.4,4613.8,4611.75,4611.75,70
2024-05-10 11:36:00,4611.75,4613.8,4611.75,4611.75,22
2024-05-10 11:37:00,4611.75,4613.65,4611.75,4611.75,55
2024-05-10 11:38:00,4611.75,4613.25,4610.0,4610.65,234
2024-05-10 11:39:00,4612.3,4612.3,4607.15,4607.4,105
2024-05-10 11:40:00,4607.4,4609.3,4604.75,4604.75,545
2024-05-10 11:41:00,4603.55,4607.0,4599.55,4600.0,1227
2024-05-10 11:42:00,4600.0,4604.45,4600.0,4604.35,276
2024-05-10 11:43:00,4602.15,4604.95,4602.15,4603.0,36
2024-05-10 11:44:00,4603.0,4604.95,4602.3,4604.95,66
2024-05-10 11:45:00,4604.95,4604.95,4602.25,4602.25,89
2024-05-10 11:46:00,4604.0,4604.0,4600.05,4600.05,382
2024-05-10 11:47:00,4600.05,4603.75,4600.0,4602.6,314
2024-05-10 11:48:00,4602.6,4603.0,4601.0,4601.0,97
2024-05-10 11:49:00,4601.0,4602.0,4600.0,4600.0,278
2024-05-10 11:50:00,4600.0,4604.5,4600.0,4604.5,664
2024-05-10 11:51:00,4604.5,4605.15,4604.1,4604.25,99
2024-05-10 11:52:00,4604.25,4606.35,4604.25,4605.25,52
2024-05-10 11:53:00,4606.35,4606.35,4602.0,4606.35,971
2024-05-10 11:54:00,4606.35,4607.1,4604.0,4604.5,114
2024-05-10 11:55:00,4604.0,4606.4,4604.0,4604.85,231
2024-05-10 11:56:00,4604.85,4606.35,4604.25,4605.8,449
2024-05-10 11:57:00,4605.8,4607.6,4604.25,4605.65,273
2024-05-10 11:58:00,4605.65,4606.0,4604.75,4604.8,51
2024-05-10 11:59:00,4607.2,4607.95,4604.75,4607.95,101
2024-05-10 12:00:00,4608.0,4610.25,4606.5,4609.0,301
2024-05-10 12:01:00,4609.85,4610.9,4606.25,4607.35,656
2024-05-10 12:02:00,4607.35,4612.9,4605.1,4606.55,320
2024-05-10 12:03:00,4606.55,4607.95,4605.05,4606.9,83
2024-05-10 12:04:00,4606.95,4610.15,4606.1,4609.0,90
2024-05-10 12:05:00,4609.0,4610.0,4606.35,4606.4,198
2024-05-10 12:06:00,4607.1,4608.35,4606.0,4606.0,49
2024-05-10 12:07:00,4606.0,4608.0,4606.0,4606.45,70
2024-05-10 12:08:00,4606.45,4607.75,4605.25,4605.25,105
2024-05-10 12:09:00,4605.25,4607.9,4605.25,4606.0,58
2024-05-10 12:10:00,4606.0,4608.0,4606.0,4608.0,61
2024-05-10 12:11:00,4608.0,4611.4,4606.95,4610.4,167
2024-05-10 12:12:00,4610.4,4611.0,4607.15,4610.25,83
2024-05-10 12:13:00,4610.25,4610.9,4607.5,4609.15,85
2024-05-10 12:14:00,4609.15,4609.65,4608.0,4609.35,110
2024-05-10 12:15:00,4610.0,4612.45,4608.55,4612.45,168
2024-05-10 12:16:00,4612.45,4614.0,4609.7,4613.1,447
2024-05-10 12:17:00,4613.1,4614.3,4612.35,4614.3,245
2024-05-10 12:18:00,4614.3,4614.3,4611.1,4611.9,76
2024-05-10 12:19:00,4614.0,4614.0,4611.05,4614.0,48
2024-05-10 12:20:00,4614.0,4614.5,4611.3,4612.0,72
2024-05-10 12:21:00,4612.0,4614.95,4610.7,4613.55,192
2024-05-10 12:22:00,4613.55,4615.0,4611.3,4615.0,622
2024-05-10 12:23:00,4614.9,4619.9,4614.9,4618.05,796
2024-05-10 12:24:00,4617.9,4620.0,4612.35,4614.25,778
2024-05-10 12:25:00,4613.5,4616.1,4613.3,4614.7,126
2024-05-10 12:26:00,4614.7,4616.1,4612.0,4612.05,339
2024-05-10 12:27:00,4612.05,4615.35,4612.0,4614.1,164
2024-05-10 12:28:00,4614.1,4614.25,4610.0,4612.1,450
2024-05-10 12:29:00,4615.7,4615.7,4609.05,4611.9,580
2024-05-10 12:30:00,4611.9,4615.0,4611.9,4613.4,68
2024-05-10 12:31:00,4613.4,4618.75,4613.4,4618.55,370
2024-05-10 12:32:00,4618.55,4619.0,4616.05,4616.7,196
2024-05-10 12:33:00,4617.3,4620.0,4616.05,4619.1,316
2024-05-10 12:34:00,4620.0,4621.0,4616.0,4621.0,196
2024-05-10 12:35:00,4621.0,4624.2,4621.0,4623.7,883
2024-05-10 12:36:00,4623.7,4626.0,4623.7,4625.9,413
2024-05-10 12:37:00,4625.9,4626.0,4623.7,4626.0,292
2024-05-10 12:38:00,4626.0,4628.95,4625.05,4625.1,1469
2024-05-10 12:39:00,4625.1,4628.8,4625.0,4625.85,370
2024-05-10 12:40:00,4625.85,4628.5,4625.85,4626.65,164
2024-05-10 12:41:00,4626.65,4627.95,4620.0,4620.0,1639
2024-05-10 12:42:00,4620.75,4620.75,4618.05,4618.05,202
2024-05-10 12:43:00,4618.05,4619.4,4617.0,4619.25,181
2024-05-10 12:44:00,4619.25,4620.0,4617.75,4620.0,76
2024-05-10 12:45:00,4620.0,4621.55,4619.3,4620.55,205
2024-05-10 12:46:00,4621.65,4621.95,4617.8,4620.45,174
2024-05-10 12:47:00,4620.35,4620.45,4612.85,4613.8,552
2024-05-10 12:48:00,4613.8,4617.85,4613.6,4617.85,333
2024-05-10 12:49:00,4617.85,4620.0,4615.5,4619.0,107
2024-05-10 12:50:00,4619.2,4619.85,4613.8,4614.25,355
2024-05-10 12:51:00,4614.2,4616.1,4612.7,4614.4,67
2024-05-10 12:52:00,4614.95,4615.65,4613.05,4614.0,105
2024-05-10 12:53:00,4614.0,4614.95,4612.2,4613.15,157
2024-05-10 12:54:00,4613.7,4614.95,4612.0,4612.5,319
2024-05-10 12:55:00,4612.5,4614.95,4612.5,4613.5,52
2024-05-10 12:56:00,4613.5,4615.0,4613.5,4614.1,162
2024-05-10 12:57:00,4614.95,4617.0,4611.2,4611.25,243
2024-05-10 12:58:00,4611.25,4612.15,4607.3,4608.0,709
2024-05-10 12:59:00,4608.0,4610.0,4607.15,4607.15,213
2024-05-10 13:00:00,4607.15,4609.3,4605.5,4605.5,517
2024-05-10 13:01:00,4605.5,4607.95,4605.5,4605.55,635
2024-05-10 13:02:00,4605.5,4610.0,4605.5,4610.0,268
2024-05-10 13:03:00,4610.0,4614.0,4609.6,4613.0,673
2024-05-10 13:04:00,4613.0,4614.0,4609.0,4609.05,394
2024-05-10 13:05:00,4609.05,4610.0,4605.75,4610.0,461
2024-05-10 13:06:00,4610.0,4611.95,4607.55,4607.55,360
2024-05-10 13:07:00,4607.55,4611.55,4606.9,4610.0,353
2024-05-10 13:08:00,4612.0,4612.0,4607.0,4609.95,178
2024-05-10 13:09:00,4609.9,4610.0,4608.05,4608.75,210
2024-05-10 13:10:00,4608.75,4608.8,4605.75,4606.15,244
2024-05-10 13:11:00,4607.45,4611.05,4606.25,4608.1,351
2024-05-10 13:12:00,4608.1,4608.65,4606.0,4608.1,120
2024-05-10 13:13:00,4608.1,4610.0,4606.7,4607.05,146
2024-05-10 13:14:00,4607.05,4609.75,4606.95,4606.95,307
2024-05-10 13:15:00,4606.95,4607.0,4605.75,4606.0,275
2024-05-10 13:16:00,4606.0,4608.0,4606.0,4606.05,154
2024-05-10 13:17:00,4606.05,4607.75,4602.15,4603.0,3322
2024-05-10 13:18:00,4603.45,4605.0,4599.2,4600.0,3033
2024-05-10 13:19:00,4600.0,4601.7,4598.25,4600.0,2052
2024-05-10 13:20:00,4600.0,4601.2,4598.25,4600.0,1547
2024-05-10 13:21:00,4600.15,4601.65,4598.35,4600.0,6992
2024-05-10 13:22:00,4600.0,4601.5,4598.0,4600.0,1732
2024-05-10 13:23:00,4600.0,4600.95,4598.85,4599.6,237
2024-05-10 13:24:00,4600.0,4600.0,4595.0,4598.3,1387
2024-05-10 13:25:00,4598.3,4599.0,4595.05,4598.0,1631
2024-05-10 13:26:00,4598.0,4599.0,4597.0,4598.05,306
2024-05-10 13:27:00,4598.05,4600.65,4597.6,4600.0,3725
2024-05-10 13:28:00,4600.0,4601.7,4597.5,4600.0,636
2024-05-10 13:29:00,4600.0,4601.2,4598.05,4600.0,394
2024-05-10 13:30:00,4600.0,4602.85,4600.0,4600.0,902
2024-05-10 13:31:00,4600.0,4603.45,4599.3,4600.0,2610
2024-05-10 13:32:00,4600.0,4601.55,4600.0,4600.0,445
2024-05-10 13:33:00,4600.0,4601.65,4600.0,4600.0,1466
2024-05-10 13:34:00,4600.0,4601.65,4599.95,4600.0,871
2024-05-10 13:35:00,4602.4,4602.45,4600.0,4600.0,1518
2024-05-10 13:36:00,4600.0,4601.45,4599.85,4600.1,1022
2024-05-10 13:37:00,4600.0,4601.5,4599.85,4600.0,691
2024-05-10 13:38:00,4600.0,4601.35,4598.8,4600.1,511
2024-05-10 13:39:00,4600.1,4600.1,4599.0,4600.0,508
2024-05-10 13:40:00,4600.0,4601.4,4599.5,4600.0,991
2024-05-10 13:41:00,4600.0,4601.35,4599.0,4600.0,3303
2024-05-10 13:42:00,4600.0,4602.1,4599.9,4600.0,1483
2024-05-10 13:43:00,4600.0,4602.8,4600.0,4600.0,2152
2024-05-10 13:44:00,4600.0,4601.0,4600.0,4600.0,1022
2024-05-10 13:45:00,4600.15,4602.55,4599.55,4600.25,1111
2024-05-10 13:46:00,4600.25,4602.5,4600.0,4602.2,344
2024-05-10 13:47:00,4602.2,4602.2,4600.0,4601.4,329
2024-05-10 13:48:00,4601.4,4603.05,4600.0,4602.55,282
2024-05-10 13:49:00,4602.55,4606.0,4602.55,4604.85,440
2024-05-10 13:50:00,4606.0,4609.3,4604.8,4606.55,519
2024-05-10 13:51:00,4606.55,4608.65,4605.25,4606.1,447
2024-05-10 13:52:00,4606.1,4608.15,4605.2,4608.15,345
2024-05-10 13:53:00,4608.15,4608.15,4603.5,4603.65,404
2024-05-10 13:54:00,4606.35,4606.5,4602.6,4602.8,383
2024-05-10 13:55:00,4602.8,4604.85,4600.05,4600.45,311
2024-05-10 13:56:00,4600.45,4602.1,4600.0,4601.65,339
2024-05-10 13:57:00,4601.65,4603.2,4600.0,4600.1,322
2024-05-10 13:58:00,4600.1,4601.7,4600.0,4600.45,283
2024-05-10 13:59:00,4600.45,4604.8,4600.0,4601.9,305
2024-05-10 14:00:00,4601.9,4604.55,4600.6,4603.3,490
2024-05-10 14:01:00,4603.3,4604.15,4601.2,4602.85,292
2024-05-10 14:02:00,4602.85,4604.0,4600.6,4601.55,288
2024-05-10 14:03:00,4601.55,4603.05,4600.05,4601.45,377
2024-05-10 14:04:00,4601.45,4602.3,4600.0,4601.0,293
2024-05-10 14:05:00,4601.15,4603.15,4600.0,4603.0,482
2024-05-10 14:06:00,4603.0,4603.15,4599.15,4603.1,475
2024-05-10 14:07:00,4603.1,4603.1,4600.0,4600.05,323
2024-05-10 14:08:00,4600.05,4601.6,4600.0,4601.25,304
2024-05-10 14:09:00,4601.25,4602.85,4600.0,4601.7,411
2024-05-10 14:10:00,4602.0,4602.0,4600.0,4601.15,299
2024-05-10 14:11:00,4601.15,4601.8,4599.0,4600.05,485
2024-05-10 14:12:00,4600.25,4602.25,4600.0,4601.2,368
2024-05-10 14:13:00,4600.1,4604.0,4600.0,4602.0,1159
2024-05-10 14:14:00,4602.0,4602.0,4599.25,4601.0,413
2024-05-10 14:15:00,4601.0,4601.8,4600.0,4600.25,456
2024-05-10 14:16:00,4601.1,4601.45,4600.0,4600.05,523
2024-05-10 14:17:00,4600.05,4601.2,4599.95,4600.9,529
2024-05-10 14:18:00,4600.9,4602.0,4600.0,4602.0,397
2024-05-10 14:19:00,4602.0,4602.2,4599.95,4601.6,396
2024-05-10 14:20:00,4602.4,4603.65,4600.0,4603.65,449
2024-05-10 14:21:00,4603.65,4603.65,4600.0,4602.35,386
2024-05-10 14:22:00,4602.35,4602.45,4600.0,4601.3,355
2024-05-10 14:23:00,4602.05,4602.7,4600.0,4600.45,362
2024-05-10 14:24:00,4600.5,4605.55,4599.25,4603.2,2133
2024-05-10 14:25:00,4603.2,4604.8,4600.1,4600.65,327
2024-05-10 14:26:00,4600.75,4601.5,4600.0,4601.25,357
2024-05-10 14:27:00,4601.25,4601.7,4600.0,4601.2,587
2024-05-10 14:28:00,4601.2,4602.4,4600.0,4602.4,345
2024-05-10 14:29:00,4603.0,4609.35,4600.4,4609.35,1025
2024-05-10 14:30:00,4609.4,4613.3,4609.0,4611.1,1562
2024-05-10 14:31:00,4611.1,4615.0,4611.0,4615.0,398
2024-05-10 14:32:00,4615.0,4616.6,4613.2,4614.85,683
2024-05-10 14:33:00,4614.85,4617.3,4613.55,4616.65,590
2024-05-10 14:34:00,4616.0,4617.75,4614.0,4614.15,737
2024-05-10 14:35:00,4614.15,4614.15,4610.65,4611.65,398
2024-05-10 14:36:00,4611.65,4612.25,4609.0,4611.7,728
2024-05-10 14:37:00,4611.7,4612.2,4609.2,4611.9,432
2024-05-10 14:38:00,4611.9,4611.95,4609.0,4609.0,365
2024-05-10 14:39:00,4609.05,4611.0,4609.0,4610.1,1536
2024-05-10 14:40:00,4610.1,4610.1,4609.0,4609.05,6866
2024-05-10 14:41:00,4609.05,4610.0,4609.0,4609.7,795
2024-05-10 14:42:00,4609.7,4613.55,4609.4,4612.6,633
2024-05-10 14:43:00,4612.6,4613.05,4610.0,4612.15,760
2024-05-10 14:44:00,4612.4,4612.45,4609.6,4611.05,504
2024-05-10 14:45:00,4611.05,4612.0,4609.0,4612.0,412
2024-05-10 14:46:00,4612.0,4612.55,4610.1,4612.15,449
2024-05-10 14:47:00,4612.15,4613.6,4610.1,4610.5,1180
2024-05-10 14:48:00,4610.5,4612.15,4609.0,4609.6,561
2024-05-10 14:49:00,4609.6,4612.0,4609.0,4609.55,700
2024-05-10 14:50:00,4611.65,4611.75,4609.0,4610.95,395
2024-05-10 14:51:00,4610.95,4610.95,4609.0,4609.15,452
2024-05-10 14:52:00,4609.1,4610.0,4609.0,4610.0,547
2024-05-10 14:53:00,4610.0,4610.0,4609.0,4610.0,784
2024-05-10 14:54:00,4609.0,4610.0,4609.0,4609.3,634
2024-05-10 14:55:00,4609.3,4610.85,4609.0,4610.45,558
2024-05-10 14:56:00,4610.45,4610.45,4609.0,4609.2,524
2024-05-10 14:57:00,4609.1,4611.2,4609.0,4610.85,660
2024-05-10 14:58:00,4610.8,4611.7,4609.0,4611.1,618
2024-05-10 14:59:00,4611.1,4611.9,4609.0,4610.1,1427
2024-05-10 15:00:00,4611.75,4612.0,4609.45,4610.0,780
2024-05-10 15:01:00,4610.15,4614.0,4609.15,4613.6,864
2024-05-10 15:02:00,4613.5,4618.9,4610.05,4610.05,3052
2024-05-10 15:03:00,4610.05,4613.6,4609.0,4609.05,1053
2024-05-10 15:04:00,4609.05,4609.95,4609.0,4609.5,679
2024-05-10 15:05:00,4609.45,4609.5,4609.0,4609.0,2582
2024-05-10 15:06:00,4609.2,4613.5,4609.0,4609.3,1535
2024-05-10 15:07:00,4609.3,4609.65,4609.0,4609.0,962
2024-05-10 15:08:00,4609.0,4609.5,4609.0,4609.0,733
2024-05-10 15:09:00,4609.1,4613.45,4609.0,4611.65,1412
2024-05-10 15:10:00,4611.65,4612.2,4609.0,4609.5,2932
2024-05-10 15:11:00,4609.5,4609.5,4609.0,4609.05,899
2024-05-10 15:12:00,4609.0,4609.45,4605.75,4606.0,6888
2024-05-10 15:13:00,4606.2,4609.0,4605.05,4607.5,1566
2024-05-10 15:14:00,4607.5,4607.5,4606.0,4606.6,1197
2024-05-10 15:15:00,4606.4,4609.9,4606.1,4608.5,2403
2024-05-10 15:16:00,4609.05,4609.65,4608.0,4608.55,1308
2024-05-10 15:17:00,4608.15,4609.55,4608.0,4609.45,1121
2024-05-10 15:18:00,4609.05,4610.95,4605.0,4607.35,4697
2024-05-10 15:19:00,4607.35,4609.75,4605.4,4607.95,1902
2024-05-10 15:20:00,4607.95,4608.9,4605.05,4605.05,2380
2024-05-10 15:21:00,4605.05,4605.25,4603.1,4603.45,874
2024-05-10 15:22:00,4603.85,4603.9,4603.15,4603.6,894
2024-05-10 15:23:00,4603.6,4606.0,4603.0,4605.5,1046
2024-05-10 15:24:00,4605.5,4608.65,4605.5,4606.35,1333
2024-05-10 15:25:00,4606.35,4608.9,4606.05,4608.1,993
2024-05-10 15:26:00,4608.1,4608.5,4607.45,4608.05,941
2024-05-10 15:27:00,4608.0,4609.0,4607.0,4607.0,1311
2024-05-10 15:28:00,4607.0,4608.45,4605.25,4606.0,1149
2024-05-10 15:29:00,4608.0,4608.0,4598.0,4599.0,6421
2024-05-13 09:15:00,4607.8,4614.95,4600.0,4607.4,2388
2024-05-13 09:16:00,4607.4,4614.3,4595.0,4599.6,1489
2024-05-13 09:17:00,4601.5,4609.95,4597.55,4605.0,978
2024-05-13 09:18:00,4601.55,4607.9,4598.0,4604.4,666
2024-05-13 09:19:00,4604.4,4609.05,4595.4,4607.75,888
2024-05-13 09:20:00,4607.75,4608.2,4596.0,4603.0,605
2024-05-13 09:21:00,4603.0,4603.25,4590.0,4591.35,717
2024-05-13 09:22:00,4590.0,4597.8,4588.0,4595.4,640
2024-05-13 09:23:00,4595.4,4600.0,4595.4,4595.75,610
2024-05-13 09:24:00,4595.75,4603.45,4595.15,4603.0,245
2024-05-13 09:25:00,4603.0,4609.0,4603.0,4605.75,769
2024-05-13 09:26:00,4606.0,4615.1,4606.0,4615.1,1066
2024-05-13 09:27:00,4615.1,4619.05,4612.5,4612.5,3006
2024-05-13 09:28:00,4611.0,4628.9,4610.0,4625.05,1723
2024-05-13 09:29:00,4625.05,4626.0,4609.0,4609.0,1015
2024-05-13 09:30:00,4609.0,4610.15,4595.9,4598.15,1134
2024-05-13 09:31:00,4598.15,4602.75,4595.0,4600.95,273
2024-05-13 09:32:00,4599.35,4602.35,4598.0,4599.6,226
2024-05-13 09:33:00,4599.6,4599.6,4594.2,4595.85,225
2024-05-13 09:34:00,4595.85,4598.4,4593.0,4597.9,222
2024-05-13 09:35:00,4597.9,4600.0,4594.55,4597.4,254
2024-05-13 09:36:00,4597.4,4603.1,4596.35,4598.55,530
2024-05-13 09:37:00,4599.1,4603.35,4598.6,4599.4,215
2024-05-13 09:38:00,4599.4,4601.05,4597.0,4597.5,138
2024-05-13 09:39:00,4595.05,4597.5,4593.05,4595.0,234
2024-05-13 09:40:00,4595.0,4598.0,4595.0,4595.7,137
2024-05-13 09:41:00,4595.0,4597.1,4593.7,4596.35,155
2024-05-13 09:42:00,4595.6,4596.9,4593.0,4593.35,412
2024-05-13 09:43:00,4593.35,4595.25,4592.45,4595.0,111
2024-05-13 09:44:00,4595.0,4595.15,4592.75,4594.85,318
2024-05-13 09:45:00,4594.5,4596.9,4593.0,4595.7,268
2024-05-13 09:46:00,4593.5,4595.75,4593.0,4595.0,205
2024-05-13 09:47:00,4595.0,4595.0,4589.85,4590.0,511
2024-05-13 09:48:00,4590.0,4590.75,4581.8,4582.05,967
2024-05-13 09:49:00,4584.65,4590.25,4581.8,4590.2,509
2024-05-13 09:50:00,4590.25,4591.0,4585.05,4590.6,405
2024-05-13 09:51:00,4590.0,4590.0,4585.0,4587.5,262
2024-05-13 09:52:00,4589.0,4591.0,4585.55,4590.0,481
2024-05-13 09:53:00,4589.0,4589.25,4581.05,4587.35,822
2024-05-13 09:54:00,4585.05,4585.05,4578.7,4578.7,959
2024-05-13 09:55:00,4578.7,4583.1,4577.5,4580.15,299
2024-05-13 09:56:00,4580.7,4581.0,4578.05,4580.5,339
2024-05-13 09:57:00,4582.0,4585.0,4580.0,4580.45,355
2024-05-13 09:58:00,4580.45,4585.0,4580.45,4582.6,185
2024-05-13 09:59:00,4582.6,4584.9,4580.0,4582.35,243
2024-05-13 10:00:00,4582.35,4583.0,4578.0,4578.0,286
2024-05-13 10:01:00,4581.0,4581.0,4577.0,4578.7,205
2024-05-13 10:02:00,4578.7,4580.0,4576.25,4579.3,272
2024-05-13 10:03:00,4579.3,4580.7,4576.25,4577.95,188
2024-05-13 10:04:00,4577.95,4582.0,4577.0,4580.65,365
2024-05-13 10:05:00,4580.65,4585.5,4579.2,4583.5,896
2024-05-13 10:06:00,4585.45,4585.45,4577.0,4579.1,890
2024-05-13 10:07:00,4579.1,4582.35,4577.0,4578.9,235
2024-05-13 10:08:00,4578.9,4582.1,4578.35,4579.3,595
2024-05-13 10:09:00,4579.3,4582.0,4578.0,4578.5,56
2024-05-13 10:10:00,4578.6,4581.1,4576.5,4578.2,382
2024-05-13 10:11:00,4576.5,4578.3,4576.0,4576.0,161
2024-05-13 10:12:00,4577.55,4578.6,4576.0,4578.6,86
2024-05-13 10:13:00,4576.55,4578.6,4576.4,4576.6,34
2024-05-13 10:14:00,4576.6,4578.6,4576.0,4576.5,131
2024-05-13 10:15:00,4576.5,4578.9,4576.1,4577.0,135
2024-05-13 10:16:00,4579.0,4579.9,4577.0,4578.0,108
2024-05-13 10:17:00,4578.0,4579.5,4577.0,4577.25,93
2024-05-13 10:18:00,4577.2,4578.55,4576.0,4576.0,107
2024-05-13 10:19:00,4576.0,4578.0,4576.0,4576.05,74
2024-05-13 10:20:00,4576.5,4576.5,4570.8,4570.85,845
2024-05-13 10:21:00,4570.85,4573.0,4570.8,4573.0,290
2024-05-13 10:22:00,4571.1,4578.55,4571.1,4578.45,726
2024-05-13 10:23:00,4576.05,4578.0,4575.0,4576.05,161
2024-05-13 10:24:00,4575.0,4578.0,4575.0,4575.55,157
2024-05-13 10:25:00,4575.55,4577.85,4575.0,4577.85,90
2024-05-13 10:26:00,4577.85,4578.5,4575.2,4578.05,119
2024-05-13 10:27:00,4578.05,4578.5,4576.0,4576.15,174
2024-05-13 10:28:00,4576.15,4578.25,4575.2,4576.05,50
2024-05-13 10:29:00,4576.05,4576.95,4574.0,4575.45,184
2024-05-13 10:30:00,4575.65,4576.7,4574.0,4575.0,487
2024-05-13 10:31:00,4574.35,4575.95,4572.0,4572.0,500
2024-05-13 10:32:00,4571.35,4574.9,4571.35,4574.2,358
2024-05-13 10:33:00,4574.2,4574.2,4572.0,4572.3,179
2024-05-13 10:34:00,4572.3,4575.2,4572.3,4573.35,292
2024-05-13 10:35:00,4573.5,4576.05,4571.0,4572.25,314
2024-05-13 10:36:00,4572.3,4572.3,4569.1,4569.7,1305
2024-05-13 10:37:00,4569.7,4570.0,4567.0,4570.0,495
2024-05-13 10:38:00,4570.0,4574.9,4568.0,4574.9,2353
2024-05-13 10:39:00,4574.65,4575.0,4570.8,4574.75,411
2024-05-13 10:40:00,4574.75,4574.75,4570.6,4570.75,195
2024-05-13 10:41:00,4570.15,4572.5,4566.5,4567.65,770
2024-05-13 10:42:00,4569.35,4569.65,4566.0,4569.65,332
2024-05-13 10:43:00,4569.65,4569.65,4566.05,4566.3,110
2024-05-13 10:44:00,4566.3,4568.05,4566.1,4566.1,217
2024-05-13 10:45:00,4566.1,4569.6,4566.0,4566.8,258
2024-05-13 10:46:00,4569.75,4569.75,4566.9,4567.3,91
2024-05-13 10:47:00,4567.3,4569.35,4566.1,4566.8,272
2024-05-13 10:48:00,4566.2,4567.9,4566.05,4566.5,70
2024-05-13 10:49:00,4566.1,4568.55,4566.1,4566.1,950
2024-05-13 10:50:00,4566.1,4568.55,4565.5,4565.75,607
2024-05-13 10:51:00,4565.75,4568.25,4565.75,4568.05,191
2024-05-13 10:52:00,4566.3,4569.4,4566.25,4567.95,112
2024-05-13 10:53:00,4567.95,4569.5,4566.0,4566.05,130
2024-05-13 10:54:00,4567.0,4571.35,4566.2,4570.3,404
2024-05-13 10:55:00,4570.3,4573.2,4567.35,4572.05,310
2024-05-13 10:56:00,4569.9,4569.9,4568.0,4568.35,123
2024-05-13 10:57:00,4568.35,4574.0,4568.15,4572.0,229
2024-05-13 10:58:00,4572.0,4572.75,4570.05,4571.75,280
2024-05-13 10:59:00,4571.75,4574.0,4570.2,4574.0,66
2024-05-13 11:00:00,4572.95,4574.95,4572.0,4574.1,195
2024-05-13 11:01:00,4574.95,4575.0,4572.1,4573.8,176
2024-05-13 11:02:00,4572.25,4573.8,4570.05,4570.05,230
2024-05-13 11:03:00,4570.05,4571.0,4568.65,4570.75,151
2024-05-13 11:04:00,4570.75,4570.75,4568.75,4569.0,55
2024-05-13 11:05:00,4568.8,4570.2,4568.8,4568.8,195
2024-05-13 11:06:00,4570.05,4574.5,4568.85,4571.9,383
2024-05-13 11:07:00,4572.0,4574.0,4571.45,4572.0,246
2024-05-13 11:08:00,4571.45,4575.55,4571.25,4573.35,624
2024-05-13 11:09:00,4573.35,4575.65,4572.2,4575.65,100
2024-05-13 11:10:00,4575.65,4580.9,4575.65,4580.0,531
2024-05-13 11:11:00,4578.3,4579.65,4572.3,4574.35,484
2024-05-13 11:12:00,4574.0,4577.9,4573.1,4576.4,202
2024-05-13 11:13:00,4574.8,4577.3,4574.8,4576.95,149
2024-05-13 11:14:00,4576.5,4577.0,4574.8,4577.0,56
2024-05-13 11:15:00,4577.0,4585.0,4575.35,4584.85,744
2024-05-13 11:16:00,4582.45,4585.0,4582.05,4584.1,193
2024-05-13 11:17:00,4584.1,4590.0,4583.7,4588.05,606
2024-05-13 11:18:00,4588.05,4592.35,4588.05,4592.35,892
2024-05-13 11:19:00,4592.35,4593.95,4590.25,4591.25,186
2024-05-13 11:20:00,4591.25,4594.0,4590.0,4591.15,187
2024-05-13 11:21:00,4593.4,4593.45,4590.85,4591.2,82
2024-05-13 11:22:00,4591.2,4594.0,4590.0,4592.85,570
2024-05-13 11:23:00,4592.85,4593.45,4589.55,4589.85,287
2024-05-13 11:24:00,4589.85,4592.95,4586.1,4586.2,362
2024-05-13 11:25:00,4586.2,4587.4,4586.1,4587.4,217
2024-05-13 11:26:00,4587.4,4587.4,4580.0,4585.45,1026
2024-05-13 11:27:00,4585.45,4586.95,4582.4,4585.05,324
2024-05-13 11:28:00,4585.05,4588.7,4585.0,4587.0,214
2024-05-13 11:29:00,4587.0,4589.55,4586.05,4587.05,126
2024-05-13 11:30:00,4587.05,4588.7,4585.5,4587.35,393
2024-05-13 11:31:00,4587.45,4589.4,4585.5,4586.85,184
2024-05-13 11:32:00,4589.4,4590.85,4586.95,4590.85,149
2024-05-13 11:33:00,4589.6,4589.95,4586.1,4587.05,177
2024-05-13 11:34:00,4587.05,4590.85,4587.05,4590.85,497
2024-05-13 11:35:00,4590.85,4592.25,4588.85,4590.7,174
2024-05-13 11:36:00,4590.7,4594.8,4589.15,4594.45,184
2024-05-13 11:37:00,4594.45,4595.0,4591.9,4594.75,409
2024-05-13 11:38:00,4594.75,4594.9,4591.0,4591.0,68
2024-05-13 11:39:00,4591.0,4594.4,4591.0,4594.4,300
2024-05-13 11:40:00,4594.4,4594.9,4590.0,4590.0,198
2024-05-13 11:41:00,4589.2,4589.2,4586.0,4586.15,393
2024-05-13 11:42:00,4586.15,4588.0,4586.0,4586.0,314
2024-05-13 11:43:00,4586.0,4588.7,4586.0,4587.35,213
2024-05-13 11:44:00,4587.35,4587.35,4585.75,4586.0,299
2024-05-13 11:45:00,4586.0,4586.5,4583.5,4584.1,2421
2024-05-13 11:46:00,4584.1,4587.8,4583.8,4586.15,240
2024-05-13 11:47:00,4586.0,4588.55,4585.5,4585.5,236
2024-05-13 11:48:00,4585.5,4586.2,4584.75,4586.2,961
2024-05-13 11:49:00,4585.15,4587.4,4584.5,4584.7,774
2024-05-13 11:50:00,4584.7,4586.2,4584.5,4585.15,233
2024-05-13 11:51:00,4585.15,4586.0,4585.0,4585.25,131
2024-05-13 11:52:00,4585.25,4586.15,4584.5,4585.1,287
2024-05-13 11:53:00,4585.1,4586.2,4584.25,4584.25,289
2024-05-13 11:54:00,4584.25,4588.0,4584.25,4586.0,109
2024-05-13 11:55:00,4585.7,4587.4,4585.7,4586.2,161
2024-05-13 11:56:00,4586.2,4587.4,4585.0,4585.55,215
2024-05-13 11:57:00,4585.55,4586.95,4585.0,4586.0,107
2024-05-13 11:58:00,4586.6,4588.7,4586.0,4586.25,383
2024-05-13 11:59:00,4586.25,4588.95,4586.0,4587.15,244
2024-05-13 12:00:00,4587.15,4588.9,4586.5,4586.95,144
2024-05-13 12:01:00,4587.45,4593.65,4586.6,4593.65,583
2024-05-13 12:02:00,4593.65,4594.5,4590.05,4593.45,129
2024-05-13 12:03:00,4593.45,4593.65,4587.4,4588.0,869
2024-05-13 12:04:00,4588.0,4588.25,4586.5,4587.35,106
2024-05-13 12:05:00,4587.35,4587.35,4586.5,4586.6,81
2024-05-13 12:06:00,4586.6,4586.6,4586.0,4586.15,270
2024-05-13 12:07:00,4586.0,4586.6,4585.5,4586.05,136
2024-05-13 12:08:00,4586.05,4586.2,4585.5,4585.5,393
2024-05-13 12:09:00,4585.5,4585.55,4585.05,4585.5,627
2024-05-13 12:10:00,4585.5,4585.55,4585.05,4585.4,448
2024-05-13 12:11:00,4585.4,4586.35,4585.0,4585.05,4857
2024-05-13 12:12:00,4585.6,4588.95,4585.6,4588.1,202
2024-05-13 12:13:00,4588.1,4589.7,4586.6,4588.8,119
2024-05-13 12:14:00,4588.8,4590.95,4587.4,4588.3,120
2024-05-13 12:15:00,4588.75,4588.75,4585.05,4585.05,377
2024-05-13 12:16:00,4585.45,4587.0,4585.05,4585.45,178
2024-05-13 12:17:00,4585.45,4587.4,4585.45,4586.9,601
2024-05-13 12:18:00,4586.9,4587.4,4586.5,4586.5,110
2024-05-13 12:19:00,4586.5,4589.95,4586.5,4588.3,122
2024-05-13 12:20:00,4588.3,4590.55,4586.75,4587.55,104
2024-05-13 12:21:00,4587.55,4590.0,4587.15,4587.8,118
2024-05-13 12:22:00,4587.8,4589.75,4587.8,4588.85,97
2024-05-13 12:23:00,4589.7,4589.95,4587.8,4587.8,122
2024-05-13 12:24:00,4587.8,4589.5,4587.8,4589.0,184
2024-05-13 12:25:00,4589.0,4591.3,4587.8,4589.4,229
2024-05-13 12:26:00,4589.4,4595.9,4588.15,4595.65,549
2024-05-13 12:27:00,4595.65,4595.65,4592.05,4592.3,146
2024-05-13 12:28:00,4592.3,4593.85,4592.0,4593.25,202
2024-05-13 12:29:00,4593.25,4594.1,4592.1,4593.1,99
2024-05-13 12:30:00,4593.5,4594.0,4592.0,4592.0,201
2024-05-13 12:31:00,4592.0,4593.25,4592.0,4592.6,149
2024-05-13 12:32:00,4592.6,4592.6,4587.85,4589.95,181
2024-05-13 12:33:00,4589.95,4593.75,4588.45,4589.8,121
2024-05-13 12:34:00,4589.8,4591.9,4588.4,4589.0,177
2024-05-13 12:35:00,4589.0,4591.8,4588.65,4590.75,104
2024-05-13 12:36:00,4590.75,4593.0,4590.1,4592.0,156
2024-05-13 12:37:00,4592.0,4597.0,4592.0,4596.1,332
2024-05-13 12:38:00,4596.1,4598.0,4594.5,4594.55,301
2024-05-13 12:39:00,4594.55,4598.05,4594.05,4596.65,209
2024-05-13 12:40:00,4596.65,4598.7,4595.2,4597.4,685
2024-05-13 12:41:00,4596.0,4597.85,4595.6,4597.0,194
2024-05-13 12:42:00,4597.0,4600.35,4595.55,4595.55,223
2024-05-13 12:43:00,4595.3,4596.6,4594.05,4594.4,115
2024-05-13 12:44:00,4594.35,4594.9,4594.05,4594.05,108
2024-05-13 12:45:00,4594.1,4595.2,4594.05,4594.25,155
2024-05-13 12:46:00,4594.25,4594.25,4591.6,4591.65,138
2024-05-13 12:47:00,4591.65,4592.6,4587.8,4590.0,979
2024-05-13 12:48:00,4590.0,4590.0,4587.8,4589.0,144
2024-05-13 12:49:00,4589.0,4594.3,4588.85,4593.4,164
2024-05-13 12:50:00,4593.4,4593.4,4590.0,4590.0,93
2024-05-13 12:51:00,4590.0,4591.6,4587.8,4590.35,274
2024-05-13 12:52:00,4590.35,4591.35,4587.8,4587.8,356
2024-05-13 12:53:00,4587.8,4590.15,4587.8,4588.0,151
2024-05-13 12:54:00,4588.0,4589.75,4586.0,4587.3,1266
2024-05-13 12:55:00,4587.3,4589.65,4586.0,4588.2,107
2024-05-13 12:56:00,4588.2,4588.95,4586.1,4586.1,186
2024-05-13 12:57:00,4586.1,4589.0,4586.0,4587.0,382
2024-05-13 12:58:00,4587.0,4588.95,4586.1,4586.95,187
2024-05-13 12:59:00,4586.95,4587.0,4586.0,4586.75,87
2024-05-13 13:00:00,4586.75,4587.0,4586.0,4586.0,1575
2024-05-13 13:01:00,4586.0,4589.0,4586.0,4589.0,128
2024-05-13 13:02:00,4587.05,4589.0,4586.0,4586.4,154
2024-05-13 13:03:00,4586.4,4588.6,4586.0,4586.25,107
2024-05-13 13:04:00,4586.25,4594.5,4586.05,4593.6,2267
2024-05-13 13:05:00,4593.6,4593.6,4588.95,4590.0,485
2024-05-13 13:06:00,4590.0,4592.05,4590.0,4590.4,156
2024-05-13 13:07:00,4590.4,4593.4,4587.75,4588.9,749
2024-05-13 13:08:00,4588.9,4592.5,4588.05,4590.45,350
2024-05-13 13:09:00,4590.95,4593.35,4590.0,4590.65,171
2024-05-13 13:10:00,4590.65,4592.8,4588.05,4589.1,156
2024-05-13 13:11:00,4589.1,4592.2,4588.05,4590.25,184
2024-05-13 13:12:00,4590.25,4591.7,4590.0,4590.0,94
2024-05-13 13:13:00,4590.0,4592.45,4589.6,4591.6,114
2024-05-13 13:14:00,4591.6,4592.4,4588.95,4589.6,86
2024-05-13 13:15:00,4589.6,4593.4,4588.15,4591.25,187
2024-05-13 13:16:00,4592.3,4593.4,4590.1,4593.4,249
2024-05-13 13:17:00,4593.4,4593.4,4590.0,4590.0,150
2024-05-13 13:18:00,4590.0,4591.7,4590.0,4590.0,263
2024-05-13 13:19:00,4590.0,4591.0,4589.05,4590.5,183
2024-05-13 13:20:00,4590.5,4591.1,4590.0,4590.0,260
2024-05-13 13:21:00,4590.1,4591.25,4590.0,4590.0,700
2024-05-13 13:22:00,4590.0,4590.75,4590.0,4590.0,698
2024-05-13 13:23:00,4590.0,4591.15,4589.05,4590.0,1026
2024-05-13 13:24:00,4590.0,4592.95,4590.0,4590.0,324
2024-05-13 13:25:00,4590.0,4590.65,4590.0,4590.0,611
2024-05-13 13:26:00,4590.0,4590.65,4589.05,4589.5,389
2024-05-13 13:27:00,4589.5,4591.45,4589.05,4589.05,362
2024-05-13 13:28:00,4589.05,4591.65,4589.05,4590.2,252
2024-05-13 13:29:00,4590.2,4591.65,4589.05,4589.75,114
2024-05-13 13:30:00,4589.75,4590.0,4589.05,4589.2,101
2024-05-13 13:31:00,4589.2,4589.25,4588.25,4588.4,1197
2024-05-13 13:32:00,4588.25,4589.75,4588.25,4589.75,221
2024-05-13 13:33:00,4589.75,4589.75,4588.0,4588.25,503
2024-05-13 13:34:00,4588.25,4588.95,4588.25,4588.3,226
2024-05-13 13:35:00,4588.25,4589.9,4588.0,4588.25,2000
2024-05-13 13:36:00,4588.25,4590.05,4587.2,4588.1,1917
2024-05-13 13:37:00,4588.1,4589.25,4588.05,4588.05,1236
2024-05-13 13:38:00,4588.05,4589.75,4588.05,4589.75,762
2024-05-13 13:39:00,4589.75,4591.1,4588.05,4588.2,641
2024-05-13 13:40:00,4588.2,4589.8,4586.85,4588.15,2349
2024-05-13 13:41:00,4588.1,4588.7,4586.85,4588.05,1437
2024-05-13 13:42:00,4588.05,4588.3,4587.05,4588.1,803
2024-05-13 13:43:00,4588.1,4589.9,4588.1,4588.2,409
2024-05-13 13:44:00,4588.2,4590.0,4588.05,4588.1,291
2024-05-13 13:45:00,4588.2,4589.3,4588.1,4589.1,247
2024-05-13 13:46:00,4589.1,4589.35,4588.05,4588.95,1170
2024-05-13 13:47:00,4588.95,4589.35,4588.0,4588.05,526
2024-05-13 13:48:00,4588.1,4589.0,4586.9,4586.9,234
2024-05-13 13:49:00,4586.9,4589.0,4586.85,4587.0,295
2024-05-13 13:50:00,4587.0,4588.45,4586.0,4586.0,286
2024-05-13 13:51:00,4586.0,4587.8,4586.0,4586.55,341
2024-05-13 13:52:00,4586.55,4587.45,4586.0,4586.05,423
2024-05-13 13:53:00,4586.05,4589.35,4586.0,4588.25,202
2024-05-13 13:54:00,4588.05,4590.0,4586.15,4587.35,356
2024-05-13 13:55:00,4587.35,4590.9,4586.8,4590.3,271
2024-05-13 13:56:00,4590.2,4590.2,4587.15,4588.45,197
2024-05-13 13:57:00,4588.45,4589.05,4588.45,4588.5,201
2024-05-13 13:58:00,4588.5,4595.95,4588.45,4595.95,1164
2024-05-13 13:59:00,4595.95,4598.85,4595.3,4597.3,671
2024-05-13 14:00:00,4597.3,4598.0,4590.5,4591.4,1519
2024-05-13 14:01:00,4591.4,4593.75,4591.4,4592.5,1623
2024-05-13 14:02:00,4592.5,4594.25,4590.0,4590.0,899
2024-05-13 14:03:00,4590.35,4590.95,4590.0,4590.0,490
2024-05-13 14:04:00,4590.0,4591.85,4590.0,4590.05,249
2024-05-13 14:05:00,4590.05,4591.35,4590.0,4590.0,942
2024-05-13 14:06:00,4590.0,4591.25,4590.0,4590.0,443
2024-05-13 14:07:00,4590.0,4590.9,4590.0,4590.0,385
2024-05-13 14:08:00,4590.0,4591.15,4590.0,4590.0,500
2024-05-13 14:09:00,4590.0,4591.25,4590.0,4590.0,637
2024-05-13 14:10:00,4590.0,4590.45,4590.0,4590.05,870
2024-05-13 14:11:00,4590.05,4591.35,4590.0,4591.35,293
2024-05-13 14:12:00,4591.35,4592.15,4590.0,4590.0,777
2024-05-13 14:13:00,4590.0,4591.65,4590.0,4590.05,945
2024-05-13 14:14:00,4590.05,4591.65,4590.0,4590.0,585
2024-05-13 14:15:00,4590.0,4591.45,4590.0,4590.0,431
2024-05-13 14:16:00,4590.05,4592.95,4590.0,4590.15,675
2024-05-13 14:17:00,4590.95,4593.3,4590.35,4590.4,324
2024-05-13 14:18:00,4590.4,4593.0,4590.0,4590.1,831
2024-05-13 14:19:00,4590.1,4590.1,4588.05,4588.5,4558
2024-05-13 14:20:00,4589.65,4590.0,4586.1,4586.35,2978
2024-05-13 14:21:00,4586.3,4587.8,4586.0,4586.0,2967
2024-05-13 14:22:00,4586.0,4586.15,4583.05,4583.75,7789
2024-05-13 14:23:00,4583.75,4583.75,4570.15,4571.75,5538
2024-05-13 14:24:00,4572.15,4572.65,4570.0,4570.1,622
2024-05-13 14:25:00,4570.1,4571.85,4568.8,4569.7,1176
2024-05-13 14:26:00,4569.7,4573.9,4569.65,4572.5,658
2024-05-13 14:27:00,4572.5,4575.45,4572.45,4575.1,584
2024-05-13 14:28:00,4575.1,4578.0,4575.0,4575.9,295
2024-05-13 14:29:00,4575.9,4576.3,4575.0,4576.0,258
2024-05-13 14:30:00,4576.0,4578.7,4575.35,4577.0,798
2024-05-13 14:31:00,4577.0,4579.85,4576.4,4578.9,726
2024-05-13 14:32:00,4578.9,4580.35,4578.2,4580.1,538
2024-05-13 14:33:00,4580.1,4581.75,4580.0,4580.2,344
2024-05-13 14:34:00,4579.8,4581.8,4579.8,4580.4,936
2024-05-13 14:35:00,4580.4,4583.9,4579.9,4581.45,977
2024-05-13 14:36:00,4581.45,4583.9,4581.1,4582.65,241
2024-05-13 14:37:00,4582.65,4583.0,4582.0,4582.35,252
2024-05-13 14:38:00,4582.35,4585.75,4582.35,4585.0,626
2024-05-13 14:39:00,4585.0,4585.9,4585.0,4585.15,754
2024-05-13 14:40:00,4585.15,4585.2,4585.0,4585.0,1381
2024-05-13 14:41:00,4585.0,4585.15,4583.7,4584.25,3281
2024-05-13 14:42:00,4584.25,4585.2,4583.9,4585.0,1274
2024-05-13 14:43:00,4585.0,4587.95,4585.0,4585.35,877
2024-05-13 14:44:00,4585.35,4586.5,4585.0,4585.9,908
2024-05-13 14:45:00,4585.9,4586.45,4585.0,4585.0,569
2024-05-13 14:46:00,4585.0,4585.45,4585.0,4585.15,730
2024-05-13 14:47:00,4585.0,4586.45,4585.0,4585.0,843
2024-05-13 14:48:00,4585.0,4585.35,4585.0,4585.0,788
2024-05-13 14:49:00,4585.0,4586.15,4584.9,4584.9,1597
2024-05-13 14:50:00,4585.3,4586.45,4585.0,4585.7,1092
2024-05-13 14:51:00,4585.7,4588.1,4585.0,4585.35,1418
2024-05-13 14:52:00,4585.35,4588.05,4585.0,4585.5,881
2024-05-13 14:53:00,4585.5,4589.0,4585.2,4588.25,1611
2024-05-13 14:54:00,4588.25,4589.9,4586.0,4586.9,849
2024-05-13 14:55:00,4586.9,4587.75,4585.0,4585.35,650
2024-05-13 14:56:00,4585.35,4588.25,4585.0,4586.35,789
2024-05-13 14:57:00,4586.35,4586.65,4585.0,4585.4,2443
2024-05-13 14:58:00,4585.4,4589.95,4585.0,4587.85,1425
2024-05-13 14:59:00,4587.85,4589.95,4585.35,4585.55,981
2024-05-13 15:00:00,4585.75,4589.65,4585.65,4585.65,962
2024-05-13 15:01:00,4585.65,4588.0,4585.0,4586.3,3115
2024-05-13 15:02:00,4585.7,4587.65,4585.0,4587.0,1015
2024-05-13 15:03:00,4587.0,4590.7,4586.35,4590.0,959
2024-05-13 15:04:00,4590.0,4593.4,4590.0,4591.0,1749
2024-05-13 15:05:00,4592.7,4592.7,4588.75,4591.45,6476
2024-05-13 15:06:00,4591.45,4592.1,4588.55,4588.55,879
2024-05-13 15:07:00,4589.1,4590.0,4585.5,4590.0,1135
2024-05-13 15:08:00,4590.0,4590.75,4587.5,4590.0,1602
2024-05-13 15:09:00,4590.05,4598.1,4590.0,4598.1,2685
2024-05-13 15:10:00,4594.2,4596.5,4590.0,4590.0,1644
2024-05-13 15:11:00,4590.0,4592.1,4590.0,4590.65,594
2024-05-13 15:12:00,4590.65,4594.1,4590.45,4591.1,883
2024-05-13 15:13:00,4591.1,4594.0,4591.0,4593.6,1291
2024-05-13 15:14:00,4593.6,4596.6,4590.75,4595.45,3698
2024-05-13 15:15:00,4595.7,4596.9,4594.0,4594.95,1628
2024-05-13 15:16:00,4594.95,4596.05,4594.0,4595.55,1429
2024-05-13 15:17:00,4595.9,4599.2,4595.35,4597.4,1871
2024-05-13 15:18:00,4597.4,4601.1,4597.4,4597.55,1801
2024-05-13 15:19:00,4597.55,4598.8,4595.65,4597.25,899
2024-05-13 15:20:00,4596.05,4597.8,4595.5,4597.0,998
2024-05-13 15:21:00,4597.0,4598.65,4595.5,4595.65,1073
2024-05-13 15:22:00,4597.35,4597.65,4595.7,4596.85,765
2024-05-13 15:23:00,4596.95,4597.95,4595.5,4597.2,612
2024-05-13 15:24:00,4597.2,4598.4,4596.8,4598.4,1239
2024-05-13 15:25:00,4599.0,4603.0,4598.45,4602.15,2919
2024-05-13 15:26:00,4601.95,4602.95,4598.4,4600.35,2447
2024-05-13 15:27:00,4599.2,4601.5,4597.8,4601.45,843
2024-05-13 15:28:00,4600.0,4601.4,4598.0,4598.0,366
2024-05-13 15:29:00,4600.0,4600.0,4598.0,4599.9,199
2024-05-14 09:15:00,4599.05,4618.35,4589.95,4610.4,2875
2024-05-14 09:16:00,4603.45,4612.85,4603.05,4611.8,676
2024-05-14 09:17:00,4611.8,4611.8,4605.0,4609.65,1180
2024-05-14 09:18:00,4609.65,4612.4,4606.55,4612.05,492
2024-05-14 09:19:00,4612.05,4614.45,4608.3,4614.45,191
2024-05-14 09:20:00,4615.05,4622.75,4612.8,4622.55,586
2024-05-14 09:21:00,4622.7,4627.8,4622.05,4626.3,870
2024-05-14 09:22:00,4626.75,4626.95,4621.95,4626.0,418
2024-05-14 09:23:00,4625.0,4632.9,4624.15,4632.9,669
2024-05-14 09:24:00,4633.05,4633.05,4622.25,4624.5,1158
2024-05-14 09:25:00,4627.1,4627.1,4617.8,4617.8,252
2024-05-14 09:26:00,4617.75,4622.3,4614.85,4620.05,429
2024-05-14 09:27:00,4620.2,4620.9,4608.0,4608.0,573
2024-05-14 09:28:00,4606.2,4612.0,4605.95,4612.0,381
2024-05-14 09:29:00,4612.0,4612.35,4606.2,4612.0,209
2024-05-14 09:30:00,4610.65,4614.35,4606.9,4608.6,323
2024-05-14 09:31:00,4608.6,4609.0,4605.95,4608.65,250
2024-05-14 09:32:00,4608.65,4612.5,4607.6,4612.5,78
2024-05-14 09:33:00,4612.5,4614.7,4610.0,4612.15,138
2024-05-14 09:34:00,4615.0,4618.85,4612.0,4615.6,398
2024-05-14 09:35:00,4615.6,4617.05,4614.45,4617.05,64
2024-05-14 09:36:00,4617.05,4617.45,4612.9,4615.25,297
2024-05-14 09:37:00,4617.65,4619.95,4615.3,4615.3,372
2024-05-14 09:38:00,4616.95,4622.95,4615.15,4620.1,296
2024-05-14 09:39:00,4620.1,4624.25,4616.0,4624.25,138
2024-05-14 09:40:00,4624.25,4624.25,4617.0,4621.55,340
2024-05-14 09:41:00,4620.35,4621.15,4617.05,4618.5,119
2024-05-14 09:42:00,4618.5,4623.3,4618.0,4623.3,1066
2024-05-14 09:43:00,4621.85,4624.0,4620.65,4621.6,234
2024-05-14 09:44:00,4621.6,4624.0,4620.95,4624.0,595
2024-05-14 09:45:00,4624.0,4628.0,4622.0,4628.0,510
2024-05-14 09:46:00,4627.8,4630.0,4627.0,4628.15,447
2024-05-14 09:47:00,4628.15,4629.95,4626.45,4627.05,237
2024-05-14 09:48:00,4625.65,4628.95,4624.45,4627.0,672
2024-05-14 09:49:00,4627.0,4628.95,4625.0,4626.3,261
2024-05-14 09:50:00,4628.9,4628.9,4626.0,4628.45,141
2024-05-14 09:51:00,4628.45,4628.45,4625.0,4628.45,145
2024-05-14 09:52:00,4628.4,4628.45,4625.0,4625.0,91
2024-05-14 09:53:00,4625.0,4626.95,4623.75,4626.95,120
2024-05-14 09:54:00,4626.0,4626.95,4624.4,4624.4,86
2024-05-14 09:55:00,4626.0,4626.95,4624.0,4625.75,142
2024-05-14 09:56:00,4624.0,4626.0,4621.0,4621.0,826
2024-05-14 09:57:00,4621.0,4626.1,4621.0,4624.0,198
2024-05-14 09:58:00,4624.0,4627.0,4624.0,4627.0,52
2024-05-14 09:59:00,4627.0,4628.45,4626.0,4626.0,125
2024-05-14 10:00:00,4627.0,4627.0,4622.0,4624.6,491
2024-05-14 10:01:00,4624.75,4624.75,4613.05,4613.05,427
2024-05-14 10:02:00,4612.0,4612.8,4606.0,4610.25,911
2024-05-14 10:03:00,4607.6,4609.9,4606.0,4606.95,377
2024-05-14 10:04:00,4609.45,4610.0,4606.0,4608.05,609
2024-05-14 10:05:00,4608.05,4611.0,4608.05,4611.0,165
2024-05-14 10:06:00,4611.0,4611.0,4606.0,4606.05,150
2024-05-14 10:07:00,4606.05,4610.95,4606.05,4608.8,121
2024-05-14 10:08:00,4608.8,4611.0,4608.8,4611.0,44
2024-05-14 10:09:00,4611.0,4611.65,4607.0,4609.15,424
2024-05-14 10:10:00,4609.15,4609.15,4606.05,4607.45,190
2024-05-14 10:11:00,4607.0,4611.55,4606.6,4610.0,140
2024-05-14 10:12:00,4610.0,4611.55,4610.0,4610.25,27
2024-05-14 10:13:00,4610.25,4611.55,4608.55,4610.35,239
2024-05-14 10:14:00,4610.35,4614.75,4610.25,4612.0,148
2024-05-14 10:15:00,4612.0,4614.05,4612.0,4614.0,95
2024-05-14 10:16:00,4614.0,4614.05,4611.95,4613.7,140
2024-05-14 10:17:00,4613.7,4614.05,4611.55,4614.05,79
2024-05-14 10:18:00,4614.05,4619.0,4613.7,4618.15,133
2024-05-14 10:19:00,4619.95,4624.2,4618.35,4624.2,145
2024-05-14 10:20:00,4624.2,4624.2,4620.0,4621.0,118
2024-05-14 10:21:00,4621.0,4621.0,4618.35,4621.0,190
2024-05-14 10:22:00,4621.0,4622.2,4619.0,4621.55,282
2024-05-14 10:23:00,4621.55,4622.0,4621.0,4621.0,19
2024-05-14 10:24:00,4621.0,4622.45,4617.8,4620.25,159
2024-05-14 10:25:00,4620.25,4621.1,4619.25,4619.95,42
2024-05-14 10:26:00,4618.4,4621.0,4618.3,4618.95,73
2024-05-14 10:27:00,4618.95,4619.45,4615.75,4617.5,173
2024-05-14 10:28:00,4617.5,4617.5,4615.0,4617.05,72
2024-05-14 10:29:00,4617.05,4619.95,4616.75,4616.75,206
2024-05-14 10:30:00,4616.75,4621.5,4615.6,4619.35,491
2024-05-14 10:31:00,4619.35,4621.3,4613.05,4615.65,187
2024-05-14 10:32:00,4615.65,4615.65,4611.1,4615.45,387
2024-05-14 10:33:00,4615.45,4615.95,4612.1,4612.2,182
2024-05-14 10:34:00,4612.2,4615.15,4612.0,4614.35,217
2024-05-14 10:35:00,4614.35,4617.25,4614.35,4614.35,60
2024-05-14 10:36:00,4614.35,4616.8,4614.0,4616.2,73
2024-05-14 10:37:00,4616.2,4617.45,4615.0,4617.0,167
2024-05-14 10:38:00,4617.0,4617.65,4614.55,4614.8,161
2024-05-14 10:39:00,4614.8,4626.2,4614.8,4626.2,4477
2024-05-14 10:40:00,4626.2,4627.8,4624.95,4625.4,305
2024-05-14 10:41:00,4627.4,4629.0,4626.9,4627.15,251
2024-05-14 10:42:00,4627.15,4629.0,4625.35,4627.15,93
2024-05-14 10:43:00,4627.15,4629.0,4626.65,4629.0,75
2024-05-14 10:44:00,4629.0,4629.0,4627.0,4627.0,52
2024-05-14 10:45:00,4627.0,4628.95,4626.3,4626.7,73
2024-05-14 10:46:00,4626.7,4629.0,4624.0,4626.2,380
2024-05-14 10:47:00,4626.2,4626.2,4623.65,4625.0,162
2024-05-14 10:48:00,4625.0,4625.0,4620.0,4622.7,551
2024-05-14 10:49:00,4622.7,4622.7,4615.0,4615.0,2401
2024-05-14 10:50:00,4615.0,4617.9,4615.0,4617.2,47
2024-05-14 10:51:00,4617.2,4617.9,4615.25,4617.9,131
2024-05-14 10:52:00,4617.9,4620.9,4616.7,4620.9,184
2024-05-14 10:53:00,4618.0,4620.4,4618.0,4620.4,26
2024-05-14 10:54:00,4620.4,4620.9,4617.05,4617.2,149
2024-05-14 10:55:00,4617.2,4620.5,4617.2,4617.2,145
2024-05-14 10:56:00,4617.2,4619.9,4615.2,4616.1,90
2024-05-14 10:57:00,4619.25,4619.25,4615.45,4616.3,61
2024-05-14 10:58:00,4616.3,4618.5,4614.3,4614.3,448
2024-05-14 10:59:00,4614.0,4614.0,4612.0,4612.0,94
2024-05-14 11:00:00,4612.05,4612.85,4610.25,4610.55,89
2024-05-14 11:01:00,4610.55,4614.0,4610.55,4613.0,209
2024-05-14 11:02:00,4613.0,4614.6,4611.95,4612.25,99
2024-05-14 11:03:00,4612.25,4620.0,4612.25,4620.0,670
2024-05-14 11:04:00,4620.0,4622.95,4620.0,4620.8,260
2024-05-14 11:05:00,4620.8,4624.0,4620.0,4624.0,81
2024-05-14 11:06:00,4624.0,4625.0,4621.3,4622.55,104
2024-05-14 11:07:00,4624.75,4625.0,4622.55,4623.05,107
2024-05-14 11:08:00,4623.05,4625.55,4622.6,4623.35,151
2024-05-14 11:09:00,4623.35,4628.9,4623.05,4624.75,369
2024-05-14 11:10:00,4624.75,4627.0,4624.25,4624.25,63
2024-05-14 11:11:00,4624.2,4628.95,4624.2,4628.0,201
2024-05-14 11:12:00,4628.0,4628.95,4625.0,4625.7,677
2024-05-14 11:13:00,4628.35,4633.05,4625.8,4631.0,1078
2024-05-14 11:14:00,4631.0,4632.85,4626.8,4629.4,101
2024-05-14 11:15:00,4629.4,4632.3,4628.1,4630.3,2678
2024-05-14 11:16:00,4630.3,4631.6,4626.55,4626.65,205
2024-05-14 11:17:00,4629.3,4629.95,4625.3,4626.1,105
2024-05-14 11:18:00,4628.7,4628.7,4624.1,4625.05,203
2024-05-14 11:19:00,4625.05,4627.5,4624.55,4626.1,102
2024-05-14 11:20:00,4626.1,4628.35,4625.05,4626.55,87
2024-05-14 11:21:00,4626.55,4627.45,4625.05,4626.15,64
2024-05-14 11:22:00,4626.15,4627.45,4625.15,4625.2,45
2024-05-14 11:23:00,4625.2,4627.45,4625.1,4625.2,66
2024-05-14 11:24:00,4625.2,4628.2,4625.1,4625.45,176
2024-05-14 11:25:00,4628.05,4628.2,4626.0,4627.95,93
2024-05-14 11:26:00,4627.95,4628.0,4625.55,4626.4,118
2024-05-14 11:27:00,4626.4,4628.0,4626.4,4626.4,75
2024-05-14 11:28:00,4626.4,4628.0,4626.4,4626.4,176
2024-05-14 11:29:00,4626.4,4628.0,4626.4,4626.4,51
2024-05-14 11:30:00,4627.95,4628.2,4625.1,4625.1,2694
2024-05-14 11:31:00,4625.1,4627.1,4625.1,4625.1,95
2024-05-14 11:32:00,4625.1,4627.0,4625.0,4626.2,83
2024-05-14 11:33:00,4626.2,4628.0,4625.2,4625.2,59
2024-05-14 11:34:00,4625.2,4627.0,4625.0,4625.0,75
2024-05-14 11:35:00,4625.0,4628.8,4625.0,4625.4,519
2024-05-14 11:36:00,4625.4,4628.55,4625.0,4627.2,104
2024-05-14 11:37:00,4627.2,4627.2,4625.0,4625.0,229
2024-05-14 11:38:00,4625.0,4626.95,4625.0,4625.0,111
2024-05-14 11:39:00,4625.0,4628.0,4625.0,4625.1,187
2024-05-14 11:40:00,4627.25,4627.25,4625.0,4625.1,113
2024-05-14 11:41:00,4625.0,4625.1,4624.0,4625.0,196
2024-05-14 11:42:00,4624.0,4626.65,4624.0,4626.1,135
2024-05-14 11:43:00,4626.1,4628.0,4624.0,4626.25,272
2024-05-14 11:44:00,4624.0,4627.0,4624.0,4624.05,107
2024-05-14 11:45:00,4624.05,4625.95,4624.0,4625.95,95
2024-05-14 11:46:00,4625.65,4625.85,4624.0,4625.0,97
2024-05-14 11:47:00,4625.0,4626.45,4624.0,4624.1,105
2024-05-14 11:48:00,4624.1,4626.3,4624.0,4625.05,276
2024-05-14 11:49:00,4625.05,4628.0,4624.0,4627.55,168
2024-05-14 11:50:00,4627.55,4627.7,4625.0,4625.0,104
2024-05-14 11:51:00,4625.0,4626.4,4624.0,4624.0,207
2024-05-14 11:52:00,4624.0,4625.75,4624.0,4624.0,143
2024-05-14 11:53:00,4624.0,4625.95,4624.0,4624.0,241
2024-05-14 11:54:00,4624.0,4625.25,4622.7,4623.05,249
2024-05-14 11:55:00,4623.05,4624.85,4623.05,4623.05,146
2024-05-14 11:56:00,4623.05,4624.65,4623.05,4624.65,101
2024-05-14 11:57:00,4623.05,4624.65,4623.05,4623.05,135
2024-05-14 11:58:00,4623.05,4624.55,4623.05,4623.05,106
2024-05-14 11:59:00,4623.05,4624.7,4623.05,4624.7,203
2024-05-14 12:00:00,4624.7,4624.7,4623.05,4623.05,180
2024-05-14 12:01:00,4623.05,4624.7,4623.05,4623.05,160
2024-05-14 12:02:00,4623.05,4625.0,4623.05,4623.15,246
2024-05-14 12:03:00,4623.15,4628.0,4623.15,4625.15,253
2024-05-14 12:04:00,4625.15,4628.0,4625.0,4625.0,274
2024-05-14 12:05:00,4625.0,4626.8,4625.0,4625.05,157
2024-05-14 12:06:00,4626.4,4627.35,4625.0,4625.4,143
2024-05-14 12:07:00,4625.4,4627.55,4623.0,4625.5,249
2024-05-14 12:08:00,4625.5,4625.5,4623.5,4623.9,134
2024-05-14 12:09:00,4623.9,4628.0,4623.5,4624.6,399
2024-05-14 12:10:00,4624.6,4626.85,4624.4,4625.0,520
2024-05-14 12:11:00,4625.0,4626.9,4625.0,4625.0,108
2024-05-14 12:12:00,4625.0,4625.0,4623.5,4623.5,94
2024-05-14 12:13:00,4623.5,4626.05,4623.5,4625.45,171
2024-05-14 12:14:00,4625.45,4625.45,4623.5,4623.5,86
2024-05-14 12:15:00,4623.5,4625.75,4623.5,4623.5,205
2024-05-14 12:16:00,4624.7,4625.2,4623.5,4625.0,141
2024-05-14 12:17:00,4624.05,4624.25,4622.7,4622.7,1593
2024-05-14 12:18:00,4622.65,4624.25,4620.15,4620.15,1246
2024-05-14 12:19:00,4620.15,4622.85,4620.0,4620.3,253
2024-05-14 12:20:00,4620.3,4620.3,4618.0,4618.0,168
2024-05-14 12:21:00,4618.0,4618.0,4615.65,4617.9,279
2024-05-14 12:22:00,4617.65,4622.95,4615.3,4620.35,818
2024-05-14 12:23:00,4620.35,4630.0,4620.35,4630.0,941
2024-05-14 12:24:00,4627.05,4628.0,4625.0,4628.0,121
2024-05-14 12:25:00,4628.0,4628.75,4625.25,4627.0,248
2024-05-14 12:26:00,4627.0,4628.6,4625.95,4626.1,150
2024-05-14 12:27:00,4626.1,4628.95,4625.9,4627.1,277
2024-05-14 12:28:00,4627.1,4628.55,4625.9,4625.9,203
2024-05-14 12:29:00,4625.9,4628.0,4625.9,4625.95,105
2024-05-14 12:30:00,4625.95,4628.55,4625.9,4625.9,105
2024-05-14 12:31:00,4628.05,4628.6,4625.9,4625.9,234
2024-05-14 12:32:00,4625.9,4628.6,4625.9,4626.0,168
2024-05-14 12:33:00,4626.0,4630.0,4625.9,4630.0,184
2024-05-14 12:34:00,4630.0,4630.9,4628.0,4628.0,544
2024-05-14 12:35:00,4628.0,4629.25,4626.75,4626.75,242
2024-05-14 12:36:00,4626.75,4631.95,4626.25,4629.3,94
2024-05-14 12:37:00,4629.3,4630.7,4627.95,4628.1,177
2024-05-14 12:38:00,4628.1,4629.8,4628.1,4629.8,101
2024-05-14 12:39:00,4629.8,4635.4,4628.1,4635.4,1357
2024-05-14 12:40:00,4635.9,4644.0,4635.0,4642.0,1449
2024-05-14 12:41:00,4642.0,4645.0,4642.0,4644.95,741
2024-05-14 12:42:00,4644.95,4645.3,4639.5,4642.8,295
2024-05-14 12:43:00,4642.8,4644.65,4641.9,4644.65,219
2024-05-14 12:44:00,4644.65,4646.0,4643.0,4645.4,436
2024-05-14 12:45:00,4643.05,4645.25,4640.7,4641.45,1169
2024-05-14 12:46:00,4641.45,4643.5,4640.75,4642.0,167
2024-05-14 12:47:00,4642.0,4643.5,4641.85,4643.45,202
2024-05-14 12:48:00,4642.0,4644.65,4642.0,4642.8,149
2024-05-14 12:49:00,4642.8,4643.5,4641.2,4643.1,203
2024-05-14 12:50:00,4643.1,4643.5,4638.3,4638.3,255
2024-05-14 12:51:00,4638.3,4638.3,4633.4,4634.1,291
2024-05-14 12:52:00,4634.1,4638.55,4633.5,4636.2,217
2024-05-14 12:53:00,4636.2,4640.0,4636.05,4638.45,172
2024-05-14 12:54:00,4638.45,4645.95,4638.45,4642.55,393
2024-05-14 12:55:00,4642.55,4645.45,4641.55,4643.6,280
2024-05-14 12:56:00,4643.6,4644.95,4640.7,4642.05,220
2024-05-14 12:57:00,4642.05,4645.0,4641.6,4645.0,258
2024-05-14 12:58:00,4645.0,4645.5,4642.0,4642.9,290
2024-05-14 12:59:00,4642.9,4645.5,4642.25,4643.05,131
2024-05-14 13:00:00,4643.05,4645.5,4642.0,4645.5,472
2024-05-14 13:01:00,4645.5,4648.35,4643.25,4648.35,298
2024-05-14 13:02:00,4648.35,4650.0,4645.55,4650.0,839
2024-05-14 13:03:00,4650.0,4652.0,4648.4,4650.5,881
2024-05-14 13:04:00,4650.5,4653.3,4650.05,4650.9,366
2024-05-14 13:05:00,4650.9,4652.95,4650.1,4650.1,214
2024-05-14 13:06:00,4650.1,4653.0,4650.0,4652.15,546
2024-05-14 13:07:00,4652.15,4653.0,4650.55,4651.5,195
2024-05-14 13:08:00,4651.5,4654.45,4651.4,4651.9,354
2024-05-14 13:09:00,4652.85,4658.1,4651.9,4658.1,499
2024-05-14 13:10:00,4658.6,4661.95,4657.0,4657.3,1550
2024-05-14 13:11:00,4657.3,4663.45,4656.65,4662.05,835
2024-05-14 13:12:00,4662.05,4662.05,4652.4,4654.2,276
2024-05-14 13:13:00,4654.2,4660.0,4654.0,4656.0,1485
2024-05-14 13:14:00,4656.0,4658.95,4656.0,4657.1,250
2024-05-14 13:15:00,4657.1,4658.15,4655.2,4655.2,104
2024-05-14 13:16:00,4655.2,4658.0,4655.2,4655.4,201
2024-05-14 13:17:00,4655.4,4657.45,4655.0,4655.0,134
2024-05-14 13:18:00,4655.0,4656.2,4654.0,4655.9,119
2024-05-14 13:19:00,4655.9,4655.9,4651.3,4651.95,329
2024-05-14 13:20:00,4651.95,4654.75,4651.05,4651.05,169
2024-05-14 13:21:00,4651.0,4652.6,4650.0,4650.0,340
2024-05-14 13:22:00,4650.0,4651.9,4650.0,4650.0,274
2024-05-14 13:23:00,4650.0,4652.0,4650.0,4651.8,329
2024-05-14 13:24:00,4651.8,4651.9,4650.0,4650.0,113
2024-05-14 13:25:00,4650.0,4654.4,4650.0,4653.0,205
2024-05-14 13:26:00,4653.0,4654.95,4651.2,4651.2,271
2024-05-14 13:27:00,4651.2,4657.8,4651.2,4654.0,697
2024-05-14 13:28:00,4654.0,4656.65,4652.45,4654.35,144
2024-05-14 13:29:00,4654.35,4655.1,4650.75,4655.1,186
2024-05-14 13:30:00,4655.1,4656.55,4650.2,4650.2,114
2024-05-14 13:31:00,4650.2,4654.15,4650.0,4653.2,139
2024-05-14 13:32:00,4653.2,4654.95,4650.0,4654.95,161
2024-05-14 13:33:00,4654.95,4657.0,4652.6,4654.85,182
2024-05-14 13:34:00,4654.85,4656.95,4654.6,4655.15,163
2024-05-14 13:35:00,4655.15,4658.95,4652.0,4653.65,694
2024-05-14 13:36:00,4653.65,4656.15,4653.65,4653.65,131
2024-05-14 13:37:00,4653.65,4653.65,4650.2,4653.3,208
2024-05-14 13:38:00,4653.25,4655.05,4650.0,4655.05,227
2024-05-14 13:39:00,4652.65,4656.8,4652.65,4656.6,217
2024-05-14 13:40:00,4656.6,4659.0,4655.4,4658.7,259
2024-05-14 13:41:00,4658.7,4660.0,4658.0,4659.0,237
2024-05-14 13:42:00,4659.0,4659.25,4656.0,4656.0,206
2024-05-14 13:43:00,4656.0,4657.95,4656.0,4656.0,130
2024-05-14 13:44:00,4656.0,4657.0,4653.25,4654.95,329
2024-05-14 13:45:00,4655.0,4655.65,4653.0,4655.65,148
2024-05-14 13:46:00,4655.65,4656.0,4652.55,4652.75,152
2024-05-14 13:47:00,4652.75,4655.85,4652.55,4653.8,149
2024-05-14 13:48:00,4653.8,4657.7,4651.6,4656.6,392
2024-05-14 13:49:00,4656.6,4657.35,4652.05,4652.05,359
2024-05-14 13:50:00,4652.05,4654.85,4651.15,4653.25,321
2024-05-14 13:51:00,4655.0,4659.2,4653.55,4658.2,632
2024-05-14 13:52:00,4657.1,4660.0,4656.1,4659.75,402
2024-05-14 13:53:00,4659.75,4660.1,4657.05,4657.05,592
2024-05-14 13:54:00,4657.05,4661.9,4657.05,4659.0,642
2024-05-14 13:55:00,4659.0,4660.0,4658.0,4658.35,348
2024-05-14 13:56:00,4658.35,4659.6,4657.6,4657.95,320
2024-05-14 13:57:00,4657.95,4660.0,4654.6,4654.7,679
2024-05-14 13:58:00,4655.8,4658.35,4655.35,4657.5,345
2024-05-14 13:59:00,4657.45,4660.0,4656.6,4657.55,584
2024-05-14 14:00:00,4657.55,4661.1,4657.5,4658.85,1510
2024-05-14 14:01:00,4657.6,4664.95,4656.65,4662.9,815
2024-05-14 14:02:00,4664.0,4664.5,4661.6,4664.0,445
2024-05-14 14:03:00,4664.0,4670.05,4664.0,4665.0,1977
2024-05-14 14:04:00,4665.0,4667.4,4662.1,4662.15,665
2024-05-14 14:05:00,4662.5,4666.05,4661.2,4663.15,876
2024-05-14 14:06:00,4663.15,4663.15,4657.6,4659.45,568
2024-05-14 14:07:00,4659.45,4659.6,4655.2,4655.2,556
2024-05-14 14:08:00,4655.2,4658.65,4655.0,4656.0,517
2024-05-14 14:09:00,4656.1,4658.6,4656.0,4658.6,486
2024-05-14 14:10:00,4656.45,4657.45,4656.05,4656.05,360
2024-05-14 14:11:00,4656.05,4658.25,4656.05,4658.1,434
2024-05-14 14:12:00,4658.1,4658.65,4656.8,4656.8,1087
2024-05-14 14:13:00,4656.8,4656.8,4651.2,4651.25,470
2024-05-14 14:14:00,4651.25,4653.1,4651.0,4651.0,317
2024-05-14 14:15:00,4651.05,4652.6,4651.0,4652.2,423
2024-05-14 14:16:00,4652.2,4653.0,4645.75,4647.75,1219
2024-05-14 14:17:00,4647.75,4649.95,4646.05,4646.35,325
2024-05-14 14:18:00,4646.35,4650.6,4645.0,4648.0,1088
2024-05-14 14:19:00,4648.0,4649.15,4645.15,4648.35,314
2024-05-14 14:20:00,4648.35,4652.95,4647.8,4650.8,287
2024-05-14 14:21:00,4650.8,4652.3,4647.75,4650.25,455
2024-05-14 14:22:00,4650.25,4650.95,4647.05,4647.6,300
2024-05-14 14:23:00,4647.6,4647.75,4645.7,4646.0,413
2024-05-14 14:24:00,4646.0,4651.5,4645.55,4651.5,446
2024-05-14 14:25:00,4649.2,4650.4,4647.05,4648.6,390
2024-05-14 14:26:00,4648.6,4649.7,4647.25,4647.35,326
2024-05-14 14:27:00,4647.35,4651.0,4647.3,4649.95,449
2024-05-14 14:28:00,4649.95,4651.85,4648.0,4648.05,515
2024-05-14 14:29:00,4648.75,4650.95,4647.65,4648.35,393
2024-05-14 14:30:00,4648.35,4648.35,4642.0,4643.1,1369
2024-05-14 14:31:00,4643.1,4643.1,4638.1,4638.7,565
2024-05-14 14:32:00,4638.7,4639.3,4638.25,4638.3,359
2024-05-14 14:33:00,4638.3,4645.15,4638.1,4639.95,642
2024-05-14 14:34:00,4639.95,4639.95,4637.55,4638.3,594
2024-05-14 14:35:00,4638.3,4641.1,4637.8,4639.45,340
2024-05-14 14:36:00,4639.45,4641.65,4637.8,4637.8,757
2024-05-14 14:37:00,4638.45,4638.45,4637.8,4637.9,348
2024-05-14 14:38:00,4637.9,4638.55,4633.4,4634.3,1044
2024-05-14 14:39:00,4634.3,4638.55,4634.05,4637.15,396
2024-05-14 14:40:00,4634.5,4636.55,4633.65,4635.6,325
2024-05-14 14:41:00,4635.6,4636.8,4634.35,4634.75,440
2024-05-14 14:42:00,4634.75,4635.7,4633.0,4633.3,753
2024-05-14 14:43:00,4633.3,4639.5,4633.3,4634.1,714
2024-05-14 14:44:00,4634.1,4636.2,4633.95,4634.45,755
2024-05-14 14:45:00,4634.45,4637.0,4634.45,4636.0,316
2024-05-14 14:46:00,4636.0,4637.0,4635.75,4635.75,350
2024-05-14 14:47:00,4635.75,4643.55,4635.75,4639.05,712
2024-05-14 14:48:00,4639.05,4640.85,4637.55,4639.75,479
2024-05-14 14:49:00,4639.75,4641.55,4639.0,4641.55,404
2024-05-14 14:50:00,4641.55,4641.55,4639.4,4640.4,485
2024-05-14 14:51:00,4640.4,4641.35,4639.05,4639.75,398
2024-05-14 14:52:00,4639.75,4642.6,4639.05,4642.6,743
2024-05-14 14:53:00,4640.4,4643.35,4639.45,4643.35,711
2024-05-14 14:54:00,4643.35,4645.7,4640.8,4645.7,406
2024-05-14 14:55:00,4643.45,4644.6,4642.85,4643.6,390
2024-05-14 14:56:00,4643.6,4645.75,4643.0,4643.35,379
2024-05-14 14:57:00,4643.35,4646.8,4642.1,4642.1,1120
2024-05-14 14:58:00,4642.1,4643.75,4640.0,4643.75,1462
2024-05-14 14:59:00,4644.75,4644.75,4640.1,4641.2,346
2024-05-14 15:00:00,4641.2,4643.65,4638.0,4638.1,411
2024-05-14 15:01:00,4638.1,4638.1,4636.05,4636.5,339
2024-05-14 15:02:00,4636.5,4638.35,4636.05,4636.05,574
2024-05-14 15:03:00,4636.05,4637.35,4632.15,4632.15,2151
2024-05-14 15:04:00,4632.35,4637.55,4630.95,4634.75,767
2024-05-14 15:05:00,4634.6,4636.9,4632.0,4636.3,507
2024-05-14 15:06:00,4636.3,4636.95,4632.8,4634.5,314
2024-05-14 15:07:00,4634.6,4639.0,4633.55,4639.0,527
2024-05-14 15:08:00,4639.0,4639.0,4635.4,4636.25,429
2024-05-14 15:09:00,4636.25,4638.3,4634.0,4637.5,601
2024-05-14 15:10:00,4634.75,4636.95,4632.05,4634.8,488
2024-05-14 15:11:00,4634.8,4638.0,4633.95,4634.9,601
2024-05-14 15:12:00,4634.9,4636.9,4633.45,4635.35,480
2024-05-14 15:13:00,4635.35,4638.0,4633.75,4634.1,430
2024-05-14 15:14:00,4634.55,4638.15,4633.35,4633.8,1124
2024-05-14 15:15:00,4635.15,4639.3,4633.8,4635.95,1547
2024-05-14 15:16:00,4635.95,4636.4,4633.0,4633.55,410
2024-05-14 15:17:00,4633.5,4634.0,4631.05,4631.5,628
2024-05-14 15:18:00,4631.6,4634.45,4630.15,4631.0,720
2024-05-14 15:19:00,4631.0,4635.95,4630.65,4633.45,785
2024-05-14 15:20:00,4633.45,4633.8,4631.05,4631.1,720
2024-05-14 15:21:00,4631.1,4636.5,4631.1,4634.85,926
2024-05-14 15:22:00,4633.05,4636.45,4633.05,4634.0,436
2024-05-14 15:23:00,4634.0,4636.7,4633.0,4635.0,800
2024-05-14 15:24:00,4635.0,4635.25,4633.3,4633.45,778
2024-05-14 15:25:00,4633.45,4637.95,4633.35,4636.65,709
2024-05-14 15:26:00,4636.65,4636.7,4633.3,4635.85,540
2024-05-14 15:27:00,4635.85,4636.7,4633.0,4633.1,568
2024-05-14 15:28:00,4635.4,4636.7,4633.0,4635.0,1314
2024-05-14 15:29:00,4635.95,4636.7,4628.0,4636.7,862
2024-05-15 09:15:00,4648.95,4661.9,4640.0,4640.05,1398
2024-05-15 09:16:00,4644.75,4651.65,4640.45,4646.8,841
2024-05-15 09:17:00,4646.75,4650.0,4643.75,4646.3,1209
2024-05-15 09:18:00,4646.3,4651.9,4646.3,4650.0,304
2024-05-15 09:19:00,4650.0,4652.5,4644.0,4650.0,2201
2024-05-15 09:20:00,4648.55,4651.65,4647.7,4651.0,195
2024-05-15 09:21:00,4648.4,4650.85,4646.0,4649.3,197
2024-05-15 09:22:00,4649.3,4649.3,4644.0,4644.05,466
2024-05-15 09:23:00,4644.05,4647.5,4643.9,4647.4,1026
2024-05-15 09:24:00,4647.4,4647.4,4641.05,4643.7,454
2024-05-15 09:25:00,4643.7,4643.7,4639.15,4643.7,377
2024-05-15 09:26:00,4643.7,4649.95,4640.5,4645.7,441
2024-05-15 09:27:00,4645.7,4650.0,4645.7,4650.0,312
2024-05-15 09:28:00,4650.0,4650.0,4641.85,4641.85,361
2024-05-15 09:29:00,4641.85,4645.85,4641.85,4645.85,138
2024-05-15 09:30:00,4645.85,4647.85,4644.2,4646.8,230
2024-05-15 09:31:00,4646.8,4646.8,4642.8,4644.85,194
2024-05-15 09:32:00,4644.95,4646.85,4644.85,4645.15,213
2024-05-15 09:33:00,4645.15,4646.8,4643.1,4645.8,222
2024-05-15 09:34:00,4646.0,4650.0,4644.05,4650.0,367
2024-05-15 09:35:00,4650.0,4651.9,4648.25,4651.9,203
2024-05-15 09:36:00,4651.9,4655.0,4650.15,4655.0,199
2024-05-15 09:37:00,4655.0,4657.25,4653.25,4654.0,447
2024-05-15 09:38:00,4654.0,4654.4,4651.05,4653.35,163
2024-05-15 09:39:00,4653.35,4653.35,4650.2,4652.0,251
2024-05-15 09:40:00,4652.0,4657.2,4652.0,4656.95,441
2024-05-15 09:41:00,4656.95,4657.45,4653.6,4655.0,187
2024-05-15 09:42:00,4655.0,4661.0,4655.0,4661.0,750
2024-05-15 09:43:00,4661.0,4663.5,4658.65,4663.5,269
2024-05-15 09:44:00,4663.5,4664.4,4660.9,4664.0,398
2024-05-15 09:45:00,4662.65,4666.0,4661.7,4664.0,933
2024-05-15 09:46:00,4664.0,4666.0,4661.5,4665.25,1004
2024-05-15 09:47:00,4665.25,4669.8,4663.15,4669.0,362
2024-05-15 09:48:00,4669.0,4669.0,4664.0,4665.15,113
2024-05-15 09:49:00,4665.15,4667.0,4664.0,4666.95,1529
2024-05-15 09:50:00,4666.95,4668.0,4662.7,4667.6,1011
2024-05-15 09:51:00,4667.6,4672.0,4665.25,4672.0,1379
2024-05-15 09:52:00,4672.0,4674.15,4668.65,4672.2,629
2024-05-15 09:53:00,4672.2,4672.4,4669.4,4670.0,191
2024-05-15 09:54:00,4670.0,4672.75,4670.0,4670.75,592
2024-05-15 09:55:00,4670.75,4673.8,4670.75,4673.8,216
2024-05-15 09:56:00,4673.8,4673.8,4670.0,4671.75,416
2024-05-15 09:57:00,4671.75,4671.75,4666.95,4669.85,493
2024-05-15 09:58:00,4671.3,4672.0,4669.1,4670.85,207
2024-05-15 09:59:00,4670.85,4670.85,4664.05,4664.05,291
2024-05-15 10:00:00,4666.0,4666.0,4655.35,4656.75,542
2024-05-15 10:01:00,4656.75,4656.75,4650.05,4653.0,876
2024-05-15 10:02:00,4653.0,4655.1,4652.05,4655.1,314
2024-05-15 10:03:00,4655.1,4656.0,4652.6,4656.0,112
2024-05-15 10:04:00,4656.0,4656.0,4652.1,4652.1,853
2024-05-15 10:05:00,4652.1,4653.8,4651.5,4653.55,347
2024-05-15 10:06:00,4651.8,4653.55,4650.1,4650.6,514
2024-05-15 10:07:00,4650.5,4653.0,4650.3,4652.0,212
2024-05-15 10:08:00,4652.0,4652.95,4642.8,4645.0,1626
2024-05-15 10:09:00,4645.0,4645.0,4642.1,4642.25,161
2024-05-15 10:10:00,4644.0,4645.7,4641.5,4644.65,285
2024-05-15 10:11:00,4644.65,4647.75,4641.7,4647.75,191
2024-05-15 10:12:00,4647.1,4647.2,4642.0,4644.75,205
2024-05-15 10:13:00,4644.75,4646.85,4641.75,4646.85,114
2024-05-15 10:14:00,4646.85,4646.9,4643.35,4644.2,74
2024-05-15 10:15:00,4644.0,4645.3,4641.0,4641.0,1334
2024-05-15 10:16:00,4641.0,4642.4,4636.05,4636.05,1016
2024-05-15 10:17:00,4636.05,4638.75,4636.0,4638.7,221
2024-05-15 10:18:00,4638.7,4642.8,4638.7,4642.1,140
2024-05-15 10:19:00,4642.1,4642.3,4639.0,4641.05,169
2024-05-15 10:20:00,4641.05,4642.8,4641.05,4642.75,295
2024-05-15 10:21:00,4642.7,4642.75,4641.0,4642.75,141
2024-05-15 10:22:00,4642.75,4645.4,4642.0,4644.35,574
2024-05-15 10:23:00,4644.35,4645.3,4641.8,4645.05,815
2024-05-15 10:24:00,4645.05,4645.05,4642.05,4644.6,289
2024-05-15 10:25:00,4644.6,4644.6,4642.0,4643.4,149
2024-05-15 10:26:00,4643.4,4644.35,4642.15,4644.35,49
2024-05-15 10:27:00,4644.35,4647.8,4644.35,4647.15,85
2024-05-15 10:28:00,4647.15,4647.15,4643.0,4644.8,125
2024-05-15 10:29:00,4644.8,4644.8,4640.0,4640.25,188
2024-05-15 10:30:00,4642.8,4642.85,4636.35,4636.65,527
2024-05-15 10:31:00,4636.65,4639.0,4636.1,4637.0,92
2024-05-15 10:32:00,4637.0,4638.95,4636.0,4636.0,357
2024-05-15 10:33:00,4636.0,4636.0,4633.0,4635.35,314
2024-05-15 10:34:00,4635.35,4637.95,4633.25,4636.05,229
2024-05-15 10:35:00,4636.05,4638.75,4634.85,4637.2,59
2024-05-15 10:36:00,4637.2,4639.0,4637.2,4637.25,25
2024-05-15 10:37:00,4637.25,4639.2,4635.1,4635.1,216
2024-05-15 10:38:00,4635.1,4638.9,4635.1,4638.0,337
2024-05-15 10:39:00,4638.0,4639.0,4637.0,4637.0,242
2024-05-15 10:40:00,4637.0,4639.0,4635.1,4635.1,370
2024-05-15 10:41:00,4635.1,4637.45,4635.1,4636.85,261
2024-05-15 10:42:00,4636.85,4640.85,4636.85,4640.85,158
2024-05-15 10:43:00,4640.85,4641.4,4638.6,4639.0,182
2024-05-15 10:44:00,4639.0,4640.9,4639.0,4639.2,56
2024-05-15 10:45:00,4639.2,4642.45,4637.2,4642.45,273
2024-05-15 10:46:00,4642.45,4645.0,4642.0,4645.0,65
2024-05-15 10:47:00,4645.0,4645.0,4644.3,4645.0,43
2024-05-15 10:48:00,4645.0,4645.0,4644.0,4644.6,90
2024-05-15 10:49:00,4644.6,4646.3,4643.0,4646.3,458
2024-05-15 10:50:00,4646.3,4648.15,4645.05,4647.45,147
2024-05-15 10:51:00,4647.45,4651.35,4647.45,4648.15,635
2024-05-15 10:52:00,4648.15,4651.95,4648.15,4651.95,441
2024-05-15 10:53:00,4651.95,4652.0,4650.1,4651.1,131
2024-05-15 10:54:00,4651.1,4651.1,4650.0,4650.05,71
2024-05-15 10:55:00,4650.05,4652.0,4650.05,4651.95,99
2024-05-15 10:56:00,4651.95,4651.95,4651.4,4651.6,61
2024-05-15 10:57:00,4651.6,4654.85,4651.6,4651.6,172
2024-05-15 10:58:00,4651.6,4651.6,4651.0,4651.0,165
2024-05-15 10:59:00,4651.0,4651.25,4650.05,4651.0,214
2024-05-15 11:00:00,4651.0,4658.85,4651.0,4655.2,457
2024-05-15 11:01:00,4655.2,4664.0,4655.2,4663.1,1271
2024-05-15 11:02:00,4663.1,4667.95,4662.0,4665.6,264
2024-05-15 11:03:00,4665.6,4669.35,4665.25,4667.0,357
2024-05-15 11:04:00,4667.0,4668.8,4664.5,4668.8,222
2024-05-15 11:05:00,4668.95,4670.0,4667.35,4667.35,127
2024-05-15 11:06:00,4667.3,4669.45,4666.4,4666.5,122
2024-05-15 11:07:00,4668.95,4669.0,4664.5,4664.5,232
2024-05-15 11:08:00,4664.5,4664.5,4660.3,4663.25,98
2024-05-15 11:09:00,4663.25,4664.4,4660.15,4660.15,205
2024-05-15 11:10:00,4660.15,4664.25,4660.15,4664.25,109
2024-05-15 11:11:00,4664.25,4664.25,4662.0,4663.35,69
2024-05-15 11:12:00,4663.35,4666.7,4662.0,4665.0,31
2024-05-15 11:13:00,4665.0,4666.7,4662.8,4664.8,703
2024-05-15 11:14:00,4664.8,4668.95,4663.45,4664.4,663
2024-05-15 11:15:00,4664.4,4667.55,4663.05,4667.55,442
2024-05-15 11:16:00,4666.65,4667.95,4657.65,4658.15,1136
2024-05-15 11:17:00,4658.15,4659.8,4652.35,4653.75,279
2024-05-15 11:18:00,4653.75,4653.75,4651.3,4652.4,74
2024-05-15 11:19:00,4652.4,4653.5,4651.55,4653.4,119
2024-05-15 11:20:00,4653.45,4653.5,4651.3,4652.15,210
2024-05-15 11:21:00,4652.15,4653.5,4652.05,4653.5,1184
2024-05-15 11:22:00,4653.5,4659.2,4653.5,4657.3,332
2024-05-15 11:23:00,4657.3,4657.75,4652.75,4653.85,143
2024-05-15 11:24:00,4653.85,4655.75,4653.15,4654.9,91
2024-05-15 11:25:00,4654.9,4654.95,4654.0,4654.0,41
2024-05-15 11:26:00,4654.0,4654.5,4652.8,4654.0,75
2024-05-15 11:27:00,4654.0,4654.95,4653.55,4654.95,61
2024-05-15 11:28:00,4654.95,4654.95,4652.95,4652.95,136
2024-05-15 11:29:00,4651.0,4652.4,4648.65,4650.0,3877
2024-05-15 11:30:00,4650.0,4650.1,4649.35,4650.0,304
2024-05-15 11:31:00,4650.0,4652.9,4650.0,4650.35,354
2024-05-15 11:32:00,4650.35,4652.4,4650.0,4651.85,92
2024-05-15 11:33:00,4651.85,4651.85,4650.0,4650.0,53
2024-05-15 11:34:00,4650.0,4652.35,4650.0,4652.35,63
2024-05-15 11:35:00,4652.2,4652.2,4650.2,4650.95,27
2024-05-15 11:36:00,4650.95,4654.3,4650.95,4652.5,147
2024-05-15 11:37:00,4652.5,4652.5,4650.2,4651.1,50
2024-05-15 11:38:00,4651.1,4653.15,4650.2,4653.15,29
2024-05-15 11:39:00,4653.15,4653.15,4650.0,4650.0,263
2024-05-15 11:40:00,4650.0,4652.85,4649.95,4652.7,127
2024-05-15 11:41:00,4652.7,4653.35,4651.2,4652.3,76
2024-05-15 11:42:00,4652.3,4654.85,4652.3,4654.45,48
2024-05-15 11:43:00,4654.45,4654.95,4653.25,4654.6,132
2024-05-15 11:44:00,4654.6,4654.6,4652.6,4652.6,55
2024-05-15 11:45:00,4652.6,4655.0,4652.6,4655.0,346
2024-05-15 11:46:00,4655.0,4656.65,4655.0,4656.65,73
2024-05-15 11:47:00,4656.65,4659.0,4655.15,4655.15,76
2024-05-15 11:48:00,4655.15,4655.7,4655.0,4655.3,24
2024-05-15 11:49:00,4655.3,4657.3,4655.0,4657.3,30
2024-05-15 11:50:00,4656.2,4663.0,4656.2,4663.0,272
2024-05-15 11:51:00,4662.7,4668.8,4662.7,4665.0,566
2024-05-15 11:52:00,4665.0,4671.1,4663.9,4671.1,801
2024-05-15 11:53:00,4671.1,4671.95,4669.55,4669.9,585
2024-05-15 11:54:00,4669.9,4670.55,4669.55,4670.55,255
2024-05-15 11:55:00,4670.55,4670.55,4670.0,4670.15,494
2024-05-15 11:56:00,4670.15,4673.0,4670.0,4672.1,203
2024-05-15 11:57:00,4672.95,4675.95,4672.1,4673.6,1015
2024-05-15 11:58:00,4673.6,4673.6,4670.0,4670.55,505
2024-05-15 11:59:00,4670.55,4672.0,4670.0,4671.95,305
2024-05-15 12:00:00,4671.95,4672.0,4670.0,4670.0,313
2024-05-15 12:01:00,4670.0,4671.25,4670.0,4670.1,142
2024-05-15 12:02:00,4670.1,4671.5,4670.1,4671.45,47
2024-05-15 12:03:00,4671.45,4671.5,4670.0,4670.45,1275
2024-05-15 12:04:00,4670.45,4670.45,4669.1,4669.1,908
2024-05-15 12:05:00,4669.5,4669.8,4668.55,4669.5,972
2024-05-15 12:06:00,4669.5,4672.95,4669.5,4669.9,846
2024-05-15 12:07:00,4669.9,4670.45,4669.9,4670.45,109
2024-05-15 12:08:00,4670.45,4672.65,4670.45,4671.1,102
2024-05-15 12:09:00,4671.1,4672.9,4671.1,4672.85,60
2024-05-15 12:10:00,4672.85,4674.7,4672.0,4672.8,167
2024-05-15 12:11:00,4672.8,4672.8,4670.0,4670.0,382
2024-05-15 12:12:00,4670.0,4673.7,4670.0,4670.0,832
2024-05-15 12:13:00,4670.0,4671.0,4670.0,4670.6,200
2024-05-15 12:14:00,4670.6,4674.0,4670.4,4670.75,79
2024-05-15 12:15:00,4670.75,4672.25,4670.05,4670.25,180
2024-05-15 12:16:00,4670.25,4672.0,4670.2,4671.15,61
2024-05-15 12:17:00,4671.15,4674.95,4671.0,4673.5,533
2024-05-15 12:18:00,4671.7,4674.8,4670.9,4674.8,154
2024-05-15 12:19:00,4674.8,4674.8,4671.85,4671.85,284
2024-05-15 12:20:00,4672.1,4672.1,4670.1,4671.05,156
2024-05-15 12:21:00,4671.05,4672.8,4670.05,4670.05,169
2024-05-15 12:22:00,4670.05,4671.0,4670.0,4670.05,1672
2024-05-15 12:23:00,4670.05,4670.05,4670.0,4670.0,131
2024-05-15 12:24:00,4670.05,4670.05,4670.0,4670.05,123
2024-05-15 12:25:00,4670.05,4672.5,4670.0,4672.5,109
2024-05-15 12:26:00,4672.5,4672.5,4670.6,4672.5,88
2024-05-15 12:27:00,4672.5,4672.85,4671.3,4672.85,218
2024-05-15 12:28:00,4672.85,4672.85,4670.6,4670.6,83
2024-05-15 12:29:00,4670.6,4672.55,4670.6,4672.55,33
2024-05-15 12:30:00,4672.55,4673.0,4670.8,4673.0,97
2024-05-15 12:31:00,4673.0,4675.0,4672.35,4674.6,60
2024-05-15 12:32:00,4674.6,4674.6,4673.0,4673.0,86
2024-05-15 12:33:00,4673.0,4673.2,4673.0,4673.05,30
2024-05-15 12:34:00,4673.05,4674.55,4670.6,4671.3,514
2024-05-15 12:35:00,4671.3,4673.0,4671.15,4671.55,194
2024-05-15 12:36:00,4671.55,4675.0,4671.25,4672.05,726
2024-05-15 12:37:00,4672.05,4672.15,4671.0,4671.2,115
2024-05-15 12:38:00,4671.2,4673.0,4670.65,4673.0,45
2024-05-15 12:39:00,4672.95,4673.0,4671.45,4672.95,279
2024-05-15 12:40:00,4672.95,4673.75,4671.35,4672.75,494
2024-05-15 12:41:00,4672.75,4672.9,4672.75,4672.8,114
2024-05-15 12:42:00,4672.95,4674.2,4670.9,4674.15,212
2024-05-15 12:43:00,4674.15,4674.15,4672.0,4673.95,81
2024-05-15 12:44:00,4673.95,4673.95,4672.4,4673.95,75
2024-05-15 12:45:00,4673.95,4674.0,4673.9,4673.95,239
2024-05-15 12:46:00,4673.95,4673.95,4672.0,4672.0,262
2024-05-15 12:47:00,4671.95,4672.0,4670.75,4670.75,186
2024-05-15 12:48:00,4670.95,4672.65,4670.6,4670.65,89
2024-05-15 12:49:00,4670.65,4672.75,4670.0,4670.0,1041
2024-05-15 12:50:00,4670.55,4670.55,4670.0,4670.0,169
2024-05-15 12:51:00,4670.05,4670.05,4669.5,4670.0,875
2024-05-15 12:52:00,4670.2,4671.0,4669.5,4671.0,397
2024-05-15 12:53:00,4671.0,4671.0,4669.0,4669.0,1472
2024-05-15 12:54:00,4669.5,4670.0,4658.0,4658.0,1164
2024-05-15 12:55:00,4657.55,4659.45,4654.0,4654.0,887
2024-05-15 12:56:00,4654.0,4655.7,4652.7,4652.8,97
2024-05-15 12:57:00,4652.7,4654.55,4650.05,4650.15,564
2024-05-15 12:58:00,4650.15,4651.25,4650.05,4650.3,650
2024-05-15 12:59:00,4650.3,4651.95,4650.3,4651.95,149
2024-05-15 13:00:00,4652.0,4653.3,4650.55,4650.85,202
2024-05-15 13:01:00,4650.55,4651.9,4649.85,4649.9,668
2024-05-15 13:02:00,4649.9,4651.7,4649.85,4650.05,446
2024-05-15 13:03:00,4650.05,4650.05,4649.75,4650.0,926
2024-05-15 13:04:00,4650.0,4651.65,4650.0,4651.6,244
2024-05-15 13:05:00,4651.5,4651.6,4650.0,4650.0,220
2024-05-15 13:06:00,4650.0,4651.35,4650.0,4650.2,202
2024-05-15 13:07:00,4650.5,4652.0,4650.0,4650.0,176
2024-05-15 13:08:00,4650.0,4650.55,4650.0,4650.0,245
2024-05-15 13:09:00,4650.1,4650.35,4649.95,4649.95,202
2024-05-15 13:10:00,4649.95,4651.55,4649.9,4650.0,388
2024-05-15 13:11:00,4650.0,4650.65,4650.0,4650.0,444
2024-05-15 13:12:00,4650.0,4650.15,4649.9,4649.95,166
2024-05-15 13:13:00,4649.95,4651.7,4649.9,4650.0,190
2024-05-15 13:14:00,4650.0,4650.2,4649.75,4650.0,509
2024-05-15 13:15:00,4650.0,4651.0,4649.75,4650.0,476
2024-05-15 13:16:00,4650.15,4651.95,4650.0,4650.8,420
2024-05-15 13:17:00,4650.35,4650.35,4648.9,4649.35,1627
2024-05-15 13:18:00,4649.1,4649.6,4644.1,4644.3,1728
2024-05-15 13:19:00,4644.3,4647.4,4643.5,4645.0,331
2024-05-15 13:20:00,4645.0,4646.3,4644.5,4645.6,303
2024-05-15 13:21:00,4645.6,4648.45,4645.6,4646.15,140
2024-05-15 13:22:00,4647.85,4647.85,4644.5,4644.5,203
2024-05-15 13:23:00,4644.5,4650.05,4644.5,4650.05,378
2024-05-15 13:24:00,4649.3,4650.5,4647.0,4650.0,1776
2024-05-15 13:25:00,4650.0,4650.1,4650.0,4650.1,227
2024-05-15 13:26:00,4650.0,4656.9,4650.0,4656.85,411
2024-05-15 13:27:00,4656.85,4656.85,4650.0,4650.05,347
2024-05-15 13:28:00,4650.05,4650.15,4650.0,4650.05,129
2024-05-15 13:29:00,4650.1,4650.1,4650.0,4650.05,142
2024-05-15 13:30:00,4650.05,4651.15,4650.0,4650.0,161
2024-05-15 13:31:00,4650.0,4652.4,4650.0,4650.15,288
2024-05-15 13:32:00,4650.0,4650.9,4650.0,4650.0,190
2024-05-15 13:33:00,4650.3,4650.3,4650.0,4650.0,355
2024-05-15 13:34:00,4650.0,4650.8,4649.0,4649.0,2334
2024-05-15 13:35:00,4650.0,4650.3,4649.0,4650.0,2553
2024-05-15 13:36:00,4650.05,4651.0,4650.0,4650.0,209
2024-05-15 13:37:00,4650.0,4650.05,4641.05,4643.1,721
2024-05-15 13:38:00,4643.1,4644.75,4643.1,4644.1,33
2024-05-15 13:39:00,4644.1,4644.65,4643.3,4644.0,34
2024-05-15 13:40:00,4644.0,4647.15,4643.25,4644.0,307
2024-05-15 13:41:00,4644.0,4645.95,4644.0,4644.3,46
2024-05-15 13:42:00,4644.3,4646.75,4644.3,4644.3,87
2024-05-15 13:43:00,4644.3,4645.95,4644.0,4644.0,368
2024-05-15 13:44:00,4644.0,4646.9,4644.0,4644.6,280
2024-05-15 13:45:00,4644.25,4646.35,4642.5,4642.5,267
2024-05-15 13:46:00,4642.5,4643.15,4641.05,4641.05,58
2024-05-15 13:47:00,4641.05,4641.8,4641.05,4641.8,23
2024-05-15 13:48:00,4641.8,4643.15,4641.5,4643.15,97
2024-05-15 13:49:00,4643.15,4648.2,4641.5,4646.0,1465
2024-05-15 13:50:00,4646.0,4652.1,4645.65,4650.0,1122
2024-05-15 13:51:00,4650.0,4652.1,4643.0,4645.0,5227
2024-05-15 13:52:00,4645.0,4646.7,4645.0,4646.0,277
2024-05-15 13:53:00,4646.0,4648.6,4645.5,4648.6,522
2024-05-15 13:54:00,4648.5,4652.5,4648.5,4650.1,516
2024-05-15 13:55:00,4650.1,4651.95,4650.0,4650.0,985
2024-05-15 13:56:00,4650.0,4651.95,4650.0,4651.0,242
2024-05-15 13:57:00,4651.0,4651.15,4650.0,4650.1,225
2024-05-15 13:58:00,4650.1,4654.0,4650.0,4650.05,1560
2024-05-15 13:59:00,4650.0,4650.45,4650.0,4650.0,2721
2024-05-15 14:00:00,4650.0,4651.0,4649.5,4650.0,1385
2024-05-15 14:01:00,4650.0,4650.05,4649.5,4649.5,4124
2024-05-15 14:02:00,4649.5,4651.05,4649.5,4650.0,1511
2024-05-15 14:03:00,4650.0,4652.75,4649.5,4649.7,304
2024-05-15 14:04:00,4649.7,4651.15,4649.5,4650.0,92
2024-05-15 14:05:00,4650.0,4650.0,4649.7,4650.0,226
2024-05-15 14:06:00,4650.0,4650.9,4650.0,4650.9,159
2024-05-15 14:07:00,4651.0,4654.45,4648.3,4648.3,810
2024-05-15 14:08:00,4648.3,4648.3,4646.0,4647.0,142
2024-05-15 14:09:00,4647.0,4648.3,4646.05,4648.25,47
2024-05-15 14:10:00,4648.25,4648.3,4646.0,4646.5,64
2024-05-15 14:11:00,4646.5,4650.0,4644.5,4644.5,2611
2024-05-15 14:12:00,4644.5,4649.15,4644.1,4649.15,744
2024-05-15 14:13:00,4648.1,4651.0,4646.5,4650.0,1195
2024-05-15 14:14:00,4651.0,4651.0,4649.9,4650.0,169
2024-05-15 14:15:00,4650.0,4650.0,4644.0,4645.95,17644
2024-05-15 14:16:00,4645.95,4649.95,4645.0,4645.0,7754
2024-05-15 14:17:00,4645.0,4648.2,4645.0,4646.9,818
2024-05-15 14:18:00,4646.9,4648.35,4646.9,4648.0,3244
2024-05-15 14:19:00,4648.0,4648.1,4648.0,4648.05,61
2024-05-15 14:20:00,4648.2,4650.0,4648.1,4648.1,1854
2024-05-15 14:21:00,4650.0,4650.95,4648.1,4650.0,664
2024-05-15 14:22:00,4650.0,4650.85,4649.7,4649.7,3218
2024-05-15 14:23:00,4649.7,4649.95,4641.1,4642.0,3210
2024-05-15 14:24:00,4642.0,4644.3,4641.05,4641.05,275
2024-05-15 14:25:00,4641.05,4646.2,4641.05,4645.0,478
2024-05-15 14:26:00,4645.0,4648.3,4645.0,4648.3,196
2024-05-15 14:27:00,4648.3,4650.05,4647.2,4649.05,1373
2024-05-15 14:28:00,4649.05,4651.2,4649.05,4650.0,2538
2024-05-15 14:29:00,4650.05,4651.2,4649.95,4650.0,3029
2024-05-15 14:30:00,4650.0,4651.0,4650.0,4650.0,3310
2024-05-15 14:31:00,4650.0,4651.0,4649.1,4649.1,814
2024-05-15 14:32:00,4649.1,4651.05,4649.1,4649.1,1084
2024-05-15 14:33:00,4649.95,4651.8,4649.95,4651.65,1867
2024-05-15 14:34:00,4651.65,4651.65,4649.15,4650.0,1707
2024-05-15 14:35:00,4650.0,4651.0,4648.05,4650.0,715
2024-05-15 14:36:00,4650.0,4653.2,4650.0,4650.0,3708
2024-05-15 14:37:00,4651.35,4651.35,4650.0,4650.0,3421
2024-05-15 14:38:00,4650.0,4651.35,4648.9,4650.0,170
2024-05-15 14:39:00,4650.0,4650.0,4648.1,4650.0,82
2024-05-15 14:40:00,4650.0,4651.1,4648.1,4650.0,1348
2024-05-15 14:41:00,4651.0,4652.0,4649.95,4650.0,2241
2024-05-15 14:42:00,4652.0,4652.0,4650.0,4651.75,3415
2024-05-15 14:43:00,4651.75,4652.0,4650.0,4650.0,974
2024-05-15 14:44:00,4651.2,4652.0,4649.95,4650.0,1257
2024-05-15 14:45:00,4650.0,4651.0,4650.0,4651.0,2633
2024-05-15 14:46:00,4651.0,4651.0,4650.0,4650.0,3300
2024-05-15 14:47:00,4650.0,4651.0,4649.35,4649.35,2861
2024-05-15 14:48:00,4649.35,4650.0,4648.1,4649.3,70
2024-05-15 14:49:00,4648.5,4650.0,4648.0,4648.1,193
2024-05-15 14:50:00,4648.1,4649.45,4648.1,4648.1,82
2024-05-15 14:51:00,4649.45,4650.0,4647.55,4648.05,284
2024-05-15 14:52:00,4650.0,4651.0,4649.95,4650.0,467
2024-05-15 14:53:00,4650.0,4651.0,4650.0,4650.0,4244
2024-05-15 14:54:00,4650.0,4651.0,4650.0,4650.0,2480
2024-05-15 14:55:00,4650.0,4651.75,4650.0,4651.75,303
2024-05-15 14:56:00,4651.75,4652.45,4650.0,4652.0,74
2024-05-15 14:57:00,4652.0,4654.85,4650.65,4651.25,248
2024-05-15 14:58:00,4651.25,4653.0,4651.25,4652.85,86
2024-05-15 14:59:00,4652.85,4652.85,4650.0,4650.0,237
2024-05-15 15:00:00,4650.0,4655.0,4650.0,4653.1,594
2024-05-15 15:01:00,4653.55,4653.55,4650.0,4650.0,1148
2024-05-15 15:02:00,4650.45,4650.45,4648.25,4650.0,2830
2024-05-15 15:03:00,4650.0,4651.75,4648.65,4650.0,1435
2024-05-15 15:04:00,4650.45,4651.35,4648.35,4650.8,2304
2024-05-15 15:05:00,4650.8,4651.3,4648.0,4648.2,446
2024-05-15 15:06:00,4648.2,4649.95,4648.05,4649.95,748
2024-05-15 15:07:00,4649.95,4650.0,4648.05,4648.3,404
2024-05-15 15:08:00,4648.35,4652.0,4648.1,4649.75,527
2024-05-15 15:09:00,4649.75,4652.0,4648.1,4648.85,239
2024-05-15 15:10:00,4651.2,4651.2,4648.1,4650.0,706
2024-05-15 15:11:00,4649.05,4650.0,4648.3,4649.65,188
2024-05-15 15:12:00,4649.65,4649.75,4648.1,4648.1,150
2024-05-15 15:13:00,4648.25,4648.25,4648.1,4648.2,229
2024-05-15 15:14:00,4648.2,4651.1,4648.0,4648.85,794
2024-05-15 15:15:00,4648.85,4651.15,4646.6,4649.3,625
2024-05-15 15:16:00,4649.3,4649.95,4649.0,4649.1,294
2024-05-15 15:17:00,4649.5,4651.25,4648.1,4649.9,816
2024-05-15 15:18:00,4649.9,4650.0,4648.1,4648.15,917
2024-05-15 15:19:00,4648.15,4648.4,4648.05,4648.15,520
2024-05-15 15:20:00,4648.15,4648.4,4648.05,4648.15,480
2024-05-15 15:21:00,4648.15,4648.55,4648.05,4648.05,374
2024-05-15 15:22:00,4648.05,4648.55,4648.05,4648.1,388
2024-05-15 15:23:00,4648.15,4649.25,4648.1,4649.15,226
2024-05-15 15:24:00,4649.2,4650.0,4649.2,4649.9,614
2024-05-15 15:25:00,4649.95,4650.0,4649.0,4649.0,739
2024-05-15 15:26:00,4649.0,4649.0,4648.0,4648.05,736
2024-05-15 15:27:00,4648.1,4649.0,4644.0,4644.0,421
2024-05-15 15:28:00,4644.35,4649.0,4644.35,4646.0,504
2024-05-15 15:29:00,4646.0,4649.0,4642.0,4648.95,534
2024-05-16 09:15:00,4665.95,4717.25,4665.95,4708.5,5051
2024-05-16 09:16:00,4708.5,4728.0,4708.45,4723.7,5497
2024-05-16 09:17:00,4723.7,4728.8,4715.45,4721.9,5178
2024-05-16 09:18:00,4721.05,4725.15,4715.15,4719.35,4196
2024-05-16 09:19:00,4716.35,4735.85,4716.35,4735.85,7436
2024-05-16 09:20:00,4734.0,4754.0,4734.0,4740.9,9807
2024-05-16 09:21:00,4741.85,4761.05,4739.25,4754.75,9781
2024-05-16 09:22:00,4757.4,4757.4,4738.35,4740.15,5601
2024-05-16 09:23:00,4744.3,4745.0,4737.5,4742.0,5719
2024-05-16 09:24:00,4742.0,4747.2,4737.2,4742.0,7653
2024-05-16 09:25:00,4742.95,4755.65,4740.0,4752.1,5637
2024-05-16 09:26:00,4750.0,4750.0,4741.0,4750.0,4722
2024-05-16 09:27:00,4750.0,4752.05,4743.8,4748.0,2577
2024-05-16 09:28:00,4748.0,4752.0,4740.45,4749.95,4762
2024-05-16 09:29:00,4749.0,4762.0,4749.0,4760.15,9272
2024-05-16 09:30:00,4761.95,4766.3,4757.4,4763.0,7294
2024-05-16 09:31:00,4762.25,4768.0,4739.0,4740.85,9831
2024-05-16 09:32:00,4739.65,4740.35,4723.6,4730.1,7253
2024-05-16 09:33:00,4731.0,4736.65,4726.5,4736.65,2811
2024-05-16 09:34:00,4734.0,4736.0,4727.0,4730.0,2662
2024-05-16 09:35:00,4730.0,4730.9,4721.3,4722.95,6156
2024-05-16 09:36:00,4724.5,4727.1,4715.0,4722.65,5216
2024-05-16 09:37:00,4724.8,4725.95,4717.35,4723.2,2072
2024-05-16 09:38:00,4723.2,4728.95,4719.1,4719.65,2432
2024-05-16 09:39:00,4719.65,4720.05,4712.0,4715.05,3363
2024-05-16 09:40:00,4716.0,4717.2,4711.0,4713.15,2566
2024-05-16 09:41:00,4713.15,4723.65,4711.0,4720.0,1929
2024-05-16 09:42:00,4720.0,4724.15,4715.05,4721.05,2918
2024-05-16 09:43:00,4721.1,4724.0,4715.0,4715.0,1652
2024-05-16 09:44:00,4715.0,4717.3,4705.7,4705.7,3145
2024-05-16 09:45:00,4705.65,4715.0,4705.65,4710.3,1775
2024-05-16 09:46:00,4710.4,4715.0,4708.8,4712.2,1824
2024-05-16 09:47:00,4712.2,4718.3,4712.0,4714.9,927
2024-05-16 09:48:00,4714.9,4718.0,4708.75,4715.4,1059
2024-05-16 09:49:00,4717.9,4718.3,4711.35,4713.75,979
2024-05-16 09:50:00,4713.75,4718.0,4713.0,4718.0,1058
2024-05-16 09:51:00,4716.4,4724.0,4714.0,4718.4,3215
2024-05-16 09:52:00,4718.4,4724.1,4717.9,4721.95,1324
2024-05-16 09:53:00,4721.95,4725.2,4720.25,4722.15,1945
2024-05-16 09:54:00,4722.15,4723.95,4720.2,4720.85,509
2024-05-16 09:55:00,4721.0,4722.3,4720.0,4720.0,552
2024-05-16 09:56:00,4720.0,4720.45,4714.6,4716.15,1594
2024-05-16 09:57:00,4716.15,4716.15,4710.0,4710.9,1183
2024-05-16 09:58:00,4710.85,4715.35,4710.4,4713.15,991
2024-05-16 09:59:00,4713.15,4716.85,4713.15,4715.05,615
2024-05-16 10:00:00,4715.05,4723.4,4715.05,4720.1,1214
2024-05-16 10:01:00,4720.15,4725.0,4720.1,4723.4,1170
2024-05-16 10:02:00,4723.4,4726.05,4720.6,4724.5,1735
2024-05-16 10:03:00,4723.55,4724.9,4723.15,4723.65,759
2024-05-16 10:04:00,4723.65,4723.7,4720.0,4720.1,1378
2024-05-16 10:05:00,4717.95,4720.15,4717.05,4718.2,962
2024-05-16 10:06:00,4718.2,4718.3,4713.0,4713.1,783
2024-05-16 10:07:00,4713.1,4717.85,4713.1,4717.85,645
2024-05-16 10:08:00,4714.4,4715.9,4713.0,4713.4,871
2024-05-16 10:09:00,4713.45,4716.95,4712.0,4712.0,558
2024-05-16 10:10:00,4712.1,4715.25,4711.0,4711.1,567
2024-05-16 10:11:00,4711.1,4715.7,4710.5,4712.8,728
2024-05-16 10:12:00,4712.5,4712.95,4710.0,4712.0,1186
2024-05-16 10:13:00,4712.0,4712.95,4710.0,4710.4,456
2024-05-16 10:14:00,4710.3,4710.3,4705.05,4706.0,2621
2024-05-16 10:15:00,4706.0,4713.9,4705.85,4713.15,1186
2024-05-16 10:16:00,4710.55,4712.0,4707.0,4707.95,580
2024-05-16 10:17:00,4707.0,4711.9,4705.05,4709.15,836
2024-05-16 10:18:00,4709.1,4710.35,4706.2,4707.55,970
2024-05-16 10:19:00,4707.55,4709.95,4706.5,4706.8,766
2024-05-16 10:20:00,4706.8,4709.0,4696.05,4696.05,3595
2024-05-16 10:21:00,4697.7,4703.05,4696.05,4697.55,2492
2024-05-16 10:22:00,4697.05,4697.55,4688.6,4689.0,4222
2024-05-16 10:23:00,4689.0,4696.45,4689.0,4692.2,1423
2024-05-16 10:24:00,4692.2,4694.95,4690.0,4691.15,1719
2024-05-16 10:25:00,4691.15,4694.85,4691.0,4691.5,775
2024-05-16 10:26:00,4691.5,4695.5,4690.0,4690.0,1352
2024-05-16 10:27:00,4690.0,4696.0,4689.3,4695.2,1129
2024-05-16 10:28:00,4695.2,4696.0,4693.75,4695.0,744
2024-05-16 10:29:00,4695.0,4697.0,4693.0,4695.05,1070
2024-05-16 10:30:00,4695.05,4697.6,4695.05,4696.8,434
2024-05-16 10:31:00,4696.8,4697.75,4695.0,4697.7,804
2024-05-16 10:32:00,4695.5,4700.0,4695.0,4700.0,852
2024-05-16 10:33:00,4702.0,4713.15,4699.45,4711.95,1304
2024-05-16 10:34:00,4711.95,4713.0,4707.25,4709.25,1051
2024-05-16 10:35:00,4709.55,4712.7,4709.5,4710.95,849
2024-05-16 10:36:00,4710.95,4720.0,4709.5,4720.0,1540
2024-05-16 10:37:00,4718.5,4723.85,4716.0,4720.0,1389
2024-05-16 10:38:00,4720.0,4720.05,4716.2,4716.55,606
2024-05-16 10:39:00,4716.55,4719.35,4706.45,4706.6,1304
2024-05-16 10:40:00,4706.6,4709.05,4705.35,4707.75,806
2024-05-16 10:41:00,4707.75,4709.2,4707.75,4708.0,455
2024-05-16 10:42:00,4708.0,4709.0,4707.75,4708.0,385
2024-05-16 10:43:00,4708.0,4720.0,4707.75,4716.8,865
2024-05-16 10:44:00,4716.8,4718.65,4715.9,4716.1,342
2024-05-16 10:45:00,4716.1,4717.7,4711.1,4712.15,999
2024-05-16 10:46:00,4712.1,4713.05,4706.0,4706.0,1158
2024-05-16 10:47:00,4706.0,4706.0,4695.1,4695.1,1871
2024-05-16 10:48:00,4695.0,4700.2,4695.0,4697.4,1619
2024-05-16 10:49:00,4697.4,4698.15,4695.0,4695.0,1391
2024-05-16 10:50:00,4695.0,4697.9,4695.0,4696.1,1265
2024-05-16 10:51:00,4696.05,4700.6,4695.0,4700.6,542
2024-05-16 10:52:00,4700.6,4701.7,4698.45,4699.1,379
2024-05-16 10:53:00,4699.1,4700.35,4695.15,4697.25,837
2024-05-16 10:54:00,4697.2,4701.45,4695.1,4698.05,560
2024-05-16 10:55:00,4698.05,4702.35,4696.2,4698.3,614
2024-05-16 10:56:00,4698.3,4701.6,4695.55,4697.9,575
2024-05-16 10:57:00,4697.9,4697.9,4695.0,4697.0,633
2024-05-16 10:58:00,4697.0,4698.65,4695.0,4696.5,329
2024-05-16 10:59:00,4696.0,4697.95,4695.1,4695.1,475
2024-05-16 11:00:00,4695.1,4699.95,4695.1,4697.25,1287
2024-05-16 11:01:00,4697.25,4700.0,4695.1,4695.35,581
2024-05-16 11:02:00,4695.1,4702.2,4695.0,4697.2,725
2024-05-16 11:03:00,4697.2,4699.3,4697.0,4698.0,379
2024-05-16 11:04:00,4698.0,4705.0,4697.55,4705.0,239
2024-05-16 11:05:00,4705.85,4706.0,4700.0,4700.0,62
2024-05-16 11:06:00,4700.0,4703.45,4698.05,4702.0,206
2024-05-16 11:07:00,4702.0,4705.6,4700.65,4701.0,623
2024-05-16 11:08:00,4701.0,4707.55,4701.0,4706.45,424
2024-05-16 11:09:00,4706.45,4710.0,4704.3,4707.65,496
2024-05-16 11:10:00,4707.65,4709.8,4705.95,4706.0,825
2024-05-16 11:11:00,4706.0,4709.7,4705.95,4708.95,158
2024-05-16 11:12:00,4708.95,4709.95,4706.65,4708.9,136
2024-05-16 11:13:00,4708.9,4713.95,4707.5,4710.85,1666
2024-05-16 11:14:00,4710.85,4714.3,4710.8,4710.8,577
2024-05-16 11:15:00,4710.8,4712.2,4706.0,4706.05,374
2024-05-16 11:16:00,4706.05,4708.1,4704.1,4705.8,1550
2024-05-16 11:17:00,4707.4,4707.9,4705.85,4707.0,2638
2024-05-16 11:18:00,4707.0,4707.45,4696.6,4698.7,2863
2024-05-16 11:19:00,4699.35,4701.2,4695.25,4698.05,589
2024-05-16 11:20:00,4698.05,4698.05,4691.0,4692.0,880
2024-05-16 11:21:00,4692.0,4692.05,4685.1,4686.25,2016
2024-05-16 11:22:00,4686.25,4694.3,4684.85,4693.0,1908
2024-05-16 11:23:00,4692.0,4696.0,4692.0,4696.0,942
2024-05-16 11:24:00,4696.0,4697.45,4692.35,4694.95,334
2024-05-16 11:25:00,4694.95,4695.85,4692.0,4692.0,2253
2024-05-16 11:26:00,4692.0,4693.65,4687.0,4687.0,5280
2024-05-16 11:27:00,4687.0,4692.15,4686.5,4690.1,314
2024-05-16 11:28:00,4690.1,4690.35,4685.0,4688.05,881
2024-05-16 11:29:00,4688.05,4697.4,4686.4,4695.05,778
2024-05-16 11:30:00,4695.05,4696.45,4694.0,4696.4,869
2024-05-16 11:31:00,4696.4,4698.9,4695.0,4698.0,185
2024-05-16 11:32:00,4698.0,4700.0,4698.0,4700.0,139
2024-05-16 11:33:00,4699.9,4700.0,4697.0,4698.0,340
2024-05-16 11:34:00,4698.0,4699.0,4697.0,4698.85,317
2024-05-16 11:35:00,4698.85,4699.9,4697.0,4699.9,249
2024-05-16 11:36:00,4697.35,4699.9,4697.0,4697.0,361
2024-05-16 11:37:00,4697.0,4702.0,4697.0,4702.0,666
2024-05-16 11:38:00,4702.0,4710.05,4702.0,4710.05,674
2024-05-16 11:39:00,4710.05,4711.0,4708.4,4710.95,452
2024-05-16 11:40:00,4711.45,4713.25,4710.0,4712.0,1216
2024-05-16 11:41:00,4711.2,4711.5,4710.0,4711.0,323
2024-05-16 11:42:00,4710.5,4711.55,4710.0,4711.0,313
2024-05-16 11:43:00,4710.75,4715.1,4710.75,4714.45,498
2024-05-16 11:44:00,4713.85,4717.85,4713.05,4716.3,469
2024-05-16 11:45:00,4715.75,4718.45,4715.2,4716.0,648
2024-05-16 11:46:00,4716.0,4717.0,4715.5,4716.0,618
2024-05-16 11:47:00,4716.0,4718.0,4715.5,4715.5,852
2024-05-16 11:48:00,4716.0,4717.0,4716.0,4716.0,801
2024-05-16 11:49:00,4716.0,4719.0,4716.0,4718.6,594
2024-05-16 11:50:00,4719.0,4719.35,4716.3,4716.3,822
2024-05-16 11:51:00,4716.3,4721.0,4716.3,4721.0,416
2024-05-16 11:52:00,4721.0,4722.0,4716.0,4717.45,543
2024-05-16 11:53:00,4717.5,4719.95,4717.0,4717.45,270
2024-05-16 11:54:00,4717.3,4719.25,4716.0,4716.45,331
2024-05-16 11:55:00,4716.55,4717.65,4716.0,4716.0,571
2024-05-16 11:56:00,4716.0,4719.1,4716.0,4718.65,437
2024-05-16 11:57:00,4718.65,4718.7,4716.0,4716.0,283
2024-05-16 11:58:00,4716.0,4718.0,4716.0,4717.0,211
2024-05-16 11:59:00,4716.5,4717.0,4716.0,4716.05,140
2024-05-16 12:00:00,4716.45,4717.0,4716.0,4716.05,161
2024-05-16 12:01:00,4716.0,4718.0,4715.85,4717.75,736
2024-05-16 12:02:00,4717.75,4718.25,4716.0,4716.25,390
2024-05-16 12:03:00,4716.25,4717.95,4716.0,4716.0,369
2024-05-16 12:04:00,4716.0,4717.3,4716.0,4716.0,284
2024-05-16 12:05:00,4716.0,4718.0,4716.0,4716.45,400
2024-05-16 12:06:00,4716.25,4716.25,4716.0,4716.05,214
2024-05-16 12:07:00,4716.05,4717.8,4716.0,4717.05,442
2024-05-16 12:08:00,4716.9,4721.5,4716.1,4720.0,493
2024-05-16 12:09:00,4721.5,4727.0,4721.5,4726.65,1274
2024-05-16 12:10:00,4726.65,4726.65,4722.75,4725.35,298
2024-05-16 12:11:00,4725.3,4729.5,4725.3,4727.6,714
2024-05-16 12:12:00,4727.55,4729.0,4726.05,4726.05,675
2024-05-16 12:13:00,4726.05,4732.15,4726.05,4732.0,3004
2024-05-16 12:14:00,4732.0,4734.0,4730.0,4732.05,230
2024-05-16 12:15:00,4732.75,4736.0,4728.2,4731.95,1680
2024-05-16 12:16:00,4731.95,4731.95,4727.2,4731.0,391
2024-05-16 12:17:00,4731.0,4731.0,4726.55,4728.25,262
2024-05-16 12:18:00,4728.25,4728.25,4725.05,4725.95,262
2024-05-16 12:19:00,4725.95,4728.0,4725.05,4727.0,268
2024-05-16 12:20:00,4727.0,4728.0,4725.05,4727.0,241
2024-05-16 12:21:00,4725.1,4728.2,4725.1,4728.0,874
2024-05-16 12:22:00,4728.0,4730.0,4726.8,4727.3,390
2024-05-16 12:23:00,4727.3,4729.65,4724.25,4727.8,2327
2024-05-16 12:24:00,4725.1,4729.8,4725.1,4729.8,235
2024-05-16 12:25:00,4729.8,4729.8,4727.2,4728.5,121
2024-05-16 12:26:00,4728.5,4729.4,4725.0,4726.75,381
2024-05-16 12:27:00,4725.05,4728.0,4714.0,4720.0,4126
2024-05-16 12:28:00,4720.0,4721.3,4713.85,4717.4,2735
2024-05-16 12:29:00,4717.4,4718.3,4713.1,4715.0,1526
2024-05-16 12:30:00,4715.05,4718.1,4715.05,4717.85,839
2024-05-16 12:31:00,4717.85,4723.9,4716.5,4720.35,1061
2024-05-16 12:32:00,4720.35,4723.6,4714.75,4717.55,1616
2024-05-16 12:33:00,4717.55,4722.95,4715.45,4715.5,1446
2024-05-16 12:34:00,4715.5,4720.0,4715.5,4717.3,1433
2024-05-16 12:35:00,4717.4,4720.1,4717.4,4720.1,965
2024-05-16 12:36:00,4720.15,4721.25,4715.6,4716.7,1396
2024-05-16 12:37:00,4716.7,4718.75,4710.4,4713.1,1271
2024-05-16 12:38:00,4713.1,4713.1,4707.0,4707.0,1560
2024-05-16 12:39:00,4707.0,4709.15,4705.0,4705.05,642
2024-05-16 12:40:00,4705.05,4711.45,4705.05,4709.95,460
2024-05-16 12:41:00,4709.95,4710.0,4707.0,4708.95,248
2024-05-16 12:42:00,4708.95,4710.0,4707.65,4709.0,257
2024-05-16 12:43:00,4709.0,4716.2,4709.0,4714.55,1350
2024-05-16 12:44:00,4712.05,4717.6,4712.05,4715.0,805
2024-05-16 12:45:00,4715.0,4715.0,4710.0,4713.9,185
2024-05-16 12:46:00,4713.9,4713.9,4710.0,4710.0,105
2024-05-16 12:47:00,4710.05,4713.7,4710.05,4710.1,1574
2024-05-16 12:48:00,4710.1,4715.0,4710.1,4715.0,219
2024-05-16 12:49:00,4715.0,4716.15,4714.0,4714.0,190
2024-05-16 12:50:00,4714.0,4716.0,4714.0,4715.85,124
2024-05-16 12:51:00,4715.85,4715.85,4714.0,4715.0,48
2024-05-16 12:52:00,4715.0,4717.15,4714.0,4714.0,363
2024-05-16 12:53:00,4714.1,4716.2,4714.1,4715.85,571
2024-05-16 12:54:00,4715.85,4715.85,4714.5,4715.0,68
2024-05-16 12:55:00,4715.0,4718.3,4714.05,4716.9,581
2024-05-16 12:56:00,4715.8,4718.3,4715.0,4715.05,442
2024-05-16 12:57:00,4715.05,4717.9,4714.0,4714.05,490
2024-05-16 12:58:00,4714.05,4717.45,4714.0,4714.0,391
2024-05-16 12:59:00,4714.05,4714.05,4701.1,4702.65,5151
2024-05-16 13:00:00,4702.7,4708.1,4700.2,4708.0,729
2024-05-16 13:01:00,4708.0,4708.0,4705.85,4708.0,177
2024-05-16 13:02:00,4708.0,4711.0,4706.7,4711.0,321
2024-05-16 13:03:00,4709.05,4711.0,4706.85,4708.8,200
2024-05-16 13:04:00,4708.8,4711.0,4706.35,4708.1,157
2024-05-16 13:05:00,4706.75,4708.15,4706.0,4707.15,434
2024-05-16 13:06:00,4707.15,4714.95,4707.15,4714.0,504
2024-05-16 13:07:00,4712.45,4714.95,4712.2,4712.5,60
2024-05-16 13:08:00,4712.5,4714.5,4711.35,4713.25,74
2024-05-16 13:09:00,4712.35,4714.2,4711.75,4713.5,515
2024-05-16 13:10:00,4711.8,4714.2,4711.8,4713.1,101
2024-05-16 13:11:00,4713.1,4714.2,4713.05,4713.05,57
2024-05-16 13:12:00,4713.05,4713.9,4712.5,4713.9,75
2024-05-16 13:13:00,4713.75,4713.75,4710.15,4711.0,97
2024-05-16 13:14:00,4711.0,4711.0,4710.0,4710.65,61
2024-05-16 13:15:00,4709.3,4713.2,4707.5,4713.2,556
2024-05-16 13:16:00,4712.6,4714.15,4712.0,4712.0,508
2024-05-16 13:17:00,4712.05,4713.15,4712.0,4712.0,306
2024-05-16 13:18:00,4712.0,4714.0,4712.0,4712.5,174
2024-05-16 13:19:00,4712.5,4714.2,4712.0,4712.0,386
2024-05-16 13:20:00,4712.05,4714.6,4711.4,4714.6,413
2024-05-16 13:21:00,4714.6,4715.0,4712.0,4713.7,914
2024-05-16 13:22:00,4713.7,4715.4,4712.05,4713.0,119
2024-05-16 13:23:00,4713.0,4715.5,4709.9,4713.5,358
2024-05-16 13:24:00,4713.5,4714.9,4712.0,4712.75,181
2024-05-16 13:25:00,4712.75,4713.0,4707.05,4712.0,5005
2024-05-16 13:26:00,4712.0,4713.05,4700.7,4703.25,1654
2024-05-16 13:27:00,4703.25,4704.4,4698.75,4699.55,957
2024-05-16 13:28:00,4701.25,4709.45,4699.0,4703.1,6328
2024-05-16 13:29:00,4703.1,4707.35,4701.1,4704.7,1129
2024-05-16 13:30:00,4702.55,4703.95,4699.0,4702.5,1564
2024-05-16 13:31:00,4702.5,4709.0,4701.35,4708.5,555
2024-05-16 13:32:00,4708.0,4709.0,4708.0,4708.9,1250
2024-05-16 13:33:00,4708.9,4713.0,4708.35,4712.4,745
2024-05-16 13:34:00,4712.4,4712.4,4708.05,4709.6,120
2024-05-16 13:35:00,4708.05,4709.6,4708.0,4708.0,245
2024-05-16 13:36:00,4708.0,4708.65,4700.0,4704.6,4355
2024-05-16 13:37:00,4703.7,4706.75,4702.8,4706.75,213
2024-05-16 13:38:00,4704.55,4708.0,4704.55,4707.75,383
2024-05-16 13:39:00,4707.75,4707.75,4701.8,4707.15,971
2024-05-16 13:40:00,4707.15,4709.95,4705.0,4707.1,405
2024-05-16 13:41:00,4707.1,4714.0,4707.1,4712.45,2269
2024-05-16 13:42:00,4712.45,4712.45,4707.55,4708.55,771
2024-05-16 13:43:00,4708.65,4713.95,4708.05,4712.45,497
2024-05-16 13:44:00,4712.45,4715.0,4708.0,4711.8,738
2024-05-16 13:45:00,4711.8,4712.45,4708.0,4709.4,598
2024-05-16 13:46:00,4709.4,4712.05,4707.75,4710.15,970
2024-05-16 13:47:00,4710.15,4710.15,4707.15,4707.15,1703
2024-05-16 13:48:00,4707.15,4709.0,4700.45,4708.0,3677
2024-05-16 13:49:00,4708.9,4714.0,4708.0,4710.95,537
2024-05-16 13:50:00,4713.0,4714.1,4709.55,4714.0,250
2024-05-16 13:51:00,4714.0,4714.0,4708.4,4713.2,1010
2024-05-16 13:52:00,4713.2,4717.0,4710.85,4716.9,752
2024-05-16 13:53:00,4716.9,4718.0,4714.6,4718.0,383
2024-05-16 13:54:00,4718.0,4718.25,4710.4,4716.1,1409
2024-05-16 13:55:00,4716.25,4717.5,4713.0,4715.9,758
2024-05-16 13:56:00,4715.9,4719.95,4715.9,4719.9,3177
2024-05-16 13:57:00,4719.9,4725.0,4718.85,4724.05,1520
2024-05-16 13:58:00,4722.6,4723.95,4716.0,4721.9,2096
2024-05-16 13:59:00,4721.9,4723.65,4720.0,4722.05,995
2024-05-16 14:00:00,4722.05,4723.85,4720.0,4723.85,1260
2024-05-16 14:01:00,4723.85,4724.5,4721.6,4724.5,576
2024-05-16 14:02:00,4724.5,4728.8,4721.5,4728.8,1991
2024-05-16 14:03:00,4728.9,4729.9,4724.95,4728.3,650
2024-05-16 14:04:00,4728.25,4729.0,4726.3,4728.45,366
2024-05-16 14:05:00,4728.45,4728.45,4720.0,4720.0,375
2024-05-16 14:06:00,4720.0,4723.9,4720.0,4721.0,477
2024-05-16 14:07:00,4721.0,4723.55,4720.0,4722.5,293
2024-05-16 14:08:00,4722.5,4723.0,4720.75,4722.35,243
2024-05-16 14:09:00,4722.35,4722.6,4720.0,4721.0,322
2024-05-16 14:10:00,4721.0,4721.0,4720.0,4720.0,334
2024-05-16 14:11:00,4720.0,4721.0,4715.0,4715.55,2238
2024-05-16 14:12:00,4715.55,4717.85,4710.1,4712.75,490
2024-05-16 14:13:00,4712.75,4713.35,4704.0,4706.0,1448
2024-05-16 14:14:00,4706.0,4714.95,4704.4,4713.15,1920
2024-05-16 14:15:00,4713.15,4717.0,4711.2,4716.85,421
2024-05-16 14:16:00,4715.6,4720.05,4714.05,4719.25,421
2024-05-16 14:17:00,4719.45,4721.95,4718.5,4721.95,438
2024-05-16 14:18:00,4722.0,4723.0,4717.4,4720.0,1024
2024-05-16 14:19:00,4720.4,4723.2,4718.55,4722.75,1774
2024-05-16 14:20:00,4722.55,4722.65,4720.0,4721.0,454
2024-05-16 14:21:00,4721.0,4723.9,4720.0,4723.8,460
2024-05-16 14:22:00,4723.8,4726.8,4722.55,4726.75,848
2024-05-16 14:23:00,4726.75,4727.9,4722.55,4723.7,509
2024-05-16 14:24:00,4723.4,4728.0,4723.4,4727.1,1537
2024-05-16 14:25:00,4727.0,4727.55,4723.95,4726.0,716
2024-05-16 14:26:00,4725.3,4728.0,4723.9,4727.85,888
2024-05-16 14:27:00,4728.0,4728.0,4725.9,4728.0,400
2024-05-16 14:28:00,4728.0,4728.0,4725.05,4727.1,308
2024-05-16 14:29:00,4727.1,4727.15,4725.0,4726.95,1050
2024-05-16 14:30:00,4727.1,4727.1,4725.0,4727.1,1120
2024-05-16 14:31:00,4727.1,4732.0,4725.45,4732.0,4152
2024-05-16 14:32:00,4731.7,4732.0,4725.0,4729.95,1309
2024-05-16 14:33:00,4730.15,4738.8,4730.0,4735.25,5101
2024-05-16 14:34:00,4734.65,4736.25,4729.2,4733.0,1272
2024-05-16 14:35:00,4733.0,4734.9,4729.55,4733.3,1262
2024-05-16 14:36:00,4732.6,4733.85,4727.0,4730.85,2425
2024-05-16 14:37:00,4730.85,4737.95,4730.85,4736.7,1782
2024-05-16 14:38:00,4736.7,4738.8,4735.1,4738.05,1514
2024-05-16 14:39:00,4738.7,4740.0,4735.4,4740.0,2900
2024-05-16 14:40:00,4740.0,4744.8,4739.95,4743.8,4789
2024-05-16 14:41:00,4743.95,4744.75,4740.0,4742.9,5346
2024-05-16 14:42:00,4742.0,4743.75,4740.0,4742.0,3322
2024-05-16 14:43:00,4740.0,4744.0,4739.05,4744.0,3112
2024-05-16 14:44:00,4744.5,4748.0,4741.55,4746.2,3725
2024-05-16 14:45:00,4745.05,4750.0,4743.45,4750.0,2373
2024-05-16 14:46:00,4750.0,4750.0,4744.5,4745.0,1476
2024-05-16 14:47:00,4745.0,4750.95,4741.65,4749.75,6820
2024-05-16 14:48:00,4749.7,4749.7,4742.7,4747.9,893
2024-05-16 14:49:00,4747.95,4749.25,4745.55,4749.15,1506
2024-05-16 14:50:00,4749.15,4753.65,4745.05,4752.95,2104
2024-05-16 14:51:00,4752.15,4754.0,4746.35,4754.0,4414
2024-05-16 14:52:00,4754.0,4763.0,4752.2,4762.0,3189
2024-05-16 14:53:00,4760.0,4763.9,4757.05,4762.45,2827
2024-05-16 14:54:00,4762.0,4762.7,4756.5,4760.25,1878
2024-05-16 14:55:00,4760.25,4760.25,4752.25,4758.9,1576
2024-05-16 14:56:00,4758.9,4760.7,4756.0,4759.7,3159
2024-05-16 14:57:00,4758.7,4760.0,4753.25,4754.55,3578
2024-05-16 14:58:00,4756.5,4761.95,4755.55,4759.05,1480
2024-05-16 14:59:00,4759.05,4761.95,4758.0,4760.0,840
2024-05-16 15:00:00,4760.95,4762.95,4760.0,4761.8,2932
2024-05-16 15:01:00,4761.8,4764.95,4760.2,4764.35,3082
2024-05-16 15:02:00,4764.35,4766.85,4760.05,4766.85,2981
2024-05-16 15:03:00,4767.0,4769.65,4762.75,4765.85,6831
2024-05-16 15:04:00,4764.95,4768.7,4764.45,4765.9,4724
2024-05-16 15:05:00,4766.8,4767.1,4760.0,4760.35,1836
2024-05-16 15:06:00,4760.35,4767.95,4758.85,4767.7,2949
2024-05-16 15:07:00,4766.7,4767.95,4763.0,4764.55,2013
2024-05-16 15:08:00,4764.55,4766.0,4762.0,4764.9,2819
2024-05-16 15:09:00,4765.05,4766.8,4760.5,4765.0,2918
2024-05-16 15:10:00,4765.0,4765.6,4760.1,4765.6,2152
2024-05-16 15:11:00,4765.6,4772.0,4765.6,4771.0,6608
2024-05-16 15:12:00,4772.0,4777.7,4770.0,4776.95,6006
2024-05-16 15:13:00,4777.75,4782.0,4776.0,4781.5,7422
2024-05-16 15:14:00,4781.95,4784.9,4775.05,4783.95,8395
2024-05-16 15:15:00,4783.9,4785.75,4778.3,4782.55,7340
2024-05-16 15:16:00,4782.55,4785.9,4781.0,4781.0,6042
2024-05-16 15:17:00,4781.4,4781.4,4775.65,4778.5,4465
2024-05-16 15:18:00,4779.3,4779.95,4771.0,4771.0,4185
2024-05-16 15:19:00,4772.5,4773.45,4763.5,4763.8,2927
2024-05-16 15:20:00,4762.35,4766.65,4761.95,4765.15,3352
2024-05-16 15:21:00,4766.0,4768.3,4764.8,4766.15,1678
2024-05-16 15:22:00,4766.9,4769.9,4766.0,4767.0,2576
2024-05-16 15:23:00,4767.0,4769.9,4765.55,4766.0,3406
2024-05-16 15:24:00,4765.85,4769.9,4763.9,4768.95,2595
2024-05-16 15:25:00,4769.5,4770.0,4764.6,4765.0,2679
2024-05-16 15:26:00,4766.9,4766.9,4760.5,4761.5,1935
2024-05-16 15:27:00,4761.8,4762.0,4756.1,4761.9,2057
2024-05-16 15:28:00,4762.0,4764.95,4760.1,4760.6,1174
2024-05-16 15:29:00,4760.15,4769.0,4760.15,4767.1,2015
2024-05-17 09:15:00,4785.0,4790.0,4771.2,4789.0,6984
2024-05-17 09:16:00,4784.1,4788.95,4772.9,4775.0,4336
2024-05-17 09:17:00,4775.15,4780.65,4775.0,4775.0,4508
2024-05-17 09:18:00,4775.05,4778.4,4765.15,4765.15,2589
2024-05-17 09:19:00,4767.2,4778.5,4765.0,4774.15,3087
2024-05-17 09:20:00,4777.35,4778.0,4770.9,4777.95,1566
2024-05-17 09:21:00,4779.0,4779.9,4775.3,4776.0,1720
2024-05-17 09:22:00,4778.15,4778.15,4759.1,4766.4,2641
2024-05-17 09:23:00,4765.5,4775.0,4765.5,4772.7,1429
2024-05-17 09:24:00,4769.15,4774.45,4766.4,4772.95,1173
2024-05-17 09:25:00,4771.3,4774.1,4761.4,4772.65,1903
2024-05-17 09:26:00,4769.2,4774.35,4769.2,4773.5,611
2024-05-17 09:27:00,4773.5,4774.5,4762.15,4765.6,606
2024-05-17 09:28:00,4765.0,4767.9,4762.0,4767.0,646
2024-05-17 09:29:00,4767.0,4770.2,4765.4,4770.0,498
2024-05-17 09:30:00,4770.0,4774.0,4767.3,4770.65,425
2024-05-17 09:31:00,4770.65,4774.9,4768.75,4773.95,823
2024-05-17 09:32:00,4773.95,4774.5,4769.1,4773.5,2086
2024-05-17 09:33:00,4771.5,4774.15,4763.65,4764.7,1451
2024-05-17 09:34:00,4764.7,4768.15,4762.0,4762.1,624
2024-05-17 09:35:00,4762.1,4767.45,4762.1,4766.05,872
2024-05-17 09:36:00,4766.05,4766.4,4762.0,4766.1,923
2024-05-17 09:37:00,4766.1,4766.4,4763.1,4766.0,360
2024-05-17 09:38:00,4766.0,4766.4,4764.0,4765.5,172
2024-05-17 09:39:00,4765.5,4765.5,4755.95,4757.25,1461
2024-05-17 09:40:00,4759.7,4759.75,4756.9,4758.1,322
2024-05-17 09:41:00,4758.1,4765.4,4758.1,4763.3,529
2024-05-17 09:42:00,4763.3,4763.3,4758.9,4760.9,163
2024-05-17 09:43:00,4760.9,4760.9,4757.75,4758.0,151
2024-05-17 09:44:00,4758.0,4758.0,4755.15,4756.0,280
2024-05-17 09:45:00,4757.0,4757.75,4752.0,4752.0,323
2024-05-17 09:46:00,4752.0,4752.85,4751.0,4752.75,310
2024-05-17 09:47:00,4752.75,4753.1,4746.1,4746.4,1024
2024-05-17 09:48:00,4746.5,4749.7,4745.0,4745.5,457
2024-05-17 09:49:00,4745.5,4747.95,4742.0,4744.0,461
2024-05-17 09:50:00,4744.0,4745.75,4742.6,4743.4,394
2024-05-17 09:51:00,4743.4,4745.45,4740.0,4740.0,1418
2024-05-17 09:52:00,4740.0,4746.0,4740.0,4743.7,348
2024-05-17 09:53:00,4745.7,4749.9,4740.75,4749.9,429
2024-05-17 09:54:00,4749.9,4756.45,4749.0,4754.05,540
2024-05-17 09:55:00,4753.0,4756.0,4751.25,4753.0,200
2024-05-17 09:56:00,4753.0,4754.65,4751.5,4751.5,186
2024-05-17 09:57:00,4751.5,4754.05,4751.5,4753.75,189
2024-05-17 09:58:00,4753.75,4754.05,4751.5,4754.05,346
2024-05-17 09:59:00,4754.05,4754.05,4751.0,4751.0,277
2024-05-17 10:00:00,4753.8,4753.8,4750.7,4750.7,126
2024-05-17 10:01:00,4750.15,4753.45,4750.0,4750.0,186
2024-05-17 10:02:00,4751.6,4751.65,4745.0,4745.0,397
2024-05-17 10:03:00,4745.0,4748.05,4743.3,4746.1,841
2024-05-17 10:04:00,4746.1,4750.0,4746.1,4749.0,47
2024-05-17 10:05:00,4749.0,4754.05,4748.0,4748.85,610
2024-05-17 10:06:00,4748.85,4751.9,4747.0,4749.45,179
2024-05-17 10:07:00,4749.45,4749.45,4741.85,4741.85,763
2024-05-17 10:08:00,4741.85,4747.1,4738.1,4738.1,820
2024-05-17 10:09:00,4738.1,4746.25,4738.1,4746.25,653
2024-05-17 10:10:00,4746.25,4746.25,4740.05,4742.3,303
2024-05-17 10:11:00,4742.3,4742.3,4734.0,4736.9,829
2024-05-17 10:12:00,4736.9,4737.55,4733.5,4735.05,342
2024-05-17 10:13:00,4735.05,4743.7,4733.45,4737.8,676
2024-05-17 10:14:00,4737.8,4742.95,4736.15,4739.65,547
2024-05-17 10:15:00,4739.65,4739.65,4735.95,4736.75,183
2024-05-17 10:16:00,4736.75,4738.65,4736.0,4736.15,246
2024-05-17 10:17:00,4736.15,4738.95,4735.05,4738.1,191
2024-05-17 10:18:00,4738.1,4738.2,4735.05,4735.75,100
2024-05-17 10:19:00,4735.75,4742.0,4735.0,4740.35,938
2024-05-17 10:20:00,4740.35,4740.35,4735.3,4735.3,75
2024-05-17 10:21:00,4735.3,4738.1,4735.05,4735.6,227
2024-05-17 10:22:00,4735.3,4737.8,4732.8,4732.8,403
2024-05-17 10:23:00,4732.05,4734.95,4731.0,4734.55,715
2024-05-17 10:24:00,4735.2,4738.3,4733.8,4734.05,201
2024-05-17 10:25:00,4734.05,4736.95,4732.55,4736.0,944
2024-05-17 10:26:00,4736.0,4737.95,4733.0,4735.35,372
2024-05-17 10:27:00,4735.05,4735.05,4731.5,4733.8,286
2024-05-17 10:28:00,4733.8,4735.4,4731.4,4731.95,257
2024-05-17 10:29:00,4731.95,4734.65,4730.1,4731.15,166
2024-05-17 10:30:00,4731.15,4734.35,4731.05,4732.15,103
2024-05-17 10:31:00,4732.15,4736.35,4732.0,4733.65,477
2024-05-17 10:32:00,4733.65,4737.0,4733.3,4733.6,216
2024-05-17 10:33:00,4733.6,4738.0,4733.6,4737.1,129
2024-05-17 10:34:00,4735.05,4737.4,4735.0,4736.9,189
2024-05-17 10:35:00,4736.9,4736.9,4734.1,4735.2,216
2024-05-17 10:36:00,4735.2,4738.0,4735.2,4736.3,236
2024-05-17 10:37:00,4736.0,4741.9,4735.15,4741.9,420
2024-05-17 10:38:00,4741.9,4749.0,4740.05,4749.0,538
2024-05-17 10:39:00,4749.0,4749.0,4743.1,4743.75,601
2024-05-17 10:40:00,4743.75,4745.95,4743.5,4745.0,77
2024-05-17 10:41:00,4745.0,4748.65,4743.65,4745.25,421
2024-05-17 10:42:00,4745.25,4745.25,4741.5,4741.5,1122
2024-05-17 10:43:00,4741.5,4746.0,4741.5,4746.0,264
2024-05-17 10:44:00,4746.0,4746.0,4744.95,4745.0,325
2024-05-17 10:45:00,4745.0,4747.8,4745.0,4745.0,409
2024-05-17 10:46:00,4745.0,4753.7,4744.95,4753.7,996
2024-05-17 10:47:00,4753.7,4754.0,4750.0,4751.5,396
2024-05-17 10:48:00,4751.5,4752.0,4750.0,4750.0,116
2024-05-17 10:49:00,4750.0,4751.95,4749.55,4751.6,614
2024-05-17 10:50:00,4751.6,4751.9,4750.0,4750.0,532
2024-05-17 10:51:00,4750.0,4752.45,4749.5,4750.0,359
2024-05-17 10:52:00,4750.0,4752.45,4750.0,4750.0,130
2024-05-17 10:53:00,4750.0,4753.45,4750.0,4750.0,123
2024-05-17 10:54:00,4750.0,4752.0,4750.0,4750.9,86
2024-05-17 10:55:00,4750.9,4752.7,4750.9,4751.4,122
2024-05-17 10:56:00,4751.4,4753.75,4751.4,4752.9,233
2024-05-17 10:57:00,4753.9,4755.0,4752.9,4752.9,196
2024-05-17 10:58:00,4752.9,4754.9,4752.9,4753.0,222
2024-05-17 10:59:00,4753.0,4754.75,4752.9,4753.0,71
2024-05-17 11:00:00,4753.0,4755.0,4750.0,4752.55,1125
2024-05-17 11:01:00,4752.55,4755.8,4751.9,4751.9,957
2024-05-17 11:02:00,4751.9,4755.85,4751.9,4755.85,257
2024-05-17 11:03:00,4755.85,4755.85,4750.3,4753.05,577
2024-05-17 11:04:00,4753.05,4754.0,4750.0,4750.0,456
2024-05-17 11:05:00,4750.0,4752.25,4749.5,4751.85,868
2024-05-17 11:06:00,4751.85,4752.15,4749.0,4749.5,1085
2024-05-17 11:07:00,4749.5,4753.45,4749.5,4753.0,1207
2024-05-17 11:08:00,4753.0,4753.0,4750.0,4751.05,380
2024-05-17 11:09:00,4751.05,4752.9,4749.6,4750.6,353
2024-05-17 11:10:00,4750.6,4753.65,4749.6,4752.1,382
2024-05-17 11:11:00,4752.1,4754.0,4750.2,4751.0,356
2024-05-17 11:12:00,4751.0,4754.9,4751.0,4752.3,454
2024-05-17 11:13:00,4752.35,4754.35,4750.0,4750.0,533
2024-05-17 11:14:00,4750.0,4753.4,4750.0,4751.2,137
2024-05-17 11:15:00,4751.2,4753.55,4748.0,4748.0,2836
2024-05-17 11:16:00,4748.0,4750.9,4748.0,4750.9,228
2024-05-17 11:17:00,4750.9,4752.25,4748.85,4752.0,276
2024-05-17 11:18:00,4752.0,4753.0,4749.0,4753.0,151
2024-05-17 11:19:00,4753.0,4754.45,4751.25,4752.05,100
2024-05-17 11:20:00,4751.35,4755.0,4751.35,4755.0,635
2024-05-17 11:21:00,4755.0,4755.5,4754.0,4754.95,339
2024-05-17 11:22:00,4754.95,4756.6,4752.5,4754.0,1950
2024-05-17 11:23:00,4754.0,4754.0,4751.0,4751.0,1336
2024-05-17 11:24:00,4751.0,4751.8,4735.0,4735.0,2191
2024-05-17 11:25:00,4735.0,4737.65,4730.1,4733.65,1564
2024-05-17 11:26:00,4733.65,4734.0,4728.2,4728.2,1879
2024-05-17 11:27:00,4728.5,4731.25,4725.45,4731.2,866
2024-05-17 11:28:00,4733.0,4737.6,4733.0,4735.5,280
2024-05-17 11:29:00,4735.5,4737.35,4731.1,4733.05,1533
2024-05-17 11:30:00,4733.05,4734.35,4732.35,4733.0,1051
2024-05-17 11:31:00,4733.0,4733.8,4733.0,4733.6,2914
2024-05-17 11:32:00,4734.45,4734.45,4733.0,4733.2,511
2024-05-17 11:33:00,4733.2,4734.45,4728.0,4729.45,919
2024-05-17 11:34:00,4729.45,4729.95,4725.1,4725.15,519
2024-05-17 11:35:00,4725.15,4727.05,4725.0,4725.3,1081
2024-05-17 11:36:00,4725.3,4731.7,4725.3,4728.15,1233
2024-05-17 11:37:00,4728.15,4730.0,4728.0,4729.7,314
2024-05-17 11:38:00,4729.7,4730.0,4727.7,4729.3,4939
2024-05-17 11:39:00,4729.05,4732.65,4729.05,4731.0,427
2024-05-17 11:40:00,4731.0,4739.0,4731.0,4737.05,577
2024-05-17 11:41:00,4737.05,4739.6,4736.55,4738.9,292
2024-05-17 11:42:00,4738.9,4741.6,4737.75,4739.6,842
2024-05-17 11:43:00,4740.0,4741.85,4738.1,4740.6,525
2024-05-17 11:44:00,4740.6,4744.7,4740.6,4743.0,1488
2024-05-17 11:45:00,4743.0,4745.05,4743.0,4744.0,260
2024-05-17 11:46:00,4744.0,4744.7,4743.25,4744.0,623
2024-05-17 11:47:00,4744.0,4747.0,4743.25,4744.6,478
2024-05-17 11:48:00,4744.6,4746.3,4743.0,4745.0,702
2024-05-17 11:49:00,4745.0,4745.55,4743.15,4745.0,776
2024-05-17 11:50:00,4745.0,4745.5,4743.0,4744.0,618
2024-05-17 11:51:00,4744.0,4745.5,4743.05,4745.25,607
2024-05-17 11:52:00,4745.25,4745.25,4743.55,4744.75,437
2024-05-17 11:53:00,4744.75,4745.1,4743.0,4743.2,645
2024-05-17 11:54:00,4743.2,4745.1,4743.0,4744.0,873
2024-05-17 11:55:00,4744.0,4745.2,4744.0,4744.85,468
2024-05-17 11:56:00,4744.85,4745.0,4743.0,4745.0,880
2024-05-17 11:57:00,4745.0,4745.0,4742.95,4743.0,363
2024-05-17 11:58:00,4743.0,4744.3,4741.45,4743.85,673
2024-05-17 11:59:00,4743.85,4743.85,4740.0,4743.25,550
2024-05-17 12:00:00,4743.25,4743.3,4740.05,4741.1,498
2024-05-17 12:01:00,4741.1,4743.3,4741.0,4741.0,328
2024-05-17 12:02:00,4741.0,4741.0,4740.0,4741.0,383
2024-05-17 12:03:00,4741.0,4741.0,4737.75,4738.1,490
2024-05-17 12:04:00,4738.1,4740.5,4738.1,4739.3,377
2024-05-17 12:05:00,4739.3,4739.3,4736.55,4737.3,324
2024-05-17 12:06:00,4737.3,4743.6,4737.0,4743.5,2187
2024-05-17 12:07:00,4743.5,4743.55,4740.1,4742.95,356
2024-05-17 12:08:00,4742.0,4742.3,4738.55,4742.25,411
2024-05-17 12:09:00,4742.25,4742.25,4740.1,4741.65,521
2024-05-17 12:10:00,4741.65,4743.4,4739.95,4741.95,443
2024-05-17 12:11:00,4741.95,4742.9,4739.95,4740.0,383
2024-05-17 12:12:00,4740.0,4743.4,4738.5,4743.4,1137
2024-05-17 12:13:00,4743.4,4744.0,4740.95,4742.1,425
2024-05-17 12:14:00,4742.1,4744.6,4738.5,4744.55,1680
2024-05-17 12:15:00,4744.5,4744.5,4741.85,4744.0,395
2024-05-17 12:16:00,4744.0,4744.95,4741.75,4744.8,820
2024-05-17 12:17:00,4744.8,4745.0,4742.1,4745.0,613
2024-05-17 12:18:00,4745.0,4745.2,4741.2,4744.3,572
2024-05-17 12:19:00,4744.3,4746.0,4743.5,4746.0,495
2024-05-17 12:20:00,4746.0,4746.0,4741.6,4744.0,982
2024-05-17 12:21:00,4744.0,4749.0,4744.0,4749.0,725
2024-05-17 12:22:00,4749.0,4749.5,4747.7,4749.45,386
2024-05-17 12:23:00,4749.45,4749.5,4746.8,4747.7,380
2024-05-17 12:24:00,4747.7,4748.9,4745.95,4748.65,411
2024-05-17 12:25:00,4748.65,4749.0,4746.05,4748.55,362
2024-05-17 12:26:00,4748.55,4748.55,4745.0,4745.2,321
2024-05-17 12:27:00,4745.2,4748.9,4745.0,4748.5,884
2024-05-17 12:28:00,4748.5,4749.9,4746.7,4749.5,510
2024-05-17 12:29:00,4749.5,4749.85,4747.05,4748.45,374
2024-05-17 12:30:00,4748.25,4748.3,4744.0,4744.85,2613
2024-05-17 12:31:00,4742.75,4747.35,4742.15,4747.35,1007
2024-05-17 12:32:00,4747.35,4748.45,4745.1,4747.6,603
2024-05-17 12:33:00,4747.6,4748.45,4746.05,4748.05,486
2024-05-17 12:34:00,4748.05,4750.2,4745.55,4750.2,1291
2024-05-17 12:35:00,4750.2,4752.95,4750.2,4752.5,264
2024-05-17 12:36:00,4752.5,4752.5,4747.3,4749.6,396
2024-05-17 12:37:00,4749.6,4749.95,4745.45,4745.45,797
2024-05-17 12:38:00,4748.0,4749.45,4745.05,4748.45,1534
2024-05-17 12:39:00,4748.45,4749.4,4747.55,4749.3,1332
2024-05-17 12:40:00,4749.45,4749.5,4745.7,4746.3,610
2024-05-17 12:41:00,4746.3,4749.3,4745.05,4748.7,320
2024-05-17 12:42:00,4748.7,4750.0,4746.25,4749.0,4465
2024-05-17 12:43:00,4749.0,4750.0,4745.05,4748.95,697
2024-05-17 12:44:00,4748.95,4749.4,4746.1,4748.55,268
2024-05-17 12:45:00,4748.55,4749.3,4745.6,4749.3,443
2024-05-17 12:46:00,4749.3,4750.0,4748.0,4748.95,984
2024-05-17 12:47:00,4748.0,4751.75,4748.0,4751.75,559
2024-05-17 12:48:00,4751.75,4752.75,4750.0,4752.75,388
2024-05-17 12:49:00,4752.75,4754.0,4744.0,4744.0,9451
2024-05-17 12:50:00,4744.0,4747.0,4741.55,4743.5,877
2024-05-17 12:51:00,4742.75,4745.3,4740.45,4741.85,642
2024-05-17 12:52:00,4741.85,4744.35,4738.3,4740.0,1324
2024-05-17 12:53:00,4740.0,4742.0,4739.0,4742.0,405
2024-05-17 12:54:00,4742.0,4743.0,4739.25,4743.0,439
2024-05-17 12:55:00,4743.0,4743.9,4735.9,4737.15,1209
2024-05-17 12:56:00,4736.6,4737.0,4732.55,4735.0,905
2024-05-17 12:57:00,4735.2,4735.75,4729.85,4733.5,947
2024-05-17 12:58:00,4733.95,4736.7,4731.05,4733.5,2733
2024-05-17 12:59:00,4733.5,4734.4,4731.9,4733.5,1765
2024-05-17 13:00:00,4733.5,4736.8,4733.5,4734.4,3023
2024-05-17 13:01:00,4734.4,4734.8,4732.6,4733.0,3480
2024-05-17 13:02:00,4733.0,4734.2,4732.0,4733.7,4395
2024-05-17 13:03:00,4733.7,4733.85,4731.0,4733.8,737
2024-05-17 13:04:00,4733.8,4733.85,4728.05,4731.5,1999
2024-05-17 13:05:00,4731.5,4732.35,4731.35,4732.0,346
2024-05-17 13:06:00,4732.35,4733.85,4731.85,4733.85,609
2024-05-17 13:07:00,4733.85,4742.05,4733.55,4741.75,1450
2024-05-17 13:08:00,4741.75,4743.1,4737.85,4741.9,658
2024-05-17 13:09:00,4740.15,4747.95,4737.65,4745.5,827
2024-05-17 13:10:00,4745.5,4748.35,4743.8,4746.3,729
2024-05-17 13:11:00,4746.3,4747.55,4744.1,4746.1,461
2024-05-17 13:12:00,4746.1,4750.0,4745.35,4748.85,765
2024-05-17 13:13:00,4748.85,4748.95,4746.15,4746.95,352
2024-05-17 13:14:00,4746.95,4749.0,4746.95,4749.0,308
2024-05-17 13:15:00,4749.0,4751.45,4745.05,4747.95,852
2024-05-17 13:16:00,4747.95,4749.0,4745.0,4749.0,309
2024-05-17 13:17:00,4749.0,4751.0,4748.0,4749.15,427
2024-05-17 13:18:00,4749.15,4750.95,4749.1,4750.9,325
2024-05-17 13:19:00,4750.9,4753.0,4749.1,4753.0,433
2024-05-17 13:20:00,4752.5,4753.0,4749.35,4751.35,433
2024-05-17 13:21:00,4751.35,4753.0,4749.6,4752.95,513
2024-05-17 13:22:00,4752.95,4753.5,4751.45,4753.0,400
2024-05-17 13:23:00,4753.0,4753.0,4749.6,4753.0,359
2024-05-17 13:24:00,4753.0,4754.85,4752.05,4754.85,531
2024-05-17 13:25:00,4754.85,4755.6,4752.7,4755.0,668
2024-05-17 13:26:00,4755.0,4755.9,4752.5,4755.5,294
2024-05-17 13:27:00,4756.0,4756.35,4753.65,4756.1,393
2024-05-17 13:28:00,4754.65,4756.3,4752.8,4756.0,566
2024-05-17 13:29:00,4756.0,4756.85,4752.25,4755.5,815
2024-05-17 13:30:00,4755.5,4756.75,4750.9,4751.35,1096
2024-05-17 13:31:00,4753.85,4753.85,4750.05,4753.6,2661
2024-05-17 13:32:00,4753.6,4754.65,4751.2,4753.7,428
2024-05-17 13:33:00,4753.7,4754.0,4750.25,4753.95,1522
2024-05-17 13:34:00,4755.0,4756.4,4754.25,4755.95,686
2024-05-17 13:35:00,4755.95,4756.7,4753.55,4753.95,824
2024-05-17 13:36:00,4753.95,4755.0,4750.25,4754.5,557
2024-05-17 13:37:00,4754.5,4756.35,4754.0,4755.1,408
2024-05-17 13:38:00,4755.1,4756.0,4754.2,4755.6,593
2024-05-17 13:39:00,4755.6,4756.0,4752.7,4755.0,556
2024-05-17 13:40:00,4755.0,4756.25,4750.8,4752.8,662
2024-05-17 13:41:00,4752.8,4752.8,4750.3,4752.3,440
2024-05-17 13:42:00,4752.3,4752.3,4750.0,4751.2,439
2024-05-17 13:43:00,4751.2,4752.0,4750.0,4752.0,1300
2024-05-17 13:44:00,4752.0,4752.3,4750.0,4750.0,560
2024-05-17 13:45:00,4750.0,4751.2,4750.0,4751.0,226
2024-05-17 13:46:00,4751.0,4753.0,4750.0,4751.0,2733
2024-05-17 13:47:00,4751.0,4756.0,4751.0,4755.1,979
2024-05-17 13:48:00,4755.1,4756.65,4753.05,4756.6,803
2024-05-17 13:49:00,4756.6,4756.65,4751.5,4754.25,1801
2024-05-17 13:50:00,4754.25,4755.95,4751.45,4754.65,640
2024-05-17 13:51:00,4754.65,4756.0,4752.7,4754.9,465
2024-05-17 13:52:00,4754.9,4755.45,4753.05,4755.35,479
2024-05-17 13:53:00,4755.35,4755.75,4752.5,4755.0,435
2024-05-17 13:54:00,4755.0,4755.75,4752.5,4754.9,470
2024-05-17 13:55:00,4754.9,4755.2,4752.5,4754.05,294
2024-05-17 13:56:00,4754.05,4755.35,4754.05,4755.0,343
2024-05-17 13:57:00,4755.0,4755.0,4751.2,4751.35,548
2024-05-17 13:58:00,4751.35,4759.95,4751.35,4759.95,5174
2024-05-17 13:59:00,4759.95,4760.0,4758.8,4759.9,618
2024-05-17 14:00:00,4759.9,4763.3,4759.2,4760.2,857
2024-05-17 14:01:00,4760.2,4762.5,4757.55,4757.55,696
2024-05-17 14:02:00,4757.55,4760.5,4757.55,4759.4,406
2024-05-17 14:03:00,4759.4,4762.0,4759.0,4760.0,667
2024-05-17 14:04:00,4760.0,4761.95,4760.0,4760.05,375
2024-05-17 14:05:00,4760.05,4761.75,4760.05,4760.2,406
2024-05-17 14:06:00,4760.25,4761.55,4760.1,4760.75,372
2024-05-17 14:07:00,4760.75,4762.0,4760.0,4760.9,341
2024-05-17 14:08:00,4760.9,4762.5,4760.9,4762.4,316
2024-05-17 14:09:00,4762.3,4765.0,4761.45,4764.2,744
2024-05-17 14:10:00,4764.2,4766.95,4764.05,4765.6,727
2024-05-17 14:11:00,4765.6,4768.0,4763.35,4763.5,4105
2024-05-17 14:12:00,4765.25,4765.25,4760.25,4760.3,350
2024-05-17 14:13:00,4760.3,4762.9,4757.0,4757.35,963
2024-05-17 14:14:00,4757.35,4761.1,4752.9,4755.0,1063
2024-05-17 14:15:00,4755.0,4761.3,4753.05,4760.5,1276
2024-05-17 14:16:00,4760.5,4760.5,4755.35,4758.55,631
2024-05-17 14:17:00,4758.55,4759.7,4755.0,4759.4,489
2024-05-17 14:18:00,4759.4,4759.4,4754.1,4756.55,606
2024-05-17 14:19:00,4756.55,4756.55,4752.55,4755.25,430
2024-05-17 14:20:00,4755.25,4757.65,4754.3,4755.2,607
2024-05-17 14:21:00,4755.2,4756.0,4751.15,4753.9,499
2024-05-17 14:22:00,4753.9,4757.25,4751.15,4756.0,3976
2024-05-17 14:23:00,4756.0,4758.0,4755.8,4757.15,1361
2024-05-17 14:24:00,4757.15,4757.95,4756.0,4756.25,1797
2024-05-17 14:25:00,4756.25,4757.45,4750.0,4750.55,907
2024-05-17 14:26:00,4750.05,4754.6,4750.05,4754.6,309
2024-05-17 14:27:00,4755.0,4755.0,4750.0,4750.0,534
2024-05-17 14:28:00,4750.7,4753.8,4750.0,4752.2,461
2024-05-17 14:29:00,4751.9,4754.1,4750.35,4754.0,567
2024-05-17 14:30:00,4754.0,4757.15,4752.75,4757.15,958
2024-05-17 14:31:00,4757.15,4757.15,4754.0,4754.0,813
2024-05-17 14:32:00,4754.0,4757.95,4754.0,4755.65,611
2024-05-17 14:33:00,4755.65,4758.95,4754.6,4758.95,1153
2024-05-17 14:34:00,4758.95,4761.4,4758.6,4760.15,737
2024-05-17 14:35:00,4760.15,4761.2,4758.1,4758.65,759
2024-05-17 14:36:00,4758.4,4761.5,4758.1,4758.1,565
2024-05-17 14:37:00,4758.6,4759.45,4758.1,4758.85,1194
2024-05-17 14:38:00,4758.1,4759.0,4757.85,4758.5,832
2024-05-17 14:39:00,4758.5,4759.95,4758.0,4758.3,2136
2024-05-17 14:40:00,4758.3,4759.9,4758.15,4759.3,347
2024-05-17 14:41:00,4759.3,4759.35,4758.0,4759.15,1459
2024-05-17 14:42:00,4759.15,4759.4,4758.0,4758.7,1690
2024-05-17 14:43:00,4758.7,4760.0,4758.05,4758.8,416
2024-05-17 14:44:00,4758.8,4759.7,4758.1,4759.7,665
2024-05-17 14:45:00,4759.7,4759.85,4758.0,4759.0,672
2024-05-17 14:46:00,4759.0,4762.0,4758.0,4761.95,2736
2024-05-17 14:47:00,4761.95,4762.0,4758.2,4759.9,521
2024-05-17 14:48:00,4759.9,4760.95,4759.15,4760.95,364
2024-05-17 14:49:00,4760.95,4761.35,4759.0,4759.9,707
2024-05-17 14:50:00,4759.9,4759.9,4757.4,4758.45,625
2024-05-17 14:51:00,4758.45,4761.0,4758.45,4759.7,523
2024-05-17 14:52:00,4759.7,4761.9,4759.25,4761.35,2701
2024-05-17 14:53:00,4761.35,4762.0,4760.25,4761.45,598
2024-05-17 14:54:00,4761.45,4763.0,4760.0,4763.0,1335
2024-05-17 14:55:00,4762.7,4765.0,4759.7,4761.45,3543
2024-05-17 14:56:00,4761.45,4762.75,4760.0,4761.1,662
2024-05-17 14:57:00,4761.1,4761.95,4758.15,4759.4,598
2024-05-17 14:58:00,4759.4,4760.9,4758.85,4760.3,531
2024-05-17 14:59:00,4760.3,4762.35,4756.15,4761.6,2983
2024-05-17 15:00:00,4761.05,4761.95,4755.0,4755.15,2435
2024-05-17 15:01:00,4755.15,4757.0,4753.0,4755.75,1751
2024-05-17 15:02:00,4755.75,4757.0,4754.0,4756.6,1994
2024-05-17 15:03:00,4756.6,4759.45,4756.6,4758.45,3226
2024-05-17 15:04:00,4758.45,4761.0,4758.1,4760.0,1970
2024-05-17 15:05:00,4762.3,4767.45,4760.0,4764.15,3653
2024-05-17 15:06:00,4764.15,4766.0,4764.15,4765.4,1883
2024-05-17 15:07:00,4765.0,4767.0,4763.0,4763.35,3358
2024-05-17 15:08:00,4763.65,4766.7,4763.0,4764.55,1442
2024-05-17 15:09:00,4764.55,4765.15,4758.25,4762.65,4696
2024-05-17 15:10:00,4761.85,4763.8,4759.95,4763.25,1758
2024-05-17 15:11:00,4763.25,4763.8,4760.65,4762.45,1112
2024-05-17 15:12:00,4761.8,4763.0,4760.0,4760.15,1942
2024-05-17 15:13:00,4760.2,4764.0,4760.0,4762.2,2426
2024-05-17 15:14:00,4762.2,4763.7,4762.0,4762.7,2147
2024-05-17 15:15:00,4765.0,4768.5,4763.05,4768.45,5707
2024-05-17 15:16:00,4767.6,4770.4,4767.05,4770.1,1935
2024-05-17 15:17:00,4770.1,4770.4,4765.0,4765.65,2224
2024-05-17 15:18:00,4765.65,4769.05,4765.0,4765.55,3716
2024-05-17 15:19:00,4765.55,4766.95,4765.0,4765.0,3219
2024-05-17 15:20:00,4765.1,4766.2,4765.0,4765.0,2945
2024-05-17 15:21:00,4765.05,4767.0,4765.0,4766.7,2213
2024-05-17 15:22:00,4766.9,4767.0,4765.0,4766.0,2325
2024-05-17 15:23:00,4766.0,4767.0,4764.05,4764.5,5550
2024-05-17 15:24:00,4764.7,4767.05,4764.7,4766.95,2932
2024-05-17 15:25:00,4766.95,4769.9,4765.0,4766.9,2364
2024-05-17 15:26:00,4766.9,4769.0,4765.3,4769.0,3553
2024-05-17 15:27:00,4768.15,4770.0,4768.0,4769.5,2441
2024-05-17 15:28:00,4769.0,4769.0,4768.0,4768.95,2527
2024-05-17 15:29:00,4768.95,4769.9,4768.0,4768.5,2107
2024-05-18 09:15:00,4789.95,4789.95,4770.0,4777.1,572
2024-05-18 09:16:00,4776.9,4776.9,4770.05,4771.55,175
2024-05-18 09:17:00,4771.0,4778.75,4760.0,4778.75,617
2024-05-18 09:18:00,4774.2,4778.75,4774.2,4775.0,104
2024-05-18 09:19:00,4775.0,4780.1,4770.0,4773.8,206
2024-05-18 09:20:00,4773.8,4776.85,4770.0,4770.1,105
2024-05-18 09:21:00,4770.1,4777.0,4761.0,4764.1,591
2024-05-18 09:22:00,4764.1,4769.8,4760.0,4769.8,260
2024-05-18 09:23:00,4769.8,4769.8,4762.85,4762.85,266
2024-05-18 09:24:00,4762.85,4769.95,4762.7,4766.9,296
2024-05-18 09:25:00,4762.95,4767.2,4762.0,4763.1,203
2024-05-18 09:26:00,4763.1,4769.55,4762.1,4767.9,197
2024-05-18 09:27:00,4769.95,4770.0,4764.95,4770.0,74
2024-05-18 09:28:00,4770.0,4771.5,4768.15,4771.0,106
2024-05-18 09:29:00,4768.2,4772.2,4768.2,4771.95,116
2024-05-18 09:30:00,4771.95,4771.95,4768.0,4769.95,24
2024-05-18 09:31:00,4769.95,4769.95,4767.0,4768.0,87
2024-05-18 09:32:00,4765.65,4771.75,4765.65,4771.7,185
2024-05-18 09:33:00,4771.7,4771.9,4768.05,4771.0,158
2024-05-18 09:34:00,4771.0,4771.85,4769.1,4769.1,51
2024-05-18 09:35:00,4769.1,4769.95,4766.05,4766.05,192
2024-05-18 09:36:00,4766.05,4769.75,4765.65,4769.75,54
2024-05-18 09:37:00,4769.75,4769.75,4765.6,4769.75,75
2024-05-18 09:38:00,4769.75,4769.85,4765.8,4769.75,180
2024-05-18 09:39:00,4769.75,4769.85,4765.0,4769.8,270
2024-05-18 09:40:00,4769.8,4769.8,4765.6,4769.7,87
2024-05-18 09:41:00,4769.7,4769.7,4765.6,4769.6,58
2024-05-18 09:42:00,4769.6,4769.6,4766.05,4766.05,52
2024-05-18 09:43:00,4769.3,4769.45,4765.0,4769.3,194
2024-05-18 09:44:00,4769.3,4769.5,4766.5,4769.5,197
2024-05-18 09:45:00,4769.5,4769.5,4753.0,4760.2,1730
2024-05-18 09:46:00,4760.2,4764.0,4760.2,4764.0,76
2024-05-18 09:47:00,4764.0,4764.0,4755.0,4759.2,121
2024-05-18 09:48:00,4759.2,4760.95,4755.2,4759.0,48
2024-05-18 09:49:00,4752.05,4757.55,4751.6,4752.15,265
2024-05-18 09:50:00,4752.15,4756.4,4751.0,4756.4,137
2024-05-18 09:51:00,4756.4,4756.4,4752.0,4752.0,161
2024-05-18 09:52:00,4752.0,4754.0,4750.0,4751.5,404
2024-05-18 09:53:00,4750.05,4752.65,4750.0,4750.05,289
2024-05-18 09:54:00,4750.1,4752.25,4740.95,4740.95,406
2024-05-18 09:55:00,4740.95,4746.0,4740.0,4742.0,313
2024-05-18 09:56:00,4741.0,4745.95,4741.0,4745.35,219
2024-05-18 09:57:00,4742.1,4746.0,4742.1,4745.0,358
2024-05-18 09:58:00,4742.75,4746.0,4742.2,4746.0,213
2024-05-18 09:59:00,4746.0,4754.7,4743.0,4754.7,430
2024-05-18 11:30:00,4755.0,4757.7,4750.0,4753.25,251
2024-05-18 11:31:00,4754.65,4766.1,4753.25,4762.0,247
2024-05-18 11:32:00,4762.0,4762.0,4755.35,4760.0,63
2024-05-18 11:33:00,4760.0,4760.0,4753.0,4753.0,341
2024-05-18 11:34:00,4755.0,4755.0,4750.05,4755.0,107
2024-05-18 11:35:00,4755.0,4755.0,4751.2,4755.0,161
2024-05-18 11:36:00,4755.0,4755.0,4750.05,4754.95,212
2024-05-18 11:37:00,4751.0,4755.0,4751.0,4755.0,104
2024-05-18 11:38:00,4755.0,4755.0,4754.0,4755.0,393
2024-05-18 11:39:00,4755.0,4755.0,4750.0,4750.0,147
2024-05-18 11:40:00,4750.0,4754.5,4750.0,4750.4,215
2024-05-18 11:41:00,4753.95,4754.0,4750.0,4750.0,61
2024-05-18 11:42:00,4750.0,4754.0,4750.0,4750.05,144
2024-05-18 11:43:00,4750.05,4753.85,4749.05,4749.05,148
2024-05-18 11:44:00,4749.05,4753.25,4749.05,4750.0,43
2024-05-18 11:45:00,4750.0,4753.95,4750.0,4750.2,84
2024-05-18 11:46:00,4753.9,4753.9,4750.0,4753.5,130
2024-05-18 11:47:00,4753.5,4754.5,4750.0,4754.45,154
2024-05-18 11:48:00,4754.45,4754.45,4750.0,4750.05,36
2024-05-18 11:49:00,4750.0,4753.6,4750.0,4750.2,45
2024-05-18 11:50:00,4750.2,4753.55,4750.2,4753.55,30
2024-05-18 11:51:00,4751.05,4754.95,4751.05,4751.05,132
2024-05-18 11:52:00,4753.95,4755.0,4750.0,4750.0,335
2024-05-18 11:53:00,4750.0,4750.05,4749.05,4750.05,233
2024-05-18 11:54:00,4750.05,4753.0,4750.0,4750.0,53
2024-05-18 11:55:00,4750.0,4752.25,4748.25,4750.2,221
2024-05-18 11:56:00,4750.2,4751.0,4749.0,4750.15,49
2024-05-18 11:57:00,4750.15,4750.15,4747.0,4747.0,94
2024-05-18 11:58:00,4747.0,4747.0,4742.65,4746.95,97
2024-05-18 11:59:00,4746.95,4746.95,4741.25,4746.75,109
2024-05-18 12:00:00,4746.75,4746.8,4742.5,4742.5,94
2024-05-18 12:01:00,4746.55,4747.0,4743.1,4747.0,77
2024-05-18 12:02:00,4747.0,4747.0,4747.0,4747.0,87
2024-05-18 12:03:00,4747.0,4748.15,4744.55,4745.05,23
2024-05-18 12:04:00,4745.05,4748.75,4745.05,4748.0,15
2024-05-18 12:05:00,4748.0,4749.95,4748.0,4748.0,24
2024-05-18 12:06:00,4748.0,4750.0,4748.0,4750.0,30
2024-05-18 12:07:00,4750.0,4750.0,4748.0,4748.05,41
2024-05-18 12:08:00,4748.05,4750.05,4748.0,4749.95,105
2024-05-18 12:09:00,4749.95,4750.0,4749.0,4749.55,71
2024-05-18 12:10:00,4749.55,4750.15,4749.55,4750.15,374
2024-05-18 12:11:00,4750.15,4754.05,4750.15,4754.05,278
2024-05-18 12:12:00,4754.5,4755.0,4750.15,4754.95,135
2024-05-18 12:13:00,4754.9,4754.95,4750.75,4753.5,169
2024-05-18 12:14:00,4753.45,4754.95,4753.0,4753.95,149
2024-05-18 12:15:00,4754.0,4754.0,4750.0,4750.4,163
2024-05-18 12:16:00,4750.4,4750.4,4750.0,4750.15,129
2024-05-18 12:17:00,4750.15,4750.2,4750.0,4750.0,156
2024-05-18 12:18:00,4750.0,4753.5,4750.0,4753.5,71
2024-05-18 12:19:00,4753.05,4754.95,4752.05,4754.95,117
2024-05-18 12:20:00,4754.95,4754.95,4754.0,4754.95,124
2024-05-18 12:21:00,4754.95,4759.0,4754.95,4756.8,287
2024-05-18 12:22:00,4756.1,4756.85,4755.0,4756.7,528
2024-05-18 12:23:00,4756.7,4757.0,4754.0,4754.95,199
2024-05-18 12:24:00,4754.8,4756.95,4745.0,4750.4,436
2024-05-18 12:25:00,4750.4,4750.4,4749.0,4749.6,298
2024-05-18 12:26:00,4749.6,4749.65,4749.6,4749.6,151
2024-05-18 12:27:00,4749.05,4750.0,4740.0,4749.6,564
2024-05-18 12:28:00,4753.5,4757.0,4749.95,4750.0,164
2024-05-18 12:29:00,4750.0,4755.85,4740.0,4753.0,427
2024-05-21 09:15:00,4750.0,4774.0,4743.0,4760.25,3330
2024-05-21 09:16:00,4760.75,4765.7,4755.6,4757.1,1108
2024-05-21 09:17:00,4760.75,4763.75,4752.8,4760.0,1848
2024-05-21 09:18:00,4760.75,4760.9,4752.8,4757.5,785
2024-05-21 09:19:00,4757.2,4762.0,4754.0,4762.0,1972
2024-05-21 09:20:00,4762.0,4769.9,4759.1,4766.55,1237
2024-05-21 09:21:00,4769.1,4772.45,4765.8,4769.0,857
2024-05-21 09:22:00,4767.1,4768.55,4760.6,4765.0,1583
2024-05-21 09:23:00,4765.0,4772.0,4765.0,4770.0,1305
2024-05-21 09:24:00,4770.0,4780.5,4768.15,4775.0,2802
2024-05-21 09:25:00,4775.0,4775.05,4771.0,4773.9,287
2024-05-21 09:26:00,4773.9,4773.9,4763.5,4763.5,601
2024-05-21 09:27:00,4763.5,4766.7,4761.6,4761.6,626
2024-05-21 09:28:00,4761.6,4766.7,4760.1,4765.0,1127
2024-05-21 09:29:00,4765.0,4769.95,4764.95,4765.4,492
2024-05-21 09:30:00,4765.4,4770.0,4765.15,4766.75,729
2024-05-21 09:31:00,4766.75,4767.45,4757.45,4759.75,606
2024-05-21 09:32:00,4758.3,4760.5,4757.5,4759.65,255
2024-05-21 09:33:00,4757.6,4768.1,4757.6,4765.0,859
2024-05-21 09:34:00,4765.0,4765.6,4758.9,4759.1,468
2024-05-21 09:35:00,4760.05,4760.2,4757.35,4757.35,386
2024-05-21 09:36:00,4758.8,4760.0,4757.7,4759.85,541
2024-05-21 09:37:00,4758.8,4762.55,4757.95,4759.85,579
2024-05-21 09:38:00,4760.05,4760.05,4758.05,4760.0,160
2024-05-21 09:39:00,4760.0,4761.05,4757.5,4760.0,517
2024-05-21 09:40:00,4760.0,4760.0,4757.0,4757.0,312
2024-05-21 09:41:00,4756.55,4758.4,4755.0,4757.95,1162
2024-05-21 09:42:00,4757.95,4760.0,4756.25,4760.0,183
2024-05-21 09:43:00,4760.0,4760.5,4758.2,4760.4,414
2024-05-21 09:44:00,4760.4,4760.4,4758.05,4758.1,111
2024-05-21 09:45:00,4758.1,4760.0,4757.05,4759.55,259
2024-05-21 09:46:00,4759.55,4759.95,4754.0,4755.25,280
2024-05-21 09:47:00,4755.95,4755.95,4752.95,4755.0,1105
2024-05-21 09:48:00,4754.85,4755.0,4752.4,4754.7,337
2024-05-21 09:49:00,4753.35,4754.7,4750.0,4753.05,749
2024-05-21 09:50:00,4753.05,4755.55,4751.4,4753.25,450
2024-05-21 09:51:00,4753.25,4755.9,4752.05,4754.3,270
2024-05-21 09:52:00,4755.0,4756.0,4753.1,4753.1,388
2024-05-21 09:53:00,4753.1,4754.8,4753.1,4753.1,93
2024-05-21 09:54:00,4753.1,4755.3,4752.05,4753.0,580
2024-05-21 09:55:00,4753.0,4753.0,4745.1,4746.0,1000
2024-05-21 09:56:00,4746.0,4750.75,4745.1,4748.25,615
2024-05-21 09:57:00,4748.2,4749.8,4745.0,4745.0,338
2024-05-21 09:58:00,4745.0,4746.9,4744.0,4745.0,270
2024-05-21 09:59:00,4744.75,4748.8,4744.0,4747.9,399
2024-05-21 10:00:00,4747.9,4748.25,4746.15,4746.15,116
2024-05-21 10:01:00,4746.15,4748.25,4745.6,4747.85,166
2024-05-21 10:02:00,4746.0,4749.35,4746.0,4749.0,392
2024-05-21 10:03:00,4749.0,4749.4,4746.1,4747.65,319
2024-05-21 10:04:00,4746.15,4749.3,4746.15,4749.2,124
2024-05-21 10:05:00,4747.05,4749.0,4747.05,4747.75,144
2024-05-21 10:06:00,4747.25,4754.95,4747.25,4754.45,644
2024-05-21 10:07:00,4754.45,4754.45,4752.2,4752.2,101
2024-05-21 10:08:00,4752.2,4753.8,4750.0,4751.1,92
2024-05-21 10:09:00,4752.0,4757.0,4751.1,4755.0,1062
2024-05-21 10:10:00,4760.0,4760.0,4754.45,4756.5,1496
2024-05-21 10:11:00,4758.4,4759.55,4756.15,4759.3,353
2024-05-21 10:12:00,4759.3,4759.35,4756.35,4756.35,321
2024-05-21 10:13:00,4757.6,4757.6,4755.65,4756.0,87
2024-05-21 10:14:00,4757.35,4757.4,4755.35,4755.35,48
2024-05-21 10:15:00,4755.35,4758.0,4754.55,4755.9,585
2024-05-21 10:16:00,4756.25,4757.5,4747.0,4747.0,458
2024-05-21 10:17:00,4747.0,4747.2,4745.0,4745.7,348
2024-05-21 10:18:00,4746.5,4750.0,4745.75,4750.0,329
2024-05-21 10:19:00,4750.0,4750.0,4746.0,4746.25,166
2024-05-21 10:20:00,4746.25,4748.4,4745.0,4745.85,183
2024-05-21 10:21:00,4745.85,4747.65,4745.0,4745.95,464
2024-05-21 10:22:00,4745.05,4745.95,4743.1,4745.0,453
2024-05-21 10:23:00,4745.0,4745.95,4742.0,4745.9,235
2024-05-21 10:24:00,4745.9,4748.1,4743.55,4747.6,327
2024-05-21 10:25:00,4747.6,4750.0,4747.55,4749.95,183
2024-05-21 10:26:00,4749.95,4750.0,4747.6,4749.45,172
2024-05-21 10:27:00,4747.7,4753.85,4747.7,4753.85,559
2024-05-21 10:28:00,4753.95,4754.0,4751.6,4754.0,263
2024-05-21 10:29:00,4754.0,4758.7,4751.6,4755.85,451
2024-05-21 10:30:00,4755.85,4756.0,4753.55,4753.55,134
2024-05-21 10:31:00,4753.55,4755.75,4752.1,4755.65,558
2024-05-21 10:32:00,4755.65,4755.65,4748.8,4750.0,195
2024-05-21 10:33:00,4749.05,4752.9,4747.9,4750.0,324
2024-05-21 10:34:00,4750.0,4750.0,4746.0,4747.0,191
2024-05-21 10:35:00,4747.0,4751.35,4744.6,4751.1,519
2024-05-21 10:36:00,4751.1,4751.1,4746.5,4747.65,401
2024-05-21 10:37:00,4747.65,4749.15,4744.0,4744.0,143
2024-05-21 10:38:00,4744.0,4745.95,4743.0,4743.35,349
2024-05-21 10:39:00,4743.35,4745.0,4742.05,4742.05,378
2024-05-21 10:40:00,4742.05,4743.55,4742.0,4742.0,340
2024-05-21 10:41:00,4742.0,4742.1,4736.3,4736.4,1344
2024-05-21 10:42:00,4735.4,4739.5,4733.15,4733.4,1092
2024-05-21 10:43:00,4735.05,4739.05,4733.0,4739.05,524
2024-05-21 10:44:00,4738.05,4738.1,4735.3,4735.3,423
2024-05-21 10:45:00,4735.3,4738.05,4735.0,4735.0,274
2024-05-21 10:46:00,4735.0,4736.8,4734.5,4735.5,269
2024-05-21 10:47:00,4735.15,4736.75,4734.1,4736.0,431
2024-05-21 10:48:00,4736.7,4739.1,4735.55,4739.05,285
2024-05-21 10:49:00,4739.05,4744.7,4738.7,4744.7,744
2024-05-21 10:50:00,4744.7,4748.85,4741.7,4746.05,714
2024-05-21 10:51:00,4747.0,4747.6,4742.0,4742.2,361
2024-05-21 10:52:00,4742.2,4745.9,4741.45,4741.45,299
2024-05-21 10:53:00,4741.45,4741.85,4738.6,4739.5,205
2024-05-21 10:54:00,4739.5,4740.0,4739.05,4739.05,307
2024-05-21 10:55:00,4739.0,4742.0,4739.0,4739.1,242
2024-05-21 10:56:00,4739.4,4742.2,4739.4,4742.0,188
2024-05-21 10:57:00,4742.0,4747.0,4741.6,4746.7,427
2024-05-21 10:58:00,4746.7,4747.2,4745.6,4747.2,286
2024-05-21 10:59:00,4747.2,4751.95,4746.25,4751.95,684
2024-05-21 11:00:00,4750.65,4753.45,4750.65,4753.1,571
2024-05-21 11:01:00,4753.1,4755.5,4753.0,4753.0,652
2024-05-21 11:02:00,4753.0,4753.95,4752.2,4752.9,609
2024-05-21 11:03:00,4753.85,4757.85,4753.0,4754.25,580
2024-05-21 11:04:00,4755.85,4757.65,4754.25,4756.25,335
2024-05-21 11:05:00,4756.2,4760.0,4755.05,4756.25,1191
2024-05-21 11:06:00,4756.4,4757.65,4756.0,4756.05,668
2024-05-21 11:07:00,4755.6,4755.6,4753.0,4753.1,296
2024-05-21 11:08:00,4753.1,4756.35,4753.1,4756.35,704
2024-05-21 11:09:00,4756.35,4758.85,4755.05,4756.2,529
2024-05-21 11:10:00,4756.2,4757.85,4756.2,4756.75,298
2024-05-21 11:11:00,4756.8,4758.5,4756.7,4756.9,625
2024-05-21 11:12:00,4756.9,4757.85,4756.45,4756.75,675
2024-05-21 11:13:00,4756.75,4758.0,4756.5,4757.15,233
2024-05-21 11:14:00,4757.2,4758.05,4757.2,4758.05,225
2024-05-21 11:15:00,4758.05,4758.45,4757.6,4757.65,203
2024-05-21 11:16:00,4757.6,4757.6,4753.7,4754.0,506
2024-05-21 11:17:00,4754.0,4754.95,4754.0,4754.3,380
2024-05-21 11:18:00,4754.3,4754.95,4754.0,4754.0,211
2024-05-21 11:19:00,4753.95,4753.95,4753.05,4753.1,388
2024-05-21 11:20:00,4753.1,4753.35,4751.05,4753.15,3503
2024-05-21 11:21:00,4754.0,4754.0,4752.15,4753.0,695
2024-05-21 11:22:00,4753.0,4753.05,4753.0,4753.0,479
2024-05-21 11:23:00,4753.0,4753.05,4753.0,4753.0,289
2024-05-21 11:24:00,4753.0,4753.25,4752.0,4752.8,1067
2024-05-21 11:25:00,4752.5,4756.95,4752.5,4755.0,483
2024-05-21 11:26:00,4755.0,4755.0,4752.0,4752.85,512
2024-05-21 11:27:00,4752.85,4753.3,4751.45,4752.7,878
2024-05-21 11:28:00,4752.7,4753.15,4752.7,4753.0,485
2024-05-21 11:29:00,4753.0,4753.1,4752.9,4752.95,413
2024-05-21 11:30:00,4752.95,4753.05,4752.85,4753.05,492
2024-05-21 11:31:00,4753.05,4754.8,4753.0,4753.35,551
2024-05-21 11:32:00,4753.35,4753.35,4753.0,4753.0,277
2024-05-21 11:33:00,4753.0,4753.2,4753.0,4753.0,2382
2024-05-21 11:34:00,4753.0,4753.1,4751.7,4752.5,653
2024-05-21 11:35:00,4752.45,4753.1,4752.45,4752.85,547
2024-05-21 11:36:00,4752.85,4755.0,4752.8,4753.0,364
2024-05-21 11:37:00,4753.15,4753.5,4752.95,4752.95,397
2024-05-21 11:38:00,4752.95,4754.1,4751.05,4752.9,2631
2024-05-21 11:39:00,4752.9,4754.9,4752.9,4754.9,442
2024-05-21 11:40:00,4754.9,4754.9,4753.0,4753.15,441
2024-05-21 11:41:00,4753.15,4753.15,4753.0,4753.05,506
2024-05-21 11:42:00,4753.0,4755.0,4753.0,4755.0,735
2024-05-21 11:43:00,4755.0,4755.0,4753.0,4753.0,301
2024-05-21 11:44:00,4753.0,4754.35,4753.0,4753.1,454
2024-05-21 11:45:00,4753.1,4753.1,4753.0,4753.1,827
2024-05-21 11:46:00,4753.1,4753.1,4752.95,4753.0,577
2024-05-21 11:47:00,4753.0,4753.1,4750.6,4753.0,749
2024-05-21 11:48:00,4752.8,4755.0,4752.8,4753.0,531
2024-05-21 11:49:00,4753.0,4753.05,4748.55,4748.55,1668
2024-05-21 11:50:00,4748.5,4748.5,4745.0,4745.0,210
2024-05-21 11:51:00,4745.0,4745.0,4742.35,4744.95,705
2024-05-21 11:52:00,4744.95,4744.95,4743.3,4744.0,256
2024-05-21 11:53:00,4744.0,4744.95,4743.4,4743.4,298
2024-05-21 11:54:00,4744.0,4744.0,4740.1,4741.95,158
2024-05-21 11:55:00,4741.95,4742.0,4740.05,4742.0,38
2024-05-21 11:56:00,4742.0,4749.85,4741.1,4749.85,1170
2024-05-21 11:57:00,4749.85,4750.0,4748.95,4750.0,557
2024-05-21 11:58:00,4750.0,4750.0,4749.0,4750.0,788
2024-05-21 11:59:00,4749.0,4750.0,4749.0,4749.0,543
2024-05-21 12:00:00,4749.85,4750.0,4749.0,4749.0,132
2024-05-21 12:01:00,4749.0,4750.0,4749.0,4749.0,178
2024-05-21 12:02:00,4749.0,4750.0,4748.95,4748.95,139
2024-05-21 12:03:00,4750.0,4750.0,4746.6,4750.0,60
2024-05-21 12:04:00,4748.05,4753.55,4745.65,4753.55,14424
2024-05-21 12:05:00,4753.55,4753.55,4750.0,4751.55,527
2024-05-21 12:06:00,4751.55,4751.55,4750.0,4750.0,443
2024-05-21 12:07:00,4750.0,4750.2,4750.0,4750.1,458
2024-05-21 12:08:00,4750.1,4751.0,4749.9,4751.0,972
2024-05-21 12:09:00,4751.0,4751.0,4750.1,4750.15,286
2024-05-21 12:10:00,4750.15,4750.15,4750.0,4750.05,369
2024-05-21 12:11:00,4750.05,4750.05,4750.0,4750.05,518
2024-05-21 12:12:00,4750.05,4753.15,4750.0,4753.15,515
2024-05-21 12:13:00,4753.15,4753.95,4750.0,4753.35,401
2024-05-21 12:14:00,4753.35,4754.2,4751.0,4753.2,451
2024-05-21 12:15:00,4753.15,4755.0,4750.9,4752.2,187
2024-05-21 12:16:00,4752.2,4754.65,4751.0,4751.55,265
2024-05-21 12:17:00,4752.45,4753.85,4750.0,4750.1,411
2024-05-21 12:18:00,4750.1,4750.75,4750.0,4750.35,1246
2024-05-21 12:19:00,4750.35,4750.7,4747.0,4747.05,473
2024-05-21 12:20:00,4747.2,4749.95,4747.0,4749.95,210
2024-05-21 12:21:00,4749.95,4750.5,4748.9,4750.2,485
2024-05-21 12:22:00,4750.2,4753.65,4750.0,4750.4,401
2024-05-21 12:23:00,4750.4,4751.4,4750.0,4750.0,364
2024-05-21 12:24:00,4750.0,4752.1,4750.0,4751.25,319
2024-05-21 12:25:00,4751.25,4752.3,4750.0,4750.0,818
2024-05-21 12:26:00,4750.05,4750.05,4750.0,4750.05,321
2024-05-21 12:27:00,4750.0,4751.5,4750.0,4750.25,402
2024-05-21 12:28:00,4750.25,4750.25,4750.0,4750.0,508
2024-05-21 12:29:00,4750.0,4750.05,4750.0,4750.05,338
2024-05-21 12:30:00,4750.05,4752.0,4750.0,4751.6,440
2024-05-21 12:31:00,4751.7,4753.9,4750.5,4752.3,220
2024-05-21 12:32:00,4752.3,4752.3,4750.25,4750.25,234
2024-05-21 12:33:00,4751.95,4752.3,4750.5,4751.45,244
2024-05-21 12:34:00,4751.1,4753.25,4750.15,4750.15,472
2024-05-21 12:35:00,4751.35,4753.0,4750.15,4751.55,373
2024-05-21 12:36:00,4752.85,4752.95,4752.0,4752.3,282
2024-05-21 12:37:00,4752.3,4752.35,4750.05,4750.55,355
2024-05-21 12:38:00,4750.05,4753.0,4750.05,4750.35,374
2024-05-21 12:39:00,4750.1,4752.25,4750.1,4751.1,304
2024-05-21 12:40:00,4751.1,4751.8,4750.2,4750.2,361
2024-05-21 12:41:00,4750.85,4751.85,4750.0,4750.45,372
2024-05-21 12:42:00,4750.05,4751.1,4750.05,4751.1,243
2024-05-21 12:43:00,4751.1,4752.65,4750.0,4751.35,613
2024-05-21 12:44:00,4752.45,4753.0,4750.0,4750.0,909
2024-05-21 12:45:00,4750.0,4751.25,4750.0,4750.15,277
2024-05-21 12:46:00,4750.15,4752.95,4750.0,4750.6,467
2024-05-21 12:47:00,4752.6,4752.6,4750.5,4751.15,445
2024-05-21 12:48:00,4751.15,4752.75,4750.75,4751.05,636
2024-05-21 12:49:00,4751.05,4753.0,4750.05,4753.0,1365
2024-05-21 12:50:00,4751.05,4754.85,4751.05,4753.65,3783
2024-05-21 12:51:00,4754.8,4756.95,4750.55,4751.1,4194
2024-05-21 12:52:00,4751.1,4751.65,4750.0,4750.3,732
2024-05-21 12:53:00,4750.3,4753.4,4750.0,4751.1,482
2024-05-21 12:54:00,4751.05,4752.45,4750.25,4751.1,270
2024-05-21 12:55:00,4751.1,4752.85,4750.65,4751.15,670
2024-05-21 12:56:00,4750.75,4753.8,4750.7,4750.8,543
2024-05-21 12:57:00,4751.05,4752.95,4750.25,4750.65,1095
2024-05-21 12:58:00,4750.65,4750.75,4750.0,4750.4,207
2024-05-21 12:59:00,4750.4,4752.0,4750.1,4751.05,431
2024-05-21 13:00:00,4751.05,4754.75,4750.3,4752.8,476
2024-05-21 13:01:00,4752.8,4756.4,4751.2,4755.0,622
2024-05-21 13:02:00,4755.0,4755.0,4751.3,4753.3,616
2024-05-21 13:03:00,4754.75,4755.7,4753.15,4755.05,317
2024-05-21 13:04:00,4755.05,4756.0,4754.2,4754.2,472
2024-05-21 13:05:00,4754.2,4756.3,4754.05,4754.1,300
2024-05-21 13:06:00,4754.65,4754.65,4754.05,4754.4,309
2024-05-21 13:07:00,4754.35,4754.35,4753.0,4753.25,192
2024-05-21 13:08:00,4753.25,4755.0,4751.0,4751.0,368
2024-05-21 13:09:00,4751.0,4752.95,4750.0,4750.05,410
2024-05-21 13:10:00,4750.05,4750.1,4750.0,4750.0,612
2024-05-21 13:11:00,4750.0,4751.8,4750.0,4751.5,190
2024-05-21 13:12:00,4750.25,4751.5,4750.25,4751.5,215
2024-05-21 13:13:00,4751.5,4751.5,4750.35,4750.4,196
2024-05-21 13:14:00,4750.7,4752.4,4750.4,4750.5,162
2024-05-21 13:15:00,4750.5,4750.75,4750.05,4750.5,404
2024-05-21 13:16:00,4750.5,4750.5,4750.0,4750.0,472
2024-05-21 13:17:00,4750.15,4750.5,4750.0,4750.5,592
2024-05-21 13:18:00,4750.2,4752.1,4750.2,4751.4,667
2024-05-21 13:19:00,4751.4,4753.4,4750.25,4750.55,1059
2024-05-21 13:20:00,4752.1,4752.1,4750.0,4750.0,623
2024-05-21 13:21:00,4750.0,4750.05,4749.95,4749.95,740
2024-05-21 13:22:00,4749.95,4750.0,4749.6,4749.6,2566
2024-05-21 13:23:00,4749.85,4749.85,4749.6,4749.6,444
2024-05-21 13:24:00,4749.85,4749.85,4749.6,4749.6,548
2024-05-21 13:25:00,4749.6,4749.9,4749.6,4749.6,87
2024-05-21 13:26:00,4749.9,4751.05,4749.6,4750.0,588
2024-05-21 13:27:00,4750.0,4753.7,4750.0,4750.0,729
2024-05-21 13:28:00,4750.0,4750.45,4750.0,4750.0,1236
2024-05-21 13:29:00,4749.95,4752.0,4749.95,4752.0,1583
2024-05-21 13:30:00,4752.0,4752.0,4750.3,4750.5,1325
2024-05-21 13:31:00,4750.5,4750.5,4749.95,4749.95,3160
2024-05-21 13:32:00,4748.0,4750.0,4747.1,4747.15,2296
2024-05-21 13:33:00,4747.5,4750.0,4746.45,4746.95,1790
2024-05-21 13:34:00,4746.95,4747.0,4742.4,4743.05,1114
2024-05-21 13:35:00,4743.05,4743.05,4739.0,4740.0,4222
2024-05-21 13:36:00,4740.0,4743.25,4739.0,4740.0,1121
2024-05-21 13:37:00,4740.0,4742.9,4739.85,4740.65,1317
2024-05-21 13:38:00,4740.65,4742.65,4739.0,4739.0,648
2024-05-21 13:39:00,4739.0,4740.0,4739.0,4739.1,58
2024-05-21 13:40:00,4739.1,4740.0,4737.7,4738.45,684
2024-05-21 13:41:00,4738.5,4739.8,4738.2,4738.5,43
2024-05-21 13:42:00,4738.5,4739.65,4737.7,4737.7,286
2024-05-21 13:43:00,4737.7,4738.75,4737.0,4737.5,7849
2024-05-21 13:44:00,4739.25,4739.25,4737.0,4738.05,124
2024-05-21 13:45:00,4738.35,4739.55,4738.0,4738.05,159
2024-05-21 13:46:00,4738.05,4739.2,4737.25,4737.25,6087
2024-05-21 13:47:00,4737.25,4738.3,4737.1,4738.0,4308
2024-05-21 13:48:00,4738.0,4738.9,4736.8,4736.8,2729
2024-05-21 13:49:00,4736.8,4737.1,4734.85,4735.0,3507
2024-05-21 13:50:00,4734.85,4735.0,4734.2,4734.2,1431
2024-05-21 13:51:00,4734.2,4736.0,4728.45,4728.45,4481
2024-05-21 13:52:00,4728.45,4730.0,4727.0,4727.0,643
2024-05-21 13:53:00,4727.0,4731.95,4725.7,4729.45,1522
2024-05-21 13:54:00,4729.45,4733.5,4729.15,4729.15,1663
2024-05-21 13:55:00,4729.15,4731.0,4726.95,4726.95,1932
2024-05-21 13:56:00,4726.95,4728.0,4726.95,4727.0,1811
2024-05-21 13:57:00,4727.0,4727.0,4723.3,4724.0,930
2024-05-21 13:58:00,4723.3,4726.8,4722.5,4726.5,4427
2024-05-21 13:59:00,4725.75,4727.5,4723.65,4725.55,2340
2024-05-21 14:00:00,4725.55,4734.0,4725.4,4731.5,2877
2024-05-21 14:01:00,4730.0,4736.95,4730.0,4736.75,5028
2024-05-21 14:02:00,4735.0,4736.8,4732.9,4734.7,1040
2024-05-21 14:03:00,4734.7,4736.25,4733.65,4735.0,234
2024-05-21 14:04:00,4735.0,4738.0,4735.0,4737.0,187
2024-05-21 14:05:00,4737.0,4738.0,4735.0,4738.0,2162
2024-05-21 14:06:00,4738.0,4738.8,4735.1,4735.75,182
2024-05-21 14:07:00,4735.75,4738.25,4734.6,4735.1,2475
2024-05-21 14:08:00,4737.0,4741.45,4735.9,4738.0,2405
2024-05-21 14:09:00,4738.0,4739.55,4734.1,4735.0,6358
2024-05-21 14:10:00,4735.0,4736.15,4733.45,4735.05,704
2024-05-21 14:11:00,4735.05,4736.95,4732.45,4733.05,1628
2024-05-21 14:12:00,4733.05,4733.8,4728.7,4731.0,11186
2024-05-21 14:13:00,4731.0,4732.45,4729.0,4729.0,2558
2024-05-21 14:14:00,4729.0,4729.95,4726.2,4727.0,347
2024-05-21 14:15:00,4727.0,4727.0,4725.25,4725.25,216
2024-05-21 14:16:00,4725.0,4726.8,4723.5,4724.5,2878
2024-05-21 14:17:00,4724.5,4728.95,4724.5,4725.75,202
2024-05-21 14:18:00,4725.75,4728.3,4724.9,4727.8,457
2024-05-21 14:19:00,4727.8,4729.55,4726.2,4729.05,719
2024-05-21 14:20:00,4729.05,4730.85,4727.95,4730.65,807
2024-05-21 14:21:00,4730.65,4730.75,4729.2,4729.95,446
2024-05-21 14:22:00,4729.45,4729.95,4725.05,4725.8,448
2024-05-21 14:23:00,4725.05,4725.5,4724.1,4724.45,470
2024-05-21 14:24:00,4724.45,4728.0,4724.0,4728.0,586
2024-05-21 14:25:00,4726.15,4727.65,4725.8,4727.25,594
2024-05-21 14:26:00,4727.25,4730.0,4727.25,4728.85,547
2024-05-21 14:27:00,4728.85,4728.85,4724.0,4724.0,1153
2024-05-21 14:28:00,4724.0,4724.9,4721.7,4722.0,7181
2024-05-21 14:29:00,4722.0,4724.35,4717.2,4718.0,3897
2024-05-21 14:30:00,4718.0,4720.0,4717.2,4717.3,2756
2024-05-21 14:31:00,4717.3,4719.3,4714.0,4714.0,2984
2024-05-21 14:32:00,4714.0,4714.95,4711.0,4711.0,4339
2024-05-21 14:33:00,4712.95,4713.0,4711.0,4713.0,1104
2024-05-21 14:34:00,4713.0,4715.0,4711.55,4713.0,3888
2024-05-21 14:35:00,4713.0,4716.1,4712.0,4712.85,4723
2024-05-21 14:36:00,4712.85,4713.0,4712.0,4713.0,1102
2024-05-21 14:37:00,4712.15,4716.3,4712.15,4712.65,3261
2024-05-21 14:38:00,4713.0,4713.0,4712.65,4712.7,766
2024-05-21 14:39:00,4712.7,4721.55,4711.6,4718.2,13141
2024-05-21 14:40:00,4718.2,4719.8,4716.05,4718.25,315
2024-05-21 14:41:00,4718.25,4721.9,4718.25,4719.6,456
2024-05-21 14:42:00,4719.6,4722.7,4719.05,4720.65,514
2024-05-21 14:43:00,4724.4,4724.4,4721.35,4721.95,461
2024-05-21 14:44:00,4721.95,4725.0,4721.35,4725.0,234
2024-05-21 14:45:00,4725.0,4727.0,4723.75,4725.9,774
2024-05-21 14:46:00,4725.15,4729.25,4725.0,4726.05,390
2024-05-21 14:47:00,4725.65,4725.95,4725.0,4725.0,2164
2024-05-21 14:48:00,4725.0,4726.8,4725.0,4725.55,309
2024-05-21 14:49:00,4725.0,4725.85,4725.0,4725.0,566
2024-05-21 14:50:00,4725.0,4725.6,4725.0,4725.0,516
2024-05-21 14:51:00,4725.1,4725.75,4725.0,4725.0,410
2024-05-21 14:52:00,4725.0,4725.1,4725.0,4725.0,1413
2024-05-21 14:53:00,4725.0,4725.85,4725.0,4725.7,572
2024-05-21 14:54:00,4725.7,4725.85,4722.8,4725.0,3361
2024-05-21 14:55:00,4725.3,4725.5,4725.0,4725.0,331
2024-05-21 14:56:00,4725.5,4725.5,4725.0,4725.05,806
2024-05-21 14:57:00,4725.0,4725.45,4725.0,4725.2,429
2024-05-21 14:58:00,4725.2,4725.2,4725.0,4725.05,1561
2024-05-21 14:59:00,4725.05,4725.2,4725.0,4725.05,1343
2024-05-21 15:00:00,4725.0,4728.95,4725.0,4726.6,1405
2024-05-21 15:01:00,4726.6,4730.0,4726.6,4729.95,811
2024-05-21 15:02:00,4728.9,4735.45,4728.75,4731.2,1382
2024-05-21 15:03:00,4731.2,4731.95,4729.85,4730.8,565
2024-05-21 15:04:00,4730.8,4736.5,4730.8,4736.5,1371
2024-05-21 15:05:00,4735.9,4737.85,4730.75,4730.75,945
2024-05-21 15:06:00,4732.55,4739.15,4732.55,4733.25,2389
2024-05-21 15:07:00,4734.4,4734.4,4730.15,4733.35,760
2024-05-21 15:08:00,4733.35,4735.7,4732.35,4733.1,972
2024-05-21 15:09:00,4733.3,4734.15,4731.4,4732.25,1164
2024-05-21 15:10:00,4732.25,4735.6,4732.25,4734.15,755
2024-05-21 15:11:00,4734.0,4734.1,4730.15,4732.85,959
2024-05-21 15:12:00,4732.05,4732.45,4729.0,4730.95,852
2024-05-21 15:13:00,4730.2,4734.0,4729.3,4729.8,889
2024-05-21 15:14:00,4728.0,4730.15,4727.0,4729.95,1026
2024-05-21 15:15:00,4729.95,4732.75,4728.4,4729.75,1474
2024-05-21 15:16:00,4729.75,4731.85,4729.75,4730.75,809
2024-05-21 15:17:00,4730.1,4730.95,4725.0,4726.0,1469
2024-05-21 15:18:00,4726.65,4730.0,4726.0,4726.0,1592
2024-05-21 15:19:00,4725.75,4728.3,4725.7,4728.0,1220
2024-05-21 15:20:00,4728.0,4730.2,4724.15,4724.95,1631
2024-05-21 15:21:00,4725.0,4729.35,4724.0,4724.95,1980
2024-05-21 15:22:00,4724.95,4730.55,4724.85,4727.95,2002
2024-05-21 15:23:00,4729.05,4732.45,4727.95,4732.2,1680
2024-05-21 15:24:00,4732.15,4734.9,4730.3,4733.95,2127
2024-05-21 15:25:00,4734.75,4735.0,4730.15,4733.75,1384
2024-05-21 15:26:00,4733.1,4734.9,4731.9,4732.15,1194
2024-05-21 15:27:00,4732.05,4735.0,4731.5,4735.0,1451
2024-05-21 15:28:00,4735.0,4735.0,4730.0,4733.9,870
2024-05-21 15:29:00,4732.0,4734.5,4731.0,4734.5,569
2024-05-22 09:15:00,4740.0,4754.75,4722.5,4741.7,3317
2024-05-22 09:16:00,4741.35,4754.45,4741.35,4751.8,1513
2024-05-22 09:17:00,4748.3,4763.75,4748.3,4763.75,1041
2024-05-22 09:18:00,4761.6,4765.7,4752.65,4755.5,2278
2024-05-22 09:19:00,4755.5,4760.0,4747.0,4753.55,1921
2024-05-22 09:20:00,4753.55,4770.0,4753.55,4765.55,3604
2024-05-22 09:21:00,4769.1,4774.9,4767.9,4774.0,2403
2024-05-22 09:22:00,4774.85,4774.85,4765.9,4769.0,1209
2024-05-22 09:23:00,4766.1,4769.3,4760.05,4760.05,877
2024-05-22 09:24:00,4759.8,4760.2,4754.0,4754.0,1042
2024-05-22 09:25:00,4754.0,4755.9,4749.7,4751.85,1157
2024-05-22 09:26:00,4752.0,4759.1,4752.0,4755.1,645
2024-05-22 09:27:00,4757.55,4760.2,4754.7,4760.2,544
2024-05-22 09:28:00,4760.2,4760.2,4752.05,4753.05,558
2024-05-22 09:29:00,4756.4,4761.95,4753.2,4761.95,505
2024-05-22 09:30:00,4761.95,4762.0,4758.9,4759.3,315
2024-05-22 09:31:00,4758.2,4761.55,4757.0,4759.0,405
2024-05-22 09:32:00,4760.15,4760.75,4757.8,4760.75,122
2024-05-22 09:33:00,4760.75,4763.45,4759.55,4762.0,655
2024-05-22 09:34:00,4762.75,4768.1,4762.5,4762.55,1870
2024-05-22 09:35:00,4762.6,4765.45,4762.6,4765.4,127
2024-05-22 09:36:00,4765.4,4766.45,4763.75,4765.15,504
2024-05-22 09:37:00,4765.15,4765.15,4757.7,4759.55,1996
2024-05-22 09:38:00,4759.55,4760.0,4758.0,4759.0,130
2024-05-22 09:39:00,4759.0,4759.0,4750.95,4753.75,1470
2024-05-22 09:40:00,4752.2,4754.75,4748.05,4748.05,627
2024-05-22 09:41:00,4748.25,4748.25,4745.1,4746.8,488
2024-05-22 09:42:00,4746.8,4747.6,4741.55,4746.9,555
2024-05-22 09:43:00,4744.2,4746.6,4736.05,4736.1,476
2024-05-22 09:44:00,4736.1,4739.8,4735.0,4735.1,567
2024-05-22 09:45:00,4735.1,4741.2,4735.1,4741.0,349
2024-05-22 09:46:00,4741.45,4745.35,4738.4,4741.2,874
2024-05-22 09:47:00,4744.0,4744.0,4740.05,4743.95,248
2024-05-22 09:48:00,4740.85,4743.2,4740.0,4740.0,234
2024-05-22 09:49:00,4740.0,4744.0,4738.2,4744.0,354
2024-05-22 09:50:00,4744.0,4748.8,4743.9,4746.95,974
2024-05-22 09:51:00,4745.2,4748.4,4745.2,4746.35,137
2024-05-22 09:52:00,4746.35,4754.1,4746.35,4752.45,696
2024-05-22 09:53:00,4752.0,4754.1,4752.0,4753.9,412
2024-05-22 09:54:00,4753.4,4761.0,4752.55,4761.0,640
2024-05-22 09:55:00,4758.7,4765.15,4758.7,4765.0,442
2024-05-22 09:56:00,4763.75,4763.75,4756.55,4756.55,1006
2024-05-22 09:57:00,4756.55,4762.2,4755.1,4760.5,617
2024-05-22 09:58:00,4762.2,4762.2,4757.8,4760.2,122
2024-05-22 09:59:00,4760.2,4763.0,4759.3,4760.05,359
2024-05-22 10:00:00,4760.35,4760.35,4756.55,4756.65,407
2024-05-22 10:01:00,4756.65,4758.05,4751.05,4751.05,349
2024-05-22 10:02:00,4751.05,4751.9,4748.05,4748.05,180
2024-05-22 10:03:00,4748.05,4749.65,4744.6,4746.3,462
2024-05-22 10:04:00,4746.3,4753.25,4744.05,4752.55,200
2024-05-22 10:05:00,4750.55,4752.65,4749.45,4751.1,245
2024-05-22 10:06:00,4749.1,4752.0,4749.1,4750.7,195
2024-05-22 10:07:00,4750.7,4750.7,4743.4,4743.4,300
2024-05-22 10:08:00,4743.4,4743.5,4736.25,4740.2,404
2024-05-22 10:09:00,4738.75,4744.1,4737.1,4741.55,106
2024-05-22 10:10:00,4741.0,4743.7,4741.0,4742.25,1086
2024-05-22 10:11:00,4742.25,4744.0,4741.7,4744.0,166
2024-05-22 10:12:00,4744.0,4744.0,4742.25,4743.95,786
2024-05-22 10:13:00,4743.95,4746.75,4743.35,4744.0,209
2024-05-22 10:14:00,4744.75,4747.8,4743.6,4745.8,173
2024-05-22 10:15:00,4745.8,4748.95,4745.8,4748.0,97
2024-05-22 10:16:00,4748.0,4748.65,4742.5,4744.3,313
2024-05-22 10:17:00,4742.5,4742.5,4736.6,4737.0,2670
2024-05-22 10:18:00,4737.0,4740.0,4737.0,4740.0,142
2024-05-22 10:19:00,4740.0,4740.0,4738.35,4739.5,133
2024-05-22 10:20:00,4739.5,4739.7,4736.6,4736.6,235
2024-05-22 10:21:00,4736.6,4736.6,4730.5,4731.05,105
2024-05-22 10:22:00,4730.0,4731.65,4728.35,4730.2,704
2024-05-22 10:23:00,4730.2,4733.0,4729.05,4732.35,444
2024-05-22 10:24:00,4732.35,4732.4,4729.25,4731.15,110
2024-05-22 10:25:00,4731.15,4735.55,4731.05,4735.25,401
2024-05-22 10:26:00,4735.25,4738.3,4733.25,4738.3,198
2024-05-22 10:27:00,4738.3,4738.3,4735.85,4736.1,186
2024-05-22 10:28:00,4736.1,4739.55,4736.05,4738.25,312
2024-05-22 10:29:00,4738.25,4739.0,4735.0,4738.6,302
2024-05-22 10:30:00,4738.6,4738.6,4736.1,4737.35,106
2024-05-22 10:31:00,4737.35,4737.35,4733.05,4733.95,131
2024-05-22 10:32:00,4733.0,4733.0,4730.0,4731.9,508
2024-05-22 10:33:00,4731.9,4732.0,4730.0,4731.05,248
2024-05-22 10:34:00,4731.05,4731.05,4730.0,4731.05,116
2024-05-22 10:35:00,4731.05,4731.8,4730.35,4731.8,128
2024-05-22 10:36:00,4731.8,4736.05,4731.05,4734.7,450
2024-05-22 10:37:00,4734.7,4734.7,4731.0,4732.9,214
2024-05-22 10:38:00,4732.9,4732.9,4730.0,4732.0,318
2024-05-22 10:39:00,4731.5,4735.0,4731.5,4735.0,82
2024-05-22 10:40:00,4733.25,4738.65,4733.0,4738.0,574
2024-05-22 10:41:00,4738.0,4738.0,4736.3,4737.7,116
2024-05-22 10:42:00,4737.7,4737.7,4735.0,4736.0,308
2024-05-22 10:43:00,4736.0,4738.55,4735.0,4738.55,487
2024-05-22 10:44:00,4740.0,4741.55,4737.25,4741.0,421
2024-05-22 10:45:00,4743.95,4748.6,4741.95,4741.95,2035
2024-05-22 10:46:00,4741.95,4741.95,4738.2,4740.2,188
2024-05-22 10:47:00,4740.2,4740.45,4737.1,4737.15,290
2024-05-22 10:48:00,4737.15,4737.2,4736.0,4737.05,154
2024-05-22 10:49:00,4738.0,4740.55,4738.0,4740.55,165
2024-05-22 10:50:00,4740.9,4742.0,4740.45,4742.0,78
2024-05-22 10:51:00,4742.0,4742.0,4741.15,4741.7,387
2024-05-22 10:52:00,4741.7,4747.0,4740.45,4743.3,1233
2024-05-22 10:53:00,4745.55,4749.0,4742.85,4748.25,262
2024-05-22 10:54:00,4748.25,4749.0,4746.3,4749.0,135
2024-05-22 10:55:00,4749.0,4749.0,4745.1,4748.6,288
2024-05-22 10:56:00,4748.6,4749.0,4746.4,4748.85,348
2024-05-22 10:57:00,4748.85,4748.85,4744.8,4744.8,237
2024-05-22 10:58:00,4744.8,4745.85,4743.45,4745.85,131
2024-05-22 10:59:00,4745.85,4745.85,4742.55,4742.95,101
2024-05-22 11:00:00,4742.95,4744.95,4741.7,4743.95,90
2024-05-22 11:01:00,4743.95,4745.95,4741.45,4744.05,216
2024-05-22 11:02:00,4744.05,4744.1,4741.8,4741.8,87
2024-05-22 11:03:00,4741.8,4744.0,4741.8,4742.55,162
2024-05-22 11:04:00,4742.55,4745.25,4742.5,4745.25,249
2024-05-22 11:05:00,4745.25,4745.25,4743.55,4745.1,159
2024-05-22 11:06:00,4745.1,4749.0,4743.8,4748.9,280
2024-05-22 11:07:00,4748.9,4748.9,4746.1,4748.45,187
2024-05-22 11:08:00,4748.45,4751.65,4746.45,4751.65,3179
2024-05-22 11:09:00,4751.65,4753.0,4749.3,4752.0,229
2024-05-22 11:10:00,4752.0,4752.0,4749.1,4749.1,157
2024-05-22 11:11:00,4749.1,4750.0,4748.75,4750.0,169
2024-05-22 11:12:00,4750.0,4750.0,4748.75,4750.0,133
2024-05-22 11:13:00,4748.75,4752.5,4748.75,4751.4,1922
2024-05-22 11:14:00,4751.4,4751.4,4748.3,4748.3,202
2024-05-22 11:15:00,4750.0,4750.0,4748.0,4749.0,80
2024-05-22 11:16:00,4749.0,4749.0,4746.1,4746.1,631
2024-05-22 11:17:00,4746.1,4748.0,4744.7,4746.9,7672
2024-05-22 11:18:00,4744.45,4747.0,4744.15,4745.8,113
2024-05-22 11:19:00,4745.8,4747.05,4745.8,4747.0,415
2024-05-22 11:20:00,4747.0,4747.0,4741.5,4746.7,1217
2024-05-22 11:21:00,4746.7,4747.0,4744.0,4746.6,220
2024-05-22 11:22:00,4746.6,4747.0,4742.3,4747.0,481
2024-05-22 11:23:00,4745.0,4747.0,4745.0,4747.0,195
2024-05-22 11:24:00,4747.0,4747.0,4745.0,4747.0,2385
2024-05-22 11:25:00,4747.0,4747.0,4743.45,4744.15,172
2024-05-22 11:26:00,4746.05,4748.0,4744.15,4745.45,4222
2024-05-22 11:27:00,4745.45,4756.2,4744.95,4754.5,5304
2024-05-22 11:28:00,4754.5,4765.25,4751.1,4764.0,5437
2024-05-22 11:29:00,4764.0,4769.9,4762.0,4768.95,524
2024-05-22 11:30:00,4770.65,4775.35,4766.95,4766.95,2874
2024-05-22 11:31:00,4769.55,4769.85,4762.65,4769.0,892
2024-05-22 11:32:00,4769.0,4769.0,4765.0,4765.0,334
2024-05-22 11:33:00,4767.05,4770.0,4765.0,4769.55,442
2024-05-22 11:34:00,4769.55,4770.85,4766.1,4770.55,371
2024-05-22 11:35:00,4770.55,4770.55,4766.85,4767.6,289
2024-05-22 11:36:00,4767.6,4769.5,4765.9,4769.3,421
2024-05-22 11:37:00,4769.3,4769.3,4765.0,4767.9,160
2024-05-22 11:38:00,4767.9,4768.1,4765.05,4765.05,363
2024-05-22 11:39:00,4765.05,4768.0,4765.05,4767.75,127
2024-05-22 11:40:00,4767.75,4768.25,4765.7,4765.7,517
2024-05-22 11:41:00,4765.7,4767.55,4765.15,4767.55,176
2024-05-22 11:42:00,4767.5,4768.2,4765.95,4766.05,284
2024-05-22 11:43:00,4766.05,4766.8,4765.65,4765.95,238
2024-05-22 11:44:00,4765.95,4765.95,4765.05,4765.05,139
2024-05-22 11:45:00,4765.05,4769.0,4765.0,4769.0,472
2024-05-22 11:46:00,4769.0,4770.0,4767.2,4769.0,216
2024-05-22 11:47:00,4769.0,4771.0,4769.0,4770.2,621
2024-05-22 11:48:00,4770.2,4770.2,4767.95,4768.0,184
2024-05-22 11:49:00,4768.0,4769.25,4753.55,4753.55,3090
2024-05-22 11:50:00,4753.55,4755.85,4752.55,4755.25,373
2024-05-22 11:51:00,4755.25,4755.25,4751.55,4753.7,393
2024-05-22 11:52:00,4753.7,4755.95,4750.25,4751.35,1254
2024-05-22 11:53:00,4751.35,4753.75,4750.9,4753.7,183
2024-05-22 11:54:00,4753.7,4755.05,4750.55,4753.35,731
2024-05-22 11:55:00,4753.35,4754.0,4751.05,4752.5,2018
2024-05-22 11:56:00,4752.5,4755.0,4752.5,4755.0,1684
2024-05-22 11:57:00,4755.0,4756.2,4753.7,4754.95,512
2024-05-22 11:58:00,4754.95,4756.85,4751.9,4754.3,209
2024-05-22 11:59:00,4754.3,4756.15,4751.4,4756.15,323
2024-05-22 12:00:00,4754.95,4754.95,4750.0,4750.0,272
2024-05-22 12:01:00,4750.0,4751.8,4750.0,4750.0,748
2024-05-22 12:02:00,4750.0,4752.2,4750.0,4750.8,2690
2024-05-22 12:03:00,4750.8,4753.95,4750.0,4753.95,235
2024-05-22 12:04:00,4753.95,4753.95,4751.45,4753.55,120
2024-05-22 12:05:00,4753.55,4755.95,4752.05,4753.85,98
2024-05-22 12:06:00,4753.85,4754.85,4752.75,4754.85,118
2024-05-22 12:07:00,4754.85,4754.85,4752.85,4752.9,127
2024-05-22 12:08:00,4752.9,4753.75,4752.75,4753.45,150
2024-05-22 12:09:00,4753.15,4754.8,4752.85,4754.45,209
2024-05-22 12:10:00,4754.45,4755.7,4752.9,4755.25,164
2024-05-22 12:11:00,4755.25,4755.25,4752.9,4754.55,217
2024-05-22 12:12:00,4754.55,4761.1,4753.0,4761.1,392
2024-05-22 12:13:00,4761.1,4763.7,4760.05,4763.65,334
2024-05-22 12:14:00,4763.65,4763.65,4757.05,4757.05,245
2024-05-22 12:15:00,4757.05,4760.0,4757.05,4759.45,231
2024-05-22 12:16:00,4759.45,4763.35,4759.45,4762.35,156
2024-05-22 12:17:00,4762.35,4763.85,4760.1,4763.85,155
2024-05-22 12:18:00,4763.85,4764.9,4761.2,4764.65,163
2024-05-22 12:19:00,4764.65,4764.65,4763.0,4764.45,191
2024-05-22 12:20:00,4764.45,4764.45,4762.55,4763.4,139
2024-05-22 12:21:00,4763.4,4764.45,4762.1,4763.95,453
2024-05-22 12:22:00,4763.95,4763.95,4761.4,4763.5,157
2024-05-22 12:23:00,4762.0,4763.95,4761.0,4762.85,813
2024-05-22 12:24:00,4762.85,4762.85,4760.0,4760.05,265
2024-05-22 12:25:00,4760.05,4760.05,4756.0,4756.65,754
2024-05-22 12:26:00,4756.65,4759.3,4755.25,4758.0,324
2024-05-22 12:27:00,4760.05,4760.05,4757.9,4760.0,123
2024-05-22 12:28:00,4760.0,4763.35,4758.65,4760.9,242
2024-05-22 12:29:00,4760.9,4763.45,4760.9,4762.7,208
2024-05-22 12:30:00,4762.05,4764.6,4762.05,4764.0,524
2024-05-22 12:31:00,4764.0,4764.6,4763.1,4763.85,261
2024-05-22 12:32:00,4763.85,4768.0,4763.85,4768.0,406
2024-05-22 12:33:00,4768.0,4769.65,4767.0,4769.65,266
2024-05-22 12:34:00,4769.65,4769.85,4767.65,4769.65,292
2024-05-22 12:35:00,4769.65,4769.8,4767.0,4767.0,306
2024-05-22 12:36:00,4766.35,4770.0,4765.35,4768.0,1396
2024-05-22 12:37:00,4768.0,4768.0,4763.75,4767.6,411
2024-05-22 12:38:00,4766.85,4767.85,4766.0,4767.85,222
2024-05-22 12:39:00,4767.85,4767.85,4764.85,4767.0,330
2024-05-22 12:40:00,4767.0,4767.0,4765.35,4765.55,204
2024-05-22 12:41:00,4767.3,4767.3,4764.0,4766.35,422
2024-05-22 12:42:00,4767.9,4768.0,4765.3,4765.85,186
2024-05-22 12:43:00,4765.7,4769.95,4765.65,4769.95,241
2024-05-22 12:44:00,4769.95,4769.95,4767.55,4768.95,218
2024-05-22 12:45:00,4768.95,4771.9,4768.95,4770.15,497
2024-05-22 12:46:00,4770.15,4770.15,4768.25,4769.55,156
2024-05-22 12:47:00,4769.55,4770.0,4768.85,4769.9,146
2024-05-22 12:48:00,4769.9,4769.9,4767.55,4768.35,123
2024-05-22 12:49:00,4768.35,4770.0,4767.35,4767.55,622
2024-05-22 12:50:00,4766.6,4769.55,4766.05,4769.55,377
2024-05-22 12:51:00,4769.55,4770.0,4768.3,4768.9,224
2024-05-22 12:52:00,4768.9,4769.9,4768.3,4768.3,227
2024-05-22 12:53:00,4768.35,4769.0,4768.35,4768.35,124
2024-05-22 12:54:00,4768.35,4769.0,4768.35,4768.95,200
2024-05-22 12:55:00,4768.95,4768.95,4766.8,4768.9,144
2024-05-22 12:56:00,4768.9,4769.3,4766.95,4769.3,333
2024-05-22 12:57:00,4769.3,4769.95,4768.3,4769.95,182
2024-05-22 12:58:00,4769.95,4771.25,4769.6,4770.35,761
2024-05-22 12:59:00,4770.35,4772.0,4770.35,4771.9,289
2024-05-22 13:00:00,4771.9,4775.0,4770.2,4774.95,1415
2024-05-22 13:01:00,4773.4,4777.8,4772.8,4777.8,3829
2024-05-22 13:02:00,4777.7,4784.6,4777.4,4784.6,3539
2024-05-22 13:03:00,4784.6,4798.4,4782.3,4798.0,3869
2024-05-22 13:04:00,4798.0,4798.7,4791.0,4798.45,1428
2024-05-22 13:05:00,4797.95,4798.4,4795.15,4796.1,953
2024-05-22 13:06:00,4796.1,4801.7,4796.1,4801.7,5525
2024-05-22 13:07:00,4800.0,4805.0,4793.15,4797.2,4373
2024-05-22 13:08:00,4797.2,4801.0,4797.2,4798.1,1750
2024-05-22 13:09:00,4798.1,4798.1,4794.95,4795.0,1495
2024-05-22 13:10:00,4795.0,4795.45,4792.35,4794.45,652
2024-05-22 13:11:00,4792.65,4795.0,4792.65,4794.9,253
2024-05-22 13:12:00,4794.9,4794.9,4792.5,4792.5,1157
2024-05-22 13:13:00,4792.5,4794.0,4792.5,4794.0,547
2024-05-22 13:14:00,4794.0,4794.0,4790.0,4790.0,1813
2024-05-22 13:15:00,4789.7,4792.75,4789.65,4792.75,2439
2024-05-22 13:16:00,4792.75,4797.65,4791.2,4797.65,896
2024-05-22 13:17:00,4797.55,4799.55,4796.1,4796.1,759
2024-05-22 13:18:00,4796.1,4796.15,4785.65,4788.9,4989
2024-05-22 13:19:00,4788.9,4790.0,4787.55,4787.7,301
2024-05-22 13:20:00,4787.7,4790.0,4787.7,4788.8,211
2024-05-22 13:21:00,4788.8,4789.35,4785.0,4785.95,1243
2024-05-22 13:22:00,4785.95,4786.8,4780.55,4784.6,1110
2024-05-22 13:23:00,4784.6,4784.6,4781.85,4784.05,988
2024-05-22 13:24:00,4784.05,4784.3,4781.9,4782.9,1121
2024-05-22 13:25:00,4782.5,4784.0,4782.5,4784.0,489
2024-05-22 13:26:00,4784.55,4784.55,4777.6,4779.0,1889
2024-05-22 13:27:00,4779.0,4779.0,4776.0,4779.0,266
2024-05-22 13:28:00,4779.0,4779.4,4775.5,4779.4,455
2024-05-22 13:29:00,4779.4,4780.0,4778.2,4780.0,445
2024-05-22 13:30:00,4780.0,4782.85,4778.0,4780.1,201
2024-05-22 13:31:00,4780.1,4785.0,4780.1,4785.0,384
2024-05-22 13:32:00,4785.0,4788.0,4782.75,4788.0,292
2024-05-22 13:33:00,4788.0,4788.0,4782.8,4784.0,418
2024-05-22 13:34:00,4784.0,4787.05,4782.75,4784.85,640
2024-05-22 13:35:00,4784.85,4785.0,4782.55,4784.85,182
2024-05-22 13:36:00,4784.85,4786.5,4782.4,4786.05,837
2024-05-22 13:37:00,4786.05,4786.05,4782.0,4784.95,508
2024-05-22 13:38:00,4784.95,4792.55,4783.45,4790.1,4401
2024-05-22 13:39:00,4790.1,4792.9,4790.1,4792.05,1444
2024-05-22 13:40:00,4792.9,4792.9,4790.0,4791.0,1302
2024-05-22 13:41:00,4791.0,4791.5,4790.0,4790.05,311
2024-05-22 13:42:00,4790.05,4795.85,4790.0,4795.75,1616
2024-05-22 13:43:00,4795.75,4795.75,4792.0,4795.5,978
2024-05-22 13:44:00,4795.5,4795.5,4791.25,4791.3,572
2024-05-22 13:45:00,4791.3,4794.35,4790.0,4791.75,552
2024-05-22 13:46:00,4791.75,4793.15,4790.05,4790.9,737
2024-05-22 13:47:00,4790.9,4793.25,4790.9,4793.0,740
2024-05-22 13:48:00,4793.0,4793.2,4790.0,4792.0,554
2024-05-22 13:49:00,4790.2,4792.25,4788.5,4788.5,522
2024-05-22 13:50:00,4788.5,4789.5,4786.05,4786.05,496
2024-05-22 13:51:00,4786.05,4786.05,4780.05,4782.0,568
2024-05-22 13:52:00,4782.0,4783.75,4777.45,4777.5,656
2024-05-22 13:53:00,4780.0,4784.3,4780.0,4784.3,828
2024-05-22 13:54:00,4784.3,4784.3,4780.85,4781.5,494
2024-05-22 13:55:00,4781.5,4787.95,4781.5,4784.4,795
2024-05-22 13:56:00,4784.4,4787.7,4782.7,4787.2,543
2024-05-22 13:57:00,4787.2,4787.2,4782.1,4783.1,221
2024-05-22 13:58:00,4783.1,4785.05,4783.0,4783.55,285
2024-05-22 13:59:00,4783.55,4784.7,4781.5,4783.0,719
2024-05-22 14:00:00,4783.0,4784.5,4781.0,4784.35,443
2024-05-22 14:01:00,4784.35,4786.9,4781.15,4785.15,664
2024-05-22 14:02:00,4785.05,4789.75,4785.05,4787.1,957
2024-05-22 14:03:00,4787.1,4787.15,4783.65,4787.0,280
2024-05-22 14:04:00,4787.0,4789.9,4785.8,4787.6,312
2024-05-22 14:05:00,4787.6,4789.75,4785.2,4789.25,403
2024-05-22 14:06:00,4789.25,4789.25,4781.4,4783.45,545
2024-05-22 14:07:00,4783.45,4783.45,4778.0,4778.0,352
2024-05-22 14:08:00,4778.0,4778.9,4776.45,4776.5,169
2024-05-22 14:09:00,4776.5,4776.85,4773.9,4774.45,810
2024-05-22 14:10:00,4774.45,4780.0,4773.45,4780.0,379
2024-05-22 14:11:00,4780.6,4781.65,4778.25,4781.65,367
2024-05-22 14:12:00,4781.65,4784.6,4780.0,4780.1,1542
2024-05-22 14:13:00,4780.1,4781.65,4779.4,4781.65,336
2024-05-22 14:14:00,4781.65,4783.3,4777.65,4780.4,704
2024-05-22 14:15:00,4780.4,4780.4,4776.85,4777.4,191
2024-05-22 14:16:00,4777.4,4785.0,4777.05,4783.0,1126
2024-05-22 14:17:00,4783.0,4783.0,4779.8,4780.05,348
2024-05-22 14:18:00,4780.05,4781.65,4778.9,4778.9,218
2024-05-22 14:19:00,4778.9,4782.5,4778.4,4782.5,269
2024-05-22 14:20:00,4782.5,4782.5,4780.0,4780.05,260
2024-05-22 14:21:00,4780.05,4781.0,4779.25,4779.25,229
2024-05-22 14:22:00,4779.25,4780.35,4779.0,4779.6,218
2024-05-22 14:23:00,4779.65,4780.0,4778.0,4780.0,307
2024-05-22 14:24:00,4780.0,4780.0,4778.0,4780.0,192
2024-05-22 14:25:00,4780.0,4780.0,4778.6,4779.3,154
2024-05-22 14:26:00,4779.3,4781.65,4779.3,4781.65,465
2024-05-22 14:27:00,4781.65,4781.65,4780.2,4780.2,628
2024-05-22 14:28:00,4780.2,4780.35,4778.3,4778.3,352
2024-05-22 14:29:00,4778.3,4778.9,4777.05,4778.9,156
2024-05-22 14:30:00,4779.0,4780.0,4777.55,4778.6,182
2024-05-22 14:31:00,4780.05,4781.6,4779.4,4779.4,257
2024-05-22 14:32:00,4779.4,4781.65,4779.4,4781.25,240
2024-05-22 14:33:00,4779.7,4779.7,4778.0,4778.05,195
2024-05-22 14:34:00,4778.05,4778.15,4776.0,4776.05,521
2024-05-22 14:35:00,4776.9,4777.95,4775.85,4776.45,221
2024-05-22 14:36:00,4776.45,4776.6,4774.25,4774.25,969
2024-05-22 14:37:00,4774.25,4776.6,4774.2,4775.4,315
2024-05-22 14:38:00,4775.4,4779.35,4775.1,4777.05,296
2024-05-22 14:39:00,4778.15,4778.15,4777.05,4777.6,229
2024-05-22 14:40:00,4777.7,4779.25,4777.65,4778.0,184
2024-05-22 14:41:00,4777.35,4778.3,4775.0,4776.35,530
2024-05-22 14:42:00,4776.35,4780.0,4775.95,4777.75,429
2024-05-22 14:43:00,4777.75,4780.0,4777.7,4777.7,261
2024-05-22 14:44:00,4777.7,4780.0,4777.7,4778.65,441
2024-05-22 14:45:00,4778.65,4778.8,4776.0,4776.75,271
2024-05-22 14:46:00,4776.75,4781.6,4776.15,4781.6,265
2024-05-22 14:47:00,4781.6,4781.65,4777.0,4781.65,510
2024-05-22 14:48:00,4781.65,4781.65,4777.05,4779.6,510
2024-05-22 14:49:00,4779.0,4779.0,4776.0,4778.55,301
2024-05-22 14:50:00,4778.55,4778.55,4776.1,4776.55,252
2024-05-22 14:51:00,4776.55,4778.95,4775.8,4778.95,325
2024-05-22 14:52:00,4778.95,4780.6,4777.75,4779.55,336
2024-05-22 14:53:00,4779.55,4779.55,4775.65,4779.3,356
2024-05-22 14:54:00,4779.3,4779.3,4777.0,4778.65,486
2024-05-22 14:55:00,4778.35,4779.0,4775.35,4777.7,974
2024-05-22 14:56:00,4777.7,4777.7,4770.0,4770.0,1645
2024-05-22 14:57:00,4770.0,4770.8,4767.45,4769.35,873
2024-05-22 14:58:00,4769.35,4777.6,4769.35,4774.7,989
2024-05-22 14:59:00,4774.7,4776.0,4774.4,4775.1,571
2024-05-22 15:00:00,4775.1,4780.0,4775.1,4780.0,821
2024-05-22 15:01:00,4780.0,4780.0,4776.55,4779.85,1386
2024-05-22 15:02:00,4779.85,4781.65,4777.05,4779.9,333
2024-05-22 15:03:00,4779.9,4781.6,4776.25,4778.35,1541
2024-05-22 15:04:00,4777.5,4781.65,4775.45,4776.85,1598
2024-05-22 15:05:00,4776.85,4777.0,4774.2,4777.0,465
2024-05-22 15:06:00,4776.8,4778.8,4771.0,4777.05,5188
2024-05-22 15:07:00,4774.8,4778.9,4774.05,4777.75,1156
2024-05-22 15:08:00,4777.7,4778.0,4776.25,4776.25,714
2024-05-22 15:09:00,4776.25,4776.8,4773.9,4775.25,692
2024-05-22 15:10:00,4775.25,4777.9,4774.35,4776.85,557
2024-05-22 15:11:00,4776.85,4778.0,4773.75,4775.25,1023
2024-05-22 15:12:00,4775.5,4778.0,4773.7,4776.6,855
2024-05-22 15:13:00,4777.75,4777.95,4773.05,4775.0,691
2024-05-22 15:14:00,4774.85,4777.95,4774.85,4775.9,1063
2024-05-22 15:15:00,4775.9,4777.95,4772.2,4773.35,1137
2024-05-22 15:16:00,4774.0,4776.0,4772.85,4774.4,1890
2024-05-22 15:17:00,4774.35,4778.0,4772.05,4778.0,1187
2024-05-22 15:18:00,4778.0,4778.0,4774.0,4776.75,908
2024-05-22 15:19:00,4776.15,4777.1,4774.15,4774.65,958
2024-05-22 15:20:00,4774.65,4775.0,4772.0,4773.4,869
2024-05-22 15:21:00,4772.15,4776.0,4771.9,4776.0,1722
2024-05-22 15:22:00,4776.0,4776.0,4775.0,4775.9,942
2024-05-22 15:23:00,4775.9,4776.0,4771.95,4773.0,1425
2024-05-22 15:24:00,4772.15,4775.8,4771.75,4775.2,2511
2024-05-22 15:25:00,4775.8,4776.95,4774.5,4776.25,1261
2024-05-22 15:26:00,4776.25,4780.0,4776.25,4777.95,1721
2024-05-22 15:27:00,4777.4,4781.65,4776.05,4778.6,735
2024-05-22 15:28:00,4781.0,4781.65,4776.6,4776.6,1004
2024-05-22 15:29:00,4776.6,4781.0,4774.3,4776.0,341
2024-05-23 09:15:00,4780.0,4802.2,4780.0,4794.85,2516
2024-05-23 09:16:00,4796.0,4802.7,4789.5,4791.0,3258
2024-05-23 09:17:00,4794.1,4798.6,4785.5,4786.95,2685
2024-05-23 09:18:00,4788.1,4798.0,4786.25,4790.9,1599
2024-05-23 09:19:00,4790.9,4800.0,4789.65,4798.0,1635
2024-05-23 09:20:00,4794.65,4799.0,4790.65,4795.3,972
2024-05-23 09:21:00,4795.3,4798.0,4787.05,4788.75,2292
2024-05-23 09:22:00,4788.75,4794.65,4786.25,4786.25,1220
2024-05-23 09:23:00,4786.3,4789.95,4780.6,4785.55,1550
2024-05-23 09:24:00,4785.55,4793.4,4782.75,4789.0,1497
2024-05-23 09:25:00,4785.55,4793.95,4785.55,4792.9,1026
2024-05-23 09:26:00,4792.9,4795.0,4788.5,4789.0,650
2024-05-23 09:27:00,4791.5,4793.05,4788.5,4793.05,407
2024-05-23 09:28:00,4793.05,4794.5,4790.0,4790.9,708
2024-05-23 09:29:00,4790.1,4794.4,4789.65,4792.95,817
2024-05-23 09:30:00,4793.95,4795.85,4791.3,4795.8,361
2024-05-23 09:31:00,4795.75,4799.95,4794.2,4799.0,1058
2024-05-23 09:32:00,4799.0,4799.95,4795.0,4795.65,998
2024-05-23 09:33:00,4795.45,4799.95,4794.0,4796.15,2495
2024-05-23 09:34:00,4798.55,4809.95,4798.45,4807.45,5465
2024-05-23 09:35:00,4809.05,4816.0,4805.3,4816.0,4892
2024-05-23 09:36:00,4816.0,4822.05,4815.0,4821.0,6013
2024-05-23 09:37:00,4820.0,4823.8,4815.0,4815.0,5174
2024-05-23 09:38:00,4816.45,4820.0,4811.5,4816.0,2866
2024-05-23 09:39:00,4814.3,4816.0,4806.75,4811.9,2242
2024-05-23 09:40:00,4813.45,4819.45,4809.8,4815.0,3376
2024-05-23 09:41:00,4815.0,4815.0,4810.0,4814.0,1712
2024-05-23 09:42:00,4814.0,4823.5,4810.1,4823.5,4038
2024-05-23 09:43:00,4823.55,4825.0,4816.45,4817.05,4185
2024-05-23 09:44:00,4819.65,4819.65,4814.25,4816.7,2019
2024-05-23 09:45:00,4816.7,4824.85,4815.05,4816.65,2481
2024-05-23 09:46:00,4816.8,4825.0,4815.25,4825.0,2832
2024-05-23 09:47:00,4825.0,4825.0,4818.05,4823.0,2658
2024-05-23 09:48:00,4823.0,4824.9,4821.75,4824.8,677
2024-05-23 09:49:00,4824.85,4824.9,4822.0,4824.9,2895
2024-05-23 09:50:00,4824.9,4824.9,4811.0,4814.35,3413
2024-05-23 09:51:00,4815.75,4815.8,4809.0,4812.05,2050
2024-05-23 09:52:00,4812.05,4814.45,4808.05,4809.9,1661
2024-05-23 09:53:00,4809.9,4812.0,4807.0,4810.45,2371
2024-05-23 09:54:00,4810.45,4810.45,4801.0,4807.6,1930
2024-05-23 09:55:00,4807.6,4812.0,4806.05,4812.0,587
2024-05-23 09:56:00,4812.7,4814.0,4809.95,4814.0,648
2024-05-23 09:57:00,4814.0,4816.15,4811.5,4814.9,1454
2024-05-23 09:58:00,4814.8,4816.75,4813.35,4815.0,687
2024-05-23 09:59:00,4815.0,4820.0,4812.9,4817.7,1288
2024-05-23 10:00:00,4817.7,4819.55,4811.6,4817.1,668
2024-05-23 10:01:00,4817.1,4817.1,4812.05,4814.0,393
2024-05-23 10:02:00,4814.0,4817.35,4812.05,4815.3,900
2024-05-23 10:03:00,4815.3,4817.0,4813.1,4816.15,355
2024-05-23 10:04:00,4816.15,4817.05,4813.0,4815.85,347
2024-05-23 10:05:00,4815.85,4816.15,4813.0,4816.15,1152
2024-05-23 10:06:00,4816.15,4816.15,4813.05,4814.9,699
2024-05-23 10:07:00,4814.9,4814.9,4811.0,4813.0,547
2024-05-23 10:08:00,4813.0,4814.7,4810.6,4813.85,1570
2024-05-23 10:09:00,4811.5,4812.65,4804.0,4806.55,797
2024-05-23 10:10:00,4805.45,4806.55,4804.0,4806.55,1351
2024-05-23 10:11:00,4806.55,4812.0,4804.05,4811.0,1203
2024-05-23 10:12:00,4811.55,4811.55,4804.85,4805.3,1019
2024-05-23 10:13:00,4805.15,4806.6,4803.45,4806.0,475
2024-05-23 10:14:00,4806.0,4806.0,4799.85,4804.8,1981
2024-05-23 10:15:00,4804.8,4805.0,4802.4,4804.55,556
2024-05-23 10:16:00,4804.55,4805.0,4800.95,4805.0,531
2024-05-23 10:17:00,4806.25,4809.4,4804.6,4808.9,695
2024-05-23 10:18:00,4808.9,4808.9,4805.0,4807.95,752
2024-05-23 10:19:00,4806.65,4808.9,4805.7,4806.3,435
2024-05-23 10:20:00,4806.65,4815.0,4806.45,4814.9,3333
2024-05-23 10:21:00,4814.9,4817.2,4813.5,4816.9,825
2024-05-23 10:22:00,4815.7,4816.9,4812.95,4815.9,936
2024-05-23 10:23:00,4815.9,4815.9,4812.05,4814.5,991
2024-05-23 10:24:00,4814.5,4817.2,4811.0,4817.2,1567
2024-05-23 10:25:00,4817.2,4817.2,4814.95,4816.55,282
2024-05-23 10:26:00,4815.35,4816.75,4812.2,4812.25,623
2024-05-23 10:27:00,4813.2,4814.2,4810.2,4810.5,924
2024-05-23 10:28:00,4810.45,4812.85,4810.2,4810.8,482
2024-05-23 10:29:00,4810.8,4812.0,4810.45,4811.85,713
2024-05-23 10:30:00,4811.8,4811.9,4807.0,4808.8,660
2024-05-23 10:31:00,4808.8,4808.8,4805.45,4808.7,771
2024-05-23 10:32:00,4808.5,4808.8,4805.2,4808.2,648
2024-05-23 10:33:00,4808.2,4808.2,4805.0,4807.6,628
2024-05-23 10:34:00,4807.6,4807.6,4805.0,4805.0,3941
2024-05-23 10:35:00,4805.0,4809.7,4803.5,4808.25,364
2024-05-23 10:36:00,4809.0,4813.0,4806.5,4812.0,958
2024-05-23 10:37:00,4812.0,4813.55,4810.35,4812.25,693
2024-05-23 10:38:00,4812.2,4815.0,4812.1,4813.5,446
2024-05-23 10:39:00,4814.7,4815.0,4812.8,4812.8,1260
2024-05-23 10:40:00,4812.65,4814.55,4812.15,4813.7,810
2024-05-23 10:41:00,4812.85,4818.8,4812.25,4818.8,7125
2024-05-23 10:42:00,4818.85,4818.85,4809.75,4809.75,1247
2024-05-23 10:43:00,4810.25,4811.45,4806.5,4809.95,714
2024-05-23 10:44:00,4809.95,4809.95,4806.5,4806.95,373
2024-05-23 10:45:00,4806.95,4810.0,4806.5,4808.65,229
2024-05-23 10:46:00,4808.65,4814.95,4807.35,4813.35,614
2024-05-23 10:47:00,4814.4,4815.15,4812.05,4815.15,418
2024-05-23 10:48:00,4815.15,4816.9,4810.95,4816.9,418
2024-05-23 10:49:00,4815.95,4821.0,4813.7,4819.85,1925
2024-05-23 10:50:00,4819.5,4824.0,4819.1,4822.0,2049
2024-05-23 10:51:00,4822.0,4823.95,4820.0,4821.2,892
2024-05-23 10:52:00,4820.05,4824.75,4820.0,4824.3,1329
2024-05-23 10:53:00,4822.9,4824.25,4821.45,4824.0,976
2024-05-23 10:54:00,4822.2,4825.0,4820.35,4821.95,1594
2024-05-23 10:55:00,4820.4,4829.95,4819.1,4829.25,4658
2024-05-23 10:56:00,4829.5,4834.0,4828.55,4831.3,3287
2024-05-23 10:57:00,4833.55,4833.95,4830.0,4831.0,4036
2024-05-23 10:58:00,4831.0,4831.0,4826.25,4828.05,2825
2024-05-23 10:59:00,4828.05,4829.9,4826.0,4828.0,557
2024-05-23 11:00:00,4828.0,4830.8,4828.0,4830.8,712
2024-05-23 11:01:00,4830.8,4830.8,4827.05,4829.4,926
2024-05-23 11:02:00,4829.4,4829.4,4822.8,4825.1,1738
2024-05-23 11:03:00,4826.35,4830.8,4825.0,4830.8,2222
2024-05-23 11:04:00,4830.8,4835.0,4830.45,4832.05,1425
2024-05-23 11:05:00,4832.05,4834.0,4830.8,4831.65,750
2024-05-23 11:06:00,4831.65,4831.7,4827.4,4829.0,532
2024-05-23 11:07:00,4829.0,4829.0,4822.9,4826.0,648
2024-05-23 11:08:00,4826.0,4827.65,4824.45,4825.75,549
2024-05-23 11:09:00,4826.25,4828.0,4824.55,4826.2,705
2024-05-23 11:10:00,4826.2,4830.0,4825.0,4828.6,688
2024-05-23 11:11:00,4828.6,4833.4,4828.0,4833.4,541
2024-05-23 11:12:00,4832.0,4833.45,4830.25,4833.25,1259
2024-05-23 11:13:00,4833.25,4833.25,4830.1,4832.5,606
2024-05-23 11:14:00,4832.5,4832.5,4827.0,4828.0,466
2024-05-23 11:15:00,4827.5,4831.0,4826.7,4831.0,275
2024-05-23 11:16:00,4831.0,4832.3,4829.75,4832.3,335
2024-05-23 11:17:00,4832.3,4833.0,4832.1,4833.0,317
2024-05-23 11:18:00,4833.0,4834.0,4830.0,4834.0,1522
2024-05-23 11:19:00,4834.0,4835.0,4831.3,4834.65,713
2024-05-23 11:20:00,4834.65,4835.0,4833.0,4833.15,544
2024-05-23 11:21:00,4833.15,4833.15,4831.25,4833.15,542
2024-05-23 11:22:00,4832.55,4833.15,4831.2,4831.25,317
2024-05-23 11:23:00,4831.25,4831.3,4827.45,4827.45,303
2024-05-23 11:24:00,4827.45,4829.95,4826.25,4827.45,844
2024-05-23 11:25:00,4827.45,4829.7,4827.45,4829.3,302
2024-05-23 11:26:00,4826.95,4829.3,4825.85,4825.85,408
2024-05-23 11:27:00,4825.85,4828.5,4825.7,4827.2,1269
2024-05-23 11:28:00,4827.2,4828.3,4827.2,4827.45,653
2024-05-23 11:29:00,4827.5,4829.0,4827.5,4829.0,396
2024-05-23 11:30:00,4829.0,4834.5,4828.6,4834.5,1823
2024-05-23 11:31:00,4834.5,4838.7,4832.5,4835.7,2434
2024-05-23 11:32:00,4835.7,4836.45,4832.9,4835.3,557
2024-05-23 11:33:00,4835.3,4835.3,4833.8,4835.3,543
2024-05-23 11:34:00,4835.3,4837.45,4835.3,4835.95,391
2024-05-23 11:35:00,4835.95,4836.2,4835.05,4835.8,512
2024-05-23 11:36:00,4836.0,4837.7,4835.0,4835.05,543
2024-05-23 11:37:00,4835.05,4837.8,4835.05,4837.5,911
2024-05-23 11:38:00,4837.5,4839.0,4835.75,4837.95,977
2024-05-23 11:39:00,4837.95,4839.9,4837.55,4838.75,2769
2024-05-23 11:40:00,4838.75,4840.0,4837.0,4838.1,849
2024-05-23 11:41:00,4837.0,4837.0,4831.6,4836.9,1775
2024-05-23 11:42:00,4836.9,4839.0,4835.45,4839.0,1133
2024-05-23 11:43:00,4836.65,4839.0,4836.55,4838.0,622
2024-05-23 11:44:00,4837.25,4838.0,4836.2,4836.4,733
2024-05-23 11:45:00,4836.95,4839.85,4836.4,4837.8,861
2024-05-23 11:46:00,4837.8,4839.0,4836.2,4838.0,600
2024-05-23 11:47:00,4838.0,4838.8,4836.4,4838.0,565
2024-05-23 11:48:00,4838.0,4838.0,4836.5,4838.0,484
2024-05-23 11:49:00,4838.0,4839.95,4836.5,4839.0,515
2024-05-23 11:50:00,4839.0,4840.0,4836.5,4836.95,525
2024-05-23 11:51:00,4837.4,4839.85,4837.4,4838.1,477
2024-05-23 11:52:00,4838.1,4838.1,4835.3,4835.3,646
2024-05-23 11:53:00,4835.3,4837.0,4835.0,4836.5,388
2024-05-23 11:54:00,4835.0,4835.0,4832.2,4832.2,1347
2024-05-23 11:55:00,4832.2,4834.0,4831.0,4832.95,1389
2024-05-23 11:56:00,4830.5,4832.45,4829.15,4830.0,517
2024-05-23 11:57:00,4830.0,4833.65,4830.0,4833.6,499
2024-05-23 11:58:00,4833.6,4836.0,4831.8,4836.0,459
2024-05-23 11:59:00,4836.0,4837.35,4833.7,4837.0,1259
2024-05-23 12:00:00,4836.15,4839.1,4834.7,4836.8,1454
2024-05-23 12:01:00,4836.8,4838.05,4835.0,4835.2,355
2024-05-23 12:02:00,4835.2,4839.7,4835.15,4836.2,1659
2024-05-23 12:03:00,4836.2,4839.95,4835.0,4838.2,2224
2024-05-23 12:04:00,4838.2,4839.35,4835.0,4836.35,1673
2024-05-23 12:05:00,4836.35,4836.35,4834.0,4834.0,398
2024-05-23 12:06:00,4834.3,4836.45,4832.1,4834.95,1348
2024-05-23 12:07:00,4834.95,4835.0,4832.8,4835.0,465
2024-05-23 12:08:00,4835.0,4835.0,4831.1,4831.1,510
2024-05-23 12:09:00,4831.1,4831.1,4825.8,4827.6,1217
2024-05-23 12:10:00,4828.65,4833.7,4825.75,4833.7,653
2024-05-23 12:11:00,4833.7,4837.2,4831.7,4835.05,1068
2024-05-23 12:12:00,4835.05,4837.45,4834.25,4837.35,430
2024-05-23 12:13:00,4837.35,4839.2,4835.0,4839.2,558
2024-05-23 12:14:00,4839.2,4839.2,4836.0,4837.9,196
2024-05-23 12:15:00,4837.9,4839.15,4835.5,4838.8,1340
2024-05-23 12:16:00,4838.8,4838.8,4833.55,4835.4,589
2024-05-23 12:17:00,4834.5,4835.05,4830.6,4830.6,355
2024-05-23 12:18:00,4831.65,4835.0,4830.9,4834.65,609
2024-05-23 12:19:00,4834.65,4835.35,4833.15,4833.65,441
2024-05-23 12:20:00,4833.65,4834.5,4833.1,4833.45,199
2024-05-23 12:21:00,4834.5,4838.6,4833.65,4838.6,848
2024-05-23 12:22:00,4838.6,4842.0,4837.3,4839.95,3308
2024-05-23 12:23:00,4839.95,4845.0,4838.3,4844.15,5893
2024-05-23 12:24:00,4842.35,4848.0,4841.95,4845.35,7274
2024-05-23 12:25:00,4845.3,4848.0,4844.0,4846.0,1802
2024-05-23 12:26:00,4846.0,4847.05,4838.1,4842.05,3305
2024-05-23 12:27:00,4842.05,4847.9,4842.05,4845.45,928
2024-05-23 12:28:00,4845.45,4847.0,4844.35,4845.1,579
2024-05-23 12:29:00,4843.65,4846.0,4842.35,4845.6,758
2024-05-23 12:30:00,4845.6,4847.25,4844.25,4844.8,852
2024-05-23 12:31:00,4845.7,4846.3,4839.1,4845.0,3483
2024-05-23 12:32:00,4845.0,4846.3,4842.25,4843.1,648
2024-05-23 12:33:00,4843.1,4845.0,4842.8,4843.8,278
2024-05-23 12:34:00,4843.8,4845.9,4840.45,4843.0,1915
2024-05-23 12:35:00,4843.0,4846.65,4843.0,4844.0,2298
2024-05-23 12:36:00,4844.0,4844.5,4840.0,4842.3,1002
2024-05-23 12:37:00,4842.3,4845.35,4841.55,4845.0,828
2024-05-23 12:38:00,4845.0,4847.3,4843.0,4845.3,1652
2024-05-23 12:39:00,4845.35,4848.95,4845.0,4846.4,2208
2024-05-23 12:40:00,4846.4,4848.1,4845.25,4846.8,1229
2024-05-23 12:41:00,4846.8,4847.7,4844.05,4845.15,592
2024-05-23 12:42:00,4845.15,4847.35,4845.0,4846.35,680
2024-05-23 12:43:00,4846.75,4848.0,4845.6,4848.0,1953
2024-05-23 12:44:00,4848.0,4848.0,4845.0,4845.2,751
2024-05-23 12:45:00,4847.2,4847.2,4844.0,4845.95,2126
2024-05-23 12:46:00,4845.95,4847.35,4845.0,4845.0,694
2024-05-23 12:47:00,4845.0,4847.35,4845.0,4845.15,1510
2024-05-23 12:48:00,4845.15,4847.45,4845.0,4845.15,706
2024-05-23 12:49:00,4845.15,4847.45,4845.15,4845.75,940
2024-05-23 12:50:00,4845.35,4845.95,4845.0,4845.05,491
2024-05-23 12:51:00,4845.05,4846.4,4845.0,4845.7,1257
2024-05-23 12:52:00,4845.7,4845.7,4835.45,4837.55,2552
2024-05-23 12:53:00,4837.55,4838.05,4834.1,4837.0,1584
2024-05-23 12:54:00,4837.0,4839.45,4836.5,4836.75,559
2024-05-23 12:55:00,4836.75,4840.25,4836.0,4840.1,844
2024-05-23 12:56:00,4838.7,4840.2,4837.9,4838.0,702
2024-05-23 12:57:00,4838.0,4840.0,4837.05,4838.15,1094
2024-05-23 12:58:00,4838.05,4840.45,4836.65,4838.1,948
2024-05-23 12:59:00,4838.1,4839.7,4838.1,4838.2,134
2024-05-23 13:00:00,4838.2,4839.5,4838.1,4838.45,231
2024-05-23 13:01:00,4838.45,4838.45,4832.5,4832.5,595
2024-05-23 13:02:00,4832.5,4835.65,4832.5,4833.65,420
2024-05-23 13:03:00,4833.65,4835.05,4831.1,4832.6,529
2024-05-23 13:04:00,4831.1,4831.1,4825.45,4826.3,1138
2024-05-23 13:05:00,4826.3,4828.85,4825.5,4827.1,390
2024-05-23 13:06:00,4827.1,4828.85,4826.1,4826.85,248
2024-05-23 13:07:00,4826.85,4829.1,4825.65,4826.2,1189
2024-05-23 13:08:00,4826.2,4829.1,4826.2,4826.7,719
2024-05-23 13:09:00,4826.7,4829.0,4825.25,4826.25,566
2024-05-23 13:10:00,4826.25,4828.65,4826.0,4826.0,535
2024-05-23 13:11:00,4826.0,4826.25,4820.35,4820.35,1664
2024-05-23 13:12:00,4820.35,4820.35,4816.0,4816.45,1836
2024-05-23 13:13:00,4817.0,4817.0,4813.0,4816.8,851
2024-05-23 13:14:00,4816.8,4820.9,4813.15,4819.85,1890
2024-05-23 13:15:00,4819.85,4819.85,4811.55,4812.45,1134
2024-05-23 13:16:00,4811.75,4815.4,4809.35,4812.8,1475
2024-05-23 13:17:00,4812.8,4815.1,4810.45,4812.8,599
2024-05-23 13:18:00,4813.4,4815.0,4810.5,4813.55,509
2024-05-23 13:19:00,4813.85,4815.8,4810.5,4815.25,950
2024-05-23 13:20:00,4815.25,4818.8,4812.65,4816.0,1030
2024-05-23 13:21:00,4816.0,4816.0,4811.0,4812.1,1447
2024-05-23 13:22:00,4812.05,4814.0,4809.0,4812.7,1207
2024-05-23 13:23:00,4812.75,4814.0,4810.55,4810.65,576
2024-05-23 13:24:00,4810.65,4813.95,4810.05,4813.0,573
2024-05-23 13:25:00,4811.25,4817.25,4811.15,4817.25,484
2024-05-23 13:26:00,4815.05,4826.55,4815.05,4824.2,1225
2024-05-23 13:27:00,4824.2,4827.85,4820.1,4820.45,1112
2024-05-23 13:28:00,4821.45,4824.9,4819.35,4822.05,958
2024-05-23 13:29:00,4822.85,4823.8,4819.55,4819.55,606
2024-05-23 13:30:00,4819.3,4820.1,4815.0,4816.0,746
2024-05-23 13:31:00,4816.0,4817.6,4815.0,4815.35,533
2024-05-23 13:32:00,4815.35,4817.85,4815.0,4815.5,903
2024-05-23 13:33:00,4815.3,4816.95,4811.25,4811.25,1582
2024-05-23 13:34:00,4811.3,4816.45,4811.25,4813.15,804
2024-05-23 13:35:00,4813.15,4816.1,4812.05,4812.05,789
2024-05-23 13:36:00,4812.0,4814.45,4811.5,4812.6,792
2024-05-23 13:37:00,4812.55,4814.75,4811.5,4812.65,1516
2024-05-23 13:38:00,4812.65,4814.9,4812.0,4813.5,640
2024-05-23 13:39:00,4812.55,4814.9,4811.0,4811.2,876
2024-05-23 13:40:00,4811.0,4813.1,4810.0,4812.0,1229
2024-05-23 13:41:00,4811.85,4815.65,4810.05,4815.25,590
2024-05-23 13:42:00,4815.3,4817.4,4811.1,4812.5,1454
2024-05-23 13:43:00,4812.3,4814.3,4811.0,4812.25,856
2024-05-23 13:44:00,4812.0,4813.45,4808.85,4809.45,2814
2024-05-23 13:45:00,4809.45,4815.4,4809.0,4810.5,1899
2024-05-23 13:46:00,4810.6,4814.7,4809.55,4814.15,1272
2024-05-23 13:47:00,4811.2,4815.05,4811.2,4811.6,1050
2024-05-23 13:48:00,4811.7,4816.15,4811.1,4812.05,796
2024-05-23 13:49:00,4812.1,4822.25,4812.05,4818.8,2257
2024-05-23 13:50:00,4819.85,4821.95,4816.85,4820.0,1428
2024-05-23 13:51:00,4820.0,4825.0,4819.6,4819.8,2225
2024-05-23 13:52:00,4821.8,4822.55,4816.6,4819.8,906
2024-05-23 13:53:00,4819.45,4822.7,4817.15,4819.2,1423
2024-05-23 13:54:00,4819.2,4823.4,4819.1,4823.1,1004
2024-05-23 13:55:00,4820.7,4823.85,4818.6,4820.15,1694
2024-05-23 13:56:00,4819.85,4821.25,4817.6,4818.1,1134
2024-05-23 13:57:00,4818.1,4821.0,4815.2,4816.6,1471
2024-05-23 13:58:00,4816.75,4818.4,4813.15,4815.1,1108
2024-05-23 13:59:00,4815.25,4818.5,4812.7,4814.35,1178
2024-05-23 14:00:00,4814.95,4818.25,4814.25,4815.9,715
2024-05-23 14:01:00,4819.0,4819.0,4814.5,4816.45,595
2024-05-23 14:02:00,4816.45,4820.0,4815.25,4817.3,885
2024-05-23 14:03:00,4817.3,4819.7,4816.0,4817.55,1035
2024-05-23 14:04:00,4817.55,4819.05,4815.0,4818.5,516
2024-05-23 14:05:00,4818.3,4826.2,4817.15,4823.45,3733
2024-05-23 14:06:00,4823.45,4824.05,4822.15,4823.2,627
2024-05-23 14:07:00,4823.2,4823.55,4822.0,4822.25,483
2024-05-23 14:08:00,4823.55,4823.55,4822.0,4822.6,1124
2024-05-23 14:09:00,4822.0,4823.45,4821.95,4822.65,858
2024-05-23 14:10:00,4822.65,4823.35,4821.2,4822.0,2402
2024-05-23 14:11:00,4822.0,4822.75,4822.0,4822.3,1566
2024-05-23 14:12:00,4822.3,4822.75,4822.0,4822.0,1108
2024-05-23 14:13:00,4822.2,4833.9,4822.1,4829.25,3036
2024-05-23 14:14:00,4829.65,4831.05,4827.55,4831.0,1258
2024-05-23 14:15:00,4831.0,4834.75,4827.55,4827.8,1671
2024-05-23 14:16:00,4827.8,4834.8,4827.8,4830.0,1124
2024-05-23 14:17:00,4828.2,4833.0,4828.2,4830.3,724
2024-05-23 14:18:00,4830.3,4833.0,4829.65,4831.3,539
2024-05-23 14:19:00,4831.3,4832.9,4829.8,4832.0,551
2024-05-23 14:20:00,4832.0,4834.45,4831.0,4833.0,566
2024-05-23 14:21:00,4833.0,4833.9,4831.15,4832.15,409
2024-05-23 14:22:00,4832.15,4833.0,4830.0,4830.15,701
2024-05-23 14:23:00,4830.15,4832.6,4827.85,4827.85,1078
2024-05-23 14:24:00,4826.85,4829.6,4823.5,4827.85,1280
2024-05-23 14:25:00,4827.85,4837.0,4827.55,4835.5,1426
2024-05-23 14:26:00,4835.5,4838.6,4835.5,4838.15,825
2024-05-23 14:27:00,4838.15,4839.7,4838.1,4838.45,777
2024-05-23 14:28:00,4838.45,4838.45,4835.5,4836.85,979
2024-05-23 14:29:00,4837.85,4839.0,4828.05,4829.6,1765
2024-05-23 14:30:00,4829.6,4834.7,4824.55,4828.0,1308
2024-05-23 14:31:00,4828.0,4831.05,4826.65,4826.65,975
2024-05-23 14:32:00,4826.65,4828.35,4823.55,4826.05,706
2024-05-23 14:33:00,4826.05,4830.0,4825.4,4828.05,569
2024-05-23 14:34:00,4828.05,4830.4,4824.5,4824.5,374
2024-05-23 14:35:00,4824.5,4826.45,4822.5,4822.85,3487
2024-05-23 14:36:00,4822.85,4824.5,4822.0,4822.1,1212
2024-05-23 14:37:00,4822.1,4822.3,4820.0,4822.0,1905
2024-05-23 14:38:00,4822.05,4829.95,4822.0,4823.3,4501
2024-05-23 14:39:00,4823.6,4824.95,4822.05,4823.2,406
2024-05-23 14:40:00,4823.2,4826.9,4822.1,4826.9,724
2024-05-23 14:41:00,4826.9,4828.75,4823.05,4826.6,241
2024-05-23 14:42:00,4828.0,4828.75,4824.7,4828.75,281
2024-05-23 14:43:00,4828.75,4828.75,4825.15,4826.4,197
2024-05-23 14:44:00,4827.9,4830.0,4825.7,4828.05,503
2024-05-23 14:45:00,4828.05,4830.0,4827.0,4827.1,614
2024-05-23 14:46:00,4827.1,4829.9,4825.35,4829.45,909
2024-05-23 14:47:00,4829.45,4829.45,4825.9,4825.9,677
2024-05-23 14:48:00,4827.7,4829.9,4825.45,4825.95,741
2024-05-23 14:49:00,4827.5,4829.15,4825.95,4826.85,755
2024-05-23 14:50:00,4826.85,4826.85,4823.35,4824.1,377
2024-05-23 14:51:00,4824.1,4827.45,4824.1,4824.5,896
2024-05-23 14:52:00,4824.5,4828.0,4823.75,4826.55,1142
2024-05-23 14:53:00,4824.75,4828.7,4824.5,4827.9,1286
2024-05-23 14:54:00,4825.8,4828.0,4825.0,4826.65,908
2024-05-23 14:55:00,4826.65,4829.15,4824.8,4825.65,1560
2024-05-23 14:56:00,4825.65,4828.0,4824.0,4824.75,686
2024-05-23 14:57:00,4824.75,4827.95,4824.1,4825.35,1068
2024-05-23 14:58:00,4825.75,4825.75,4822.5,4824.15,1135
2024-05-23 14:59:00,4824.15,4828.6,4822.0,4827.7,4536
2024-05-23 15:00:00,4827.7,4827.7,4825.75,4825.75,833
2024-05-23 15:01:00,4826.0,4827.6,4825.25,4825.65,1424
2024-05-23 15:02:00,4825.4,4827.45,4824.2,4824.2,4230
2024-05-23 15:03:00,4824.5,4825.0,4822.4,4822.4,1091
2024-05-23 15:04:00,4822.4,4824.6,4822.4,4824.0,567
2024-05-23 15:05:00,4822.45,4823.0,4822.0,4822.25,1505
2024-05-23 15:06:00,4822.0,4825.0,4822.0,4823.25,1225
2024-05-23 15:07:00,4824.1,4824.8,4822.4,4824.5,1019
2024-05-23 15:08:00,4823.05,4827.7,4822.9,4825.55,2098
2024-05-23 15:09:00,4825.85,4836.0,4825.85,4834.5,3804
2024-05-23 15:10:00,4834.5,4834.6,4832.45,4834.6,1285
2024-05-23 15:11:00,4834.6,4836.0,4833.7,4835.0,2130
2024-05-23 15:12:00,4835.0,4835.7,4833.55,4833.65,608
2024-05-23 15:13:00,4833.65,4835.35,4833.0,4834.95,1696
2024-05-23 15:14:00,4834.8,4835.05,4833.0,4833.0,684
2024-05-23 15:15:00,4833.0,4833.0,4828.55,4832.85,1423
2024-05-23 15:16:00,4832.3,4833.95,4830.65,4833.9,1546
2024-05-23 15:17:00,4831.15,4833.5,4831.15,4833.0,1031
2024-05-23 15:18:00,4831.5,4834.0,4831.3,4834.0,816
2024-05-23 15:19:00,4833.8,4836.0,4833.05,4834.0,3639
2024-05-23 15:20:00,4833.85,4835.6,4833.1,4835.6,1692
2024-05-23 15:21:00,4833.45,4835.4,4833.4,4834.4,2273
2024-05-23 15:22:00,4834.1,4834.1,4833.3,4833.35,4114
2024-05-23 15:23:00,4833.4,4835.15,4833.05,4833.7,3056
2024-05-23 15:24:00,4833.75,4835.45,4833.15,4833.2,5467
2024-05-23 15:25:00,4833.2,4834.95,4833.15,4833.3,1794
2024-05-23 15:26:00,4833.8,4833.8,4831.25,4831.25,2473
2024-05-23 15:27:00,4831.8,4831.9,4830.0,4830.0,1996
2024-05-23 15:28:00,4831.0,4831.0,4828.5,4830.0,863
2024-05-23 15:29:00,4830.0,4834.5,4828.55,4832.0,2634
2024-05-24 09:15:00,4843.0,4845.0,4830.0,4839.7,1384
2024-05-24 09:16:00,4837.5,4849.0,4836.95,4849.0,2426
2024-05-24 09:17:00,4849.0,4849.9,4843.25,4846.9,3003
2024-05-24 09:18:00,4849.0,4849.9,4846.0,4848.4,2036
2024-05-24 09:19:00,4848.4,4849.95,4848.3,4849.0,850
2024-05-24 09:20:00,4849.95,4849.95,4845.0,4847.35,2786
2024-05-24 09:21:00,4845.0,4849.45,4842.35,4846.8,2250
2024-05-24 09:22:00,4848.85,4849.0,4846.8,4847.0,452
2024-05-24 09:23:00,4848.9,4849.0,4845.5,4848.0,1905
2024-05-24 09:24:00,4848.55,4848.55,4841.55,4843.15,3563
2024-05-24 09:25:00,4843.15,4845.2,4838.3,4843.85,945
2024-05-24 09:26:00,4843.45,4844.7,4842.1,4844.65,551
2024-05-24 09:27:00,4844.6,4846.2,4843.3,4846.2,498
2024-05-24 09:28:00,4845.0,4847.95,4845.0,4847.0,248
2024-05-24 09:29:00,4847.0,4847.0,4843.3,4846.3,760
2024-05-24 09:30:00,4846.3,4847.45,4844.4,4846.8,682
2024-05-24 09:31:00,4846.8,4847.25,4843.85,4845.6,593
2024-05-24 09:32:00,4845.6,4847.0,4843.55,4844.25,401
2024-05-24 09:33:00,4844.4,4845.0,4842.05,4844.3,496
2024-05-24 09:34:00,4844.0,4844.8,4841.9,4844.0,387
2024-05-24 09:35:00,4844.0,4846.2,4843.3,4844.9,560
2024-05-24 09:36:00,4844.9,4847.9,4843.5,4847.0,1456
2024-05-24 09:37:00,4847.0,4847.0,4844.9,4846.95,240
2024-05-24 09:38:00,4846.9,4847.3,4843.8,4844.15,466
2024-05-24 09:39:00,4844.15,4846.1,4840.1,4841.25,1074
2024-05-24 09:40:00,4841.25,4842.0,4835.5,4838.8,828
2024-05-24 09:41:00,4838.8,4839.0,4836.35,4838.8,332
2024-05-24 09:42:00,4838.8,4841.05,4837.5,4839.6,283
2024-05-24 09:43:00,4839.6,4841.7,4838.0,4838.2,581
2024-05-24 09:44:00,4838.2,4841.4,4838.2,4840.85,220
2024-05-24 09:45:00,4840.85,4847.0,4839.65,4845.7,479
2024-05-24 09:46:00,4845.7,4848.0,4845.0,4847.75,269
2024-05-24 09:47:00,4847.75,4848.75,4846.25,4848.75,588
2024-05-24 09:48:00,4848.9,4849.95,4847.25,4849.95,649
2024-05-24 09:49:00,4849.95,4854.0,4847.1,4853.0,1945
2024-05-24 09:50:00,4854.0,4854.0,4851.25,4852.5,507
2024-05-24 09:51:00,4852.5,4854.6,4846.9,4849.4,1661
2024-05-24 09:52:00,4849.4,4849.4,4841.4,4841.4,705
2024-05-24 09:53:00,4841.4,4842.9,4840.8,4841.0,341
2024-05-24 09:54:00,4841.0,4842.6,4840.05,4840.15,342
2024-05-24 09:55:00,4840.15,4842.5,4840.0,4841.05,168
2024-05-24 09:56:00,4841.05,4844.15,4840.0,4844.1,687
2024-05-24 09:57:00,4843.1,4843.3,4840.0,4842.25,396
2024-05-24 09:58:00,4840.0,4841.9,4836.3,4836.3,393
2024-05-24 09:59:00,4838.3,4840.95,4836.3,4840.95,459
2024-05-24 10:00:00,4838.0,4839.35,4833.0,4834.0,650
2024-05-24 10:01:00,4834.0,4834.65,4831.7,4832.75,203
2024-05-24 10:02:00,4832.75,4832.75,4825.0,4825.0,1159
2024-05-24 10:03:00,4827.05,4829.8,4824.5,4825.0,1027
2024-05-24 10:04:00,4825.0,4827.65,4822.7,4824.5,733
2024-05-24 10:05:00,4824.5,4827.35,4824.5,4826.1,438
2024-05-24 10:06:00,4826.4,4827.0,4821.5,4824.6,955
2024-05-24 10:07:00,4826.9,4829.2,4825.15,4828.25,526
2024-05-24 10:08:00,4828.25,4828.25,4825.0,4825.7,168
2024-05-24 10:09:00,4825.7,4834.95,4825.7,4834.95,444
2024-05-24 10:10:00,4834.95,4843.2,4834.95,4843.15,987
2024-05-24 10:11:00,4841.4,4843.4,4841.4,4841.4,556
2024-05-24 10:12:00,4841.4,4843.45,4839.6,4842.0,359
2024-05-24 10:13:00,4842.0,4842.0,4834.55,4834.55,300
2024-05-24 10:14:00,4834.55,4836.9,4831.25,4834.55,683
2024-05-24 10:15:00,4834.55,4837.35,4833.7,4834.55,149
2024-05-24 10:16:00,4834.55,4836.4,4834.0,4836.4,55
2024-05-24 10:17:00,4836.4,4836.7,4834.1,4835.0,192
2024-05-24 10:18:00,4835.0,4836.45,4834.0,4834.0,112
2024-05-24 10:19:00,4834.0,4834.8,4831.7,4832.85,243
2024-05-24 10:20:00,4832.85,4834.9,4832.4,4834.85,105
2024-05-24 10:21:00,4834.85,4834.85,4832.55,4832.9,163
2024-05-24 10:22:00,4832.9,4835.9,4832.85,4835.9,401
2024-05-24 10:23:00,4836.45,4844.75,4836.45,4843.0,608
2024-05-24 10:24:00,4843.0,4843.0,4841.4,4843.0,153
2024-05-24 10:25:00,4843.0,4843.0,4841.4,4841.4,65
2024-05-24 10:26:00,4841.4,4843.0,4841.4,4841.4,79
2024-05-24 10:27:00,4841.4,4841.4,4838.0,4838.0,299
2024-05-24 10:28:00,4838.0,4838.85,4835.4,4837.3,509
2024-05-24 10:29:00,4837.3,4847.0,4835.7,4845.0,3279
2024-05-24 10:30:00,4847.0,4847.0,4845.7,4846.55,89
2024-05-24 10:31:00,4846.55,4850.85,4846.55,4848.75,819
2024-05-24 10:32:00,4848.75,4850.0,4848.3,4848.35,280
2024-05-24 10:33:00,4848.35,4850.0,4848.35,4850.0,227
2024-05-24 10:34:00,4850.0,4850.0,4849.0,4849.2,95
2024-05-24 10:35:00,4849.2,4849.5,4849.0,4849.25,384
2024-05-24 10:36:00,4849.0,4849.5,4848.3,4848.3,391
2024-05-24 10:37:00,4848.3,4849.45,4845.75,4845.75,276
2024-05-24 10:38:00,4847.25,4847.35,4845.0,4847.35,424
2024-05-24 10:39:00,4847.35,4848.0,4846.0,4846.8,66
2024-05-24 10:40:00,4846.8,4847.0,4845.8,4845.9,67
2024-05-24 10:41:00,4847.0,4847.0,4843.9,4844.7,703
2024-05-24 10:42:00,4844.7,4845.85,4844.7,4844.95,78
2024-05-24 10:43:00,4844.95,4847.95,4844.95,4847.85,181
2024-05-24 10:44:00,4847.6,4848.0,4846.8,4847.05,242
2024-05-24 10:45:00,4847.05,4847.85,4843.5,4847.45,688
2024-05-24 10:46:00,4847.45,4847.5,4845.0,4845.0,578
2024-05-24 10:47:00,4846.2,4846.2,4844.95,4845.7,92
2024-05-24 10:48:00,4845.7,4845.85,4844.0,4844.95,1528
2024-05-24 10:49:00,4844.1,4845.6,4844.1,4845.0,182
2024-05-24 10:50:00,4845.0,4847.5,4845.0,4845.6,2225
2024-05-24 10:51:00,4845.6,4845.75,4842.7,4843.9,432
2024-05-24 10:52:00,4843.9,4846.85,4843.9,4845.05,2785
2024-05-24 10:53:00,4845.05,4847.85,4845.0,4847.85,261
2024-05-24 10:54:00,4847.85,4848.0,4845.85,4848.0,61
2024-05-24 10:55:00,4848.0,4849.3,4845.4,4847.15,562
2024-05-24 10:56:00,4847.15,4849.45,4846.6,4847.0,160
2024-05-24 10:57:00,4847.0,4848.05,4846.3,4846.8,245
2024-05-24 10:58:00,4846.8,4849.0,4846.05,4848.0,388
2024-05-24 10:59:00,4848.0,4848.0,4846.0,4848.0,154
2024-05-24 11:00:00,4848.0,4848.0,4845.0,4846.8,211
2024-05-24 11:01:00,4846.8,4849.0,4846.8,4848.0,446
2024-05-24 11:02:00,4849.0,4849.4,4848.05,4849.4,159
2024-05-24 11:03:00,4849.4,4851.95,4847.15,4848.05,927
2024-05-24 11:04:00,4848.05,4851.7,4848.05,4851.7,210
2024-05-24 11:05:00,4851.7,4852.0,4848.75,4851.95,310
2024-05-24 11:06:00,4851.95,4851.95,4850.05,4851.4,96
2024-05-24 11:07:00,4851.55,4853.85,4850.65,4852.95,641
2024-05-24 11:08:00,4852.95,4854.0,4851.9,4853.9,288
2024-05-24 11:09:00,4853.9,4854.0,4850.0,4854.0,283
2024-05-24 11:10:00,4854.0,4858.3,4854.0,4858.3,1323
2024-05-24 11:11:00,4858.3,4860.0,4856.8,4859.9,1189
2024-05-24 11:12:00,4859.9,4860.0,4857.0,4859.3,439
2024-05-24 11:13:00,4859.3,4859.5,4855.0,4857.85,317
2024-05-24 11:14:00,4857.85,4857.85,4852.95,4852.95,219
2024-05-24 11:15:00,4852.95,4855.0,4850.0,4850.5,222
2024-05-24 11:16:00,4850.5,4852.25,4850.4,4851.15,91
2024-05-24 11:17:00,4851.15,4851.15,4846.4,4849.55,356
2024-05-24 11:18:00,4849.55,4849.55,4845.0,4845.0,472
2024-05-24 11:19:00,4845.0,4848.4,4844.2,4848.3,532
2024-05-24 11:20:00,4848.3,4849.6,4846.05,4849.6,170
2024-05-24 11:21:00,4849.6,4851.05,4848.5,4849.4,456
2024-05-24 11:22:00,4850.1,4850.9,4848.5,4850.0,228
2024-05-24 11:23:00,4848.3,4850.2,4848.0,4848.0,265
2024-05-24 11:24:00,4848.0,4849.9,4847.2,4848.15,159
2024-05-24 11:25:00,4848.15,4850.0,4846.95,4847.15,163
2024-05-24 11:26:00,4847.15,4849.65,4847.0,4848.75,110
2024-05-24 11:27:00,4847.0,4848.95,4847.0,4848.25,119
2024-05-24 11:28:00,4848.25,4849.65,4847.0,4847.0,168
2024-05-24 11:29:00,4847.0,4848.0,4844.25,4844.25,306
2024-05-24 11:30:00,4844.3,4846.6,4844.3,4844.45,1591
2024-05-24 11:31:00,4844.45,4846.5,4844.45,4845.1,613
2024-05-24 11:32:00,4845.05,4846.25,4844.9,4845.0,102
2024-05-24 11:33:00,4846.0,4846.6,4845.0,4845.2,174
2024-05-24 11:34:00,4845.2,4847.7,4845.2,4845.4,116
2024-05-24 11:35:00,4845.4,4848.0,4845.0,4845.05,172
2024-05-24 11:36:00,4845.05,4848.8,4845.05,4845.25,260
2024-05-24 11:37:00,4845.25,4847.7,4845.0,4845.0,237
2024-05-24 11:38:00,4846.9,4848.65,4845.7,4846.15,167
2024-05-24 11:39:00,4846.15,4850.0,4846.15,4849.0,233
2024-05-24 11:40:00,4849.0,4849.0,4846.1,4848.75,209
2024-05-24 11:41:00,4848.75,4850.0,4846.1,4850.0,219
2024-05-24 11:42:00,4850.0,4850.0,4846.15,4846.4,119
2024-05-24 11:43:00,4846.4,4849.0,4845.55,4845.75,231
2024-05-24 11:44:00,4845.75,4847.95,4845.75,4846.05,104
2024-05-24 11:45:00,4846.05,4847.4,4845.0,4845.05,407
2024-05-24 11:46:00,4845.05,4847.4,4845.0,4845.0,155
2024-05-24 11:47:00,4845.0,4847.0,4845.0,4845.7,292
2024-05-24 11:48:00,4845.7,4847.0,4845.0,4845.0,186
2024-05-24 11:49:00,4845.05,4846.9,4836.95,4836.95,7132
2024-05-24 11:50:00,4836.35,4845.0,4836.35,4840.05,2661
2024-05-24 11:51:00,4840.05,4841.9,4837.25,4838.75,235
2024-05-24 11:52:00,4838.75,4841.65,4837.8,4840.0,343
2024-05-24 11:53:00,4840.0,4841.0,4839.7,4840.0,172
2024-05-24 11:54:00,4840.4,4844.9,4840.4,4843.95,1026
2024-05-24 11:55:00,4843.95,4846.0,4843.6,4846.0,107
2024-05-24 11:56:00,4845.95,4848.0,4844.15,4847.95,695
2024-05-24 11:57:00,4847.95,4849.5,4846.25,4848.3,250
2024-05-24 11:58:00,4848.3,4851.25,4848.0,4851.25,1038
2024-05-24 11:59:00,4851.25,4853.15,4851.0,4851.0,341
2024-05-24 12:00:00,4851.0,4851.3,4851.0,4851.0,203
2024-05-24 12:01:00,4851.0,4852.8,4851.0,4852.2,331
2024-05-24 12:02:00,4852.0,4855.0,4852.0,4854.05,1814
2024-05-24 12:03:00,4855.0,4855.8,4854.0,4854.0,1206
2024-05-24 12:04:00,4854.0,4854.0,4851.15,4851.2,434
2024-05-24 12:05:00,4851.2,4853.4,4851.0,4851.0,299
2024-05-24 12:06:00,4851.0,4851.55,4848.55,4850.0,1324
2024-05-24 12:07:00,4850.0,4851.2,4845.5,4845.7,547
2024-05-24 12:08:00,4845.7,4849.15,4845.7,4846.8,115
2024-05-24 12:09:00,4846.8,4849.35,4846.8,4848.0,171
2024-05-24 12:10:00,4848.0,4849.15,4845.0,4846.95,1143
2024-05-24 12:11:00,4846.95,4847.85,4845.7,4845.7,100
2024-05-24 12:12:00,4845.7,4846.95,4845.0,4845.1,145
2024-05-24 12:13:00,4845.1,4846.5,4844.95,4844.95,103
2024-05-24 12:14:00,4844.0,4846.2,4843.0,4843.05,146
2024-05-24 12:15:00,4843.05,4844.95,4843.0,4843.9,147
2024-05-24 12:16:00,4843.9,4843.9,4841.3,4841.3,206
2024-05-24 12:17:00,4841.3,4843.0,4840.0,4841.8,210
2024-05-24 12:18:00,4840.05,4842.0,4839.3,4842.0,372
2024-05-24 12:19:00,4842.0,4842.0,4840.0,4840.35,175
2024-05-24 12:20:00,4840.35,4841.0,4836.1,4840.9,503
2024-05-24 12:21:00,4839.3,4841.9,4835.55,4837.85,599
2024-05-24 12:22:00,4837.85,4840.75,4836.6,4837.8,267
2024-05-24 12:23:00,4837.8,4840.0,4836.6,4836.6,436
2024-05-24 12:24:00,4836.6,4838.75,4836.0,4837.75,238
2024-05-24 12:25:00,4837.75,4840.4,4837.35,4838.05,156
2024-05-24 12:26:00,4838.05,4840.5,4838.05,4840.5,131
2024-05-24 12:27:00,4839.25,4843.35,4838.95,4839.05,611
2024-05-24 12:28:00,4840.55,4840.55,4837.4,4840.55,416
2024-05-24 12:29:00,4840.55,4840.55,4837.8,4840.1,108
2024-05-24 12:30:00,4838.0,4841.45,4835.55,4835.55,289
2024-05-24 12:31:00,4835.55,4837.2,4835.0,4835.15,286
2024-05-24 12:32:00,4835.15,4836.9,4835.0,4835.1,269
2024-05-24 12:33:00,4835.1,4837.45,4835.0,4836.1,247
2024-05-24 12:34:00,4836.1,4837.4,4835.0,4837.05,312
2024-05-24 12:35:00,4837.05,4837.4,4835.0,4835.0,248
2024-05-24 12:36:00,4835.0,4837.65,4835.0,4835.1,436
2024-05-24 12:37:00,4835.1,4838.05,4835.0,4837.55,200
2024-05-24 12:38:00,4835.2,4840.75,4835.15,4840.75,182
2024-05-24 12:39:00,4838.45,4840.4,4837.65,4838.15,146
2024-05-24 12:40:00,4838.15,4840.55,4836.05,4836.85,736
2024-05-24 12:41:00,4836.85,4839.7,4836.85,4838.5,130
2024-05-24 12:42:00,4838.5,4839.75,4837.25,4838.4,168
2024-05-24 12:43:00,4838.4,4841.35,4836.95,4839.55,638
2024-05-24 12:44:00,4839.55,4843.0,4839.55,4842.95,314
2024-05-24 12:45:00,4842.95,4844.2,4840.55,4840.55,329
2024-05-24 12:46:00,4840.55,4844.7,4840.55,4843.35,193
2024-05-24 12:47:00,4843.35,4844.9,4843.3,4844.9,168
2024-05-24 12:48:00,4844.7,4844.95,4844.7,4844.85,216
2024-05-24 12:49:00,4844.85,4845.0,4844.4,4844.4,209
2024-05-24 12:50:00,4844.4,4844.95,4843.0,4843.0,190
2024-05-24 12:51:00,4843.0,4843.4,4843.0,4843.35,495
2024-05-24 12:52:00,4843.35,4844.5,4843.1,4843.2,209
2024-05-24 12:53:00,4843.15,4844.45,4843.0,4843.3,198
2024-05-24 12:54:00,4843.3,4844.5,4843.0,4843.2,552
2024-05-24 12:55:00,4843.2,4846.3,4843.0,4843.65,454
2024-05-24 12:56:00,4843.75,4846.45,4843.75,4845.5,194
2024-05-24 12:57:00,4845.15,4847.7,4845.15,4845.45,319
2024-05-24 12:58:00,4845.45,4847.0,4844.85,4845.25,251
2024-05-24 12:59:00,4845.25,4845.75,4843.0,4844.7,256
2024-05-24 13:00:00,4844.25,4845.75,4843.0,4843.0,213
2024-05-24 13:01:00,4843.0,4845.85,4843.0,4845.1,416
2024-05-24 13:02:00,4845.1,4845.85,4843.0,4843.05,141
2024-05-24 13:03:00,4843.05,4845.85,4843.0,4843.8,249
2024-05-24 13:04:00,4845.75,4846.0,4843.7,4844.25,291
2024-05-24 13:05:00,4844.25,4847.2,4844.0,4847.05,209
2024-05-24 13:06:00,4847.05,4849.0,4844.3,4845.45,302
2024-05-24 13:07:00,4845.45,4848.85,4844.0,4845.65,415
2024-05-24 13:08:00,4845.65,4849.0,4845.05,4845.05,245
2024-05-24 13:09:00,4845.05,4848.5,4845.0,4845.6,167
2024-05-24 13:10:00,4845.6,4847.6,4845.0,4845.0,189
2024-05-24 13:11:00,4845.0,4847.0,4844.85,4844.9,160
2024-05-24 13:12:00,4844.9,4847.45,4844.4,4847.25,184
2024-05-24 13:13:00,4847.25,4847.7,4844.4,4847.2,245
2024-05-24 13:14:00,4847.2,4847.7,4844.4,4844.7,277
2024-05-24 13:15:00,4844.7,4848.0,4844.45,4844.45,321
2024-05-24 13:16:00,4844.45,4847.3,4844.4,4844.4,676
2024-05-24 13:17:00,4844.4,4846.8,4844.35,4845.85,233
2024-05-24 13:18:00,4845.85,4846.75,4844.4,4844.4,304
2024-05-24 13:19:00,4844.35,4847.95,4844.25,4844.25,558
2024-05-24 13:20:00,4844.25,4846.2,4843.45,4845.0,251
2024-05-24 13:21:00,4845.0,4845.7,4843.0,4844.2,500
2024-05-24 13:22:00,4844.2,4844.25,4843.0,4843.05,271
2024-05-24 13:23:00,4843.05,4844.95,4843.0,4843.0,606
2024-05-24 13:24:00,4843.0,4843.9,4843.0,4843.25,1688
2024-05-24 13:25:00,4843.35,4846.25,4843.05,4843.05,374
2024-05-24 13:26:00,4844.0,4844.6,4843.0,4843.0,154
2024-05-24 13:27:00,4843.0,4843.9,4843.0,4843.2,180
2024-05-24 13:28:00,4843.05,4844.85,4843.0,4843.0,146
2024-05-24 13:29:00,4843.0,4843.25,4843.0,4843.05,180
2024-05-24 13:30:00,4843.4,4848.05,4843.4,4847.75,358
2024-05-24 13:31:00,4847.75,4847.75,4845.1,4846.3,77
2024-05-24 13:32:00,4846.3,4849.0,4846.1,4847.0,152
2024-05-24 13:33:00,4847.0,4850.0,4847.0,4849.65,211
2024-05-24 13:34:00,4849.65,4850.0,4848.3,4848.35,123
2024-05-24 13:35:00,4849.75,4849.8,4847.55,4847.55,59
2024-05-24 13:36:00,4847.35,4850.0,4847.35,4849.4,2184
2024-05-24 13:37:00,4849.4,4850.0,4849.4,4850.0,326
2024-05-24 13:38:00,4849.9,4850.0,4849.4,4849.4,138
2024-05-24 13:39:00,4849.4,4850.0,4849.0,4849.25,363
2024-05-24 13:40:00,4849.25,4850.0,4849.25,4849.9,67
2024-05-24 13:41:00,4849.9,4850.0,4849.4,4849.6,159
2024-05-24 13:42:00,4849.6,4850.0,4849.0,4849.4,156
2024-05-24 13:43:00,4849.4,4851.1,4849.4,4850.9,1427
2024-05-24 13:44:00,4850.9,4852.9,4850.3,4850.65,283
2024-05-24 13:45:00,4851.65,4851.65,4848.8,4848.8,382
2024-05-24 13:46:00,4848.15,4848.55,4845.0,4848.55,205
2024-05-24 13:47:00,4848.55,4848.55,4845.15,4846.7,72
2024-05-24 13:48:00,4846.7,4847.95,4845.9,4846.55,165
2024-05-24 13:49:00,4846.55,4848.0,4846.55,4846.8,39
2024-05-24 13:50:00,4846.8,4847.9,4846.8,4847.0,69
2024-05-24 13:51:00,4847.5,4847.9,4845.15,4845.7,217
2024-05-24 13:52:00,4845.7,4847.0,4843.0,4844.8,1772
2024-05-24 13:53:00,4844.8,4845.0,4843.0,4843.65,224
2024-05-24 13:54:00,4843.65,4845.0,4843.45,4845.0,163
2024-05-24 13:55:00,4845.0,4845.0,4843.7,4845.0,45
2024-05-24 13:56:00,4845.0,4847.0,4845.0,4847.0,993
2024-05-24 13:57:00,4847.0,4847.0,4843.0,4846.0,338
2024-05-24 13:58:00,4845.95,4846.1,4843.0,4843.5,293
2024-05-24 13:59:00,4843.5,4845.0,4843.5,4843.55,123
2024-05-24 14:00:00,4843.55,4845.0,4843.5,4843.85,127
2024-05-24 14:01:00,4843.85,4844.3,4843.0,4843.0,102
2024-05-24 14:02:00,4843.0,4844.65,4843.0,4844.65,428
2024-05-24 14:03:00,4844.65,4845.95,4843.1,4845.95,261
2024-05-24 14:04:00,4845.95,4846.0,4844.9,4845.95,237
2024-05-24 14:05:00,4844.9,4846.9,4843.45,4844.35,212
2024-05-24 14:06:00,4844.35,4846.1,4843.45,4845.9,236
2024-05-24 14:07:00,4845.9,4845.9,4843.45,4843.45,166
2024-05-24 14:08:00,4843.45,4846.6,4843.0,4846.6,332
2024-05-24 14:09:00,4846.6,4846.6,4843.0,4843.1,405
2024-05-24 14:10:00,4843.1,4844.75,4843.0,4844.75,503
2024-05-24 14:11:00,4844.75,4846.15,4843.0,4843.7,118
2024-05-24 14:12:00,4843.7,4844.95,4843.0,4843.05,156
2024-05-24 14:13:00,4843.05,4844.95,4843.0,4843.15,133
2024-05-24 14:14:00,4843.15,4845.0,4841.9,4844.65,886
2024-05-24 14:15:00,4844.65,4844.8,4843.05,4844.4,95
2024-05-24 14:16:00,4844.4,4846.7,4844.0,4844.45,306
2024-05-24 14:17:00,4844.45,4845.95,4843.1,4844.0,124
2024-05-24 14:18:00,4844.0,4845.7,4842.55,4843.15,254
2024-05-24 14:19:00,4843.3,4844.65,4842.45,4842.45,121
2024-05-24 14:20:00,4842.5,4844.65,4842.5,4843.3,98
2024-05-24 14:21:00,4843.3,4843.3,4840.5,4840.8,217
2024-05-24 14:22:00,4840.8,4841.05,4840.0,4840.05,295
2024-05-24 14:23:00,4840.15,4840.15,4836.05,4838.75,211
2024-05-24 14:24:00,4838.95,4841.55,4838.85,4840.0,123
2024-05-24 14:25:00,4840.0,4841.2,4838.75,4840.0,391
2024-05-24 14:26:00,4840.0,4843.15,4840.0,4842.25,245
2024-05-24 14:27:00,4842.45,4843.4,4842.0,4843.1,267
2024-05-24 14:28:00,4843.0,4843.4,4842.0,4842.4,293
2024-05-24 14:29:00,4842.4,4843.4,4842.0,4843.0,316
2024-05-24 14:30:00,4843.1,4843.4,4838.85,4843.0,1571
2024-05-24 14:31:00,4842.0,4843.5,4842.0,4843.0,471
2024-05-24 14:32:00,4843.0,4844.55,4843.0,4843.0,385
2024-05-24 14:33:00,4843.0,4844.25,4843.0,4843.1,92
2024-05-24 14:34:00,4843.1,4846.0,4843.05,4845.0,422
2024-05-24 14:35:00,4845.0,4847.5,4845.0,4846.0,410
2024-05-24 14:36:00,4846.0,4850.0,4843.85,4843.85,2609
2024-05-24 14:37:00,4843.55,4846.85,4843.45,4843.65,337
2024-05-24 14:38:00,4843.65,4845.25,4843.0,4843.0,313
2024-05-24 14:39:00,4843.0,4844.4,4843.0,4843.7,290
2024-05-24 14:40:00,4843.7,4844.85,4843.0,4843.0,161
2024-05-24 14:41:00,4844.3,4844.3,4843.0,4843.7,209
2024-05-24 14:42:00,4843.0,4844.2,4840.4,4843.05,1331
2024-05-24 14:43:00,4843.05,4844.15,4842.95,4843.0,268
2024-05-24 14:44:00,4843.0,4844.55,4842.95,4843.4,199
2024-05-24 14:45:00,4843.25,4844.85,4843.0,4844.0,169
2024-05-24 14:46:00,4844.0,4844.9,4843.0,4843.65,194
2024-05-24 14:47:00,4843.65,4845.0,4842.95,4843.5,563
2024-05-24 14:48:00,4844.6,4845.0,4842.85,4844.85,478
2024-05-24 14:49:00,4844.85,4845.0,4842.95,4843.15,262
2024-05-24 14:50:00,4843.8,4843.9,4840.4,4843.1,2624
2024-05-24 14:51:00,4843.0,4843.4,4842.9,4843.3,2304
2024-05-24 14:52:00,4843.0,4845.0,4842.4,4843.0,693
2024-05-24 14:53:00,4843.0,4844.9,4843.0,4843.25,562
2024-05-24 14:54:00,4843.25,4843.25,4839.3,4840.0,509
2024-05-24 14:55:00,4840.0,4840.0,4832.1,4832.4,531
2024-05-24 14:56:00,4832.4,4832.4,4829.0,4831.25,642
2024-05-24 14:57:00,4831.25,4831.95,4829.0,4829.4,364
2024-05-24 14:58:00,4829.1,4833.65,4829.1,4833.65,285
2024-05-24 14:59:00,4833.65,4837.6,4833.65,4835.55,1477
2024-05-24 15:00:00,4835.95,4837.0,4830.05,4834.0,3304
2024-05-24 15:01:00,4834.0,4836.8,4832.8,4833.0,3596
2024-05-24 15:02:00,4833.55,4836.0,4833.0,4834.1,1738
2024-05-24 15:03:00,4834.0,4834.65,4831.0,4833.6,471
2024-05-24 15:04:00,4834.4,4838.0,4834.35,4837.15,875
2024-05-24 15:05:00,4837.25,4839.4,4836.3,4836.35,1300
2024-05-24 15:06:00,4836.2,4836.4,4834.85,4836.4,1902
2024-05-24 15:07:00,4836.1,4836.3,4835.7,4836.3,863
2024-05-24 15:08:00,4835.85,4840.35,4835.8,4840.0,2013
2024-05-24 15:09:00,4839.8,4843.0,4838.0,4843.0,2036
2024-05-24 15:10:00,4841.6,4843.9,4840.7,4843.1,1315
2024-05-24 15:11:00,4843.0,4845.0,4843.0,4844.3,1414
2024-05-24 15:12:00,4844.35,4844.35,4843.0,4843.3,1848
2024-05-24 15:13:00,4843.3,4843.3,4843.0,4843.0,746
2024-05-24 15:14:00,4843.0,4843.25,4843.0,4843.0,2419
2024-05-24 15:15:00,4843.1,4844.85,4843.0,4843.35,2535
2024-05-24 15:16:00,4843.2,4843.3,4843.0,4843.3,1194
2024-05-24 15:17:00,4843.3,4844.85,4842.35,4842.4,1300
2024-05-24 15:18:00,4842.6,4842.6,4840.95,4842.35,1433
2024-05-24 15:19:00,4841.8,4842.35,4840.9,4840.95,1055
2024-05-24 15:20:00,4841.05,4843.0,4840.95,4841.0,2664
2024-05-24 15:21:00,4840.95,4841.75,4840.95,4841.0,1276
2024-05-24 15:22:00,4841.0,4841.1,4840.9,4841.0,1702
2024-05-24 15:23:00,4841.0,4841.1,4839.6,4839.8,3329
2024-05-24 15:24:00,4839.8,4840.0,4836.0,4836.5,1013
2024-05-24 15:25:00,4836.5,4841.0,4835.5,4840.0,5837
2024-05-24 15:26:00,4840.3,4840.45,4838.7,4838.7,4399
2024-05-24 15:27:00,4838.75,4844.0,4837.2,4843.6,2112
2024-05-24 15:28:00,4843.65,4844.0,4843.0,4843.05,2232
2024-05-24 15:29:00,4843.05,4844.85,4843.0,4843.0,630
2024-05-27 09:15:00,4849.95,4850.0,4844.6,4846.2,2099
2024-05-27 09:16:00,4846.25,4849.9,4846.25,4849.8,978
2024-05-27 09:17:00,4848.45,4849.8,4846.85,4849.4,761
2024-05-27 09:18:00,4847.05,4854.0,4846.2,4847.0,2727
2024-05-27 09:19:00,4849.5,4850.7,4844.55,4848.3,837
2024-05-27 09:20:00,4845.45,4845.7,4839.75,4840.8,1590
2024-05-27 09:21:00,4842.0,4842.0,4830.0,4832.55,1278
2024-05-27 09:22:00,4830.15,4832.95,4830.05,4832.8,927
2024-05-27 09:23:00,4832.8,4838.4,4830.55,4837.95,712
2024-05-27 09:24:00,4837.8,4837.8,4834.0,4834.6,788
2024-05-27 09:25:00,4834.55,4838.65,4832.0,4833.75,1204
2024-05-27 09:26:00,4836.1,4836.1,4827.15,4829.75,1164
2024-05-27 09:27:00,4829.35,4829.75,4826.7,4827.35,298
2024-05-27 09:28:00,4827.35,4837.35,4827.1,4835.55,769
2024-05-27 09:29:00,4835.35,4840.0,4831.0,4838.35,792
2024-05-27 09:30:00,4838.35,4840.8,4836.2,4839.15,342
2024-05-27 09:31:00,4840.0,4840.0,4838.35,4839.0,1338
2024-05-27 09:32:00,4839.0,4845.0,4839.0,4844.25,798
2024-05-27 09:33:00,4844.3,4844.3,4840.2,4842.75,154
2024-05-27 09:34:00,4842.75,4848.0,4842.5,4847.0,621
2024-05-27 09:35:00,4847.0,4848.0,4846.2,4847.05,1518
2024-05-27 09:36:00,4847.85,4852.0,4847.85,4852.0,1950
2024-05-27 09:37:00,4852.0,4852.0,4850.05,4852.0,569
2024-05-27 09:38:00,4852.0,4852.0,4847.3,4849.25,1192
2024-05-27 09:39:00,4849.25,4849.25,4845.95,4847.0,617
2024-05-27 09:40:00,4847.7,4847.75,4845.45,4845.45,237
2024-05-27 09:41:00,4845.45,4847.5,4836.85,4838.7,1030
2024-05-27 09:42:00,4838.75,4843.0,4837.6,4839.1,1070
2024-05-27 09:43:00,4839.1,4839.1,4834.55,4836.05,819
2024-05-27 09:44:00,4836.05,4838.85,4833.3,4838.7,365
2024-05-27 09:45:00,4838.7,4840.0,4833.15,4836.6,1816
2024-05-27 09:46:00,4836.6,4839.05,4830.65,4834.0,549
2024-05-27 09:47:00,4834.0,4834.75,4832.5,4833.35,165
2024-05-27 09:48:00,4833.35,4834.5,4830.8,4833.8,380
2024-05-27 09:49:00,4833.8,4845.0,4833.8,4841.95,5421
2024-05-27 09:50:00,4841.95,4846.6,4840.2,4842.0,869
2024-05-27 09:51:00,4842.0,4847.85,4841.45,4842.05,935
2024-05-27 09:52:00,4844.5,4844.5,4835.45,4839.4,396
2024-05-27 09:53:00,4839.4,4839.5,4836.35,4839.3,165
2024-05-27 09:54:00,4839.3,4839.3,4833.35,4833.35,311
2024-05-27 09:55:00,4833.35,4835.0,4832.4,4833.0,559
2024-05-27 09:56:00,4833.0,4841.95,4833.0,4840.25,679
2024-05-27 09:57:00,4840.25,4843.5,4839.15,4841.75,410
2024-05-27 09:58:00,4841.75,4847.0,4841.05,4842.2,871
2024-05-27 09:59:00,4842.05,4845.5,4840.65,4842.75,745
2024-05-27 10:00:00,4842.75,4847.2,4837.05,4839.1,645
2024-05-27 10:01:00,4839.95,4839.95,4835.0,4835.0,187
2024-05-27 10:02:00,4835.0,4836.85,4832.5,4832.5,297
2024-05-27 10:03:00,4832.5,4835.0,4830.0,4834.5,1050
2024-05-27 10:04:00,4834.5,4836.3,4833.6,4833.6,796
2024-05-27 10:05:00,4834.55,4836.9,4833.75,4834.75,83
2024-05-27 10:06:00,4834.75,4836.0,4832.65,4835.4,529
2024-05-27 10:07:00,4835.4,4844.55,4835.4,4842.3,353
2024-05-27 10:08:00,4842.3,4847.0,4842.3,4844.5,356
2024-05-27 10:09:00,4847.05,4850.0,4844.85,4848.85,624
2024-05-27 10:10:00,4848.85,4855.85,4847.7,4853.15,1679
2024-05-27 10:11:00,4853.15,4856.25,4850.9,4854.05,804
2024-05-27 10:12:00,4854.1,4870.0,4853.5,4867.0,2279
2024-05-27 10:13:00,4867.0,4869.7,4865.0,4866.4,906
2024-05-27 10:14:00,4866.4,4866.4,4856.75,4856.75,583
2024-05-27 10:15:00,4858.4,4867.3,4856.5,4866.35,622
2024-05-27 10:16:00,4866.35,4869.75,4865.3,4866.0,392
2024-05-27 10:17:00,4866.0,4869.9,4865.3,4868.5,760
2024-05-27 10:18:00,4868.0,4869.7,4864.85,4864.95,716
2024-05-27 10:19:00,4865.0,4869.8,4863.0,4869.8,1085
2024-05-27 10:20:00,4870.0,4870.05,4868.2,4869.95,688
2024-05-27 10:21:00,4869.95,4871.95,4867.2,4868.5,840
2024-05-27 10:22:00,4868.0,4870.6,4865.75,4870.4,691
2024-05-27 10:23:00,4870.4,4870.4,4868.05,4870.0,291
2024-05-27 10:24:00,4869.95,4873.45,4868.35,4869.0,1772
2024-05-27 10:25:00,4869.0,4869.4,4865.7,4868.3,845
2024-05-27 10:26:00,4868.3,4869.4,4866.75,4869.0,259
2024-05-27 10:27:00,4869.0,4872.7,4869.0,4869.35,868
2024-05-27 10:28:00,4869.35,4870.4,4868.2,4868.65,384
2024-05-27 10:29:00,4868.65,4871.4,4868.6,4870.0,440
2024-05-27 10:30:00,4870.0,4871.25,4867.65,4870.0,518
2024-05-27 10:31:00,4870.0,4874.4,4868.2,4874.3,1404
2024-05-27 10:32:00,4874.3,4874.7,4872.0,4872.1,813
2024-05-27 10:33:00,4872.15,4872.25,4869.25,4872.05,1051
2024-05-27 10:34:00,4872.05,4872.05,4865.65,4867.0,1288
2024-05-27 10:35:00,4867.0,4867.35,4864.3,4866.7,852
2024-05-27 10:36:00,4866.7,4866.7,4865.05,4866.0,279
2024-05-27 10:37:00,4866.0,4866.0,4860.0,4865.8,841
2024-05-27 10:38:00,4865.8,4865.8,4863.4,4865.4,406
2024-05-27 10:39:00,4865.4,4873.95,4862.75,4873.95,1217
2024-05-27 10:40:00,4873.75,4879.0,4873.75,4878.4,1848
2024-05-27 10:41:00,4878.4,4879.0,4876.4,4878.35,413
2024-05-27 10:42:00,4878.35,4878.8,4874.7,4875.65,482
2024-05-27 10:43:00,4876.9,4878.0,4872.75,4875.0,616
2024-05-27 10:44:00,4875.0,4875.0,4872.95,4873.0,59
2024-05-27 10:45:00,4873.0,4874.4,4870.8,4870.8,373
2024-05-27 10:46:00,4870.8,4872.35,4869.0,4869.0,386
2024-05-27 10:47:00,4869.0,4870.6,4868.2,4870.2,157
2024-05-27 10:48:00,4870.2,4870.2,4868.0,4868.65,133
2024-05-27 10:49:00,4868.65,4870.2,4866.0,4869.95,803
2024-05-27 10:50:00,4868.0,4870.35,4868.0,4868.4,180
2024-05-27 10:51:00,4868.1,4870.95,4868.1,4869.2,190
2024-05-27 10:52:00,4869.2,4871.65,4868.35,4870.85,285
2024-05-27 10:53:00,4870.85,4873.2,4868.05,4872.4,1070
2024-05-27 10:54:00,4872.45,4873.35,4870.05,4870.25,204
2024-05-27 10:55:00,4870.25,4874.35,4870.25,4874.35,233
2024-05-27 10:56:00,4872.95,4875.6,4872.95,4874.3,422
2024-05-27 10:57:00,4875.4,4875.4,4870.5,4873.35,329
2024-05-27 10:58:00,4871.6,4874.0,4871.4,4874.0,857
2024-05-27 10:59:00,4874.0,4879.65,4872.5,4879.0,1637
2024-05-27 11:00:00,4880.0,4882.0,4877.3,4882.0,1309
2024-05-27 11:01:00,4882.2,4884.0,4881.6,4883.95,984
2024-05-27 11:02:00,4882.0,4886.3,4882.0,4884.3,1233
2024-05-27 11:03:00,4884.3,4885.8,4880.85,4883.35,1429
2024-05-27 11:04:00,4883.35,4884.55,4881.0,4884.4,777
2024-05-27 11:05:00,4884.4,4884.4,4882.5,4882.5,483
2024-05-27 11:06:00,4882.5,4882.95,4881.3,4882.4,199
2024-05-27 11:07:00,4881.3,4884.0,4881.3,4884.0,902
2024-05-27 11:08:00,4884.0,4884.0,4881.3,4882.95,496
2024-05-27 11:09:00,4882.95,4882.95,4881.3,4882.0,216
2024-05-27 11:10:00,4882.0,4887.45,4881.0,4883.95,1235
2024-05-27 11:11:00,4883.95,4886.85,4883.9,4884.95,256
2024-05-27 11:12:00,4884.95,4887.0,4884.95,4886.0,455
2024-05-27 11:13:00,4886.0,4887.35,4884.0,4884.0,732
2024-05-27 11:14:00,4884.0,4886.0,4882.4,4882.4,1034
2024-05-27 11:15:00,4882.4,4885.85,4882.3,4884.95,366
2024-05-27 11:16:00,4884.95,4885.55,4882.7,4885.55,258
2024-05-27 11:17:00,4885.55,4890.95,4885.55,4890.95,6389
2024-05-27 11:18:00,4890.0,4893.2,4890.0,4893.2,710
2024-05-27 11:19:00,4893.2,4895.4,4893.0,4895.4,2132
2024-05-27 11:20:00,4895.1,4897.0,4893.1,4897.0,2937
2024-05-27 11:21:00,4897.0,4899.9,4897.0,4898.0,3166
2024-05-27 11:22:00,4898.0,4899.8,4895.0,4896.95,6486
2024-05-27 11:23:00,4897.95,4897.95,4890.0,4892.1,493
2024-05-27 11:24:00,4891.85,4892.7,4889.7,4892.0,591
2024-05-27 11:25:00,4892.0,4896.9,4892.0,4896.9,589
2024-05-27 11:26:00,4896.9,4897.5,4895.0,4895.05,326
2024-05-27 11:27:00,4895.05,4898.0,4895.0,4897.45,1047
2024-05-27 11:28:00,4897.45,4898.0,4895.75,4897.0,670
2024-05-27 11:29:00,4897.0,4897.0,4895.0,4895.0,349
2024-05-27 11:30:00,4895.0,4897.0,4889.7,4891.85,2058
2024-05-27 11:31:00,4891.85,4896.3,4889.5,4895.8,1351
2024-05-27 11:32:00,4895.8,4903.95,4895.8,4902.0,4548
2024-05-27 11:33:00,4901.8,4905.0,4901.2,4904.0,1859
2024-05-27 11:34:00,4903.4,4907.95,4902.45,4907.95,3648
2024-05-27 11:35:00,4907.95,4910.15,4905.85,4908.0,2829
2024-05-27 11:36:00,4906.0,4909.4,4905.55,4906.6,1189
2024-05-27 11:37:00,4906.6,4908.4,4906.0,4908.4,523
2024-05-27 11:38:00,4908.4,4908.4,4905.4,4905.45,930
2024-05-27 11:39:00,4905.1,4907.65,4905.1,4906.1,871
2024-05-27 11:40:00,4906.1,4907.75,4902.0,4902.0,791
2024-05-27 11:41:00,4902.85,4915.2,4898.35,4914.35,17336
2024-05-27 11:42:00,4914.35,4914.35,4908.25,4908.35,1852
2024-05-27 11:43:00,4910.5,4912.0,4908.05,4909.75,959
2024-05-27 11:44:00,4909.75,4910.05,4905.0,4905.0,952
2024-05-27 11:45:00,4905.0,4909.0,4904.0,4905.0,1453
2024-05-27 11:46:00,4905.0,4905.7,4900.55,4900.55,1096
2024-05-27 11:47:00,4900.55,4902.0,4896.45,4896.45,1785
2024-05-27 11:48:00,4898.95,4898.95,4895.15,4896.3,297
2024-05-27 11:49:00,4896.3,4899.85,4895.6,4899.85,641
2024-05-27 11:50:00,4899.85,4904.9,4898.8,4903.4,717
2024-05-27 11:51:00,4903.4,4906.95,4903.25,4906.35,584
2024-05-27 11:52:00,4906.35,4906.35,4900.0,4900.0,1019
2024-05-27 11:53:00,4900.0,4902.45,4899.15,4900.9,681
2024-05-27 11:54:00,4900.9,4905.0,4900.0,4901.1,992
2024-05-27 11:55:00,4901.1,4902.75,4893.0,4898.65,1914
2024-05-27 11:56:00,4898.65,4898.75,4892.5,4895.0,773
2024-05-27 11:57:00,4895.1,4901.95,4895.1,4895.65,785
2024-05-27 11:58:00,4895.65,4897.15,4877.7,4878.25,2804
2024-05-27 11:59:00,4878.25,4886.95,4878.25,4883.8,679
2024-05-27 12:00:00,4883.8,4883.85,4872.1,4874.4,5751
2024-05-27 12:01:00,4874.4,4880.35,4874.05,4875.85,1033
2024-05-27 12:02:00,4875.85,4878.0,4873.75,4876.45,2032
2024-05-27 12:03:00,4878.0,4881.25,4874.8,4875.8,2242
2024-05-27 12:04:00,4875.8,4877.25,4873.7,4875.7,1363
2024-05-27 12:05:00,4875.7,4879.9,4875.05,4879.4,802
2024-05-27 12:06:00,4877.2,4882.45,4875.4,4881.2,575
2024-05-27 12:07:00,4881.2,4883.2,4878.0,4878.0,601
2024-05-27 12:08:00,4878.0,4881.45,4876.55,4879.2,573
2024-05-27 12:09:00,4879.2,4880.9,4877.0,4879.2,570
2024-05-27 12:10:00,4879.2,4884.95,4878.0,4878.0,800
2024-05-27 12:11:00,4878.0,4879.05,4874.15,4877.35,970
2024-05-27 12:12:00,4879.45,4882.85,4877.1,4880.45,1066
2024-05-27 12:13:00,4880.45,4884.0,4878.1,4878.1,2090
2024-05-27 12:14:00,4878.1,4883.0,4876.9,4878.65,939
2024-05-27 12:15:00,4878.65,4886.45,4878.65,4885.1,1323
2024-05-27 12:16:00,4885.1,4890.5,4885.1,4888.7,841
2024-05-27 12:17:00,4888.7,4890.95,4888.0,4890.95,1057
2024-05-27 12:18:00,4890.95,4890.95,4888.7,4890.0,416
2024-05-27 12:19:00,4890.0,4892.0,4889.0,4889.05,717
2024-05-27 12:20:00,4888.75,4888.75,4884.05,4888.6,785
2024-05-27 12:21:00,4888.6,4889.8,4886.85,4887.6,617
2024-05-27 12:22:00,4887.6,4890.0,4886.9,4887.05,650
2024-05-27 12:23:00,4887.0,4889.0,4884.0,4887.0,552
2024-05-27 12:24:00,4887.0,4889.65,4887.0,4888.1,402
2024-05-27 12:25:00,4888.1,4891.75,4885.0,4885.0,548
2024-05-27 12:26:00,4885.0,4886.35,4883.0,4883.0,702
2024-05-27 12:27:00,4883.0,4884.65,4880.0,4880.15,1023
2024-05-27 12:28:00,4880.15,4882.05,4877.65,4882.05,1360
2024-05-27 12:29:00,4882.05,4882.85,4881.6,4881.6,408
2024-05-27 12:30:00,4881.6,4882.45,4878.8,4880.45,721
2024-05-27 12:31:00,4880.45,4881.5,4877.0,4878.6,733
2024-05-27 12:32:00,4878.55,4880.2,4876.5,4877.75,566
2024-05-27 12:33:00,4877.75,4880.45,4876.55,4877.75,527
2024-05-27 12:34:00,4877.75,4880.0,4877.4,4877.55,646
2024-05-27 12:35:00,4877.55,4880.0,4875.0,4877.65,740
2024-05-27 12:36:00,4877.85,4879.8,4876.6,4876.65,495
2024-05-27 12:37:00,4876.65,4879.9,4876.65,4877.2,557
2024-05-27 12:38:00,4877.1,4878.6,4874.0,4875.6,853
2024-05-27 12:39:00,4875.6,4879.5,4874.55,4875.65,716
2024-05-27 12:40:00,4876.0,4879.1,4874.75,4875.4,621
2024-05-27 12:41:00,4875.05,4879.2,4875.0,4876.05,628
2024-05-27 12:42:00,4876.05,4878.05,4874.95,4875.0,1655
2024-05-27 12:43:00,4875.0,4877.75,4875.0,4875.1,4487
2024-05-27 12:44:00,4875.05,4877.0,4874.65,4875.85,495
2024-05-27 12:45:00,4875.85,4876.55,4874.95,4876.55,1043
2024-05-27 12:46:00,4876.5,4878.05,4874.9,4876.05,877
2024-05-27 12:47:00,4876.0,4879.2,4874.95,4879.2,737
2024-05-27 12:48:00,4879.2,4884.2,4877.95,4882.1,1768
2024-05-27 12:49:00,4882.25,4882.45,4880.0,4881.65,870
2024-05-27 12:50:00,4881.65,4889.3,4881.2,4883.2,1615
2024-05-27 12:51:00,4883.2,4887.95,4878.25,4881.6,1220
2024-05-27 12:52:00,4881.6,4883.0,4877.95,4878.7,522
2024-05-27 12:53:00,4878.7,4883.25,4877.8,4879.45,911
2024-05-27 12:54:00,4879.45,4885.7,4877.5,4883.0,985
2024-05-27 12:55:00,4883.0,4885.6,4881.05,4884.0,800
2024-05-27 12:56:00,4884.0,4884.5,4880.85,4880.85,979
2024-05-27 12:57:00,4880.75,4882.65,4877.1,4877.35,716
2024-05-27 12:58:00,4877.35,4884.4,4877.05,4882.5,832
2024-05-27 12:59:00,4882.75,4882.95,4880.0,4881.85,393
2024-05-27 13:00:00,4881.85,4886.9,4880.6,4884.5,628
2024-05-27 13:01:00,4884.5,4886.4,4882.55,4883.3,459
2024-05-27 13:02:00,4883.3,4886.7,4883.3,4886.55,322
2024-05-27 13:03:00,4886.55,4886.55,4884.25,4884.7,282
2024-05-27 13:04:00,4884.7,4890.0,4884.2,4890.0,948
2024-05-27 13:05:00,4889.0,4890.65,4888.65,4889.45,756
2024-05-27 13:06:00,4888.9,4890.95,4886.3,4888.9,608
2024-05-27 13:07:00,4888.5,4890.65,4887.5,4890.0,499
2024-05-27 13:08:00,4890.0,4891.85,4890.0,4890.0,341
2024-05-27 13:09:00,4891.0,4892.9,4889.0,4891.0,587
2024-05-27 13:10:00,4893.0,4893.85,4889.0,4890.1,843
2024-05-27 13:11:00,4890.1,4893.6,4890.0,4892.95,1017
2024-05-27 13:12:00,4892.95,4894.0,4890.0,4890.85,431
2024-05-27 13:13:00,4890.85,4892.65,4890.0,4892.0,423
2024-05-27 13:14:00,4892.0,4892.0,4890.0,4890.0,412
2024-05-27 13:15:00,4890.0,4891.3,4889.0,4891.0,486
2024-05-27 13:16:00,4891.0,4892.8,4890.0,4892.8,572
2024-05-27 13:17:00,4892.8,4895.45,4890.65,4894.2,1282
2024-05-27 13:18:00,4894.2,4895.95,4891.15,4893.5,559
2024-05-27 13:19:00,4893.5,4894.1,4890.95,4893.4,318
2024-05-27 13:20:00,4893.4,4893.95,4891.0,4892.1,440
2024-05-27 13:21:00,4892.1,4893.0,4890.25,4893.0,298
2024-05-27 13:22:00,4893.0,4894.4,4891.3,4892.1,398
2024-05-27 13:23:00,4892.1,4898.0,4891.95,4896.5,893
2024-05-27 13:24:00,4896.5,4898.0,4896.5,4897.75,276
2024-05-27 13:25:00,4897.75,4899.0,4897.3,4899.0,619
2024-05-27 13:26:00,4899.0,4900.0,4898.25,4898.75,596
2024-05-27 13:27:00,4898.75,4900.0,4898.15,4898.55,1365
2024-05-27 13:28:00,4898.55,4900.8,4897.65,4900.35,1822
2024-05-27 13:29:00,4900.35,4903.15,4900.1,4901.0,517
2024-05-27 13:30:00,4903.0,4903.4,4901.05,4901.65,758
2024-05-27 13:31:00,4901.65,4905.35,4901.65,4905.05,905
2024-05-27 13:32:00,4905.05,4906.8,4903.4,4905.0,667
2024-05-27 13:33:00,4905.0,4905.4,4902.3,4903.0,637
2024-05-27 13:34:00,4903.0,4908.0,4902.95,4907.5,647
2024-05-27 13:35:00,4907.5,4907.5,4903.0,4904.2,574
2024-05-27 13:36:00,4903.35,4905.7,4899.25,4900.0,1028
2024-05-27 13:37:00,4901.95,4902.0,4898.05,4899.1,525
2024-05-27 13:38:00,4901.2,4903.0,4898.75,4901.7,573
2024-05-27 13:39:00,4901.7,4903.75,4900.05,4903.75,813
2024-05-27 13:40:00,4903.8,4903.8,4893.25,4893.95,762
2024-05-27 13:41:00,4893.95,4895.8,4891.6,4893.75,474
2024-05-27 13:42:00,4893.85,4894.35,4890.15,4891.05,736
2024-05-27 13:43:00,4891.05,4895.55,4890.8,4891.8,471
2024-05-27 13:44:00,4894.4,4896.8,4891.7,4894.9,366
2024-05-27 13:45:00,4894.9,4896.7,4892.7,4895.25,609
2024-05-27 13:46:00,4895.25,4895.25,4891.05,4895.0,602
2024-05-27 13:47:00,4895.0,4895.35,4890.0,4890.0,472
2024-05-27 13:48:00,4890.6,4892.8,4890.0,4890.55,506
2024-05-27 13:49:00,4890.55,4892.6,4890.5,4890.5,286
2024-05-27 13:50:00,4890.5,4892.8,4890.0,4891.75,483
2024-05-27 13:51:00,4891.75,4894.45,4890.3,4892.0,466
2024-05-27 13:52:00,4892.0,4894.0,4891.0,4891.05,266
2024-05-27 13:53:00,4891.05,4895.0,4891.05,4895.0,616
2024-05-27 13:54:00,4895.0,4895.0,4891.5,4893.05,260
2024-05-27 13:55:00,4893.05,4898.75,4893.05,4897.0,774
2024-05-27 13:56:00,4897.0,4900.85,4895.7,4899.5,695
2024-05-27 13:57:00,4899.5,4901.9,4898.4,4899.5,385
2024-05-27 13:58:00,4899.5,4900.0,4898.0,4898.5,439
2024-05-27 13:59:00,4898.5,4899.55,4896.2,4898.25,487
2024-05-27 14:00:00,4898.25,4898.35,4896.25,4897.85,388
2024-05-27 14:01:00,4897.85,4897.85,4895.45,4896.0,650
2024-05-27 14:02:00,4896.0,4897.6,4895.85,4897.55,301
2024-05-27 14:03:00,4897.55,4899.85,4896.0,4896.0,760
2024-05-27 14:04:00,4896.0,4899.75,4896.0,4897.05,419
2024-05-27 14:05:00,4899.0,4900.0,4897.15,4898.35,387
2024-05-27 14:06:00,4898.35,4901.0,4898.35,4899.0,618
2024-05-27 14:07:00,4900.0,4900.4,4899.0,4899.0,518
2024-05-27 14:08:00,4899.0,4903.45,4899.0,4903.45,1247
2024-05-27 14:09:00,4902.85,4905.75,4901.0,4905.0,2951
2024-05-27 14:10:00,4905.0,4907.4,4905.0,4905.0,521
2024-05-27 14:11:00,4905.0,4907.75,4904.75,4904.95,579
2024-05-27 14:12:00,4906.75,4906.75,4905.0,4906.75,301
2024-05-27 14:13:00,4906.75,4906.8,4904.05,4905.0,4478
2024-05-27 14:14:00,4905.0,4905.5,4904.95,4905.45,1721
2024-05-27 14:15:00,4905.0,4905.0,4894.55,4894.55,2392
2024-05-27 14:16:00,4894.55,4896.0,4888.55,4893.95,900
2024-05-27 14:17:00,4893.95,4893.95,4890.65,4893.2,341
2024-05-27 14:18:00,4893.2,4896.0,4891.4,4895.95,541
2024-05-27 14:19:00,4895.95,4898.4,4893.0,4893.2,549
2024-05-27 14:20:00,4893.2,4896.0,4891.7,4895.45,888
2024-05-27 14:21:00,4895.45,4897.95,4893.05,4893.6,564
2024-05-27 14:22:00,4893.6,4895.4,4892.85,4893.2,366
2024-05-27 14:23:00,4893.2,4895.4,4892.5,4892.5,481
2024-05-27 14:24:00,4892.5,4896.15,4890.05,4890.95,829
2024-05-27 14:25:00,4890.95,4896.0,4890.9,4895.45,590
2024-05-27 14:26:00,4895.45,4899.0,4893.35,4899.0,684
2024-05-27 14:27:00,4899.0,4900.65,4896.7,4900.45,711
2024-05-27 14:28:00,4900.5,4900.5,4896.1,4899.95,482
2024-05-27 14:29:00,4899.95,4901.85,4897.0,4900.0,769
2024-05-27 14:30:00,4901.75,4904.0,4900.0,4902.95,714
2024-05-27 14:31:00,4902.95,4904.0,4901.5,4903.9,648
2024-05-27 14:32:00,4903.9,4905.0,4902.0,4902.0,1279
2024-05-27 14:33:00,4902.5,4902.6,4900.5,4900.5,1050
2024-05-27 14:34:00,4900.5,4902.9,4900.25,4902.1,1217
2024-05-27 14:35:00,4902.1,4902.1,4900.1,4900.1,1024
2024-05-27 14:36:00,4900.1,4900.1,4898.0,4898.0,4586
2024-05-27 14:37:00,4898.0,4899.4,4897.0,4897.0,1347
2024-05-27 14:38:00,4897.0,4899.45,4890.05,4890.05,2407
2024-05-27 14:39:00,4891.0,4894.95,4887.4,4890.0,1179
2024-05-27 14:40:00,4889.85,4890.8,4884.95,4890.8,1809
2024-05-27 14:41:00,4890.8,4891.85,4885.25,4887.65,320
2024-05-27 14:42:00,4887.65,4889.25,4884.95,4889.25,531
2024-05-27 14:43:00,4889.25,4893.0,4889.0,4891.45,751
2024-05-27 14:44:00,4891.45,4894.9,4891.0,4893.3,965
2024-05-27 14:45:00,4893.3,4893.3,4890.0,4890.7,740
2024-05-27 14:46:00,4890.7,4894.65,4890.0,4891.8,867
2024-05-27 14:47:00,4891.8,4894.4,4891.7,4892.2,630
2024-05-27 14:48:00,4894.85,4895.0,4891.95,4894.8,872
2024-05-27 14:49:00,4894.8,4895.0,4891.75,4892.5,679
2024-05-27 14:50:00,4892.5,4893.75,4891.75,4891.8,797
2024-05-27 14:51:00,4891.75,4895.4,4891.75,4894.95,869
2024-05-27 14:52:00,4893.35,4897.45,4893.3,4893.4,668
2024-05-27 14:53:00,4893.4,4895.35,4891.25,4893.8,1110
2024-05-27 14:54:00,4892.95,4893.6,4890.0,4891.45,4462
2024-05-27 14:55:00,4891.45,4891.85,4890.0,4890.0,989
2024-05-27 14:56:00,4889.75,4889.75,4876.8,4879.1,1702
2024-05-27 14:57:00,4879.1,4896.0,4876.7,4895.0,9214
2024-05-27 14:58:00,4895.0,4899.7,4895.0,4895.15,3417
2024-05-27 14:59:00,4895.15,4895.15,4889.1,4890.0,697
2024-05-27 15:00:00,4890.5,4893.0,4889.0,4893.0,3315
2024-05-27 15:01:00,4893.0,4893.3,4891.0,4891.7,822
2024-05-27 15:02:00,4894.0,4898.5,4892.15,4892.8,1994
2024-05-27 15:03:00,4893.95,4898.0,4893.65,4895.0,1578
2024-05-27 15:04:00,4895.0,4895.75,4892.0,4892.7,2383
2024-05-27 15:05:00,4892.7,4895.9,4891.5,4894.0,2690
2024-05-27 15:06:00,4894.95,4894.95,4892.5,4892.5,1796
2024-05-27 15:07:00,4894.0,4894.2,4892.0,4892.0,4396
2024-05-27 15:08:00,4892.95,4893.35,4885.0,4889.6,7462
2024-05-27 15:09:00,4889.6,4890.45,4885.35,4890.45,1883
2024-05-27 15:10:00,4890.55,4890.55,4880.0,4881.55,1472
2024-05-27 15:11:00,4881.55,4887.4,4881.55,4884.5,2597
2024-05-27 15:12:00,4884.5,4886.35,4883.2,4883.2,1366
2024-05-27 15:13:00,4883.2,4896.65,4881.8,4896.0,6515
2024-05-27 15:14:00,4896.0,4897.0,4895.0,4897.0,4199
2024-05-27 15:15:00,4897.0,4897.0,4895.0,4895.05,1596
2024-05-27 15:16:00,4895.05,4895.7,4895.0,4895.0,2722
2024-05-27 15:17:00,4895.0,4895.3,4892.95,4894.5,2935
2024-05-27 15:18:00,4894.5,4894.5,4891.3,4893.05,2052
2024-05-27 15:19:00,4893.05,4894.4,4893.0,4894.0,600
2024-05-27 15:20:00,4893.95,4895.4,4891.85,4895.0,1661
2024-05-27 15:21:00,4894.0,4896.35,4893.0,4893.6,1301
2024-05-27 15:22:00,4893.8,4893.8,4891.1,4893.3,1301
2024-05-27 15:23:00,4893.3,4893.7,4892.9,4893.0,1192
2024-05-27 15:24:00,4893.0,4895.0,4891.9,4895.0,4307
2024-05-27 15:25:00,4893.1,4894.95,4891.2,4893.0,6105
2024-05-27 15:26:00,4893.95,4893.95,4888.15,4888.45,1381
2024-05-27 15:27:00,4888.45,4891.4,4888.45,4891.0,1310
2024-05-27 15:28:00,4892.0,4892.0,4885.0,4888.0,982
2024-05-27 15:29:00,4888.0,4890.0,4885.6,4890.0,1385
2024-05-28 09:15:00,4915.0,4918.95,4895.1,4914.0,3924
2024-05-28 09:16:00,4916.7,4918.55,4911.8,4918.55,2662
2024-05-28 09:17:00,4918.05,4928.95,4916.4,4922.15,5776
2024-05-28 09:18:00,4918.3,4923.0,4917.0,4921.65,1683
2024-05-28 09:19:00,4921.65,4933.45,4921.65,4923.3,3405
2024-05-28 09:20:00,4925.95,4926.0,4905.7,4908.05,2048
2024-05-28 09:21:00,4908.05,4920.85,4907.65,4918.3,1678
2024-05-28 09:22:00,4918.0,4922.15,4913.1,4915.0,2896
2024-05-28 09:23:00,4915.0,4915.0,4910.0,4913.45,887
2024-05-28 09:24:00,4913.45,4913.45,4907.55,4910.0,1059
2024-05-28 09:25:00,4910.3,4913.85,4908.2,4909.0,797
2024-05-28 09:26:00,4909.0,4909.25,4901.5,4902.0,621
2024-05-28 09:27:00,4902.1,4910.0,4902.05,4909.05,656
2024-05-28 09:28:00,4909.05,4911.8,4909.05,4910.4,314
2024-05-28 09:29:00,4910.4,4913.85,4905.0,4905.1,875
2024-05-28 09:30:00,4905.1,4905.1,4900.0,4900.0,1313
2024-05-28 09:31:00,4900.0,4902.0,4898.2,4898.6,948
2024-05-28 09:32:00,4897.1,4901.75,4895.85,4895.85,1957
2024-05-28 09:33:00,4895.0,4899.75,4895.0,4896.7,684
2024-05-28 09:34:00,4896.7,4896.7,4890.0,4890.0,1244
2024-05-28 09:35:00,4890.0,4891.1,4886.05,4886.25,952
2024-05-28 09:36:00,4889.05,4889.95,4884.95,4887.35,1603
2024-05-28 09:37:00,4889.85,4892.9,4887.0,4892.0,1832
2024-05-28 09:38:00,4892.9,4897.95,4889.2,4896.0,957
2024-05-28 09:39:00,4896.0,4900.0,4896.0,4899.0,1200
2024-05-28 09:40:00,4898.05,4898.9,4892.0,4893.55,940
2024-05-28 09:41:00,4893.55,4896.4,4889.8,4892.95,1336
2024-05-28 09:42:00,4892.95,4894.4,4888.0,4890.05,523
2024-05-28 09:43:00,4890.05,4898.05,4890.0,4893.3,779
2024-05-28 09:44:00,4893.3,4903.4,4893.3,4901.15,1462
2024-05-28 09:45:00,4903.4,4905.0,4895.95,4895.95,513
2024-05-28 09:46:00,4895.95,4902.4,4895.95,4899.6,196
2024-05-28 09:47:00,4899.6,4899.95,4896.1,4899.65,514
2024-05-28 09:48:00,4899.65,4901.9,4897.2,4900.0,880
2024-05-28 09:49:00,4901.85,4905.75,4899.6,4905.75,4609
2024-05-28 09:50:00,4905.75,4905.75,4897.6,4900.2,644
2024-05-28 09:51:00,4900.2,4903.15,4897.3,4897.3,543
2024-05-28 09:52:00,4897.3,4911.0,4896.8,4911.0,9590
2024-05-28 09:53:00,4910.45,4912.0,4910.0,4910.05,229
2024-05-28 09:54:00,4911.0,4915.0,4910.0,4910.0,2294
2024-05-28 09:55:00,4912.05,4913.85,4910.0,4910.0,784
2024-05-28 09:56:00,4910.0,4914.0,4910.0,4913.55,344
2024-05-28 09:57:00,4913.55,4914.95,4911.55,4914.0,219
2024-05-28 09:58:00,4914.0,4915.0,4900.0,4901.7,16902
2024-05-28 09:59:00,4900.0,4900.0,4896.35,4900.0,585
2024-05-28 10:00:00,4900.0,4900.0,4897.2,4899.45,385
2024-05-28 10:01:00,4896.75,4900.0,4896.35,4899.8,374
2024-05-28 10:02:00,4897.45,4899.4,4890.0,4890.0,6583
2024-05-28 10:03:00,4889.0,4895.2,4888.05,4891.85,901
2024-05-28 10:04:00,4895.0,4895.0,4884.6,4885.6,7393
2024-05-28 10:05:00,4885.6,4886.45,4867.8,4878.0,23185
2024-05-28 10:06:00,4878.0,4883.8,4876.05,4883.0,402
2024-05-28 10:07:00,4880.45,4880.45,4876.55,4878.35,778
2024-05-28 10:08:00,4878.0,4882.8,4876.9,4882.8,691
2024-05-28 10:09:00,4882.8,4882.8,4875.0,4875.1,411
2024-05-28 10:10:00,4875.1,4876.9,4872.0,4873.55,571
2024-05-28 10:11:00,4873.0,4878.0,4872.0,4875.0,534
2024-05-28 10:12:00,4872.05,4882.4,4872.0,4881.9,1252
2024-05-28 10:13:00,4881.9,4881.9,4875.55,4879.15,616
2024-05-28 10:14:00,4879.15,4880.0,4876.5,4877.75,577
2024-05-28 10:15:00,4878.05,4884.5,4878.05,4884.5,717
2024-05-28 10:16:00,4885.35,4889.0,4885.35,4888.6,523
2024-05-28 10:17:00,4888.6,4895.4,4888.0,4891.2,1463
2024-05-28 10:18:00,4891.2,4894.35,4890.75,4894.35,185
2024-05-28 10:19:00,4894.35,4898.4,4893.15,4898.4,349
2024-05-28 10:20:00,4897.45,4899.0,4895.0,4899.0,310
2024-05-28 10:21:00,4899.0,4899.0,4896.4,4896.45,263
2024-05-28 10:22:00,4896.45,4898.2,4895.3,4898.2,485
2024-05-28 10:23:00,4898.2,4898.35,4893.8,4898.0,679
2024-05-28 10:24:00,4897.95,4899.9,4896.55,4898.45,371
2024-05-28 10:25:00,4898.45,4899.9,4896.0,4896.0,347
2024-05-28 10:26:00,4896.0,4898.2,4895.0,4895.0,142
2024-05-28 10:27:00,4895.0,4895.0,4892.05,4894.45,140
2024-05-28 10:28:00,4894.45,4895.0,4893.3,4893.3,82
2024-05-28 10:29:00,4893.7,4895.0,4890.75,4893.95,539
2024-05-28 10:30:00,4893.0,4894.25,4891.15,4892.0,93
2024-05-28 10:31:00,4892.0,4895.0,4892.0,4893.65,212
2024-05-28 10:32:00,4893.65,4899.9,4893.65,4899.9,223
2024-05-28 10:33:00,4899.9,4899.9,4898.0,4899.9,256
2024-05-28 10:34:00,4899.9,4899.95,4897.65,4899.9,306
2024-05-28 10:35:00,4899.9,4901.75,4898.0,4901.75,3091
2024-05-28 10:36:00,4901.75,4901.75,4899.05,4901.55,117
2024-05-28 10:37:00,4901.55,4901.55,4897.6,4900.0,189
2024-05-28 10:38:00,4900.0,4900.0,4896.0,4896.85,273
2024-05-28 10:39:00,4896.85,4900.0,4896.0,4898.95,142
2024-05-28 10:40:00,4898.95,4898.95,4895.0,4895.05,561
2024-05-28 10:41:00,4895.05,4897.6,4892.8,4892.8,417
2024-05-28 10:42:00,4892.8,4897.1,4892.8,4897.05,224
2024-05-28 10:43:00,4897.05,4898.5,4895.85,4897.5,556
2024-05-28 10:44:00,4897.55,4899.4,4895.8,4896.0,401
2024-05-28 10:45:00,4896.0,4898.95,4895.85,4896.0,170
2024-05-28 10:46:00,4896.0,4898.85,4891.6,4893.45,480
2024-05-28 10:47:00,4893.45,4894.65,4891.15,4892.3,49
2024-05-28 10:48:00,4892.3,4894.1,4892.3,4892.3,90
2024-05-28 10:49:00,4892.3,4901.7,4892.3,4901.7,1727
2024-05-28 10:50:00,4901.7,4901.7,4897.55,4900.0,91
2024-05-28 10:51:00,4900.0,4901.15,4899.05,4899.4,84
2024-05-28 10:52:00,4899.4,4901.5,4899.0,4899.0,193
2024-05-28 10:53:00,4899.0,4901.15,4898.35,4901.15,117
2024-05-28 10:54:00,4901.15,4903.0,4899.35,4902.8,193
2024-05-28 10:55:00,4902.8,4902.8,4900.5,4901.8,173
2024-05-28 10:56:00,4901.8,4901.8,4895.45,4897.85,245
2024-05-28 10:57:00,4897.85,4897.85,4894.45,4895.0,140
2024-05-28 10:58:00,4896.25,4897.0,4891.5,4895.8,1495
2024-05-28 10:59:00,4895.8,4898.25,4895.8,4898.25,133
2024-05-28 11:00:00,4898.25,4899.95,4896.75,4899.95,23
2024-05-28 11:01:00,4899.95,4900.9,4890.0,4890.0,324
2024-05-28 11:02:00,4890.0,4892.65,4888.15,4888.15,6642
2024-05-28 11:03:00,4888.15,4891.55,4881.05,4881.2,539
2024-05-28 11:04:00,4881.2,4884.0,4881.05,4883.85,940
2024-05-28 11:05:00,4883.85,4888.4,4883.8,4888.05,481
2024-05-28 11:06:00,4888.05,4888.05,4880.1,4883.3,1143
2024-05-28 11:07:00,4883.3,4883.3,4879.0,4880.0,635
2024-05-28 11:08:00,4879.95,4880.0,4877.0,4878.45,597
2024-05-28 11:09:00,4878.45,4878.45,4877.0,4878.0,167
2024-05-28 11:10:00,4878.0,4878.0,4872.1,4872.7,2746
2024-05-28 11:11:00,4875.0,4876.05,4873.15,4875.65,138
2024-05-28 11:12:00,4875.65,4878.85,4873.3,4876.95,312
2024-05-28 11:13:00,4876.95,4882.95,4876.7,4878.1,1565
2024-05-28 11:14:00,4878.1,4883.3,4878.1,4882.0,124
2024-05-28 11:15:00,4882.0,4882.55,4879.05,4882.15,139
2024-05-28 11:16:00,4882.15,4883.1,4880.15,4883.1,88
2024-05-28 11:17:00,4883.1,4883.1,4880.0,4880.25,518
2024-05-28 11:18:00,4880.25,4883.0,4879.0,4882.0,122
2024-05-28 11:19:00,4882.0,4882.15,4880.9,4880.9,620
2024-05-28 11:20:00,4881.05,4881.3,4879.4,4881.3,196
2024-05-28 11:21:00,4881.3,4883.0,4879.45,4881.55,80
2024-05-28 11:22:00,4881.55,4883.9,4881.55,4882.0,72
2024-05-28 11:23:00,4882.0,4883.9,4880.0,4880.75,335
2024-05-28 11:24:00,4880.75,4882.2,4878.9,4878.9,333
2024-05-28 11:25:00,4878.9,4879.1,4877.3,4877.3,1450
2024-05-28 11:26:00,4877.3,4883.4,4877.3,4882.75,1222
2024-05-28 11:27:00,4882.75,4884.55,4881.1,4884.45,327
2024-05-28 11:28:00,4884.45,4884.45,4880.3,4883.9,199
2024-05-28 11:29:00,4883.9,4884.1,4881.0,4881.0,324
2024-05-28 11:30:00,4882.4,4885.9,4882.4,4884.95,217
2024-05-28 11:31:00,4884.95,4885.4,4883.0,4885.0,1064
2024-05-28 11:32:00,4885.0,4885.4,4883.0,4883.2,591
2024-05-28 11:33:00,4883.2,4885.3,4883.2,4885.0,68
2024-05-28 11:34:00,4885.0,4885.0,4883.0,4883.2,1158
2024-05-28 11:35:00,4883.2,4883.45,4882.0,4883.45,666
2024-05-28 11:36:00,4883.45,4884.95,4883.05,4883.2,79
2024-05-28 11:37:00,4883.2,4884.55,4883.0,4883.05,75
2024-05-28 11:38:00,4883.05,4885.45,4883.0,4883.2,737
2024-05-28 11:39:00,4883.2,4885.95,4883.0,4883.4,90
2024-05-28 11:40:00,4883.4,4889.0,4883.4,4888.95,117
2024-05-28 11:41:00,4888.95,4888.95,4885.05,4885.05,119
2024-05-28 11:42:00,4885.05,4887.15,4885.05,4885.4,28
2024-05-28 11:43:00,4885.4,4887.4,4884.0,4886.25,193
2024-05-28 11:44:00,4884.2,4888.45,4884.05,4886.0,182
2024-05-28 11:45:00,4886.0,4889.35,4886.0,4887.45,51
2024-05-28 11:46:00,4887.45,4890.0,4887.45,4890.0,216
2024-05-28 11:47:00,4890.0,4890.0,4887.45,4889.7,190
2024-05-28 11:48:00,4889.7,4889.7,4886.1,4887.8,98
2024-05-28 11:49:00,4887.8,4887.8,4884.05,4887.25,187
2024-05-28 11:50:00,4887.25,4887.5,4884.5,4887.45,92
2024-05-28 11:51:00,4887.45,4887.45,4884.0,4884.0,192
2024-05-28 11:52:00,4884.0,4886.45,4884.0,4886.45,70
2024-05-28 11:53:00,4886.45,4886.45,4884.0,4884.05,66
2024-05-28 11:54:00,4884.05,4886.55,4884.05,4886.5,95
2024-05-28 11:55:00,4885.95,4891.0,4885.95,4888.85,200
2024-05-28 11:56:00,4888.85,4890.95,4888.85,4890.7,15
2024-05-28 11:57:00,4890.7,4893.0,4888.0,4888.0,345
2024-05-28 11:58:00,4888.0,4888.0,4885.0,4885.0,8
2024-05-28 11:59:00,4885.0,4888.0,4885.0,4885.9,171
2024-05-28 12:00:00,4885.9,4887.95,4885.9,4886.0,60
2024-05-28 12:01:00,4886.0,4892.1,4885.95,4892.1,271
2024-05-28 12:02:00,4892.1,4892.1,4890.3,4891.45,116
2024-05-28 12:03:00,4892.1,4892.1,4888.05,4890.0,171
2024-05-28 12:04:00,4890.0,4890.3,4888.25,4890.3,46
2024-05-28 12:05:00,4892.0,4892.0,4888.3,4888.3,336
2024-05-28 12:06:00,4888.3,4889.2,4888.3,4889.2,31
2024-05-28 12:07:00,4889.2,4891.4,4889.2,4889.5,11
2024-05-28 12:08:00,4889.5,4891.45,4887.35,4887.35,228
2024-05-28 12:09:00,4887.35,4890.4,4887.35,4889.95,123
2024-05-28 12:10:00,4889.95,4891.25,4887.5,4888.85,156
2024-05-28 12:11:00,4888.85,4890.85,4887.0,4887.0,420
2024-05-28 12:12:00,4887.0,4887.0,4884.9,4884.9,128
2024-05-28 12:13:00,4884.9,4886.2,4884.05,4886.0,285
2024-05-28 12:14:00,4886.0,4886.8,4883.8,4883.8,827
2024-05-28 12:15:00,4883.8,4883.8,4881.0,4881.0,2155
2024-05-28 12:16:00,4881.0,4883.8,4881.0,4883.8,100
2024-05-28 12:17:00,4883.8,4884.9,4883.8,4884.0,202
2024-05-28 12:18:00,4884.0,4886.7,4883.35,4886.7,1228
2024-05-28 12:19:00,4886.7,4886.7,4883.0,4883.0,846
2024-05-28 12:20:00,4883.0,4883.95,4880.0,4881.95,3276
2024-05-28 12:21:00,4880.0,4880.0,4876.0,4876.0,788
2024-05-28 12:22:00,4880.0,4883.0,4880.0,4881.85,1539
2024-05-28 12:23:00,4881.85,4881.85,4880.15,4881.45,666
2024-05-28 12:24:00,4881.45,4881.45,4875.0,4875.05,499
2024-05-28 12:25:00,4875.05,4880.45,4874.9,4875.0,619
2024-05-28 12:26:00,4875.0,4876.0,4872.9,4872.9,76
2024-05-28 12:27:00,4872.9,4875.2,4872.9,4873.6,259
2024-05-28 12:28:00,4873.6,4874.9,4871.5,4871.5,167
2024-05-28 12:29:00,4871.5,4871.5,4868.0,4868.1,846
2024-05-28 12:30:00,4868.0,4868.0,4861.55,4863.7,986
2024-05-28 12:31:00,4863.7,4863.7,4860.15,4860.15,714
2024-05-28 12:32:00,4860.15,4862.7,4860.05,4862.0,128
2024-05-28 12:33:00,4862.0,4862.5,4861.0,4862.5,170
2024-05-28 12:34:00,4862.5,4862.5,4858.7,4858.7,411
2024-05-28 12:35:00,4858.0,4860.05,4855.6,4857.55,422
2024-05-28 12:36:00,4857.9,4861.45,4855.6,4859.4,258
2024-05-28 12:37:00,4859.4,4860.55,4856.85,4860.55,124
2024-05-28 12:38:00,4860.55,4860.55,4855.2,4859.0,221
2024-05-28 12:39:00,4859.0,4859.0,4855.2,4859.0,559
2024-05-28 12:40:00,4859.0,4867.65,4859.0,4865.05,443
2024-05-28 12:41:00,4865.05,4870.0,4865.05,4870.0,439
2024-05-28 12:42:00,4870.0,4870.1,4867.75,4870.1,283
2024-05-28 12:43:00,4870.1,4873.2,4867.35,4867.35,458
2024-05-28 12:44:00,4867.35,4874.1,4867.35,4874.1,101
2024-05-28 12:45:00,4874.1,4874.1,4865.05,4867.8,519
2024-05-28 12:46:00,4867.8,4867.8,4865.0,4867.0,93
2024-05-28 12:47:00,4867.0,4867.6,4860.0,4860.0,1018
2024-05-28 12:48:00,4860.0,4863.75,4859.5,4860.0,727
2024-05-28 12:49:00,4860.0,4864.15,4860.0,4861.55,399
2024-05-28 12:50:00,4861.55,4869.7,4861.55,4869.7,174
2024-05-28 12:51:00,4869.7,4874.4,4868.25,4871.35,401
2024-05-28 12:52:00,4871.35,4876.0,4871.35,4873.45,405
2024-05-28 12:53:00,4873.45,4874.95,4870.85,4873.1,416
2024-05-28 12:54:00,4873.1,4873.15,4870.55,4873.15,70
2024-05-28 12:55:00,4873.15,4874.8,4871.35,4874.4,180
2024-05-28 12:56:00,4874.4,4876.0,4872.65,4876.0,91
2024-05-28 12:57:00,4876.0,4877.1,4871.0,4871.0,518
2024-05-28 12:58:00,4871.0,4873.0,4869.0,4869.15,886
2024-05-28 12:59:00,4869.15,4872.1,4867.4,4867.4,83
2024-05-28 13:00:00,4867.4,4879.4,4867.4,4879.4,3515
2024-05-28 13:01:00,4879.4,4879.4,4876.95,4877.0,94
2024-05-28 13:02:00,4877.0,4881.5,4877.0,4881.5,220
2024-05-28 13:03:00,4881.85,4881.85,4879.3,4881.85,355
2024-05-28 13:04:00,4881.85,4885.0,4879.7,4885.0,515
2024-05-28 13:05:00,4885.0,4886.95,4884.95,4885.0,1421
2024-05-28 13:06:00,4886.7,4886.7,4885.4,4886.5,84
2024-05-28 13:07:00,4886.5,4886.5,4885.0,4885.45,139
2024-05-28 13:08:00,4885.45,4886.45,4885.0,4886.45,852
2024-05-28 13:09:00,4886.45,4886.5,4885.0,4885.0,238
2024-05-28 13:10:00,4885.0,4886.5,4885.0,4886.45,42
2024-05-28 13:11:00,4886.45,4886.5,4885.0,4885.0,156
2024-05-28 13:12:00,4885.0,4885.0,4875.0,4875.05,1975
2024-05-28 13:13:00,4875.05,4876.5,4875.0,4875.15,1228
2024-05-28 13:14:00,4875.15,4877.95,4875.0,4876.35,179
2024-05-28 13:15:00,4876.35,4880.0,4876.35,4879.9,98
2024-05-28 13:16:00,4879.9,4882.65,4879.4,4882.0,117
2024-05-28 13:17:00,4880.7,4884.95,4880.7,4884.95,367
2024-05-28 13:18:00,4884.95,4888.85,4883.45,4885.6,778
2024-05-28 13:19:00,4885.65,4888.85,4882.65,4882.75,480
2024-05-28 13:20:00,4882.75,4885.0,4882.25,4882.25,490
2024-05-28 13:21:00,4882.25,4887.1,4881.85,4884.1,614
2024-05-28 13:22:00,4886.75,4886.95,4880.45,4880.45,154
2024-05-28 13:23:00,4880.45,4883.45,4877.45,4877.65,151
2024-05-28 13:24:00,4877.65,4882.0,4877.65,4879.4,69
2024-05-28 13:25:00,4879.4,4882.1,4878.35,4879.15,300
2024-05-28 13:26:00,4879.15,4879.7,4876.25,4877.05,176
2024-05-28 13:27:00,4877.05,4879.45,4876.25,4876.45,158
2024-05-28 13:28:00,4876.45,4877.95,4875.0,4877.25,902
2024-05-28 13:29:00,4877.25,4883.15,4875.55,4880.8,3073
2024-05-28 13:30:00,4880.8,4883.95,4880.8,4883.95,41
2024-05-28 13:31:00,4882.0,4885.0,4882.0,4882.4,148
2024-05-28 13:32:00,4882.4,4885.0,4882.2,4885.0,89
2024-05-28 13:33:00,4885.0,4885.0,4881.25,4881.3,205
2024-05-28 13:34:00,4881.3,4882.95,4881.3,4881.5,32
2024-05-28 13:35:00,4881.5,4882.95,4880.0,4880.05,184
2024-05-28 13:36:00,4880.15,4881.1,4880.0,4881.1,634
2024-05-28 13:37:00,4881.1,4882.25,4880.1,4880.35,125
2024-05-28 13:38:00,4880.35,4884.85,4880.35,4884.85,612
2024-05-28 13:39:00,4884.85,4885.45,4881.45,4881.95,390
2024-05-28 13:40:00,4881.95,4884.35,4881.95,4883.95,79
2024-05-28 13:41:00,4883.95,4883.95,4880.6,4881.15,106
2024-05-28 13:42:00,4881.15,4883.35,4881.05,4882.95,104
2024-05-28 13:43:00,4881.2,4885.0,4881.05,4885.0,345
2024-05-28 13:44:00,4885.0,4885.95,4882.6,4884.0,80
2024-05-28 13:45:00,4883.65,4888.05,4883.65,4884.05,541
2024-05-28 13:46:00,4884.05,4886.85,4881.05,4881.05,331
2024-05-28 13:47:00,4881.05,4883.7,4881.05,4882.0,49
2024-05-28 13:48:00,4882.0,4884.9,4881.1,4881.1,310
2024-05-28 13:49:00,4881.1,4885.35,4881.1,4884.4,192
2024-05-28 13:50:00,4884.4,4884.4,4882.05,4883.2,17
2024-05-28 13:51:00,4883.2,4883.2,4880.0,4880.2,1056
2024-05-28 13:52:00,4880.2,4882.0,4880.0,4882.0,218
2024-05-28 13:53:00,4882.0,4882.0,4880.15,4880.15,38
2024-05-28 13:54:00,4880.15,4882.0,4880.0,4880.0,7364
2024-05-28 13:55:00,4880.0,4880.8,4875.0,4876.0,3234
2024-05-28 13:56:00,4877.25,4878.7,4875.55,4875.55,82
2024-05-28 13:57:00,4875.6,4877.15,4875.0,4875.0,54
2024-05-28 13:58:00,4875.0,4877.0,4875.0,4875.55,116
2024-05-28 13:59:00,4875.55,4877.15,4875.55,4875.55,156
2024-05-28 14:00:00,4877.1,4878.6,4875.45,4875.6,171
2024-05-28 14:01:00,4875.6,4877.0,4875.6,4876.25,49
2024-05-28 14:02:00,4876.25,4877.0,4876.25,4877.0,75
2024-05-28 14:03:00,4877.0,4877.4,4876.25,4876.25,90
2024-05-28 14:04:00,4876.25,4876.5,4875.0,4875.0,264
2024-05-28 14:05:00,4875.0,4876.5,4875.0,4875.1,626
2024-05-28 14:06:00,4875.0,4876.0,4875.0,4875.0,386
2024-05-28 14:07:00,4875.0,4878.7,4875.0,4875.3,707
2024-05-28 14:08:00,4875.55,4878.5,4875.55,4875.95,50
2024-05-28 14:09:00,4875.95,4877.95,4875.2,4875.5,140
2024-05-28 14:10:00,4875.5,4879.0,4875.5,4877.85,606
2024-05-28 14:11:00,4876.25,4877.85,4875.1,4875.1,129
2024-05-28 14:12:00,4875.1,4879.2,4875.1,4876.25,206
2024-05-28 14:13:00,4876.25,4879.2,4875.75,4879.2,152
2024-05-28 14:14:00,4879.2,4881.75,4879.2,4880.5,315
2024-05-28 14:15:00,4881.9,4881.9,4875.65,4876.85,311
2024-05-28 14:16:00,4876.85,4879.05,4875.3,4879.05,153
2024-05-28 14:17:00,4879.05,4879.45,4876.15,4877.15,337
2024-05-28 14:18:00,4877.15,4880.0,4876.25,4878.5,220
2024-05-28 14:19:00,4878.5,4881.2,4878.5,4880.15,300
2024-05-28 14:20:00,4880.15,4881.25,4880.0,4880.0,143
2024-05-28 14:21:00,4880.0,4880.25,4879.5,4880.25,582
2024-05-28 14:22:00,4880.25,4882.0,4880.0,4880.15,179
2024-05-28 14:23:00,4881.95,4881.95,4880.0,4880.05,333
2024-05-28 14:24:00,4880.05,4882.0,4880.05,4880.7,140
2024-05-28 14:25:00,4880.65,4882.25,4880.0,4880.15,131
2024-05-28 14:26:00,4880.15,4884.95,4880.0,4881.25,1633
2024-05-28 14:27:00,4881.3,4882.25,4880.0,4880.0,238
2024-05-28 14:28:00,4880.0,4885.1,4880.0,4884.25,732
2024-05-28 14:29:00,4885.05,4886.2,4881.1,4881.2,489
2024-05-28 14:30:00,4881.2,4882.75,4880.7,4882.0,1400
2024-05-28 14:31:00,4882.0,4883.6,4882.0,4883.6,293
2024-05-28 14:32:00,4883.6,4884.3,4882.0,4882.0,616
2024-05-28 14:33:00,4882.0,4885.0,4882.0,4882.0,425
2024-05-28 14:34:00,4882.0,4883.0,4882.0,4882.3,308
2024-05-28 14:35:00,4882.3,4886.5,4882.0,4885.65,410
2024-05-28 14:36:00,4885.65,4885.65,4882.0,4883.4,392
2024-05-28 14:37:00,4883.4,4883.8,4883.4,4883.4,166
2024-05-28 14:38:00,4883.4,4883.8,4882.0,4882.0,265
2024-05-28 14:39:00,4882.0,4883.8,4882.0,4882.0,380
2024-05-28 14:40:00,4882.0,4883.8,4882.0,4882.0,421
2024-05-28 14:41:00,4882.0,4883.8,4882.0,4882.95,317
2024-05-28 14:42:00,4882.95,4882.95,4880.55,4881.4,176
2024-05-28 14:43:00,4881.4,4885.0,4880.55,4883.2,761
2024-05-28 14:44:00,4883.2,4885.4,4882.9,4883.2,192
2024-05-28 14:45:00,4883.2,4885.4,4882.3,4883.0,154
2024-05-28 14:46:00,4883.0,4883.0,4880.6,4883.0,110
2024-05-28 14:47:00,4883.0,4883.0,4880.45,4881.55,436
2024-05-28 14:48:00,4881.55,4882.0,4880.15,4881.35,146
2024-05-28 14:49:00,4881.35,4882.0,4880.0,4881.95,307
2024-05-28 14:50:00,4880.0,4886.95,4880.0,4886.95,653
2024-05-28 14:51:00,4885.4,4887.15,4885.0,4885.6,204
2024-05-28 14:52:00,4885.6,4887.0,4885.0,4885.95,118
2024-05-28 14:53:00,4885.95,4886.25,4885.0,4885.95,208
2024-05-28 14:54:00,4885.95,4888.0,4885.95,4888.0,749
2024-05-28 14:55:00,4887.0,4888.0,4885.35,4885.35,241
2024-05-28 14:56:00,4885.3,4888.9,4885.3,4888.0,2726
2024-05-28 14:57:00,4888.0,4888.85,4888.0,4888.0,268
2024-05-28 14:58:00,4888.85,4888.85,4888.0,4888.1,1018
2024-05-28 14:59:00,4888.6,4888.6,4883.0,4883.0,981
2024-05-28 15:00:00,4883.55,4884.25,4880.0,4882.95,806
2024-05-28 15:01:00,4882.95,4887.8,4881.0,4886.8,493
2024-05-28 15:02:00,4887.65,4887.65,4883.05,4884.15,467
2024-05-28 15:03:00,4884.15,4884.25,4883.0,4884.0,241
2024-05-28 15:04:00,4884.0,4887.45,4883.6,4886.25,702
2024-05-28 15:05:00,4886.05,4887.45,4884.2,4884.9,461
2024-05-28 15:06:00,4884.85,4885.4,4880.1,4885.4,709
2024-05-28 15:07:00,4885.0,4890.0,4885.0,4889.1,3789
2024-05-28 15:08:00,4889.1,4890.95,4888.95,4889.9,859
2024-05-28 15:09:00,4889.65,4890.0,4888.9,4889.0,1813
2024-05-28 15:10:00,4889.0,4889.2,4887.1,4889.15,3140
2024-05-28 15:11:00,4888.55,4889.5,4887.5,4889.45,2296
2024-05-28 15:12:00,4889.45,4892.55,4889.2,4890.1,1397
2024-05-28 15:13:00,4889.05,4891.5,4885.9,4886.5,1602
2024-05-28 15:14:00,4888.4,4889.4,4884.05,4886.45,976
2024-05-28 15:15:00,4886.45,4887.3,4881.8,4881.8,1434
2024-05-28 15:16:00,4881.5,4881.5,4879.85,4880.15,3174
2024-05-28 15:17:00,4880.2,4882.7,4880.0,4880.75,446
2024-05-28 15:18:00,4880.75,4886.55,4880.15,4885.05,2659
2024-05-28 15:19:00,4885.05,4886.0,4885.0,4885.4,1288
2024-05-28 15:20:00,4885.4,4885.6,4880.0,4880.4,3010
2024-05-28 15:21:00,4881.35,4885.8,4880.05,4885.0,4052
2024-05-28 15:22:00,4882.45,4886.2,4880.0,4886.05,3113
2024-05-28 15:23:00,4886.0,4886.95,4886.0,4886.35,1793
2024-05-28 15:24:00,4886.15,4886.95,4886.0,4886.45,3452
2024-05-28 15:25:00,4886.45,4886.95,4886.0,4886.05,1473
2024-05-28 15:26:00,4886.05,4889.0,4886.0,4888.75,1647
2024-05-28 15:27:00,4888.75,4893.0,4888.75,4893.0,1263
2024-05-28 15:28:00,4891.0,4895.0,4890.0,4894.9,2695
2024-05-28 15:29:00,4890.55,4894.7,4880.0,4880.0,1387
2024-05-29 09:15:00,4885.0,4885.05,4830.05,4860.95,4445
2024-05-29 09:16:00,4860.95,4871.0,4854.9,4860.95,1126
2024-05-29 09:17:00,4864.55,4865.0,4844.0,4853.6,2589
2024-05-29 09:18:00,4854.35,4859.35,4850.7,4851.0,760
2024-05-29 09:19:00,4851.0,4860.0,4850.45,4859.25,913
2024-05-29 09:20:00,4859.6,4868.35,4859.15,4865.95,1531
2024-05-29 09:21:00,4865.95,4866.15,4853.0,4857.0,721
2024-05-29 09:22:00,4857.0,4857.0,4846.6,4848.95,1283
2024-05-29 09:23:00,4848.95,4854.65,4847.1,4849.75,890
2024-05-29 09:24:00,4851.0,4862.2,4847.0,4862.2,1094
2024-05-29 09:25:00,4863.65,4865.0,4858.75,4860.0,1623
2024-05-29 09:26:00,4861.95,4861.95,4855.0,4856.75,382
2024-05-29 09:27:00,4856.8,4857.5,4854.0,4856.0,589
2024-05-29 09:28:00,4856.05,4856.05,4851.5,4854.3,551
2024-05-29 09:29:00,4854.75,4860.5,4853.4,4858.15,534
2024-05-29 09:30:00,4859.35,4860.85,4855.45,4859.9,231
2024-05-29 09:31:00,4857.5,4860.9,4857.5,4860.55,230
2024-05-29 09:32:00,4860.55,4863.4,4858.8,4859.0,316
2024-05-29 09:33:00,4859.0,4861.65,4859.0,4861.65,777
2024-05-29 09:34:00,4861.65,4865.2,4861.65,4863.0,486
2024-05-29 09:35:00,4862.25,4865.5,4862.25,4862.95,830
2024-05-29 09:36:00,4862.35,4865.0,4862.35,4864.35,803
2024-05-29 09:37:00,4864.35,4865.0,4864.35,4864.35,173
2024-05-29 09:38:00,4864.0,4864.85,4862.9,4862.9,317
2024-05-29 09:39:00,4862.75,4862.8,4860.55,4862.4,132
2024-05-29 09:40:00,4862.4,4876.2,4861.0,4876.2,7479
2024-05-29 09:41:00,4876.2,4878.0,4875.45,4877.9,659
2024-05-29 09:42:00,4877.9,4877.9,4875.0,4876.0,397
2024-05-29 09:43:00,4876.0,4883.8,4875.5,4883.7,814
2024-05-29 09:44:00,4881.1,4884.85,4880.3,4882.0,1134
2024-05-29 09:45:00,4882.0,4883.0,4878.65,4882.45,220
2024-05-29 09:46:00,4882.45,4883.45,4880.2,4883.45,458
2024-05-29 09:47:00,4883.45,4883.45,4880.8,4881.85,125
2024-05-29 09:48:00,4882.95,4883.45,4877.9,4881.2,264
2024-05-29 09:49:00,4879.2,4880.4,4876.1,4876.15,250
2024-05-29 09:50:00,4878.1,4878.1,4875.0,4877.2,345
2024-05-29 09:51:00,4877.2,4877.9,4875.05,4875.05,355
2024-05-29 09:52:00,4875.05,4877.15,4875.05,4876.4,731
2024-05-29 09:53:00,4876.4,4878.0,4876.4,4878.0,391
2024-05-29 09:54:00,4878.0,4879.0,4877.3,4877.95,710
2024-05-29 09:55:00,4877.95,4883.0,4877.45,4880.8,565
2024-05-29 09:56:00,4880.8,4884.0,4880.8,4883.55,274
2024-05-29 09:57:00,4883.55,4888.75,4883.1,4888.35,1155
2024-05-29 09:58:00,4888.4,4888.4,4884.05,4886.0,479
2024-05-29 09:59:00,4883.7,4884.9,4879.55,4881.5,427
2024-05-29 10:00:00,4881.5,4881.5,4879.4,4879.4,160
2024-05-29 10:01:00,4879.4,4881.0,4875.0,4875.0,261
2024-05-29 10:02:00,4877.25,4877.25,4875.0,4875.0,477
2024-05-29 10:03:00,4875.0,4876.6,4875.0,4875.0,254
2024-05-29 10:04:00,4875.0,4877.25,4874.95,4875.0,447
2024-05-29 10:05:00,4875.0,4877.0,4870.65,4875.0,6836
2024-05-29 10:06:00,4875.0,4875.1,4872.15,4874.8,1580
2024-05-29 10:07:00,4874.8,4874.8,4862.25,4862.95,937
2024-05-29 10:08:00,4862.55,4865.9,4861.8,4863.05,838
2024-05-29 10:09:00,4863.05,4869.95,4863.05,4869.95,200
2024-05-29 10:10:00,4869.95,4869.95,4865.55,4866.45,170
2024-05-29 10:11:00,4866.45,4873.9,4866.35,4871.65,388
2024-05-29 10:12:00,4871.6,4874.9,4871.55,4872.5,320
2024-05-29 10:13:00,4872.5,4874.65,4870.0,4871.85,335
2024-05-29 10:14:00,4870.0,4873.45,4869.0,4873.05,638
2024-05-29 10:15:00,4870.75,4873.05,4870.45,4871.6,122
2024-05-29 10:16:00,4871.6,4879.0,4871.6,4878.9,314
2024-05-29 10:17:00,4878.9,4879.15,4877.85,4878.2,386
2024-05-29 10:18:00,4878.2,4879.95,4877.8,4879.85,700
2024-05-29 10:19:00,4878.4,4880.9,4874.35,4875.0,77
2024-05-29 10:20:00,4875.0,4876.55,4874.0,4876.55,390
2024-05-29 10:21:00,4875.0,4876.5,4874.0,4876.05,283
2024-05-29 10:22:00,4876.05,4876.55,4874.0,4875.15,564
2024-05-29 10:23:00,4875.15,4875.15,4865.25,4868.65,237
2024-05-29 10:24:00,4868.65,4868.75,4865.65,4866.7,225
2024-05-29 10:25:00,4866.7,4872.0,4866.35,4872.0,305
2024-05-29 10:26:00,4871.15,4873.6,4871.05,4872.15,242
2024-05-29 10:27:00,4872.15,4876.2,4871.75,4872.35,776
2024-05-29 10:28:00,4872.35,4874.5,4870.05,4870.05,363
2024-05-29 10:29:00,4871.75,4871.9,4868.15,4868.15,178
2024-05-29 10:30:00,4868.15,4868.15,4866.05,4866.7,86
2024-05-29 10:31:00,4865.0,4866.0,4857.0,4859.95,1111
2024-05-29 10:32:00,4859.95,4859.95,4856.0,4858.55,238
2024-05-29 10:33:00,4858.55,4858.55,4855.55,4857.95,117
2024-05-29 10:34:00,4857.95,4857.95,4855.25,4857.5,477
2024-05-29 10:35:00,4857.5,4865.0,4857.1,4864.9,596
2024-05-29 10:36:00,4864.9,4869.4,4864.85,4868.9,534
2024-05-29 10:37:00,4868.9,4873.85,4868.0,4871.25,322
2024-05-29 10:38:00,4871.25,4873.85,4869.45,4870.25,248
2024-05-29 10:39:00,4870.25,4870.6,4865.55,4865.95,504
2024-05-29 10:40:00,4865.95,4868.45,4862.55,4862.6,248
2024-05-29 10:41:00,4862.6,4871.95,4860.1,4871.95,480
2024-05-29 10:42:00,4871.95,4872.0,4869.65,4869.95,82
2024-05-29 10:43:00,4869.95,4877.2,4869.95,4875.75,1040
2024-05-29 10:44:00,4875.75,4877.2,4874.3,4876.0,1122
2024-05-29 10:45:00,4876.0,4876.45,4873.85,4876.45,56
2024-05-29 10:46:00,4876.45,4877.2,4875.95,4877.2,674
2024-05-29 10:47:00,4877.2,4879.6,4876.65,4878.0,1463
2024-05-29 10:48:00,4878.0,4879.85,4877.0,4879.85,1814
2024-05-29 10:49:00,4879.85,4882.85,4877.0,4879.75,3846
2024-05-29 10:50:00,4879.75,4882.0,4879.75,4881.95,763
2024-05-29 10:51:00,4881.95,4881.95,4878.9,4879.75,699
2024-05-29 10:52:00,4879.75,4879.75,4875.65,4875.65,815
2024-05-29 10:53:00,4874.05,4876.9,4872.3,4875.05,2657
2024-05-29 10:54:00,4876.0,4877.0,4873.95,4874.85,3860
2024-05-29 10:55:00,4874.85,4874.85,4872.05,4874.5,1570
2024-05-29 10:56:00,4874.5,4874.5,4866.55,4867.05,1300
2024-05-29 10:57:00,4867.05,4879.75,4867.05,4879.75,3356
2024-05-29 10:58:00,4879.75,4880.05,4877.0,4877.0,576
2024-05-29 10:59:00,4877.0,4878.0,4877.0,4878.0,433
2024-05-29 11:00:00,4878.0,4878.0,4877.0,4877.45,88
2024-05-29 11:01:00,4877.45,4878.0,4877.0,4877.0,727
2024-05-29 11:02:00,4877.0,4880.0,4877.0,4879.1,334
2024-05-29 11:03:00,4878.65,4879.15,4877.0,4879.15,223
2024-05-29 11:04:00,4879.15,4879.3,4877.9,4879.3,54
2024-05-29 11:05:00,4879.3,4879.45,4878.2,4878.65,80
2024-05-29 11:06:00,4878.65,4879.45,4878.35,4879.45,73
2024-05-29 11:07:00,4879.45,4880.05,4878.65,4880.05,238
2024-05-29 11:08:00,4880.05,4881.95,4880.05,4881.95,185
2024-05-29 11:09:00,4880.3,4881.85,4880.3,4881.8,47
2024-05-29 11:10:00,4881.8,4881.85,4880.65,4881.0,140
2024-05-29 11:11:00,4881.75,4881.85,4880.65,4881.85,120
2024-05-29 11:12:00,4881.85,4885.0,4880.65,4884.35,761
2024-05-29 11:13:00,4884.35,4885.0,4883.0,4885.0,382
2024-05-29 11:14:00,4885.0,4885.0,4883.0,4883.1,78
2024-05-29 11:15:00,4883.1,4885.0,4883.1,4884.9,131
2024-05-29 11:16:00,4884.9,4884.9,4881.65,4883.0,252
2024-05-29 11:17:00,4883.0,4883.0,4880.0,4880.05,195
2024-05-29 11:18:00,4881.8,4884.0,4879.95,4882.55,1120
2024-05-29 11:19:00,4882.55,4884.0,4882.55,4884.0,66
2024-05-29 11:20:00,4884.0,4884.0,4883.0,4883.5,190
2024-05-29 11:21:00,4883.5,4883.6,4882.05,4882.05,517
2024-05-29 11:22:00,4882.05,4883.9,4882.0,4882.55,62
2024-05-29 11:23:00,4882.55,4883.9,4882.55,4883.55,69
2024-05-29 11:24:00,4883.55,4884.7,4882.7,4884.7,167
2024-05-29 11:25:00,4884.7,4884.7,4882.7,4883.0,106
2024-05-29 11:26:00,4881.45,4885.0,4881.45,4885.0,829
2024-05-29 11:27:00,4885.0,4892.9,4882.9,4892.9,754
2024-05-29 11:28:00,4892.9,4892.9,4885.6,4885.7,2359
2024-05-29 11:29:00,4888.05,4888.05,4880.85,4880.85,270
2024-05-29 11:30:00,4881.0,4881.95,4879.9,4879.95,285
2024-05-29 11:31:00,4879.95,4880.7,4877.05,4877.05,226
2024-05-29 11:32:00,4877.05,4879.4,4877.0,4877.25,219
2024-05-29 11:33:00,4877.25,4877.95,4877.25,4877.95,1180
2024-05-29 11:34:00,4877.95,4879.15,4877.8,4879.15,306
2024-05-29 11:35:00,4879.15,4883.35,4879.15,4881.05,165
2024-05-29 11:36:00,4880.75,4883.3,4880.3,4883.1,83
2024-05-29 11:37:00,4883.1,4884.95,4880.3,4880.35,227
2024-05-29 11:38:00,4880.35,4882.5,4878.7,4880.0,144
2024-05-29 11:39:00,4878.15,4880.0,4877.85,4879.9,309
2024-05-29 11:40:00,4877.9,4882.3,4877.9,4879.95,411
2024-05-29 11:41:00,4879.95,4882.15,4879.7,4880.25,51
2024-05-29 11:42:00,4881.95,4881.95,4879.45,4881.55,85
2024-05-29 11:43:00,4881.55,4881.55,4880.0,4880.0,139
2024-05-29 11:44:00,4880.25,4881.0,4880.0,4881.0,316
2024-05-29 11:45:00,4881.0,4881.0,4880.25,4880.25,102
2024-05-29 11:46:00,4880.25,4881.0,4880.0,4880.0,397
2024-05-29 11:47:00,4880.0,4880.25,4879.0,4879.0,659
2024-05-29 11:48:00,4879.0,4879.8,4879.0,4879.1,65
2024-05-29 11:49:00,4879.1,4879.1,4877.7,4878.5,1589
2024-05-29 11:50:00,4878.5,4879.0,4878.5,4879.0,344
2024-05-29 11:51:00,4879.0,4879.75,4879.0,4879.0,123
2024-05-29 11:52:00,4879.0,4879.2,4878.0,4878.0,177
2024-05-29 11:53:00,4878.0,4879.8,4878.0,4878.05,244
2024-05-29 11:54:00,4878.05,4879.55,4878.0,4878.25,24
2024-05-29 11:55:00,4878.25,4879.45,4878.25,4879.1,330
2024-05-29 11:56:00,4879.1,4880.6,4879.1,4880.6,89
2024-05-29 11:57:00,4880.5,4883.0,4879.0,4880.05,234
2024-05-29 11:58:00,4880.05,4882.0,4880.0,4882.0,240
2024-05-29 11:59:00,4882.0,4883.95,4881.6,4881.85,28
2024-05-29 12:00:00,4881.85,4884.95,4881.6,4881.65,311
2024-05-29 12:01:00,4881.65,4883.65,4881.5,4881.7,72
2024-05-29 12:02:00,4881.7,4882.8,4879.0,4879.0,1002
2024-05-29 12:03:00,4879.0,4880.15,4879.0,4879.1,157
2024-05-29 12:04:00,4879.1,4880.5,4879.0,4879.0,323
2024-05-29 12:05:00,4879.0,4882.7,4879.0,4879.15,201
2024-05-29 12:06:00,4881.75,4883.1,4879.1,4879.55,145
2024-05-29 12:07:00,4881.9,4883.75,4879.35,4879.55,561
2024-05-29 12:08:00,4879.55,4880.0,4879.0,4880.0,223
2024-05-29 12:09:00,4880.0,4880.0,4879.0,4879.0,347
2024-05-29 12:10:00,4879.0,4881.5,4879.0,4879.1,141
2024-05-29 12:11:00,4879.1,4881.3,4879.1,4880.25,105
2024-05-29 12:12:00,4880.25,4884.7,4880.0,4882.05,161
2024-05-29 12:13:00,4884.4,4884.9,4882.05,4882.55,289
2024-05-29 12:14:00,4884.6,4885.1,4879.15,4879.75,560
2024-05-29 12:15:00,4879.75,4881.55,4879.0,4879.15,402
2024-05-29 12:16:00,4879.15,4882.35,4879.0,4879.0,1789
2024-05-29 12:17:00,4879.0,4882.0,4879.0,4879.2,197
2024-05-29 12:18:00,4879.2,4881.9,4879.0,4879.05,88
2024-05-29 12:19:00,4879.05,4881.2,4879.0,4880.8,72
2024-05-29 12:20:00,4880.8,4880.8,4879.0,4879.0,85
2024-05-29 12:21:00,4880.45,4880.45,4879.0,4880.0,100
2024-05-29 12:22:00,4880.0,4880.0,4879.0,4879.0,985
2024-05-29 12:23:00,4879.0,4880.0,4879.0,4880.0,552
2024-05-29 12:24:00,4880.0,4881.85,4879.05,4879.1,137
2024-05-29 12:25:00,4879.1,4881.55,4879.0,4879.05,157
2024-05-29 12:26:00,4879.05,4882.0,4879.0,4880.3,125
2024-05-29 12:27:00,4880.3,4882.0,4879.9,4881.3,72
2024-05-29 12:28:00,4882.0,4883.95,4881.3,4881.45,105
2024-05-29 12:29:00,4881.45,4883.1,4881.3,4881.3,74
2024-05-29 12:30:00,4881.3,4883.3,4881.1,4881.1,146
2024-05-29 12:31:00,4881.1,4883.75,4881.05,4881.3,194
2024-05-29 12:32:00,4881.3,4883.65,4881.3,4881.45,78
2024-05-29 12:33:00,4881.45,4883.3,4881.05,4881.05,106
2024-05-29 12:34:00,4881.3,4881.75,4879.05,4881.7,100
2024-05-29 12:35:00,4881.7,4881.7,4879.0,4879.1,85
2024-05-29 12:36:00,4879.1,4881.15,4879.0,4879.3,119
2024-05-29 12:37:00,4879.3,4880.15,4879.1,4879.1,47
2024-05-29 12:38:00,4879.8,4879.9,4879.0,4879.0,102
2024-05-29 12:39:00,4879.0,4879.95,4879.0,4879.1,61
2024-05-29 12:40:00,4879.1,4881.0,4879.0,4879.0,200
2024-05-29 12:41:00,4880.9,4881.0,4879.1,4880.0,61
2024-05-29 12:42:00,4881.0,4881.0,4879.1,4879.1,100
2024-05-29 12:43:00,4879.1,4880.0,4879.1,4879.5,42
2024-05-29 12:44:00,4879.4,4881.0,4879.0,4879.1,70
2024-05-29 12:45:00,4879.1,4881.0,4879.1,4879.1,63
2024-05-29 12:46:00,4879.1,4880.95,4879.1,4879.1,62
2024-05-29 12:47:00,4879.1,4883.85,4879.0,4883.6,278
2024-05-29 12:48:00,4883.55,4883.55,4880.85,4881.05,96
2024-05-29 12:49:00,4883.15,4884.0,4880.8,4884.0,207
2024-05-29 12:50:00,4884.0,4884.5,4880.65,4881.45,242
2024-05-29 12:51:00,4883.65,4885.8,4881.05,4883.1,356
2024-05-29 12:52:00,4883.1,4885.15,4880.25,4880.85,438
2024-05-29 12:53:00,4880.8,4883.4,4879.45,4879.45,47
2024-05-29 12:54:00,4879.45,4881.8,4879.0,4879.1,63
2024-05-29 12:55:00,4880.6,4880.6,4879.1,4879.1,96
2024-05-29 12:56:00,4879.1,4882.55,4879.1,4879.55,256
2024-05-29 12:57:00,4879.55,4882.1,4879.1,4879.1,184
2024-05-29 12:58:00,4879.1,4881.75,4879.0,4880.0,151
2024-05-29 12:59:00,4880.0,4883.05,4880.0,4881.05,151
2024-05-29 13:00:00,4881.05,4884.75,4880.0,4881.75,273
2024-05-29 13:01:00,4880.0,4884.9,4880.0,4881.05,677
2024-05-29 13:02:00,4882.75,4883.95,4880.0,4882.3,185
2024-05-29 13:03:00,4882.3,4883.0,4880.0,4882.45,72
2024-05-29 13:04:00,4882.45,4882.45,4880.0,4880.5,87
2024-05-29 13:05:00,4880.5,4883.8,4880.0,4881.15,405
2024-05-29 13:06:00,4881.15,4882.65,4880.0,4880.0,207
2024-05-29 13:07:00,4880.0,4884.9,4880.0,4880.35,390
2024-05-29 13:08:00,4880.35,4883.75,4880.35,4883.75,106
2024-05-29 13:09:00,4883.85,4885.0,4881.85,4883.8,131
2024-05-29 13:10:00,4885.0,4886.8,4883.2,4883.6,180
2024-05-29 13:11:00,4883.6,4886.45,4883.6,4886.0,48
2024-05-29 13:12:00,4886.65,4886.65,4884.8,4885.05,144
2024-05-29 13:13:00,4885.05,4887.0,4885.05,4887.0,65
2024-05-29 13:14:00,4887.0,4887.4,4885.4,4886.15,106
2024-05-29 13:15:00,4886.55,4888.85,4886.3,4887.4,206
2024-05-29 13:16:00,4888.9,4888.9,4885.5,4886.1,145
2024-05-29 13:17:00,4886.1,4888.65,4886.1,4886.3,71
2024-05-29 13:18:00,4886.3,4889.95,4885.55,4885.55,480
2024-05-29 13:19:00,4885.55,4886.0,4884.85,4884.85,175
2024-05-29 13:20:00,4885.0,4886.0,4884.1,4884.1,106
2024-05-29 13:21:00,4884.1,4885.65,4884.1,4884.15,54
2024-05-29 13:22:00,4884.15,4886.55,4882.55,4886.55,314
2024-05-29 13:23:00,4886.7,4887.25,4882.45,4882.75,495
2024-05-29 13:24:00,4882.75,4885.25,4882.75,4883.6,50
2024-05-29 13:25:00,4883.6,4889.9,4883.6,4888.6,199
2024-05-29 13:26:00,4889.8,4890.0,4886.8,4887.3,809
2024-05-29 13:27:00,4886.8,4890.0,4886.1,4887.95,512
2024-05-29 13:28:00,4887.9,4890.0,4887.0,4889.95,354
2024-05-29 13:29:00,4889.95,4889.95,4886.05,4886.1,262
2024-05-29 13:30:00,4887.95,4888.8,4886.0,4886.2,102
2024-05-29 13:31:00,4888.55,4889.65,4886.0,4886.1,179
2024-05-29 13:32:00,4886.1,4889.9,4882.95,4886.15,786
2024-05-29 13:33:00,4889.4,4889.55,4886.0,4886.4,328
2024-05-29 13:34:00,4886.4,4888.15,4886.1,4886.3,78
2024-05-29 13:35:00,4886.3,4888.4,4886.3,4886.3,74
2024-05-29 13:36:00,4886.3,4887.8,4883.15,4883.15,281
2024-05-29 13:37:00,4882.8,4884.3,4880.65,4880.65,99
2024-05-29 13:38:00,4880.65,4882.95,4880.4,4880.7,75
2024-05-29 13:39:00,4880.7,4881.75,4879.55,4880.25,163
2024-05-29 13:40:00,4881.5,4881.5,4880.0,4881.45,69
2024-05-29 13:41:00,4880.0,4882.95,4880.0,4880.65,126
2024-05-29 13:42:00,4880.65,4883.65,4880.65,4881.45,97
2024-05-29 13:43:00,4881.45,4883.4,4881.05,4881.45,135
2024-05-29 13:44:00,4881.45,4883.6,4880.45,4881.2,85
2024-05-29 13:45:00,4881.2,4883.3,4880.25,4880.5,173
2024-05-29 13:46:00,4880.5,4881.4,4880.05,4880.25,74
2024-05-29 13:47:00,4880.25,4881.4,4880.25,4880.25,38
2024-05-29 13:48:00,4880.85,4882.2,4879.0,4880.25,554
2024-05-29 13:49:00,4880.25,4883.1,4879.9,4881.25,76
2024-05-29 13:50:00,4881.2,4883.1,4879.1,4879.1,77
2024-05-29 13:51:00,4879.55,4881.1,4879.0,4879.0,83
2024-05-29 13:52:00,4881.1,4881.1,4879.0,4880.75,55
2024-05-29 13:53:00,4880.75,4881.0,4879.0,4880.65,457
2024-05-29 13:54:00,4881.0,4881.5,4880.0,4881.0,2358
2024-05-29 13:55:00,4881.0,4881.0,4879.1,4879.1,224
2024-05-29 13:56:00,4879.1,4881.0,4879.0,4879.05,247
2024-05-29 13:57:00,4879.05,4880.95,4879.0,4879.0,85
2024-05-29 13:58:00,4880.5,4880.5,4879.0,4880.0,78
2024-05-29 13:59:00,4880.5,4882.5,4880.0,4881.1,2035
2024-05-29 14:00:00,4881.1,4883.2,4880.05,4881.1,73
2024-05-29 14:01:00,4881.1,4882.4,4881.05,4882.4,175
2024-05-29 14:02:00,4882.4,4883.15,4881.0,4881.0,179
2024-05-29 14:03:00,4881.0,4881.05,4881.0,4881.0,74
2024-05-29 14:04:00,4881.0,4882.7,4881.0,4881.05,235
2024-05-29 14:05:00,4882.7,4883.0,4881.0,4883.0,321
2024-05-29 14:06:00,4883.0,4883.0,4881.0,4881.05,65
2024-05-29 14:07:00,4881.05,4882.85,4881.0,4881.0,82
2024-05-29 14:08:00,4881.0,4882.85,4881.0,4882.4,115
2024-05-29 14:09:00,4882.4,4882.5,4879.0,4881.05,974
2024-05-29 14:10:00,4881.05,4883.3,4881.0,4881.05,397
2024-05-29 14:11:00,4881.05,4884.0,4881.0,4881.6,516
2024-05-29 14:12:00,4883.8,4883.85,4881.45,4881.6,63
2024-05-29 14:13:00,4881.6,4884.8,4881.35,4882.7,175
2024-05-29 14:14:00,4882.7,4884.8,4882.05,4882.05,56
2024-05-29 14:15:00,4882.05,4884.8,4882.05,4883.1,111
2024-05-29 14:16:00,4883.1,4884.8,4883.0,4883.1,92
2024-05-29 14:17:00,4882.0,4884.65,4882.0,4883.0,163
2024-05-29 14:18:00,4883.0,4884.3,4882.0,4884.0,657
2024-05-29 14:19:00,4884.0,4884.45,4882.0,4882.0,393
2024-05-29 14:20:00,4882.0,4883.0,4882.0,4882.0,942
2024-05-29 14:21:00,4882.0,4883.0,4880.1,4880.15,2011
2024-05-29 14:22:00,4880.15,4883.0,4880.1,4882.0,557
2024-05-29 14:23:00,4882.0,4883.0,4882.0,4882.55,603
2024-05-29 14:24:00,4882.55,4883.0,4882.0,4882.0,144
2024-05-29 14:25:00,4882.0,4883.0,4882.0,4882.7,162
2024-05-29 14:26:00,4882.65,4882.65,4882.0,4882.4,714
2024-05-29 14:27:00,4882.4,4882.55,4882.0,4882.0,87
2024-05-29 14:28:00,4882.0,4882.5,4882.0,4882.0,260
2024-05-29 14:29:00,4882.0,4882.5,4882.0,4882.0,134
2024-05-29 14:30:00,4882.0,4882.5,4882.0,4882.4,417
2024-05-29 14:31:00,4882.4,4882.5,4882.0,4882.5,582
2024-05-29 14:32:00,4882.5,4882.5,4882.0,4882.4,500
2024-05-29 14:33:00,4882.5,4882.5,4882.0,4882.05,125
2024-05-29 14:34:00,4882.5,4882.65,4882.0,4882.0,123
2024-05-29 14:35:00,4882.4,4882.65,4882.0,4882.0,183
2024-05-29 14:36:00,4882.0,4882.95,4882.0,4882.0,309
2024-05-29 14:37:00,4882.65,4882.7,4882.0,4882.0,1605
2024-05-29 14:38:00,4882.0,4883.0,4882.0,4883.0,434
2024-05-29 14:39:00,4883.0,4883.0,4882.0,4882.1,175
2024-05-29 14:40:00,4882.75,4882.75,4882.0,4882.55,655
2024-05-29 14:41:00,4882.75,4882.75,4882.0,4882.0,436
2024-05-29 14:42:00,4882.25,4882.5,4881.85,4881.95,518
2024-05-29 14:43:00,4881.95,4882.55,4881.85,4882.0,151
2024-05-29 14:44:00,4882.0,4884.0,4882.0,4884.0,1159
2024-05-29 14:45:00,4884.0,4884.4,4882.0,4882.55,367
2024-05-29 14:46:00,4882.0,4884.15,4882.0,4882.05,475
2024-05-29 14:47:00,4883.7,4885.65,4882.05,4885.65,747
2024-05-29 14:48:00,4884.8,4887.1,4884.2,4884.35,590
2024-05-29 14:49:00,4884.35,4886.35,4884.35,4885.2,330
2024-05-29 14:50:00,4885.2,4887.7,4885.2,4885.35,204
2024-05-29 14:51:00,4885.35,4887.8,4883.85,4886.1,292
2024-05-29 14:52:00,4886.1,4887.4,4886.1,4886.75,80
2024-05-29 14:53:00,4883.85,4887.85,4883.85,4884.05,417
2024-05-29 14:54:00,4886.05,4886.7,4883.9,4885.1,102
2024-05-29 14:55:00,4886.45,4886.45,4885.05,4885.05,141
2024-05-29 14:56:00,4885.35,4886.4,4885.05,4885.05,263
2024-05-29 14:57:00,4885.05,4886.9,4885.0,4886.45,265
2024-05-29 14:58:00,4886.45,4886.95,4882.0,4882.3,898
2024-05-29 14:59:00,4882.3,4885.5,4882.0,4883.0,315
2024-05-29 15:00:00,4884.0,4884.8,4882.0,4882.05,692
2024-05-29 15:01:00,4882.6,4882.6,4882.0,4882.0,1883
2024-05-29 15:02:00,4882.1,4882.1,4882.0,4882.0,2281
2024-05-29 15:03:00,4882.0,4882.1,4879.0,4879.0,1585
2024-05-29 15:04:00,4879.65,4879.65,4877.1,4877.2,1191
2024-05-29 15:05:00,4878.55,4882.0,4873.25,4873.5,2169
2024-05-29 15:06:00,4876.45,4882.8,4873.9,4880.3,1580
2024-05-29 15:07:00,4881.45,4885.45,4880.0,4882.0,2192
2024-05-29 15:08:00,4884.0,4887.9,4881.85,4882.25,1559
2024-05-29 15:09:00,4882.25,4884.55,4881.05,4881.95,1639
2024-05-29 15:10:00,4881.95,4884.1,4881.85,4882.7,522
2024-05-29 15:11:00,4882.7,4884.1,4882.0,4882.0,1492
2024-05-29 15:12:00,4882.0,4885.0,4882.0,4883.0,1540
2024-05-29 15:13:00,4882.5,4886.0,4882.5,4883.7,606
2024-05-29 15:14:00,4883.7,4883.7,4882.0,4882.0,1188
2024-05-29 15:15:00,4882.55,4882.55,4882.0,4882.0,2178
2024-05-29 15:16:00,4882.15,4883.3,4880.0,4880.0,1117
2024-05-29 15:17:00,4880.0,4881.65,4877.6,4877.9,833
2024-05-29 15:18:00,4878.05,4879.95,4873.55,4874.6,815
2024-05-29 15:19:00,4874.5,4875.35,4871.4,4875.05,1874
2024-05-29 15:20:00,4875.0,4881.15,4875.0,4880.0,1858
2024-05-29 15:21:00,4881.15,4881.15,4880.0,4880.0,1220
2024-05-29 15:22:00,4880.15,4880.15,4880.0,4880.05,1053
2024-05-29 15:23:00,4880.0,4880.2,4879.6,4880.0,1965
2024-05-29 15:24:00,4880.2,4880.2,4880.0,4880.15,1382
2024-05-29 15:25:00,4883.4,4883.9,4882.0,4882.05,2071
2024-05-29 15:26:00,4882.05,4883.0,4882.0,4882.0,923
2024-05-29 15:27:00,4882.0,4883.0,4882.0,4882.0,2223
2024-05-29 15:28:00,4882.0,4883.0,4882.0,4882.0,1491
2024-05-29 15:29:00,4882.95,4883.0,4881.0,4881.0,2208
2024-05-30 09:15:00,4849.95,4864.25,4840.25,4847.25,1707
2024-05-30 09:16:00,4847.25,4847.25,4840.0,4841.15,573
2024-05-30 09:17:00,4841.15,4857.45,4840.15,4848.0,2390
2024-05-30 09:18:00,4846.9,4849.3,4840.0,4849.3,976
2024-05-30 09:19:00,4849.4,4857.8,4849.4,4853.65,1156
2024-05-30 09:20:00,4852.8,4870.7,4851.35,4855.75,1257
2024-05-30 09:21:00,4855.7,4857.85,4850.1,4850.45,761
2024-05-30 09:22:00,4850.45,4855.7,4849.05,4853.0,906
2024-05-30 09:23:00,4853.0,4855.55,4845.0,4845.0,822
2024-05-30 09:24:00,4846.3,4847.0,4845.0,4845.35,381
2024-05-30 09:25:00,4845.35,4846.05,4835.0,4835.0,1276
2024-05-30 09:26:00,4835.7,4835.95,4832.0,4832.05,705
2024-05-30 09:27:00,4832.0,4835.0,4830.0,4830.0,952
2024-05-30 09:28:00,4830.0,4834.45,4828.45,4828.45,1156
2024-05-30 09:29:00,4828.45,4833.8,4828.3,4832.15,635
2024-05-30 09:30:00,4834.85,4834.95,4830.8,4832.2,475
2024-05-30 09:31:00,4830.75,4835.15,4830.75,4831.75,540
2024-05-30 09:32:00,4834.25,4835.45,4828.6,4830.4,745
2024-05-30 09:33:00,4830.4,4832.0,4815.8,4823.25,2411
2024-05-30 09:34:00,4823.25,4824.35,4817.25,4820.5,930
2024-05-30 09:35:00,4819.55,4821.1,4816.0,4818.0,846
2024-05-30 09:36:00,4818.0,4828.4,4818.0,4820.95,1334
2024-05-30 09:37:00,4820.95,4823.8,4818.3,4820.2,967
2024-05-30 09:38:00,4820.1,4823.25,4818.5,4821.0,860
2024-05-30 09:39:00,4820.1,4832.0,4820.0,4829.55,1118
2024-05-30 09:40:00,4829.55,4835.0,4825.6,4826.05,1504
2024-05-30 09:41:00,4826.05,4830.5,4820.0,4828.0,1504
2024-05-30 09:42:00,4828.0,4828.45,4823.25,4825.6,463
2024-05-30 09:43:00,4825.95,4828.6,4823.05,4825.35,1275
2024-05-30 09:44:00,4823.75,4826.0,4820.0,4823.55,1015
2024-05-30 09:45:00,4823.55,4826.8,4820.0,4824.5,715
2024-05-30 09:46:00,4823.85,4827.95,4822.4,4827.25,439
2024-05-30 09:47:00,4827.25,4841.9,4827.25,4839.9,2109
2024-05-30 09:48:00,4839.9,4839.9,4833.25,4835.95,499
2024-05-30 09:49:00,4835.95,4836.0,4830.1,4832.25,652
2024-05-30 09:50:00,4832.25,4841.2,4832.1,4839.0,313
2024-05-30 09:51:00,4838.05,4844.1,4838.0,4843.55,842
2024-05-30 09:52:00,4841.55,4843.7,4835.65,4836.1,294
2024-05-30 09:53:00,4836.1,4838.5,4832.55,4832.6,320
2024-05-30 09:54:00,4832.6,4835.3,4830.55,4832.75,168
2024-05-30 09:55:00,4832.75,4838.0,4828.55,4838.0,882
2024-05-30 09:56:00,4838.0,4842.0,4834.4,4839.35,739
2024-05-30 09:57:00,4839.1,4840.9,4836.8,4837.5,243
2024-05-30 09:58:00,4837.5,4841.95,4832.1,4835.2,1163
2024-05-30 09:59:00,4833.1,4838.9,4832.75,4836.2,215
2024-05-30 10:00:00,4836.2,4838.8,4831.9,4831.9,384
2024-05-30 10:01:00,4831.9,4831.9,4825.0,4825.0,777
2024-05-30 10:02:00,4825.0,4829.4,4822.0,4825.7,585
2024-05-30 10:03:00,4825.7,4829.0,4821.05,4823.7,899
2024-05-30 10:04:00,4823.7,4825.4,4821.0,4822.15,320
2024-05-30 10:05:00,4822.15,4825.2,4820.6,4820.6,316
2024-05-30 10:06:00,4820.6,4822.3,4815.0,4818.85,1226
2024-05-30 10:07:00,4816.35,4818.7,4810.85,4811.3,969
2024-05-30 10:08:00,4811.3,4814.7,4811.3,4814.45,158
2024-05-30 10:09:00,4814.25,4815.8,4814.0,4815.0,276
2024-05-30 10:10:00,4815.0,4816.0,4814.0,4814.5,365
2024-05-30 10:11:00,4815.65,4816.7,4814.0,4814.0,530
2024-05-30 10:12:00,4814.0,4815.1,4811.35,4811.5,431
2024-05-30 10:13:00,4811.5,4811.5,4806.0,4806.0,3090
2024-05-30 10:14:00,4808.45,4810.0,4806.0,4809.75,652
2024-05-30 10:15:00,4807.0,4812.0,4807.0,4807.1,1271
2024-05-30 10:16:00,4807.1,4812.45,4807.1,4809.0,1802
2024-05-30 10:17:00,4811.05,4811.05,4807.2,4807.2,505
2024-05-30 10:18:00,4807.1,4808.3,4806.2,4806.4,292
2024-05-30 10:19:00,4806.4,4811.95,4806.35,4809.4,469
2024-05-30 10:20:00,4809.25,4813.65,4809.1,4809.6,621
2024-05-30 10:21:00,4809.6,4811.9,4809.6,4811.0,104
2024-05-30 10:22:00,4811.0,4814.7,4809.95,4809.95,315
2024-05-30 10:23:00,4809.95,4812.65,4809.5,4810.55,166
2024-05-30 10:24:00,4810.5,4815.0,4810.45,4814.55,421
2024-05-30 10:25:00,4812.25,4814.5,4812.0,4813.95,124
2024-05-30 10:26:00,4812.05,4813.85,4810.45,4811.0,514
2024-05-30 10:27:00,4810.45,4814.3,4810.25,4811.05,298
2024-05-30 10:28:00,4811.05,4813.45,4811.05,4813.4,271
2024-05-30 10:29:00,4814.75,4815.0,4811.1,4812.0,433
2024-05-30 10:30:00,4812.0,4813.5,4810.55,4813.2,160
2024-05-30 10:31:00,4810.9,4815.0,4810.8,4812.9,364
2024-05-30 10:32:00,4812.1,4812.9,4810.05,4812.05,90
2024-05-30 10:33:00,4812.05,4813.0,4810.1,4811.3,356
2024-05-30 10:34:00,4811.3,4812.95,4810.75,4810.85,75
2024-05-30 10:35:00,4810.85,4813.85,4810.0,4811.1,296
2024-05-30 10:36:00,4812.9,4819.95,4811.3,4819.8,502
2024-05-30 10:37:00,4819.8,4825.0,4817.0,4824.7,482
2024-05-30 10:38:00,4824.7,4828.0,4821.0,4824.95,707
2024-05-30 10:39:00,4824.95,4826.6,4817.3,4818.6,480
2024-05-30 10:40:00,4820.65,4826.0,4818.65,4822.1,344
2024-05-30 10:41:00,4822.1,4824.0,4822.1,4822.25,181
2024-05-30 10:42:00,4822.15,4824.0,4822.05,4822.05,188
2024-05-30 10:43:00,4822.0,4822.05,4818.6,4818.6,172
2024-05-30 10:44:00,4819.05,4824.45,4819.05,4821.25,357
2024-05-30 10:45:00,4821.25,4826.1,4821.25,4826.1,244
2024-05-30 10:46:00,4823.7,4824.35,4821.6,4821.95,291
2024-05-30 10:47:00,4821.95,4824.0,4821.95,4823.8,69
2024-05-30 10:48:00,4823.8,4823.8,4821.7,4823.45,33
2024-05-30 10:49:00,4823.45,4826.05,4823.3,4825.75,204
2024-05-30 10:50:00,4825.0,4825.75,4823.95,4825.75,134
2024-05-30 10:51:00,4825.75,4826.0,4825.0,4825.05,144
2024-05-30 10:52:00,4825.05,4825.45,4825.0,4825.0,91
2024-05-30 10:53:00,4825.0,4827.95,4825.0,4827.4,1599
2024-05-30 10:54:00,4827.4,4831.75,4827.35,4831.75,292
2024-05-30 10:55:00,4831.75,4831.75,4831.0,4831.35,149
2024-05-30 10:56:00,4831.35,4833.8,4825.0,4825.05,688
2024-05-30 10:57:00,4824.05,4825.8,4824.05,4825.75,158
2024-05-30 10:58:00,4825.75,4825.75,4823.0,4823.0,498
2024-05-30 10:59:00,4823.0,4825.0,4823.0,4824.4,165
2024-05-30 11:00:00,4824.45,4824.45,4820.0,4820.0,345
2024-05-30 11:01:00,4821.95,4822.6,4815.0,4815.05,1420
2024-05-30 11:02:00,4815.05,4816.25,4814.3,4814.3,316
2024-05-30 11:03:00,4814.3,4815.4,4812.3,4814.6,381
2024-05-30 11:04:00,4814.6,4816.0,4812.3,4815.55,324
2024-05-30 11:05:00,4814.0,4819.45,4812.35,4819.45,1566
2024-05-30 11:06:00,4819.95,4821.25,4818.65,4820.0,1375
2024-05-30 11:07:00,4820.0,4820.95,4818.75,4820.95,78
2024-05-30 11:08:00,4820.95,4821.25,4818.0,4818.0,1303
2024-05-30 11:09:00,4818.0,4820.35,4818.0,4820.0,1971
2024-05-30 11:10:00,4820.0,4820.5,4818.55,4818.55,3580
2024-05-30 11:11:00,4818.55,4820.0,4817.3,4817.45,4269
2024-05-30 11:12:00,4817.45,4818.0,4816.0,4816.0,233
2024-05-30 11:13:00,4816.0,4817.0,4812.2,4812.25,332
2024-05-30 11:14:00,4812.25,4815.0,4810.75,4814.1,745
2024-05-30 11:15:00,4814.1,4814.1,4811.05,4812.15,219
2024-05-30 11:16:00,4811.2,4814.8,4810.2,4814.8,310
2024-05-30 11:17:00,4814.8,4816.0,4814.8,4816.0,434
2024-05-30 11:18:00,4816.0,4816.0,4809.3,4813.6,2145
2024-05-30 11:19:00,4813.6,4814.65,4812.05,4812.3,110
2024-05-30 11:20:00,4812.3,4814.15,4811.95,4814.0,60
2024-05-30 11:21:00,4814.0,4814.2,4811.0,4811.3,130
2024-05-30 11:22:00,4811.3,4816.0,4810.7,4810.85,1113
2024-05-30 11:23:00,4813.05,4813.5,4809.7,4809.8,171
2024-05-30 11:24:00,4809.8,4812.25,4808.1,4808.1,148
2024-05-30 11:25:00,4808.1,4816.2,4807.0,4816.05,3607
2024-05-30 11:26:00,4816.05,4817.0,4816.0,4816.95,477
2024-05-30 11:27:00,4816.95,4818.0,4816.0,4817.45,3045
2024-05-30 11:28:00,4817.45,4819.9,4817.4,4818.0,107
2024-05-30 11:29:00,4817.1,4817.1,4816.0,4816.1,341
2024-05-30 11:30:00,4816.1,4818.0,4816.0,4816.25,237
2024-05-30 11:31:00,4816.25,4817.8,4816.1,4817.0,21
2024-05-30 11:32:00,4817.0,4819.0,4816.0,4818.0,3587
2024-05-30 11:33:00,4818.0,4819.0,4815.9,4815.9,4669
2024-05-30 11:34:00,4815.9,4818.0,4815.05,4815.1,69
2024-05-30 11:35:00,4815.1,4818.0,4815.0,4815.0,877
2024-05-30 11:36:00,4815.0,4816.95,4815.0,4816.85,12
2024-05-30 11:37:00,4816.85,4817.3,4816.3,4816.95,39
2024-05-30 11:38:00,4815.7,4816.9,4815.7,4816.9,153
2024-05-30 11:39:00,4816.9,4827.45,4816.9,4827.45,578
2024-05-30 11:40:00,4827.45,4828.4,4823.1,4825.55,533
2024-05-30 11:41:00,4823.1,4824.1,4820.45,4821.0,367
2024-05-30 11:42:00,4821.0,4822.6,4821.0,4822.6,22
2024-05-30 11:43:00,4821.0,4822.6,4819.9,4819.9,42
2024-05-30 11:44:00,4819.9,4822.45,4818.7,4822.45,167
2024-05-30 11:45:00,4822.45,4822.45,4818.1,4819.75,440
2024-05-30 11:46:00,4819.75,4825.95,4819.05,4824.25,133
2024-05-30 11:47:00,4824.15,4825.5,4821.65,4822.05,128
2024-05-30 11:48:00,4822.05,4824.0,4820.4,4823.45,332
2024-05-30 11:49:00,4823.45,4823.45,4815.7,4815.7,205
2024-05-30 11:50:00,4815.7,4822.95,4815.7,4822.95,4653
2024-05-30 11:51:00,4822.95,4825.95,4822.85,4825.95,1410
2024-05-30 11:52:00,4825.95,4826.3,4825.0,4826.3,597
2024-05-30 11:53:00,4826.3,4826.3,4825.0,4826.0,250
2024-05-30 11:54:00,4826.0,4826.0,4822.9,4823.5,447
2024-05-30 11:55:00,4824.9,4826.3,4823.5,4826.3,507
2024-05-30 11:56:00,4826.3,4827.45,4825.1,4825.35,73
2024-05-30 11:57:00,4827.45,4828.0,4827.45,4828.0,106
2024-05-30 11:58:00,4828.0,4828.0,4825.0,4827.3,280
2024-05-30 11:59:00,4827.3,4828.6,4825.2,4827.5,196
2024-05-30 12:00:00,4827.5,4831.85,4827.5,4831.55,215
2024-05-30 12:01:00,4831.5,4831.5,4827.0,4829.5,128
2024-05-30 12:02:00,4829.5,4830.15,4828.25,4830.15,89
2024-05-30 12:03:00,4830.15,4830.15,4827.7,4830.15,74
2024-05-30 12:04:00,4827.55,4829.95,4827.35,4829.9,195
2024-05-30 12:05:00,4829.9,4830.95,4827.35,4827.35,76
2024-05-30 12:06:00,4827.35,4831.0,4827.35,4831.0,110
2024-05-30 12:07:00,4831.0,4834.35,4830.0,4831.4,297
2024-05-30 12:08:00,4831.4,4834.0,4830.3,4830.5,585
2024-05-30 12:09:00,4830.5,4832.85,4830.0,4831.6,166
2024-05-30 12:10:00,4831.6,4832.85,4830.0,4831.95,118
2024-05-30 12:11:00,4831.95,4833.35,4830.0,4833.1,164
2024-05-30 12:12:00,4833.1,4833.1,4830.0,4831.9,119
2024-05-30 12:13:00,4831.9,4831.9,4830.0,4830.05,46
2024-05-30 12:14:00,4830.0,4830.05,4830.0,4830.05,554
2024-05-30 12:15:00,4830.0,4830.1,4828.1,4830.1,166
2024-05-30 12:16:00,4830.1,4831.15,4828.0,4828.0,407
2024-05-30 12:17:00,4828.0,4829.7,4828.0,4828.0,205
2024-05-30 12:18:00,4828.6,4829.0,4828.0,4828.05,550
2024-05-30 12:19:00,4828.05,4828.95,4828.0,4828.35,389
2024-05-30 12:20:00,4828.35,4828.9,4828.0,4828.9,297
2024-05-30 12:21:00,4829.0,4831.0,4828.0,4831.0,937
2024-05-30 12:22:00,4831.0,4833.15,4828.0,4833.15,1124
2024-05-30 12:23:00,4833.15,4834.65,4831.4,4833.95,260
2024-05-30 12:24:00,4833.95,4834.7,4831.55,4832.25,189
2024-05-30 12:25:00,4831.45,4834.1,4830.05,4830.25,259
2024-05-30 12:26:00,4830.25,4832.25,4830.0,4831.8,395
2024-05-30 12:27:00,4831.8,4834.0,4830.15,4831.35,268
2024-05-30 12:28:00,4831.35,4833.75,4830.15,4831.9,130
2024-05-30 12:29:00,4831.9,4833.1,4830.0,4830.0,745
2024-05-30 12:30:00,4832.0,4832.0,4830.05,4830.9,137
2024-05-30 12:31:00,4830.9,4832.25,4830.0,4830.45,327
2024-05-30 12:32:00,4830.45,4831.9,4828.4,4830.45,174
2024-05-30 12:33:00,4830.1,4833.0,4829.9,4832.45,159
2024-05-30 12:34:00,4832.45,4833.95,4830.1,4833.9,87
2024-05-30 12:35:00,4833.9,4834.0,4829.05,4829.9,1372
2024-05-30 12:36:00,4828.5,4830.9,4822.0,4829.5,1244
2024-05-30 12:37:00,4829.5,4832.45,4829.5,4830.7,557
2024-05-30 12:38:00,4830.7,4833.0,4826.8,4828.15,2804
2024-05-30 12:39:00,4828.15,4828.15,4823.15,4828.0,255
2024-05-30 12:40:00,4828.0,4829.7,4827.7,4829.2,614
2024-05-30 12:41:00,4829.2,4830.7,4828.0,4828.0,249
2024-05-30 12:42:00,4828.65,4828.65,4827.0,4827.85,1675
2024-05-30 12:43:00,4827.85,4827.85,4825.0,4825.95,1244
2024-05-30 12:44:00,4825.95,4827.05,4825.0,4826.9,301
2024-05-30 12:45:00,4826.9,4827.25,4821.85,4822.0,1049
2024-05-30 12:46:00,4822.0,4826.0,4821.1,4826.0,491
2024-05-30 12:47:00,4824.35,4827.1,4822.0,4823.8,1069
2024-05-30 12:48:00,4823.8,4826.0,4817.75,4820.9,1091
2024-05-30 12:49:00,4820.9,4822.45,4817.6,4817.85,319
2024-05-30 12:50:00,4817.85,4822.45,4817.2,4817.2,523
2024-05-30 12:51:00,4819.45,4820.0,4816.2,4816.2,319
2024-05-30 12:52:00,4818.75,4821.3,4813.35,4820.85,322
2024-05-30 12:53:00,4820.85,4821.25,4816.8,4819.95,212
2024-05-30 12:54:00,4819.95,4819.95,4812.0,4815.45,493
2024-05-30 12:55:00,4815.45,4820.0,4813.0,4817.3,142
2024-05-30 12:56:00,4817.3,4820.4,4813.5,4817.8,307
2024-05-30 12:57:00,4817.8,4818.35,4815.05,4818.35,130
2024-05-30 12:58:00,4818.35,4823.3,4818.35,4821.85,552
2024-05-30 12:59:00,4821.85,4822.4,4816.75,4819.7,479
2024-05-30 13:00:00,4822.65,4822.65,4815.05,4821.4,469
2024-05-30 13:01:00,4821.8,4821.8,4814.0,4816.0,621
2024-05-30 13:02:00,4816.0,4817.25,4814.0,4815.25,158
2024-05-30 13:03:00,4815.25,4819.9,4812.6,4819.0,998
2024-05-30 13:04:00,4818.9,4820.35,4814.9,4814.9,595
2024-05-30 13:05:00,4814.9,4818.55,4813.0,4815.25,636
2024-05-30 13:06:00,4815.25,4817.8,4811.0,4817.8,511
2024-05-30 13:07:00,4817.8,4819.9,4813.05,4819.9,249
2024-05-30 13:08:00,4819.95,4819.95,4812.1,4812.1,278
2024-05-30 13:09:00,4812.1,4814.85,4811.0,4813.65,121
2024-05-30 13:10:00,4813.65,4813.95,4805.05,4805.7,1322
2024-05-30 13:11:00,4805.7,4809.55,4795.0,4795.0,3113
2024-05-30 13:12:00,4797.2,4798.0,4792.0,4794.3,1770
2024-05-30 13:13:00,4794.3,4795.6,4786.6,4791.5,1387
2024-05-30 13:14:00,4791.5,4795.1,4791.2,4795.1,646
2024-05-30 13:15:00,4795.1,4795.1,4791.1,4792.4,372
2024-05-30 13:16:00,4792.4,4793.5,4791.0,4791.15,315
2024-05-30 13:17:00,4791.15,4792.85,4790.0,4790.0,403
2024-05-30 13:18:00,4792.8,4793.5,4790.0,4793.5,702
2024-05-30 13:19:00,4793.5,4793.5,4790.95,4792.15,202
2024-05-30 13:20:00,4790.95,4792.45,4790.0,4791.75,378
2024-05-30 13:21:00,4790.1,4791.8,4785.4,4788.55,1287
2024-05-30 13:22:00,4788.55,4788.55,4781.05,4781.05,962
2024-05-30 13:23:00,4781.05,4783.75,4777.0,4779.35,971
2024-05-30 13:24:00,4779.35,4783.45,4775.0,4779.1,2070
2024-05-30 13:25:00,4779.2,4785.0,4779.05,4782.3,538
2024-05-30 13:26:00,4782.3,4783.25,4780.05,4783.25,486
2024-05-30 13:27:00,4783.25,4783.25,4779.05,4781.85,350
2024-05-30 13:28:00,4781.85,4782.3,4778.35,4781.0,276
2024-05-30 13:29:00,4781.0,4785.0,4778.05,4782.65,1040
2024-05-30 13:30:00,4784.75,4788.3,4781.0,4788.1,3936
2024-05-30 13:31:00,4788.1,4789.25,4786.0,4787.55,358
2024-05-30 13:32:00,4787.55,4790.9,4787.55,4790.8,581
2024-05-30 13:33:00,4789.6,4790.8,4786.5,4789.1,353
2024-05-30 13:34:00,4789.1,4789.1,4786.0,4786.0,453
2024-05-30 13:35:00,4786.0,4787.9,4786.0,4786.0,309
2024-05-30 13:36:00,4787.5,4789.15,4786.0,4788.0,585
2024-05-30 13:37:00,4788.0,4789.5,4785.55,4788.9,542
2024-05-30 13:38:00,4787.1,4789.75,4786.05,4788.3,270
2024-05-30 13:39:00,4788.3,4789.5,4786.0,4789.35,587
2024-05-30 13:40:00,4787.65,4792.7,4787.35,4791.9,611
2024-05-30 13:41:00,4791.9,4794.6,4789.3,4794.1,430
2024-05-30 13:42:00,4794.1,4794.9,4790.0,4794.25,805
2024-05-30 13:43:00,4794.25,4795.5,4791.15,4795.5,353
2024-05-30 13:44:00,4795.4,4795.55,4790.0,4790.05,681
2024-05-30 13:45:00,4790.05,4791.95,4788.0,4790.0,370
2024-05-30 13:46:00,4790.05,4793.5,4788.15,4792.7,556
2024-05-30 13:47:00,4792.7,4793.0,4787.0,4790.3,964
2024-05-30 13:48:00,4790.3,4794.0,4790.3,4793.4,415
2024-05-30 13:49:00,4793.4,4794.3,4790.55,4791.7,457
2024-05-30 13:50:00,4794.3,4794.3,4790.0,4792.1,297
2024-05-30 13:51:00,4792.25,4792.95,4787.6,4787.6,120
2024-05-30 13:52:00,4789.95,4790.0,4786.0,4788.65,287
2024-05-30 13:53:00,4788.65,4791.15,4788.3,4791.05,181
2024-05-30 13:54:00,4788.3,4788.7,4786.0,4787.75,446
2024-05-30 13:55:00,4787.75,4789.75,4786.0,4789.0,139
2024-05-30 13:56:00,4789.4,4789.4,4785.0,4785.0,1765
2024-05-30 13:57:00,4785.0,4786.4,4780.25,4785.4,2606
2024-05-30 13:58:00,4785.4,4786.95,4784.0,4786.55,706
2024-05-30 13:59:00,4786.55,4787.35,4785.0,4786.95,205
2024-05-30 14:00:00,4787.0,4791.05,4786.0,4791.05,496
2024-05-30 14:01:00,4791.05,4791.05,4788.65,4790.0,140
2024-05-30 14:02:00,4790.0,4790.0,4786.0,4788.95,673
2024-05-30 14:03:00,4787.0,4789.45,4787.0,4788.9,1042
2024-05-30 14:04:00,4788.9,4789.8,4787.0,4789.8,308
2024-05-30 14:05:00,4789.8,4789.95,4787.05,4789.45,135
2024-05-30 14:06:00,4787.05,4791.25,4787.0,4791.25,1166
2024-05-30 14:07:00,4791.25,4791.95,4790.0,4790.0,592
2024-05-30 14:08:00,4791.65,4791.95,4787.05,4787.5,464
2024-05-30 14:09:00,4787.5,4789.95,4786.0,4787.5,447
2024-05-30 14:10:00,4787.85,4787.9,4786.0,4786.0,340
2024-05-30 14:11:00,4786.0,4789.75,4786.0,4788.15,946
2024-05-30 14:12:00,4788.15,4789.75,4786.0,4786.0,154
2024-05-30 14:13:00,4788.7,4789.45,4786.5,4787.4,204
2024-05-30 14:14:00,4787.4,4789.65,4787.0,4789.65,557
2024-05-30 14:15:00,4789.65,4789.65,4786.15,4787.95,207
2024-05-30 14:16:00,4787.95,4788.7,4786.0,4787.0,472
2024-05-30 14:17:00,4788.6,4791.7,4787.0,4791.55,321
2024-05-30 14:18:00,4791.55,4793.0,4790.0,4792.7,713
2024-05-30 14:19:00,4792.7,4793.0,4788.0,4788.45,2416
2024-05-30 14:20:00,4788.45,4790.65,4783.0,4784.5,2798
2024-05-30 14:21:00,4784.5,4788.5,4783.05,4787.0,1582
2024-05-30 14:22:00,4788.5,4794.15,4787.0,4791.75,4067
2024-05-30 14:23:00,4792.5,4794.65,4791.05,4794.45,1077
2024-05-30 14:24:00,4794.45,4796.0,4791.85,4794.3,5551
2024-05-30 14:25:00,4794.25,4795.5,4794.0,4795.35,102
2024-05-30 14:26:00,4795.35,4795.35,4794.0,4794.95,514
2024-05-30 14:27:00,4794.7,4795.0,4794.0,4794.0,170
2024-05-30 14:28:00,4794.7,4795.0,4794.0,4795.0,1270
2024-05-30 14:29:00,4795.0,4795.0,4793.0,4793.0,1366
2024-05-30 14:30:00,4794.95,4794.95,4790.45,4793.95,1119
2024-05-30 14:31:00,4793.65,4794.35,4790.85,4790.95,467
2024-05-30 14:32:00,4790.95,4794.05,4790.95,4794.0,341
2024-05-30 14:33:00,4792.1,4794.55,4791.05,4794.55,630
2024-05-30 14:34:00,4794.5,4794.5,4783.4,4783.75,9471
2024-05-30 14:35:00,4783.75,4784.2,4771.05,4774.55,3400
2024-05-30 14:36:00,4775.25,4775.25,4763.45,4763.45,3346
2024-05-30 14:37:00,4763.45,4767.15,4756.95,4765.75,3031
2024-05-30 14:38:00,4765.6,4769.65,4764.05,4769.5,958
2024-05-30 14:39:00,4769.5,4774.15,4767.1,4771.35,1232
2024-05-30 14:40:00,4771.35,4778.5,4771.25,4777.7,523
2024-05-30 14:41:00,4777.7,4779.85,4770.05,4770.85,411
2024-05-30 14:42:00,4772.8,4774.4,4770.6,4771.0,203
2024-05-30 14:43:00,4771.0,4772.1,4770.0,4770.1,3408
2024-05-30 14:44:00,4770.1,4770.15,4770.0,4770.0,261
2024-05-30 14:45:00,4770.0,4773.45,4769.8,4770.05,3557
2024-05-30 14:46:00,4770.5,4772.6,4768.05,4771.0,996
2024-05-30 14:47:00,4770.0,4771.0,4765.6,4765.65,509
2024-05-30 14:48:00,4765.6,4768.55,4762.35,4767.5,1622
2024-05-30 14:49:00,4767.5,4770.0,4764.2,4767.85,636
2024-05-30 14:50:00,4764.85,4769.15,4763.65,4766.55,1426
2024-05-30 14:51:00,4766.55,4766.7,4757.55,4759.55,2837
2024-05-30 14:52:00,4760.3,4760.3,4751.4,4757.15,4099
2024-05-30 14:53:00,4757.15,4758.4,4752.05,4753.9,676
2024-05-30 14:54:00,4753.9,4754.9,4751.0,4754.0,682
2024-05-30 14:55:00,4754.0,4757.6,4748.0,4750.0,3205
2024-05-30 14:56:00,4750.0,4755.85,4750.0,4753.55,396
2024-05-30 14:57:00,4753.6,4759.4,4752.6,4756.4,4100
2024-05-30 14:58:00,4756.35,4758.15,4753.55,4755.0,517
2024-05-30 14:59:00,4755.0,4755.7,4750.65,4752.1,529
2024-05-30 15:00:00,4753.3,4768.45,4752.3,4765.55,2627
2024-05-30 15:01:00,4765.55,4770.65,4763.65,4766.9,5129
2024-05-30 15:02:00,4766.9,4774.0,4766.9,4773.1,1555
2024-05-30 15:03:00,4773.05,4780.75,4769.5,4780.25,3828
2024-05-30 15:04:00,4777.6,4785.0,4777.6,4784.05,2614
2024-05-30 15:05:00,4789.45,4790.15,4783.65,4786.65,3555
2024-05-30 15:06:00,4786.65,4790.35,4783.3,4788.15,2840
2024-05-30 15:07:00,4788.55,4790.0,4780.5,4783.05,4645
2024-05-30 15:08:00,4783.15,4783.55,4781.0,4783.1,2578
2024-05-30 15:09:00,4783.35,4783.55,4773.05,4774.35,7200
2024-05-30 15:10:00,4774.35,4781.9,4773.4,4776.85,3296
2024-05-30 15:11:00,4776.85,4776.85,4770.0,4773.5,1820
2024-05-30 15:12:00,4773.5,4777.3,4770.0,4775.6,5363
2024-05-30 15:13:00,4775.05,4777.6,4771.65,4775.65,4516
2024-05-30 15:14:00,4775.65,4776.45,4759.85,4759.85,4419
2024-05-30 15:15:00,4758.3,4760.2,4748.15,4748.25,6718
2024-05-30 15:16:00,4750.7,4756.85,4748.05,4753.35,3068
2024-05-30 15:17:00,4753.35,4756.5,4749.85,4752.2,3395
2024-05-30 15:18:00,4751.7,4758.95,4751.2,4757.2,5680
2024-05-30 15:19:00,4758.95,4764.8,4758.95,4764.8,1921
2024-05-30 15:20:00,4762.15,4771.95,4762.15,4767.35,2258
2024-05-30 15:21:00,4769.1,4770.05,4760.1,4762.0,2314
2024-05-30 15:22:00,4761.95,4775.9,4761.5,4775.9,5061
2024-05-30 15:23:00,4777.0,4779.7,4772.25,4775.4,1325
2024-05-30 15:24:00,4775.4,4778.0,4770.0,4775.6,7118
2024-05-30 15:25:00,4775.6,4783.8,4775.6,4783.4,754
2024-05-30 15:26:00,4783.4,4783.4,4775.95,4781.3,2096
2024-05-30 15:27:00,4781.5,4788.75,4773.5,4788.75,5923
2024-05-30 15:28:00,4787.0,4797.55,4785.0,4797.55,4633
2024-05-30 15:29:00,4797.55,4800.0,4790.0,4798.85,5827
2024-05-31 09:15:00,4769.9,4769.9,4733.05,4737.6,5658
2024-05-31 09:16:00,4737.6,4749.0,4733.05,4746.55,2178
2024-05-31 09:17:00,4749.0,4754.0,4746.05,4748.65,2654
2024-05-31 09:18:00,4748.5,4775.65,4743.85,4747.25,7759
2024-05-31 09:19:00,4752.3,4758.6,4742.3,4750.65,1217
2024-05-31 09:20:00,4750.7,4763.4,4750.7,4757.3,3323
2024-05-31 09:21:00,4757.3,4757.3,4742.55,4749.9,1753
2024-05-31 09:22:00,4750.2,4759.2,4749.7,4755.8,1886
2024-05-31 09:23:00,4759.9,4760.0,4747.05,4750.35,845
2024-05-31 09:24:00,4750.45,4750.45,4741.9,4741.9,1185
2024-05-31 09:25:00,4741.9,4744.45,4737.6,4740.05,1834
2024-05-31 09:26:00,4738.15,4747.6,4736.0,4742.75,2417
2024-05-31 09:27:00,4742.75,4746.0,4738.05,4742.35,1708
2024-05-31 09:28:00,4742.35,4750.45,4740.4,4748.95,2222
2024-05-31 09:29:00,4748.95,4753.45,4743.1,4744.3,2716
2024-05-31 09:30:00,4744.3,4745.75,4741.25,4745.75,426
2024-05-31 09:31:00,4745.45,4745.6,4736.4,4739.4,908
2024-05-31 09:32:00,4739.4,4748.0,4736.2,4747.85,433
2024-05-31 09:33:00,4744.55,4744.75,4738.15,4738.2,1522
2024-05-31 09:34:00,4741.9,4743.5,4736.4,4737.2,1224
2024-05-31 09:35:00,4737.2,4739.6,4725.0,4728.05,3328
2024-05-31 09:36:00,4727.0,4728.0,4720.0,4723.75,1888
2024-05-31 09:37:00,4723.5,4729.15,4719.0,4723.45,2643
2024-05-31 09:38:00,4723.25,4725.75,4720.25,4725.75,2087
2024-05-31 09:39:00,4726.0,4726.95,4723.9,4726.25,705
2024-05-31 09:40:00,4726.25,4728.1,4723.4,4723.4,766
2024-05-31 09:41:00,4722.0,4726.05,4722.0,4724.25,975
2024-05-31 09:42:00,4724.25,4728.45,4722.6,4723.3,783
2024-05-31 09:43:00,4723.3,4729.7,4723.3,4728.7,1407
2024-05-31 09:44:00,4728.7,4728.7,4721.85,4725.3,778
2024-05-31 09:45:00,4725.3,4725.95,4723.0,4725.0,719
2024-05-31 09:46:00,4725.0,4725.0,4716.1,4722.9,2214
2024-05-31 09:47:00,4719.65,4719.95,4714.5,4716.85,1664
2024-05-31 09:48:00,4716.85,4719.65,4714.3,4715.55,1307
2024-05-31 09:49:00,4716.4,4717.25,4713.05,4716.75,1770
2024-05-31 09:50:00,4716.75,4725.0,4714.5,4720.15,931
2024-05-31 09:51:00,4722.35,4722.35,4714.55,4717.85,705
2024-05-31 09:52:00,4717.85,4717.85,4713.85,4714.0,551
2024-05-31 09:53:00,4714.65,4718.95,4712.15,4718.95,1132
2024-05-31 09:54:00,4718.95,4718.95,4713.9,4715.8,279
2024-05-31 09:55:00,4715.8,4719.65,4712.9,4717.0,1150
2024-05-31 09:56:00,4717.0,4721.95,4714.65,4720.75,585
2024-05-31 09:57:00,4720.75,4720.75,4715.95,4717.8,860
2024-05-31 09:58:00,4717.8,4722.55,4717.05,4719.9,337
2024-05-31 09:59:00,4719.9,4719.9,4716.35,4717.8,863
2024-05-31 10:00:00,4717.15,4717.8,4703.0,4705.3,5400
2024-05-31 10:01:00,4705.3,4708.45,4701.45,4702.95,1140
2024-05-31 10:02:00,4703.05,4707.9,4702.55,4704.05,999
2024-05-31 10:03:00,4703.6,4713.65,4703.2,4703.2,2453
2024-05-31 10:04:00,4703.2,4705.15,4701.65,4704.65,843
2024-05-31 10:05:00,4704.65,4704.65,4695.05,4695.95,2551
2024-05-31 10:06:00,4698.35,4702.25,4692.35,4694.1,3146
2024-05-31 10:07:00,4694.1,4698.35,4690.0,4691.7,2027
2024-05-31 10:08:00,4691.7,4699.4,4690.1,4699.4,3527
2024-05-31 10:09:00,4699.4,4703.2,4695.2,4697.9,5133
2024-05-31 10:10:00,4697.9,4697.9,4682.0,4689.6,4300
2024-05-31 10:11:00,4684.55,4689.75,4683.55,4688.05,1067
2024-05-31 10:12:00,4688.05,4689.9,4684.0,4685.0,976
2024-05-31 10:13:00,4685.0,4688.7,4684.4,4685.75,1647
2024-05-31 10:14:00,4686.75,4695.25,4685.3,4689.0,1234
2024-05-31 10:15:00,4689.0,4690.9,4685.3,4687.6,1317
2024-05-31 10:16:00,4688.7,4692.65,4685.5,4689.75,600
2024-05-31 10:17:00,4689.75,4697.5,4689.75,4697.5,2535
2024-05-31 10:18:00,4697.5,4705.0,4693.65,4703.8,5347
2024-05-31 10:19:00,4703.8,4713.6,4703.8,4708.45,1509
2024-05-31 10:20:00,4708.5,4708.8,4699.0,4700.25,2028
2024-05-31 10:21:00,4700.25,4707.0,4698.05,4702.55,3336
2024-05-31 10:22:00,4702.55,4702.8,4700.0,4700.0,122
2024-05-31 10:23:00,4700.0,4702.75,4699.05,4699.05,303
2024-05-31 10:24:00,4699.05,4701.65,4693.95,4697.35,740
2024-05-31 10:25:00,4697.35,4700.0,4695.0,4699.95,841
2024-05-31 10:26:00,4699.95,4700.25,4697.75,4700.15,246
2024-05-31 10:27:00,4700.15,4700.15,4695.0,4698.05,421
2024-05-31 10:28:00,4698.05,4701.4,4696.5,4697.25,563
2024-05-31 10:29:00,4697.25,4699.4,4693.75,4693.75,459
2024-05-31 10:30:00,4693.75,4701.0,4693.75,4697.0,2336
2024-05-31 10:31:00,4697.0,4705.0,4697.0,4705.0,830
2024-05-31 10:32:00,4704.75,4709.85,4704.75,4705.8,1313
2024-05-31 10:33:00,4705.8,4709.9,4705.05,4708.0,505
2024-05-31 10:34:00,4708.2,4711.35,4706.95,4708.0,2697
2024-05-31 10:35:00,4708.0,4712.6,4705.8,4710.5,730
2024-05-31 10:36:00,4710.5,4710.6,4707.4,4707.9,178
2024-05-31 10:37:00,4707.9,4710.0,4707.15,4709.85,219
2024-05-31 10:38:00,4709.85,4709.85,4705.95,4705.95,175
2024-05-31 10:39:00,4705.95,4706.0,4697.55,4699.9,703
2024-05-31 10:40:00,4699.9,4703.05,4698.0,4699.25,794
2024-05-31 10:41:00,4699.25,4704.45,4699.05,4701.7,286
2024-05-31 10:42:00,4702.0,4707.75,4701.9,4705.1,596
2024-05-31 10:43:00,4705.1,4710.0,4702.8,4705.3,838
2024-05-31 10:44:00,4705.3,4705.95,4701.65,4704.1,311
2024-05-31 10:45:00,4704.1,4708.4,4701.25,4703.45,2243
2024-05-31 10:46:00,4705.1,4710.0,4704.05,4706.1,479
2024-05-31 10:47:00,4706.1,4711.7,4706.0,4708.85,1296
2024-05-31 10:48:00,4708.85,4708.85,4702.3,4703.7,176
2024-05-31 10:49:00,4703.7,4707.8,4703.55,4706.45,138
2024-05-31 10:50:00,4706.45,4707.55,4702.8,4705.4,391
2024-05-31 10:51:00,4705.4,4706.15,4701.5,4705.0,206
2024-05-31 10:52:00,4706.15,4706.15,4701.1,4702.0,367
2024-05-31 10:53:00,4702.0,4702.0,4700.2,4701.6,415
2024-05-31 10:54:00,4701.6,4703.8,4700.1,4703.15,2162
2024-05-31 10:55:00,4702.2,4704.5,4700.0,4701.95,450
2024-05-31 10:56:00,4701.95,4704.4,4699.15,4704.4,967
2024-05-31 10:57:00,4704.4,4704.45,4702.0,4702.4,454
2024-05-31 10:58:00,4702.4,4704.45,4699.35,4701.95,309
2024-05-31 10:59:00,4701.95,4703.75,4700.25,4702.45,158
2024-05-31 11:00:00,4702.45,4702.45,4700.0,4700.1,242
2024-05-31 11:01:00,4700.1,4704.0,4700.1,4702.05,143
2024-05-31 11:02:00,4701.45,4703.8,4700.0,4701.8,195
2024-05-31 11:03:00,4701.8,4702.9,4700.0,4701.0,86
2024-05-31 11:04:00,4702.45,4708.95,4700.9,4702.55,2234
2024-05-31 11:05:00,4704.85,4707.95,4700.0,4700.0,1088
2024-05-31 11:06:00,4700.0,4706.75,4699.0,4705.0,556
2024-05-31 11:07:00,4705.0,4712.35,4705.0,4711.0,1017
2024-05-31 11:08:00,4711.0,4720.8,4711.0,4718.0,2989
2024-05-31 11:09:00,4718.0,4725.0,4716.5,4719.25,1246
2024-05-31 11:10:00,4721.25,4721.9,4718.85,4721.25,394
2024-05-31 11:11:00,4721.25,4721.25,4719.05,4720.85,284
2024-05-31 11:12:00,4720.85,4724.9,4718.7,4721.75,1449
2024-05-31 11:13:00,4721.75,4725.0,4721.05,4725.0,577
2024-05-31 11:14:00,4725.0,4725.0,4719.55,4720.55,393
2024-05-31 11:15:00,4720.55,4722.05,4719.55,4722.05,43
2024-05-31 11:16:00,4722.05,4729.9,4720.05,4721.65,3418
2024-05-31 11:17:00,4721.65,4723.6,4716.6,4718.35,13447
2024-05-31 11:18:00,4718.4,4725.5,4717.0,4725.0,354
2024-05-31 11:19:00,4726.15,4730.0,4724.5,4730.0,1634
2024-05-31 11:20:00,4730.0,4737.45,4729.45,4734.55,2177
2024-05-31 11:21:00,4734.55,4739.0,4732.75,4733.95,470
2024-05-31 11:22:00,4735.0,4735.0,4732.1,4734.85,319
2024-05-31 11:23:00,4734.85,4735.0,4733.1,4734.8,253
2024-05-31 11:24:00,4734.8,4735.0,4729.75,4731.9,2244
2024-05-31 11:25:00,4731.9,4732.9,4729.75,4732.55,2257
2024-05-31 11:26:00,4732.55,4732.55,4729.1,4729.1,2294
2024-05-31 11:27:00,4729.1,4733.1,4728.8,4730.55,387
2024-05-31 11:28:00,4730.55,4733.0,4730.0,4733.0,293
2024-05-31 11:29:00,4733.0,4734.4,4730.0,4730.0,437
2024-05-31 11:30:00,4730.0,4731.7,4728.8,4730.0,6816
2024-05-31 11:31:00,4730.0,4731.5,4730.0,4731.25,1048
2024-05-31 11:32:00,4729.55,4734.55,4729.55,4731.95,4166
2024-05-31 11:33:00,4733.55,4734.3,4731.2,4733.0,120
2024-05-31 11:34:00,4733.0,4735.0,4730.95,4731.05,519
2024-05-31 11:35:00,4731.05,4734.85,4729.55,4732.05,2699
2024-05-31 11:36:00,4732.05,4732.05,4727.6,4728.1,3788
2024-05-31 11:37:00,4728.1,4732.95,4727.15,4732.95,1539
2024-05-31 11:38:00,4732.85,4734.9,4732.2,4734.85,1165
2024-05-31 11:39:00,4734.85,4737.8,4725.85,4732.65,11134
2024-05-31 11:40:00,4732.65,4737.2,4732.65,4736.8,673
2024-05-31 11:41:00,4736.8,4737.15,4735.05,4735.05,347
2024-05-31 11:42:00,4735.05,4737.3,4735.0,4736.8,165
2024-05-31 11:43:00,4736.8,4736.8,4735.05,4735.55,106
2024-05-31 11:44:00,4735.55,4736.0,4734.05,4734.05,1040
2024-05-31 11:45:00,4734.05,4735.25,4725.0,4725.95,5066
2024-05-31 11:46:00,4725.95,4730.7,4721.0,4721.0,6638
2024-05-31 11:47:00,4721.0,4727.0,4721.0,4725.6,972
2024-05-31 11:48:00,4725.6,4725.6,4722.9,4725.2,89
2024-05-31 11:49:00,4725.2,4725.2,4724.0,4724.6,25
2024-05-31 11:50:00,4724.6,4724.6,4720.0,4721.55,729
2024-05-31 11:51:00,4721.55,4722.0,4720.0,4722.0,1112
2024-05-31 11:52:00,4722.0,4724.55,4720.0,4721.2,3637
2024-05-31 11:53:00,4722.25,4723.05,4720.0,4721.75,1780
2024-05-31 11:54:00,4721.75,4721.75,4719.0,4721.2,654
2024-05-31 11:55:00,4719.0,4721.2,4719.0,4720.1,508
2024-05-31 11:56:00,4720.1,4720.1,4718.0,4718.0,9483
2024-05-31 11:57:00,4718.0,4724.5,4718.0,4720.9,1633
2024-05-31 11:58:00,4718.95,4722.4,4718.5,4721.15,453
2024-05-31 11:59:00,4721.75,4721.75,4719.65,4720.85,71
2024-05-31 12:00:00,4720.85,4720.85,4719.0,4719.05,94
2024-05-31 12:01:00,4719.05,4719.5,4718.0,4718.05,181
2024-05-31 12:02:00,4718.05,4720.95,4718.0,4720.8,632
2024-05-31 12:03:00,4720.8,4720.8,4718.65,4720.35,146
2024-05-31 12:04:00,4720.35,4720.35,4718.35,4718.35,109
2024-05-31 12:05:00,4720.15,4722.0,4719.35,4720.75,295
2024-05-31 12:06:00,4720.75,4720.75,4718.1,4720.65,217
2024-05-31 12:07:00,4720.65,4721.8,4718.4,4721.8,169
2024-05-31 12:08:00,4720.65,4721.55,4719.05,4719.05,169
2024-05-31 12:09:00,4719.05,4724.95,4719.05,4724.95,98
2024-05-31 12:10:00,4724.95,4724.95,4720.0,4720.55,248
2024-05-31 12:11:00,4720.55,4722.3,4720.0,4720.3,136
2024-05-31 12:12:00,4720.3,4721.15,4718.15,4719.95,134
2024-05-31 12:13:00,4719.95,4721.2,4718.15,4719.9,66
2024-05-31 12:14:00,4718.1,4720.85,4718.0,4719.95,161
2024-05-31 12:15:00,4719.95,4720.65,4718.0,4720.1,95
2024-05-31 12:16:00,4720.1,4720.2,4718.0,4720.0,170
2024-05-31 12:17:00,4720.4,4727.0,4718.4,4723.4,1761
2024-05-31 12:18:00,4723.4,4725.75,4720.55,4721.3,223
2024-05-31 12:19:00,4721.3,4722.7,4719.7,4722.45,67
2024-05-31 12:20:00,4722.45,4723.85,4718.7,4720.05,212
2024-05-31 12:21:00,4720.05,4724.35,4719.6,4722.15,237
2024-05-31 12:22:00,4722.15,4722.2,4719.1,4722.0,191
2024-05-31 12:23:00,4722.0,4723.75,4719.05,4720.15,275
2024-05-31 12:24:00,4720.15,4723.25,4719.35,4721.75,331
2024-05-31 12:25:00,4721.75,4723.35,4720.0,4722.0,309
2024-05-31 12:26:00,4722.0,4723.9,4719.6,4719.6,190
2024-05-31 12:27:00,4719.6,4723.9,4719.35,4719.35,376
2024-05-31 12:28:00,4719.35,4722.6,4719.35,4721.65,69
2024-05-31 12:29:00,4721.65,4721.65,4719.5,4720.65,122
2024-05-31 12:30:00,4719.5,4723.3,4719.5,4720.3,646
2024-05-31 12:31:00,4720.3,4721.35,4719.35,4721.35,157
2024-05-31 12:32:00,4721.35,4723.1,4719.8,4722.55,459
2024-05-31 12:33:00,4722.55,4735.0,4722.55,4730.3,2612
2024-05-31 12:34:00,4730.3,4732.45,4728.0,4730.0,282
2024-05-31 12:35:00,4730.4,4730.9,4728.0,4728.5,190
2024-05-31 12:36:00,4728.5,4732.4,4728.0,4728.0,97
2024-05-31 12:37:00,4728.5,4728.5,4722.7,4725.75,881
2024-05-31 12:38:00,4725.0,4728.3,4724.6,4725.1,821
2024-05-31 12:39:00,4725.1,4730.0,4720.5,4727.6,2258
2024-05-31 12:40:00,4727.6,4727.6,4720.1,4721.05,137
2024-05-31 12:41:00,4721.05,4723.55,4721.05,4722.0,120
2024-05-31 12:42:00,4722.0,4722.95,4720.1,4720.95,315
2024-05-31 12:43:00,4720.95,4721.0,4718.0,4718.5,284
2024-05-31 12:44:00,4718.4,4720.0,4718.0,4719.5,87
2024-05-31 12:45:00,4719.5,4719.75,4718.0,4718.0,651
2024-05-31 12:46:00,4718.0,4719.95,4718.0,4718.3,163
2024-05-31 12:47:00,4718.3,4719.9,4718.0,4719.0,158
2024-05-31 12:48:00,4718.0,4719.45,4717.0,4719.35,2986
2024-05-31 12:49:00,4719.4,4723.05,4715.7,4720.9,6524
2024-05-31 12:50:00,4720.9,4720.9,4718.05,4719.8,167
2024-05-31 12:51:00,4719.8,4719.95,4718.1,4719.35,151
2024-05-31 12:52:00,4719.35,4719.35,4717.1,4718.7,194
2024-05-31 12:53:00,4718.7,4718.7,4717.0,4718.6,109
2024-05-31 12:54:00,4718.6,4723.7,4717.0,4721.65,1852
2024-05-31 12:55:00,4721.65,4721.8,4717.6,4717.6,111
2024-05-31 12:56:00,4720.0,4720.0,4718.0,4719.15,186
2024-05-31 12:57:00,4719.15,4719.15,4717.0,4717.5,244
2024-05-31 12:58:00,4717.5,4720.0,4717.0,4718.5,111
2024-05-31 12:59:00,4718.8,4718.8,4717.8,4717.8,156
2024-05-31 13:00:00,4717.8,4718.45,4717.8,4717.8,273
2024-05-31 13:01:00,4717.8,4717.85,4717.0,4717.2,765
2024-05-31 13:02:00,4717.1,4718.1,4715.85,4717.0,301
2024-05-31 13:03:00,4717.9,4720.0,4717.0,4717.4,2579
2024-05-31 13:04:00,4717.0,4721.2,4715.9,4718.25,7682
2024-05-31 13:05:00,4718.25,4720.6,4717.4,4719.55,156
2024-05-31 13:06:00,4719.55,4719.55,4717.0,4717.75,256
2024-05-31 13:07:00,4717.75,4718.95,4717.0,4717.3,1260
2024-05-31 13:08:00,4717.3,4719.5,4715.85,4717.75,1189
2024-05-31 13:09:00,4717.75,4720.0,4717.05,4717.85,185
2024-05-31 13:10:00,4717.85,4719.7,4716.55,4719.15,3623
2024-05-31 13:11:00,4719.15,4719.15,4717.0,4718.1,82
2024-05-31 13:12:00,4718.1,4718.1,4708.0,4708.6,1548
2024-05-31 13:13:00,4709.2,4709.9,4707.0,4707.65,338
2024-05-31 13:14:00,4707.65,4709.7,4705.05,4705.25,179
2024-05-31 13:15:00,4705.25,4707.0,4702.05,4702.75,195
2024-05-31 13:16:00,4704.0,4704.0,4702.1,4703.0,257
2024-05-31 13:17:00,4703.0,4705.85,4702.55,4705.1,248
2024-05-31 13:18:00,4705.0,4707.4,4705.0,4707.0,392
2024-05-31 13:19:00,4707.4,4716.85,4706.0,4712.45,1794
2024-05-31 13:20:00,4712.5,4714.75,4712.05,4714.15,351
2024-05-31 13:21:00,4714.0,4715.0,4712.05,4714.45,271
2024-05-31 13:22:00,4714.45,4715.6,4712.3,4713.25,191
2024-05-31 13:23:00,4713.25,4715.0,4712.0,4715.0,262
2024-05-31 13:24:00,4715.0,4715.0,4713.05,4715.0,377
2024-05-31 13:25:00,4714.4,4714.9,4712.0,4712.7,436
2024-05-31 13:26:00,4712.7,4712.7,4707.75,4708.35,1006
2024-05-31 13:27:00,4710.3,4710.3,4707.5,4708.0,270
2024-05-31 13:28:00,4708.1,4715.4,4708.1,4713.55,1479
2024-05-31 13:29:00,4715.0,4718.55,4712.95,4714.25,594
2024-05-31 13:30:00,4715.3,4715.3,4712.8,4714.6,109
2024-05-31 13:31:00,4714.6,4715.2,4712.8,4714.7,372
2024-05-31 13:32:00,4714.7,4714.75,4712.8,4713.95,96
2024-05-31 13:33:00,4713.95,4715.0,4712.8,4712.8,241
2024-05-31 13:34:00,4712.8,4715.0,4712.8,4714.0,78
2024-05-31 13:35:00,4712.9,4714.75,4712.05,4713.65,164
2024-05-31 13:36:00,4713.65,4715.35,4712.25,4712.5,449
2024-05-31 13:37:00,4712.7,4714.4,4712.2,4713.9,146
2024-05-31 13:38:00,4713.9,4713.9,4712.05,4713.65,151
2024-05-31 13:39:00,4713.25,4713.45,4712.0,4713.0,252
2024-05-31 13:40:00,4713.0,4713.95,4712.0,4712.05,235
2024-05-31 13:41:00,4712.65,4713.25,4712.0,4712.05,322
2024-05-31 13:42:00,4712.05,4716.0,4710.1,4712.0,3857
2024-05-31 13:43:00,4712.0,4712.0,4709.85,4711.25,1495
2024-05-31 13:44:00,4711.25,4716.0,4710.3,4716.0,164
2024-05-31 13:45:00,4716.0,4718.5,4714.25,4717.0,2890
2024-05-31 13:46:00,4717.0,4718.35,4715.2,4716.65,374
2024-05-31 13:47:00,4717.0,4718.5,4716.0,4717.0,1645
2024-05-31 13:48:00,4717.0,4718.35,4715.2,4716.0,2272
2024-05-31 13:49:00,4716.0,4716.4,4716.0,4716.3,209
2024-05-31 13:50:00,4716.8,4721.05,4716.4,4719.3,3101
2024-05-31 13:51:00,4719.3,4723.6,4718.2,4722.05,1137
2024-05-31 13:52:00,4722.05,4722.1,4719.5,4721.35,397
2024-05-31 13:53:00,4722.1,4722.15,4718.0,4718.0,1371
2024-05-31 13:54:00,4718.0,4719.7,4717.0,4719.65,424
2024-05-31 13:55:00,4719.65,4720.0,4717.9,4719.4,295
2024-05-31 13:56:00,4719.4,4720.0,4718.7,4720.0,226
2024-05-31 13:57:00,4718.5,4722.35,4717.85,4720.0,303
2024-05-31 13:58:00,4720.0,4721.8,4718.35,4719.1,278
2024-05-31 13:59:00,4720.25,4720.65,4717.6,4720.65,494
2024-05-31 14:00:00,4720.65,4720.65,4717.1,4719.95,259
2024-05-31 14:01:00,4719.95,4724.8,4717.8,4718.45,2139
2024-05-31 14:02:00,4718.45,4720.0,4718.0,4718.25,652
2024-05-31 14:03:00,4718.25,4723.4,4718.25,4719.6,189
2024-05-31 14:04:00,4719.6,4727.0,4718.0,4725.65,1995
2024-05-31 14:05:00,4725.65,4726.95,4725.0,4725.55,388
2024-05-31 14:06:00,4725.0,4730.15,4725.0,4725.65,1726
2024-05-31 14:07:00,4725.65,4727.15,4725.1,4726.2,212
2024-05-31 14:08:00,4726.2,4727.0,4725.0,4727.0,123
2024-05-31 14:09:00,4726.95,4727.8,4725.0,4725.5,335
2024-05-31 14:10:00,4725.5,4729.0,4725.4,4729.0,504
2024-05-31 14:11:00,4729.0,4729.0,4726.45,4728.75,380
2024-05-31 14:12:00,4726.75,4730.0,4725.45,4729.2,344
2024-05-31 14:13:00,4729.2,4729.2,4725.6,4728.0,72
2024-05-31 14:14:00,4728.0,4728.0,4725.5,4728.0,346
2024-05-31 14:15:00,4727.1,4728.85,4720.7,4725.0,6319
2024-05-31 14:16:00,4725.0,4725.65,4720.65,4725.2,3937
2024-05-31 14:17:00,4725.15,4726.9,4723.2,4725.0,2797
2024-05-31 14:18:00,4725.0,4725.6,4716.25,4716.45,1981
2024-05-31 14:19:00,4716.45,4719.9,4715.2,4717.1,421
2024-05-31 14:20:00,4717.1,4721.05,4717.1,4720.7,178
2024-05-31 14:21:00,4720.7,4724.0,4719.0,4722.1,223
2024-05-31 14:22:00,4724.0,4724.0,4718.05,4718.9,374
2024-05-31 14:23:00,4718.9,4720.0,4716.0,4717.75,573
2024-05-31 14:24:00,4717.75,4720.4,4715.0,4715.95,4504
2024-05-31 14:25:00,4715.95,4720.9,4715.4,4720.9,522
2024-05-31 14:26:00,4720.9,4720.9,4716.5,4717.25,172
2024-05-31 14:27:00,4717.25,4720.0,4717.0,4719.95,350
2024-05-31 14:28:00,4717.65,4719.55,4717.0,4717.2,251
2024-05-31 14:29:00,4717.0,4717.85,4717.0,4717.4,1445
2024-05-31 14:30:00,4717.0,4717.8,4717.0,4717.0,387
2024-05-31 14:31:00,4717.0,4719.35,4716.5,4718.45,3170
2024-05-31 14:32:00,4716.5,4720.0,4716.5,4718.3,960
2024-05-31 14:33:00,4718.3,4719.05,4717.0,4717.0,238
2024-05-31 14:34:00,4717.0,4719.6,4717.0,4717.45,1345
2024-05-31 14:35:00,4717.45,4718.7,4717.0,4717.8,359
2024-05-31 14:36:00,4717.8,4717.8,4717.0,4717.0,449
2024-05-31 14:37:00,4717.65,4717.65,4716.5,4716.5,1012
2024-05-31 14:38:00,4716.5,4717.05,4716.5,4717.0,425
2024-05-31 14:39:00,4717.0,4721.0,4714.7,4715.05,7721
2024-05-31 14:40:00,4715.05,4717.5,4715.0,4716.8,431
2024-05-31 14:41:00,4716.8,4717.95,4716.1,4716.85,362
2024-05-31 14:42:00,4716.85,4716.85,4714.65,4714.65,198
2024-05-31 14:43:00,4714.65,4715.45,4712.4,4715.4,1848
2024-05-31 14:44:00,4713.75,4715.0,4713.0,4713.15,378
2024-05-31 14:45:00,4713.1,4713.5,4708.0,4709.6,2096
2024-05-31 14:46:00,4709.6,4710.0,4706.75,4706.85,590
2024-05-31 14:47:00,4707.3,4716.95,4707.3,4716.95,3247
2024-05-31 14:48:00,4720.55,4725.35,4716.3,4721.95,6480
2024-05-31 14:49:00,4721.95,4721.95,4720.0,4720.0,885
2024-05-31 14:50:00,4720.0,4721.85,4720.0,4720.0,816
2024-05-31 14:51:00,4720.0,4721.95,4715.65,4716.4,4904
2024-05-31 14:52:00,4715.6,4720.55,4710.5,4711.4,6062
2024-05-31 14:53:00,4714.15,4714.15,4708.5,4712.9,1040
2024-05-31 14:54:00,4712.9,4714.1,4709.3,4713.45,1116
2024-05-31 14:55:00,4713.45,4713.45,4703.05,4703.1,1492
2024-05-31 14:56:00,4703.1,4708.75,4703.1,4703.5,1358
2024-05-31 14:57:00,4703.5,4705.85,4702.0,4703.0,899
2024-05-31 14:58:00,4704.9,4707.45,4702.0,4707.05,1338
2024-05-31 14:59:00,4705.0,4706.55,4695.0,4695.0,2638
2024-05-31 15:00:00,4695.0,4717.25,4690.0,4715.05,23143
2024-05-31 15:01:00,4715.5,4725.55,4704.75,4708.05,17224
2024-05-31 15:02:00,4708.05,4714.45,4702.85,4708.3,21097
2024-05-31 15:03:00,4708.0,4719.55,4697.85,4698.3,15808
2024-05-31 15:04:00,4697.55,4703.1,4690.0,4703.1,20515
2024-05-31 15:05:00,4699.7,4709.4,4697.3,4700.1,19472
2024-05-31 15:06:00,4699.75,4699.75,4689.45,4692.45,18374
2024-05-31 15:07:00,4692.85,4693.65,4687.55,4691.35,16947
2024-05-31 15:08:00,4690.05,4694.6,4686.05,4688.15,14156
2024-05-31 15:09:00,4691.35,4696.3,4684.55,4693.0,24048
2024-05-31 15:10:00,4699.9,4701.95,4692.5,4697.35,18027
2024-05-31 15:11:00,4696.95,4705.9,4695.05,4705.65,18933
2024-05-31 15:12:00,4704.25,4708.5,4700.0,4705.0,19221
2024-05-31 15:13:00,4700.9,4705.0,4697.7,4697.7,13294
2024-05-31 15:14:00,4699.75,4702.95,4695.7,4700.05,18653
2024-05-31 15:15:00,4700.05,4705.95,4696.45,4697.45,16612
2024-05-31 15:16:00,4697.35,4706.2,4691.2,4704.5,20727
2024-05-31 15:17:00,4704.5,4710.8,4702.75,4710.8,20594
2024-05-31 15:18:00,4706.4,4716.9,4704.35,4710.25,20132
2024-05-31 15:19:00,4710.2,4713.25,4703.95,4705.0,18937
2024-05-31 15:20:00,4704.75,4711.1,4701.75,4710.1,20921
2024-05-31 15:21:00,4710.05,4712.05,4701.75,4703.65,16801
2024-05-31 15:22:00,4702.55,4716.35,4701.05,4714.65,22088
2024-05-31 15:23:00,4710.5,4725.3,4707.05,4715.45,20517
2024-05-31 15:24:00,4715.45,4716.0,4706.2,4710.55,13004
2024-05-31 15:25:00,4710.55,4710.55,4702.5,4704.65,14210
2024-05-31 15:26:00,4703.7,4703.7,4692.6,4695.2,15449
2024-05-31 15:27:00,4694.85,4694.85,4686.55,4689.7,16310
2024-05-31 15:28:00,4689.7,4694.6,4685.1,4688.9,8850
2024-05-31 15:29:00,4688.9,4696.0,4680.0,4695.2,2704
2024-06-03 09:15:00,4825.0,4825.0,4708.6,4712.7,5913
2024-06-03 09:16:00,4707.0,4727.15,4706.75,4714.9,3590
2024-06-03 09:17:00,4710.1,4748.4,4710.0,4738.0,7230
2024-06-03 09:18:00,4735.0,4738.25,4713.0,4723.4,4431
2024-06-03 09:19:00,4716.65,4736.8,4706.0,4722.55,5361
2024-06-03 09:20:00,4721.9,4727.6,4706.0,4718.2,6884
2024-06-03 09:21:00,4718.5,4738.65,4714.05,4734.0,3767
2024-06-03 09:22:00,4732.0,4738.85,4715.25,4719.35,4586
2024-06-03 09:23:00,4719.35,4731.05,4714.2,4716.6,1407
2024-06-03 09:24:00,4714.05,4730.45,4712.35,4727.55,3242
2024-06-03 09:25:00,4727.25,4732.95,4707.75,4707.75,2373
2024-06-03 09:26:00,4708.0,4721.95,4702.55,4716.7,3083
2024-06-03 09:27:00,4716.7,4716.7,4700.9,4705.1,3128
2024-06-03 09:28:00,4701.55,4712.4,4700.1,4710.0,1700
2024-06-03 09:29:00,4709.3,4719.6,4707.8,4714.6,2121
2024-06-03 09:30:00,4714.2,4718.35,4695.0,4706.25,4177
2024-06-03 09:31:00,4706.35,4708.2,4696.3,4699.65,2188
2024-06-03 09:32:00,4696.25,4699.45,4687.6,4691.95,2402
2024-06-03 09:33:00,4691.95,4699.9,4690.0,4696.95,1650
2024-06-03 09:34:00,4700.0,4715.0,4700.0,4704.05,2230
2024-06-03 09:35:00,4704.05,4709.0,4700.55,4704.5,2124
2024-06-03 09:36:00,4704.5,4707.65,4695.45,4698.35,2892
2024-06-03 09:37:00,4698.35,4699.25,4690.0,4693.9,1671
2024-06-03 09:38:00,4693.9,4696.15,4691.2,4692.3,998
2024-06-03 09:39:00,4692.3,4699.0,4690.0,4696.95,1375
2024-06-03 09:40:00,4692.85,4712.8,4692.85,4712.4,3133
2024-06-03 09:41:00,4711.6,4714.0,4700.05,4702.9,2313
2024-06-03 09:42:00,4702.9,4710.0,4700.0,4709.9,777
2024-06-03 09:43:00,4709.9,4717.1,4708.95,4711.0,5427
2024-06-03 09:44:00,4711.0,4711.0,4694.1,4694.8,1919
2024-06-03 09:45:00,4694.75,4694.75,4680.7,4685.1,4616
2024-06-03 09:46:00,4688.15,4688.7,4677.5,4683.05,3985
2024-06-03 09:47:00,4686.2,4686.2,4677.65,4685.0,2065
2024-06-03 09:48:00,4685.0,4692.5,4681.9,4682.1,2052
2024-06-03 09:49:00,4682.1,4688.0,4680.0,4683.3,1758
2024-06-03 09:50:00,4683.3,4688.0,4681.0,4685.65,802
2024-06-03 09:51:00,4685.65,4690.0,4683.6,4685.95,808
2024-06-03 09:52:00,4687.0,4691.0,4682.3,4691.0,1793
2024-06-03 09:53:00,4691.35,4693.2,4681.0,4681.15,1506
2024-06-03 09:54:00,4681.2,4684.95,4681.2,4682.4,276
2024-06-03 09:55:00,4684.2,4693.4,4682.05,4693.0,1726
2024-06-03 09:56:00,4692.65,4706.0,4689.0,4704.95,3005
2024-06-03 09:57:00,4702.55,4709.2,4702.55,4705.6,2003
2024-06-03 09:58:00,4705.15,4709.0,4701.1,4704.75,2108
2024-06-03 09:59:00,4704.85,4710.0,4704.85,4708.85,755
2024-06-03 10:00:00,4709.8,4711.55,4707.05,4710.0,660
2024-06-03 10:01:00,4710.0,4720.3,4710.0,4712.0,4724
2024-06-03 10:02:00,4710.75,4713.35,4702.0,4704.55,1532
2024-06-03 10:03:00,4704.55,4709.1,4700.0,4706.75,966
2024-06-03 10:04:00,4703.7,4703.7,4695.0,4702.45,1704
2024-06-03 10:05:00,4702.45,4703.4,4691.55,4694.65,541
2024-06-03 10:06:00,4697.3,4708.0,4694.45,4706.0,1489
2024-06-03 10:07:00,4706.0,4707.0,4700.9,4700.9,984
2024-06-03 10:08:00,4702.0,4706.0,4701.65,4703.55,295
2024-06-03 10:09:00,4703.55,4717.65,4703.55,4709.2,879
2024-06-03 10:10:00,4709.15,4713.05,4703.0,4713.05,777
2024-06-03 10:11:00,4713.05,4714.75,4710.0,4713.0,171
2024-06-03 10:12:00,4713.0,4715.5,4708.25,4713.1,696
2024-06-03 10:13:00,4713.1,4713.1,4701.6,4701.6,669
2024-06-03 10:14:00,4703.0,4705.2,4703.0,4704.0,1178
2024-06-03 10:15:00,4707.85,4707.85,4698.0,4698.85,830
2024-06-03 10:16:00,4695.7,4700.75,4695.1,4697.4,356
2024-06-03 10:17:00,4697.4,4703.15,4696.6,4698.3,466
2024-06-03 10:18:00,4698.3,4701.85,4696.0,4696.4,303
2024-06-03 10:19:00,4696.4,4700.6,4696.0,4697.05,177
2024-06-03 10:20:00,4697.0,4697.35,4696.55,4696.7,278
2024-06-03 10:21:00,4696.8,4699.15,4694.8,4694.8,1614
2024-06-03 10:22:00,4690.15,4694.6,4690.0,4693.0,930
2024-06-03 10:23:00,4691.05,4696.45,4690.1,4691.95,887
2024-06-03 10:24:00,4690.5,4691.95,4685.0,4685.25,3085
2024-06-03 10:25:00,4685.3,4688.1,4680.8,4680.8,3109
2024-06-03 10:26:00,4680.8,4682.15,4676.05,4678.5,2906
2024-06-03 10:27:00,4679.5,4683.55,4679.5,4681.9,915
2024-06-03 10:28:00,4681.9,4690.4,4681.9,4688.55,978
2024-06-03 10:29:00,4688.55,4688.55,4684.1,4687.9,741
2024-06-03 10:30:00,4686.15,4688.4,4686.1,4686.4,448
2024-06-03 10:31:00,4686.4,4694.4,4686.1,4693.45,1392
2024-06-03 10:32:00,4693.45,4694.35,4690.6,4691.3,257
2024-06-03 10:33:00,4691.3,4693.2,4689.0,4690.15,486
2024-06-03 10:34:00,4689.05,4691.65,4689.0,4691.65,256
2024-06-03 10:35:00,4689.4,4689.5,4686.4,4686.5,560
2024-06-03 10:36:00,4686.5,4688.5,4685.1,4688.0,335
2024-06-03 10:37:00,4689.4,4692.2,4689.4,4689.6,166
2024-06-03 10:38:00,4689.6,4693.45,4688.0,4689.0,939
2024-06-03 10:39:00,4689.0,4689.7,4688.0,4688.0,352
2024-06-03 10:40:00,4688.0,4689.0,4688.0,4688.05,205
2024-06-03 10:41:00,4688.05,4694.95,4688.0,4690.5,627
2024-06-03 10:42:00,4690.5,4699.25,4688.6,4693.4,1297
2024-06-03 10:43:00,4693.4,4695.8,4690.0,4691.0,255
2024-06-03 10:44:00,4691.0,4692.8,4687.0,4689.55,462
2024-06-03 10:45:00,4688.0,4691.7,4688.0,4688.15,186
2024-06-03 10:46:00,4688.15,4693.7,4688.05,4688.5,822
2024-06-03 10:47:00,4690.75,4691.4,4687.85,4687.85,360
2024-06-03 10:48:00,4688.8,4690.5,4686.0,4686.0,150
2024-06-03 10:49:00,4687.85,4688.85,4686.0,4687.0,146
2024-06-03 10:50:00,4688.85,4690.4,4687.0,4687.0,231
2024-06-03 10:51:00,4687.0,4688.5,4684.2,4684.25,1132
2024-06-03 10:52:00,4684.25,4692.15,4684.25,4691.3,1216
2024-06-03 10:53:00,4691.85,4691.85,4688.35,4688.45,365
2024-06-03 10:54:00,4690.0,4690.0,4687.35,4689.45,292
2024-06-03 10:55:00,4689.4,4691.0,4687.0,4687.0,931
2024-06-03 10:56:00,4687.0,4689.35,4685.0,4685.8,366
2024-06-03 10:57:00,4685.8,4689.55,4685.8,4685.85,315
2024-06-03 10:58:00,4686.1,4686.1,4677.0,4677.0,1539
2024-06-03 10:59:00,4677.0,4679.35,4676.0,4677.55,982
2024-06-03 11:00:00,4679.0,4679.0,4675.45,4675.45,1754
2024-06-03 11:01:00,4675.45,4679.9,4675.45,4675.45,641
2024-06-03 11:02:00,4675.05,4677.0,4675.0,4675.15,1159
2024-06-03 11:03:00,4675.05,4676.95,4672.15,4673.15,2917
2024-06-03 11:04:00,4676.85,4676.85,4671.7,4671.7,1655
2024-06-03 11:05:00,4671.7,4671.7,4663.0,4666.65,5225
2024-06-03 11:06:00,4668.35,4670.5,4666.65,4668.5,1766
2024-06-03 11:07:00,4667.5,4671.5,4667.5,4671.35,1927
2024-06-03 11:08:00,4671.35,4675.8,4670.5,4670.7,1431
2024-06-03 11:09:00,4670.7,4671.5,4670.0,4670.85,729
2024-06-03 11:10:00,4671.3,4678.0,4671.3,4675.0,1414
2024-06-03 11:11:00,4675.0,4675.0,4671.05,4672.1,1849
2024-06-03 11:12:00,4672.1,4679.3,4671.6,4675.6,2551
2024-06-03 11:13:00,4675.6,4677.05,4673.2,4677.05,604
2024-06-03 11:14:00,4677.05,4680.0,4674.15,4677.55,1017
2024-06-03 11:15:00,4677.55,4683.35,4675.35,4676.05,2468
2024-06-03 11:16:00,4676.05,4679.95,4675.2,4676.05,1145
2024-06-03 11:17:00,4676.05,4676.05,4665.2,4665.3,3852
2024-06-03 11:18:00,4665.3,4669.85,4664.0,4668.25,1098
2024-06-03 11:19:00,4668.25,4675.0,4667.9,4669.35,482
2024-06-03 11:20:00,4668.65,4671.0,4668.25,4670.0,1477
2024-06-03 11:21:00,4670.0,4675.95,4669.1,4671.7,3019
2024-06-03 11:22:00,4673.4,4673.4,4670.0,4670.8,462
2024-06-03 11:23:00,4670.8,4673.1,4669.0,4669.1,389
2024-06-03 11:24:00,4669.1,4672.6,4668.95,4671.25,1020
2024-06-03 11:25:00,4671.25,4673.95,4670.7,4672.1,587
2024-06-03 11:26:00,4672.1,4675.8,4669.05,4670.0,1773
2024-06-03 11:27:00,4670.0,4675.3,4669.15,4674.5,1379
2024-06-03 11:28:00,4672.75,4674.7,4670.15,4670.15,636
2024-06-03 11:29:00,4670.15,4673.35,4670.0,4673.1,308
2024-06-03 11:30:00,4671.1,4673.15,4670.05,4670.1,215
2024-06-03 11:31:00,4671.65,4674.3,4670.0,4671.3,630
2024-06-03 11:32:00,4671.3,4674.65,4670.45,4671.6,327
2024-06-03 11:33:00,4671.6,4674.0,4669.0,4669.0,1025
2024-06-03 11:34:00,4669.0,4669.0,4665.0,4665.9,844
2024-06-03 11:35:00,4665.0,4668.45,4665.0,4667.45,514
2024-06-03 11:36:00,4666.95,4670.0,4666.0,4666.0,417
2024-06-03 11:37:00,4665.5,4665.5,4662.5,4662.75,790
2024-06-03 11:38:00,4662.4,4671.7,4661.4,4667.95,510
2024-06-03 11:39:00,4667.95,4672.0,4667.05,4671.8,311
2024-06-03 11:40:00,4671.8,4677.05,4671.8,4673.0,3201
2024-06-03 11:41:00,4674.3,4676.2,4670.55,4671.15,1144
2024-06-03 11:42:00,4672.45,4676.9,4671.6,4672.85,1094
2024-06-03 11:43:00,4672.85,4679.4,4672.85,4676.3,1278
2024-06-03 11:44:00,4679.0,4681.0,4676.3,4679.9,1093
2024-06-03 11:45:00,4679.9,4683.95,4678.7,4680.5,889
2024-06-03 11:46:00,4680.5,4680.8,4675.7,4676.6,1868
2024-06-03 11:47:00,4676.6,4680.55,4675.05,4676.95,670
2024-06-03 11:48:00,4676.95,4677.1,4675.3,4675.3,274
2024-06-03 11:49:00,4675.3,4679.3,4675.3,4676.8,368
2024-06-03 11:50:00,4676.7,4679.3,4676.1,4677.45,551
2024-06-03 11:51:00,4677.45,4683.0,4677.45,4679.75,1065
2024-06-03 11:52:00,4679.75,4680.45,4679.0,4679.0,77
2024-06-03 11:53:00,4679.0,4684.45,4679.0,4681.5,1429
2024-06-03 11:54:00,4681.5,4683.7,4681.0,4681.0,463
2024-06-03 11:55:00,4681.0,4685.95,4681.0,4684.85,671
2024-06-03 11:56:00,4685.0,4687.5,4684.85,4685.0,482
2024-06-03 11:57:00,4685.0,4685.0,4681.1,4683.3,606
2024-06-03 11:58:00,4683.3,4686.7,4681.25,4683.8,945
2024-06-03 11:59:00,4682.15,4684.15,4682.15,4682.5,117
2024-06-03 12:00:00,4682.5,4683.85,4682.5,4682.5,151
2024-06-03 12:01:00,4682.5,4683.8,4680.0,4681.85,292
2024-06-03 12:02:00,4680.05,4682.85,4679.3,4679.3,369
2024-06-03 12:03:00,4679.3,4679.3,4674.05,4674.5,1231
2024-06-03 12:04:00,4674.5,4678.45,4674.5,4678.45,174
2024-06-03 12:05:00,4678.45,4687.0,4678.35,4686.95,696
2024-06-03 12:06:00,4683.5,4685.65,4683.25,4684.0,544
2024-06-03 12:07:00,4684.0,4685.55,4683.45,4684.0,584
2024-06-03 12:08:00,4684.0,4685.0,4683.3,4684.5,251
2024-06-03 12:09:00,4684.5,4684.7,4684.45,4684.5,206
2024-06-03 12:10:00,4684.5,4686.35,4683.05,4683.25,189
2024-06-03 12:11:00,4683.25,4683.7,4678.0,4678.05,906
2024-06-03 12:12:00,4679.7,4681.45,4677.15,4677.6,691
2024-06-03 12:13:00,4677.15,4682.45,4677.15,4679.75,359
2024-06-03 12:14:00,4679.75,4683.2,4678.2,4678.85,350
2024-06-03 12:15:00,4678.85,4681.05,4678.0,4678.1,137
2024-06-03 12:16:00,4678.1,4682.25,4678.0,4678.95,368
2024-06-03 12:17:00,4678.95,4682.6,4678.0,4680.2,255
2024-06-03 12:18:00,4680.2,4684.0,4680.2,4681.05,166
2024-06-03 12:19:00,4681.05,4683.6,4681.05,4681.2,319
2024-06-03 12:20:00,4681.2,4682.95,4680.0,4681.0,464
2024-06-03 12:21:00,4681.0,4682.65,4680.0,4680.0,321
2024-06-03 12:22:00,4680.0,4685.75,4679.85,4685.65,459
2024-06-03 12:23:00,4685.0,4685.0,4683.0,4685.0,188
2024-06-03 12:24:00,4685.0,4685.0,4680.45,4680.8,237
2024-06-03 12:25:00,4680.8,4685.0,4680.8,4685.0,199
2024-06-03 12:26:00,4684.05,4685.8,4680.0,4681.9,719
2024-06-03 12:27:00,4680.0,4683.2,4680.0,4682.15,335
2024-06-03 12:28:00,4682.15,4683.0,4680.0,4682.5,142
2024-06-03 12:29:00,4682.5,4684.1,4680.3,4683.4,152
2024-06-03 12:30:00,4683.35,4683.35,4680.3,4680.5,172
2024-06-03 12:31:00,4680.5,4680.5,4675.6,4676.65,1067
2024-06-03 12:32:00,4676.0,4676.65,4667.0,4668.75,4674
2024-06-03 12:33:00,4668.75,4674.7,4668.0,4669.9,1098
2024-06-03 12:34:00,4669.9,4671.0,4668.0,4670.0,247
2024-06-03 12:35:00,4669.5,4673.6,4669.5,4673.6,457
2024-06-03 12:36:00,4673.6,4677.1,4671.0,4672.55,402
2024-06-03 12:37:00,4672.55,4674.95,4671.15,4674.35,207
2024-06-03 12:38:00,4674.35,4675.0,4669.2,4669.2,1233
2024-06-03 12:39:00,4670.4,4670.4,4666.0,4666.2,1159
2024-06-03 12:40:00,4666.2,4669.55,4665.25,4665.55,361
2024-06-03 12:41:00,4665.55,4667.45,4665.05,4666.95,142
2024-06-03 12:42:00,4668.7,4668.7,4665.1,4665.1,187
2024-06-03 12:43:00,4665.1,4668.0,4665.05,4668.0,189
2024-06-03 12:44:00,4668.0,4668.7,4666.0,4668.65,253
2024-06-03 12:45:00,4668.65,4669.5,4665.0,4665.05,1069
2024-06-03 12:46:00,4665.05,4668.65,4664.1,4665.0,1009
2024-06-03 12:47:00,4665.0,4667.0,4664.1,4667.0,184
2024-06-03 12:48:00,4665.1,4667.0,4662.05,4662.05,712
2024-06-03 12:49:00,4662.0,4663.95,4660.95,4663.95,1298
2024-06-03 12:50:00,4661.7,4663.95,4660.5,4661.35,328
2024-06-03 12:51:00,4661.35,4665.0,4661.0,4662.8,242
2024-06-03 12:52:00,4662.05,4662.75,4661.3,4661.3,301
2024-06-03 12:53:00,4663.45,4663.5,4660.05,4660.05,1149
2024-06-03 12:54:00,4660.95,4661.0,4651.0,4651.0,3126
2024-06-03 12:55:00,4651.0,4655.65,4651.0,4654.9,976
2024-06-03 12:56:00,4654.95,4657.0,4653.75,4655.05,1664
2024-06-03 12:57:00,4657.0,4659.8,4655.05,4659.8,771
2024-06-03 12:58:00,4659.8,4659.8,4656.15,4657.95,236
2024-06-03 12:59:00,4657.95,4658.0,4656.15,4656.6,231
2024-06-03 13:00:00,4657.75,4659.4,4656.6,4657.0,217
2024-06-03 13:01:00,4657.0,4659.05,4655.0,4655.0,531
2024-06-03 13:02:00,4655.0,4656.0,4653.75,4654.0,469
2024-06-03 13:03:00,4653.95,4655.0,4653.0,4653.95,224
2024-06-03 13:04:00,4655.0,4657.15,4653.85,4655.0,213
2024-06-03 13:05:00,4655.0,4657.1,4655.0,4656.0,147
2024-06-03 13:06:00,4655.0,4658.3,4652.0,4652.45,1459
2024-06-03 13:07:00,4652.05,4656.7,4651.65,4656.7,723
2024-06-03 13:08:00,4656.7,4660.15,4656.4,4659.85,445
2024-06-03 13:09:00,4658.0,4661.0,4658.0,4660.8,328
2024-06-03 13:10:00,4660.0,4660.95,4659.0,4660.05,307
2024-06-03 13:11:00,4660.05,4660.95,4659.0,4659.2,251
2024-06-03 13:12:00,4659.05,4661.2,4659.05,4661.2,296
2024-06-03 13:13:00,4661.2,4663.8,4660.0,4661.0,965
2024-06-03 13:14:00,4661.1,4661.95,4660.0,4661.0,382
2024-06-03 13:15:00,4661.0,4662.7,4660.25,4660.25,369
2024-06-03 13:16:00,4660.25,4660.65,4659.4,4659.45,207
2024-06-03 13:17:00,4659.95,4662.0,4659.4,4661.8,475
2024-06-03 13:18:00,4661.8,4663.2,4660.7,4662.2,106
2024-06-03 13:19:00,4662.2,4662.2,4659.0,4659.1,654
2024-06-03 13:20:00,4659.1,4661.15,4658.15,4659.0,190
2024-06-03 13:21:00,4659.0,4662.45,4657.4,4662.45,371
2024-06-03 13:22:00,4662.95,4664.0,4660.85,4664.0,309
2024-06-03 13:23:00,4664.0,4666.0,4661.55,4665.0,2088
2024-06-03 13:24:00,4663.55,4665.0,4663.15,4663.9,229
2024-06-03 13:25:00,4663.9,4667.45,4663.9,4664.75,360
2024-06-03 13:26:00,4664.75,4668.0,4664.75,4667.75,215
2024-06-03 13:27:00,4667.75,4668.0,4665.2,4667.75,384
2024-06-03 13:28:00,4667.75,4667.95,4660.15,4662.3,795
2024-06-03 13:29:00,4660.1,4664.4,4660.0,4661.35,324
2024-06-03 13:30:00,4661.35,4666.95,4661.35,4665.85,196
2024-06-03 13:31:00,4666.2,4666.2,4661.1,4665.1,656
2024-06-03 13:32:00,4665.1,4666.6,4659.45,4659.9,404
2024-06-03 13:33:00,4659.45,4663.25,4657.4,4663.25,364
2024-06-03 13:34:00,4663.25,4665.4,4661.95,4665.0,230
2024-06-03 13:35:00,4665.0,4665.0,4662.3,4664.45,80
2024-06-03 13:36:00,4662.85,4665.0,4662.1,4664.15,119
2024-06-03 13:37:00,4664.15,4664.45,4662.5,4664.0,155
2024-06-03 13:38:00,4664.0,4664.3,4658.0,4658.0,668
2024-06-03 13:39:00,4658.0,4659.05,4654.5,4655.0,1004
2024-06-03 13:40:00,4655.0,4657.05,4654.0,4654.95,609
2024-06-03 13:41:00,4654.05,4656.4,4651.5,4656.4,754
2024-06-03 13:42:00,4653.05,4657.2,4653.05,4655.0,251
2024-06-03 13:43:00,4655.0,4659.35,4655.0,4659.35,587
2024-06-03 13:44:00,4659.85,4662.4,4658.75,4660.05,578
2024-06-03 13:45:00,4660.05,4664.3,4660.05,4662.4,265
2024-06-03 13:46:00,4662.4,4664.3,4660.0,4664.0,327
2024-06-03 13:47:00,4664.0,4664.0,4662.1,4664.0,263
2024-06-03 13:48:00,4664.0,4665.0,4662.1,4665.0,369
2024-06-03 13:49:00,4665.0,4665.0,4662.75,4664.7,250
2024-06-03 13:50:00,4664.7,4665.0,4662.1,4663.05,362
2024-06-03 13:51:00,4663.05,4664.8,4663.0,4663.05,120
2024-06-03 13:52:00,4664.0,4664.0,4662.0,4662.15,421
2024-06-03 13:53:00,4662.15,4664.8,4660.95,4662.6,205
2024-06-03 13:54:00,4662.6,4665.0,4662.05,4664.9,274
2024-06-03 13:55:00,4664.15,4668.25,4663.65,4663.65,935
2024-06-03 13:56:00,4663.65,4665.85,4663.65,4665.6,193
2024-06-03 13:57:00,4665.6,4665.6,4664.0,4664.2,184
2024-06-03 13:58:00,4665.0,4667.55,4664.5,4667.55,172
2024-06-03 13:59:00,4667.55,4670.0,4666.45,4670.0,264
2024-06-03 14:00:00,4670.0,4673.9,4669.0,4671.65,2038
2024-06-03 14:01:00,4671.65,4673.1,4670.0,4673.1,354
2024-06-03 14:02:00,4673.1,4673.1,4669.05,4672.45,215
2024-06-03 14:03:00,4672.45,4673.1,4668.0,4672.95,496
2024-06-03 14:04:00,4672.95,4673.9,4670.0,4673.9,539
2024-06-03 14:05:00,4673.05,4673.85,4670.0,4671.25,309
2024-06-03 14:06:00,4671.25,4672.45,4667.0,4669.3,290
2024-06-03 14:07:00,4672.4,4673.0,4668.85,4672.8,455
2024-06-03 14:08:00,4672.8,4674.95,4672.35,4674.45,694
2024-06-03 14:09:00,4674.5,4674.5,4671.5,4673.9,168
2024-06-03 14:10:00,4673.95,4673.95,4670.0,4672.4,206
2024-06-03 14:11:00,4672.45,4673.7,4670.0,4671.45,204
2024-06-03 14:12:00,4670.0,4671.5,4667.4,4667.4,278
2024-06-03 14:13:00,4667.4,4668.55,4665.2,4665.2,227
2024-06-03 14:14:00,4665.2,4667.0,4664.5,4664.95,364
2024-06-03 14:15:00,4666.4,4667.0,4664.05,4665.0,305
2024-06-03 14:16:00,4666.45,4667.0,4665.0,4665.4,379
2024-06-03 14:17:00,4667.0,4667.0,4665.0,4666.9,216
2024-06-03 14:18:00,4666.9,4667.0,4665.0,4666.4,354
2024-06-03 14:19:00,4666.4,4666.4,4660.7,4663.0,1223
2024-06-03 14:20:00,4662.95,4665.15,4661.1,4665.05,186
2024-06-03 14:21:00,4665.05,4666.95,4663.0,4663.45,248
2024-06-03 14:22:00,4663.45,4667.0,4663.45,4666.9,250
2024-06-03 14:23:00,4666.9,4667.0,4663.65,4666.0,155
2024-06-03 14:24:00,4666.0,4667.0,4664.5,4665.95,280
2024-06-03 14:25:00,4665.95,4666.2,4661.0,4663.0,479
2024-06-03 14:26:00,4663.0,4663.0,4660.0,4660.05,1084
2024-06-03 14:27:00,4660.0,4661.65,4656.9,4657.0,931
2024-06-03 14:28:00,4658.75,4659.0,4657.0,4657.0,438
2024-06-03 14:29:00,4657.0,4659.0,4657.0,4659.0,151
2024-06-03 14:30:00,4659.0,4659.0,4655.0,4658.0,828
2024-06-03 14:31:00,4658.0,4662.0,4656.1,4660.9,205
2024-06-03 14:32:00,4660.9,4662.0,4659.2,4660.0,451
2024-06-03 14:33:00,4660.0,4662.0,4657.95,4658.0,616
2024-06-03 14:34:00,4658.0,4660.4,4658.0,4660.0,311
2024-06-03 14:35:00,4660.0,4662.0,4658.4,4661.45,234
2024-06-03 14:36:00,4661.45,4662.0,4659.15,4660.0,752
2024-06-03 14:37:00,4660.0,4661.45,4659.0,4659.9,370
2024-06-03 14:38:00,4659.9,4660.35,4658.05,4660.1,244
2024-06-03 14:39:00,4660.1,4660.75,4658.0,4660.0,420
2024-06-03 14:40:00,4659.0,4660.0,4658.0,4658.05,313
2024-06-03 14:41:00,4659.0,4660.0,4658.05,4660.0,351
2024-06-03 14:42:00,4659.0,4660.05,4656.95,4656.95,1082
2024-06-03 14:43:00,4656.6,4661.0,4655.55,4661.0,376
2024-06-03 14:44:00,4661.0,4661.0,4657.0,4657.65,274
2024-06-03 14:45:00,4657.75,4658.75,4656.0,4657.0,349
2024-06-03 14:46:00,4657.0,4657.75,4656.05,4657.75,936
2024-06-03 14:47:00,4657.0,4657.7,4655.5,4656.0,1596
2024-06-03 14:48:00,4655.0,4656.0,4653.0,4654.0,819
2024-06-03 14:49:00,4654.0,4654.5,4653.05,4654.0,310
2024-06-03 14:50:00,4654.0,4656.25,4653.05,4655.4,572
2024-06-03 14:51:00,4655.35,4658.35,4653.3,4658.35,297
2024-06-03 14:52:00,4658.35,4658.7,4654.0,4657.5,453
2024-06-03 14:53:00,4657.5,4659.8,4655.45,4656.35,645
2024-06-03 14:54:00,4656.35,4658.8,4656.3,4658.65,450
2024-06-03 14:55:00,4657.0,4658.6,4655.75,4658.55,288
2024-06-03 14:56:00,4656.3,4660.0,4656.2,4658.7,1000
2024-06-03 14:57:00,4658.75,4661.0,4658.7,4660.9,395
2024-06-03 14:58:00,4660.95,4661.0,4658.05,4659.0,470
2024-06-03 14:59:00,4660.0,4660.3,4655.4,4655.9,821
2024-06-03 15:00:00,4655.95,4656.15,4653.05,4653.1,1277
2024-06-03 15:01:00,4653.45,4657.15,4650.0,4654.45,6244
2024-06-03 15:02:00,4653.0,4656.2,4651.9,4656.2,1149
2024-06-03 15:03:00,4656.15,4656.95,4655.05,4655.75,586
2024-06-03 15:04:00,4655.8,4657.0,4653.15,4655.0,1257
2024-06-03 15:05:00,4655.0,4656.4,4648.05,4648.05,9797
2024-06-03 15:06:00,4649.6,4652.1,4647.0,4647.0,4627
2024-06-03 15:07:00,4647.55,4652.45,4647.55,4649.65,1685
2024-06-03 15:08:00,4649.95,4650.0,4648.5,4650.0,3000
2024-06-03 15:09:00,4650.0,4651.0,4649.1,4649.95,2232
2024-06-03 15:10:00,4649.95,4650.05,4645.9,4648.3,2608
2024-06-03 15:11:00,4648.3,4649.35,4645.4,4649.35,1766
2024-06-03 15:12:00,4649.35,4650.25,4646.85,4647.15,4401
2024-06-03 15:13:00,4647.25,4649.6,4645.05,4648.2,1938
2024-06-03 15:14:00,4648.7,4650.45,4648.2,4649.0,4106
2024-06-03 15:15:00,4649.0,4651.9,4648.3,4649.15,8704
2024-06-03 15:16:00,4649.15,4654.15,4646.05,4649.35,9763
2024-06-03 15:17:00,4649.35,4650.0,4646.6,4649.55,5450
2024-06-03 15:18:00,4649.55,4650.0,4646.85,4647.95,3587
2024-06-03 15:19:00,4648.25,4649.85,4646.2,4647.05,3449
2024-06-03 15:20:00,4646.4,4649.5,4645.55,4645.75,3876
2024-06-03 15:21:00,4645.75,4649.75,4645.75,4648.9,2055
2024-06-03 15:22:00,4649.15,4649.4,4648.2,4648.8,1630
2024-06-03 15:23:00,4648.8,4650.0,4648.5,4649.8,1697
2024-06-03 15:24:00,4649.9,4649.9,4646.85,4647.0,3313
2024-06-03 15:25:00,4647.35,4647.55,4646.1,4647.1,1269
2024-06-03 15:26:00,4647.5,4649.0,4646.2,4649.0,2372
2024-06-03 15:27:00,4648.0,4650.0,4646.0,4649.9,2287
2024-06-03 15:28:00,4649.9,4654.0,4648.0,4650.0,3717
2024-06-03 15:29:00,4650.0,4650.15,4639.8,4649.4,9523
2024-06-04 09:15:00,4649.5,4650.0,4567.85,4590.7,8818
2024-06-04 09:16:00,4593.55,4608.25,4591.15,4599.95,8800
2024-06-04 09:17:00,4600.0,4625.9,4591.4,4591.5,9470
2024-06-04 09:18:00,4591.5,4604.5,4581.45,4581.45,6114
2024-06-04 09:19:00,4581.0,4586.7,4575.5,4586.7,4074
2024-06-04 09:20:00,4587.2,4592.95,4566.0,4570.85,3143
2024-06-04 09:21:00,4570.3,4575.55,4566.0,4570.5,2372
2024-06-04 09:22:00,4568.8,4570.4,4556.2,4565.95,3465
2024-06-04 09:23:00,4563.6,4575.0,4563.0,4563.0,1646
2024-06-04 09:24:00,4564.65,4592.5,4560.9,4566.65,3099
2024-06-04 09:25:00,4566.05,4566.65,4541.0,4552.0,6694
2024-06-04 09:26:00,4552.7,4564.1,4552.35,4553.35,1489
2024-06-04 09:27:00,4552.7,4561.65,4552.7,4561.65,820
2024-06-04 09:28:00,4563.85,4563.85,4558.85,4561.0,880
2024-06-04 09:29:00,4560.0,4565.9,4540.05,4540.05,3837
2024-06-04 09:30:00,4541.8,4542.65,4519.0,4519.0,3431
2024-06-04 09:31:00,4518.5,4529.65,4513.55,4522.1,2022
2024-06-04 09:32:00,4522.9,4532.8,4522.0,4529.85,1530
2024-06-04 09:33:00,4525.0,4548.0,4524.15,4547.6,3095
2024-06-04 09:34:00,4549.55,4561.05,4548.0,4550.95,2918
2024-06-04 09:35:00,4552.35,4553.4,4535.7,4542.1,1489
2024-06-04 09:36:00,4546.25,4573.0,4546.25,4573.0,1921
2024-06-04 09:37:00,4571.1,4574.6,4557.4,4572.05,1350
2024-06-04 09:38:00,4574.6,4574.6,4558.4,4561.15,1198
2024-06-04 09:39:00,4563.55,4565.0,4557.25,4560.25,1600
2024-06-04 09:40:00,4560.25,4568.95,4559.2,4559.2,781
2024-06-04 09:41:00,4559.1,4576.95,4559.1,4576.95,2251
2024-06-04 09:42:00,4576.9,4578.5,4570.1,4573.0,1483
2024-06-04 09:43:00,4572.05,4588.0,4572.05,4582.6,1324
2024-06-04 09:44:00,4581.15,4583.9,4575.0,4580.8,1819
2024-06-04 09:45:00,4580.8,4598.55,4576.25,4592.45,1526
2024-06-04 09:46:00,4594.5,4599.9,4592.3,4597.0,2638
2024-06-04 09:47:00,4597.75,4609.95,4595.4,4601.75,7533
2024-06-04 09:48:00,4603.45,4610.0,4600.35,4604.7,1165
2024-06-04 09:49:00,4604.35,4606.7,4592.8,4597.0,4012
2024-06-04 09:50:00,4596.3,4598.5,4587.6,4598.3,948
2024-06-04 09:51:00,4598.3,4601.0,4594.85,4601.0,511
2024-06-04 09:52:00,4601.85,4605.0,4597.55,4601.5,852
2024-06-04 09:53:00,4601.5,4605.0,4600.0,4600.0,522
2024-06-04 09:54:00,4601.55,4607.1,4600.8,4601.35,819
2024-06-04 09:55:00,4601.35,4607.0,4601.1,4604.05,1007
2024-06-04 09:56:00,4604.9,4617.7,4602.55,4607.4,2161
2024-06-04 09:57:00,4607.4,4608.45,4596.0,4596.0,1473
2024-06-04 09:58:00,4596.0,4601.95,4592.05,4600.65,499
2024-06-04 09:59:00,4598.0,4602.55,4592.6,4594.65,987
2024-06-04 10:00:00,4594.65,4596.0,4586.0,4587.15,841
2024-06-04 10:01:00,4586.3,4589.5,4581.05,4581.15,821
2024-06-04 10:02:00,4583.85,4599.4,4581.0,4597.85,661
2024-06-04 10:03:00,4597.85,4599.45,4590.35,4592.25,988
2024-06-04 10:04:00,4592.25,4595.05,4581.45,4585.3,713
2024-06-04 10:05:00,4585.3,4589.85,4582.0,4588.7,592
2024-06-04 10:06:00,4587.95,4602.4,4587.2,4602.25,268
2024-06-04 10:07:00,4602.4,4605.0,4599.85,4603.1,1525
2024-06-04 10:08:00,4599.95,4603.55,4592.05,4602.8,1783
2024-06-04 10:09:00,4602.8,4604.75,4596.15,4596.15,836
2024-06-04 10:10:00,4597.3,4603.45,4596.0,4603.35,632
2024-06-04 10:11:00,4603.35,4603.35,4595.0,4597.85,554
2024-06-04 10:12:00,4597.85,4600.2,4592.0,4594.3,1676
2024-06-04 10:13:00,4596.65,4604.0,4596.65,4603.95,502
2024-06-04 10:14:00,4604.0,4609.85,4601.85,4607.15,757
2024-06-04 10:15:00,4607.15,4609.75,4605.15,4606.85,523
2024-06-04 10:16:00,4606.85,4613.95,4605.15,4607.9,712
2024-06-04 10:17:00,4607.9,4614.0,4605.85,4614.0,344
2024-06-04 10:18:00,4614.0,4614.0,4606.05,4606.05,447
2024-06-04 10:19:00,4607.35,4607.35,4600.35,4603.15,564
2024-06-04 10:20:00,4602.4,4608.45,4600.2,4600.2,1059
2024-06-04 10:21:00,4600.0,4604.6,4598.1,4601.35,2094
2024-06-04 10:22:00,4601.35,4611.85,4601.35,4610.15,2069
2024-06-04 10:23:00,4610.15,4617.95,4606.85,4617.95,1121
2024-06-04 10:24:00,4617.95,4622.0,4615.7,4622.0,3716
2024-06-04 10:25:00,4625.0,4633.0,4624.95,4630.2,1319
2024-06-04 10:26:00,4629.9,4633.7,4620.65,4620.65,1815
2024-06-04 10:27:00,4621.05,4622.55,4616.05,4621.0,649
2024-06-04 10:28:00,4621.0,4627.6,4620.85,4622.35,924
2024-06-04 10:29:00,4622.35,4628.0,4620.45,4622.05,472
2024-06-04 10:30:00,4623.15,4625.95,4611.1,4613.05,384
2024-06-04 10:31:00,4615.45,4617.95,4611.25,4613.5,918
2024-06-04 10:32:00,4613.55,4622.7,4613.25,4617.25,665
2024-06-04 10:33:00,4618.3,4618.3,4612.45,4612.45,403
2024-06-04 10:34:00,4612.45,4613.15,4605.0,4605.0,1621
2024-06-04 10:35:00,4605.7,4613.35,4605.7,4613.35,146
2024-06-04 10:36:00,4613.35,4617.9,4609.95,4615.45,166
2024-06-04 10:37:00,4614.75,4619.7,4614.6,4619.65,477
2024-06-04 10:38:00,4619.65,4622.0,4616.0,4619.6,308
2024-06-04 10:39:00,4619.45,4619.7,4615.0,4617.3,119
2024-06-04 10:40:00,4617.35,4620.75,4614.55,4617.85,298
2024-06-04 10:41:00,4619.25,4619.25,4610.3,4610.3,199
2024-06-04 10:42:00,4610.3,4615.0,4610.3,4614.0,904
2024-06-04 10:43:00,4614.0,4619.9,4613.1,4617.0,8126
2024-06-04 10:44:00,4615.0,4616.45,4605.45,4612.05,9569
2024-06-04 10:45:00,4612.05,4612.85,4608.85,4610.6,1538
2024-06-04 10:46:00,4610.6,4613.0,4603.3,4605.05,620
2024-06-04 10:47:00,4607.85,4609.5,4605.0,4606.15,2014
2024-06-04 10:48:00,4609.55,4619.95,4609.4,4619.95,949
2024-06-04 10:49:00,4619.95,4620.0,4615.65,4616.3,628
2024-06-04 10:50:00,4615.0,4616.7,4614.05,4615.0,822
2024-06-04 10:51:00,4615.0,4616.4,4609.7,4609.7,3211
2024-06-04 10:52:00,4609.0,4609.0,4605.0,4605.05,1292
2024-06-04 10:53:00,4605.05,4605.15,4605.0,4605.0,1009
2024-06-04 10:54:00,4605.0,4605.1,4605.0,4605.0,10653
2024-06-04 10:55:00,4605.0,4605.0,4563.15,4565.85,10718
2024-06-04 10:56:00,4565.85,4578.25,4555.85,4575.0,10337
2024-06-04 10:57:00,4575.0,4602.95,4575.0,4597.8,3987
2024-06-04 10:58:00,4597.75,4602.8,4591.6,4591.75,1307
2024-06-04 10:59:00,4591.75,4594.9,4587.75,4588.1,585
2024-06-04 11:00:00,4588.6,4592.95,4587.8,4588.45,804
2024-06-04 11:01:00,4588.0,4595.9,4585.0,4591.05,4604
2024-06-04 11:02:00,4591.05,4599.9,4590.4,4597.7,2240
2024-06-04 11:03:00,4598.6,4607.85,4596.1,4596.1,1199
2024-06-04 11:04:00,4595.65,4598.55,4595.0,4595.6,736
2024-06-04 11:05:00,4595.3,4597.85,4595.0,4595.0,1985
2024-06-04 11:06:00,4595.05,4595.45,4595.0,4595.05,2606
2024-06-04 11:07:00,4595.0,4595.05,4585.0,4585.0,8686
2024-06-04 11:08:00,4585.0,4585.3,4585.0,4585.0,7341
2024-06-04 11:09:00,4585.3,4593.4,4585.0,4592.0,6742
2024-06-04 11:10:00,4591.4,4606.75,4590.05,4595.85,3069
2024-06-04 11:11:00,4595.85,4598.0,4595.0,4596.6,9746
2024-06-04 11:12:00,4596.25,4596.6,4595.0,4595.0,3147
2024-06-04 11:13:00,4595.05,4601.0,4595.0,4600.0,2250
2024-06-04 11:14:00,4601.1,4601.1,4589.9,4600.0,7206
2024-06-04 11:15:00,4600.0,4601.5,4591.9,4595.25,1623
2024-06-04 11:16:00,4595.25,4601.9,4591.65,4600.0,3816
2024-06-04 11:17:00,4600.0,4606.9,4600.0,4606.9,561
2024-06-04 11:18:00,4605.4,4612.35,4605.4,4605.45,1296
2024-06-04 11:19:00,4605.45,4607.7,4600.0,4602.0,1043
2024-06-04 11:20:00,4602.6,4618.0,4602.6,4617.1,1558
2024-06-04 11:21:00,4618.0,4618.0,4600.9,4601.4,1087
2024-06-04 11:22:00,4601.4,4609.7,4600.9,4607.2,528
2024-06-04 11:23:00,4608.35,4617.8,4607.65,4613.8,1813
2024-06-04 11:24:00,4614.3,4624.15,4613.6,4624.15,3262
2024-06-04 11:25:00,4621.85,4621.85,4613.55,4615.55,817
2024-06-04 11:26:00,4615.55,4622.0,4612.55,4617.05,1264
2024-06-04 11:27:00,4615.95,4620.7,4607.55,4613.45,2696
2024-06-04 11:28:00,4609.15,4620.95,4607.75,4617.0,1357
2024-06-04 11:29:00,4617.0,4621.0,4614.55,4617.9,2584
2024-06-04 11:30:00,4617.9,4619.25,4609.9,4614.05,4022
2024-06-04 11:31:00,4614.25,4621.0,4606.2,4608.25,1222
2024-06-04 11:32:00,4608.25,4612.45,4605.1,4610.9,1066
2024-06-04 11:33:00,4610.9,4631.9,4608.8,4626.5,2532
2024-06-04 11:34:00,4626.6,4633.45,4617.35,4623.0,1700
2024-06-04 11:35:00,4619.7,4626.25,4606.0,4610.15,2210
2024-06-04 11:36:00,4610.15,4617.9,4605.4,4617.9,617
2024-06-04 11:37:00,4617.9,4620.8,4614.15,4620.0,274
2024-06-04 11:38:00,4618.8,4627.4,4617.85,4619.05,1690
2024-06-04 11:39:00,4618.85,4625.8,4617.35,4621.75,969
2024-06-04 11:40:00,4621.75,4623.95,4601.85,4605.3,1720
2024-06-04 11:41:00,4605.3,4610.1,4601.6,4606.25,411
2024-06-04 11:42:00,4605.15,4606.65,4600.0,4602.5,1591
2024-06-04 11:43:00,4602.5,4616.25,4602.5,4613.6,384
2024-06-04 11:44:00,4613.2,4616.85,4606.05,4610.05,663
2024-06-04 11:45:00,4610.05,4615.95,4609.7,4611.4,534
2024-06-04 11:46:00,4611.4,4615.0,4607.55,4612.0,423
2024-06-04 11:47:00,4612.0,4624.35,4612.0,4624.35,701
2024-06-04 11:48:00,4620.85,4625.0,4618.4,4618.8,2954
2024-06-04 11:49:00,4618.8,4623.75,4617.95,4622.85,455
2024-06-04 11:50:00,4622.0,4629.7,4622.0,4623.35,1054
2024-06-04 11:51:00,4622.3,4623.6,4618.0,4623.35,280
2024-06-04 11:52:00,4623.35,4627.65,4621.75,4622.25,464
2024-06-04 11:53:00,4624.6,4624.7,4614.05,4620.45,640
2024-06-04 11:54:00,4618.0,4620.45,4612.45,4614.85,191
2024-06-04 11:55:00,4614.85,4615.55,4610.0,4611.8,348
2024-06-04 11:56:00,4611.8,4611.8,4601.2,4601.2,1045
2024-06-04 11:57:00,4599.1,4606.0,4597.0,4598.65,1574
2024-06-04 11:58:00,4598.2,4601.85,4595.0,4600.0,2832
2024-06-04 11:59:00,4600.0,4602.35,4597.0,4599.75,1401
2024-06-04 12:00:00,4597.0,4605.0,4596.0,4597.1,4014
2024-06-04 12:01:00,4597.0,4597.1,4594.0,4594.0,3551
2024-06-04 12:02:00,4594.05,4594.05,4590.0,4590.0,2963
2024-06-04 12:03:00,4585.75,4597.4,4585.0,4590.9,7187
2024-06-04 12:04:00,4590.0,4606.25,4588.45,4595.0,1962
2024-06-04 12:05:00,4595.0,4597.45,4590.0,4590.0,1032
2024-06-04 12:06:00,4591.6,4591.65,4585.0,4585.0,6215
2024-06-04 12:07:00,4585.0,4591.8,4584.8,4590.0,4183
2024-06-04 12:08:00,4590.0,4591.1,4590.0,4590.0,6303
2024-06-04 12:09:00,4590.0,4590.05,4578.0,4584.3,5624
2024-06-04 12:10:00,4584.2,4589.4,4580.7,4585.0,3169
2024-06-04 12:11:00,4585.0,4585.05,4575.0,4575.0,7243
2024-06-04 12:12:00,4575.0,4584.8,4575.0,4582.0,3382
2024-06-04 12:13:00,4582.2,4593.65,4581.85,4590.0,2702
2024-06-04 12:14:00,4590.0,4590.0,4570.1,4572.45,6758
2024-06-04 12:15:00,4572.45,4586.95,4571.9,4586.95,2083
2024-06-04 12:16:00,4581.8,4583.5,4580.0,4580.1,12415
2024-06-04 12:17:00,4580.1,4595.0,4580.1,4594.05,4075
2024-06-04 12:18:00,4590.0,4599.95,4590.0,4594.9,1757
2024-06-04 12:19:00,4594.9,4594.9,4590.0,4590.0,1702
2024-06-04 12:20:00,4590.0,4593.55,4590.0,4592.65,1063
2024-06-04 12:21:00,4590.0,4591.3,4580.0,4580.0,10215
2024-06-04 12:22:00,4580.0,4582.55,4570.2,4574.55,5462
2024-06-04 12:23:00,4574.55,4574.55,4556.55,4562.75,914
2024-06-04 12:24:00,4561.95,4562.95,4551.7,4560.0,5476
2024-06-04 12:25:00,4560.0,4563.55,4556.9,4560.35,4492
2024-06-04 12:26:00,4560.3,4571.95,4560.0,4570.05,11230
2024-06-04 12:27:00,4570.0,4575.0,4565.0,4570.1,8427
2024-06-04 12:28:00,4570.1,4572.3,4560.05,4566.1,4758
2024-06-04 12:29:00,4562.6,4580.8,4562.6,4577.55,8347
2024-06-04 12:30:00,4577.5,4592.0,4577.5,4588.0,2367
2024-06-04 12:31:00,4588.0,4591.85,4578.45,4582.55,590
2024-06-04 12:32:00,4582.55,4589.7,4578.45,4586.9,1414
2024-06-04 12:33:00,4586.9,4587.75,4578.45,4579.0,860
2024-06-04 12:34:00,4579.0,4589.45,4578.45,4578.5,880
2024-06-04 12:35:00,4582.0,4591.0,4575.0,4590.95,4410
2024-06-04 12:36:00,4590.95,4591.85,4580.65,4585.0,2512
2024-06-04 12:37:00,4585.0,4592.0,4584.3,4589.95,4916
2024-06-04 12:38:00,4589.95,4592.0,4586.15,4588.55,741
2024-06-04 12:39:00,4590.65,4591.9,4586.55,4588.7,663
2024-06-04 12:40:00,4588.7,4593.55,4586.15,4587.05,1911
2024-06-04 12:41:00,4588.45,4598.1,4587.05,4598.1,1657
2024-06-04 12:42:00,4598.1,4605.0,4596.35,4601.1,603
2024-06-04 12:43:00,4601.1,4613.85,4600.05,4608.85,563
2024-06-04 12:44:00,4609.05,4617.55,4606.45,4606.45,465
2024-06-04 12:45:00,4608.65,4614.8,4586.75,4594.35,788
2024-06-04 12:46:00,4594.35,4613.6,4594.3,4611.2,1649
2024-06-04 12:47:00,4611.2,4622.5,4604.6,4622.5,3551
2024-06-04 12:48:00,4622.5,4630.55,4621.3,4630.0,628
2024-06-04 12:49:00,4630.0,4636.0,4621.05,4622.2,962
2024-06-04 12:50:00,4627.75,4631.85,4611.6,4620.65,472
2024-06-04 12:51:00,4620.65,4625.65,4610.85,4618.25,725
2024-06-04 12:52:00,4618.25,4628.75,4614.9,4628.75,886
2024-06-04 12:53:00,4628.75,4637.45,4623.0,4636.5,436
2024-06-04 12:54:00,4636.5,4649.35,4631.55,4641.0,1121
2024-06-04 12:55:00,4642.2,4649.35,4636.9,4645.2,322
2024-06-04 12:56:00,4645.2,4648.65,4633.4,4633.4,887
2024-06-04 12:57:00,4633.4,4643.95,4629.8,4634.05,870
2024-06-04 12:58:00,4634.05,4638.95,4628.1,4637.4,703
2024-06-04 12:59:00,4637.4,4645.0,4637.4,4638.25,463
2024-06-04 13:00:00,4643.65,4643.65,4629.85,4634.6,645
2024-06-04 13:01:00,4634.95,4641.2,4628.0,4641.2,729
2024-06-04 13:02:00,4641.15,4675.15,4640.25,4675.15,4162
2024-06-04 13:03:00,4675.95,4675.95,4659.25,4662.6,1499
2024-06-04 13:04:00,4664.05,4664.05,4640.0,4641.0,690
2024-06-04 13:05:00,4641.0,4645.0,4631.25,4640.05,549
2024-06-04 13:06:00,4640.05,4645.0,4630.5,4641.2,824
2024-06-04 13:07:00,4643.95,4650.75,4639.3,4644.55,502
2024-06-04 13:08:00,4644.55,4651.45,4640.7,4649.2,383
2024-06-04 13:09:00,4649.2,4649.2,4635.05,4635.05,254
2024-06-04 13:10:00,4635.05,4640.95,4635.05,4636.5,175
2024-06-04 13:11:00,4636.5,4640.0,4630.0,4634.0,449
2024-06-04 13:12:00,4634.0,4641.3,4630.15,4640.95,469
2024-06-04 13:13:00,4640.95,4647.95,4634.6,4647.75,463
2024-06-04 13:14:00,4647.95,4655.4,4643.4,4655.4,629
2024-06-04 13:15:00,4658.8,4659.7,4640.05,4640.05,1666
2024-06-04 13:16:00,4645.15,4656.65,4645.0,4651.6,470
2024-06-04 13:17:00,4651.6,4656.4,4646.65,4646.65,1807
2024-06-04 13:18:00,4646.65,4650.95,4630.55,4638.7,1256
2024-06-04 13:19:00,4638.7,4648.9,4633.65,4644.0,651
2024-06-04 13:20:00,4644.0,4655.0,4642.6,4651.6,661
2024-06-04 13:21:00,4656.0,4668.85,4651.7,4656.65,1430
2024-06-04 13:22:00,4656.65,4663.0,4653.55,4659.8,613
2024-06-04 13:23:00,4659.8,4663.4,4652.45,4657.45,560
2024-06-04 13:24:00,4657.45,4659.8,4646.0,4653.5,494
2024-06-04 13:25:00,4653.5,4660.0,4647.55,4660.0,593
2024-06-04 13:26:00,4660.0,4660.0,4647.05,4657.4,1184
2024-06-04 13:27:00,4657.4,4657.4,4641.55,4651.75,2008
2024-06-04 13:28:00,4651.75,4651.75,4635.05,4639.55,547
2024-06-04 13:29:00,4643.95,4654.3,4641.9,4652.2,1042
2024-06-04 13:30:00,4652.2,4653.55,4638.05,4645.55,418
2024-06-04 13:31:00,4645.55,4645.55,4631.3,4632.15,1202
2024-06-04 13:32:00,4632.15,4645.8,4632.15,4643.1,400
2024-06-04 13:33:00,4643.1,4650.0,4641.45,4650.0,888
2024-06-04 13:34:00,4650.0,4655.0,4649.1,4652.95,577
2024-06-04 13:35:00,4655.0,4656.75,4646.05,4649.85,1070
2024-06-04 13:36:00,4650.5,4650.5,4640.0,4640.05,480
2024-06-04 13:37:00,4640.05,4643.9,4618.4,4618.95,1470
2024-06-04 13:38:00,4618.4,4629.85,4614.05,4617.0,779
2024-06-04 13:39:00,4617.0,4621.7,4614.0,4616.0,1128
2024-06-04 13:40:00,4615.0,4620.45,4606.05,4609.5,1388
2024-06-04 13:41:00,4612.3,4612.3,4605.25,4608.7,665
2024-06-04 13:42:00,4608.7,4614.45,4602.1,4610.95,1060
2024-06-04 13:43:00,4612.2,4623.1,4608.1,4621.2,695
2024-06-04 13:44:00,4628.3,4642.4,4628.3,4638.9,792
2024-06-04 13:45:00,4642.75,4645.0,4633.05,4638.0,900
2024-06-04 13:46:00,4638.0,4638.0,4623.95,4630.3,464
2024-06-04 13:47:00,4630.0,4631.05,4621.5,4629.05,790
2024-06-04 13:48:00,4629.95,4629.95,4610.0,4614.85,1005
2024-06-04 13:49:00,4614.6,4633.9,4614.6,4633.9,842
2024-06-04 13:50:00,4633.8,4645.25,4629.15,4643.15,285
2024-06-04 13:51:00,4645.25,4651.05,4644.7,4649.9,519
2024-06-04 13:52:00,4649.9,4649.9,4638.0,4640.0,305
2024-06-04 13:53:00,4641.3,4643.7,4636.6,4637.0,361
2024-06-04 13:54:00,4642.5,4645.7,4633.95,4638.45,324
2024-06-04 13:55:00,4638.45,4640.8,4633.05,4635.1,221
2024-06-04 13:56:00,4635.1,4643.65,4634.45,4638.45,409
2024-06-04 13:57:00,4638.45,4640.95,4633.0,4639.55,1793
2024-06-04 13:58:00,4639.55,4648.2,4639.15,4644.3,674
2024-06-04 13:59:00,4644.3,4646.65,4637.35,4640.0,800
2024-06-04 14:00:00,4642.5,4643.45,4638.0,4642.0,635
2024-06-04 14:01:00,4642.0,4643.45,4636.35,4642.4,319
2024-06-04 14:02:00,4642.4,4642.4,4633.0,4633.85,1115
2024-06-04 14:03:00,4638.15,4638.65,4625.05,4637.25,2077
2024-06-04 14:04:00,4637.7,4641.75,4626.85,4628.7,1559
2024-06-04 14:05:00,4630.1,4630.1,4610.2,4615.65,1936
2024-06-04 14:06:00,4616.05,4620.45,4610.0,4612.35,501
2024-06-04 14:07:00,4611.65,4620.0,4602.0,4608.85,4896
2024-06-04 14:08:00,4608.85,4625.05,4600.05,4608.0,1711
2024-06-04 14:09:00,4608.9,4619.6,4606.25,4613.0,2278
2024-06-04 14:10:00,4613.0,4613.9,4601.5,4609.15,920
2024-06-04 14:11:00,4609.15,4609.15,4602.0,4606.65,694
2024-06-04 14:12:00,4606.65,4609.6,4601.2,4605.0,598
2024-06-04 14:13:00,4605.0,4622.15,4605.0,4620.25,1053
2024-06-04 14:14:00,4621.5,4621.5,4610.45,4612.9,802
2024-06-04 14:15:00,4610.7,4613.8,4605.9,4608.15,206
2024-06-04 14:16:00,4608.15,4612.0,4606.7,4607.7,228
2024-06-04 14:17:00,4611.1,4612.15,4606.2,4610.05,536
2024-06-04 14:18:00,4610.05,4623.1,4610.05,4620.2,931
2024-06-04 14:19:00,4620.2,4624.8,4613.15,4617.85,326
2024-06-04 14:20:00,4614.85,4619.95,4613.7,4613.7,257
2024-06-04 14:21:00,4613.55,4619.8,4613.35,4618.8,377
2024-06-04 14:22:00,4618.8,4619.65,4610.2,4618.9,465
2024-06-04 14:23:00,4618.9,4618.9,4605.4,4608.5,292
2024-06-04 14:24:00,4608.5,4615.7,4602.15,4612.25,656
2024-06-04 14:25:00,4611.8,4619.0,4605.0,4608.55,586
2024-06-04 14:26:00,4608.55,4612.45,4605.1,4610.9,189
2024-06-04 14:27:00,4611.85,4615.0,4606.0,4608.35,813
2024-06-04 14:28:00,4608.35,4612.4,4605.2,4610.7,342
2024-06-04 14:29:00,4613.3,4617.9,4609.9,4613.8,469
2024-06-04 14:30:00,4613.8,4620.4,4610.95,4617.0,649
2024-06-04 14:31:00,4617.0,4636.5,4617.0,4630.3,1279
2024-06-04 14:32:00,4625.9,4638.1,4625.75,4637.0,699
2024-06-04 14:33:00,4637.0,4641.25,4628.65,4629.95,1030
2024-06-04 14:34:00,4635.0,4635.0,4621.95,4622.3,561
2024-06-04 14:35:00,4620.5,4627.4,4619.8,4622.5,335
2024-06-04 14:36:00,4622.5,4622.85,4608.65,4613.5,345
2024-06-04 14:37:00,4610.2,4627.1,4610.2,4626.05,803
2024-06-04 14:38:00,4625.6,4630.0,4623.1,4628.95,616
2024-06-04 14:39:00,4628.85,4629.95,4618.55,4626.7,732
2024-06-04 14:40:00,4629.75,4629.85,4616.25,4617.15,550
2024-06-04 14:41:00,4619.3,4623.25,4615.15,4615.15,409
2024-06-04 14:42:00,4619.7,4619.7,4614.7,4618.35,166
2024-06-04 14:43:00,4618.35,4620.95,4613.6,4614.65,767
2024-06-04 14:44:00,4616.15,4618.6,4610.15,4614.6,558
2024-06-04 14:45:00,4614.55,4633.95,4611.75,4633.1,1733
2024-06-04 14:46:00,4633.35,4633.35,4618.05,4618.75,402
2024-06-04 14:47:00,4618.4,4626.0,4615.05,4615.05,611
2024-06-04 14:48:00,4618.4,4622.5,4614.15,4618.85,255
2024-06-04 14:49:00,4615.0,4617.75,4611.15,4612.35,401
2024-06-04 14:50:00,4612.35,4618.9,4612.25,4616.85,985
2024-06-04 14:51:00,4620.0,4622.0,4608.5,4613.8,477
2024-06-04 14:52:00,4613.8,4613.8,4605.0,4611.95,807
2024-06-04 14:53:00,4611.95,4615.35,4605.05,4613.95,3333
2024-06-04 14:54:00,4613.95,4627.25,4610.6,4617.35,773
2024-06-04 14:55:00,4617.2,4621.2,4609.55,4616.05,1424
2024-06-04 14:56:00,4616.05,4618.4,4611.0,4614.4,130
2024-06-04 14:57:00,4614.4,4615.9,4605.0,4606.9,1320
2024-06-04 14:58:00,4605.0,4608.1,4605.0,4605.0,869
2024-06-04 14:59:00,4605.2,4611.0,4602.0,4602.0,1806
2024-06-04 15:00:00,4603.15,4609.6,4602.05,4606.25,1492
2024-06-04 15:01:00,4606.25,4611.0,4603.35,4607.0,1301
2024-06-04 15:02:00,4607.0,4614.45,4602.55,4613.0,850
2024-06-04 15:03:00,4613.0,4615.0,4605.0,4606.15,2484
2024-06-04 15:04:00,4607.95,4610.65,4605.0,4607.95,2297
2024-06-04 15:05:00,4607.95,4610.0,4605.0,4605.0,1236
2024-06-04 15:06:00,4608.25,4609.95,4605.15,4607.5,1677
2024-06-04 15:07:00,4609.95,4619.65,4609.95,4619.5,1353
2024-06-04 15:08:00,4619.5,4642.3,4616.25,4642.3,2106
2024-06-04 15:09:00,4642.3,4643.0,4625.85,4634.45,638
2024-06-04 15:10:00,4634.45,4649.0,4634.45,4648.3,1563
2024-06-04 15:11:00,4647.75,4648.3,4641.75,4646.9,1276
2024-06-04 15:12:00,4646.9,4646.9,4641.75,4643.3,815
2024-06-04 15:13:00,4643.3,4646.95,4640.6,4643.75,1339
2024-06-04 15:14:00,4646.4,4649.8,4644.75,4647.0,838
2024-06-04 15:15:00,4647.0,4649.85,4641.85,4647.9,1880
2024-06-04 15:16:00,4647.85,4649.5,4644.75,4648.05,761
2024-06-04 15:17:00,4648.05,4648.05,4641.2,4641.2,1037
2024-06-04 15:18:00,4645.15,4645.5,4631.95,4631.95,1139
2024-06-04 15:19:00,4634.45,4638.85,4628.95,4633.45,1413
2024-06-04 15:20:00,4633.35,4638.95,4633.35,4633.55,1978
2024-06-04 15:21:00,4636.5,4636.5,4633.0,4636.45,955
2024-06-04 15:22:00,4636.45,4638.7,4636.05,4636.95,840
2024-06-04 15:23:00,4636.95,4639.0,4636.9,4639.0,1177
2024-06-04 15:24:00,4638.95,4646.0,4638.95,4646.0,1769
2024-06-04 15:25:00,4646.0,4646.0,4640.4,4640.4,2535
2024-06-04 15:26:00,4640.45,4645.0,4640.45,4645.0,1608
2024-06-04 15:27:00,4645.0,4645.0,4642.05,4644.45,1169
2024-06-04 15:28:00,4644.35,4645.0,4633.7,4640.85,2663
2024-06-04 15:29:00,4640.0,4640.0,4625.0,4630.0,797
2024-06-05 09:15:00,4634.95,4667.85,4634.95,4657.25,2053
2024-06-05 09:16:00,4658.75,4672.0,4650.0,4655.95,2037
2024-06-05 09:17:00,4659.7,4672.0,4659.7,4664.8,1590
2024-06-05 09:18:00,4667.75,4672.05,4665.75,4665.85,1727
2024-06-05 09:19:00,4661.35,4665.85,4650.45,4654.25,1522
2024-06-05 09:20:00,4654.25,4662.95,4652.1,4657.55,1319
2024-06-05 09:21:00,4655.75,4657.05,4651.6,4656.9,1011
2024-06-05 09:22:00,4656.85,4664.8,4656.0,4660.0,1308
2024-06-05 09:23:00,4660.0,4665.8,4645.0,4645.0,2369
2024-06-05 09:24:00,4642.95,4647.65,4633.6,4633.75,1127
2024-06-05 09:25:00,4632.4,4637.6,4630.65,4636.05,1611
2024-06-05 09:26:00,4636.05,4643.7,4633.2,4643.7,958
2024-06-05 09:27:00,4641.4,4660.0,4641.1,4660.0,398
2024-06-05 09:28:00,4660.0,4666.05,4657.55,4661.4,742
2024-06-05 09:29:00,4661.0,4671.9,4658.8,4666.8,821
2024-06-05 09:30:00,4668.1,4671.7,4662.55,4662.55,699
2024-06-05 09:31:00,4665.2,4670.0,4665.0,4666.65,906
2024-06-05 09:32:00,4670.0,4676.65,4665.75,4672.5,1230
2024-06-05 09:33:00,4673.5,4673.5,4668.2,4670.0,741
2024-06-05 09:34:00,4670.95,4673.45,4661.35,4667.7,1819
2024-06-05 09:35:00,4667.7,4667.75,4660.05,4664.65,590
2024-06-05 09:36:00,4664.3,4667.4,4663.9,4664.55,457
2024-06-05 09:37:00,4664.55,4672.5,4664.55,4669.0,606
2024-06-05 09:38:00,4668.9,4670.05,4663.8,4665.55,533
2024-06-05 09:39:00,4665.0,4665.35,4657.55,4660.5,584
2024-06-05 09:40:00,4661.9,4666.15,4659.55,4661.05,1066
2024-06-05 09:41:00,4660.85,4671.85,4660.4,4666.1,1614
2024-06-05 09:42:00,4666.5,4685.05,4666.5,4685.0,1999
2024-06-05 09:43:00,4685.0,4690.95,4683.2,4687.4,1439
2024-06-05 09:44:00,4687.4,4688.5,4671.9,4672.65,777
2024-06-05 09:45:00,4675.45,4675.45,4670.0,4670.05,688
2024-06-05 09:46:00,4670.05,4675.25,4668.0,4671.05,828
2024-06-05 09:47:00,4671.05,4674.75,4657.85,4659.9,799
2024-06-05 09:48:00,4656.0,4658.4,4644.0,4647.85,1628
2024-06-05 09:49:00,4647.05,4653.1,4643.3,4652.1,1210
2024-06-05 09:50:00,4652.1,4652.9,4646.0,4649.95,607
2024-06-05 09:51:00,4646.25,4650.0,4640.95,4643.65,449
2024-06-05 09:52:00,4643.65,4643.65,4640.05,4643.6,260
2024-06-05 09:53:00,4643.6,4643.6,4637.0,4637.0,424
2024-06-05 09:54:00,4633.85,4643.55,4633.2,4640.65,651
2024-06-05 09:55:00,4643.45,4652.9,4640.45,4649.65,648
2024-06-05 09:56:00,4649.65,4655.95,4649.0,4653.45,1058
2024-06-05 09:57:00,4653.45,4654.45,4647.7,4652.45,463
2024-06-05 09:58:00,4652.45,4666.45,4652.45,4661.5,593
2024-06-05 09:59:00,4659.3,4666.05,4658.35,4666.05,358
2024-06-05 10:00:00,4666.05,4671.85,4665.0,4669.95,1387
2024-06-05 10:01:00,4669.95,4675.0,4667.75,4675.0,538
2024-06-05 10:02:00,4674.9,4686.3,4674.9,4684.55,336
2024-06-05 10:03:00,4686.35,4690.95,4684.6,4690.0,1021
2024-06-05 10:04:00,4690.0,4692.0,4687.65,4688.85,722
2024-06-05 10:05:00,4688.85,4690.9,4687.45,4689.5,240
2024-06-05 10:06:00,4691.85,4695.0,4686.8,4689.15,776
2024-06-05 10:07:00,4689.15,4693.95,4687.35,4691.2,385
2024-06-05 10:08:00,4691.2,4693.9,4690.35,4692.05,392
2024-06-05 10:09:00,4692.05,4692.05,4685.0,4686.55,517
2024-06-05 10:10:00,4686.9,4695.0,4686.6,4690.95,1916
2024-06-05 10:11:00,4694.05,4698.0,4694.0,4698.0,395
2024-06-05 10:12:00,4697.65,4708.75,4697.65,4706.0,3252
2024-06-05 10:13:00,4705.05,4707.0,4697.65,4705.0,1682
2024-06-05 10:14:00,4705.0,4706.7,4700.0,4705.95,518
2024-06-05 10:15:00,4707.25,4707.7,4698.6,4699.85,670
2024-06-05 10:16:00,4702.0,4712.05,4699.85,4703.45,1644
2024-06-05 10:17:00,4705.35,4711.95,4703.45,4708.55,680
2024-06-05 10:18:00,4710.85,4718.85,4709.5,4718.7,869
2024-06-05 10:19:00,4718.7,4718.7,4710.75,4715.45,537
2024-06-05 10:20:00,4715.45,4715.45,4707.05,4711.9,294
2024-06-05 10:21:00,4711.9,4716.85,4710.2,4715.85,811
2024-06-05 10:22:00,4716.0,4720.0,4714.1,4716.6,508
2024-06-05 10:23:00,4718.75,4725.0,4718.75,4723.25,1473
2024-06-05 10:24:00,4724.1,4724.1,4717.3,4721.8,1302
2024-06-05 10:25:00,4721.8,4726.15,4720.5,4725.05,1115
2024-06-05 10:26:00,4726.0,4728.95,4723.2,4728.95,620
2024-06-05 10:27:00,4726.4,4735.7,4725.65,4732.45,2634
2024-06-05 10:28:00,4731.05,4738.6,4727.85,4738.1,1249
2024-06-05 10:29:00,4734.25,4738.1,4732.2,4732.5,904
2024-06-05 10:30:00,4732.5,4735.0,4730.05,4733.65,599
2024-06-05 10:31:00,4733.65,4740.0,4732.3,4737.2,2385
2024-06-05 10:32:00,4737.2,4739.0,4734.05,4737.6,420
2024-06-05 10:33:00,4736.7,4738.5,4732.85,4732.85,564
2024-06-05 10:34:00,4733.4,4734.0,4726.3,4728.75,973
2024-06-05 10:35:00,4728.7,4732.0,4722.35,4730.3,529
2024-06-05 10:36:00,4730.0,4735.95,4727.15,4735.0,524
2024-06-05 10:37:00,4731.7,4746.0,4731.7,4746.0,2464
2024-06-05 10:38:00,4747.0,4747.05,4735.7,4735.7,842
2024-06-05 10:39:00,4735.7,4741.65,4735.7,4740.9,377
2024-06-05 10:40:00,4740.25,4740.55,4731.7,4737.65,445
2024-06-05 10:41:00,4737.65,4743.95,4734.05,4738.1,817
2024-06-05 10:42:00,4737.15,4738.0,4724.5,4726.8,503
2024-06-05 10:43:00,4726.8,4728.75,4720.9,4728.75,612
2024-06-05 10:44:00,4727.35,4730.0,4723.5,4726.95,635
2024-06-05 10:45:00,4724.3,4733.9,4724.3,4729.1,372
2024-06-05 10:46:00,4729.4,4733.0,4724.0,4726.1,273
2024-06-05 10:47:00,4726.1,4729.85,4723.05,4724.9,354
2024-06-05 10:48:00,4724.9,4727.1,4722.0,4722.0,356
2024-06-05 10:49:00,4722.0,4727.95,4721.55,4724.8,1214
2024-06-05 10:50:00,4725.9,4730.0,4717.0,4728.7,1466
2024-06-05 10:51:00,4727.55,4740.0,4727.55,4740.0,522
2024-06-05 10:52:00,4740.05,4745.7,4740.05,4743.85,628
2024-06-05 10:53:00,4745.0,4745.0,4738.55,4743.9,430
2024-06-05 10:54:00,4743.9,4747.0,4737.35,4745.0,923
2024-06-05 10:55:00,4745.85,4749.0,4743.9,4747.55,584
2024-06-05 10:56:00,4747.55,4751.0,4747.55,4749.9,1313
2024-06-05 10:57:00,4749.8,4751.0,4747.8,4751.0,1242
2024-06-05 10:58:00,4751.0,4753.9,4747.1,4753.3,1027
2024-06-05 10:59:00,4753.3,4755.1,4752.1,4753.3,638
2024-06-05 11:00:00,4753.65,4753.65,4745.15,4749.3,453
2024-06-05 11:01:00,4749.3,4749.95,4744.9,4744.9,538
2024-06-05 11:02:00,4744.85,4750.0,4743.8,4748.15,1198
2024-06-05 11:03:00,4748.7,4749.55,4747.35,4748.8,98
2024-06-05 11:04:00,4748.8,4749.6,4744.15,4746.3,133
2024-06-05 11:05:00,4747.7,4747.7,4741.6,4745.5,968
2024-06-05 11:06:00,4745.5,4747.0,4744.1,4746.0,208
2024-06-05 11:07:00,4746.0,4748.5,4741.15,4747.6,461
2024-06-05 11:08:00,4747.6,4748.0,4743.5,4747.4,246
2024-06-05 11:09:00,4747.4,4747.95,4743.1,4747.7,182
2024-06-05 11:10:00,4747.7,4747.7,4742.05,4742.05,152
2024-06-05 11:11:00,4742.05,4746.0,4742.0,4744.0,307
2024-06-05 11:12:00,4742.6,4745.95,4741.15,4745.95,252
2024-06-05 11:13:00,4745.95,4747.2,4741.9,4742.7,154
2024-06-05 11:14:00,4742.7,4760.0,4741.95,4759.8,2046
2024-06-05 11:15:00,4759.9,4760.0,4750.7,4751.55,633
2024-06-05 11:16:00,4751.55,4751.55,4745.15,4746.1,246
2024-06-05 11:17:00,4743.95,4750.85,4743.95,4746.7,889
2024-06-05 11:18:00,4749.15,4749.15,4741.15,4743.9,623
2024-06-05 11:19:00,4745.85,4745.9,4736.35,4739.2,3433
2024-06-05 11:20:00,4741.0,4742.45,4734.15,4734.15,420
2024-06-05 11:21:00,4736.9,4738.7,4730.3,4730.3,434
2024-06-05 11:22:00,4730.3,4737.25,4725.2,4737.25,1811
2024-06-05 11:23:00,4738.0,4743.0,4735.8,4742.45,217
2024-06-05 11:24:00,4742.75,4746.35,4739.3,4742.6,854
2024-06-05 11:25:00,4739.95,4745.15,4739.95,4742.05,172
2024-06-05 11:26:00,4742.05,4744.0,4734.85,4738.25,215
2024-06-05 11:27:00,4738.25,4740.7,4737.05,4740.7,98
2024-06-05 11:28:00,4740.7,4747.75,4737.05,4746.65,795
2024-06-05 11:29:00,4746.65,4748.25,4744.05,4748.25,386
2024-06-05 11:30:00,4748.55,4755.0,4748.55,4755.0,393
2024-06-05 11:31:00,4755.0,4759.0,4753.5,4759.0,533
2024-06-05 11:32:00,4759.5,4763.75,4759.5,4762.7,1189
2024-06-05 11:33:00,4763.25,4763.25,4754.15,4756.5,469
2024-06-05 11:34:00,4756.5,4763.0,4756.5,4762.0,416
2024-06-05 11:35:00,4762.25,4774.0,4758.7,4773.05,2207
2024-06-05 11:36:00,4772.35,4773.0,4763.3,4765.65,537
2024-06-05 11:37:00,4765.65,4768.0,4762.2,4764.0,288
2024-06-05 11:38:00,4763.35,4763.35,4759.45,4761.0,518
2024-06-05 11:39:00,4761.0,4761.3,4751.0,4755.35,290
2024-06-05 11:40:00,4755.35,4756.15,4751.75,4755.9,388
2024-06-05 11:41:00,4756.15,4759.25,4751.1,4754.95,251
2024-06-05 11:42:00,4754.65,4755.3,4751.75,4754.15,337
2024-06-05 11:43:00,4754.15,4755.0,4752.65,4753.7,150
2024-06-05 11:44:00,4753.7,4754.2,4751.25,4753.0,219
2024-06-05 11:45:00,4752.55,4752.55,4748.75,4749.95,1177
2024-06-05 11:46:00,4749.8,4751.0,4747.65,4750.8,2331
2024-06-05 11:47:00,4750.8,4750.8,4743.05,4743.05,576
2024-06-05 11:48:00,4743.05,4751.7,4743.05,4750.05,694
2024-06-05 11:49:00,4750.9,4751.6,4741.7,4745.15,412
2024-06-05 11:50:00,4744.7,4747.9,4742.25,4747.0,305
2024-06-05 11:51:00,4746.95,4750.7,4743.7,4749.2,373
2024-06-05 11:52:00,4749.7,4749.7,4741.1,4742.55,189
2024-06-05 11:53:00,4742.55,4749.4,4740.15,4745.8,1054
2024-06-05 11:54:00,4746.35,4746.95,4740.0,4742.1,333
2024-06-05 11:55:00,4742.1,4747.25,4740.05,4747.05,4573
2024-06-05 11:56:00,4747.05,4750.0,4743.2,4747.45,695
2024-06-05 11:57:00,4749.2,4756.85,4747.9,4749.9,1703
2024-06-05 11:58:00,4749.9,4749.9,4740.0,4743.95,11851
2024-06-05 11:59:00,4743.95,4745.0,4728.8,4730.0,1086
2024-06-05 12:00:00,4727.15,4731.25,4722.1,4722.1,469
2024-06-05 12:01:00,4724.8,4724.8,4718.05,4721.75,367
2024-06-05 12:02:00,4721.75,4723.45,4717.3,4723.35,290
2024-06-05 12:03:00,4723.35,4723.5,4718.05,4718.05,520
2024-06-05 12:04:00,4720.0,4720.9,4715.0,4719.45,570
2024-06-05 12:05:00,4719.45,4721.0,4715.45,4721.0,133
2024-06-05 12:06:00,4721.0,4722.85,4716.0,4718.95,413
2024-06-05 12:07:00,4718.95,4735.8,4718.75,4735.8,577
2024-06-05 12:08:00,4735.8,4736.6,4725.65,4725.65,357
2024-06-05 12:09:00,4725.65,4733.0,4725.65,4733.0,467
2024-06-05 12:10:00,4733.0,4734.35,4727.35,4728.6,147
2024-06-05 12:11:00,4731.7,4733.8,4730.2,4733.8,94
2024-06-05 12:12:00,4733.8,4734.35,4730.45,4733.5,17
2024-06-05 12:13:00,4733.5,4734.65,4732.25,4734.65,57
2024-06-05 12:14:00,4734.65,4737.85,4733.1,4737.85,61
2024-06-05 12:15:00,4737.85,4739.65,4736.4,4739.65,87
2024-06-05 12:16:00,4739.95,4739.95,4734.3,4737.0,252
2024-06-05 12:17:00,4737.0,4738.8,4735.05,4738.25,229
2024-06-05 12:18:00,4736.1,4738.55,4728.1,4729.75,118
2024-06-05 12:19:00,4729.75,4730.75,4727.0,4730.75,119
2024-06-05 12:20:00,4730.75,4732.75,4728.8,4731.5,257
2024-06-05 12:21:00,4731.5,4733.35,4729.15,4730.4,78
2024-06-05 12:22:00,4730.4,4733.45,4729.6,4730.55,73
2024-06-05 12:23:00,4730.55,4733.6,4727.0,4729.95,95
2024-06-05 12:24:00,4729.9,4729.9,4727.0,4727.0,157
2024-06-05 12:25:00,4727.0,4730.8,4727.0,4728.15,95
2024-06-05 12:26:00,4728.0,4730.35,4728.0,4729.8,63
2024-06-05 12:27:00,4729.8,4729.8,4722.1,4724.65,183
2024-06-05 12:28:00,4724.65,4726.4,4723.15,4726.4,93
2024-06-05 12:29:00,4726.4,4726.6,4723.45,4725.0,88
2024-06-05 12:30:00,4725.0,4727.25,4723.55,4723.55,118
2024-06-05 12:31:00,4723.55,4726.0,4720.0,4720.0,154
2024-06-05 12:32:00,4720.0,4721.2,4715.0,4715.6,439
2024-06-05 12:33:00,4715.95,4718.75,4715.6,4717.85,105
2024-06-05 12:34:00,4717.85,4718.0,4716.0,4716.15,37
2024-06-05 12:35:00,4716.15,4718.0,4715.0,4715.15,331
2024-06-05 12:36:00,4715.15,4717.0,4712.05,4712.05,250
2024-06-05 12:37:00,4712.05,4715.15,4710.0,4711.95,168
2024-06-05 12:38:00,4711.95,4711.95,4705.6,4706.25,224
2024-06-05 12:39:00,4706.25,4706.3,4700.05,4704.1,1467
2024-06-05 12:40:00,4704.35,4704.35,4695.55,4695.55,1607
2024-06-05 12:41:00,4695.8,4699.0,4695.0,4695.0,331
2024-06-05 12:42:00,4695.0,4695.45,4692.05,4693.0,438
2024-06-05 12:43:00,4693.0,4698.35,4691.75,4698.35,338
2024-06-05 12:44:00,4698.35,4698.35,4694.4,4696.95,273
2024-06-05 12:45:00,4696.95,4699.55,4695.05,4695.55,523
2024-06-05 12:46:00,4699.1,4699.1,4695.55,4697.0,204
2024-06-05 12:47:00,4697.8,4705.15,4697.8,4702.1,608
2024-06-05 12:48:00,4702.1,4702.1,4695.95,4698.15,581
2024-06-05 12:49:00,4698.4,4698.4,4692.3,4692.35,621
2024-06-05 12:50:00,4692.35,4697.3,4692.3,4696.95,501
2024-06-05 12:51:00,4696.95,4697.8,4693.65,4697.0,175
2024-06-05 12:52:00,4697.0,4697.95,4694.8,4697.15,227
2024-06-05 12:53:00,4697.15,4703.4,4696.1,4703.4,69
2024-06-05 12:54:00,4703.4,4703.7,4700.15,4700.15,97
2024-06-05 12:55:00,4700.15,4705.55,4699.7,4704.75,378
2024-06-05 12:56:00,4705.35,4705.6,4698.05,4701.05,261
2024-06-05 12:57:00,4701.05,4701.05,4696.55,4697.85,269
2024-06-05 12:58:00,4697.85,4699.9,4695.1,4695.85,333
2024-06-05 12:59:00,4695.85,4699.35,4695.05,4698.65,244
2024-06-05 13:00:00,4695.05,4698.55,4694.25,4697.45,363
2024-06-05 13:01:00,4694.35,4697.85,4694.05,4696.3,643
2024-06-05 13:02:00,4696.3,4700.4,4694.6,4699.55,147
2024-06-05 13:03:00,4699.55,4700.0,4695.05,4699.95,141
2024-06-05 13:04:00,4699.95,4701.05,4697.45,4700.85,298
2024-06-05 13:05:00,4700.85,4701.7,4698.15,4698.3,265
2024-06-05 13:06:00,4698.3,4702.45,4698.3,4701.0,276
2024-06-05 13:07:00,4701.0,4705.75,4699.1,4703.35,198
2024-06-05 13:08:00,4704.0,4705.15,4702.4,4705.0,105
2024-06-05 13:09:00,4705.0,4705.0,4702.4,4704.9,105
2024-06-05 13:10:00,4704.9,4706.35,4702.4,4705.8,77
2024-06-05 13:11:00,4705.8,4710.0,4702.8,4702.8,258
2024-06-05 13:12:00,4702.8,4711.4,4700.2,4711.4,4123
2024-06-05 13:13:00,4711.4,4712.45,4709.25,4712.4,144
2024-06-05 13:14:00,4712.4,4713.7,4709.0,4709.0,189
2024-06-05 13:15:00,4709.0,4712.0,4709.0,4709.85,229
2024-06-05 13:16:00,4709.85,4712.35,4709.0,4709.05,296
2024-06-05 13:17:00,4709.05,4714.9,4709.05,4713.15,323
2024-06-05 13:18:00,4713.15,4714.95,4711.2,4713.65,36
2024-06-05 13:19:00,4713.65,4716.9,4711.75,4716.9,168
2024-06-05 13:20:00,4717.0,4718.85,4715.6,4718.4,131
2024-06-05 13:21:00,4718.4,4718.5,4715.7,4718.0,46
2024-06-05 13:22:00,4718.0,4721.95,4715.0,4715.0,721
2024-06-05 13:23:00,4716.75,4717.0,4715.0,4716.0,87
2024-06-05 13:24:00,4716.0,4716.2,4715.0,4715.15,494
2024-06-05 13:25:00,4715.15,4722.0,4715.15,4718.5,170
2024-06-05 13:26:00,4718.5,4721.7,4718.0,4718.0,87
2024-06-05 13:27:00,4720.85,4722.1,4718.75,4719.15,160
2024-06-05 13:28:00,4721.8,4722.1,4715.0,4715.0,313
2024-06-05 13:29:00,4716.15,4720.45,4715.0,4720.15,83
2024-06-05 13:30:00,4720.75,4721.15,4717.5,4720.95,113
2024-06-05 13:31:00,4720.95,4720.95,4715.0,4715.05,285
2024-06-05 13:32:00,4715.05,4719.95,4715.05,4716.85,207
2024-06-05 13:33:00,4719.35,4720.95,4716.85,4718.35,47
2024-06-05 13:34:00,4717.55,4722.0,4717.55,4718.2,162
2024-06-05 13:35:00,4722.0,4722.45,4718.7,4720.15,167
2024-06-05 13:36:00,4720.15,4722.7,4718.75,4718.9,135
2024-06-05 13:37:00,4721.8,4721.8,4719.2,4720.5,175
2024-06-05 13:38:00,4721.8,4722.45,4720.0,4721.55,270
2024-06-05 13:39:00,4723.65,4725.0,4721.55,4722.75,150
2024-06-05 13:40:00,4722.75,4723.05,4720.0,4720.3,343
2024-06-05 13:41:00,4722.45,4722.45,4715.0,4715.0,635
2024-06-05 13:42:00,4715.0,4716.85,4713.2,4715.0,1394
2024-06-05 13:43:00,4716.15,4716.15,4711.9,4715.0,1520
2024-06-05 13:44:00,4715.0,4716.95,4713.6,4715.0,3043
2024-06-05 13:45:00,4716.0,4716.0,4713.75,4715.8,244
2024-06-05 13:46:00,4715.8,4715.8,4714.05,4715.7,235
2024-06-05 13:47:00,4715.0,4716.85,4715.0,4715.0,341
2024-06-05 13:48:00,4715.0,4716.0,4712.15,4715.9,256
2024-06-05 13:49:00,4716.5,4717.95,4715.0,4715.0,262
2024-06-05 13:50:00,4715.0,4716.2,4707.55,4715.0,3604
2024-06-05 13:51:00,4714.65,4714.65,4703.0,4703.0,546
2024-06-05 13:52:00,4703.0,4703.65,4695.05,4697.85,979
2024-06-05 13:53:00,4698.05,4698.05,4692.3,4692.35,405
2024-06-05 13:54:00,4692.35,4705.0,4692.3,4705.0,3283
2024-06-05 13:55:00,4706.45,4707.3,4704.1,4706.55,187
2024-06-05 13:56:00,4706.55,4706.55,4703.3,4703.45,330
2024-06-05 13:57:00,4703.45,4705.9,4703.4,4705.3,86
2024-06-05 13:58:00,4706.25,4709.55,4703.85,4705.1,360
2024-06-05 13:59:00,4705.1,4709.7,4705.1,4709.6,139
2024-06-05 14:00:00,4709.95,4711.2,4707.4,4710.35,249
2024-06-05 14:01:00,4711.2,4717.45,4711.0,4715.7,334
2024-06-05 14:02:00,4715.9,4719.55,4715.9,4719.55,360
2024-06-05 14:03:00,4719.3,4723.7,4719.3,4723.65,345
2024-06-05 14:04:00,4723.65,4726.0,4720.15,4722.0,358
2024-06-05 14:05:00,4720.0,4722.15,4720.0,4722.0,67
2024-06-05 14:06:00,4722.0,4723.4,4720.45,4721.8,154
2024-06-05 14:07:00,4721.8,4721.8,4716.5,4719.95,394
2024-06-05 14:08:00,4719.8,4721.7,4719.3,4720.85,304
2024-06-05 14:09:00,4719.3,4720.8,4718.9,4720.5,104
2024-06-05 14:10:00,4720.5,4721.8,4718.75,4721.7,208
2024-06-05 14:11:00,4719.85,4722.8,4717.1,4717.6,817
2024-06-05 14:12:00,4717.6,4720.0,4710.0,4718.0,5424
2024-06-05 14:13:00,4718.0,4719.75,4716.55,4719.75,77
2024-06-05 14:14:00,4719.75,4719.75,4711.0,4711.65,391
2024-06-05 14:15:00,4711.65,4717.35,4711.45,4715.05,77
2024-06-05 14:16:00,4716.5,4717.0,4704.6,4707.8,3495
2024-06-05 14:17:00,4705.65,4714.15,4705.4,4711.4,533
2024-06-05 14:18:00,4711.4,4713.4,4708.75,4709.95,314
2024-06-05 14:19:00,4709.95,4711.95,4707.1,4707.1,321
2024-06-05 14:20:00,4708.7,4708.7,4700.0,4701.75,272
2024-06-05 14:21:00,4699.75,4709.2,4699.25,4707.95,698
2024-06-05 14:22:00,4710.0,4714.9,4705.0,4705.0,11188
2024-06-05 14:23:00,4705.0,4707.1,4705.0,4706.8,242
2024-06-05 14:24:00,4706.95,4710.0,4705.25,4706.2,139
2024-06-05 14:25:00,4706.2,4710.0,4706.2,4708.25,539
2024-06-05 14:26:00,4710.0,4710.0,4709.0,4709.55,7664
2024-06-05 14:27:00,4710.0,4710.0,4707.85,4709.9,212
2024-06-05 14:28:00,4710.0,4710.0,4705.0,4705.0,208
2024-06-05 14:29:00,4706.0,4710.0,4705.05,4708.25,297
2024-06-05 14:30:00,4708.5,4710.0,4708.0,4708.95,184
2024-06-05 14:31:00,4710.0,4710.0,4706.3,4708.5,3182
2024-06-05 14:32:00,4708.5,4710.0,4707.9,4710.0,119
2024-06-05 14:33:00,4710.0,4710.0,4706.3,4708.4,445
2024-06-05 14:34:00,4707.9,4710.0,4706.55,4710.0,242
2024-06-05 14:35:00,4710.0,4710.0,4707.8,4709.8,788
2024-06-05 14:36:00,4707.1,4710.0,4707.05,4708.8,692
2024-06-05 14:37:00,4709.35,4710.0,4708.4,4710.0,231
2024-06-05 14:38:00,4710.0,4710.0,4707.0,4707.35,73
2024-06-05 14:39:00,4707.35,4710.0,4707.1,4709.45,269
2024-06-05 14:40:00,4709.45,4709.7,4708.0,4709.55,149
2024-06-05 14:41:00,4709.55,4709.75,4707.65,4708.75,175
2024-06-05 14:42:00,4707.05,4708.75,4705.9,4708.5,226
2024-06-05 14:43:00,4708.5,4708.5,4706.45,4707.65,114
2024-06-05 14:44:00,4707.65,4708.1,4705.5,4706.6,228
2024-06-05 14:45:00,4705.0,4706.6,4703.95,4705.8,218
2024-06-05 14:46:00,4703.55,4707.0,4703.55,4707.0,318
2024-06-05 14:47:00,4707.0,4710.0,4705.65,4710.0,5264
2024-06-05 14:48:00,4710.0,4710.0,4709.2,4710.0,5533
2024-06-05 14:49:00,4710.0,4710.0,4707.05,4708.0,150
2024-06-05 14:50:00,4705.65,4707.85,4705.65,4706.8,88
2024-06-05 14:51:00,4706.8,4707.2,4700.0,4701.9,416
2024-06-05 14:52:00,4702.0,4707.25,4700.0,4705.85,309
2024-06-05 14:53:00,4705.85,4707.2,4698.0,4698.0,765
2024-06-05 14:54:00,4698.0,4702.2,4698.0,4701.45,765
2024-06-05 14:55:00,4699.9,4710.9,4699.9,4701.6,2178
2024-06-05 14:56:00,4701.9,4703.9,4700.55,4701.3,234
2024-06-05 14:57:00,4702.8,4702.8,4699.9,4701.85,324
2024-06-05 14:58:00,4702.0,4705.45,4701.75,4701.75,191
2024-06-05 14:59:00,4701.75,4702.2,4696.3,4700.0,288
2024-06-05 15:00:00,4699.65,4702.35,4699.0,4701.1,723
2024-06-05 15:01:00,4701.1,4701.1,4699.45,4700.65,512
2024-06-05 15:02:00,4700.55,4700.8,4697.75,4699.0,534
2024-06-05 15:03:00,4699.05,4699.05,4695.0,4696.2,950
2024-06-05 15:04:00,4696.2,4700.0,4696.2,4699.25,758
2024-06-05 15:05:00,4698.75,4700.65,4696.2,4699.1,5819
2024-06-05 15:06:00,4696.65,4700.25,4693.05,4697.8,2869
2024-06-05 15:07:00,4699.6,4700.0,4693.55,4697.5,1573
2024-06-05 15:08:00,4697.85,4699.95,4695.75,4697.6,869
2024-06-05 15:09:00,4698.55,4700.0,4695.2,4699.75,850
2024-06-05 15:10:00,4699.6,4700.65,4697.1,4698.95,1754
2024-06-05 15:11:00,4698.95,4698.95,4695.4,4698.4,840
2024-06-05 15:12:00,4698.4,4700.0,4697.0,4697.9,607
2024-06-05 15:13:00,4697.55,4699.5,4697.0,4699.3,1314
2024-06-05 15:14:00,4699.2,4700.0,4698.55,4700.0,735
2024-06-05 15:15:00,4700.0,4700.0,4697.35,4699.7,1566
2024-06-05 15:16:00,4700.0,4700.0,4697.0,4698.55,4362
2024-06-05 15:17:00,4697.0,4699.8,4697.0,4699.75,1687
2024-06-05 15:18:00,4699.75,4699.95,4698.7,4698.95,678
2024-06-05 15:19:00,4699.95,4699.95,4699.15,4699.95,2407
2024-06-05 15:20:00,4699.95,4699.95,4698.0,4698.85,1664
2024-06-05 15:21:00,4698.9,4698.9,4686.4,4689.95,12222
2024-06-05 15:22:00,4689.95,4690.0,4687.5,4689.95,1069
2024-06-05 15:23:00,4690.0,4690.0,4689.95,4689.95,7017
2024-06-05 15:24:00,4690.0,4690.0,4689.9,4690.0,4056
2024-06-05 15:25:00,4690.0,4690.0,4686.0,4686.0,31092
2024-06-05 15:26:00,4686.0,4686.0,4685.0,4685.95,40379
2024-06-05 15:27:00,4685.85,4686.0,4682.65,4684.8,28038
2024-06-05 15:28:00,4684.95,4691.2,4682.8,4684.95,31802
2024-06-05 15:29:00,4684.95,4686.1,4680.8,4680.8,4861
2024-06-06 09:15:00,4740.0,4740.0,4703.0,4720.05,5870
2024-06-06 09:16:00,4725.45,4729.8,4720.0,4726.7,3237
2024-06-06 09:17:00,4726.7,4743.65,4725.0,4740.0,3450
2024-06-06 09:18:00,4735.9,4759.75,4735.9,4740.1,4844
2024-06-06 09:19:00,4736.65,4753.15,4736.45,4740.0,3107
2024-06-06 09:20:00,4742.6,4743.8,4733.0,4735.35,3939
2024-06-06 09:21:00,4733.05,4746.9,4725.35,4740.3,2819
2024-06-06 09:22:00,4740.85,4749.4,4735.5,4748.35,6498
2024-06-06 09:23:00,4748.35,4748.9,4734.0,4746.05,1676
2024-06-06 09:24:00,4748.45,4754.7,4743.45,4746.45,4635
2024-06-06 09:25:00,4746.45,4752.7,4742.0,4746.7,2797
2024-06-06 09:26:00,4746.7,4749.95,4740.0,4744.4,2246
2024-06-06 09:27:00,4745.0,4749.8,4735.0,4749.8,5161
2024-06-06 09:28:00,4749.8,4755.65,4749.8,4753.85,2420
2024-06-06 09:29:00,4755.0,4762.0,4753.85,4759.0,1426
2024-06-06 09:30:00,4758.4,4761.5,4750.0,4750.0,1870
2024-06-06 09:31:00,4750.0,4761.0,4750.0,4760.0,509
2024-06-06 09:32:00,4760.0,4762.0,4756.9,4756.9,871
2024-06-06 09:33:00,4759.8,4759.8,4750.0,4756.05,1534
2024-06-06 09:34:00,4757.3,4759.8,4753.55,4758.45,509
2024-06-06 09:35:00,4758.45,4762.0,4743.0,4745.0,7364
2024-06-06 09:36:00,4745.0,4750.0,4740.0,4749.95,1737
2024-06-06 09:37:00,4749.95,4750.95,4746.05,4746.05,571
2024-06-06 09:38:00,4748.95,4748.95,4737.7,4742.55,2582
2024-06-06 09:39:00,4742.55,4753.9,4742.55,4750.0,3354
2024-06-06 09:40:00,4750.0,4752.3,4750.0,4751.65,1474
2024-06-06 09:41:00,4752.2,4755.0,4740.05,4740.1,743
2024-06-06 09:42:00,4740.0,4741.7,4737.0,4738.75,728
2024-06-06 09:43:00,4738.75,4748.25,4738.75,4740.0,415
2024-06-06 09:44:00,4740.95,4744.45,4738.0,4740.0,548
2024-06-06 09:45:00,4739.0,4743.75,4738.05,4740.95,643
2024-06-06 09:46:00,4741.0,4746.9,4740.4,4746.0,204
2024-06-06 09:47:00,4744.15,4747.6,4743.05,4744.55,197
2024-06-06 09:48:00,4743.5,4744.6,4741.3,4744.2,411
2024-06-06 09:49:00,4744.2,4747.5,4742.0,4746.15,2167
2024-06-06 09:50:00,4746.2,4746.2,4733.7,4734.5,548
2024-06-06 09:51:00,4734.5,4736.6,4733.5,4736.2,728
2024-06-06 09:52:00,4736.0,4739.85,4734.5,4739.85,294
2024-06-06 09:53:00,4740.1,4741.45,4735.35,4741.4,604
2024-06-06 09:54:00,4739.4,4741.25,4731.0,4731.0,1296
2024-06-06 09:55:00,4731.0,4732.9,4728.0,4729.9,1202
2024-06-06 09:56:00,4729.45,4739.9,4729.45,4737.25,775
2024-06-06 09:57:00,4737.25,4737.25,4731.15,4733.55,262
2024-06-06 09:58:00,4733.35,4733.75,4730.0,4730.1,237
2024-06-06 09:59:00,4730.1,4733.55,4730.1,4732.25,182
2024-06-06 10:00:00,4732.9,4736.9,4730.0,4732.4,802
2024-06-06 10:01:00,4735.0,4735.35,4730.0,4730.15,562
2024-06-06 10:02:00,4730.15,4734.2,4730.0,4732.7,199
2024-06-06 10:03:00,4732.65,4742.7,4732.65,4738.7,994
2024-06-06 10:04:00,4738.75,4744.8,4738.55,4740.0,847
2024-06-06 10:05:00,4740.0,4746.05,4738.1,4741.5,1285
2024-06-06 10:06:00,4741.5,4744.1,4738.0,4740.55,515
2024-06-06 10:07:00,4742.3,4746.85,4740.0,4740.65,871
2024-06-06 10:08:00,4740.65,4744.4,4738.0,4738.0,652
2024-06-06 10:09:00,4738.0,4739.45,4737.15,4737.15,249
2024-06-06 10:10:00,4737.15,4743.6,4735.0,4738.65,631
2024-06-06 10:11:00,4738.65,4739.2,4732.6,4732.6,457
2024-06-06 10:12:00,4733.6,4735.3,4731.6,4732.0,421
2024-06-06 10:13:00,4732.0,4734.4,4731.0,4733.45,559
2024-06-06 10:14:00,4733.45,4739.7,4731.7,4733.0,1139
2024-06-06 10:15:00,4733.0,4737.65,4731.0,4735.35,227
2024-06-06 10:16:00,4735.35,4737.1,4731.05,4734.05,195
2024-06-06 10:17:00,4734.05,4734.55,4728.1,4731.35,605
2024-06-06 10:18:00,4731.35,4733.0,4728.05,4729.9,355
2024-06-06 10:19:00,4729.9,4733.7,4729.9,4732.45,307
2024-06-06 10:20:00,4732.45,4732.9,4727.3,4730.0,363
2024-06-06 10:21:00,4730.0,4732.45,4729.0,4731.25,370
2024-06-06 10:22:00,4731.3,4737.45,4731.3,4735.05,236
2024-06-06 10:23:00,4735.05,4738.45,4735.05,4738.45,153
2024-06-06 10:24:00,4738.95,4740.0,4735.5,4736.45,278
2024-06-06 10:25:00,4735.55,4738.35,4730.0,4730.85,633
2024-06-06 10:26:00,4730.0,4733.25,4725.0,4725.0,494
2024-06-06 10:27:00,4727.9,4731.75,4725.1,4728.5,503
2024-06-06 10:28:00,4728.5,4732.7,4728.0,4728.3,254
2024-06-06 10:29:00,4728.3,4731.5,4728.3,4730.05,70
2024-06-06 10:30:00,4730.05,4731.65,4728.55,4728.55,256
2024-06-06 10:31:00,4728.55,4728.6,4725.2,4725.35,1211
2024-06-06 10:32:00,4725.35,4728.0,4722.0,4722.9,906
2024-06-06 10:33:00,4722.0,4729.1,4721.05,4723.7,696
2024-06-06 10:34:00,4723.7,4726.7,4723.15,4723.3,540
2024-06-06 10:35:00,4723.3,4725.35,4720.0,4720.0,1490
2024-06-06 10:36:00,4720.0,4731.6,4720.0,4727.35,698
2024-06-06 10:37:00,4727.35,4733.05,4726.5,4730.1,823
2024-06-06 10:38:00,4730.1,4730.1,4727.5,4727.55,557
2024-06-06 10:39:00,4727.55,4729.3,4725.05,4726.9,484
2024-06-06 10:40:00,4726.9,4726.9,4725.05,4725.05,422
2024-06-06 10:41:00,4725.05,4726.45,4720.1,4723.6,469
2024-06-06 10:42:00,4721.45,4726.7,4721.3,4723.75,806
2024-06-06 10:43:00,4723.75,4723.8,4721.0,4721.0,221
2024-06-06 10:44:00,4721.0,4721.9,4720.0,4721.9,480
2024-06-06 10:45:00,4722.0,4725.9,4722.0,4724.5,528
2024-06-06 10:46:00,4724.5,4729.6,4724.5,4726.55,528
2024-06-06 10:47:00,4725.25,4727.7,4725.25,4727.7,319
2024-06-06 10:48:00,4727.7,4736.2,4726.9,4728.65,647
2024-06-06 10:49:00,4728.65,4738.75,4728.65,4734.95,991
2024-06-06 10:50:00,4734.95,4734.95,4731.1,4731.4,414
2024-06-06 10:51:00,4731.4,4734.95,4731.1,4731.75,568
2024-06-06 10:52:00,4731.75,4734.95,4731.65,4732.8,454
2024-06-06 10:53:00,4732.8,4734.95,4732.15,4732.15,264
2024-06-06 10:54:00,4731.15,4732.0,4724.1,4724.9,850
2024-06-06 10:55:00,4724.95,4729.9,4722.9,4724.05,573
2024-06-06 10:56:00,4724.0,4727.95,4722.15,4724.05,539
2024-06-06 10:57:00,4724.05,4725.0,4721.2,4721.8,373
2024-06-06 10:58:00,4721.95,4723.15,4721.5,4721.6,312
2024-06-06 10:59:00,4721.6,4728.45,4721.2,4728.45,390
2024-06-06 11:00:00,4728.15,4728.8,4721.7,4722.5,634
2024-06-06 11:01:00,4722.5,4724.75,4721.2,4723.75,440
2024-06-06 11:02:00,4723.8,4728.8,4722.25,4724.1,1346
2024-06-06 11:03:00,4724.1,4728.3,4722.7,4725.15,550
2024-06-06 11:04:00,4729.4,4729.4,4725.05,4727.1,369
2024-06-06 11:05:00,4725.4,4727.1,4725.15,4725.4,222
2024-06-06 11:06:00,4725.4,4732.5,4725.4,4730.1,998
2024-06-06 11:07:00,4732.45,4732.45,4730.0,4730.0,198
2024-06-06 11:08:00,4730.0,4730.8,4725.4,4725.4,404
2024-06-06 11:09:00,4725.4,4727.9,4723.7,4725.35,445
2024-06-06 11:10:00,4725.35,4725.8,4724.15,4724.55,103
2024-06-06 11:11:00,4724.4,4725.8,4724.05,4724.15,628
2024-06-06 11:12:00,4724.15,4726.15,4724.15,4725.0,204
2024-06-06 11:13:00,4725.0,4725.8,4723.75,4723.75,233
2024-06-06 11:14:00,4723.75,4724.45,4722.25,4722.3,338
2024-06-06 11:15:00,4722.25,4724.0,4722.2,4722.4,561
2024-06-06 11:16:00,4722.4,4725.0,4721.05,4721.05,939
2024-06-06 11:17:00,4721.05,4738.0,4721.05,4736.5,1025
2024-06-06 11:18:00,4735.4,4744.35,4732.55,4740.9,2663
2024-06-06 11:19:00,4740.9,4742.45,4740.0,4742.45,424
2024-06-06 11:20:00,4742.45,4742.5,4739.05,4739.4,311
2024-06-06 11:21:00,4739.4,4741.1,4735.05,4735.05,793
2024-06-06 11:22:00,4735.05,4738.95,4732.9,4736.65,644
2024-06-06 11:23:00,4736.55,4739.35,4736.55,4739.35,525
2024-06-06 11:24:00,4739.35,4739.5,4736.3,4736.4,142
2024-06-06 11:25:00,4736.4,4738.7,4734.5,4734.95,561
2024-06-06 11:26:00,4734.95,4736.0,4728.55,4732.75,828
2024-06-06 11:27:00,4734.0,4735.45,4728.55,4728.55,373
2024-06-06 11:28:00,4728.55,4732.25,4728.55,4731.85,364
2024-06-06 11:29:00,4731.85,4732.1,4730.05,4730.5,308
2024-06-06 11:30:00,4732.1,4732.1,4725.0,4726.0,427
2024-06-06 11:31:00,4726.0,4731.6,4726.0,4728.8,931
2024-06-06 11:32:00,4728.25,4732.55,4726.55,4732.55,552
2024-06-06 11:33:00,4732.55,4732.55,4728.1,4728.9,504
2024-06-06 11:34:00,4728.9,4730.6,4725.0,4725.5,591
2024-06-06 11:35:00,4725.25,4731.35,4725.0,4727.85,420
2024-06-06 11:36:00,4727.2,4728.6,4725.0,4725.0,572
2024-06-06 11:37:00,4723.5,4728.95,4723.0,4723.1,4452
2024-06-06 11:38:00,4723.5,4727.4,4723.5,4724.5,249
2024-06-06 11:39:00,4724.4,4724.5,4724.0,4724.2,862
2024-06-06 11:40:00,4724.2,4726.2,4724.0,4724.05,1041
2024-06-06 11:41:00,4724.05,4726.7,4724.05,4724.7,485
2024-06-06 11:42:00,4724.8,4724.8,4724.0,4724.0,922
2024-06-06 11:43:00,4724.0,4725.9,4722.0,4725.9,1041
2024-06-06 11:44:00,4725.9,4725.9,4723.0,4723.85,595
2024-06-06 11:45:00,4723.85,4725.6,4723.5,4724.3,455
2024-06-06 11:46:00,4723.95,4724.3,4723.0,4723.0,2054
2024-06-06 11:47:00,4723.0,4723.0,4712.35,4712.35,5054
2024-06-06 11:48:00,4712.35,4712.35,4705.05,4707.0,1062
2024-06-06 11:49:00,4707.0,4709.05,4705.0,4705.55,989
2024-06-06 11:50:00,4705.9,4709.95,4705.2,4706.45,991
2024-06-06 11:51:00,4706.45,4711.0,4706.0,4708.3,609
2024-06-06 11:52:00,4708.3,4718.4,4707.85,4716.55,628
2024-06-06 11:53:00,4716.7,4721.85,4714.0,4718.8,430
2024-06-06 11:54:00,4716.55,4724.85,4716.3,4722.6,1039
2024-06-06 11:55:00,4722.6,4727.0,4720.3,4726.3,765
2024-06-06 11:56:00,4726.3,4732.9,4725.4,4730.0,750
2024-06-06 11:57:00,4730.0,4731.0,4722.8,4722.8,624
2024-06-06 11:58:00,4722.8,4728.75,4721.45,4726.5,532
2024-06-06 11:59:00,4726.5,4727.95,4721.35,4721.65,697
2024-06-06 12:00:00,4721.25,4723.4,4716.0,4719.1,892
2024-06-06 12:01:00,4719.45,4720.4,4713.3,4716.2,788
2024-06-06 12:02:00,4716.2,4717.55,4710.0,4710.3,1608
2024-06-06 12:03:00,4710.3,4716.3,4710.0,4715.0,800
2024-06-06 12:04:00,4715.0,4718.95,4713.65,4713.65,1346
2024-06-06 12:05:00,4713.65,4718.95,4713.65,4715.75,892
2024-06-06 12:06:00,4715.75,4721.95,4715.0,4715.9,712
2024-06-06 12:07:00,4717.0,4720.45,4713.65,4718.05,784
2024-06-06 12:08:00,4718.05,4726.05,4718.0,4726.05,912
2024-06-06 12:09:00,4726.05,4727.45,4720.75,4720.75,1233
2024-06-06 12:10:00,4720.75,4727.45,4720.75,4726.5,1466
2024-06-06 12:11:00,4726.2,4729.7,4725.05,4725.05,895
2024-06-06 12:12:00,4725.05,4726.3,4725.0,4725.8,867
2024-06-06 12:13:00,4726.0,4726.9,4725.0,4725.0,607
2024-06-06 12:14:00,4725.0,4725.25,4716.65,4718.85,5082
2024-06-06 12:15:00,4718.3,4725.0,4718.1,4719.3,4767
2024-06-06 12:16:00,4719.3,4721.55,4717.25,4717.25,533
2024-06-06 12:17:00,4719.3,4725.0,4716.0,4722.75,11543
2024-06-06 12:18:00,4725.0,4725.0,4717.6,4720.0,1392
2024-06-06 12:19:00,4720.0,4725.0,4720.0,4725.0,5438
2024-06-06 12:20:00,4725.0,4732.0,4722.7,4729.65,2236
2024-06-06 12:21:00,4731.95,4735.95,4729.9,4735.2,900
2024-06-06 12:22:00,4735.2,4739.95,4733.0,4733.0,1335
2024-06-06 12:23:00,4732.55,4739.0,4732.55,4738.75,585
2024-06-06 12:24:00,4736.75,4740.0,4734.0,4734.65,890
2024-06-06 12:25:00,4734.65,4736.6,4732.1,4735.3,1162
2024-06-06 12:26:00,4735.3,4743.6,4734.2,4739.2,644
2024-06-06 12:27:00,4739.2,4742.3,4738.15,4741.05,880
2024-06-06 12:28:00,4741.05,4743.0,4739.6,4739.6,281
2024-06-06 12:29:00,4739.45,4744.75,4739.45,4742.8,964
2024-06-06 12:30:00,4742.8,4746.45,4741.8,4744.05,1295
2024-06-06 12:31:00,4744.05,4749.0,4742.65,4749.0,1084
2024-06-06 12:32:00,4749.0,4753.75,4745.35,4753.7,2710
2024-06-06 12:33:00,4753.7,4756.6,4751.3,4754.55,745
2024-06-06 12:34:00,4754.55,4759.9,4754.55,4758.95,998
2024-06-06 12:35:00,4759.2,4768.45,4758.75,4767.65,3229
2024-06-06 12:36:00,4767.65,4773.3,4764.55,4771.55,2144
2024-06-06 12:37:00,4776.2,4776.2,4770.05,4771.4,3014
2024-06-06 12:38:00,4771.4,4773.4,4765.05,4767.95,1569
2024-06-06 12:39:00,4768.0,4773.05,4767.55,4768.1,1385
2024-06-06 12:40:00,4770.8,4771.95,4763.65,4765.65,1115
2024-06-06 12:41:00,4768.65,4780.0,4768.65,4779.3,4837
2024-06-06 12:42:00,4779.3,4779.3,4766.7,4766.7,2117
2024-06-06 12:43:00,4766.7,4776.0,4766.7,4771.4,1095
2024-06-06 12:44:00,4771.05,4780.0,4766.15,4766.35,7481
2024-06-06 12:45:00,4766.35,4774.35,4765.0,4766.15,1231
2024-06-06 12:46:00,4766.15,4770.0,4766.15,4767.6,373
2024-06-06 12:47:00,4767.6,4770.0,4758.35,4760.85,1247
2024-06-06 12:48:00,4760.1,4770.0,4760.1,4768.4,662
2024-06-06 12:49:00,4768.4,4775.0,4764.45,4774.65,1846
2024-06-06 12:50:00,4773.3,4775.0,4767.7,4774.75,1085
2024-06-06 12:51:00,4774.75,4779.0,4771.55,4775.65,5866
2024-06-06 12:52:00,4775.7,4778.9,4773.8,4778.05,1050
2024-06-06 12:53:00,4779.0,4780.0,4776.1,4776.9,3084
2024-06-06 12:54:00,4776.9,4779.75,4771.45,4772.35,2027
2024-06-06 12:55:00,4772.35,4777.0,4772.15,4776.0,1023
2024-06-06 12:56:00,4776.05,4788.0,4775.25,4786.0,8569
2024-06-06 12:57:00,4786.0,4793.95,4785.35,4792.85,4848
2024-06-06 12:58:00,4789.9,4800.0,4789.8,4792.55,8412
2024-06-06 12:59:00,4792.55,4797.3,4792.55,4794.0,1488
2024-06-06 13:00:00,4795.35,4797.0,4792.15,4794.35,1536
2024-06-06 13:01:00,4794.35,4807.45,4794.35,4795.05,3362
2024-06-06 13:02:00,4795.05,4797.6,4780.1,4780.1,2226
2024-06-06 13:03:00,4783.9,4787.15,4777.25,4777.25,1642
2024-06-06 13:04:00,4777.25,4786.4,4773.25,4777.55,2328
2024-06-06 13:05:00,4777.25,4788.65,4773.0,4788.65,3938
2024-06-06 13:06:00,4781.6,4789.5,4781.1,4786.35,1133
2024-06-06 13:07:00,4784.3,4789.7,4779.2,4789.7,1178
2024-06-06 13:08:00,4787.35,4790.6,4770.0,4771.2,3047
2024-06-06 13:09:00,4771.2,4775.9,4762.65,4765.85,1808
2024-06-06 13:10:00,4765.85,4775.45,4765.3,4766.95,708
2024-06-06 13:11:00,4772.9,4784.95,4767.05,4778.85,1418
2024-06-06 13:12:00,4778.85,4782.3,4770.0,4776.0,823
2024-06-06 13:13:00,4776.3,4782.95,4775.65,4778.25,1212
2024-06-06 13:14:00,4778.25,4783.55,4776.3,4780.25,1385
2024-06-06 13:15:00,4780.25,4782.0,4775.5,4778.25,825
2024-06-06 13:16:00,4778.25,4782.0,4775.5,4777.4,886
2024-06-06 13:17:00,4777.4,4783.45,4777.15,4783.45,508
2024-06-06 13:18:00,4779.45,4782.95,4776.15,4777.0,747
2024-06-06 13:19:00,4777.05,4777.05,4773.45,4773.45,714
2024-06-06 13:20:00,4773.2,4780.4,4771.9,4775.55,939
2024-06-06 13:21:00,4775.55,4780.0,4775.3,4779.15,575
2024-06-06 13:22:00,4779.15,4779.15,4771.3,4773.35,698
2024-06-06 13:23:00,4773.35,4778.9,4773.35,4773.4,382
2024-06-06 13:24:00,4773.4,4773.4,4767.0,4769.0,1036
2024-06-06 13:25:00,4769.0,4771.35,4765.0,4770.35,444
2024-06-06 13:26:00,4770.35,4779.0,4768.75,4779.0,764
2024-06-06 13:27:00,4780.0,4784.75,4779.0,4780.05,2123
2024-06-06 13:28:00,4781.75,4782.85,4776.75,4776.75,347
2024-06-06 13:29:00,4779.3,4780.15,4776.75,4778.05,389
2024-06-06 13:30:00,4778.05,4780.25,4776.0,4777.15,537
2024-06-06 13:31:00,4777.15,4778.45,4768.95,4768.95,758
2024-06-06 13:32:00,4768.95,4771.8,4767.0,4767.5,566
2024-06-06 13:33:00,4767.5,4772.75,4765.0,4770.15,910
2024-06-06 13:34:00,4770.15,4770.15,4760.1,4761.15,521
2024-06-06 13:35:00,4761.15,4766.55,4760.45,4765.8,677
2024-06-06 13:36:00,4765.8,4769.25,4763.15,4769.25,356
2024-06-06 13:37:00,4769.25,4769.25,4764.0,4765.85,501
2024-06-06 13:38:00,4765.85,4777.45,4765.85,4773.55,499
2024-06-06 13:39:00,4773.55,4776.8,4770.2,4773.15,391
2024-06-06 13:40:00,4773.15,4777.45,4771.6,4772.1,649
2024-06-06 13:41:00,4772.1,4783.0,4772.1,4779.85,866
2024-06-06 13:42:00,4779.85,4782.45,4775.05,4778.15,790
2024-06-06 13:43:00,4778.15,4779.95,4774.1,4777.6,767
2024-06-06 13:44:00,4777.6,4780.0,4772.8,4772.85,511
2024-06-06 13:45:00,4773.05,4776.75,4772.0,4772.0,668
2024-06-06 13:46:00,4773.35,4773.35,4768.3,4769.5,740
2024-06-06 13:47:00,4769.5,4769.5,4761.15,4766.5,965
2024-06-06 13:48:00,4766.5,4767.35,4756.0,4757.05,1742
2024-06-06 13:49:00,4756.6,4758.7,4754.3,4755.65,1082
2024-06-06 13:50:00,4755.45,4766.95,4755.05,4761.55,1756
2024-06-06 13:51:00,4761.5,4771.8,4756.6,4771.8,1792
2024-06-06 13:52:00,4768.8,4773.8,4763.85,4770.35,1433
2024-06-06 13:53:00,4770.35,4783.9,4768.7,4781.0,3138
2024-06-06 13:54:00,4783.6,4790.0,4780.0,4788.1,5393
2024-06-06 13:55:00,4788.1,4790.0,4782.75,4782.75,1336
2024-06-06 13:56:00,4782.75,4786.05,4773.45,4777.85,1999
2024-06-06 13:57:00,4777.85,4777.85,4771.0,4775.45,777
2024-06-06 13:58:00,4777.0,4777.8,4773.2,4776.35,547
2024-06-06 13:59:00,4776.35,4785.0,4772.9,4778.6,1184
2024-06-06 14:00:00,4776.7,4785.95,4776.7,4784.35,829
2024-06-06 14:01:00,4784.35,4785.95,4780.25,4780.25,654
2024-06-06 14:02:00,4780.25,4786.95,4779.15,4779.15,2348
2024-06-06 14:03:00,4779.15,4784.5,4776.2,4780.7,957
2024-06-06 14:04:00,4780.7,4782.95,4775.0,4775.0,1132
2024-06-06 14:05:00,4775.0,4778.2,4770.0,4777.2,1746
2024-06-06 14:06:00,4777.2,4780.4,4774.7,4777.85,927
2024-06-06 14:07:00,4777.85,4782.0,4776.15,4782.0,1772
2024-06-06 14:08:00,4785.0,4786.6,4781.25,4783.8,2157
2024-06-06 14:09:00,4783.8,4790.0,4783.8,4785.6,1714
2024-06-06 14:10:00,4785.75,4788.8,4784.1,4787.15,1757
2024-06-06 14:11:00,4787.15,4790.5,4785.15,4790.45,1482
2024-06-06 14:12:00,4790.45,4791.35,4787.5,4788.75,807
2024-06-06 14:13:00,4789.2,4795.35,4789.05,4795.0,1285
2024-06-06 14:14:00,4795.6,4799.0,4794.35,4798.7,1634
2024-06-06 14:15:00,4798.7,4803.05,4797.0,4801.8,1833
2024-06-06 14:16:00,4801.8,4805.0,4800.55,4802.35,1676
2024-06-06 14:17:00,4802.35,4805.0,4802.35,4803.0,1834
2024-06-06 14:18:00,4804.75,4804.75,4795.15,4796.5,739
2024-06-06 14:19:00,4796.5,4796.5,4786.65,4790.4,1419
2024-06-06 14:20:00,4790.4,4792.95,4785.15,4789.3,841
2024-06-06 14:21:00,4789.3,4789.3,4779.15,4783.35,1510
2024-06-06 14:22:00,4783.9,4789.95,4779.2,4786.7,2078
2024-06-06 14:23:00,4788.0,4789.0,4783.95,4787.95,627
2024-06-06 14:24:00,4787.95,4788.45,4782.3,4786.45,637
2024-06-06 14:25:00,4785.55,4788.7,4784.15,4785.0,762
2024-06-06 14:26:00,4785.0,4788.0,4780.4,4780.95,762
2024-06-06 14:27:00,4783.55,4790.65,4780.1,4786.75,771
2024-06-06 14:28:00,4786.75,4793.7,4785.85,4787.9,1002
2024-06-06 14:29:00,4788.05,4788.05,4780.1,4785.65,599
2024-06-06 14:30:00,4785.65,4785.75,4781.55,4781.9,501
2024-06-06 14:31:00,4781.55,4784.45,4777.0,4777.0,925
2024-06-06 14:32:00,4777.0,4779.6,4773.1,4773.55,759
2024-06-06 14:33:00,4773.15,4783.5,4772.05,4781.3,1086
2024-06-06 14:34:00,4783.4,4783.4,4779.55,4780.95,647
2024-06-06 14:35:00,4780.85,4781.9,4777.5,4780.45,710
2024-06-06 14:36:00,4779.6,4780.45,4772.8,4773.5,664
2024-06-06 14:37:00,4773.5,4777.05,4772.0,4773.4,771
2024-06-06 14:38:00,4773.4,4780.0,4770.2,4776.25,1039
2024-06-06 14:39:00,4776.25,4779.05,4774.0,4777.65,1348
2024-06-06 14:40:00,4776.1,4777.65,4773.2,4774.1,838
2024-06-06 14:41:00,4774.1,4776.05,4770.45,4776.0,615
2024-06-06 14:42:00,4776.05,4786.0,4776.0,4786.0,1324
2024-06-06 14:43:00,4786.0,4788.25,4784.0,4784.0,1497
2024-06-06 14:44:00,4785.3,4785.3,4779.55,4782.45,2044
2024-06-06 14:45:00,4784.4,4792.8,4780.75,4787.4,1898
2024-06-06 14:46:00,4787.3,4789.95,4781.5,4789.25,1395
2024-06-06 14:47:00,4789.05,4789.95,4782.8,4786.5,1034
2024-06-06 14:48:00,4786.45,4789.7,4782.0,4784.7,2331
2024-06-06 14:49:00,4783.95,4788.1,4782.2,4784.95,1084
2024-06-06 14:50:00,4784.95,4791.95,4782.1,4791.95,1393
2024-06-06 14:51:00,4789.95,4791.95,4786.65,4786.65,1139
2024-06-06 14:52:00,4785.95,4788.7,4782.4,4784.6,1610
2024-06-06 14:53:00,4784.6,4788.7,4776.5,4781.15,2492
2024-06-06 14:54:00,4781.05,4783.6,4774.75,4774.75,1864
2024-06-06 14:55:00,4774.6,4782.85,4774.6,4777.15,4006
2024-06-06 14:56:00,4778.95,4782.3,4775.7,4780.6,1925
2024-06-06 14:57:00,4782.55,4786.4,4779.55,4780.1,1682
2024-06-06 14:58:00,4784.05,4788.75,4779.75,4781.65,2505
2024-06-06 14:59:00,4780.6,4795.15,4780.6,4790.55,2308
2024-06-06 15:00:00,4793.4,4794.6,4785.05,4792.35,3370
2024-06-06 15:01:00,4792.35,4794.0,4786.2,4786.2,3430
2024-06-06 15:02:00,4788.5,4791.0,4785.7,4791.0,2510
2024-06-06 15:03:00,4791.0,4791.5,4782.55,4786.6,4654
2024-06-06 15:04:00,4787.8,4793.95,4785.45,4791.35,3132
2024-06-06 15:05:00,4788.8,4793.95,4786.45,4786.45,5084
2024-06-06 15:06:00,4787.65,4793.65,4783.1,4785.5,2684
2024-06-06 15:07:00,4785.5,4788.9,4781.5,4783.65,5410
2024-06-06 15:08:00,4783.4,4789.85,4783.3,4787.95,3071
2024-06-06 15:09:00,4787.95,4794.35,4787.0,4788.25,3806
2024-06-06 15:10:00,4788.25,4794.0,4787.05,4794.0,3458
2024-06-06 15:11:00,4793.95,4810.0,4792.55,4809.6,13132
2024-06-06 15:12:00,4808.0,4815.6,4803.1,4814.95,11115
2024-06-06 15:13:00,4815.95,4817.75,4804.1,4810.1,15323
2024-06-06 15:14:00,4810.1,4815.2,4803.2,4806.35,7584
2024-06-06 15:15:00,4806.35,4810.7,4802.1,4802.15,6994
2024-06-06 15:16:00,4804.6,4805.75,4793.4,4795.0,10411
2024-06-06 15:17:00,4795.2,4796.7,4789.05,4790.65,4784
2024-06-06 15:18:00,4790.9,4798.6,4787.4,4790.9,5988
2024-06-06 15:19:00,4790.0,4797.0,4790.0,4794.95,2880
2024-06-06 15:20:00,4794.95,4800.95,4790.75,4796.0,5868
2024-06-06 15:21:00,4796.0,4801.0,4794.9,4799.65,4196
2024-06-06 15:22:00,4799.65,4804.95,4797.1,4799.85,5290
2024-06-06 15:23:00,4800.05,4803.75,4796.35,4800.0,5420
2024-06-06 15:24:00,4800.0,4809.95,4798.65,4809.95,4890
2024-06-06 15:25:00,4809.35,4810.4,4805.25,4808.8,3870
2024-06-06 15:26:00,4808.8,4812.65,4805.05,4812.0,5253
2024-06-06 15:27:00,4812.0,4814.9,4800.0,4805.6,11367
2024-06-06 15:28:00,4813.1,4818.0,4810.05,4817.95,1384
2024-06-06 15:29:00,4815.05,4819.0,4813.0,4818.0,1242
2024-06-07 09:15:00,4825.0,4864.0,4820.0,4860.75,9778
2024-06-07 09:16:00,4865.75,4884.0,4862.1,4884.0,8450
2024-06-07 09:17:00,4880.9,4911.0,4876.8,4908.0,20511
2024-06-07 09:18:00,4908.25,4909.0,4880.05,4885.35,12019
2024-06-07 09:19:00,4891.4,4918.8,4888.95,4912.45,10736
2024-06-07 09:20:00,4912.45,4937.55,4903.25,4932.35,17435
2024-06-07 09:21:00,4937.3,4941.15,4925.45,4934.15,16988
2024-06-07 09:22:00,4934.3,4938.0,4925.0,4933.75,9498
2024-06-07 09:23:00,4936.9,4940.0,4910.5,4926.45,10098
2024-06-07 09:24:00,4929.2,4929.9,4915.0,4928.3,5347
2024-06-07 09:25:00,4928.3,4934.8,4919.05,4919.2,4493
2024-06-07 09:26:00,4919.15,4919.6,4907.2,4916.85,6487
2024-06-07 09:27:00,4914.2,4930.0,4908.4,4925.7,7124
2024-06-07 09:28:00,4925.5,4948.75,4924.0,4939.05,16595
2024-06-07 09:29:00,4944.0,4944.0,4917.6,4920.85,6930
2024-06-07 09:30:00,4920.5,4921.7,4910.0,4913.8,5889
2024-06-07 09:31:00,4913.8,4929.0,4903.9,4929.0,6070
2024-06-07 09:32:00,4929.0,4934.95,4925.0,4933.0,6074
2024-06-07 09:33:00,4935.0,4936.3,4925.0,4926.55,4659
2024-06-07 09:34:00,4926.55,4927.45,4910.15,4913.0,5687
2024-06-07 09:35:00,4911.95,4927.85,4910.6,4923.7,5778
2024-06-07 09:36:00,4922.85,4937.0,4920.05,4928.9,6466
2024-06-07 09:37:00,4928.6,4937.95,4928.6,4936.45,5683
2024-06-07 09:38:00,4935.0,4938.25,4930.5,4932.5,4079
2024-06-07 09:39:00,4934.0,4934.0,4924.85,4929.5,3458
2024-06-07 09:40:00,4929.5,4937.0,4928.1,4932.8,5226
2024-06-07 09:41:00,4933.0,4945.1,4933.0,4942.85,5642
2024-06-07 09:42:00,4942.1,4949.9,4942.1,4948.0,7161
2024-06-07 09:43:00,4949.0,4969.95,4941.95,4969.0,28889
2024-06-07 09:44:00,4970.0,4985.0,4965.95,4978.05,18443
2024-06-07 09:45:00,4978.0,4981.15,4962.65,4965.55,11144
2024-06-07 09:46:00,4962.55,4974.8,4962.55,4972.0,5776
2024-06-07 09:47:00,4970.9,4981.0,4970.5,4974.1,6535
2024-06-07 09:48:00,4975.0,4987.4,4972.45,4979.9,14878
2024-06-07 09:49:00,4976.55,4987.0,4975.0,4986.0,10355
2024-06-07 09:50:00,4986.0,4990.0,4977.0,4982.15,11522
2024-06-07 09:51:00,4980.0,4983.9,4977.55,4981.0,3989
2024-06-07 09:52:00,4981.0,4996.0,4980.7,4991.0,11764
2024-06-07 09:53:00,4991.0,4998.0,4982.05,4983.0,8933
2024-06-07 09:54:00,4986.55,4990.85,4982.0,4985.8,2291
2024-06-07 09:55:00,4985.8,4989.4,4980.0,4989.2,6407
2024-06-07 09:56:00,4989.2,4998.6,4987.7,4992.05,6734
2024-06-07 09:57:00,4992.15,4997.95,4992.15,4994.0,4198
2024-06-07 09:58:00,4994.0,5007.95,4993.35,4998.15,17768
2024-06-07 09:59:00,5000.0,5003.8,4992.5,4994.35,6862
2024-06-07 10:00:00,4993.65,4995.0,4985.0,4990.0,3043
2024-06-07 10:01:00,4990.0,4990.0,4982.55,4983.0,3788
2024-06-07 10:02:00,4981.75,4991.65,4980.0,4985.0,6903
2024-06-07 10:03:00,4984.25,4987.0,4970.3,4975.75,5503
2024-06-07 10:04:00,4972.85,4983.8,4972.85,4974.55,2225
2024-06-07 10:05:00,4974.55,4980.0,4974.0,4977.05,2879
2024-06-07 10:06:00,4977.05,4983.25,4973.05,4982.0,1020
2024-06-07 10:07:00,4982.0,4984.95,4977.0,4983.95,1490
2024-06-07 10:08:00,4983.95,4992.0,4983.95,4990.85,3340
2024-06-07 10:09:00,4988.15,4991.2,4982.95,4988.0,3616
2024-06-07 10:10:00,4988.0,4991.1,4985.45,4989.2,1417
2024-06-07 10:11:00,4989.2,4990.95,4985.3,4989.0,1735
2024-06-07 10:12:00,4989.0,4994.45,4988.0,4991.55,2983
2024-06-07 10:13:00,4991.5,4998.5,4991.5,4995.15,3994
2024-06-07 10:14:00,4997.95,5003.65,4995.2,5003.25,10951
2024-06-07 10:15:00,5001.3,5003.55,4991.0,4991.0,5401
2024-06-07 10:16:00,4991.0,4994.1,4988.05,4988.55,3292
2024-06-07 10:17:00,4990.0,4992.65,4985.0,4987.6,2916
2024-06-07 10:18:00,4987.45,4987.45,4978.2,4984.7,5294
2024-06-07 10:19:00,4984.7,4984.7,4981.0,4983.85,1110
2024-06-07 10:20:00,4983.85,4983.95,4977.0,4978.9,2283
2024-06-07 10:21:00,4976.05,4979.65,4966.0,4974.75,10403
2024-06-07 10:22:00,4978.0,4979.5,4972.05,4974.6,1533
2024-06-07 10:23:00,4974.6,4976.95,4972.2,4972.9,2048
2024-06-07 10:24:00,4972.9,4985.0,4972.8,4984.95,3378
2024-06-07 10:25:00,4984.95,4989.8,4983.65,4987.4,3008
2024-06-07 10:26:00,4987.4,4992.0,4986.1,4988.4,2879
2024-06-07 10:27:00,4990.9,4991.15,4982.45,4988.0,1482
2024-06-07 10:28:00,4988.0,4990.0,4980.0,4983.0,2441
2024-06-07 10:29:00,4983.0,4983.7,4971.15,4972.45,6772
2024-06-07 10:30:00,4972.45,4973.0,4967.75,4973.0,3883
2024-06-07 10:31:00,4974.8,4977.8,4969.05,4973.0,2060
2024-06-07 10:32:00,4973.0,4974.9,4968.35,4970.0,1591
2024-06-07 10:33:00,4974.05,4974.05,4969.0,4972.0,1852
2024-06-07 10:34:00,4971.85,4971.85,4967.0,4969.3,922
2024-06-07 10:35:00,4969.3,4969.35,4960.4,4966.9,2027
2024-06-07 10:36:00,4966.9,4967.95,4961.25,4963.7,1828
2024-06-07 10:37:00,4962.9,4968.0,4962.0,4967.85,2327
2024-06-07 10:38:00,4967.85,4968.95,4960.05,4968.85,5123
2024-06-07 10:39:00,4968.85,4971.15,4965.7,4970.6,945
2024-06-07 10:40:00,4970.6,4978.0,4970.6,4977.15,1818
2024-06-07 10:41:00,4977.3,4977.3,4970.3,4972.3,1473
2024-06-07 10:42:00,4972.3,4974.15,4963.4,4965.8,1025
2024-06-07 10:43:00,4965.8,4965.8,4955.0,4958.1,2622
2024-06-07 10:44:00,4955.35,4964.9,4955.35,4964.45,3063
2024-06-07 10:45:00,4964.45,4964.95,4959.1,4962.7,823
2024-06-07 10:46:00,4962.7,4970.45,4961.45,4967.95,1437
2024-06-07 10:47:00,4967.95,4970.0,4967.0,4969.95,503
2024-06-07 10:48:00,4968.25,4973.35,4968.25,4972.9,826
2024-06-07 10:49:00,4972.9,4972.9,4967.0,4970.7,1563
2024-06-07 10:50:00,4970.7,4971.45,4965.1,4969.85,2712
2024-06-07 10:51:00,4969.85,4969.85,4966.35,4968.95,365
2024-06-07 10:52:00,4968.95,4969.0,4966.35,4966.35,531
2024-06-07 10:53:00,4966.35,4972.15,4966.35,4971.05,2109
2024-06-07 10:54:00,4971.8,4972.15,4969.25,4969.5,695
2024-06-07 10:55:00,4969.6,4974.8,4969.05,4973.0,644
2024-06-07 10:56:00,4973.0,4981.45,4972.15,4980.55,4525
2024-06-07 10:57:00,4980.55,4987.9,4978.3,4987.9,1926
2024-06-07 10:58:00,4987.9,4989.0,4985.35,4987.8,3264
2024-06-07 10:59:00,4987.8,4989.0,4982.3,4985.0,1834
2024-06-07 11:00:00,4985.0,4994.75,4985.0,4994.3,4624
2024-06-07 11:01:00,4993.6,4995.0,4990.1,4991.7,2611
2024-06-07 11:02:00,4991.6,4991.95,4985.05,4987.15,1610
2024-06-07 11:03:00,4987.1,4987.1,4977.15,4979.7,2227
2024-06-07 11:04:00,4979.9,4980.0,4977.15,4979.85,774
2024-06-07 11:05:00,4979.85,4979.85,4972.2,4978.65,2453
2024-06-07 11:06:00,4978.65,4978.65,4972.95,4977.0,1833
2024-06-07 11:07:00,4975.1,4978.0,4973.7,4973.7,898
2024-06-07 11:08:00,4973.7,4975.0,4970.1,4971.35,886
2024-06-07 11:09:00,4970.1,4972.35,4970.0,4970.25,391
2024-06-07 11:10:00,4970.25,4972.5,4967.45,4970.0,402
2024-06-07 11:11:00,4970.0,4970.0,4967.0,4970.0,427
2024-06-07 11:12:00,4970.0,4972.0,4966.15,4971.55,1369
2024-06-07 11:13:00,4971.55,4977.95,4969.2,4976.5,1798
2024-06-07 11:14:00,4976.5,4983.35,4974.9,4983.35,2651
2024-06-07 11:15:00,4983.35,4983.35,4977.45,4979.95,1786
2024-06-07 11:16:00,4977.4,4986.75,4977.4,4983.5,1901
2024-06-07 11:17:00,4983.5,4987.2,4982.3,4982.3,1257
2024-06-07 11:18:00,4982.3,4984.95,4981.0,4983.2,2114
2024-06-07 11:19:00,4985.0,4992.0,4982.75,4989.5,3299
2024-06-07 11:20:00,4989.5,4993.0,4988.45,4991.0,1416
2024-06-07 11:21:00,4991.0,4992.4,4985.0,4987.0,2144
2024-06-07 11:22:00,4989.9,4993.0,4987.15,4991.9,2438
2024-06-07 11:23:00,4990.0,4994.95,4989.75,4993.6,1299
2024-06-07 11:24:00,4993.6,4994.75,4990.3,4992.0,1479
2024-06-07 11:25:00,4992.0,4992.0,4981.0,4984.3,1727
2024-06-07 11:26:00,4984.3,4984.55,4981.0,4982.95,902
2024-06-07 11:27:00,4982.95,4986.65,4980.0,4986.65,2754
2024-06-07 11:28:00,4986.65,4986.65,4983.7,4985.95,441
2024-06-07 11:29:00,4985.95,4985.95,4981.1,4981.75,674
2024-06-07 11:30:00,4981.75,4987.75,4981.1,4984.4,2782
2024-06-07 11:31:00,4984.4,4985.85,4981.55,4982.85,413
2024-06-07 11:32:00,4982.85,4984.15,4981.5,4983.8,724
2024-06-07 11:33:00,4983.8,4984.45,4981.05,4983.65,1085
2024-06-07 11:34:00,4983.65,4984.95,4981.0,4983.15,428
2024-06-07 11:35:00,4983.15,4984.0,4981.0,4983.9,515
2024-06-07 11:36:00,4983.8,4986.2,4981.05,4981.75,1816
2024-06-07 11:37:00,4983.3,4984.95,4981.35,4984.1,911
2024-06-07 11:38:00,4981.6,4984.05,4978.0,4979.35,7136
2024-06-07 11:39:00,4979.9,4988.45,4978.0,4984.4,1473
2024-06-07 11:40:00,4987.35,4987.45,4981.6,4982.9,307
2024-06-07 11:41:00,4982.9,4982.9,4976.55,4978.65,2092
2024-06-07 11:42:00,4978.65,4978.85,4973.05,4978.0,2064
2024-06-07 11:43:00,4978.8,4983.7,4977.05,4981.0,1212
2024-06-07 11:44:00,4981.0,4985.1,4981.0,4985.05,1896
2024-06-07 11:45:00,4983.05,4985.95,4982.35,4982.35,623
2024-06-07 11:46:00,4982.35,4984.0,4981.0,4982.45,474
2024-06-07 11:47:00,4982.45,4984.95,4981.0,4981.0,507
2024-06-07 11:48:00,4981.05,4982.9,4977.0,4977.7,3856
2024-06-07 11:49:00,4977.0,4980.8,4975.05,4977.45,6100
2024-06-07 11:50:00,4977.45,4979.0,4975.0,4975.9,584
2024-06-07 11:51:00,4975.9,4979.0,4975.15,4978.05,344
2024-06-07 11:52:00,4978.05,4985.0,4976.3,4984.75,993
2024-06-07 11:53:00,4985.0,4986.5,4979.95,4979.95,906
2024-06-07 11:54:00,4979.95,4983.4,4978.1,4983.4,464
2024-06-07 11:55:00,4983.4,4984.45,4979.5,4980.05,1371
2024-06-07 11:56:00,4981.6,4982.35,4977.95,4977.95,711
2024-06-07 11:57:00,4978.0,4980.55,4976.0,4976.3,1256
2024-06-07 11:58:00,4976.55,4980.0,4976.1,4978.1,296
2024-06-07 11:59:00,4978.1,4978.9,4977.0,4978.0,704
2024-06-07 12:00:00,4978.0,4978.5,4974.2,4975.65,1033
2024-06-07 12:01:00,4975.7,4977.05,4970.05,4975.3,1705
2024-06-07 12:02:00,4975.3,4982.0,4975.0,4978.0,1651
2024-06-07 12:03:00,4978.05,4979.15,4978.0,4979.15,210
2024-06-07 12:04:00,4979.15,4983.2,4979.0,4980.05,2756
2024-06-07 12:05:00,4980.05,4982.0,4980.0,4980.0,392
2024-06-07 12:06:00,4980.0,4983.7,4980.0,4981.6,512
2024-06-07 12:07:00,4981.65,4983.0,4980.0,4981.0,738
2024-06-07 12:08:00,4981.0,4982.95,4981.0,4982.8,430
2024-06-07 12:09:00,4982.5,4984.0,4981.0,4982.9,336
2024-06-07 12:10:00,4982.5,4985.1,4981.05,4985.1,1189
2024-06-07 12:11:00,4984.05,4989.05,4982.05,4982.05,2602
2024-06-07 12:12:00,4982.05,4989.45,4982.05,4988.15,3450
2024-06-07 12:13:00,4990.0,4990.0,4985.7,4987.55,3371
2024-06-07 12:14:00,4985.95,4987.4,4981.75,4981.85,833
2024-06-07 12:15:00,4981.85,4984.55,4981.0,4982.0,897
2024-06-07 12:16:00,4982.0,4983.0,4980.0,4980.0,3205
2024-06-07 12:17:00,4980.0,4981.0,4978.0,4978.0,2170
2024-06-07 12:18:00,4977.0,4978.2,4975.0,4976.2,1225
2024-06-07 12:19:00,4975.75,4978.9,4975.1,4978.0,1435
2024-06-07 12:20:00,4978.85,4982.15,4978.0,4981.65,607
2024-06-07 12:21:00,4979.85,4987.3,4979.85,4986.2,1678
2024-06-07 12:22:00,4986.7,4989.0,4985.55,4986.2,591
2024-06-07 12:23:00,4986.2,4987.7,4985.0,4985.6,1039
2024-06-07 12:24:00,4985.6,4985.6,4981.0,4985.4,2752
2024-06-07 12:25:00,4985.4,4985.4,4981.45,4982.8,800
2024-06-07 12:26:00,4982.8,4983.6,4981.0,4981.0,729
2024-06-07 12:27:00,4981.0,4983.0,4979.0,4979.0,1486
2024-06-07 12:28:00,4979.0,4979.55,4978.0,4978.0,365
2024-06-07 12:29:00,4978.0,4979.6,4972.3,4973.35,2155
2024-06-07 12:30:00,4973.35,4976.4,4970.05,4973.4,1314
2024-06-07 12:31:00,4973.4,4973.4,4967.0,4967.0,1530
2024-06-07 12:32:00,4967.0,4969.0,4964.15,4966.1,647
2024-06-07 12:33:00,4966.1,4968.95,4965.0,4966.05,961
2024-06-07 12:34:00,4966.05,4969.2,4963.2,4969.2,2982
2024-06-07 12:35:00,4969.2,4972.95,4968.0,4969.75,2573
2024-06-07 12:36:00,4969.75,4973.75,4969.75,4972.45,526
2024-06-07 12:37:00,4970.0,4972.4,4970.0,4970.0,1477
2024-06-07 12:38:00,4971.7,4971.7,4963.4,4968.0,3416
2024-06-07 12:39:00,4968.0,4973.0,4968.0,4970.5,921
2024-06-07 12:40:00,4970.5,4974.0,4970.5,4973.7,1135
2024-06-07 12:41:00,4973.7,4973.7,4972.0,4972.0,1015
2024-06-07 12:42:00,4972.0,4972.15,4970.0,4970.0,402
2024-06-07 12:43:00,4970.0,4971.1,4969.0,4969.0,2931
2024-06-07 12:44:00,4969.0,4970.0,4965.0,4965.0,1142
2024-06-07 12:45:00,4965.05,4965.05,4959.05,4962.0,1814
2024-06-07 12:46:00,4962.0,4962.0,4958.1,4960.65,492
2024-06-07 12:47:00,4960.65,4960.65,4952.1,4952.1,1864
2024-06-07 12:48:00,4952.0,4954.8,4951.7,4954.45,1016
2024-06-07 12:49:00,4953.0,4954.5,4951.1,4954.1,935
2024-06-07 12:50:00,4954.1,4954.1,4951.1,4952.95,1676
2024-06-07 12:51:00,4952.95,4955.0,4951.0,4954.95,858
2024-06-07 12:52:00,4954.95,4954.95,4952.0,4954.35,1032
2024-06-07 12:53:00,4954.35,4955.0,4950.6,4952.0,1716
2024-06-07 12:54:00,4952.0,4955.25,4950.6,4953.35,882
2024-06-07 12:55:00,4953.9,4953.9,4949.8,4950.25,2104
2024-06-07 12:56:00,4950.0,4953.4,4950.0,4950.0,820
2024-06-07 12:57:00,4951.75,4954.85,4950.0,4954.75,553
2024-06-07 12:58:00,4954.75,4964.5,4954.75,4964.0,918
2024-06-07 12:59:00,4964.0,4966.5,4962.9,4964.0,1692
2024-06-07 13:00:00,4964.0,4966.5,4960.65,4965.3,1557
2024-06-07 13:01:00,4965.3,4966.0,4963.15,4964.0,742
2024-06-07 13:02:00,4964.0,4965.9,4963.65,4963.95,351
2024-06-07 13:03:00,4963.95,4965.95,4961.0,4963.95,952
2024-06-07 13:04:00,4963.95,4966.45,4963.9,4966.4,771
2024-06-07 13:05:00,4966.4,4971.7,4966.0,4971.7,3312
2024-06-07 13:06:00,4971.7,4975.0,4971.0,4973.0,1403
2024-06-07 13:07:00,4973.0,4975.0,4973.0,4975.0,786
2024-06-07 13:08:00,4975.0,4975.4,4971.0,4971.0,1070
2024-06-07 13:09:00,4971.0,4972.3,4961.55,4966.1,1889
2024-06-07 13:10:00,4966.1,4967.1,4961.35,4961.35,720
2024-06-07 13:11:00,4961.35,4963.8,4957.7,4958.3,1031
2024-06-07 13:12:00,4958.3,4960.05,4953.8,4953.8,678
2024-06-07 13:13:00,4953.8,4957.35,4952.0,4954.2,424
2024-06-07 13:14:00,4954.2,4958.1,4952.5,4952.5,509
2024-06-07 13:15:00,4952.5,4954.3,4949.8,4950.1,563
2024-06-07 13:16:00,4950.0,4950.0,4943.6,4945.15,2001
2024-06-07 13:17:00,4945.15,4960.0,4945.05,4960.0,2437
2024-06-07 13:18:00,4960.0,4963.55,4958.25,4962.95,2525
2024-06-07 13:19:00,4962.95,4975.05,4960.65,4965.35,9616
2024-06-07 13:20:00,4964.0,4965.3,4962.6,4963.6,385
2024-06-07 13:21:00,4966.4,4966.4,4963.0,4963.0,650
2024-06-07 13:22:00,4963.0,4963.75,4960.0,4961.5,539
2024-06-07 13:23:00,4960.05,4960.8,4951.7,4951.7,902
2024-06-07 13:24:00,4951.7,4964.05,4948.7,4962.05,3318
2024-06-07 13:25:00,4962.05,4964.15,4954.0,4954.65,940
2024-06-07 13:26:00,4954.65,4956.95,4950.0,4950.35,911
2024-06-07 13:27:00,4950.35,4952.05,4950.0,4950.85,317
2024-06-07 13:28:00,4950.85,4952.0,4945.5,4949.05,803
2024-06-07 13:29:00,4945.8,4949.15,4945.0,4945.0,752
2024-06-07 13:30:00,4945.0,4949.0,4945.0,4948.05,933
2024-06-07 13:31:00,4948.05,4953.9,4947.15,4951.05,697
2024-06-07 13:32:00,4952.7,4953.9,4948.2,4948.2,925
2024-06-07 13:33:00,4948.2,4950.4,4946.0,4950.35,555
2024-06-07 13:34:00,4950.35,4950.35,4948.25,4948.45,277
2024-06-07 13:35:00,4948.45,4952.75,4948.45,4951.0,468
2024-06-07 13:36:00,4951.0,4953.15,4949.8,4949.8,273
2024-06-07 13:37:00,4949.8,4953.05,4948.25,4948.25,301
2024-06-07 13:38:00,4948.25,4953.45,4948.25,4948.7,555
2024-06-07 13:39:00,4948.7,4950.3,4948.0,4948.5,517
2024-06-07 13:40:00,4948.5,4950.25,4947.9,4947.9,255
2024-06-07 13:41:00,4947.9,4949.5,4947.9,4948.0,293
2024-06-07 13:42:00,4948.0,4950.0,4947.2,4948.35,674
2024-06-07 13:43:00,4947.0,4949.5,4945.95,4946.8,562
2024-06-07 13:44:00,4946.8,4949.0,4946.1,4948.5,276
2024-06-07 13:45:00,4948.5,4960.0,4946.5,4960.0,1104
2024-06-07 13:46:00,4960.0,4967.35,4957.1,4967.35,1748
2024-06-07 13:47:00,4968.0,4970.0,4967.7,4968.65,1744
2024-06-07 13:48:00,4968.65,4972.0,4966.0,4971.05,2740
2024-06-07 13:49:00,4971.05,4972.95,4970.0,4972.0,2586
2024-06-07 13:50:00,4972.0,4972.55,4967.5,4967.55,2010
2024-06-07 13:51:00,4966.1,4970.0,4964.45,4964.45,857
2024-06-07 13:52:00,4964.45,4966.4,4960.65,4961.5,514
2024-06-07 13:53:00,4961.5,4962.15,4953.45,4953.9,1036
2024-06-07 13:54:00,4953.9,4956.2,4953.35,4955.75,542
2024-06-07 13:55:00,4955.75,4959.8,4954.55,4958.1,485
2024-06-07 13:56:00,4958.1,4961.65,4958.1,4961.05,516
2024-06-07 13:57:00,4961.05,4961.05,4956.2,4956.85,291
2024-06-07 13:58:00,4956.85,4959.0,4954.55,4955.6,386
2024-06-07 13:59:00,4955.6,4958.0,4953.35,4953.35,321
2024-06-07 14:00:00,4953.35,4955.05,4951.25,4953.0,431
2024-06-07 14:01:00,4953.0,4958.0,4953.0,4956.55,788
2024-06-07 14:02:00,4956.55,4958.7,4954.0,4954.95,231
2024-06-07 14:03:00,4954.95,4958.0,4954.0,4956.5,397
2024-06-07 14:04:00,4956.15,4962.8,4955.0,4961.05,662
2024-06-07 14:05:00,4961.05,4972.0,4958.25,4970.0,4624
2024-06-07 14:06:00,4970.0,4970.1,4965.95,4970.0,1328
2024-06-07 14:07:00,4970.0,4971.9,4969.0,4970.05,477
2024-06-07 14:08:00,4971.5,4971.9,4970.0,4970.2,353
2024-06-07 14:09:00,4970.45,4974.0,4969.05,4971.55,3020
2024-06-07 14:10:00,4971.55,4972.4,4969.5,4969.8,635
2024-06-07 14:11:00,4969.5,4971.7,4969.0,4969.0,1046
2024-06-07 14:12:00,4971.3,4971.3,4968.5,4969.65,3813
2024-06-07 14:13:00,4969.65,4970.0,4958.0,4960.2,4965
2024-06-07 14:14:00,4960.2,4960.2,4958.0,4958.1,215
2024-06-07 14:15:00,4959.65,4959.65,4951.0,4952.55,741
2024-06-07 14:16:00,4952.55,4957.8,4952.55,4955.15,301
2024-06-07 14:17:00,4955.15,4957.3,4948.8,4949.6,1073
2024-06-07 14:18:00,4948.55,4953.75,4945.2,4946.5,3471
2024-06-07 14:19:00,4946.5,4948.0,4945.05,4947.95,818
2024-06-07 14:20:00,4947.95,4960.85,4946.0,4954.05,9434
2024-06-07 14:21:00,4954.05,4956.5,4951.7,4953.8,402
2024-06-07 14:22:00,4954.35,4955.0,4950.05,4955.0,565
2024-06-07 14:23:00,4954.95,4954.95,4949.5,4950.9,356
2024-06-07 14:24:00,4950.9,4954.65,4949.05,4950.5,482
2024-06-07 14:25:00,4950.5,4953.0,4948.5,4950.0,361
2024-06-07 14:26:00,4948.5,4952.0,4948.05,4950.0,263
2024-06-07 14:27:00,4950.0,4952.5,4948.0,4950.55,392
2024-06-07 14:28:00,4950.0,4951.2,4949.95,4950.05,460
2024-06-07 14:29:00,4953.0,4954.45,4950.8,4954.0,477
2024-06-07 14:30:00,4954.0,4958.85,4952.85,4955.4,843
2024-06-07 14:31:00,4955.4,4959.0,4955.25,4956.3,214
2024-06-07 14:32:00,4957.0,4961.95,4956.25,4961.45,1482
2024-06-07 14:33:00,4961.45,4961.45,4956.05,4956.15,700
2024-06-07 14:34:00,4959.0,4960.0,4956.05,4958.55,318
2024-06-07 14:35:00,4958.55,4960.95,4956.1,4960.0,1548
2024-06-07 14:36:00,4960.0,4962.0,4957.6,4960.05,1188
2024-06-07 14:37:00,4960.05,4961.6,4957.7,4958.45,558
2024-06-07 14:38:00,4958.35,4960.0,4956.25,4957.95,1168
2024-06-07 14:39:00,4958.25,4959.65,4956.0,4958.7,504
2024-06-07 14:40:00,4957.2,4966.5,4956.0,4956.0,11183
2024-06-07 14:41:00,4956.0,4960.0,4956.0,4958.05,574
2024-06-07 14:42:00,4959.35,4960.0,4957.6,4959.95,3646
2024-06-07 14:43:00,4959.6,4960.0,4957.0,4957.05,1488
2024-06-07 14:44:00,4959.95,4975.95,4959.95,4975.95,10915
2024-06-07 14:45:00,4973.8,4977.9,4969.15,4969.15,2018
2024-06-07 14:46:00,4969.15,4971.2,4966.55,4969.75,430
2024-06-07 14:47:00,4969.75,4971.7,4967.25,4967.25,564
2024-06-07 14:48:00,4970.0,4973.95,4967.85,4972.4,1309
2024-06-07 14:49:00,4973.95,4975.5,4971.55,4973.05,635
2024-06-07 14:50:00,4973.05,4977.0,4973.0,4976.0,801
2024-06-07 14:51:00,4976.0,4976.95,4974.0,4974.0,395
2024-06-07 14:52:00,4973.0,4975.0,4971.3,4972.9,744
2024-06-07 14:53:00,4972.4,4977.4,4971.0,4974.35,1908
2024-06-07 14:54:00,4974.55,4977.0,4974.4,4974.95,1441
2024-06-07 14:55:00,4974.95,4975.3,4971.0,4974.7,1225
2024-06-07 14:56:00,4974.7,4974.7,4970.65,4971.5,670
2024-06-07 14:57:00,4972.65,4976.7,4971.15,4975.9,1286
2024-06-07 14:58:00,4975.9,4985.0,4974.0,4983.25,4624
2024-06-07 14:59:00,4983.4,4983.5,4975.05,4977.0,1364
2024-06-07 15:00:00,4977.0,4978.0,4975.0,4975.0,2624
2024-06-07 15:01:00,4975.0,4977.05,4975.0,4976.7,2750
2024-06-07 15:02:00,4976.0,4981.0,4975.0,4981.0,1426
2024-06-07 15:03:00,4980.25,4981.0,4975.35,4976.0,1507
2024-06-07 15:04:00,4976.0,4979.45,4975.0,4975.9,834
2024-06-07 15:05:00,4975.9,4980.0,4975.9,4977.95,1286
2024-06-07 15:06:00,4977.95,4984.0,4977.0,4984.0,2543
2024-06-07 15:07:00,4981.75,4983.9,4976.0,4976.0,1901
2024-06-07 15:08:00,4976.0,4978.0,4975.7,4977.0,562
2024-06-07 15:09:00,4977.65,4978.0,4975.0,4978.0,3644
2024-06-07 15:10:00,4977.45,4978.0,4975.0,4976.0,3461
2024-06-07 15:11:00,4975.0,4977.0,4975.0,4977.0,2238
2024-06-07 15:12:00,4977.0,4979.15,4975.0,4979.15,4456
2024-06-07 15:13:00,4979.15,4979.5,4977.0,4978.1,757
2024-06-07 15:14:00,4978.1,4979.05,4975.0,4975.4,2783
2024-06-07 15:15:00,4975.0,4976.8,4970.55,4973.7,4268
2024-06-07 15:16:00,4973.05,4975.0,4970.0,4972.0,3143
2024-06-07 15:17:00,4972.0,4975.0,4969.75,4970.1,5015
2024-06-07 15:18:00,4970.1,4983.0,4970.05,4979.65,2723
2024-06-07 15:19:00,4981.5,4986.0,4977.85,4979.95,9702
2024-06-07 15:20:00,4983.0,4984.05,4977.75,4977.9,4373
2024-06-07 15:21:00,4977.95,4980.9,4976.35,4980.9,1066
2024-06-07 15:22:00,4980.35,4980.85,4977.0,4978.9,1329
2024-06-07 15:23:00,4978.9,4980.0,4977.25,4978.85,1344
2024-06-07 15:24:00,4978.85,4980.0,4976.1,4979.0,2672
2024-06-07 15:25:00,4978.5,4981.95,4976.15,4977.25,3554
2024-06-07 15:26:00,4977.25,4980.4,4975.05,4979.0,1546
2024-06-07 15:27:00,4978.95,4979.15,4974.2,4978.0,2181
2024-06-07 15:28:00,4978.0,4979.0,4970.0,4970.5,1199
2024-06-07 15:29:00,4970.1,4975.0,4951.05,4970.0,3152
2024-06-10 09:15:00,4977.25,4978.8,4954.95,4959.5,3056
2024-06-10 09:16:00,4967.9,4967.9,4932.2,4947.95,3917
2024-06-10 09:17:00,4947.25,4957.45,4940.05,4944.3,4411
2024-06-10 09:18:00,4944.3,4958.0,4940.0,4943.75,1939
2024-06-10 09:19:00,4943.65,4956.35,4942.15,4942.15,3866
2024-06-10 09:20:00,4946.75,4946.75,4935.05,4945.4,2803
2024-06-10 09:21:00,4941.15,4946.75,4938.2,4938.2,745
2024-06-10 09:22:00,4940.1,4940.6,4931.2,4931.65,1136
2024-06-10 09:23:00,4931.65,4936.45,4928.25,4928.3,1554
2024-06-10 09:24:00,4932.7,4941.5,4927.95,4932.1,3135
2024-06-10 09:25:00,4935.25,4937.95,4923.0,4927.6,3572
2024-06-10 09:26:00,4926.0,4935.25,4926.0,4930.55,2845
2024-06-10 09:27:00,4930.55,4938.35,4930.0,4930.6,710
2024-06-10 09:28:00,4930.55,4936.85,4928.0,4928.0,1730
2024-06-10 09:29:00,4928.0,4931.2,4914.1,4923.55,2153
2024-06-10 09:30:00,4924.4,4924.4,4911.05,4918.25,1882
2024-06-10 09:31:00,4918.25,4922.95,4915.5,4919.5,627
2024-06-10 09:32:00,4919.5,4923.85,4916.1,4916.1,1165
2024-06-10 09:33:00,4917.75,4921.85,4915.0,4918.0,1112
2024-06-10 09:34:00,4918.0,4923.0,4911.0,4922.0,4593
2024-06-10 09:35:00,4920.6,4920.6,4909.0,4911.6,1314
2024-06-10 09:36:00,4911.6,4911.6,4903.75,4906.8,1528
2024-06-10 09:37:00,4906.8,4910.0,4894.55,4904.9,3336
2024-06-10 09:38:00,4904.9,4909.45,4902.25,4905.25,1218
2024-06-10 09:39:00,4908.0,4909.25,4905.0,4908.8,1364
2024-06-10 09:40:00,4908.8,4912.15,4906.15,4908.0,816
2024-06-10 09:41:00,4907.4,4917.55,4905.05,4917.45,2322
2024-06-10 09:42:00,4917.45,4918.0,4906.15,4913.0,1216
2024-06-10 09:43:00,4913.0,4915.85,4909.0,4913.25,1576
2024-06-10 09:44:00,4912.3,4918.4,4910.0,4915.7,401
2024-06-10 09:45:00,4915.5,4918.75,4906.0,4909.45,1314
2024-06-10 09:46:00,4906.0,4908.9,4901.05,4903.55,2097
2024-06-10 09:47:00,4903.55,4908.7,4903.55,4907.55,184
2024-06-10 09:48:00,4907.55,4908.8,4905.25,4905.25,392
2024-06-10 09:49:00,4905.25,4908.8,4898.65,4898.65,2923
2024-06-10 09:50:00,4898.65,4904.0,4890.15,4893.95,2896
2024-06-10 09:51:00,4893.95,4898.8,4891.1,4897.7,1122
2024-06-10 09:52:00,4897.7,4897.7,4890.0,4893.0,2374
2024-06-10 09:53:00,4895.0,4900.0,4895.0,4897.0,862
2024-06-10 09:54:00,4897.05,4901.8,4890.95,4901.65,978
2024-06-10 09:55:00,4900.9,4900.9,4890.5,4891.0,1116
2024-06-10 09:56:00,4891.0,4891.0,4885.1,4890.0,1264
2024-06-10 09:57:00,4888.0,4896.8,4888.0,4892.55,1358
2024-06-10 09:58:00,4892.55,4895.4,4882.05,4882.05,2662
2024-06-10 09:59:00,4885.0,4887.95,4880.25,4880.25,1620
2024-06-10 10:00:00,4880.1,4882.0,4875.0,4877.35,2679
2024-06-10 10:01:00,4877.35,4878.65,4869.75,4876.9,2477
2024-06-10 10:02:00,4878.0,4878.0,4871.0,4875.0,1840
2024-06-10 10:03:00,4875.0,4877.35,4870.1,4873.75,1747
2024-06-10 10:04:00,4873.75,4873.75,4865.0,4871.0,2834
2024-06-10 10:05:00,4871.0,4874.15,4868.0,4873.4,1538
2024-06-10 10:06:00,4871.05,4875.9,4868.9,4873.0,832
2024-06-10 10:07:00,4873.0,4880.0,4873.0,4880.0,1345
2024-06-10 10:08:00,4880.0,4880.0,4869.05,4871.55,1135
2024-06-10 10:09:00,4871.8,4880.0,4871.8,4880.0,1750
2024-06-10 10:10:00,4877.9,4886.0,4876.0,4886.0,1038
2024-06-10 10:11:00,4886.0,4888.65,4884.0,4886.0,1264
2024-06-10 10:12:00,4886.0,4888.0,4884.0,4885.0,3811
2024-06-10 10:13:00,4885.0,4885.0,4881.05,4882.0,333
2024-06-10 10:14:00,4881.05,4881.05,4876.45,4876.45,776
2024-06-10 10:15:00,4878.5,4879.0,4872.0,4872.0,1979
2024-06-10 10:16:00,4872.9,4873.0,4870.0,4873.0,614
2024-06-10 10:17:00,4873.0,4875.0,4871.4,4874.95,1254
2024-06-10 10:18:00,4874.95,4874.95,4870.55,4871.05,407
2024-06-10 10:19:00,4871.0,4875.0,4871.0,4875.0,336
2024-06-10 10:20:00,4875.0,4875.0,4870.45,4873.85,1127
2024-06-10 10:21:00,4872.5,4873.2,4870.05,4872.0,799
2024-06-10 10:22:00,4872.0,4877.85,4870.05,4877.85,3848
2024-06-10 10:23:00,4877.85,4879.95,4873.75,4879.75,1318
2024-06-10 10:24:00,4879.75,4883.0,4877.05,4881.3,748
2024-06-10 10:25:00,4883.0,4884.05,4880.3,4882.0,1479
2024-06-10 10:26:00,4882.5,4882.9,4877.0,4879.0,1220
2024-06-10 10:27:00,4879.0,4879.0,4873.25,4877.15,1229
2024-06-10 10:28:00,4877.3,4878.0,4872.3,4875.05,1274
2024-06-10 10:29:00,4875.5,4881.9,4875.0,4881.9,496
2024-06-10 10:30:00,4880.45,4880.45,4872.0,4873.3,1355
2024-06-10 10:31:00,4873.3,4873.3,4868.5,4868.5,3024
2024-06-10 10:32:00,4868.95,4869.65,4867.2,4867.5,1172
2024-06-10 10:33:00,4867.5,4869.95,4867.0,4867.95,1264
2024-06-10 10:34:00,4867.95,4874.75,4867.0,4871.2,2166
2024-06-10 10:35:00,4872.3,4876.4,4872.0,4876.3,557
2024-06-10 10:36:00,4875.85,4875.85,4872.5,4874.35,687
2024-06-10 10:37:00,4874.35,4876.35,4873.5,4873.95,422
2024-06-10 10:38:00,4873.95,4875.2,4871.25,4871.25,649
2024-06-10 10:39:00,4871.95,4873.45,4867.75,4868.2,1502
2024-06-10 10:40:00,4868.55,4875.0,4868.0,4873.95,448
2024-06-10 10:41:00,4873.25,4874.0,4871.55,4874.0,717
2024-06-10 10:42:00,4874.0,4874.0,4872.05,4873.55,243
2024-06-10 10:43:00,4873.55,4874.0,4872.0,4874.0,498
2024-06-10 10:44:00,4874.0,4874.0,4872.25,4873.0,384
2024-06-10 10:45:00,4874.0,4874.0,4871.0,4873.1,1698
2024-06-10 10:46:00,4870.4,4875.0,4870.3,4875.0,427
2024-06-10 10:47:00,4875.0,4886.0,4875.0,4879.8,4195
2024-06-10 10:48:00,4882.05,4885.75,4878.05,4885.0,2020
2024-06-10 10:49:00,4885.0,4885.0,4876.15,4878.65,749
2024-06-10 10:50:00,4878.65,4878.65,4873.85,4874.0,2011
2024-06-10 10:51:00,4873.6,4874.0,4870.15,4871.8,1665
2024-06-10 10:52:00,4872.0,4873.9,4867.05,4870.0,3874
2024-06-10 10:53:00,4870.0,4870.2,4868.55,4870.1,396
2024-06-10 10:54:00,4870.1,4872.0,4870.1,4871.35,1509
2024-06-10 10:55:00,4871.55,4873.95,4871.5,4873.7,853
2024-06-10 10:56:00,4873.65,4880.0,4873.0,4876.65,4030
2024-06-10 10:57:00,4879.6,4879.6,4876.2,4879.0,3155
2024-06-10 10:58:00,4879.0,4882.35,4877.0,4882.35,3457
2024-06-10 10:59:00,4882.35,4884.0,4881.0,4881.0,935
2024-06-10 11:00:00,4881.0,4885.85,4880.0,4885.85,5466
2024-06-10 11:01:00,4885.85,4887.65,4884.0,4887.15,1488
2024-06-10 11:02:00,4887.15,4887.85,4884.0,4887.25,1217
2024-06-10 11:03:00,4886.8,4891.0,4885.55,4891.0,1703
2024-06-10 11:04:00,4891.0,4892.0,4889.65,4891.0,443
2024-06-10 11:05:00,4891.3,4891.5,4890.05,4891.0,409
2024-06-10 11:06:00,4890.05,4892.0,4888.6,4888.6,1274
2024-06-10 11:07:00,4888.6,4891.3,4883.55,4883.95,859
2024-06-10 11:08:00,4885.0,4896.95,4883.6,4896.95,3868
2024-06-10 11:09:00,4897.95,4900.45,4897.65,4900.0,4287
2024-06-10 11:10:00,4900.0,4904.95,4900.0,4904.95,1556
2024-06-10 11:11:00,4904.95,4905.8,4903.1,4904.0,740
2024-06-10 11:12:00,4904.0,4906.0,4900.75,4903.85,920
2024-06-10 11:13:00,4903.95,4905.7,4901.2,4904.4,1191
2024-06-10 11:14:00,4904.95,4910.0,4904.6,4910.0,1897
2024-06-10 11:15:00,4908.05,4912.9,4907.15,4912.0,1170
2024-06-10 11:16:00,4912.0,4913.0,4908.7,4912.0,786
2024-06-10 11:17:00,4912.0,4912.0,4909.0,4909.05,680
2024-06-10 11:18:00,4909.0,4910.95,4905.65,4905.65,667
2024-06-10 11:19:00,4905.65,4911.95,4905.65,4911.9,890
2024-06-10 11:20:00,4911.9,4913.05,4909.15,4911.05,30
2024-06-10 11:21:00,4911.05,4920.0,4911.05,4919.5,2084
2024-06-10 11:22:00,4919.5,4920.0,4917.15,4917.5,1326
2024-06-10 11:23:00,4917.5,4920.0,4917.5,4920.0,420
2024-06-10 11:24:00,4920.0,4920.0,4916.9,4916.95,531
2024-06-10 11:25:00,4916.95,4919.0,4915.0,4919.0,976
2024-06-10 11:26:00,4918.15,4920.0,4915.8,4917.05,1928
2024-06-10 11:27:00,4917.05,4917.05,4916.6,4917.0,161
2024-06-10 11:28:00,4916.8,4917.0,4913.2,4913.2,164
2024-06-10 11:29:00,4914.1,4916.8,4911.55,4911.55,248
2024-06-10 11:30:00,4911.55,4914.55,4910.0,4911.6,330
2024-06-10 11:31:00,4911.6,4915.4,4910.0,4912.35,817
2024-06-10 11:32:00,4912.35,4913.15,4910.0,4912.0,28
2024-06-10 11:33:00,4912.0,4915.9,4910.95,4913.75,211
2024-06-10 11:34:00,4913.2,4915.9,4913.0,4913.0,221
2024-06-10 11:35:00,4913.0,4914.95,4910.7,4910.7,131
2024-06-10 11:36:00,4913.45,4913.65,4910.35,4913.0,170
2024-06-10 11:37:00,4913.0,4913.6,4910.1,4912.0,306
2024-06-10 11:38:00,4912.0,4913.6,4911.0,4913.0,327
2024-06-10 11:39:00,4913.0,4913.0,4912.0,4912.9,243
2024-06-10 11:40:00,4912.9,4913.0,4906.0,4907.3,813
2024-06-10 11:41:00,4907.7,4908.9,4904.05,4905.75,1181
2024-06-10 11:42:00,4905.75,4905.75,4900.0,4902.55,2362
2024-06-10 11:43:00,4902.55,4904.0,4900.0,4900.0,221
2024-06-10 11:44:00,4900.0,4901.0,4899.75,4900.0,4549
2024-06-10 11:45:00,4900.0,4903.95,4900.0,4903.85,907
2024-06-10 11:46:00,4903.85,4904.0,4900.05,4904.0,627
2024-06-10 11:47:00,4902.35,4907.6,4902.05,4905.65,335
2024-06-10 11:48:00,4905.65,4909.5,4903.55,4906.75,284
2024-06-10 11:49:00,4906.75,4909.85,4905.05,4909.8,371
2024-06-10 11:50:00,4909.8,4909.8,4906.05,4908.1,444
2024-06-10 11:51:00,4908.1,4910.0,4906.0,4907.4,366
2024-06-10 11:52:00,4907.4,4913.0,4907.3,4909.7,1191
2024-06-10 11:53:00,4909.7,4913.9,4909.7,4910.0,707
2024-06-10 11:54:00,4910.0,4913.35,4910.0,4913.35,548
2024-06-10 11:55:00,4913.35,4914.85,4912.0,4913.2,1082
2024-06-10 11:56:00,4913.75,4914.0,4910.0,4910.15,693
2024-06-10 11:57:00,4910.15,4913.0,4910.15,4912.25,33
2024-06-10 11:58:00,4912.25,4912.25,4909.05,4911.25,131
2024-06-10 11:59:00,4911.25,4912.85,4907.4,4910.0,482
2024-06-10 12:00:00,4910.0,4910.0,4906.85,4907.25,367
2024-06-10 12:01:00,4907.15,4909.6,4906.1,4907.15,183
2024-06-10 12:02:00,4906.9,4908.85,4905.0,4906.1,372
2024-06-10 12:03:00,4906.65,4907.05,4903.6,4903.6,125
2024-06-10 12:04:00,4906.3,4910.95,4903.1,4908.45,1032
2024-06-10 12:05:00,4908.45,4910.8,4903.3,4903.45,146
2024-06-10 12:06:00,4903.45,4904.0,4901.05,4903.3,366
2024-06-10 12:07:00,4903.3,4905.4,4902.05,4905.25,90
2024-06-10 12:08:00,4903.3,4905.95,4903.0,4903.05,194
2024-06-10 12:09:00,4903.05,4905.3,4902.0,4904.9,417
2024-06-10 12:10:00,4905.0,4905.0,4903.35,4904.9,157
2024-06-10 12:11:00,4904.9,4904.9,4903.3,4903.3,25
2024-06-10 12:12:00,4903.3,4904.45,4902.05,4902.05,247
2024-06-10 12:13:00,4902.9,4903.75,4902.0,4903.75,252
2024-06-10 12:14:00,4902.1,4904.0,4900.95,4903.95,567
2024-06-10 12:15:00,4903.95,4904.0,4901.35,4902.0,51
2024-06-10 12:16:00,4903.0,4904.2,4902.0,4903.9,40
2024-06-10 12:17:00,4903.9,4904.35,4900.95,4900.95,85
2024-06-10 12:18:00,4900.95,4904.8,4900.95,4903.45,68
2024-06-10 12:19:00,4903.45,4904.0,4900.05,4902.0,380
2024-06-10 12:20:00,4902.0,4904.7,4900.25,4901.95,15201
2024-06-10 12:21:00,4901.95,4902.0,4900.15,4902.0,25743
2024-06-10 12:22:00,4902.0,4902.0,4900.05,4901.95,10927
2024-06-10 12:23:00,4902.0,4902.0,4900.1,4900.9,285
2024-06-10 12:24:00,4902.0,4902.0,4899.05,4901.3,3226
2024-06-10 12:25:00,4901.75,4902.0,4899.95,4902.0,90
2024-06-10 12:26:00,4902.0,4902.0,4895.0,4898.0,898
2024-06-10 12:27:00,4900.15,4900.15,4898.55,4900.0,242
2024-06-10 12:28:00,4900.15,4901.2,4899.55,4899.95,73
2024-06-10 12:29:00,4899.95,4902.0,4898.55,4901.95,163
2024-06-10 12:30:00,4901.95,4902.0,4899.95,4900.0,332
2024-06-10 12:31:00,4900.0,4901.4,4896.55,4899.05,333
2024-06-10 12:32:00,4899.95,4902.0,4898.15,4900.05,1272
2024-06-10 12:33:00,4900.05,4902.25,4900.05,4902.25,95
2024-06-10 12:34:00,4902.25,4902.45,4900.15,4901.85,111
2024-06-10 12:35:00,4901.85,4902.0,4900.05,4901.0,42
2024-06-10 12:36:00,4901.0,4902.25,4901.0,4901.05,60
2024-06-10 12:37:00,4901.0,4902.0,4900.1,4901.7,89
2024-06-10 12:38:00,4901.7,4902.0,4900.05,4902.0,411
2024-06-10 12:39:00,4902.0,4902.0,4900.35,4900.35,565
2024-06-10 12:40:00,4902.0,4902.0,4900.3,4900.3,43
2024-06-10 12:41:00,4900.3,4902.0,4899.95,4899.95,766
2024-06-10 12:42:00,4899.95,4901.45,4899.95,4900.05,47
2024-06-10 12:43:00,4901.45,4902.0,4900.05,4900.05,137
2024-06-10 12:44:00,4901.95,4902.0,4900.05,4900.1,65
2024-06-10 12:45:00,4902.0,4902.0,4896.8,4896.8,88
2024-06-10 12:46:00,4896.8,4901.8,4896.8,4901.55,2147
2024-06-10 12:47:00,4901.55,4901.55,4899.95,4899.95,214
2024-06-10 12:48:00,4900.0,4901.5,4899.95,4901.3,26
2024-06-10 12:49:00,4901.3,4901.4,4899.75,4901.4,118
2024-06-10 12:50:00,4901.4,4901.5,4900.05,4900.05,220
2024-06-10 12:51:00,4901.4,4901.75,4900.0,4901.5,153
2024-06-10 12:52:00,4901.5,4901.5,4900.0,4900.0,103
2024-06-10 12:53:00,4900.0,4901.5,4900.0,4901.5,32
2024-06-10 12:54:00,4900.05,4902.0,4900.05,4902.0,85
2024-06-10 12:55:00,4901.3,4902.0,4900.9,4900.9,60
2024-06-10 12:56:00,4900.9,4904.9,4900.9,4902.0,726
2024-06-10 12:57:00,4902.0,4903.0,4901.0,4901.25,91
2024-06-10 12:58:00,4901.25,4904.7,4901.0,4902.45,723
2024-06-10 12:59:00,4902.45,4902.85,4900.0,4900.0,132
2024-06-10 13:00:00,4902.15,4904.15,4901.0,4901.0,495
2024-06-10 13:01:00,4901.0,4902.0,4901.0,4902.0,353
2024-06-10 13:02:00,4902.0,4902.0,4900.0,4900.0,237
2024-06-10 13:03:00,4901.7,4902.0,4900.05,4900.15,37
2024-06-10 13:04:00,4900.15,4902.0,4900.0,4901.8,136
2024-06-10 13:05:00,4901.8,4902.0,4900.0,4900.1,44
2024-06-10 13:06:00,4902.0,4902.0,4900.15,4902.0,80
2024-06-10 13:07:00,4902.0,4902.0,4900.3,4901.35,1899
2024-06-10 13:08:00,4901.35,4902.0,4900.5,4900.6,460
2024-06-10 13:09:00,4900.6,4902.0,4900.6,4902.0,212
2024-06-10 13:10:00,4902.0,4902.0,4900.65,4901.95,38
2024-06-10 13:11:00,4901.95,4902.0,4900.65,4900.65,49
2024-06-10 13:12:00,4902.0,4902.0,4900.65,4900.65,678
2024-06-10 13:13:00,4900.65,4902.0,4900.65,4902.0,83
2024-06-10 13:14:00,4902.0,4902.0,4900.0,4900.0,1606
2024-06-10 13:15:00,4901.9,4902.0,4900.0,4901.95,496
2024-06-10 13:16:00,4901.95,4902.0,4900.05,4901.95,84
2024-06-10 13:17:00,4902.0,4902.0,4900.2,4900.35,44
2024-06-10 13:18:00,4900.35,4903.0,4900.35,4903.0,134
2024-06-10 13:19:00,4903.0,4903.0,4900.2,4902.35,72
2024-06-10 13:20:00,4902.2,4904.85,4900.2,4903.5,378
2024-06-10 13:21:00,4903.5,4904.0,4902.2,4903.0,113
2024-06-10 13:22:00,4903.0,4905.4,4903.0,4905.25,276
2024-06-10 13:23:00,4905.25,4905.85,4900.7,4903.15,698
2024-06-10 13:24:00,4903.15,4903.2,4901.0,4903.1,114
2024-06-10 13:25:00,4903.1,4903.1,4900.55,4903.0,21
2024-06-10 13:26:00,4903.0,4903.0,4901.0,4903.0,288
2024-06-10 13:27:00,4901.0,4903.0,4901.0,4903.0,210
2024-06-10 13:28:00,4903.0,4903.1,4901.2,4902.95,436
2024-06-10 13:29:00,4902.9,4907.05,4901.2,4907.05,4150
2024-06-10 13:30:00,4908.8,4908.8,4903.55,4903.55,353
2024-06-10 13:31:00,4903.25,4903.25,4901.2,4902.0,354
2024-06-10 13:32:00,4902.0,4903.0,4901.2,4903.0,563
2024-06-10 13:33:00,4903.0,4903.0,4901.45,4902.85,51
2024-06-10 13:34:00,4902.85,4903.0,4902.7,4902.75,222
2024-06-10 13:35:00,4902.75,4903.0,4902.0,4902.0,23
2024-06-10 13:36:00,4903.0,4903.0,4901.2,4902.0,92
2024-06-10 13:37:00,4902.0,4903.0,4902.0,4902.55,209
2024-06-10 13:38:00,4902.0,4903.0,4902.0,4903.0,144
2024-06-10 13:39:00,4903.0,4904.25,4903.0,4903.0,51
2024-06-10 13:40:00,4903.0,4904.75,4902.55,4904.75,127
2024-06-10 13:41:00,4905.85,4905.85,4903.15,4904.55,81
2024-06-10 13:42:00,4904.55,4906.4,4904.55,4906.0,237
2024-06-10 13:43:00,4906.0,4906.85,4904.6,4904.7,325
2024-06-10 13:44:00,4906.0,4907.0,4904.75,4904.95,127
2024-06-10 13:45:00,4904.65,4907.0,4904.6,4907.0,103
2024-06-10 13:46:00,4907.0,4909.0,4905.05,4907.25,119
2024-06-10 13:47:00,4907.2,4910.55,4907.1,4909.35,282
2024-06-10 13:48:00,4909.35,4914.45,4908.0,4911.65,2893
2024-06-10 13:49:00,4911.65,4911.65,4908.0,4908.7,268
2024-06-10 13:50:00,4908.7,4909.0,4907.0,4909.0,259
2024-06-10 13:51:00,4909.0,4909.5,4907.6,4908.8,148
2024-06-10 13:52:00,4908.8,4909.5,4904.55,4905.05,408
2024-06-10 13:53:00,4905.05,4905.05,4901.45,4902.5,986
2024-06-10 13:54:00,4902.5,4905.35,4902.1,4902.9,54
2024-06-10 13:55:00,4902.9,4907.65,4902.9,4903.85,202
2024-06-10 13:56:00,4903.85,4906.3,4903.25,4903.65,115
2024-06-10 13:57:00,4904.95,4904.95,4903.65,4903.9,57
2024-06-10 13:58:00,4903.9,4906.9,4902.1,4904.9,563
2024-06-10 13:59:00,4904.9,4907.55,4903.2,4905.7,74
2024-06-10 14:00:00,4907.95,4909.55,4905.05,4908.4,214
2024-06-10 14:01:00,4908.4,4909.35,4904.5,4905.75,214
2024-06-10 14:02:00,4909.35,4909.35,4906.3,4906.45,134
2024-06-10 14:03:00,4908.0,4909.5,4907.5,4909.45,76
2024-06-10 14:04:00,4909.45,4910.0,4907.45,4909.55,215
2024-06-10 14:05:00,4910.0,4911.0,4908.45,4911.0,265
2024-06-10 14:06:00,4909.45,4911.0,4908.0,4909.75,115
2024-06-10 14:07:00,4908.95,4916.0,4908.0,4916.0,8654
2024-06-10 14:08:00,4917.0,4920.3,4916.05,4918.45,4280
2024-06-10 14:09:00,4918.45,4919.35,4917.0,4918.0,580
2024-06-10 14:10:00,4918.0,4918.0,4915.8,4915.8,657
2024-06-10 14:11:00,4915.8,4915.9,4912.15,4915.15,312
2024-06-10 14:12:00,4915.9,4918.0,4912.65,4915.05,450
2024-06-10 14:13:00,4915.05,4916.1,4914.95,4916.1,80
2024-06-10 14:14:00,4914.95,4916.1,4912.5,4914.0,310
2024-06-10 14:15:00,4914.0,4918.0,4912.1,4918.0,106
2024-06-10 14:16:00,4918.0,4918.4,4914.9,4918.3,903
2024-06-10 14:17:00,4918.3,4918.4,4917.95,4917.95,197
2024-06-10 14:18:00,4917.95,4918.4,4917.95,4918.25,478
2024-06-10 14:19:00,4918.25,4918.4,4917.95,4918.0,745
2024-06-10 14:20:00,4918.0,4920.9,4917.95,4919.0,1257
2024-06-10 14:21:00,4919.0,4920.8,4917.95,4920.0,348
2024-06-10 14:22:00,4920.0,4921.55,4918.3,4919.1,474
2024-06-10 14:23:00,4919.1,4919.4,4917.95,4918.0,670
2024-06-10 14:24:00,4918.0,4920.0,4917.95,4918.05,976
2024-06-10 14:25:00,4918.05,4919.85,4917.95,4918.0,4091
2024-06-10 14:26:00,4918.0,4919.0,4917.95,4918.0,1557
2024-06-10 14:27:00,4918.0,4919.0,4912.55,4913.0,1539
2024-06-10 14:28:00,4912.95,4912.95,4905.0,4905.95,1228
2024-06-10 14:29:00,4905.95,4909.45,4903.0,4903.0,907
2024-06-10 14:30:00,4901.2,4905.4,4900.05,4905.4,1748
2024-06-10 14:31:00,4905.4,4905.4,4900.2,4903.0,1286
2024-06-10 14:32:00,4900.5,4904.0,4900.5,4902.0,213
2024-06-10 14:33:00,4902.0,4905.0,4902.0,4904.3,192
2024-06-10 14:34:00,4904.3,4905.85,4901.65,4904.6,535
2024-06-10 14:35:00,4901.1,4904.55,4900.0,4900.8,888
2024-06-10 14:36:00,4900.8,4908.3,4900.25,4905.15,853
2024-06-10 14:37:00,4905.15,4908.3,4903.05,4907.05,2071
2024-06-10 14:38:00,4907.05,4908.0,4904.95,4905.0,474
2024-06-10 14:39:00,4905.0,4907.95,4905.0,4905.45,283
2024-06-10 14:40:00,4905.45,4909.85,4905.45,4908.0,479
2024-06-10 14:41:00,4908.0,4910.15,4907.2,4908.0,1455
2024-06-10 14:42:00,4908.0,4910.6,4908.0,4908.0,437
2024-06-10 14:43:00,4910.0,4912.2,4908.1,4912.0,1367
2024-06-10 14:44:00,4911.95,4912.0,4908.9,4909.05,2843
2024-06-10 14:45:00,4909.15,4909.15,4905.0,4905.4,164
2024-06-10 14:46:00,4905.1,4910.25,4905.05,4907.95,332
2024-06-10 14:47:00,4907.95,4907.95,4905.2,4905.4,73
2024-06-10 14:48:00,4905.4,4909.4,4905.4,4909.4,113
2024-06-10 14:49:00,4909.4,4910.0,4906.0,4907.65,201
2024-06-10 14:50:00,4909.95,4910.0,4906.6,4907.0,72
2024-06-10 14:51:00,4909.95,4910.7,4906.6,4906.6,342
2024-06-10 14:52:00,4906.6,4909.45,4905.95,4906.15,193
2024-06-10 14:53:00,4906.15,4909.45,4905.25,4908.15,627
2024-06-10 14:54:00,4908.15,4908.5,4905.5,4907.9,408
2024-06-10 14:55:00,4907.1,4908.75,4906.0,4906.0,422
2024-06-10 14:56:00,4906.45,4906.45,4905.0,4905.2,145
2024-06-10 14:57:00,4905.65,4905.65,4904.0,4905.0,217
2024-06-10 14:58:00,4905.0,4906.0,4904.0,4906.0,232
2024-06-10 14:59:00,4904.1,4909.1,4904.0,4906.05,360
2024-06-10 15:00:00,4905.7,4908.0,4905.0,4908.0,551
2024-06-10 15:01:00,4908.0,4911.2,4907.0,4911.1,747
2024-06-10 15:02:00,4911.0,4913.1,4906.55,4912.6,808
2024-06-10 15:03:00,4913.4,4913.6,4911.1,4913.6,2468
2024-06-10 15:04:00,4913.6,4919.0,4912.25,4918.1,2440
2024-06-10 15:05:00,4918.1,4918.1,4906.05,4910.9,2782
2024-06-10 15:06:00,4910.9,4912.0,4902.95,4903.95,4109
2024-06-10 15:07:00,4903.95,4905.0,4902.45,4904.85,892
2024-06-10 15:08:00,4904.85,4904.95,4902.0,4904.35,638
2024-06-10 15:09:00,4904.35,4905.0,4900.6,4905.0,3572
2024-06-10 15:10:00,4904.05,4905.0,4902.05,4903.5,1104
2024-06-10 15:11:00,4903.5,4905.0,4902.15,4904.15,627
2024-06-10 15:12:00,4905.0,4905.0,4901.3,4904.0,946
2024-06-10 15:13:00,4904.0,4905.0,4900.55,4903.0,994
2024-06-10 15:14:00,4903.0,4905.0,4900.45,4905.0,1395
2024-06-10 15:15:00,4902.0,4905.85,4900.35,4904.95,2778
2024-06-10 15:16:00,4904.95,4904.95,4900.05,4903.15,1081
2024-06-10 15:17:00,4904.0,4904.0,4900.0,4902.0,1376
2024-06-10 15:18:00,4901.65,4902.0,4895.55,4897.6,2517
2024-06-10 15:19:00,4899.0,4900.5,4895.0,4897.2,1247
2024-06-10 15:20:00,4897.2,4900.0,4895.05,4896.4,2011
2024-06-10 15:21:00,4896.35,4899.45,4895.0,4897.55,1760
2024-06-10 15:22:00,4895.2,4899.55,4895.0,4896.55,1216
2024-06-10 15:23:00,4896.55,4899.95,4895.0,4899.95,1046
2024-06-10 15:24:00,4899.95,4902.0,4898.05,4900.85,2894
2024-06-10 15:25:00,4900.65,4901.75,4897.35,4901.0,956
2024-06-10 15:26:00,4901.55,4901.8,4898.85,4900.0,1076
2024-06-10 15:27:00,4899.95,4900.0,4898.0,4898.0,706
2024-06-10 15:28:00,4898.05,4900.0,4898.0,4899.95,872
2024-06-10 15:29:00,4899.95,4899.95,4896.0,4898.0,726
2024-06-11 09:15:00,4924.75,4930.0,4903.45,4914.6,1954
2024-06-11 09:16:00,4914.8,4916.9,4907.85,4909.6,1006
2024-06-11 09:17:00,4907.1,4912.55,4901.6,4901.6,1606
2024-06-11 09:18:00,4904.6,4909.45,4901.6,4901.6,496
2024-06-11 09:19:00,4904.95,4927.85,4901.55,4925.75,1077
2024-06-11 09:20:00,4926.75,4938.0,4923.3,4938.0,2190
2024-06-11 09:21:00,4937.65,4941.85,4931.0,4939.55,1777
2024-06-11 09:22:00,4939.55,4939.6,4936.0,4938.05,438
2024-06-11 09:23:00,4933.05,4933.95,4927.2,4927.25,2594
2024-06-11 09:24:00,4928.15,4933.95,4927.45,4931.25,1352
2024-06-11 09:25:00,4931.8,4931.8,4925.9,4929.45,591
2024-06-11 09:26:00,4928.0,4929.65,4920.0,4920.0,595
2024-06-11 09:27:00,4922.0,4924.9,4919.0,4921.0,650
2024-06-11 09:28:00,4920.0,4920.0,4915.6,4918.0,337
2024-06-11 09:29:00,4918.0,4928.25,4918.0,4924.9,1143
2024-06-11 09:30:00,4924.85,4924.85,4921.0,4921.0,181
2024-06-11 09:31:00,4921.0,4921.0,4916.1,4919.2,247
2024-06-11 09:32:00,4916.85,4919.95,4914.75,4919.95,300
2024-06-11 09:33:00,4920.0,4920.0,4916.0,4918.9,172
2024-06-11 09:34:00,4918.9,4919.0,4916.05,4916.05,148
2024-06-11 09:35:00,4919.0,4920.0,4916.0,4919.6,399
2024-06-11 09:36:00,4919.6,4920.0,4916.25,4920.0,378
2024-06-11 09:37:00,4920.0,4920.0,4913.55,4913.55,338
2024-06-11 09:38:00,4913.55,4915.3,4904.15,4906.4,1731
2024-06-11 09:39:00,4906.6,4912.45,4906.25,4909.25,514
2024-06-11 09:40:00,4907.65,4912.25,4907.55,4909.75,221
2024-06-11 09:41:00,4909.75,4914.35,4909.75,4913.9,164
2024-06-11 09:42:00,4912.05,4915.0,4912.05,4912.55,200
2024-06-11 09:43:00,4912.55,4915.0,4912.5,4914.1,61
2024-06-11 09:44:00,4914.1,4915.0,4912.0,4913.75,401
2024-06-11 09:45:00,4912.0,4913.95,4909.55,4913.0,187
2024-06-11 09:46:00,4911.0,4914.35,4911.0,4914.35,125
2024-06-11 09:47:00,4914.35,4914.35,4911.0,4911.8,861
2024-06-11 09:48:00,4911.0,4913.65,4910.0,4913.6,400
2024-06-11 09:49:00,4913.6,4914.7,4911.95,4914.7,506
2024-06-11 09:50:00,4913.5,4915.0,4913.5,4915.0,2529
2024-06-11 09:51:00,4915.0,4915.0,4914.05,4915.0,5041
2024-06-11 09:52:00,4915.0,4915.0,4914.15,4914.15,3263
2024-06-11 09:53:00,4915.0,4915.0,4910.25,4911.0,8487
2024-06-11 09:54:00,4910.25,4913.95,4910.15,4913.95,1427
2024-06-11 09:55:00,4913.2,4914.95,4911.0,4914.95,531
2024-06-11 09:56:00,4913.0,4913.55,4908.05,4911.35,663
2024-06-11 09:57:00,4911.35,4911.4,4903.5,4904.0,1043
2024-06-11 09:58:00,4904.0,4909.45,4904.0,4905.6,279
2024-06-11 09:59:00,4905.6,4909.45,4905.6,4907.05,242
2024-06-11 10:00:00,4907.05,4909.45,4907.05,4907.55,264
2024-06-11 10:01:00,4905.15,4907.6,4904.0,4906.05,470
2024-06-11 10:02:00,4906.05,4906.05,4902.0,4902.95,494
2024-06-11 10:03:00,4902.55,4908.0,4902.55,4908.0,173
2024-06-11 10:04:00,4908.0,4909.0,4908.0,4909.0,1089
2024-06-11 10:05:00,4909.0,4910.85,4908.0,4909.45,393
2024-06-11 10:06:00,4909.45,4910.2,4907.5,4909.1,226
2024-06-11 10:07:00,4909.1,4912.35,4907.5,4912.1,529
2024-06-11 10:08:00,4910.25,4912.1,4910.25,4912.0,155
2024-06-11 10:09:00,4912.0,4913.0,4911.25,4913.0,241
2024-06-11 10:10:00,4913.0,4914.95,4911.3,4913.25,654
2024-06-11 10:11:00,4913.25,4913.25,4910.05,4911.0,166
2024-06-11 10:12:00,4911.0,4912.0,4911.0,4912.0,20
2024-06-11 10:13:00,4912.0,4913.95,4911.0,4913.0,308
2024-06-11 10:14:00,4913.05,4914.95,4911.05,4911.1,217
2024-06-11 10:15:00,4911.6,4914.2,4911.6,4914.2,27
2024-06-11 10:16:00,4913.0,4914.25,4911.9,4912.0,170
2024-06-11 10:17:00,4912.0,4915.0,4912.0,4915.0,186
2024-06-11 10:18:00,4915.0,4915.0,4912.55,4913.45,82
2024-06-11 10:19:00,4913.45,4915.0,4912.55,4912.55,160
2024-06-11 10:20:00,4912.55,4914.05,4912.0,4914.05,308
2024-06-11 10:21:00,4912.0,4915.0,4912.0,4914.2,419
2024-06-11 10:22:00,4914.2,4914.2,4912.15,4912.15,10
2024-06-11 10:23:00,4912.15,4912.65,4911.9,4912.0,90
2024-06-11 10:24:00,4912.0,4912.5,4911.0,4912.5,153
2024-06-11 10:25:00,4912.5,4912.5,4911.1,4912.3,24
2024-06-11 10:26:00,4912.3,4912.3,4911.0,4911.05,78
2024-06-11 10:27:00,4911.05,4912.2,4911.0,4911.0,127
2024-06-11 10:28:00,4911.0,4912.0,4907.05,4909.0,1295
2024-06-11 10:29:00,4909.0,4909.05,4908.0,4908.0,161
2024-06-11 10:30:00,4906.05,4908.0,4905.1,4906.0,345
2024-06-11 10:31:00,4906.0,4908.0,4905.55,4907.95,38
2024-06-11 10:32:00,4907.95,4908.0,4905.55,4905.7,96
2024-06-11 10:33:00,4905.7,4907.75,4905.65,4906.0,268
2024-06-11 10:34:00,4906.0,4907.95,4903.95,4905.0,441
2024-06-11 10:35:00,4905.0,4905.1,4903.0,4905.0,370
2024-06-11 10:36:00,4905.0,4908.0,4902.4,4908.0,409
2024-06-11 10:37:00,4908.0,4908.0,4905.6,4906.7,97
2024-06-11 10:38:00,4906.7,4907.4,4905.45,4907.4,123
2024-06-11 10:39:00,4907.4,4910.15,4907.0,4909.9,78
2024-06-11 10:40:00,4909.9,4915.95,4909.9,4914.55,1180
2024-06-11 10:41:00,4914.55,4914.55,4911.6,4912.45,742
2024-06-11 10:42:00,4912.45,4920.45,4912.45,4913.0,2634
2024-06-11 10:43:00,4913.0,4913.0,4907.55,4910.15,214
2024-06-11 10:44:00,4910.15,4910.15,4907.45,4907.45,30
2024-06-11 10:45:00,4907.45,4911.0,4907.0,4908.05,237
2024-06-11 10:46:00,4909.55,4910.85,4906.8,4909.5,236
2024-06-11 10:47:00,4909.5,4909.5,4908.2,4908.2,8
2024-06-11 10:48:00,4908.2,4909.55,4907.05,4909.0,154
2024-06-11 10:49:00,4909.0,4909.1,4907.25,4909.0,184
2024-06-11 10:50:00,4906.55,4906.55,4905.75,4905.75,122
2024-06-11 10:51:00,4906.0,4907.3,4905.0,4907.15,84
2024-06-11 10:52:00,4907.15,4907.9,4905.7,4905.85,184
2024-06-11 10:53:00,4905.85,4908.95,4905.85,4907.55,14
2024-06-11 10:54:00,4907.55,4918.25,4906.75,4918.25,1878
2024-06-11 10:55:00,4918.25,4919.0,4915.2,4918.2,414
2024-06-11 10:56:00,4918.2,4918.9,4907.0,4915.0,63313
2024-06-11 10:57:00,4917.3,4917.35,4912.4,4912.55,111
2024-06-11 10:58:00,4912.55,4912.65,4911.65,4912.55,41
2024-06-11 10:59:00,4912.55,4917.15,4910.55,4915.1,125
2024-06-11 11:00:00,4915.35,4917.3,4913.0,4913.0,208
2024-06-11 11:01:00,4914.25,4915.0,4911.4,4911.7,256
2024-06-11 11:02:00,4911.7,4914.55,4911.6,4914.05,52
2024-06-11 11:03:00,4914.05,4914.05,4908.65,4911.25,256
2024-06-11 11:04:00,4911.25,4911.8,4909.35,4911.05,100
2024-06-11 11:05:00,4911.05,4915.0,4911.05,4914.75,237
2024-06-11 11:06:00,4914.75,4914.75,4910.25,4910.25,205
2024-06-11 11:07:00,4910.25,4912.6,4910.25,4910.25,99
2024-06-11 11:08:00,4910.25,4913.4,4910.25,4913.4,210
2024-06-11 11:09:00,4912.8,4913.2,4911.4,4913.15,44
2024-06-11 11:10:00,4913.15,4913.15,4911.4,4913.0,100
2024-06-11 11:11:00,4913.0,4913.0,4911.0,4913.0,109
2024-06-11 11:12:00,4913.0,4913.0,4911.0,4912.35,140
2024-06-11 11:13:00,4912.35,4912.35,4911.0,4912.25,145
2024-06-11 11:14:00,4912.25,4912.25,4911.0,4912.0,45
2024-06-11 11:15:00,4912.0,4912.0,4910.0,4911.8,81
2024-06-11 11:16:00,4911.8,4911.8,4910.0,4910.0,55
2024-06-11 11:17:00,4910.0,4914.95,4910.0,4914.95,221
2024-06-11 11:18:00,4915.0,4915.15,4910.65,4910.65,187
2024-06-11 11:19:00,4910.65,4913.4,4910.65,4913.4,17
2024-06-11 11:20:00,4913.4,4916.9,4911.7,4916.9,307
2024-06-11 11:21:00,4916.9,4916.9,4913.0,4913.0,26
2024-06-11 11:22:00,4913.0,4914.35,4911.05,4911.05,185
2024-06-11 11:23:00,4911.05,4913.0,4910.15,4913.0,141
2024-06-11 11:24:00,4913.0,4913.9,4911.2,4911.25,45
2024-06-11 11:25:00,4911.25,4911.25,4908.0,4909.9,654
2024-06-11 11:26:00,4907.0,4909.35,4907.0,4909.25,118
2024-06-11 11:27:00,4909.25,4909.25,4907.0,4907.0,160
2024-06-11 11:28:00,4907.0,4907.0,4905.0,4906.0,5550
2024-06-11 11:29:00,4906.0,4906.0,4903.45,4905.05,203
2024-06-11 11:30:00,4905.0,4905.0,4902.8,4903.8,151
2024-06-11 11:31:00,4903.8,4904.85,4902.0,4903.0,171
2024-06-11 11:32:00,4903.0,4908.35,4903.0,4907.95,1562
2024-06-11 11:33:00,4907.95,4908.5,4907.0,4907.6,150
2024-06-11 11:34:00,4907.6,4909.9,4907.25,4909.2,71
2024-06-11 11:35:00,4907.05,4909.2,4906.65,4906.65,413
2024-06-11 11:36:00,4906.65,4909.95,4906.65,4909.95,122
2024-06-11 11:37:00,4909.95,4909.95,4906.7,4906.85,591
2024-06-11 11:38:00,4906.85,4909.0,4906.85,4907.5,73
2024-06-11 11:39:00,4907.5,4911.75,4907.5,4911.65,546
2024-06-11 11:40:00,4911.65,4911.65,4909.45,4909.45,37
2024-06-11 11:41:00,4909.45,4915.05,4909.45,4915.0,299
2024-06-11 11:42:00,4915.0,4916.35,4913.35,4915.0,324
2024-06-11 11:43:00,4915.0,4915.0,4910.6,4910.6,40
2024-06-11 11:44:00,4912.15,4912.15,4909.4,4911.35,130
2024-06-11 11:45:00,4911.35,4911.35,4907.55,4909.85,68
2024-06-11 11:46:00,4909.85,4911.4,4908.8,4911.4,192
2024-06-11 11:47:00,4909.55,4911.45,4909.0,4910.0,26
2024-06-11 11:48:00,4910.0,4917.95,4908.9,4915.0,1422
2024-06-11 11:49:00,4915.0,4916.75,4913.55,4915.25,170
2024-06-11 11:50:00,4915.25,4916.0,4915.05,4915.45,176
2024-06-11 11:51:00,4915.45,4915.45,4912.65,4912.65,247
2024-06-11 11:52:00,4912.65,4915.0,4911.7,4911.7,1080
2024-06-11 11:53:00,4911.7,4912.0,4910.0,4910.0,144
2024-06-11 11:54:00,4910.0,4915.0,4909.5,4912.75,4569
2024-06-11 11:55:00,4912.75,4913.0,4912.0,4913.0,740
2024-06-11 11:56:00,4913.0,4913.0,4912.0,4913.0,51
2024-06-11 11:57:00,4913.0,4913.0,4912.05,4912.05,67
2024-06-11 11:58:00,4912.05,4913.0,4912.05,4912.05,87
2024-06-11 11:59:00,4912.05,4912.5,4912.05,4912.1,45
2024-06-11 12:00:00,4912.1,4912.5,4912.05,4912.05,260
2024-06-11 12:01:00,4912.05,4917.05,4912.05,4915.45,5286
2024-06-11 12:02:00,4915.5,4918.7,4915.4,4918.7,402
2024-06-11 12:03:00,4917.0,4918.7,4915.0,4915.5,209
2024-06-11 12:04:00,4915.5,4917.95,4915.5,4916.2,558
2024-06-11 12:05:00,4916.2,4917.95,4915.0,4917.9,223
2024-06-11 12:06:00,4915.0,4918.7,4914.35,4916.75,585
2024-06-11 12:07:00,4916.75,4917.75,4915.25,4917.35,173
2024-06-11 12:08:00,4917.35,4918.9,4915.7,4918.8,266
2024-06-11 12:09:00,4916.5,4922.0,4916.5,4922.0,762
2024-06-11 12:10:00,4920.55,4922.0,4918.6,4922.0,745
2024-06-11 12:11:00,4920.0,4921.95,4918.65,4919.0,187
2024-06-11 12:12:00,4920.0,4922.0,4918.55,4921.85,610
2024-06-11 12:13:00,4921.85,4921.85,4918.35,4920.9,75
2024-06-11 12:14:00,4920.9,4920.9,4919.25,4920.9,345
2024-06-11 12:15:00,4920.9,4920.9,4915.55,4918.05,247
2024-06-11 12:16:00,4915.65,4917.0,4914.0,4917.0,297
2024-06-11 12:17:00,4916.0,4921.35,4916.0,4918.85,385
2024-06-11 12:18:00,4918.9,4920.75,4917.3,4920.0,58
2024-06-11 12:19:00,4920.0,4920.0,4917.3,4917.55,59
2024-06-11 12:20:00,4917.55,4920.7,4917.0,4917.0,341
2024-06-11 12:21:00,4917.0,4918.0,4916.0,4918.0,90
2024-06-11 12:22:00,4918.0,4918.15,4916.0,4918.15,70
2024-06-11 12:23:00,4918.15,4918.15,4916.0,4916.0,110
2024-06-11 12:24:00,4916.0,4920.3,4915.85,4920.25,382
2024-06-11 12:25:00,4920.25,4920.95,4917.15,4918.1,364
2024-06-11 12:26:00,4918.1,4920.95,4917.45,4917.9,207
2024-06-11 12:27:00,4917.9,4920.0,4917.9,4918.15,62
2024-06-11 12:28:00,4918.15,4920.05,4917.2,4920.05,283
2024-06-11 12:29:00,4917.9,4920.05,4917.9,4919.4,66
2024-06-11 12:30:00,4919.0,4919.0,4917.95,4918.8,115
2024-06-11 12:31:00,4918.8,4918.8,4916.0,4918.25,1102
2024-06-11 12:32:00,4918.25,4918.6,4916.0,4918.15,151
2024-06-11 12:33:00,4918.15,4918.8,4916.05,4916.05,133
2024-06-11 12:34:00,4916.05,4917.9,4916.0,4916.0,154
2024-06-11 12:35:00,4916.0,4918.05,4916.0,4916.15,152
2024-06-11 12:36:00,4916.15,4919.7,4916.0,4919.7,270
2024-06-11 12:37:00,4919.7,4921.0,4918.15,4920.7,411
2024-06-11 12:38:00,4918.35,4920.15,4916.2,4917.1,203
2024-06-11 12:39:00,4919.55,4919.55,4916.3,4918.1,149
2024-06-11 12:40:00,4918.1,4921.4,4916.5,4919.0,666
2024-06-11 12:41:00,4919.0,4919.0,4917.0,4917.95,61
2024-06-11 12:42:00,4917.95,4918.95,4917.95,4918.95,197
2024-06-11 12:43:00,4918.95,4919.0,4917.95,4917.95,116
2024-06-11 12:44:00,4917.95,4919.0,4917.95,4919.0,67
2024-06-11 12:45:00,4919.0,4919.0,4917.95,4919.0,79
2024-06-11 12:46:00,4919.0,4919.8,4917.95,4919.55,138
2024-06-11 12:47:00,4917.95,4919.8,4917.95,4919.8,104
2024-06-11 12:48:00,4918.25,4919.95,4918.0,4919.95,249
2024-06-11 12:49:00,4919.95,4919.95,4917.95,4917.95,56
2024-06-11 12:50:00,4917.95,4927.95,4917.95,4925.4,1453
2024-06-11 12:51:00,4925.45,4929.4,4924.5,4924.9,1546
2024-06-11 12:52:00,4924.9,4925.0,4922.35,4922.35,795
2024-06-11 12:53:00,4922.35,4929.8,4922.35,4925.25,569
2024-06-11 12:54:00,4925.25,4930.0,4925.25,4930.0,318
2024-06-11 12:55:00,4928.0,4933.95,4928.0,4930.65,1155
2024-06-11 12:56:00,4932.95,4932.95,4928.45,4930.0,113
2024-06-11 12:57:00,4929.0,4929.5,4925.2,4925.2,395
2024-06-11 12:58:00,4922.55,4925.75,4921.95,4925.5,556
2024-06-11 12:59:00,4923.0,4928.2,4921.65,4926.9,695
2024-06-11 13:00:00,4926.9,4926.9,4923.0,4923.0,86
2024-06-11 13:01:00,4923.0,4925.4,4922.8,4925.4,425
2024-06-11 13:02:00,4921.65,4925.4,4921.65,4922.6,141
2024-06-11 13:03:00,4922.6,4928.15,4922.6,4926.25,292
2024-06-11 13:04:00,4926.25,4928.0,4926.15,4926.7,57
2024-06-11 13:05:00,4926.7,4932.1,4926.7,4930.3,1479
2024-06-11 13:06:00,4930.3,4932.0,4928.65,4928.65,105
2024-06-11 13:07:00,4929.3,4933.0,4927.7,4933.0,1060
2024-06-11 13:08:00,4933.0,4933.95,4929.0,4931.5,445
2024-06-11 13:09:00,4931.5,4933.05,4931.05,4932.6,66
2024-06-11 13:10:00,4932.6,4939.0,4931.35,4934.35,1678
2024-06-11 13:11:00,4935.0,4937.15,4934.4,4934.7,618
2024-06-11 13:12:00,4934.7,4936.0,4932.05,4932.1,710
2024-06-11 13:13:00,4932.1,4935.6,4932.1,4935.0,502
2024-06-11 13:14:00,4935.0,4935.0,4928.15,4928.15,443
2024-06-11 13:15:00,4930.0,4931.6,4928.4,4928.4,134
2024-06-11 13:16:00,4928.4,4930.35,4926.55,4927.55,117
2024-06-11 13:17:00,4927.55,4931.2,4927.55,4930.55,181
2024-06-11 13:18:00,4930.55,4931.4,4928.75,4930.05,215
2024-06-11 13:19:00,4930.05,4933.5,4928.75,4932.8,276
2024-06-11 13:20:00,4932.8,4936.0,4931.9,4933.1,647
2024-06-11 13:21:00,4933.65,4936.0,4933.4,4934.65,210
2024-06-11 13:22:00,4934.9,4934.9,4931.2,4932.5,259
2024-06-11 13:23:00,4932.5,4932.8,4931.2,4932.1,279
2024-06-11 13:24:00,4932.1,4932.1,4931.2,4932.0,273
2024-06-11 13:25:00,4931.35,4934.9,4931.35,4934.9,286
2024-06-11 13:26:00,4934.9,4936.65,4930.0,4935.0,2331
2024-06-11 13:27:00,4935.0,4935.9,4932.7,4934.8,142
2024-06-11 13:28:00,4934.8,4936.65,4933.4,4936.65,213
2024-06-11 13:29:00,4936.65,4936.65,4934.7,4936.0,157
2024-06-11 13:30:00,4936.0,4940.0,4936.0,4937.25,934
2024-06-11 13:31:00,4937.25,4939.55,4934.0,4936.55,121
2024-06-11 13:32:00,4936.55,4936.85,4934.05,4936.85,99
2024-06-11 13:33:00,4935.2,4938.0,4934.6,4937.6,182
2024-06-11 13:34:00,4937.6,4940.0,4935.3,4940.0,795
2024-06-11 13:35:00,4939.7,4946.35,4938.6,4941.5,3430
2024-06-11 13:36:00,4943.9,4944.7,4941.1,4942.45,613
2024-06-11 13:37:00,4942.45,4943.0,4937.4,4939.95,578
2024-06-11 13:38:00,4937.85,4940.0,4937.65,4939.85,265
2024-06-11 13:39:00,4939.85,4943.0,4938.15,4941.8,541
2024-06-11 13:40:00,4941.8,4941.8,4938.2,4940.0,196
2024-06-11 13:41:00,4940.0,4940.0,4938.5,4938.95,127
2024-06-11 13:42:00,4938.95,4940.0,4937.5,4940.0,473
2024-06-11 13:43:00,4937.8,4940.0,4937.5,4940.0,287
2024-06-11 13:44:00,4938.5,4940.0,4938.5,4939.85,223
2024-06-11 13:45:00,4939.0,4940.0,4938.5,4938.75,104
2024-06-11 13:46:00,4938.5,4938.55,4937.5,4938.5,198
2024-06-11 13:47:00,4937.2,4937.2,4931.7,4933.1,1143
2024-06-11 13:48:00,4933.1,4936.25,4932.05,4935.0,265
2024-06-11 13:49:00,4935.0,4935.0,4932.15,4934.4,145
2024-06-11 13:50:00,4932.55,4934.45,4932.15,4933.85,112
2024-06-11 13:51:00,4933.85,4934.0,4930.0,4934.0,194
2024-06-11 13:52:00,4934.0,4934.0,4930.95,4933.0,240
2024-06-11 13:53:00,4933.0,4933.0,4930.9,4932.8,220
2024-06-11 13:54:00,4932.8,4936.0,4931.15,4935.65,366
2024-06-11 13:55:00,4935.65,4936.0,4932.95,4935.1,98
2024-06-11 13:56:00,4935.1,4935.1,4932.55,4934.0,239
2024-06-11 13:57:00,4933.8,4938.0,4933.8,4938.0,335
2024-06-11 13:58:00,4936.85,4938.0,4936.85,4938.0,289
2024-06-11 13:59:00,4938.0,4938.95,4935.45,4937.65,290
2024-06-11 14:00:00,4937.65,4938.0,4935.0,4936.4,599
2024-06-11 14:01:00,4937.15,4938.0,4935.3,4935.7,480
2024-06-11 14:02:00,4935.7,4938.0,4933.35,4934.75,544
2024-06-11 14:03:00,4933.05,4934.85,4932.1,4932.15,314
2024-06-11 14:04:00,4932.15,4934.65,4932.0,4934.65,713
2024-06-11 14:05:00,4932.15,4934.7,4931.05,4934.1,297
2024-06-11 14:06:00,4934.1,4934.1,4932.4,4933.8,157
2024-06-11 14:07:00,4933.8,4933.9,4930.0,4933.8,240
2024-06-11 14:08:00,4933.8,4933.8,4930.0,4933.45,263
2024-06-11 14:09:00,4933.45,4933.45,4930.0,4932.65,176
2024-06-11 14:10:00,4930.05,4932.35,4930.0,4931.0,152
2024-06-11 14:11:00,4930.0,4931.95,4928.0,4931.95,1945
2024-06-11 14:12:00,4929.65,4932.0,4926.1,4928.3,265
2024-06-11 14:13:00,4928.3,4928.3,4924.0,4927.25,420
2024-06-11 14:14:00,4927.25,4927.25,4924.55,4925.4,121
2024-06-11 14:15:00,4925.4,4928.0,4923.65,4928.0,598
2024-06-11 14:16:00,4928.0,4928.0,4924.0,4926.3,176
2024-06-11 14:17:00,4926.3,4932.2,4924.65,4926.9,750
2024-06-11 14:18:00,4926.9,4927.35,4924.1,4927.35,289
2024-06-11 14:19:00,4927.35,4927.35,4924.1,4926.35,294
2024-06-11 14:20:00,4926.35,4927.15,4922.25,4925.8,398
2024-06-11 14:21:00,4925.8,4925.8,4922.05,4923.05,281
2024-06-11 14:22:00,4923.05,4925.95,4922.0,4925.95,363
2024-06-11 14:23:00,4925.95,4928.0,4924.0,4925.8,424
2024-06-11 14:24:00,4925.8,4928.0,4925.75,4927.25,153
2024-06-11 14:25:00,4927.25,4928.0,4926.05,4928.0,345
2024-06-11 14:26:00,4928.0,4930.0,4927.15,4930.0,359
2024-06-11 14:27:00,4929.65,4930.0,4927.35,4927.35,96
2024-06-11 14:28:00,4927.35,4929.0,4927.35,4928.9,139
2024-06-11 14:29:00,4928.9,4934.0,4927.35,4934.0,455
2024-06-11 14:30:00,4933.3,4935.0,4932.05,4932.1,675
2024-06-11 14:31:00,4933.35,4933.35,4929.0,4929.0,109
2024-06-11 14:32:00,4929.0,4930.0,4929.0,4929.0,106
2024-06-11 14:33:00,4929.0,4932.0,4929.0,4929.4,175
2024-06-11 14:34:00,4929.4,4931.95,4929.1,4930.7,138
2024-06-11 14:35:00,4931.9,4931.95,4929.15,4929.4,286
2024-06-11 14:36:00,4929.4,4931.7,4929.15,4931.7,152
2024-06-11 14:37:00,4931.7,4931.7,4929.0,4929.0,235
2024-06-11 14:38:00,4929.0,4931.35,4927.9,4930.0,633
2024-06-11 14:39:00,4930.0,4930.0,4927.6,4927.8,2139
2024-06-11 14:40:00,4927.8,4929.2,4927.8,4928.65,148
2024-06-11 14:41:00,4929.2,4934.95,4928.0,4933.7,1006
2024-06-11 14:42:00,4934.1,4934.1,4932.3,4933.75,127
2024-06-11 14:43:00,4933.75,4933.75,4929.9,4932.2,189
2024-06-11 14:44:00,4932.2,4932.2,4929.55,4931.7,275
2024-06-11 14:45:00,4930.8,4931.7,4929.55,4929.55,194
2024-06-11 14:46:00,4927.0,4927.0,4922.45,4922.45,406
2024-06-11 14:47:00,4922.45,4925.3,4922.25,4922.25,182
2024-06-11 14:48:00,4922.25,4925.55,4922.25,4922.3,284
2024-06-11 14:49:00,4923.7,4924.6,4922.25,4922.35,95
2024-06-11 14:50:00,4922.35,4926.2,4922.35,4924.45,175
2024-06-11 14:51:00,4924.45,4928.0,4924.45,4926.1,159
2024-06-11 14:52:00,4926.1,4928.0,4926.1,4928.0,172
2024-06-11 14:53:00,4928.0,4928.0,4925.15,4926.3,592
2024-06-11 14:54:00,4925.15,4925.6,4922.3,4922.3,252
2024-06-11 14:55:00,4922.35,4925.0,4922.25,4924.8,321
2024-06-11 14:56:00,4924.8,4925.65,4922.5,4925.0,161
2024-06-11 14:57:00,4922.5,4925.0,4922.5,4923.45,163
2024-06-11 14:58:00,4923.45,4925.2,4923.45,4925.2,106
2024-06-11 14:59:00,4925.2,4926.0,4924.2,4924.2,180
2024-06-11 15:00:00,4924.2,4924.9,4915.15,4917.3,2063
2024-06-11 15:01:00,4915.0,4917.3,4912.05,4914.25,572
2024-06-11 15:02:00,4914.25,4919.7,4912.55,4918.55,1205
2024-06-11 15:03:00,4918.55,4918.55,4911.65,4912.35,816
2024-06-11 15:04:00,4912.75,4913.15,4910.95,4912.25,912
2024-06-11 15:05:00,4910.45,4913.6,4910.0,4913.0,1243
2024-06-11 15:06:00,4911.2,4915.0,4910.8,4910.8,1122
2024-06-11 15:07:00,4910.95,4914.8,4910.2,4914.25,1525
2024-06-11 15:08:00,4914.25,4914.4,4910.0,4910.0,400
2024-06-11 15:09:00,4910.0,4910.05,4908.0,4908.0,609
2024-06-11 15:10:00,4908.0,4909.0,4908.0,4908.9,296
2024-06-11 15:11:00,4908.9,4910.05,4908.5,4910.05,1505
2024-06-11 15:12:00,4909.2,4909.65,4906.2,4906.2,1078
2024-06-11 15:13:00,4906.2,4908.3,4901.65,4901.65,1070
2024-06-11 15:14:00,4901.65,4903.45,4901.05,4902.85,1423
2024-06-11 15:15:00,4902.85,4903.3,4902.5,4902.75,1465
2024-06-11 15:16:00,4902.75,4903.3,4902.55,4902.55,589
2024-06-11 15:17:00,4902.75,4902.9,4902.5,4902.5,1079
2024-06-11 15:18:00,4902.85,4902.85,4900.05,4900.05,1744
2024-06-11 15:19:00,4900.05,4900.45,4895.85,4898.8,2235
2024-06-11 15:20:00,4897.9,4899.75,4897.0,4897.05,1049
2024-06-11 15:21:00,4897.0,4898.55,4896.6,4898.0,1044
2024-06-11 15:22:00,4898.0,4898.0,4895.35,4895.35,676
2024-06-11 15:23:00,4895.35,4896.45,4895.2,4895.55,1545
2024-06-11 15:24:00,4895.55,4899.65,4890.3,4899.65,3983
2024-06-11 15:25:00,4895.5,4898.45,4893.8,4894.4,1574
2024-06-11 15:26:00,4896.4,4899.95,4894.0,4895.25,3291
2024-06-11 15:27:00,4894.9,4899.55,4894.9,4899.55,640
2024-06-11 15:28:00,4898.95,4900.0,4898.95,4900.0,477
2024-06-11 15:29:00,4900.0,4905.0,4899.0,4901.0,937
2024-06-12 09:15:00,4960.65,4965.2,4936.35,4962.45,4551
2024-06-12 09:16:00,4962.75,4973.45,4952.35,4967.0,3357
2024-06-12 09:17:00,4965.75,4986.55,4965.45,4985.0,5184
2024-06-12 09:18:00,4984.1,4990.0,4983.15,4986.65,4437
2024-06-12 09:19:00,4986.65,4998.0,4985.15,4995.0,7248
2024-06-12 09:20:00,4995.0,5020.0,4992.05,5018.25,15042
2024-06-12 09:21:00,5018.95,5024.0,5002.1,5011.55,14604
2024-06-12 09:22:00,5011.25,5012.75,4991.05,4995.7,12768
2024-06-12 09:23:00,4996.85,4996.85,4976.4,4979.8,8761
2024-06-12 09:24:00,4979.4,4993.45,4977.0,4982.1,8054
2024-06-12 09:25:00,4980.0,4980.0,4965.0,4973.4,6269
2024-06-12 09:26:00,4973.4,4982.9,4969.35,4980.05,3705
2024-06-12 09:27:00,4980.05,4984.3,4975.05,4983.95,4347
2024-06-12 09:28:00,4981.0,4983.85,4977.15,4980.45,4589
2024-06-12 09:29:00,4980.9,4981.45,4968.5,4968.5,4438
2024-06-12 09:30:00,4968.5,4977.0,4968.5,4975.8,2471
2024-06-12 09:31:00,4975.8,4980.55,4972.0,4975.0,2619
2024-06-12 09:32:00,4975.0,4979.95,4970.0,4973.95,3467
2024-06-12 09:33:00,4970.1,4973.0,4960.0,4963.9,4915
2024-06-12 09:34:00,4963.9,4965.6,4960.0,4962.0,1734
2024-06-12 09:35:00,4961.0,4965.75,4955.0,4962.55,2198
2024-06-12 09:36:00,4962.55,4966.95,4962.5,4966.95,779
2024-06-12 09:37:00,4966.95,4972.4,4965.0,4970.05,1250
2024-06-12 09:38:00,4970.05,4970.45,4965.0,4967.35,684
2024-06-12 09:39:00,4967.35,4972.0,4965.05,4971.8,728
2024-06-12 09:40:00,4971.8,4979.0,4971.0,4975.75,2925
2024-06-12 09:41:00,4974.7,4977.0,4972.7,4976.8,850
2024-06-12 09:42:00,4977.0,4977.0,4970.85,4971.25,566
2024-06-12 09:43:00,4972.0,4973.35,4962.95,4965.0,1587
2024-06-12 09:44:00,4962.9,4966.75,4962.9,4964.95,588
2024-06-12 09:45:00,4964.9,4966.85,4963.3,4966.7,585
2024-06-12 09:46:00,4966.7,4970.35,4964.2,4968.9,1348
2024-06-12 09:47:00,4968.9,4970.0,4964.15,4968.0,664
2024-06-12 09:48:00,4968.0,4973.75,4967.0,4973.0,495
2024-06-12 09:49:00,4973.0,4978.0,4970.35,4978.0,1218
2024-06-12 09:50:00,4978.0,4979.95,4975.1,4977.65,801
2024-06-12 09:51:00,4977.65,4982.0,4975.0,4981.4,1652
2024-06-12 09:52:00,4981.0,4987.0,4979.45,4985.55,2308
2024-06-12 09:53:00,4985.55,4994.0,4985.0,4990.0,8547
2024-06-12 09:54:00,4990.0,4990.2,4982.5,4985.5,1451
2024-06-12 09:55:00,4985.5,4986.05,4980.0,4980.0,1126
2024-06-12 09:56:00,4982.0,4985.9,4981.0,4982.0,747
2024-06-12 09:57:00,4982.0,4984.4,4980.0,4980.0,438
2024-06-12 09:58:00,4980.0,4980.05,4968.0,4969.8,2775
2024-06-12 09:59:00,4969.95,4972.7,4966.6,4970.1,1488
2024-06-12 10:00:00,4970.1,4972.0,4968.0,4971.8,748
2024-06-12 10:01:00,4971.8,4972.95,4966.65,4970.5,954
2024-06-12 10:02:00,4970.5,4972.0,4967.9,4971.95,423
2024-06-12 10:03:00,4971.95,4971.95,4969.0,4970.0,111
2024-06-12 10:04:00,4970.0,4970.0,4965.1,4965.1,684
2024-06-12 10:05:00,4968.1,4968.1,4961.0,4964.55,1193
2024-06-12 10:06:00,4964.55,4965.45,4961.15,4962.0,255
2024-06-12 10:07:00,4962.0,4965.0,4960.0,4961.1,949
2024-06-12 10:08:00,4961.1,4962.7,4955.0,4958.95,1811
2024-06-12 10:09:00,4958.95,4959.0,4955.9,4959.0,466
2024-06-12 10:10:00,4959.0,4960.0,4955.4,4960.0,719
2024-06-12 10:11:00,4960.0,4964.95,4957.35,4964.95,387
2024-06-12 10:12:00,4962.45,4964.95,4961.25,4963.0,319
2024-06-12 10:13:00,4963.0,4964.9,4961.45,4964.0,162
2024-06-12 10:14:00,4964.0,4965.0,4961.7,4962.55,3476
2024-06-12 10:15:00,4962.55,4965.5,4962.55,4965.0,840
2024-06-12 10:16:00,4965.0,4965.0,4960.0,4960.7,439
2024-06-12 10:17:00,4960.7,4964.15,4960.55,4964.0,318
2024-06-12 10:18:00,4964.0,4964.0,4960.0,4960.0,1089
2024-06-12 10:19:00,4960.0,4960.15,4956.0,4956.95,1093
2024-06-12 10:20:00,4956.95,4960.45,4956.0,4960.45,416
2024-06-12 10:21:00,4957.4,4960.35,4957.05,4958.0,441
2024-06-12 10:22:00,4958.0,4960.0,4958.0,4958.1,322
2024-06-12 10:23:00,4958.1,4960.0,4958.1,4959.95,825
2024-06-12 10:24:00,4959.95,4959.95,4956.0,4958.15,1820
2024-06-12 10:25:00,4956.0,4956.0,4952.0,4952.05,1179
2024-06-12 10:26:00,4952.05,4959.9,4952.0,4954.9,1330
2024-06-12 10:27:00,4954.9,4960.0,4954.8,4959.8,920
2024-06-12 10:28:00,4959.8,4959.8,4954.6,4957.0,296
2024-06-12 10:29:00,4957.0,4958.4,4954.6,4955.7,327
2024-06-12 10:30:00,4955.7,4959.7,4953.3,4959.7,127
2024-06-12 10:31:00,4959.7,4967.0,4958.0,4965.0,3353
2024-06-12 10:32:00,4965.0,4965.0,4962.05,4964.95,745
2024-06-12 10:33:00,4963.0,4964.95,4961.95,4964.9,335
2024-06-12 10:34:00,4964.9,4965.0,4961.95,4964.15,895
2024-06-12 10:35:00,4961.25,4963.4,4960.0,4962.9,215
2024-06-12 10:36:00,4962.9,4965.0,4961.2,4962.1,375
2024-06-12 10:37:00,4964.6,4964.8,4962.05,4962.45,168
2024-06-12 10:38:00,4964.0,4964.0,4961.05,4964.0,184
2024-06-12 10:39:00,4964.0,4964.0,4961.05,4961.6,409
2024-06-12 10:40:00,4961.45,4964.0,4961.1,4961.1,119
2024-06-12 10:41:00,4961.4,4964.0,4959.0,4960.95,1044
2024-06-12 10:42:00,4960.95,4962.4,4959.55,4960.45,244
2024-06-12 10:43:00,4960.45,4964.0,4959.05,4960.05,172
2024-06-12 10:44:00,4960.05,4963.3,4959.05,4960.05,263
2024-06-12 10:45:00,4960.05,4962.0,4959.55,4961.0,91
2024-06-12 10:46:00,4961.0,4962.0,4960.3,4961.7,261
2024-06-12 10:47:00,4960.45,4961.85,4959.5,4959.5,616
2024-06-12 10:48:00,4959.7,4959.7,4953.05,4954.0,1059
2024-06-12 10:49:00,4954.0,4955.7,4952.0,4952.0,356
2024-06-12 10:50:00,4952.0,4958.55,4952.0,4958.4,186
2024-06-12 10:51:00,4958.4,4958.5,4953.3,4957.2,100
2024-06-12 10:52:00,4957.2,4960.9,4957.15,4960.9,489
2024-06-12 10:53:00,4960.9,4961.35,4958.05,4960.75,366
2024-06-12 10:54:00,4960.75,4961.0,4960.7,4960.9,256
2024-06-12 10:55:00,4960.9,4967.7,4960.9,4965.0,5810
2024-06-12 10:56:00,4965.0,4967.0,4964.0,4965.45,3520
2024-06-12 10:57:00,4965.05,4965.65,4963.35,4965.0,400
2024-06-12 10:58:00,4965.0,4969.4,4962.15,4967.1,5119
2024-06-12 10:59:00,4965.8,4965.8,4962.15,4964.45,553
2024-06-12 11:00:00,4964.45,4964.95,4960.5,4960.5,143
2024-06-12 11:01:00,4960.5,4963.1,4958.0,4959.95,552
2024-06-12 11:02:00,4959.95,4959.95,4955.6,4959.0,567
2024-06-12 11:03:00,4959.0,4964.3,4956.15,4964.3,336
2024-06-12 11:04:00,4964.3,4968.4,4962.4,4967.55,6547
2024-06-12 11:05:00,4967.55,4967.55,4964.85,4965.0,1758
2024-06-12 11:06:00,4965.0,4965.0,4961.45,4963.2,774
2024-06-12 11:07:00,4963.2,4965.0,4963.05,4964.05,535
2024-06-12 11:08:00,4964.35,4969.0,4962.2,4965.9,6851
2024-06-12 11:09:00,4965.0,4970.0,4962.55,4964.8,4825
2024-06-12 11:10:00,4964.8,4965.0,4961.55,4964.15,672
2024-06-12 11:11:00,4964.15,4970.0,4963.6,4969.55,8945
2024-06-12 11:12:00,4969.4,4978.65,4965.2,4978.65,4987
2024-06-12 11:13:00,4979.3,4979.95,4975.05,4977.9,412
2024-06-12 11:14:00,4977.9,4977.9,4965.75,4969.1,23591
2024-06-12 11:15:00,4967.05,4971.8,4967.05,4970.0,6480
2024-06-12 11:16:00,4970.0,4970.0,4969.25,4970.0,472
2024-06-12 11:17:00,4970.0,4973.15,4969.0,4969.85,2387
2024-06-12 11:18:00,4969.6,4970.0,4965.65,4969.95,475
2024-06-12 11:19:00,4969.95,4970.0,4968.0,4970.0,608
2024-06-12 11:20:00,4970.0,4970.0,4968.55,4970.0,798
2024-06-12 11:21:00,4969.4,4970.0,4969.4,4970.0,692
2024-06-12 11:22:00,4970.0,4970.0,4968.0,4970.0,1536
2024-06-12 11:23:00,4970.0,4970.0,4969.65,4970.0,724
2024-06-12 11:24:00,4970.0,4973.35,4969.95,4973.35,1198
2024-06-12 11:25:00,4974.45,4976.9,4974.0,4975.0,2568
2024-06-12 11:26:00,4975.95,4975.95,4972.0,4973.95,605
2024-06-12 11:27:00,4973.95,4975.0,4971.6,4974.45,686
2024-06-12 11:28:00,4974.45,4975.0,4970.0,4970.05,3645
2024-06-12 11:29:00,4970.0,4970.0,4965.85,4968.65,729
2024-06-12 11:30:00,4968.65,4970.0,4965.4,4968.35,641
2024-06-12 11:31:00,4968.35,4970.0,4967.6,4970.0,458
2024-06-12 11:32:00,4970.0,4970.0,4964.75,4970.0,775
2024-06-12 11:33:00,4970.0,4970.0,4967.65,4969.0,477
2024-06-12 11:34:00,4968.2,4974.8,4968.2,4969.55,1888
2024-06-12 11:35:00,4969.55,4971.2,4967.65,4970.0,705
2024-06-12 11:36:00,4970.0,4970.0,4964.5,4968.4,1576
2024-06-12 11:37:00,4968.4,4970.15,4967.05,4969.7,412
2024-06-12 11:38:00,4969.7,4970.35,4968.55,4970.0,567
2024-06-12 11:39:00,4970.0,4970.95,4968.55,4969.35,584
2024-06-12 11:40:00,4969.4,4975.0,4968.55,4975.0,810
2024-06-12 11:41:00,4974.45,4975.0,4974.0,4975.0,1167
2024-06-12 11:42:00,4975.0,4978.45,4975.0,4978.45,505
2024-06-12 11:43:00,4978.45,4978.45,4976.0,4976.0,479
2024-06-12 11:44:00,4976.0,4978.4,4975.55,4978.4,461
2024-06-12 11:45:00,4978.4,4989.0,4977.05,4987.55,2755
2024-06-12 11:46:00,4988.95,4990.0,4984.8,4985.5,1704
2024-06-12 11:47:00,4988.1,4989.8,4986.15,4987.8,637
2024-06-12 11:48:00,4987.8,4990.0,4987.8,4989.0,557
2024-06-12 11:49:00,4988.15,4994.3,4988.15,4994.3,3565
2024-06-12 11:50:00,4994.3,4995.0,4990.65,4992.1,1427
2024-06-12 11:51:00,4992.1,4994.0,4990.4,4990.95,1166
2024-06-12 11:52:00,4993.0,4993.0,4988.55,4988.95,1051
2024-06-12 11:53:00,4988.95,4991.5,4988.75,4991.25,889
2024-06-12 11:54:00,4991.0,4992.15,4988.0,4989.2,1177
2024-06-12 11:55:00,4989.2,4993.0,4989.2,4992.5,1716
2024-06-12 11:56:00,4992.5,4993.0,4991.05,4992.85,517
2024-06-12 11:57:00,4992.95,4994.65,4990.0,4994.0,2241
2024-06-12 11:58:00,4994.0,4995.0,4990.65,4993.5,897
2024-06-12 11:59:00,4993.5,4994.0,4992.1,4993.6,420
2024-06-12 12:00:00,4993.6,4994.0,4992.35,4994.0,826
2024-06-12 12:01:00,4994.0,4994.0,4988.0,4989.1,634
2024-06-12 12:02:00,4989.1,4991.9,4987.0,4988.25,1570
2024-06-12 12:03:00,4989.95,4990.0,4987.65,4990.0,370
2024-06-12 12:04:00,4990.0,4991.25,4988.3,4990.0,2042
2024-06-12 12:05:00,4990.0,4990.0,4986.5,4989.65,435
2024-06-12 12:06:00,4989.65,4989.95,4987.75,4989.0,913
2024-06-12 12:07:00,4989.0,4989.5,4988.0,4988.75,414
2024-06-12 12:08:00,4988.75,4989.5,4986.75,4988.95,470
2024-06-12 12:09:00,4989.15,4990.0,4986.15,4986.15,851
2024-06-12 12:10:00,4986.15,4988.0,4977.3,4984.5,1479
2024-06-12 12:11:00,4984.5,4987.85,4978.0,4982.45,1742
2024-06-12 12:12:00,4982.45,4986.5,4980.85,4983.0,953
2024-06-12 12:13:00,4983.0,4983.0,4980.0,4983.0,512
2024-06-12 12:14:00,4982.8,4985.0,4981.0,4981.6,416
2024-06-12 12:15:00,4983.2,4985.6,4981.05,4985.0,544
2024-06-12 12:16:00,4985.0,4986.0,4981.75,4985.9,371
2024-06-12 12:17:00,4986.35,4990.95,4983.15,4983.15,2081
2024-06-12 12:18:00,4984.6,4987.95,4982.55,4984.9,2880
2024-06-12 12:19:00,4984.9,4985.25,4982.0,4983.0,687
2024-06-12 12:20:00,4983.0,4984.7,4978.0,4979.6,1537
2024-06-12 12:21:00,4979.8,4980.0,4978.0,4980.0,497
2024-06-12 12:22:00,4980.0,4980.0,4978.25,4979.85,600
2024-06-12 12:23:00,4979.85,4980.0,4978.0,4979.15,469
2024-06-12 12:24:00,4979.0,4982.7,4978.45,4978.55,1989
2024-06-12 12:25:00,4978.55,4984.4,4978.55,4980.0,3738
2024-06-12 12:26:00,4980.0,4985.1,4979.0,4982.65,13772
2024-06-12 12:27:00,4982.65,4986.95,4979.6,4981.8,18321
2024-06-12 12:28:00,4986.55,4998.65,4982.1,4998.0,9036
2024-06-12 12:29:00,4998.0,5005.0,4996.85,5002.9,8865
2024-06-12 12:30:00,5005.0,5005.85,5000.0,5000.0,3072
2024-06-12 12:31:00,5000.0,5001.0,4996.05,4999.0,2060
2024-06-12 12:32:00,4997.8,5001.9,4995.85,4999.3,1885
2024-06-12 12:33:00,4999.3,5000.9,4995.35,4999.4,2046
2024-06-12 12:34:00,4999.4,5000.95,4999.0,4999.0,581
2024-06-12 12:35:00,4999.5,5000.5,4992.25,4996.4,1063
2024-06-12 12:36:00,4998.45,5000.0,4995.6,4997.1,821
2024-06-12 12:37:00,4997.1,5000.0,4997.1,4999.85,451
2024-06-12 12:38:00,4997.6,4999.6,4996.7,4997.9,801
2024-06-12 12:39:00,4998.35,4999.8,4996.1,4999.4,502
2024-06-12 12:40:00,4999.45,5002.0,4997.15,5000.55,1984
2024-06-12 12:41:00,5002.75,5002.75,5000.0,5002.0,561
2024-06-12 12:42:00,5000.0,5003.0,5000.0,5000.8,2184
2024-06-12 12:43:00,5000.8,5001.95,5000.0,5000.0,212
2024-06-12 12:44:00,5000.0,5002.85,5000.0,5000.2,1697
2024-06-12 12:45:00,5000.2,5002.8,5000.0,5000.0,452
2024-06-12 12:46:00,5000.0,5002.9,4996.25,4998.6,1191
2024-06-12 12:47:00,4998.6,5001.0,4997.0,5000.45,379
2024-06-12 12:48:00,5000.45,5001.4,4988.3,4990.6,2531
2024-06-12 12:49:00,4990.6,4995.5,4990.6,4993.25,2223
2024-06-12 12:50:00,4990.3,4996.45,4988.95,4996.45,1344
2024-06-12 12:51:00,4996.5,4997.6,4992.2,4994.1,465
2024-06-12 12:52:00,4994.1,5000.0,4994.1,4998.75,1125
2024-06-12 12:53:00,4998.75,5000.0,4997.0,4997.6,491
2024-06-12 12:54:00,4997.6,4999.95,4995.0,4995.2,685
2024-06-12 12:55:00,4995.2,4998.05,4993.0,4996.25,402
2024-06-12 12:56:00,4996.25,4999.15,4995.8,4997.95,467
2024-06-12 12:57:00,4997.95,4998.75,4995.0,4998.0,677
2024-06-12 12:58:00,4998.0,4998.0,4988.15,4988.15,1848
2024-06-12 12:59:00,4988.15,4990.0,4986.55,4989.95,1746
2024-06-12 13:00:00,4989.95,4990.0,4985.15,4987.2,972
2024-06-12 13:01:00,4987.2,4987.55,4985.6,4987.05,1022
2024-06-12 13:02:00,4987.05,4989.75,4985.8,4985.9,769
2024-06-12 13:03:00,4985.9,4991.8,4985.85,4991.05,554
2024-06-12 13:04:00,4991.05,4997.15,4990.0,4995.95,526
2024-06-12 13:05:00,4994.7,4998.0,4993.1,4996.1,546
2024-06-12 13:06:00,4996.1,4999.0,4994.8,4999.0,1199
2024-06-12 13:07:00,4999.0,5000.0,4995.85,4998.0,774
2024-06-12 13:08:00,4997.4,5001.0,4997.4,5000.0,1085
2024-06-12 13:09:00,5000.0,5005.05,5000.0,5001.85,6669
2024-06-12 13:10:00,5000.0,5003.0,5000.0,5000.9,1180
2024-06-12 13:11:00,5000.9,5001.0,4998.0,5000.0,680
2024-06-12 13:12:00,5000.0,5001.0,4999.7,5000.05,692
2024-06-12 13:13:00,5000.05,5001.0,5000.0,5000.2,418
2024-06-12 13:14:00,5000.0,5001.0,5000.0,5000.9,911
2024-06-12 13:15:00,5000.9,5001.95,5000.0,5000.95,353
2024-06-12 13:16:00,5000.95,5001.45,4997.8,4997.8,1399
2024-06-12 13:17:00,4999.1,5000.15,4997.8,4999.15,297
2024-06-12 13:18:00,4998.7,5004.4,4998.05,5003.4,2282
2024-06-12 13:19:00,5003.4,5005.0,5002.1,5002.5,539
2024-06-12 13:20:00,5002.5,5005.0,5002.5,5005.0,484
2024-06-12 13:21:00,5005.0,5005.0,5000.0,5000.05,710
2024-06-12 13:22:00,5000.05,5000.4,4998.25,4999.0,719
2024-06-12 13:23:00,4999.0,5000.0,4999.0,4999.0,309
2024-06-12 13:24:00,4999.0,4999.95,4994.0,4997.1,2509
2024-06-12 13:25:00,4997.0,4999.0,4997.0,4997.65,543
2024-06-12 13:26:00,4997.65,4999.0,4997.0,4997.0,518
2024-06-12 13:27:00,4997.95,4997.95,4994.05,4994.55,1401
2024-06-12 13:28:00,4994.8,4997.05,4993.0,4996.45,1116
2024-06-12 13:29:00,4996.45,4999.5,4995.4,4997.45,796
2024-06-12 13:30:00,4997.45,5000.0,4997.45,4999.35,528
2024-06-12 13:31:00,4999.4,5000.0,4998.75,4999.2,2401
2024-06-12 13:32:00,5000.0,5003.0,4999.2,5002.05,1344
2024-06-12 13:33:00,5003.0,5003.2,5000.0,5000.85,228
2024-06-12 13:34:00,5000.85,5002.95,5000.0,5000.9,174
2024-06-12 13:35:00,5000.9,5002.95,5000.7,5001.85,95
2024-06-12 13:36:00,5001.45,5002.95,5000.45,5000.9,167
2024-06-12 13:37:00,5000.2,5001.0,4999.2,5000.95,1742
2024-06-12 13:38:00,5000.1,5000.5,5000.0,5000.05,338
2024-06-12 13:39:00,5000.05,5001.0,5000.0,5000.05,631
2024-06-12 13:40:00,5000.05,5002.0,5000.0,5000.0,818
2024-06-12 13:41:00,5000.0,5001.6,5000.0,5000.05,169
2024-06-12 13:42:00,5000.5,5010.0,5000.4,5009.05,5537
2024-06-12 13:43:00,5009.05,5010.0,5006.05,5008.2,1478
2024-06-12 13:44:00,5008.2,5008.95,5004.65,5006.0,405
2024-06-12 13:45:00,5006.0,5006.5,5003.95,5004.75,415
2024-06-12 13:46:00,5004.75,5004.75,5000.0,5000.0,1022
2024-06-12 13:47:00,5000.0,5001.85,5000.0,5000.0,552
2024-06-12 13:48:00,5000.0,5010.0,4996.05,5001.5,9063
2024-06-12 13:49:00,5001.5,5002.35,4999.65,5000.95,340
2024-06-12 13:50:00,5000.95,5000.95,4995.0,4997.3,416
2024-06-12 13:51:00,4996.0,4999.95,4992.8,4997.0,1248
2024-06-12 13:52:00,4997.0,5000.0,4997.0,4999.6,702
2024-06-12 13:53:00,4998.9,5002.0,4998.15,5000.0,938
2024-06-12 13:54:00,5000.0,5004.9,5000.0,5002.15,333
2024-06-12 13:55:00,5003.5,5003.95,5000.85,5003.85,265
2024-06-12 13:56:00,5003.85,5006.45,5001.05,5006.25,945
2024-06-12 13:57:00,5006.25,5009.65,5005.6,5008.0,929
2024-06-12 13:58:00,5008.0,5008.1,5006.0,5006.1,366
2024-06-12 13:59:00,5007.0,5007.0,5002.9,5003.85,1311
2024-06-12 14:00:00,5002.0,5003.95,5000.0,5001.45,240
2024-06-12 14:01:00,5001.45,5002.25,5000.0,5000.0,227
2024-06-12 14:02:00,5000.0,5000.15,4999.65,5000.0,1117
2024-06-12 14:03:00,5000.0,5000.1,4999.65,4999.95,833
2024-06-12 14:04:00,4999.95,5001.8,4999.9,5000.15,218
2024-06-12 14:05:00,5000.15,5000.95,5000.0,5000.0,399
2024-06-12 14:06:00,5000.0,5000.25,4995.4,4995.4,2331
2024-06-12 14:07:00,4995.1,5000.75,4995.1,5000.3,668
2024-06-12 14:08:00,5000.3,5000.45,4999.0,4999.0,1669
2024-06-12 14:09:00,4999.0,5000.0,4995.4,4998.3,466
2024-06-12 14:10:00,4998.3,4999.0,4997.3,4998.45,395
2024-06-12 14:11:00,4998.45,4999.7,4995.3,4999.7,419
2024-06-12 14:12:00,4999.5,5000.0,4997.0,4999.8,494
2024-06-12 14:13:00,4999.8,5002.0,4997.3,5002.0,707
2024-06-12 14:14:00,5002.0,5002.0,4997.65,4999.35,808
2024-06-12 14:15:00,4998.7,5000.45,4995.95,4999.4,1183
2024-06-12 14:16:00,4999.4,5000.0,4993.0,4993.0,649
2024-06-12 14:17:00,4993.0,4995.0,4993.0,4994.8,465
2024-06-12 14:18:00,4994.9,4994.95,4991.75,4991.85,1182
2024-06-12 14:19:00,4991.85,4994.9,4991.3,4994.65,426
2024-06-12 14:20:00,4994.65,4994.95,4992.7,4994.15,464
2024-06-12 14:21:00,4994.15,4995.0,4993.0,4994.5,622
2024-06-12 14:22:00,4994.5,4995.0,4992.65,4993.0,778
2024-06-12 14:23:00,4993.0,4995.0,4989.45,4991.95,1822
2024-06-12 14:24:00,4991.95,4994.6,4989.45,4993.5,1009
2024-06-12 14:25:00,4993.5,4994.75,4989.9,4994.75,1595
2024-06-12 14:26:00,4994.75,4995.45,4990.9,4993.95,1241
2024-06-12 14:27:00,4993.95,4995.0,4990.05,4991.45,808
2024-06-12 14:28:00,4991.45,4993.25,4985.85,4985.85,1055
2024-06-12 14:29:00,4985.85,4989.1,4982.1,4982.8,1977
2024-06-12 14:30:00,4982.8,4987.95,4982.4,4982.4,768
2024-06-12 14:31:00,4982.4,4984.2,4980.9,4981.1,1129
2024-06-12 14:32:00,4981.1,4983.35,4972.8,4972.8,3040
2024-06-12 14:33:00,4972.0,4977.45,4970.15,4973.15,1664
2024-06-12 14:34:00,4973.0,4974.3,4970.0,4970.0,1369
2024-06-12 14:35:00,4970.0,4971.0,4965.0,4967.0,2194
2024-06-12 14:36:00,4967.0,4971.25,4967.0,4970.95,1119
2024-06-12 14:37:00,4970.95,4973.15,4969.45,4970.0,918
2024-06-12 14:38:00,4970.0,4970.0,4965.55,4967.0,1198
2024-06-12 14:39:00,4968.0,4972.4,4966.5,4970.0,635
2024-06-12 14:40:00,4970.0,4972.0,4969.1,4970.55,675
2024-06-12 14:41:00,4970.3,4976.85,4969.75,4974.7,1081
2024-06-12 14:42:00,4974.7,4977.85,4973.5,4976.5,969
2024-06-12 14:43:00,4976.5,4980.0,4976.2,4978.8,720
2024-06-12 14:44:00,4978.8,4981.35,4976.2,4976.4,2491
2024-06-12 14:45:00,4976.4,4980.0,4976.0,4979.45,1661
2024-06-12 14:46:00,4979.45,4980.0,4975.6,4977.1,752
2024-06-12 14:47:00,4978.15,4980.0,4975.95,4979.4,736
2024-06-12 14:48:00,4979.4,4979.55,4974.9,4977.6,1924
2024-06-12 14:49:00,4978.4,4980.0,4976.75,4979.8,695
2024-06-12 14:50:00,4979.8,4980.0,4976.4,4979.9,715
2024-06-12 14:51:00,4979.9,4980.0,4977.0,4979.95,740
2024-06-12 14:52:00,4980.0,4980.85,4977.0,4980.85,692
2024-06-12 14:53:00,4979.95,4981.0,4977.0,4979.0,894
2024-06-12 14:54:00,4979.0,4980.55,4976.55,4978.1,1601
2024-06-12 14:55:00,4978.15,4980.4,4977.0,4977.0,1228
2024-06-12 14:56:00,4978.3,4981.35,4976.95,4981.35,1691
2024-06-12 14:57:00,4981.35,4983.0,4977.3,4980.6,1411
2024-06-12 14:58:00,4979.0,4980.8,4976.55,4977.55,1157
2024-06-12 14:59:00,4977.55,4980.0,4976.75,4979.9,817
2024-06-12 15:00:00,4980.0,4980.0,4971.9,4975.8,1981
2024-06-12 15:01:00,4974.15,4975.4,4969.0,4971.95,1346
2024-06-12 15:02:00,4972.05,4972.05,4962.3,4966.45,2261
2024-06-12 15:03:00,4963.2,4968.0,4961.0,4961.0,2169
2024-06-12 15:04:00,4961.1,4966.4,4956.05,4966.4,3345
2024-06-12 15:05:00,4965.2,4970.0,4963.1,4968.0,10048
2024-06-12 15:06:00,4968.0,4969.55,4962.0,4965.35,2931
2024-06-12 15:07:00,4965.25,4968.7,4962.0,4966.65,1473
2024-06-12 15:08:00,4966.65,4968.35,4957.9,4958.4,2049
2024-06-12 15:09:00,4958.0,4966.65,4957.0,4961.1,2949
2024-06-12 15:10:00,4960.7,4966.45,4960.6,4961.2,1950
2024-06-12 15:11:00,4961.2,4961.4,4956.0,4960.0,2065
2024-06-12 15:12:00,4959.75,4960.85,4955.9,4957.05,1486
2024-06-12 15:13:00,4957.05,4960.8,4956.7,4960.7,2336
2024-06-12 15:14:00,4961.6,4961.6,4952.05,4952.05,3778
2024-06-12 15:15:00,4954.0,4954.45,4950.0,4952.75,12070
2024-06-12 15:16:00,4950.1,4954.1,4946.45,4948.0,9012
2024-06-12 15:17:00,4948.0,4949.95,4942.0,4945.65,9166
2024-06-12 15:18:00,4948.45,4950.85,4944.0,4946.0,5352
2024-06-12 15:19:00,4947.5,4947.5,4942.0,4943.95,5540
2024-06-12 15:20:00,4942.35,4943.9,4938.35,4941.0,6674
2024-06-12 15:21:00,4941.0,4943.85,4937.85,4939.7,4110
2024-06-12 15:22:00,4938.75,4944.9,4938.75,4939.25,3608
2024-06-12 15:23:00,4940.35,4945.0,4938.0,4943.05,4661
2024-06-12 15:24:00,4943.25,4947.1,4940.0,4942.3,4542
2024-06-12 15:25:00,4944.95,4946.0,4939.35,4941.8,4690
2024-06-12 15:26:00,4941.8,4941.95,4937.0,4939.95,4376
2024-06-12 15:27:00,4939.8,4945.4,4939.4,4944.4,4627
2024-06-12 15:28:00,4945.4,4945.55,4936.05,4942.45,5288
2024-06-12 15:29:00,4942.45,4950.15,4942.2,4945.0,2188
2024-06-13 09:15:00,4996.05,5024.1,4971.05,5014.2,11461
2024-06-13 09:16:00,5015.9,5027.35,5012.7,5020.0,6424
2024-06-13 09:17:00,5020.0,5026.65,5010.05,5020.0,4544
2024-06-13 09:18:00,5018.05,5019.5,5004.95,5008.2,3800
2024-06-13 09:19:00,5004.8,5009.95,5004.1,5008.3,1956
2024-06-13 09:20:00,5008.3,5018.95,5008.3,5010.2,1429
2024-06-13 09:21:00,5005.75,5010.2,5005.55,5008.0,1108
2024-06-13 09:22:00,5006.0,5020.0,5005.2,5020.0,2185
2024-06-13 09:23:00,5019.95,5021.9,5017.0,5018.55,3857
2024-06-13 09:24:00,5018.55,5027.0,5017.65,5024.95,5147
2024-06-13 09:25:00,5024.95,5034.0,5020.8,5033.95,5832
2024-06-13 09:26:00,5033.95,5054.45,5032.15,5047.15,14506
2024-06-13 09:27:00,5050.45,5057.95,5047.0,5053.05,8376
2024-06-13 09:28:00,5056.9,5069.0,5052.45,5068.9,13954
2024-06-13 09:29:00,5068.9,5074.0,5060.8,5063.15,10945
2024-06-13 09:30:00,5062.25,5068.35,5055.3,5060.6,7866
2024-06-13 09:31:00,5063.05,5077.85,5061.0,5076.95,13782
2024-06-13 09:32:00,5075.55,5085.0,5073.45,5085.0,15825
2024-06-13 09:33:00,5082.7,5089.55,5080.0,5081.5,13229
2024-06-13 09:34:00,5082.45,5087.0,5080.1,5083.1,11944
2024-06-13 09:35:00,5084.0,5092.15,5083.0,5090.0,16952
2024-06-13 09:36:00,5086.75,5089.7,5075.0,5079.55,14228
2024-06-13 09:37:00,5078.0,5084.0,5078.0,5080.55,4221
2024-06-13 09:38:00,5080.55,5083.0,5075.0,5078.3,5834
2024-06-13 09:39:00,5078.3,5079.1,5066.85,5070.8,6663
2024-06-13 09:40:00,5068.3,5070.8,5061.15,5069.65,8641
2024-06-13 09:41:00,5069.9,5075.95,5068.85,5072.75,4535
2024-06-13 09:42:00,5072.75,5076.85,5071.0,5076.85,4001
2024-06-13 09:43:00,5074.05,5083.0,5073.55,5080.0,5098
2024-06-13 09:44:00,5080.0,5082.75,5077.0,5079.85,4054
2024-06-13 09:45:00,5077.0,5079.8,5070.8,5071.2,3481
2024-06-13 09:46:00,5071.2,5073.95,5051.05,5053.35,9865
2024-06-13 09:47:00,5053.35,5056.25,5050.0,5053.5,5736
2024-06-13 09:48:00,5051.45,5056.0,5049.05,5050.8,4195
2024-06-13 09:49:00,5050.0,5052.0,5041.3,5044.65,5804
2024-06-13 09:50:00,5046.5,5055.0,5044.1,5053.05,4568
2024-06-13 09:51:00,5052.0,5052.25,5042.65,5049.85,3231
2024-06-13 09:52:00,5049.85,5052.35,5045.1,5045.1,3094
2024-06-13 09:53:00,5045.0,5048.3,5042.5,5042.5,2267
2024-06-13 09:54:00,5042.15,5046.35,5038.0,5039.95,5939
2024-06-13 09:55:00,5039.95,5043.8,5037.2,5040.75,2268
2024-06-13 09:56:00,5040.75,5050.8,5040.75,5049.6,3901
2024-06-13 09:57:00,5049.6,5049.6,5036.8,5038.65,2647
2024-06-13 09:58:00,5038.65,5040.85,5036.2,5038.05,1583
2024-06-13 09:59:00,5038.0,5042.55,5037.4,5040.9,1436
2024-06-13 10:00:00,5039.0,5044.7,5039.0,5041.0,2177
2024-06-13 10:01:00,5041.0,5043.0,5040.35,5041.05,865
2024-06-13 10:02:00,5043.0,5044.0,5040.0,5040.65,1304
2024-06-13 10:03:00,5043.65,5043.65,5024.7,5026.9,11671
2024-06-13 10:04:00,5026.9,5035.0,5024.65,5035.0,3177
2024-06-13 10:05:00,5035.0,5035.0,5028.0,5031.15,2174
2024-06-13 10:06:00,5031.15,5034.4,5027.3,5027.3,1463
2024-06-13 10:07:00,5027.3,5029.65,5025.0,5025.25,2198
2024-06-13 10:08:00,5025.2,5034.2,5025.2,5031.6,1879
2024-06-13 10:09:00,5032.1,5042.0,5032.1,5041.1,3108
2024-06-13 10:10:00,5042.0,5044.55,5037.1,5040.05,1945
2024-06-13 10:11:00,5040.05,5048.0,5040.05,5044.7,1691
2024-06-13 10:12:00,5044.7,5047.2,5038.0,5038.0,1273
2024-06-13 10:13:00,5038.0,5042.75,5038.0,5042.75,872
2024-06-13 10:14:00,5042.75,5047.95,5040.0,5046.35,1772
2024-06-13 10:15:00,5046.35,5046.9,5041.4,5045.05,1087
2024-06-13 10:16:00,5042.15,5045.95,5042.0,5045.75,469
2024-06-13 10:17:00,5045.75,5053.75,5043.85,5050.95,2433
2024-06-13 10:18:00,5050.95,5053.0,5046.05,5049.95,2349
2024-06-13 10:19:00,5049.95,5049.95,5046.0,5047.0,464
2024-06-13 10:20:00,5047.0,5049.55,5045.0,5045.0,1290
2024-06-13 10:21:00,5045.1,5049.9,5044.0,5046.1,2046
2024-06-13 10:22:00,5046.1,5049.0,5042.05,5044.0,1227
2024-06-13 10:23:00,5044.0,5046.05,5040.0,5040.25,1142
2024-06-13 10:24:00,5040.25,5044.25,5040.15,5041.25,795
2024-06-13 10:25:00,5041.25,5044.95,5041.0,5044.0,728
2024-06-13 10:26:00,5044.0,5046.5,5044.0,5044.85,666
2024-06-13 10:27:00,5046.5,5047.9,5044.0,5044.0,251
2024-06-13 10:28:00,5045.2,5045.2,5041.25,5041.3,777
2024-06-13 10:29:00,5042.0,5045.15,5040.0,5041.3,737
2024-06-13 10:30:00,5041.3,5046.55,5040.1,5040.5,628
2024-06-13 10:31:00,5040.5,5048.95,5040.1,5045.25,818
2024-06-13 10:32:00,5045.25,5052.0,5043.0,5045.5,2176
2024-06-13 10:33:00,5043.05,5051.85,5043.05,5048.45,1178
2024-06-13 10:34:00,5048.45,5055.3,5048.45,5055.3,3143
2024-06-13 10:35:00,5055.25,5060.0,5055.0,5059.9,2140
2024-06-13 10:36:00,5059.9,5065.0,5059.9,5064.95,3188
2024-06-13 10:37:00,5064.95,5070.0,5062.8,5067.15,5109
2024-06-13 10:38:00,5067.15,5075.0,5067.15,5072.25,4948
2024-06-13 10:39:00,5074.9,5075.0,5071.5,5074.0,1727
2024-06-13 10:40:00,5073.05,5078.0,5070.0,5070.75,5231
2024-06-13 10:41:00,5070.0,5072.35,5069.8,5071.1,696
2024-06-13 10:42:00,5071.1,5072.25,5067.7,5071.85,3379
2024-06-13 10:43:00,5071.85,5071.85,5065.0,5066.0,1829
2024-06-13 10:44:00,5066.0,5066.0,5061.15,5062.7,849
2024-06-13 10:45:00,5062.7,5070.0,5062.7,5070.0,1906
2024-06-13 10:46:00,5069.95,5070.0,5065.05,5066.25,536
2024-06-13 10:47:00,5066.05,5067.55,5063.5,5066.5,1117
2024-06-13 10:48:00,5066.5,5069.95,5064.35,5064.35,671
2024-06-13 10:49:00,5064.35,5066.55,5063.5,5065.0,483
2024-06-13 10:50:00,5065.0,5065.0,5061.05,5061.1,1416
2024-06-13 10:51:00,5061.1,5063.95,5060.0,5063.0,728
2024-06-13 10:52:00,5062.0,5074.35,5062.0,5072.55,3788
2024-06-13 10:53:00,5072.55,5074.1,5071.55,5073.7,817
2024-06-13 10:54:00,5073.7,5074.9,5070.75,5074.7,1062
2024-06-13 10:55:00,5073.5,5074.95,5072.9,5073.0,639
2024-06-13 10:56:00,5073.0,5074.75,5072.7,5074.0,754
2024-06-13 10:57:00,5074.0,5074.0,5072.15,5072.95,847
2024-06-13 10:58:00,5072.95,5074.0,5068.8,5070.0,1147
2024-06-13 10:59:00,5070.0,5071.0,5070.0,5070.0,912
2024-06-13 11:00:00,5070.0,5073.0,5068.5,5070.7,927
2024-06-13 11:01:00,5070.7,5072.85,5070.7,5072.0,442
2024-06-13 11:02:00,5072.0,5075.0,5070.85,5073.0,2495
2024-06-13 11:03:00,5073.5,5074.15,5070.8,5073.95,484
2024-06-13 11:04:00,5073.95,5074.15,5071.15,5072.15,486
2024-06-13 11:05:00,5072.15,5074.5,5071.35,5071.35,1404
2024-06-13 11:06:00,5071.35,5074.65,5064.25,5068.0,3979
2024-06-13 11:07:00,5067.95,5068.3,5065.35,5066.4,171
2024-06-13 11:08:00,5066.4,5066.45,5060.15,5064.0,6075
2024-06-13 11:09:00,5064.0,5064.9,5058.85,5060.0,645
2024-06-13 11:10:00,5060.0,5064.2,5058.8,5060.5,1158
2024-06-13 11:11:00,5060.5,5063.35,5060.5,5062.5,1054
2024-06-13 11:12:00,5062.5,5063.8,5061.0,5061.3,1567
2024-06-13 11:13:00,5061.3,5063.55,5060.5,5060.5,762
2024-06-13 11:14:00,5061.1,5063.2,5059.0,5060.0,910
2024-06-13 11:15:00,5060.0,5062.95,5055.5,5061.75,1206
2024-06-13 11:16:00,5063.3,5065.0,5060.05,5060.05,1143
2024-06-13 11:17:00,5060.05,5062.75,5058.55,5060.65,5295
2024-06-13 11:18:00,5060.6,5062.75,5055.35,5059.25,5441
2024-06-13 11:19:00,5057.9,5060.0,5053.25,5053.25,1332
2024-06-13 11:20:00,5053.25,5055.65,5050.85,5051.25,1659
2024-06-13 11:21:00,5053.9,5060.55,5051.2,5058.05,822
2024-06-13 11:22:00,5058.05,5059.95,5052.15,5053.55,1687
2024-06-13 11:23:00,5053.55,5055.95,5051.8,5052.5,812
2024-06-13 11:24:00,5052.5,5053.9,5050.0,5050.0,893
2024-06-13 11:25:00,5050.0,5052.65,5046.6,5046.95,2035
2024-06-13 11:26:00,5046.95,5055.65,5046.95,5051.8,1680
2024-06-13 11:27:00,5051.8,5054.85,5047.0,5048.3,4285
2024-06-13 11:28:00,5048.3,5049.95,5048.05,5048.3,520
2024-06-13 11:29:00,5048.3,5049.15,5044.0,5044.3,2136
2024-06-13 11:30:00,5044.0,5046.0,5043.9,5045.95,3427
2024-06-13 11:31:00,5045.95,5045.95,5042.0,5042.0,911
2024-06-13 11:32:00,5041.0,5044.75,5041.0,5042.15,383
2024-06-13 11:33:00,5042.15,5043.95,5041.0,5042.65,865
2024-06-13 11:34:00,5042.65,5044.6,5041.35,5041.35,613
2024-06-13 11:35:00,5041.35,5044.35,5037.0,5037.05,4399
2024-06-13 11:36:00,5038.65,5040.0,5036.4,5039.75,2844
2024-06-13 11:37:00,5039.75,5040.0,5038.2,5040.0,424
2024-06-13 11:38:00,5040.0,5040.0,5038.4,5039.0,458
2024-06-13 11:39:00,5038.4,5045.0,5038.25,5042.65,3518
2024-06-13 11:40:00,5042.65,5043.9,5040.35,5043.9,647
2024-06-13 11:41:00,5043.9,5044.8,5042.05,5042.6,399
2024-06-13 11:42:00,5042.6,5045.0,5042.25,5043.7,571
2024-06-13 11:43:00,5044.0,5047.45,5043.0,5043.0,1835
2024-06-13 11:44:00,5043.0,5044.9,5042.5,5044.5,685
2024-06-13 11:45:00,5044.5,5045.0,5042.05,5044.25,471
2024-06-13 11:46:00,5044.25,5046.85,5043.0,5044.7,1100
2024-06-13 11:47:00,5044.7,5046.75,5044.0,5044.65,3633
2024-06-13 11:48:00,5044.65,5044.95,5041.55,5041.55,654
2024-06-13 11:49:00,5041.55,5048.0,5040.75,5048.0,765
2024-06-13 11:50:00,5048.0,5049.95,5044.4,5049.15,1530
2024-06-13 11:51:00,5049.15,5049.15,5045.0,5045.2,2352
2024-06-13 11:52:00,5047.4,5047.4,5042.1,5042.1,850
2024-06-13 11:53:00,5042.1,5048.1,5042.1,5048.1,314
2024-06-13 11:54:00,5048.6,5048.95,5044.55,5045.0,1257
2024-06-13 11:55:00,5045.4,5045.4,5041.6,5042.1,401
2024-06-13 11:56:00,5042.1,5044.15,5040.15,5040.5,728
2024-06-13 11:57:00,5040.5,5044.0,5039.6,5039.6,384
2024-06-13 11:58:00,5039.6,5043.55,5039.6,5041.5,353
2024-06-13 11:59:00,5041.5,5042.95,5033.0,5035.95,2218
2024-06-13 12:00:00,5035.95,5040.0,5033.7,5040.0,645
2024-06-13 12:01:00,5040.0,5043.85,5038.75,5042.85,1274
2024-06-13 12:02:00,5042.85,5044.4,5036.65,5036.65,993
2024-06-13 12:03:00,5036.65,5043.95,5036.65,5042.9,315
2024-06-13 12:04:00,5042.9,5043.5,5040.05,5043.35,569
2024-06-13 12:05:00,5043.35,5044.9,5041.5,5042.6,360
2024-06-13 12:06:00,5042.6,5044.8,5040.55,5043.55,369
2024-06-13 12:07:00,5043.55,5044.15,5041.2,5043.8,379
2024-06-13 12:08:00,5043.8,5043.8,5040.0,5041.8,162
2024-06-13 12:09:00,5041.8,5044.1,5040.4,5043.65,550
2024-06-13 12:10:00,5043.65,5047.0,5043.6,5047.0,3662
2024-06-13 12:11:00,5047.0,5047.0,5045.0,5045.45,293
2024-06-13 12:12:00,5045.45,5047.9,5045.1,5046.7,660
2024-06-13 12:13:00,5046.7,5048.4,5046.0,5046.0,999
2024-06-13 12:14:00,5046.0,5048.1,5041.55,5044.1,991
2024-06-13 12:15:00,5046.0,5046.7,5040.0,5041.45,1253
2024-06-13 12:16:00,5040.0,5044.45,5040.0,5042.1,410
2024-06-13 12:17:00,5042.1,5047.7,5042.0,5046.6,1745
2024-06-13 12:18:00,5046.6,5046.9,5044.0,5044.0,1128
2024-06-13 12:19:00,5044.0,5045.0,5044.0,5044.95,699
2024-06-13 12:20:00,5045.0,5046.05,5043.45,5045.0,562
2024-06-13 12:21:00,5045.0,5046.6,5040.5,5043.5,1051
2024-06-13 12:22:00,5043.65,5043.75,5040.65,5041.3,655
2024-06-13 12:23:00,5041.3,5043.5,5041.0,5043.3,418
2024-06-13 12:24:00,5043.15,5043.65,5040.9,5042.75,243
2024-06-13 12:25:00,5042.75,5045.0,5042.4,5043.85,544
2024-06-13 12:26:00,5043.85,5044.9,5043.0,5043.0,318
2024-06-13 12:27:00,5043.0,5044.6,5040.85,5041.5,547
2024-06-13 12:28:00,5041.5,5044.85,5041.5,5044.75,337
2024-06-13 12:29:00,5044.75,5044.9,5041.4,5042.4,206
2024-06-13 12:30:00,5042.4,5044.9,5041.4,5044.05,266
2024-06-13 12:31:00,5044.05,5044.65,5040.35,5040.4,636
2024-06-13 12:32:00,5040.4,5046.95,5040.4,5043.45,1964
2024-06-13 12:33:00,5043.45,5044.8,5040.55,5044.8,209
2024-06-13 12:34:00,5044.8,5044.8,5040.2,5040.2,495
2024-06-13 12:35:00,5040.2,5041.45,5035.65,5035.65,6029
2024-06-13 12:36:00,5035.65,5036.0,5032.0,5032.9,671
2024-06-13 12:37:00,5032.9,5036.05,5032.9,5034.75,396
2024-06-13 12:38:00,5034.75,5037.85,5032.0,5037.6,4153
2024-06-13 12:39:00,5037.6,5040.9,5035.15,5037.0,1721
2024-06-13 12:40:00,5037.0,5038.0,5033.15,5033.5,287
2024-06-13 12:41:00,5033.5,5036.75,5033.0,5035.0,389
2024-06-13 12:42:00,5036.75,5036.95,5034.0,5035.0,321
2024-06-13 12:43:00,5035.0,5036.7,5033.5,5035.75,624
2024-06-13 12:44:00,5033.05,5035.45,5032.6,5032.6,272
2024-06-13 12:45:00,5033.0,5035.0,5032.35,5032.35,468
2024-06-13 12:46:00,5032.35,5033.5,5031.0,5032.95,1109
2024-06-13 12:47:00,5031.0,5033.85,5030.0,5031.05,1029
2024-06-13 12:48:00,5031.05,5034.9,5030.45,5034.9,427
2024-06-13 12:49:00,5034.9,5036.0,5032.4,5036.0,497
2024-06-13 12:50:00,5036.0,5038.35,5035.65,5035.8,404
2024-06-13 12:51:00,5035.8,5039.0,5035.0,5039.0,318
2024-06-13 12:52:00,5039.0,5041.4,5036.2,5039.85,908
2024-06-13 12:53:00,5039.85,5041.5,5038.85,5040.6,279
2024-06-13 12:54:00,5040.65,5041.3,5038.05,5038.1,234
2024-06-13 12:55:00,5038.1,5041.0,5038.0,5039.3,232
2024-06-13 12:56:00,5039.3,5041.1,5038.05,5038.5,325
2024-06-13 12:57:00,5038.5,5040.9,5037.0,5037.1,239
2024-06-13 12:58:00,5037.1,5038.4,5035.65,5036.75,187
2024-06-13 12:59:00,5036.75,5038.95,5035.65,5038.75,196
2024-06-13 13:00:00,5038.75,5038.75,5035.05,5035.55,387
2024-06-13 13:01:00,5035.55,5038.05,5035.0,5035.55,218
2024-06-13 13:02:00,5035.55,5039.5,5035.55,5037.45,281
2024-06-13 13:03:00,5037.45,5038.75,5035.1,5036.95,392
2024-06-13 13:04:00,5036.95,5039.0,5036.0,5039.0,362
2024-06-13 13:05:00,5039.0,5039.95,5036.05,5036.05,363
2024-06-13 13:06:00,5036.0,5036.05,5033.8,5035.1,557
2024-06-13 13:07:00,5035.1,5036.05,5035.1,5036.05,189
2024-06-13 13:08:00,5036.05,5038.05,5035.0,5037.1,656
2024-06-13 13:09:00,5038.95,5038.95,5033.0,5033.4,822
2024-06-13 13:10:00,5033.4,5037.5,5033.4,5035.1,415
2024-06-13 13:11:00,5035.1,5037.85,5033.0,5033.0,189
2024-06-13 13:12:00,5033.0,5035.15,5031.95,5033.6,3277
2024-06-13 13:13:00,5033.6,5035.05,5031.55,5031.95,174
2024-06-13 13:14:00,5031.95,5032.65,5031.0,5031.5,233
2024-06-13 13:15:00,5031.5,5034.75,5031.0,5033.9,254
2024-06-13 13:16:00,5033.9,5033.9,5031.05,5031.7,362
2024-06-13 13:17:00,5031.7,5033.85,5027.65,5028.85,2142
2024-06-13 13:18:00,5028.85,5030.0,5027.0,5029.0,568
2024-06-13 13:19:00,5029.0,5030.2,5027.5,5028.75,301
2024-06-13 13:20:00,5028.75,5030.55,5028.0,5028.0,541
2024-06-13 13:21:00,5028.0,5030.9,5027.5,5028.0,424
2024-06-13 13:22:00,5028.0,5029.7,5028.0,5028.0,330
2024-06-13 13:23:00,5028.0,5030.15,5026.0,5026.65,801
2024-06-13 13:24:00,5026.65,5026.65,5025.3,5026.0,493
2024-06-13 13:25:00,5026.0,5027.0,5025.0,5025.5,608
2024-06-13 13:26:00,5025.5,5026.7,5025.1,5026.25,417
2024-06-13 13:27:00,5026.25,5029.85,5025.1,5029.85,505
2024-06-13 13:28:00,5029.85,5033.85,5028.6,5033.85,371
2024-06-13 13:29:00,5033.85,5033.85,5030.05,5030.45,475
2024-06-13 13:30:00,5030.45,5033.4,5030.45,5032.0,233
2024-06-13 13:31:00,5032.0,5033.35,5031.0,5031.9,326
2024-06-13 13:32:00,5031.9,5032.3,5030.0,5030.0,534
2024-06-13 13:33:00,5030.0,5031.7,5028.1,5030.45,355
2024-06-13 13:34:00,5030.45,5030.5,5027.25,5027.25,368
2024-06-13 13:35:00,5029.5,5032.45,5027.05,5032.45,475
2024-06-13 13:36:00,5032.45,5033.35,5030.0,5031.05,569
2024-06-13 13:37:00,5031.05,5033.4,5031.0,5031.0,196
2024-06-13 13:38:00,5031.0,5034.0,5031.0,5032.1,258
2024-06-13 13:39:00,5032.85,5034.1,5032.0,5033.5,294
2024-06-13 13:40:00,5033.5,5036.5,5033.05,5036.5,861
2024-06-13 13:41:00,5036.5,5037.0,5034.3,5037.0,496
2024-06-13 13:42:00,5037.0,5037.0,5034.1,5034.1,216
2024-06-13 13:43:00,5031.7,5035.9,5031.6,5031.8,335
2024-06-13 13:44:00,5031.8,5034.6,5031.0,5032.0,387
2024-06-13 13:45:00,5032.0,5032.35,5031.0,5031.0,366
2024-06-13 13:46:00,5031.0,5032.0,5030.0,5030.0,503
2024-06-13 13:47:00,5031.9,5031.9,5030.0,5030.1,589
2024-06-13 13:48:00,5031.25,5032.0,5030.0,5030.0,448
2024-06-13 13:49:00,5027.15,5029.75,5026.0,5028.95,733
2024-06-13 13:50:00,5028.95,5028.95,5026.1,5028.7,415
2024-06-13 13:51:00,5028.7,5031.0,5021.0,5022.85,3624
2024-06-13 13:52:00,5022.85,5023.0,5021.0,5021.35,1078
2024-06-13 13:53:00,5021.35,5024.0,5021.3,5022.95,344
2024-06-13 13:54:00,5022.95,5025.95,5021.4,5023.55,873
2024-06-13 13:55:00,5023.55,5025.85,5021.1,5021.1,885
2024-06-13 13:56:00,5021.1,5022.25,5020.25,5022.0,1227
2024-06-13 13:57:00,5022.0,5022.0,5020.4,5020.95,226
2024-06-13 13:58:00,5020.95,5022.0,5019.0,5019.05,2684
2024-06-13 13:59:00,5019.0,5020.8,5018.0,5018.95,362
2024-06-13 14:00:00,5019.3,5022.0,5019.3,5020.0,318
2024-06-13 14:01:00,5020.0,5024.35,5020.0,5020.9,334
2024-06-13 14:02:00,5022.9,5027.05,5022.5,5024.0,521
2024-06-13 14:03:00,5024.0,5027.8,5022.65,5024.95,407
2024-06-13 14:04:00,5024.95,5024.95,5020.1,5020.1,478
2024-06-13 14:05:00,5020.1,5021.9,5020.1,5021.8,265
2024-06-13 14:06:00,5021.8,5023.0,5021.0,5021.0,262
2024-06-13 14:07:00,5021.2,5023.2,5021.0,5022.25,282
2024-06-13 14:08:00,5022.25,5022.25,5021.0,5021.0,225
2024-06-13 14:09:00,5021.0,5023.45,5021.0,5021.0,324
2024-06-13 14:10:00,5021.0,5023.4,5017.6,5018.15,1773
2024-06-13 14:11:00,5018.15,5020.35,5017.65,5020.0,477
2024-06-13 14:12:00,5020.0,5020.0,5013.6,5015.85,4829
2024-06-13 14:13:00,5015.95,5018.45,5014.0,5016.35,5892
2024-06-13 14:14:00,5016.35,5017.0,5014.0,5014.1,977
2024-06-13 14:15:00,5014.1,5015.0,5014.0,5014.8,195
2024-06-13 14:16:00,5014.8,5015.0,5011.75,5012.45,1650
2024-06-13 14:17:00,5012.4,5018.95,5011.0,5011.85,4668
2024-06-13 14:18:00,5011.85,5017.45,5011.0,5014.5,1578
2024-06-13 14:19:00,5014.5,5018.15,5013.7,5015.1,1734
2024-06-13 14:20:00,5016.6,5018.95,5013.75,5013.95,3673
2024-06-13 14:21:00,5018.95,5018.95,5013.05,5015.0,2919
2024-06-13 14:22:00,5015.0,5016.2,5013.0,5016.0,859
2024-06-13 14:23:00,5016.0,5020.0,5012.0,5014.2,4154
2024-06-13 14:24:00,5014.2,5017.0,5013.7,5014.0,3906
2024-06-13 14:25:00,5014.0,5019.6,5013.15,5015.9,2141
2024-06-13 14:26:00,5015.9,5022.2,5014.55,5020.45,2986
2024-06-13 14:27:00,5020.45,5020.45,5015.7,5019.85,624
2024-06-13 14:28:00,5019.85,5024.95,5018.45,5022.35,268
2024-06-13 14:29:00,5022.35,5024.5,5021.85,5021.9,550
2024-06-13 14:30:00,5021.9,5024.0,5020.0,5020.05,219
2024-06-13 14:31:00,5021.9,5024.85,5020.0,5024.85,360
2024-06-13 14:32:00,5024.85,5029.0,5022.6,5027.75,1284
2024-06-13 14:33:00,5027.75,5028.0,5025.0,5027.95,443
2024-06-13 14:34:00,5027.95,5030.0,5025.0,5030.0,722
2024-06-13 14:35:00,5030.0,5042.95,5027.85,5042.95,4157
2024-06-13 14:36:00,5043.0,5043.0,5039.0,5042.95,1193
2024-06-13 14:37:00,5042.95,5047.9,5042.0,5043.0,2052
2024-06-13 14:38:00,5043.85,5045.0,5041.1,5043.0,633
2024-06-13 14:39:00,5043.0,5045.9,5041.0,5045.3,1562
2024-06-13 14:40:00,5045.4,5048.05,5042.4,5045.15,3089
2024-06-13 14:41:00,5045.15,5047.9,5040.3,5045.9,541
2024-06-13 14:42:00,5043.2,5048.0,5043.2,5047.7,1075
2024-06-13 14:43:00,5047.7,5047.7,5043.15,5045.0,449
2024-06-13 14:44:00,5045.0,5045.95,5039.75,5042.0,917
2024-06-13 14:45:00,5040.05,5043.8,5039.05,5042.45,1015
2024-06-13 14:46:00,5042.95,5042.95,5035.95,5038.9,733
2024-06-13 14:47:00,5039.0,5041.4,5035.05,5039.95,1689
2024-06-13 14:48:00,5039.95,5041.9,5037.4,5040.0,752
2024-06-13 14:49:00,5040.0,5043.9,5038.75,5043.0,1943
2024-06-13 14:50:00,5043.0,5044.25,5040.05,5044.0,1679
2024-06-13 14:51:00,5044.0,5044.0,5040.0,5042.65,998
2024-06-13 14:52:00,5042.65,5042.65,5036.85,5038.9,1101
2024-06-13 14:53:00,5037.1,5041.95,5035.0,5041.15,2914
2024-06-13 14:54:00,5041.15,5041.25,5037.25,5041.15,607
2024-06-13 14:55:00,5038.0,5041.8,5037.05,5041.1,710
2024-06-13 14:56:00,5041.45,5044.5,5039.55,5040.15,2189
2024-06-13 14:57:00,5040.0,5043.45,5037.25,5042.95,499
2024-06-13 14:58:00,5043.25,5044.0,5038.9,5044.0,725
2024-06-13 14:59:00,5044.45,5047.15,5040.9,5045.5,2649
2024-06-13 15:00:00,5043.3,5046.35,5037.55,5038.8,883
2024-06-13 15:01:00,5041.95,5043.0,5038.6,5040.0,1054
2024-06-13 15:02:00,5040.0,5041.85,5038.05,5041.65,1040
2024-06-13 15:03:00,5041.65,5044.95,5038.45,5042.2,2823
2024-06-13 15:04:00,5043.65,5048.45,5040.0,5048.0,3429
2024-06-13 15:05:00,5049.75,5051.4,5045.35,5050.0,4259
2024-06-13 15:06:00,5048.65,5052.15,5046.35,5051.1,2187
2024-06-13 15:07:00,5051.1,5052.25,5048.25,5052.25,2895
2024-06-13 15:08:00,5052.25,5052.25,5048.2,5051.6,2551
2024-06-13 15:09:00,5051.6,5051.9,5045.75,5049.45,3813
2024-06-13 15:10:00,5049.45,5051.0,5047.8,5047.85,758
2024-06-13 15:11:00,5048.7,5048.95,5045.75,5048.95,1448
2024-06-13 15:12:00,5048.95,5049.0,5045.8,5048.0,2965
2024-06-13 15:13:00,5048.0,5049.0,5041.25,5047.15,2843
2024-06-13 15:14:00,5047.7,5048.25,5041.25,5045.6,2013
2024-06-13 15:15:00,5045.65,5048.1,5043.45,5045.1,4270
2024-06-13 15:16:00,5048.0,5049.0,5043.3,5049.0,4256
2024-06-13 15:17:00,5048.95,5048.95,5044.1,5048.2,2226
2024-06-13 15:18:00,5048.2,5049.0,5044.2,5047.75,3327
2024-06-13 15:19:00,5047.75,5050.25,5045.3,5050.0,4028
2024-06-13 15:20:00,5050.0,5050.55,5046.6,5046.6,3317
2024-06-13 15:21:00,5046.65,5049.3,5045.0,5045.9,2021
2024-06-13 15:22:00,5046.05,5050.0,5046.0,5047.25,2597
2024-06-13 15:23:00,5047.15,5047.95,5044.1,5045.45,2075
2024-06-13 15:24:00,5045.45,5047.6,5044.05,5045.0,1638
2024-06-13 15:25:00,5044.95,5047.55,5044.85,5046.25,909
2024-06-13 15:26:00,5046.25,5050.0,5046.1,5050.0,2325
2024-06-13 15:27:00,5048.5,5051.0,5048.5,5050.1,1506
2024-06-13 15:28:00,5050.1,5050.1,5047.15,5050.0,1328
2024-06-13 15:29:00,5048.05,5050.0,5030.05,5040.0,1774
2024-06-14 09:15:00,5047.2,5060.0,5040.0,5047.15,2254
2024-06-14 09:16:00,5045.6,5049.6,5026.75,5049.6,3562
2024-06-14 09:17:00,5047.1,5047.1,5021.7,5029.0,1875
2024-06-14 09:18:00,5025.5,5030.0,5021.4,5027.85,803
2024-06-14 09:19:00,5027.85,5029.15,5015.25,5016.8,1976
2024-06-14 09:20:00,5021.1,5025.45,5015.0,5018.6,2096
2024-06-14 09:21:00,5015.7,5019.65,5007.35,5013.65,3331
2024-06-14 09:22:00,5014.6,5019.0,5010.0,5018.7,1753
2024-06-14 09:23:00,5018.7,5018.7,5010.5,5017.5,730
2024-06-14 09:24:00,5015.55,5017.15,5002.55,5003.0,1775
2024-06-14 09:25:00,5004.85,5007.3,4995.25,5006.7,2417
2024-06-14 09:26:00,5005.55,5013.65,5000.2,5012.0,1421
2024-06-14 09:27:00,5009.9,5013.8,5007.05,5010.5,526
2024-06-14 09:28:00,5010.5,5016.0,5008.0,5009.0,2306
2024-06-14 09:29:00,5009.75,5013.25,5008.0,5013.25,446
2024-06-14 09:30:00,5011.45,5019.55,5011.45,5018.95,2712
2024-06-14 09:31:00,5018.95,5020.0,5015.3,5017.0,905
2024-06-14 09:32:00,5016.0,5017.45,5007.05,5009.0,1063
2024-06-14 09:33:00,5008.0,5015.0,5004.05,5011.45,903
2024-06-14 09:34:00,5011.45,5015.8,5011.45,5015.8,336
2024-06-14 09:35:00,5012.45,5019.95,5011.05,5019.95,768
2024-06-14 09:36:00,5019.95,5019.95,5013.9,5013.9,273
2024-06-14 09:37:00,5013.9,5031.0,5013.9,5028.65,1264
2024-06-14 09:38:00,5037.95,5037.95,5030.0,5031.7,2957
2024-06-14 09:39:00,5031.7,5058.15,5031.7,5058.15,5532
2024-06-14 09:40:00,5058.15,5058.15,5043.0,5043.2,2673
2024-06-14 09:41:00,5043.2,5046.55,5037.9,5040.95,908
2024-06-14 09:42:00,5038.1,5041.0,5034.75,5038.1,1730
2024-06-14 09:43:00,5037.25,5041.0,5034.85,5035.0,522
2024-06-14 09:44:00,5035.25,5037.95,5032.8,5035.25,1194
2024-06-14 09:45:00,5033.65,5033.9,5031.0,5031.0,218
2024-06-14 09:46:00,5032.6,5032.85,5029.9,5032.15,625
2024-06-14 09:47:00,5032.15,5033.95,5029.15,5033.95,275
2024-06-14 09:48:00,5031.45,5035.05,5030.25,5033.3,219
2024-06-14 09:49:00,5032.5,5040.0,5032.35,5040.0,490
2024-06-14 09:50:00,5039.95,5040.0,5033.0,5035.0,341
2024-06-14 09:51:00,5035.0,5038.45,5033.45,5035.0,427
2024-06-14 09:52:00,5035.0,5037.05,5033.85,5033.85,96
2024-06-14 09:53:00,5033.85,5036.35,5027.0,5027.0,956
2024-06-14 09:54:00,5028.6,5031.65,5028.6,5031.65,209
2024-06-14 09:55:00,5031.5,5032.0,5029.45,5029.45,323
2024-06-14 09:56:00,5029.45,5036.95,5028.0,5033.15,1308
2024-06-14 09:57:00,5033.15,5034.8,5027.6,5031.25,265
2024-06-14 09:58:00,5031.25,5050.0,5031.25,5045.4,2167
2024-06-14 09:59:00,5045.4,5049.65,5044.75,5044.95,553
2024-06-14 10:00:00,5044.95,5044.95,5040.05,5043.0,183
2024-06-14 10:01:00,5040.45,5044.45,5037.1,5041.1,1387
2024-06-14 10:02:00,5041.2,5041.45,5038.4,5041.45,271
2024-06-14 10:03:00,5041.45,5044.0,5040.2,5044.0,648
2024-06-14 10:04:00,5045.0,5047.95,5040.2,5040.2,1155
2024-06-14 10:05:00,5040.2,5047.3,5039.0,5042.85,1815
2024-06-14 10:06:00,5039.95,5044.05,5039.95,5040.45,274
2024-06-14 10:07:00,5040.45,5042.05,5038.3,5040.0,457
2024-06-14 10:08:00,5042.0,5042.55,5040.0,5041.7,157
2024-06-14 10:09:00,5041.7,5045.0,5040.1,5041.9,431
2024-06-14 10:10:00,5041.9,5044.3,5040.65,5041.85,91
2024-06-14 10:11:00,5042.25,5047.1,5040.8,5045.9,1302
2024-06-14 10:12:00,5045.9,5045.9,5042.0,5044.25,719
2024-06-14 10:13:00,5042.0,5045.65,5042.0,5043.0,183
2024-06-14 10:14:00,5043.0,5053.3,5042.1,5052.6,681
2024-06-14 10:15:00,5053.4,5053.45,5047.75,5048.2,945
2024-06-14 10:16:00,5048.2,5050.65,5043.95,5043.95,586
2024-06-14 10:17:00,5043.95,5057.85,5043.95,5057.85,2434
2024-06-14 10:18:00,5057.85,5058.65,5054.8,5055.5,500
2024-06-14 10:19:00,5055.5,5064.85,5055.5,5064.85,2909
2024-06-14 10:20:00,5065.0,5067.8,5062.25,5064.3,1680
2024-06-14 10:21:00,5064.3,5070.0,5063.5,5070.0,1364
2024-06-14 10:22:00,5067.75,5070.0,5064.05,5064.05,1725
2024-06-14 10:23:00,5068.75,5068.75,5064.1,5068.0,765
2024-06-14 10:24:00,5068.0,5068.5,5065.3,5068.25,773
2024-06-14 10:25:00,5068.3,5068.5,5065.0,5066.0,287
2024-06-14 10:26:00,5065.0,5066.4,5062.5,5062.5,1666
2024-06-14 10:27:00,5062.5,5067.0,5058.05,5061.25,1423
2024-06-14 10:28:00,5061.25,5064.95,5061.05,5061.25,215
2024-06-14 10:29:00,5061.25,5063.95,5060.0,5063.95,300
2024-06-14 10:30:00,5063.95,5063.95,5058.0,5058.0,2316
2024-06-14 10:31:00,5056.6,5059.75,5056.1,5059.7,261
2024-06-14 10:32:00,5059.7,5059.7,5052.55,5053.35,810
2024-06-14 10:33:00,5053.75,5056.0,5051.05,5052.4,202
2024-06-14 10:34:00,5052.4,5054.0,5050.0,5050.0,1620
2024-06-14 10:35:00,5050.1,5052.5,5050.1,5052.5,1445
2024-06-14 10:36:00,5050.9,5054.2,5050.85,5052.45,396
2024-06-14 10:37:00,5052.5,5054.45,5050.45,5054.25,442
2024-06-14 10:38:00,5052.0,5057.45,5052.0,5057.35,387
2024-06-14 10:39:00,5057.35,5058.6,5055.15,5056.7,263
2024-06-14 10:40:00,5058.0,5059.65,5055.55,5059.65,517
2024-06-14 10:41:00,5059.65,5060.0,5054.6,5056.95,171
2024-06-14 10:42:00,5056.95,5058.0,5054.05,5055.0,613
2024-06-14 10:43:00,5054.25,5057.35,5054.25,5056.0,174
2024-06-14 10:44:00,5056.0,5057.7,5053.9,5055.0,450
2024-06-14 10:45:00,5054.6,5055.3,5053.9,5055.0,288
2024-06-14 10:46:00,5055.0,5065.55,5053.9,5065.55,1572
2024-06-14 10:47:00,5069.95,5070.0,5065.35,5066.0,2382
2024-06-14 10:48:00,5066.0,5067.85,5064.6,5066.05,1572
2024-06-14 10:49:00,5066.05,5066.05,5062.5,5063.5,172
2024-06-14 10:50:00,5063.5,5063.5,5057.85,5057.85,597
2024-06-14 10:51:00,5057.85,5060.9,5054.0,5056.75,1336
2024-06-14 10:52:00,5056.75,5058.6,5055.0,5056.9,326
2024-06-14 10:53:00,5055.6,5061.75,5055.55,5058.25,399
2024-06-14 10:54:00,5058.25,5058.65,5055.3,5055.7,277
2024-06-14 10:55:00,5055.7,5058.2,5055.2,5057.95,178
2024-06-14 10:56:00,5057.95,5057.95,5055.05,5055.55,224
2024-06-14 10:57:00,5055.15,5055.15,5051.55,5052.7,1742
2024-06-14 10:58:00,5052.7,5054.4,5050.7,5051.65,273
2024-06-14 10:59:00,5051.65,5052.65,5049.45,5052.05,698
2024-06-14 11:00:00,5050.3,5054.15,5050.3,5054.15,381
2024-06-14 11:01:00,5054.15,5055.15,5052.1,5055.1,281
2024-06-14 11:02:00,5053.15,5057.0,5053.0,5053.85,192
2024-06-14 11:03:00,5053.85,5055.5,5052.3,5055.05,298
2024-06-14 11:04:00,5054.0,5055.0,5052.0,5053.4,165
2024-06-14 11:05:00,5052.0,5053.5,5051.1,5053.5,237
2024-06-14 11:06:00,5053.5,5053.5,5048.45,5051.65,580
2024-06-14 11:07:00,5048.55,5051.7,5048.2,5048.2,307
2024-06-14 11:08:00,5048.5,5050.85,5048.3,5049.95,201
2024-06-14 11:09:00,5048.8,5050.9,5048.65,5050.65,229
2024-06-14 11:10:00,5049.0,5051.5,5049.0,5051.0,116
2024-06-14 11:11:00,5051.0,5057.2,5046.65,5057.2,1467
2024-06-14 11:12:00,5057.2,5057.2,5054.3,5056.0,632
2024-06-14 11:13:00,5056.0,5058.0,5054.5,5056.3,493
2024-06-14 11:14:00,5056.6,5064.4,5055.05,5063.55,1123
2024-06-14 11:15:00,5061.3,5063.3,5056.65,5060.2,664
2024-06-14 11:16:00,5060.2,5061.85,5057.3,5061.5,259
2024-06-14 11:17:00,5059.2,5061.3,5059.15,5060.45,232
2024-06-14 11:18:00,5060.45,5062.3,5056.25,5058.25,604
2024-06-14 11:19:00,5055.65,5060.6,5055.05,5057.5,630
2024-06-14 11:20:00,5057.5,5059.65,5056.55,5059.15,232
2024-06-14 11:21:00,5055.85,5059.3,5054.5,5057.15,309
2024-06-14 11:22:00,5057.15,5059.0,5055.1,5059.0,296
2024-06-14 11:23:00,5059.0,5059.95,5054.55,5056.15,780
2024-06-14 11:24:00,5056.15,5063.0,5055.8,5062.85,475
2024-06-14 11:25:00,5062.85,5062.85,5058.45,5061.25,299
2024-06-14 11:26:00,5061.25,5061.25,5056.35,5060.55,323
2024-06-14 11:27:00,5060.55,5061.0,5056.6,5060.3,377
2024-06-14 11:28:00,5060.3,5062.25,5057.0,5060.55,854
2024-06-14 11:29:00,5057.4,5064.0,5057.4,5063.1,743
2024-06-14 11:30:00,5063.1,5064.0,5060.75,5063.0,331
2024-06-14 11:31:00,5061.3,5063.85,5059.4,5063.0,1174
2024-06-14 11:32:00,5061.05,5064.0,5061.05,5063.55,297
2024-06-14 11:33:00,5063.55,5065.0,5061.5,5063.3,583
2024-06-14 11:34:00,5063.45,5065.0,5062.6,5064.9,386
2024-06-14 11:35:00,5063.0,5064.9,5062.95,5064.2,489
2024-06-14 11:36:00,5064.2,5064.8,5061.0,5062.9,645
2024-06-14 11:37:00,5063.1,5068.45,5062.9,5068.4,995
2024-06-14 11:38:00,5068.4,5068.4,5064.65,5065.2,264
2024-06-14 11:39:00,5065.2,5068.05,5063.1,5064.95,525
2024-06-14 11:40:00,5063.75,5065.0,5062.9,5065.0,386
2024-06-14 11:41:00,5065.0,5066.75,5061.0,5064.3,378
2024-06-14 11:42:00,5064.3,5064.6,5061.0,5064.6,351
2024-06-14 11:43:00,5064.6,5067.5,5061.3,5064.65,327
2024-06-14 11:44:00,5064.65,5070.0,5063.75,5069.75,1194
2024-06-14 11:45:00,5069.75,5069.75,5065.0,5066.0,303
2024-06-14 11:46:00,5066.0,5066.0,5061.3,5063.4,590
2024-06-14 11:47:00,5061.85,5064.65,5061.15,5061.15,238
2024-06-14 11:48:00,5061.1,5066.65,5061.1,5066.4,1367
2024-06-14 11:49:00,5066.7,5066.7,5061.65,5066.55,448
2024-06-14 11:50:00,5066.55,5066.55,5061.25,5064.85,515
2024-06-14 11:51:00,5064.75,5064.95,5061.25,5062.1,333
2024-06-14 11:52:00,5062.1,5065.0,5061.7,5064.75,262
2024-06-14 11:53:00,5064.75,5064.95,5062.2,5064.8,160
2024-06-14 11:54:00,5064.8,5064.9,5061.45,5064.6,1007
2024-06-14 11:55:00,5064.6,5064.6,5061.1,5064.6,200
2024-06-14 11:56:00,5062.05,5064.95,5061.3,5064.95,312
2024-06-14 11:57:00,5064.5,5064.85,5062.05,5064.5,297
2024-06-14 11:58:00,5062.55,5064.2,5061.1,5061.95,286
2024-06-14 11:59:00,5061.95,5062.3,5060.0,5060.0,455
2024-06-14 12:00:00,5061.0,5061.45,5054.55,5055.0,731
2024-06-14 12:01:00,5055.1,5064.15,5051.0,5062.1,4933
2024-06-14 12:02:00,5062.1,5062.15,5057.05,5057.05,462
2024-06-14 12:03:00,5057.05,5062.15,5055.5,5062.15,1399
2024-06-14 12:04:00,5062.15,5063.75,5056.3,5059.25,623
2024-06-14 12:05:00,5059.25,5063.0,5056.7,5056.7,2168
2024-06-14 12:06:00,5056.7,5063.0,5056.7,5060.65,404
2024-06-14 12:07:00,5060.65,5065.7,5059.95,5065.4,1273
2024-06-14 12:08:00,5065.4,5065.4,5062.6,5064.3,259
2024-06-14 12:09:00,5064.3,5064.3,5061.4,5062.75,223
2024-06-14 12:10:00,5061.45,5063.95,5061.45,5061.45,384
2024-06-14 12:11:00,5061.45,5061.85,5058.85,5061.85,284
2024-06-14 12:12:00,5060.05,5065.2,5060.05,5065.2,606
2024-06-14 12:13:00,5065.2,5065.8,5063.05,5064.85,136
2024-06-14 12:14:00,5064.85,5065.0,5061.4,5063.0,393
2024-06-14 12:15:00,5062.0,5065.2,5060.1,5064.7,243
2024-06-14 12:16:00,5064.7,5064.7,5060.05,5060.1,684
2024-06-14 12:17:00,5063.5,5065.45,5060.1,5060.85,1426
2024-06-14 12:18:00,5060.85,5062.65,5055.0,5061.65,1792
2024-06-14 12:19:00,5061.65,5064.85,5057.05,5064.8,686
2024-06-14 12:20:00,5064.8,5067.0,5060.0,5067.0,1621
2024-06-14 12:21:00,5067.0,5067.0,5061.0,5061.0,393
2024-06-14 12:22:00,5061.35,5065.35,5058.0,5062.85,379
2024-06-14 12:23:00,5062.85,5064.65,5061.1,5064.65,401
2024-06-14 12:24:00,5064.65,5065.0,5062.45,5062.45,138
2024-06-14 12:25:00,5062.45,5062.8,5060.95,5060.95,411
2024-06-14 12:26:00,5060.55,5065.15,5060.55,5063.2,524
2024-06-14 12:27:00,5063.2,5065.0,5060.55,5063.15,795
2024-06-14 12:28:00,5062.15,5063.95,5062.0,5063.75,232
2024-06-14 12:29:00,5063.75,5063.95,5062.5,5063.65,158
2024-06-14 12:30:00,5063.65,5069.0,5062.5,5066.55,1113
2024-06-14 12:31:00,5065.4,5067.0,5063.6,5067.0,592
2024-06-14 12:32:00,5067.0,5070.2,5066.25,5068.95,2573
2024-06-14 12:33:00,5068.0,5068.0,5066.0,5066.0,150
2024-06-14 12:34:00,5066.0,5067.9,5064.3,5066.0,166
2024-06-14 12:35:00,5066.0,5068.85,5064.15,5065.0,467
2024-06-14 12:36:00,5065.0,5068.0,5065.0,5066.5,546
2024-06-14 12:37:00,5066.5,5068.0,5062.6,5066.6,666
2024-06-14 12:38:00,5066.6,5066.6,5063.25,5063.6,306
2024-06-14 12:39:00,5065.9,5065.9,5064.0,5065.0,93
2024-06-14 12:40:00,5065.0,5065.7,5064.05,5064.05,324
2024-06-14 12:41:00,5064.05,5065.05,5064.05,5065.05,275
2024-06-14 12:42:00,5065.05,5066.0,5064.0,5064.0,235
2024-06-14 12:43:00,5064.0,5064.6,5062.8,5064.0,139
2024-06-14 12:44:00,5062.8,5064.0,5058.05,5058.05,662
2024-06-14 12:45:00,5058.05,5062.45,5058.0,5062.45,334
2024-06-14 12:46:00,5062.45,5062.45,5056.0,5056.2,323
2024-06-14 12:47:00,5056.2,5058.95,5052.3,5057.0,936
2024-06-14 12:48:00,5057.0,5063.95,5052.4,5063.95,1867
2024-06-14 12:49:00,5063.95,5063.95,5061.1,5061.1,142
2024-06-14 12:50:00,5061.1,5067.0,5061.1,5066.5,574
2024-06-14 12:51:00,5066.5,5066.5,5060.65,5065.5,585
2024-06-14 12:52:00,5065.5,5065.5,5058.0,5058.0,496
2024-06-14 12:53:00,5058.0,5060.5,5057.0,5057.85,584
2024-06-14 12:54:00,5057.85,5063.25,5057.65,5060.45,505
2024-06-14 12:55:00,5060.45,5060.6,5055.15,5057.0,954
2024-06-14 12:56:00,5057.0,5057.0,5053.1,5054.1,448
2024-06-14 12:57:00,5054.75,5056.5,5052.55,5056.5,448
2024-06-14 12:58:00,5056.5,5058.65,5053.25,5056.45,197
2024-06-14 12:59:00,5056.45,5057.95,5054.0,5057.95,269
2024-06-14 13:00:00,5057.95,5057.95,5054.55,5057.7,118
2024-06-14 13:01:00,5057.7,5057.7,5054.5,5057.7,142
2024-06-14 13:02:00,5057.7,5058.6,5055.5,5056.8,480
2024-06-14 13:03:00,5055.95,5056.8,5053.1,5053.1,169
2024-06-14 13:04:00,5053.1,5056.95,5053.1,5056.3,332
2024-06-14 13:05:00,5056.3,5056.3,5053.2,5053.85,141
2024-06-14 13:06:00,5053.85,5054.95,5053.0,5053.7,575
2024-06-14 13:07:00,5053.7,5055.0,5053.7,5053.7,664
2024-06-14 13:08:00,5053.7,5055.0,5053.7,5054.75,156
2024-06-14 13:09:00,5054.5,5055.9,5054.5,5055.85,369
2024-06-14 13:10:00,5055.85,5055.9,5053.6,5054.0,163
2024-06-14 13:11:00,5054.0,5055.0,5054.0,5054.25,179
2024-06-14 13:12:00,5054.0,5054.4,5053.15,5053.15,553
2024-06-14 13:13:00,5053.15,5055.0,5053.1,5053.15,322
2024-06-14 13:14:00,5054.95,5055.9,5053.0,5053.0,323
2024-06-14 13:15:00,5053.0,5054.9,5053.0,5053.75,199
2024-06-14 13:16:00,5053.75,5054.95,5051.0,5051.0,296
2024-06-14 13:17:00,5051.0,5054.85,5051.0,5052.45,247
2024-06-14 13:18:00,5052.45,5052.5,5050.15,5052.05,207
2024-06-14 13:19:00,5052.05,5052.05,5050.2,5051.05,162
2024-06-14 13:20:00,5050.3,5052.5,5047.7,5048.5,1197
2024-06-14 13:21:00,5048.5,5050.0,5047.1,5047.95,239
2024-06-14 13:22:00,5047.95,5053.4,5047.4,5050.95,1161
2024-06-14 13:23:00,5050.95,5050.95,5047.1,5048.95,141
2024-06-14 13:24:00,5048.95,5050.0,5047.1,5049.25,357
2024-06-14 13:25:00,5049.35,5052.65,5048.6,5050.0,196
2024-06-14 13:26:00,5050.0,5050.05,5048.0,5048.0,426
2024-06-14 13:27:00,5048.0,5049.35,5046.0,5046.65,430
2024-06-14 13:28:00,5046.65,5048.6,5045.0,5046.35,294
2024-06-14 13:29:00,5045.0,5046.3,5040.05,5040.4,1618
2024-06-14 13:30:00,5040.4,5043.9,5040.2,5040.3,815
2024-06-14 13:31:00,5040.3,5048.1,5040.05,5046.05,2859
2024-06-14 13:32:00,5046.05,5048.75,5042.2,5043.9,318
2024-06-14 13:33:00,5045.8,5045.8,5040.4,5040.4,347
2024-06-14 13:34:00,5040.4,5042.05,5040.4,5040.55,173
2024-06-14 13:35:00,5040.55,5042.05,5033.35,5036.0,2120
2024-06-14 13:36:00,5036.0,5042.2,5036.0,5039.9,1023
2024-06-14 13:37:00,5038.1,5038.1,5031.35,5031.45,811
2024-06-14 13:38:00,5032.0,5035.15,5032.0,5033.65,421
2024-06-14 13:39:00,5033.75,5038.25,5033.75,5036.35,321
2024-06-14 13:40:00,5036.35,5038.2,5035.15,5037.7,270
2024-06-14 13:41:00,5038.0,5042.7,5037.7,5040.05,485
2024-06-14 13:42:00,5040.05,5042.9,5040.0,5042.65,265
2024-06-14 13:43:00,5042.65,5042.65,5036.4,5036.5,633
2024-06-14 13:44:00,5037.0,5038.55,5036.5,5036.5,224
2024-06-14 13:45:00,5036.5,5038.9,5034.05,5038.2,576
2024-06-14 13:46:00,5035.7,5035.9,5034.0,5034.0,944
2024-06-14 13:47:00,5034.0,5035.0,5033.0,5034.6,314
2024-06-14 13:48:00,5034.6,5039.5,5034.6,5035.0,560
2024-06-14 13:49:00,5035.0,5036.35,5033.5,5033.5,221
2024-06-14 13:50:00,5033.5,5038.25,5033.0,5037.75,324
2024-06-14 13:51:00,5037.05,5037.45,5033.5,5034.2,434
2024-06-14 13:52:00,5034.2,5037.35,5033.65,5034.0,282
2024-06-14 13:53:00,5034.0,5038.4,5033.6,5034.25,491
2024-06-14 13:54:00,5034.25,5039.3,5033.7,5036.8,323
2024-06-14 13:55:00,5038.55,5038.55,5033.2,5033.75,226
2024-06-14 13:56:00,5035.05,5036.85,5033.75,5033.85,269
2024-06-14 13:57:00,5033.85,5034.55,5033.2,5033.2,199
2024-06-14 13:58:00,5033.2,5036.9,5033.2,5034.25,376
2024-06-14 13:59:00,5034.35,5034.35,5033.2,5033.2,117
2024-06-14 14:00:00,5033.2,5036.1,5033.2,5034.15,321
2024-06-14 14:01:00,5033.6,5035.9,5033.6,5034.1,495
2024-06-14 14:02:00,5034.1,5037.55,5033.1,5034.95,624
2024-06-14 14:03:00,5034.95,5037.3,5033.05,5033.1,511
2024-06-14 14:04:00,5033.1,5036.1,5033.05,5036.0,549
2024-06-14 14:05:00,5036.0,5036.05,5033.0,5033.05,613
2024-06-14 14:06:00,5033.05,5038.05,5033.0,5033.4,891
2024-06-14 14:07:00,5033.4,5034.9,5033.0,5033.0,695
2024-06-14 14:08:00,5033.0,5033.4,5030.0,5030.25,1319
2024-06-14 14:09:00,5032.5,5032.5,5023.0,5023.25,2651
2024-06-14 14:10:00,5023.25,5029.9,5022.9,5025.6,1661
2024-06-14 14:11:00,5025.6,5027.95,5025.1,5025.7,619
2024-06-14 14:12:00,5025.1,5028.4,5025.1,5025.65,460
2024-06-14 14:13:00,5025.65,5030.0,5025.65,5027.8,803
2024-06-14 14:14:00,5027.8,5030.2,5027.0,5027.05,716
2024-06-14 14:15:00,5027.05,5036.95,5027.05,5036.95,955
2024-06-14 14:16:00,5036.95,5036.95,5030.8,5033.75,613
2024-06-14 14:17:00,5033.75,5034.35,5030.85,5034.35,344
2024-06-14 14:18:00,5034.35,5042.15,5033.0,5040.0,734
2024-06-14 14:19:00,5040.0,5042.45,5040.0,5041.8,376
2024-06-14 14:20:00,5041.05,5041.05,5036.0,5037.1,796
2024-06-14 14:21:00,5037.0,5037.0,5032.5,5033.45,296
2024-06-14 14:22:00,5033.45,5035.95,5032.5,5033.0,473
2024-06-14 14:23:00,5032.5,5033.9,5031.1,5032.95,568
2024-06-14 14:24:00,5032.95,5036.3,5030.15,5033.85,786
2024-06-14 14:25:00,5033.85,5035.0,5032.0,5033.75,454
2024-06-14 14:26:00,5033.75,5034.95,5032.0,5032.25,701
2024-06-14 14:27:00,5032.25,5032.25,5030.0,5030.0,464
2024-06-14 14:28:00,5030.0,5032.85,5028.05,5028.05,522
2024-06-14 14:29:00,5030.95,5031.4,5028.05,5028.15,428
2024-06-14 14:30:00,5028.15,5030.85,5027.3,5027.6,495
2024-06-14 14:31:00,5027.6,5030.0,5027.1,5027.25,423
2024-06-14 14:32:00,5027.25,5031.75,5027.15,5029.5,891
2024-06-14 14:33:00,5031.25,5032.1,5027.85,5029.25,626
2024-06-14 14:34:00,5029.25,5031.85,5028.2,5029.4,483
2024-06-14 14:35:00,5029.4,5033.8,5029.0,5031.5,951
2024-06-14 14:36:00,5031.7,5033.5,5028.85,5029.1,806
2024-06-14 14:37:00,5029.1,5031.45,5027.0,5027.1,559
2024-06-14 14:38:00,5028.9,5028.9,5027.0,5028.25,499
2024-06-14 14:39:00,5028.2,5032.25,5028.15,5030.25,637
2024-06-14 14:40:00,5030.25,5031.5,5028.15,5031.5,760
2024-06-14 14:41:00,5031.5,5032.2,5029.05,5031.8,562
2024-06-14 14:42:00,5031.8,5032.0,5029.9,5030.15,656
2024-06-14 14:43:00,5030.15,5031.9,5030.15,5031.6,422
2024-06-14 14:44:00,5030.55,5035.5,5029.05,5035.4,824
2024-06-14 14:45:00,5032.55,5033.8,5029.2,5033.65,732
2024-06-14 14:46:00,5033.65,5034.65,5031.05,5031.95,378
2024-06-14 14:47:00,5031.95,5034.0,5031.05,5031.65,543
2024-06-14 14:48:00,5031.65,5042.05,5031.4,5040.45,1534
2024-06-14 14:49:00,5040.45,5043.5,5038.95,5039.25,811
2024-06-14 14:50:00,5039.25,5041.3,5038.25,5039.0,620
2024-06-14 14:51:00,5038.0,5039.8,5034.25,5039.7,634
2024-06-14 14:52:00,5039.7,5042.0,5036.7,5039.4,568
2024-06-14 14:53:00,5039.4,5040.9,5035.45,5037.0,755
2024-06-14 14:54:00,5036.5,5040.0,5035.35,5038.85,499
2024-06-14 14:55:00,5038.85,5039.9,5037.75,5039.3,566
2024-06-14 14:56:00,5038.2,5039.5,5035.8,5039.35,753
2024-06-14 14:57:00,5039.15,5039.45,5035.8,5035.95,490
2024-06-14 14:58:00,5035.95,5040.6,5034.4,5040.05,967
2024-06-14 14:59:00,5040.05,5040.05,5033.85,5035.4,818
2024-06-14 15:00:00,5035.4,5040.4,5034.8,5036.45,545
2024-06-14 15:01:00,5036.45,5038.5,5033.4,5037.65,737
2024-06-14 15:02:00,5038.75,5040.0,5036.7,5038.9,600
2024-06-14 15:03:00,5038.9,5039.1,5035.55,5038.0,627
2024-06-14 15:04:00,5038.0,5039.95,5033.45,5035.1,713
2024-06-14 15:05:00,5032.45,5037.5,5032.35,5036.15,1216
2024-06-14 15:06:00,5036.15,5039.0,5033.4,5035.1,599
2024-06-14 15:07:00,5034.1,5035.05,5033.45,5034.0,511
2024-06-14 15:08:00,5033.95,5034.0,5031.5,5033.95,713
2024-06-14 15:09:00,5033.95,5035.0,5031.95,5033.15,860
2024-06-14 15:10:00,5033.15,5035.0,5031.25,5031.25,934
2024-06-14 15:11:00,5032.35,5035.0,5031.05,5034.95,990
2024-06-14 15:12:00,5034.0,5034.95,5032.8,5033.9,698
2024-06-14 15:13:00,5033.9,5037.0,5033.05,5036.65,1209
2024-06-14 15:14:00,5035.95,5037.9,5035.25,5037.55,1049
2024-06-14 15:15:00,5037.65,5037.65,5032.5,5034.8,1183
2024-06-14 15:16:00,5034.25,5036.35,5032.15,5033.95,773
2024-06-14 15:17:00,5034.05,5035.45,5032.3,5033.8,822
2024-06-14 15:18:00,5033.35,5033.95,5032.45,5033.9,608
2024-06-14 15:19:00,5033.9,5035.0,5032.15,5033.1,527
2024-06-14 15:20:00,5032.55,5033.1,5031.15,5031.4,979
2024-06-14 15:21:00,5031.4,5034.85,5031.35,5031.7,1005
2024-06-14 15:22:00,5031.65,5031.65,5030.0,5030.2,2241
2024-06-14 15:23:00,5030.15,5030.85,5030.0,5030.15,1203
2024-06-14 15:24:00,5030.3,5031.0,5029.5,5030.1,1029
2024-06-14 15:25:00,5030.0,5031.0,5026.75,5026.75,1349
2024-06-14 15:26:00,5026.9,5029.95,5024.1,5026.6,1345
2024-06-14 15:27:00,5026.6,5029.65,5025.4,5029.5,654
2024-06-14 15:28:00,5029.5,5029.55,5029.0,5029.45,666
2024-06-14 15:29:00,5029.4,5029.5,5025.6,5025.6,1023
