date,open,high,low,close,volume
2024-04-29 09:15:00,1340.1,1351.8,1332.1,1337.25,6454
2024-04-29 09:16:00,1337.25,1337.25,1321.05,1321.3,6486
2024-04-29 09:17:00,1323.7,1327.15,1315.6,1320.0,6004
2024-04-29 09:18:00,1320.0,1326.9,1320.0,1325.65,1466
2024-04-29 09:19:00,1325.3,1327.4,1320.05,1321.1,1624
2024-04-29 09:20:00,1321.1,1321.65,1317.0,1317.0,3604
2024-04-29 09:21:00,1318.7,1320.0,1316.2,1317.4,1903
2024-04-29 09:22:00,1317.0,1317.0,1311.05,1312.0,3933
2024-04-29 09:23:00,1311.95,1317.95,1310.0,1315.0,3443
2024-04-29 09:24:00,1315.0,1315.0,1312.25,1312.25,992
2024-04-29 09:25:00,1312.7,1312.75,1306.5,1308.1,4359
2024-04-29 09:26:00,1308.1,1308.1,1302.6,1304.8,3669
2024-04-29 09:27:00,1304.8,1304.9,1296.55,1299.0,5715
2024-04-29 09:28:00,1299.0,1307.3,1299.0,1305.5,2007
2024-04-29 09:29:00,1304.05,1305.35,1302.0,1305.0,1978
2024-04-29 09:30:00,1304.65,1312.75,1304.0,1311.05,2230
2024-04-29 09:31:00,1311.05,1315.0,1308.0,1315.0,1909
2024-04-29 09:32:00,1314.85,1319.0,1313.1,1317.3,1521
2024-04-29 09:33:00,1317.0,1326.85,1314.05,1322.25,8636
2024-04-29 09:34:00,1322.25,1322.25,1315.2,1319.25,2365
2024-04-29 09:35:00,1319.4,1320.55,1319.0,1319.6,772
2024-04-29 09:36:00,1319.45,1323.1,1319.45,1321.75,979
2024-04-29 09:37:00,1321.05,1322.5,1320.05,1322.35,444
2024-04-29 09:38:00,1322.35,1327.0,1321.2,1325.95,1335
2024-04-29 09:39:00,1325.0,1330.0,1323.0,1330.0,2940
2024-04-29 09:40:00,1331.0,1331.0,1326.85,1329.05,2467
2024-04-29 09:41:00,1329.05,1342.35,1327.8,1341.05,6835
2024-04-29 09:42:00,1341.05,1341.05,1334.45,1334.65,1513
2024-04-29 09:43:00,1334.4,1335.45,1331.75,1332.1,436
2024-04-29 09:44:00,1333.65,1334.85,1331.6,1332.25,860
2024-04-29 09:45:00,1332.25,1334.7,1332.0,1332.65,611
2024-04-29 09:46:00,1332.65,1337.9,1332.65,1336.0,762
2024-04-29 09:47:00,1336.55,1342.5,1336.05,1341.55,1348
2024-04-29 09:48:00,1341.5,1342.0,1335.45,1336.3,1004
2024-04-29 09:49:00,1337.45,1338.0,1335.0,1335.0,579
2024-04-29 09:50:00,1335.0,1336.55,1335.0,1335.75,651
2024-04-29 09:51:00,1335.75,1336.4,1335.0,1336.4,238
2024-04-29 09:52:00,1336.5,1340.1,1336.05,1337.15,1115
2024-04-29 09:53:00,1337.15,1337.35,1334.35,1334.35,479
2024-04-29 09:54:00,1334.4,1337.15,1331.0,1331.0,806
2024-04-29 09:55:00,1331.0,1334.15,1331.0,1331.4,1098
2024-04-29 09:56:00,1331.4,1333.15,1331.3,1332.55,59
2024-04-29 09:57:00,1333.5,1335.25,1333.5,1333.55,451
2024-04-29 09:58:00,1333.55,1334.0,1331.0,1332.95,593
2024-04-29 09:59:00,1332.95,1333.9,1331.25,1333.65,297
2024-04-29 10:00:00,1333.5,1333.7,1330.45,1330.75,954
2024-04-29 10:01:00,1331.25,1334.15,1330.0,1333.65,812
2024-04-29 10:02:00,1332.05,1333.5,1330.0,1331.8,639
2024-04-29 10:03:00,1332.4,1333.4,1331.5,1332.4,239
2024-04-29 10:04:00,1332.9,1334.0,1332.2,1333.15,238
2024-04-29 10:05:00,1333.15,1335.35,1332.2,1333.8,445
2024-04-29 10:06:00,1333.8,1336.65,1333.1,1334.05,468
2024-04-29 10:07:00,1335.55,1336.8,1333.0,1335.25,637
2024-04-29 10:08:00,1334.45,1337.95,1333.35,1335.85,287
2024-04-29 10:09:00,1334.4,1337.95,1334.2,1337.95,225
2024-04-29 10:10:00,1337.95,1343.55,1336.65,1340.25,1266
2024-04-29 10:11:00,1340.25,1347.0,1340.0,1344.25,1842
2024-04-29 10:12:00,1342.85,1345.85,1342.15,1345.45,466
2024-04-29 10:13:00,1345.85,1345.85,1344.0,1344.3,89
2024-04-29 10:14:00,1344.3,1344.75,1342.8,1344.75,98
2024-04-29 10:15:00,1344.75,1344.75,1342.45,1342.45,227
2024-04-29 10:16:00,1342.45,1342.5,1340.4,1341.15,68
2024-04-29 10:17:00,1341.15,1341.65,1340.2,1340.75,158
2024-04-29 10:18:00,1340.75,1340.75,1339.4,1340.4,109
2024-04-29 10:19:00,1340.4,1342.15,1340.0,1340.0,148
2024-04-29 10:20:00,1340.0,1341.95,1336.05,1340.5,1710
2024-04-29 10:21:00,1340.7,1345.0,1340.7,1345.0,831
2024-04-29 10:22:00,1345.25,1346.4,1340.55,1343.25,646
2024-04-29 10:23:00,1343.25,1345.2,1343.25,1345.0,724
2024-04-29 10:24:00,1345.0,1346.5,1343.15,1343.4,298
2024-04-29 10:25:00,1343.4,1345.65,1343.4,1345.65,84
2024-04-29 10:26:00,1344.75,1345.6,1344.1,1345.0,691
2024-04-29 10:27:00,1345.0,1346.0,1345.0,1345.65,202
2024-04-29 10:28:00,1345.65,1345.7,1344.8,1344.8,156
2024-04-29 10:29:00,1344.8,1347.0,1344.8,1345.95,202
2024-04-29 10:30:00,1346.95,1351.1,1345.7,1350.65,1100
2024-04-29 10:31:00,1350.65,1351.55,1346.2,1346.35,340
2024-04-29 10:32:00,1346.4,1349.95,1346.1,1349.4,616
2024-04-29 10:33:00,1349.4,1350.8,1349.4,1350.65,553
2024-04-29 10:34:00,1350.65,1350.65,1348.15,1349.95,174
2024-04-29 10:35:00,1349.95,1352.05,1349.4,1350.5,290
2024-04-29 10:36:00,1350.5,1352.4,1349.0,1352.4,840
2024-04-29 10:37:00,1351.7,1358.85,1350.0,1352.2,26295
2024-04-29 10:38:00,1352.2,1357.4,1351.65,1355.05,13157
2024-04-29 10:39:00,1355.05,1355.9,1349.5,1349.95,9705
2024-04-29 10:40:00,1349.95,1349.95,1348.25,1349.4,360
2024-04-29 10:41:00,1349.4,1349.9,1345.25,1345.25,324
2024-04-29 10:42:00,1346.15,1348.75,1344.75,1348.35,351
2024-04-29 10:43:00,1348.5,1349.7,1348.3,1349.3,375
2024-04-29 10:44:00,1348.75,1349.8,1347.75,1349.8,423
2024-04-29 10:45:00,1349.8,1354.6,1349.65,1354.55,259
2024-04-29 10:46:00,1354.65,1355.85,1354.3,1354.95,2281
2024-04-29 10:47:00,1354.95,1356.0,1354.3,1355.8,1676
2024-04-29 10:48:00,1355.0,1355.0,1354.3,1355.0,263
2024-04-29 10:49:00,1355.0,1355.95,1354.45,1354.95,819
2024-04-29 10:50:00,1354.65,1356.0,1354.55,1355.0,1115
2024-04-29 10:51:00,1355.2,1355.9,1353.0,1354.95,337
2024-04-29 10:52:00,1354.95,1355.8,1354.85,1355.0,870
2024-04-29 10:53:00,1354.9,1355.8,1354.1,1354.7,1276
2024-04-29 10:54:00,1353.8,1360.0,1353.8,1355.0,16561
2024-04-29 10:55:00,1355.0,1357.4,1354.8,1355.0,16581
2024-04-29 10:56:00,1355.0,1355.0,1354.9,1355.0,579
2024-04-29 10:57:00,1355.0,1355.0,1353.65,1353.65,384
2024-04-29 10:58:00,1353.65,1353.75,1353.0,1353.45,88
2024-04-29 10:59:00,1353.45,1353.65,1352.8,1353.65,253
2024-04-29 11:00:00,1353.65,1353.7,1349.9,1349.9,2043
2024-04-29 11:01:00,1349.85,1353.75,1349.75,1353.75,32611
2024-04-29 11:02:00,1353.8,1362.05,1349.65,1354.85,27171
2024-04-29 11:03:00,1354.85,1354.85,1352.85,1353.75,3921
2024-04-29 11:04:00,1354.0,1354.0,1353.05,1353.95,325
2024-04-29 11:05:00,1353.95,1355.6,1353.6,1354.15,1938
2024-04-29 11:06:00,1354.25,1356.0,1354.25,1355.0,3810
2024-04-29 11:07:00,1355.0,1360.05,1354.95,1360.05,2296
2024-04-29 11:08:00,1360.45,1361.0,1359.15,1360.0,2627
2024-04-29 11:09:00,1360.0,1361.0,1359.6,1359.8,1897
2024-04-29 11:10:00,1359.8,1359.9,1358.7,1359.0,328
2024-04-29 11:11:00,1359.7,1359.95,1358.25,1359.35,1368
2024-04-29 11:12:00,1359.4,1363.25,1359.4,1362.5,1140
2024-04-29 11:13:00,1362.45,1363.15,1361.3,1362.9,532
2024-04-29 11:14:00,1362.9,1372.2,1360.95,1371.5,3286
2024-04-29 11:15:00,1371.5,1378.85,1371.5,1376.0,1747
2024-04-29 11:16:00,1374.2,1375.9,1370.15,1371.7,1115
2024-04-29 11:17:00,1371.7,1374.1,1369.5,1371.45,1531
2024-04-29 11:18:00,1372.0,1372.8,1369.9,1370.95,519
2024-04-29 11:19:00,1370.95,1372.0,1369.9,1371.85,773
2024-04-29 11:20:00,1370.2,1373.4,1370.0,1372.75,1117
2024-04-29 11:21:00,1372.75,1372.75,1369.8,1370.75,1082
2024-04-29 11:22:00,1370.8,1371.35,1370.0,1371.2,596
2024-04-29 11:23:00,1371.2,1371.2,1370.0,1370.65,655
2024-04-29 11:24:00,1370.95,1372.0,1369.25,1369.75,2149
2024-04-29 11:25:00,1370.5,1371.65,1370.0,1371.4,873
2024-04-29 11:26:00,1371.4,1372.95,1370.0,1370.0,3662
2024-04-29 11:27:00,1370.0,1371.15,1369.65,1370.75,1120
2024-04-29 11:28:00,1370.75,1371.3,1369.6,1370.95,1263
2024-04-29 11:29:00,1370.95,1371.55,1369.95,1370.85,725
2024-04-29 11:30:00,1370.85,1378.65,1370.0,1377.45,3824
2024-04-29 11:31:00,1377.45,1377.6,1375.0,1376.0,561
2024-04-29 11:32:00,1376.0,1377.6,1375.05,1376.4,632
2024-04-29 11:33:00,1376.4,1376.4,1375.0,1376.15,942
2024-04-29 11:34:00,1376.15,1376.9,1375.05,1376.4,453
2024-04-29 11:35:00,1376.4,1376.45,1374.25,1375.4,659
2024-04-29 11:36:00,1375.4,1377.6,1375.0,1377.6,970
2024-04-29 11:37:00,1377.6,1377.7,1375.0,1376.95,672
2024-04-29 11:38:00,1376.95,1377.6,1376.1,1376.85,514
2024-04-29 11:39:00,1376.85,1376.95,1375.05,1376.6,1106
2024-04-29 11:40:00,1376.6,1376.7,1374.6,1376.7,809
2024-04-29 11:41:00,1376.75,1376.75,1374.2,1376.0,719
2024-04-29 11:42:00,1376.0,1376.15,1374.45,1375.45,782
2024-04-29 11:43:00,1375.65,1376.4,1374.1,1375.2,564
2024-04-29 11:44:00,1374.9,1376.0,1373.25,1375.65,1270
2024-04-29 11:45:00,1375.65,1376.65,1374.5,1375.65,744
2024-04-29 11:46:00,1376.1,1377.7,1375.05,1375.9,623
2024-04-29 11:47:00,1375.9,1376.6,1374.25,1376.55,805
2024-04-29 11:48:00,1376.55,1376.55,1374.7,1375.9,578
2024-04-29 11:49:00,1375.9,1376.6,1375.0,1376.6,749
2024-04-29 11:50:00,1376.6,1376.8,1374.95,1375.85,780
2024-04-29 11:51:00,1375.7,1375.75,1374.4,1375.75,532
2024-04-29 11:52:00,1375.75,1375.8,1374.7,1375.5,604
2024-04-29 11:53:00,1375.5,1375.7,1373.7,1375.35,688
2024-04-29 11:54:00,1375.35,1376.25,1373.9,1376.25,1715
2024-04-29 11:55:00,1376.25,1376.6,1375.0,1376.6,525
2024-04-29 11:56:00,1376.6,1377.0,1374.9,1376.35,770
2024-04-29 11:57:00,1376.35,1376.6,1374.05,1376.45,695
2024-04-29 11:58:00,1375.0,1376.35,1374.05,1375.15,501
2024-04-29 11:59:00,1375.15,1375.45,1371.1,1371.8,1095
2024-04-29 12:00:00,1371.95,1371.95,1369.4,1370.8,735
2024-04-29 12:01:00,1370.8,1371.1,1369.85,1371.0,777
2024-04-29 12:02:00,1371.0,1371.0,1369.7,1370.8,456
2024-04-29 12:03:00,1370.05,1371.1,1369.75,1370.85,592
2024-04-29 12:04:00,1370.85,1372.0,1370.0,1370.95,839
2024-04-29 12:05:00,1370.85,1371.05,1369.1,1370.15,1883
2024-04-29 12:06:00,1370.0,1370.45,1366.1,1368.85,3354
2024-04-29 12:07:00,1368.85,1368.95,1366.05,1367.15,1595
2024-04-29 12:08:00,1367.15,1367.15,1365.0,1365.55,338
2024-04-29 12:09:00,1365.55,1365.55,1363.7,1365.25,88
2024-04-29 12:10:00,1365.25,1365.25,1363.0,1364.6,289
2024-04-29 12:11:00,1364.6,1365.95,1363.4,1365.25,826
2024-04-29 12:12:00,1365.25,1365.25,1363.05,1364.05,655
2024-04-29 12:13:00,1364.05,1364.05,1362.2,1363.25,413
2024-04-29 12:14:00,1364.05,1364.35,1361.2,1363.55,489
2024-04-29 12:15:00,1363.55,1363.55,1360.45,1362.4,611
2024-04-29 12:16:00,1362.4,1362.7,1360.65,1362.05,559
2024-04-29 12:17:00,1362.05,1362.3,1360.1,1362.0,492
2024-04-29 12:18:00,1362.0,1365.45,1362.0,1365.0,2748
2024-04-29 12:19:00,1365.0,1365.0,1362.3,1364.1,630
2024-04-29 12:20:00,1362.55,1363.9,1362.05,1363.55,596
2024-04-29 12:21:00,1363.55,1364.25,1362.5,1364.1,410
2024-04-29 12:22:00,1364.1,1364.15,1361.6,1363.2,343
2024-04-29 12:23:00,1363.2,1363.2,1360.0,1361.65,632
2024-04-29 12:24:00,1361.65,1361.95,1360.05,1361.1,490
2024-04-29 12:25:00,1361.1,1361.9,1359.15,1361.4,421
2024-04-29 12:26:00,1361.4,1361.4,1359.25,1360.8,349
2024-04-29 12:27:00,1360.8,1362.6,1359.05,1362.6,417
2024-04-29 12:28:00,1362.45,1362.45,1360.45,1362.15,372
2024-04-29 12:29:00,1362.15,1365.05,1361.35,1365.05,955
2024-04-29 12:30:00,1363.5,1365.05,1363.1,1364.65,438
2024-04-29 12:31:00,1364.35,1365.05,1359.8,1362.3,4281
2024-04-29 12:32:00,1362.3,1362.85,1360.6,1361.95,400
2024-04-29 12:33:00,1360.9,1362.8,1360.85,1362.0,482
2024-04-29 12:34:00,1362.0,1362.0,1359.8,1361.5,424
2024-04-29 12:35:00,1360.2,1362.9,1360.2,1362.8,593
2024-04-29 12:36:00,1362.8,1362.85,1359.65,1361.9,520
2024-04-29 12:37:00,1361.9,1362.05,1360.1,1361.6,462
2024-04-29 12:38:00,1361.6,1361.85,1359.05,1360.7,549
2024-04-29 12:39:00,1360.7,1361.5,1359.1,1361.15,311
2024-04-29 12:40:00,1361.15,1361.4,1359.05,1361.4,680
2024-04-29 12:41:00,1361.35,1361.85,1361.0,1361.85,239
2024-04-29 12:42:00,1361.85,1361.85,1360.0,1361.5,546
2024-04-29 12:43:00,1361.5,1362.1,1360.15,1362.1,376
2024-04-29 12:44:00,1362.1,1362.85,1360.8,1362.2,1153
2024-04-29 12:45:00,1362.2,1363.0,1361.2,1361.65,493
2024-04-29 12:46:00,1361.65,1362.1,1359.05,1361.0,627
2024-04-29 12:47:00,1361.0,1362.05,1360.8,1362.05,344
2024-04-29 12:48:00,1362.05,1362.1,1360.55,1361.7,556
2024-04-29 12:49:00,1361.7,1361.95,1359.05,1361.15,525
2024-04-29 12:50:00,1361.35,1361.35,1359.6,1361.15,690
2024-04-29 12:51:00,1361.1,1361.15,1359.05,1361.15,341
2024-04-29 12:52:00,1361.15,1361.6,1361.05,1361.6,379
2024-04-29 12:53:00,1361.6,1362.95,1361.6,1362.95,419
2024-04-29 12:54:00,1362.95,1362.95,1359.35,1360.85,620
2024-04-29 12:55:00,1360.9,1361.55,1359.3,1361.1,542
2024-04-29 12:56:00,1361.1,1361.45,1359.05,1361.3,404
2024-04-29 12:57:00,1361.3,1361.55,1359.8,1361.55,414
2024-04-29 12:58:00,1361.55,1361.55,1360.1,1361.25,280
2024-04-29 12:59:00,1361.25,1362.1,1360.75,1362.1,665
2024-04-29 13:00:00,1362.1,1362.75,1361.5,1362.65,418
2024-04-29 13:01:00,1362.65,1362.7,1359.8,1361.65,529
2024-04-29 13:02:00,1361.65,1361.7,1360.7,1361.7,408
2024-04-29 13:03:00,1361.7,1362.05,1359.25,1361.8,547
2024-04-29 13:04:00,1361.8,1362.2,1360.2,1362.2,140
2024-04-29 13:05:00,1362.2,1362.2,1359.95,1360.9,657
2024-04-29 13:06:00,1360.75,1361.1,1359.1,1360.55,394
2024-04-29 13:07:00,1359.05,1360.5,1358.95,1359.8,1210
2024-04-29 13:08:00,1359.8,1361.35,1357.65,1360.9,848
2024-04-29 13:09:00,1360.9,1361.0,1358.4,1359.65,513
2024-04-29 13:10:00,1359.65,1360.0,1358.5,1359.5,417
2024-04-29 13:11:00,1359.5,1360.1,1359.0,1360.1,761
2024-04-29 13:12:00,1360.1,1360.5,1359.1,1360.35,673
2024-04-29 13:13:00,1360.35,1360.35,1358.95,1360.3,571
2024-04-29 13:14:00,1360.3,1360.35,1358.15,1359.8,438
2024-04-29 13:15:00,1359.8,1360.2,1358.85,1360.1,509
2024-04-29 13:16:00,1359.6,1360.5,1359.6,1360.5,526
2024-04-29 13:17:00,1360.0,1360.4,1358.7,1359.8,913
2024-04-29 13:18:00,1358.75,1360.6,1358.75,1360.6,672
2024-04-29 13:19:00,1360.6,1360.6,1358.95,1360.15,539
2024-04-29 13:20:00,1360.1,1360.3,1358.95,1360.2,371
2024-04-29 13:21:00,1360.2,1360.2,1359.1,1360.0,341
2024-04-29 13:22:00,1359.75,1360.2,1359.3,1360.2,511
2024-04-29 13:23:00,1360.2,1360.2,1359.0,1360.1,482
2024-04-29 13:24:00,1360.1,1360.5,1358.55,1360.5,535
2024-04-29 13:25:00,1360.5,1360.5,1358.65,1359.95,563
2024-04-29 13:26:00,1359.95,1360.2,1358.45,1360.2,417
2024-04-29 13:27:00,1360.2,1360.45,1359.55,1360.45,317
2024-04-29 13:28:00,1360.45,1360.45,1358.1,1359.75,707
2024-04-29 13:29:00,1360.0,1360.35,1359.35,1360.15,1003
2024-04-29 13:30:00,1360.15,1360.2,1358.1,1358.65,491
2024-04-29 13:31:00,1358.65,1359.75,1358.0,1359.75,224
2024-04-29 13:32:00,1359.75,1359.75,1358.0,1358.9,519
2024-04-29 13:33:00,1358.9,1359.35,1358.1,1358.9,381
2024-04-29 13:34:00,1358.9,1361.9,1358.75,1361.9,583
2024-04-29 13:35:00,1359.95,1360.8,1359.2,1360.35,808
2024-04-29 13:36:00,1360.35,1360.35,1358.8,1359.8,419
2024-04-29 13:37:00,1359.8,1361.6,1359.6,1359.6,622
2024-04-29 13:38:00,1359.6,1360.05,1358.75,1360.0,452
2024-04-29 13:39:00,1360.0,1360.4,1358.6,1359.25,386
2024-04-29 13:40:00,1359.25,1360.1,1358.6,1359.75,444
2024-04-29 13:41:00,1359.75,1360.6,1358.6,1359.6,422
2024-04-29 13:42:00,1358.55,1359.5,1357.05,1357.5,442
2024-04-29 13:43:00,1358.0,1359.75,1357.45,1359.0,753
2024-04-29 13:44:00,1359.0,1360.35,1359.0,1360.25,486
2024-04-29 13:45:00,1360.25,1360.25,1358.55,1359.25,491
2024-04-29 13:46:00,1359.25,1359.65,1358.85,1358.85,312
2024-04-29 13:47:00,1358.85,1360.0,1358.55,1359.2,822
2024-04-29 13:48:00,1359.2,1359.6,1358.1,1359.3,363
2024-04-29 13:49:00,1359.3,1360.5,1358.55,1360.0,2904
2024-04-29 13:50:00,1360.0,1360.0,1359.15,1359.9,215
2024-04-29 13:51:00,1359.9,1360.1,1358.5,1360.1,631
2024-04-29 13:52:00,1360.1,1360.3,1359.25,1359.25,415
2024-04-29 13:53:00,1359.25,1359.8,1358.65,1359.8,353
2024-04-29 13:54:00,1359.8,1360.05,1358.55,1359.75,465
2024-04-29 13:55:00,1359.75,1360.25,1358.95,1360.1,691
2024-04-29 13:56:00,1359.2,1360.3,1359.2,1360.3,363
2024-04-29 13:57:00,1360.3,1360.5,1358.5,1359.5,685
2024-04-29 13:58:00,1359.5,1360.15,1358.5,1359.4,353
2024-04-29 13:59:00,1359.4,1359.85,1358.55,1359.85,392
2024-04-29 14:00:00,1359.85,1359.95,1358.2,1359.9,554
2024-04-29 14:01:00,1359.9,1360.7,1358.1,1360.5,946
2024-04-29 14:02:00,1359.8,1360.55,1358.5,1359.1,526
2024-04-29 14:03:00,1359.15,1360.15,1358.25,1360.15,316
2024-04-29 14:04:00,1360.15,1360.2,1358.9,1360.05,464
2024-04-29 14:05:00,1360.05,1360.1,1358.4,1359.15,432
2024-04-29 14:06:00,1359.25,1359.85,1359.0,1359.4,286
2024-04-29 14:07:00,1359.4,1359.75,1358.5,1359.5,351
2024-04-29 14:08:00,1359.5,1359.5,1357.3,1357.95,714
2024-04-29 14:09:00,1357.95,1358.95,1357.5,1358.95,218
2024-04-29 14:10:00,1358.95,1358.95,1357.35,1358.1,546
2024-04-29 14:11:00,1358.1,1358.65,1356.15,1357.15,905
2024-04-29 14:12:00,1357.3,1357.8,1355.25,1357.1,1060
2024-04-29 14:13:00,1357.1,1357.1,1355.0,1356.05,822
2024-04-29 14:14:00,1356.3,1357.7,1355.0,1356.05,857
2024-04-29 14:15:00,1356.05,1356.5,1354.9,1356.25,740
2024-04-29 14:16:00,1356.25,1356.45,1353.95,1355.9,771
2024-04-29 14:17:00,1355.9,1357.45,1355.3,1355.95,812
2024-04-29 14:18:00,1355.95,1356.95,1354.55,1356.1,757
2024-04-29 14:19:00,1355.2,1356.8,1354.45,1356.8,752
2024-04-29 14:20:00,1356.8,1356.8,1354.4,1355.8,597
2024-04-29 14:21:00,1355.2,1355.85,1354.0,1355.55,1093
2024-04-29 14:22:00,1355.55,1356.15,1352.85,1355.45,1016
2024-04-29 14:23:00,1355.6,1357.7,1355.15,1357.7,805
2024-04-29 14:24:00,1357.65,1358.1,1356.05,1357.8,842
2024-04-29 14:25:00,1357.8,1360.35,1357.8,1360.0,773
2024-04-29 14:26:00,1360.35,1360.35,1357.7,1360.1,846
2024-04-29 14:27:00,1359.25,1359.95,1356.6,1359.25,1032
2024-04-29 14:28:00,1359.25,1359.95,1358.1,1359.85,734
2024-04-29 14:29:00,1359.85,1359.95,1355.15,1356.15,774
2024-04-29 14:30:00,1356.5,1356.85,1354.6,1354.65,683
2024-04-29 14:31:00,1354.65,1355.05,1352.1,1354.4,457
2024-04-29 14:32:00,1354.4,1355.35,1354.4,1354.95,212
2024-04-29 14:33:00,1354.9,1355.1,1353.7,1353.7,454
2024-04-29 14:34:00,1353.7,1355.05,1353.6,1354.2,456
2024-04-29 14:35:00,1354.6,1355.65,1354.25,1355.05,420
2024-04-29 14:36:00,1355.05,1355.35,1353.6,1354.9,451
2024-04-29 14:37:00,1354.3,1355.05,1353.75,1354.2,418
2024-04-29 14:38:00,1354.2,1355.3,1353.9,1355.0,567
2024-04-29 14:39:00,1355.05,1355.05,1353.3,1353.45,377
2024-04-29 14:40:00,1353.45,1356.95,1353.45,1354.5,455
2024-04-29 14:41:00,1355.05,1355.25,1353.8,1354.8,1561
2024-04-29 14:42:00,1353.8,1355.05,1353.8,1354.75,704
2024-04-29 14:43:00,1354.75,1355.05,1354.05,1355.05,327
2024-04-29 14:44:00,1355.1,1355.1,1353.4,1354.85,282
2024-04-29 14:45:00,1354.85,1355.0,1353.85,1354.45,548
2024-04-29 14:46:00,1354.45,1355.1,1352.75,1354.4,502
2024-04-29 14:47:00,1354.4,1355.15,1353.75,1353.8,547
2024-04-29 14:48:00,1355.05,1355.05,1354.0,1355.0,536
2024-04-29 14:49:00,1355.0,1355.05,1353.35,1354.65,813
2024-04-29 14:50:00,1354.65,1355.0,1353.45,1355.0,470
2024-04-29 14:51:00,1355.0,1355.0,1353.35,1353.45,603
2024-04-29 14:52:00,1353.45,1353.65,1352.85,1353.65,321
2024-04-29 14:53:00,1352.75,1353.65,1352.0,1353.5,499
2024-04-29 14:54:00,1353.65,1354.4,1353.5,1354.3,348
2024-04-29 14:55:00,1354.3,1355.0,1354.0,1354.35,465
2024-04-29 14:56:00,1353.5,1354.45,1352.9,1353.95,333
2024-04-29 14:57:00,1354.2,1355.3,1353.65,1354.8,775
2024-04-29 14:58:00,1354.65,1355.35,1353.75,1355.3,1017
2024-04-29 14:59:00,1355.3,1356.55,1354.35,1355.1,498
2024-04-29 15:00:00,1355.0,1355.35,1353.75,1355.35,428
2024-04-29 15:01:00,1355.15,1356.05,1353.7,1355.25,658
2024-04-29 15:02:00,1355.0,1355.4,1354.3,1355.25,905
2024-04-29 15:03:00,1355.25,1355.45,1354.0,1355.1,489
2024-04-29 15:04:00,1355.0,1355.45,1354.0,1354.55,686
2024-04-29 15:05:00,1355.15,1355.4,1354.15,1355.2,497
2024-04-29 15:06:00,1353.7,1356.15,1353.7,1356.15,579
2024-04-29 15:07:00,1355.05,1356.0,1354.75,1355.4,1419
2024-04-29 15:08:00,1354.75,1355.5,1354.3,1354.85,2280
2024-04-29 15:09:00,1355.25,1356.95,1354.8,1356.95,690
2024-04-29 15:10:00,1355.0,1356.7,1354.95,1355.95,1477
2024-04-29 15:11:00,1355.45,1356.15,1354.05,1355.35,671
2024-04-29 15:12:00,1355.25,1355.5,1354.1,1355.05,295
2024-04-29 15:13:00,1355.05,1357.75,1354.2,1355.1,1310
2024-04-29 15:14:00,1354.65,1355.35,1353.05,1354.5,470
2024-04-29 15:15:00,1354.5,1356.65,1353.9,1355.15,699
2024-04-29 15:16:00,1355.6,1355.6,1354.6,1355.0,784
2024-04-29 15:17:00,1355.0,1355.65,1353.7,1355.2,1022
2024-04-29 15:18:00,1355.2,1355.4,1354.5,1355.25,454
2024-04-29 15:19:00,1355.25,1355.25,1354.35,1355.0,508
2024-04-29 15:20:00,1354.95,1355.9,1354.4,1355.6,1536
2024-04-29 15:21:00,1355.9,1356.5,1354.85,1355.8,2799
2024-04-29 15:22:00,1356.15,1356.35,1354.45,1354.75,2076
2024-04-29 15:23:00,1355.35,1355.45,1352.3,1354.6,795
2024-04-29 15:24:00,1354.6,1355.0,1352.1,1354.0,478
2024-04-29 15:25:00,1354.0,1357.1,1353.3,1354.95,1796
2024-04-29 15:26:00,1354.9,1355.95,1350.1,1353.0,3741
2024-04-29 15:27:00,1353.0,1353.0,1350.0,1351.0,1529
2024-04-29 15:28:00,1351.0,1355.45,1349.15,1349.95,1122
2024-04-29 15:29:00,1350.0,1372.0,1345.0,1354.6,1594
2024-04-30 09:15:00,1368.0,1375.0,1365.1,1372.8,1313
2024-04-30 09:16:00,1372.8,1382.0,1372.8,1381.55,1494
2024-04-30 09:17:00,1381.95,1383.9,1379.35,1383.9,975
2024-04-30 09:18:00,1383.9,1391.95,1381.6,1384.55,3218
2024-04-30 09:19:00,1384.55,1391.25,1382.25,1387.75,539
2024-04-30 09:20:00,1388.0,1388.65,1380.25,1380.25,326
2024-04-30 09:21:00,1380.25,1383.0,1380.25,1382.55,525
2024-04-30 09:22:00,1381.05,1382.6,1376.05,1380.05,941
2024-04-30 09:23:00,1380.1,1382.5,1380.1,1380.8,320
2024-04-30 09:24:00,1380.5,1388.0,1380.5,1385.65,1383
2024-04-30 09:25:00,1385.65,1392.0,1385.15,1390.1,2048
2024-04-30 09:26:00,1389.7,1391.95,1387.15,1388.05,1320
2024-04-30 09:27:00,1388.05,1392.55,1387.8,1392.55,1392
2024-04-30 09:28:00,1390.85,1391.85,1387.05,1387.3,592
2024-04-30 09:29:00,1387.3,1388.8,1386.0,1386.0,58
2024-04-30 09:30:00,1387.0,1388.9,1385.0,1385.75,615
2024-04-30 09:31:00,1385.7,1386.05,1383.75,1384.15,365
2024-04-30 09:32:00,1384.05,1385.8,1384.05,1384.15,148
2024-04-30 09:33:00,1385.65,1386.1,1384.15,1386.1,170
2024-04-30 09:34:00,1386.3,1388.95,1386.3,1388.85,409
2024-04-30 09:35:00,1388.85,1390.0,1388.2,1390.0,385
2024-04-30 09:36:00,1390.0,1391.0,1389.65,1391.0,235
2024-04-30 09:37:00,1391.55,1392.1,1388.65,1391.55,1068
2024-04-30 09:38:00,1389.55,1389.7,1388.0,1389.0,286
2024-04-30 09:39:00,1389.0,1389.0,1387.05,1388.75,224
2024-04-30 09:40:00,1388.75,1391.0,1388.75,1391.0,76
2024-04-30 09:41:00,1391.0,1392.0,1390.85,1391.95,217
2024-04-30 09:42:00,1391.95,1391.95,1391.0,1391.0,98
2024-04-30 09:43:00,1391.95,1395.0,1391.95,1395.0,592
2024-04-30 09:44:00,1394.95,1394.95,1393.1,1393.1,415
2024-04-30 09:45:00,1391.95,1393.1,1391.05,1392.65,476
2024-04-30 09:46:00,1392.65,1392.65,1388.6,1388.6,151
2024-04-30 09:47:00,1388.6,1389.75,1386.35,1387.15,551
2024-04-30 09:48:00,1386.7,1386.7,1383.8,1384.0,454
2024-04-30 09:49:00,1384.0,1386.95,1384.0,1386.95,148
2024-04-30 09:50:00,1387.0,1387.95,1386.0,1386.0,396
2024-04-30 09:51:00,1387.6,1387.6,1384.85,1386.1,212
2024-04-30 09:52:00,1386.1,1387.6,1385.5,1387.6,421
2024-04-30 09:53:00,1387.6,1388.0,1386.2,1387.95,65
2024-04-30 09:54:00,1387.95,1388.0,1386.6,1386.8,133
2024-04-30 09:55:00,1386.8,1387.55,1386.2,1387.55,101
2024-04-30 09:56:00,1386.3,1386.3,1385.9,1386.3,118
2024-04-30 09:57:00,1386.3,1388.0,1386.3,1387.05,306
2024-04-30 09:58:00,1388.0,1389.3,1387.65,1389.3,123
2024-04-30 09:59:00,1390.25,1390.8,1388.45,1390.8,112
2024-04-30 10:00:00,1389.45,1392.0,1389.1,1392.0,128
2024-04-30 10:01:00,1392.0,1393.95,1390.65,1391.5,818
2024-04-30 10:02:00,1393.45,1394.75,1392.65,1392.85,492
2024-04-30 10:03:00,1392.85,1392.85,1392.05,1392.05,74
2024-04-30 10:04:00,1392.25,1392.25,1388.1,1388.1,246
2024-04-30 10:05:00,1388.1,1389.95,1388.1,1389.8,683
2024-04-30 10:06:00,1389.8,1392.4,1386.65,1386.65,348
2024-04-30 10:07:00,1386.65,1386.65,1386.05,1386.45,130
2024-04-30 10:08:00,1386.45,1388.6,1386.45,1388.6,61
2024-04-30 10:09:00,1388.6,1389.0,1387.35,1389.0,87
2024-04-30 10:10:00,1389.0,1389.0,1387.6,1387.6,252
2024-04-30 10:11:00,1387.6,1387.6,1387.5,1387.5,31
2024-04-30 10:12:00,1387.5,1387.5,1384.8,1384.8,62
2024-04-30 10:13:00,1384.8,1385.65,1384.8,1385.65,41
2024-04-30 10:14:00,1385.65,1388.7,1385.65,1388.7,35
2024-04-30 10:15:00,1388.7,1388.7,1386.15,1387.8,203
2024-04-30 10:16:00,1387.8,1387.8,1385.0,1385.0,176
2024-04-30 10:17:00,1385.0,1386.2,1385.0,1386.2,112
2024-04-30 10:18:00,1386.2,1386.2,1384.3,1384.3,61
2024-04-30 10:19:00,1386.3,1388.7,1386.0,1387.0,106
2024-04-30 10:20:00,1387.0,1388.8,1387.0,1388.7,59
2024-04-30 10:21:00,1388.7,1388.7,1386.4,1386.4,246
2024-04-30 10:22:00,1387.75,1387.75,1386.45,1387.55,99
2024-04-30 10:23:00,1387.55,1387.55,1386.4,1387.55,61
2024-04-30 10:24:00,1386.6,1387.55,1385.0,1385.0,261
2024-04-30 10:25:00,1385.0,1385.0,1384.35,1385.0,667
2024-04-30 10:26:00,1385.5,1387.45,1385.05,1385.8,35
2024-04-30 10:27:00,1386.8,1387.45,1386.1,1386.3,45
2024-04-30 10:28:00,1386.3,1387.55,1386.3,1386.35,68
2024-04-30 10:29:00,1386.3,1388.0,1386.3,1387.85,2112
2024-04-30 10:30:00,1387.85,1387.85,1386.9,1387.45,51
2024-04-30 10:31:00,1387.45,1387.45,1386.3,1386.3,189
2024-04-30 10:32:00,1386.3,1387.45,1386.3,1387.45,57
2024-04-30 10:33:00,1388.95,1389.0,1388.0,1388.0,644
2024-04-30 10:34:00,1388.05,1388.9,1388.05,1388.35,702
2024-04-30 10:35:00,1388.3,1388.35,1388.0,1388.0,176
2024-04-30 10:36:00,1388.0,1388.35,1388.0,1388.0,217
2024-04-30 10:37:00,1388.0,1392.0,1388.0,1392.0,550
2024-04-30 10:38:00,1392.0,1393.1,1391.65,1393.1,156
2024-04-30 10:39:00,1393.1,1393.1,1391.85,1393.0,31
2024-04-30 10:40:00,1393.0,1393.0,1391.85,1391.95,70
2024-04-30 10:41:00,1391.95,1393.0,1391.9,1393.0,151
2024-04-30 10:42:00,1393.0,1393.0,1392.95,1393.0,42
2024-04-30 10:43:00,1392.05,1392.95,1391.95,1392.95,52
2024-04-30 10:44:00,1392.95,1392.95,1390.0,1390.0,175
2024-04-30 10:45:00,1390.0,1391.3,1390.0,1391.3,315
2024-04-30 10:46:00,1390.45,1391.9,1390.4,1390.85,87
2024-04-30 10:47:00,1390.85,1392.4,1390.85,1391.25,83
2024-04-30 10:48:00,1391.25,1392.4,1390.05,1392.4,92
2024-04-30 10:49:00,1392.4,1392.4,1391.2,1391.25,70
2024-04-30 10:50:00,1391.25,1392.4,1391.25,1392.4,25
2024-04-30 10:51:00,1391.35,1394.95,1391.35,1394.15,513
2024-04-30 10:52:00,1393.95,1394.9,1393.2,1394.9,133
2024-04-30 10:53:00,1394.9,1394.9,1393.45,1393.45,8
2024-04-30 10:54:00,1393.45,1394.85,1393.2,1393.2,222
2024-04-30 10:55:00,1393.2,1395.95,1393.2,1395.05,416
2024-04-30 10:56:00,1395.95,1402.0,1395.95,1400.1,4724
2024-04-30 10:57:00,1400.05,1400.95,1400.0,1400.0,514
2024-04-30 10:58:00,1400.0,1401.85,1400.0,1400.05,290
2024-04-30 10:59:00,1400.05,1404.95,1400.05,1403.0,808
2024-04-30 11:00:00,1403.0,1403.65,1400.6,1400.6,261
2024-04-30 11:01:00,1400.3,1402.1,1400.0,1400.9,727
2024-04-30 11:02:00,1400.9,1403.0,1400.9,1403.0,744
2024-04-30 11:03:00,1403.0,1404.9,1401.35,1404.9,1548
2024-04-30 11:04:00,1404.9,1406.55,1404.0,1405.0,846
2024-04-30 11:05:00,1405.0,1405.25,1403.4,1405.25,541
2024-04-30 11:06:00,1403.05,1406.0,1402.3,1406.0,231
2024-04-30 11:07:00,1407.0,1407.0,1400.0,1401.65,935
2024-04-30 11:08:00,1401.65,1401.65,1400.0,1400.5,203
2024-04-30 11:09:00,1400.5,1400.5,1400.0,1400.4,221
2024-04-30 11:10:00,1400.4,1405.0,1400.4,1405.0,2209
2024-04-30 11:11:00,1405.0,1405.0,1403.1,1404.4,39
2024-04-30 11:12:00,1404.4,1404.4,1403.1,1403.1,259
2024-04-30 11:13:00,1403.1,1403.15,1402.0,1403.0,163
2024-04-30 11:14:00,1403.0,1405.0,1403.0,1405.0,117
2024-04-30 11:15:00,1405.0,1405.0,1403.65,1404.95,138
2024-04-30 11:16:00,1404.95,1407.85,1404.95,1406.8,1068
2024-04-30 11:17:00,1407.0,1407.85,1406.8,1407.0,75
2024-04-30 11:18:00,1407.0,1407.6,1406.75,1406.75,200
2024-04-30 11:19:00,1406.75,1407.5,1404.5,1405.9,249
2024-04-30 11:20:00,1405.9,1406.0,1404.0,1405.5,564
2024-04-30 11:21:00,1405.6,1405.7,1404.4,1405.0,370
2024-04-30 11:22:00,1405.0,1407.8,1405.0,1407.8,438
2024-04-30 11:23:00,1407.8,1409.5,1407.2,1409.5,380
2024-04-30 11:24:00,1408.45,1409.45,1405.2,1406.8,509
2024-04-30 11:25:00,1405.05,1408.0,1404.75,1408.0,181
2024-04-30 11:26:00,1407.25,1407.95,1407.0,1407.95,219
2024-04-30 11:27:00,1407.95,1407.95,1407.0,1407.0,104
2024-04-30 11:28:00,1407.9,1407.9,1407.0,1407.9,77
2024-04-30 11:29:00,1407.9,1409.5,1406.05,1409.5,755
2024-04-30 11:30:00,1409.65,1411.5,1409.3,1411.5,1032
2024-04-30 11:31:00,1412.1,1412.7,1411.0,1411.55,1699
2024-04-30 11:32:00,1411.55,1412.6,1411.5,1412.6,535
2024-04-30 11:33:00,1412.6,1412.6,1411.5,1411.5,524
2024-04-30 11:34:00,1411.5,1412.45,1410.6,1412.0,267
2024-04-30 11:35:00,1412.0,1412.0,1410.75,1412.0,63
2024-04-30 11:36:00,1412.0,1414.0,1412.0,1414.0,759
2024-04-30 11:37:00,1414.0,1414.0,1412.05,1413.9,500
2024-04-30 11:38:00,1413.9,1413.9,1411.55,1411.55,162
2024-04-30 11:39:00,1411.55,1412.85,1411.0,1411.0,1244
2024-04-30 11:40:00,1411.45,1413.25,1411.45,1413.25,185
2024-04-30 11:41:00,1413.25,1413.55,1411.75,1413.3,125
2024-04-30 11:42:00,1413.3,1413.35,1413.0,1413.35,59
2024-04-30 11:43:00,1412.85,1413.0,1411.1,1412.9,1113
2024-04-30 11:44:00,1412.9,1413.0,1411.55,1412.75,80
2024-04-30 11:45:00,1411.65,1412.95,1410.95,1412.95,708
2024-04-30 11:46:00,1412.95,1413.0,1411.4,1412.7,178
2024-04-30 11:47:00,1412.7,1412.7,1410.05,1411.7,712
2024-04-30 11:48:00,1411.7,1411.7,1407.5,1409.2,457
2024-04-30 11:49:00,1409.0,1409.0,1408.95,1408.95,33
2024-04-30 11:50:00,1408.95,1408.95,1405.6,1407.65,444
2024-04-30 11:51:00,1407.65,1409.95,1406.45,1409.95,593
2024-04-30 11:52:00,1409.95,1409.95,1406.5,1407.6,526
2024-04-30 11:53:00,1407.6,1407.6,1406.15,1407.4,130
2024-04-30 11:54:00,1407.4,1407.4,1407.4,1407.4,27
2024-04-30 11:55:00,1407.4,1408.95,1407.4,1408.95,131
2024-04-30 11:56:00,1409.9,1409.9,1407.05,1409.25,400
2024-04-30 11:57:00,1409.25,1409.25,1408.45,1409.2,117
2024-04-30 11:58:00,1409.2,1409.45,1409.2,1409.45,36
2024-04-30 11:59:00,1409.45,1409.75,1408.3,1409.4,64
2024-04-30 12:00:00,1409.4,1410.0,1409.4,1410.0,100
2024-04-30 12:01:00,1410.0,1410.6,1409.95,1410.6,311
2024-04-30 12:02:00,1410.6,1410.7,1409.25,1409.9,125
2024-04-30 12:03:00,1409.9,1410.55,1408.9,1410.55,115
2024-04-30 12:04:00,1410.55,1410.65,1408.3,1409.45,80
2024-04-30 12:05:00,1409.45,1409.45,1408.3,1409.4,21
2024-04-30 12:06:00,1409.4,1411.0,1408.3,1411.0,1198
2024-04-30 12:07:00,1411.0,1412.0,1410.2,1411.95,106
2024-04-30 12:08:00,1411.95,1412.6,1410.85,1411.95,236
2024-04-30 12:09:00,1411.95,1412.2,1409.05,1410.15,173
2024-04-30 12:10:00,1410.15,1410.2,1409.9,1410.1,71
2024-04-30 12:11:00,1410.1,1410.65,1408.7,1409.9,1037
2024-04-30 12:12:00,1408.6,1408.8,1408.35,1408.8,128
2024-04-30 12:13:00,1408.8,1409.75,1408.35,1409.65,43
2024-04-30 12:14:00,1409.15,1414.0,1409.15,1414.0,1598
2024-04-30 12:15:00,1414.0,1414.0,1412.15,1413.6,208
2024-04-30 12:16:00,1414.0,1414.0,1412.25,1412.5,369
2024-04-30 12:17:00,1412.5,1414.9,1412.5,1414.9,538
2024-04-30 12:18:00,1414.9,1414.9,1411.05,1411.05,623
2024-04-30 12:19:00,1411.05,1413.3,1411.05,1413.0,27
2024-04-30 12:20:00,1413.0,1413.95,1411.35,1411.4,170
2024-04-30 12:21:00,1411.4,1411.4,1410.9,1411.1,97
2024-04-30 12:22:00,1411.1,1411.1,1410.85,1410.9,90
2024-04-30 12:23:00,1410.9,1411.1,1410.85,1410.85,51
2024-04-30 12:24:00,1410.85,1412.35,1410.85,1412.35,531
2024-04-30 12:25:00,1412.35,1413.95,1412.2,1412.55,200
2024-04-30 12:26:00,1412.55,1412.6,1411.05,1411.05,292
2024-04-30 12:27:00,1411.05,1411.05,1411.05,1411.05,17
2024-04-30 12:28:00,1410.85,1412.35,1410.8,1411.95,324
2024-04-30 12:29:00,1411.95,1413.0,1411.95,1412.0,84
2024-04-30 12:30:00,1412.0,1412.0,1410.1,1411.8,406
2024-04-30 12:31:00,1411.8,1411.8,1409.1,1409.1,96
2024-04-30 12:32:00,1409.1,1409.85,1408.05,1409.25,323
2024-04-30 12:33:00,1409.25,1409.65,1408.15,1409.65,4
2024-04-30 12:34:00,1409.65,1421.3,1408.45,1420.05,10977
2024-04-30 12:35:00,1420.05,1421.3,1420.0,1420.0,2459
2024-04-30 12:36:00,1419.85,1421.3,1419.3,1419.3,2691
2024-04-30 12:37:00,1419.3,1421.2,1419.3,1421.2,946
2024-04-30 12:38:00,1421.3,1423.0,1420.8,1421.25,959
2024-04-30 12:39:00,1421.25,1422.0,1421.2,1421.3,532
2024-04-30 12:40:00,1421.3,1422.0,1421.3,1422.0,187
2024-04-30 12:41:00,1422.0,1422.0,1421.25,1421.25,262
2024-04-30 12:42:00,1421.25,1422.0,1421.25,1421.9,309
2024-04-30 12:43:00,1421.9,1422.4,1421.9,1422.0,235
2024-04-30 12:44:00,1422.0,1422.95,1421.65,1422.4,308
2024-04-30 12:45:00,1422.4,1422.7,1421.9,1422.7,1056
2024-04-30 12:46:00,1422.7,1422.8,1422.3,1422.8,138
2024-04-30 12:47:00,1422.8,1425.8,1422.8,1425.8,2625
2024-04-30 12:48:00,1426.0,1426.0,1424.0,1424.6,1068
2024-04-30 12:49:00,1424.6,1424.6,1420.0,1421.25,1317
2024-04-30 12:50:00,1421.25,1421.55,1420.65,1421.0,131
2024-04-30 12:51:00,1421.0,1422.45,1420.65,1422.45,334
2024-04-30 12:52:00,1422.45,1422.45,1421.9,1421.9,176
2024-04-30 12:53:00,1421.9,1423.4,1421.9,1422.1,174
2024-04-30 12:54:00,1423.4,1427.05,1423.4,1425.0,1436
2024-04-30 12:55:00,1425.0,1425.15,1422.15,1423.7,134
2024-04-30 12:56:00,1423.7,1423.9,1422.1,1422.1,277
2024-04-30 12:57:00,1422.1,1423.9,1422.1,1423.9,71
2024-04-30 12:58:00,1423.9,1423.95,1423.7,1423.9,81
2024-04-30 12:59:00,1423.9,1424.95,1422.9,1424.9,64
2024-04-30 13:00:00,1424.9,1424.9,1423.45,1424.8,184
2024-04-30 13:01:00,1424.8,1424.8,1423.05,1423.05,97
2024-04-30 13:02:00,1422.35,1423.65,1422.1,1422.1,162
2024-04-30 13:03:00,1422.1,1422.95,1421.0,1422.95,131
2024-04-30 13:04:00,1422.95,1424.95,1421.05,1424.95,572
2024-04-30 13:05:00,1423.15,1423.6,1421.6,1423.3,389
2024-04-30 13:06:00,1422.0,1423.0,1422.0,1422.0,35
2024-04-30 13:07:00,1421.5,1421.95,1419.95,1420.55,1280
2024-04-30 13:08:00,1420.55,1421.85,1420.55,1420.55,117
2024-04-30 13:09:00,1420.55,1421.65,1420.05,1420.6,218
2024-04-30 13:10:00,1420.6,1420.6,1420.0,1420.0,222
2024-04-30 13:11:00,1420.0,1420.9,1420.0,1420.9,190
2024-04-30 13:12:00,1420.9,1421.0,1420.1,1420.1,31
2024-04-30 13:13:00,1421.0,1421.0,1420.0,1420.0,208
2024-04-30 13:14:00,1420.0,1421.6,1420.0,1421.6,142
2024-04-30 13:15:00,1421.6,1424.95,1421.6,1423.35,108
2024-04-30 13:16:00,1423.55,1423.9,1422.75,1423.9,659
2024-04-30 13:17:00,1423.9,1423.9,1421.4,1421.4,248
2024-04-30 13:18:00,1421.1,1421.6,1420.05,1420.15,192
2024-04-30 13:19:00,1420.15,1420.95,1420.15,1420.9,99
2024-04-30 13:20:00,1420.9,1421.6,1420.2,1421.6,69
2024-04-30 13:21:00,1421.6,1421.6,1420.2,1420.2,12
2024-04-30 13:22:00,1421.6,1421.6,1420.45,1421.6,80
2024-04-30 13:23:00,1421.6,1421.6,1420.05,1421.5,566
2024-04-30 13:24:00,1421.5,1421.95,1420.9,1420.9,240
2024-04-30 13:25:00,1422.95,1422.95,1420.7,1420.7,473
2024-04-30 13:26:00,1420.7,1421.9,1420.7,1421.9,45
2024-04-30 13:27:00,1420.8,1421.9,1420.8,1421.9,102
2024-04-30 13:28:00,1421.7,1423.9,1421.7,1423.9,280
2024-04-30 13:29:00,1422.8,1424.45,1422.6,1423.3,228
2024-04-30 13:30:00,1423.3,1423.3,1422.6,1422.6,30
2024-04-30 13:31:00,1422.6,1422.6,1422.0,1422.0,65
2024-04-30 13:32:00,1422.0,1422.0,1421.0,1421.2,421
2024-04-30 13:33:00,1421.2,1422.95,1421.2,1422.95,14
2024-04-30 13:34:00,1422.95,1423.75,1422.95,1423.0,8
2024-04-30 13:35:00,1423.0,1424.95,1423.0,1423.05,491
2024-04-30 13:36:00,1423.05,1424.35,1423.0,1424.35,157
2024-04-30 13:37:00,1424.35,1424.35,1421.05,1423.1,333
2024-04-30 13:38:00,1423.1,1423.1,1421.15,1421.2,176
2024-04-30 13:39:00,1421.2,1422.3,1420.55,1420.7,153
2024-04-30 13:40:00,1422.2,1422.2,1421.0,1421.0,18
2024-04-30 13:41:00,1421.0,1422.2,1421.0,1421.05,106
2024-04-30 13:42:00,1422.6,1422.6,1422.0,1422.0,443
2024-04-30 13:43:00,1422.0,1422.0,1422.0,1422.0,25
2024-04-30 13:44:00,1422.0,1422.0,1422.0,1422.0,58
2024-04-30 13:45:00,1420.8,1421.1,1420.8,1421.1,420
2024-04-30 13:46:00,1421.1,1421.1,1421.1,1421.1,23
2024-04-30 13:47:00,1421.95,1422.7,1421.95,1422.7,30
2024-04-30 13:48:00,1422.7,1424.0,1422.7,1423.0,127
2024-04-30 13:49:00,1423.0,1423.0,1421.5,1421.55,66
2024-04-30 13:50:00,1421.55,1421.55,1421.5,1421.5,33
2024-04-30 13:51:00,1421.55,1423.9,1421.55,1423.9,49
2024-04-30 13:52:00,1423.9,1424.0,1421.55,1421.55,65
2024-04-30 13:53:00,1421.55,1423.45,1421.55,1423.45,305
2024-04-30 13:54:00,1423.45,1423.9,1421.55,1422.15,251
2024-04-30 13:55:00,1422.15,1424.35,1422.15,1423.55,296
2024-04-30 13:56:00,1423.55,1424.7,1423.0,1423.0,270
2024-04-30 13:57:00,1423.0,1423.2,1423.0,1423.2,51
2024-04-30 13:58:00,1423.2,1424.0,1423.2,1424.0,53
2024-04-30 13:59:00,1424.0,1425.0,1423.2,1423.4,49
2024-04-30 14:00:00,1423.4,1424.95,1423.4,1423.75,346
2024-04-30 14:01:00,1423.75,1425.2,1423.75,1424.25,140
2024-04-30 14:02:00,1424.25,1425.2,1424.25,1424.25,94
2024-04-30 14:03:00,1424.25,1426.0,1424.15,1426.0,436
2024-04-30 14:04:00,1426.0,1427.0,1426.0,1426.95,879
2024-04-30 14:05:00,1427.35,1432.0,1427.35,1431.8,1639
2024-04-30 14:06:00,1431.8,1432.65,1430.7,1432.65,1080
2024-04-30 14:07:00,1432.65,1434.9,1431.6,1431.6,1994
2024-04-30 14:08:00,1431.6,1431.6,1429.65,1429.65,1035
2024-04-30 14:09:00,1429.65,1430.0,1427.0,1430.0,1232
2024-04-30 14:10:00,1430.0,1432.2,1428.3,1432.2,639
2024-04-30 14:11:00,1432.2,1432.95,1429.7,1429.7,662
2024-04-30 14:12:00,1429.7,1435.0,1429.7,1434.0,2924
2024-04-30 14:13:00,1433.65,1435.0,1430.9,1432.45,1766
2024-04-30 14:14:00,1432.45,1434.5,1431.0,1434.4,1724
2024-04-30 14:15:00,1434.4,1434.5,1432.0,1433.0,1178
2024-04-30 14:16:00,1433.0,1433.0,1430.0,1430.0,958
2024-04-30 14:17:00,1429.5,1430.2,1428.0,1428.95,340
2024-04-30 14:18:00,1428.95,1428.95,1428.25,1428.95,526
2024-04-30 14:19:00,1428.95,1428.95,1426.5,1426.5,425
2024-04-30 14:20:00,1426.5,1427.0,1426.0,1426.95,496
2024-04-30 14:21:00,1426.95,1429.6,1426.95,1429.35,868
2024-04-30 14:22:00,1429.35,1432.3,1429.35,1432.0,552
2024-04-30 14:23:00,1432.0,1433.35,1431.35,1432.0,668
2024-04-30 14:24:00,1432.0,1432.4,1431.7,1432.0,57
2024-04-30 14:25:00,1433.35,1433.35,1432.2,1432.9,756
2024-04-30 14:26:00,1432.9,1432.9,1430.5,1431.65,933
2024-04-30 14:27:00,1430.5,1431.5,1430.0,1431.5,290
2024-04-30 14:28:00,1431.5,1431.5,1430.75,1431.5,636
2024-04-30 14:29:00,1431.5,1434.9,1430.9,1434.9,2236
2024-04-30 14:30:00,1434.5,1434.8,1433.0,1433.0,526
2024-04-30 14:31:00,1433.0,1433.5,1433.0,1433.05,507
2024-04-30 14:32:00,1433.05,1433.5,1433.05,1433.5,417
2024-04-30 14:33:00,1433.5,1434.75,1433.5,1434.75,257
2024-04-30 14:34:00,1434.75,1435.15,1434.05,1435.15,854
2024-04-30 14:35:00,1435.15,1435.5,1435.0,1435.15,637
2024-04-30 14:36:00,1435.5,1435.55,1434.6,1435.5,1157
2024-04-30 14:37:00,1435.5,1435.6,1434.8,1435.4,553
2024-04-30 14:38:00,1434.55,1435.55,1434.25,1435.0,362
2024-04-30 14:39:00,1435.0,1435.55,1435.0,1435.0,240
2024-04-30 14:40:00,1435.5,1435.5,1433.0,1434.5,1477
2024-04-30 14:41:00,1434.5,1434.5,1431.95,1432.0,506
2024-04-30 14:42:00,1432.0,1433.55,1432.0,1433.35,144
2024-04-30 14:43:00,1432.35,1433.35,1432.35,1433.35,89
2024-04-30 14:44:00,1433.35,1433.75,1432.9,1433.6,321
2024-04-30 14:45:00,1433.6,1435.0,1433.0,1434.95,266
2024-04-30 14:46:00,1434.95,1435.5,1434.2,1435.05,328
2024-04-30 14:47:00,1435.05,1435.5,1433.65,1434.2,743
2024-04-30 14:48:00,1434.2,1434.2,1433.6,1433.75,564
2024-04-30 14:49:00,1433.75,1433.75,1431.05,1432.05,2400
2024-04-30 14:50:00,1432.5,1432.9,1432.2,1432.55,467
2024-04-30 14:51:00,1432.9,1433.5,1431.65,1432.05,913
2024-04-30 14:52:00,1432.05,1432.05,1428.4,1428.6,1191
2024-04-30 14:53:00,1428.6,1429.9,1428.6,1429.9,330
2024-04-30 14:54:00,1429.9,1430.35,1429.9,1430.35,982
2024-04-30 14:55:00,1430.35,1434.2,1430.35,1434.15,452
2024-04-30 14:56:00,1432.8,1434.15,1432.25,1432.3,664
2024-04-30 14:57:00,1432.3,1433.4,1429.25,1430.5,1976
2024-04-30 14:58:00,1430.5,1430.5,1429.35,1429.6,511
2024-04-30 14:59:00,1429.6,1429.6,1426.8,1427.0,1595
2024-04-30 15:00:00,1427.0,1428.1,1426.55,1426.55,1270
2024-04-30 15:01:00,1426.9,1426.9,1425.0,1425.75,1481
2024-04-30 15:02:00,1426.15,1426.9,1424.25,1424.9,678
2024-04-30 15:03:00,1424.9,1424.9,1421.0,1423.95,3130
2024-04-30 15:04:00,1423.95,1424.6,1423.05,1424.6,702
2024-04-30 15:05:00,1425.0,1428.35,1424.8,1428.35,512
2024-04-30 15:06:00,1428.35,1428.35,1426.7,1428.0,825
2024-04-30 15:07:00,1428.0,1434.0,1428.0,1433.0,1753
2024-04-30 15:08:00,1433.0,1434.2,1425.0,1425.05,5001
2024-04-30 15:09:00,1425.05,1426.65,1424.6,1426.3,1611
2024-04-30 15:10:00,1426.3,1426.45,1424.85,1425.0,1785
2024-04-30 15:11:00,1424.85,1426.3,1423.0,1423.05,1578
2024-04-30 15:12:00,1423.95,1423.95,1418.8,1421.1,3961
2024-04-30 15:13:00,1421.1,1421.15,1420.0,1420.1,2650
2024-04-30 15:14:00,1420.1,1423.05,1420.0,1423.05,2258
2024-04-30 15:15:00,1423.6,1430.4,1421.3,1426.1,2816
2024-04-30 15:16:00,1426.2,1427.0,1420.0,1421.15,2992
2024-04-30 15:17:00,1421.15,1424.25,1419.75,1421.9,2803
2024-04-30 15:18:00,1421.4,1422.85,1420.0,1421.7,3050
2024-04-30 15:19:00,1421.8,1422.0,1421.0,1421.05,2813
2024-04-30 15:20:00,1421.05,1422.0,1420.0,1420.1,2060
2024-04-30 15:21:00,1421.25,1423.4,1420.3,1420.4,2035
2024-04-30 15:22:00,1420.4,1421.85,1420.1,1420.15,1512
2024-04-30 15:23:00,1420.05,1420.15,1419.75,1420.15,2277
2024-04-30 15:24:00,1420.15,1420.15,1418.0,1419.55,3169
2024-04-30 15:25:00,1420.1,1420.15,1419.55,1420.05,2430
2024-04-30 15:26:00,1420.05,1420.2,1420.0,1420.1,1909
2024-04-30 15:27:00,1420.05,1421.75,1419.95,1421.75,2185
2024-04-30 15:28:00,1421.75,1423.55,1419.0,1420.55,1254
2024-04-30 15:29:00,1420.55,1425.05,1419.0,1420.1,936
2024-05-02 09:15:00,1424.8,1425.1,1413.05,1416.05,1484
2024-05-02 09:16:00,1416.05,1418.75,1415.05,1417.65,713
2024-05-02 09:17:00,1418.5,1418.5,1410.05,1415.35,521
2024-05-02 09:18:00,1412.7,1413.05,1407.75,1407.75,649
2024-05-02 09:19:00,1408.95,1408.95,1405.6,1405.6,389
2024-05-02 09:20:00,1405.6,1408.1,1404.05,1404.05,39
2024-05-02 09:21:00,1403.05,1403.05,1397.75,1398.0,946
2024-05-02 09:22:00,1398.0,1399.45,1395.0,1398.85,709
2024-05-02 09:23:00,1398.85,1398.85,1394.05,1397.0,371
2024-05-02 09:24:00,1397.0,1403.95,1396.15,1401.75,1172
2024-05-02 09:25:00,1401.75,1406.05,1401.75,1406.05,23
2024-05-02 09:26:00,1406.05,1409.95,1406.05,1409.95,228
2024-05-02 09:27:00,1409.95,1411.2,1409.5,1409.65,326
2024-05-02 09:28:00,1407.8,1407.8,1402.0,1403.7,1011
2024-05-02 09:29:00,1403.7,1406.0,1403.65,1406.0,134
2024-05-02 09:30:00,1403.7,1406.4,1403.7,1406.35,206
2024-05-02 09:31:00,1406.35,1409.95,1404.5,1409.95,256
2024-05-02 09:32:00,1409.95,1410.95,1408.2,1409.05,247
2024-05-02 09:33:00,1409.05,1409.05,1407.25,1407.25,110
2024-05-02 09:34:00,1407.25,1408.5,1406.35,1406.55,52
2024-05-02 09:35:00,1406.55,1408.0,1406.55,1406.95,41
2024-05-02 09:36:00,1406.95,1406.95,1406.5,1406.5,318
2024-05-02 09:37:00,1406.5,1409.5,1406.5,1407.1,93
2024-05-02 09:38:00,1407.25,1408.4,1407.2,1408.4,134
2024-05-02 09:39:00,1407.15,1407.2,1406.3,1406.3,127
2024-05-02 09:40:00,1406.3,1407.6,1406.25,1406.25,258
2024-05-02 09:41:00,1406.25,1409.7,1406.25,1408.25,191
2024-05-02 09:42:00,1408.25,1408.25,1401.75,1401.75,2523
2024-05-02 09:43:00,1401.75,1402.3,1400.05,1400.05,208
2024-05-02 09:44:00,1400.05,1401.25,1400.05,1401.25,27
2024-05-02 09:45:00,1401.25,1403.2,1400.0,1401.9,526
2024-05-02 09:46:00,1400.65,1400.65,1398.85,1400.55,130
2024-05-02 09:47:00,1400.55,1400.55,1398.85,1398.85,14
2024-05-02 09:48:00,1398.85,1400.45,1398.85,1399.15,41
2024-05-02 09:49:00,1399.15,1400.4,1399.15,1399.3,20
2024-05-02 09:50:00,1399.3,1399.3,1399.3,1399.3,0
2024-05-02 09:51:00,1399.3,1399.35,1398.3,1398.3,250
2024-05-02 09:52:00,1400.75,1407.25,1400.7,1407.25,592
2024-05-02 09:53:00,1407.25,1407.25,1403.9,1403.95,977
2024-05-02 09:54:00,1403.95,1406.45,1402.45,1403.75,252
2024-05-02 09:55:00,1403.75,1405.55,1403.75,1405.25,112
2024-05-02 09:56:00,1405.25,1407.2,1405.25,1405.7,17
2024-05-02 09:57:00,1405.7,1407.6,1405.7,1407.6,20
2024-05-02 09:58:00,1406.35,1407.35,1405.0,1407.35,60
2024-05-02 09:59:00,1407.95,1408.9,1407.3,1407.35,149
2024-05-02 10:00:00,1407.35,1409.0,1407.35,1407.4,15
2024-05-02 10:01:00,1407.4,1408.9,1407.0,1407.0,368
2024-05-02 10:02:00,1407.0,1407.0,1405.65,1405.65,14
2024-05-02 10:03:00,1405.1,1407.9,1405.0,1407.9,42
2024-05-02 10:04:00,1407.9,1407.9,1406.05,1407.8,121
2024-05-02 10:05:00,1406.15,1408.55,1406.0,1407.85,180
2024-05-02 10:06:00,1407.85,1407.85,1406.1,1406.95,39
2024-05-02 10:07:00,1406.0,1406.0,1405.35,1405.35,33
2024-05-02 10:08:00,1405.35,1406.95,1405.35,1406.95,23
2024-05-02 10:09:00,1406.95,1406.95,1405.45,1406.0,42
2024-05-02 10:10:00,1406.0,1407.0,1406.0,1406.95,95
2024-05-02 10:11:00,1407.0,1409.4,1407.0,1409.4,258
2024-05-02 10:12:00,1409.45,1410.0,1407.05,1407.05,517
2024-05-02 10:13:00,1407.05,1407.05,1406.2,1406.2,5
2024-05-02 10:14:00,1406.2,1406.2,1406.2,1406.2,0
2024-05-02 10:15:00,1406.2,1407.4,1406.2,1407.4,14
2024-05-02 10:16:00,1407.35,1407.35,1406.3,1406.3,6
2024-05-02 10:17:00,1406.3,1406.55,1405.35,1406.55,102
2024-05-02 10:18:00,1406.55,1406.55,1405.35,1406.55,12
2024-05-02 10:19:00,1406.55,1407.55,1405.35,1405.35,117
2024-05-02 10:20:00,1405.35,1406.5,1405.35,1405.55,7
2024-05-02 10:21:00,1407.05,1407.55,1405.0,1405.0,367
2024-05-02 10:22:00,1405.0,1405.75,1405.0,1405.0,65
2024-05-02 10:23:00,1405.0,1405.0,1405.0,1405.0,6
2024-05-02 10:24:00,1405.0,1405.0,1405.0,1405.0,0
2024-05-02 10:25:00,1405.0,1406.05,1405.0,1406.05,44
2024-05-02 10:26:00,1406.05,1406.95,1405.05,1405.05,100
2024-05-02 10:27:00,1405.05,1406.45,1405.05,1406.45,44
2024-05-02 10:28:00,1406.45,1406.55,1405.0,1405.0,67
2024-05-02 10:29:00,1405.0,1405.9,1405.0,1405.9,10
2024-05-02 10:30:00,1405.9,1405.9,1405.0,1405.0,209
2024-05-02 10:31:00,1405.05,1406.05,1405.05,1405.05,31
2024-05-02 10:32:00,1405.05,1405.95,1405.0,1405.95,12
2024-05-02 10:33:00,1405.95,1406.0,1405.95,1406.0,15
2024-05-02 10:34:00,1406.0,1406.0,1406.0,1406.0,10
2024-05-02 10:35:00,1406.0,1406.0,1406.0,1406.0,0
2024-05-02 10:36:00,1406.0,1406.5,1406.0,1406.3,72
2024-05-02 10:37:00,1407.45,1407.45,1406.2,1407.1,43
2024-05-02 10:38:00,1407.1,1408.15,1406.4,1406.4,77
2024-05-02 10:39:00,1406.4,1406.4,1405.05,1405.85,178
2024-05-02 10:40:00,1405.85,1408.0,1405.85,1408.0,300
2024-05-02 10:41:00,1408.0,1408.0,1406.1,1406.5,25
2024-05-02 10:42:00,1406.5,1406.5,1405.3,1405.3,20
2024-05-02 10:43:00,1405.3,1406.1,1405.3,1406.1,113
2024-05-02 10:44:00,1406.1,1406.1,1406.1,1406.1,0
2024-05-02 10:45:00,1406.1,1406.1,1405.4,1406.1,14
2024-05-02 10:46:00,1406.1,1406.1,1405.3,1405.3,60
2024-05-02 10:47:00,1405.3,1405.3,1405.3,1405.3,0
2024-05-02 10:48:00,1406.15,1407.9,1406.0,1407.9,51
2024-05-02 10:49:00,1408.0,1408.0,1408.0,1408.0,90
2024-05-02 10:50:00,1408.0,1408.0,1406.7,1408.0,137
2024-05-02 10:51:00,1408.0,1410.0,1408.0,1410.0,125
2024-05-02 10:52:00,1410.0,1412.6,1410.0,1412.4,1058
2024-05-02 10:53:00,1412.4,1416.25,1412.4,1415.0,450
2024-05-02 10:54:00,1415.0,1417.75,1415.0,1416.4,250
2024-05-02 10:55:00,1416.4,1417.8,1415.2,1416.55,1556
2024-05-02 10:56:00,1416.55,1416.55,1413.3,1415.3,242
2024-05-02 10:57:00,1415.3,1415.3,1412.45,1412.45,124
2024-05-02 10:58:00,1412.3,1412.55,1411.05,1412.5,40
2024-05-02 10:59:00,1412.5,1412.5,1410.3,1410.3,6
2024-05-02 11:00:00,1410.3,1410.3,1407.0,1409.1,1749
2024-05-02 11:01:00,1409.1,1409.9,1409.1,1409.9,1
2024-05-02 11:02:00,1409.9,1409.9,1409.9,1409.9,18
2024-05-02 11:03:00,1409.9,1410.05,1409.9,1410.05,16
2024-05-02 11:04:00,1410.05,1410.05,1410.05,1410.05,3
2024-05-02 11:05:00,1410.05,1410.05,1408.75,1408.75,20
2024-05-02 11:06:00,1408.75,1410.05,1408.75,1410.05,101
2024-05-02 11:07:00,1410.05,1410.05,1409.0,1410.05,22
2024-05-02 11:08:00,1410.05,1410.05,1410.05,1410.05,2
2024-05-02 11:09:00,1410.05,1411.55,1408.75,1411.55,68
2024-05-02 11:10:00,1410.15,1410.95,1408.8,1409.05,18
2024-05-02 11:11:00,1409.05,1410.1,1408.75,1410.1,631
2024-05-02 11:12:00,1410.1,1410.1,1409.65,1409.65,5
2024-05-02 11:13:00,1409.65,1409.65,1407.7,1409.5,9
2024-05-02 11:14:00,1409.5,1409.5,1407.6,1409.05,9
2024-05-02 11:15:00,1409.05,1409.05,1408.9,1408.9,0
2024-05-02 11:16:00,1409.0,1409.0,1409.0,1409.0,26
2024-05-02 11:17:00,1409.0,1409.0,1409.0,1409.0,2
2024-05-02 11:18:00,1408.2,1408.2,1407.6,1408.1,19
2024-05-02 11:19:00,1408.1,1408.1,1408.1,1408.1,0
2024-05-02 11:20:00,1408.1,1408.15,1408.1,1408.15,7
2024-05-02 11:21:00,1408.15,1408.15,1407.6,1407.6,40
2024-05-02 11:22:00,1407.6,1411.0,1407.6,1411.0,193
2024-05-02 11:23:00,1411.0,1411.0,1407.6,1409.65,70
2024-05-02 11:24:00,1409.65,1409.65,1409.0,1409.35,34
2024-05-02 11:25:00,1409.35,1409.75,1409.05,1409.05,27
2024-05-02 11:26:00,1409.05,1410.05,1409.05,1410.05,14
2024-05-02 11:27:00,1410.05,1410.05,1410.0,1410.0,3
2024-05-02 11:28:00,1410.0,1411.0,1409.4,1409.4,52
2024-05-02 11:29:00,1409.4,1409.55,1407.65,1409.15,539
2024-05-02 11:30:00,1409.15,1409.15,1407.45,1407.45,0
2024-05-02 11:31:00,1407.4,1409.15,1407.4,1408.75,25
2024-05-02 11:32:00,1408.75,1409.7,1408.75,1409.7,15
2024-05-02 11:33:00,1409.7,1409.7,1407.15,1408.55,21
2024-05-02 11:34:00,1406.95,1406.95,1406.95,1406.95,5
2024-05-02 11:35:00,1406.95,1407.9,1406.7,1406.7,17
2024-05-02 11:36:00,1406.7,1408.3,1406.7,1408.3,6
2024-05-02 11:37:00,1408.3,1408.3,1406.55,1408.0,16
2024-05-02 11:38:00,1408.0,1408.6,1407.95,1408.6,16
2024-05-02 11:39:00,1408.6,1408.6,1406.95,1407.1,4
2024-05-02 11:40:00,1407.1,1408.45,1407.1,1408.45,0
2024-05-02 11:41:00,1408.45,1408.95,1408.45,1408.95,18
2024-05-02 11:42:00,1408.95,1408.95,1408.45,1408.45,1
2024-05-02 11:43:00,1408.45,1408.45,1407.75,1407.75,15
2024-05-02 11:44:00,1408.4,1408.95,1407.7,1407.7,34
2024-05-02 11:45:00,1407.7,1408.4,1407.7,1407.75,3
2024-05-02 11:46:00,1407.75,1408.4,1407.75,1408.4,1
2024-05-02 11:47:00,1408.4,1408.4,1408.4,1408.4,1
2024-05-02 11:48:00,1408.4,1408.4,1407.75,1407.75,3
2024-05-02 11:49:00,1407.75,1409.0,1407.75,1407.75,42
2024-05-02 11:50:00,1407.75,1409.3,1407.75,1408.8,70
2024-05-02 11:51:00,1408.8,1408.8,1407.75,1407.75,54
2024-05-02 11:52:00,1407.75,1408.55,1407.75,1407.75,17
2024-05-02 11:53:00,1407.75,1409.0,1407.75,1408.9,16
2024-05-02 11:54:00,1408.9,1408.9,1408.9,1408.9,1
2024-05-02 11:55:00,1408.9,1409.0,1408.9,1409.0,15
2024-05-02 11:56:00,1409.0,1409.0,1409.0,1409.0,28
2024-05-02 11:57:00,1409.0,1409.0,1409.0,1409.0,1
2024-05-02 11:58:00,1409.0,1409.3,1409.0,1409.0,40
2024-05-02 11:59:00,1409.0,1409.1,1407.85,1409.1,33
2024-05-02 12:00:00,1409.1,1409.15,1409.1,1409.15,4
2024-05-02 12:01:00,1409.15,1409.15,1407.9,1409.15,4
2024-05-02 12:02:00,1409.15,1409.3,1407.9,1407.9,24
2024-05-02 12:03:00,1407.9,1409.25,1407.9,1409.25,8
2024-05-02 12:04:00,1409.25,1409.25,1409.15,1409.15,1
2024-05-02 12:05:00,1409.15,1409.15,1407.7,1407.7,55
2024-05-02 12:06:00,1407.7,1409.3,1405.25,1405.25,190
2024-05-02 12:07:00,1405.05,1405.1,1405.0,1405.1,1059
2024-05-02 12:08:00,1405.1,1406.35,1405.1,1406.35,0
2024-05-02 12:09:00,1406.3,1406.3,1406.3,1406.3,151
2024-05-02 12:10:00,1406.3,1408.55,1406.3,1408.55,103
2024-05-02 12:11:00,1408.55,1408.55,1406.15,1407.5,39
2024-05-02 12:12:00,1407.5,1407.5,1407.5,1407.5,0
2024-05-02 12:13:00,1407.5,1407.5,1406.7,1406.7,4
2024-05-02 12:14:00,1406.7,1408.25,1406.7,1407.15,14
2024-05-02 12:15:00,1407.15,1408.55,1406.75,1408.0,33
2024-05-02 12:16:00,1408.0,1408.2,1408.0,1408.2,13
2024-05-02 12:17:00,1408.2,1408.95,1407.2,1407.2,58
2024-05-02 12:18:00,1407.2,1408.3,1406.05,1407.95,61
2024-05-02 12:19:00,1407.95,1407.95,1407.7,1407.7,1
2024-05-02 12:20:00,1407.7,1407.7,1407.7,1407.7,2
2024-05-02 12:21:00,1407.7,1408.3,1407.45,1408.3,14
2024-05-02 12:22:00,1408.3,1408.3,1408.3,1408.3,1
2024-05-02 12:23:00,1408.3,1408.3,1408.3,1408.3,0
2024-05-02 12:24:00,1408.3,1408.3,1408.3,1408.3,1
2024-05-02 12:25:00,1408.3,1409.2,1406.85,1408.35,37
2024-05-02 12:26:00,1408.35,1408.35,1408.35,1408.35,0
2024-05-02 12:27:00,1408.35,1408.35,1406.8,1406.8,5
2024-05-02 12:28:00,1406.8,1407.95,1406.65,1407.95,73
2024-05-02 12:29:00,1407.95,1407.95,1406.05,1406.05,101
2024-05-02 12:30:00,1406.05,1406.05,1405.1,1405.1,46
2024-05-02 12:31:00,1405.1,1406.25,1405.1,1406.25,1
2024-05-02 12:32:00,1406.25,1406.25,1406.25,1406.25,15
2024-05-02 12:33:00,1406.25,1406.25,1406.25,1406.25,0
2024-05-02 12:34:00,1406.25,1407.05,1406.25,1407.05,14
2024-05-02 12:35:00,1407.05,1407.35,1406.1,1407.35,10
2024-05-02 12:36:00,1407.35,1407.35,1406.1,1407.05,1
2024-05-02 12:37:00,1407.05,1407.05,1407.05,1407.05,1
2024-05-02 12:38:00,1407.05,1408.05,1406.7,1408.05,61
2024-05-02 12:39:00,1408.05,1408.05,1406.1,1406.1,77
2024-05-02 12:40:00,1406.1,1406.1,1406.1,1406.1,1
2024-05-02 12:41:00,1406.1,1406.1,1406.1,1406.1,27
2024-05-02 12:42:00,1406.1,1407.6,1406.1,1407.45,82
2024-05-02 12:43:00,1407.45,1407.5,1406.25,1406.25,170
2024-05-02 12:44:00,1406.25,1406.25,1406.1,1406.1,28
2024-05-02 12:45:00,1406.1,1407.15,1406.1,1407.15,3
2024-05-02 12:46:00,1407.15,1407.15,1406.2,1406.2,39
2024-05-02 12:47:00,1406.2,1409.15,1406.2,1407.3,68
2024-05-02 12:48:00,1407.3,1407.35,1407.3,1407.3,10
2024-05-02 12:49:00,1407.25,1408.05,1407.05,1408.05,28
2024-05-02 12:50:00,1408.05,1408.05,1407.45,1407.45,3
2024-05-02 12:51:00,1407.45,1407.9,1407.45,1407.9,16
2024-05-02 12:52:00,1407.9,1409.0,1407.0,1408.5,79
2024-05-02 12:53:00,1408.5,1408.6,1407.0,1407.0,32
2024-05-02 12:54:00,1407.0,1408.4,1407.0,1408.4,13
2024-05-02 12:55:00,1408.4,1408.4,1408.4,1408.4,0
2024-05-02 12:56:00,1408.4,1408.95,1407.3,1407.3,29
2024-05-02 12:57:00,1407.3,1408.85,1407.3,1407.3,42
2024-05-02 12:58:00,1407.3,1407.3,1407.25,1407.25,51
2024-05-02 12:59:00,1407.25,1407.25,1407.25,1407.25,0
2024-05-02 13:00:00,1407.25,1409.0,1407.25,1409.0,14
2024-05-02 13:01:00,1409.0,1409.0,1407.6,1407.6,54
2024-05-02 13:02:00,1407.6,1407.6,1407.5,1407.5,12
2024-05-02 13:03:00,1407.5,1407.5,1407.5,1407.5,0
2024-05-02 13:04:00,1407.5,1407.5,1407.5,1407.5,0
2024-05-02 13:05:00,1407.5,1409.05,1407.5,1409.05,2
2024-05-02 13:06:00,1409.05,1409.05,1407.75,1407.75,3
2024-05-02 13:07:00,1407.75,1408.95,1407.5,1408.95,18
2024-05-02 13:08:00,1408.95,1409.1,1407.75,1407.75,24
2024-05-02 13:09:00,1407.75,1407.75,1405.1,1405.1,295
2024-05-02 13:10:00,1405.1,1406.45,1405.1,1406.45,17
2024-05-02 13:11:00,1406.45,1406.45,1405.05,1405.05,13
2024-05-02 13:12:00,1405.05,1405.05,1405.05,1405.05,0
2024-05-02 13:13:00,1405.05,1405.05,1405.05,1405.05,0
2024-05-02 13:14:00,1405.05,1406.55,1405.05,1406.55,13
2024-05-02 13:15:00,1406.55,1406.55,1406.55,1406.55,0
2024-05-02 13:16:00,1406.55,1406.55,1405.85,1405.85,26
2024-05-02 13:17:00,1405.85,1406.9,1405.5,1406.9,25
2024-05-02 13:18:00,1406.9,1406.9,1406.9,1406.9,0
2024-05-02 13:19:00,1407.6,1409.1,1407.6,1409.1,24
2024-05-02 13:20:00,1409.1,1409.1,1406.05,1406.05,165
2024-05-02 13:21:00,1406.05,1407.75,1406.05,1407.75,13
2024-05-02 13:22:00,1407.75,1407.75,1406.4,1406.4,9
2024-05-02 13:23:00,1406.4,1406.4,1406.4,1406.4,12
2024-05-02 13:24:00,1406.4,1407.75,1406.4,1407.75,13
2024-05-02 13:25:00,1407.75,1407.75,1406.75,1406.75,1
2024-05-02 13:26:00,1406.75,1407.75,1406.75,1407.75,5
2024-05-02 13:27:00,1407.75,1407.75,1407.75,1407.75,5
2024-05-02 13:28:00,1407.75,1407.75,1407.75,1407.75,0
2024-05-02 13:29:00,1407.75,1407.75,1406.4,1406.4,64
2024-05-02 13:30:00,1406.4,1408.2,1406.4,1406.7,92
2024-05-02 13:31:00,1406.4,1406.4,1406.4,1406.4,13
2024-05-02 13:32:00,1406.4,1406.4,1406.4,1406.4,0
2024-05-02 13:33:00,1406.4,1407.95,1406.4,1406.7,15
2024-05-02 13:34:00,1408.55,1408.55,1406.85,1406.85,98
2024-05-02 13:35:00,1406.85,1406.85,1406.85,1406.85,0
2024-05-02 13:36:00,1406.85,1406.85,1406.6,1406.6,80
2024-05-02 13:37:00,1406.6,1406.85,1406.6,1406.85,7
2024-05-02 13:38:00,1406.85,1406.85,1406.6,1406.6,22
2024-05-02 13:39:00,1406.6,1408.0,1406.6,1408.0,31
2024-05-02 13:40:00,1408.0,1408.0,1407.15,1407.15,11
2024-05-02 13:41:00,1407.15,1408.3,1406.75,1406.75,175
2024-05-02 13:42:00,1406.75,1406.75,1406.75,1406.75,36
2024-05-02 13:43:00,1406.75,1406.9,1406.75,1406.75,24
2024-05-02 13:44:00,1406.75,1408.25,1406.75,1406.95,41
2024-05-02 13:45:00,1406.95,1406.95,1406.95,1406.95,0
2024-05-02 13:46:00,1406.95,1406.95,1406.95,1406.95,18
2024-05-02 13:47:00,1406.95,1408.3,1406.95,1408.3,17
2024-05-02 13:48:00,1408.3,1408.3,1408.3,1408.3,0
2024-05-02 13:49:00,1408.3,1408.55,1408.3,1408.55,15
2024-05-02 13:50:00,1408.55,1408.55,1408.55,1408.55,0
2024-05-02 13:51:00,1408.55,1408.55,1408.55,1408.55,0
2024-05-02 13:52:00,1408.55,1408.55,1408.55,1408.55,0
2024-05-02 13:53:00,1408.55,1409.05,1407.75,1408.9,58
2024-05-02 13:54:00,1408.9,1408.9,1407.35,1407.35,126
2024-05-02 13:55:00,1407.35,1408.4,1407.35,1407.35,66
2024-05-02 13:56:00,1407.35,1408.45,1407.35,1408.45,16
2024-05-02 13:57:00,1408.7,1409.0,1408.7,1409.0,30
2024-05-02 13:58:00,1409.0,1409.05,1409.0,1409.05,30
2024-05-02 13:59:00,1409.05,1409.05,1407.55,1407.55,18
2024-05-02 14:00:00,1407.55,1407.55,1407.55,1407.55,11
2024-05-02 14:01:00,1407.55,1408.4,1407.55,1408.4,44
2024-05-02 14:02:00,1408.4,1408.4,1407.75,1407.75,40
2024-05-02 14:03:00,1407.75,1407.75,1407.75,1407.75,0
2024-05-02 14:04:00,1407.75,1409.05,1407.75,1408.65,43
2024-05-02 14:05:00,1408.65,1408.65,1408.1,1408.1,17
2024-05-02 14:06:00,1408.1,1408.1,1408.1,1408.1,0
2024-05-02 14:07:00,1408.1,1409.1,1408.1,1408.25,133
2024-05-02 14:08:00,1408.25,1408.95,1408.15,1408.95,63
2024-05-02 14:09:00,1408.95,1408.95,1408.0,1408.0,26
2024-05-02 14:10:00,1408.0,1409.3,1408.0,1409.3,71
2024-05-02 14:11:00,1409.3,1409.3,1408.0,1409.1,118
2024-05-02 14:12:00,1409.1,1409.1,1409.0,1409.0,2
2024-05-02 14:13:00,1409.0,1409.0,1408.15,1408.15,2
2024-05-02 14:14:00,1408.15,1408.15,1406.65,1406.65,283
2024-05-02 14:15:00,1406.65,1407.85,1406.6,1406.6,72
2024-05-02 14:16:00,1406.35,1406.35,1406.25,1406.25,90
2024-05-02 14:17:00,1406.25,1406.25,1406.25,1406.25,0
2024-05-02 14:18:00,1406.25,1406.25,1405.0,1405.05,484
2024-05-02 14:19:00,1405.05,1405.05,1405.05,1405.05,57
2024-05-02 14:20:00,1405.05,1406.45,1405.05,1406.45,94
2024-05-02 14:21:00,1406.6,1406.85,1406.6,1406.85,16
2024-05-02 14:22:00,1406.85,1408.05,1406.45,1406.45,236
2024-05-02 14:23:00,1406.45,1406.55,1406.45,1406.55,10
2024-05-02 14:24:00,1406.55,1406.55,1406.55,1406.55,35
2024-05-02 14:25:00,1406.55,1407.85,1406.55,1407.85,14
2024-05-02 14:26:00,1407.85,1407.85,1407.85,1407.85,0
2024-05-02 14:27:00,1407.85,1407.85,1406.85,1406.85,7
2024-05-02 14:28:00,1406.85,1409.3,1406.85,1407.4,352
2024-05-02 14:29:00,1407.4,1409.3,1406.85,1407.6,326
2024-05-02 14:30:00,1407.6,1407.6,1406.85,1406.85,110
2024-05-02 14:31:00,1406.85,1406.85,1406.85,1406.85,0
2024-05-02 14:32:00,1406.85,1406.85,1406.45,1406.45,19
2024-05-02 14:33:00,1406.45,1406.45,1405.2,1405.2,97
2024-05-02 14:34:00,1405.2,1406.0,1405.2,1406.0,3
2024-05-02 14:35:00,1406.0,1408.9,1406.0,1408.9,69
2024-05-02 14:36:00,1408.9,1408.9,1408.9,1408.9,0
2024-05-02 14:37:00,1408.9,1408.9,1407.45,1407.55,63
2024-05-02 14:38:00,1407.55,1409.1,1406.25,1406.25,101
2024-05-02 14:39:00,1406.25,1406.45,1405.2,1406.45,70
2024-05-02 14:40:00,1406.45,1406.8,1406.45,1406.8,29
2024-05-02 14:41:00,1406.8,1406.8,1406.8,1406.8,0
2024-05-02 14:42:00,1406.8,1406.8,1406.4,1406.4,220
2024-05-02 14:43:00,1407.45,1407.7,1407.45,1407.7,48
2024-05-02 14:44:00,1407.7,1408.4,1405.0,1408.4,1375
2024-05-02 14:45:00,1408.4,1408.4,1405.25,1407.0,418
2024-05-02 14:46:00,1407.0,1407.95,1406.25,1407.1,119
2024-05-02 14:47:00,1407.1,1408.1,1407.1,1407.55,5
2024-05-02 14:48:00,1407.55,1407.55,1407.55,1407.55,322
2024-05-02 14:49:00,1407.55,1408.25,1406.65,1408.25,170
2024-05-02 14:50:00,1408.25,1408.25,1408.2,1408.2,17
2024-05-02 14:51:00,1408.2,1408.2,1408.0,1408.0,4
2024-05-02 14:52:00,1408.0,1408.0,1407.95,1408.0,9
2024-05-02 14:53:00,1408.25,1409.0,1408.25,1409.0,349
2024-05-02 14:54:00,1409.3,1410.0,1409.1,1410.0,248
2024-05-02 14:55:00,1410.4,1414.0,1410.05,1412.55,692
2024-05-02 14:56:00,1412.55,1412.55,1411.25,1412.5,180
2024-05-02 14:57:00,1412.5,1414.95,1412.5,1414.95,276
2024-05-02 14:58:00,1414.95,1415.0,1413.05,1414.45,390
2024-05-02 14:59:00,1415.0,1415.9,1413.05,1413.05,194
2024-05-02 15:00:00,1414.0,1414.5,1411.35,1414.3,148
2024-05-02 15:01:00,1414.3,1414.5,1411.7,1411.7,189
2024-05-02 15:02:00,1411.95,1412.7,1411.25,1411.95,186
2024-05-02 15:03:00,1412.25,1414.5,1410.5,1411.2,261
2024-05-02 15:04:00,1410.3,1413.05,1410.0,1411.55,323
2024-05-02 15:05:00,1410.1,1411.7,1408.45,1408.45,414
2024-05-02 15:06:00,1408.85,1410.6,1408.0,1410.05,253
2024-05-02 15:07:00,1410.05,1411.3,1410.05,1410.5,258
2024-05-02 15:08:00,1410.75,1410.75,1409.3,1410.05,146
2024-05-02 15:09:00,1410.1,1411.45,1409.55,1411.45,587
2024-05-02 15:10:00,1411.45,1411.6,1409.55,1409.55,584
2024-05-02 15:11:00,1409.55,1410.15,1407.5,1408.7,311
2024-05-02 15:12:00,1407.5,1407.5,1406.5,1406.5,600
2024-05-02 15:13:00,1406.65,1407.05,1406.2,1406.65,304
2024-05-02 15:14:00,1406.65,1411.2,1406.2,1409.9,1728
2024-05-02 15:15:00,1409.7,1409.7,1405.0,1406.25,1206
2024-05-02 15:16:00,1406.0,1406.2,1405.0,1405.9,489
2024-05-02 15:17:00,1405.75,1405.9,1405.75,1405.85,246
2024-05-02 15:18:00,1405.9,1405.95,1405.85,1405.9,316
2024-05-02 15:19:00,1405.9,1409.15,1405.9,1409.15,240
2024-05-02 15:20:00,1409.8,1411.95,1409.55,1409.55,1231
2024-05-02 15:21:00,1410.35,1410.45,1409.0,1409.8,286
2024-05-02 15:22:00,1409.8,1409.85,1409.05,1409.1,262
2024-05-02 15:23:00,1409.0,1409.35,1409.0,1409.0,246
2024-05-02 15:24:00,1409.0,1409.05,1407.15,1407.7,183
2024-05-02 15:25:00,1407.95,1410.45,1407.95,1410.05,259
2024-05-02 15:26:00,1409.7,1410.05,1408.95,1410.05,139
2024-05-02 15:27:00,1409.75,1411.0,1409.2,1410.3,260
2024-05-02 15:28:00,1410.15,1411.0,1405.0,1410.35,525
2024-05-02 15:29:00,1410.35,1410.35,1405.0,1405.0,337
2024-05-03 09:15:00,1406.3,1410.1,1394.1,1394.1,828
2024-05-03 09:16:00,1394.1,1400.95,1392.75,1400.95,840
2024-05-03 09:17:00,1396.95,1397.95,1392.8,1394.95,542
2024-05-03 09:18:00,1394.95,1398.65,1394.95,1397.2,418
2024-05-03 09:19:00,1399.85,1401.6,1399.3,1399.9,563
2024-05-03 09:20:00,1399.9,1399.95,1397.35,1399.95,260
2024-05-03 09:21:00,1399.95,1399.95,1398.95,1398.95,10
2024-05-03 09:22:00,1399.85,1400.9,1399.3,1400.9,40
2024-05-03 09:23:00,1400.9,1400.95,1399.35,1400.95,34
2024-05-03 09:24:00,1400.95,1400.95,1397.55,1399.25,260
2024-05-03 09:25:00,1399.25,1399.25,1397.5,1397.5,106
2024-05-03 09:26:00,1397.5,1399.2,1397.5,1399.2,5
2024-05-03 09:27:00,1399.2,1399.95,1399.15,1399.95,76
2024-05-03 09:28:00,1400.0,1402.6,1400.0,1402.6,230
2024-05-03 09:29:00,1402.6,1402.6,1402.6,1402.6,119
2024-05-03 09:30:00,1402.6,1402.6,1401.0,1401.0,102
2024-05-03 09:31:00,1400.6,1400.85,1398.7,1400.85,133
2024-05-03 09:32:00,1400.85,1400.85,1398.25,1398.25,105
2024-05-03 09:33:00,1398.25,1398.3,1398.25,1398.3,20
2024-05-03 09:34:00,1399.9,1399.9,1397.8,1399.75,50
2024-05-03 09:35:00,1399.75,1399.75,1398.0,1398.0,79
2024-05-03 09:36:00,1398.0,1398.0,1397.6,1397.7,91
2024-05-03 09:37:00,1397.7,1397.7,1396.55,1396.55,68
2024-05-03 09:38:00,1396.55,1396.6,1396.55,1396.6,4
2024-05-03 09:39:00,1396.55,1396.55,1394.55,1394.55,287
2024-05-03 09:40:00,1394.55,1395.6,1394.4,1395.6,168
2024-05-03 09:41:00,1395.6,1396.0,1395.55,1396.0,83
2024-05-03 09:42:00,1396.0,1397.2,1395.85,1397.2,21
2024-05-03 09:43:00,1397.2,1397.5,1396.05,1396.05,59
2024-05-03 09:44:00,1395.8,1397.45,1395.8,1397.45,58
2024-05-03 09:45:00,1397.45,1397.45,1397.45,1397.45,10
2024-05-03 09:46:00,1397.25,1399.9,1397.25,1399.0,211
2024-05-03 09:47:00,1399.0,1400.4,1399.0,1400.05,111
2024-05-03 09:48:00,1400.05,1400.35,1400.0,1400.0,26
2024-05-03 09:49:00,1400.0,1400.4,1399.1,1399.1,20
2024-05-03 09:50:00,1399.1,1400.3,1399.1,1400.3,0
2024-05-03 09:51:00,1400.3,1400.3,1400.3,1400.3,25
2024-05-03 09:52:00,1400.3,1400.4,1399.35,1400.4,15
2024-05-03 09:53:00,1400.4,1400.4,1400.4,1400.4,1
2024-05-03 09:54:00,1400.4,1402.0,1400.4,1402.0,86
2024-05-03 09:55:00,1402.0,1402.0,1402.0,1402.0,23
2024-05-03 09:56:00,1402.0,1402.0,1400.05,1400.35,101
2024-05-03 09:57:00,1400.35,1402.05,1400.05,1400.05,232
2024-05-03 09:58:00,1400.0,1400.8,1399.15,1399.15,52
2024-05-03 09:59:00,1399.15,1400.0,1399.05,1400.0,11
2024-05-03 10:00:00,1400.0,1400.0,1396.4,1396.4,22
2024-05-03 10:01:00,1396.4,1397.85,1396.15,1397.35,12
2024-05-03 10:02:00,1397.35,1397.35,1396.05,1396.05,6
2024-05-03 10:03:00,1397.35,1397.35,1397.3,1397.3,52
2024-05-03 10:04:00,1396.05,1397.15,1396.05,1397.15,26
2024-05-03 10:05:00,1396.0,1396.25,1396.0,1396.25,26
2024-05-03 10:06:00,1396.25,1396.25,1387.55,1387.55,6426
2024-05-03 10:07:00,1388.8,1394.0,1387.35,1394.0,249
2024-05-03 10:08:00,1394.0,1394.55,1394.0,1394.55,75
2024-05-03 10:09:00,1394.4,1394.4,1392.55,1394.0,43
2024-05-03 10:10:00,1394.0,1395.4,1393.6,1395.0,112
2024-05-03 10:11:00,1395.0,1395.95,1393.85,1395.55,177
2024-05-03 10:12:00,1395.55,1399.95,1395.55,1399.05,171
2024-05-03 10:13:00,1399.05,1400.0,1399.05,1400.0,13
2024-05-03 10:14:00,1400.0,1400.95,1399.0,1399.0,92
2024-05-03 10:15:00,1399.0,1400.95,1399.0,1400.95,416
2024-05-03 10:16:00,1400.95,1400.95,1400.05,1400.05,5
2024-05-03 10:17:00,1400.05,1405.0,1400.05,1405.0,94
2024-05-03 10:18:00,1405.0,1408.0,1405.0,1408.0,698
2024-05-03 10:19:00,1408.0,1408.45,1406.7,1408.45,31
2024-05-03 10:20:00,1408.45,1408.55,1407.25,1408.55,37
2024-05-03 10:21:00,1408.6,1408.6,1406.9,1406.9,364
2024-05-03 10:22:00,1406.9,1406.9,1403.15,1403.15,11
2024-05-03 10:23:00,1403.15,1405.15,1403.15,1405.15,8
2024-05-03 10:24:00,1404.9,1404.9,1403.3,1403.3,2
2024-05-03 10:25:00,1403.3,1403.3,1403.3,1403.3,0
2024-05-03 10:26:00,1405.9,1406.4,1400.5,1400.5,261
2024-05-03 10:27:00,1403.65,1404.1,1400.8,1402.85,226
2024-05-03 10:28:00,1402.85,1402.85,1399.8,1399.8,71
2024-05-03 10:29:00,1399.8,1401.65,1399.8,1401.65,5
2024-05-03 10:30:00,1401.65,1401.65,1399.2,1399.45,92
2024-05-03 10:31:00,1399.45,1401.45,1399.45,1400.15,446
2024-05-03 10:32:00,1400.15,1406.05,1400.15,1403.85,604
2024-05-03 10:33:00,1403.85,1406.65,1403.85,1406.65,344
2024-05-03 10:34:00,1406.65,1406.75,1405.3,1405.3,68
2024-05-03 10:35:00,1405.3,1405.3,1403.25,1403.25,2
2024-05-03 10:36:00,1403.25,1403.25,1401.4,1401.4,10
2024-05-03 10:37:00,1401.4,1404.45,1401.4,1404.1,504
2024-05-03 10:38:00,1404.1,1404.25,1404.0,1404.0,174
2024-05-03 10:39:00,1404.0,1404.0,1401.6,1401.6,167
2024-05-03 10:40:00,1401.6,1404.65,1401.6,1404.65,200
2024-05-03 10:41:00,1402.5,1405.6,1402.5,1405.6,74
2024-05-03 10:42:00,1405.8,1405.8,1405.8,1405.8,5
2024-05-03 10:43:00,1405.8,1405.8,1404.0,1404.0,168
2024-05-03 10:44:00,1404.0,1405.45,1403.95,1405.45,144
2024-05-03 10:45:00,1403.6,1403.6,1403.55,1403.55,59
2024-05-03 10:46:00,1403.55,1403.55,1401.6,1403.4,27
2024-05-03 10:47:00,1403.4,1403.4,1402.95,1402.95,5
2024-05-03 10:48:00,1401.4,1401.4,1401.4,1401.4,15
2024-05-03 10:49:00,1401.4,1401.4,1401.4,1401.4,0
2024-05-03 10:50:00,1401.4,1401.4,1400.15,1400.15,66
2024-05-03 10:51:00,1400.15,1400.15,1400.15,1400.15,0
2024-05-03 10:52:00,1400.15,1400.55,1400.15,1400.55,15
2024-05-03 10:53:00,1402.8,1404.95,1402.8,1404.95,97
2024-05-03 10:54:00,1405.0,1405.0,1403.65,1404.0,157
2024-05-03 10:55:00,1404.0,1404.0,1404.0,1404.0,0
2024-05-03 10:56:00,1404.0,1405.0,1402.8,1402.8,90
2024-05-03 10:57:00,1402.8,1402.8,1401.7,1401.7,6
2024-05-03 10:58:00,1402.0,1407.5,1402.0,1407.5,119
2024-05-03 10:59:00,1407.5,1407.5,1405.55,1405.55,2
2024-05-03 11:00:00,1405.6,1405.6,1403.05,1403.05,60
2024-05-03 11:01:00,1403.05,1403.05,1403.05,1403.05,0
2024-05-03 11:02:00,1403.05,1403.05,1403.05,1403.05,0
2024-05-03 11:03:00,1403.05,1403.05,1402.65,1402.65,84
2024-05-03 11:04:00,1402.65,1402.65,1402.65,1402.65,0
2024-05-03 11:05:00,1402.8,1402.8,1402.8,1402.8,36
2024-05-03 11:06:00,1402.8,1402.8,1402.8,1402.8,2
2024-05-03 11:07:00,1402.6,1404.3,1402.6,1404.3,19
2024-05-03 11:08:00,1404.3,1404.3,1404.3,1404.3,0
2024-05-03 11:09:00,1404.3,1404.3,1404.2,1404.2,0
2024-05-03 11:10:00,1404.2,1404.2,1404.2,1404.2,4
2024-05-03 11:11:00,1404.2,1404.2,1404.2,1404.2,0
2024-05-03 11:12:00,1404.2,1404.2,1404.2,1404.2,5
2024-05-03 11:13:00,1404.2,1404.5,1404.2,1404.5,0
2024-05-03 11:14:00,1404.5,1404.5,1404.5,1404.5,1
2024-05-03 11:15:00,1403.9,1403.9,1403.9,1403.9,8
2024-05-03 11:16:00,1403.9,1405.45,1403.9,1405.3,19
2024-05-03 11:17:00,1405.3,1405.3,1405.3,1405.3,0
2024-05-03 11:18:00,1405.15,1405.7,1403.8,1403.8,85
2024-05-03 11:19:00,1403.8,1403.8,1402.8,1403.05,27
2024-05-03 11:20:00,1403.3,1409.9,1403.3,1408.35,1031
2024-05-03 11:21:00,1408.05,1409.35,1406.05,1406.8,300
2024-05-03 11:22:00,1406.05,1408.4,1406.05,1407.6,155
2024-05-03 11:23:00,1407.6,1408.0,1400.15,1402.3,1993
2024-05-03 11:24:00,1402.3,1402.5,1401.2,1402.0,375
2024-05-03 11:25:00,1401.5,1401.6,1397.5,1398.6,119
2024-05-03 11:26:00,1398.6,1400.4,1397.65,1400.4,122
2024-05-03 11:27:00,1400.5,1400.5,1398.0,1399.0,138
2024-05-03 11:28:00,1398.95,1405.85,1398.0,1405.85,1357
2024-05-03 11:29:00,1405.85,1405.85,1398.05,1398.1,271
2024-05-03 11:30:00,1398.1,1399.75,1398.1,1399.75,21
2024-05-03 11:31:00,1400.55,1400.55,1400.55,1400.55,1
2024-05-03 11:32:00,1400.55,1400.55,1395.2,1398.1,1157
2024-05-03 11:33:00,1398.1,1398.95,1397.25,1398.5,416
2024-05-03 11:34:00,1398.5,1398.5,1398.5,1398.5,0
2024-05-03 11:35:00,1398.5,1398.5,1398.5,1398.5,0
2024-05-03 11:36:00,1398.5,1398.85,1398.0,1398.0,254
2024-05-03 11:37:00,1398.0,1398.25,1396.8,1397.8,59
2024-05-03 11:38:00,1397.8,1397.8,1396.85,1396.85,36
2024-05-03 11:39:00,1396.85,1396.85,1396.85,1396.85,0
2024-05-03 11:40:00,1396.85,1396.85,1396.0,1396.0,2
2024-05-03 11:41:00,1396.0,1396.0,1395.9,1396.0,105
2024-05-03 11:42:00,1396.0,1396.0,1395.75,1395.75,813
2024-05-03 11:43:00,1395.75,1395.75,1395.75,1395.75,8
2024-05-03 11:44:00,1395.75,1395.75,1395.75,1395.75,0
2024-05-03 11:45:00,1395.75,1395.75,1395.75,1395.75,10
2024-05-03 11:46:00,1395.75,1395.75,1395.75,1395.75,18
2024-05-03 11:47:00,1395.75,1397.1,1386.0,1394.8,10034
2024-05-03 11:48:00,1394.8,1395.05,1394.8,1395.05,169
2024-05-03 11:49:00,1396.6,1396.6,1395.1,1395.1,13
2024-05-03 11:50:00,1395.1,1396.1,1395.1,1396.1,251
2024-05-03 11:51:00,1396.1,1396.1,1396.1,1396.1,0
2024-05-03 11:52:00,1396.1,1396.1,1393.4,1393.4,10
2024-05-03 11:53:00,1393.4,1393.6,1391.5,1391.5,73
2024-05-03 11:54:00,1391.5,1397.95,1391.5,1397.95,53
2024-05-03 11:55:00,1396.8,1396.8,1394.05,1394.05,374
2024-05-03 11:56:00,1394.05,1395.3,1393.2,1393.2,33
2024-05-03 11:57:00,1393.2,1395.05,1392.7,1395.05,126
2024-05-03 11:58:00,1395.05,1395.05,1393.95,1393.95,106
2024-05-03 11:59:00,1393.95,1394.1,1392.25,1392.25,121
2024-05-03 12:00:00,1392.25,1392.8,1392.25,1392.75,43
2024-05-03 12:01:00,1392.75,1395.3,1392.75,1394.7,110
2024-05-03 12:02:00,1394.7,1394.7,1394.7,1394.7,343
2024-05-03 12:03:00,1394.7,1394.95,1392.95,1393.25,171
2024-05-03 12:04:00,1393.25,1395.8,1393.25,1393.35,65
2024-05-03 12:05:00,1392.4,1392.4,1390.9,1390.9,12
2024-05-03 12:06:00,1390.9,1393.8,1390.2,1390.2,492
2024-05-03 12:07:00,1390.2,1392.95,1390.2,1392.95,30
2024-05-03 12:08:00,1392.05,1392.05,1392.05,1392.05,28
2024-05-03 12:09:00,1394.05,1394.05,1394.05,1394.05,30
2024-05-03 12:10:00,1394.05,1394.05,1394.05,1394.05,0
2024-05-03 12:11:00,1394.05,1395.1,1394.05,1395.0,103
2024-05-03 12:12:00,1395.0,1395.0,1394.95,1394.95,1
2024-05-03 12:13:00,1394.95,1395.45,1392.0,1393.8,577
2024-05-03 12:14:00,1393.8,1393.8,1393.8,1393.8,0
2024-05-03 12:15:00,1393.8,1393.8,1393.8,1393.8,0
2024-05-03 12:16:00,1393.8,1395.95,1393.8,1395.15,33
2024-05-03 12:17:00,1395.15,1395.4,1393.45,1395.3,365
2024-05-03 12:18:00,1395.3,1395.8,1395.3,1395.8,33
2024-05-03 12:19:00,1395.8,1396.85,1395.8,1396.85,8
2024-05-03 12:20:00,1396.85,1396.95,1396.85,1396.95,17
2024-05-03 12:21:00,1396.95,1396.95,1395.8,1395.8,7
2024-05-03 12:22:00,1395.8,1395.8,1394.3,1394.7,181
2024-05-03 12:23:00,1394.7,1395.85,1393.0,1395.05,586
2024-05-03 12:24:00,1395.05,1395.05,1395.05,1395.05,0
2024-05-03 12:25:00,1395.2,1396.6,1395.2,1396.6,36
2024-05-03 12:26:00,1396.6,1397.85,1396.45,1397.85,309
2024-05-03 12:27:00,1397.85,1398.3,1397.85,1398.1,764
2024-05-03 12:28:00,1397.5,1398.15,1397.5,1398.15,40
2024-05-03 12:29:00,1398.15,1406.8,1398.15,1406.3,1016
2024-05-03 12:30:00,1406.3,1406.3,1406.3,1406.3,0
2024-05-03 12:31:00,1404.35,1405.2,1404.35,1405.2,62
2024-05-03 12:32:00,1405.2,1408.5,1405.2,1408.05,609
2024-05-03 12:33:00,1408.05,1409.0,1408.05,1408.05,58
2024-05-03 12:34:00,1408.0,1414.0,1408.0,1414.0,1211
2024-05-03 12:35:00,1411.05,1411.05,1409.55,1409.55,487
2024-05-03 12:36:00,1409.55,1409.55,1409.55,1409.55,12
2024-05-03 12:37:00,1409.55,1411.05,1409.55,1410.3,60
2024-05-03 12:38:00,1412.05,1412.05,1411.7,1411.7,90
2024-05-03 12:39:00,1411.7,1417.75,1410.95,1417.3,730
2024-05-03 12:40:00,1416.5,1418.0,1416.1,1416.1,1389
2024-05-03 12:41:00,1416.1,1417.3,1414.2,1416.7,139
2024-05-03 12:42:00,1416.7,1416.85,1416.7,1416.85,62
2024-05-03 12:43:00,1416.85,1418.0,1416.85,1417.35,261
2024-05-03 12:44:00,1417.35,1417.35,1417.3,1417.3,9
2024-05-03 12:45:00,1417.3,1419.0,1417.3,1417.45,286
2024-05-03 12:46:00,1415.75,1417.1,1415.7,1417.1,33
2024-05-03 12:47:00,1417.1,1417.55,1417.1,1417.55,158
2024-05-03 12:48:00,1417.25,1417.25,1417.25,1417.25,3
2024-05-03 12:49:00,1417.25,1420.7,1417.25,1420.45,319
2024-05-03 12:50:00,1422.4,1422.4,1418.05,1418.5,275
2024-05-03 12:51:00,1418.5,1418.5,1416.55,1416.55,104
2024-05-03 12:52:00,1416.55,1416.55,1416.2,1416.2,33
2024-05-03 12:53:00,1416.2,1416.2,1414.1,1414.15,780
2024-05-03 12:54:00,1414.15,1414.15,1411.0,1411.0,538
2024-05-03 12:55:00,1411.0,1414.4,1411.0,1414.4,132
2024-05-03 12:56:00,1414.4,1416.45,1411.1,1411.1,301
2024-05-03 12:57:00,1416.0,1416.4,1413.0,1413.0,430
2024-05-03 12:58:00,1413.0,1413.1,1413.0,1413.1,35
2024-05-03 12:59:00,1413.1,1413.1,1413.1,1413.1,22
2024-05-03 13:00:00,1413.1,1415.3,1406.65,1412.75,2239
2024-05-03 13:01:00,1412.75,1413.0,1410.05,1410.05,75
2024-05-03 13:02:00,1410.05,1410.05,1410.05,1410.05,0
2024-05-03 13:03:00,1410.05,1410.05,1408.05,1409.9,206
2024-05-03 13:04:00,1409.9,1409.9,1407.15,1407.15,30
2024-05-03 13:05:00,1407.15,1411.9,1407.15,1411.9,326
2024-05-03 13:06:00,1411.9,1413.95,1411.9,1412.25,347
2024-05-03 13:07:00,1412.25,1415.0,1412.25,1414.45,255
2024-05-03 13:08:00,1414.45,1414.45,1414.45,1414.45,12
2024-05-03 13:09:00,1414.45,1414.45,1412.7,1412.7,4
2024-05-03 13:10:00,1412.7,1412.7,1412.65,1412.65,171
2024-05-03 13:11:00,1412.65,1412.65,1412.65,1412.65,13
2024-05-03 13:12:00,1412.65,1416.7,1412.65,1416.7,116
2024-05-03 13:13:00,1416.7,1416.7,1415.3,1415.3,345
2024-05-03 13:14:00,1415.3,1415.8,1415.0,1415.0,198
2024-05-03 13:15:00,1415.0,1418.0,1415.0,1418.0,669
2024-05-03 13:16:00,1418.0,1418.0,1417.5,1417.5,35
2024-05-03 13:17:00,1417.5,1418.4,1417.5,1418.4,513
2024-05-03 13:18:00,1418.4,1418.95,1418.4,1418.4,250
2024-05-03 13:19:00,1418.4,1418.4,1417.0,1417.0,5
2024-05-03 13:20:00,1417.0,1419.9,1417.0,1418.1,461
2024-05-03 13:21:00,1418.1,1418.6,1418.1,1418.6,223
2024-05-03 13:22:00,1418.6,1418.6,1418.0,1418.0,50
2024-05-03 13:23:00,1418.0,1421.7,1418.0,1421.7,520
2024-05-03 13:24:00,1421.7,1423.1,1420.3,1420.3,981
2024-05-03 13:25:00,1420.3,1420.3,1420.3,1420.3,1
2024-05-03 13:26:00,1420.3,1422.4,1419.8,1422.35,121
2024-05-03 13:27:00,1422.35,1423.45,1422.3,1423.4,204
2024-05-03 13:28:00,1423.85,1423.85,1422.6,1423.4,79
2024-05-03 13:29:00,1423.15,1423.15,1421.05,1422.0,335
2024-05-03 13:30:00,1422.0,1422.4,1421.25,1421.25,45
2024-05-03 13:31:00,1421.25,1423.6,1421.25,1422.9,433
2024-05-03 13:32:00,1422.9,1422.9,1421.2,1421.95,50
2024-05-03 13:33:00,1422.25,1423.45,1422.25,1422.25,14
2024-05-03 13:34:00,1422.25,1423.6,1422.25,1422.25,120
2024-05-03 13:35:00,1422.25,1423.35,1422.25,1423.2,167
2024-05-03 13:36:00,1423.2,1423.2,1422.15,1422.15,180
2024-05-03 13:37:00,1422.15,1422.2,1422.15,1422.2,49
2024-05-03 13:38:00,1422.2,1422.2,1422.0,1422.0,104
2024-05-03 13:39:00,1422.0,1422.0,1417.05,1417.05,330
2024-05-03 13:40:00,1417.0,1419.7,1417.0,1419.05,753
2024-05-03 13:41:00,1419.05,1419.05,1414.1,1415.0,1575
2024-05-03 13:42:00,1415.0,1415.0,1415.0,1415.0,0
2024-05-03 13:43:00,1415.0,1417.0,1415.0,1417.0,237
2024-05-03 13:44:00,1417.0,1417.2,1416.25,1417.2,143
2024-05-03 13:45:00,1417.2,1417.2,1416.4,1416.5,127
2024-05-03 13:46:00,1416.5,1418.0,1416.5,1418.0,57
2024-05-03 13:47:00,1416.85,1416.85,1415.3,1415.3,394
2024-05-03 13:48:00,1415.3,1416.3,1415.3,1415.3,42
2024-05-03 13:49:00,1415.3,1419.0,1415.0,1415.0,1058
2024-05-03 13:50:00,1415.0,1415.0,1415.0,1415.0,50
2024-05-03 13:51:00,1415.0,1416.15,1415.0,1416.15,3
2024-05-03 13:52:00,1416.15,1416.15,1414.7,1415.9,1134
2024-05-03 13:53:00,1415.9,1415.9,1415.9,1415.9,1
2024-05-03 13:54:00,1415.9,1415.9,1415.45,1415.45,150
2024-05-03 13:55:00,1415.45,1417.8,1415.45,1416.9,28
2024-05-03 13:56:00,1416.9,1417.35,1416.9,1417.35,149
2024-05-03 13:57:00,1417.35,1418.65,1416.45,1416.6,397
2024-05-03 13:58:00,1416.6,1417.2,1416.6,1417.2,71
2024-05-03 13:59:00,1416.9,1416.9,1415.4,1415.4,559
2024-05-03 14:00:00,1415.4,1416.95,1415.4,1416.15,93
2024-05-03 14:01:00,1416.15,1417.55,1416.15,1416.5,280
2024-05-03 14:02:00,1416.5,1416.9,1416.5,1416.9,1
2024-05-03 14:03:00,1416.9,1416.9,1416.9,1416.9,0
2024-05-03 14:04:00,1416.9,1417.25,1416.9,1417.25,9
2024-05-03 14:05:00,1417.25,1417.5,1416.55,1416.6,304
2024-05-03 14:06:00,1416.6,1416.6,1416.6,1416.6,0
2024-05-03 14:07:00,1417.0,1417.05,1416.45,1416.5,98
2024-05-03 14:08:00,1416.5,1416.95,1416.5,1416.95,168
2024-05-03 14:09:00,1416.95,1416.95,1416.65,1416.65,14
2024-05-03 14:10:00,1416.65,1416.65,1415.4,1416.15,419
2024-05-03 14:11:00,1416.15,1416.15,1415.25,1416.0,40
2024-05-03 14:12:00,1415.25,1415.9,1415.25,1415.9,275
2024-05-03 14:13:00,1415.9,1415.9,1415.9,1415.9,0
2024-05-03 14:14:00,1415.9,1416.15,1415.9,1416.0,61
2024-05-03 14:15:00,1416.0,1416.0,1416.0,1416.0,10
2024-05-03 14:16:00,1416.0,1416.75,1416.0,1416.75,264
2024-05-03 14:17:00,1416.75,1416.75,1415.05,1415.05,29
2024-05-03 14:18:00,1415.05,1416.05,1415.0,1415.0,167
2024-05-03 14:19:00,1415.0,1415.6,1414.15,1415.6,16
2024-05-03 14:20:00,1415.6,1415.6,1414.7,1415.4,2840
2024-05-03 14:21:00,1415.4,1417.55,1415.0,1416.45,2510
2024-05-03 14:22:00,1416.45,1416.6,1416.45,1416.6,138
2024-05-03 14:23:00,1416.6,1416.9,1416.6,1416.6,180
2024-05-03 14:24:00,1416.6,1416.6,1416.35,1416.35,1
2024-05-03 14:25:00,1416.35,1416.35,1415.0,1415.85,311
2024-05-03 14:26:00,1415.85,1415.85,1415.0,1415.4,55
2024-05-03 14:27:00,1415.4,1415.8,1415.05,1415.8,437
2024-05-03 14:28:00,1415.8,1415.8,1415.8,1415.8,0
2024-05-03 14:29:00,1415.8,1418.45,1415.8,1418.45,266
2024-05-03 14:30:00,1418.45,1418.45,1418.1,1418.1,187
2024-05-03 14:31:00,1418.1,1419.4,1418.1,1418.1,98
2024-05-03 14:32:00,1419.65,1419.65,1415.15,1415.2,290
2024-05-03 14:33:00,1415.2,1415.2,1415.2,1415.2,5
2024-05-03 14:34:00,1416.75,1418.9,1416.75,1418.9,55
2024-05-03 14:35:00,1418.9,1418.9,1416.6,1416.6,201
2024-05-03 14:36:00,1416.6,1418.3,1416.6,1418.3,127
2024-05-03 14:37:00,1418.3,1418.3,1418.3,1418.3,19
2024-05-03 14:38:00,1418.3,1419.3,1415.1,1416.5,393
2024-05-03 14:39:00,1416.5,1416.5,1416.45,1416.45,5
2024-05-03 14:40:00,1416.45,1417.7,1416.45,1417.7,302
2024-05-03 14:41:00,1417.7,1417.7,1417.7,1417.7,2
2024-05-03 14:42:00,1417.7,1419.1,1417.7,1417.75,235
2024-05-03 14:43:00,1417.75,1418.25,1417.75,1417.8,242
2024-05-03 14:44:00,1416.3,1417.25,1415.4,1415.4,11
2024-05-03 14:45:00,1415.4,1416.8,1415.4,1416.8,21
2024-05-03 14:46:00,1416.8,1419.65,1416.8,1417.05,445
2024-05-03 14:47:00,1417.05,1417.05,1417.05,1417.05,1
2024-05-03 14:48:00,1417.05,1417.75,1417.05,1417.75,60
2024-05-03 14:49:00,1417.75,1420.7,1417.75,1419.8,283
2024-05-03 14:50:00,1419.8,1419.8,1416.95,1416.95,578
2024-05-03 14:51:00,1416.95,1417.4,1415.0,1416.8,195
2024-05-03 14:52:00,1416.8,1417.0,1416.8,1417.0,25
2024-05-03 14:53:00,1417.0,1418.95,1417.0,1418.95,66
2024-05-03 14:54:00,1418.95,1419.55,1418.9,1419.55,290
2024-05-03 14:55:00,1419.55,1419.55,1417.95,1419.4,97
2024-05-03 14:56:00,1419.4,1420.25,1416.2,1416.2,496
2024-05-03 14:57:00,1416.2,1417.9,1416.2,1417.9,49
2024-05-03 14:58:00,1417.9,1419.15,1416.0,1417.2,224
2024-05-03 14:59:00,1417.2,1419.6,1415.0,1418.4,368
2024-05-03 15:00:00,1416.7,1418.85,1416.7,1418.85,110
2024-05-03 15:01:00,1418.45,1418.9,1415.8,1415.8,301
2024-05-03 15:02:00,1415.8,1417.35,1415.35,1416.85,329
2024-05-03 15:03:00,1415.25,1417.95,1415.25,1417.45,243
2024-05-03 15:04:00,1417.45,1418.25,1417.4,1417.5,227
2024-05-03 15:05:00,1417.5,1419.9,1417.5,1419.9,120
2024-05-03 15:06:00,1419.9,1419.9,1417.45,1419.85,342
2024-05-03 15:07:00,1419.85,1419.85,1417.25,1418.3,194
2024-05-03 15:08:00,1418.3,1418.7,1417.8,1418.7,206
2024-05-03 15:09:00,1418.7,1418.85,1417.25,1418.45,156
2024-05-03 15:10:00,1418.45,1418.45,1417.0,1417.0,286
2024-05-03 15:11:00,1417.25,1417.25,1415.3,1417.0,315
2024-05-03 15:12:00,1417.0,1418.05,1415.0,1416.55,376
2024-05-03 15:13:00,1416.7,1417.55,1415.0,1415.1,358
2024-05-03 15:14:00,1415.1,1415.55,1414.95,1415.2,599
2024-05-03 15:15:00,1415.2,1417.3,1415.0,1416.1,520
2024-05-03 15:16:00,1416.1,1416.1,1415.0,1415.95,569
2024-05-03 15:17:00,1415.95,1418.0,1415.95,1417.5,225
2024-05-03 15:18:00,1417.5,1417.5,1413.3,1415.8,720
2024-05-03 15:19:00,1415.0,1417.55,1410.15,1410.15,4086
2024-05-03 15:20:00,1410.15,1410.65,1408.2,1409.05,295
2024-05-03 15:21:00,1409.05,1409.05,1408.95,1409.05,252
2024-05-03 15:22:00,1409.05,1410.8,1409.05,1410.8,154
2024-05-03 15:23:00,1410.8,1412.3,1408.0,1411.05,797
2024-05-03 15:24:00,1411.05,1413.1,1408.3,1413.1,257
2024-05-03 15:25:00,1413.7,1415.6,1411.0,1412.85,309
2024-05-03 15:26:00,1412.85,1412.85,1408.6,1409.0,382
2024-05-03 15:27:00,1409.0,1409.0,1408.25,1408.55,128
2024-05-03 15:28:00,1408.55,1408.55,1404.5,1404.5,660
2024-05-03 15:29:00,1406.45,1410.0,1405.0,1410.0,273
2024-05-06 09:15:00,1414.85,1415.95,1408.1,1410.5,488
2024-05-06 09:16:00,1410.5,1410.5,1406.05,1406.05,205
2024-05-06 09:17:00,1406.05,1406.05,1406.0,1406.05,111
2024-05-06 09:18:00,1406.05,1409.7,1406.05,1409.45,29
2024-05-06 09:19:00,1409.45,1410.1,1406.05,1406.05,202
2024-05-06 09:20:00,1406.05,1406.05,1402.0,1402.0,249
2024-05-06 09:21:00,1402.0,1404.7,1400.0,1400.0,244
2024-05-06 09:22:00,1400.0,1401.75,1398.5,1401.1,248
2024-05-06 09:23:00,1399.05,1401.9,1399.05,1401.0,147
2024-05-06 09:24:00,1398.5,1400.85,1398.5,1400.85,76
2024-05-06 09:25:00,1400.85,1401.2,1398.5,1400.2,101
2024-05-06 09:26:00,1400.2,1400.2,1400.2,1400.2,0
2024-05-06 09:27:00,1401.3,1404.95,1400.85,1404.95,221
2024-05-06 09:28:00,1404.95,1405.45,1403.25,1403.25,85
2024-05-06 09:29:00,1403.25,1406.4,1403.25,1403.4,99
2024-05-06 09:30:00,1403.4,1406.9,1403.4,1404.4,137
2024-05-06 09:31:00,1404.4,1406.3,1404.4,1406.3,8
2024-05-06 09:32:00,1406.3,1406.75,1404.7,1406.75,2
2024-05-06 09:33:00,1404.7,1404.7,1404.25,1404.25,38
2024-05-06 09:34:00,1404.3,1404.3,1400.25,1400.25,282
2024-05-06 09:35:00,1400.25,1400.25,1400.25,1400.25,0
2024-05-06 09:36:00,1400.25,1400.25,1398.0,1398.0,225
2024-05-06 09:37:00,1398.0,1398.0,1395.9,1397.95,1115
2024-05-06 09:38:00,1397.95,1398.4,1396.05,1396.05,257
2024-05-06 09:39:00,1396.05,1396.05,1393.1,1395.0,295
2024-05-06 09:40:00,1395.0,1395.0,1392.35,1392.35,12
2024-05-06 09:41:00,1392.35,1392.35,1391.0,1391.0,157
2024-05-06 09:42:00,1391.0,1391.45,1389.05,1391.45,281
2024-05-06 09:43:00,1391.45,1392.35,1390.05,1390.05,57
2024-05-06 09:44:00,1390.05,1392.35,1390.05,1392.35,38
2024-05-06 09:45:00,1394.1,1396.65,1393.8,1395.95,673
2024-05-06 09:46:00,1395.95,1395.95,1393.2,1395.8,116
2024-05-06 09:47:00,1393.05,1395.4,1391.45,1391.45,51
2024-05-06 09:48:00,1391.45,1394.95,1391.45,1392.55,130
2024-05-06 09:49:00,1392.55,1394.4,1392.55,1394.4,22
2024-05-06 09:50:00,1395.2,1395.2,1393.4,1393.4,18
2024-05-06 09:51:00,1393.4,1395.6,1393.4,1395.6,22
2024-05-06 09:52:00,1395.6,1395.6,1395.55,1395.6,13
2024-05-06 09:53:00,1395.6,1395.6,1393.05,1393.05,198
2024-05-06 09:54:00,1393.05,1393.05,1393.05,1393.05,0
2024-05-06 09:55:00,1393.05,1393.95,1392.0,1393.9,17
2024-05-06 09:56:00,1393.9,1395.95,1393.05,1395.1,348
2024-05-06 09:57:00,1395.1,1395.1,1395.1,1395.1,0
2024-05-06 09:58:00,1395.1,1395.1,1394.85,1394.85,1
2024-05-06 09:59:00,1394.85,1394.85,1392.6,1392.6,52
2024-05-06 10:00:00,1393.55,1394.4,1392.1,1392.1,105
2024-05-06 10:01:00,1392.1,1394.6,1392.1,1392.7,18
2024-05-06 10:02:00,1394.2,1394.2,1392.65,1392.65,2
2024-05-06 10:03:00,1392.65,1392.8,1392.65,1392.8,4
2024-05-06 10:04:00,1392.8,1392.8,1392.8,1392.8,0
2024-05-06 10:05:00,1392.8,1393.0,1392.8,1392.8,15
2024-05-06 10:06:00,1392.8,1393.4,1389.05,1392.25,473
2024-05-06 10:07:00,1392.25,1392.25,1387.8,1387.8,428
2024-05-06 10:08:00,1388.9,1388.9,1385.1,1388.4,337
2024-05-06 10:09:00,1388.4,1388.8,1388.4,1388.8,5
2024-05-06 10:10:00,1388.8,1389.95,1387.6,1389.8,438
2024-05-06 10:11:00,1389.8,1389.8,1388.05,1388.05,50
2024-05-06 10:12:00,1388.05,1391.55,1388.05,1391.55,5
2024-05-06 10:13:00,1391.55,1392.0,1391.55,1392.0,120
2024-05-06 10:14:00,1392.3,1393.95,1390.75,1392.6,725
2024-05-06 10:15:00,1392.6,1397.95,1392.6,1397.95,683
2024-05-06 10:16:00,1397.25,1398.45,1395.55,1398.45,216
2024-05-06 10:17:00,1398.45,1398.55,1398.0,1398.0,145
2024-05-06 10:18:00,1398.0,1398.0,1397.9,1397.9,1
2024-05-06 10:19:00,1397.9,1398.15,1397.9,1398.15,0
2024-05-06 10:20:00,1398.15,1399.45,1397.8,1399.45,102
2024-05-06 10:21:00,1399.45,1399.45,1396.8,1396.8,40
2024-05-06 10:22:00,1396.8,1396.85,1396.55,1396.55,18
2024-05-06 10:23:00,1396.55,1398.8,1396.55,1398.8,15
2024-05-06 10:24:00,1398.8,1398.8,1398.8,1398.8,0
2024-05-06 10:25:00,1398.8,1400.9,1398.8,1400.9,354
2024-05-06 10:26:00,1400.9,1401.3,1400.9,1401.3,1
2024-05-06 10:27:00,1401.3,1401.35,1401.3,1401.35,13
2024-05-06 10:28:00,1401.35,1403.9,1401.35,1403.9,38
2024-05-06 10:29:00,1403.9,1403.9,1401.3,1401.3,65
2024-05-06 10:30:00,1401.3,1401.3,1401.0,1401.0,209
2024-05-06 10:31:00,1401.0,1401.0,1400.4,1400.4,100
2024-05-06 10:32:00,1400.4,1402.9,1400.4,1402.9,11
2024-05-06 10:33:00,1402.9,1402.9,1402.9,1402.9,0
2024-05-06 10:34:00,1402.9,1402.9,1400.15,1400.15,27
2024-05-06 10:35:00,1400.15,1400.15,1400.1,1400.1,95
2024-05-06 10:36:00,1400.1,1400.1,1400.05,1400.05,240
2024-05-06 10:37:00,1400.05,1402.1,1400.05,1402.1,103
2024-05-06 10:38:00,1402.1,1402.55,1400.1,1402.55,49
2024-05-06 10:39:00,1402.55,1402.55,1402.4,1402.4,1
2024-05-06 10:40:00,1402.4,1402.4,1402.4,1402.4,0
2024-05-06 10:41:00,1402.4,1402.7,1400.75,1400.9,9
2024-05-06 10:42:00,1400.9,1400.9,1400.9,1400.9,0
2024-05-06 10:43:00,1400.9,1402.8,1400.9,1402.8,4
2024-05-06 10:44:00,1402.8,1405.95,1402.8,1405.95,1224
2024-05-06 10:45:00,1405.95,1406.0,1405.65,1405.7,41
2024-05-06 10:46:00,1405.7,1405.95,1403.8,1403.8,197
2024-05-06 10:47:00,1403.8,1403.8,1403.25,1403.25,36
2024-05-06 10:48:00,1403.25,1403.25,1402.85,1402.85,5
2024-05-06 10:49:00,1402.85,1402.85,1402.85,1402.85,0
2024-05-06 10:50:00,1402.85,1402.85,1402.85,1402.85,0
2024-05-06 10:51:00,1402.85,1405.25,1402.85,1405.25,2
2024-05-06 10:52:00,1405.25,1405.25,1405.25,1405.25,0
2024-05-06 10:53:00,1405.25,1405.25,1405.25,1405.25,1
2024-05-06 10:54:00,1405.25,1405.25,1405.25,1405.25,0
2024-05-06 10:55:00,1405.25,1405.55,1405.25,1405.55,1
2024-05-06 10:56:00,1405.55,1406.95,1405.55,1406.95,80
2024-05-06 10:57:00,1406.85,1406.85,1405.35,1405.35,28
2024-05-06 10:58:00,1405.35,1405.35,1405.35,1405.35,37
2024-05-06 10:59:00,1405.35,1405.5,1403.2,1403.2,170
2024-05-06 11:00:00,1403.2,1403.2,1403.2,1403.2,18
2024-05-06 11:01:00,1403.2,1405.0,1403.2,1405.0,5
2024-05-06 11:02:00,1405.0,1405.5,1405.0,1405.5,50
2024-05-06 11:03:00,1405.5,1405.5,1405.5,1405.5,0
2024-05-06 11:04:00,1405.5,1405.5,1405.35,1405.35,4
2024-05-06 11:05:00,1405.35,1405.5,1404.2,1405.5,30
2024-05-06 11:06:00,1405.5,1405.8,1405.5,1405.8,15
2024-05-06 11:07:00,1405.8,1405.8,1405.8,1405.8,0
2024-05-06 11:08:00,1405.8,1405.8,1404.2,1404.2,5
2024-05-06 11:09:00,1404.2,1404.2,1404.2,1404.2,0
2024-05-06 11:10:00,1404.2,1404.2,1403.2,1403.2,3
2024-05-06 11:11:00,1403.2,1403.2,1403.2,1403.2,67
2024-05-06 11:12:00,1403.2,1403.2,1403.2,1403.2,12
2024-05-06 11:13:00,1403.2,1404.2,1403.2,1403.2,6
2024-05-06 11:14:00,1403.2,1403.2,1403.2,1403.2,1
2024-05-06 11:15:00,1403.2,1403.2,1403.2,1403.2,0
2024-05-06 11:16:00,1403.2,1403.2,1403.2,1403.2,0
2024-05-06 11:17:00,1403.2,1403.2,1403.2,1403.2,0
2024-05-06 11:18:00,1403.2,1403.8,1403.2,1403.8,45
2024-05-06 11:19:00,1403.8,1403.8,1403.8,1403.8,0
2024-05-06 11:20:00,1403.8,1403.8,1403.65,1403.65,1
2024-05-06 11:21:00,1403.65,1403.65,1401.85,1403.35,168
2024-05-06 11:22:00,1403.35,1403.35,1403.35,1403.35,0
2024-05-06 11:23:00,1403.35,1403.35,1400.65,1400.65,15
2024-05-06 11:24:00,1400.65,1400.65,1400.0,1400.05,233
2024-05-06 11:25:00,1400.05,1400.05,1400.05,1400.05,1
2024-05-06 11:26:00,1400.05,1401.0,1399.0,1401.0,741
2024-05-06 11:27:00,1401.0,1401.75,1401.0,1401.75,3
2024-05-06 11:28:00,1401.75,1403.2,1401.1,1401.1,28
2024-05-06 11:29:00,1401.1,1401.1,1400.4,1400.4,25
2024-05-06 11:30:00,1399.85,1399.85,1399.85,1399.85,27
2024-05-06 11:31:00,1399.85,1399.85,1396.25,1396.5,1754
2024-05-06 11:32:00,1396.5,1396.5,1395.25,1395.25,15
2024-05-06 11:33:00,1395.25,1395.25,1395.25,1395.25,12
2024-05-06 11:34:00,1395.25,1396.5,1395.25,1396.5,1
2024-05-06 11:35:00,1396.5,1396.9,1396.5,1396.9,20
2024-05-06 11:36:00,1396.9,1396.9,1396.9,1396.9,0
2024-05-06 11:37:00,1396.9,1399.0,1396.9,1399.0,75
2024-05-06 11:38:00,1399.0,1399.0,1395.25,1397.85,133
2024-05-06 11:39:00,1397.85,1397.85,1397.85,1397.85,0
2024-05-06 11:40:00,1397.85,1397.85,1395.4,1395.4,10
2024-05-06 11:41:00,1395.4,1395.4,1395.4,1395.4,1
2024-05-06 11:42:00,1395.4,1397.5,1395.4,1397.5,2
2024-05-06 11:43:00,1397.5,1397.5,1397.5,1397.5,0
2024-05-06 11:44:00,1397.5,1397.5,1395.65,1395.65,20
2024-05-06 11:45:00,1395.65,1398.3,1395.65,1398.3,24
2024-05-06 11:46:00,1398.3,1398.7,1398.3,1398.7,37
2024-05-06 11:47:00,1398.7,1398.7,1397.95,1397.95,1
2024-05-06 11:48:00,1397.95,1397.95,1397.05,1397.05,25
2024-05-06 11:49:00,1397.05,1397.95,1397.05,1397.95,1
2024-05-06 11:50:00,1397.95,1397.95,1397.0,1397.0,4
2024-05-06 11:51:00,1397.0,1397.0,1396.05,1397.0,27
2024-05-06 11:52:00,1397.0,1397.0,1395.75,1395.75,14
2024-05-06 11:53:00,1395.75,1395.75,1395.7,1395.75,48
2024-05-06 11:54:00,1395.75,1397.85,1395.75,1397.85,50
2024-05-06 11:55:00,1397.85,1397.85,1397.15,1397.15,1
2024-05-06 11:56:00,1397.15,1397.65,1395.75,1397.65,12
2024-05-06 11:57:00,1397.65,1397.65,1396.95,1396.95,42
2024-05-06 11:58:00,1396.95,1397.2,1396.95,1397.2,1
2024-05-06 11:59:00,1397.2,1397.2,1397.2,1397.2,0
2024-05-06 12:00:00,1397.2,1398.65,1397.2,1397.7,11
2024-05-06 12:01:00,1397.7,1399.65,1397.7,1399.65,1
2024-05-06 12:02:00,1399.65,1399.65,1398.05,1398.05,4
2024-05-06 12:03:00,1398.05,1398.05,1398.05,1398.05,0
2024-05-06 12:04:00,1398.05,1399.95,1398.05,1398.1,51
2024-05-06 12:05:00,1398.1,1399.75,1398.1,1399.75,61
2024-05-06 12:06:00,1399.75,1399.75,1399.65,1399.65,10
2024-05-06 12:07:00,1399.65,1399.65,1398.05,1398.05,5
2024-05-06 12:08:00,1398.05,1398.05,1398.05,1398.05,0
2024-05-06 12:09:00,1399.45,1399.5,1399.45,1399.5,25
2024-05-06 12:10:00,1399.5,1399.5,1398.05,1398.05,3
2024-05-06 12:11:00,1399.45,1399.45,1399.45,1399.45,1
2024-05-06 12:12:00,1399.45,1399.45,1398.05,1398.1,29
2024-05-06 12:13:00,1398.1,1399.95,1398.1,1399.95,72
2024-05-06 12:14:00,1399.95,1399.95,1398.1,1398.1,4
2024-05-06 12:15:00,1398.1,1399.85,1398.1,1399.85,35
2024-05-06 12:16:00,1399.85,1399.85,1399.85,1399.85,0
2024-05-06 12:17:00,1399.85,1399.85,1398.1,1398.1,19
2024-05-06 12:18:00,1398.1,1399.45,1398.1,1398.1,14
2024-05-06 12:19:00,1398.1,1398.1,1398.1,1398.1,0
2024-05-06 12:20:00,1398.1,1399.25,1397.6,1397.6,26
2024-05-06 12:21:00,1397.6,1397.65,1397.25,1397.25,32
2024-05-06 12:22:00,1397.25,1397.3,1396.8,1396.8,29
2024-05-06 12:23:00,1396.2,1397.6,1395.05,1397.6,135
2024-05-06 12:24:00,1397.6,1397.6,1397.6,1397.6,0
2024-05-06 12:25:00,1397.6,1397.6,1397.6,1397.6,0
2024-05-06 12:26:00,1397.6,1397.6,1397.5,1397.5,1
2024-05-06 12:27:00,1397.5,1397.5,1397.5,1397.5,0
2024-05-06 12:28:00,1397.5,1397.5,1397.5,1397.5,0
2024-05-06 12:29:00,1397.5,1397.5,1397.35,1397.35,13
2024-05-06 12:30:00,1397.35,1397.35,1397.35,1397.35,1
2024-05-06 12:31:00,1397.35,1397.35,1396.55,1396.55,22
2024-05-06 12:32:00,1396.55,1397.1,1395.05,1397.1,15
2024-05-06 12:33:00,1397.1,1397.1,1397.1,1397.1,1
2024-05-06 12:34:00,1397.1,1397.1,1397.1,1397.1,0
2024-05-06 12:35:00,1397.1,1397.1,1397.1,1397.1,0
2024-05-06 12:36:00,1397.1,1397.55,1395.35,1395.35,3
2024-05-06 12:37:00,1395.35,1395.35,1395.35,1395.35,0
2024-05-06 12:38:00,1395.35,1395.35,1395.35,1395.35,0
2024-05-06 12:39:00,1395.35,1397.4,1395.35,1397.15,11
2024-05-06 12:40:00,1397.15,1397.15,1397.0,1397.0,1
2024-05-06 12:41:00,1397.0,1397.0,1396.25,1396.25,12
2024-05-06 12:42:00,1396.25,1396.25,1395.05,1395.05,62
2024-05-06 12:43:00,1395.05,1395.85,1395.05,1395.85,10
2024-05-06 12:44:00,1395.85,1397.7,1395.85,1397.7,1
2024-05-06 12:45:00,1397.7,1397.7,1396.05,1397.0,52
2024-05-06 12:46:00,1397.0,1398.0,1397.0,1398.0,200
2024-05-06 12:47:00,1398.0,1398.0,1398.0,1398.0,0
2024-05-06 12:48:00,1398.0,1398.0,1398.0,1398.0,0
2024-05-06 12:49:00,1398.0,1398.0,1395.05,1395.05,150
2024-05-06 12:50:00,1395.05,1395.05,1395.05,1395.05,0
2024-05-06 12:51:00,1395.05,1395.1,1395.05,1395.1,18
2024-05-06 12:52:00,1395.1,1395.1,1395.1,1395.1,0
2024-05-06 12:53:00,1395.1,1395.1,1395.1,1395.1,0
2024-05-06 12:54:00,1395.1,1397.4,1395.1,1397.4,50
2024-05-06 12:55:00,1397.4,1397.4,1397.4,1397.4,0
2024-05-06 12:56:00,1397.4,1397.4,1396.1,1396.1,1
2024-05-06 12:57:00,1396.1,1398.0,1396.1,1398.0,1
2024-05-06 12:58:00,1398.0,1398.0,1398.0,1398.0,7
2024-05-06 12:59:00,1398.0,1398.0,1398.0,1398.0,1
2024-05-06 13:00:00,1398.0,1398.0,1398.0,1398.0,0
2024-05-06 13:01:00,1398.0,1398.0,1396.65,1396.65,2
2024-05-06 13:02:00,1396.65,1396.65,1396.65,1396.65,0
2024-05-06 13:03:00,1396.65,1396.65,1396.65,1396.65,0
2024-05-06 13:04:00,1396.65,1398.0,1396.65,1398.0,5
2024-05-06 13:05:00,1398.0,1398.0,1398.0,1398.0,50
2024-05-06 13:06:00,1398.0,1398.0,1398.0,1398.0,0
2024-05-06 13:07:00,1398.0,1398.0,1398.0,1398.0,100
2024-05-06 13:08:00,1398.0,1398.0,1398.0,1398.0,11
2024-05-06 13:09:00,1398.0,1398.0,1397.7,1397.7,6
2024-05-06 13:10:00,1397.7,1397.7,1397.7,1397.7,0
2024-05-06 13:11:00,1397.7,1398.0,1395.45,1395.45,29
2024-05-06 13:12:00,1395.45,1395.45,1393.05,1395.0,832
2024-05-06 13:13:00,1395.0,1395.0,1395.0,1395.0,0
2024-05-06 13:14:00,1395.0,1395.0,1395.0,1395.0,0
2024-05-06 13:15:00,1395.0,1395.0,1395.0,1395.0,0
2024-05-06 13:16:00,1395.0,1395.0,1395.0,1395.0,0
2024-05-06 13:17:00,1395.0,1395.0,1395.0,1395.0,0
2024-05-06 13:18:00,1395.15,1395.15,1395.15,1395.15,20
2024-05-06 13:19:00,1395.15,1395.15,1395.1,1395.1,1
2024-05-06 13:20:00,1395.1,1395.1,1395.0,1395.0,4
2024-05-06 13:21:00,1395.0,1395.0,1391.0,1391.0,135
2024-05-06 13:22:00,1391.0,1391.0,1391.0,1391.0,0
2024-05-06 13:23:00,1391.0,1391.0,1391.0,1391.0,0
2024-05-06 13:24:00,1391.0,1391.0,1391.0,1391.0,0
2024-05-06 13:25:00,1391.0,1391.4,1391.0,1391.4,5
2024-05-06 13:26:00,1391.4,1392.2,1391.4,1392.2,1
2024-05-06 13:27:00,1392.2,1393.65,1392.2,1393.65,50
2024-05-06 13:28:00,1393.65,1394.0,1393.65,1394.0,50
2024-05-06 13:29:00,1394.0,1394.0,1394.0,1394.0,0
2024-05-06 13:30:00,1394.0,1394.0,1393.75,1393.75,16
2024-05-06 13:31:00,1393.75,1394.95,1393.75,1394.95,146
2024-05-06 13:32:00,1394.95,1394.95,1392.2,1393.1,184
2024-05-06 13:33:00,1393.1,1393.1,1393.1,1393.1,0
2024-05-06 13:34:00,1393.1,1393.95,1392.0,1392.0,150
2024-05-06 13:35:00,1392.0,1392.0,1392.0,1392.0,0
2024-05-06 13:36:00,1392.0,1392.0,1392.0,1392.0,0
2024-05-06 13:37:00,1392.0,1392.0,1392.0,1392.0,0
2024-05-06 13:38:00,1392.0,1392.0,1391.45,1391.45,50
2024-05-06 13:39:00,1391.45,1391.45,1391.45,1391.45,0
2024-05-06 13:40:00,1391.45,1391.45,1391.45,1391.45,0
2024-05-06 13:41:00,1391.45,1391.45,1391.45,1391.45,0
2024-05-06 13:42:00,1391.45,1392.95,1391.45,1392.95,36
2024-05-06 13:43:00,1392.95,1393.15,1392.95,1393.15,5
2024-05-06 13:44:00,1393.15,1393.15,1393.15,1393.15,0
2024-05-06 13:45:00,1393.15,1393.15,1392.05,1392.05,97
2024-05-06 13:46:00,1392.05,1392.05,1392.05,1392.05,0
2024-05-06 13:47:00,1392.05,1392.05,1392.05,1392.05,0
2024-05-06 13:48:00,1392.05,1393.55,1392.05,1393.55,3
2024-05-06 13:49:00,1393.55,1393.55,1392.9,1393.0,58
2024-05-06 13:50:00,1393.0,1393.95,1392.05,1392.05,111
2024-05-06 13:51:00,1392.05,1394.75,1392.05,1394.75,110
2024-05-06 13:52:00,1394.75,1394.75,1392.75,1392.75,15
2024-05-06 13:53:00,1392.75,1392.75,1392.75,1392.75,0
2024-05-06 13:54:00,1392.75,1392.75,1392.75,1392.75,0
2024-05-06 13:55:00,1392.75,1392.75,1392.75,1392.75,0
2024-05-06 13:56:00,1392.75,1392.75,1392.75,1392.75,0
2024-05-06 13:57:00,1392.75,1392.75,1392.75,1392.75,0
2024-05-06 13:58:00,1392.75,1392.75,1392.0,1392.0,5
2024-05-06 13:59:00,1392.0,1392.0,1386.0,1386.0,257
2024-05-06 14:00:00,1386.0,1386.0,1385.0,1385.0,695
2024-05-06 14:01:00,1386.0,1386.6,1386.0,1386.6,112
2024-05-06 14:02:00,1386.6,1386.6,1386.6,1386.6,0
2024-05-06 14:03:00,1386.6,1388.1,1386.6,1386.6,190
2024-05-06 14:04:00,1386.6,1388.3,1386.6,1388.3,10
2024-05-06 14:05:00,1388.3,1388.3,1388.3,1388.3,0
2024-05-06 14:06:00,1389.75,1390.55,1389.75,1390.55,9
2024-05-06 14:07:00,1390.55,1390.55,1390.55,1390.55,0
2024-05-06 14:08:00,1390.55,1390.55,1390.55,1390.55,0
2024-05-06 14:09:00,1390.55,1390.55,1390.55,1390.55,0
2024-05-06 14:10:00,1390.55,1390.55,1390.55,1390.55,0
2024-05-06 14:11:00,1390.55,1390.55,1385.55,1385.55,428
2024-05-06 14:12:00,1385.55,1387.2,1385.55,1387.2,5
2024-05-06 14:13:00,1387.2,1387.2,1387.2,1387.2,0
2024-05-06 14:14:00,1387.2,1387.2,1387.2,1387.2,0
2024-05-06 14:15:00,1386.2,1386.45,1385.05,1386.45,153
2024-05-06 14:16:00,1386.45,1387.45,1386.45,1387.45,79
2024-05-06 14:17:00,1387.45,1387.45,1385.1,1385.1,41
2024-05-06 14:18:00,1385.1,1388.75,1385.1,1388.75,34
2024-05-06 14:19:00,1388.75,1389.9,1388.75,1389.9,322
2024-05-06 14:20:00,1389.9,1389.9,1387.6,1388.15,29
2024-05-06 14:21:00,1388.15,1388.15,1388.15,1388.15,0
2024-05-06 14:22:00,1388.15,1388.15,1388.15,1388.15,0
2024-05-06 14:23:00,1388.15,1388.15,1388.15,1388.15,0
2024-05-06 14:24:00,1387.05,1387.05,1384.9,1385.2,198
2024-05-06 14:25:00,1385.2,1387.05,1385.2,1387.0,3
2024-05-06 14:26:00,1387.0,1387.0,1387.0,1387.0,0
2024-05-06 14:27:00,1387.0,1387.0,1385.0,1385.0,129
2024-05-06 14:28:00,1385.0,1386.6,1385.0,1386.6,11
2024-05-06 14:29:00,1386.6,1386.75,1386.6,1386.75,12
2024-05-06 14:30:00,1386.75,1389.1,1386.75,1389.1,38
2024-05-06 14:31:00,1389.1,1389.1,1386.7,1388.65,82
2024-05-06 14:32:00,1388.65,1388.65,1387.1,1387.1,1
2024-05-06 14:33:00,1387.1,1390.25,1387.1,1390.25,612
2024-05-06 14:34:00,1390.25,1390.25,1390.25,1390.25,0
2024-05-06 14:35:00,1390.25,1391.0,1390.25,1391.0,9
2024-05-06 14:36:00,1391.0,1391.0,1390.95,1390.95,1
2024-05-06 14:37:00,1390.95,1391.95,1390.8,1390.8,154
2024-05-06 14:38:00,1390.8,1390.8,1390.8,1390.8,0
2024-05-06 14:39:00,1390.8,1391.05,1390.8,1391.05,6
2024-05-06 14:40:00,1391.05,1392.9,1391.05,1391.05,27
2024-05-06 14:41:00,1391.05,1391.05,1391.05,1391.05,0
2024-05-06 14:42:00,1391.05,1392.7,1390.05,1390.05,70
2024-05-06 14:43:00,1390.05,1391.6,1389.6,1391.6,19
2024-05-06 14:44:00,1391.6,1391.6,1390.0,1390.0,33
2024-05-06 14:45:00,1390.0,1390.05,1390.0,1390.0,50
2024-05-06 14:46:00,1390.0,1390.05,1390.0,1390.05,7
2024-05-06 14:47:00,1390.05,1391.6,1390.05,1390.45,43
2024-05-06 14:48:00,1390.45,1390.45,1390.1,1390.1,184
2024-05-06 14:49:00,1390.1,1390.1,1390.1,1390.1,3
2024-05-06 14:50:00,1390.1,1391.85,1390.0,1391.85,151
2024-05-06 14:51:00,1391.85,1391.85,1391.85,1391.85,0
2024-05-06 14:52:00,1391.25,1391.6,1390.0,1391.6,47
2024-05-06 14:53:00,1391.6,1391.6,1391.6,1391.6,29
2024-05-06 14:54:00,1391.75,1391.75,1391.75,1391.75,3
2024-05-06 14:55:00,1391.75,1391.75,1390.0,1390.2,7
2024-05-06 14:56:00,1390.2,1392.2,1390.2,1390.95,308
2024-05-06 14:57:00,1390.95,1390.95,1390.95,1390.95,0
2024-05-06 14:58:00,1390.95,1392.95,1390.95,1392.0,50
2024-05-06 14:59:00,1392.0,1392.1,1392.0,1392.1,126
2024-05-06 15:00:00,1392.1,1394.95,1392.0,1393.2,692
2024-05-06 15:01:00,1393.2,1397.15,1393.2,1397.15,208
2024-05-06 15:02:00,1396.5,1399.4,1396.5,1398.2,681
2024-05-06 15:03:00,1397.2,1399.85,1392.0,1393.8,753
2024-05-06 15:04:00,1393.8,1396.3,1393.0,1396.3,1037
2024-05-06 15:05:00,1396.3,1396.8,1394.15,1394.15,190
2024-05-06 15:06:00,1394.15,1396.8,1394.15,1395.65,125
2024-05-06 15:07:00,1395.65,1396.95,1394.8,1395.55,211
2024-05-06 15:08:00,1395.55,1396.95,1394.4,1396.2,73
2024-05-06 15:09:00,1396.2,1396.2,1394.6,1394.6,122
2024-05-06 15:10:00,1394.6,1396.2,1394.6,1396.15,81
2024-05-06 15:11:00,1396.15,1396.15,1394.15,1395.5,185
2024-05-06 15:12:00,1393.55,1394.35,1392.05,1393.0,173
2024-05-06 15:13:00,1393.0,1393.0,1392.05,1393.0,20
2024-05-06 15:14:00,1393.0,1393.0,1392.05,1393.0,172
2024-05-06 15:15:00,1393.0,1393.15,1393.0,1393.15,248
2024-05-06 15:16:00,1393.15,1394.1,1392.6,1392.6,220
2024-05-06 15:17:00,1392.0,1392.0,1390.0,1391.5,314
2024-05-06 15:18:00,1391.5,1394.3,1390.0,1393.5,250
2024-05-06 15:19:00,1392.45,1394.95,1392.25,1394.95,157
2024-05-06 15:20:00,1394.95,1394.95,1392.15,1393.15,173
2024-05-06 15:21:00,1393.15,1393.15,1391.15,1392.75,101
2024-05-06 15:22:00,1392.75,1395.95,1392.75,1395.15,192
2024-05-06 15:23:00,1395.15,1395.45,1392.65,1395.0,162
2024-05-06 15:24:00,1395.0,1397.15,1391.95,1395.65,318
2024-05-06 15:25:00,1395.65,1396.9,1392.1,1395.7,216
2024-05-06 15:26:00,1395.7,1402.95,1393.2,1402.95,1803
2024-05-06 15:27:00,1402.95,1403.0,1400.0,1400.0,522
2024-05-06 15:28:00,1400.0,1400.05,1399.3,1400.0,657
2024-05-06 15:29:00,1400.0,1404.0,1400.0,1404.0,171
2024-05-07 09:15:00,1395.95,1403.3,1395.95,1399.15,126
2024-05-07 09:16:00,1399.15,1399.15,1395.55,1397.3,32
2024-05-07 09:17:00,1397.3,1397.7,1395.8,1397.7,5
2024-05-07 09:18:00,1397.7,1397.7,1397.7,1397.7,0
2024-05-07 09:19:00,1397.7,1397.7,1395.8,1397.7,16
2024-05-07 09:20:00,1397.7,1397.7,1386.05,1390.95,569
2024-05-07 09:21:00,1390.95,1391.35,1388.85,1388.85,12
2024-05-07 09:22:00,1388.85,1393.75,1386.95,1392.8,239
2024-05-07 09:23:00,1392.8,1395.2,1392.55,1392.55,53
2024-05-07 09:24:00,1392.55,1393.25,1390.7,1390.7,45
2024-05-07 09:25:00,1390.7,1390.7,1389.1,1389.1,71
2024-05-07 09:26:00,1390.25,1390.25,1389.05,1389.65,102
2024-05-07 09:27:00,1389.65,1389.65,1387.4,1387.4,24
2024-05-07 09:28:00,1387.4,1387.4,1387.4,1387.4,0
2024-05-07 09:29:00,1387.4,1389.1,1387.4,1389.1,50
2024-05-07 09:30:00,1389.1,1389.65,1389.0,1389.65,116
2024-05-07 09:31:00,1389.65,1389.65,1389.0,1389.0,17
2024-05-07 09:32:00,1389.0,1389.0,1387.4,1388.0,84
2024-05-07 09:33:00,1388.0,1388.0,1388.0,1388.0,61
2024-05-07 09:34:00,1388.0,1388.0,1388.0,1388.0,3
2024-05-07 09:35:00,1388.0,1388.0,1386.95,1388.0,14
2024-05-07 09:36:00,1388.0,1388.0,1386.3,1386.3,261
2024-05-07 09:37:00,1386.3,1387.65,1386.2,1386.2,7
2024-05-07 09:38:00,1386.2,1387.25,1385.75,1387.25,11
2024-05-07 09:39:00,1387.25,1387.3,1386.0,1386.0,8
2024-05-07 09:40:00,1386.0,1386.0,1386.0,1386.0,29
2024-05-07 09:41:00,1386.75,1389.75,1386.2,1389.75,161
2024-05-07 09:42:00,1389.75,1389.75,1389.75,1389.75,0
2024-05-07 09:43:00,1389.75,1389.75,1389.75,1389.75,14
2024-05-07 09:44:00,1389.75,1392.95,1389.75,1392.95,60
2024-05-07 09:45:00,1392.95,1392.95,1390.8,1390.8,1
2024-05-07 09:46:00,1390.8,1390.8,1390.8,1390.8,1
2024-05-07 09:47:00,1390.8,1392.9,1390.05,1392.4,162
2024-05-07 09:48:00,1392.4,1396.7,1392.4,1393.5,28
2024-05-07 09:49:00,1393.5,1395.95,1388.2,1388.2,710
2024-05-07 09:50:00,1388.2,1392.5,1386.9,1392.5,618
2024-05-07 09:51:00,1393.0,1395.05,1393.0,1395.0,268
2024-05-07 09:52:00,1395.0,1397.65,1392.0,1397.65,1292
2024-05-07 09:53:00,1397.6,1397.6,1397.5,1397.5,113
2024-05-07 09:54:00,1397.5,1399.0,1396.85,1399.0,1095
2024-05-07 09:55:00,1399.0,1399.0,1397.9,1397.9,14
2024-05-07 09:56:00,1397.9,1400.55,1397.9,1400.15,189
2024-05-07 09:57:00,1400.15,1400.2,1400.15,1400.2,2
2024-05-07 09:58:00,1400.2,1403.95,1400.2,1403.95,310
2024-05-07 09:59:00,1403.95,1404.0,1402.85,1404.0,8
2024-05-07 10:00:00,1404.0,1404.25,1404.0,1404.25,78
2024-05-07 10:01:00,1404.25,1404.25,1400.05,1401.95,38
2024-05-07 10:02:00,1401.95,1401.95,1400.15,1400.15,30
2024-05-07 10:03:00,1400.15,1400.35,1400.15,1400.35,12
2024-05-07 10:04:00,1400.35,1400.35,1400.35,1400.35,0
2024-05-07 10:05:00,1400.35,1403.0,1400.35,1403.0,63
2024-05-07 10:06:00,1403.0,1403.0,1402.45,1402.45,3
2024-05-07 10:07:00,1402.45,1402.45,1402.45,1402.45,18
2024-05-07 10:08:00,1402.45,1402.45,1400.35,1400.35,4
2024-05-07 10:09:00,1400.35,1400.35,1400.3,1400.3,18
2024-05-07 10:10:00,1400.3,1400.3,1400.3,1400.3,0
2024-05-07 10:11:00,1400.3,1401.45,1400.05,1400.05,185
2024-05-07 10:12:00,1400.05,1400.1,1400.05,1400.1,1
2024-05-07 10:13:00,1400.05,1401.0,1400.05,1400.1,35
2024-05-07 10:14:00,1400.1,1400.1,1400.1,1400.1,0
2024-05-07 10:15:00,1400.1,1401.6,1400.1,1401.6,1
2024-05-07 10:16:00,1401.6,1401.6,1401.6,1401.6,1
2024-05-07 10:17:00,1401.6,1401.6,1401.6,1401.6,1
2024-05-07 10:18:00,1401.6,1401.6,1401.6,1401.6,0
2024-05-07 10:19:00,1401.6,1401.6,1401.6,1401.6,1
2024-05-07 10:20:00,1401.6,1401.6,1401.0,1401.0,2
2024-05-07 10:21:00,1401.0,1401.0,1401.0,1401.0,0
2024-05-07 10:22:00,1401.0,1401.0,1401.0,1401.0,0
2024-05-07 10:23:00,1401.0,1401.0,1400.0,1400.0,246
2024-05-07 10:24:00,1400.0,1400.0,1396.2,1396.2,120
2024-05-07 10:25:00,1395.7,1396.2,1395.25,1395.25,69
2024-05-07 10:26:00,1395.1,1395.1,1395.1,1395.1,10
2024-05-07 10:27:00,1395.1,1395.95,1395.05,1395.95,64
2024-05-07 10:28:00,1395.95,1395.95,1395.95,1395.95,0
2024-05-07 10:29:00,1395.95,1396.0,1395.05,1395.05,23
2024-05-07 10:30:00,1395.05,1396.0,1395.05,1395.15,1
2024-05-07 10:31:00,1395.15,1396.85,1395.15,1396.8,10
2024-05-07 10:32:00,1396.8,1396.8,1395.0,1395.0,6
2024-05-07 10:33:00,1395.0,1395.0,1395.0,1395.0,18
2024-05-07 10:34:00,1395.0,1396.55,1395.0,1396.55,5
2024-05-07 10:35:00,1396.55,1396.55,1396.55,1396.55,0
2024-05-07 10:36:00,1396.55,1396.55,1395.0,1395.0,199
2024-05-07 10:37:00,1395.0,1395.0,1395.0,1395.0,3
2024-05-07 10:38:00,1395.0,1395.0,1395.0,1395.0,4
2024-05-07 10:39:00,1395.0,1395.0,1395.0,1395.0,1
2024-05-07 10:40:00,1395.0,1396.9,1395.0,1396.9,36
2024-05-07 10:41:00,1396.9,1396.9,1396.9,1396.9,0
2024-05-07 10:42:00,1396.9,1396.9,1396.9,1396.9,21
2024-05-07 10:43:00,1396.9,1397.0,1396.65,1396.65,14
2024-05-07 10:44:00,1396.65,1397.9,1396.65,1397.9,20
2024-05-07 10:45:00,1397.9,1397.9,1395.9,1395.9,2
2024-05-07 10:46:00,1395.9,1397.25,1395.9,1397.05,26
2024-05-07 10:47:00,1397.05,1397.35,1396.0,1396.0,37
2024-05-07 10:48:00,1396.0,1396.0,1396.0,1396.0,12
2024-05-07 10:49:00,1396.0,1396.0,1395.05,1395.05,31
2024-05-07 10:50:00,1395.0,1396.0,1395.0,1396.0,86
2024-05-07 10:51:00,1396.0,1396.1,1396.0,1396.1,8
2024-05-07 10:53:00,1396.1,1396.1,1395.55,1395.55,1
2024-05-07 10:54:00,1395.55,1395.55,1395.55,1395.55,0
2024-05-07 10:55:00,1395.55,1395.55,1395.0,1395.55,11
2024-05-07 10:56:00,1395.55,1395.55,1395.55,1395.55,0
2024-05-07 10:57:00,1395.75,1395.75,1395.55,1395.55,19
2024-05-07 10:58:00,1395.0,1395.0,1395.0,1395.0,1
2024-05-07 10:59:00,1395.0,1395.0,1395.0,1395.0,24
2024-05-07 11:00:00,1395.0,1395.0,1395.0,1395.0,0
2024-05-07 11:01:00,1395.0,1395.0,1395.0,1395.0,20
2024-05-07 11:02:00,1395.0,1395.0,1395.0,1395.0,2
2024-05-07 11:03:00,1395.0,1395.0,1395.0,1395.0,3
2024-05-07 11:04:00,1395.0,1395.0,1395.0,1395.0,0
2024-05-07 11:05:00,1395.25,1395.25,1393.05,1393.05,392
2024-05-07 11:06:00,1393.05,1395.0,1393.05,1395.0,293
2024-05-07 11:07:00,1395.0,1395.0,1395.0,1395.0,0
2024-05-07 11:08:00,1395.0,1395.0,1395.0,1395.0,13
2024-05-07 11:09:00,1395.0,1395.0,1395.0,1395.0,6
2024-05-07 11:10:00,1395.9,1396.1,1395.9,1396.1,163
2024-05-07 11:11:00,1396.1,1396.4,1396.1,1396.4,1
2024-05-07 11:12:00,1397.1,1397.3,1395.45,1395.45,12
2024-05-07 11:13:00,1395.45,1395.7,1395.45,1395.7,1
2024-05-07 11:14:00,1395.3,1395.3,1395.3,1395.3,25
2024-05-07 11:15:00,1395.3,1395.3,1395.3,1395.3,0
2024-05-07 11:16:00,1395.3,1395.3,1395.0,1395.0,67
2024-05-07 11:17:00,1395.0,1396.95,1395.0,1395.0,99
2024-05-07 11:18:00,1395.0,1395.0,1395.0,1395.0,0
2024-05-07 11:19:00,1395.0,1395.0,1395.0,1395.0,135
2024-05-07 11:20:00,1395.0,1395.0,1395.0,1395.0,429
2024-05-07 11:21:00,1395.0,1395.0,1395.0,1395.0,0
2024-05-07 11:22:00,1395.0,1395.85,1395.0,1395.85,0
2024-05-07 11:23:00,1395.85,1395.85,1395.0,1395.0,47
2024-05-07 11:24:00,1395.0,1395.0,1395.0,1395.0,105
2024-05-07 11:25:00,1395.0,1395.0,1395.0,1395.0,77
2024-05-07 11:26:00,1395.0,1395.2,1395.0,1395.0,44
2024-05-07 11:27:00,1395.0,1395.0,1393.0,1393.0,1208
2024-05-07 11:28:00,1395.8,1395.8,1395.8,1395.8,347
2024-05-07 11:29:00,1396.15,1398.55,1396.15,1398.55,109
2024-05-07 11:30:00,1398.55,1398.55,1398.55,1398.55,0
2024-05-07 11:31:00,1398.55,1399.95,1397.75,1397.75,55
2024-05-07 11:32:00,1398.0,1398.95,1398.0,1398.5,4
2024-05-07 11:33:00,1399.85,1399.85,1396.7,1396.7,208
2024-05-07 11:34:00,1396.7,1397.5,1395.05,1395.05,61
2024-05-07 11:35:00,1395.05,1395.05,1395.0,1395.0,90
2024-05-07 11:36:00,1395.0,1396.85,1395.0,1396.85,1
2024-05-07 11:37:00,1396.85,1396.85,1396.85,1396.85,0
2024-05-07 11:38:00,1395.0,1396.9,1395.0,1396.0,105
2024-05-07 11:39:00,1396.0,1396.0,1395.0,1396.0,33
2024-05-07 11:40:00,1396.0,1396.95,1396.0,1396.95,21
2024-05-07 11:41:00,1396.95,1396.95,1395.05,1395.05,100
2024-05-07 11:42:00,1395.05,1396.85,1395.05,1396.85,1
2024-05-07 11:43:00,1396.85,1398.4,1396.85,1398.4,57
2024-05-07 11:44:00,1398.4,1399.45,1398.4,1398.6,22
2024-05-07 11:45:00,1398.6,1398.6,1398.6,1398.6,3
2024-05-07 11:46:00,1398.6,1398.6,1396.45,1396.45,21
2024-05-07 11:47:00,1396.45,1397.0,1396.45,1397.0,1
2024-05-07 11:48:00,1397.0,1397.0,1397.0,1397.0,0
2024-05-07 11:49:00,1398.55,1398.55,1398.55,1398.55,1
2024-05-07 11:50:00,1398.55,1398.55,1398.55,1398.55,0
2024-05-07 11:51:00,1397.65,1397.65,1397.65,1397.65,1
2024-05-07 11:52:00,1397.65,1398.95,1397.5,1397.5,37
2024-05-07 11:53:00,1397.5,1398.9,1397.5,1398.9,1
2024-05-07 11:54:00,1398.9,1398.95,1397.5,1397.5,18
2024-05-07 11:55:00,1397.5,1398.9,1397.5,1398.9,6
2024-05-07 11:56:00,1398.9,1398.9,1398.9,1398.9,0
2024-05-07 11:57:00,1398.9,1398.9,1398.9,1398.9,1
2024-05-07 11:58:00,1398.9,1398.9,1398.9,1398.9,1
2024-05-07 11:59:00,1398.9,1401.0,1398.85,1400.85,329
2024-05-07 12:00:00,1400.85,1403.5,1400.85,1400.9,187
2024-05-07 12:01:00,1400.9,1400.9,1399.55,1399.55,1
2024-05-07 12:02:00,1399.55,1399.55,1397.05,1397.05,11
2024-05-07 12:03:00,1397.05,1397.75,1395.6,1397.75,101
2024-05-07 12:04:00,1397.75,1398.45,1396.0,1398.45,88
2024-05-07 12:05:00,1398.45,1398.45,1397.45,1397.45,56
2024-05-07 12:06:00,1397.45,1399.65,1397.45,1399.65,1
2024-05-07 12:07:00,1399.65,1399.65,1399.65,1399.65,0
2024-05-07 12:08:00,1399.65,1401.0,1399.65,1401.0,160
2024-05-07 12:09:00,1401.0,1402.95,1401.0,1402.05,376
2024-05-07 12:10:00,1402.05,1402.05,1401.8,1401.9,3
2024-05-07 12:11:00,1401.9,1402.15,1401.9,1402.15,1
2024-05-07 12:12:00,1402.15,1402.15,1398.05,1398.05,653
2024-05-07 12:13:00,1398.05,1399.65,1398.05,1399.65,23
2024-05-07 12:14:00,1399.65,1401.6,1399.65,1401.6,16
2024-05-07 12:15:00,1401.6,1401.6,1397.05,1397.05,600
2024-05-07 12:16:00,1397.05,1399.3,1396.8,1399.3,31
2024-05-07 12:17:00,1399.3,1399.3,1399.3,1399.3,0
2024-05-07 12:18:00,1399.3,1399.3,1399.25,1399.25,1
2024-05-07 12:19:00,1399.25,1399.25,1397.5,1397.5,1
2024-05-07 12:20:00,1397.5,1399.3,1397.5,1399.3,1
2024-05-07 12:21:00,1399.3,1399.3,1399.3,1399.3,0
2024-05-07 12:22:00,1399.3,1399.3,1399.15,1399.15,12
2024-05-07 12:23:00,1399.15,1399.15,1397.2,1399.1,6
2024-05-07 12:24:00,1399.1,1399.15,1399.1,1399.15,27
2024-05-07 12:25:00,1399.15,1399.15,1399.15,1399.15,1
2024-05-07 12:26:00,1399.15,1399.15,1399.15,1399.15,0
2024-05-07 12:27:00,1399.15,1399.15,1398.6,1398.6,2
2024-05-07 12:28:00,1397.15,1397.15,1397.15,1397.15,5
2024-05-07 12:29:00,1397.15,1399.35,1397.15,1399.35,191
2024-05-07 12:30:00,1399.35,1399.35,1399.3,1399.35,34
2024-05-07 12:31:00,1399.35,1399.35,1399.35,1399.35,0
2024-05-07 12:32:00,1399.35,1399.35,1399.35,1399.35,0
2024-05-07 12:33:00,1399.35,1399.35,1399.35,1399.35,0
2024-05-07 12:34:00,1399.35,1399.35,1399.35,1399.35,0
2024-05-07 12:35:00,1399.35,1399.35,1396.05,1396.95,37
2024-05-07 12:36:00,1396.95,1396.95,1396.95,1396.95,0
2024-05-07 12:37:00,1396.95,1398.85,1396.5,1398.8,258
2024-05-07 12:38:00,1398.8,1398.8,1398.8,1398.8,5
2024-05-07 12:39:00,1398.8,1398.8,1397.0,1397.0,6
2024-05-07 12:40:00,1397.0,1397.0,1397.0,1397.0,0
2024-05-07 12:41:00,1396.15,1398.05,1396.05,1396.05,59
2024-05-07 12:42:00,1396.05,1396.05,1396.05,1396.05,0
2024-05-07 12:43:00,1396.05,1396.05,1396.05,1396.05,0
2024-05-07 12:44:00,1396.05,1396.05,1396.05,1396.05,0
2024-05-07 12:45:00,1396.5,1398.0,1396.5,1398.0,40
2024-05-07 12:46:00,1398.0,1398.0,1395.0,1395.0,569
2024-05-07 12:47:00,1395.0,1396.4,1395.0,1396.4,23
2024-05-07 12:48:00,1396.4,1396.4,1396.4,1396.4,0
2024-05-07 12:49:00,1396.4,1396.4,1395.0,1396.3,80
2024-05-07 12:50:00,1396.3,1396.65,1395.0,1396.65,25
2024-05-07 12:51:00,1396.65,1397.2,1395.85,1395.85,85
2024-05-07 12:52:00,1395.85,1395.85,1395.85,1395.85,0
2024-05-07 12:53:00,1395.85,1395.85,1395.85,1395.85,0
2024-05-07 12:54:00,1395.85,1395.85,1395.85,1395.85,0
2024-05-07 12:55:00,1395.85,1395.85,1395.0,1395.0,8
2024-05-07 12:56:00,1395.0,1395.85,1395.0,1395.85,27
2024-05-07 12:57:00,1395.85,1395.85,1395.85,1395.85,3
2024-05-07 12:58:00,1395.85,1395.85,1395.05,1395.05,1
2024-05-07 12:59:00,1395.05,1397.9,1395.0,1397.9,186
2024-05-07 13:00:00,1397.9,1397.9,1397.9,1397.9,0
2024-05-07 13:01:00,1397.9,1397.9,1397.9,1397.9,0
2024-05-07 13:02:00,1397.9,1397.9,1395.0,1396.65,117
2024-05-07 13:03:00,1396.65,1396.65,1395.0,1395.0,202
2024-05-07 13:04:00,1395.05,1396.45,1395.05,1395.75,23
2024-05-07 13:05:00,1395.75,1395.75,1395.75,1395.75,1
2024-05-07 13:06:00,1395.75,1395.75,1395.75,1395.75,0
2024-05-07 13:07:00,1395.75,1395.75,1395.75,1395.75,0
2024-05-07 13:08:00,1395.75,1395.75,1395.0,1395.75,15
2024-05-07 13:09:00,1395.75,1396.4,1395.75,1396.4,13
2024-05-07 13:10:00,1396.4,1396.4,1396.4,1396.4,0
2024-05-07 13:11:00,1396.4,1396.4,1396.4,1396.4,0
2024-05-07 13:12:00,1396.4,1396.4,1396.4,1396.4,0
2024-05-07 13:13:00,1396.4,1396.4,1396.4,1396.4,0
2024-05-07 13:14:00,1396.4,1396.4,1396.4,1396.4,0
2024-05-07 13:15:00,1396.4,1396.4,1396.4,1396.4,0
2024-05-07 13:16:00,1396.4,1396.4,1395.1,1396.4,12
2024-05-07 13:17:00,1396.4,1396.55,1395.05,1396.55,20
2024-05-07 13:18:00,1396.55,1397.05,1396.0,1397.05,34
2024-05-07 13:19:00,1397.05,1397.05,1397.05,1397.05,1
2024-05-07 13:20:00,1397.5,1397.95,1397.25,1397.25,20
2024-05-07 13:21:00,1397.25,1398.05,1396.5,1398.05,54
2024-05-07 13:22:00,1398.05,1398.05,1396.9,1398.0,28
2024-05-07 13:23:00,1398.0,1398.5,1398.0,1398.5,10
2024-05-07 13:24:00,1398.5,1398.5,1398.5,1398.5,0
2024-05-07 13:25:00,1398.5,1398.5,1398.5,1398.5,1
2024-05-07 13:26:00,1398.5,1399.0,1398.5,1398.9,84
2024-05-07 13:27:00,1398.9,1399.3,1398.9,1399.3,4
2024-05-07 13:28:00,1399.3,1399.3,1399.3,1399.3,3
2024-05-07 13:30:00,1398.5,1399.1,1396.8,1398.45,28
2024-05-07 13:31:00,1398.45,1398.45,1396.65,1396.65,3
2024-05-07 13:32:00,1396.65,1397.0,1396.65,1397.0,1
2024-05-07 13:33:00,1397.0,1397.0,1397.0,1397.0,0
2024-05-07 13:34:00,1397.0,1397.0,1397.0,1397.0,0
2024-05-07 13:35:00,1397.0,1397.0,1397.0,1397.0,0
2024-05-07 13:36:00,1397.0,1397.0,1395.0,1395.2,49
2024-05-07 13:37:00,1396.9,1396.9,1396.9,1396.9,1
2024-05-07 13:38:00,1396.9,1396.9,1396.9,1396.9,0
2024-05-07 13:39:00,1396.9,1396.9,1396.9,1396.9,0
2024-05-07 13:40:00,1396.9,1396.9,1396.9,1396.9,0
2024-05-07 13:41:00,1396.9,1397.3,1395.45,1397.3,20
2024-05-07 13:42:00,1397.5,1398.95,1397.45,1397.45,77
2024-05-07 13:43:00,1397.45,1398.85,1397.45,1398.85,3
2024-05-07 13:44:00,1398.85,1398.85,1398.85,1398.85,0
2024-05-07 13:45:00,1398.85,1399.0,1398.85,1399.0,8
2024-05-07 13:46:00,1399.0,1399.0,1397.45,1397.5,21
2024-05-07 13:47:00,1397.5,1397.5,1397.5,1397.5,0
2024-05-07 13:48:00,1397.5,1398.85,1397.5,1398.85,2
2024-05-07 13:49:00,1398.85,1398.85,1398.85,1398.85,0
2024-05-07 13:50:00,1398.85,1398.85,1398.85,1398.85,0
2024-05-07 13:51:00,1398.85,1398.85,1398.85,1398.85,0
2024-05-07 13:52:00,1396.8,1400.85,1396.8,1400.85,388
2024-05-07 13:53:00,1400.85,1400.85,1400.75,1400.75,1
2024-05-07 13:54:00,1400.75,1401.6,1400.75,1401.6,173
2024-05-07 13:55:00,1401.6,1401.6,1401.6,1401.6,19
2024-05-07 13:56:00,1401.6,1401.6,1401.6,1401.6,3
2024-05-07 13:57:00,1401.6,1404.05,1401.6,1404.05,103
2024-05-07 13:58:00,1404.2,1404.25,1404.2,1404.25,46
2024-05-07 13:59:00,1404.25,1404.25,1404.25,1404.25,0
2024-05-07 14:00:00,1404.25,1404.25,1404.2,1404.2,4
2024-05-07 14:01:00,1404.2,1404.2,1404.2,1404.2,0
2024-05-07 14:02:00,1404.2,1404.2,1402.2,1404.2,56
2024-05-07 14:03:00,1404.2,1404.2,1402.95,1404.2,11
2024-05-07 14:04:00,1404.2,1404.75,1404.2,1404.6,55
2024-05-07 14:05:00,1404.6,1404.6,1404.6,1404.6,1
2024-05-07 14:06:00,1404.6,1404.6,1402.25,1404.35,89
2024-05-07 14:07:00,1404.35,1405.0,1402.0,1403.8,928
2024-05-07 14:08:00,1403.8,1403.8,1403.75,1403.75,12
2024-05-07 14:09:00,1403.75,1403.75,1403.75,1403.75,1
2024-05-07 14:10:00,1403.75,1403.75,1402.95,1402.95,1
2024-05-07 14:11:00,1403.0,1403.0,1403.0,1403.0,17
2024-05-07 14:12:00,1403.0,1403.0,1403.0,1403.0,0
2024-05-07 14:13:00,1403.0,1403.0,1403.0,1403.0,1
2024-05-07 14:14:00,1403.0,1403.0,1403.0,1403.0,0
2024-05-07 14:15:00,1403.0,1403.0,1403.0,1403.0,12
2024-05-07 14:16:00,1403.0,1403.0,1401.9,1403.0,8
2024-05-07 14:17:00,1403.0,1403.0,1403.0,1403.0,0
2024-05-07 14:18:00,1403.0,1403.0,1403.0,1403.0,0
2024-05-07 14:19:00,1403.0,1403.0,1403.0,1403.0,38
2024-05-07 14:20:00,1403.0,1403.0,1403.0,1403.0,0
2024-05-07 14:21:00,1403.0,1403.0,1403.0,1403.0,0
2024-05-07 14:22:00,1403.0,1403.0,1403.0,1403.0,22
2024-05-07 14:23:00,1403.0,1403.0,1403.0,1403.0,1
2024-05-07 14:24:00,1403.0,1403.0,1403.0,1403.0,0
2024-05-07 14:25:00,1403.0,1403.0,1403.0,1403.0,0
2024-05-07 14:26:00,1403.0,1403.0,1403.0,1403.0,3
2024-05-07 14:27:00,1403.0,1403.0,1403.0,1403.0,22
2024-05-07 14:28:00,1403.0,1403.0,1403.0,1403.0,0
2024-05-07 14:29:00,1403.0,1403.0,1403.0,1403.0,11
2024-05-07 14:30:00,1403.0,1403.0,1403.0,1403.0,0
2024-05-07 14:31:00,1403.0,1403.0,1403.0,1403.0,0
2024-05-07 14:32:00,1403.0,1403.0,1402.95,1402.95,4
2024-05-07 14:33:00,1402.95,1402.95,1402.95,1402.95,4
2024-05-07 14:34:00,1402.95,1402.95,1402.0,1402.0,4
2024-05-07 14:35:00,1402.0,1402.0,1402.0,1402.0,0
2024-05-07 14:36:00,1402.0,1402.55,1401.05,1402.55,116
2024-05-07 14:37:00,1402.55,1404.5,1402.55,1404.5,236
2024-05-07 14:38:00,1403.25,1403.25,1403.0,1403.0,8
2024-05-07 14:39:00,1403.0,1404.95,1403.0,1404.95,56
2024-05-07 14:40:00,1404.95,1404.95,1404.1,1404.1,4
2024-05-07 14:41:00,1404.1,1404.1,1404.1,1404.1,0
2024-05-07 14:42:00,1404.1,1404.1,1404.1,1404.1,0
2024-05-07 14:43:00,1404.1,1404.1,1404.1,1404.1,0
2024-05-07 14:44:00,1404.1,1406.1,1404.1,1406.1,0
2024-05-07 14:45:00,1404.15,1406.1,1401.0,1402.5,529
2024-05-07 14:46:00,1400.55,1400.55,1400.0,1400.05,459
2024-05-07 14:47:00,1400.0,1401.95,1397.25,1400.0,1540
2024-05-07 14:48:00,1400.0,1400.8,1398.05,1400.0,2595
2024-05-07 14:49:00,1400.0,1400.8,1400.0,1400.8,45
2024-05-07 14:50:00,1400.8,1403.3,1400.8,1402.2,485
2024-05-07 14:51:00,1400.6,1401.65,1400.05,1401.65,37
2024-05-07 14:52:00,1401.65,1401.65,1401.65,1401.65,0
2024-05-07 14:53:00,1401.65,1401.65,1401.65,1401.65,0
2024-05-07 14:54:00,1401.65,1401.8,1400.45,1400.45,71
2024-05-07 14:55:00,1400.45,1401.8,1400.1,1401.8,26
2024-05-07 14:56:00,1401.8,1401.8,1400.45,1400.75,27
2024-05-07 14:57:00,1400.75,1400.75,1400.75,1400.75,0
2024-05-07 14:58:00,1400.75,1402.1,1400.75,1402.1,5
2024-05-07 14:59:00,1402.1,1402.1,1400.8,1400.8,4
2024-05-07 15:00:00,1401.85,1405.2,1401.85,1404.9,179
2024-05-07 15:01:00,1404.9,1406.05,1404.55,1405.0,241
2024-05-07 15:02:00,1405.0,1407.0,1405.0,1407.0,71
2024-05-07 15:03:00,1407.0,1409.5,1407.0,1408.1,340
2024-05-07 15:04:00,1408.1,1408.4,1406.85,1407.45,195
2024-05-07 15:05:00,1408.8,1410.0,1408.8,1409.2,80
2024-05-07 15:06:00,1409.2,1410.0,1404.05,1405.8,976
2024-05-07 15:07:00,1406.25,1409.9,1406.25,1409.9,171
2024-05-07 15:08:00,1409.85,1409.95,1408.0,1409.9,118
2024-05-07 15:09:00,1409.75,1410.55,1409.75,1410.55,747
2024-05-07 15:10:00,1410.3,1411.0,1409.25,1409.3,192
2024-05-07 15:11:00,1409.3,1409.3,1409.3,1409.3,70
2024-05-07 15:12:00,1409.3,1409.3,1408.35,1408.35,199
2024-05-07 15:13:00,1409.3,1409.3,1409.3,1409.3,101
2024-05-07 15:14:00,1409.3,1409.3,1409.05,1409.3,194
2024-05-07 15:15:00,1409.3,1409.3,1409.0,1409.3,137
2024-05-07 15:16:00,1409.3,1409.7,1409.3,1409.7,143
2024-05-07 15:17:00,1409.7,1410.2,1409.7,1410.2,137
2024-05-07 15:18:00,1410.2,1411.85,1409.35,1411.85,721
2024-05-07 15:19:00,1411.85,1414.05,1411.85,1414.05,99
2024-05-07 15:20:00,1414.1,1414.1,1412.85,1413.5,121
2024-05-07 15:21:00,1413.5,1414.0,1411.8,1414.0,412
2024-05-07 15:22:00,1414.0,1415.0,1413.85,1415.0,301
2024-05-07 15:23:00,1415.0,1415.85,1414.25,1415.85,498
2024-05-07 15:24:00,1414.35,1416.85,1414.35,1416.8,514
2024-05-07 15:25:00,1416.85,1419.0,1416.85,1419.0,388
2024-05-07 15:26:00,1419.0,1419.0,1418.75,1418.75,125
2024-05-07 15:27:00,1419.0,1422.3,1419.0,1420.0,454
2024-05-07 15:28:00,1420.0,1422.2,1420.0,1422.0,872
2024-05-07 15:29:00,1422.0,1423.75,1421.5,1422.0,371
2024-05-08 09:15:00,1412.75,1418.0,1411.1,1411.1,1566
2024-05-08 09:16:00,1409.45,1409.45,1408.0,1408.0,87
2024-05-08 09:17:00,1408.0,1408.0,1407.0,1407.65,25
2024-05-08 09:18:00,1407.65,1407.65,1406.2,1406.2,383
2024-05-08 09:19:00,1406.2,1406.2,1404.85,1404.85,258
2024-05-08 09:20:00,1405.0,1405.0,1405.0,1405.0,0
2024-05-08 09:21:00,1405.0,1405.0,1400.0,1400.0,225
2024-05-08 09:22:00,1400.0,1405.35,1397.9,1404.3,449
2024-05-08 09:23:00,1404.3,1406.85,1404.3,1405.0,88
2024-05-08 09:24:00,1405.0,1405.0,1405.0,1405.0,25
2024-05-08 09:25:00,1405.0,1405.0,1403.05,1403.05,99
2024-05-08 09:26:00,1403.05,1405.1,1403.05,1405.1,107
2024-05-08 09:27:00,1405.1,1405.1,1405.1,1405.1,1
2024-05-08 09:28:00,1405.1,1405.1,1405.1,1405.1,0
2024-05-08 09:29:00,1405.1,1405.1,1405.1,1405.1,0
2024-05-08 09:30:00,1405.1,1405.1,1402.65,1402.65,4
2024-05-08 09:31:00,1402.65,1403.9,1402.65,1403.9,2
2024-05-08 09:32:00,1403.9,1403.9,1403.9,1403.9,0
2024-05-08 09:33:00,1403.9,1404.1,1403.9,1404.1,3
2024-05-08 09:34:00,1404.1,1404.1,1404.1,1404.1,0
2024-05-08 09:35:00,1404.1,1404.1,1402.9,1402.9,29
2024-05-08 09:36:00,1402.9,1406.85,1402.9,1406.85,6
2024-05-08 09:37:00,1407.15,1411.4,1407.15,1410.05,195
2024-05-08 09:38:00,1410.05,1410.05,1403.05,1403.1,937
2024-05-08 09:39:00,1403.1,1404.6,1402.05,1402.75,132
2024-05-08 09:40:00,1402.85,1406.75,1402.0,1406.75,904
2024-05-08 09:41:00,1406.75,1406.75,1406.75,1406.75,50
2024-05-08 09:42:00,1406.75,1406.75,1406.3,1406.3,11
2024-05-08 09:43:00,1406.3,1406.3,1406.3,1406.3,0
2024-05-08 09:44:00,1406.3,1406.3,1406.3,1406.3,0
2024-05-08 09:45:00,1406.3,1407.6,1405.5,1405.5,90
2024-05-08 09:46:00,1405.5,1405.5,1405.5,1405.5,106
2024-05-08 09:47:00,1405.5,1406.2,1405.5,1406.2,5
2024-05-08 09:48:00,1406.2,1408.2,1406.2,1406.8,31
2024-05-08 09:49:00,1406.8,1406.8,1406.8,1406.8,0
2024-05-08 09:50:00,1406.8,1406.8,1406.8,1406.8,0
2024-05-08 09:51:00,1406.8,1406.8,1406.6,1406.6,5
2024-05-08 09:52:00,1406.6,1407.85,1406.6,1407.85,20
2024-05-08 09:53:00,1407.0,1407.75,1406.6,1406.6,145
2024-05-08 09:54:00,1406.6,1408.1,1406.6,1408.1,60
2024-05-08 09:55:00,1408.1,1408.85,1408.1,1408.85,18
2024-05-08 09:56:00,1408.85,1408.85,1408.85,1408.85,0
2024-05-08 09:57:00,1408.85,1408.85,1408.85,1408.85,0
2024-05-08 09:58:00,1408.85,1408.85,1408.85,1408.85,0
2024-05-08 09:59:00,1408.85,1408.85,1408.85,1408.85,10
2024-05-08 10:00:00,1408.85,1408.85,1407.7,1407.95,18
2024-05-08 10:01:00,1407.95,1407.95,1407.95,1407.95,0
2024-05-08 10:02:00,1407.95,1407.95,1405.15,1405.15,414
2024-05-08 10:03:00,1405.15,1405.15,1405.05,1405.05,2
2024-05-08 10:04:00,1405.05,1405.05,1404.05,1404.05,100
2024-05-08 10:05:00,1404.05,1405.1,1402.35,1402.35,30
2024-05-08 10:06:00,1402.35,1402.35,1402.35,1402.35,53
2024-05-08 10:07:00,1402.35,1404.6,1402.35,1404.6,15
2024-05-08 10:08:00,1404.6,1404.6,1404.6,1404.6,0
2024-05-08 10:09:00,1404.6,1405.95,1404.5,1405.95,160
2024-05-08 10:10:00,1405.95,1405.95,1405.95,1405.95,0
2024-05-08 10:11:00,1405.95,1405.95,1405.95,1405.95,0
2024-05-08 10:12:00,1405.95,1407.95,1405.95,1407.95,256
2024-05-08 10:13:00,1407.95,1411.65,1407.95,1411.65,206
2024-05-08 10:14:00,1411.65,1411.65,1411.65,1411.65,0
2024-05-08 10:15:00,1411.65,1411.65,1411.6,1411.65,28
2024-05-08 10:16:00,1411.65,1411.65,1411.65,1411.65,0
2024-05-08 10:17:00,1410.0,1410.05,1410.0,1410.05,7
2024-05-08 10:18:00,1410.05,1410.05,1410.05,1410.05,10
2024-05-08 10:19:00,1410.05,1413.9,1410.05,1412.1,200
2024-05-08 10:20:00,1412.1,1412.1,1409.7,1409.7,931
2024-05-08 10:21:00,1409.7,1409.7,1407.15,1408.6,84
2024-05-08 10:22:00,1408.6,1408.6,1408.45,1408.45,13
2024-05-08 10:23:00,1408.45,1408.45,1408.45,1408.45,0
2024-05-08 10:24:00,1408.45,1408.45,1406.5,1406.5,75
2024-05-08 10:25:00,1406.5,1406.5,1403.0,1403.0,295
2024-05-08 10:26:00,1403.0,1403.25,1403.0,1403.25,257
2024-05-08 10:27:00,1403.25,1403.25,1402.25,1402.25,34
2024-05-08 10:28:00,1402.25,1402.25,1401.9,1401.9,177
2024-05-08 10:29:00,1401.9,1401.9,1401.0,1401.0,56
2024-05-08 10:30:00,1401.0,1401.0,1400.0,1400.0,46
2024-05-08 10:31:00,1400.0,1400.0,1400.0,1400.0,0
2024-05-08 10:32:00,1400.0,1401.2,1400.0,1400.0,497
2024-05-08 10:33:00,1400.0,1400.0,1398.0,1398.0,22
2024-05-08 10:34:00,1398.0,1398.0,1398.0,1398.0,0
2024-05-08 10:35:00,1398.0,1398.85,1398.0,1398.85,137
2024-05-08 10:36:00,1398.85,1399.1,1398.1,1398.1,90
2024-05-08 10:37:00,1398.1,1398.1,1398.1,1398.1,0
2024-05-08 10:38:00,1398.1,1398.1,1398.1,1398.1,0
2024-05-08 10:39:00,1398.1,1398.1,1398.1,1398.1,0
2024-05-08 10:40:00,1398.1,1398.1,1398.0,1398.0,10
2024-05-08 10:41:00,1398.0,1398.0,1398.0,1398.0,0
2024-05-08 10:42:00,1398.0,1401.75,1398.0,1401.75,430
2024-05-08 10:43:00,1401.75,1401.85,1400.0,1400.0,101
2024-05-08 10:44:00,1400.0,1402.45,1400.0,1400.7,145
2024-05-08 10:45:00,1400.7,1403.8,1400.7,1403.7,371
2024-05-08 10:46:00,1403.7,1403.75,1403.7,1403.75,14
2024-05-08 10:47:00,1403.75,1403.75,1403.75,1403.75,1
2024-05-08 10:48:00,1403.75,1403.95,1403.75,1403.95,48
2024-05-08 10:49:00,1403.95,1403.95,1403.95,1403.95,13
2024-05-08 10:50:00,1403.95,1404.0,1403.95,1404.0,13
2024-05-08 10:51:00,1404.0,1404.0,1403.95,1403.95,13
2024-05-08 10:52:00,1403.95,1404.0,1403.95,1404.0,13
2024-05-08 10:53:00,1401.7,1403.95,1401.7,1403.95,22
2024-05-08 10:54:00,1403.95,1403.95,1401.8,1401.8,13
2024-05-08 10:55:00,1401.8,1403.85,1401.8,1403.85,15
2024-05-08 10:56:00,1403.85,1403.9,1401.8,1401.8,93
2024-05-08 10:57:00,1401.8,1403.05,1401.8,1403.05,14
2024-05-08 10:58:00,1403.05,1403.05,1400.15,1400.45,210
2024-05-08 10:59:00,1400.45,1400.45,1400.15,1400.15,74
2024-05-08 11:00:00,1400.15,1400.15,1400.15,1400.15,0
2024-05-08 11:01:00,1400.15,1400.15,1400.0,1400.0,23
2024-05-08 11:02:00,1400.0,1401.55,1400.0,1400.05,15
2024-05-08 11:03:00,1400.05,1400.05,1400.05,1400.05,0
2024-05-08 11:04:00,1400.05,1401.85,1400.05,1401.85,47
2024-05-08 11:05:00,1401.85,1401.85,1401.85,1401.85,0
2024-05-08 11:06:00,1401.85,1401.9,1400.2,1400.2,43
2024-05-08 11:07:00,1400.2,1400.2,1400.2,1400.2,0
2024-05-08 11:08:00,1400.2,1400.2,1400.2,1400.2,1
2024-05-08 11:09:00,1400.2,1400.2,1400.2,1400.2,0
2024-05-08 11:10:00,1400.2,1400.2,1398.0,1398.0,484
2024-05-08 11:11:00,1396.4,1397.45,1395.05,1395.05,77
2024-05-08 11:12:00,1395.05,1395.05,1395.05,1395.05,0
2024-05-08 11:13:00,1395.05,1395.05,1395.05,1395.05,0
2024-05-08 11:14:00,1395.05,1395.05,1395.05,1395.05,45
2024-05-08 11:15:00,1395.05,1396.55,1395.05,1395.05,7
2024-05-08 11:16:00,1395.05,1398.0,1395.05,1398.0,196
2024-05-08 11:17:00,1398.0,1399.85,1398.0,1399.85,26
2024-05-08 11:18:00,1399.85,1400.05,1398.0,1400.05,6
2024-05-08 11:19:00,1400.05,1400.2,1400.05,1400.2,4
2024-05-08 11:20:00,1400.2,1400.2,1398.4,1400.2,30
2024-05-08 11:21:00,1400.2,1400.55,1400.2,1400.55,13
2024-05-08 11:22:00,1400.55,1400.95,1398.65,1400.95,56
2024-05-08 11:23:00,1400.95,1400.95,1400.95,1400.95,0
2024-05-08 11:24:00,1400.95,1400.95,1400.95,1400.95,0
2024-05-08 11:25:00,1400.95,1401.15,1400.95,1401.15,13
2024-05-08 11:26:00,1401.15,1401.6,1401.15,1401.6,6
2024-05-08 11:27:00,1401.6,1401.75,1401.6,1401.75,6
2024-05-08 11:28:00,1401.75,1401.75,1401.75,1401.75,5
2024-05-08 11:29:00,1401.75,1401.75,1399.95,1399.95,5
2024-05-08 11:30:00,1399.95,1399.95,1399.95,1399.95,0
2024-05-08 11:31:00,1399.95,1399.95,1399.95,1399.95,0
2024-05-08 11:32:00,1399.95,1401.75,1399.95,1400.0,3
2024-05-08 11:33:00,1400.0,1400.0,1400.0,1400.0,0
2024-05-08 11:34:00,1400.0,1401.75,1400.0,1401.75,5
2024-05-08 11:35:00,1401.75,1401.75,1401.7,1401.7,1
2024-05-08 11:36:00,1401.7,1401.7,1401.7,1401.7,0
2024-05-08 11:37:00,1401.7,1401.7,1399.7,1400.0,35
2024-05-08 11:38:00,1400.0,1401.55,1399.7,1401.55,4
2024-05-08 11:39:00,1401.55,1401.55,1401.55,1401.55,0
2024-05-08 11:40:00,1401.55,1401.55,1401.55,1401.55,0
2024-05-08 11:41:00,1401.55,1401.55,1401.55,1401.55,0
2024-05-08 11:42:00,1401.55,1401.55,1401.55,1401.55,0
2024-05-08 11:43:00,1401.55,1401.55,1399.2,1401.2,28
2024-05-08 11:44:00,1401.2,1401.25,1401.2,1401.25,11
2024-05-08 11:45:00,1401.25,1401.25,1401.25,1401.25,0
2024-05-08 11:46:00,1401.25,1401.25,1398.3,1398.3,34
2024-05-08 11:47:00,1398.3,1400.3,1398.3,1400.3,364
2024-05-08 11:48:00,1400.3,1400.3,1400.3,1400.3,0
2024-05-08 11:49:00,1400.3,1400.3,1400.3,1400.3,0
2024-05-08 11:50:00,1400.3,1400.3,1400.3,1400.3,0
2024-05-08 11:51:00,1400.3,1402.0,1400.3,1400.55,238
2024-05-08 11:52:00,1400.55,1400.55,1400.55,1400.55,0
2024-05-08 11:53:00,1400.55,1400.55,1400.55,1400.55,0
2024-05-08 11:54:00,1400.55,1400.55,1400.55,1400.55,0
2024-05-08 11:55:00,1400.55,1401.25,1400.55,1401.25,7
2024-05-08 11:56:00,1401.25,1401.25,1401.25,1401.25,0
2024-05-08 11:57:00,1401.25,1401.25,1401.25,1401.25,0
2024-05-08 11:58:00,1401.25,1401.25,1401.25,1401.25,0
2024-05-08 11:59:00,1401.25,1401.25,1401.25,1401.25,0
2024-05-08 12:00:00,1401.25,1401.25,1400.0,1400.0,19
2024-05-08 12:01:00,1400.0,1400.0,1400.0,1400.0,0
2024-05-08 12:02:00,1400.0,1400.0,1400.0,1400.0,0
2024-05-08 12:03:00,1400.0,1400.0,1400.0,1400.0,0
2024-05-08 12:04:00,1400.0,1400.05,1400.0,1400.05,4
2024-05-08 12:05:00,1400.05,1400.05,1400.05,1400.05,0
2024-05-08 12:06:00,1400.05,1400.05,1400.05,1400.05,0
2024-05-08 12:07:00,1400.05,1403.95,1400.05,1400.65,613
2024-05-08 12:08:00,1400.65,1402.4,1400.65,1402.4,8
2024-05-08 12:09:00,1402.4,1402.4,1402.4,1402.4,0
2024-05-08 12:10:00,1402.4,1403.0,1401.9,1401.95,207
2024-05-08 12:11:00,1401.95,1401.95,1401.95,1401.95,0
2024-05-08 12:12:00,1401.95,1401.95,1401.95,1401.95,0
2024-05-08 12:13:00,1401.95,1402.65,1401.95,1402.65,0
2024-05-08 12:14:00,1402.65,1402.65,1402.65,1402.65,1
2024-05-08 12:15:00,1402.65,1403.25,1402.65,1403.25,3
2024-05-08 12:16:00,1403.25,1403.25,1401.0,1401.15,309
2024-05-08 12:17:00,1401.15,1401.15,1401.15,1401.15,0
2024-05-08 12:18:00,1401.15,1401.15,1401.15,1401.15,0
2024-05-08 12:19:00,1401.15,1401.15,1401.15,1401.15,0
2024-05-08 12:20:00,1401.15,1402.35,1401.15,1402.35,5
2024-05-08 12:21:00,1402.35,1402.35,1402.35,1402.35,0
2024-05-08 12:22:00,1402.35,1402.35,1402.35,1402.35,0
2024-05-08 12:23:00,1402.35,1402.35,1402.35,1402.35,0
2024-05-08 12:24:00,1402.35,1402.35,1402.35,1402.35,0
2024-05-08 12:25:00,1402.35,1402.35,1402.35,1402.35,0
2024-05-08 12:26:00,1402.35,1402.35,1401.1,1401.1,44
2024-05-08 12:27:00,1401.1,1401.1,1401.1,1401.1,0
2024-05-08 12:28:00,1401.1,1401.1,1401.1,1401.1,0
2024-05-08 12:29:00,1401.1,1401.1,1400.95,1400.95,116
2024-05-08 12:30:00,1400.95,1400.95,1400.95,1400.95,0
2024-05-08 12:31:00,1400.95,1400.95,1400.05,1400.05,1
2024-05-08 12:32:00,1400.05,1400.05,1400.05,1400.05,250
2024-05-08 12:33:00,1400.05,1400.05,1400.05,1400.05,0
2024-05-08 12:34:00,1400.05,1400.05,1400.0,1400.0,171
2024-05-08 12:35:00,1400.0,1400.05,1400.0,1400.05,148
2024-05-08 12:36:00,1400.05,1400.05,1400.0,1400.0,49
2024-05-08 12:37:00,1400.0,1400.0,1400.0,1400.0,0
2024-05-08 12:38:00,1400.0,1400.0,1400.0,1400.0,1
2024-05-08 12:39:00,1400.0,1400.0,1400.0,1400.0,0
2024-05-08 12:40:00,1400.0,1400.0,1400.0,1400.0,0
2024-05-08 12:41:00,1400.0,1400.0,1398.05,1398.05,1120
2024-05-08 12:42:00,1398.05,1398.05,1398.0,1398.0,15
2024-05-08 12:43:00,1398.0,1398.0,1396.1,1396.1,145
2024-05-08 12:44:00,1396.1,1396.1,1396.1,1396.1,0
2024-05-08 12:45:00,1396.1,1400.9,1396.1,1400.15,1498
2024-05-08 12:46:00,1400.15,1400.15,1400.15,1400.15,0
2024-05-08 12:47:00,1400.15,1400.15,1400.15,1400.15,0
2024-05-08 12:48:00,1400.15,1400.15,1400.15,1400.15,1
2024-05-08 12:49:00,1402.2,1402.2,1402.15,1402.2,86
2024-05-08 12:50:00,1402.15,1406.95,1402.15,1406.95,842
2024-05-08 12:51:00,1406.95,1407.15,1406.95,1407.15,1
2024-05-08 12:52:00,1407.15,1407.3,1407.15,1407.3,146
2024-05-08 12:53:00,1407.3,1407.3,1407.3,1407.3,0
2024-05-08 12:54:00,1407.3,1407.3,1407.3,1407.3,0
2024-05-08 12:55:00,1407.3,1407.3,1407.3,1407.3,0
2024-05-08 12:56:00,1407.3,1409.9,1407.3,1409.9,76
2024-05-08 12:57:00,1409.9,1409.9,1409.9,1409.9,0
2024-05-08 12:58:00,1409.9,1409.9,1409.9,1409.9,0
2024-05-08 12:59:00,1409.9,1409.9,1409.9,1409.9,0
2024-05-08 13:00:00,1409.9,1409.9,1409.8,1409.8,40
2024-05-08 13:01:00,1409.8,1409.8,1409.8,1409.8,0
2024-05-08 13:02:00,1409.8,1409.8,1409.8,1409.8,0
2024-05-08 13:03:00,1409.8,1409.8,1409.8,1409.8,0
2024-05-08 13:04:00,1409.8,1409.8,1409.8,1409.8,0
2024-05-08 13:05:00,1409.8,1409.9,1409.8,1409.9,25
2024-05-08 13:06:00,1409.9,1409.9,1409.9,1409.9,0
2024-05-08 13:07:00,1409.9,1409.9,1409.85,1409.85,20
2024-05-08 13:08:00,1409.85,1410.95,1409.85,1410.95,215
2024-05-08 13:09:00,1410.95,1410.95,1410.95,1410.95,0
2024-05-08 13:10:00,1410.95,1410.95,1410.0,1410.0,0
2024-05-08 13:11:00,1410.0,1410.0,1409.3,1409.35,145
2024-05-08 13:12:00,1409.35,1409.35,1409.35,1409.35,0
2024-05-08 13:13:00,1409.35,1416.0,1409.35,1415.0,4533
2024-05-08 13:14:00,1415.0,1416.3,1415.0,1416.3,637
2024-05-08 13:15:00,1416.3,1416.3,1416.3,1416.3,0
2024-05-08 13:16:00,1416.3,1416.3,1415.0,1415.05,8
2024-05-08 13:17:00,1415.05,1416.4,1415.05,1416.4,577
2024-05-08 13:18:00,1416.4,1416.4,1416.4,1416.4,0
2024-05-08 13:19:00,1416.4,1416.4,1415.1,1415.1,10
2024-05-08 13:20:00,1415.1,1415.1,1415.1,1415.1,0
2024-05-08 13:21:00,1415.1,1418.7,1415.1,1418.7,486
2024-05-08 13:22:00,1418.7,1421.0,1418.7,1420.0,94
2024-05-08 13:23:00,1420.0,1421.0,1420.0,1420.05,45
2024-05-08 13:24:00,1420.05,1421.0,1420.05,1420.5,164
2024-05-08 13:25:00,1420.5,1420.5,1418.8,1418.8,10
2024-05-08 13:26:00,1418.8,1418.8,1418.75,1418.75,1
2024-05-08 13:27:00,1418.75,1418.75,1418.75,1418.75,0
2024-05-08 13:28:00,1418.75,1420.95,1417.3,1420.95,524
2024-05-08 13:29:00,1420.95,1420.95,1420.15,1420.15,7
2024-05-08 13:30:00,1420.15,1420.15,1419.0,1419.0,15
2024-05-08 13:31:00,1419.0,1420.0,1418.5,1420.0,51
2024-05-08 13:32:00,1420.0,1420.0,1418.6,1418.6,22
2024-05-08 13:33:00,1418.6,1418.6,1418.6,1418.6,0
2024-05-08 13:34:00,1418.6,1418.6,1418.6,1418.6,0
2024-05-08 13:35:00,1420.0,1420.0,1418.35,1418.35,37
2024-05-08 13:36:00,1418.35,1418.35,1416.35,1417.55,14
2024-05-08 13:37:00,1416.0,1416.0,1416.0,1416.0,10
2024-05-08 13:38:00,1416.0,1417.45,1416.0,1417.45,6
2024-05-08 13:39:00,1417.45,1417.45,1415.0,1415.0,411
2024-05-08 13:40:00,1415.0,1415.0,1415.0,1415.0,0
2024-05-08 13:41:00,1415.0,1416.8,1415.0,1416.8,2
2024-05-08 13:42:00,1416.8,1416.95,1416.8,1416.95,130
2024-05-08 13:43:00,1416.95,1416.95,1415.65,1416.95,32
2024-05-08 13:44:00,1416.95,1416.95,1416.95,1416.95,4
2024-05-08 13:45:00,1416.95,1416.95,1416.95,1416.95,0
2024-05-08 13:46:00,1416.95,1416.95,1415.3,1416.15,53
2024-05-08 13:47:00,1416.15,1416.15,1416.15,1416.15,0
2024-05-08 13:48:00,1416.15,1416.15,1416.15,1416.15,0
2024-05-08 13:49:00,1416.15,1416.15,1415.0,1415.0,52
2024-05-08 13:50:00,1415.0,1415.0,1415.0,1415.0,35
2024-05-08 13:51:00,1415.0,1415.95,1415.0,1415.95,65
2024-05-08 13:52:00,1415.95,1415.95,1415.95,1415.95,0
2024-05-08 13:53:00,1415.95,1415.95,1415.95,1415.95,0
2024-05-08 13:54:00,1415.95,1415.95,1415.95,1415.95,1
2024-05-08 13:55:00,1415.95,1416.3,1415.85,1416.3,89
2024-05-08 13:56:00,1416.3,1416.3,1416.3,1416.3,1
2024-05-08 13:57:00,1416.3,1416.3,1416.3,1416.3,0
2024-05-08 13:58:00,1416.3,1416.3,1416.3,1416.3,0
2024-05-08 13:59:00,1416.3,1416.5,1416.3,1416.5,1
2024-05-08 14:00:00,1416.5,1416.65,1415.4,1415.85,490
2024-05-08 14:01:00,1415.85,1416.5,1415.85,1416.5,2
2024-05-08 14:02:00,1416.5,1416.5,1416.5,1416.5,0
2024-05-08 14:03:00,1416.5,1416.5,1416.5,1416.5,0
2024-05-08 14:04:00,1416.5,1416.5,1415.9,1415.9,16
2024-05-08 14:05:00,1415.9,1415.9,1415.9,1415.9,0
2024-05-08 14:06:00,1415.9,1416.05,1415.0,1416.05,651
2024-05-08 14:07:00,1416.05,1416.05,1416.05,1416.05,0
2024-05-08 14:08:00,1416.05,1416.05,1416.05,1416.05,0
2024-05-08 14:09:00,1416.05,1416.05,1416.05,1416.05,0
2024-05-08 14:10:00,1416.05,1416.05,1416.05,1416.05,0
2024-05-08 14:11:00,1416.05,1416.05,1415.5,1416.0,85
2024-05-08 14:12:00,1416.0,1416.0,1415.5,1416.0,20
2024-05-08 14:13:00,1416.0,1416.0,1416.0,1416.0,0
2024-05-08 14:14:00,1416.0,1416.0,1415.0,1415.0,54
2024-05-08 14:15:00,1415.0,1415.0,1415.0,1415.0,0
2024-05-08 14:16:00,1415.0,1415.85,1415.0,1415.85,1
2024-05-08 14:17:00,1415.85,1415.9,1415.85,1415.9,30
2024-05-08 14:18:00,1415.9,1415.9,1415.9,1415.9,0
2024-05-08 14:19:00,1415.9,1415.9,1415.05,1415.05,36
2024-05-08 14:20:00,1415.05,1415.05,1415.05,1415.05,0
2024-05-08 14:21:00,1415.05,1415.05,1415.05,1415.05,2
2024-05-08 14:22:00,1415.05,1415.05,1415.0,1415.0,95
2024-05-08 14:23:00,1415.0,1415.35,1415.0,1415.35,95
2024-05-08 14:24:00,1415.35,1415.35,1415.35,1415.35,0
2024-05-08 14:25:00,1415.35,1415.35,1415.35,1415.35,0
2024-05-08 14:26:00,1415.35,1415.45,1415.0,1415.0,383
2024-05-08 14:27:00,1415.0,1415.15,1415.0,1415.15,227
2024-05-08 14:28:00,1415.15,1415.15,1415.15,1415.15,0
2024-05-08 14:29:00,1415.15,1415.15,1415.15,1415.15,0
2024-05-08 14:30:00,1415.15,1415.15,1415.15,1415.15,0
2024-05-08 14:31:00,1415.15,1415.15,1415.15,1415.15,0
2024-05-08 14:32:00,1415.15,1415.15,1415.15,1415.15,0
2024-05-08 14:33:00,1415.15,1415.15,1415.15,1415.15,0
2024-05-08 14:34:00,1415.15,1415.15,1415.05,1415.05,6
2024-05-08 14:35:00,1415.05,1415.45,1415.05,1415.15,60
2024-05-08 14:36:00,1415.15,1415.15,1415.15,1415.15,6
2024-05-08 14:37:00,1415.15,1415.15,1415.05,1415.05,27
2024-05-08 14:38:00,1415.05,1415.05,1415.05,1415.05,14
2024-05-08 14:39:00,1415.05,1415.55,1415.05,1415.05,154
2024-05-08 14:40:00,1415.0,1415.0,1415.0,1415.0,550
2024-05-08 14:41:00,1415.0,1415.0,1415.0,1415.0,4
2024-05-08 14:42:00,1415.0,1415.0,1415.0,1415.0,0
2024-05-08 14:43:00,1415.55,1415.55,1415.55,1415.55,25
2024-05-08 14:44:00,1415.0,1415.95,1415.0,1415.95,333
2024-05-08 14:45:00,1415.95,1415.95,1415.95,1415.95,4
2024-05-08 14:46:00,1415.95,1415.95,1415.95,1415.95,0
2024-05-08 14:47:00,1415.95,1415.95,1415.95,1415.95,18
2024-05-08 14:48:00,1415.95,1416.0,1415.95,1416.0,20
2024-05-08 14:49:00,1416.0,1416.0,1416.0,1416.0,0
2024-05-08 14:50:00,1416.0,1416.0,1416.0,1416.0,50
2024-05-08 14:51:00,1416.0,1416.0,1416.0,1416.0,1
2024-05-08 14:52:00,1416.0,1416.0,1416.0,1416.0,82
2024-05-08 14:53:00,1416.0,1416.3,1416.0,1416.3,3
2024-05-08 14:54:00,1416.3,1416.3,1416.3,1416.3,0
2024-05-08 14:55:00,1416.3,1416.3,1416.3,1416.3,0
2024-05-08 14:56:00,1416.3,1416.3,1416.3,1416.3,0
2024-05-08 14:57:00,1416.3,1416.3,1416.3,1416.3,0
2024-05-08 14:58:00,1416.3,1416.3,1415.65,1416.3,13
2024-05-08 14:59:00,1415.65,1416.3,1415.65,1416.3,23
2024-05-08 15:00:00,1416.3,1417.0,1415.8,1417.0,20
2024-05-08 15:01:00,1417.0,1417.0,1416.1,1417.0,34
2024-05-08 15:02:00,1417.0,1417.0,1416.95,1417.0,3
2024-05-08 15:03:00,1417.0,1417.0,1416.25,1416.25,14
2024-05-08 15:04:00,1416.25,1417.0,1416.25,1417.0,3
2024-05-08 15:05:00,1417.0,1417.0,1417.0,1417.0,3
2024-05-08 15:06:00,1417.0,1417.0,1416.05,1416.95,15
2024-05-08 15:07:00,1416.95,1416.95,1415.05,1415.05,649
2024-05-08 15:08:00,1415.1,1416.4,1415.1,1416.25,11
2024-05-08 15:09:00,1416.25,1416.25,1413.35,1415.0,2408
2024-05-08 15:10:00,1415.0,1415.0,1413.4,1413.4,130
2024-05-08 15:11:00,1413.4,1415.0,1413.15,1413.15,55
2024-05-08 15:12:00,1413.15,1414.95,1413.15,1414.9,101
2024-05-08 15:13:00,1414.9,1414.9,1412.0,1413.6,261
2024-05-08 15:14:00,1413.6,1413.6,1409.5,1409.5,287
2024-05-08 15:15:00,1409.5,1411.15,1407.05,1407.05,251
2024-05-08 15:16:00,1407.05,1408.85,1407.0,1408.0,828
2024-05-08 15:17:00,1407.95,1408.0,1407.0,1407.0,353
2024-05-08 15:18:00,1407.0,1408.0,1407.0,1407.05,209
2024-05-08 15:19:00,1407.05,1407.8,1407.0,1407.0,92
2024-05-08 15:20:00,1407.0,1407.85,1407.0,1407.8,241
2024-05-08 15:21:00,1407.85,1407.85,1407.0,1407.85,206
2024-05-08 15:22:00,1407.85,1407.85,1407.0,1407.0,197
2024-05-08 15:23:00,1407.8,1407.8,1407.0,1407.05,218
2024-05-08 15:24:00,1407.6,1407.6,1407.05,1407.05,78
2024-05-08 15:25:00,1407.6,1407.6,1407.1,1407.4,339
2024-05-08 15:26:00,1407.4,1407.45,1407.0,1407.0,159
2024-05-08 15:27:00,1407.0,1407.45,1390.0,1396.45,2795
2024-05-08 15:28:00,1396.35,1397.8,1396.35,1396.5,297
2024-05-08 15:29:00,1396.35,1396.9,1392.15,1396.0,1141
2024-05-09 09:15:00,1407.95,1407.95,1398.05,1398.05,575
2024-05-09 09:16:00,1398.2,1398.2,1390.05,1390.4,1243
2024-05-09 09:17:00,1390.4,1392.05,1390.4,1392.05,125
2024-05-09 09:18:00,1392.4,1395.85,1392.4,1395.85,182
2024-05-09 09:19:00,1395.85,1397.0,1395.85,1397.0,4
2024-05-09 09:20:00,1397.0,1397.4,1395.95,1397.4,73
2024-05-09 09:21:00,1397.4,1397.4,1394.9,1394.9,94
2024-05-09 09:22:00,1394.9,1394.9,1394.9,1394.9,0
2024-05-09 09:23:00,1394.9,1398.0,1394.9,1398.0,62
2024-05-09 09:24:00,1398.0,1398.4,1396.4,1398.4,40
2024-05-09 09:25:00,1398.4,1398.4,1398.4,1398.4,0
2024-05-09 09:26:00,1396.8,1398.7,1396.8,1398.7,26
2024-05-09 09:27:00,1398.7,1398.9,1398.7,1398.9,1
2024-05-09 09:28:00,1398.9,1399.65,1398.9,1399.65,43
2024-05-09 09:29:00,1399.65,1399.65,1399.65,1399.65,4
2024-05-09 09:30:00,1399.65,1399.65,1398.25,1398.25,147
2024-05-09 09:31:00,1398.25,1398.25,1397.8,1397.8,0
2024-05-09 09:32:00,1397.8,1397.8,1396.2,1396.2,7
2024-05-09 09:33:00,1396.2,1397.85,1396.2,1397.85,13
2024-05-09 09:34:00,1397.85,1397.85,1396.0,1396.3,119
2024-05-09 09:35:00,1396.3,1396.3,1396.25,1396.25,50
2024-05-09 09:36:00,1396.25,1397.3,1395.8,1397.3,32
2024-05-09 09:37:00,1397.3,1397.9,1395.7,1397.9,111
2024-05-09 09:38:00,1397.9,1397.9,1396.05,1397.65,30
2024-05-09 09:39:00,1397.65,1397.65,1397.6,1397.6,3
2024-05-09 09:40:00,1397.6,1397.6,1395.35,1395.35,100
2024-05-09 09:41:00,1395.35,1395.45,1394.05,1394.05,188
2024-05-09 09:42:00,1394.05,1396.25,1394.05,1396.25,10
2024-05-09 09:43:00,1396.25,1399.25,1396.25,1399.25,335
2024-05-09 09:44:00,1399.25,1399.25,1399.25,1399.25,0
2024-05-09 09:45:00,1399.25,1399.7,1399.25,1399.7,42
2024-05-09 09:46:00,1399.7,1400.0,1398.6,1400.0,119
2024-05-09 09:47:00,1400.0,1404.0,1400.0,1404.0,122
2024-05-09 09:48:00,1404.0,1404.5,1404.0,1404.5,15
2024-05-09 09:49:00,1404.55,1404.55,1402.25,1402.25,158
2024-05-09 09:50:00,1402.25,1402.25,1402.25,1402.25,1
2024-05-09 09:51:00,1402.25,1402.25,1402.25,1402.25,0
2024-05-09 09:52:00,1402.25,1402.8,1402.25,1402.8,1
2024-05-09 09:53:00,1402.8,1402.8,1402.75,1402.75,4
2024-05-09 09:54:00,1402.75,1402.75,1400.75,1400.75,0
2024-05-09 09:55:00,1400.75,1402.0,1400.75,1402.0,33
2024-05-09 09:56:00,1402.0,1402.0,1400.15,1400.15,7
2024-05-09 09:57:00,1400.15,1400.15,1398.0,1398.0,13
2024-05-09 09:58:00,1398.0,1398.0,1398.0,1398.0,0
2024-05-09 09:59:00,1398.0,1400.1,1398.0,1400.1,1
2024-05-09 10:00:00,1400.1,1400.1,1399.75,1399.75,2
2024-05-09 10:01:00,1399.75,1399.75,1399.75,1399.75,0
2024-05-09 10:02:00,1399.75,1399.75,1398.0,1399.5,2
2024-05-09 10:03:00,1399.5,1399.5,1397.4,1397.4,1
2024-05-09 10:04:00,1397.4,1397.4,1397.4,1397.4,4
2024-05-09 10:05:00,1397.4,1397.4,1397.4,1397.4,68
2024-05-09 10:06:00,1398.0,1398.0,1398.0,1398.0,15
2024-05-09 10:07:00,1400.2,1400.2,1400.05,1400.05,600
2024-05-09 10:08:00,1400.05,1400.05,1400.05,1400.05,0
2024-05-09 10:09:00,1401.95,1402.0,1401.95,1402.0,29
2024-05-09 10:10:00,1402.0,1403.85,1401.05,1401.05,108
2024-05-09 10:11:00,1401.05,1401.05,1401.05,1401.05,9
2024-05-09 10:12:00,1401.05,1403.2,1401.05,1403.2,13
2024-05-09 10:13:00,1403.2,1404.2,1403.2,1404.2,9
2024-05-09 10:14:00,1404.2,1404.45,1402.05,1404.45,41
2024-05-09 10:15:00,1404.45,1404.45,1404.45,1404.45,0
2024-05-09 10:16:00,1404.45,1404.7,1402.35,1402.7,125
2024-05-09 10:17:00,1402.7,1404.75,1402.7,1404.75,13
2024-05-09 10:18:00,1404.75,1404.9,1404.75,1404.9,13
2024-05-09 10:19:00,1404.9,1404.9,1404.9,1404.9,0
2024-05-09 10:20:00,1404.9,1404.9,1404.9,1404.9,0
2024-05-09 10:21:00,1404.9,1404.95,1404.9,1404.95,18
2024-05-09 10:22:00,1404.95,1404.95,1404.95,1404.95,0
2024-05-09 10:23:00,1404.95,1404.95,1404.9,1404.9,52
2024-05-09 10:24:00,1404.95,1404.95,1402.65,1402.65,55
2024-05-09 10:25:00,1402.65,1402.65,1401.75,1402.3,107
2024-05-09 10:26:00,1402.3,1402.3,1400.0,1400.0,105
2024-05-09 10:27:00,1400.0,1400.4,1398.45,1400.4,1193
2024-05-09 10:28:00,1400.4,1400.4,1399.15,1399.15,11
2024-05-09 10:29:00,1399.15,1401.15,1399.15,1400.45,31
2024-05-09 10:30:00,1400.45,1402.85,1400.45,1402.85,170
2024-05-09 10:31:00,1402.85,1403.25,1402.85,1403.25,42
2024-05-09 10:32:00,1403.25,1404.75,1403.25,1404.75,51
2024-05-09 10:33:00,1404.75,1404.75,1404.75,1404.75,0
2024-05-09 10:34:00,1404.75,1404.75,1402.15,1402.15,34
2024-05-09 10:35:00,1402.15,1402.15,1402.15,1402.15,0
2024-05-09 10:36:00,1402.15,1404.8,1402.15,1402.8,30
2024-05-09 10:37:00,1402.8,1402.8,1402.8,1402.8,0
2024-05-09 10:38:00,1402.8,1402.8,1402.8,1402.8,0
2024-05-09 10:39:00,1402.8,1402.8,1402.8,1402.8,0
2024-05-09 10:40:00,1402.8,1402.8,1401.05,1401.15,15
2024-05-09 10:41:00,1401.15,1401.15,1401.15,1401.15,1
2024-05-09 10:42:00,1401.15,1401.15,1401.15,1401.15,0
2024-05-09 10:43:00,1401.15,1401.15,1401.15,1401.15,0
2024-05-09 10:44:00,1401.15,1401.15,1401.15,1401.15,1
2024-05-09 10:45:00,1401.15,1401.15,1399.25,1399.25,6
2024-05-09 10:46:00,1399.25,1399.25,1399.25,1399.25,0
2024-05-09 10:47:00,1399.25,1399.25,1399.25,1399.25,0
2024-05-09 10:48:00,1399.25,1401.5,1399.25,1399.3,29
2024-05-09 10:49:00,1399.3,1399.3,1399.3,1399.3,1
2024-05-09 10:50:00,1399.3,1401.4,1399.3,1401.4,10
2024-05-09 10:51:00,1401.4,1401.4,1399.35,1399.35,11
2024-05-09 10:52:00,1399.35,1400.4,1399.35,1399.4,47
2024-05-09 10:53:00,1399.4,1401.2,1399.0,1399.7,125
2024-05-09 10:54:00,1399.7,1399.7,1399.7,1399.7,0
2024-05-09 10:56:00,1401.3,1401.3,1401.3,1401.3,15
2024-05-09 10:57:00,1401.3,1401.3,1399.65,1399.7,20
2024-05-09 10:58:00,1399.7,1401.25,1399.7,1401.25,14
2024-05-09 10:59:00,1401.25,1401.25,1400.0,1400.1,5
2024-05-09 11:00:00,1400.0,1400.0,1400.0,1400.0,21
2024-05-09 11:01:00,1400.0,1400.0,1400.0,1400.0,0
2024-05-09 11:02:00,1400.0,1400.0,1400.0,1400.0,0
2024-05-09 11:03:00,1400.0,1401.0,1400.0,1400.1,62
2024-05-09 11:04:00,1400.1,1400.1,1400.1,1400.1,0
2024-05-09 11:05:00,1400.1,1400.1,1400.1,1400.1,0
2024-05-09 11:06:00,1400.1,1401.65,1400.1,1401.25,13
2024-05-09 11:07:00,1401.25,1402.5,1401.25,1402.5,12
2024-05-09 11:08:00,1402.5,1402.5,1402.5,1402.5,0
2024-05-09 11:09:00,1402.5,1402.5,1402.5,1402.5,0
2024-05-09 11:10:00,1402.5,1402.5,1401.55,1401.95,2
2024-05-09 11:11:00,1401.95,1401.95,1401.0,1401.0,53
2024-05-09 11:12:00,1401.0,1401.0,1401.0,1401.0,0
2024-05-09 11:13:00,1401.0,1401.0,1401.0,1401.0,0
2024-05-09 11:14:00,1401.0,1402.1,1399.8,1401.3,22
2024-05-09 11:15:00,1401.3,1401.3,1401.3,1401.3,0
2024-05-09 11:16:00,1401.3,1401.3,1401.3,1401.3,0
2024-05-09 11:17:00,1401.3,1401.3,1401.3,1401.3,0
2024-05-09 11:18:00,1401.3,1401.3,1401.3,1401.3,0
2024-05-09 11:19:00,1401.3,1401.3,1401.3,1401.3,5
2024-05-09 11:20:00,1401.3,1401.3,1401.3,1401.3,0
2024-05-09 11:21:00,1401.3,1401.3,1401.3,1401.3,0
2024-05-09 11:22:00,1401.3,1401.3,1400.9,1400.9,1
2024-05-09 11:23:00,1400.9,1400.9,1400.9,1400.9,1
2024-05-09 11:24:00,1400.9,1400.9,1400.9,1400.9,0
2024-05-09 11:25:00,1400.9,1400.9,1400.9,1400.9,0
2024-05-09 11:26:00,1400.9,1400.9,1400.0,1400.0,15
2024-05-09 11:27:00,1400.0,1400.0,1399.05,1399.05,5
2024-05-09 11:28:00,1399.05,1399.05,1398.2,1398.2,3
2024-05-09 11:29:00,1398.2,1400.0,1398.2,1400.0,80
2024-05-09 11:30:00,1398.45,1398.45,1398.45,1398.45,9
2024-05-09 11:31:00,1398.45,1398.45,1398.45,1398.45,0
2024-05-09 11:32:00,1399.9,1399.9,1399.9,1399.9,1
2024-05-09 11:33:00,1400.45,1400.45,1398.6,1398.6,33
2024-05-09 11:34:00,1398.6,1400.55,1396.2,1396.2,347
2024-05-09 11:35:00,1396.2,1396.2,1396.2,1396.2,7
2024-05-09 11:36:00,1396.2,1396.3,1396.2,1396.3,8
2024-05-09 11:37:00,1396.3,1398.5,1396.3,1396.95,22
2024-05-09 11:38:00,1396.95,1398.75,1396.95,1398.75,18
2024-05-09 11:39:00,1398.75,1398.8,1398.75,1398.8,1
2024-05-09 11:40:00,1398.8,1401.35,1398.8,1401.35,269
2024-05-09 11:41:00,1402.1,1402.7,1400.85,1400.85,28
2024-05-09 11:42:00,1400.85,1402.8,1400.85,1402.8,20
2024-05-09 11:43:00,1402.8,1403.6,1402.7,1403.6,7
2024-05-09 11:44:00,1403.6,1404.4,1402.35,1402.35,52
2024-05-09 11:45:00,1402.35,1402.35,1402.35,1402.35,0
2024-05-09 11:46:00,1402.35,1404.8,1402.35,1404.8,11
2024-05-09 11:47:00,1404.8,1404.9,1404.8,1404.9,23
2024-05-09 11:48:00,1404.9,1404.9,1402.2,1402.2,4
2024-05-09 11:49:00,1402.2,1403.6,1402.2,1403.6,188124
2024-05-09 11:50:00,1403.6,1404.2,1403.6,1404.2,12
2024-05-09 11:51:00,1404.2,1404.2,1401.95,1401.95,1
2024-05-09 11:52:00,1401.95,1401.95,1401.3,1401.3,5
2024-05-09 11:53:00,1401.3,1401.3,1401.2,1401.2,1
2024-05-09 11:54:00,1401.2,1401.2,1400.0,1400.0,25
2024-05-09 11:55:00,1400.0,1400.0,1400.0,1400.0,0
2024-05-09 11:56:00,1400.0,1400.0,1400.0,1400.0,0
2024-05-09 11:57:00,1400.0,1402.55,1400.0,1402.55,28
2024-05-09 11:58:00,1402.55,1402.55,1401.0,1401.0,5
2024-05-09 11:59:00,1401.0,1401.0,1401.0,1401.0,0
2024-05-09 12:00:00,1401.0,1401.0,1401.0,1401.0,1
2024-05-09 12:01:00,1401.0,1402.0,1401.0,1401.0,114
2024-05-09 12:02:00,1401.0,1402.0,1401.0,1401.0,60
2024-05-09 12:03:00,1401.0,1401.0,1401.0,1401.0,0
2024-05-09 12:04:00,1401.0,1401.0,1401.0,1401.0,21
2024-05-09 12:05:00,1401.0,1401.0,1401.0,1401.0,6
2024-05-09 12:08:00,1401.0,1401.0,1401.0,1401.0,0
2024-05-09 12:09:00,1401.0,1401.0,1401.0,1401.0,0
2024-05-09 12:10:00,1401.85,1402.4,1401.1,1401.1,33
2024-05-09 12:11:00,1401.1,1401.1,1401.1,1401.1,0
2024-05-09 12:12:00,1401.1,1401.1,1401.1,1401.1,0
2024-05-09 12:13:00,1401.1,1402.0,1401.1,1402.0,4
2024-05-09 12:14:00,1402.0,1402.0,1402.0,1402.0,0
2024-05-09 12:15:00,1402.9,1403.0,1402.9,1403.0,24
2024-05-09 12:16:00,1401.3,1401.3,1401.05,1401.05,105
2024-05-09 12:17:00,1401.05,1401.05,1401.05,1401.05,1
2024-05-09 12:18:00,1401.05,1401.05,1401.05,1401.05,0
2024-05-09 12:19:00,1401.05,1402.4,1401.05,1402.4,4
2024-05-09 12:20:00,1402.4,1402.4,1402.4,1402.4,1
2024-05-09 12:21:00,1402.4,1402.4,1402.4,1402.4,0
2024-05-09 12:22:00,1402.4,1402.4,1402.4,1402.4,0
2024-05-09 12:23:00,1400.0,1400.0,1398.45,1398.45,276
2024-05-09 12:24:00,1398.45,1399.9,1398.45,1399.9,1
2024-05-09 12:26:00,1399.9,1399.9,1399.5,1399.9,4
2024-05-09 12:27:00,1399.9,1399.9,1399.9,1399.9,0
2024-05-09 12:28:00,1399.9,1400.35,1399.9,1400.35,1
2024-05-09 12:29:00,1400.35,1400.35,1400.35,1400.35,0
2024-05-09 12:30:00,1400.35,1400.35,1400.35,1400.35,0
2024-05-09 12:31:00,1400.35,1400.35,1400.35,1400.35,1
2024-05-09 12:32:00,1400.35,1400.35,1400.35,1400.35,0
2024-05-09 12:33:00,1400.35,1400.4,1400.35,1400.4,6
2024-05-09 12:34:00,1398.9,1398.9,1398.9,1398.9,1
2024-05-09 12:35:00,1398.9,1398.9,1398.9,1398.9,0
2024-05-09 12:36:00,1398.9,1398.9,1398.9,1398.9,0
2024-05-09 12:37:00,1398.9,1398.9,1398.9,1398.9,0
2024-05-09 12:38:00,1399.95,1400.25,1398.95,1398.95,52
2024-05-09 12:39:00,1398.95,1398.95,1398.6,1398.6,2
2024-05-09 12:40:00,1398.6,1398.6,1398.6,1398.6,0
2024-05-09 12:41:00,1398.6,1398.6,1395.0,1395.0,496
2024-05-09 12:42:00,1395.0,1396.0,1395.0,1396.0,5
2024-05-09 12:43:00,1396.0,1397.35,1396.0,1396.9,303
2024-05-09 12:44:00,1396.9,1396.9,1396.45,1396.45,1
2024-05-09 12:45:00,1396.45,1396.45,1396.45,1396.45,0
2024-05-09 12:46:00,1396.45,1396.45,1396.45,1396.45,0
2024-05-09 12:47:00,1396.45,1397.7,1396.45,1397.7,1
2024-05-09 12:48:00,1397.7,1397.7,1397.7,1397.7,0
2024-05-09 12:49:00,1397.7,1397.7,1396.15,1396.15,15
2024-05-09 12:50:00,1396.15,1396.15,1396.15,1396.15,0
2024-05-09 12:51:00,1396.2,1397.7,1396.2,1397.7,2
2024-05-09 12:52:00,1397.7,1397.7,1397.7,1397.7,0
2024-05-09 12:53:00,1397.7,1397.7,1391.65,1391.65,970
2024-05-09 12:54:00,1391.05,1391.05,1391.0,1391.0,39
2024-05-09 12:55:00,1391.0,1391.0,1391.0,1391.0,0
2024-05-09 12:56:00,1391.85,1391.85,1391.85,1391.85,5
2024-05-09 12:57:00,1391.85,1392.0,1391.85,1392.0,56
2024-05-09 12:58:00,1392.0,1392.0,1390.25,1390.25,180
2024-05-09 12:59:00,1390.25,1390.25,1390.25,1390.25,0
2024-05-09 13:00:00,1390.25,1390.25,1390.25,1390.25,6
2024-05-09 13:01:00,1390.25,1390.25,1390.25,1390.25,2
2024-05-09 13:02:00,1390.25,1390.25,1390.25,1390.25,0
2024-05-09 13:03:00,1390.25,1390.25,1390.25,1390.25,10
2024-05-09 13:04:00,1390.25,1391.1,1390.25,1391.0,15
2024-05-09 13:05:00,1391.0,1391.55,1391.0,1391.55,51
2024-05-09 13:06:00,1391.55,1391.55,1390.45,1390.45,12
2024-05-09 13:07:00,1390.45,1390.45,1390.45,1390.45,0
2024-05-09 13:08:00,1390.25,1390.25,1390.25,1390.25,46
2024-05-09 13:09:00,1390.25,1390.25,1390.1,1390.1,32
2024-05-09 13:10:00,1390.1,1390.1,1390.1,1390.1,15
2024-05-09 13:11:00,1390.1,1390.1,1390.1,1390.1,0
2024-05-09 13:12:00,1390.1,1390.1,1386.25,1386.25,391
2024-05-09 13:13:00,1386.25,1386.25,1386.25,1386.25,33
2024-05-09 13:14:00,1386.25,1386.25,1386.25,1386.25,0
2024-05-09 13:15:00,1386.25,1387.45,1385.85,1385.85,47
2024-05-09 13:16:00,1385.85,1385.85,1385.85,1385.85,0
2024-05-09 13:17:00,1385.85,1387.05,1385.85,1387.05,28
2024-05-09 13:18:00,1386.0,1386.0,1386.0,1386.0,16
2024-05-09 13:19:00,1386.0,1386.05,1386.0,1386.05,15
2024-05-09 13:20:00,1386.05,1388.0,1386.05,1387.85,325
2024-05-09 13:21:00,1387.85,1387.85,1387.8,1387.8,4
2024-05-09 13:22:00,1387.8,1387.8,1385.25,1385.25,101
2024-05-09 13:23:00,1385.75,1386.7,1385.0,1385.0,111
2024-05-09 13:24:00,1385.0,1386.35,1385.0,1386.35,5
2024-05-09 13:25:00,1383.85,1384.4,1383.85,1384.4,86
2024-05-09 13:26:00,1384.4,1384.4,1383.15,1383.15,20
2024-05-09 13:27:00,1383.15,1383.15,1381.3,1381.3,267
2024-05-09 13:28:00,1381.3,1383.5,1381.3,1383.5,104
2024-05-09 13:29:00,1383.5,1383.5,1383.5,1383.5,0
2024-05-09 13:30:00,1383.5,1384.65,1383.0,1383.0,15
2024-05-09 13:31:00,1383.0,1383.0,1383.0,1383.0,0
2024-05-09 13:32:00,1383.0,1383.0,1383.0,1383.0,1
2024-05-09 13:33:00,1383.0,1384.4,1383.0,1384.0,501
2024-05-09 13:34:00,1383.0,1383.0,1381.8,1381.8,20
2024-05-09 13:35:00,1381.8,1381.8,1381.8,1381.8,0
2024-05-09 13:36:00,1380.6,1380.6,1380.6,1380.6,22
2024-05-09 13:37:00,1380.6,1380.6,1377.05,1379.05,558
2024-05-09 13:38:00,1379.05,1381.15,1379.05,1379.15,13
2024-05-09 13:39:00,1379.15,1379.15,1379.15,1379.15,200
2024-05-09 13:40:00,1379.15,1381.5,1379.15,1381.5,45
2024-05-09 13:41:00,1381.5,1383.8,1381.5,1383.8,70
2024-05-09 13:42:00,1383.8,1383.9,1383.8,1383.9,50
2024-05-09 13:43:00,1383.9,1383.9,1381.6,1383.65,16
2024-05-09 13:44:00,1383.65,1383.65,1381.65,1383.55,40
2024-05-09 13:45:00,1383.55,1383.55,1383.5,1383.5,1
2024-05-09 13:46:00,1383.5,1383.5,1381.4,1383.15,30
2024-05-09 13:47:00,1383.15,1383.65,1383.15,1383.65,26
2024-05-09 13:48:00,1383.65,1385.0,1383.65,1385.0,5
2024-05-09 13:49:00,1385.0,1385.0,1385.0,1385.0,0
2024-05-09 13:50:00,1385.0,1385.0,1385.0,1385.0,0
2024-05-09 13:51:00,1385.0,1385.0,1385.0,1385.0,1
2024-05-09 13:53:00,1385.0,1385.0,1383.3,1383.3,10
2024-05-09 13:54:00,1383.3,1383.5,1383.3,1383.4,5
2024-05-09 13:55:00,1383.4,1383.4,1383.4,1383.4,0
2024-05-09 13:56:00,1383.4,1383.4,1383.4,1383.4,0
2024-05-09 13:57:00,1383.4,1383.4,1383.4,1383.4,0
2024-05-09 13:58:00,1383.4,1383.4,1383.4,1383.4,0
2024-05-09 14:00:00,1383.4,1383.4,1382.55,1382.55,74
2024-05-09 14:01:00,1382.55,1382.55,1382.55,1382.55,0
2024-05-09 14:02:00,1382.55,1382.55,1379.45,1381.35,100
2024-05-09 14:03:00,1381.35,1381.35,1380.75,1380.75,5
2024-05-09 14:04:00,1380.75,1380.75,1380.75,1380.75,1
2024-05-09 14:05:00,1380.75,1380.75,1378.0,1379.75,275
2024-05-09 14:06:00,1379.75,1379.75,1377.2,1377.2,61
2024-05-09 14:07:00,1377.2,1377.2,1377.2,1377.2,0
2024-05-09 14:08:00,1377.2,1377.2,1377.2,1377.2,0
2024-05-09 14:09:00,1377.2,1377.2,1377.2,1377.2,0
2024-05-09 14:10:00,1377.2,1379.1,1377.2,1379.1,5
2024-05-09 14:11:00,1379.1,1379.1,1377.75,1378.8,5
2024-05-09 14:12:00,1378.8,1378.8,1378.75,1378.75,0
2024-05-09 14:13:00,1378.75,1378.75,1378.0,1378.65,11
2024-05-09 14:14:00,1378.65,1378.65,1378.65,1378.65,4
2024-05-09 14:15:00,1378.65,1378.65,1378.65,1378.65,27
2024-05-09 14:16:00,1378.65,1391.2,1378.65,1388.4,1428
2024-05-09 14:17:00,1388.4,1388.4,1388.4,1388.4,0
2024-05-09 14:18:00,1387.6,1387.65,1387.6,1387.65,22
2024-05-09 14:19:00,1387.65,1387.65,1387.65,1387.65,0
2024-05-09 14:20:00,1387.65,1387.75,1387.65,1387.7,10
2024-05-09 14:21:00,1387.7,1387.7,1386.25,1386.25,4
2024-05-09 14:22:00,1386.25,1387.7,1386.25,1387.65,20
2024-05-09 14:23:00,1387.65,1391.95,1387.65,1391.45,459
2024-05-09 14:24:00,1391.45,1391.45,1391.0,1391.0,40
2024-05-09 14:25:00,1391.0,1392.0,1391.0,1392.0,27
2024-05-09 14:26:00,1392.3,1395.0,1392.3,1395.0,105
2024-05-09 14:27:00,1395.0,1395.0,1394.75,1394.8,12
2024-05-09 14:28:00,1394.8,1394.8,1393.0,1393.0,71
2024-05-09 14:29:00,1393.0,1393.0,1393.0,1393.0,0
2024-05-09 14:30:00,1393.0,1393.0,1392.55,1392.55,59
2024-05-09 14:31:00,1392.55,1392.55,1392.5,1392.5,2
2024-05-09 14:32:00,1392.5,1392.5,1392.5,1392.5,0
2024-05-09 14:33:00,1392.5,1392.5,1392.5,1392.5,0
2024-05-09 14:34:00,1390.65,1392.6,1390.65,1392.6,27
2024-05-09 14:35:00,1392.6,1392.6,1392.6,1392.6,0
2024-05-09 14:36:00,1392.6,1392.6,1392.0,1392.0,8
2024-05-09 14:37:00,1392.0,1392.3,1392.0,1392.3,67
2024-05-09 14:38:00,1392.3,1392.3,1392.3,1392.3,0
2024-05-09 14:39:00,1392.3,1392.3,1388.95,1391.05,79
2024-05-09 14:40:00,1391.05,1391.05,1390.1,1390.1,12
2024-05-09 14:41:00,1390.15,1390.15,1390.15,1390.15,18
2024-05-09 14:42:00,1390.85,1393.0,1387.0,1387.8,1002
2024-05-09 14:43:00,1387.8,1390.1,1387.1,1388.9,158
2024-05-09 14:44:00,1388.9,1388.9,1385.5,1386.75,311
2024-05-09 14:45:00,1386.6,1386.6,1382.9,1384.75,148
2024-05-09 14:46:00,1384.75,1385.4,1383.2,1385.4,34
2024-05-09 14:47:00,1385.4,1385.95,1382.4,1382.9,120
2024-05-09 14:48:00,1384.45,1386.6,1384.3,1386.6,85
2024-05-09 14:49:00,1386.6,1386.6,1383.95,1383.95,69
2024-05-09 14:50:00,1383.95,1386.45,1383.95,1386.2,5
2024-05-09 14:51:00,1386.2,1386.4,1385.15,1386.4,13
2024-05-09 14:52:00,1386.4,1388.4,1386.25,1387.6,14
2024-05-09 14:53:00,1387.6,1387.6,1387.6,1387.6,0
2024-05-09 14:54:00,1387.6,1387.6,1384.4,1384.4,9
2024-05-09 14:55:00,1384.4,1386.4,1384.35,1384.4,33
2024-05-09 14:56:00,1384.4,1387.95,1379.4,1380.15,2181
2024-05-09 14:57:00,1379.65,1381.4,1377.05,1377.9,969
2024-05-09 14:58:00,1377.9,1379.6,1376.0,1379.55,235
2024-05-09 14:59:00,1379.55,1379.55,1376.4,1378.05,17
2024-05-09 15:00:00,1378.05,1378.05,1377.8,1377.8,36
2024-05-09 15:01:00,1377.8,1380.65,1377.8,1377.8,381
2024-05-09 15:02:00,1377.8,1378.75,1370.3,1370.3,474
2024-05-09 15:03:00,1370.25,1372.5,1362.3,1364.2,1371
2024-05-09 15:04:00,1364.2,1364.4,1360.05,1364.35,832
2024-05-09 15:05:00,1364.35,1368.75,1360.15,1361.25,1054
2024-05-09 15:06:00,1360.2,1367.55,1360.2,1366.9,142
2024-05-09 15:07:00,1366.9,1367.95,1366.8,1367.95,117
2024-05-09 15:08:00,1369.9,1374.0,1369.9,1373.3,424
2024-05-09 15:09:00,1374.0,1378.4,1374.0,1376.45,191
2024-05-09 15:10:00,1376.45,1376.45,1376.4,1376.4,176
2024-05-09 15:11:00,1376.35,1376.4,1374.75,1374.85,234
2024-05-09 15:12:00,1374.85,1374.85,1372.7,1373.35,207
2024-05-09 15:13:00,1374.7,1374.7,1373.2,1373.3,98
2024-05-09 15:14:00,1373.65,1373.65,1372.0,1373.2,64
2024-05-09 15:15:00,1373.2,1373.2,1372.05,1372.45,28
2024-05-09 15:16:00,1372.8,1372.8,1370.0,1372.35,323
2024-05-09 15:17:00,1372.35,1372.35,1371.05,1372.3,36
2024-05-09 15:18:00,1372.3,1372.35,1372.25,1372.25,166
2024-05-09 15:19:00,1372.0,1373.25,1369.0,1373.25,362
2024-05-09 15:20:00,1373.25,1373.25,1370.3,1370.3,33
2024-05-09 15:21:00,1370.2,1372.3,1369.5,1371.35,202
2024-05-09 15:22:00,1370.95,1370.95,1365.8,1365.8,203
2024-05-09 15:23:00,1365.8,1374.35,1365.1,1374.25,461
2024-05-09 15:24:00,1371.8,1373.3,1371.2,1372.25,180
2024-05-09 15:25:00,1371.95,1371.95,1369.75,1371.65,114
2024-05-09 15:26:00,1371.65,1371.65,1366.15,1368.8,254
2024-05-09 15:27:00,1368.8,1368.8,1364.9,1365.15,547
2024-05-09 15:28:00,1365.15,1374.95,1365.15,1374.95,246
2024-05-09 15:29:00,1374.9,1378.1,1369.6,1374.9,396
2024-05-10 09:15:00,1377.95,1377.95,1371.05,1371.05,100
2024-05-10 09:16:00,1371.05,1374.9,1368.8,1372.3,302
2024-05-10 09:17:00,1372.3,1372.3,1371.3,1372.15,205
2024-05-10 09:18:00,1372.15,1372.15,1368.0,1368.8,475
2024-05-10 09:19:00,1368.8,1368.8,1366.65,1366.65,27
2024-05-10 09:20:00,1370.25,1370.25,1365.05,1365.05,194
2024-05-10 09:21:00,1365.5,1368.5,1365.0,1368.5,85
2024-05-10 09:22:00,1368.5,1368.5,1365.5,1367.5,5
2024-05-10 09:23:00,1367.5,1367.5,1367.5,1367.5,50
2024-05-10 09:24:00,1367.5,1369.65,1367.5,1369.65,24
2024-05-10 09:25:00,1368.4,1371.2,1368.4,1368.95,123
2024-05-10 09:26:00,1368.95,1370.65,1368.95,1370.65,3
2024-05-10 09:27:00,1370.65,1371.0,1370.65,1371.0,7
2024-05-10 09:28:00,1371.0,1371.0,1371.0,1371.0,9
2024-05-10 09:29:00,1371.0,1371.0,1366.95,1368.65,148
2024-05-10 09:30:00,1368.65,1370.3,1368.4,1370.3,530
2024-05-10 09:31:00,1370.3,1371.5,1370.3,1371.5,2
2024-05-10 09:32:00,1371.5,1372.15,1371.05,1371.05,430
2024-05-10 09:33:00,1373.6,1373.6,1373.6,1373.6,15
2024-05-10 09:34:00,1373.0,1373.0,1372.8,1372.8,20
2024-05-10 09:35:00,1372.8,1372.8,1369.15,1369.45,112
2024-05-10 09:36:00,1369.45,1369.45,1366.15,1366.15,92
2024-05-10 09:37:00,1365.45,1369.75,1362.0,1369.75,969
2024-05-10 09:38:00,1369.95,1370.2,1367.5,1368.75,168
2024-05-10 09:39:00,1368.75,1369.75,1367.0,1367.0,618
2024-05-10 09:40:00,1367.0,1367.0,1362.0,1362.0,104
2024-05-10 09:41:00,1362.0,1363.05,1362.0,1362.15,15
2024-05-10 09:42:00,1362.15,1365.6,1362.15,1365.6,27
2024-05-10 09:43:00,1365.6,1365.6,1363.05,1363.05,200
2024-05-10 09:44:00,1363.05,1365.65,1363.05,1365.65,2
2024-05-10 09:45:00,1365.65,1365.65,1365.65,1365.65,5
2024-05-10 09:46:00,1365.65,1365.65,1365.65,1365.65,0
2024-05-10 09:47:00,1365.65,1365.65,1365.65,1365.65,0
2024-05-10 09:48:00,1365.65,1365.65,1365.65,1365.65,8
2024-05-10 09:49:00,1365.65,1365.65,1365.65,1365.65,0
2024-05-10 09:50:00,1365.65,1365.65,1365.25,1365.25,34
2024-05-10 09:51:00,1365.25,1365.25,1365.25,1365.25,0
2024-05-10 09:52:00,1365.25,1365.25,1365.25,1365.25,0
2024-05-10 09:53:00,1365.25,1365.25,1365.25,1365.25,0
2024-05-10 09:54:00,1366.85,1366.85,1366.85,1366.85,19
2024-05-10 09:55:00,1366.85,1368.15,1366.85,1368.15,8
2024-05-10 09:56:00,1369.55,1369.55,1369.55,1369.55,15
2024-05-10 09:57:00,1369.55,1370.9,1369.55,1370.9,63
2024-05-10 09:58:00,1370.9,1371.0,1370.9,1371.0,10
2024-05-10 09:59:00,1371.0,1375.95,1371.0,1375.95,483
2024-05-10 10:00:00,1375.95,1375.95,1374.5,1374.5,37
2024-05-10 10:01:00,1374.5,1374.5,1373.35,1373.35,122
2024-05-10 10:02:00,1373.35,1373.35,1371.1,1371.1,101
2024-05-10 10:03:00,1371.1,1371.1,1369.8,1369.8,0
2024-05-10 10:04:00,1369.8,1369.8,1369.8,1369.8,72
2024-05-10 10:05:00,1369.8,1369.8,1369.8,1369.8,0
2024-05-10 10:06:00,1371.15,1371.15,1369.25,1369.25,59
2024-05-10 10:07:00,1369.25,1369.25,1369.25,1369.25,0
2024-05-10 10:08:00,1369.25,1369.25,1369.25,1369.25,0
2024-05-10 10:09:00,1369.25,1369.25,1369.25,1369.25,0
2024-05-10 10:10:00,1369.25,1369.25,1369.25,1369.25,0
2024-05-10 10:11:00,1369.25,1369.25,1369.25,1369.25,0
2024-05-10 10:12:00,1371.05,1371.05,1371.05,1371.05,2
2024-05-10 10:13:00,1371.05,1371.05,1371.05,1371.05,0
2024-05-10 10:14:00,1371.05,1371.05,1371.05,1371.05,15
2024-05-10 10:15:00,1371.05,1371.05,1371.05,1371.05,0
2024-05-10 10:16:00,1371.05,1371.05,1371.05,1371.05,0
2024-05-10 10:17:00,1371.05,1371.05,1371.05,1371.05,0
2024-05-10 10:18:00,1372.4,1372.4,1372.4,1372.4,35
2024-05-10 10:19:00,1373.85,1374.0,1373.85,1374.0,10
2024-05-10 10:20:00,1374.0,1374.0,1374.0,1374.0,18
2024-05-10 10:21:00,1374.0,1374.0,1372.45,1373.05,29
2024-05-10 10:22:00,1373.05,1373.45,1373.05,1373.45,60
2024-05-10 10:23:00,1373.45,1373.8,1373.45,1373.8,11
2024-05-10 10:24:00,1373.8,1373.8,1373.8,1373.8,0
2024-05-10 10:25:00,1373.8,1373.8,1373.8,1373.8,0
2024-05-10 10:26:00,1373.8,1374.0,1373.75,1374.0,18
2024-05-10 10:27:00,1374.0,1374.0,1373.8,1373.8,4
2024-05-10 10:28:00,1373.8,1373.8,1373.8,1373.8,0
2024-05-10 10:29:00,1373.8,1373.9,1372.1,1372.1,4
2024-05-10 10:30:00,1372.1,1372.1,1372.1,1372.1,1
2024-05-10 10:31:00,1372.05,1372.05,1371.65,1371.65,77
2024-05-10 10:32:00,1371.65,1373.35,1371.65,1373.35,6
2024-05-10 10:33:00,1373.35,1373.35,1373.35,1373.35,0
2024-05-10 10:34:00,1373.35,1373.35,1373.35,1373.35,0
2024-05-10 10:35:00,1373.35,1373.35,1373.35,1373.35,0
2024-05-10 10:36:00,1371.15,1372.85,1371.15,1372.85,28
2024-05-10 10:37:00,1372.8,1372.8,1372.8,1372.8,2
2024-05-10 10:38:00,1372.8,1373.9,1372.8,1373.9,4
2024-05-10 10:39:00,1373.9,1374.85,1373.9,1374.85,200
2024-05-10 10:40:00,1374.85,1374.85,1374.2,1374.2,1
2024-05-10 10:41:00,1372.6,1372.6,1372.6,1372.6,66
2024-05-10 10:42:00,1372.6,1372.6,1372.6,1372.6,0
2024-05-10 10:43:00,1373.6,1373.6,1373.6,1373.6,27
2024-05-10 10:44:00,1373.6,1373.6,1373.6,1373.6,0
2024-05-10 10:45:00,1373.6,1373.6,1373.6,1373.6,0
2024-05-10 10:46:00,1373.6,1373.6,1373.6,1373.6,0
2024-05-10 10:47:00,1365.25,1365.25,1363.2,1363.2,411
2024-05-10 10:48:00,1363.2,1363.85,1360.05,1362.85,394
2024-05-10 10:49:00,1365.0,1367.0,1365.0,1367.0,103
2024-05-10 10:50:00,1367.0,1367.0,1366.3,1366.3,10
2024-05-10 10:51:00,1365.0,1365.2,1365.0,1365.2,104
2024-05-10 10:52:00,1365.2,1365.2,1365.2,1365.2,0
2024-05-10 10:53:00,1363.0,1363.0,1363.0,1363.0,2
2024-05-10 10:54:00,1364.25,1364.25,1364.25,1364.25,10
2024-05-10 10:55:00,1364.25,1364.25,1364.25,1364.25,0
2024-05-10 10:56:00,1364.25,1364.5,1364.25,1364.5,4
2024-05-10 10:57:00,1364.5,1364.5,1364.5,1364.5,0
2024-05-10 10:58:00,1364.5,1364.5,1363.45,1363.45,3
2024-05-10 10:59:00,1363.45,1363.45,1363.45,1363.45,0
2024-05-10 11:01:00,1363.45,1364.75,1363.45,1364.75,14
2024-05-10 11:02:00,1364.75,1364.75,1362.45,1362.45,38
2024-05-10 11:03:00,1362.45,1362.45,1354.75,1354.75,0
2024-05-10 11:04:00,1354.75,1354.75,1349.65,1354.65,2580
2024-05-10 11:05:00,1354.65,1354.65,1354.65,1354.65,0
2024-05-10 11:06:00,1354.65,1354.65,1354.65,1354.65,0
2024-05-10 11:07:00,1354.65,1358.75,1354.65,1356.7,120
2024-05-10 11:08:00,1356.7,1358.0,1356.7,1357.0,25
2024-05-10 11:09:00,1357.0,1357.0,1357.0,1357.0,0
2024-05-10 11:10:00,1357.0,1358.6,1357.0,1358.0,56
2024-05-10 11:11:00,1356.3,1356.3,1354.65,1356.0,236
2024-05-10 11:12:00,1356.0,1357.25,1355.75,1355.75,18
2024-05-10 11:13:00,1355.75,1355.75,1355.75,1355.75,100
2024-05-10 11:14:00,1355.75,1355.75,1355.75,1355.75,0
2024-05-10 11:15:00,1355.45,1355.45,1355.15,1355.15,57
2024-05-10 11:16:00,1355.15,1357.05,1355.15,1357.05,2
2024-05-10 11:17:00,1357.0,1357.0,1357.0,1357.0,10
2024-05-10 11:18:00,1357.0,1357.0,1357.0,1357.0,0
2024-05-10 11:19:00,1357.0,1357.0,1357.0,1357.0,1
2024-05-10 11:20:00,1355.65,1357.05,1355.65,1357.05,6
2024-05-10 11:21:00,1357.05,1357.05,1355.7,1355.7,6
2024-05-10 11:22:00,1357.05,1358.5,1357.05,1358.5,33
2024-05-10 11:23:00,1358.5,1358.5,1358.5,1358.5,0
2024-05-10 11:24:00,1358.35,1358.35,1358.35,1358.35,2
2024-05-10 11:25:00,1358.35,1358.35,1358.35,1358.35,0
2024-05-10 11:26:00,1358.35,1358.35,1358.35,1358.35,0
2024-05-10 11:27:00,1359.95,1362.2,1359.95,1362.2,99
2024-05-10 11:28:00,1362.2,1364.65,1362.2,1364.65,23
2024-05-10 11:29:00,1364.65,1364.65,1364.65,1364.65,0
2024-05-10 11:30:00,1364.65,1364.65,1364.35,1364.35,9
2024-05-10 11:31:00,1364.65,1364.65,1364.65,1364.65,9
2024-05-10 11:32:00,1364.65,1364.65,1364.65,1364.65,0
2024-05-10 11:34:00,1364.65,1364.65,1364.65,1364.65,3
2024-05-10 11:35:00,1364.9,1365.4,1363.2,1365.4,63
2024-05-10 11:36:00,1365.4,1365.4,1365.4,1365.4,0
2024-05-10 11:37:00,1365.4,1365.8,1365.4,1365.8,3
2024-05-10 11:38:00,1365.8,1365.8,1365.8,1365.8,29
2024-05-10 11:39:00,1365.8,1365.8,1365.8,1365.8,0
2024-05-10 11:40:00,1365.8,1365.8,1364.0,1364.0,8
2024-05-10 11:41:00,1364.0,1365.8,1363.3,1363.3,80
2024-05-10 11:42:00,1363.3,1363.3,1363.3,1363.3,0
2024-05-10 11:43:00,1363.3,1365.05,1363.3,1365.05,35
2024-05-10 11:44:00,1365.05,1365.05,1365.05,1365.05,0
2024-05-10 11:45:00,1365.05,1365.05,1363.05,1363.05,15
2024-05-10 11:46:00,1363.05,1365.6,1363.05,1365.25,61
2024-05-10 11:47:00,1365.25,1365.25,1365.25,1365.25,0
2024-05-10 11:48:00,1365.25,1365.25,1363.2,1363.2,0
2024-05-10 11:49:00,1363.2,1363.2,1363.05,1363.05,14
2024-05-10 11:50:00,1363.05,1363.05,1363.05,1363.05,0
2024-05-10 11:51:00,1363.05,1363.05,1362.85,1362.85,25
2024-05-10 11:52:00,1362.85,1362.85,1362.85,1362.85,0
2024-05-10 11:53:00,1362.85,1362.85,1362.85,1362.85,0
2024-05-10 11:55:00,1362.85,1362.85,1361.4,1361.4,134
2024-05-10 11:56:00,1361.4,1361.55,1361.4,1361.55,6
2024-05-10 11:57:00,1361.55,1361.55,1361.3,1361.3,0
2024-05-10 11:58:00,1361.3,1362.25,1361.25,1362.25,244
2024-05-10 11:59:00,1362.25,1362.95,1362.25,1362.95,7
2024-05-10 12:00:00,1363.1,1363.1,1363.1,1363.1,63
2024-05-10 12:01:00,1363.1,1365.5,1363.1,1365.5,8
2024-05-10 12:02:00,1365.5,1365.8,1364.15,1365.75,21
2024-05-10 12:03:00,1365.75,1365.75,1365.75,1365.75,0
2024-05-10 12:04:00,1365.75,1365.75,1363.7,1363.7,8
2024-05-10 12:05:00,1363.7,1363.7,1363.7,1363.7,0
2024-05-10 12:06:00,1363.7,1363.7,1363.7,1363.7,0
2024-05-10 12:07:00,1363.7,1363.7,1363.7,1363.7,0
2024-05-10 12:08:00,1363.7,1363.7,1363.7,1363.7,0
2024-05-10 12:09:00,1363.7,1363.7,1363.7,1363.7,0
2024-05-10 12:10:00,1363.7,1365.75,1363.7,1365.75,3
2024-05-10 12:11:00,1365.75,1365.75,1365.75,1365.75,5
2024-05-10 12:12:00,1365.75,1365.75,1365.75,1365.75,4
2024-05-10 12:13:00,1365.75,1365.75,1365.75,1365.75,25
2024-05-10 12:14:00,1365.75,1365.75,1365.55,1365.55,15
2024-05-10 12:15:00,1363.3,1363.3,1363.3,1363.3,15
2024-05-10 12:16:00,1363.3,1363.3,1363.3,1363.3,0
2024-05-10 12:17:00,1363.3,1365.8,1360.2,1360.2,170
2024-05-10 12:18:00,1360.2,1360.2,1360.2,1360.2,0
2024-05-10 12:19:00,1360.2,1360.2,1360.2,1360.2,0
2024-05-10 12:20:00,1360.2,1361.85,1360.2,1361.85,5
2024-05-10 12:21:00,1361.85,1362.0,1361.85,1362.0,5
2024-05-10 12:22:00,1362.0,1362.0,1362.0,1362.0,8
2024-05-10 12:23:00,1362.0,1362.0,1362.0,1362.0,0
2024-05-10 12:24:00,1362.0,1362.0,1361.9,1361.9,0
2024-05-10 12:25:00,1361.9,1361.9,1355.15,1355.15,221
2024-05-10 12:26:00,1355.15,1357.1,1355.15,1355.2,51
2024-05-10 12:27:00,1355.2,1357.05,1355.2,1357.05,1
2024-05-10 12:28:00,1357.05,1358.0,1355.7,1355.7,268
2024-05-10 12:29:00,1357.6,1357.8,1357.6,1357.8,19
2024-05-10 12:30:00,1357.8,1358.4,1357.8,1358.4,3
2024-05-10 12:31:00,1358.4,1359.0,1358.4,1359.0,5
2024-05-10 12:32:00,1359.0,1371.95,1359.0,1371.95,1731
2024-05-10 12:33:00,1371.95,1371.95,1370.0,1370.0,196
2024-05-10 12:34:00,1370.0,1372.0,1370.0,1371.0,186
2024-05-10 12:35:00,1371.0,1373.95,1371.0,1373.95,2
2024-05-10 12:36:00,1373.95,1374.8,1373.95,1374.8,62
2024-05-10 12:37:00,1374.8,1374.85,1373.25,1374.85,5
2024-05-10 12:38:00,1374.85,1374.85,1374.85,1374.85,2
2024-05-10 12:39:00,1374.85,1374.85,1374.85,1374.85,4
2024-05-10 12:40:00,1374.85,1374.85,1374.85,1374.85,4
2024-05-10 12:41:00,1374.85,1374.85,1374.85,1374.85,2
2024-05-10 12:42:00,1373.55,1374.85,1373.55,1374.85,8
2024-05-10 12:43:00,1374.85,1374.85,1371.0,1371.0,219
2024-05-10 12:44:00,1371.0,1371.0,1371.0,1371.0,4
2024-05-10 12:45:00,1371.0,1371.1,1368.8,1368.8,28
2024-05-10 12:46:00,1368.8,1368.8,1368.8,1368.8,0
2024-05-10 12:47:00,1368.8,1368.8,1368.8,1368.8,0
2024-05-10 12:48:00,1368.8,1368.8,1367.25,1367.25,425
2024-05-10 12:49:00,1367.25,1368.2,1367.25,1368.2,2
2024-05-10 12:50:00,1368.2,1368.2,1368.2,1368.2,0
2024-05-10 12:51:00,1368.2,1368.2,1368.2,1368.2,0
2024-05-10 12:52:00,1368.2,1368.2,1368.2,1368.2,0
2024-05-10 12:53:00,1368.2,1368.2,1368.2,1368.2,0
2024-05-10 12:55:00,1368.2,1368.95,1368.2,1368.95,1
2024-05-10 12:57:00,1368.95,1368.95,1368.95,1368.95,10
2024-05-10 12:58:00,1368.95,1368.95,1368.95,1368.95,0
2024-05-10 13:01:00,1368.95,1368.95,1365.0,1365.0,288
2024-05-10 13:02:00,1365.0,1365.0,1365.0,1365.0,0
2024-05-10 13:03:00,1366.0,1366.0,1366.0,1366.0,15
2024-05-10 13:04:00,1366.3,1366.7,1365.0,1366.7,324
2024-05-10 13:05:00,1366.7,1366.7,1366.7,1366.7,162
2024-05-10 13:06:00,1368.45,1368.45,1368.45,1368.45,92
2024-05-10 13:07:00,1368.45,1368.45,1368.45,1368.45,0
2024-05-10 13:08:00,1368.45,1368.45,1368.45,1368.45,0
2024-05-10 13:09:00,1368.45,1368.45,1368.45,1368.45,0
2024-05-10 13:10:00,1368.45,1370.3,1368.45,1370.3,5
2024-05-10 13:11:00,1370.3,1370.3,1370.3,1370.3,0
2024-05-10 13:12:00,1370.3,1370.3,1370.3,1370.3,3
2024-05-10 13:13:00,1370.3,1370.3,1370.15,1370.15,2
2024-05-10 13:14:00,1370.15,1370.35,1370.15,1370.2,11
2024-05-10 13:15:00,1370.2,1370.2,1366.65,1366.65,60
2024-05-10 13:16:00,1366.65,1369.45,1366.65,1369.45,1
2024-05-10 13:17:00,1369.45,1369.45,1369.45,1369.45,0
2024-05-10 13:18:00,1367.85,1368.75,1367.85,1368.75,50
2024-05-10 13:19:00,1368.75,1368.75,1368.65,1368.65,1
2024-05-10 13:20:00,1368.65,1368.8,1368.65,1368.8,30
2024-05-10 13:21:00,1368.8,1368.8,1368.8,1368.8,2
2024-05-10 13:22:00,1368.8,1368.8,1368.8,1368.8,0
2024-05-10 13:23:00,1367.75,1368.5,1367.75,1368.5,3
2024-05-10 13:24:00,1368.5,1368.5,1368.5,1368.5,0
2024-05-10 13:25:00,1369.7,1369.7,1369.7,1369.7,176
2024-05-10 13:26:00,1369.7,1370.0,1368.5,1368.5,2
2024-05-10 13:27:00,1368.5,1368.5,1368.5,1368.5,14
2024-05-10 13:28:00,1368.5,1368.5,1368.5,1368.5,0
2024-05-10 13:29:00,1368.5,1368.5,1368.5,1368.5,0
2024-05-10 13:30:00,1368.5,1370.0,1368.5,1368.5,51
2024-05-10 13:31:00,1368.5,1372.75,1368.5,1372.75,180
2024-05-10 13:32:00,1372.75,1375.0,1372.75,1373.1,202
2024-05-10 13:33:00,1373.1,1374.7,1373.1,1374.7,29
2024-05-10 13:34:00,1374.7,1374.7,1374.7,1374.7,0
2024-05-10 13:35:00,1374.7,1374.7,1374.7,1374.7,0
2024-05-10 13:37:00,1374.7,1374.7,1374.6,1374.6,1
2024-05-10 13:38:00,1374.6,1374.6,1374.6,1374.6,0
2024-05-10 13:39:00,1374.6,1374.6,1374.6,1374.6,0
2024-05-10 13:40:00,1374.6,1374.65,1374.6,1374.65,0
2024-05-10 13:41:00,1374.65,1374.65,1374.65,1374.65,1
2024-05-10 13:42:00,1374.65,1374.65,1374.65,1374.65,0
2024-05-10 13:44:00,1374.65,1374.65,1374.55,1374.55,1
2024-05-10 13:45:00,1374.6,1374.6,1369.65,1369.65,656
2024-05-10 13:46:00,1369.65,1369.65,1369.65,1369.65,0
2024-05-10 13:47:00,1369.65,1369.65,1324.0,1343.0,12721
2024-05-10 13:48:00,1340.9,1344.95,1332.45,1342.5,7839
2024-05-10 13:49:00,1342.7,1346.9,1332.25,1342.2,7027
2024-05-10 13:50:00,1342.1,1358.15,1333.6,1358.15,7118
2024-05-10 13:51:00,1358.15,1365.25,1351.25,1355.6,13658
2024-05-10 13:52:00,1354.5,1358.0,1347.1,1353.2,7723
2024-05-10 13:53:00,1353.2,1359.95,1353.2,1357.0,4978
2024-05-10 13:54:00,1355.15,1369.9,1354.4,1369.9,7164
2024-05-10 13:55:00,1369.9,1369.9,1361.0,1365.0,2557
2024-05-10 13:56:00,1365.0,1365.0,1355.0,1357.95,4181
2024-05-10 13:57:00,1357.95,1368.8,1356.2,1361.8,3771
2024-05-10 13:58:00,1361.85,1364.35,1357.9,1362.7,1019
2024-05-10 13:59:00,1364.0,1367.95,1362.4,1362.4,3866
2024-05-10 14:00:00,1362.4,1368.2,1362.35,1368.0,1733
2024-05-10 14:01:00,1368.0,1368.0,1364.0,1364.0,1541
2024-05-10 14:02:00,1364.0,1364.3,1362.45,1362.65,718
2024-05-10 14:03:00,1362.65,1367.7,1362.65,1367.7,1828
2024-05-10 14:04:00,1367.0,1368.0,1364.8,1364.8,623
2024-05-10 14:05:00,1367.0,1369.0,1365.6,1368.05,860
2024-05-10 14:06:00,1368.05,1393.0,1368.0,1390.95,8233
2024-05-10 14:07:00,1390.25,1390.25,1375.65,1377.15,3814
2024-05-10 14:08:00,1377.15,1387.25,1377.15,1386.0,3611
2024-05-10 14:09:00,1386.0,1386.45,1382.55,1385.9,1990
2024-05-10 14:10:00,1387.3,1396.4,1383.75,1395.0,2060
2024-05-10 14:11:00,1395.0,1396.95,1380.15,1380.3,3057
2024-05-10 14:12:00,1380.3,1387.9,1380.0,1387.9,1407
2024-05-10 14:13:00,1387.9,1388.15,1380.8,1380.8,1087
2024-05-10 14:14:00,1378.1,1380.0,1377.15,1378.3,1891
2024-05-10 14:15:00,1378.3,1382.75,1378.3,1382.75,1175
2024-05-10 14:16:00,1382.75,1382.75,1377.7,1380.05,1229
2024-05-10 14:17:00,1380.05,1382.75,1380.05,1382.75,1672
2024-05-10 14:18:00,1382.75,1382.75,1382.4,1382.55,799
2024-05-10 14:19:00,1383.8,1388.2,1383.05,1387.7,680
2024-05-10 14:20:00,1387.7,1391.15,1385.0,1385.0,1638
2024-05-10 14:21:00,1385.0,1385.05,1382.45,1384.1,1653
2024-05-10 14:22:00,1384.1,1386.65,1382.85,1382.85,779
2024-05-10 14:23:00,1382.9,1384.5,1382.35,1382.75,27
2024-05-10 14:24:00,1382.75,1382.8,1382.1,1382.1,333
2024-05-10 14:25:00,1382.1,1384.65,1382.1,1383.85,194
2024-05-10 14:26:00,1382.9,1385.6,1382.65,1383.95,501
2024-05-10 14:27:00,1383.95,1385.0,1383.95,1385.0,112
2024-05-10 14:28:00,1387.4,1390.0,1385.95,1389.75,1498
2024-05-10 14:29:00,1391.2,1393.5,1390.35,1393.5,573
2024-05-10 14:30:00,1393.5,1396.95,1392.1,1396.95,339
2024-05-10 14:31:00,1397.0,1405.7,1396.0,1398.8,4188
2024-05-10 14:32:00,1398.8,1398.8,1395.05,1395.2,787
2024-05-10 14:33:00,1395.2,1398.7,1395.2,1398.7,363
2024-05-10 14:34:00,1396.9,1401.55,1396.5,1401.55,1210
2024-05-10 14:35:00,1401.55,1408.75,1400.35,1407.0,3235
2024-05-10 14:36:00,1407.0,1407.45,1398.55,1398.55,604
2024-05-10 14:37:00,1398.55,1403.2,1398.55,1403.2,1454
2024-05-10 14:38:00,1403.2,1407.0,1403.0,1407.0,905
2024-05-10 14:39:00,1404.0,1413.9,1404.0,1410.1,2627
2024-05-10 14:40:00,1410.1,1412.0,1404.25,1405.65,2372
2024-05-10 14:41:00,1405.65,1410.0,1405.55,1408.7,951
2024-05-10 14:42:00,1408.7,1409.95,1401.2,1402.55,1176
2024-05-10 14:43:00,1400.45,1402.1,1398.2,1401.75,2529
2024-05-10 14:44:00,1400.05,1406.0,1400.05,1404.25,426
2024-05-10 14:45:00,1404.25,1406.05,1402.8,1406.05,886
2024-05-10 14:46:00,1406.05,1408.0,1401.0,1403.15,925
2024-05-10 14:47:00,1403.15,1403.85,1400.0,1400.0,1505
2024-05-10 14:48:00,1400.0,1402.1,1400.0,1401.0,142
2024-05-10 14:49:00,1401.0,1402.95,1401.0,1401.55,275
2024-05-10 14:50:00,1402.85,1406.6,1402.85,1406.2,1020
2024-05-10 14:51:00,1407.25,1407.25,1402.05,1402.35,737
2024-05-10 14:52:00,1402.35,1403.95,1401.95,1402.1,205
2024-05-10 14:53:00,1402.1,1403.0,1402.1,1403.0,355
2024-05-10 14:54:00,1403.0,1403.05,1402.05,1402.05,10
2024-05-10 14:55:00,1402.05,1402.05,1401.65,1401.65,371
2024-05-10 14:56:00,1401.65,1401.65,1400.0,1400.0,596
2024-05-10 14:57:00,1400.0,1400.1,1398.0,1398.05,267
2024-05-10 14:58:00,1398.05,1398.5,1395.0,1395.0,452
2024-05-10 14:59:00,1395.0,1396.05,1394.0,1394.0,783
2024-05-10 15:00:00,1394.65,1395.1,1392.25,1394.05,708
2024-05-10 15:01:00,1394.25,1396.0,1393.55,1395.0,502
2024-05-10 15:02:00,1396.8,1399.3,1395.35,1397.0,428
2024-05-10 15:03:00,1397.0,1401.75,1397.0,1399.0,945
2024-05-10 15:04:00,1399.5,1401.7,1399.5,1400.2,73
2024-05-10 15:05:00,1400.2,1401.8,1400.1,1400.5,65
2024-05-10 15:06:00,1400.5,1408.55,1400.5,1407.1,1330
2024-05-10 15:07:00,1407.1,1407.15,1403.45,1403.45,560
2024-05-10 15:08:00,1405.05,1405.05,1402.2,1403.25,320
2024-05-10 15:09:00,1403.25,1403.85,1402.2,1403.85,171
2024-05-10 15:10:00,1403.85,1405.4,1403.85,1405.4,263
2024-05-10 15:11:00,1405.4,1408.0,1405.0,1405.95,752
2024-05-10 15:12:00,1405.95,1409.9,1405.95,1407.9,816
2024-05-10 15:13:00,1407.2,1408.2,1406.6,1406.7,744
2024-05-10 15:14:00,1407.85,1409.3,1407.85,1408.05,252
2024-05-10 15:15:00,1408.05,1411.95,1407.9,1409.95,2598
2024-05-10 15:16:00,1409.95,1413.85,1409.95,1412.15,661
2024-05-10 15:17:00,1413.3,1418.95,1412.55,1413.05,1748
2024-05-10 15:18:00,1414.65,1417.0,1412.5,1416.15,817
2024-05-10 15:19:00,1416.15,1417.9,1416.0,1416.0,974
2024-05-10 15:20:00,1417.75,1421.0,1416.05,1416.05,2038
2024-05-10 15:21:00,1416.05,1421.0,1416.05,1418.7,1113
2024-05-10 15:22:00,1420.9,1422.0,1418.6,1421.95,595
2024-05-10 15:23:00,1422.0,1427.0,1421.95,1425.0,935
2024-05-10 15:24:00,1425.2,1432.2,1425.0,1432.2,2794
2024-05-10 15:25:00,1432.85,1435.0,1430.3,1431.0,1597
2024-05-10 15:26:00,1431.0,1432.05,1430.45,1431.5,743
2024-05-10 15:27:00,1431.5,1434.95,1431.5,1434.95,1541
2024-05-10 15:28:00,1434.95,1435.65,1434.95,1434.95,839
2024-05-10 15:29:00,1434.9,1435.65,1411.2,1429.95,1215
2024-05-13 09:15:00,1385.3,1407.0,1363.7,1368.2,3877
2024-05-13 09:16:00,1366.45,1374.65,1366.4,1374.2,3544
2024-05-13 09:17:00,1374.15,1374.25,1371.15,1373.3,348
2024-05-13 09:18:00,1373.3,1382.0,1370.15,1381.95,1603
2024-05-13 09:19:00,1384.15,1384.15,1379.3,1379.3,455
2024-05-13 09:20:00,1381.4,1381.4,1375.35,1377.1,522
2024-05-13 09:21:00,1377.1,1379.95,1377.0,1377.4,233
2024-05-13 09:22:00,1377.4,1378.75,1375.45,1378.0,221
2024-05-13 09:23:00,1378.0,1378.0,1375.95,1377.1,100153
2024-05-13 09:24:00,1377.0,1377.1,1373.9,1374.1,564
2024-05-13 09:25:00,1374.05,1374.9,1370.05,1370.05,1938
2024-05-13 09:26:00,1370.05,1380.2,1370.05,1379.9,1671
2024-05-13 09:27:00,1379.3,1379.3,1375.0,1375.15,279
2024-05-13 09:28:00,1375.15,1375.15,1370.05,1371.6,362
2024-05-13 09:29:00,1371.6,1372.4,1368.0,1370.1,1142
2024-05-13 09:30:00,1370.05,1370.05,1365.15,1369.8,335
2024-05-13 09:31:00,1369.8,1369.8,1362.2,1362.2,1537
2024-05-13 09:32:00,1362.2,1363.85,1359.3,1359.3,1108
2024-05-13 09:33:00,1360.1,1360.95,1355.65,1358.45,390
2024-05-13 09:34:00,1358.45,1359.7,1357.0,1357.45,176
2024-05-13 09:35:00,1356.65,1356.65,1350.55,1350.55,831
2024-05-13 09:36:00,1350.25,1353.9,1350.1,1352.6,201
2024-05-13 09:37:00,1352.3,1353.7,1352.3,1353.7,205
2024-05-13 09:38:00,1353.9,1354.55,1350.9,1350.9,475
2024-05-13 09:39:00,1352.0,1356.0,1352.0,1356.0,772
2024-05-13 09:40:00,1356.0,1356.45,1355.0,1356.45,173
2024-05-13 09:41:00,1356.45,1358.9,1354.8,1358.0,908
2024-05-13 09:42:00,1358.0,1360.5,1358.0,1360.45,973
2024-05-13 09:43:00,1360.45,1360.55,1359.1,1359.1,119
2024-05-13 09:44:00,1359.1,1363.65,1359.1,1363.65,483
2024-05-13 09:45:00,1362.95,1365.65,1360.85,1365.6,228
2024-05-13 09:46:00,1365.6,1368.6,1364.4,1367.05,476
2024-05-13 09:47:00,1367.05,1368.85,1366.6,1367.3,552
2024-05-13 09:48:00,1367.8,1367.8,1365.3,1367.2,239
2024-05-13 09:49:00,1365.4,1370.15,1364.95,1370.15,1466
2024-05-13 09:50:00,1372.75,1372.8,1371.5,1372.3,2939
2024-05-13 09:51:00,1372.3,1372.3,1369.45,1369.45,87
2024-05-13 09:52:00,1369.45,1369.45,1368.6,1369.0,54
2024-05-13 09:53:00,1369.0,1369.75,1369.0,1369.75,1
2024-05-13 09:54:00,1369.75,1369.75,1366.5,1367.7,1253
2024-05-13 09:55:00,1367.7,1370.4,1367.7,1370.4,46
2024-05-13 09:56:00,1370.4,1370.4,1367.25,1368.25,21
2024-05-13 09:57:00,1368.25,1368.25,1366.1,1366.1,173
2024-05-13 09:58:00,1366.1,1368.25,1364.5,1368.25,74
2024-05-13 09:59:00,1368.6,1368.6,1367.15,1367.15,120
2024-05-13 10:00:00,1367.15,1369.8,1367.15,1369.8,542
2024-05-13 10:01:00,1369.8,1369.8,1366.6,1368.05,136
2024-05-13 10:02:00,1368.05,1369.0,1368.05,1369.0,68
2024-05-13 10:03:00,1369.0,1369.0,1368.0,1369.0,97
2024-05-13 10:04:00,1369.0,1371.95,1369.0,1370.0,179
2024-05-13 10:05:00,1371.4,1372.95,1370.05,1371.6,698
2024-05-13 10:06:00,1371.6,1371.6,1370.0,1370.0,188
2024-05-13 10:07:00,1370.3,1370.3,1369.3,1370.0,1497
2024-05-13 10:08:00,1370.0,1370.0,1369.9,1370.0,206
2024-05-13 10:09:00,1370.0,1370.2,1368.95,1370.05,184
2024-05-13 10:10:00,1370.25,1372.15,1369.5,1372.15,3919
2024-05-13 10:11:00,1372.5,1379.05,1370.5,1375.5,11600
2024-05-13 10:12:00,1375.5,1378.95,1370.0,1375.05,13499
2024-05-13 10:13:00,1375.05,1377.9,1369.85,1370.0,4033
2024-05-13 10:14:00,1370.0,1370.65,1369.2,1370.0,92
2024-05-13 10:15:00,1370.0,1370.15,1368.9,1370.0,188
2024-05-13 10:16:00,1370.0,1370.25,1368.55,1370.0,293
2024-05-13 10:17:00,1370.0,1370.05,1369.8,1370.0,674
2024-05-13 10:18:00,1370.0,1370.05,1368.6,1370.0,629
2024-05-13 10:19:00,1370.0,1370.0,1369.9,1370.0,1540
2024-05-13 10:20:00,1370.0,1370.05,1369.95,1370.0,703
2024-05-13 10:21:00,1370.05,1370.05,1370.0,1370.0,522
2024-05-13 10:22:00,1370.0,1370.05,1369.95,1370.0,212
2024-05-13 10:23:00,1370.0,1370.0,1370.0,1370.0,110
2024-05-13 10:24:00,1370.0,1370.0,1370.0,1370.0,224
2024-05-13 10:25:00,1370.0,1370.0,1370.0,1370.0,128
2024-05-13 10:26:00,1370.0,1370.05,1370.0,1370.0,110
2024-05-13 10:27:00,1370.0,1371.0,1370.0,1370.05,245
2024-05-13 10:28:00,1370.0,1370.3,1369.2,1370.0,222
2024-05-13 10:29:00,1370.3,1370.3,1365.0,1365.1,530
2024-05-13 10:30:00,1363.45,1365.55,1363.45,1365.55,746
2024-05-13 10:31:00,1365.55,1365.55,1364.45,1365.0,69
2024-05-13 10:32:00,1365.0,1365.25,1365.0,1365.0,409
2024-05-13 10:33:00,1365.05,1365.05,1364.95,1365.0,726
2024-05-13 10:34:00,1365.0,1365.0,1364.95,1365.0,706
2024-05-13 10:35:00,1365.0,1365.7,1365.0,1365.7,732
2024-05-13 10:36:00,1365.7,1365.7,1365.0,1365.0,204
2024-05-13 10:37:00,1365.0,1365.05,1365.0,1365.0,162
2024-05-13 10:38:00,1365.0,1365.05,1363.95,1365.0,350
2024-05-13 10:39:00,1365.0,1365.25,1364.95,1365.05,328
2024-05-13 10:40:00,1365.05,1365.05,1365.0,1365.0,443
2024-05-13 10:41:00,1365.0,1365.55,1365.0,1365.0,322
2024-05-13 10:42:00,1365.0,1365.05,1363.8,1363.8,436
2024-05-13 10:43:00,1365.0,1365.05,1364.8,1365.05,271
2024-05-13 10:44:00,1365.05,1365.05,1365.0,1365.0,273
2024-05-13 10:45:00,1365.0,1365.0,1364.45,1365.0,243
2024-05-13 10:46:00,1365.0,1365.05,1364.45,1365.0,249
2024-05-13 10:47:00,1365.0,1365.0,1365.0,1365.0,154
2024-05-13 10:48:00,1365.0,1365.15,1365.0,1365.0,184
2024-05-13 10:49:00,1365.0,1365.0,1364.95,1365.0,170
2024-05-13 10:50:00,1365.0,1365.0,1365.0,1365.0,108
2024-05-13 10:51:00,1365.0,1365.0,1365.0,1365.0,116
2024-05-13 10:52:00,1365.0,1365.4,1365.0,1365.0,183
2024-05-13 10:53:00,1365.0,1365.05,1364.25,1365.0,462
2024-05-13 10:54:00,1364.4,1365.0,1364.25,1365.0,116
2024-05-13 10:55:00,1365.0,1365.05,1364.05,1365.0,216
2024-05-13 10:56:00,1365.0,1365.05,1364.35,1365.0,214
2024-05-13 10:57:00,1365.0,1365.0,1364.15,1364.95,84
2024-05-13 10:58:00,1364.95,1365.1,1364.95,1365.0,294
2024-05-13 10:59:00,1365.0,1365.05,1364.95,1365.0,177
2024-05-13 11:00:00,1365.0,1365.5,1365.0,1365.5,170
2024-05-13 11:01:00,1365.05,1365.25,1365.0,1365.0,94
2024-05-13 11:02:00,1365.0,1365.05,1365.0,1365.0,160
2024-05-13 11:03:00,1365.0,1365.0,1364.6,1365.0,160
2024-05-13 11:04:00,1365.0,1365.0,1365.0,1365.0,93
2024-05-13 11:05:00,1365.0,1365.05,1365.0,1365.0,116
2024-05-13 11:06:00,1365.0,1365.55,1365.0,1365.0,144
2024-05-13 11:07:00,1364.45,1365.15,1364.05,1365.15,162
2024-05-13 11:08:00,1365.6,1365.6,1365.05,1365.05,133
2024-05-13 11:09:00,1365.05,1365.3,1365.05,1365.05,87
2024-05-13 11:10:00,1365.05,1365.1,1365.0,1365.05,118
2024-05-13 11:11:00,1365.5,1365.5,1365.05,1365.05,80
2024-05-13 11:12:00,1365.05,1365.25,1365.05,1365.05,84
2024-05-13 11:13:00,1365.05,1365.1,1365.05,1365.05,218
2024-05-13 11:14:00,1365.1,1365.1,1365.05,1365.05,148
2024-05-13 11:15:00,1365.05,1366.15,1365.0,1365.0,158
2024-05-13 11:16:00,1365.05,1365.5,1364.5,1365.2,154
2024-05-13 11:17:00,1365.2,1365.2,1365.05,1365.05,92
2024-05-13 11:18:00,1365.05,1365.9,1365.0,1365.85,341
2024-05-13 11:19:00,1365.2,1365.5,1365.05,1365.05,58
2024-05-13 11:20:00,1365.05,1365.15,1365.05,1365.05,114
2024-05-13 11:21:00,1365.05,1365.05,1365.05,1365.05,113
2024-05-13 11:22:00,1365.05,1366.3,1365.05,1365.05,155
2024-05-13 11:23:00,1365.05,1365.05,1365.05,1365.05,136
2024-05-13 11:24:00,1365.05,1365.1,1365.05,1365.05,147
2024-05-13 11:25:00,1365.05,1365.55,1365.0,1365.0,400
2024-05-13 11:26:00,1365.0,1365.5,1365.0,1365.05,143
2024-05-13 11:27:00,1365.05,1365.15,1365.05,1365.1,143
2024-05-13 11:28:00,1365.1,1365.1,1365.05,1365.05,277
2024-05-13 11:29:00,1365.05,1365.1,1365.05,1365.05,114
2024-05-13 11:30:00,1365.05,1365.4,1365.05,1365.05,83
2024-05-13 11:31:00,1365.05,1365.05,1365.05,1365.05,130
2024-05-13 11:32:00,1365.05,1365.05,1365.05,1365.05,143
2024-05-13 11:33:00,1365.1,1365.1,1365.05,1365.05,126
2024-05-13 11:34:00,1365.05,1367.0,1365.05,1365.2,363
2024-05-13 11:35:00,1365.2,1365.25,1364.65,1365.05,87
2024-05-13 11:36:00,1365.05,1365.55,1365.05,1365.05,84
2024-05-13 11:37:00,1365.05,1365.05,1365.05,1365.05,95
2024-05-13 11:38:00,1365.05,1365.2,1364.05,1365.05,148
2024-05-13 11:39:00,1365.05,1365.55,1365.05,1365.3,149
2024-05-13 11:40:00,1365.35,1365.35,1365.05,1365.05,85
2024-05-13 11:41:00,1365.05,1365.5,1364.6,1365.05,93
2024-05-13 11:42:00,1365.05,1365.35,1365.05,1365.05,94
2024-05-13 11:43:00,1364.85,1365.25,1364.85,1365.05,471
2024-05-13 11:44:00,1365.05,1365.35,1365.05,1365.2,161
2024-05-13 11:45:00,1365.15,1365.4,1365.05,1365.4,67
2024-05-13 11:46:00,1365.4,1365.4,1365.05,1365.05,84
2024-05-13 11:47:00,1365.05,1365.4,1364.3,1365.1,128
2024-05-13 11:48:00,1365.1,1365.2,1365.05,1365.05,135
2024-05-13 11:49:00,1365.05,1365.7,1365.05,1365.05,221
2024-05-13 11:50:00,1365.05,1365.1,1365.05,1365.05,128
2024-05-13 11:51:00,1365.05,1365.05,1365.05,1365.05,185
2024-05-13 11:52:00,1365.05,1365.1,1365.05,1365.1,184
2024-05-13 11:53:00,1365.1,1365.1,1365.05,1365.05,55
2024-05-13 11:54:00,1365.05,1365.05,1362.25,1362.25,195
2024-05-13 11:55:00,1361.0,1362.35,1360.0,1360.6,731
2024-05-13 11:56:00,1360.6,1361.65,1360.0,1360.4,76
2024-05-13 11:57:00,1360.4,1361.15,1360.0,1360.0,101
2024-05-13 11:58:00,1360.0,1360.55,1360.0,1360.55,92
2024-05-13 11:59:00,1360.55,1360.95,1360.0,1360.35,110
2024-05-13 12:00:00,1360.6,1360.6,1360.35,1360.35,86
2024-05-13 12:01:00,1360.35,1362.25,1360.1,1360.1,196
2024-05-13 12:02:00,1360.05,1360.6,1360.0,1360.6,93
2024-05-13 12:03:00,1360.6,1360.6,1360.0,1360.35,205
2024-05-13 12:04:00,1360.35,1360.35,1360.0,1360.1,85
2024-05-13 12:05:00,1360.85,1361.4,1360.1,1360.45,189
2024-05-13 12:06:00,1360.45,1361.8,1360.45,1361.8,117
2024-05-13 12:07:00,1361.8,1362.7,1361.3,1361.85,91
2024-05-13 12:08:00,1361.85,1365.9,1360.45,1361.6,1149
2024-05-13 12:09:00,1360.5,1360.8,1360.1,1360.45,609
2024-05-13 12:10:00,1360.2,1362.1,1360.0,1360.05,804
2024-05-13 12:11:00,1360.05,1362.45,1360.05,1361.95,212
2024-05-13 12:12:00,1361.95,1361.95,1360.05,1360.05,76
2024-05-13 12:13:00,1360.1,1361.3,1360.1,1361.0,100
2024-05-13 12:14:00,1361.0,1361.0,1360.0,1360.0,86
2024-05-13 12:15:00,1360.0,1362.1,1359.3,1362.1,212
2024-05-13 12:16:00,1362.1,1362.1,1360.0,1360.0,363
2024-05-13 12:17:00,1360.0,1361.35,1359.6,1361.35,97
2024-05-13 12:18:00,1361.35,1365.75,1361.1,1365.0,921
2024-05-13 12:19:00,1365.0,1365.8,1364.25,1365.7,86
2024-05-13 12:20:00,1365.0,1366.95,1365.0,1365.9,125
2024-05-13 12:21:00,1365.9,1367.5,1365.8,1366.1,207
2024-05-13 12:22:00,1366.0,1366.5,1365.0,1365.0,247
2024-05-13 12:23:00,1365.0,1365.45,1365.0,1365.35,198
2024-05-13 12:24:00,1365.0,1366.15,1364.8,1365.0,213
2024-05-13 12:25:00,1365.0,1367.9,1364.3,1365.65,122
2024-05-13 12:26:00,1365.65,1365.65,1365.0,1365.0,38
2024-05-13 12:27:00,1365.0,1367.1,1364.15,1366.35,403
2024-05-13 12:28:00,1366.35,1367.95,1365.05,1365.05,106
2024-05-13 12:29:00,1365.05,1365.1,1364.75,1365.0,102
2024-05-13 12:30:00,1364.5,1366.7,1364.45,1366.7,233
2024-05-13 12:31:00,1366.7,1369.5,1366.0,1369.3,172
2024-05-13 12:32:00,1369.3,1369.7,1368.4,1368.5,96
2024-05-13 12:33:00,1368.45,1369.95,1368.4,1369.35,141
2024-05-13 12:34:00,1369.35,1369.35,1368.4,1368.4,62
2024-05-13 12:35:00,1368.4,1369.9,1368.4,1369.9,178
2024-05-13 12:36:00,1369.9,1370.95,1368.15,1368.15,248
2024-05-13 12:37:00,1368.15,1368.15,1365.2,1366.65,131
2024-05-13 12:38:00,1366.65,1366.65,1365.0,1365.05,93
2024-05-13 12:39:00,1365.05,1367.4,1365.05,1365.95,213
2024-05-13 12:40:00,1365.75,1365.75,1365.05,1365.05,86
2024-05-13 12:41:00,1365.05,1366.25,1365.0,1366.25,130
2024-05-13 12:42:00,1366.25,1366.25,1364.6,1365.8,98
2024-05-13 12:43:00,1365.8,1367.3,1365.0,1365.0,88
2024-05-13 12:44:00,1365.0,1366.1,1364.4,1365.0,91
2024-05-13 12:45:00,1365.0,1366.5,1364.3,1366.5,109
2024-05-13 12:46:00,1366.5,1366.5,1364.2,1365.45,94
2024-05-13 12:47:00,1365.45,1367.1,1364.85,1365.0,283
2024-05-13 12:48:00,1365.0,1366.8,1364.75,1366.7,87
2024-05-13 12:49:00,1366.7,1366.7,1364.8,1364.8,102
2024-05-13 12:50:00,1364.8,1365.75,1364.6,1365.75,125
2024-05-13 12:51:00,1365.75,1365.85,1364.65,1365.85,80
2024-05-13 12:52:00,1365.85,1365.85,1364.35,1365.0,69
2024-05-13 12:53:00,1365.0,1366.3,1364.4,1365.0,121
2024-05-13 12:54:00,1365.0,1365.65,1364.5,1365.4,100
2024-05-13 12:55:00,1365.45,1366.9,1365.0,1365.0,103
2024-05-13 12:56:00,1365.0,1365.95,1364.65,1365.0,2079
2024-05-13 12:57:00,1365.0,1366.0,1364.4,1366.0,100
2024-05-13 12:58:00,1365.05,1365.55,1364.4,1365.0,174
2024-05-13 12:59:00,1365.0,1365.05,1364.25,1365.0,109
2024-05-13 13:00:00,1365.05,1365.65,1365.0,1365.5,73
2024-05-13 13:01:00,1365.5,1365.5,1364.4,1365.0,131
2024-05-13 13:02:00,1365.0,1365.55,1365.0,1365.3,245
2024-05-13 13:03:00,1365.3,1365.3,1364.0,1365.05,140
2024-05-13 13:04:00,1365.05,1365.4,1364.0,1365.0,390
2024-05-13 13:05:00,1365.0,1365.05,1364.1,1365.0,124
2024-05-13 13:06:00,1365.0,1365.05,1365.0,1365.0,127
2024-05-13 13:07:00,1365.0,1365.0,1365.0,1365.0,101
2024-05-13 13:08:00,1365.0,1365.05,1365.0,1365.05,104
2024-05-13 13:09:00,1365.05,1365.05,1365.0,1365.0,73
2024-05-13 13:10:00,1365.1,1365.1,1365.0,1365.05,101
2024-05-13 13:11:00,1365.05,1365.1,1364.25,1365.0,99
2024-05-13 13:12:00,1365.0,1365.05,1364.05,1365.0,160
2024-05-13 13:13:00,1365.0,1365.05,1365.0,1365.0,108
2024-05-13 13:14:00,1365.0,1365.15,1365.0,1365.1,85
2024-05-13 13:15:00,1365.1,1365.15,1365.0,1365.05,81
2024-05-13 13:16:00,1365.05,1365.5,1364.6,1365.0,109
2024-05-13 13:17:00,1364.05,1365.05,1364.05,1365.0,128
2024-05-13 13:18:00,1365.0,1365.0,1365.0,1365.0,115
2024-05-13 13:19:00,1365.0,1365.0,1365.0,1365.0,94
2024-05-13 13:20:00,1364.15,1365.65,1364.15,1364.95,132
2024-05-13 13:21:00,1365.0,1365.0,1364.1,1364.1,86
2024-05-13 13:22:00,1364.1,1365.05,1364.05,1365.0,119
2024-05-13 13:23:00,1365.0,1365.0,1365.0,1365.0,350
2024-05-13 13:24:00,1365.0,1366.7,1364.6,1364.6,101
2024-05-13 13:25:00,1364.6,1366.8,1364.6,1366.6,1193
2024-05-13 13:26:00,1366.8,1367.45,1365.15,1366.9,86
2024-05-13 13:27:00,1366.8,1366.85,1365.0,1366.45,79
2024-05-13 13:28:00,1366.45,1366.45,1364.9,1365.9,105
2024-05-13 13:29:00,1365.9,1366.4,1365.05,1366.4,84
2024-05-13 13:30:00,1366.4,1366.4,1365.05,1366.1,112
2024-05-13 13:31:00,1365.05,1366.05,1364.6,1365.6,126
2024-05-13 13:32:00,1365.6,1365.6,1364.25,1365.25,335
2024-05-13 13:33:00,1365.0,1365.55,1365.0,1365.0,139
2024-05-13 13:34:00,1365.0,1365.45,1364.05,1365.0,125
2024-05-13 13:35:00,1365.0,1366.65,1364.2,1365.2,156
2024-05-13 13:36:00,1365.2,1366.05,1364.8,1365.55,134
2024-05-13 13:37:00,1365.55,1366.05,1364.95,1366.05,113
2024-05-13 13:38:00,1365.0,1365.95,1365.0,1365.0,105
2024-05-13 13:39:00,1365.35,1366.3,1365.0,1365.0,207
2024-05-13 13:40:00,1366.0,1366.0,1364.8,1365.4,129
2024-05-13 13:41:00,1365.0,1365.55,1365.0,1365.5,106
2024-05-13 13:42:00,1365.5,1365.5,1365.0,1365.05,95
2024-05-13 13:43:00,1365.05,1365.5,1365.0,1365.2,96
2024-05-13 13:44:00,1365.2,1365.75,1365.0,1365.0,124
2024-05-13 13:45:00,1365.0,1366.85,1365.0,1366.85,192
2024-05-13 13:46:00,1365.7,1366.6,1365.6,1366.55,56
2024-05-13 13:47:00,1366.55,1372.55,1366.55,1370.9,294
2024-05-13 13:48:00,1370.9,1371.2,1369.55,1370.75,142
2024-05-13 13:49:00,1370.75,1371.2,1369.65,1370.0,64
2024-05-13 13:50:00,1371.05,1371.1,1370.0,1371.0,42
2024-05-13 13:51:00,1371.0,1371.25,1369.05,1371.15,173
2024-05-13 13:52:00,1369.8,1371.2,1369.8,1370.85,81
2024-05-13 13:53:00,1370.85,1370.85,1369.35,1370.55,141
2024-05-13 13:54:00,1370.55,1371.1,1370.0,1371.1,160
2024-05-13 13:55:00,1371.1,1372.55,1370.05,1371.3,75
2024-05-13 13:56:00,1371.3,1373.8,1371.3,1372.55,345
2024-05-13 13:57:00,1373.55,1373.55,1372.55,1373.2,87
2024-05-13 13:58:00,1373.2,1373.2,1372.55,1372.55,167
2024-05-13 13:59:00,1372.55,1374.0,1372.55,1372.85,396
2024-05-13 14:00:00,1372.9,1373.9,1372.9,1373.0,86
2024-05-13 14:01:00,1372.85,1373.5,1372.85,1373.05,124
2024-05-13 14:02:00,1373.05,1373.8,1373.05,1373.45,78
2024-05-13 14:03:00,1373.45,1373.85,1373.05,1373.85,289
2024-05-13 14:04:00,1373.05,1374.8,1372.85,1374.7,169
2024-05-13 14:05:00,1374.7,1375.45,1374.0,1375.1,129
2024-05-13 14:06:00,1374.0,1375.05,1372.85,1374.25,134
2024-05-13 14:07:00,1374.25,1374.3,1372.85,1373.9,162
2024-05-13 14:08:00,1373.85,1373.85,1372.85,1373.3,99
2024-05-13 14:09:00,1372.85,1373.25,1370.4,1370.4,238
2024-05-13 14:10:00,1370.05,1370.05,1370.0,1370.0,81
2024-05-13 14:11:00,1370.0,1370.35,1369.9,1370.1,173
2024-05-13 14:12:00,1370.0,1370.05,1370.0,1370.05,171
2024-05-13 14:13:00,1370.05,1371.65,1369.9,1371.65,200
2024-05-13 14:14:00,1371.9,1371.9,1369.8,1370.0,145
2024-05-13 14:15:00,1369.9,1370.3,1369.6,1370.0,147
2024-05-13 14:16:00,1370.0,1371.85,1370.0,1370.0,251
2024-05-13 14:17:00,1370.05,1370.95,1369.9,1370.0,81
2024-05-13 14:18:00,1370.0,1370.25,1369.05,1370.25,163
2024-05-13 14:19:00,1370.0,1370.9,1370.0,1370.9,212
2024-05-13 14:20:00,1370.8,1370.8,1369.9,1370.3,116
2024-05-13 14:21:00,1370.0,1370.1,1369.9,1370.0,135
2024-05-13 14:22:00,1370.0,1370.1,1369.2,1370.1,78
2024-05-13 14:23:00,1370.05,1370.1,1369.9,1370.0,144
2024-05-13 14:24:00,1370.0,1371.2,1369.9,1369.9,252
2024-05-13 14:25:00,1370.0,1370.0,1369.5,1369.5,104
2024-05-13 14:26:00,1370.0,1370.0,1369.2,1370.0,97
2024-05-13 14:27:00,1370.0,1370.05,1370.0,1370.0,104
2024-05-13 14:28:00,1370.0,1370.05,1370.0,1370.0,91
2024-05-13 14:29:00,1370.0,1370.3,1369.9,1370.0,55
2024-05-13 14:30:00,1369.9,1370.1,1369.5,1370.0,165
2024-05-13 14:31:00,1370.0,1371.3,1370.0,1370.05,1251
2024-05-13 14:32:00,1370.0,1371.15,1370.0,1370.0,359
2024-05-13 14:33:00,1370.0,1370.0,1369.7,1370.0,88
2024-05-13 14:34:00,1370.0,1370.25,1369.2,1370.0,106
2024-05-13 14:35:00,1370.0,1372.95,1370.0,1372.95,170
2024-05-13 14:36:00,1374.0,1374.0,1372.0,1372.0,157
2024-05-13 14:37:00,1372.0,1372.1,1372.0,1372.0,125
2024-05-13 14:38:00,1372.0,1372.0,1369.95,1370.0,125
2024-05-13 14:39:00,1370.0,1370.0,1369.65,1369.7,104
2024-05-13 14:40:00,1370.0,1370.2,1369.2,1370.0,90
2024-05-13 14:41:00,1370.0,1371.65,1369.95,1370.05,161
2024-05-13 14:42:00,1370.0,1370.65,1369.45,1370.0,226
2024-05-13 14:43:00,1370.0,1370.4,1369.75,1370.0,81
2024-05-13 14:44:00,1370.0,1370.1,1370.0,1370.0,110
2024-05-13 14:45:00,1370.0,1371.45,1370.0,1370.85,200
2024-05-13 14:46:00,1370.05,1370.8,1369.7,1370.5,68
2024-05-13 14:47:00,1370.0,1370.5,1369.6,1370.0,95
2024-05-13 14:48:00,1370.0,1370.05,1369.95,1370.0,198
2024-05-13 14:49:00,1370.0,1370.05,1369.95,1370.0,124
2024-05-13 14:50:00,1370.0,1370.05,1370.0,1370.0,98
2024-05-13 14:51:00,1370.0,1372.65,1370.0,1371.5,184
2024-05-13 14:52:00,1371.5,1372.35,1371.35,1371.35,87
2024-05-13 14:53:00,1371.3,1371.85,1370.0,1370.0,123
2024-05-13 14:54:00,1370.0,1370.9,1368.1,1370.0,389
2024-05-13 14:55:00,1370.0,1370.6,1369.2,1370.25,115
2024-05-13 14:56:00,1370.25,1370.25,1369.05,1370.0,177
2024-05-13 14:57:00,1370.0,1370.1,1370.0,1370.0,148
2024-05-13 14:58:00,1370.0,1370.1,1369.05,1370.0,2080
2024-05-13 14:59:00,1370.0,1371.8,1370.0,1370.0,112
2024-05-13 15:00:00,1370.0,1372.45,1370.0,1372.45,345
2024-05-13 15:01:00,1371.7,1371.7,1370.0,1371.55,171
2024-05-13 15:02:00,1371.55,1372.95,1370.05,1370.1,388
2024-05-13 15:03:00,1370.0,1370.95,1369.5,1370.0,191
2024-05-13 15:04:00,1370.0,1370.5,1370.0,1370.0,99
2024-05-13 15:05:00,1370.0,1370.15,1369.95,1370.0,175
2024-05-13 15:06:00,1370.0,1370.15,1370.0,1370.0,253
2024-05-13 15:07:00,1370.0,1370.1,1369.95,1370.1,240
2024-05-13 15:08:00,1370.1,1370.7,1370.0,1370.0,184
2024-05-13 15:09:00,1370.0,1370.55,1369.15,1369.65,634
2024-05-13 15:10:00,1370.15,1370.3,1370.0,1370.0,416
2024-05-13 15:11:00,1370.0,1370.1,1368.9,1369.95,250
2024-05-13 15:12:00,1369.95,1370.35,1369.95,1370.0,286
2024-05-13 15:13:00,1370.0,1370.1,1369.95,1370.0,236
2024-05-13 15:14:00,1370.0,1370.35,1370.0,1370.2,454
2024-05-13 15:15:00,1370.2,1370.55,1369.05,1370.1,1583
2024-05-13 15:16:00,1370.1,1370.35,1370.0,1370.0,136
2024-05-13 15:17:00,1370.1,1371.0,1369.5,1370.5,457
2024-05-13 15:18:00,1370.55,1370.55,1368.15,1370.0,1569
2024-05-13 15:19:00,1370.05,1371.0,1368.75,1370.45,1643
2024-05-13 15:20:00,1372.7,1378.3,1372.4,1374.3,3284
2024-05-13 15:21:00,1374.3,1376.05,1374.25,1374.25,111
2024-05-13 15:22:00,1374.25,1375.6,1374.25,1374.9,106
2024-05-13 15:23:00,1374.9,1374.9,1374.25,1374.25,311
2024-05-13 15:24:00,1374.25,1374.6,1374.25,1374.25,140
2024-05-13 15:25:00,1374.25,1374.3,1374.25,1374.25,639
2024-05-13 15:26:00,1374.25,1374.5,1374.25,1374.5,296
2024-05-13 15:27:00,1374.7,1384.45,1374.25,1384.25,1487
2024-05-13 15:28:00,1384.45,1389.0,1381.5,1381.5,1726
2024-05-13 15:29:00,1374.25,1399.0,1374.25,1383.8,3013
2024-05-14 09:15:00,1376.65,1390.1,1376.65,1390.1,176
2024-05-14 09:16:00,1386.4,1386.4,1383.05,1386.0,133
2024-05-14 09:17:00,1386.0,1386.0,1383.05,1383.05,159
2024-05-14 09:18:00,1383.05,1383.05,1374.4,1378.15,1258
2024-05-14 09:19:00,1378.15,1381.2,1378.15,1381.2,22
2024-05-14 09:20:00,1381.2,1382.0,1379.05,1379.3,169
2024-05-14 09:21:00,1379.3,1380.8,1379.3,1379.55,21
2024-05-14 09:22:00,1379.55,1379.55,1379.55,1379.55,0
2024-05-14 09:23:00,1379.55,1380.9,1379.55,1380.9,20
2024-05-14 09:24:00,1380.9,1383.0,1380.9,1383.0,38
2024-05-14 09:25:00,1383.0,1387.1,1383.0,1387.1,159
2024-05-14 09:26:00,1387.1,1387.65,1385.7,1385.7,55
2024-05-14 09:27:00,1385.7,1386.85,1385.0,1386.85,82
2024-05-14 09:28:00,1386.85,1386.85,1386.85,1386.85,50
2024-05-14 09:29:00,1386.85,1386.85,1386.85,1386.85,0
2024-05-14 09:30:00,1386.85,1388.0,1386.85,1388.0,4
2024-05-14 09:31:00,1388.0,1388.0,1388.0,1388.0,10
2024-05-14 09:32:00,1388.0,1388.0,1388.0,1388.0,161
2024-05-14 09:33:00,1390.0,1390.0,1389.3,1389.3,25
2024-05-14 09:34:00,1389.3,1389.3,1385.0,1385.0,525
2024-05-14 09:35:00,1385.0,1385.0,1385.0,1385.0,0
2024-05-14 09:36:00,1385.0,1386.85,1385.0,1386.85,10
2024-05-14 09:37:00,1386.85,1386.85,1386.85,1386.85,0
2024-05-14 09:38:00,1386.85,1386.85,1386.15,1386.15,1
2024-05-14 09:39:00,1386.15,1387.6,1386.15,1387.6,88
2024-05-14 09:40:00,1387.6,1387.6,1387.6,1387.6,0
2024-05-14 09:41:00,1387.6,1387.6,1387.6,1387.6,0
2024-05-14 09:42:00,1387.6,1387.65,1387.6,1387.65,1
2024-05-14 09:43:00,1387.65,1387.65,1387.6,1387.65,9
2024-05-14 09:44:00,1387.65,1387.65,1387.65,1387.65,0
2024-05-14 09:45:00,1387.65,1387.65,1387.65,1387.65,20
2024-05-14 09:46:00,1387.65,1387.65,1384.7,1384.7,222
2024-05-14 09:47:00,1384.7,1385.0,1384.7,1385.0,53
2024-05-14 09:48:00,1385.0,1385.0,1385.0,1385.0,0
2024-05-14 09:49:00,1385.0,1385.0,1385.0,1385.0,0
2024-05-14 09:50:00,1385.0,1387.65,1385.0,1387.65,56
2024-05-14 09:51:00,1387.65,1387.65,1387.6,1387.6,9
2024-05-14 09:52:00,1387.6,1387.6,1385.7,1385.7,19
2024-05-14 09:53:00,1385.7,1385.7,1385.0,1385.0,12
2024-05-14 09:54:00,1385.0,1385.0,1385.0,1385.0,8
2024-05-14 09:55:00,1385.0,1385.1,1385.0,1385.1,20
2024-05-14 09:56:00,1385.1,1385.1,1385.1,1385.1,0
2024-05-14 09:57:00,1385.1,1386.3,1385.1,1386.3,20
2024-05-14 09:58:00,1386.3,1386.3,1386.3,1386.3,0
2024-05-14 09:59:00,1386.3,1387.2,1385.1,1387.2,177
2024-05-14 10:00:00,1387.2,1387.2,1384.9,1384.9,26
2024-05-14 10:01:00,1384.9,1384.9,1383.05,1383.05,5
2024-05-14 10:02:00,1383.05,1383.05,1380.75,1382.0,187
2024-05-14 10:03:00,1382.0,1382.0,1380.75,1380.75,2
2024-05-14 10:04:00,1380.75,1380.75,1380.75,1380.75,5
2024-05-14 10:05:00,1380.75,1380.75,1380.75,1380.75,0
2024-05-14 10:06:00,1380.75,1380.75,1380.1,1380.1,120
2024-05-14 10:07:00,1380.1,1380.1,1380.1,1380.1,15
2024-05-14 10:08:00,1380.1,1380.1,1380.1,1380.1,0
2024-05-14 10:09:00,1380.1,1380.95,1380.0,1380.0,25
2024-05-14 10:10:00,1380.0,1380.0,1380.0,1380.0,0
2024-05-14 10:11:00,1379.5,1379.5,1379.5,1379.5,67
2024-05-14 10:12:00,1379.5,1379.5,1378.05,1378.05,129
2024-05-14 10:13:00,1378.05,1378.05,1377.05,1377.05,1
2024-05-14 10:14:00,1377.05,1377.05,1377.0,1377.0,1003
2024-05-14 10:15:00,1377.0,1378.35,1377.0,1378.35,15
2024-05-14 10:16:00,1378.35,1378.35,1378.35,1378.35,0
2024-05-14 10:17:00,1378.35,1379.6,1378.35,1379.6,22
2024-05-14 10:18:00,1379.6,1379.75,1379.05,1379.05,40
2024-05-14 10:19:00,1379.05,1379.05,1379.05,1379.05,0
2024-05-14 10:20:00,1379.05,1379.05,1379.0,1379.0,41
2024-05-14 10:21:00,1379.0,1379.0,1379.0,1379.0,5
2024-05-14 10:22:00,1379.0,1380.4,1379.0,1380.4,64
2024-05-14 10:23:00,1380.4,1380.4,1379.75,1379.75,35
2024-05-14 10:24:00,1379.75,1379.75,1379.75,1379.75,0
2024-05-14 10:25:00,1379.75,1379.75,1379.75,1379.75,29
2024-05-14 10:26:00,1379.75,1379.75,1379.75,1379.75,0
2024-05-14 10:27:00,1379.75,1381.0,1379.75,1381.0,15
2024-05-14 10:28:00,1381.0,1381.0,1381.0,1381.0,0
2024-05-14 10:29:00,1381.0,1381.0,1381.0,1381.0,0
2024-05-14 10:30:00,1381.0,1382.7,1381.0,1381.5,2
2024-05-14 10:31:00,1381.5,1383.55,1381.5,1383.55,102
2024-05-14 10:32:00,1383.55,1383.55,1383.55,1383.55,0
2024-05-14 10:33:00,1383.55,1383.55,1382.3,1382.3,34
2024-05-14 10:34:00,1382.3,1383.8,1382.3,1382.6,61
2024-05-14 10:35:00,1382.6,1383.2,1382.6,1383.2,22
2024-05-14 10:36:00,1383.2,1383.3,1383.2,1383.3,12
2024-05-14 10:37:00,1383.3,1383.3,1383.3,1383.3,0
2024-05-14 10:38:00,1383.3,1383.3,1380.6,1380.6,466
2024-05-14 10:39:00,1380.6,1380.6,1380.6,1380.6,0
2024-05-14 10:40:00,1380.6,1383.25,1380.6,1383.25,10
2024-05-14 10:41:00,1383.25,1383.25,1383.25,1383.25,3
2024-05-14 10:42:00,1383.25,1383.25,1383.25,1383.25,0
2024-05-14 10:43:00,1383.25,1383.25,1383.2,1383.2,86
2024-05-14 10:44:00,1383.2,1383.2,1383.15,1383.15,14
2024-05-14 10:45:00,1383.15,1383.15,1383.15,1383.15,0
2024-05-14 10:46:00,1383.15,1383.15,1381.0,1381.0,27
2024-05-14 10:47:00,1381.0,1381.0,1381.0,1381.0,0
2024-05-14 10:48:00,1381.0,1381.0,1381.0,1381.0,0
2024-05-14 10:49:00,1381.0,1382.2,1381.0,1382.2,6
2024-05-14 10:50:00,1382.2,1382.2,1380.85,1380.85,32
2024-05-14 10:51:00,1380.85,1380.85,1378.2,1378.2,39
2024-05-14 10:52:00,1378.2,1379.95,1376.0,1377.35,535
2024-05-14 10:53:00,1377.35,1379.6,1377.35,1379.6,1
2024-05-14 10:54:00,1379.6,1379.6,1379.6,1379.6,0
2024-05-14 10:55:00,1379.6,1379.6,1379.6,1379.6,0
2024-05-14 10:56:00,1379.6,1379.6,1378.15,1378.15,50
2024-05-14 10:57:00,1378.15,1378.15,1378.15,1378.15,7
2024-05-14 10:58:00,1378.15,1378.15,1378.15,1378.15,0
2024-05-14 10:59:00,1378.15,1379.95,1378.15,1379.95,28
2024-05-14 11:00:00,1379.95,1379.95,1379.05,1379.05,146
2024-05-14 11:01:00,1379.05,1379.05,1379.05,1379.05,0
2024-05-14 11:02:00,1379.05,1379.05,1379.05,1379.05,0
2024-05-14 11:03:00,1379.05,1380.0,1379.05,1380.0,38
2024-05-14 11:04:00,1380.0,1380.0,1380.0,1380.0,0
2024-05-14 11:05:00,1380.0,1380.0,1380.0,1380.0,0
2024-05-14 11:06:00,1380.0,1381.5,1380.0,1381.5,3
2024-05-14 11:07:00,1381.5,1381.65,1381.5,1381.65,1
2024-05-14 11:08:00,1381.65,1381.65,1381.65,1381.65,0
2024-05-14 11:09:00,1381.65,1381.65,1381.65,1381.65,0
2024-05-14 11:10:00,1381.65,1381.65,1381.65,1381.65,0
2024-05-14 11:11:00,1381.65,1381.65,1379.5,1379.5,69
2024-05-14 11:12:00,1379.5,1379.5,1379.5,1379.5,0
2024-05-14 11:13:00,1379.5,1381.65,1379.5,1380.25,5
2024-05-14 11:14:00,1380.25,1380.25,1379.3,1379.3,73
2024-05-14 11:15:00,1379.3,1381.55,1379.3,1381.55,21
2024-05-14 11:16:00,1381.55,1381.55,1380.2,1380.2,35
2024-05-14 11:17:00,1380.2,1381.65,1380.2,1381.65,7
2024-05-14 11:18:00,1381.65,1381.65,1381.65,1381.65,0
2024-05-14 11:19:00,1381.65,1381.65,1380.0,1380.0,100
2024-05-14 11:20:00,1380.0,1380.0,1380.0,1380.0,0
2024-05-14 11:21:00,1380.0,1380.0,1380.0,1380.0,0
2024-05-14 11:22:00,1380.0,1380.35,1380.0,1380.35,2
2024-05-14 11:23:00,1380.35,1381.45,1380.35,1381.45,7
2024-05-14 11:24:00,1381.45,1381.6,1381.45,1381.6,1
2024-05-14 11:25:00,1381.6,1381.6,1381.6,1381.6,0
2024-05-14 11:26:00,1381.6,1381.6,1381.6,1381.6,0
2024-05-14 11:27:00,1381.6,1381.6,1381.6,1381.6,0
2024-05-14 11:28:00,1381.6,1383.0,1381.6,1383.0,0
2024-05-14 11:29:00,1383.0,1383.0,1381.7,1381.7,6
2024-05-14 11:30:00,1381.7,1381.7,1381.7,1381.7,0
2024-05-14 11:31:00,1381.7,1383.15,1381.7,1383.15,5
2024-05-14 11:32:00,1383.15,1383.6,1382.2,1382.4,43
2024-05-14 11:33:00,1382.4,1384.15,1382.4,1384.15,1
2024-05-14 11:34:00,1384.15,1384.15,1382.5,1382.5,14
2024-05-14 11:35:00,1382.5,1382.5,1382.5,1382.5,0
2024-05-14 11:36:00,1382.5,1382.5,1382.5,1382.5,0
2024-05-14 11:37:00,1382.5,1382.5,1382.5,1382.5,0
2024-05-14 11:38:00,1382.5,1382.5,1382.5,1382.5,0
2024-05-14 11:39:00,1382.5,1382.5,1382.45,1382.45,25
2024-05-14 11:40:00,1382.45,1382.45,1382.45,1382.45,0
2024-05-14 11:41:00,1382.45,1382.45,1382.45,1382.45,0
2024-05-14 11:42:00,1382.45,1382.45,1382.45,1382.45,0
2024-05-14 11:43:00,1382.45,1382.45,1382.45,1382.45,0
2024-05-14 11:44:00,1382.45,1382.45,1382.45,1382.45,0
2024-05-14 11:45:00,1382.45,1382.45,1382.45,1382.45,0
2024-05-14 11:46:00,1382.45,1382.45,1382.45,1382.45,0
2024-05-14 11:47:00,1382.45,1382.45,1382.45,1382.45,0
2024-05-14 11:48:00,1382.45,1387.95,1382.45,1387.95,384
2024-05-14 11:49:00,1387.95,1390.0,1387.95,1390.0,563
2024-05-14 11:50:00,1388.45,1388.45,1385.15,1385.15,188
2024-05-14 11:51:00,1385.15,1385.15,1385.15,1385.15,0
2024-05-14 11:52:00,1385.15,1386.7,1385.0,1386.3,34
2024-05-14 11:53:00,1386.3,1388.75,1386.3,1388.75,224
2024-05-14 11:54:00,1388.75,1388.75,1388.75,1388.75,41
2024-05-14 11:55:00,1388.75,1388.75,1388.75,1388.75,100
2024-05-14 11:56:00,1388.65,1388.65,1388.65,1388.65,1
2024-05-14 11:57:00,1388.65,1388.65,1388.65,1388.65,0
2024-05-14 11:58:00,1388.65,1388.65,1388.6,1388.6,2
2024-05-14 11:59:00,1388.6,1388.6,1386.5,1386.5,37
2024-05-14 12:00:00,1386.5,1387.75,1386.5,1387.7,3
2024-05-14 12:01:00,1387.7,1387.7,1385.05,1385.1,24
2024-05-14 12:02:00,1385.1,1386.85,1385.1,1385.1,14
2024-05-14 12:03:00,1385.1,1386.8,1385.1,1386.8,2
2024-05-14 12:04:00,1386.8,1386.8,1385.0,1385.0,55
2024-05-14 12:05:00,1385.0,1386.75,1385.0,1386.75,2
2024-05-14 12:06:00,1386.75,1386.75,1386.0,1386.7,10
2024-05-14 12:07:00,1386.7,1386.7,1386.65,1386.65,12
2024-05-14 12:08:00,1386.65,1386.65,1384.4,1384.4,57
2024-05-14 12:09:00,1384.4,1387.7,1384.4,1387.7,10
2024-05-14 12:10:00,1387.7,1387.9,1386.05,1387.65,24
2024-05-14 12:11:00,1387.65,1387.75,1386.9,1387.15,70
2024-05-14 12:12:00,1387.15,1387.55,1386.85,1387.5,17
2024-05-14 12:13:00,1387.5,1387.5,1387.0,1387.0,17
2024-05-14 12:14:00,1387.0,1387.0,1386.95,1387.0,17
2024-05-14 12:15:00,1387.0,1389.9,1387.0,1389.3,131
2024-05-14 12:16:00,1389.3,1389.55,1389.3,1389.55,17
2024-05-14 12:17:00,1389.55,1389.55,1389.3,1389.3,14
2024-05-14 12:18:00,1389.3,1389.4,1389.3,1389.4,20
2024-05-14 12:19:00,1389.0,1389.35,1388.65,1388.65,34
2024-05-14 12:20:00,1388.65,1389.05,1388.65,1389.05,13
2024-05-14 12:21:00,1389.05,1389.05,1388.8,1388.8,23
2024-05-14 12:22:00,1388.8,1389.4,1388.8,1389.4,197
2024-05-14 12:23:00,1389.4,1390.0,1386.45,1386.45,804
2024-05-14 12:24:00,1386.45,1386.8,1385.15,1386.25,64
2024-05-14 12:25:00,1386.25,1386.5,1386.25,1386.5,17
2024-05-14 12:26:00,1386.5,1386.5,1386.1,1386.4,19
2024-05-14 12:27:00,1386.4,1386.75,1386.4,1386.75,31
2024-05-14 12:28:00,1386.75,1386.75,1386.75,1386.75,20
2024-05-14 12:29:00,1386.75,1386.95,1386.75,1386.95,71
2024-05-14 12:30:00,1386.95,1389.15,1386.95,1389.05,32
2024-05-14 12:31:00,1389.05,1389.25,1389.05,1389.2,18
2024-05-14 12:32:00,1389.2,1389.2,1388.5,1389.2,25
2024-05-14 12:33:00,1389.2,1389.75,1389.2,1389.75,21
2024-05-14 12:34:00,1389.75,1389.75,1388.8,1389.1,24
2024-05-14 12:35:00,1389.1,1389.1,1388.25,1388.85,21
2024-05-14 12:36:00,1388.85,1388.95,1388.4,1388.95,53
2024-05-14 12:37:00,1388.95,1389.55,1388.95,1389.55,17
2024-05-14 12:38:00,1389.55,1389.55,1388.55,1389.1,36
2024-05-14 12:39:00,1389.1,1389.1,1386.95,1389.0,35
2024-05-14 12:40:00,1389.0,1389.0,1388.55,1388.75,14
2024-05-14 12:41:00,1388.75,1388.75,1388.45,1388.5,35
2024-05-14 12:42:00,1388.5,1388.75,1388.45,1388.75,18
2024-05-14 12:43:00,1388.75,1389.4,1388.65,1389.35,30
2024-05-14 12:44:00,1389.35,1389.4,1388.8,1389.35,18
2024-05-14 12:45:00,1389.35,1389.35,1388.65,1389.2,28
2024-05-14 12:46:00,1389.2,1389.3,1389.2,1389.3,17
2024-05-14 12:47:00,1389.3,1389.3,1388.65,1389.25,28
2024-05-14 12:48:00,1389.25,1389.35,1388.85,1389.35,19
2024-05-14 12:49:00,1389.35,1389.4,1388.15,1388.8,28
2024-05-14 12:50:00,1388.8,1388.8,1384.95,1386.7,47
2024-05-14 12:51:00,1386.7,1386.85,1386.7,1386.75,21
2024-05-14 12:52:00,1386.75,1388.4,1386.75,1388.4,23
2024-05-14 12:53:00,1388.4,1389.3,1386.95,1388.35,54
2024-05-14 12:54:00,1388.35,1388.55,1388.3,1388.3,17
2024-05-14 12:55:00,1388.3,1388.95,1388.2,1388.95,13
2024-05-14 12:56:00,1388.95,1389.15,1387.2,1389.05,18
2024-05-14 12:57:00,1389.05,1389.8,1388.7,1388.8,47
2024-05-14 12:58:00,1388.8,1388.8,1387.2,1387.2,15
2024-05-14 12:59:00,1387.2,1387.2,1386.4,1386.4,12
2024-05-14 13:00:00,1386.4,1386.4,1386.35,1386.35,19
2024-05-14 13:01:00,1386.35,1386.35,1385.0,1386.35,19
2024-05-14 13:02:00,1386.35,1386.4,1385.05,1386.35,34
2024-05-14 13:03:00,1386.35,1386.4,1386.2,1386.4,15
2024-05-14 13:04:00,1386.0,1386.45,1386.0,1386.45,47
2024-05-14 13:05:00,1386.45,1386.45,1386.4,1386.4,18
2024-05-14 13:06:00,1386.4,1386.45,1386.4,1386.45,13
2024-05-14 13:07:00,1386.55,1388.75,1386.55,1388.75,29
2024-05-14 13:08:00,1388.75,1389.25,1388.75,1389.05,11
2024-05-14 13:09:00,1389.05,1389.15,1389.05,1389.05,15
2024-05-14 13:10:00,1389.05,1389.25,1389.05,1389.25,18
2024-05-14 13:11:00,1389.25,1389.5,1389.25,1389.35,15
2024-05-14 13:12:00,1389.35,1389.35,1389.05,1389.05,15
2024-05-14 13:13:00,1389.05,1389.7,1389.05,1389.6,12
2024-05-14 13:14:00,1389.6,1389.75,1388.95,1389.75,29
2024-05-14 13:15:00,1389.75,1389.8,1389.75,1389.8,15
2024-05-14 13:16:00,1389.75,1389.85,1389.75,1389.85,11
2024-05-14 13:17:00,1389.85,1389.95,1389.85,1389.95,23
2024-05-14 13:18:00,1389.95,1390.0,1389.2,1389.95,287
2024-05-14 13:19:00,1389.95,1389.95,1387.05,1387.05,72
2024-05-14 13:20:00,1387.05,1387.05,1386.6,1386.6,18
2024-05-14 13:21:00,1386.6,1386.6,1386.6,1386.6,15
2024-05-14 13:22:00,1386.6,1386.6,1386.4,1386.4,20
2024-05-14 13:23:00,1386.4,1386.7,1386.15,1386.25,14
2024-05-14 13:24:00,1386.25,1386.5,1385.0,1386.5,16
2024-05-14 13:25:00,1386.5,1386.85,1384.85,1386.85,32
2024-05-14 13:26:00,1386.85,1387.2,1386.8,1387.2,15
2024-05-14 13:27:00,1387.2,1387.2,1386.7,1386.7,18
2024-05-14 13:28:00,1386.65,1386.8,1386.65,1386.75,16
2024-05-14 13:29:00,1386.75,1387.2,1386.75,1387.15,15
2024-05-14 13:30:00,1387.15,1387.15,1386.8,1386.8,14
2024-05-14 13:31:00,1386.8,1386.8,1386.7,1386.7,12
2024-05-14 13:32:00,1386.7,1386.75,1386.6,1386.75,15
2024-05-14 13:33:00,1386.75,1386.75,1385.0,1386.75,22
2024-05-14 13:34:00,1386.75,1386.75,1386.55,1386.55,16
2024-05-14 13:35:00,1386.55,1386.55,1386.45,1386.45,16
2024-05-14 13:36:00,1386.45,1386.45,1386.4,1386.4,11
2024-05-14 13:37:00,1386.4,1386.5,1385.0,1386.4,30
2024-05-14 13:38:00,1386.4,1386.5,1386.05,1386.05,15
2024-05-14 13:39:00,1386.05,1387.15,1386.05,1387.1,15
2024-05-14 13:40:00,1387.1,1387.6,1387.1,1387.6,35
2024-05-14 13:41:00,1387.6,1387.6,1387.1,1387.1,12
2024-05-14 13:42:00,1387.1,1387.7,1387.1,1387.6,18
2024-05-14 13:43:00,1387.6,1388.6,1387.4,1388.35,22
2024-05-14 13:44:00,1388.35,1388.4,1386.9,1387.25,26
2024-05-14 13:45:00,1387.25,1387.25,1385.15,1386.7,48
2024-05-14 13:46:00,1386.7,1386.7,1386.45,1386.45,15
2024-05-14 13:47:00,1386.45,1386.45,1386.1,1386.15,14
2024-05-14 13:48:00,1386.15,1387.8,1383.1,1386.7,457
2024-05-14 13:49:00,1386.7,1387.15,1386.7,1387.15,18
2024-05-14 13:50:00,1387.15,1387.2,1385.35,1387.05,15
2024-05-14 13:51:00,1387.05,1387.25,1385.35,1387.2,25
2024-05-14 13:52:00,1387.2,1387.5,1387.2,1387.5,19
2024-05-14 13:53:00,1387.5,1387.75,1387.5,1387.7,15
2024-05-14 13:54:00,1387.7,1388.35,1387.7,1388.15,12
2024-05-14 13:55:00,1388.15,1388.2,1388.1,1388.2,18
2024-05-14 13:56:00,1388.2,1388.2,1388.05,1388.05,12
2024-05-14 13:57:00,1388.05,1388.35,1388.05,1388.35,14
2024-05-14 13:58:00,1388.35,1389.85,1388.35,1388.65,15
2024-05-14 13:59:00,1388.65,1389.8,1388.65,1389.8,29
2024-05-14 14:00:00,1389.8,1389.85,1389.8,1389.85,15
2024-05-14 14:01:00,1389.85,1389.9,1389.85,1389.9,15
2024-05-14 14:02:00,1389.9,1389.95,1389.9,1389.95,12
2024-05-14 14:03:00,1389.95,1390.0,1388.7,1388.7,561
2024-05-14 14:04:00,1388.0,1388.45,1385.75,1387.5,155
2024-05-14 14:05:00,1387.5,1387.5,1387.5,1387.5,15
2024-05-14 14:06:00,1387.5,1387.6,1387.5,1387.6,15
2024-05-14 14:07:00,1387.6,1387.6,1385.2,1386.7,62
2024-05-14 14:08:00,1386.7,1386.7,1385.0,1386.65,43
2024-05-14 14:09:00,1386.65,1386.65,1385.0,1385.0,13
2024-05-14 14:10:00,1385.0,1386.6,1385.0,1386.55,72
2024-05-14 14:11:00,1386.55,1386.55,1385.0,1385.0,35
2024-05-14 14:12:00,1385.0,1386.55,1385.0,1386.55,61
2024-05-14 14:13:00,1386.55,1386.55,1385.05,1386.55,20
2024-05-14 14:14:00,1386.55,1386.55,1386.45,1386.45,15
2024-05-14 14:15:00,1386.45,1386.45,1385.05,1386.0,13
2024-05-14 14:16:00,1386.0,1386.0,1383.05,1385.8,238
2024-05-14 14:17:00,1385.8,1390.0,1385.8,1390.0,1363
2024-05-14 14:18:00,1389.65,1389.65,1384.55,1386.05,519
2024-05-14 14:19:00,1385.95,1385.95,1385.95,1385.95,58
2024-05-14 14:20:00,1385.95,1385.95,1385.8,1385.8,49
2024-05-14 14:21:00,1385.8,1386.15,1385.0,1386.15,43
2024-05-14 14:22:00,1386.15,1386.15,1386.15,1386.15,0
2024-05-14 14:23:00,1386.15,1386.15,1386.15,1386.15,0
2024-05-14 14:24:00,1386.15,1386.15,1386.15,1386.15,0
2024-05-14 14:25:00,1386.15,1386.15,1386.15,1386.15,0
2024-05-14 14:26:00,1386.15,1386.15,1386.15,1386.15,0
2024-05-14 14:27:00,1386.15,1386.15,1385.0,1385.0,10
2024-05-14 14:28:00,1385.0,1385.0,1383.8,1384.45,50
2024-05-14 14:29:00,1384.45,1384.45,1383.35,1383.35,9
2024-05-14 14:30:00,1384.7,1384.7,1383.55,1383.55,18
2024-05-14 14:31:00,1383.55,1384.4,1382.0,1384.4,559
2024-05-14 14:32:00,1384.4,1384.4,1382.0,1382.0,520
2024-05-14 14:33:00,1382.0,1382.0,1382.0,1382.0,25
2024-05-14 14:34:00,1382.0,1382.0,1382.0,1382.0,0
2024-05-14 14:35:00,1382.0,1382.0,1382.0,1382.0,0
2024-05-14 14:36:00,1382.0,1382.45,1382.0,1382.45,21
2024-05-14 14:37:00,1382.45,1382.45,1382.45,1382.45,0
2024-05-14 14:38:00,1382.5,1382.5,1382.1,1382.1,96
2024-05-14 14:39:00,1382.1,1382.1,1380.55,1380.55,65
2024-05-14 14:40:00,1380.55,1380.55,1380.55,1380.55,0
2024-05-14 14:41:00,1380.55,1382.55,1380.55,1382.55,66
2024-05-14 14:42:00,1382.55,1382.55,1382.55,1382.55,0
2024-05-14 14:43:00,1382.55,1382.55,1382.55,1382.55,0
2024-05-14 14:44:00,1382.55,1382.55,1379.8,1380.0,1010
2024-05-14 14:45:00,1380.0,1380.0,1379.7,1379.75,305
2024-05-14 14:46:00,1379.75,1381.5,1379.75,1381.4,47
2024-05-14 14:47:00,1381.4,1381.4,1381.4,1381.4,0
2024-05-14 14:48:00,1381.4,1382.8,1381.35,1382.8,65
2024-05-14 14:49:00,1382.8,1382.8,1382.75,1382.75,65
2024-05-14 14:50:00,1382.75,1382.75,1382.15,1382.15,40
2024-05-14 14:51:00,1382.15,1383.7,1382.15,1383.7,49
2024-05-14 14:52:00,1383.7,1384.55,1383.7,1384.55,0
2024-05-14 14:53:00,1384.55,1385.95,1384.55,1385.95,38
2024-05-14 14:54:00,1385.95,1386.15,1385.0,1385.0,38
2024-05-14 14:55:00,1385.0,1385.0,1385.0,1385.0,0
2024-05-14 14:56:00,1385.0,1389.5,1375.0,1375.0,18
2024-05-14 14:57:00,1382.55,1382.85,1380.5,1381.2,3730
2024-05-14 14:58:00,1381.2,1382.85,1381.2,1382.85,29
2024-05-14 14:59:00,1382.85,1383.25,1382.85,1383.25,16
2024-05-14 15:00:00,1383.25,1383.45,1381.3,1383.0,386
2024-05-14 15:01:00,1383.0,1386.9,1383.0,1386.2,282
2024-05-14 15:02:00,1386.9,1387.65,1386.0,1386.65,48
2024-05-14 15:03:00,1386.65,1387.1,1384.95,1385.65,139
2024-05-14 15:04:00,1385.85,1387.65,1385.85,1387.65,52
2024-05-14 15:05:00,1387.65,1389.0,1387.65,1389.0,88
2024-05-14 15:06:00,1389.0,1389.4,1387.85,1387.85,77
2024-05-14 15:07:00,1387.85,1388.5,1387.85,1388.5,71
2024-05-14 15:08:00,1388.25,1388.25,1385.25,1387.05,152
2024-05-14 15:09:00,1387.05,1387.05,1386.15,1387.0,39
2024-05-14 15:10:00,1387.0,1389.0,1386.3,1388.15,843
2024-05-14 15:11:00,1388.15,1388.15,1386.9,1388.15,124
2024-05-14 15:12:00,1388.15,1388.2,1386.85,1387.9,156
2024-05-14 15:13:00,1388.15,1388.15,1386.05,1386.05,91
2024-05-14 15:14:00,1386.05,1387.85,1386.05,1387.5,126
2024-05-14 15:15:00,1387.5,1387.5,1385.0,1385.7,134
2024-05-14 15:16:00,1386.1,1386.1,1385.0,1385.0,205
2024-05-14 15:17:00,1385.0,1386.2,1384.8,1385.0,177
2024-05-14 15:18:00,1385.0,1385.0,1384.5,1384.95,136
2024-05-14 15:19:00,1384.05,1384.95,1384.05,1384.7,287
2024-05-14 15:20:00,1384.85,1384.85,1383.0,1384.35,312
2024-05-14 15:21:00,1384.35,1384.35,1380.2,1381.75,573
2024-05-14 15:22:00,1381.7,1381.7,1379.95,1379.95,283
2024-05-14 15:23:00,1379.9,1383.3,1377.4,1379.95,675
2024-05-14 15:24:00,1380.0,1380.4,1378.65,1380.4,675
2024-05-14 15:25:00,1380.4,1384.95,1380.4,1384.0,114
2024-05-14 15:26:00,1384.0,1385.9,1384.0,1385.9,116
2024-05-14 15:27:00,1385.9,1386.0,1383.9,1385.95,341
2024-05-14 15:28:00,1385.95,1386.0,1385.0,1385.0,195
2024-05-14 15:29:00,1385.95,1386.0,1384.5,1384.5,419
2024-05-15 09:15:00,1388.0,1388.05,1380.3,1380.3,39
2024-05-15 09:16:00,1380.3,1380.3,1380.3,1380.3,0
2024-05-15 09:17:00,1380.3,1380.3,1380.3,1380.3,0
2024-05-15 09:18:00,1380.3,1380.3,1378.0,1378.65,16
2024-05-15 09:19:00,1378.65,1379.3,1376.5,1379.3,53
2024-05-15 09:20:00,1379.95,1380.6,1379.95,1380.6,11
2024-05-15 09:21:00,1380.0,1380.0,1378.65,1378.65,126
2024-05-15 09:22:00,1378.65,1378.65,1378.65,1378.65,0
2024-05-15 09:23:00,1378.65,1378.65,1378.65,1378.65,0
2024-05-15 09:24:00,1378.65,1379.65,1378.65,1379.65,5
2024-05-15 09:25:00,1379.95,1380.6,1379.65,1380.6,21
2024-05-15 09:26:00,1380.0,1381.55,1379.05,1379.05,167
2024-05-15 09:27:00,1379.05,1379.05,1379.05,1379.05,0
2024-05-15 09:28:00,1381.7,1381.7,1380.05,1380.05,10
2024-05-15 09:29:00,1380.05,1382.0,1380.05,1382.0,65
2024-05-15 09:30:00,1381.9,1381.9,1381.9,1381.9,30
2024-05-15 09:31:00,1381.9,1381.9,1380.3,1380.3,120
2024-05-15 09:32:00,1380.3,1380.3,1380.3,1380.3,0
2024-05-15 09:33:00,1380.3,1380.3,1380.3,1380.3,0
2024-05-15 09:34:00,1380.3,1382.4,1380.3,1382.4,5
2024-05-15 09:35:00,1382.55,1383.15,1382.55,1383.15,93
2024-05-15 09:36:00,1383.15,1383.15,1383.15,1383.15,0
2024-05-15 09:37:00,1383.15,1383.15,1381.0,1381.0,106
2024-05-15 09:38:00,1381.0,1381.15,1381.0,1381.15,12
2024-05-15 09:39:00,1381.15,1383.0,1381.15,1383.0,38
2024-05-15 09:40:00,1383.0,1383.0,1383.0,1383.0,0
2024-05-15 09:41:00,1383.0,1383.9,1383.0,1383.9,16
2024-05-15 09:42:00,1383.9,1383.9,1382.5,1382.5,0
2024-05-15 09:43:00,1382.5,1382.5,1382.4,1382.4,174
2024-05-15 09:44:00,1382.4,1382.4,1382.35,1382.35,15
2024-05-15 09:45:00,1382.35,1384.3,1382.35,1384.3,2
2024-05-15 09:46:00,1384.3,1384.3,1384.3,1384.3,0
2024-05-15 09:47:00,1384.3,1384.3,1383.05,1383.05,40
2024-05-15 09:48:00,1383.05,1383.05,1383.05,1383.05,0
2024-05-15 09:49:00,1384.25,1384.25,1384.25,1384.25,6
2024-05-15 09:50:00,1384.25,1384.45,1384.1,1384.45,102
2024-05-15 09:51:00,1384.45,1384.45,1382.45,1382.45,22
2024-05-15 09:52:00,1382.45,1382.45,1382.45,1382.45,0
2024-05-15 09:53:00,1382.45,1382.45,1382.45,1382.45,0
2024-05-15 09:54:00,1382.45,1382.45,1382.45,1382.45,0
2024-05-15 09:55:00,1382.45,1382.45,1382.45,1382.45,0
2024-05-15 09:56:00,1382.45,1383.75,1382.45,1383.75,2
2024-05-15 09:57:00,1383.75,1383.75,1383.75,1383.75,0
2024-05-15 09:58:00,1383.75,1383.75,1383.75,1383.75,0
2024-05-15 09:59:00,1383.75,1384.3,1382.4,1382.65,338
2024-05-15 10:00:00,1382.65,1382.65,1382.65,1382.65,0
2024-05-15 10:01:00,1382.65,1382.65,1382.65,1382.65,0
2024-05-15 10:02:00,1382.65,1384.1,1382.65,1384.1,255
2024-05-15 10:03:00,1384.1,1384.1,1382.85,1382.85,1
2024-05-15 10:04:00,1382.85,1382.85,1380.0,1380.0,96
2024-05-15 10:05:00,1380.0,1380.0,1379.05,1379.05,12
2024-05-15 10:06:00,1380.45,1380.45,1379.0,1379.0,196
2024-05-15 10:07:00,1378.65,1378.65,1378.05,1378.05,3
2024-05-15 10:08:00,1378.05,1378.05,1371.5,1371.5,75
2024-05-15 10:09:00,1371.5,1371.5,1371.5,1371.5,0
2024-05-15 10:10:00,1371.5,1373.85,1371.5,1373.85,0
2024-05-15 10:11:00,1374.6,1374.6,1374.55,1374.55,194
2024-05-15 10:12:00,1374.55,1374.6,1374.55,1374.6,5
2024-05-15 10:13:00,1374.6,1375.0,1374.6,1375.0,62
2024-05-15 10:14:00,1374.6,1375.0,1374.45,1374.45,177
2024-05-15 10:15:00,1374.45,1374.45,1374.45,1374.45,0
2024-05-15 10:16:00,1374.2,1374.2,1373.65,1373.65,24
2024-05-15 10:17:00,1373.65,1373.65,1373.65,1373.65,0
2024-05-15 10:18:00,1373.65,1373.65,1373.6,1373.6,40
2024-05-15 10:19:00,1373.6,1373.6,1373.6,1373.6,0
2024-05-15 10:20:00,1375.75,1375.75,1375.75,1375.75,50
2024-05-15 10:21:00,1375.75,1375.75,1375.75,1375.75,0
2024-05-15 10:22:00,1375.75,1375.75,1374.6,1374.6,38
2024-05-15 10:23:00,1374.6,1374.6,1374.6,1374.6,0
2024-05-15 10:24:00,1374.6,1374.6,1374.6,1374.6,0
2024-05-15 10:25:00,1374.6,1374.6,1374.6,1374.6,0
2024-05-15 10:26:00,1374.6,1374.6,1374.6,1374.6,0
2024-05-15 10:27:00,1374.6,1374.6,1374.6,1374.6,0
2024-05-15 10:28:00,1374.6,1374.6,1372.1,1372.1,1
2024-05-15 10:29:00,1373.55,1373.55,1373.55,1373.55,5
2024-05-15 10:30:00,1373.55,1373.55,1373.55,1373.55,10
2024-05-15 10:31:00,1373.55,1373.55,1372.15,1372.15,303
2024-05-15 10:32:00,1372.15,1372.15,1372.15,1372.15,0
2024-05-15 10:33:00,1371.8,1371.8,1365.0,1365.0,551
2024-05-15 10:34:00,1365.0,1366.05,1365.0,1365.0,98
2024-05-15 10:35:00,1365.0,1365.0,1365.0,1365.0,71
2024-05-15 10:36:00,1365.0,1366.4,1365.0,1366.4,86
2024-05-15 10:37:00,1365.1,1367.0,1363.3,1363.3,887
2024-05-15 10:38:00,1363.3,1363.35,1361.0,1361.0,204
2024-05-15 10:39:00,1361.0,1361.4,1360.0,1360.0,269
2024-05-15 10:40:00,1360.0,1361.35,1360.0,1360.0,220
2024-05-15 10:41:00,1360.0,1360.4,1359.0,1359.0,77
2024-05-15 10:42:00,1359.0,1360.95,1359.0,1360.25,119
2024-05-15 10:43:00,1360.25,1360.3,1360.0,1360.0,72
2024-05-15 10:44:00,1360.05,1360.15,1360.0,1360.1,71
2024-05-15 10:45:00,1360.15,1361.8,1360.15,1361.8,77
2024-05-15 10:46:00,1360.4,1365.95,1360.4,1364.5,141
2024-05-15 10:47:00,1364.35,1365.2,1363.7,1365.05,254
2024-05-15 10:48:00,1365.05,1366.55,1364.8,1365.05,74
2024-05-15 10:49:00,1365.05,1366.45,1365.05,1365.1,72
2024-05-15 10:50:00,1365.1,1365.1,1365.05,1365.05,72
2024-05-15 10:51:00,1365.1,1366.4,1365.05,1365.1,77
2024-05-15 10:52:00,1365.1,1366.45,1365.05,1366.45,115
2024-05-15 10:53:00,1365.6,1366.6,1365.05,1366.6,65
2024-05-15 10:54:00,1366.7,1367.45,1366.5,1366.5,249
2024-05-15 10:55:00,1366.5,1366.5,1366.5,1366.5,71
2024-05-15 10:56:00,1366.5,1368.95,1366.5,1367.85,162
2024-05-15 10:57:00,1368.05,1369.0,1367.8,1369.0,65
2024-05-15 10:58:00,1369.0,1370.0,1367.8,1369.4,128
2024-05-15 10:59:00,1369.4,1369.95,1369.35,1369.35,86
2024-05-15 11:00:00,1369.35,1371.0,1368.05,1370.0,242
2024-05-15 11:01:00,1370.05,1370.05,1370.0,1370.0,71
2024-05-15 11:02:00,1369.75,1370.0,1369.75,1370.0,83
2024-05-15 11:03:00,1370.0,1372.1,1369.75,1372.1,178
2024-05-15 11:04:00,1372.1,1373.8,1371.85,1372.1,106
2024-05-15 11:05:00,1372.15,1372.15,1372.1,1372.1,65
2024-05-15 11:06:00,1372.1,1372.15,1371.85,1372.15,92
2024-05-15 11:07:00,1372.15,1373.25,1372.1,1372.1,68
2024-05-15 11:08:00,1372.1,1372.1,1371.85,1372.1,74
2024-05-15 11:09:00,1372.1,1372.1,1372.1,1372.1,71
2024-05-15 11:10:00,1372.1,1373.05,1372.1,1372.1,92
2024-05-15 11:11:00,1372.1,1372.1,1371.85,1372.1,81
2024-05-15 11:12:00,1372.1,1372.1,1371.85,1372.1,117
2024-05-15 11:13:00,1372.1,1373.05,1372.1,1373.05,97
2024-05-15 11:14:00,1373.05,1373.05,1371.85,1372.1,91
2024-05-15 11:15:00,1372.1,1373.25,1372.1,1372.1,84
2024-05-15 11:16:00,1372.1,1372.1,1371.85,1372.1,96
2024-05-15 11:17:00,1372.1,1372.1,1372.1,1372.1,71
2024-05-15 11:18:00,1372.1,1372.15,1372.1,1372.1,99
2024-05-15 11:19:00,1372.1,1373.15,1372.1,1372.1,84
2024-05-15 11:20:00,1372.1,1372.1,1371.85,1372.1,100
2024-05-15 11:21:00,1372.1,1372.1,1372.1,1372.1,71
2024-05-15 11:22:00,1372.1,1372.75,1372.1,1372.1,111
2024-05-15 11:23:00,1372.1,1372.3,1372.1,1372.1,101
2024-05-15 11:24:00,1372.1,1372.1,1371.85,1372.1,71
2024-05-15 11:25:00,1372.1,1372.2,1372.1,1372.1,90
2024-05-15 11:26:00,1372.1,1372.1,1372.1,1372.1,107
2024-05-15 11:27:00,1372.1,1372.1,1372.1,1372.1,66
2024-05-15 11:28:00,1372.1,1372.1,1372.1,1372.1,77
2024-05-15 11:29:00,1372.1,1372.1,1372.1,1372.1,522
2024-05-15 11:30:00,1372.1,1372.1,1371.95,1372.1,137
2024-05-15 11:31:00,1372.1,1372.1,1372.1,1372.1,71
2024-05-15 11:32:00,1372.1,1372.1,1371.85,1372.1,89
2024-05-15 11:33:00,1372.1,1373.45,1372.1,1372.9,156
2024-05-15 11:34:00,1372.9,1372.9,1372.9,1372.9,78
2024-05-15 11:35:00,1372.9,1372.9,1372.9,1372.9,23
2024-05-15 11:36:00,1372.9,1375.15,1372.9,1375.15,317
2024-05-15 11:37:00,1375.15,1376.85,1375.15,1376.85,160
2024-05-15 11:38:00,1375.0,1375.0,1375.0,1375.0,119
2024-05-15 11:39:00,1375.0,1375.0,1374.85,1374.95,88
2024-05-15 11:40:00,1374.95,1374.95,1373.8,1373.8,7
2024-05-15 11:41:00,1373.8,1376.4,1373.8,1375.95,43
2024-05-15 11:42:00,1375.95,1377.7,1375.95,1377.7,95504
2024-05-15 11:43:00,1377.7,1377.7,1377.7,1377.7,0
2024-05-15 11:44:00,1377.7,1377.7,1377.7,1377.7,0
2024-05-15 11:45:00,1374.4,1375.65,1374.4,1375.65,61
2024-05-15 11:46:00,1375.65,1376.5,1375.65,1376.5,58
2024-05-15 11:47:00,1375.0,1375.0,1375.0,1375.0,80
2024-05-15 11:48:00,1375.0,1377.7,1375.0,1377.7,0
2024-05-15 11:49:00,1378.0,1378.5,1378.0,1378.5,184
2024-05-15 11:50:00,1378.5,1379.15,1378.5,1379.15,114
2024-05-15 11:51:00,1379.15,1379.15,1379.15,1379.15,0
2024-05-15 11:52:00,1379.15,1379.15,1379.15,1379.15,0
2024-05-15 11:53:00,1379.15,1379.15,1379.15,1379.15,0
2024-05-15 11:54:00,1379.15,1379.15,1377.7,1377.7,50
2024-05-15 11:56:00,1377.7,1379.1,1377.7,1379.1,1
2024-05-15 11:57:00,1379.1,1379.1,1379.1,1379.1,0
2024-05-15 11:58:00,1379.1,1381.95,1379.1,1381.95,669
2024-05-15 11:59:00,1381.95,1381.95,1381.95,1381.95,0
2024-05-15 12:00:00,1381.95,1381.95,1379.95,1379.95,1
2024-05-15 12:01:00,1379.9,1381.95,1379.9,1381.95,81
2024-05-15 12:02:00,1381.95,1383.0,1374.3,1377.6,5654
2024-05-15 12:03:00,1378.0,1390.0,1375.35,1386.65,16197
2024-05-15 12:04:00,1386.65,1388.0,1372.9,1380.35,11383
2024-05-15 12:05:00,1379.1,1379.95,1371.7,1377.3,18601
2024-05-15 12:06:00,1378.95,1397.0,1378.95,1383.95,24228
2024-05-15 12:07:00,1383.95,1385.4,1378.4,1379.2,6312
2024-05-15 12:08:00,1379.2,1379.2,1361.7,1377.0,9942
2024-05-15 12:09:00,1377.0,1377.0,1373.15,1373.15,226
2024-05-15 12:10:00,1373.15,1373.45,1373.15,1373.45,1
2024-05-15 12:11:00,1373.45,1373.95,1372.2,1372.5,61
2024-05-15 12:12:00,1372.5,1373.4,1372.15,1372.15,100
2024-05-15 12:13:00,1371.9,1373.75,1370.0,1370.0,320
2024-05-15 12:14:00,1370.0,1370.0,1369.95,1370.0,2
2024-05-15 12:15:00,1370.0,1370.0,1370.0,1370.0,20
2024-05-15 12:16:00,1370.0,1370.0,1370.0,1370.0,0
2024-05-15 12:17:00,1370.0,1370.0,1370.0,1370.0,0
2024-05-15 12:18:00,1370.0,1370.0,1367.35,1367.45,39
2024-05-15 12:19:00,1365.55,1365.55,1365.25,1365.25,49
2024-05-15 12:20:00,1365.25,1365.3,1365.25,1365.3,20
2024-05-15 12:21:00,1365.3,1366.7,1365.25,1365.25,131
2024-05-15 12:22:00,1365.25,1365.25,1365.25,1365.25,10
2024-05-15 12:23:00,1365.25,1365.25,1365.25,1365.25,0
2024-05-15 12:24:00,1365.25,1365.25,1365.25,1365.25,0
2024-05-15 12:25:00,1365.25,1367.45,1365.25,1367.45,141
2024-05-15 12:26:00,1368.05,1369.85,1368.05,1369.8,142
2024-05-15 12:27:00,1369.8,1369.8,1369.8,1369.8,100
2024-05-15 12:28:00,1369.8,1373.7,1369.8,1373.7,487
2024-05-15 12:29:00,1373.7,1373.7,1373.7,1373.7,0
2024-05-15 12:30:00,1373.65,1373.65,1373.65,1373.65,4
2024-05-15 12:31:00,1373.65,1373.65,1373.65,1373.65,0
2024-05-15 12:32:00,1373.65,1373.7,1373.65,1373.7,139
2024-05-15 12:33:00,1373.7,1373.7,1373.7,1373.7,0
2024-05-15 12:34:00,1373.7,1373.7,1373.7,1373.7,0
2024-05-15 12:35:00,1373.7,1373.7,1373.7,1373.7,0
2024-05-15 12:36:00,1373.7,1373.7,1373.7,1373.7,0
2024-05-15 12:38:00,1373.7,1373.7,1373.7,1373.7,0
2024-05-15 12:39:00,1373.7,1373.7,1373.7,1373.7,0
2024-05-15 12:41:00,1373.7,1373.7,1373.7,1373.7,1
2024-05-15 12:42:00,1373.7,1373.7,1373.7,1373.7,0
2024-05-15 12:44:00,1373.7,1373.7,1373.7,1373.7,0
2024-05-15 12:45:00,1373.7,1374.1,1373.7,1374.1,10
2024-05-15 12:46:00,1374.1,1374.1,1374.1,1374.1,0
2024-05-15 12:47:00,1374.1,1374.1,1373.2,1373.95,33
2024-05-15 12:48:00,1373.95,1373.95,1373.95,1373.95,15
2024-05-15 12:49:00,1374.55,1374.6,1374.5,1374.6,45
2024-05-15 12:50:00,1374.6,1374.6,1372.9,1374.4,31
2024-05-15 12:51:00,1374.4,1375.1,1374.4,1375.1,75
2024-05-15 12:52:00,1375.1,1375.55,1375.1,1375.55,30
2024-05-15 12:53:00,1375.55,1375.55,1375.55,1375.55,0
2024-05-15 12:54:00,1375.55,1375.55,1375.55,1375.55,0
2024-05-15 12:55:00,1375.55,1375.55,1375.55,1375.55,0
2024-05-15 12:56:00,1375.55,1375.55,1375.55,1375.55,0
2024-05-15 12:57:00,1375.55,1375.55,1375.55,1375.55,0
2024-05-15 12:58:00,1375.55,1375.6,1375.55,1375.6,15
2024-05-15 12:59:00,1375.6,1375.6,1375.6,1375.6,0
2024-05-15 13:00:00,1375.6,1375.6,1375.6,1375.6,0
2024-05-15 13:01:00,1375.6,1375.6,1375.6,1375.6,0
2024-05-15 13:02:00,1375.6,1375.6,1375.0,1375.0,71
2024-05-15 13:03:00,1375.0,1375.0,1375.0,1375.0,0
2024-05-15 13:04:00,1375.0,1375.0,1374.85,1374.85,5
2024-05-15 13:05:00,1374.85,1374.85,1374.85,1374.85,0
2024-05-15 13:06:00,1374.85,1374.85,1374.85,1374.85,0
2024-05-15 13:07:00,1374.85,1374.85,1374.85,1374.85,5
2024-05-15 13:08:00,1374.75,1374.75,1374.65,1374.65,2
2024-05-15 13:09:00,1372.35,1373.95,1372.35,1373.95,23
2024-05-15 13:10:00,1373.95,1374.0,1373.95,1374.0,1
2024-05-15 13:11:00,1374.0,1374.0,1374.0,1374.0,0
2024-05-15 13:12:00,1374.0,1374.0,1374.0,1374.0,0
2024-05-15 13:13:00,1374.0,1374.0,1374.0,1374.0,0
2024-05-15 13:14:00,1374.0,1374.0,1374.0,1374.0,0
2024-05-15 13:15:00,1374.25,1374.25,1374.25,1374.25,92
2024-05-15 13:16:00,1374.25,1375.0,1374.25,1375.0,105
2024-05-15 13:17:00,1375.0,1375.0,1373.6,1373.6,3
2024-05-15 13:18:00,1373.6,1373.6,1373.6,1373.6,0
2024-05-15 13:19:00,1373.6,1374.2,1373.6,1374.2,21
2024-05-15 13:20:00,1374.2,1374.2,1365.3,1365.4,1385
2024-05-15 13:21:00,1365.4,1366.8,1364.2,1365.0,1165
2024-05-15 13:22:00,1365.0,1365.95,1365.0,1365.95,40
2024-05-15 13:23:00,1364.65,1366.0,1364.65,1366.0,109
2024-05-15 13:24:00,1366.0,1366.4,1365.9,1365.9,50
2024-05-15 13:25:00,1365.9,1365.9,1365.9,1365.9,0
2024-05-15 13:26:00,1365.9,1365.9,1365.9,1365.9,0
2024-05-15 13:27:00,1365.9,1365.9,1365.9,1365.9,0
2024-05-15 13:28:00,1365.9,1365.9,1365.9,1365.9,0
2024-05-15 13:29:00,1365.9,1365.9,1365.9,1365.9,0
2024-05-15 13:30:00,1365.9,1365.9,1365.9,1365.9,0
2024-05-15 13:31:00,1365.9,1365.9,1365.9,1365.9,0
2024-05-15 13:32:00,1365.9,1367.4,1365.9,1365.9,40
2024-05-15 13:33:00,1365.9,1365.9,1365.6,1365.6,1
2024-05-15 13:34:00,1365.6,1365.6,1365.6,1365.6,2
2024-05-15 13:35:00,1365.6,1366.3,1365.6,1366.3,110
2024-05-15 13:36:00,1366.3,1366.3,1366.3,1366.3,25
2024-05-15 13:39:00,1366.3,1366.3,1366.3,1366.3,0
2024-05-15 13:40:00,1366.3,1366.3,1365.15,1365.15,1
2024-05-15 13:41:00,1366.35,1366.35,1366.35,1366.35,10
2024-05-15 13:42:00,1366.9,1366.9,1366.9,1366.9,33
2024-05-15 13:43:00,1366.9,1366.9,1366.9,1366.9,25
2024-05-15 13:44:00,1366.9,1366.9,1366.85,1366.85,4
2024-05-15 13:45:00,1366.85,1366.9,1365.35,1366.9,9
2024-05-15 13:47:00,1366.9,1367.0,1366.9,1367.0,2
2024-05-15 13:48:00,1367.0,1367.0,1367.0,1367.0,0
2024-05-15 13:49:00,1367.0,1367.0,1366.9,1366.9,20
2024-05-15 13:50:00,1366.9,1366.9,1366.9,1366.9,0
2024-05-15 13:51:00,1366.9,1366.9,1366.4,1366.9,92
2024-05-15 13:52:00,1365.25,1365.25,1365.25,1365.25,0
2024-05-15 13:53:00,1365.25,1365.25,1365.25,1365.25,18
2024-05-15 13:54:00,1365.25,1365.25,1365.25,1365.25,0
2024-05-15 13:55:00,1365.25,1365.25,1365.25,1365.25,0
2024-05-15 13:56:00,1365.25,1365.25,1365.25,1365.25,0
2024-05-15 13:57:00,1366.9,1366.9,1366.9,1366.9,10
2024-05-15 13:58:00,1366.9,1366.95,1366.9,1366.95,2
2024-05-15 13:59:00,1366.95,1368.6,1366.95,1368.6,48
2024-05-15 14:00:00,1368.6,1368.6,1366.75,1366.75,4
2024-05-15 14:01:00,1366.75,1366.75,1366.75,1366.75,0
2024-05-15 14:02:00,1366.75,1366.75,1366.75,1366.75,0
2024-05-15 14:03:00,1366.75,1366.75,1366.75,1366.75,0
2024-05-15 14:04:00,1366.75,1368.85,1366.75,1368.85,39
2024-05-15 14:05:00,1368.85,1368.85,1367.95,1367.95,34
2024-05-15 14:06:00,1367.95,1369.25,1367.95,1369.25,10
2024-05-15 14:07:00,1369.25,1369.95,1369.25,1369.95,50
2024-05-15 14:08:00,1369.95,1370.0,1369.95,1370.0,66
2024-05-15 14:09:00,1370.0,1370.0,1370.0,1370.0,0
2024-05-15 14:10:00,1370.0,1370.0,1370.0,1370.0,0
2024-05-15 14:11:00,1370.0,1370.0,1370.0,1370.0,10
2024-05-15 14:12:00,1370.0,1370.0,1368.45,1368.7,190
2024-05-15 14:13:00,1368.7,1368.7,1368.7,1368.7,0
2024-05-15 14:14:00,1368.7,1368.7,1368.7,1368.7,0
2024-05-15 14:15:00,1367.9,1367.9,1367.9,1367.9,1
2024-05-15 14:16:00,1367.9,1367.9,1367.9,1367.9,0
2024-05-15 14:17:00,1367.9,1367.9,1367.9,1367.9,17
2024-05-15 14:18:00,1367.9,1367.9,1367.9,1367.9,83
2024-05-15 14:19:00,1367.9,1367.9,1367.9,1367.9,2
2024-05-15 14:20:00,1367.9,1369.25,1367.9,1369.25,136
2024-05-15 14:21:00,1369.25,1369.25,1369.25,1369.25,0
2024-05-15 14:22:00,1369.25,1370.0,1369.25,1370.0,81
2024-05-15 14:23:00,1370.0,1370.0,1367.85,1367.85,70
2024-05-15 14:24:00,1367.85,1367.85,1367.85,1367.85,0
2024-05-15 14:25:00,1367.85,1367.85,1367.85,1367.85,0
2024-05-15 14:26:00,1367.85,1367.85,1367.6,1367.6,30
2024-05-15 14:27:00,1367.6,1367.6,1367.6,1367.6,0
2024-05-15 14:28:00,1367.6,1368.65,1367.05,1368.65,2
2024-05-15 14:29:00,1368.65,1368.65,1368.65,1368.65,0
2024-05-15 14:30:00,1368.65,1368.65,1368.65,1368.65,8
2024-05-15 14:31:00,1368.65,1368.65,1368.65,1368.65,0
2024-05-15 14:32:00,1368.65,1368.65,1368.65,1368.65,0
2024-05-15 14:33:00,1368.65,1368.65,1368.65,1368.65,7
2024-05-15 14:34:00,1368.65,1368.9,1368.65,1368.65,5
2024-05-15 14:35:00,1368.65,1369.25,1368.65,1369.25,1
2024-05-15 14:36:00,1369.25,1369.25,1367.15,1368.95,101
2024-05-15 14:37:00,1368.95,1368.95,1368.9,1368.9,13
2024-05-15 14:38:00,1368.9,1368.9,1368.9,1368.9,0
2024-05-15 14:39:00,1368.9,1368.9,1368.55,1368.55,1
2024-05-15 14:40:00,1368.55,1368.55,1367.1,1367.1,0
2024-05-15 14:41:00,1367.1,1368.3,1367.0,1368.15,13
2024-05-15 14:42:00,1368.15,1368.15,1367.0,1367.0,2
2024-05-15 14:43:00,1367.0,1367.0,1367.0,1367.0,1
2024-05-15 14:44:00,1367.0,1367.0,1367.0,1367.0,0
2024-05-15 14:45:00,1367.0,1367.0,1367.0,1367.0,0
2024-05-15 14:46:00,1367.0,1368.35,1366.85,1366.85,205
2024-05-15 14:47:00,1366.85,1367.7,1366.85,1367.7,2
2024-05-15 14:48:00,1366.85,1366.85,1366.85,1366.85,6
2024-05-15 14:49:00,1366.85,1366.85,1366.85,1366.85,5
2024-05-15 14:50:00,1366.85,1366.85,1366.85,1366.85,6
2024-05-15 14:51:00,1366.85,1366.85,1365.45,1366.15,557
2024-05-15 14:52:00,1366.15,1366.25,1365.35,1365.9,191
2024-05-15 14:53:00,1365.9,1366.5,1365.2,1366.5,22
2024-05-15 14:54:00,1366.5,1366.5,1365.25,1365.25,5
2024-05-15 14:55:00,1366.5,1366.5,1365.3,1365.3,6
2024-05-15 14:56:00,1365.3,1366.65,1365.25,1365.25,121
2024-05-15 14:57:00,1365.25,1365.25,1365.25,1365.25,1
2024-05-15 14:58:00,1365.25,1365.3,1365.25,1365.3,1
2024-05-15 14:59:00,1365.3,1366.2,1365.25,1365.25,76
2024-05-15 15:00:00,1366.75,1368.4,1366.5,1367.5,116
2024-05-15 15:01:00,1367.5,1367.5,1366.2,1366.2,260
2024-05-15 15:02:00,1366.2,1366.2,1365.2,1365.3,14
2024-05-15 15:03:00,1365.3,1366.2,1365.3,1366.2,10
2024-05-15 15:04:00,1366.15,1366.15,1365.25,1365.25,30
2024-05-15 15:05:00,1365.9,1366.3,1365.1,1366.25,33
2024-05-15 15:06:00,1366.3,1366.5,1365.15,1366.5,20
2024-05-15 15:07:00,1366.5,1366.5,1365.15,1366.45,16
2024-05-15 15:08:00,1366.5,1366.5,1365.2,1366.3,15
2024-05-15 15:09:00,1366.3,1366.9,1365.2,1366.9,347
2024-05-15 15:10:00,1368.5,1368.5,1367.0,1368.2,10
2024-05-15 15:11:00,1368.2,1368.2,1366.05,1366.05,40
2024-05-15 15:12:00,1365.95,1366.0,1365.25,1365.9,108
2024-05-15 15:13:00,1365.9,1365.9,1364.5,1365.0,1642
2024-05-15 15:14:00,1365.0,1365.0,1364.5,1365.0,9
2024-05-15 15:15:00,1365.0,1365.05,1364.95,1365.05,62
2024-05-15 15:16:00,1364.65,1365.65,1364.35,1365.65,382
2024-05-15 15:17:00,1365.65,1365.65,1363.35,1365.45,143
2024-05-15 15:18:00,1365.65,1365.65,1365.0,1365.65,110
2024-05-15 15:19:00,1365.65,1366.3,1365.65,1365.7,60
2024-05-15 15:20:00,1366.7,1373.8,1365.15,1373.8,1139
2024-05-15 15:21:00,1373.8,1373.8,1370.55,1371.15,693
2024-05-15 15:22:00,1372.5,1372.55,1370.0,1370.0,1051
2024-05-15 15:23:00,1371.0,1371.0,1370.05,1370.5,92
2024-05-15 15:24:00,1370.45,1370.45,1370.35,1370.35,102
2024-05-15 15:25:00,1370.4,1370.4,1370.0,1370.0,691
2024-05-15 15:26:00,1370.05,1372.0,1370.0,1372.0,475
2024-05-15 15:27:00,1372.0,1375.0,1372.0,1374.95,76
2024-05-15 15:28:00,1374.95,1374.95,1373.0,1373.0,29
2024-05-15 15:29:00,1373.0,1405.0,1371.0,1371.0,3033
2024-05-16 09:15:00,1375.55,1390.0,1375.55,1381.05,115
2024-05-16 09:16:00,1381.05,1381.05,1381.05,1381.05,0
2024-05-16 09:17:00,1381.05,1381.05,1375.6,1375.6,269
2024-05-16 09:18:00,1375.6,1379.9,1375.6,1379.9,66
2024-05-16 09:19:00,1379.95,1380.6,1379.95,1380.6,114
2024-05-16 09:20:00,1380.6,1380.6,1380.6,1380.6,0
2024-05-16 09:21:00,1380.6,1380.6,1379.75,1379.75,25
2024-05-16 09:22:00,1379.75,1379.75,1379.75,1379.75,0
2024-05-16 09:23:00,1379.75,1379.75,1379.75,1379.75,50
2024-05-16 09:24:00,1379.75,1381.5,1379.75,1381.0,32
2024-05-16 09:25:00,1381.0,1381.0,1381.0,1381.0,0
2024-05-16 09:26:00,1381.0,1382.7,1381.0,1382.7,10
2024-05-16 09:27:00,1382.7,1382.7,1382.7,1382.7,0
2024-05-16 09:28:00,1382.7,1382.7,1382.7,1382.7,0
2024-05-16 09:29:00,1382.7,1382.7,1380.75,1382.15,374
2024-05-16 09:30:00,1382.15,1382.15,1380.4,1380.4,10
2024-05-16 09:31:00,1380.4,1380.4,1380.4,1380.4,0
2024-05-16 09:32:00,1380.4,1380.4,1380.35,1380.35,12
2024-05-16 09:33:00,1380.35,1380.35,1380.35,1380.35,0
2024-05-16 09:34:00,1380.35,1382.35,1380.05,1380.05,638
2024-05-16 09:35:00,1380.05,1380.55,1380.05,1380.45,4
2024-05-16 09:36:00,1380.45,1380.45,1380.05,1380.05,1
2024-05-16 09:37:00,1380.05,1380.05,1378.1,1380.0,45
2024-05-16 09:38:00,1378.15,1381.35,1378.15,1381.35,168
2024-05-16 09:39:00,1381.35,1381.35,1381.35,1381.35,0
2024-05-16 09:40:00,1381.35,1381.35,1381.35,1381.35,0
2024-05-16 09:41:00,1381.35,1381.35,1378.2,1378.2,762
2024-05-16 09:42:00,1378.2,1379.75,1378.2,1379.75,1
2024-05-16 09:43:00,1379.75,1379.75,1379.75,1379.75,0
2024-05-16 09:44:00,1379.75,1380.3,1379.75,1380.3,0
2024-05-16 09:45:00,1380.3,1380.35,1380.3,1380.35,12
2024-05-16 09:46:00,1380.35,1380.35,1380.35,1380.35,0
2024-05-16 09:47:00,1380.35,1380.35,1380.35,1380.35,0
2024-05-16 09:48:00,1380.35,1380.35,1379.0,1379.0,12
2024-05-16 09:49:00,1379.0,1379.5,1379.0,1379.5,2
2024-05-16 09:50:00,1379.7,1379.7,1379.7,1379.7,35
2024-05-16 09:51:00,1379.7,1379.7,1379.7,1379.7,0
2024-05-16 09:52:00,1379.7,1381.75,1379.7,1381.75,2
2024-05-16 09:53:00,1381.75,1381.75,1381.75,1381.75,0
2024-05-16 09:54:00,1380.1,1382.15,1380.1,1380.75,269
2024-05-16 09:55:00,1380.75,1380.75,1380.7,1380.7,30
2024-05-16 09:56:00,1380.7,1380.7,1380.7,1380.7,0
2024-05-16 09:57:00,1381.9,1382.0,1380.7,1382.0,63
2024-05-16 09:58:00,1382.0,1382.0,1382.0,1382.0,0
2024-05-16 09:59:00,1382.0,1382.0,1382.0,1382.0,0
2024-05-16 10:00:00,1382.0,1382.0,1381.05,1381.05,169
2024-05-16 10:01:00,1381.05,1381.05,1381.05,1381.05,0
2024-05-16 10:02:00,1381.05,1381.05,1381.05,1381.05,0
2024-05-16 10:03:00,1381.05,1381.05,1380.95,1380.95,3
2024-05-16 10:04:00,1380.95,1381.0,1380.95,1381.0,83
2024-05-16 10:05:00,1381.0,1381.0,1381.0,1381.0,0
2024-05-16 10:06:00,1381.0,1381.0,1380.95,1380.95,2
2024-05-16 10:07:00,1380.95,1381.0,1379.95,1379.95,39
2024-05-16 10:08:00,1379.95,1379.95,1378.0,1378.0,342
2024-05-16 10:09:00,1378.1,1378.1,1378.1,1378.1,19
2024-05-16 10:10:00,1378.1,1378.1,1378.1,1378.1,0
2024-05-16 10:11:00,1378.1,1379.4,1378.1,1378.4,8
2024-05-16 10:12:00,1378.4,1379.65,1378.4,1379.65,18
2024-05-16 10:13:00,1379.65,1379.65,1379.65,1379.65,0
2024-05-16 10:14:00,1379.65,1379.65,1379.55,1379.55,2
2024-05-16 10:15:00,1379.65,1381.05,1379.65,1381.05,154
2024-05-16 10:16:00,1381.05,1382.15,1381.05,1382.15,54
2024-05-16 10:17:00,1382.15,1382.15,1382.15,1382.15,0
2024-05-16 10:18:00,1382.15,1382.15,1382.15,1382.15,11
2024-05-16 10:19:00,1382.15,1382.15,1382.15,1382.15,0
2024-05-16 10:20:00,1382.1,1382.1,1382.1,1382.1,6
2024-05-16 10:21:00,1382.1,1382.1,1382.0,1382.0,12
2024-05-16 10:22:00,1379.6,1379.6,1379.6,1379.6,148
2024-05-16 10:23:00,1379.6,1379.6,1379.6,1379.6,0
2024-05-16 10:24:00,1379.6,1379.6,1379.6,1379.6,0
2024-05-16 10:25:00,1379.6,1379.6,1379.4,1379.4,19
2024-05-16 10:26:00,1379.4,1379.55,1379.4,1379.55,27
2024-05-16 10:27:00,1379.55,1381.8,1379.55,1381.8,2
2024-05-16 10:28:00,1381.8,1382.15,1380.3,1380.3,46
2024-05-16 10:29:00,1380.3,1380.3,1380.3,1380.3,8
2024-05-16 10:30:00,1380.3,1380.45,1379.9,1380.45,54
2024-05-16 10:31:00,1380.45,1380.45,1379.5,1379.5,110
2024-05-16 10:32:00,1379.5,1379.5,1379.5,1379.5,0
2024-05-16 10:33:00,1379.5,1381.0,1379.5,1381.0,1
2024-05-16 10:34:00,1381.0,1381.6,1381.0,1381.6,13
2024-05-16 10:35:00,1381.6,1381.6,1381.6,1381.6,0
2024-05-16 10:36:00,1381.6,1381.6,1379.3,1380.0,84
2024-05-16 10:37:00,1380.0,1380.0,1377.1,1377.1,26
2024-05-16 10:38:00,1377.1,1377.15,1377.1,1377.15,4
2024-05-16 10:39:00,1377.15,1377.15,1377.15,1377.15,0
2024-05-16 10:40:00,1377.15,1377.15,1377.15,1377.15,0
2024-05-16 10:41:00,1377.15,1377.15,1377.15,1377.15,0
2024-05-16 10:42:00,1379.1,1379.85,1379.1,1379.85,20
2024-05-16 10:43:00,1379.85,1379.85,1379.85,1379.85,0
2024-05-16 10:44:00,1379.85,1379.85,1374.95,1375.55,316
2024-05-16 10:45:00,1375.55,1375.55,1375.55,1375.55,0
2024-05-16 10:46:00,1375.55,1375.55,1375.55,1375.55,0
2024-05-16 10:47:00,1375.55,1375.55,1375.55,1375.55,5
2024-05-16 10:48:00,1375.55,1375.55,1375.55,1375.55,0
2024-05-16 10:49:00,1375.55,1375.55,1375.55,1375.55,0
2024-05-16 10:50:00,1375.55,1376.05,1375.55,1376.05,13
2024-05-16 10:51:00,1376.05,1376.05,1375.0,1376.05,21
2024-05-16 10:52:00,1376.05,1376.35,1375.0,1376.35,31
2024-05-16 10:53:00,1376.35,1376.35,1374.05,1375.25,198
2024-05-16 10:54:00,1375.25,1375.25,1375.25,1375.25,0
2024-05-16 10:55:00,1375.25,1375.25,1375.0,1375.0,10
2024-05-16 10:56:00,1375.0,1375.0,1375.0,1375.0,0
2024-05-16 10:57:00,1375.0,1375.0,1375.0,1375.0,0
2024-05-16 10:58:00,1375.0,1375.0,1375.0,1375.0,0
2024-05-16 10:59:00,1375.0,1375.0,1375.0,1375.0,0
2024-05-16 11:00:00,1375.0,1376.4,1375.0,1376.4,47
2024-05-16 11:01:00,1376.4,1376.4,1376.4,1376.4,0
2024-05-16 11:02:00,1376.4,1377.0,1376.4,1377.0,52
2024-05-16 11:03:00,1377.0,1377.0,1377.0,1377.0,159
2024-05-16 11:04:00,1377.0,1377.0,1377.0,1377.0,2
2024-05-16 11:05:00,1377.0,1377.0,1377.0,1377.0,0
2024-05-16 11:06:00,1377.0,1377.0,1375.1,1375.1,20
2024-05-16 11:07:00,1375.1,1375.1,1375.1,1375.1,0
2024-05-16 11:08:00,1375.1,1376.55,1375.1,1376.55,13
2024-05-16 11:09:00,1376.55,1376.55,1375.2,1375.25,3
2024-05-16 11:10:00,1375.0,1375.0,1374.5,1374.5,124
2024-05-16 11:11:00,1374.5,1374.5,1372.2,1372.9,233
2024-05-16 11:12:00,1372.9,1373.2,1372.9,1373.2,50
2024-05-16 11:13:00,1373.2,1373.2,1373.2,1373.2,0
2024-05-16 11:14:00,1373.2,1373.2,1373.2,1373.2,0
2024-05-16 11:15:00,1373.2,1373.8,1373.2,1373.8,10
2024-05-16 11:16:00,1373.8,1373.8,1373.8,1373.8,0
2024-05-16 11:17:00,1373.8,1373.8,1373.8,1373.8,0
2024-05-16 11:18:00,1373.4,1373.4,1373.4,1373.4,21
2024-05-16 11:19:00,1373.4,1373.4,1371.95,1371.95,10
2024-05-16 11:20:00,1371.95,1372.65,1371.95,1372.65,169
2024-05-16 11:21:00,1372.65,1372.65,1372.65,1372.65,0
2024-05-16 11:22:00,1372.65,1372.65,1372.65,1372.65,0
2024-05-16 11:23:00,1372.65,1373.35,1371.9,1371.9,40
2024-05-16 11:24:00,1371.9,1371.9,1371.9,1371.9,18
2024-05-16 11:25:00,1371.9,1371.9,1371.9,1371.9,0
2024-05-16 11:26:00,1371.9,1373.55,1371.9,1373.55,2
2024-05-16 11:27:00,1373.55,1374.35,1373.55,1374.35,5
2024-05-16 11:28:00,1374.35,1374.35,1374.35,1374.35,0
2024-05-16 11:29:00,1374.35,1374.35,1372.95,1373.0,26
2024-05-16 11:30:00,1373.0,1373.0,1373.0,1373.0,188
2024-05-16 11:31:00,1373.0,1373.0,1373.0,1373.0,0
2024-05-16 11:32:00,1373.0,1373.0,1373.0,1373.0,16
2024-05-16 11:33:00,1373.0,1373.0,1372.9,1372.9,5
2024-05-16 11:34:00,1372.95,1372.95,1372.95,1372.95,2
2024-05-16 11:35:00,1372.95,1372.95,1372.95,1372.95,3
2024-05-16 11:36:00,1372.9,1372.9,1372.9,1372.9,12
2024-05-16 11:37:00,1372.9,1379.35,1372.9,1379.35,1237
2024-05-16 11:38:00,1379.35,1379.35,1378.1,1378.1,25
2024-05-16 11:39:00,1378.1,1378.1,1378.1,1378.1,0
2024-05-16 11:40:00,1378.1,1378.1,1378.05,1378.05,10
2024-05-16 11:41:00,1378.05,1378.05,1378.0,1378.0,0
2024-05-16 11:42:00,1378.0,1378.25,1376.4,1378.2,81
2024-05-16 11:43:00,1378.2,1378.2,1378.2,1378.2,0
2024-05-16 11:44:00,1378.2,1378.2,1378.2,1378.2,0
2024-05-16 11:45:00,1378.2,1379.3,1378.2,1379.3,12
2024-05-16 11:46:00,1379.3,1379.9,1379.3,1379.9,4
2024-05-16 11:47:00,1380.0,1380.0,1378.25,1379.3,197
2024-05-16 11:48:00,1379.3,1380.0,1379.3,1380.0,19
2024-05-16 11:49:00,1380.0,1380.0,1380.0,1380.0,4
2024-05-16 11:50:00,1380.0,1380.0,1380.0,1380.0,0
2024-05-16 11:51:00,1380.0,1380.0,1380.0,1380.0,0
2024-05-16 11:52:00,1380.0,1381.8,1380.0,1381.8,39
2024-05-16 11:53:00,1381.8,1382.3,1381.7,1381.7,275
2024-05-16 11:54:00,1381.7,1381.7,1379.5,1379.5,15
2024-05-16 11:55:00,1379.5,1381.9,1379.5,1381.9,38
2024-05-16 11:56:00,1381.9,1381.9,1379.85,1379.85,14
2024-05-16 11:57:00,1379.85,1380.0,1379.85,1380.0,0
2024-05-16 11:58:00,1380.0,1380.0,1378.05,1378.05,414
2024-05-16 11:59:00,1378.05,1378.05,1378.05,1378.05,0
2024-05-16 12:00:00,1378.05,1378.05,1377.7,1377.7,12
2024-05-16 12:01:00,1377.7,1377.7,1377.7,1377.7,0
2024-05-16 12:02:00,1377.7,1377.7,1377.7,1377.7,1
2024-05-16 12:03:00,1377.7,1377.7,1377.05,1377.05,2
2024-05-16 12:04:00,1377.05,1377.05,1375.15,1376.2,43
2024-05-16 12:05:00,1376.2,1377.0,1376.2,1377.0,297
2024-05-16 12:06:00,1377.0,1378.55,1377.0,1378.55,24
2024-05-16 12:07:00,1378.55,1378.55,1378.55,1378.55,0
2024-05-16 12:08:00,1378.55,1378.55,1378.55,1378.55,0
2024-05-16 12:09:00,1378.55,1378.55,1378.55,1378.55,0
2024-05-16 12:10:00,1378.55,1378.55,1378.55,1378.55,0
2024-05-16 12:11:00,1378.55,1378.55,1378.55,1378.55,0
2024-05-16 12:12:00,1378.55,1379.4,1378.55,1378.95,55
2024-05-16 12:13:00,1378.95,1378.95,1378.95,1378.95,0
2024-05-16 12:14:00,1378.95,1378.95,1378.95,1378.95,0
2024-05-16 12:15:00,1378.95,1378.95,1378.95,1378.95,0
2024-05-16 12:16:00,1378.95,1378.95,1378.95,1378.95,0
2024-05-16 12:17:00,1378.95,1378.95,1378.95,1378.95,0
2024-05-16 12:18:00,1378.95,1380.8,1378.95,1380.8,53
2024-05-16 12:19:00,1380.8,1380.8,1380.8,1380.8,0
2024-05-16 12:20:00,1380.8,1380.8,1380.8,1380.8,0
2024-05-16 12:21:00,1380.8,1381.95,1380.8,1381.95,6
2024-05-16 12:22:00,1381.95,1382.15,1381.95,1382.15,6
2024-05-16 12:23:00,1382.15,1382.95,1382.15,1382.95,17
2024-05-16 12:24:00,1382.95,1383.85,1382.95,1383.85,38
2024-05-16 12:25:00,1383.85,1386.4,1383.85,1386.4,32
2024-05-16 12:26:00,1386.4,1386.4,1384.3,1385.3,45
2024-05-16 12:27:00,1385.3,1385.3,1385.3,1385.3,6
2024-05-16 12:28:00,1385.2,1386.0,1383.85,1386.0,519
2024-05-16 12:29:00,1386.0,1386.0,1385.8,1385.8,16
2024-05-16 12:30:00,1385.8,1385.8,1385.75,1385.8,11
2024-05-16 12:31:00,1385.8,1385.95,1385.75,1385.95,33
2024-05-16 12:32:00,1385.95,1386.0,1385.9,1386.0,58
2024-05-16 12:33:00,1386.0,1386.0,1384.35,1385.4,27
2024-05-16 12:34:00,1385.4,1385.8,1383.65,1385.8,43
2024-05-16 12:35:00,1385.8,1385.95,1385.8,1385.95,6
2024-05-16 12:36:00,1385.95,1385.95,1385.55,1385.55,6
2024-05-16 12:37:00,1385.55,1385.55,1385.0,1385.0,17
2024-05-16 12:38:00,1385.0,1385.0,1385.0,1385.0,6
2024-05-16 12:39:00,1385.0,1385.0,1385.0,1385.0,6
2024-05-16 12:40:00,1385.0,1385.95,1385.0,1385.95,75
2024-05-16 12:41:00,1385.95,1386.0,1385.95,1386.0,6
2024-05-16 12:42:00,1386.0,1386.0,1385.95,1385.95,7
2024-05-16 12:43:00,1385.95,1385.95,1384.45,1385.9,36
2024-05-16 12:44:00,1385.9,1385.95,1385.9,1385.95,6
2024-05-16 12:45:00,1385.95,1385.95,1384.4,1384.4,16
2024-05-16 12:46:00,1384.4,1385.9,1384.4,1385.9,17
2024-05-16 12:47:00,1385.9,1386.0,1385.9,1386.0,72
2024-05-16 12:48:00,1386.0,1386.0,1385.85,1385.85,6
2024-05-16 12:49:00,1385.85,1385.95,1385.85,1385.95,6
2024-05-16 12:50:00,1385.95,1386.0,1385.9,1385.95,27
2024-05-16 12:51:00,1385.95,1385.95,1385.9,1385.9,7
2024-05-16 12:52:00,1385.9,1386.0,1385.9,1386.0,6
2024-05-16 12:53:00,1386.0,1386.0,1386.0,1386.0,17
2024-05-16 12:54:00,1386.0,1386.0,1386.0,1386.0,6
2024-05-16 12:55:00,1386.0,1386.0,1384.25,1385.4,20
2024-05-16 12:56:00,1385.4,1385.4,1383.65,1385.35,173
2024-05-16 12:57:00,1385.35,1385.35,1383.05,1384.95,126
2024-05-16 12:58:00,1384.95,1384.95,1383.65,1383.65,16
2024-05-16 12:59:00,1385.4,1385.4,1385.3,1385.3,56
2024-05-16 13:00:00,1385.3,1385.3,1385.3,1385.3,7
2024-05-16 13:01:00,1385.3,1385.3,1385.3,1385.3,6
2024-05-16 13:02:00,1385.3,1385.35,1382.6,1382.6,150
2024-05-16 13:03:00,1382.6,1384.1,1382.6,1383.95,14
2024-05-16 13:04:00,1383.95,1383.95,1381.6,1382.2,26
2024-05-16 13:05:00,1381.75,1381.75,1379.65,1379.65,62
2024-05-16 13:06:00,1379.65,1381.65,1379.65,1381.65,6
2024-05-16 13:07:00,1381.65,1381.65,1381.5,1381.5,6
2024-05-16 13:08:00,1381.5,1381.5,1381.35,1381.4,28
2024-05-16 13:09:00,1381.4,1382.1,1381.4,1382.1,7
2024-05-16 13:10:00,1382.1,1382.1,1382.1,1382.1,2
2024-05-16 13:11:00,1382.1,1383.0,1381.6,1381.6,21
2024-05-16 13:12:00,1381.6,1382.9,1381.6,1382.9,6
2024-05-16 13:13:00,1382.9,1382.95,1382.9,1382.95,7
2024-05-16 13:14:00,1382.95,1383.95,1382.95,1383.95,120
2024-05-16 13:15:00,1383.95,1383.95,1383.8,1383.8,18
2024-05-16 13:16:00,1383.8,1383.8,1383.6,1383.6,7
2024-05-16 13:17:00,1383.6,1383.75,1381.75,1383.75,52
2024-05-16 13:18:00,1383.75,1383.75,1383.7,1383.7,6
2024-05-16 13:19:00,1383.7,1383.7,1383.7,1383.7,0
2024-05-16 13:20:00,1383.7,1383.7,1380.5,1380.5,16
2024-05-16 13:21:00,1380.5,1380.5,1380.5,1380.5,20
2024-05-16 13:22:00,1380.5,1380.5,1380.5,1380.5,0
2024-05-16 13:23:00,1380.5,1380.5,1380.5,1380.5,0
2024-05-16 13:24:00,1380.5,1381.8,1380.5,1381.8,5
2024-05-16 13:25:00,1381.8,1381.8,1381.8,1381.8,0
2024-05-16 13:26:00,1381.8,1381.8,1381.8,1381.8,0
2024-05-16 13:27:00,1381.8,1383.2,1381.8,1383.2,155
2024-05-16 13:28:00,1383.2,1383.2,1380.65,1380.65,9
2024-05-16 13:29:00,1380.65,1380.65,1380.6,1380.6,3
2024-05-16 13:30:00,1380.6,1380.6,1380.1,1380.1,10
2024-05-16 13:31:00,1380.1,1380.1,1380.1,1380.1,10
2024-05-16 13:32:00,1380.1,1380.1,1378.2,1378.2,4
2024-05-16 13:33:00,1378.2,1378.2,1378.2,1378.2,0
2024-05-16 13:34:00,1378.2,1378.2,1377.05,1377.05,11
2024-05-16 13:35:00,1377.05,1377.05,1376.55,1376.55,5
2024-05-16 13:36:00,1376.55,1376.55,1375.0,1375.0,30
2024-05-16 13:37:00,1375.0,1375.0,1375.0,1375.0,0
2024-05-16 13:38:00,1375.0,1376.35,1375.0,1376.35,18
2024-05-16 13:39:00,1376.35,1376.35,1376.35,1376.35,0
2024-05-16 13:40:00,1376.35,1376.35,1376.35,1376.35,11
2024-05-16 13:41:00,1376.35,1380.0,1376.35,1380.0,10
2024-05-16 13:42:00,1380.0,1380.0,1377.35,1377.35,20
2024-05-16 13:43:00,1377.35,1377.35,1377.35,1377.35,0
2024-05-16 13:44:00,1377.35,1379.0,1377.35,1379.0,0
2024-05-16 13:45:00,1379.0,1379.0,1379.0,1379.0,1
2024-05-16 13:46:00,1379.0,1379.0,1379.0,1379.0,0
2024-05-16 13:47:00,1379.0,1379.15,1379.0,1379.15,1
2024-05-16 13:48:00,1379.15,1379.7,1379.15,1379.7,1
2024-05-16 13:49:00,1379.7,1379.75,1379.7,1379.75,10
2024-05-16 13:50:00,1379.75,1379.75,1379.35,1379.35,1
2024-05-16 13:51:00,1379.35,1379.35,1379.35,1379.35,0
2024-05-16 13:52:00,1380.0,1380.0,1380.0,1380.0,190
2024-05-16 13:53:00,1380.0,1380.1,1379.4,1380.1,45
2024-05-16 13:54:00,1380.1,1380.1,1380.1,1380.1,0
2024-05-16 13:55:00,1380.1,1380.1,1375.0,1375.0,522
2024-05-16 13:56:00,1375.0,1375.0,1373.95,1375.0,129
2024-05-16 13:57:00,1375.0,1375.95,1375.0,1375.0,7
2024-05-16 13:58:00,1375.0,1375.8,1375.0,1375.8,49
2024-05-16 13:59:00,1375.0,1375.0,1375.0,1375.0,13
2024-05-16 14:00:00,1375.0,1375.9,1375.0,1375.9,102
2024-05-16 14:01:00,1375.9,1375.9,1375.9,1375.9,0
2024-05-16 14:02:00,1375.9,1375.9,1375.2,1375.2,5
2024-05-16 14:03:00,1375.2,1375.2,1375.2,1375.2,12
2024-05-16 14:04:00,1376.9,1376.9,1376.9,1376.9,1
2024-05-16 14:05:00,1376.9,1377.05,1376.25,1376.25,235
2024-05-16 14:06:00,1376.25,1376.25,1375.55,1375.55,1
2024-05-16 14:07:00,1375.55,1375.55,1375.55,1375.55,0
2024-05-16 14:08:00,1375.55,1378.6,1375.55,1378.6,102
2024-05-16 14:09:00,1378.6,1378.6,1377.7,1377.7,0
2024-05-16 14:10:00,1377.7,1377.7,1377.3,1377.3,42
2024-05-16 14:11:00,1377.3,1377.3,1377.3,1377.3,0
2024-05-16 14:12:00,1377.3,1377.3,1377.3,1377.3,0
2024-05-16 14:13:00,1377.3,1377.5,1377.3,1377.5,6
2024-05-16 14:14:00,1377.5,1377.5,1375.65,1375.65,12
2024-05-16 14:15:00,1375.65,1375.65,1375.65,1375.65,0
2024-05-16 14:16:00,1375.65,1375.65,1374.05,1375.0,555
2024-05-16 14:17:00,1375.0,1375.0,1375.0,1375.0,11
2024-05-16 14:18:00,1375.0,1375.0,1375.0,1375.0,3
2024-05-16 14:19:00,1375.0,1375.0,1374.55,1374.55,199
2024-05-16 14:20:00,1374.55,1374.55,1374.55,1374.55,1
2024-05-16 14:21:00,1374.55,1374.55,1374.55,1374.55,0
2024-05-16 14:22:00,1374.55,1375.0,1374.55,1375.0,13
2024-05-16 14:23:00,1375.0,1375.0,1374.85,1375.0,94
2024-05-16 14:24:00,1375.0,1375.95,1375.0,1375.95,499
2024-05-16 14:25:00,1375.95,1377.35,1375.95,1377.35,1
2024-05-16 14:26:00,1377.35,1377.35,1377.35,1377.35,0
2024-05-16 14:27:00,1377.35,1378.0,1377.35,1378.0,11
2024-05-16 14:28:00,1378.0,1378.9,1378.0,1378.9,62
2024-05-16 14:29:00,1378.9,1379.2,1377.45,1379.2,16
2024-05-16 14:30:00,1379.2,1379.95,1379.2,1379.95,66
2024-05-16 14:31:00,1379.95,1380.0,1379.95,1380.0,17
2024-05-16 14:32:00,1380.0,1381.1,1380.0,1381.1,16
2024-05-16 14:33:00,1382.4,1382.75,1382.4,1382.75,59
2024-05-16 14:34:00,1382.75,1383.15,1382.6,1382.6,33
2024-05-16 14:35:00,1383.25,1383.95,1382.25,1383.95,255
2024-05-16 14:36:00,1383.95,1383.95,1381.65,1381.65,161
2024-05-16 14:37:00,1381.65,1382.6,1381.65,1382.6,0
2024-05-16 14:38:00,1382.6,1382.6,1380.9,1380.9,76
2024-05-16 14:39:00,1380.9,1380.9,1380.9,1380.9,0
2024-05-16 14:40:00,1380.9,1380.9,1380.9,1380.9,0
2024-05-16 14:41:00,1380.9,1382.5,1380.9,1382.5,45
2024-05-16 14:42:00,1382.5,1382.5,1382.5,1382.5,39
2024-05-16 14:43:00,1382.5,1382.5,1380.75,1382.45,19
2024-05-16 14:44:00,1382.45,1382.45,1382.45,1382.45,13
2024-05-16 14:45:00,1382.45,1382.5,1381.3,1382.5,34
2024-05-16 14:46:00,1382.5,1382.5,1382.5,1382.5,11
2024-05-16 14:47:00,1382.5,1382.5,1380.8,1380.8,50
2024-05-16 14:48:00,1380.8,1380.8,1380.8,1380.8,0
2024-05-16 14:49:00,1382.95,1382.95,1381.85,1381.85,18
2024-05-16 14:50:00,1381.85,1383.95,1381.85,1383.95,12
2024-05-16 14:51:00,1384.0,1384.1,1384.0,1384.1,138
2024-05-16 14:52:00,1384.1,1384.1,1384.1,1384.1,0
2024-05-16 14:53:00,1384.1,1384.1,1384.1,1384.1,0
2024-05-16 14:54:00,1384.1,1384.1,1382.8,1382.8,60
2024-05-16 14:55:00,1382.8,1382.85,1381.4,1382.85,20
2024-05-16 14:56:00,1382.85,1383.6,1382.85,1383.6,14
2024-05-16 14:57:00,1383.95,1383.95,1383.95,1383.95,15
2024-05-16 14:58:00,1383.95,1384.1,1382.85,1382.85,83
2024-05-16 14:59:00,1382.85,1383.95,1382.85,1383.95,73
2024-05-16 15:00:00,1384.1,1384.1,1382.75,1382.75,1153
2024-05-16 15:01:00,1382.75,1382.9,1382.75,1382.9,33
2024-05-16 15:02:00,1381.5,1382.7,1381.4,1382.0,39
2024-05-16 15:03:00,1382.0,1382.0,1381.2,1381.9,22
2024-05-16 15:04:00,1381.9,1381.9,1381.9,1381.9,2
2024-05-16 15:05:00,1381.9,1381.95,1381.9,1381.95,122
2024-05-16 15:06:00,1381.95,1382.0,1381.95,1382.0,171
2024-05-16 15:07:00,1382.0,1384.05,1382.0,1384.05,24
2024-05-16 15:08:00,1384.05,1384.05,1382.45,1384.0,17
2024-05-16 15:09:00,1384.0,1384.5,1384.0,1384.5,69
2024-05-16 15:10:00,1384.5,1384.85,1383.3,1383.3,49
2024-05-16 15:11:00,1383.3,1384.85,1383.3,1383.35,51
2024-05-16 15:12:00,1383.3,1384.95,1383.3,1383.3,61
2024-05-16 15:13:00,1383.3,1385.25,1383.3,1385.25,57
2024-05-16 15:14:00,1385.25,1386.35,1383.6,1386.35,14
2024-05-16 15:15:00,1386.35,1387.3,1384.9,1386.85,199
2024-05-16 15:16:00,1386.85,1387.0,1385.3,1386.1,22
2024-05-16 15:17:00,1386.1,1387.0,1385.25,1385.25,597
2024-05-16 15:18:00,1385.25,1386.65,1385.25,1386.65,118
2024-05-16 15:19:00,1386.7,1387.5,1385.4,1387.5,104
2024-05-16 15:20:00,1387.5,1388.95,1387.0,1388.0,258
2024-05-16 15:21:00,1387.9,1388.0,1387.8,1387.8,137
2024-05-16 15:22:00,1387.8,1389.6,1387.75,1389.6,169
2024-05-16 15:23:00,1389.6,1390.0,1389.3,1390.0,89
2024-05-16 15:24:00,1390.0,1390.0,1389.9,1390.0,111
2024-05-16 15:25:00,1390.0,1390.0,1389.9,1390.0,82
2024-05-16 15:26:00,1390.0,1390.0,1389.0,1390.0,102
2024-05-16 15:27:00,1388.3,1395.0,1388.3,1394.8,217
2024-05-16 15:28:00,1394.8,1398.0,1394.05,1395.4,185
2024-05-16 15:29:00,1398.0,1398.0,1385.0,1385.0,101
2024-05-17 09:15:00,1386.45,1387.65,1386.4,1387.65,82
2024-05-17 09:16:00,1387.7,1402.3,1387.7,1389.75,1209
2024-05-17 09:17:00,1389.75,1391.1,1385.85,1385.85,317
2024-05-17 09:18:00,1385.85,1386.05,1385.0,1386.05,25
2024-05-17 09:19:00,1383.6,1383.85,1383.55,1383.85,115
2024-05-17 09:20:00,1383.85,1385.7,1383.85,1385.7,86
2024-05-17 09:21:00,1385.7,1385.8,1383.35,1383.35,269
2024-05-17 09:22:00,1385.7,1386.0,1385.7,1386.0,13
2024-05-17 09:23:00,1386.0,1386.0,1386.0,1386.0,100
2024-05-17 09:24:00,1386.0,1386.0,1386.0,1386.0,0
2024-05-17 09:25:00,1386.0,1386.0,1386.0,1386.0,0
2024-05-17 09:26:00,1386.0,1386.0,1384.0,1384.0,10
2024-05-17 09:27:00,1384.0,1385.95,1383.9,1383.9,31
2024-05-17 09:28:00,1383.9,1383.9,1383.3,1383.3,220
2024-05-17 09:29:00,1383.3,1384.7,1383.05,1383.05,6
2024-05-17 09:30:00,1384.65,1384.7,1383.0,1383.0,149
2024-05-17 09:31:00,1383.0,1383.0,1383.0,1383.0,0
2024-05-17 09:32:00,1383.0,1383.0,1383.0,1383.0,0
2024-05-17 09:33:00,1383.0,1383.0,1383.0,1383.0,0
2024-05-17 09:34:00,1383.0,1383.0,1383.0,1383.0,0
2024-05-17 09:35:00,1382.4,1382.4,1382.4,1382.4,12
2024-05-17 09:36:00,1382.4,1382.4,1382.4,1382.4,0
2024-05-17 09:37:00,1382.4,1382.4,1382.4,1382.4,0
2024-05-17 09:38:00,1382.4,1383.3,1382.4,1383.3,13
2024-05-17 09:40:00,1383.3,1383.3,1380.65,1380.65,0
2024-05-17 09:41:00,1380.65,1380.65,1380.65,1380.65,71
2024-05-17 09:42:00,1380.65,1382.75,1380.65,1382.75,1
2024-05-17 09:43:00,1383.0,1383.0,1383.0,1383.0,40
2024-05-17 09:44:00,1383.0,1383.0,1380.6,1380.6,16
2024-05-17 09:45:00,1380.6,1380.6,1380.6,1380.6,0
2024-05-17 09:46:00,1380.6,1380.6,1380.6,1380.6,0
2024-05-17 09:47:00,1380.6,1380.6,1380.6,1380.6,35
2024-05-17 09:48:00,1380.6,1380.6,1380.6,1380.6,0
2024-05-17 09:49:00,1380.6,1380.6,1380.6,1380.6,0
2024-05-17 09:50:00,1380.6,1380.6,1380.6,1380.6,0
2024-05-17 09:51:00,1380.6,1380.6,1380.6,1380.6,0
2024-05-17 09:52:00,1380.6,1380.6,1380.6,1380.6,0
2024-05-17 09:53:00,1380.6,1380.6,1380.6,1380.6,0
2024-05-17 09:54:00,1380.6,1380.6,1380.6,1380.6,0
2024-05-17 09:55:00,1380.6,1380.6,1380.6,1380.6,0
2024-05-17 09:56:00,1380.6,1380.8,1380.6,1380.8,3
2024-05-17 09:57:00,1382.85,1382.85,1382.85,1382.85,10
2024-05-17 09:58:00,1382.85,1383.7,1382.85,1383.7,34
2024-05-17 09:59:00,1383.7,1383.7,1383.7,1383.7,0
2024-05-17 10:00:00,1383.7,1383.7,1383.7,1383.7,0
2024-05-17 10:01:00,1383.7,1383.7,1383.05,1383.05,15
2024-05-17 10:02:00,1382.95,1382.95,1382.95,1382.95,30
2024-05-17 10:03:00,1384.35,1384.35,1384.35,1384.35,10
2024-05-17 10:04:00,1386.7,1386.7,1386.7,1386.7,200
2024-05-17 10:05:00,1386.7,1386.7,1386.7,1386.7,0
2024-05-17 10:06:00,1386.0,1388.8,1386.0,1388.8,621
2024-05-17 10:07:00,1388.8,1389.05,1386.95,1389.05,29
2024-05-17 10:08:00,1386.9,1386.9,1386.9,1386.9,74
2024-05-17 10:10:00,1388.95,1388.95,1388.9,1388.9,187
2024-05-17 10:11:00,1388.9,1388.9,1387.7,1387.7,2
2024-05-17 10:12:00,1387.7,1387.7,1387.7,1387.7,0
2024-05-17 10:13:00,1387.7,1387.7,1386.65,1386.65,84
2024-05-17 10:14:00,1386.65,1386.65,1386.65,1386.65,0
2024-05-17 10:15:00,1386.65,1386.65,1386.6,1386.6,1
2024-05-17 10:17:00,1386.6,1386.6,1386.6,1386.6,2
2024-05-17 10:18:00,1386.6,1386.6,1386.6,1386.6,0
2024-05-17 10:19:00,1386.6,1386.6,1385.05,1385.05,6
2024-05-17 10:20:00,1385.05,1385.05,1385.05,1385.05,0
2024-05-17 10:21:00,1386.0,1386.0,1386.0,1386.0,21
2024-05-17 10:22:00,1384.95,1386.0,1384.95,1386.0,3
2024-05-17 10:23:00,1386.0,1386.0,1386.0,1386.0,0
2024-05-17 10:24:00,1386.0,1386.5,1386.0,1386.5,5
2024-05-17 10:25:00,1386.95,1386.95,1384.65,1384.65,45
2024-05-17 10:27:00,1384.65,1384.65,1384.65,1384.65,0
2024-05-17 10:28:00,1384.65,1384.65,1383.85,1383.85,31
2024-05-17 10:29:00,1383.85,1383.85,1383.85,1383.85,0
2024-05-17 10:30:00,1383.85,1383.85,1383.85,1383.85,0
2024-05-17 10:31:00,1383.85,1383.85,1383.85,1383.85,0
2024-05-17 10:34:00,1383.9,1383.9,1383.9,1383.9,2
2024-05-17 10:35:00,1386.45,1386.45,1383.9,1383.9,5
2024-05-17 10:36:00,1383.9,1383.9,1383.9,1383.9,0
2024-05-17 10:37:00,1383.95,1383.95,1383.95,1383.95,3
2024-05-17 10:38:00,1383.95,1384.5,1383.95,1384.5,2
2024-05-17 10:39:00,1384.5,1384.5,1384.5,1384.5,10
2024-05-17 10:40:00,1384.2,1384.2,1375.1,1375.1,895
2024-05-17 10:41:00,1375.1,1379.5,1375.1,1376.85,90
2024-05-17 10:42:00,1376.85,1376.85,1376.85,1376.85,14
2024-05-17 10:43:00,1376.85,1380.0,1376.85,1377.2,29
2024-05-17 10:44:00,1377.2,1377.8,1377.2,1377.6,87
2024-05-17 10:45:00,1377.6,1377.6,1377.6,1377.6,0
2024-05-17 10:46:00,1377.6,1380.6,1377.6,1377.9,7
2024-05-17 10:47:00,1377.9,1378.95,1377.9,1378.8,21
2024-05-17 10:48:00,1378.8,1378.8,1375.15,1375.15,177
2024-05-17 10:49:00,1375.15,1377.2,1375.15,1376.35,27
2024-05-17 10:50:00,1376.35,1376.35,1376.35,1376.35,0
2024-05-17 10:51:00,1376.35,1379.95,1376.35,1379.95,0
2024-05-17 10:52:00,1379.95,1379.95,1377.45,1379.95,5
2024-05-17 10:53:00,1379.95,1379.95,1377.2,1377.2,12
2024-05-17 10:54:00,1377.2,1377.3,1377.2,1377.2,28
2024-05-17 10:55:00,1377.35,1377.35,1377.25,1377.25,5
2024-05-17 10:56:00,1377.25,1377.25,1377.25,1377.25,11
2024-05-17 10:57:00,1377.25,1377.25,1377.25,1377.25,0
2024-05-17 10:58:00,1377.3,1377.35,1377.3,1377.35,13
2024-05-17 10:59:00,1377.4,1377.45,1377.4,1377.4,11
2024-05-17 11:00:00,1377.4,1377.55,1377.4,1377.55,3
2024-05-17 11:01:00,1377.55,1379.8,1377.55,1377.55,12
2024-05-17 11:03:00,1377.55,1377.55,1377.55,1377.55,0
2024-05-17 11:04:00,1377.55,1377.55,1377.55,1377.55,0
2024-05-17 11:05:00,1380.0,1380.0,1377.55,1377.55,34
2024-05-17 11:06:00,1377.55,1377.55,1377.55,1377.55,0
2024-05-17 11:07:00,1377.55,1377.55,1377.55,1377.55,0
2024-05-17 11:08:00,1377.55,1377.55,1377.55,1377.55,62
2024-05-17 11:09:00,1377.55,1377.55,1377.55,1377.55,0
2024-05-17 11:10:00,1380.0,1380.0,1377.65,1377.65,7
2024-05-17 11:11:00,1377.65,1377.65,1377.65,1377.65,31
2024-05-17 11:12:00,1377.65,1377.65,1377.65,1377.65,0
2024-05-17 11:13:00,1377.65,1377.65,1377.65,1377.65,0
2024-05-17 11:15:00,1377.65,1377.65,1377.65,1377.65,0
2024-05-17 11:16:00,1377.65,1377.65,1377.65,1377.65,0
2024-05-17 11:17:00,1379.1,1379.1,1377.75,1377.75,13
2024-05-17 11:18:00,1379.1,1382.45,1379.05,1379.05,453
2024-05-17 11:19:00,1379.05,1380.95,1379.05,1379.25,256
2024-05-17 11:20:00,1379.25,1379.25,1379.25,1379.25,0
2024-05-17 11:21:00,1379.25,1379.25,1379.25,1379.25,0
2024-05-17 11:22:00,1379.25,1379.25,1379.25,1379.25,0
2024-05-17 11:23:00,1379.25,1379.25,1379.25,1379.25,0
2024-05-17 11:24:00,1379.25,1379.25,1379.25,1379.25,0
2024-05-17 11:25:00,1379.25,1379.25,1379.25,1379.25,0
2024-05-17 11:26:00,1379.25,1379.4,1379.25,1379.4,9
2024-05-17 11:27:00,1379.4,1379.4,1379.4,1379.4,0
2024-05-17 11:28:00,1379.4,1379.4,1379.4,1379.4,0
2024-05-17 11:29:00,1379.4,1379.4,1379.4,1379.4,0
2024-05-17 11:32:00,1379.4,1379.4,1379.4,1379.4,8
2024-05-17 11:33:00,1379.4,1381.1,1379.4,1380.8,126
2024-05-17 11:34:00,1380.8,1380.9,1380.8,1380.9,0
2024-05-17 11:35:00,1380.9,1380.9,1380.9,1380.9,4
2024-05-17 11:36:00,1380.9,1380.9,1380.9,1380.9,0
2024-05-17 11:37:00,1380.9,1380.9,1380.9,1380.9,0
2024-05-17 11:38:00,1380.95,1381.35,1380.95,1381.35,7
2024-05-17 11:39:00,1381.35,1381.4,1381.1,1381.4,17
2024-05-17 11:40:00,1381.35,1381.4,1381.35,1381.4,16
2024-05-17 11:41:00,1381.4,1381.65,1381.2,1381.65,46
2024-05-17 11:42:00,1381.75,1382.05,1381.75,1382.05,19
2024-05-17 11:43:00,1382.0,1382.1,1381.9,1382.1,20
2024-05-17 11:44:00,1382.1,1383.6,1382.05,1382.1,18
2024-05-17 11:45:00,1382.1,1383.6,1382.05,1382.1,15
2024-05-17 11:46:00,1382.1,1383.6,1382.1,1382.15,26
2024-05-17 11:47:00,1382.15,1383.6,1382.1,1382.1,31
2024-05-17 11:48:00,1382.1,1384.0,1382.1,1382.25,83
2024-05-17 11:49:00,1382.3,1384.0,1382.2,1382.55,61
2024-05-17 11:50:00,1382.55,1384.0,1382.55,1382.55,18
2024-05-17 11:51:00,1382.55,1384.6,1382.55,1382.75,128
2024-05-17 11:52:00,1382.75,1384.35,1382.75,1382.8,30
2024-05-17 11:53:00,1382.8,1384.45,1382.75,1384.45,17
2024-05-17 11:54:00,1382.85,1382.9,1382.85,1382.9,18
2024-05-17 11:55:00,1382.9,1384.25,1382.85,1382.9,15
2024-05-17 11:56:00,1382.9,1382.9,1375.3,1375.35,1114
2024-05-17 11:57:00,1375.35,1376.95,1375.15,1375.3,62
2024-05-17 11:58:00,1375.3,1376.8,1375.1,1375.1,19
2024-05-17 11:59:00,1375.1,1375.25,1375.1,1375.2,104
2024-05-17 12:00:00,1375.2,1375.3,1375.2,1375.3,16
2024-05-17 12:01:00,1375.3,1375.35,1375.3,1375.3,29
2024-05-17 12:02:00,1375.3,1376.85,1375.3,1375.3,256
2024-05-17 12:03:00,1375.3,1376.45,1375.3,1375.3,18
2024-05-17 12:04:00,1375.3,1375.3,1375.3,1375.3,31
2024-05-17 12:05:00,1375.3,1375.35,1375.3,1375.3,77
2024-05-17 12:06:00,1375.3,1375.3,1375.3,1375.3,14
2024-05-17 12:07:00,1375.3,1376.4,1375.3,1375.3,96
2024-05-17 12:08:00,1375.3,1376.7,1375.3,1375.3,17
2024-05-17 12:09:00,1375.3,1376.65,1375.3,1375.3,17
2024-05-17 12:10:00,1375.3,1376.65,1375.3,1375.35,123
2024-05-17 12:11:00,1375.35,1376.65,1375.2,1375.2,19
2024-05-17 12:12:00,1375.2,1376.5,1375.2,1375.25,62
2024-05-17 12:13:00,1375.25,1375.25,1375.25,1375.25,18
2024-05-17 12:14:00,1375.25,1376.5,1375.15,1375.15,63
2024-05-17 12:15:00,1375.15,1376.15,1375.15,1375.15,19
2024-05-17 12:16:00,1375.15,1376.25,1371.0,1372.6,638
2024-05-17 12:17:00,1372.6,1372.65,1371.1,1371.2,37
2024-05-17 12:18:00,1371.3,1371.3,1371.05,1371.05,16
2024-05-17 12:19:00,1371.05,1372.6,1371.0,1371.1,250
2024-05-17 12:20:00,1371.1,1372.6,1370.8,1370.8,40
2024-05-17 12:21:00,1370.25,1372.45,1370.2,1371.1,149
2024-05-17 12:22:00,1371.1,1371.2,1370.0,1371.0,39
2024-05-17 12:23:00,1370.55,1371.8,1370.55,1371.2,130
2024-05-17 12:24:00,1371.2,1371.9,1371.1,1371.1,31
2024-05-17 12:25:00,1371.1,1374.0,1370.0,1372.55,738
2024-05-17 12:26:00,1372.55,1377.7,1372.55,1375.0,711
2024-05-17 12:27:00,1375.0,1376.0,1375.0,1375.0,23
2024-05-17 12:28:00,1375.0,1376.0,1375.0,1375.0,31
2024-05-17 12:29:00,1375.0,1375.05,1375.0,1375.0,27
2024-05-17 12:30:00,1375.0,1376.4,1375.0,1375.0,29
2024-05-17 12:31:00,1375.0,1376.4,1375.0,1375.1,15
2024-05-17 12:32:00,1375.1,1375.1,1373.55,1375.0,65
2024-05-17 12:33:00,1375.0,1376.2,1373.5,1375.0,59
2024-05-17 12:34:00,1375.0,1376.2,1375.0,1375.0,17
2024-05-17 12:35:00,1375.0,1376.25,1375.0,1375.0,19
2024-05-17 12:36:00,1375.0,1376.25,1373.95,1373.95,54
2024-05-17 12:37:00,1373.95,1373.95,1372.7,1372.7,27
2024-05-17 12:38:00,1372.7,1374.15,1372.7,1374.15,65
2024-05-17 12:39:00,1373.1,1373.1,1373.05,1373.05,17
2024-05-17 12:40:00,1373.05,1374.3,1373.05,1373.05,131
2024-05-17 12:41:00,1373.05,1374.0,1372.7,1372.7,17
2024-05-17 12:42:00,1372.7,1372.7,1372.7,1372.7,33
2024-05-17 12:43:00,1372.7,1372.7,1372.7,1372.7,12
2024-05-17 12:44:00,1372.7,1373.9,1371.15,1372.7,431
2024-05-17 12:45:00,1372.7,1373.9,1371.0,1373.15,217
2024-05-17 12:46:00,1373.15,1375.7,1370.9,1373.75,21375
2024-05-17 12:47:00,1373.75,1373.75,1372.2,1372.5,324
2024-05-17 12:48:00,1372.5,1372.5,1372.35,1372.35,14
2024-05-17 12:49:00,1375.95,1375.95,1372.4,1373.05,71
2024-05-17 12:50:00,1373.05,1373.05,1372.9,1372.9,12
2024-05-17 12:51:00,1372.9,1375.5,1372.4,1372.4,38
2024-05-17 12:52:00,1372.4,1375.85,1372.4,1374.3,57
2024-05-17 12:53:00,1374.3,1375.85,1374.3,1374.45,152
2024-05-17 12:54:00,1374.45,1377.25,1374.45,1377.25,306
2024-05-17 12:55:00,1377.25,1379.9,1377.25,1377.85,15
2024-05-17 12:56:00,1377.85,1381.2,1377.85,1379.05,601
2024-05-17 12:57:00,1379.05,1379.1,1379.0,1379.1,46
2024-05-17 12:58:00,1379.1,1381.0,1378.65,1378.65,278
2024-05-17 12:59:00,1378.65,1378.65,1378.25,1378.5,13
2024-05-17 13:00:00,1378.5,1378.5,1376.05,1376.15,297
2024-05-17 13:01:00,1376.1,1376.1,1376.05,1376.05,12
2024-05-17 13:02:00,1376.05,1376.05,1376.0,1376.0,13
2024-05-17 13:03:00,1376.0,1376.6,1374.6,1374.6,29
2024-05-17 13:04:00,1374.6,1375.8,1374.6,1375.0,62
2024-05-17 13:05:00,1375.0,1376.85,1375.0,1375.5,42
2024-05-17 13:06:00,1375.5,1375.5,1375.0,1375.0,90
2024-05-17 13:07:00,1375.0,1375.0,1375.0,1375.0,13
2024-05-17 13:08:00,1375.0,1375.0,1374.6,1374.6,12
2024-05-17 13:09:00,1374.6,1374.6,1372.55,1372.55,21
2024-05-17 13:10:00,1372.2,1374.0,1370.4,1371.55,468
2024-05-17 13:11:00,1371.55,1372.65,1371.55,1372.65,14
2024-05-17 13:12:00,1372.65,1372.75,1372.65,1372.75,13
2024-05-17 13:13:00,1372.75,1373.2,1372.75,1372.8,12
2024-05-17 13:14:00,1372.8,1372.8,1372.65,1372.65,14
2024-05-17 13:15:00,1372.65,1375.4,1372.65,1373.85,81
2024-05-17 13:16:00,1373.85,1374.9,1373.85,1374.0,12
2024-05-17 13:17:00,1374.0,1376.0,1374.0,1374.05,28
2024-05-17 13:18:00,1374.05,1374.25,1374.05,1374.25,12
2024-05-17 13:19:00,1374.25,1374.35,1374.25,1374.3,21
2024-05-17 13:20:00,1374.3,1376.15,1374.3,1374.6,15
2024-05-17 13:21:00,1374.6,1376.15,1374.6,1374.6,37
2024-05-17 13:22:00,1374.6,1374.65,1374.6,1374.65,13
2024-05-17 13:23:00,1374.65,1376.05,1374.6,1374.65,72
2024-05-17 13:24:00,1374.65,1376.5,1374.65,1376.0,701
2024-05-17 13:25:00,1376.0,1376.0,1375.95,1375.95,21
2024-05-17 13:26:00,1375.95,1380.25,1375.9,1380.25,449
2024-05-17 13:27:00,1380.25,1382.0,1380.25,1380.7,141
2024-05-17 13:28:00,1380.7,1380.7,1380.4,1380.4,38
2024-05-17 13:29:00,1380.4,1380.4,1380.25,1380.25,14
2024-05-17 13:30:00,1380.25,1381.0,1380.15,1380.15,16
2024-05-17 13:31:00,1380.15,1381.0,1380.15,1380.15,47
2024-05-17 13:32:00,1380.15,1382.1,1380.15,1380.5,187
2024-05-17 13:33:00,1380.5,1383.3,1380.5,1380.9,461
2024-05-17 13:34:00,1383.85,1383.85,1380.95,1382.05,201
2024-05-17 13:35:00,1382.05,1382.2,1381.75,1381.75,233
2024-05-17 13:36:00,1381.4,1381.4,1381.35,1381.35,14
2024-05-17 13:37:00,1381.45,1381.45,1381.45,1381.45,13
2024-05-17 13:38:00,1381.45,1382.65,1381.45,1381.5,13
2024-05-17 13:39:00,1381.5,1382.85,1381.5,1381.65,27
2024-05-17 13:40:00,1381.65,1381.95,1381.65,1381.85,11
2024-05-17 13:41:00,1381.85,1384.0,1381.85,1383.05,243
2024-05-17 13:42:00,1383.05,1385.9,1383.05,1383.5,109
2024-05-17 13:43:00,1383.5,1384.0,1383.5,1384.0,47
2024-05-17 13:44:00,1384.0,1384.0,1383.5,1383.5,450
2024-05-17 13:45:00,1383.5,1383.5,1383.5,1383.5,58
2024-05-17 13:46:00,1383.5,1383.5,1381.3,1381.3,198
2024-05-17 13:47:00,1381.3,1381.3,1381.25,1381.25,13
2024-05-17 13:48:00,1381.2,1381.2,1381.0,1381.0,13
2024-05-17 13:49:00,1381.0,1381.1,1380.85,1380.95,63
2024-05-17 13:50:00,1380.95,1382.35,1380.95,1381.0,22
2024-05-17 13:51:00,1381.0,1382.6,1380.95,1381.0,23
2024-05-17 13:52:00,1381.0,1381.0,1381.0,1381.0,14
2024-05-17 13:53:00,1381.0,1382.5,1380.9,1380.9,50
2024-05-17 13:54:00,1380.9,1381.0,1380.9,1381.0,12
2024-05-17 13:55:00,1381.0,1382.35,1380.9,1380.9,51
2024-05-17 13:56:00,1380.9,1380.95,1380.9,1380.95,12
2024-05-17 13:57:00,1380.95,1381.0,1380.7,1380.7,50
2024-05-17 13:58:00,1380.7,1380.7,1380.7,1380.7,13
2024-05-17 13:59:00,1380.5,1382.1,1380.5,1380.5,55
2024-05-17 14:00:00,1380.5,1380.5,1380.45,1380.5,90
2024-05-17 14:01:00,1380.5,1382.1,1380.45,1380.45,16
2024-05-17 14:02:00,1380.45,1380.45,1380.1,1380.2,86
2024-05-17 14:03:00,1380.2,1380.2,1380.2,1380.2,14
2024-05-17 14:04:00,1380.2,1380.2,1380.1,1380.1,76
2024-05-17 14:05:00,1380.1,1380.1,1380.1,1380.1,15
2024-05-17 14:06:00,1380.1,1380.1,1380.0,1380.0,472
2024-05-17 14:07:00,1380.0,1381.45,1380.0,1380.0,175
2024-05-17 14:08:00,1380.05,1380.05,1380.0,1380.05,25
2024-05-17 14:09:00,1380.05,1380.05,1380.0,1380.0,168
2024-05-17 14:10:00,1380.0,1380.0,1380.0,1380.0,14
2024-05-17 14:11:00,1380.0,1380.9,1380.0,1380.0,412
2024-05-17 14:12:00,1380.0,1383.5,1378.4,1383.1,828
2024-05-17 14:13:00,1383.8,1391.0,1383.8,1390.0,2319
2024-05-17 14:14:00,1390.0,1390.95,1389.75,1390.35,958
2024-05-17 14:15:00,1390.05,1391.2,1390.05,1390.95,153
2024-05-17 14:16:00,1390.95,1390.95,1390.0,1390.05,186
2024-05-17 14:17:00,1390.05,1391.45,1390.05,1390.45,65
2024-05-17 14:18:00,1390.45,1390.45,1390.45,1390.45,14
2024-05-17 14:19:00,1390.45,1390.6,1390.0,1390.15,921
2024-05-17 14:20:00,1390.15,1391.95,1390.15,1391.35,167
2024-05-17 14:21:00,1391.35,1394.8,1391.35,1394.05,221
2024-05-17 14:22:00,1393.05,1393.2,1391.7,1391.75,500
2024-05-17 14:23:00,1391.75,1391.75,1391.65,1391.65,168
2024-05-17 14:24:00,1391.65,1391.65,1390.35,1390.35,13
2024-05-17 14:25:00,1390.35,1390.35,1390.35,1390.35,14
2024-05-17 14:26:00,1390.35,1391.55,1390.35,1390.4,146
2024-05-17 14:27:00,1390.4,1390.4,1390.1,1390.15,64
2024-05-17 14:28:00,1390.15,1390.15,1390.1,1390.1,12
2024-05-17 14:29:00,1390.1,1390.1,1390.1,1390.1,23
2024-05-17 14:30:00,1390.1,1390.1,1390.0,1390.05,343
2024-05-17 14:31:00,1390.05,1390.05,1390.0,1390.05,12
2024-05-17 14:32:00,1390.05,1391.85,1390.05,1390.45,106
2024-05-17 14:33:00,1390.45,1390.45,1390.45,1390.45,15
2024-05-17 14:34:00,1390.45,1390.45,1390.35,1390.35,17
2024-05-17 14:35:00,1390.35,1390.35,1390.35,1390.35,70
2024-05-17 14:36:00,1390.35,1390.8,1389.95,1390.15,277
2024-05-17 14:37:00,1390.2,1390.2,1390.1,1390.1,16
2024-05-17 14:38:00,1390.0,1390.0,1390.0,1390.0,15
2024-05-17 14:39:00,1390.0,1390.05,1390.0,1390.0,70
2024-05-17 14:40:00,1390.0,1391.5,1390.0,1390.05,17
2024-05-17 14:41:00,1390.05,1390.05,1390.0,1390.0,45
2024-05-17 14:42:00,1390.0,1390.05,1390.0,1390.0,43
2024-05-17 14:43:00,1390.0,1390.05,1390.0,1390.0,188
2024-05-17 14:44:00,1390.0,1390.0,1390.0,1390.0,165
2024-05-17 14:45:00,1390.0,1390.45,1390.0,1390.15,897
2024-05-17 14:46:00,1390.15,1390.15,1390.05,1390.05,31
2024-05-17 14:47:00,1390.05,1390.05,1390.0,1390.0,48
2024-05-17 14:48:00,1390.0,1391.0,1390.0,1390.05,42
2024-05-17 14:49:00,1390.0,1390.0,1390.0,1390.0,104
2024-05-17 14:50:00,1390.0,1390.95,1389.95,1389.95,195
2024-05-17 14:51:00,1389.95,1389.95,1389.95,1389.95,34
2024-05-17 14:52:00,1390.0,1390.0,1389.95,1389.95,65
2024-05-17 14:53:00,1389.95,1390.6,1389.95,1389.95,85
2024-05-17 14:54:00,1389.95,1390.45,1389.95,1389.95,21
2024-05-17 14:55:00,1389.95,1389.95,1388.4,1388.4,75
2024-05-17 14:56:00,1388.4,1388.4,1387.15,1387.15,12
2024-05-17 14:57:00,1387.1,1387.9,1385.0,1385.0,20
2024-05-17 14:58:00,1385.0,1385.0,1381.8,1381.8,103
2024-05-17 14:59:00,1381.8,1381.9,1381.0,1381.2,22
2024-05-17 15:00:00,1382.15,1390.2,1382.15,1390.0,454
2024-05-17 15:01:00,1390.0,1391.1,1390.0,1390.25,124
2024-05-17 15:02:00,1390.3,1391.15,1389.6,1389.6,268
2024-05-17 15:03:00,1389.6,1389.65,1389.55,1389.6,94
2024-05-17 15:04:00,1389.6,1390.4,1389.6,1390.0,256
2024-05-17 15:05:00,1390.0,1392.05,1389.9,1390.45,124
2024-05-17 15:06:00,1390.5,1392.6,1390.5,1391.3,147
2024-05-17 15:07:00,1391.3,1392.0,1387.4,1387.4,627
2024-05-17 15:08:00,1387.4,1390.95,1387.4,1390.95,112
2024-05-17 15:09:00,1390.95,1394.2,1390.95,1394.2,301
2024-05-17 15:10:00,1395.0,1395.0,1394.8,1395.0,735
2024-05-17 15:11:00,1395.0,1398.9,1395.0,1397.55,780
2024-05-17 15:12:00,1398.9,1398.9,1387.95,1389.35,34984
2024-05-17 15:13:00,1389.35,1389.95,1389.35,1389.95,99
2024-05-17 15:14:00,1390.0,1390.0,1385.75,1388.2,368
2024-05-17 15:15:00,1388.2,1389.3,1385.6,1389.3,210
2024-05-17 15:16:00,1389.3,1391.1,1387.5,1391.1,133
2024-05-17 15:17:00,1391.1,1394.25,1388.7,1394.25,105
2024-05-17 15:18:00,1394.25,1395.05,1393.15,1395.0,121
2024-05-17 15:19:00,1395.0,1397.45,1395.0,1397.3,104
2024-05-17 15:20:00,1397.3,1399.0,1397.2,1399.0,1021
2024-05-17 15:21:00,1399.0,1399.0,1397.3,1398.95,198
2024-05-17 15:22:00,1399.0,1400.0,1398.8,1399.8,673
2024-05-17 15:23:00,1399.8,1400.0,1398.8,1399.9,293
2024-05-17 15:24:00,1399.8,1399.8,1398.15,1398.8,429
2024-05-17 15:25:00,1398.8,1399.2,1398.5,1399.2,100
2024-05-17 15:26:00,1399.2,1399.2,1398.8,1399.2,106
2024-05-17 15:27:00,1399.2,1400.0,1399.2,1400.0,172
2024-05-17 15:28:00,1399.95,1399.95,1386.25,1390.0,476
2024-05-17 15:29:00,1390.0,1400.0,1390.0,1399.0,216
2024-05-18 09:15:00,1382.3,1390.95,1382.3,1390.95,41
2024-05-18 09:16:00,1390.95,1390.95,1388.45,1388.45,7
2024-05-18 09:17:00,1390.05,1390.05,1390.05,1390.05,25
2024-05-18 09:18:00,1390.05,1390.05,1390.0,1390.0,15
2024-05-18 09:19:00,1390.0,1390.0,1390.0,1390.0,40
2024-05-18 09:20:00,1390.0,1390.0,1390.0,1390.0,3
2024-05-18 09:21:00,1390.0,1390.0,1390.0,1390.0,25
2024-05-18 09:22:00,1390.0,1390.0,1389.1,1389.1,6
2024-05-18 09:23:00,1389.1,1389.1,1389.1,1389.1,4
2024-05-18 09:24:00,1389.1,1389.1,1389.1,1389.1,2
2024-05-18 09:25:00,1389.1,1392.8,1389.1,1392.65,72
2024-05-18 09:26:00,1392.65,1392.65,1392.65,1392.65,0
2024-05-18 09:27:00,1392.65,1392.65,1392.65,1392.65,0
2024-05-18 09:28:00,1392.65,1392.65,1392.65,1392.65,39
2024-05-18 09:29:00,1392.65,1394.35,1392.65,1394.35,15
2024-05-18 09:30:00,1394.35,1394.35,1392.65,1392.65,3
2024-05-18 09:31:00,1392.65,1392.65,1392.65,1392.65,0
2024-05-18 09:32:00,1392.65,1392.65,1392.65,1392.65,15
2024-05-18 09:33:00,1392.7,1392.7,1392.7,1392.7,2
2024-05-18 09:34:00,1392.7,1394.5,1392.25,1394.5,17
2024-05-18 09:35:00,1394.5,1394.75,1394.5,1394.75,11
2024-05-18 09:36:00,1394.75,1394.75,1394.75,1394.75,0
2024-05-18 09:37:00,1394.75,1394.75,1390.4,1394.5,55
2024-05-18 09:38:00,1394.2,1394.2,1394.2,1394.2,4
2024-05-18 09:39:00,1394.2,1394.25,1394.2,1394.25,5
2024-05-18 09:40:00,1394.25,1396.25,1394.25,1396.25,20
2024-05-18 09:41:00,1396.25,1396.25,1396.25,1396.25,0
2024-05-18 09:42:00,1394.2,1394.2,1394.2,1394.2,106
2024-05-18 09:43:00,1396.75,1396.75,1394.2,1394.2,45
2024-05-18 09:44:00,1394.2,1394.2,1393.8,1393.8,20
2024-05-18 09:45:00,1393.8,1393.8,1393.8,1393.8,0
2024-05-18 09:46:00,1393.75,1393.75,1393.75,1393.75,21
2024-05-18 09:47:00,1393.75,1395.9,1393.75,1395.9,10
2024-05-18 09:48:00,1393.7,1395.9,1393.7,1395.9,4
2024-05-18 09:49:00,1395.9,1395.9,1395.9,1395.9,10
2024-05-18 09:50:00,1395.9,1396.75,1395.9,1396.75,20
2024-05-18 09:51:00,1392.8,1392.8,1392.8,1392.8,60
2024-05-18 09:53:00,1392.8,1392.8,1392.8,1392.8,0
2024-05-18 09:55:00,1392.8,1392.8,1392.0,1392.0,80
2024-05-18 09:56:00,1392.0,1395.25,1392.0,1395.25,2
2024-05-18 09:57:00,1395.25,1395.25,1390.0,1390.0,122
2024-05-18 09:58:00,1390.0,1390.0,1389.0,1389.2,25
2024-05-18 09:59:00,1389.2,1390.0,1389.2,1389.2,138
2024-05-18 11:30:00,1389.2,1389.2,1389.2,1389.2,0
2024-05-18 11:31:00,1389.2,1389.2,1389.2,1389.2,0
2024-05-18 11:32:00,1389.2,1389.2,1389.2,1389.2,0
2024-05-18 11:33:00,1389.2,1389.2,1389.2,1389.2,0
2024-05-18 11:34:00,1389.2,1394.3,1389.2,1394.3,1
2024-05-18 11:35:00,1394.3,1394.3,1389.9,1389.9,109
2024-05-18 11:36:00,1389.9,1389.9,1389.9,1389.9,3
2024-05-18 11:37:00,1389.9,1393.25,1389.9,1393.25,5
2024-05-18 11:38:00,1393.25,1393.25,1393.25,1393.25,0
2024-05-18 11:39:00,1393.25,1393.25,1389.2,1389.2,10
2024-05-18 11:40:00,1389.2,1389.9,1388.0,1389.9,57
2024-05-18 11:41:00,1389.9,1389.9,1389.9,1389.9,0
2024-05-18 11:42:00,1389.9,1389.9,1389.9,1389.9,0
2024-05-18 11:43:00,1389.8,1389.8,1389.8,1389.8,1
2024-05-18 11:44:00,1389.8,1389.8,1389.8,1389.8,0
2024-05-18 11:45:00,1389.8,1395.0,1389.8,1395.0,319
2024-05-18 11:46:00,1395.0,1396.0,1390.4,1391.2,152
2024-05-18 11:47:00,1391.2,1391.2,1391.2,1391.2,0
2024-05-18 11:48:00,1393.35,1395.0,1393.35,1395.0,85
2024-05-18 11:49:00,1395.0,1395.0,1395.0,1395.0,0
2024-05-18 11:50:00,1395.0,1395.0,1395.0,1395.0,0
2024-05-18 11:51:00,1395.0,1395.0,1391.25,1391.5,30
2024-05-18 11:52:00,1391.5,1391.85,1388.0,1391.85,152
2024-05-18 11:53:00,1388.1,1388.1,1388.1,1388.1,50
2024-05-18 11:54:00,1391.1,1391.1,1391.1,1391.1,11
2024-05-18 11:55:00,1391.1,1391.1,1391.1,1391.1,0
2024-05-18 11:56:00,1395.0,1395.0,1395.0,1395.0,10
2024-05-18 11:57:00,1393.05,1395.0,1393.05,1395.0,17
2024-05-18 11:58:00,1395.0,1395.0,1395.0,1395.0,0
2024-05-18 11:59:00,1395.0,1395.0,1395.0,1395.0,0
2024-05-18 12:00:00,1395.0,1395.0,1395.0,1395.0,0
2024-05-18 12:01:00,1395.0,1395.0,1395.0,1395.0,0
2024-05-18 12:02:00,1395.0,1395.0,1388.05,1388.05,15
2024-05-18 12:03:00,1388.0,1388.05,1386.0,1386.0,151
2024-05-18 12:04:00,1386.0,1386.0,1386.0,1386.0,0
2024-05-18 12:05:00,1386.0,1386.05,1386.0,1386.05,13
2024-05-18 12:06:00,1386.05,1390.55,1386.05,1390.55,30
2024-05-18 12:07:00,1390.55,1391.55,1390.55,1391.55,1
2024-05-18 12:08:00,1391.55,1391.55,1391.55,1391.55,0
2024-05-18 12:10:00,1391.55,1391.55,1391.55,1391.55,0
2024-05-18 12:11:00,1387.15,1387.15,1386.0,1386.0,51
2024-05-18 12:12:00,1386.0,1386.0,1386.0,1386.0,1
2024-05-18 12:13:00,1381.05,1388.5,1381.05,1388.5,55
2024-05-18 12:14:00,1388.5,1388.5,1388.5,1388.5,0
2024-05-18 12:15:00,1388.5,1388.5,1385.5,1385.5,4
2024-05-18 12:16:00,1385.5,1388.05,1385.5,1388.05,7
2024-05-18 12:17:00,1388.05,1388.05,1388.05,1388.05,2
2024-05-18 12:18:00,1388.05,1388.05,1388.05,1388.05,0
2024-05-18 12:19:00,1388.05,1388.05,1385.0,1385.0,0
2024-05-18 12:20:00,1385.0,1385.0,1382.45,1382.45,43
2024-05-18 12:21:00,1382.3,1382.3,1382.05,1382.05,32
2024-05-18 12:22:00,1382.05,1382.05,1381.0,1381.0,18
2024-05-18 12:23:00,1381.05,1381.05,1381.05,1381.05,14
2024-05-18 12:24:00,1389.85,1389.85,1381.0,1381.0,55
2024-05-18 12:25:00,1381.0,1382.45,1380.8,1382.45,20
2024-05-18 12:26:00,1382.45,1382.45,1380.8,1380.8,10
2024-05-18 12:27:00,1380.8,1381.95,1380.8,1381.0,45
2024-05-18 12:28:00,1381.0,1381.0,1381.0,1381.0,5
2024-05-18 12:29:00,1381.0,1381.0,1376.5,1376.5,113
2024-05-21 09:15:00,1383.8,1390.0,1383.8,1388.8,36
2024-05-21 09:16:00,1387.1,1392.95,1385.95,1389.75,197
2024-05-21 09:17:00,1388.05,1389.35,1387.1,1389.35,324
2024-05-21 09:18:00,1389.45,1389.45,1383.8,1383.8,662
2024-05-21 09:19:00,1383.8,1387.9,1383.8,1386.6,33
2024-05-21 09:20:00,1386.6,1391.05,1386.6,1391.05,14
2024-05-21 09:21:00,1391.05,1391.75,1388.1,1391.75,50
2024-05-21 09:22:00,1391.05,1393.25,1390.9,1393.25,327
2024-05-21 09:23:00,1393.3,1394.9,1393.3,1394.85,653
2024-05-21 09:24:00,1394.85,1394.85,1394.0,1394.8,29
2024-05-21 09:25:00,1394.8,1394.8,1392.5,1392.5,25
2024-05-21 09:26:00,1392.5,1392.5,1390.35,1390.35,50
2024-05-21 09:27:00,1390.35,1390.95,1390.35,1390.95,21
2024-05-21 09:28:00,1390.95,1393.3,1390.95,1393.3,32
2024-05-21 09:29:00,1393.3,1393.3,1393.3,1393.3,8
2024-05-21 09:30:00,1393.3,1393.3,1388.75,1390.75,114
2024-05-21 09:31:00,1390.75,1390.75,1388.6,1390.65,26
2024-05-21 09:32:00,1390.65,1399.0,1390.65,1396.5,6105
2024-05-21 09:33:00,1396.5,1396.5,1394.55,1394.55,13
2024-05-21 09:34:00,1394.55,1394.55,1394.2,1394.4,10
2024-05-21 09:35:00,1394.4,1394.4,1394.4,1394.4,0
2024-05-21 09:36:00,1394.4,1395.95,1394.4,1394.8,11
2024-05-21 09:37:00,1394.8,1396.0,1394.8,1396.0,34
2024-05-21 09:38:00,1396.0,1396.0,1394.05,1394.05,353
2024-05-21 09:39:00,1394.05,1394.05,1394.05,1394.05,0
2024-05-21 09:40:00,1394.05,1394.05,1390.4,1390.4,35
2024-05-21 09:41:00,1390.4,1390.4,1390.05,1390.05,1
2024-05-21 09:42:00,1390.05,1390.1,1390.0,1390.0,28
2024-05-21 09:43:00,1390.0,1390.0,1389.2,1389.2,14
2024-05-21 09:44:00,1389.2,1389.2,1389.15,1389.15,2
2024-05-21 09:45:00,1390.35,1390.35,1389.0,1389.0,49
2024-05-21 09:46:00,1389.0,1389.0,1389.0,1389.0,0
2024-05-21 09:47:00,1389.0,1389.0,1389.0,1389.0,0
2024-05-21 09:48:00,1389.0,1389.0,1389.0,1389.0,0
2024-05-21 09:49:00,1389.0,1389.0,1388.6,1388.6,2
2024-05-21 09:50:00,1388.6,1388.6,1388.1,1388.1,1
2024-05-21 09:51:00,1388.2,1389.3,1388.2,1389.3,2
2024-05-21 09:52:00,1389.3,1389.3,1385.8,1385.8,71
2024-05-21 09:53:00,1385.8,1385.8,1385.8,1385.8,0
2024-05-21 09:54:00,1385.8,1387.95,1385.8,1386.1,68
2024-05-21 09:55:00,1386.1,1386.3,1386.1,1386.3,1
2024-05-21 09:56:00,1386.3,1386.45,1386.3,1386.45,25
2024-05-21 09:57:00,1386.45,1386.45,1386.45,1386.45,0
2024-05-21 09:58:00,1386.45,1386.45,1386.45,1386.45,0
2024-05-21 09:59:00,1386.45,1386.45,1386.45,1386.45,0
2024-05-21 10:00:00,1386.45,1388.6,1386.45,1388.6,7
2024-05-21 10:01:00,1389.55,1391.3,1389.55,1391.3,91
2024-05-21 10:02:00,1390.8,1390.8,1390.8,1390.8,288
2024-05-21 10:03:00,1390.8,1390.8,1390.8,1390.8,0
2024-05-21 10:04:00,1390.8,1391.25,1390.8,1391.25,12
2024-05-21 10:05:00,1389.4,1391.15,1389.4,1391.15,13
2024-05-21 10:06:00,1391.15,1391.15,1389.1,1389.1,1
2024-05-21 10:07:00,1389.1,1390.95,1389.1,1390.95,20
2024-05-21 10:08:00,1390.95,1392.1,1390.95,1391.05,64
2024-05-21 10:09:00,1391.05,1391.05,1390.2,1390.2,4
2024-05-21 10:10:00,1390.2,1390.55,1390.2,1390.55,9
2024-05-21 10:11:00,1390.4,1390.4,1390.4,1390.4,13
2024-05-21 10:12:00,1390.4,1390.4,1390.4,1390.4,0
2024-05-21 10:13:00,1390.4,1392.2,1390.4,1392.2,16
2024-05-21 10:14:00,1392.2,1392.2,1392.2,1392.2,0
2024-05-21 10:15:00,1392.2,1392.2,1391.85,1391.85,5
2024-05-21 10:16:00,1391.85,1392.0,1391.85,1392.0,21
2024-05-21 10:17:00,1392.0,1392.0,1390.5,1390.5,12
2024-05-21 10:18:00,1392.7,1392.85,1392.7,1392.85,62
2024-05-21 10:19:00,1392.85,1392.85,1391.1,1391.1,23
2024-05-21 10:20:00,1391.1,1392.65,1391.1,1392.65,0
2024-05-21 10:21:00,1392.65,1393.05,1392.65,1393.05,64
2024-05-21 10:22:00,1393.05,1393.05,1392.85,1392.85,3
2024-05-21 10:23:00,1393.2,1394.0,1393.2,1394.0,1297
2024-05-21 10:24:00,1394.0,1394.0,1394.0,1394.0,0
2024-05-21 10:25:00,1394.0,1394.0,1394.0,1394.0,92
2024-05-21 10:26:00,1394.0,1394.0,1394.0,1394.0,0
2024-05-21 10:27:00,1394.0,1394.0,1394.0,1394.0,0
2024-05-21 10:28:00,1394.0,1394.0,1394.0,1394.0,0
2024-05-21 10:29:00,1394.0,1394.0,1393.3,1393.3,12
2024-05-21 10:30:00,1391.45,1399.0,1391.45,1399.0,5024
2024-05-21 10:31:00,1399.0,1399.0,1399.0,1399.0,80
2024-05-21 10:32:00,1399.0,1399.0,1398.95,1398.95,73
2024-05-21 10:33:00,1398.95,1399.0,1398.95,1399.0,3621
2024-05-21 10:34:00,1399.0,1399.0,1398.9,1399.0,80
2024-05-21 10:35:00,1399.0,1399.0,1397.9,1399.0,383
2024-05-21 10:36:00,1399.0,1399.0,1395.0,1398.0,1692
2024-05-21 10:37:00,1398.0,1398.0,1397.25,1398.0,164
2024-05-21 10:38:00,1398.0,1398.0,1396.75,1397.6,161
2024-05-21 10:39:00,1397.95,1397.95,1395.6,1397.45,141
2024-05-21 10:40:00,1397.45,1397.7,1396.2,1397.2,89
2024-05-21 10:41:00,1397.4,1398.0,1397.4,1397.55,130
2024-05-21 10:42:00,1397.55,1398.0,1397.2,1397.6,115
2024-05-21 10:43:00,1397.8,1397.9,1397.6,1397.6,68
2024-05-21 10:44:00,1397.6,1398.0,1397.6,1398.0,68
2024-05-21 10:45:00,1398.0,1398.0,1397.3,1397.95,108
2024-05-21 10:46:00,1397.95,1398.0,1397.9,1398.0,74
2024-05-21 10:47:00,1398.0,1398.0,1397.9,1398.0,71
2024-05-21 10:48:00,1398.0,1398.0,1395.95,1397.95,145
2024-05-21 10:49:00,1398.0,1398.0,1396.45,1397.9,166
2024-05-21 10:50:00,1398.0,1398.0,1398.0,1398.0,186
2024-05-21 10:51:00,1398.0,1398.0,1397.95,1397.95,78
2024-05-21 10:52:00,1397.95,1398.0,1397.95,1398.0,373
2024-05-21 10:53:00,1398.0,1409.0,1398.0,1409.0,16628
2024-05-21 10:54:00,1409.0,1409.0,1407.8,1409.0,365
2024-05-21 10:55:00,1409.0,1409.0,1405.2,1405.2,340
2024-05-21 10:56:00,1405.2,1406.05,1405.2,1406.0,86
2024-05-21 10:57:00,1406.45,1406.45,1406.35,1406.35,2
2024-05-21 10:58:00,1406.35,1406.45,1403.0,1404.7,199
2024-05-21 10:59:00,1404.7,1404.9,1402.45,1404.65,64
2024-05-21 11:00:00,1404.65,1405.95,1402.75,1404.8,37
2024-05-21 11:01:00,1404.8,1405.85,1404.8,1405.85,5
2024-05-21 11:02:00,1405.85,1405.85,1404.15,1405.5,45
2024-05-21 11:03:00,1405.5,1405.5,1404.05,1404.05,15
2024-05-21 11:04:00,1404.05,1405.5,1404.05,1405.5,1
2024-05-21 11:05:00,1405.5,1405.5,1405.0,1405.0,13
2024-05-21 11:06:00,1405.0,1405.75,1405.0,1405.75,11
2024-05-21 11:07:00,1405.75,1406.0,1404.05,1405.85,91
2024-05-21 11:08:00,1405.85,1405.85,1405.7,1405.7,14
2024-05-21 11:09:00,1405.7,1405.7,1405.7,1405.7,0
2024-05-21 11:10:00,1405.0,1405.0,1405.0,1405.0,1
2024-05-21 11:11:00,1405.0,1405.1,1403.35,1405.1,67
2024-05-21 11:12:00,1405.1,1405.85,1404.55,1405.85,10
2024-05-21 11:13:00,1405.85,1405.85,1405.85,1405.85,1
2024-05-21 11:14:00,1405.85,1405.85,1405.6,1405.6,2
2024-05-21 11:15:00,1405.6,1405.6,1405.6,1405.6,1
2024-05-21 11:16:00,1405.6,1405.6,1405.6,1405.6,2
2024-05-21 11:17:00,1405.6,1408.8,1405.6,1408.8,535
2024-05-21 11:18:00,1408.8,1408.8,1405.8,1405.9,39
2024-05-21 11:19:00,1405.65,1406.75,1405.65,1406.75,4
2024-05-21 11:20:00,1406.75,1406.75,1405.15,1406.3,17
2024-05-21 11:21:00,1406.3,1406.3,1404.65,1406.15,36
2024-05-21 11:22:00,1406.15,1406.15,1405.0,1405.0,11
2024-05-21 11:23:00,1406.05,1406.05,1404.6,1404.6,18
2024-05-21 11:24:00,1404.6,1405.9,1404.6,1405.9,1
2024-05-21 11:25:00,1405.9,1406.15,1405.9,1406.15,80
2024-05-21 11:26:00,1406.15,1408.1,1406.15,1406.7,16
2024-05-21 11:27:00,1406.7,1407.9,1406.7,1407.85,13
2024-05-21 11:28:00,1407.85,1407.85,1407.85,1407.85,1
2024-05-21 11:29:00,1407.85,1407.85,1407.85,1407.85,0
2024-05-21 11:30:00,1407.85,1408.2,1406.35,1406.35,36
2024-05-21 11:31:00,1406.35,1408.05,1406.35,1408.05,2
2024-05-21 11:32:00,1408.0,1408.0,1406.25,1407.55,27
2024-05-21 11:33:00,1407.55,1407.55,1406.05,1407.05,72
2024-05-21 11:34:00,1407.05,1408.55,1406.6,1408.2,100
2024-05-21 11:35:00,1408.2,1408.2,1406.5,1406.5,12
2024-05-21 11:36:00,1406.85,1406.85,1406.85,1406.85,1
2024-05-21 11:37:00,1406.85,1406.85,1406.75,1406.75,3
2024-05-21 11:38:00,1406.75,1406.75,1405.65,1405.65,6
2024-05-21 11:39:00,1405.65,1407.55,1405.65,1407.55,27
2024-05-21 11:40:00,1407.55,1408.55,1407.05,1407.05,32
2024-05-21 11:41:00,1406.85,1408.1,1406.4,1408.1,14
2024-05-21 11:42:00,1408.1,1408.1,1407.95,1407.95,16
2024-05-21 11:43:00,1407.95,1408.55,1407.95,1408.55,56
2024-05-21 11:44:00,1408.55,1408.55,1408.55,1408.55,1
2024-05-21 11:45:00,1408.55,1409.0,1408.55,1409.0,45
2024-05-21 11:46:00,1409.0,1409.9,1409.0,1409.9,106
2024-05-21 11:47:00,1409.9,1409.95,1409.3,1409.95,24
2024-05-21 11:48:00,1409.95,1409.95,1409.05,1409.05,29
2024-05-21 11:49:00,1409.95,1409.95,1409.95,1409.95,72
2024-05-21 11:50:00,1409.95,1412.9,1409.95,1412.85,560
2024-05-21 11:51:00,1412.85,1412.85,1411.5,1411.5,61
2024-05-21 11:52:00,1411.5,1413.95,1411.5,1412.05,518
2024-05-21 11:53:00,1412.05,1412.05,1410.75,1410.75,99
2024-05-21 11:54:00,1410.75,1411.0,1410.75,1411.0,20
2024-05-21 11:55:00,1411.0,1411.15,1411.0,1411.15,17
2024-05-21 11:56:00,1411.15,1411.15,1409.65,1409.9,181
2024-05-21 11:57:00,1409.9,1410.65,1409.9,1409.95,103
2024-05-21 11:58:00,1409.95,1414.0,1409.95,1414.0,33
2024-05-21 11:59:00,1414.0,1414.0,1414.0,1414.0,68
2024-05-21 12:00:00,1414.0,1414.0,1412.15,1413.15,105
2024-05-21 12:01:00,1413.15,1413.15,1412.3,1413.15,91
2024-05-21 12:02:00,1413.15,1413.15,1413.15,1413.15,0
2024-05-21 12:03:00,1413.15,1413.15,1412.05,1412.05,30
2024-05-21 12:04:00,1412.05,1413.95,1411.8,1413.95,247
2024-05-21 12:05:00,1413.95,1413.95,1413.95,1413.95,0
2024-05-21 12:06:00,1413.95,1413.95,1411.4,1411.4,236
2024-05-21 12:07:00,1411.4,1418.0,1411.4,1416.75,658
2024-05-21 12:08:00,1417.45,1417.45,1416.25,1416.3,136
2024-05-21 12:09:00,1416.3,1416.3,1416.25,1416.3,61
2024-05-21 12:10:00,1416.3,1416.3,1416.2,1416.2,2
2024-05-21 12:11:00,1416.2,1416.2,1416.0,1416.0,40
2024-05-21 12:12:00,1416.0,1416.0,1416.0,1416.0,0
2024-05-21 12:13:00,1416.0,1417.95,1416.0,1417.95,107
2024-05-21 12:14:00,1417.95,1417.95,1416.85,1416.85,56
2024-05-21 12:15:00,1416.85,1416.85,1416.85,1416.85,0
2024-05-21 12:16:00,1416.85,1416.85,1416.05,1416.05,14
2024-05-21 12:17:00,1416.05,1416.05,1415.1,1415.1,7
2024-05-21 12:18:00,1415.1,1415.1,1414.8,1414.8,3
2024-05-21 12:19:00,1414.8,1414.8,1414.0,1414.0,9
2024-05-21 12:20:00,1414.0,1414.0,1414.0,1414.0,0
2024-05-21 12:21:00,1414.0,1414.0,1412.2,1412.25,216
2024-05-21 12:22:00,1412.25,1412.25,1412.25,1412.25,0
2024-05-21 12:23:00,1412.25,1412.25,1412.25,1412.25,0
2024-05-21 12:24:00,1412.25,1412.35,1412.25,1412.35,1
2024-05-21 12:25:00,1412.35,1412.35,1410.1,1411.75,457
2024-05-21 12:26:00,1411.75,1411.75,1410.6,1410.6,5
2024-05-21 12:27:00,1410.6,1410.6,1410.3,1410.3,33
2024-05-21 12:28:00,1410.3,1410.3,1409.0,1409.0,1
2024-05-21 12:29:00,1409.0,1409.0,1408.75,1408.75,1
2024-05-21 12:30:00,1408.75,1408.75,1407.55,1407.55,2
2024-05-21 12:31:00,1407.55,1407.55,1405.55,1405.55,71
2024-05-21 12:32:00,1405.55,1405.55,1405.0,1405.0,105
2024-05-21 12:33:00,1405.0,1406.0,1405.0,1406.0,2
2024-05-21 12:34:00,1406.0,1406.8,1406.0,1406.8,18
2024-05-21 12:35:00,1406.8,1407.2,1404.85,1407.15,54
2024-05-21 12:36:00,1407.25,1407.25,1407.25,1407.25,1
2024-05-21 12:37:00,1407.2,1407.2,1407.2,1407.2,1
2024-05-21 12:38:00,1407.2,1407.2,1406.95,1406.95,1
2024-05-21 12:39:00,1406.95,1406.95,1405.4,1405.4,10
2024-05-21 12:40:00,1405.4,1406.9,1405.4,1406.9,1
2024-05-21 12:41:00,1406.9,1406.95,1406.9,1406.95,1
2024-05-21 12:42:00,1406.95,1406.95,1406.95,1406.95,1
2024-05-21 12:43:00,1406.95,1406.95,1406.95,1406.95,0
2024-05-21 12:44:00,1406.95,1407.65,1406.95,1407.65,38
2024-05-21 12:45:00,1407.65,1408.0,1407.2,1407.2,5
2024-05-21 12:46:00,1407.2,1408.0,1407.2,1408.0,13
2024-05-21 12:47:00,1408.0,1408.0,1407.2,1407.2,3
2024-05-21 12:48:00,1407.2,1408.0,1407.2,1407.2,4
2024-05-21 12:49:00,1407.2,1408.0,1407.2,1407.3,13
2024-05-21 12:50:00,1407.3,1408.0,1406.85,1408.0,19
2024-05-21 12:51:00,1408.0,1408.25,1408.0,1408.25,5
2024-05-21 12:52:00,1408.25,1408.65,1406.65,1408.65,77
2024-05-21 12:53:00,1408.65,1408.9,1407.35,1408.9,6
2024-05-21 12:54:00,1408.9,1409.0,1408.9,1408.95,66
2024-05-21 12:55:00,1408.95,1408.95,1408.95,1408.95,6
2024-05-21 12:56:00,1408.95,1409.0,1408.7,1408.7,23
2024-05-21 12:57:00,1408.4,1408.8,1408.4,1408.8,10
2024-05-21 12:58:00,1408.8,1408.8,1406.5,1406.85,564
2024-05-21 12:59:00,1406.85,1412.35,1406.85,1412.35,45
2024-05-21 13:00:00,1412.35,1412.6,1410.0,1410.0,65
2024-05-21 13:01:00,1410.0,1411.2,1410.0,1410.0,55
2024-05-21 13:02:00,1410.0,1411.95,1410.0,1411.95,361
2024-05-21 13:03:00,1411.95,1412.6,1411.95,1412.6,5
2024-05-21 13:04:00,1412.6,1413.45,1412.55,1412.65,8
2024-05-21 13:05:00,1412.65,1413.95,1412.4,1412.4,14
2024-05-21 13:06:00,1412.4,1412.4,1411.0,1412.25,23
2024-05-21 13:07:00,1412.25,1412.25,1410.4,1410.4,19
2024-05-21 13:08:00,1409.8,1411.8,1409.8,1411.8,17
2024-05-21 13:09:00,1411.8,1412.25,1411.8,1412.25,7
2024-05-21 13:10:00,1412.25,1413.8,1412.05,1412.2,23
2024-05-21 13:11:00,1412.15,1412.2,1412.15,1412.15,8
2024-05-21 13:12:00,1412.1,1412.1,1409.95,1410.85,342
2024-05-21 13:13:00,1410.85,1412.0,1410.85,1412.0,1
2024-05-21 13:14:00,1412.0,1412.0,1412.0,1412.0,10
2024-05-21 13:15:00,1412.0,1414.5,1412.0,1413.1,64
2024-05-21 13:16:00,1413.1,1413.15,1412.95,1412.95,14
2024-05-21 13:17:00,1412.95,1412.95,1411.2,1412.6,2
2024-05-21 13:18:00,1412.6,1412.6,1412.6,1412.6,6
2024-05-21 13:19:00,1412.6,1412.7,1412.6,1412.7,11
2024-05-21 13:20:00,1412.7,1412.75,1412.7,1412.75,6
2024-05-21 13:21:00,1412.75,1413.0,1412.75,1413.0,6
2024-05-21 13:22:00,1413.0,1413.0,1413.0,1413.0,7
2024-05-21 13:23:00,1413.0,1413.0,1412.1,1412.1,9
2024-05-21 13:24:00,1412.1,1412.65,1410.0,1411.1,235
2024-05-21 13:25:00,1411.1,1412.7,1410.9,1410.9,44
2024-05-21 13:26:00,1410.9,1412.2,1410.9,1412.2,4
2024-05-21 13:27:00,1412.2,1412.75,1411.1,1412.75,6
2024-05-21 13:28:00,1411.85,1412.9,1411.3,1411.3,15
2024-05-21 13:29:00,1411.3,1412.8,1411.3,1411.75,4
2024-05-21 13:30:00,1411.8,1411.8,1410.5,1410.5,15
2024-05-21 13:31:00,1410.5,1410.5,1410.15,1410.15,30
2024-05-21 13:32:00,1410.15,1411.9,1410.15,1411.9,5
2024-05-21 13:33:00,1411.9,1412.75,1411.9,1412.75,5
2024-05-21 13:34:00,1412.75,1412.75,1410.65,1410.65,21
2024-05-21 13:35:00,1410.65,1412.6,1410.65,1412.6,5
2024-05-21 13:36:00,1411.5,1411.5,1411.4,1411.4,53
2024-05-21 13:37:00,1411.4,1412.15,1410.0,1410.7,329
2024-05-21 13:38:00,1410.7,1410.7,1410.0,1410.0,121
2024-05-21 13:39:00,1410.0,1410.0,1410.0,1410.0,0
2024-05-21 13:40:00,1410.0,1411.35,1410.0,1411.35,5
2024-05-21 13:41:00,1411.35,1411.35,1410.0,1410.0,22
2024-05-21 13:42:00,1410.0,1410.6,1410.0,1410.6,75
2024-05-21 13:43:00,1410.6,1410.6,1410.0,1410.0,92
2024-05-21 13:44:00,1410.0,1411.6,1410.0,1410.05,19
2024-05-21 13:45:00,1410.05,1410.05,1409.65,1409.65,33
2024-05-21 13:46:00,1410.35,1411.9,1410.35,1411.9,9
2024-05-21 13:47:00,1411.9,1413.0,1411.9,1413.0,93
2024-05-21 13:48:00,1413.0,1413.0,1410.0,1410.8,491
2024-05-21 13:49:00,1410.8,1410.8,1410.8,1410.8,0
2024-05-21 13:50:00,1410.8,1411.95,1410.8,1410.95,11
2024-05-21 13:51:00,1410.95,1410.95,1410.75,1410.75,5
2024-05-21 13:52:00,1410.75,1410.75,1410.15,1410.75,5
2024-05-21 13:53:00,1410.75,1410.75,1410.75,1410.75,5
2024-05-21 13:54:00,1410.75,1410.75,1410.55,1410.55,25
2024-05-21 13:55:00,1410.55,1410.55,1410.4,1410.4,11
2024-05-21 13:56:00,1410.4,1410.75,1410.4,1410.75,6
2024-05-21 13:57:00,1410.75,1410.75,1410.75,1410.75,5
2024-05-21 13:58:00,1410.8,1412.0,1410.8,1410.85,37
2024-05-21 13:59:00,1410.75,1410.75,1410.0,1410.0,138
2024-05-21 14:00:00,1410.0,1412.15,1410.0,1411.2,42
2024-05-21 14:01:00,1410.6,1410.6,1410.6,1410.6,24
2024-05-21 14:02:00,1410.6,1411.6,1410.6,1411.6,5
2024-05-21 14:03:00,1411.6,1411.6,1410.9,1410.9,7
2024-05-21 14:04:00,1410.9,1410.9,1409.45,1410.05,426
2024-05-21 14:05:00,1410.05,1411.6,1410.05,1410.8,8
2024-05-21 14:06:00,1410.8,1411.5,1410.8,1411.5,2
2024-05-21 14:07:00,1411.5,1411.5,1411.3,1411.3,58
2024-05-21 14:08:00,1410.0,1410.0,1410.0,1410.0,25
2024-05-21 14:09:00,1410.0,1411.55,1410.0,1411.55,16
2024-05-21 14:10:00,1411.55,1411.6,1410.55,1410.55,6
2024-05-21 14:11:00,1410.55,1412.15,1410.0,1412.15,317
2024-05-21 14:12:00,1412.15,1412.15,1410.0,1411.65,501
2024-05-21 14:13:00,1411.65,1411.65,1411.65,1411.65,0
2024-05-21 14:14:00,1411.65,1412.05,1411.65,1412.05,5
2024-05-21 14:15:00,1412.15,1415.95,1412.15,1415.95,442
2024-05-21 14:16:00,1415.95,1415.95,1414.95,1415.0,130
2024-05-21 14:17:00,1415.0,1416.8,1415.0,1416.8,68
2024-05-21 14:18:00,1416.8,1417.0,1416.8,1417.0,5
2024-05-21 14:19:00,1416.65,1416.65,1416.0,1416.6,318
2024-05-21 14:20:00,1416.6,1416.85,1416.2,1416.85,5
2024-05-21 14:21:00,1416.85,1416.85,1413.5,1415.95,613
2024-05-21 14:22:00,1415.95,1415.95,1415.9,1415.9,168
2024-05-21 14:23:00,1415.9,1415.9,1415.45,1415.9,74
2024-05-21 14:24:00,1415.9,1415.9,1415.2,1415.2,50
2024-05-21 14:25:00,1415.0,1415.95,1414.45,1415.0,418
2024-05-21 14:26:00,1415.0,1417.1,1415.0,1416.05,1059
2024-05-21 14:27:00,1416.05,1416.05,1414.05,1416.05,726
2024-05-21 14:28:00,1416.05,1416.05,1416.05,1416.05,0
2024-05-21 14:29:00,1415.0,1415.0,1415.0,1415.0,42
2024-05-21 14:30:00,1415.0,1416.95,1415.0,1415.75,656
2024-05-21 14:31:00,1415.75,1415.8,1415.0,1415.6,231
2024-05-21 14:32:00,1415.6,1415.65,1415.6,1415.65,1
2024-05-21 14:33:00,1415.6,1415.95,1415.0,1415.95,205
2024-05-21 14:34:00,1415.95,1415.95,1415.0,1415.0,104
2024-05-21 14:35:00,1415.0,1415.4,1415.0,1415.4,1
2024-05-21 14:36:00,1415.4,1415.4,1414.95,1415.1,299
2024-05-21 14:37:00,1415.1,1415.1,1415.0,1415.0,88
2024-05-21 14:38:00,1415.0,1415.0,1415.0,1415.0,5
2024-05-21 14:39:00,1415.0,1415.95,1415.0,1415.95,270
2024-05-21 14:40:00,1415.95,1415.95,1415.0,1415.85,89
2024-05-21 14:41:00,1415.85,1415.85,1415.85,1415.85,0
2024-05-21 14:42:00,1415.85,1415.85,1415.1,1415.1,25
2024-05-21 14:43:00,1415.1,1415.1,1415.1,1415.1,0
2024-05-21 14:44:00,1415.1,1415.1,1415.1,1415.1,0
2024-05-21 14:45:00,1415.1,1415.25,1415.0,1415.25,332
2024-05-21 14:46:00,1415.25,1415.35,1413.5,1415.0,515
2024-05-21 14:47:00,1415.0,1415.0,1415.0,1415.0,66
2024-05-21 14:48:00,1415.0,1415.0,1415.0,1415.0,0
2024-05-21 14:49:00,1415.0,1415.3,1415.0,1415.3,36
2024-05-21 14:50:00,1415.3,1416.0,1415.3,1416.0,112
2024-05-21 14:51:00,1415.0,1415.6,1415.0,1415.05,407
2024-05-21 14:52:00,1415.0,1415.0,1415.0,1415.0,132
2024-05-21 14:53:00,1415.0,1418.05,1414.75,1415.7,3706
2024-05-21 14:54:00,1415.45,1415.7,1415.0,1415.0,448
2024-05-21 14:55:00,1415.0,1416.3,1415.0,1416.3,75
2024-05-21 14:56:00,1416.3,1416.5,1415.0,1415.0,145
2024-05-21 14:57:00,1415.0,1415.0,1415.0,1415.0,0
2024-05-21 14:58:00,1415.0,1415.4,1415.0,1415.35,25
2024-05-21 14:59:00,1415.35,1416.0,1415.0,1415.0,1493
2024-05-21 15:00:00,1415.0,1416.0,1415.0,1415.9,185
2024-05-21 15:01:00,1415.9,1416.0,1415.15,1415.5,323
2024-05-21 15:02:00,1416.2,1417.2,1415.5,1415.8,718
2024-05-21 15:03:00,1415.8,1416.8,1415.8,1415.8,8
2024-05-21 15:04:00,1416.8,1418.1,1415.0,1415.25,886
2024-05-21 15:05:00,1415.25,1416.8,1415.0,1415.25,718
2024-05-21 15:06:00,1415.25,1416.35,1415.0,1415.9,755
2024-05-21 15:07:00,1415.85,1415.85,1415.0,1415.25,167
2024-05-21 15:08:00,1415.25,1416.8,1415.0,1415.75,278
2024-05-21 15:09:00,1415.75,1416.8,1415.0,1415.05,421
2024-05-21 15:10:00,1415.0,1415.5,1415.0,1415.05,608
2024-05-21 15:11:00,1415.05,1415.4,1414.45,1415.0,783
2024-05-21 15:12:00,1415.05,1416.8,1415.0,1416.25,856
2024-05-21 15:13:00,1416.55,1418.1,1415.45,1418.05,508
2024-05-21 15:14:00,1418.1,1418.1,1416.1,1416.45,386
2024-05-21 15:15:00,1416.45,1417.95,1416.3,1416.3,344
2024-05-21 15:16:00,1416.35,1418.0,1416.0,1416.35,429
2024-05-21 15:17:00,1416.35,1418.0,1416.35,1416.45,628
2024-05-21 15:18:00,1416.45,1417.9,1416.1,1417.75,770
2024-05-21 15:19:00,1417.3,1417.6,1416.5,1417.45,214
2024-05-21 15:20:00,1417.45,1418.95,1417.4,1418.25,790
2024-05-21 15:21:00,1418.6,1420.0,1417.3,1419.95,1231
2024-05-21 15:22:00,1419.95,1420.0,1418.35,1420.0,227
2024-05-21 15:23:00,1420.0,1420.55,1418.9,1420.55,390
2024-05-21 15:24:00,1420.55,1420.85,1418.55,1419.25,224
2024-05-21 15:25:00,1419.3,1420.9,1419.25,1420.5,284
2024-05-21 15:26:00,1420.5,1421.0,1419.95,1419.95,371
2024-05-21 15:27:00,1420.85,1424.0,1419.9,1424.0,472
2024-05-21 15:28:00,1422.3,1425.0,1422.3,1422.65,673
2024-05-21 15:29:00,1424.0,1425.0,1421.85,1425.0,549
2024-05-22 09:15:00,1431.65,1431.65,1423.35,1423.35,284
2024-05-22 09:16:00,1423.35,1423.35,1423.35,1423.35,8
2024-05-22 09:17:00,1423.35,1424.65,1412.35,1412.35,331
2024-05-22 09:18:00,1415.95,1415.95,1414.15,1414.15,334
2024-05-22 09:19:00,1414.15,1417.05,1414.15,1415.7,128
2024-05-22 09:20:00,1414.3,1414.3,1413.1,1413.65,57
2024-05-22 09:21:00,1413.15,1417.4,1413.15,1417.4,46
2024-05-22 09:22:00,1417.25,1417.25,1417.0,1417.0,70
2024-05-22 09:23:00,1417.0,1417.0,1414.95,1414.95,27
2024-05-22 09:24:00,1414.95,1416.95,1414.95,1416.95,21
2024-05-22 09:25:00,1416.95,1417.25,1416.95,1417.25,0
2024-05-22 09:26:00,1417.25,1417.25,1414.95,1415.7,5
2024-05-22 09:27:00,1415.7,1415.7,1415.2,1415.2,353
2024-05-22 09:28:00,1415.2,1415.2,1413.5,1413.5,16
2024-05-22 09:29:00,1413.5,1414.95,1413.5,1413.5,3
2024-05-22 09:30:00,1413.5,1413.5,1413.4,1413.4,14
2024-05-22 09:31:00,1413.4,1414.65,1410.05,1410.05,101
2024-05-22 09:32:00,1410.05,1410.05,1410.0,1410.0,7
2024-05-22 09:33:00,1410.0,1412.35,1410.0,1412.3,22
2024-05-22 09:34:00,1412.3,1412.3,1412.3,1412.3,0
2024-05-22 09:35:00,1412.3,1412.3,1412.0,1412.0,9
2024-05-22 09:36:00,1412.0,1412.0,1412.0,1412.0,11
2024-05-22 09:37:00,1412.0,1412.0,1410.1,1410.1,42
2024-05-22 09:38:00,1410.1,1410.35,1410.1,1410.35,1
2024-05-22 09:39:00,1409.7,1410.0,1407.0,1407.0,362
2024-05-22 09:40:00,1407.0,1408.4,1407.0,1407.0,22
2024-05-22 09:41:00,1407.0,1407.0,1406.0,1406.0,5
2024-05-22 09:42:00,1406.0,1406.05,1405.05,1405.05,62
2024-05-22 09:43:00,1405.05,1406.6,1402.6,1402.6,77
2024-05-22 09:44:00,1402.05,1402.05,1402.0,1402.0,11
2024-05-22 09:45:00,1402.0,1403.15,1402.0,1403.15,22
2024-05-22 09:46:00,1403.15,1403.15,1403.15,1403.15,0
2024-05-22 09:47:00,1403.15,1403.85,1403.15,1403.85,0
2024-05-22 09:48:00,1403.85,1404.95,1403.85,1404.95,53
2024-05-22 09:49:00,1404.95,1404.95,1404.95,1404.95,7
2024-05-22 09:50:00,1404.95,1405.05,1404.95,1405.05,12
2024-05-22 09:51:00,1407.05,1407.05,1407.05,1407.05,100
2024-05-22 09:52:00,1405.05,1405.05,1405.05,1405.05,15
2024-05-22 09:53:00,1405.05,1405.05,1405.05,1405.05,1
2024-05-22 09:54:00,1404.95,1408.2,1404.95,1408.2,136
2024-05-22 09:55:00,1408.2,1408.2,1406.3,1407.9,5
2024-05-22 09:56:00,1407.9,1410.35,1407.9,1409.3,45
2024-05-22 09:57:00,1409.3,1409.3,1409.3,1409.3,0
2024-05-22 09:58:00,1409.3,1411.45,1409.3,1410.65,8
2024-05-22 09:59:00,1410.65,1410.65,1407.9,1408.5,248
2024-05-22 10:00:00,1408.9,1409.0,1408.9,1409.0,65
2024-05-22 10:01:00,1409.0,1409.0,1408.2,1408.2,100
2024-05-22 10:02:00,1408.2,1408.4,1408.2,1408.35,32
2024-05-22 10:03:00,1408.35,1408.35,1408.35,1408.35,13
2024-05-22 10:04:00,1408.35,1411.85,1408.1,1411.85,411
2024-05-22 10:05:00,1411.85,1411.85,1411.25,1411.25,9
2024-05-22 10:06:00,1411.25,1413.15,1411.25,1411.3,22
2024-05-22 10:07:00,1411.3,1414.4,1411.3,1414.4,42
2024-05-22 10:08:00,1414.4,1414.4,1414.4,1414.4,0
2024-05-22 10:09:00,1413.0,1414.35,1413.0,1414.35,16
2024-05-22 10:10:00,1414.55,1415.05,1414.55,1414.95,142
2024-05-22 10:11:00,1414.95,1417.4,1414.95,1417.4,15
2024-05-22 10:12:00,1417.4,1417.4,1417.3,1417.3,22
2024-05-22 10:13:00,1415.45,1415.45,1415.45,1415.45,5
2024-05-22 10:14:00,1415.2,1417.0,1415.2,1417.0,85
2024-05-22 10:15:00,1417.0,1417.0,1417.0,1417.0,0
2024-05-22 10:16:00,1417.0,1417.0,1415.75,1415.75,6
2024-05-22 10:17:00,1415.75,1416.9,1415.7,1415.7,25
2024-05-22 10:18:00,1415.7,1416.45,1414.95,1414.95,8
2024-05-22 10:19:00,1414.95,1414.95,1414.95,1414.95,1
2024-05-22 10:20:00,1414.95,1414.95,1414.15,1414.15,10
2024-05-22 10:21:00,1414.15,1414.15,1413.55,1413.95,30
2024-05-22 10:22:00,1413.95,1413.95,1412.0,1413.9,92
2024-05-22 10:23:00,1413.9,1413.9,1413.9,1413.9,0
2024-05-22 10:24:00,1413.9,1413.9,1413.9,1413.9,0
2024-05-22 10:25:00,1413.9,1413.9,1413.9,1413.9,8
2024-05-22 10:26:00,1413.9,1413.9,1413.9,1413.9,0
2024-05-22 10:27:00,1413.9,1413.9,1413.9,1413.9,1
2024-05-22 10:28:00,1413.9,1413.95,1413.9,1413.95,11
2024-05-22 10:29:00,1413.95,1416.3,1413.95,1416.3,0
2024-05-22 10:30:00,1416.3,1416.3,1416.3,1416.3,1
2024-05-22 10:31:00,1416.3,1416.9,1416.0,1416.9,20
2024-05-22 10:32:00,1416.9,1416.9,1416.3,1416.3,8
2024-05-22 10:33:00,1416.3,1416.3,1416.3,1416.3,0
2024-05-22 10:34:00,1416.85,1416.85,1415.25,1416.8,22
2024-05-22 10:35:00,1416.8,1416.8,1416.8,1416.8,2
2024-05-22 10:36:00,1416.8,1416.8,1415.3,1415.3,1
2024-05-22 10:37:00,1415.25,1416.75,1415.25,1416.75,115
2024-05-22 10:38:00,1416.75,1416.75,1415.45,1415.45,10
2024-05-22 10:39:00,1415.45,1415.45,1415.0,1415.0,51
2024-05-22 10:40:00,1415.0,1415.0,1415.0,1415.0,0
2024-05-22 10:41:00,1415.0,1415.0,1415.0,1415.0,0
2024-05-22 10:42:00,1415.8,1415.8,1415.8,1415.8,2
2024-05-22 10:43:00,1415.8,1415.8,1415.8,1415.8,8
2024-05-22 10:44:00,1415.8,1415.8,1415.0,1415.0,1
2024-05-22 10:45:00,1412.7,1415.45,1412.7,1413.65,228
2024-05-22 10:46:00,1413.65,1415.3,1413.65,1415.3,11
2024-05-22 10:47:00,1415.3,1415.45,1413.5,1415.45,27
2024-05-22 10:48:00,1415.45,1415.45,1415.45,1415.45,0
2024-05-22 10:49:00,1414.95,1414.95,1414.95,1414.95,8
2024-05-22 10:50:00,1414.95,1414.95,1414.95,1414.95,0
2024-05-22 10:51:00,1414.95,1414.95,1414.05,1414.05,11
2024-05-22 10:52:00,1414.95,1416.0,1414.0,1414.45,108
2024-05-22 10:53:00,1414.9,1416.6,1414.9,1415.05,30
2024-05-22 10:54:00,1415.05,1415.05,1415.05,1415.05,0
2024-05-22 10:55:00,1415.05,1415.05,1415.05,1415.05,0
2024-05-22 10:56:00,1415.05,1415.05,1414.4,1414.4,3
2024-05-22 10:57:00,1414.4,1414.45,1413.6,1413.85,37
2024-05-22 10:58:00,1413.85,1413.85,1413.85,1413.85,0
2024-05-22 10:59:00,1413.85,1413.85,1413.85,1413.85,0
2024-05-22 11:00:00,1413.85,1416.55,1413.45,1413.45,379
2024-05-22 11:01:00,1413.45,1414.95,1412.3,1412.85,124
2024-05-22 11:02:00,1412.65,1412.65,1412.65,1412.65,20
2024-05-22 11:03:00,1412.65,1412.65,1412.65,1412.65,0
2024-05-22 11:04:00,1412.65,1412.65,1412.65,1412.65,0
2024-05-22 11:05:00,1412.65,1412.65,1412.65,1412.65,0
2024-05-22 11:06:00,1412.65,1413.9,1412.05,1413.9,25
2024-05-22 11:07:00,1413.9,1413.9,1412.2,1412.2,12
2024-05-22 11:08:00,1412.2,1412.5,1412.2,1412.5,1
2024-05-22 11:09:00,1412.2,1412.9,1412.2,1412.9,7
2024-05-22 11:10:00,1412.9,1412.9,1412.2,1412.9,3
2024-05-22 11:11:00,1412.9,1412.9,1412.9,1412.9,2
2024-05-22 11:12:00,1412.9,1412.9,1412.9,1412.9,0
2024-05-22 11:13:00,1412.85,1412.85,1412.1,1412.1,18
2024-05-22 11:14:00,1412.1,1412.1,1412.1,1412.1,1
2024-05-22 11:15:00,1412.1,1412.1,1412.1,1412.1,1
2024-05-22 11:16:00,1412.1,1412.1,1412.1,1412.1,1
2024-05-22 11:17:00,1412.4,1412.4,1412.4,1412.4,10
2024-05-22 11:18:00,1412.4,1412.4,1412.4,1412.4,0
2024-05-22 11:19:00,1412.4,1412.4,1412.1,1412.1,6
2024-05-22 11:20:00,1412.1,1414.55,1412.1,1414.55,184
2024-05-22 11:21:00,1414.55,1414.55,1413.3,1413.95,113
2024-05-22 11:22:00,1413.95,1413.95,1412.75,1412.75,2
2024-05-22 11:23:00,1412.75,1412.75,1412.75,1412.75,0
2024-05-22 11:25:00,1412.75,1412.75,1412.75,1412.75,0
2024-05-22 11:26:00,1412.75,1412.9,1411.7,1411.7,58
2024-05-22 11:27:00,1411.7,1412.85,1409.8,1410.8,311
2024-05-22 11:28:00,1410.8,1413.3,1410.05,1412.65,138
2024-05-22 11:29:00,1412.65,1412.65,1410.75,1410.75,5
2024-05-22 11:30:00,1410.75,1410.75,1410.75,1410.75,0
2024-05-22 11:31:00,1410.75,1410.75,1410.75,1410.75,0
2024-05-22 11:32:00,1410.75,1412.25,1410.5,1410.5,113
2024-05-22 11:33:00,1410.5,1410.5,1410.5,1410.5,0
2024-05-22 11:34:00,1410.5,1410.55,1410.5,1410.55,5
2024-05-22 11:35:00,1410.55,1410.75,1410.5,1410.75,122
2024-05-22 11:36:00,1410.75,1412.15,1410.75,1412.15,1
2024-05-22 11:37:00,1412.15,1412.15,1412.15,1412.15,0
2024-05-22 11:38:00,1412.15,1412.15,1410.5,1410.5,1
2024-05-22 11:39:00,1410.5,1410.5,1410.5,1410.5,0
2024-05-22 11:40:00,1410.5,1410.5,1410.5,1410.5,1
2024-05-22 11:41:00,1411.65,1411.65,1411.65,1411.65,17
2024-05-22 11:42:00,1411.65,1411.65,1410.55,1410.55,1
2024-05-22 11:43:00,1410.55,1410.55,1410.55,1410.55,0
2024-05-22 11:44:00,1410.55,1410.55,1410.55,1410.55,0
2024-05-22 11:45:00,1411.5,1411.5,1411.5,1411.5,3
2024-05-22 11:46:00,1411.5,1411.5,1411.5,1411.5,0
2024-05-22 11:47:00,1411.5,1411.5,1411.5,1411.5,0
2024-05-22 11:48:00,1411.45,1411.45,1410.5,1410.5,16
2024-05-22 11:49:00,1410.5,1411.45,1410.15,1411.45,114
2024-05-22 11:50:00,1411.45,1411.45,1410.5,1411.45,2
2024-05-22 11:51:00,1411.45,1411.45,1411.45,1411.45,1
2024-05-22 11:52:00,1411.45,1411.45,1410.65,1410.65,3
2024-05-22 11:53:00,1410.65,1411.4,1410.65,1411.4,35
2024-05-22 11:54:00,1411.45,1411.45,1411.45,1411.45,1
2024-05-22 11:55:00,1411.45,1411.45,1410.5,1410.5,5
2024-05-22 11:56:00,1410.5,1411.4,1410.5,1411.4,2
2024-05-22 11:57:00,1411.4,1411.4,1411.4,1411.4,1
2024-05-22 11:58:00,1411.4,1411.4,1411.4,1411.4,1
2024-05-22 11:59:00,1410.65,1411.4,1410.65,1411.4,5
2024-05-22 12:00:00,1410.65,1411.4,1410.65,1411.4,4
2024-05-22 12:01:00,1411.4,1411.4,1410.65,1411.35,2
2024-05-22 12:02:00,1411.35,1411.35,1410.65,1410.65,2
2024-05-22 12:03:00,1411.35,1411.35,1410.65,1410.65,4
2024-05-22 12:04:00,1410.65,1411.35,1410.65,1410.65,7
2024-05-22 12:05:00,1411.35,1412.55,1411.35,1412.55,2
2024-05-22 12:06:00,1412.55,1414.55,1412.55,1414.4,101
2024-05-22 12:07:00,1414.4,1418.6,1414.4,1418.5,92
2024-05-22 12:08:00,1418.5,1418.5,1415.3,1417.35,74
2024-05-22 12:09:00,1417.35,1418.3,1417.35,1418.3,1
2024-05-22 12:10:00,1418.3,1418.3,1418.1,1418.1,6
2024-05-22 12:11:00,1418.1,1418.1,1418.05,1418.05,2
2024-05-22 12:12:00,1418.05,1418.05,1418.05,1418.05,2
2024-05-22 12:13:00,1418.05,1418.05,1415.85,1415.85,114
2024-05-22 12:14:00,1415.85,1417.9,1415.35,1417.55,12
2024-05-22 12:15:00,1415.3,1417.7,1415.3,1417.6,25
2024-05-22 12:16:00,1417.6,1417.6,1417.6,1417.6,2
2024-05-22 12:17:00,1417.6,1423.65,1417.6,1423.5,1046
2024-05-22 12:18:00,1423.5,1423.5,1420.4,1423.0,42
2024-05-22 12:19:00,1419.5,1421.5,1415.0,1419.15,1141
2024-05-22 12:20:00,1419.15,1421.55,1419.15,1421.5,12
2024-05-22 12:21:00,1421.6,1422.9,1421.6,1421.85,202
2024-05-22 12:22:00,1421.85,1421.85,1421.05,1421.05,30
2024-05-22 12:23:00,1421.05,1422.55,1421.05,1421.55,15
2024-05-22 12:24:00,1421.55,1421.55,1421.45,1421.45,2
2024-05-22 12:25:00,1421.45,1421.45,1419.7,1419.7,32
2024-05-22 12:26:00,1419.7,1420.55,1419.7,1420.55,2
2024-05-22 12:27:00,1420.55,1420.55,1419.75,1419.75,1
2024-05-22 12:28:00,1419.75,1419.9,1417.9,1419.9,62
2024-05-22 12:29:00,1419.9,1419.9,1419.6,1419.6,1
2024-05-22 12:30:00,1419.6,1419.6,1419.6,1419.6,1
2024-05-22 12:31:00,1419.6,1419.6,1418.0,1418.0,3
2024-05-22 12:32:00,1418.0,1419.6,1418.0,1419.6,32
2024-05-22 12:33:00,1419.6,1419.9,1419.6,1419.9,1
2024-05-22 12:34:00,1419.9,1419.9,1419.9,1419.9,1
2024-05-22 12:35:00,1419.9,1419.9,1416.75,1419.6,488
2024-05-22 12:36:00,1419.6,1419.9,1419.6,1419.9,2
2024-05-22 12:37:00,1419.9,1419.9,1419.9,1419.9,1
2024-05-22 12:38:00,1419.9,1419.9,1418.35,1418.35,3
2024-05-22 12:39:00,1418.35,1418.5,1418.35,1418.5,5
2024-05-22 12:40:00,1418.5,1418.5,1418.45,1418.45,2
2024-05-22 12:41:00,1418.45,1418.55,1418.45,1418.55,1
2024-05-22 12:42:00,1418.55,1418.55,1417.8,1417.9,3
2024-05-22 12:43:00,1417.9,1417.9,1417.45,1417.45,1
2024-05-22 12:44:00,1417.45,1417.45,1417.45,1417.45,2
2024-05-22 12:45:00,1415.4,1416.8,1415.4,1416.8,2
2024-05-22 12:46:00,1416.8,1416.8,1415.0,1416.35,114
2024-05-22 12:47:00,1416.35,1416.35,1416.3,1416.3,1
2024-05-22 12:48:00,1416.25,1416.25,1416.25,1416.25,3
2024-05-22 12:49:00,1416.25,1416.25,1414.5,1416.15,43
2024-05-22 12:50:00,1416.15,1416.15,1415.3,1416.15,2
2024-05-22 12:51:00,1416.15,1416.15,1415.85,1415.85,1
2024-05-22 12:52:00,1413.05,1415.5,1413.05,1415.35,69
2024-05-22 12:53:00,1413.25,1415.3,1413.25,1415.2,53
2024-05-22 12:54:00,1415.2,1415.2,1413.65,1415.15,3
2024-05-22 12:55:00,1415.15,1415.15,1413.3,1413.3,2
2024-05-22 12:56:00,1415.0,1415.0,1415.0,1415.0,3
2024-05-22 12:57:00,1415.0,1415.0,1412.7,1413.9,2
2024-05-22 12:58:00,1413.9,1413.9,1410.8,1412.85,27
2024-05-22 12:59:00,1412.85,1412.85,1411.6,1411.6,5
2024-05-22 13:00:00,1412.85,1412.85,1412.85,1412.85,2
2024-05-22 13:01:00,1412.85,1412.85,1412.85,1412.85,1
2024-05-22 13:02:00,1412.85,1412.85,1411.2,1411.2,5
2024-05-22 13:03:00,1411.2,1412.4,1411.2,1412.4,1
2024-05-22 13:04:00,1410.7,1412.25,1410.05,1412.2,107
2024-05-22 13:05:00,1412.2,1413.6,1412.2,1412.35,1
2024-05-22 13:06:00,1412.35,1414.5,1412.35,1414.35,124
2024-05-22 13:07:00,1414.35,1414.35,1412.85,1413.55,469
2024-05-22 13:08:00,1413.55,1413.55,1408.05,1410.55,628
2024-05-22 13:09:00,1410.55,1411.9,1410.55,1411.9,15
2024-05-22 13:10:00,1411.9,1411.9,1411.9,1411.9,1
2024-05-22 13:11:00,1411.9,1411.9,1411.9,1411.9,1
2024-05-22 13:12:00,1411.9,1411.9,1411.65,1411.65,2
2024-05-22 13:13:00,1411.65,1411.65,1410.5,1410.95,134
2024-05-22 13:14:00,1410.95,1410.95,1410.95,1410.95,1
2024-05-22 13:15:00,1410.95,1412.7,1410.5,1411.65,251
2024-05-22 13:16:00,1411.65,1411.65,1411.65,1411.65,2
2024-05-22 13:17:00,1411.65,1411.65,1411.65,1411.65,1
2024-05-22 13:18:00,1411.65,1411.65,1411.65,1411.65,3
2024-05-22 13:19:00,1411.65,1411.65,1411.65,1411.65,3
2024-05-22 13:20:00,1411.65,1411.65,1411.65,1411.65,4
2024-05-22 13:21:00,1410.55,1411.65,1410.55,1411.65,4
2024-05-22 13:22:00,1411.65,1411.65,1410.65,1410.65,3
2024-05-22 13:23:00,1410.65,1411.6,1410.65,1411.55,4
2024-05-22 13:24:00,1411.55,1411.55,1410.5,1411.55,31
2024-05-22 13:25:00,1411.55,1411.55,1411.55,1411.55,1
2024-05-22 13:26:00,1411.55,1411.55,1411.55,1411.55,1
2024-05-22 13:27:00,1411.55,1411.55,1411.55,1411.55,1
2024-05-22 13:28:00,1411.55,1411.55,1411.55,1411.55,2
2024-05-22 13:29:00,1410.65,1411.55,1410.65,1411.55,2
2024-05-22 13:30:00,1411.55,1411.55,1410.65,1411.5,5
2024-05-22 13:31:00,1411.5,1411.5,1411.5,1411.5,1
2024-05-22 13:32:00,1411.5,1411.5,1411.5,1411.5,2
2024-05-22 13:33:00,1411.5,1411.5,1410.65,1410.65,4
2024-05-22 13:34:00,1410.65,1411.5,1410.65,1410.65,3
2024-05-22 13:35:00,1410.65,1411.55,1410.65,1411.5,32
2024-05-22 13:36:00,1411.5,1411.5,1411.5,1411.5,2
2024-05-22 13:37:00,1411.5,1411.5,1411.5,1411.5,3
2024-05-22 13:38:00,1411.5,1411.5,1411.5,1411.5,3
2024-05-22 13:39:00,1411.5,1411.5,1411.5,1411.5,1
2024-05-22 13:40:00,1411.5,1411.5,1411.15,1411.15,5
2024-05-22 13:41:00,1411.15,1413.45,1411.15,1413.45,55
2024-05-22 13:42:00,1413.45,1413.45,1413.45,1413.45,1
2024-05-22 13:43:00,1413.45,1413.45,1413.45,1413.45,3
2024-05-22 13:44:00,1412.1,1412.9,1410.0,1412.9,289
2024-05-22 13:45:00,1412.9,1412.9,1411.05,1411.05,3
2024-05-22 13:46:00,1411.05,1413.15,1411.05,1413.15,1
2024-05-22 13:47:00,1413.15,1413.15,1413.15,1413.15,0
2024-05-22 13:48:00,1413.15,1413.15,1413.15,1413.15,0
2024-05-22 13:49:00,1413.15,1413.15,1410.6,1412.4,12
2024-05-22 13:50:00,1412.4,1412.4,1410.5,1412.25,38
2024-05-22 13:51:00,1412.25,1412.25,1412.25,1412.25,0
2024-05-22 13:52:00,1412.25,1412.25,1412.25,1412.25,0
2024-05-22 13:53:00,1412.25,1412.25,1412.25,1412.25,8
2024-05-22 13:55:00,1412.25,1412.25,1410.55,1410.55,1
2024-05-22 13:56:00,1410.55,1410.55,1410.5,1410.5,0
2024-05-22 13:57:00,1410.5,1413.15,1410.5,1413.15,78
2024-05-22 13:58:00,1413.15,1413.15,1413.15,1413.15,0
2024-05-22 13:59:00,1411.15,1411.15,1411.15,1411.15,13
2024-05-22 14:00:00,1413.05,1413.05,1413.05,1413.05,2
2024-05-22 14:01:00,1413.05,1413.05,1410.7,1412.9,13
2024-05-22 14:02:00,1412.9,1412.9,1412.9,1412.9,0
2024-05-22 14:03:00,1412.9,1412.9,1412.9,1412.9,0
2024-05-22 14:04:00,1410.7,1413.05,1410.7,1413.05,48
2024-05-22 14:05:00,1413.05,1413.05,1413.05,1413.05,0
2024-05-22 14:08:00,1413.05,1413.05,1413.05,1413.05,0
2024-05-22 14:09:00,1413.05,1413.05,1413.05,1413.05,0
2024-05-22 14:10:00,1413.05,1413.05,1413.05,1413.05,0
2024-05-22 14:11:00,1412.5,1419.25,1412.5,1418.2,506
2024-05-22 14:12:00,1418.2,1419.65,1416.6,1419.65,64
2024-05-22 14:13:00,1419.65,1419.65,1417.0,1417.0,14
2024-05-22 14:14:00,1417.0,1419.5,1417.0,1419.5,9
2024-05-22 14:15:00,1419.5,1419.5,1418.05,1418.05,3
2024-05-22 14:16:00,1418.05,1418.05,1417.05,1417.05,9
2024-05-22 14:17:00,1417.05,1420.0,1415.4,1420.0,293
2024-05-22 14:18:00,1420.0,1421.0,1420.0,1421.0,12
2024-05-22 14:19:00,1421.0,1421.0,1420.0,1420.0,65
2024-05-22 14:20:00,1421.0,1421.0,1420.0,1420.6,95
2024-05-22 14:21:00,1420.6,1420.6,1420.6,1420.6,0
2024-05-22 14:22:00,1420.6,1421.0,1420.1,1420.1,11
2024-05-22 14:23:00,1420.1,1420.1,1420.1,1420.1,0
2024-05-22 14:24:00,1420.0,1420.0,1420.0,1420.0,10
2024-05-22 14:25:00,1420.0,1420.0,1420.0,1420.0,0
2024-05-22 14:26:00,1420.0,1420.0,1420.0,1420.0,0
2024-05-22 14:27:00,1420.0,1420.0,1420.0,1420.0,0
2024-05-22 14:28:00,1420.0,1420.0,1420.0,1420.0,9
2024-05-22 14:29:00,1420.8,1421.0,1420.8,1421.0,17
2024-05-22 14:30:00,1421.0,1421.15,1421.0,1421.15,10
2024-05-22 14:31:00,1421.0,1421.75,1421.0,1421.75,76
2024-05-22 14:32:00,1421.75,1421.75,1421.75,1421.75,0
2024-05-22 14:33:00,1420.2,1420.2,1420.0,1420.0,32
2024-05-22 14:34:00,1420.0,1421.75,1420.0,1420.05,129
2024-05-22 14:35:00,1420.05,1420.05,1420.05,1420.05,0
2024-05-22 14:36:00,1420.05,1421.95,1420.05,1420.05,12
2024-05-22 14:37:00,1420.05,1420.05,1420.05,1420.05,0
2024-05-22 14:38:00,1420.05,1421.8,1420.05,1421.8,0
2024-05-22 14:39:00,1421.8,1421.85,1421.8,1421.85,27
2024-05-22 14:40:00,1420.05,1421.8,1420.05,1421.8,51
2024-05-22 14:41:00,1421.85,1421.85,1421.85,1421.85,4
2024-05-22 14:42:00,1421.85,1421.85,1421.85,1421.85,0
2024-05-22 14:43:00,1419.85,1420.0,1419.85,1420.0,26
2024-05-22 14:44:00,1420.0,1420.0,1420.0,1420.0,2
2024-05-22 14:45:00,1420.0,1421.2,1420.0,1421.2,51
2024-05-22 14:46:00,1421.2,1421.2,1421.2,1421.2,0
2024-05-22 14:47:00,1421.2,1421.2,1420.0,1420.8,40
2024-05-22 14:48:00,1420.8,1420.8,1420.8,1420.8,0
2024-05-22 14:49:00,1420.0,1421.95,1420.0,1420.0,2142
2024-05-22 14:50:00,1420.0,1420.9,1420.0,1420.9,49
2024-05-22 14:51:00,1420.9,1422.4,1420.9,1422.4,20
2024-05-22 14:52:00,1422.4,1422.4,1422.4,1422.4,0
2024-05-22 14:53:00,1422.4,1422.65,1422.4,1422.65,80
2024-05-22 14:54:00,1422.65,1422.65,1421.95,1421.95,3
2024-05-22 14:55:00,1421.95,1421.95,1421.85,1421.85,16
2024-05-22 14:56:00,1421.85,1421.85,1420.0,1420.0,4
2024-05-22 14:57:00,1420.0,1420.0,1419.0,1419.0,145
2024-05-22 14:58:00,1419.0,1420.0,1419.0,1420.0,53
2024-05-22 14:59:00,1420.0,1420.0,1420.0,1420.0,12
2024-05-22 15:00:00,1420.0,1422.75,1420.0,1422.6,37
2024-05-22 15:01:00,1422.2,1422.6,1421.0,1421.35,56
2024-05-22 15:02:00,1421.35,1422.65,1421.35,1422.5,93
2024-05-22 15:03:00,1422.5,1422.5,1420.2,1420.2,10
2024-05-22 15:04:00,1420.2,1422.2,1420.2,1422.2,144
2024-05-22 15:05:00,1422.2,1422.2,1421.6,1421.95,10
2024-05-22 15:06:00,1421.95,1422.95,1421.95,1422.95,516
2024-05-22 15:07:00,1422.7,1422.7,1421.95,1422.45,129
2024-05-22 15:08:00,1422.45,1422.45,1421.4,1421.4,34
2024-05-22 15:09:00,1421.6,1423.15,1421.6,1421.8,75
2024-05-22 15:10:00,1421.15,1421.15,1420.4,1420.4,66
2024-05-22 15:11:00,1421.15,1421.15,1420.0,1420.0,145
2024-05-22 15:12:00,1420.0,1421.9,1420.0,1420.95,67
2024-05-22 15:13:00,1421.65,1421.65,1420.05,1421.35,51
2024-05-22 15:14:00,1421.35,1421.35,1420.4,1421.1,55
2024-05-22 15:15:00,1421.1,1421.1,1420.0,1420.0,275
2024-05-22 15:16:00,1420.0,1420.35,1420.0,1420.05,243
2024-05-22 15:17:00,1420.0,1422.2,1420.0,1421.05,436
2024-05-22 15:18:00,1421.05,1421.95,1420.0,1420.35,54
2024-05-22 15:19:00,1420.35,1422.8,1420.35,1422.6,275
2024-05-22 15:20:00,1422.6,1422.6,1421.6,1422.6,72
2024-05-22 15:21:00,1422.4,1422.6,1421.8,1422.0,88
2024-05-22 15:22:00,1422.0,1422.0,1420.0,1420.85,93
2024-05-22 15:23:00,1420.95,1424.65,1420.95,1424.1,134
2024-05-22 15:24:00,1422.2,1424.7,1421.85,1421.85,85
2024-05-22 15:25:00,1421.85,1424.3,1421.05,1421.05,163
2024-05-22 15:26:00,1421.05,1423.75,1421.05,1422.25,79
2024-05-22 15:27:00,1421.25,1424.5,1419.0,1421.95,184
2024-05-22 15:28:00,1421.95,1424.75,1420.3,1420.3,255
2024-05-22 15:29:00,1420.5,1424.45,1420.5,1424.0,82
2024-05-23 09:15:00,1431.0,1433.0,1428.3,1430.0,390
2024-05-23 09:16:00,1430.0,1430.0,1428.3,1428.3,193
2024-05-23 09:17:00,1429.4,1429.45,1429.4,1429.45,27
2024-05-23 09:18:00,1429.45,1429.45,1428.25,1428.25,0
2024-05-23 09:19:00,1428.25,1430.0,1428.25,1430.0,35
2024-05-23 09:20:00,1430.0,1430.0,1428.65,1430.0,61
2024-05-23 09:21:00,1430.0,1430.0,1430.0,1430.0,18
2024-05-23 09:22:00,1430.0,1434.95,1430.0,1434.95,591
2024-05-23 09:23:00,1434.95,1435.0,1433.6,1435.0,13
2024-05-23 09:24:00,1435.0,1435.0,1433.4,1433.55,125
2024-05-23 09:25:00,1433.55,1433.55,1430.55,1432.9,209
2024-05-23 09:26:00,1432.9,1433.9,1432.9,1433.9,40
2024-05-23 09:27:00,1433.9,1433.9,1432.0,1432.0,38
2024-05-23 09:28:00,1432.0,1432.0,1430.0,1430.0,35
2024-05-23 09:29:00,1430.0,1430.0,1426.1,1426.1,123
2024-05-23 09:30:00,1425.0,1425.0,1425.0,1425.0,2
2024-05-23 09:31:00,1425.0,1425.9,1425.0,1425.9,54
2024-05-23 09:32:00,1425.9,1426.65,1425.9,1426.65,36
2024-05-23 09:33:00,1426.65,1426.65,1426.65,1426.65,0
2024-05-23 09:34:00,1426.65,1426.65,1426.6,1426.6,0
2024-05-23 09:35:00,1426.6,1426.65,1426.6,1426.65,11
2024-05-23 09:36:00,1426.65,1426.65,1426.65,1426.65,0
2024-05-23 09:37:00,1426.65,1426.65,1426.65,1426.65,0
2024-05-23 09:38:00,1426.65,1426.65,1426.65,1426.65,40
2024-05-23 09:39:00,1426.65,1426.65,1426.65,1426.65,13
2024-05-23 09:40:00,1426.65,1426.65,1425.5,1426.65,70
2024-05-23 09:41:00,1425.55,1425.55,1425.5,1425.5,6
2024-05-23 09:42:00,1425.5,1426.95,1425.5,1426.95,137
2024-05-23 09:43:00,1426.95,1426.95,1426.95,1426.95,20
2024-05-23 09:44:00,1426.95,1426.95,1425.6,1425.6,16
2024-05-23 09:45:00,1425.6,1425.6,1425.6,1425.6,1
2024-05-23 09:46:00,1425.6,1425.6,1423.0,1424.9,48
2024-05-23 09:47:00,1424.9,1425.9,1424.9,1425.9,10
2024-05-23 09:48:00,1424.4,1424.4,1423.05,1423.05,55
2024-05-23 09:49:00,1423.05,1423.05,1421.65,1421.65,3
2024-05-23 09:50:00,1421.65,1421.65,1417.6,1421.55,484
2024-05-23 09:51:00,1421.55,1423.0,1421.55,1423.0,386
2024-05-23 09:52:00,1423.0,1423.0,1421.05,1421.05,2
2024-05-23 09:53:00,1420.35,1421.85,1420.35,1421.85,181
2024-05-23 09:54:00,1421.85,1421.85,1420.25,1421.7,43
2024-05-23 09:55:00,1421.7,1421.7,1418.45,1420.4,383
2024-05-23 09:56:00,1420.4,1422.8,1420.4,1422.55,152
2024-05-23 09:57:00,1422.55,1422.55,1422.55,1422.55,0
2024-05-23 09:58:00,1422.55,1422.55,1422.55,1422.55,0
2024-05-23 09:59:00,1422.55,1422.55,1420.05,1420.05,5
2024-05-23 10:00:00,1420.05,1420.05,1418.9,1418.9,38
2024-05-23 10:01:00,1418.9,1418.9,1418.9,1418.9,0
2024-05-23 10:02:00,1418.9,1418.9,1418.9,1418.9,0
2024-05-23 10:03:00,1418.9,1418.9,1418.9,1418.9,0
2024-05-23 10:04:00,1418.9,1420.0,1417.95,1420.0,53
2024-05-23 10:05:00,1420.0,1420.25,1420.0,1420.25,3
2024-05-23 10:06:00,1420.25,1420.25,1420.25,1420.25,0
2024-05-23 10:07:00,1420.25,1420.25,1420.25,1420.25,0
2024-05-23 10:08:00,1420.25,1420.25,1420.25,1420.25,0
2024-05-23 10:09:00,1420.25,1422.3,1420.25,1422.3,26
2024-05-23 10:10:00,1422.3,1424.55,1422.3,1424.55,335
2024-05-23 10:11:00,1424.55,1424.55,1424.55,1424.55,0
2024-05-23 10:12:00,1424.55,1429.0,1424.55,1428.25,294
2024-05-23 10:13:00,1428.25,1428.25,1426.95,1426.95,42
2024-05-23 10:14:00,1426.55,1426.55,1426.4,1426.4,30
2024-05-23 10:15:00,1426.4,1426.4,1424.95,1424.95,35
2024-05-23 10:16:00,1424.95,1424.95,1424.95,1424.95,0
2024-05-23 10:17:00,1424.95,1424.95,1423.8,1423.8,6
2024-05-23 10:18:00,1423.8,1423.8,1423.8,1423.8,0
2024-05-23 10:19:00,1423.8,1423.8,1423.8,1423.8,0
2024-05-23 10:20:00,1423.8,1423.8,1423.8,1423.8,0
2024-05-23 10:21:00,1421.5,1428.65,1421.5,1428.65,247
2024-05-23 10:22:00,1428.65,1429.55,1420.3,1420.3,1932
2024-05-23 10:23:00,1420.3,1420.3,1420.25,1420.25,24
2024-05-23 10:24:00,1420.25,1420.45,1420.25,1420.35,30
2024-05-23 10:25:00,1420.35,1422.7,1420.35,1422.2,142
2024-05-23 10:26:00,1422.2,1422.45,1422.2,1422.45,3
2024-05-23 10:27:00,1422.45,1422.5,1420.7,1422.5,25
2024-05-23 10:28:00,1422.5,1422.5,1422.5,1422.5,0
2024-05-23 10:29:00,1422.5,1422.5,1422.5,1422.5,0
2024-05-23 10:30:00,1422.5,1422.5,1422.5,1422.5,0
2024-05-23 10:31:00,1422.5,1422.5,1420.65,1422.15,55
2024-05-23 10:32:00,1422.15,1422.15,1421.85,1421.85,1
2024-05-23 10:33:00,1421.85,1421.85,1421.85,1421.85,0
2024-05-23 10:34:00,1421.85,1421.85,1421.85,1421.85,0
2024-05-23 10:35:00,1421.85,1421.95,1420.75,1421.95,16
2024-05-23 10:36:00,1421.95,1421.95,1421.95,1421.95,0
2024-05-23 10:37:00,1421.95,1421.95,1416.4,1417.0,600
2024-05-23 10:38:00,1417.0,1422.0,1417.0,1422.0,35
2024-05-23 10:39:00,1420.5,1421.2,1419.85,1419.85,212
2024-05-23 10:40:00,1419.85,1419.85,1419.85,1419.85,0
2024-05-23 10:41:00,1419.85,1419.85,1419.85,1419.85,0
2024-05-23 10:42:00,1419.85,1420.35,1419.45,1419.45,42
2024-05-23 10:43:00,1419.45,1419.45,1419.0,1419.0,18
2024-05-23 10:44:00,1419.0,1419.0,1417.5,1418.0,19
2024-05-23 10:45:00,1417.5,1417.5,1417.5,1417.5,2
2024-05-23 10:46:00,1417.5,1418.95,1415.05,1416.6,723
2024-05-23 10:47:00,1416.6,1419.35,1416.6,1419.35,216
2024-05-23 10:48:00,1419.35,1419.35,1419.35,1419.35,0
2024-05-23 10:49:00,1419.35,1419.35,1419.35,1419.35,0
2024-05-23 10:50:00,1419.35,1420.05,1418.3,1418.3,33
2024-05-23 10:51:00,1418.3,1418.3,1418.3,1418.3,0
2024-05-23 10:52:00,1418.3,1419.35,1418.3,1419.35,19
2024-05-23 10:53:00,1419.35,1419.35,1418.9,1418.9,4
2024-05-23 10:54:00,1418.9,1418.9,1418.9,1418.9,0
2024-05-23 10:55:00,1418.9,1418.9,1418.9,1418.9,0
2024-05-23 10:56:00,1418.9,1418.9,1417.15,1417.15,0
2024-05-23 10:57:00,1417.15,1417.2,1417.1,1417.1,38
2024-05-23 10:58:00,1417.1,1417.1,1417.1,1417.1,16
2024-05-23 10:59:00,1417.1,1417.1,1417.1,1417.1,0
2024-05-23 11:00:00,1417.1,1417.1,1417.1,1417.1,0
2024-05-23 11:01:00,1417.1,1417.25,1417.1,1417.25,0
2024-05-23 11:02:00,1417.25,1417.25,1417.25,1417.25,7
2024-05-23 11:03:00,1417.25,1417.25,1417.25,1417.25,0
2024-05-23 11:04:00,1417.25,1418.4,1417.25,1418.4,14
2024-05-23 11:05:00,1418.4,1418.4,1417.5,1417.5,25
2024-05-23 11:06:00,1417.5,1417.5,1417.5,1417.5,0
2024-05-23 11:07:00,1417.5,1417.95,1415.0,1415.5,423
2024-05-23 11:08:00,1415.5,1416.75,1415.15,1416.75,43
2024-05-23 11:09:00,1416.75,1416.75,1416.75,1416.75,0
2024-05-23 11:10:00,1416.75,1416.75,1415.35,1416.75,22
2024-05-23 11:11:00,1416.75,1416.8,1416.75,1416.8,13
2024-05-23 11:12:00,1416.8,1416.9,1415.65,1416.9,4
2024-05-23 11:13:00,1416.9,1416.9,1416.9,1416.9,0
2024-05-23 11:14:00,1416.9,1416.9,1416.9,1416.9,0
2024-05-23 11:15:00,1416.9,1416.9,1416.9,1416.9,0
2024-05-23 11:16:00,1416.9,1416.9,1416.9,1416.9,0
2024-05-23 11:17:00,1416.9,1417.25,1415.15,1416.05,142
2024-05-23 11:18:00,1416.05,1416.05,1416.05,1416.05,0
2024-05-23 11:19:00,1416.05,1416.05,1415.4,1415.4,13
2024-05-23 11:20:00,1415.4,1415.4,1415.4,1415.4,0
2024-05-23 11:21:00,1417.45,1417.45,1417.4,1417.4,8
2024-05-23 11:22:00,1417.4,1417.4,1417.3,1417.3,3
2024-05-23 11:23:00,1417.3,1417.3,1415.9,1417.25,12
2024-05-23 11:24:00,1417.25,1417.25,1415.5,1415.5,21
2024-05-23 11:25:00,1415.5,1415.55,1415.5,1415.55,3
2024-05-23 11:26:00,1417.3,1417.3,1415.55,1417.25,12
2024-05-23 11:27:00,1417.25,1417.25,1417.0,1417.0,1
2024-05-23 11:28:00,1417.0,1417.0,1417.0,1417.0,0
2024-05-23 11:29:00,1417.0,1417.0,1415.6,1415.6,15
2024-05-23 11:30:00,1415.6,1416.95,1415.6,1416.95,2
2024-05-23 11:31:00,1416.95,1416.95,1416.95,1416.95,4
2024-05-23 11:32:00,1415.5,1416.85,1415.05,1416.85,46
2024-05-23 11:33:00,1416.85,1416.85,1415.5,1416.85,46
2024-05-23 11:34:00,1416.85,1416.85,1416.85,1416.85,9
2024-05-23 11:35:00,1416.85,1416.85,1415.5,1415.5,10
2024-05-23 11:36:00,1415.5,1416.55,1415.5,1416.55,1
2024-05-23 11:37:00,1416.55,1416.55,1413.45,1414.85,218
2024-05-23 11:38:00,1414.85,1414.85,1414.85,1414.85,0
2024-05-23 11:39:00,1414.85,1414.85,1414.85,1414.85,0
2024-05-23 11:40:00,1414.85,1415.85,1414.85,1415.85,12
2024-05-23 11:41:00,1415.85,1416.75,1415.85,1416.75,18
2024-05-23 11:42:00,1416.75,1417.8,1416.0,1417.75,41
2024-05-23 11:43:00,1417.75,1417.75,1412.65,1415.05,315
2024-05-23 11:44:00,1415.05,1416.1,1415.0,1416.1,24
2024-05-23 11:45:00,1416.1,1416.8,1416.1,1416.8,22
2024-05-23 11:46:00,1416.8,1416.8,1414.85,1414.85,11
2024-05-23 11:47:00,1414.85,1417.65,1414.85,1417.65,17
2024-05-23 11:48:00,1417.65,1417.8,1417.65,1417.8,6
2024-05-23 11:49:00,1417.8,1418.35,1417.8,1418.35,13
2024-05-23 11:50:00,1418.45,1418.45,1418.45,1418.45,3
2024-05-23 11:51:00,1418.45,1418.8,1416.65,1416.65,150
2024-05-23 11:52:00,1416.65,1416.65,1414.45,1414.45,6
2024-05-23 11:53:00,1414.45,1414.45,1414.45,1414.45,0
2024-05-23 11:54:00,1414.45,1414.45,1414.45,1414.45,1
2024-05-23 11:55:00,1414.45,1414.45,1414.45,1414.45,0
2024-05-23 11:56:00,1414.45,1418.9,1414.45,1417.35,527
2024-05-23 11:57:00,1417.35,1417.35,1417.35,1417.35,0
2024-05-23 11:58:00,1417.35,1417.35,1417.35,1417.35,0
2024-05-23 11:59:00,1417.35,1417.35,1415.95,1415.95,13
2024-05-23 12:00:00,1415.95,1417.45,1415.95,1417.45,14
2024-05-23 12:01:00,1417.45,1417.45,1416.85,1416.85,1
2024-05-23 12:02:00,1416.85,1416.85,1416.85,1416.85,0
2024-05-23 12:03:00,1416.85,1416.85,1416.6,1416.6,3
2024-05-23 12:04:00,1416.6,1417.1,1416.6,1417.1,16
2024-05-23 12:05:00,1417.1,1417.1,1416.9,1416.9,3
2024-05-23 12:06:00,1416.9,1416.9,1416.9,1416.9,3
2024-05-23 12:07:00,1416.9,1416.9,1416.9,1416.9,3
2024-05-23 12:08:00,1416.9,1416.9,1416.9,1416.9,0
2024-05-23 12:09:00,1416.9,1416.9,1415.75,1415.75,4
2024-05-23 12:10:00,1415.75,1415.75,1415.75,1415.75,0
2024-05-23 12:11:00,1415.75,1415.75,1415.75,1415.75,5
2024-05-23 12:12:00,1415.75,1415.75,1415.75,1415.75,0
2024-05-23 12:13:00,1415.75,1415.75,1415.75,1415.75,0
2024-05-23 12:14:00,1415.75,1415.75,1415.75,1415.75,0
2024-05-23 12:15:00,1415.75,1415.75,1415.75,1415.75,0
2024-05-23 12:16:00,1415.75,1415.75,1415.75,1415.75,0
2024-05-23 12:17:00,1415.75,1416.9,1415.5,1415.5,44
2024-05-23 12:18:00,1415.5,1415.5,1415.5,1415.5,0
2024-05-23 12:19:00,1415.5,1416.9,1415.5,1416.9,2
2024-05-23 12:20:00,1416.9,1416.9,1416.9,1416.9,0
2024-05-23 12:21:00,1416.9,1416.9,1416.9,1416.9,0
2024-05-23 12:22:00,1416.9,1416.9,1416.9,1416.9,0
2024-05-23 12:23:00,1416.9,1416.9,1415.5,1416.8,45
2024-05-23 12:24:00,1416.8,1416.8,1416.8,1416.8,0
2024-05-23 12:25:00,1416.8,1416.8,1415.25,1416.65,111
2024-05-23 12:26:00,1416.65,1416.65,1416.65,1416.65,10
2024-05-23 12:27:00,1416.65,1416.65,1416.65,1416.65,1
2024-05-23 12:28:00,1416.65,1416.65,1416.65,1416.65,6
2024-05-23 12:29:00,1416.65,1416.65,1416.65,1416.65,1
2024-05-23 12:30:00,1416.65,1416.65,1415.75,1415.75,4
2024-05-23 12:31:00,1415.75,1415.75,1415.5,1415.5,0
2024-05-23 12:32:00,1415.5,1415.5,1415.5,1415.5,10
2024-05-23 12:33:00,1415.5,1416.6,1415.05,1416.6,25
2024-05-23 12:34:00,1416.6,1416.6,1416.6,1416.6,1
2024-05-23 12:35:00,1416.6,1416.6,1415.05,1415.05,31
2024-05-23 12:36:00,1415.05,1415.05,1415.05,1415.05,0
2024-05-23 12:37:00,1415.05,1416.55,1415.05,1416.55,1
2024-05-23 12:38:00,1416.55,1416.55,1416.55,1416.55,1
2024-05-23 12:39:00,1416.55,1416.55,1416.55,1416.55,1
2024-05-23 12:40:00,1416.55,1416.55,1416.55,1416.55,2
2024-05-23 12:41:00,1416.55,1416.55,1416.55,1416.55,1
2024-05-23 12:42:00,1416.55,1416.55,1416.35,1416.35,10
2024-05-23 12:43:00,1416.35,1416.35,1416.35,1416.35,0
2024-05-23 12:44:00,1416.35,1416.55,1416.35,1416.55,1
2024-05-23 12:45:00,1416.55,1416.55,1416.55,1416.55,1
2024-05-23 12:46:00,1416.55,1416.6,1415.55,1415.55,7
2024-05-23 12:47:00,1415.55,1415.55,1415.55,1415.55,12
2024-05-23 12:48:00,1416.55,1416.55,1416.55,1416.55,2
2024-05-23 12:49:00,1416.55,1416.6,1416.55,1416.6,3
2024-05-23 12:50:00,1416.6,1416.6,1416.55,1416.55,1
2024-05-23 12:51:00,1416.55,1416.55,1416.55,1416.55,3
2024-05-23 12:52:00,1416.55,1416.55,1416.55,1416.55,1
2024-05-23 12:53:00,1416.55,1416.55,1416.55,1416.55,2
2024-05-23 12:54:00,1416.55,1419.3,1412.25,1419.2,773
2024-05-23 12:55:00,1419.2,1419.2,1416.95,1416.95,1
2024-05-23 12:56:00,1416.95,1416.95,1416.95,1416.95,1
2024-05-23 12:57:00,1416.95,1416.95,1416.95,1416.95,1
2024-05-23 12:58:00,1416.95,1416.95,1416.95,1416.95,1
2024-05-23 12:59:00,1416.95,1417.15,1415.55,1417.15,65
2024-05-23 13:00:00,1417.15,1417.15,1417.05,1417.05,1
2024-05-23 13:01:00,1417.05,1417.05,1417.05,1417.05,1
2024-05-23 13:02:00,1417.05,1417.05,1417.0,1417.0,1
2024-05-23 13:03:00,1417.0,1417.1,1417.0,1417.1,1
2024-05-23 13:04:00,1417.1,1417.1,1417.1,1417.1,1
2024-05-23 13:05:00,1417.1,1417.15,1417.1,1417.15,2
2024-05-23 13:06:00,1417.15,1417.15,1415.5,1415.5,9
2024-05-23 13:07:00,1415.5,1417.05,1415.5,1416.95,26
2024-05-23 13:08:00,1416.95,1416.95,1416.85,1416.85,1
2024-05-23 13:09:00,1416.85,1417.35,1416.0,1417.35,30
2024-05-23 13:10:00,1417.35,1417.35,1414.0,1415.95,863
2024-05-23 13:11:00,1415.95,1416.0,1403.3,1406.1,16539
2024-05-23 13:12:00,1406.1,1406.1,1399.55,1400.8,2201
2024-05-23 13:13:00,1403.0,1403.0,1403.0,1403.0,6
2024-05-23 13:14:00,1403.0,1403.0,1401.5,1401.5,63
2024-05-23 13:15:00,1401.5,1402.3,1401.5,1402.3,20
2024-05-23 13:16:00,1402.3,1402.6,1399.8,1400.85,602
2024-05-23 13:17:00,1400.85,1402.4,1397.2,1397.2,195
2024-05-23 13:18:00,1397.2,1399.1,1396.85,1398.6,88
2024-05-23 13:19:00,1398.6,1399.0,1398.6,1399.0,2
2024-05-23 13:20:00,1399.0,1399.0,1396.0,1397.3,66
2024-05-23 13:21:00,1397.3,1398.2,1396.4,1396.4,21
2024-05-23 13:22:00,1396.4,1398.2,1396.25,1396.25,38
2024-05-23 13:23:00,1396.25,1398.4,1396.25,1398.4,52
2024-05-23 13:24:00,1398.0,1398.0,1393.0,1393.0,210
2024-05-23 13:25:00,1393.0,1393.0,1392.0,1392.9,95
2024-05-23 13:26:00,1393.95,1394.55,1392.1,1394.55,64
2024-05-23 13:27:00,1394.55,1397.25,1394.55,1394.7,53
2024-05-23 13:28:00,1394.7,1395.8,1394.6,1395.7,56
2024-05-23 13:29:00,1395.7,1395.7,1395.7,1395.7,0
2024-05-23 13:30:00,1395.7,1395.7,1395.55,1395.55,2
2024-05-23 13:31:00,1395.55,1397.6,1395.2,1396.95,130
2024-05-23 13:32:00,1397.0,1397.0,1395.8,1395.8,33
2024-05-23 13:33:00,1395.8,1397.25,1395.8,1397.05,3
2024-05-23 13:34:00,1397.05,1397.25,1397.05,1397.25,1
2024-05-23 13:35:00,1397.25,1397.25,1395.8,1396.9,36
2024-05-23 13:36:00,1396.9,1396.9,1394.6,1395.4,197
2024-05-23 13:37:00,1395.4,1395.9,1395.4,1395.9,29
2024-05-23 13:38:00,1395.9,1397.9,1395.9,1397.9,18
2024-05-23 13:39:00,1397.9,1398.9,1397.9,1398.75,48
2024-05-23 13:40:00,1398.75,1402.0,1398.75,1402.0,308
2024-05-23 13:41:00,1402.0,1403.0,1402.0,1402.95,91
2024-05-23 13:42:00,1402.95,1402.95,1402.75,1402.75,4
2024-05-23 13:43:00,1402.95,1403.0,1402.95,1403.0,31
2024-05-23 13:44:00,1403.0,1403.0,1403.0,1403.0,11
2024-05-23 13:45:00,1403.0,1403.0,1400.95,1401.75,74
2024-05-23 13:46:00,1401.75,1402.9,1400.2,1402.9,5
2024-05-23 13:47:00,1402.9,1403.0,1402.9,1403.0,32
2024-05-23 13:48:00,1403.0,1403.0,1403.0,1403.0,22
2024-05-23 13:49:00,1403.0,1403.0,1397.55,1400.2,7329
2024-05-23 13:50:00,1400.2,1400.3,1399.9,1400.3,404
2024-05-23 13:51:00,1400.3,1400.95,1399.95,1400.95,92
2024-05-23 13:52:00,1400.95,1403.0,1400.95,1403.0,19776
2024-05-23 13:53:00,1403.0,1403.0,1402.05,1402.05,8
2024-05-23 13:54:00,1402.05,1403.0,1402.05,1403.0,53
2024-05-23 13:55:00,1403.0,1404.2,1398.7,1400.75,3711
2024-05-23 13:56:00,1400.75,1401.65,1399.4,1401.3,310
2024-05-23 13:57:00,1401.3,1403.35,1401.3,1401.65,2932
2024-05-23 13:58:00,1401.7,1404.5,1400.35,1404.15,10225
2024-05-23 13:59:00,1404.15,1404.15,1404.15,1404.15,107
2024-05-23 14:00:00,1404.2,1405.6,1404.2,1405.6,122
2024-05-23 14:01:00,1405.6,1406.6,1403.95,1405.65,369
2024-05-23 14:02:00,1405.65,1406.3,1405.65,1406.3,20
2024-05-23 14:03:00,1406.3,1408.5,1406.3,1408.5,35
2024-05-23 14:04:00,1408.5,1411.65,1408.5,1411.65,73
2024-05-23 14:05:00,1411.65,1411.65,1409.35,1410.6,40
2024-05-23 14:06:00,1410.6,1410.6,1408.65,1408.7,50
2024-05-23 14:07:00,1408.7,1410.5,1408.7,1408.9,6
2024-05-23 14:08:00,1408.9,1410.5,1408.9,1410.5,15
2024-05-23 14:09:00,1409.0,1410.0,1409.0,1410.0,72
2024-05-23 14:10:00,1410.0,1411.2,1409.75,1411.2,101
2024-05-23 14:11:00,1411.2,1411.55,1411.1,1411.55,42
2024-05-23 14:12:00,1411.55,1414.7,1411.55,1414.7,55
2024-05-23 14:13:00,1412.75,1412.75,1412.75,1412.75,62
2024-05-23 14:14:00,1412.75,1414.0,1412.75,1414.0,1
2024-05-23 14:15:00,1414.0,1414.65,1414.0,1414.65,7
2024-05-23 14:16:00,1414.65,1414.65,1414.65,1414.65,16
2024-05-23 14:17:00,1414.65,1414.95,1414.65,1414.95,7
2024-05-23 14:18:00,1414.95,1417.3,1413.75,1417.3,169
2024-05-23 14:19:00,1417.3,1417.3,1416.0,1416.25,105
2024-05-23 14:20:00,1416.25,1416.95,1412.1,1412.1,252
2024-05-23 14:21:00,1412.1,1412.1,1412.1,1412.1,15
2024-05-23 14:22:00,1412.1,1412.1,1412.1,1412.1,15
2024-05-23 14:23:00,1412.1,1412.1,1412.1,1412.1,0
2024-05-23 14:24:00,1412.1,1414.15,1412.1,1414.15,44
2024-05-23 14:25:00,1413.0,1414.7,1413.0,1413.65,27
2024-05-23 14:26:00,1413.65,1413.65,1412.6,1412.6,38
2024-05-23 14:27:00,1412.6,1412.6,1410.6,1412.25,61
2024-05-23 14:28:00,1412.25,1412.25,1410.5,1410.5,11
2024-05-23 14:29:00,1410.5,1415.65,1410.5,1415.25,465
2024-05-23 14:30:00,1415.25,1416.95,1413.75,1414.55,118
2024-05-23 14:31:00,1414.55,1414.55,1414.0,1414.0,24
2024-05-23 14:32:00,1414.0,1414.45,1413.3,1413.3,22
2024-05-23 14:33:00,1413.3,1413.3,1410.5,1411.85,727
2024-05-23 14:34:00,1411.85,1413.65,1410.5,1411.3,208
2024-05-23 14:35:00,1411.3,1413.3,1411.2,1412.6,72
2024-05-23 14:36:00,1412.6,1412.6,1411.2,1411.2,1
2024-05-23 14:37:00,1411.2,1412.45,1411.2,1412.45,2
2024-05-23 14:38:00,1412.45,1412.45,1411.3,1411.9,8
2024-05-23 14:39:00,1411.9,1412.45,1411.9,1412.45,31
2024-05-23 14:40:00,1412.45,1412.9,1411.95,1411.95,59
2024-05-23 14:41:00,1411.95,1412.15,1411.95,1412.1,33
2024-05-23 14:42:00,1412.1,1412.2,1412.1,1412.2,11
2024-05-23 14:43:00,1412.2,1413.95,1411.9,1413.65,173
2024-05-23 14:44:00,1413.65,1413.65,1413.65,1413.65,0
2024-05-23 14:45:00,1413.65,1414.25,1412.95,1414.25,25
2024-05-23 14:46:00,1414.25,1414.65,1414.25,1414.65,4
2024-05-23 14:47:00,1414.65,1415.0,1414.25,1415.0,42
2024-05-23 14:48:00,1415.0,1415.0,1414.45,1414.5,24
2024-05-23 14:49:00,1414.5,1414.65,1412.9,1412.9,121
2024-05-23 14:50:00,1412.9,1414.9,1412.9,1413.95,149
2024-05-23 14:51:00,1413.95,1413.95,1411.75,1413.45,133
2024-05-23 14:52:00,1413.45,1413.45,1412.9,1412.9,42
2024-05-23 14:53:00,1412.9,1413.45,1411.65,1413.0,149
2024-05-23 14:54:00,1413.0,1413.1,1412.85,1413.1,308
2024-05-23 14:55:00,1413.1,1413.1,1413.1,1413.1,0
2024-05-23 14:56:00,1413.1,1413.65,1412.4,1413.65,57
2024-05-23 14:57:00,1413.65,1413.65,1412.6,1412.6,7
2024-05-23 14:58:00,1412.6,1413.6,1412.6,1413.6,45
2024-05-23 14:59:00,1413.6,1413.65,1413.6,1413.65,12
2024-05-23 15:00:00,1413.65,1413.7,1413.15,1413.15,51
2024-05-23 15:01:00,1413.05,1413.3,1413.05,1413.3,44
2024-05-23 15:02:00,1413.3,1413.35,1412.5,1412.5,15
2024-05-23 15:03:00,1413.3,1414.25,1413.3,1414.25,14
2024-05-23 15:04:00,1414.25,1414.45,1414.25,1414.45,29
2024-05-23 15:05:00,1414.45,1414.45,1414.0,1414.4,32
2024-05-23 15:06:00,1414.4,1414.4,1413.35,1413.35,45
2024-05-23 15:07:00,1413.35,1413.35,1412.1,1412.15,41
2024-05-23 15:08:00,1412.15,1412.15,1412.15,1412.15,7
2024-05-23 15:09:00,1412.15,1413.95,1412.15,1413.95,8
2024-05-23 15:10:00,1414.4,1414.4,1412.6,1414.35,99
2024-05-23 15:11:00,1414.35,1414.35,1414.35,1414.35,52
2024-05-23 15:12:00,1414.35,1414.35,1414.35,1414.35,0
2024-05-23 15:13:00,1414.1,1414.1,1413.15,1413.15,69
2024-05-23 15:14:00,1411.8,1412.1,1411.8,1412.1,6
2024-05-23 15:15:00,1412.1,1412.95,1412.1,1412.95,3
2024-05-23 15:16:00,1413.0,1414.3,1412.7,1414.3,213
2024-05-23 15:17:00,1414.3,1416.7,1413.7,1413.8,314
2024-05-23 15:18:00,1413.8,1415.15,1411.0,1411.2,1060
2024-05-23 15:19:00,1411.2,1414.35,1411.2,1414.35,97
2024-05-23 15:20:00,1414.35,1414.35,1411.8,1411.8,141
2024-05-23 15:21:00,1411.8,1414.95,1411.45,1411.65,786
2024-05-23 15:22:00,1411.65,1414.0,1411.65,1414.0,174
2024-05-23 15:23:00,1414.05,1414.45,1412.75,1413.0,205
2024-05-23 15:24:00,1412.1,1413.25,1412.05,1413.25,249
2024-05-23 15:25:00,1413.25,1413.25,1412.35,1413.0,4
2024-05-23 15:26:00,1412.95,1412.95,1412.65,1412.9,79
2024-05-23 15:27:00,1414.55,1414.55,1410.6,1412.4,46
2024-05-23 15:28:00,1412.4,1415.0,1410.55,1414.8,418
2024-05-23 15:29:00,1411.0,1417.5,1410.5,1411.35,1162
2024-05-24 09:15:00,1412.5,1420.0,1411.05,1411.05,177
2024-05-24 09:16:00,1411.05,1411.05,1406.2,1409.65,33
2024-05-24 09:17:00,1409.65,1414.9,1409.65,1414.9,21
2024-05-24 09:18:00,1414.9,1421.85,1413.45,1419.7,380
2024-05-24 09:19:00,1419.7,1421.7,1419.7,1421.7,134
2024-05-24 09:20:00,1421.7,1422.35,1420.45,1422.35,14
2024-05-24 09:21:00,1423.75,1423.95,1423.75,1423.95,20
2024-05-24 09:22:00,1422.2,1423.9,1422.2,1423.9,83
2024-05-24 09:23:00,1423.95,1431.75,1423.95,1425.95,496
2024-05-24 09:24:00,1425.95,1426.45,1421.6,1421.6,125
2024-05-24 09:25:00,1421.6,1423.15,1421.6,1423.15,6
2024-05-24 09:26:00,1423.15,1426.9,1423.1,1424.5,338
2024-05-24 09:27:00,1424.5,1425.25,1423.05,1423.1,130
2024-05-24 09:28:00,1423.1,1424.15,1423.1,1423.65,16
2024-05-24 09:29:00,1423.65,1423.65,1423.65,1423.65,15
2024-05-24 09:30:00,1423.65,1430.0,1420.05,1424.9,1866
2024-05-24 09:31:00,1424.9,1427.3,1424.9,1426.65,166
2024-05-24 09:32:00,1426.65,1426.65,1424.7,1424.7,49
2024-05-24 09:33:00,1424.7,1424.7,1421.55,1421.55,36
2024-05-24 09:34:00,1421.55,1421.55,1420.0,1420.0,7
2024-05-24 09:35:00,1420.0,1426.3,1419.6,1426.3,906
2024-05-24 09:36:00,1424.85,1427.9,1422.55,1424.55,188
2024-05-24 09:37:00,1424.55,1424.55,1424.55,1424.55,0
2024-05-24 09:38:00,1424.55,1425.75,1424.55,1425.75,1
2024-05-24 09:39:00,1425.75,1425.75,1424.55,1424.55,93
2024-05-24 09:40:00,1424.55,1424.55,1423.3,1423.3,1
2024-05-24 09:41:00,1423.3,1423.3,1423.3,1423.3,0
2024-05-24 09:42:00,1423.3,1426.95,1423.3,1426.95,38
2024-05-24 09:43:00,1426.95,1429.35,1426.6,1429.35,75
2024-05-24 09:44:00,1429.35,1429.95,1428.95,1428.95,315
2024-05-24 09:45:00,1428.95,1428.95,1428.4,1428.5,85
2024-05-24 09:46:00,1428.5,1428.5,1428.4,1428.4,79
2024-05-24 09:47:00,1428.4,1428.4,1428.4,1428.4,0
2024-05-24 09:48:00,1428.4,1428.4,1428.4,1428.4,0
2024-05-24 09:49:00,1428.4,1429.8,1428.4,1429.8,50
2024-05-24 09:50:00,1429.8,1432.15,1429.8,1430.8,1244
2024-05-24 09:51:00,1430.8,1430.8,1429.85,1429.85,29
2024-05-24 09:52:00,1429.85,1430.95,1428.1,1428.1,165
2024-05-24 09:53:00,1428.1,1428.1,1428.1,1428.1,33
2024-05-24 09:54:00,1428.1,1428.85,1428.1,1428.85,87
2024-05-24 09:55:00,1428.85,1430.15,1428.85,1428.9,83
2024-05-24 09:56:00,1428.9,1428.9,1428.9,1428.9,0
2024-05-24 09:57:00,1428.9,1428.9,1427.4,1427.4,69
2024-05-24 09:58:00,1427.4,1427.4,1427.4,1427.4,0
2024-05-24 09:59:00,1427.4,1427.4,1426.8,1426.8,0
2024-05-24 10:00:00,1426.8,1427.9,1426.8,1427.9,140
2024-05-24 10:01:00,1427.9,1427.9,1427.9,1427.9,0
2024-05-24 10:02:00,1427.9,1427.9,1427.9,1427.9,6
2024-05-24 10:03:00,1427.9,1428.65,1427.9,1428.65,207
2024-05-24 10:04:00,1428.65,1428.95,1427.9,1428.9,71
2024-05-24 10:05:00,1428.9,1428.9,1428.9,1428.9,5
2024-05-24 10:06:00,1428.9,1428.9,1427.7,1427.95,49
2024-05-24 10:07:00,1427.95,1427.95,1427.95,1427.95,0
2024-05-24 10:08:00,1427.95,1427.95,1427.95,1427.95,0
2024-05-24 10:09:00,1428.45,1428.45,1428.45,1428.45,2
2024-05-24 10:10:00,1428.45,1428.45,1428.45,1428.45,9
2024-05-24 10:11:00,1428.45,1428.45,1428.45,1428.45,10
2024-05-24 10:12:00,1428.45,1428.45,1428.45,1428.45,1
2024-05-24 10:13:00,1428.45,1428.5,1427.75,1428.3,173
2024-05-24 10:14:00,1428.3,1428.3,1428.3,1428.3,0
2024-05-24 10:15:00,1428.3,1428.3,1427.0,1427.0,57
2024-05-24 10:16:00,1427.0,1427.0,1426.8,1426.8,63
2024-05-24 10:17:00,1426.8,1426.8,1426.65,1426.65,6
2024-05-24 10:18:00,1426.65,1426.65,1425.3,1425.3,20
2024-05-24 10:19:00,1425.3,1425.3,1425.3,1425.3,9
2024-05-24 10:20:00,1425.3,1425.3,1425.3,1425.3,0
2024-05-24 10:21:00,1425.3,1425.3,1425.3,1425.3,2
2024-05-24 10:22:00,1425.3,1425.3,1425.3,1425.3,25
2024-05-24 10:23:00,1425.3,1425.35,1425.3,1425.35,1
2024-05-24 10:24:00,1425.35,1425.35,1425.35,1425.35,3
2024-05-24 10:25:00,1425.35,1425.35,1425.35,1425.35,0
2024-05-24 10:26:00,1425.35,1426.3,1425.35,1425.35,29
2024-05-24 10:27:00,1425.35,1425.35,1425.35,1425.35,0
2024-05-24 10:28:00,1425.35,1425.35,1425.3,1425.3,50
2024-05-24 10:29:00,1425.3,1425.3,1425.3,1425.3,0
2024-05-24 10:30:00,1425.3,1425.3,1425.3,1425.3,0
2024-05-24 10:31:00,1425.3,1426.25,1425.3,1426.25,1
2024-05-24 10:32:00,1426.25,1426.25,1426.25,1426.25,0
2024-05-24 10:33:00,1426.25,1426.25,1426.25,1426.25,10
2024-05-24 10:34:00,1426.25,1426.25,1426.25,1426.25,0
2024-05-24 10:35:00,1427.0,1428.3,1427.0,1427.6,363
2024-05-24 10:36:00,1427.6,1427.6,1426.5,1426.5,21
2024-05-24 10:37:00,1426.5,1426.75,1426.5,1426.75,14
2024-05-24 10:38:00,1426.75,1426.75,1426.75,1426.75,0
2024-05-24 10:39:00,1426.75,1427.95,1426.75,1427.95,10
2024-05-24 10:40:00,1427.95,1428.0,1427.95,1428.0,22
2024-05-24 10:41:00,1428.0,1428.0,1428.0,1428.0,0
2024-05-24 10:42:00,1428.0,1428.0,1428.0,1428.0,0
2024-05-24 10:43:00,1428.0,1428.0,1426.9,1427.0,21
2024-05-24 10:44:00,1427.0,1427.15,1427.0,1427.15,2
2024-05-24 10:45:00,1427.15,1427.15,1427.15,1427.15,12
2024-05-24 10:46:00,1427.15,1427.15,1427.15,1427.15,10
2024-05-24 10:47:00,1427.15,1427.15,1427.15,1427.15,0
2024-05-24 10:48:00,1427.15,1427.15,1427.1,1427.1,4
2024-05-24 10:49:00,1427.1,1427.1,1427.1,1427.1,5
2024-05-24 10:50:00,1427.1,1427.1,1427.1,1427.1,0
2024-05-24 10:51:00,1427.1,1427.95,1427.1,1427.95,19
2024-05-24 10:52:00,1427.95,1427.95,1427.95,1427.95,0
2024-05-24 10:53:00,1427.95,1428.0,1427.95,1428.0,19
2024-05-24 10:54:00,1428.0,1428.0,1428.0,1428.0,0
2024-05-24 10:55:00,1428.0,1428.0,1428.0,1428.0,0
2024-05-24 10:56:00,1428.0,1428.1,1428.0,1428.1,0
2024-05-24 10:57:00,1428.1,1428.2,1428.1,1428.2,83
2024-05-24 10:58:00,1428.2,1428.2,1428.2,1428.2,0
2024-05-24 10:59:00,1428.2,1428.2,1428.2,1428.2,0
2024-05-24 11:00:00,1428.2,1428.2,1428.2,1428.2,9
2024-05-24 11:01:00,1428.2,1428.2,1428.2,1428.2,0
2024-05-24 11:02:00,1428.2,1428.2,1428.2,1428.2,0
2024-05-24 11:03:00,1428.2,1428.2,1428.2,1428.2,0
2024-05-24 11:04:00,1428.2,1428.2,1428.2,1428.2,1
2024-05-24 11:05:00,1428.2,1428.2,1427.75,1427.75,56
2024-05-24 11:06:00,1427.75,1427.75,1427.25,1427.25,283
2024-05-24 11:07:00,1427.25,1428.1,1426.75,1427.45,243
2024-05-24 11:08:00,1427.45,1427.45,1427.45,1427.45,0
2024-05-24 11:09:00,1427.45,1427.45,1427.45,1427.45,0
2024-05-24 11:10:00,1427.45,1427.45,1426.75,1427.1,50
2024-05-24 11:11:00,1427.1,1427.1,1426.75,1426.75,2
2024-05-24 11:12:00,1427.1,1427.1,1427.1,1427.1,9
2024-05-24 11:13:00,1427.1,1427.1,1427.1,1427.1,0
2024-05-24 11:14:00,1427.1,1427.1,1427.1,1427.1,0
2024-05-24 11:15:00,1427.1,1427.1,1427.1,1427.1,30
2024-05-24 11:16:00,1426.8,1427.1,1426.7,1426.7,156
2024-05-24 11:17:00,1427.2,1427.2,1426.55,1426.55,85
2024-05-24 11:18:00,1426.55,1426.55,1426.25,1426.25,32
2024-05-24 11:19:00,1426.25,1426.25,1426.25,1426.25,0
2024-05-24 11:20:00,1426.25,1426.25,1426.25,1426.25,0
2024-05-24 11:21:00,1426.25,1426.25,1426.25,1426.25,0
2024-05-24 11:22:00,1426.25,1426.25,1426.25,1426.25,0
2024-05-24 11:23:00,1426.25,1426.25,1426.25,1426.25,0
2024-05-24 11:24:00,1426.25,1426.25,1420.05,1422.4,889
2024-05-24 11:25:00,1422.4,1422.4,1420.7,1420.7,9
2024-05-24 11:26:00,1420.7,1420.7,1420.3,1420.3,38
2024-05-24 11:27:00,1420.0,1420.0,1419.75,1419.75,128
2024-05-24 11:28:00,1419.75,1419.75,1419.75,1419.75,10
2024-05-24 11:29:00,1419.75,1419.75,1419.75,1419.75,2
2024-05-24 11:30:00,1419.75,1419.75,1419.75,1419.75,0
2024-05-24 11:31:00,1419.75,1419.9,1419.75,1419.75,29
2024-05-24 11:32:00,1419.75,1421.15,1419.75,1420.0,24
2024-05-24 11:33:00,1420.0,1421.15,1420.0,1421.15,3
2024-05-24 11:34:00,1421.15,1421.15,1421.15,1421.15,0
2024-05-24 11:35:00,1421.15,1423.4,1421.15,1423.4,46
2024-05-24 11:36:00,1423.4,1423.4,1423.4,1423.4,0
2024-05-24 11:37:00,1423.4,1423.4,1423.4,1423.4,0
2024-05-24 11:38:00,1423.4,1423.4,1423.4,1423.4,0
2024-05-24 11:39:00,1423.4,1423.4,1423.4,1423.4,0
2024-05-24 11:40:00,1423.4,1425.55,1423.4,1424.0,36
2024-05-24 11:41:00,1424.0,1424.95,1422.15,1423.9,406
2024-05-24 11:42:00,1423.9,1423.9,1422.45,1422.45,19
2024-05-24 11:43:00,1422.45,1423.9,1422.45,1423.9,16
2024-05-24 11:44:00,1423.9,1423.9,1423.9,1423.9,38
2024-05-24 11:45:00,1423.9,1423.95,1423.9,1423.95,47
2024-05-24 11:46:00,1423.95,1423.95,1422.6,1422.6,33
2024-05-24 11:47:00,1422.6,1423.95,1422.6,1422.6,63
2024-05-24 11:48:00,1422.6,1425.55,1422.6,1425.5,186
2024-05-24 11:49:00,1425.5,1425.5,1425.45,1425.45,40
2024-05-24 11:50:00,1425.45,1425.45,1425.45,1425.45,8
2024-05-24 11:51:00,1425.45,1425.45,1423.25,1423.25,36
2024-05-24 11:52:00,1423.25,1424.4,1422.65,1424.0,38
2024-05-24 11:53:00,1424.0,1426.3,1422.1,1424.3,2187
2024-05-24 11:54:00,1424.3,1425.75,1422.6,1423.7,159
2024-05-24 11:55:00,1423.7,1423.75,1423.5,1423.75,40
2024-05-24 11:56:00,1423.75,1423.75,1423.25,1423.35,111
2024-05-24 11:57:00,1423.35,1423.35,1423.35,1423.35,0
2024-05-24 11:58:00,1423.35,1423.35,1422.45,1422.8,78
2024-05-24 11:59:00,1422.8,1424.6,1422.8,1424.25,235
2024-05-24 12:00:00,1424.25,1424.25,1424.25,1424.25,6
2024-05-24 12:01:00,1424.25,1424.25,1424.25,1424.25,0
2024-05-24 12:02:00,1424.25,1425.0,1424.25,1424.45,16
2024-05-24 12:03:00,1424.45,1424.45,1424.35,1424.45,103
2024-05-24 12:04:00,1424.45,1424.5,1424.0,1424.5,84
2024-05-24 12:05:00,1424.5,1424.5,1424.5,1424.5,0
2024-05-24 12:06:00,1424.5,1424.5,1423.05,1423.5,51
2024-05-24 12:07:00,1423.5,1423.5,1423.0,1423.0,12
2024-05-24 12:08:00,1423.0,1423.0,1420.65,1422.75,233
2024-05-24 12:09:00,1422.75,1422.75,1422.15,1422.4,20
2024-05-24 12:10:00,1422.4,1422.4,1421.8,1421.8,1
2024-05-24 12:11:00,1421.8,1421.8,1421.8,1421.8,0
2024-05-24 12:12:00,1421.8,1421.8,1421.65,1421.65,63
2024-05-24 12:13:00,1421.65,1422.0,1421.65,1421.85,45
2024-05-24 12:14:00,1421.85,1421.85,1421.85,1421.85,0
2024-05-24 12:15:00,1421.85,1421.85,1421.85,1421.85,11
2024-05-24 12:16:00,1421.85,1421.85,1418.8,1418.95,138
2024-05-24 12:17:00,1417.0,1421.95,1416.6,1417.0,2279
2024-05-24 12:18:00,1417.0,1417.0,1417.0,1417.0,191
2024-05-24 12:19:00,1417.0,1417.0,1415.4,1416.25,123
2024-05-24 12:20:00,1413.15,1415.6,1409.35,1415.6,7210
2024-05-24 12:21:00,1413.55,1415.05,1407.6,1408.55,3673
2024-05-24 12:22:00,1408.55,1408.7,1403.1,1403.15,1206
2024-05-24 12:23:00,1403.15,1404.4,1402.3,1402.3,125
2024-05-24 12:24:00,1402.3,1404.55,1402.3,1404.55,3
2024-05-24 12:25:00,1404.55,1404.55,1402.05,1403.35,50
2024-05-24 12:26:00,1403.35,1404.0,1402.3,1402.3,38
2024-05-24 12:27:00,1402.3,1403.9,1402.05,1403.85,133
2024-05-24 12:28:00,1403.85,1403.85,1402.5,1402.5,129
2024-05-24 12:29:00,1402.5,1403.45,1402.5,1403.45,4
2024-05-24 12:30:00,1403.45,1403.45,1401.9,1402.75,211
2024-05-24 12:31:00,1402.75,1402.75,1401.25,1402.75,51
2024-05-24 12:32:00,1402.75,1403.95,1402.75,1403.95,164
2024-05-24 12:33:00,1403.95,1406.95,1402.1,1405.0,510
2024-05-24 12:34:00,1405.0,1410.0,1405.0,1405.0,7402
2024-05-24 12:35:00,1405.0,1405.0,1405.0,1405.0,5
2024-05-24 12:36:00,1405.0,1405.0,1404.0,1404.0,102
2024-05-24 12:37:00,1404.0,1404.0,1403.1,1403.65,83
2024-05-24 12:38:00,1403.65,1407.95,1403.65,1405.0,1810
2024-05-24 12:39:00,1405.0,1405.0,1405.0,1405.0,81
2024-05-24 12:40:00,1405.0,1405.0,1405.0,1405.0,1
2024-05-24 12:41:00,1404.9,1404.9,1404.75,1404.75,12
2024-05-24 12:42:00,1404.75,1404.75,1403.5,1403.75,526
2024-05-24 12:43:00,1403.75,1403.75,1403.65,1403.75,170
2024-05-24 12:44:00,1403.75,1403.75,1403.35,1403.35,453
2024-05-24 12:45:00,1403.35,1403.75,1403.35,1403.75,22
2024-05-24 12:46:00,1403.75,1404.55,1403.75,1404.55,25
2024-05-24 12:47:00,1404.55,1404.75,1404.55,1404.55,15
2024-05-24 12:48:00,1404.55,1404.7,1404.55,1404.7,24
2024-05-24 12:49:00,1404.75,1404.75,1404.6,1404.6,28
2024-05-24 12:50:00,1404.6,1404.6,1404.6,1404.6,6
2024-05-24 12:51:00,1404.6,1404.6,1404.6,1404.6,2
2024-05-24 12:52:00,1404.6,1404.6,1404.15,1404.15,20
2024-05-24 12:53:00,1404.15,1404.15,1404.0,1404.0,40
2024-05-24 12:54:00,1404.0,1404.0,1404.0,1404.0,41
2024-05-24 12:55:00,1404.0,1404.0,1402.85,1402.85,217
2024-05-24 12:56:00,1402.85,1403.6,1402.85,1402.85,11
2024-05-24 12:57:00,1402.85,1403.55,1402.85,1402.85,51
2024-05-24 12:58:00,1402.85,1403.5,1402.85,1403.5,4
2024-05-24 12:59:00,1403.5,1403.5,1402.85,1403.5,49
2024-05-24 13:00:00,1403.5,1403.5,1402.85,1403.5,47
2024-05-24 13:01:00,1403.5,1403.5,1403.5,1403.5,33
2024-05-24 13:02:00,1403.5,1403.5,1402.85,1402.85,7
2024-05-24 13:03:00,1402.85,1403.55,1402.85,1402.85,71
2024-05-24 13:04:00,1402.85,1403.5,1402.85,1403.5,4
2024-05-24 13:05:00,1403.5,1404.5,1403.5,1404.5,133
2024-05-24 13:06:00,1404.5,1404.65,1404.25,1404.25,5
2024-05-24 13:07:00,1404.2,1404.2,1404.1,1404.1,2
2024-05-24 13:08:00,1404.1,1404.1,1402.85,1402.85,54
2024-05-24 13:09:00,1402.85,1403.75,1402.85,1402.85,152
2024-05-24 13:10:00,1402.85,1403.75,1402.85,1403.75,9
2024-05-24 13:11:00,1403.05,1403.75,1402.85,1402.85,80
2024-05-24 13:12:00,1402.85,1403.6,1402.85,1402.85,21
2024-05-24 13:13:00,1402.85,1403.75,1402.85,1403.05,57
2024-05-24 13:14:00,1403.05,1403.75,1403.05,1403.75,10
2024-05-24 13:15:00,1403.75,1403.75,1402.9,1402.9,78
2024-05-24 13:16:00,1402.9,1403.8,1402.85,1402.85,49
2024-05-24 13:17:00,1402.85,1403.75,1402.85,1402.85,33
2024-05-24 13:18:00,1402.85,1403.7,1402.85,1402.85,22
2024-05-24 13:19:00,1402.85,1403.55,1402.85,1403.55,6
2024-05-24 13:20:00,1403.55,1403.55,1402.85,1403.5,54
2024-05-24 13:21:00,1403.5,1403.5,1403.5,1403.5,9
2024-05-24 13:22:00,1403.5,1403.5,1402.85,1402.85,61
2024-05-24 13:23:00,1402.85,1403.0,1402.85,1403.0,16
2024-05-24 13:24:00,1403.0,1403.0,1403.0,1403.0,2
2024-05-24 13:25:00,1403.0,1403.0,1402.85,1403.0,19
2024-05-24 13:26:00,1403.0,1403.0,1402.9,1402.9,32
2024-05-24 13:27:00,1402.9,1403.0,1402.9,1403.0,24
2024-05-24 13:28:00,1403.0,1403.0,1403.0,1403.0,13
2024-05-24 13:29:00,1403.0,1403.0,1403.0,1403.0,102
2024-05-24 13:30:00,1403.0,1403.0,1403.0,1403.0,0
2024-05-24 13:31:00,1403.0,1403.55,1403.0,1403.55,8
2024-05-24 13:32:00,1403.55,1403.55,1403.55,1403.55,0
2024-05-24 13:33:00,1403.55,1404.95,1403.55,1404.9,62
2024-05-24 13:34:00,1404.9,1404.9,1404.9,1404.9,1
2024-05-24 13:35:00,1404.9,1404.9,1404.9,1404.9,0
2024-05-24 13:36:00,1404.9,1404.9,1404.9,1404.9,0
2024-05-24 13:37:00,1404.9,1404.95,1404.8,1404.8,67
2024-05-24 13:38:00,1404.65,1404.7,1404.65,1404.7,4
2024-05-24 13:39:00,1404.75,1404.75,1404.75,1404.75,13
2024-05-24 13:40:00,1404.75,1404.75,1404.75,1404.75,0
2024-05-24 13:41:00,1404.75,1404.75,1403.35,1404.55,32
2024-05-24 13:42:00,1404.55,1404.55,1404.55,1404.55,0
2024-05-24 13:43:00,1404.55,1404.55,1404.55,1404.55,0
2024-05-24 13:44:00,1404.55,1404.55,1404.55,1404.55,0
2024-05-24 13:45:00,1404.55,1404.65,1404.55,1404.65,10
2024-05-24 13:46:00,1404.65,1404.7,1404.65,1404.7,5
2024-05-24 13:47:00,1404.7,1404.7,1404.7,1404.7,1
2024-05-24 13:48:00,1404.7,1404.8,1404.7,1404.8,25
2024-05-24 13:49:00,1404.8,1404.95,1404.8,1404.95,5
2024-05-24 13:50:00,1404.95,1404.95,1403.35,1403.35,28
2024-05-24 13:51:00,1403.35,1405.0,1403.35,1405.0,8
2024-05-24 13:52:00,1405.0,1405.0,1404.9,1404.9,15
2024-05-24 13:53:00,1404.9,1404.95,1404.9,1404.95,16
2024-05-24 13:54:00,1404.95,1404.95,1404.95,1404.95,5
2024-05-24 13:55:00,1404.95,1405.0,1404.95,1405.0,16
2024-05-24 13:56:00,1405.0,1405.0,1405.0,1405.0,0
2024-05-24 13:57:00,1405.0,1405.0,1403.6,1403.6,35
2024-05-24 13:58:00,1403.6,1403.6,1403.6,1403.6,0
2024-05-24 13:59:00,1403.6,1404.95,1403.6,1404.95,0
2024-05-24 14:00:00,1404.95,1404.95,1404.95,1404.95,10
2024-05-24 14:01:00,1404.95,1404.95,1404.95,1404.95,0
2024-05-24 14:02:00,1404.95,1404.95,1404.6,1404.95,15
2024-05-24 14:03:00,1404.95,1404.95,1404.95,1404.95,8
2024-05-24 14:04:00,1404.95,1404.95,1404.6,1404.6,12
2024-05-24 14:05:00,1405.0,1405.0,1403.7,1404.95,221
2024-05-24 14:06:00,1404.95,1404.95,1404.95,1404.95,13
2024-05-24 14:07:00,1403.7,1403.7,1403.7,1403.7,18
2024-05-24 14:08:00,1403.7,1403.7,1403.6,1403.6,5
2024-05-24 14:09:00,1403.6,1403.6,1403.15,1403.15,0
2024-05-24 14:10:00,1403.15,1403.15,1403.15,1403.15,6
2024-05-24 14:11:00,1403.15,1404.55,1403.15,1404.55,21
2024-05-24 14:12:00,1404.55,1404.55,1403.35,1403.35,47
2024-05-24 14:13:00,1403.35,1404.55,1403.35,1404.55,0
2024-05-24 14:14:00,1404.55,1404.55,1404.5,1404.55,26
2024-05-24 14:15:00,1404.55,1404.55,1404.55,1404.55,0
2024-05-24 14:16:00,1404.55,1404.55,1404.55,1404.55,9
2024-05-24 14:17:00,1404.55,1404.55,1404.55,1404.55,5
2024-05-24 14:18:00,1404.6,1404.6,1404.6,1404.6,13
2024-05-24 14:19:00,1404.6,1404.6,1403.55,1403.55,15
2024-05-24 14:20:00,1403.55,1403.55,1403.35,1403.5,115
2024-05-24 14:21:00,1403.5,1403.5,1403.5,1403.5,56
2024-05-24 14:22:00,1403.5,1403.5,1402.85,1402.85,14
2024-05-24 14:23:00,1402.85,1403.5,1402.85,1403.5,0
2024-05-24 14:24:00,1403.5,1403.5,1402.85,1403.5,19
2024-05-24 14:25:00,1403.5,1403.5,1403.5,1403.5,2
2024-05-24 14:26:00,1403.5,1403.5,1402.85,1402.85,6
2024-05-24 14:27:00,1402.85,1403.5,1402.85,1403.5,5
2024-05-24 14:28:00,1403.5,1403.5,1402.85,1402.85,11
2024-05-24 14:29:00,1402.85,1402.85,1402.85,1402.85,67
2024-05-24 14:30:00,1402.85,1402.85,1402.85,1402.85,0
2024-05-24 14:31:00,1403.5,1403.5,1403.5,1403.5,20
2024-05-24 14:32:00,1403.5,1403.5,1403.05,1403.15,4
2024-05-24 14:33:00,1403.15,1403.2,1403.15,1403.15,11
2024-05-24 14:34:00,1403.15,1403.15,1403.15,1403.15,18
2024-05-24 14:35:00,1403.15,1403.5,1403.15,1403.5,10
2024-05-24 14:36:00,1403.5,1403.5,1403.5,1403.5,8
2024-05-24 14:37:00,1404.45,1404.45,1402.85,1402.85,92
2024-05-24 14:38:00,1402.85,1403.45,1401.85,1402.9,823
2024-05-24 14:39:00,1402.9,1402.9,1398.1,1398.1,1267
2024-05-24 14:40:00,1398.75,1399.25,1397.0,1397.0,122
2024-05-24 14:41:00,1397.0,1397.0,1397.0,1397.0,0
2024-05-24 14:42:00,1397.0,1398.0,1397.0,1398.0,135
2024-05-24 14:43:00,1398.0,1398.65,1396.1,1396.1,217
2024-05-24 14:44:00,1396.1,1397.7,1395.85,1397.4,65
2024-05-24 14:45:00,1397.4,1397.4,1397.4,1397.4,3
2024-05-24 14:46:00,1397.4,1397.4,1397.4,1397.4,0
2024-05-24 14:47:00,1397.4,1397.4,1397.4,1397.4,0
2024-05-24 14:48:00,1397.4,1397.4,1395.3,1397.05,86
2024-05-24 14:49:00,1397.05,1397.05,1395.0,1396.0,86
2024-05-24 14:50:00,1396.0,1396.0,1395.4,1395.4,8
2024-05-24 14:51:00,1395.4,1395.75,1388.2,1389.25,761
2024-05-24 14:52:00,1390.9,1392.3,1389.85,1389.85,266
2024-05-24 14:53:00,1389.85,1390.0,1388.0,1388.55,121
2024-05-24 14:54:00,1388.55,1390.75,1387.95,1387.95,137
2024-05-24 14:55:00,1387.95,1389.5,1387.3,1388.45,171
2024-05-24 14:56:00,1388.45,1389.25,1387.05,1389.25,40
2024-05-24 14:57:00,1389.25,1392.65,1389.25,1392.65,236
2024-05-24 14:58:00,1392.65,1392.95,1392.65,1392.95,35
2024-05-24 14:59:00,1392.95,1393.5,1392.9,1393.5,95
2024-05-24 15:00:00,1393.5,1393.5,1391.5,1392.0,40
2024-05-24 15:01:00,1392.0,1392.25,1391.5,1391.5,118
2024-05-24 15:02:00,1391.5,1391.9,1391.5,1391.9,84
2024-05-24 15:03:00,1391.9,1392.3,1391.5,1391.9,45
2024-05-24 15:04:00,1391.5,1391.9,1391.5,1391.5,93
2024-05-24 15:05:00,1391.5,1391.95,1391.5,1391.95,70
2024-05-24 15:06:00,1391.95,1392.1,1391.5,1391.5,62
2024-05-24 15:07:00,1391.5,1391.65,1391.5,1391.65,54
2024-05-24 15:08:00,1391.65,1392.75,1391.5,1392.75,506
2024-05-24 15:09:00,1392.75,1392.75,1392.05,1392.05,18
2024-05-24 15:10:00,1392.05,1392.85,1392.05,1392.15,71
2024-05-24 15:11:00,1392.15,1392.2,1392.0,1392.15,98
2024-05-24 15:12:00,1392.15,1392.15,1391.5,1391.5,145
2024-05-24 15:13:00,1391.85,1391.85,1391.7,1391.8,68
2024-05-24 15:14:00,1391.8,1391.8,1391.5,1391.5,97
2024-05-24 15:15:00,1391.5,1391.5,1391.5,1391.5,48
2024-05-24 15:16:00,1391.6,1391.65,1391.5,1391.6,83
2024-05-24 15:17:00,1391.6,1391.6,1391.5,1391.55,205
2024-05-24 15:18:00,1391.55,1391.55,1390.05,1390.55,769
2024-05-24 15:19:00,1390.55,1390.55,1390.0,1390.4,54
2024-05-24 15:20:00,1390.2,1392.4,1390.05,1391.4,443
2024-05-24 15:21:00,1391.4,1393.45,1390.0,1392.8,658
2024-05-24 15:22:00,1392.8,1392.95,1390.05,1391.3,40
2024-05-24 15:23:00,1391.3,1391.3,1390.15,1390.15,218
2024-05-24 15:24:00,1390.15,1390.15,1390.0,1390.1,351
2024-05-24 15:25:00,1390.1,1391.65,1390.1,1391.65,28
2024-05-24 15:26:00,1391.65,1392.05,1390.0,1392.05,176
2024-05-24 15:27:00,1392.05,1394.0,1390.75,1394.0,107
2024-05-24 15:28:00,1393.3,1394.05,1390.65,1394.05,46
2024-05-24 15:29:00,1390.65,1399.0,1390.15,1399.0,138
2024-05-27 09:15:00,1398.0,1398.0,1381.05,1385.15,632
2024-05-27 09:16:00,1385.15,1385.15,1382.05,1382.1,151
2024-05-27 09:17:00,1384.15,1386.05,1384.1,1386.05,83
2024-05-27 09:18:00,1386.05,1386.05,1380.05,1380.15,702
2024-05-27 09:19:00,1380.15,1380.9,1373.3,1374.15,781
2024-05-27 09:20:00,1374.15,1378.95,1374.15,1376.15,185
2024-05-27 09:21:00,1375.65,1377.95,1375.1,1376.25,179
2024-05-27 09:22:00,1376.25,1379.85,1375.45,1379.85,212
2024-05-27 09:23:00,1379.85,1382.75,1377.8,1381.25,288
2024-05-27 09:24:00,1381.25,1386.4,1381.25,1386.4,211
2024-05-27 09:25:00,1388.15,1388.15,1385.1,1385.1,64
2024-05-27 09:26:00,1385.1,1389.65,1385.1,1389.4,330
2024-05-27 09:27:00,1389.4,1389.4,1388.95,1388.95,30
2024-05-27 09:28:00,1388.95,1390.7,1388.95,1390.7,31
2024-05-27 09:29:00,1390.7,1394.3,1390.7,1394.3,70
2024-05-27 09:30:00,1394.3,1394.7,1392.95,1394.7,7
2024-05-27 09:31:00,1394.7,1394.7,1392.8,1394.55,11
2024-05-27 09:32:00,1392.5,1394.55,1392.35,1393.4,85
2024-05-27 09:33:00,1393.45,1395.3,1392.6,1394.8,218
2024-05-27 09:34:00,1394.8,1397.95,1394.6,1397.95,190
2024-05-27 09:35:00,1397.95,1397.95,1397.9,1397.9,18
2024-05-27 09:36:00,1397.9,1397.9,1396.55,1396.6,4
2024-05-27 09:37:00,1396.65,1400.45,1396.0,1400.45,409
2024-05-27 09:38:00,1400.45,1400.45,1399.5,1399.5,12
2024-05-27 09:39:00,1399.5,1399.9,1399.5,1399.9,11
2024-05-27 09:40:00,1399.9,1399.9,1399.9,1399.9,0
2024-05-27 09:41:00,1399.9,1400.6,1399.1,1400.6,32
2024-05-27 09:42:00,1400.6,1400.6,1399.8,1399.8,29
2024-05-27 09:43:00,1400.8,1400.95,1400.8,1400.95,36
2024-05-27 09:44:00,1400.95,1405.7,1400.95,1405.0,181
2024-05-27 09:45:00,1405.0,1405.7,1402.95,1405.0,274
2024-05-27 09:46:00,1405.0,1405.0,1404.2,1405.0,36
2024-05-27 09:47:00,1405.0,1406.75,1404.75,1406.75,65
2024-05-27 09:48:00,1406.75,1406.75,1405.3,1405.3,74
2024-05-27 09:49:00,1405.0,1405.0,1405.0,1405.0,15
2024-05-27 09:50:00,1406.6,1406.95,1405.0,1406.95,32
2024-05-27 09:51:00,1406.95,1406.95,1405.15,1405.15,49
2024-05-27 09:52:00,1405.15,1407.85,1405.15,1407.85,59
2024-05-27 09:53:00,1407.85,1409.0,1407.8,1407.8,25
2024-05-27 09:54:00,1407.8,1409.7,1407.8,1409.7,73
2024-05-27 09:55:00,1409.7,1409.8,1407.45,1409.8,38
2024-05-27 09:56:00,1409.8,1409.8,1407.7,1407.7,75
2024-05-27 09:57:00,1407.7,1407.7,1406.7,1406.7,27
2024-05-27 09:58:00,1409.55,1410.0,1409.55,1410.0,186
2024-05-27 09:59:00,1410.0,1410.0,1407.05,1407.05,27
2024-05-27 10:00:00,1407.05,1407.05,1405.25,1405.25,2
2024-05-27 10:01:00,1405.25,1405.25,1405.25,1405.25,4
2024-05-27 10:02:00,1405.25,1405.25,1405.25,1405.25,0
2024-05-27 10:03:00,1405.25,1407.4,1405.25,1405.45,110
2024-05-27 10:04:00,1405.45,1405.45,1405.45,1405.45,4
2024-05-27 10:05:00,1405.45,1405.45,1405.45,1405.45,0
2024-05-27 10:06:00,1405.45,1405.45,1404.6,1405.3,113
2024-05-27 10:07:00,1405.3,1407.45,1405.3,1407.45,15
2024-05-27 10:08:00,1407.45,1407.45,1407.45,1407.45,0
2024-05-27 10:09:00,1407.45,1410.0,1407.45,1410.0,98
2024-05-27 10:10:00,1410.0,1410.0,1410.0,1410.0,24
2024-05-27 10:11:00,1410.0,1411.6,1410.0,1410.0,7
2024-05-27 10:12:00,1410.0,1410.9,1409.2,1410.9,55
2024-05-27 10:13:00,1410.9,1410.9,1407.4,1407.4,56
2024-05-27 10:14:00,1407.4,1407.4,1407.1,1407.1,14
2024-05-27 10:15:00,1406.55,1406.55,1405.05,1405.05,916
2024-05-27 10:16:00,1405.05,1405.05,1405.05,1405.05,0
2024-05-27 10:17:00,1405.05,1406.4,1405.0,1406.4,123
2024-05-27 10:18:00,1406.4,1406.4,1406.4,1406.4,0
2024-05-27 10:19:00,1406.4,1406.4,1405.15,1405.15,1555
2024-05-27 10:20:00,1405.1,1405.2,1404.65,1405.0,451
2024-05-27 10:21:00,1405.0,1405.0,1405.0,1405.0,0
2024-05-27 10:22:00,1405.0,1407.5,1404.0,1406.85,4248
2024-05-27 10:23:00,1406.85,1408.9,1406.4,1406.4,50
2024-05-27 10:24:00,1406.4,1408.3,1406.4,1408.3,9
2024-05-27 10:25:00,1408.3,1408.3,1405.2,1405.2,87
2024-05-27 10:26:00,1405.2,1405.2,1405.2,1405.2,12
2024-05-27 10:27:00,1405.2,1405.5,1405.0,1405.0,264
2024-05-27 10:28:00,1405.0,1405.15,1405.0,1405.0,92
2024-05-27 10:29:00,1405.0,1405.0,1405.0,1405.0,2
2024-05-27 10:30:00,1405.0,1405.0,1405.0,1405.0,0
2024-05-27 10:31:00,1405.0,1407.2,1405.0,1405.55,23
2024-05-27 10:32:00,1405.55,1405.55,1405.5,1405.5,46
2024-05-27 10:33:00,1405.5,1407.05,1405.5,1407.05,5
2024-05-27 10:34:00,1405.55,1405.55,1405.0,1405.0,85
2024-05-27 10:35:00,1405.0,1405.0,1405.0,1405.0,23
2024-05-27 10:36:00,1405.0,1405.0,1405.0,1405.0,59
2024-05-27 10:37:00,1405.0,1405.0,1405.0,1405.0,0
2024-05-27 10:38:00,1405.0,1405.0,1405.0,1405.0,12
2024-05-27 10:39:00,1405.0,1405.05,1405.0,1405.05,1
2024-05-27 10:40:00,1405.05,1405.05,1405.05,1405.05,0
2024-05-27 10:41:00,1405.05,1405.05,1404.35,1405.05,117
2024-05-27 10:42:00,1405.05,1405.05,1405.05,1405.05,0
2024-05-27 10:43:00,1405.05,1405.05,1405.05,1405.05,0
2024-05-27 10:44:00,1405.05,1405.05,1405.05,1405.05,0
2024-05-27 10:45:00,1405.05,1405.05,1405.05,1405.05,5
2024-05-27 10:46:00,1405.05,1405.05,1405.05,1405.05,3
2024-05-27 10:47:00,1405.05,1405.05,1405.05,1405.05,0
2024-05-27 10:48:00,1405.05,1407.3,1405.05,1407.3,57
2024-05-27 10:49:00,1407.3,1407.3,1406.0,1406.0,19
2024-05-27 10:50:00,1406.0,1406.6,1405.7,1405.7,48
2024-05-27 10:51:00,1405.7,1407.4,1405.7,1407.4,7
2024-05-27 10:52:00,1407.4,1407.4,1407.0,1407.0,8
2024-05-27 10:53:00,1407.0,1407.95,1404.25,1405.05,3164
2024-05-27 10:54:00,1405.0,1405.0,1405.0,1405.0,7
2024-05-27 10:55:00,1405.0,1406.0,1405.0,1405.0,3
2024-05-27 10:56:00,1405.0,1405.0,1403.0,1403.0,10
2024-05-27 10:57:00,1401.0,1401.0,1398.45,1400.0,554
2024-05-27 10:58:00,1400.0,1400.0,1400.0,1400.0,33
2024-05-27 10:59:00,1400.0,1402.05,1400.0,1400.0,50047
2024-05-27 11:00:00,1400.0,1400.1,1400.0,1400.1,0
2024-05-27 11:01:00,1400.1,1400.15,1400.1,1400.15,4
2024-05-27 11:02:00,1400.15,1402.55,1400.15,1402.0,84
2024-05-27 11:03:00,1402.0,1403.7,1401.95,1401.95,0
2024-05-27 11:04:00,1401.95,1401.95,1400.0,1400.3,603
2024-05-27 11:05:00,1400.3,1402.6,1400.3,1402.55,28
2024-05-27 11:06:00,1402.55,1402.55,1401.55,1401.55,34
2024-05-27 11:07:00,1401.55,1401.55,1400.75,1400.75,92
2024-05-27 11:08:00,1400.75,1401.9,1400.0,1400.0,260
2024-05-27 11:09:00,1400.0,1402.45,1400.0,1401.25,1293
2024-05-27 11:10:00,1401.25,1402.95,1401.0,1402.95,131
2024-05-27 11:11:00,1402.95,1404.55,1402.95,1403.7,252
2024-05-27 11:12:00,1403.7,1403.7,1402.7,1402.7,23
2024-05-27 11:13:00,1402.7,1405.95,1402.7,1405.0,224
2024-05-27 11:14:00,1405.0,1406.5,1405.0,1406.5,1
2024-05-27 11:15:00,1406.5,1406.5,1406.45,1406.45,1
2024-05-27 11:16:00,1406.45,1406.45,1406.45,1406.45,11
2024-05-27 11:17:00,1406.45,1406.65,1406.45,1406.65,3
2024-05-27 11:18:00,1407.55,1411.0,1407.55,1411.0,202
2024-05-27 11:19:00,1411.0,1411.85,1410.65,1410.7,56
2024-05-27 11:20:00,1410.65,1411.75,1408.85,1410.0,249
2024-05-27 11:21:00,1410.0,1411.85,1407.05,1407.05,176
2024-05-27 11:22:00,1405.0,1406.95,1405.0,1405.0,350
2024-05-27 11:23:00,1405.0,1406.4,1405.0,1405.05,94
2024-05-27 11:24:00,1405.05,1405.05,1404.95,1404.95,153
2024-05-27 11:25:00,1405.45,1407.7,1405.0,1407.5,23914
2024-05-27 11:26:00,1407.5,1408.8,1405.7,1405.7,300
2024-05-27 11:27:00,1405.7,1406.5,1405.05,1406.5,194
2024-05-27 11:28:00,1406.5,1406.5,1405.0,1405.0,149
2024-05-27 11:29:00,1405.0,1405.95,1405.0,1405.0,81
2024-05-27 11:30:00,1405.0,1406.25,1405.0,1405.0,107
2024-05-27 11:31:00,1405.0,1405.95,1405.0,1405.95,131
2024-05-27 11:32:00,1405.95,1406.25,1405.0,1405.15,213
2024-05-27 11:33:00,1405.15,1405.15,1405.0,1405.0,162
2024-05-27 11:34:00,1405.0,1405.0,1405.0,1405.0,109
2024-05-27 11:35:00,1405.0,1405.95,1405.0,1405.0,100
2024-05-27 11:36:00,1405.0,1406.3,1405.0,1405.0,112
2024-05-27 11:37:00,1405.0,1405.1,1405.0,1405.05,98
2024-05-27 11:38:00,1405.05,1406.5,1405.0,1405.15,137
2024-05-27 11:39:00,1405.15,1406.55,1405.0,1405.05,113
2024-05-27 11:40:00,1405.05,1407.6,1405.05,1405.05,120
2024-05-27 11:41:00,1405.05,1406.55,1405.0,1405.0,223
2024-05-27 11:42:00,1405.0,1406.45,1405.0,1405.0,112
2024-05-27 11:43:00,1405.0,1406.3,1405.0,1405.05,183
2024-05-27 11:44:00,1405.05,1405.05,1405.0,1405.0,232
2024-05-27 11:45:00,1405.0,1406.55,1405.0,1406.35,99
2024-05-27 11:46:00,1406.35,1406.35,1405.0,1405.0,145
2024-05-27 11:47:00,1405.0,1406.5,1405.0,1405.0,134
2024-05-27 11:48:00,1405.0,1406.55,1405.0,1405.3,102
2024-05-27 11:49:00,1405.3,1406.75,1405.05,1405.3,99
2024-05-27 11:50:00,1405.3,1406.55,1405.0,1405.0,199
2024-05-27 11:51:00,1405.0,1406.05,1405.0,1405.0,191
2024-05-27 11:52:00,1405.0,1405.05,1405.0,1405.0,88
2024-05-27 11:53:00,1405.0,1405.8,1405.0,1405.0,181
2024-05-27 11:54:00,1405.0,1405.1,1405.0,1405.0,152
2024-05-27 11:55:00,1405.0,1406.8,1405.0,1405.0,205
2024-05-27 11:56:00,1405.0,1405.05,1405.0,1405.0,147
2024-05-27 11:57:00,1405.0,1406.5,1404.3,1405.05,166
2024-05-27 11:58:00,1405.05,1406.4,1404.35,1405.0,329
2024-05-27 11:59:00,1405.0,1406.7,1405.0,1405.0,132
2024-05-27 12:00:00,1405.0,1406.6,1405.0,1405.0,99
2024-05-27 12:01:00,1405.0,1406.45,1405.0,1405.0,145
2024-05-27 12:02:00,1405.0,1405.05,1405.0,1405.0,78
2024-05-27 12:03:00,1405.0,1405.05,1404.25,1404.25,190
2024-05-27 12:04:00,1404.25,1405.55,1398.05,1402.75,601
2024-05-27 12:05:00,1402.75,1405.1,1400.95,1401.8,444
2024-05-27 12:06:00,1401.8,1405.0,1400.7,1400.7,218
2024-05-27 12:07:00,1400.7,1400.7,1398.25,1398.25,104
2024-05-27 12:08:00,1398.25,1399.7,1396.3,1396.3,151
2024-05-27 12:09:00,1396.65,1399.65,1396.1,1397.65,116
2024-05-27 12:10:00,1397.6,1399.65,1395.0,1398.05,462
2024-05-27 12:11:00,1399.65,1403.9,1397.45,1400.0,542
2024-05-27 12:12:00,1400.0,1401.35,1400.0,1401.35,556
2024-05-27 12:13:00,1401.35,1402.15,1401.35,1402.15,133
2024-05-27 12:14:00,1402.15,1403.1,1401.35,1401.35,122
2024-05-27 12:15:00,1401.35,1402.7,1401.35,1401.65,283
2024-05-27 12:16:00,1401.65,1404.85,1401.65,1402.35,113
2024-05-27 12:17:00,1402.35,1403.95,1402.35,1403.95,116
2024-05-27 12:18:00,1403.95,1403.95,1402.35,1402.35,132
2024-05-27 12:19:00,1402.35,1404.5,1402.35,1402.35,143
2024-05-27 12:20:00,1402.35,1403.3,1402.35,1403.3,127
2024-05-27 12:21:00,1403.3,1403.35,1403.3,1403.3,90
2024-05-27 12:22:00,1403.3,1403.3,1403.3,1403.3,160
2024-05-27 12:23:00,1403.3,1403.3,1403.3,1403.3,98
2024-05-27 12:24:00,1403.3,1403.35,1403.3,1403.3,121
2024-05-27 12:25:00,1403.3,1403.3,1397.05,1399.15,327
2024-05-27 12:26:00,1399.15,1399.15,1392.65,1393.15,176
2024-05-27 12:27:00,1393.15,1400.95,1392.2,1400.3,10215
2024-05-27 12:28:00,1403.05,1403.05,1399.95,1400.2,173
2024-05-27 12:29:00,1400.2,1401.15,1400.0,1400.0,64
2024-05-27 12:30:00,1400.0,1400.0,1400.0,1400.0,107
2024-05-27 12:31:00,1400.0,1400.1,1400.0,1400.0,84
2024-05-27 12:32:00,1400.0,1400.35,1400.0,1400.35,66
2024-05-27 12:33:00,1400.35,1401.4,1400.0,1400.0,80
2024-05-27 12:34:00,1400.0,1401.55,1400.0,1401.1,110
2024-05-27 12:35:00,1401.1,1401.65,1400.05,1400.2,88
2024-05-27 12:36:00,1400.2,1400.2,1400.0,1400.0,79
2024-05-27 12:37:00,1400.0,1400.2,1400.0,1400.2,107
2024-05-27 12:38:00,1400.2,1401.55,1399.95,1400.3,113
2024-05-27 12:39:00,1400.3,1401.75,1400.05,1400.35,86
2024-05-27 12:40:00,1400.35,1400.65,1400.05,1400.05,97
2024-05-27 12:41:00,1400.05,1400.2,1400.0,1400.0,87
2024-05-27 12:42:00,1400.0,1400.05,1399.95,1399.95,121
2024-05-27 12:43:00,1399.95,1399.95,1397.0,1397.25,212
2024-05-27 12:44:00,1397.7,1398.65,1394.4,1394.5,230
2024-05-27 12:45:00,1394.5,1395.35,1391.6,1394.2,325
2024-05-27 12:46:00,1394.2,1394.75,1392.15,1393.2,278
2024-05-27 12:47:00,1393.2,1394.6,1392.6,1392.65,180
2024-05-27 12:48:00,1392.6,1395.9,1392.2,1392.5,171
2024-05-27 12:49:00,1392.15,1393.55,1391.0,1391.0,205
2024-05-27 12:50:00,1391.0,1393.0,1390.65,1390.9,268
2024-05-27 12:51:00,1390.9,1393.85,1390.9,1393.6,210
2024-05-27 12:52:00,1393.6,1393.9,1391.15,1391.15,211
2024-05-27 12:53:00,1391.15,1392.95,1390.65,1390.75,201
2024-05-27 12:54:00,1390.75,1393.8,1390.75,1391.75,214
2024-05-27 12:55:00,1391.75,1393.9,1390.2,1390.2,215
2024-05-27 12:56:00,1390.2,1393.55,1390.15,1391.95,180
2024-05-27 12:57:00,1390.55,1393.95,1390.45,1390.8,273
2024-05-27 12:58:00,1390.8,1392.9,1390.05,1390.05,204
2024-05-27 12:59:00,1390.05,1391.7,1389.65,1389.65,124
2024-05-27 13:00:00,1389.65,1392.9,1388.7,1390.75,250
2024-05-27 13:01:00,1390.75,1393.55,1389.15,1391.45,242
2024-05-27 13:02:00,1391.45,1396.95,1389.5,1394.35,655
2024-05-27 13:03:00,1394.35,1395.5,1393.5,1393.5,104
2024-05-27 13:04:00,1393.5,1394.65,1392.9,1392.9,85
2024-05-27 13:05:00,1392.9,1393.9,1391.65,1393.85,91
2024-05-27 13:06:00,1393.85,1394.4,1392.1,1394.4,105
2024-05-27 13:07:00,1394.4,1394.4,1391.6,1392.65,91
2024-05-27 13:08:00,1392.65,1396.75,1392.25,1394.1,159
2024-05-27 13:09:00,1394.1,1397.9,1393.05,1396.8,152
2024-05-27 13:10:00,1396.8,1396.8,1393.45,1393.45,103
2024-05-27 13:11:00,1393.45,1394.85,1392.55,1394.85,166
2024-05-27 13:12:00,1394.85,1395.6,1392.45,1393.85,496
2024-05-27 13:13:00,1393.85,1393.95,1392.05,1392.05,95
2024-05-27 13:14:00,1392.05,1396.55,1392.0,1394.1,126
2024-05-27 13:15:00,1394.1,1394.35,1392.4,1392.55,116
2024-05-27 13:16:00,1392.55,1395.95,1391.5,1393.65,158
2024-05-27 13:17:00,1393.65,1393.65,1390.5,1393.6,204
2024-05-27 13:18:00,1393.6,1394.9,1391.7,1394.6,150
2024-05-27 13:19:00,1394.6,1394.6,1392.8,1394.45,78
2024-05-27 13:20:00,1394.45,1394.5,1392.4,1392.4,123
2024-05-27 13:21:00,1392.4,1392.4,1391.05,1391.05,131
2024-05-27 13:22:00,1391.05,1393.55,1391.05,1391.5,112
2024-05-27 13:23:00,1391.5,1391.65,1391.5,1391.5,84
2024-05-27 13:24:00,1391.5,1391.5,1391.3,1391.3,83
2024-05-27 13:25:00,1391.3,1391.5,1391.3,1391.5,88
2024-05-27 13:26:00,1391.5,1393.75,1391.45,1392.0,94
2024-05-27 13:27:00,1392.0,1392.0,1391.45,1391.45,84
2024-05-27 13:28:00,1391.45,1393.15,1390.3,1393.15,83
2024-05-27 13:29:00,1393.15,1395.4,1393.0,1395.05,310
2024-05-27 13:30:00,1395.05,1397.3,1393.25,1397.15,159
2024-05-27 13:31:00,1397.25,1397.8,1395.4,1397.8,176
2024-05-27 13:32:00,1397.8,1397.8,1392.15,1394.0,113
2024-05-27 13:33:00,1394.0,1394.95,1392.45,1394.5,128
2024-05-27 13:34:00,1394.5,1398.75,1392.85,1398.75,158
2024-05-27 13:35:00,1398.75,1406.7,1398.75,1400.0,1144
2024-05-27 13:36:00,1400.0,1400.0,1397.05,1399.75,363
2024-05-27 13:37:00,1399.75,1399.95,1397.85,1399.95,107
2024-05-27 13:38:00,1399.95,1400.0,1397.05,1399.45,318
2024-05-27 13:39:00,1399.45,1400.2,1397.4,1398.05,174
2024-05-27 13:40:00,1398.05,1399.6,1397.5,1397.55,123
2024-05-27 13:41:00,1397.55,1399.35,1397.1,1398.9,107
2024-05-27 13:42:00,1398.9,1399.0,1397.05,1398.95,183
2024-05-27 13:43:00,1398.95,1398.95,1395.2,1395.5,135
2024-05-27 13:44:00,1395.5,1396.85,1395.2,1395.2,129
2024-05-27 13:45:00,1395.2,1397.2,1395.15,1397.2,102
2024-05-27 13:46:00,1397.2,1397.65,1395.0,1395.0,81
2024-05-27 13:47:00,1395.0,1396.4,1394.4,1396.4,129
2024-05-27 13:48:00,1396.4,1397.4,1392.9,1396.95,215
2024-05-27 13:49:00,1396.95,1397.2,1393.2,1394.5,95
2024-05-27 13:50:00,1395.45,1398.25,1395.45,1398.2,227
2024-05-27 13:51:00,1398.2,1398.45,1395.3,1395.3,126
2024-05-27 13:52:00,1396.95,1397.85,1395.2,1397.3,108
2024-05-27 13:53:00,1397.3,1397.3,1393.7,1394.3,115
2024-05-27 13:54:00,1395.95,1395.95,1394.25,1395.45,94
2024-05-27 13:55:00,1395.45,1397.9,1394.1,1397.9,342
2024-05-27 13:56:00,1397.9,1397.9,1396.35,1397.85,313
2024-05-27 13:57:00,1397.85,1397.85,1394.65,1394.65,118
2024-05-27 13:58:00,1394.65,1394.65,1394.65,1394.65,83
2024-05-27 13:59:00,1394.65,1394.65,1393.7,1393.7,84
2024-05-27 14:00:00,1395.4,1395.4,1394.25,1394.3,84
2024-05-27 14:01:00,1394.3,1397.5,1394.3,1396.85,166
2024-05-27 14:02:00,1396.85,1396.85,1395.0,1395.0,100
2024-05-27 14:03:00,1395.0,1395.25,1394.05,1394.05,75
2024-05-27 14:04:00,1394.05,1394.05,1392.1,1392.1,151
2024-05-27 14:05:00,1392.1,1394.4,1392.1,1394.4,94
2024-05-27 14:06:00,1394.4,1395.15,1392.15,1392.9,128
2024-05-27 14:07:00,1392.9,1392.9,1392.35,1392.35,84
2024-05-27 14:08:00,1392.35,1392.35,1392.05,1392.05,83
2024-05-27 14:09:00,1392.05,1392.05,1392.0,1392.0,84
2024-05-27 14:10:00,1392.0,1394.55,1392.0,1394.55,264
2024-05-27 14:11:00,1394.55,1394.55,1391.8,1391.85,110
2024-05-27 14:12:00,1391.85,1394.55,1391.85,1393.25,128
2024-05-27 14:13:00,1393.25,1393.25,1391.1,1391.1,103
2024-05-27 14:14:00,1391.1,1391.1,1390.85,1390.85,56
2024-05-27 14:15:00,1390.85,1390.85,1390.85,1390.85,0
2024-05-27 14:16:00,1390.85,1394.9,1390.85,1394.9,300
2024-05-27 14:17:00,1396.2,1400.1,1396.2,1400.1,673
2024-05-27 14:18:00,1399.9,1399.9,1399.9,1399.9,15
2024-05-27 14:19:00,1399.9,1400.15,1399.9,1400.15,46
2024-05-27 14:20:00,1400.15,1403.0,1400.15,1403.0,128
2024-05-27 14:21:00,1403.0,1404.4,1402.85,1404.4,25
2024-05-27 14:22:00,1404.4,1405.7,1403.2,1405.7,89
2024-05-27 14:23:00,1405.7,1405.7,1404.4,1404.4,32
2024-05-27 14:24:00,1404.4,1404.4,1403.35,1403.35,12
2024-05-27 14:25:00,1403.35,1404.8,1403.35,1403.4,17
2024-05-27 14:26:00,1403.4,1406.75,1403.35,1404.0,322
2024-05-27 14:27:00,1404.0,1404.0,1404.0,1404.0,0
2024-05-27 14:28:00,1404.0,1404.0,1404.0,1404.0,6
2024-05-27 14:29:00,1404.0,1404.0,1404.0,1404.0,0
2024-05-27 14:30:00,1404.0,1405.55,1404.0,1405.55,11
2024-05-27 14:31:00,1405.55,1405.95,1405.55,1405.95,4
2024-05-27 14:32:00,1405.95,1407.25,1405.95,1407.25,349
2024-05-27 14:33:00,1407.25,1407.3,1406.45,1406.45,46
2024-05-27 14:34:00,1406.45,1407.3,1406.45,1406.45,7
2024-05-27 14:35:00,1406.45,1406.45,1406.45,1406.45,12
2024-05-27 14:36:00,1406.45,1406.45,1406.45,1406.45,2
2024-05-27 14:37:00,1406.45,1406.45,1404.85,1406.45,30
2024-05-27 14:38:00,1406.45,1406.45,1406.45,1406.45,20
2024-05-27 14:39:00,1406.45,1406.45,1405.3,1405.3,69
2024-05-27 14:40:00,1405.3,1405.3,1404.15,1404.15,0
2024-05-27 14:41:00,1404.1,1406.45,1404.1,1406.45,82
2024-05-27 14:42:00,1406.45,1406.45,1405.1,1405.1,8
2024-05-27 14:43:00,1405.1,1405.1,1403.2,1403.2,39
2024-05-27 14:44:00,1403.2,1403.4,1403.2,1403.4,114
2024-05-27 14:45:00,1403.4,1403.7,1403.2,1403.7,36
2024-05-27 14:46:00,1403.7,1403.9,1403.7,1403.9,1
2024-05-27 14:47:00,1403.9,1403.9,1402.3,1402.3,2
2024-05-27 14:48:00,1402.3,1403.9,1402.3,1402.5,13
2024-05-27 14:49:00,1402.5,1402.8,1402.5,1402.8,6
2024-05-27 14:50:00,1402.8,1403.85,1402.8,1403.85,20
2024-05-27 14:51:00,1402.85,1402.85,1402.85,1402.85,13
2024-05-27 14:52:00,1402.85,1402.85,1402.85,1402.85,0
2024-05-27 14:53:00,1402.85,1402.85,1402.85,1402.85,0
2024-05-27 14:54:00,1402.85,1402.85,1399.65,1399.65,168
2024-05-27 14:55:00,1399.65,1401.55,1399.65,1401.55,99
2024-05-27 14:56:00,1401.55,1403.25,1401.5,1402.55,273
2024-05-27 14:57:00,1402.55,1405.65,1402.45,1405.6,130
2024-05-27 14:58:00,1405.6,1405.6,1404.05,1404.55,40
2024-05-27 14:59:00,1404.55,1405.65,1403.95,1404.55,73
2024-05-27 15:00:00,1404.3,1404.3,1401.05,1401.05,57
2024-05-27 15:01:00,1401.05,1402.55,1401.05,1402.2,50
2024-05-27 15:02:00,1403.9,1407.8,1402.7,1403.9,574
2024-05-27 15:03:00,1403.95,1404.05,1403.95,1404.05,2
2024-05-27 15:04:00,1404.5,1404.5,1402.0,1402.0,40
2024-05-27 15:05:00,1402.4,1402.75,1401.1,1402.75,95
2024-05-27 15:06:00,1402.8,1402.85,1402.8,1402.85,3
2024-05-27 15:07:00,1403.45,1403.45,1401.3,1401.8,80
2024-05-27 15:08:00,1401.7,1401.7,1400.4,1401.1,3
2024-05-27 15:09:00,1401.1,1401.95,1400.75,1401.25,27
2024-05-27 15:10:00,1401.85,1401.95,1401.65,1401.9,48
2024-05-27 15:11:00,1401.9,1402.15,1400.75,1401.25,88
2024-05-27 15:12:00,1401.15,1402.3,1401.15,1402.3,20
2024-05-27 15:13:00,1402.3,1402.3,1402.0,1402.3,11
2024-05-27 15:14:00,1402.3,1402.35,1399.2,1399.55,171
2024-05-27 15:15:00,1399.85,1399.85,1398.15,1398.5,82
2024-05-27 15:16:00,1399.9,1399.95,1398.5,1399.95,49
2024-05-27 15:17:00,1399.95,1400.35,1398.7,1398.7,32
2024-05-27 15:18:00,1398.7,1400.35,1398.6,1398.65,127
2024-05-27 15:19:00,1400.65,1400.65,1399.95,1400.0,38
2024-05-27 15:20:00,1400.0,1403.1,1400.0,1401.2,384
2024-05-27 15:21:00,1401.15,1401.7,1400.15,1401.5,111
2024-05-27 15:22:00,1401.45,1401.45,1396.05,1397.1,385
2024-05-27 15:23:00,1397.1,1399.5,1397.1,1397.35,219
2024-05-27 15:24:00,1397.3,1398.85,1397.3,1398.0,238
2024-05-27 15:25:00,1398.95,1402.85,1398.95,1402.65,427
2024-05-27 15:26:00,1402.65,1402.65,1400.65,1400.7,40
2024-05-27 15:27:00,1400.7,1402.05,1400.6,1402.0,47
2024-05-27 15:28:00,1402.0,1402.0,1398.0,1401.55,144
2024-05-27 15:29:00,1401.55,1409.0,1401.55,1403.2,192
2024-05-28 09:15:00,1401.2,1405.95,1401.2,1405.95,43
2024-05-28 09:16:00,1405.95,1405.95,1398.9,1399.1,181
2024-05-28 09:17:00,1399.1,1400.6,1398.25,1400.6,92
2024-05-28 09:18:00,1400.6,1404.2,1400.6,1404.1,195
2024-05-28 09:19:00,1402.25,1403.35,1402.25,1403.35,45
2024-05-28 09:20:00,1403.35,1403.35,1402.0,1402.0,1
2024-05-28 09:21:00,1401.95,1402.75,1401.9,1402.75,132
2024-05-28 09:22:00,1402.75,1404.75,1402.75,1404.75,13
2024-05-28 09:23:00,1404.75,1405.4,1403.6,1405.4,13
2024-05-28 09:24:00,1405.4,1405.4,1404.45,1404.45,12
2024-05-28 09:25:00,1404.45,1406.7,1404.0,1404.45,57
2024-05-28 09:26:00,1404.45,1406.7,1404.4,1404.55,94
2024-05-28 09:27:00,1404.55,1404.8,1404.55,1404.8,1
2024-05-28 09:28:00,1404.8,1407.45,1404.65,1407.45,109
2024-05-28 09:29:00,1407.45,1407.45,1406.05,1406.05,37
2024-05-28 09:30:00,1408.95,1409.5,1407.1,1409.4,119
2024-05-28 09:31:00,1409.4,1409.4,1409.4,1409.4,0
2024-05-28 09:32:00,1409.4,1409.8,1407.65,1408.15,85
2024-05-28 09:33:00,1408.15,1408.15,1408.15,1408.15,0
2024-05-28 09:34:00,1408.15,1408.15,1408.1,1408.1,6
2024-05-28 09:35:00,1408.1,1408.1,1408.1,1408.1,0
2024-05-28 09:36:00,1407.65,1409.45,1407.65,1409.45,86
2024-05-28 09:37:00,1409.45,1415.95,1409.45,1414.15,631
2024-05-28 09:38:00,1414.15,1416.95,1411.7,1412.95,538
2024-05-28 09:39:00,1412.95,1413.05,1405.25,1407.85,271
2024-05-28 09:40:00,1407.85,1407.85,1400.6,1400.6,168
2024-05-28 09:41:00,1400.6,1402.25,1400.0,1402.1,98
2024-05-28 09:42:00,1402.1,1402.1,1401.7,1401.7,99
2024-05-28 09:43:00,1401.7,1404.2,1398.4,1404.2,1204
2024-05-28 09:44:00,1404.2,1404.2,1402.35,1402.35,120
2024-05-28 09:45:00,1402.35,1403.4,1402.1,1403.4,178
2024-05-28 09:46:00,1403.4,1404.4,1403.05,1403.05,119
2024-05-28 09:47:00,1403.05,1404.4,1402.7,1404.4,96
2024-05-28 09:48:00,1404.4,1404.65,1403.0,1403.0,27
2024-05-28 09:49:00,1403.0,1403.0,1402.65,1402.65,21
2024-05-28 09:50:00,1402.65,1404.95,1402.2,1404.4,166
2024-05-28 09:51:00,1404.4,1404.4,1404.4,1404.4,0
2024-05-28 09:52:00,1404.4,1404.4,1404.4,1404.4,0
2024-05-28 09:53:00,1404.4,1406.05,1404.4,1404.65,27
2024-05-28 09:54:00,1404.5,1404.5,1404.45,1404.45,11
2024-05-28 09:55:00,1404.45,1406.15,1404.45,1406.15,2
2024-05-28 09:56:00,1405.05,1405.05,1405.05,1405.05,1
2024-05-28 09:57:00,1405.05,1405.05,1405.0,1405.0,4
2024-05-28 09:58:00,1405.0,1405.0,1405.0,1405.0,3
2024-05-28 09:59:00,1405.0,1405.0,1405.0,1405.0,0
2024-05-28 10:00:00,1405.0,1405.95,1405.0,1405.95,8
2024-05-28 10:01:00,1405.95,1407.65,1405.95,1407.65,28
2024-05-28 10:02:00,1407.65,1409.9,1407.65,1408.15,334
2024-05-28 10:03:00,1407.55,1407.85,1406.1,1406.35,102
2024-05-28 10:04:00,1406.35,1406.35,1406.35,1406.35,0
2024-05-28 10:05:00,1406.05,1406.05,1404.95,1404.95,106
2024-05-28 10:06:00,1405.0,1405.0,1405.0,1405.0,10
2024-05-28 10:07:00,1405.0,1405.0,1405.0,1405.0,16
2024-05-28 10:08:00,1405.0,1406.0,1405.0,1406.0,2
2024-05-28 10:09:00,1406.0,1406.05,1406.0,1406.05,0
2024-05-28 10:10:00,1406.05,1406.05,1405.05,1405.05,3
2024-05-28 10:11:00,1405.05,1408.75,1405.0,1407.0,582
2024-05-28 10:12:00,1407.0,1407.0,1404.75,1404.75,149
2024-05-28 10:13:00,1404.75,1405.15,1404.75,1405.1,34
2024-05-28 10:14:00,1405.1,1405.1,1405.1,1405.1,0
2024-05-28 10:15:00,1405.1,1405.1,1405.1,1405.1,9
2024-05-28 10:16:00,1405.1,1405.1,1405.1,1405.1,27
2024-05-28 10:17:00,1405.1,1405.1,1405.0,1405.0,101
2024-05-28 10:18:00,1405.0,1405.0,1404.95,1405.0,33
2024-05-28 10:19:00,1405.0,1405.0,1405.0,1405.0,0
2024-05-28 10:20:00,1405.0,1406.55,1405.0,1406.55,28
2024-05-28 10:21:00,1405.1,1407.55,1405.1,1407.55,10
2024-05-28 10:22:00,1406.85,1406.9,1406.85,1406.9,123
2024-05-28 10:23:00,1406.9,1407.0,1406.9,1407.0,1
2024-05-28 10:24:00,1407.0,1407.0,1407.0,1407.0,0
2024-05-28 10:25:00,1406.7,1408.0,1406.7,1407.0,42
2024-05-28 10:26:00,1407.0,1407.0,1407.0,1407.0,0
2024-05-28 10:27:00,1407.0,1407.0,1407.0,1407.0,0
2024-05-28 10:28:00,1407.0,1407.0,1407.0,1407.0,0
2024-05-28 10:29:00,1407.0,1407.0,1407.0,1407.0,1
2024-05-28 10:30:00,1407.0,1408.5,1407.0,1408.5,14
2024-05-28 10:31:00,1408.5,1408.55,1408.5,1408.55,2
2024-05-28 10:32:00,1408.55,1408.95,1408.55,1408.95,4
2024-05-28 10:33:00,1408.85,1409.0,1408.85,1409.0,25
2024-05-28 10:34:00,1409.0,1409.45,1409.0,1409.45,10
2024-05-28 10:35:00,1409.45,1409.45,1409.45,1409.45,0
2024-05-28 10:36:00,1409.45,1409.5,1409.45,1409.5,2
2024-05-28 10:37:00,1409.5,1409.5,1409.5,1409.5,0
2024-05-28 10:38:00,1409.5,1409.5,1409.5,1409.5,2
2024-05-28 10:39:00,1409.5,1409.5,1406.05,1406.05,294
2024-05-28 10:40:00,1406.05,1406.05,1406.05,1406.05,0
2024-05-28 10:41:00,1406.05,1406.05,1406.05,1406.05,0
2024-05-28 10:42:00,1406.05,1407.2,1405.4,1407.2,17
2024-05-28 10:43:00,1407.2,1407.2,1405.6,1405.6,7
2024-05-28 10:44:00,1405.6,1407.5,1403.9,1404.65,50735
2024-05-28 10:45:00,1404.65,1405.75,1404.65,1405.75,340
2024-05-28 10:46:00,1405.75,1405.75,1404.8,1404.8,87
2024-05-28 10:47:00,1404.8,1405.0,1403.05,1405.0,1110
2024-05-28 10:48:00,1405.0,1405.0,1402.7,1405.0,2395
2024-05-28 10:49:00,1405.0,1405.05,1402.4,1405.0,1817
2024-05-28 10:50:00,1403.55,1405.2,1403.35,1405.0,213
2024-05-28 10:51:00,1405.0,1405.0,1405.0,1405.0,0
2024-05-28 10:52:00,1405.0,1405.9,1405.0,1405.9,13
2024-05-28 10:53:00,1405.9,1405.9,1405.9,1405.9,0
2024-05-28 10:54:00,1405.9,1405.9,1405.9,1405.9,0
2024-05-28 10:55:00,1406.6,1406.6,1406.6,1406.6,11
2024-05-28 10:56:00,1406.6,1406.6,1406.6,1406.6,0
2024-05-28 10:57:00,1406.6,1406.6,1406.6,1406.6,7
2024-05-28 10:58:00,1406.6,1406.6,1406.6,1406.6,0
2024-05-28 10:59:00,1406.6,1406.6,1406.6,1406.6,9
2024-05-28 11:00:00,1405.8,1405.8,1405.8,1405.8,7
2024-05-28 11:01:00,1405.8,1405.8,1405.8,1405.8,0
2024-05-28 11:02:00,1405.8,1406.0,1405.8,1406.0,2
2024-05-28 11:03:00,1406.0,1406.0,1406.0,1406.0,0
2024-05-28 11:04:00,1406.0,1406.0,1406.0,1406.0,0
2024-05-28 11:06:00,1407.2,1407.2,1407.2,1407.2,23
2024-05-28 11:07:00,1407.2,1407.2,1407.2,1407.2,2
2024-05-28 11:08:00,1407.2,1407.2,1407.2,1407.2,0
2024-05-28 11:09:00,1407.2,1407.2,1407.2,1407.2,0
2024-05-28 11:11:00,1407.2,1407.2,1407.1,1407.1,25
2024-05-28 11:12:00,1407.1,1407.1,1407.1,1407.1,0
2024-05-28 11:13:00,1407.1,1407.15,1405.45,1407.15,241
2024-05-28 11:14:00,1407.2,1407.2,1407.2,1407.2,13
2024-05-28 11:15:00,1407.2,1407.2,1406.35,1406.35,10
2024-05-28 11:16:00,1406.35,1406.35,1406.35,1406.35,3
2024-05-28 11:17:00,1405.8,1405.8,1405.8,1405.8,1
2024-05-28 11:18:00,1405.8,1407.0,1405.8,1407.0,2
2024-05-28 11:19:00,1407.0,1407.0,1405.75,1405.75,6
2024-05-28 11:20:00,1405.75,1405.75,1405.75,1405.75,0
2024-05-28 11:21:00,1405.75,1405.75,1405.6,1405.6,4
2024-05-28 11:22:00,1405.6,1405.6,1405.6,1405.6,0
2024-05-28 11:23:00,1405.55,1405.55,1405.55,1405.55,3
2024-05-28 11:24:00,1405.55,1405.55,1405.55,1405.55,12
2024-05-28 11:25:00,1405.55,1405.55,1405.0,1405.0,5
2024-05-28 11:26:00,1405.0,1405.0,1405.0,1405.0,8
2024-05-28 11:27:00,1405.0,1405.0,1405.0,1405.0,11
2024-05-28 11:29:00,1405.9,1405.9,1405.0,1405.0,10
2024-05-28 11:30:00,1405.0,1405.0,1405.0,1405.0,82
2024-05-28 11:31:00,1405.0,1405.0,1404.75,1405.0,370
2024-05-28 11:32:00,1405.0,1405.0,1405.0,1405.0,3
2024-05-28 11:33:00,1405.0,1405.0,1405.0,1405.0,0
2024-05-28 11:35:00,1405.0,1405.0,1404.7,1405.0,58
2024-05-28 11:36:00,1405.0,1405.0,1405.0,1405.0,0
2024-05-28 11:37:00,1405.0,1405.0,1405.0,1405.0,0
2024-05-28 11:38:00,1405.0,1405.5,1405.0,1405.5,52
2024-05-28 11:39:00,1405.5,1406.2,1405.5,1405.7,15
2024-05-28 11:40:00,1405.7,1406.65,1405.7,1406.65,0
2024-05-28 11:41:00,1406.65,1407.1,1406.65,1407.1,9
2024-05-28 11:42:00,1407.45,1407.65,1407.45,1407.65,20
2024-05-28 11:43:00,1407.65,1407.65,1407.05,1407.05,60
2024-05-28 11:44:00,1407.05,1407.05,1407.05,1407.05,5
2024-05-28 11:45:00,1407.0,1407.05,1407.0,1407.0,115
2024-05-28 11:46:00,1407.0,1407.95,1407.0,1407.95,97
2024-05-28 11:47:00,1407.95,1409.25,1407.95,1409.25,36
2024-05-28 11:48:00,1409.25,1409.25,1406.2,1408.1,221
2024-05-28 11:49:00,1408.1,1408.7,1408.1,1408.7,20
2024-05-28 11:50:00,1408.7,1408.95,1405.7,1405.7,177
2024-05-28 11:51:00,1406.9,1406.9,1406.9,1406.9,5
2024-05-28 11:52:00,1406.9,1406.9,1405.7,1405.7,6
2024-05-28 11:53:00,1405.7,1405.75,1405.7,1405.75,0
2024-05-28 11:54:00,1405.75,1405.75,1405.75,1405.75,1
2024-05-28 11:55:00,1405.75,1405.85,1405.75,1405.85,1
2024-05-28 11:56:00,1405.85,1406.9,1405.85,1406.05,108
2024-05-28 11:57:00,1406.05,1406.9,1406.05,1406.9,16
2024-05-28 11:58:00,1406.9,1406.9,1406.9,1406.9,0
2024-05-28 11:59:00,1405.9,1405.9,1405.85,1405.85,44
2024-05-28 12:00:00,1405.85,1405.85,1405.85,1405.85,1
2024-05-28 12:01:00,1405.85,1406.7,1405.0,1405.0,324
2024-05-28 12:02:00,1405.4,1406.55,1404.9,1405.2,2486
2024-05-28 12:03:00,1405.2,1405.2,1402.2,1404.55,1034
2024-05-28 12:04:00,1404.55,1405.35,1404.55,1405.35,33
2024-05-28 12:05:00,1405.35,1405.4,1405.0,1405.35,45
2024-05-28 12:06:00,1405.5,1405.5,1405.4,1405.4,13
2024-05-28 12:07:00,1405.4,1408.0,1405.4,1408.0,59
2024-05-28 12:08:00,1407.1,1407.1,1405.15,1405.15,121
2024-05-28 12:09:00,1405.15,1406.5,1405.15,1405.8,15
2024-05-28 12:10:00,1405.8,1407.2,1405.8,1407.2,97
2024-05-28 12:11:00,1407.2,1407.2,1405.6,1405.6,16
2024-05-28 12:12:00,1405.6,1405.6,1405.6,1405.6,0
2024-05-28 12:13:00,1405.6,1406.5,1405.6,1406.5,1
2024-05-28 12:14:00,1406.5,1406.5,1406.15,1406.15,83
2024-05-28 12:15:00,1406.15,1406.55,1406.15,1406.15,33
2024-05-28 12:16:00,1406.15,1406.15,1406.15,1406.15,0
2024-05-28 12:17:00,1406.15,1406.6,1406.15,1406.55,6
2024-05-28 12:18:00,1406.35,1406.35,1405.1,1405.1,121
2024-05-28 12:19:00,1405.0,1406.9,1405.0,1405.15,124
2024-05-28 12:20:00,1405.15,1405.25,1405.15,1405.25,3
2024-05-28 12:21:00,1405.25,1405.45,1403.75,1404.65,249
2024-05-28 12:22:00,1404.65,1405.1,1404.65,1405.0,33
2024-05-28 12:23:00,1405.0,1405.0,1405.0,1405.0,0
2024-05-28 12:24:00,1405.0,1405.65,1405.0,1405.65,4
2024-05-28 12:25:00,1405.65,1405.65,1405.65,1405.65,0
2024-05-28 12:26:00,1405.65,1407.9,1405.65,1407.3,120
2024-05-28 12:27:00,1407.3,1407.3,1404.9,1405.1,144
2024-05-28 12:28:00,1405.1,1405.9,1404.75,1405.0,97
2024-05-28 12:29:00,1405.0,1405.15,1404.6,1405.15,68
2024-05-28 12:30:00,1405.15,1405.6,1405.15,1405.15,19
2024-05-28 12:31:00,1405.15,1405.9,1405.15,1405.15,29
2024-05-28 12:32:00,1405.9,1405.9,1405.9,1405.9,2
2024-05-28 12:33:00,1405.9,1407.55,1405.5,1405.5,194
2024-05-28 12:34:00,1405.5,1405.95,1405.0,1405.0,3
2024-05-28 12:35:00,1405.0,1405.95,1405.0,1405.95,3
2024-05-28 12:36:00,1405.0,1406.05,1405.0,1406.05,12
2024-05-28 12:37:00,1406.05,1406.25,1403.75,1405.0,379
2024-05-28 12:38:00,1405.1,1405.2,1405.0,1405.2,25
2024-05-28 12:39:00,1405.2,1405.6,1405.2,1405.6,2
2024-05-28 12:40:00,1405.6,1405.75,1405.6,1405.75,2
2024-05-28 12:41:00,1405.8,1406.65,1405.1,1405.1,72
2024-05-28 12:42:00,1405.1,1405.1,1405.0,1405.05,76
2024-05-28 12:43:00,1405.05,1412.9,1404.95,1410.9,524
2024-05-28 12:44:00,1410.9,1413.0,1409.35,1409.35,159
2024-05-28 12:45:00,1409.35,1409.35,1408.75,1408.75,2
2024-05-28 12:46:00,1408.75,1409.5,1408.75,1409.5,79
2024-05-28 12:47:00,1410.3,1410.3,1406.5,1406.5,135
2024-05-28 12:48:00,1406.5,1406.9,1406.5,1406.9,13
2024-05-28 12:49:00,1406.9,1408.65,1406.4,1406.4,202
2024-05-28 12:50:00,1406.85,1412.2,1405.0,1412.2,230
2024-05-28 12:51:00,1412.2,1412.65,1409.05,1409.05,109
2024-05-28 12:52:00,1409.05,1414.95,1409.05,1413.25,176
2024-05-28 12:53:00,1414.8,1414.8,1410.15,1411.3,36
2024-05-28 12:54:00,1411.3,1411.3,1411.3,1411.3,2
2024-05-28 12:55:00,1411.3,1411.3,1411.25,1411.25,2
2024-05-28 12:56:00,1411.2,1411.35,1410.15,1410.15,192
2024-05-28 12:57:00,1410.15,1410.15,1406.3,1406.3,134
2024-05-28 12:58:00,1406.3,1407.85,1406.3,1407.05,26
2024-05-28 12:59:00,1408.3,1408.45,1408.3,1408.45,4
2024-05-28 13:00:00,1408.45,1408.45,1408.45,1408.45,2
2024-05-28 13:01:00,1408.45,1408.8,1408.15,1408.15,49
2024-05-28 13:02:00,1408.8,1408.8,1405.15,1405.15,74
2024-05-28 13:03:00,1405.15,1407.95,1405.1,1407.95,33
2024-05-28 13:04:00,1407.95,1408.6,1407.95,1408.6,3
2024-05-28 13:05:00,1408.65,1408.65,1407.2,1407.7,72
2024-05-28 13:06:00,1407.7,1408.05,1407.65,1408.05,21
2024-05-28 13:07:00,1408.05,1408.25,1407.9,1408.25,10
2024-05-28 13:08:00,1408.25,1408.55,1407.85,1407.9,7
2024-05-28 13:09:00,1407.9,1408.75,1407.9,1407.9,24
2024-05-28 13:10:00,1407.9,1408.5,1405.05,1405.05,155
2024-05-28 13:11:00,1407.0,1407.65,1406.95,1407.65,70
2024-05-28 13:12:00,1407.65,1407.65,1406.2,1406.2,4
2024-05-28 13:13:00,1406.2,1406.95,1406.2,1406.2,2
2024-05-28 13:14:00,1406.95,1407.7,1406.2,1407.7,14
2024-05-28 13:15:00,1407.7,1408.45,1407.7,1408.1,14
2024-05-28 13:16:00,1408.1,1408.5,1405.65,1408.5,299
2024-05-28 13:17:00,1408.3,1408.3,1405.7,1406.05,51
2024-05-28 13:18:00,1406.05,1406.8,1406.05,1406.8,3
2024-05-28 13:19:00,1406.8,1407.9,1406.8,1407.35,64
2024-05-28 13:20:00,1407.7,1407.7,1405.25,1405.25,17
2024-05-28 13:21:00,1405.25,1407.85,1405.25,1407.85,9
2024-05-28 13:22:00,1407.9,1408.05,1407.9,1408.05,5
2024-05-28 13:23:00,1408.5,1408.5,1406.6,1406.6,42
2024-05-28 13:24:00,1406.6,1407.5,1406.6,1407.5,3
2024-05-28 13:25:00,1407.5,1408.1,1407.05,1407.5,103
2024-05-28 13:26:00,1407.5,1407.5,1405.1,1405.1,29
2024-05-28 13:27:00,1405.1,1405.1,1405.1,1405.1,6
2024-05-28 13:28:00,1405.1,1405.1,1405.1,1405.1,3
2024-05-28 13:29:00,1405.1,1406.35,1404.75,1406.35,100
2024-05-28 13:30:00,1406.35,1406.35,1405.25,1405.25,4
2024-05-28 13:31:00,1406.4,1406.6,1406.3,1406.3,6
2024-05-28 13:32:00,1406.3,1406.3,1405.0,1405.0,80
2024-05-28 13:33:00,1405.0,1405.0,1405.0,1405.0,0
2024-05-28 13:34:00,1405.0,1405.7,1405.0,1405.7,2
2024-05-28 13:35:00,1405.7,1405.95,1405.0,1405.0,134
2024-05-28 13:36:00,1405.0,1405.0,1403.95,1405.0,78
2024-05-28 13:37:00,1405.0,1405.0,1405.0,1405.0,21
2024-05-28 13:38:00,1405.0,1405.0,1405.0,1405.0,0
2024-05-28 13:39:00,1405.0,1405.85,1404.05,1404.05,119
2024-05-28 13:40:00,1404.05,1405.0,1404.05,1405.0,0
2024-05-28 13:41:00,1405.0,1405.0,1405.0,1405.0,11
2024-05-28 13:42:00,1405.0,1405.7,1405.0,1405.7,3
2024-05-28 13:43:00,1405.7,1406.4,1405.0,1405.0,103
2024-05-28 13:44:00,1405.0,1405.0,1405.0,1405.0,12
2024-05-28 13:45:00,1405.0,1405.0,1405.0,1405.0,4
2024-05-28 13:46:00,1405.0,1406.1,1405.0,1405.0,48
2024-05-28 13:47:00,1405.0,1405.15,1405.0,1405.15,21
2024-05-28 13:48:00,1405.15,1405.15,1405.0,1405.0,44
2024-05-28 13:49:00,1405.0,1405.0,1405.0,1405.0,0
2024-05-28 13:50:00,1405.0,1406.95,1405.0,1406.3,62
2024-05-28 13:51:00,1406.3,1406.95,1406.3,1406.95,0
2024-05-28 13:52:00,1406.95,1407.8,1406.95,1407.6,67
2024-05-28 13:53:00,1407.6,1407.9,1407.6,1407.9,9
2024-05-28 13:54:00,1407.9,1408.9,1407.65,1407.65,129
2024-05-28 13:55:00,1407.65,1407.65,1401.65,1405.0,674
2024-05-28 13:56:00,1405.0,1405.0,1403.65,1405.0,97
2024-05-28 13:57:00,1405.0,1406.85,1405.0,1406.85,23
2024-05-28 13:58:00,1406.85,1407.25,1406.85,1407.25,46
2024-05-28 13:59:00,1407.25,1407.25,1407.25,1407.25,0
2024-05-28 14:00:00,1407.25,1407.25,1406.45,1406.45,33
2024-05-28 14:01:00,1406.45,1406.45,1406.45,1406.45,2
2024-05-28 14:02:00,1406.45,1407.6,1406.25,1406.25,124
2024-05-28 14:03:00,1406.25,1407.6,1406.25,1406.25,33
2024-05-28 14:04:00,1406.25,1406.25,1405.0,1405.0,19
2024-05-28 14:05:00,1405.0,1405.0,1405.0,1405.0,2
2024-05-28 14:06:00,1405.0,1405.5,1405.0,1405.5,13
2024-05-28 14:07:00,1405.5,1405.55,1405.5,1405.55,40
2024-05-28 14:08:00,1405.55,1405.6,1405.55,1405.6,7
2024-05-28 14:09:00,1405.6,1407.55,1405.6,1407.35,91
2024-05-28 14:10:00,1407.0,1407.0,1405.75,1405.75,278
2024-05-28 14:11:00,1405.75,1405.85,1405.75,1405.85,4
2024-05-28 14:12:00,1405.85,1407.55,1405.85,1407.55,3
2024-05-28 14:13:00,1407.65,1407.65,1405.05,1405.05,71
2024-05-28 14:14:00,1405.05,1405.05,1405.05,1405.05,0
2024-05-28 14:15:00,1405.05,1405.3,1405.05,1405.3,1
2024-05-28 14:16:00,1405.3,1407.5,1405.3,1405.5,80
2024-05-28 14:17:00,1405.5,1405.5,1405.45,1405.45,4
2024-05-28 14:18:00,1405.45,1407.5,1405.45,1407.5,6
2024-05-28 14:19:00,1407.5,1407.55,1406.75,1406.75,24
2024-05-28 14:20:00,1406.75,1406.85,1406.75,1406.85,35
2024-05-28 14:21:00,1406.85,1406.85,1406.85,1406.85,0
2024-05-28 14:22:00,1407.4,1407.4,1405.15,1405.15,59
2024-05-28 14:23:00,1405.15,1405.15,1405.15,1405.15,0
2024-05-28 14:24:00,1405.15,1408.0,1405.15,1408.0,67
2024-05-28 14:25:00,1408.0,1408.0,1406.45,1406.5,62
2024-05-28 14:26:00,1406.5,1406.5,1405.0,1405.0,134
2024-05-28 14:27:00,1405.0,1405.0,1404.55,1405.0,59
2024-05-28 14:28:00,1405.0,1405.0,1405.0,1405.0,1
2024-05-28 14:29:00,1405.0,1405.95,1405.0,1405.05,52
2024-05-28 14:30:00,1405.05,1407.45,1405.05,1406.3,26
2024-05-28 14:31:00,1406.3,1408.0,1406.3,1408.0,64
2024-05-28 14:32:00,1408.0,1409.7,1408.0,1408.15,113
2024-05-28 14:33:00,1408.0,1408.0,1405.0,1405.0,116
2024-05-28 14:34:00,1405.0,1405.0,1405.0,1405.0,24
2024-05-28 14:35:00,1405.0,1406.45,1405.0,1406.45,12
2024-05-28 14:36:00,1406.45,1407.1,1406.45,1407.1,19
2024-05-28 14:37:00,1407.1,1408.3,1405.6,1405.6,136
2024-05-28 14:38:00,1405.6,1405.6,1404.7,1405.0,53
2024-05-28 14:39:00,1405.0,1405.0,1405.0,1405.0,0
2024-05-28 14:40:00,1405.0,1405.0,1405.0,1405.0,1
2024-05-28 14:41:00,1405.0,1406.3,1405.0,1406.3,13
2024-05-28 14:42:00,1406.3,1408.0,1406.3,1408.0,80
2024-05-28 14:43:00,1408.0,1408.5,1408.0,1408.5,2
2024-05-28 14:44:00,1408.5,1408.5,1407.9,1407.9,32
2024-05-28 14:45:00,1407.9,1407.9,1407.65,1407.65,41
2024-05-28 14:46:00,1407.65,1407.65,1405.75,1405.75,8
2024-05-28 14:47:00,1405.75,1405.75,1405.75,1405.75,0
2024-05-28 14:48:00,1405.75,1406.0,1405.75,1406.0,0
2024-05-28 14:49:00,1406.0,1406.15,1406.0,1406.15,10
2024-05-28 14:50:00,1406.15,1408.6,1406.15,1408.6,87
2024-05-28 14:51:00,1408.6,1408.6,1408.6,1408.6,6
2024-05-28 14:52:00,1408.6,1409.0,1408.6,1408.85,121
2024-05-28 14:53:00,1408.85,1408.85,1408.75,1408.75,82
2024-05-28 14:54:00,1408.75,1408.75,1408.75,1408.75,0
2024-05-28 14:55:00,1408.75,1408.75,1405.8,1406.05,189
2024-05-28 14:56:00,1406.05,1406.05,1406.05,1406.05,0
2024-05-28 14:57:00,1406.05,1406.4,1406.05,1406.4,31
2024-05-28 14:58:00,1406.4,1406.4,1405.7,1405.7,12
2024-05-28 14:59:00,1405.7,1406.3,1405.2,1405.2,4
2024-05-28 15:00:00,1405.2,1407.75,1405.2,1407.5,77
2024-05-28 15:01:00,1407.95,1408.5,1406.7,1408.5,50
2024-05-28 15:02:00,1408.5,1409.8,1405.05,1405.05,484
2024-05-28 15:03:00,1405.05,1406.5,1402.05,1404.5,535
2024-05-28 15:04:00,1404.5,1406.4,1402.9,1406.15,917
2024-05-28 15:05:00,1406.65,1406.9,1402.55,1405.65,752
2024-05-28 15:06:00,1405.65,1407.9,1403.7,1406.25,529
2024-05-28 15:07:00,1406.45,1407.05,1403.25,1405.35,824
2024-05-28 15:08:00,1405.35,1406.85,1404.6,1405.45,537
2024-05-28 15:09:00,1405.45,1409.0,1405.0,1405.0,775
2024-05-28 15:10:00,1406.4,1407.65,1405.0,1406.75,152
2024-05-28 15:11:00,1406.75,1406.75,1404.65,1404.65,522
2024-05-28 15:12:00,1405.85,1405.85,1403.05,1405.2,1649
2024-05-28 15:13:00,1405.2,1405.75,1403.05,1405.1,1330
2024-05-28 15:14:00,1405.1,1405.45,1403.05,1405.05,2020
2024-05-28 15:15:00,1405.15,1405.95,1401.5,1404.95,1335
2024-05-28 15:16:00,1405.05,1405.3,1402.4,1405.0,1765
2024-05-28 15:17:00,1405.0,1405.2,1398.0,1398.0,3213
2024-05-28 15:18:00,1399.5,1405.1,1396.5,1405.1,3415
2024-05-28 15:19:00,1405.1,1405.1,1402.15,1405.1,1210
2024-05-28 15:20:00,1405.05,1405.15,1403.6,1405.0,1452
2024-05-28 15:21:00,1405.0,1405.15,1402.95,1405.15,1721
2024-05-28 15:22:00,1405.05,1405.15,1401.15,1405.0,1310
2024-05-28 15:23:00,1405.0,1405.55,1404.95,1405.0,178
2024-05-28 15:24:00,1405.0,1405.95,1404.95,1405.2,163
2024-05-28 15:25:00,1403.4,1405.5,1402.75,1405.0,878
2024-05-28 15:26:00,1405.0,1406.0,1403.4,1403.45,240
2024-05-28 15:27:00,1403.45,1406.0,1402.05,1405.0,1642
2024-05-28 15:28:00,1402.35,1405.0,1392.05,1405.0,4065
2024-05-28 15:29:00,1405.0,1408.3,1405.0,1405.0,243
2024-05-29 09:15:00,1409.15,1409.15,1403.5,1405.3,17
2024-05-29 09:16:00,1405.3,1405.85,1405.3,1405.85,10
2024-05-29 09:17:00,1405.85,1405.85,1405.85,1405.85,0
2024-05-29 09:18:00,1405.85,1405.85,1404.5,1404.5,1
2024-05-29 09:19:00,1403.1,1405.45,1403.1,1405.45,104
2024-05-29 09:20:00,1403.4,1406.75,1401.45,1406.75,516
2024-05-29 09:21:00,1404.75,1407.95,1404.2,1407.95,169
2024-05-29 09:22:00,1407.95,1407.95,1406.05,1407.5,19
2024-05-29 09:23:00,1407.5,1407.5,1407.5,1407.5,6
2024-05-29 09:24:00,1409.15,1411.8,1408.9,1411.8,113
2024-05-29 09:25:00,1411.9,1412.0,1411.9,1412.0,47
2024-05-29 09:26:00,1412.0,1412.0,1412.0,1412.0,6
2024-05-29 09:27:00,1412.0,1412.0,1411.0,1411.0,39
2024-05-29 09:28:00,1411.0,1412.0,1411.0,1412.0,60
2024-05-29 09:29:00,1412.0,1413.5,1411.4,1411.4,51
2024-05-29 09:30:00,1411.4,1411.4,1411.3,1411.3,2
2024-05-29 09:31:00,1411.3,1413.15,1410.45,1410.45,464
2024-05-29 09:32:00,1410.45,1410.5,1410.45,1410.5,4
2024-05-29 09:33:00,1410.5,1410.5,1410.5,1410.5,0
2024-05-29 09:34:00,1410.5,1411.0,1410.5,1411.0,12
2024-05-29 09:35:00,1411.0,1411.0,1411.0,1411.0,0
2024-05-29 09:36:00,1411.0,1411.0,1411.0,1411.0,0
2024-05-29 09:37:00,1411.0,1411.95,1411.0,1411.95,22
2024-05-29 09:38:00,1411.95,1411.95,1411.95,1411.95,0
2024-05-29 09:39:00,1411.95,1412.0,1411.95,1412.0,0
2024-05-29 09:40:00,1412.0,1412.0,1412.0,1412.0,6
2024-05-29 09:41:00,1412.0,1412.0,1412.0,1412.0,0
2024-05-29 09:42:00,1412.0,1412.0,1411.95,1411.95,10
2024-05-29 09:43:00,1411.95,1411.95,1411.95,1411.95,0
2024-05-29 09:44:00,1411.95,1411.95,1411.95,1411.95,0
2024-05-29 09:45:00,1411.95,1411.95,1411.95,1411.95,0
2024-05-29 09:46:00,1411.95,1411.95,1411.9,1411.9,20
2024-05-29 09:47:00,1411.9,1412.0,1411.9,1412.0,60
2024-05-29 09:48:00,1412.0,1416.5,1411.75,1415.0,779
2024-05-29 09:49:00,1415.0,1416.05,1415.0,1416.05,75
2024-05-29 09:50:00,1416.05,1416.05,1416.05,1416.05,2
2024-05-29 09:51:00,1414.6,1416.05,1414.6,1416.05,85
2024-05-29 09:52:00,1416.05,1416.05,1416.05,1416.05,47
2024-05-29 09:53:00,1416.05,1416.05,1416.05,1416.05,0
2024-05-29 09:54:00,1416.05,1416.05,1416.05,1416.05,0
2024-05-29 09:55:00,1416.05,1416.05,1416.05,1416.05,0
2024-05-29 09:56:00,1416.05,1416.05,1416.0,1416.0,13
2024-05-29 09:57:00,1416.0,1416.0,1414.6,1414.6,5
2024-05-29 09:58:00,1414.6,1414.6,1414.6,1414.6,0
2024-05-29 09:59:00,1414.6,1414.6,1414.6,1414.6,0
2024-05-29 10:00:00,1414.6,1414.6,1414.6,1414.6,0
2024-05-29 10:01:00,1414.6,1414.8,1414.6,1414.8,3
2024-05-29 10:02:00,1416.0,1416.0,1416.0,1416.0,6
2024-05-29 10:03:00,1416.0,1416.0,1414.5,1414.5,51
2024-05-29 10:04:00,1414.5,1415.0,1414.5,1415.0,1
2024-05-29 10:05:00,1415.0,1415.0,1415.0,1415.0,5
2024-05-29 10:06:00,1415.0,1416.35,1415.0,1416.35,143
2024-05-29 10:07:00,1416.35,1420.3,1416.35,1420.3,729
2024-05-29 10:08:00,1420.3,1425.0,1420.3,1425.0,220
2024-05-29 10:09:00,1425.0,1430.4,1423.9,1430.4,371
2024-05-29 10:10:00,1429.65,1435.95,1424.7,1426.15,2461
2024-05-29 10:11:00,1426.15,1432.2,1426.15,1432.2,434
2024-05-29 10:12:00,1432.2,1433.05,1430.0,1430.0,323
2024-05-29 10:13:00,1430.0,1434.95,1429.6,1434.95,999
2024-05-29 10:14:00,1435.0,1442.0,1435.0,1440.0,2649
2024-05-29 10:15:00,1440.0,1440.0,1434.3,1435.0,1338
2024-05-29 10:16:00,1435.0,1438.15,1435.0,1435.05,182
2024-05-29 10:17:00,1435.05,1436.7,1435.0,1435.0,159
2024-05-29 10:18:00,1435.0,1437.75,1434.3,1434.3,435
2024-05-29 10:19:00,1434.3,1434.3,1430.5,1432.95,264
2024-05-29 10:20:00,1432.95,1433.55,1432.95,1433.55,5
2024-05-29 10:21:00,1433.55,1433.55,1429.0,1430.55,474
2024-05-29 10:22:00,1430.55,1430.55,1425.2,1426.9,367
2024-05-29 10:23:00,1426.9,1428.0,1426.9,1428.0,84
2024-05-29 10:24:00,1428.0,1430.05,1428.0,1430.0,389
2024-05-29 10:25:00,1430.0,1431.3,1430.0,1430.0,262
2024-05-29 10:26:00,1431.3,1434.0,1431.3,1434.0,198
2024-05-29 10:27:00,1434.0,1434.0,1431.3,1431.55,298
2024-05-29 10:28:00,1431.55,1433.4,1430.9,1432.6,948
2024-05-29 10:29:00,1432.6,1433.15,1431.5,1431.5,28
2024-05-29 10:30:00,1431.5,1433.35,1431.3,1432.9,60
2024-05-29 10:31:00,1432.9,1432.95,1430.15,1432.95,286
2024-05-29 10:32:00,1432.95,1433.2,1431.9,1433.2,46
2024-05-29 10:33:00,1433.2,1433.5,1431.95,1431.95,133
2024-05-29 10:34:00,1431.95,1433.45,1431.95,1433.4,27
2024-05-29 10:35:00,1433.4,1434.0,1432.4,1433.7,208
2024-05-29 10:36:00,1433.7,1433.95,1432.75,1433.9,29
2024-05-29 10:37:00,1433.9,1434.0,1432.7,1433.9,103
2024-05-29 10:38:00,1433.9,1434.0,1432.45,1433.95,54
2024-05-29 10:39:00,1433.95,1433.95,1430.4,1431.8,109
2024-05-29 10:40:00,1431.8,1432.45,1430.45,1432.45,50
2024-05-29 10:41:00,1432.45,1433.65,1432.0,1432.95,65
2024-05-29 10:42:00,1432.95,1432.95,1430.95,1431.75,226
2024-05-29 10:43:00,1431.75,1433.0,1431.75,1433.0,27
2024-05-29 10:44:00,1433.0,1433.0,1433.0,1433.0,46
2024-05-29 10:45:00,1433.0,1433.0,1432.95,1432.95,28
2024-05-29 10:46:00,1432.95,1432.95,1432.15,1432.15,57
2024-05-29 10:47:00,1432.15,1432.95,1432.1,1432.1,39
2024-05-29 10:48:00,1432.1,1433.0,1432.1,1432.9,31
2024-05-29 10:49:00,1432.1,1432.95,1432.1,1432.9,95
2024-05-29 10:50:00,1432.9,1432.9,1431.0,1432.0,237
2024-05-29 10:51:00,1432.0,1432.25,1431.1,1432.25,38
2024-05-29 10:52:00,1432.25,1432.55,1431.9,1431.9,46
2024-05-29 10:53:00,1431.9,1432.8,1431.9,1432.75,30
2024-05-29 10:54:00,1432.75,1432.85,1431.55,1432.85,54
2024-05-29 10:55:00,1432.85,1432.85,1431.6,1432.6,127
2024-05-29 10:56:00,1432.6,1432.8,1432.6,1432.8,133
2024-05-29 10:57:00,1432.8,1432.85,1431.6,1432.85,33
2024-05-29 10:58:00,1432.85,1432.85,1429.0,1429.0,390
2024-05-29 10:59:00,1429.0,1430.3,1426.95,1430.3,286
2024-05-29 11:00:00,1430.3,1431.5,1428.1,1428.1,265
2024-05-29 11:01:00,1428.1,1429.55,1427.4,1429.3,77
2024-05-29 11:02:00,1429.3,1429.4,1429.3,1429.35,28
2024-05-29 11:03:00,1429.35,1429.4,1427.55,1427.55,208
2024-05-29 11:04:00,1426.85,1428.95,1426.1,1428.95,137
2024-05-29 11:05:00,1428.95,1428.95,1428.3,1428.4,31
2024-05-29 11:06:00,1428.4,1429.65,1428.4,1429.25,215
2024-05-29 11:07:00,1429.15,1429.25,1426.95,1429.25,57
2024-05-29 11:08:00,1429.25,1429.4,1427.15,1429.0,96
2024-05-29 11:09:00,1429.0,1429.0,1427.25,1428.95,38
2024-05-29 11:10:00,1427.25,1428.8,1427.25,1428.75,41
2024-05-29 11:11:00,1428.75,1428.75,1427.3,1428.75,42
2024-05-29 11:12:00,1428.75,1428.75,1428.45,1428.45,33
2024-05-29 11:13:00,1428.45,1428.45,1427.3,1428.45,28
2024-05-29 11:14:00,1428.45,1428.45,1428.45,1428.45,27
2024-05-29 11:15:00,1428.45,1429.2,1427.4,1428.55,504
2024-05-29 11:16:00,1428.55,1428.6,1427.45,1428.55,43
2024-05-29 11:17:00,1428.55,1429.0,1428.25,1429.0,127
2024-05-29 11:18:00,1429.0,1429.3,1428.85,1429.3,57
2024-05-29 11:19:00,1429.3,1429.3,1429.3,1429.3,28
2024-05-29 11:20:00,1429.3,1429.3,1427.9,1428.7,31
2024-05-29 11:21:00,1428.7,1428.85,1427.4,1428.35,48
2024-05-29 11:22:00,1428.35,1428.4,1427.25,1427.25,71
2024-05-29 11:23:00,1427.25,1429.8,1427.25,1429.8,149
2024-05-29 11:24:00,1429.8,1429.8,1429.4,1429.4,26
2024-05-29 11:25:00,1429.4,1429.45,1428.15,1429.45,54
2024-05-29 11:26:00,1429.45,1429.45,1428.0,1428.0,43
2024-05-29 11:27:00,1428.0,1429.5,1428.0,1429.5,27
2024-05-29 11:28:00,1429.5,1429.85,1429.5,1429.85,6
2024-05-29 11:29:00,1429.85,1429.85,1428.1,1428.1,30
2024-05-29 11:30:00,1428.1,1428.1,1427.0,1427.0,86
2024-05-29 11:31:00,1426.7,1426.7,1426.7,1426.7,55
2024-05-29 11:32:00,1426.7,1426.7,1423.15,1424.2,759
2024-05-29 11:33:00,1422.35,1426.15,1422.3,1424.65,135
2024-05-29 11:34:00,1424.65,1424.65,1424.65,1424.65,0
2024-05-29 11:35:00,1424.65,1426.0,1423.8,1423.8,317
2024-05-29 11:36:00,1423.8,1424.6,1423.4,1424.6,13
2024-05-29 11:37:00,1424.6,1424.6,1423.4,1423.4,13
2024-05-29 11:38:00,1423.4,1423.4,1423.4,1423.4,22
2024-05-29 11:39:00,1423.4,1423.4,1421.4,1423.3,104
2024-05-29 11:40:00,1423.3,1423.3,1421.3,1422.5,60
2024-05-29 11:41:00,1422.5,1422.5,1421.4,1421.75,23
2024-05-29 11:42:00,1421.75,1422.85,1421.75,1422.5,21
2024-05-29 11:43:00,1422.5,1422.5,1422.5,1422.5,23
2024-05-29 11:44:00,1422.5,1423.2,1422.5,1423.2,30
2024-05-29 11:45:00,1423.2,1423.2,1422.1,1422.1,6
2024-05-29 11:46:00,1422.1,1422.95,1422.1,1422.9,38
2024-05-29 11:47:00,1422.9,1422.9,1422.0,1422.0,30
2024-05-29 11:48:00,1422.0,1422.15,1421.0,1422.15,30
2024-05-29 11:49:00,1422.15,1422.3,1422.15,1422.15,14
2024-05-29 11:50:00,1422.15,1422.3,1422.15,1422.3,13
2024-05-29 11:51:00,1421.25,1423.2,1421.15,1423.2,34
2024-05-29 11:52:00,1423.2,1423.3,1423.2,1423.3,0
2024-05-29 11:53:00,1423.3,1423.3,1423.3,1423.3,131
2024-05-29 11:54:00,1423.3,1423.3,1423.3,1423.3,0
2024-05-29 11:55:00,1423.3,1423.3,1423.3,1423.3,0
2024-05-29 11:56:00,1423.3,1423.6,1423.3,1423.3,20
2024-05-29 11:57:00,1423.3,1423.3,1421.65,1421.65,77
2024-05-29 11:58:00,1421.65,1423.55,1421.65,1423.35,48
2024-05-29 11:59:00,1423.35,1423.35,1421.85,1421.85,19
2024-05-29 12:00:00,1421.85,1422.0,1421.85,1421.85,24
2024-05-29 12:01:00,1421.85,1421.85,1421.1,1421.1,23
2024-05-29 12:02:00,1421.1,1422.45,1421.1,1422.25,11
2024-05-29 12:03:00,1422.25,1422.8,1421.2,1421.2,25
2024-05-29 12:04:00,1421.2,1422.9,1421.2,1422.9,10
2024-05-29 12:05:00,1422.9,1422.9,1422.9,1422.9,10
2024-05-29 12:06:00,1422.9,1424.35,1422.45,1422.45,32
2024-05-29 12:07:00,1422.45,1424.05,1422.45,1424.05,10
2024-05-29 12:08:00,1424.05,1425.45,1424.05,1425.45,56
2024-05-29 12:09:00,1425.45,1425.45,1424.25,1424.25,14
2024-05-29 12:10:00,1424.1,1425.4,1423.95,1423.95,58
2024-05-29 12:11:00,1423.95,1424.95,1423.9,1424.95,82
2024-05-29 12:12:00,1424.95,1424.95,1423.7,1423.7,16
2024-05-29 12:13:00,1423.7,1423.7,1423.7,1423.7,0
2024-05-29 12:14:00,1423.7,1423.7,1423.7,1423.7,0
2024-05-29 12:15:00,1423.7,1424.85,1423.7,1424.85,1
2024-05-29 12:16:00,1424.85,1424.85,1424.85,1424.85,9
2024-05-29 12:17:00,1424.85,1425.0,1423.95,1425.0,11
2024-05-29 12:18:00,1425.0,1425.0,1425.0,1425.0,32
2024-05-29 12:19:00,1425.0,1425.0,1425.0,1425.0,20
2024-05-29 12:20:00,1425.0,1425.0,1424.35,1424.35,12
2024-05-29 12:21:00,1424.35,1425.0,1424.35,1424.4,23
2024-05-29 12:22:00,1424.4,1425.0,1424.4,1425.0,14
2024-05-29 12:23:00,1425.0,1425.35,1425.0,1425.35,20
2024-05-29 12:24:00,1425.35,1425.35,1425.35,1425.35,0
2024-05-29 12:25:00,1425.4,1425.4,1424.85,1424.85,52
2024-05-29 12:26:00,1424.85,1424.85,1424.5,1424.5,42
2024-05-29 12:27:00,1424.5,1424.5,1424.5,1424.5,0
2024-05-29 12:28:00,1424.5,1424.5,1424.5,1424.5,11
2024-05-29 12:29:00,1424.5,1424.5,1423.9,1423.9,178
2024-05-29 12:30:00,1423.9,1423.9,1422.45,1422.45,27
2024-05-29 12:31:00,1422.45,1422.5,1422.45,1422.5,52
2024-05-29 12:32:00,1422.5,1422.5,1422.5,1422.5,0
2024-05-29 12:33:00,1422.5,1422.65,1422.5,1422.65,1
2024-05-29 12:34:00,1422.65,1422.65,1422.65,1422.65,0
2024-05-29 12:35:00,1422.65,1424.05,1422.65,1424.05,4
2024-05-29 12:36:00,1424.05,1425.0,1423.5,1423.5,61
2024-05-29 12:37:00,1423.5,1423.6,1423.5,1423.6,12
2024-05-29 12:38:00,1423.6,1423.6,1423.3,1423.3,39
2024-05-29 12:39:00,1423.3,1423.3,1423.3,1423.3,0
2024-05-29 12:40:00,1423.3,1423.3,1423.0,1423.0,3
2024-05-29 12:41:00,1423.0,1423.0,1423.0,1423.0,1
2024-05-29 12:42:00,1423.0,1424.45,1423.0,1424.45,13
2024-05-29 12:43:00,1424.45,1424.45,1424.45,1424.45,0
2024-05-29 12:44:00,1424.45,1424.65,1424.3,1424.65,22
2024-05-29 12:45:00,1424.65,1424.65,1424.65,1424.65,0
2024-05-29 12:46:00,1424.65,1425.0,1424.15,1424.15,23
2024-05-29 12:47:00,1424.15,1425.0,1424.15,1425.0,6
2024-05-29 12:48:00,1425.0,1425.0,1425.0,1425.0,16
2024-05-29 12:49:00,1425.0,1425.4,1425.0,1425.4,22
2024-05-29 12:50:00,1425.4,1425.4,1424.7,1424.7,8
2024-05-29 12:51:00,1424.7,1424.7,1424.7,1424.7,4
2024-05-29 12:52:00,1424.7,1424.75,1424.7,1424.75,56
2024-05-29 12:53:00,1424.75,1424.75,1424.75,1424.75,0
2024-05-29 12:54:00,1424.75,1424.75,1424.75,1424.75,0
2024-05-29 12:55:00,1424.75,1424.75,1424.75,1424.75,0
2024-05-29 12:56:00,1424.75,1425.4,1424.75,1425.4,10
2024-05-29 12:57:00,1425.4,1425.4,1425.4,1425.4,0
2024-05-29 12:58:00,1425.4,1425.4,1425.4,1425.4,0
2024-05-29 12:59:00,1425.4,1425.4,1425.4,1425.4,0
2024-05-29 13:00:00,1425.4,1426.1,1425.4,1426.1,0
2024-05-29 13:01:00,1426.1,1426.1,1421.5,1421.5,271
2024-05-29 13:02:00,1421.5,1423.8,1421.5,1422.4,70
2024-05-29 13:03:00,1422.4,1422.4,1422.4,1422.4,0
2024-05-29 13:04:00,1422.4,1422.7,1422.4,1422.7,10
2024-05-29 13:05:00,1422.7,1422.7,1422.7,1422.7,1
2024-05-29 13:06:00,1422.7,1422.7,1422.7,1422.7,0
2024-05-29 13:07:00,1422.7,1424.2,1422.7,1424.2,1
2024-05-29 13:08:00,1424.2,1424.2,1424.2,1424.2,0
2024-05-29 13:09:00,1422.95,1423.15,1422.95,1423.15,6
2024-05-29 13:10:00,1423.15,1425.0,1423.15,1424.45,54
2024-05-29 13:11:00,1424.45,1424.45,1424.45,1424.45,17
2024-05-29 13:12:00,1424.45,1426.45,1424.45,1426.45,5
2024-05-29 13:13:00,1426.45,1426.6,1426.45,1426.6,18
2024-05-29 13:14:00,1426.6,1426.6,1426.1,1426.6,27
2024-05-29 13:15:00,1426.6,1426.75,1426.6,1426.75,0
2024-05-29 13:16:00,1426.75,1426.95,1425.65,1425.65,295
2024-05-29 13:17:00,1425.65,1425.65,1425.45,1425.45,9
2024-05-29 13:18:00,1425.45,1425.45,1425.15,1425.15,20
2024-05-29 13:19:00,1425.15,1425.15,1425.15,1425.15,9
2024-05-29 13:20:00,1425.15,1425.15,1425.05,1425.05,8
2024-05-29 13:21:00,1425.05,1425.05,1425.0,1425.0,13
2024-05-29 13:22:00,1425.0,1425.0,1423.85,1423.85,75
2024-05-29 13:23:00,1423.85,1425.55,1423.25,1425.55,71
2024-05-29 13:24:00,1425.55,1425.55,1425.55,1425.55,0
2024-05-29 13:25:00,1425.55,1425.55,1424.25,1424.25,6
2024-05-29 13:26:00,1424.25,1424.25,1423.85,1423.85,18
2024-05-29 13:27:00,1423.85,1423.85,1423.8,1423.8,9
2024-05-29 13:28:00,1423.8,1423.8,1423.8,1423.8,0
2024-05-29 13:29:00,1423.8,1423.8,1423.8,1423.8,0
2024-05-29 13:30:00,1423.8,1423.8,1423.8,1423.8,0
2024-05-29 13:31:00,1423.8,1423.8,1423.8,1423.8,0
2024-05-29 13:32:00,1423.8,1423.8,1423.8,1423.8,0
2024-05-29 13:33:00,1423.8,1423.8,1423.8,1423.8,0
2024-05-29 13:34:00,1423.8,1423.8,1423.8,1423.8,0
2024-05-29 13:35:00,1423.8,1423.8,1423.6,1423.6,10
2024-05-29 13:36:00,1423.6,1423.6,1423.6,1423.6,0
2024-05-29 13:37:00,1423.6,1423.6,1423.6,1423.6,0
2024-05-29 13:38:00,1423.6,1423.6,1423.6,1423.6,0
2024-05-29 13:39:00,1423.6,1423.65,1423.45,1423.45,60
2024-05-29 13:40:00,1423.45,1423.45,1423.45,1423.45,0
2024-05-29 13:41:00,1423.45,1424.1,1421.95,1424.1,133
2024-05-29 13:42:00,1424.1,1424.1,1422.7,1422.7,25
2024-05-29 13:43:00,1422.7,1422.7,1422.4,1422.4,14
2024-05-29 13:44:00,1422.4,1422.4,1422.15,1422.15,1
2024-05-29 13:45:00,1422.15,1422.15,1422.15,1422.15,0
2024-05-29 13:46:00,1422.15,1422.35,1422.15,1422.35,6
2024-05-29 13:47:00,1422.35,1422.35,1422.35,1422.35,0
2024-05-29 13:48:00,1422.7,1424.1,1422.7,1424.1,7
2024-05-29 13:49:00,1424.1,1424.1,1424.1,1424.1,0
2024-05-29 13:50:00,1424.1,1424.9,1424.1,1424.9,20
2024-05-29 13:51:00,1424.9,1425.7,1424.9,1425.7,9
2024-05-29 13:52:00,1425.7,1425.75,1424.5,1425.75,21
2024-05-29 13:53:00,1425.75,1425.75,1424.5,1424.5,34
2024-05-29 13:54:00,1424.5,1425.75,1424.5,1425.75,19
2024-05-29 13:55:00,1425.75,1425.75,1424.7,1424.7,26
2024-05-29 13:56:00,1424.7,1425.75,1424.7,1425.75,29
2024-05-29 13:57:00,1425.75,1425.75,1425.75,1425.75,15
2024-05-29 13:58:00,1425.75,1425.75,1424.85,1425.75,82
2024-05-29 13:59:00,1425.75,1427.95,1425.75,1426.35,175
2024-05-29 14:00:00,1426.35,1426.35,1426.35,1426.35,0
2024-05-29 14:01:00,1426.35,1427.55,1426.35,1427.55,19
2024-05-29 14:02:00,1427.55,1427.55,1427.55,1427.55,37
2024-05-29 14:03:00,1427.55,1427.55,1427.55,1427.55,0
2024-05-29 14:04:00,1427.55,1427.55,1427.55,1427.55,0
2024-05-29 14:05:00,1427.55,1427.55,1427.55,1427.55,0
2024-05-29 14:06:00,1427.55,1427.55,1427.55,1427.55,0
2024-05-29 14:07:00,1427.55,1427.55,1427.25,1427.25,26
2024-05-29 14:08:00,1427.25,1427.25,1425.2,1426.45,107
2024-05-29 14:09:00,1426.45,1426.45,1425.35,1425.35,107
2024-05-29 14:10:00,1425.35,1425.35,1425.25,1425.25,66
2024-05-29 14:11:00,1425.25,1425.25,1425.15,1425.15,12
2024-05-29 14:12:00,1425.15,1425.15,1425.15,1425.15,9
2024-05-29 14:13:00,1425.15,1425.15,1425.15,1425.15,0
2024-05-29 14:14:00,1425.15,1425.15,1425.15,1425.15,0
2024-05-29 14:15:00,1425.15,1425.15,1425.15,1425.15,0
2024-05-29 14:16:00,1425.15,1425.35,1425.15,1425.35,13
2024-05-29 14:17:00,1425.35,1427.1,1425.35,1425.45,11
2024-05-29 14:18:00,1425.45,1425.45,1425.45,1425.45,0
2024-05-29 14:19:00,1425.45,1425.55,1425.45,1425.55,1
2024-05-29 14:20:00,1425.55,1425.55,1425.55,1425.55,12
2024-05-29 14:21:00,1425.55,1425.55,1425.55,1425.55,19
2024-05-29 14:22:00,1425.55,1425.65,1425.55,1425.65,7
2024-05-29 14:23:00,1425.65,1426.6,1425.45,1426.6,29
2024-05-29 14:24:00,1426.6,1426.6,1426.6,1426.6,0
2024-05-29 14:25:00,1426.6,1426.6,1425.15,1425.15,68
2024-05-29 14:26:00,1425.15,1425.15,1425.0,1425.0,28
2024-05-29 14:27:00,1425.0,1425.0,1425.0,1425.0,0
2024-05-29 14:28:00,1425.0,1425.0,1425.0,1425.0,8
2024-05-29 14:29:00,1425.0,1426.25,1424.65,1426.25,133
2024-05-29 14:30:00,1426.25,1426.25,1424.65,1424.65,11
2024-05-29 14:31:00,1424.65,1426.0,1424.65,1424.65,2
2024-05-29 14:32:00,1424.65,1426.1,1424.65,1426.1,117
2024-05-29 14:33:00,1426.1,1426.1,1426.1,1426.1,0
2024-05-29 14:34:00,1426.1,1426.1,1425.2,1425.2,25
2024-05-29 14:35:00,1425.2,1426.0,1423.65,1423.65,314
2024-05-29 14:36:00,1422.95,1422.95,1417.05,1417.05,811
2024-05-29 14:37:00,1417.05,1417.05,1415.95,1415.95,112
2024-05-29 14:38:00,1415.05,1415.05,1413.0,1413.0,261
2024-05-29 14:39:00,1413.0,1413.0,1410.55,1410.55,289
2024-05-29 14:40:00,1410.05,1412.1,1407.05,1410.55,689
2024-05-29 14:41:00,1410.55,1413.0,1410.0,1412.45,326
2024-05-29 14:42:00,1412.45,1412.6,1410.3,1411.0,41
2024-05-29 14:43:00,1411.0,1416.9,1411.0,1415.0,45
2024-05-29 14:44:00,1415.0,1417.95,1415.0,1415.2,93
2024-05-29 14:45:00,1415.2,1415.2,1412.0,1412.0,155
2024-05-29 14:46:00,1412.0,1412.0,1412.0,1412.0,8
2024-05-29 14:47:00,1412.0,1412.0,1411.0,1411.05,25
2024-05-29 14:48:00,1411.05,1413.55,1411.0,1413.0,35
2024-05-29 14:49:00,1413.0,1413.0,1411.35,1411.55,165
2024-05-29 14:50:00,1411.45,1411.45,1410.95,1411.05,66
2024-05-29 14:51:00,1411.05,1412.55,1411.05,1412.55,44
2024-05-29 14:52:00,1412.55,1412.75,1412.55,1412.75,24
2024-05-29 14:53:00,1412.75,1412.75,1412.75,1412.75,0
2024-05-29 14:54:00,1412.75,1413.95,1412.75,1413.95,18
2024-05-29 14:55:00,1413.95,1416.7,1413.95,1415.2,111
2024-05-29 14:56:00,1415.2,1415.2,1414.7,1414.7,57
2024-05-29 14:57:00,1414.7,1414.7,1413.7,1413.7,35
2024-05-29 14:58:00,1413.7,1413.7,1413.7,1413.7,24
2024-05-29 14:59:00,1413.7,1413.7,1413.7,1413.7,0
2024-05-29 15:00:00,1415.3,1415.4,1413.75,1413.95,20
2024-05-29 15:01:00,1413.95,1416.1,1413.95,1414.35,24
2024-05-29 15:02:00,1414.35,1416.35,1414.35,1416.35,7
2024-05-29 15:03:00,1416.35,1416.35,1414.25,1414.25,21
2024-05-29 15:04:00,1414.25,1416.1,1414.25,1414.35,55
2024-05-29 15:05:00,1414.3,1416.0,1410.45,1411.1,1135
2024-05-29 15:06:00,1411.1,1414.15,1411.1,1412.65,937
2024-05-29 15:07:00,1412.65,1414.5,1412.65,1412.65,27
2024-05-29 15:08:00,1412.65,1414.45,1412.65,1413.1,2
2024-05-29 15:09:00,1413.1,1414.4,1413.1,1413.2,14
2024-05-29 15:10:00,1414.9,1415.45,1414.05,1414.15,347
2024-05-29 15:11:00,1414.15,1415.75,1414.15,1414.5,47
2024-05-29 15:12:00,1414.5,1415.65,1413.85,1415.65,61
2024-05-29 15:13:00,1415.65,1415.65,1413.95,1415.4,144
2024-05-29 15:14:00,1413.05,1415.3,1412.8,1413.25,59
2024-05-29 15:15:00,1414.65,1414.65,1410.9,1413.0,679
2024-05-29 15:16:00,1413.0,1414.55,1411.65,1411.65,159
2024-05-29 15:17:00,1411.65,1414.2,1411.65,1414.1,95
2024-05-29 15:18:00,1412.6,1414.15,1411.9,1413.6,96
2024-05-29 15:19:00,1413.6,1413.6,1411.9,1413.5,40
2024-05-29 15:20:00,1413.5,1413.5,1412.0,1413.5,157
2024-05-29 15:21:00,1413.5,1413.5,1412.0,1413.45,19
2024-05-29 15:22:00,1413.45,1413.45,1411.95,1411.95,39
2024-05-29 15:23:00,1411.95,1413.15,1411.95,1411.95,79
2024-05-29 15:24:00,1411.95,1412.8,1411.95,1412.8,84
2024-05-29 15:25:00,1412.8,1412.8,1411.75,1412.75,83
2024-05-29 15:26:00,1411.7,1412.35,1411.7,1412.1,82
2024-05-29 15:27:00,1412.1,1412.2,1411.85,1412.05,276
2024-05-29 15:28:00,1412.15,1420.0,1412.05,1418.9,115
2024-05-29 15:29:00,1419.45,1419.95,1412.95,1419.4,63
2024-05-30 09:15:00,1419.0,1419.0,1408.95,1409.05,123
2024-05-30 09:16:00,1409.05,1409.05,1409.05,1409.05,0
2024-05-30 09:17:00,1409.05,1409.05,1409.05,1409.05,0
2024-05-30 09:18:00,1409.05,1409.05,1408.65,1408.65,12
2024-05-30 09:19:00,1408.65,1413.15,1408.65,1412.95,271
2024-05-30 09:20:00,1412.95,1412.95,1408.7,1410.55,382
2024-05-30 09:21:00,1410.55,1413.4,1410.55,1413.4,20
2024-05-30 09:22:00,1413.4,1414.0,1411.05,1414.0,303
2024-05-30 09:23:00,1414.0,1414.0,1412.2,1413.6,199
2024-05-30 09:24:00,1413.6,1413.6,1410.0,1411.05,170
2024-05-30 09:25:00,1411.05,1411.95,1411.05,1411.95,1
2024-05-30 09:26:00,1411.95,1411.95,1411.95,1411.95,0
2024-05-30 09:27:00,1411.95,1411.95,1410.9,1410.9,58
2024-05-30 09:28:00,1410.9,1410.9,1410.9,1410.9,0
2024-05-30 09:29:00,1410.9,1410.9,1410.9,1410.9,0
2024-05-30 09:30:00,1410.9,1413.25,1410.9,1413.25,1
2024-05-30 09:31:00,1413.25,1413.25,1411.2,1411.2,1
2024-05-30 09:32:00,1411.2,1412.65,1411.2,1412.65,1
2024-05-30 09:33:00,1412.65,1412.65,1411.1,1411.1,20
2024-05-30 09:34:00,1411.1,1411.1,1411.0,1411.0,88
2024-05-30 09:35:00,1411.0,1411.65,1410.2,1411.5,41
2024-05-30 09:36:00,1411.5,1411.5,1411.45,1411.45,1
2024-05-30 09:37:00,1411.45,1411.45,1411.45,1411.45,0
2024-05-30 09:38:00,1411.45,1411.45,1410.55,1410.55,4
2024-05-30 09:39:00,1410.55,1411.8,1410.55,1411.8,31
2024-05-30 09:40:00,1411.8,1411.8,1411.8,1411.8,0
2024-05-30 09:41:00,1411.8,1411.8,1409.45,1409.45,0
2024-05-30 09:42:00,1411.45,1411.55,1410.0,1411.5,54
2024-05-30 09:43:00,1411.5,1413.25,1411.5,1413.25,62
2024-05-30 09:44:00,1413.25,1413.25,1411.6,1413.0,16
2024-05-30 09:45:00,1413.0,1413.0,1413.0,1413.0,1
2024-05-30 09:46:00,1413.0,1413.0,1413.0,1413.0,0
2024-05-30 09:47:00,1413.0,1413.0,1412.55,1412.55,2
2024-05-30 09:48:00,1412.05,1413.55,1412.05,1413.55,9
2024-05-30 09:49:00,1413.55,1413.55,1413.55,1413.55,1
2024-05-30 09:50:00,1413.55,1413.55,1413.55,1413.55,0
2024-05-30 09:51:00,1413.55,1413.55,1413.55,1413.55,0
2024-05-30 09:52:00,1411.6,1413.2,1411.6,1413.2,32
2024-05-30 09:53:00,1413.2,1413.2,1412.2,1412.2,1
2024-05-30 09:54:00,1412.2,1412.2,1412.2,1412.2,5
2024-05-30 09:55:00,1412.2,1412.25,1412.05,1412.05,19
2024-05-30 09:56:00,1412.05,1412.05,1411.15,1411.15,8
2024-05-30 09:57:00,1411.15,1412.05,1411.15,1412.0,7
2024-05-30 09:58:00,1412.0,1412.0,1412.0,1412.0,0
2024-05-30 09:59:00,1412.0,1412.0,1412.0,1412.0,0
2024-05-30 10:00:00,1412.0,1412.05,1412.0,1412.05,15
2024-05-30 10:01:00,1412.05,1412.05,1412.0,1412.0,5
2024-05-30 10:02:00,1412.0,1412.0,1411.9,1411.9,31
2024-05-30 10:03:00,1411.9,1411.9,1411.9,1411.9,0
2024-05-30 10:04:00,1411.9,1411.9,1411.9,1411.9,0
2024-05-30 10:05:00,1411.9,1415.4,1410.85,1415.4,302
2024-05-30 10:06:00,1415.4,1415.4,1414.0,1414.0,57
2024-05-30 10:07:00,1414.0,1414.0,1413.85,1413.85,15
2024-05-30 10:08:00,1414.0,1415.6,1413.1,1413.95,61
2024-05-30 10:09:00,1413.95,1415.35,1413.15,1415.35,27
2024-05-30 10:10:00,1415.35,1415.35,1413.05,1413.05,111
2024-05-30 10:11:00,1414.95,1414.95,1414.95,1414.95,13
2024-05-30 10:12:00,1414.95,1414.95,1414.95,1414.95,0
2024-05-30 10:13:00,1414.95,1414.95,1414.95,1414.95,0
2024-05-30 10:14:00,1414.95,1416.75,1414.95,1415.4,132
2024-05-30 10:15:00,1415.4,1415.4,1415.4,1415.4,0
2024-05-30 10:16:00,1415.4,1415.4,1415.4,1415.4,0
2024-05-30 10:17:00,1415.4,1415.4,1415.05,1415.05,6
2024-05-30 10:18:00,1415.05,1415.05,1415.05,1415.05,0
2024-05-30 10:19:00,1415.05,1415.05,1415.05,1415.05,0
2024-05-30 10:20:00,1415.05,1416.45,1415.05,1416.45,13
2024-05-30 10:21:00,1416.45,1420.0,1416.45,1420.0,245
2024-05-30 10:22:00,1420.0,1420.1,1420.0,1420.1,143
2024-05-30 10:23:00,1419.0,1420.55,1419.0,1420.55,15
2024-05-30 10:24:00,1420.55,1420.55,1420.5,1420.5,11
2024-05-30 10:25:00,1420.5,1420.5,1420.5,1420.5,30
2024-05-30 10:26:00,1420.5,1420.5,1418.75,1419.5,21
2024-05-30 10:27:00,1419.5,1419.5,1417.4,1419.35,31
2024-05-30 10:28:00,1419.35,1419.95,1419.0,1419.9,52
2024-05-30 10:29:00,1419.9,1419.9,1419.8,1419.8,1
2024-05-30 10:30:00,1419.8,1419.8,1418.5,1419.8,4
2024-05-30 10:31:00,1419.8,1419.8,1419.8,1419.8,1
2024-05-30 10:32:00,1419.8,1419.8,1418.05,1418.95,66
2024-05-30 10:33:00,1418.95,1418.95,1418.95,1418.95,1
2024-05-30 10:34:00,1418.95,1418.95,1418.95,1418.95,1
2024-05-30 10:35:00,1418.95,1418.95,1418.95,1418.95,7
2024-05-30 10:36:00,1418.95,1418.95,1418.95,1418.95,1
2024-05-30 10:37:00,1418.95,1418.95,1418.95,1418.95,1
2024-05-30 10:38:00,1418.95,1419.0,1418.95,1419.0,12
2024-05-30 10:39:00,1419.0,1419.0,1419.0,1419.0,16
2024-05-30 10:40:00,1419.0,1419.0,1418.3,1419.0,3
2024-05-30 10:41:00,1419.0,1419.0,1417.15,1417.15,71
2024-05-30 10:42:00,1417.15,1418.4,1417.15,1418.4,1
2024-05-30 10:43:00,1418.4,1418.9,1418.4,1418.9,1
2024-05-30 10:44:00,1418.9,1422.95,1418.9,1422.45,803
2024-05-30 10:45:00,1422.45,1423.0,1421.35,1422.6,90
2024-05-30 10:46:00,1422.6,1422.6,1422.55,1422.55,1
2024-05-30 10:47:00,1421.3,1422.45,1421.3,1421.35,5
2024-05-30 10:48:00,1421.35,1422.45,1421.35,1422.45,1
2024-05-30 10:49:00,1422.45,1422.45,1420.7,1422.2,39
2024-05-30 10:50:00,1422.2,1422.2,1420.85,1422.2,4
2024-05-30 10:51:00,1422.2,1422.3,1422.2,1422.3,1
2024-05-30 10:52:00,1422.3,1422.3,1421.0,1421.8,3
2024-05-30 10:53:00,1421.8,1422.35,1421.8,1422.35,1
2024-05-30 10:54:00,1422.35,1422.35,1422.35,1422.35,1
2024-05-30 10:55:00,1422.35,1422.35,1421.1,1422.3,18
2024-05-30 10:56:00,1422.3,1422.3,1422.3,1422.3,1
2024-05-30 10:57:00,1422.3,1422.3,1421.4,1422.0,2
2024-05-30 10:58:00,1422.0,1422.0,1421.45,1421.5,15
2024-05-30 10:59:00,1421.5,1422.15,1421.2,1422.15,9
2024-05-30 11:00:00,1422.15,1422.2,1422.15,1422.2,1
2024-05-30 11:01:00,1422.2,1422.2,1421.35,1421.4,9
2024-05-30 11:02:00,1418.55,1420.95,1418.55,1420.95,715
2024-05-30 11:03:00,1420.95,1420.95,1419.2,1420.65,89
2024-05-30 11:04:00,1420.65,1420.65,1420.6,1420.6,7
2024-05-30 11:05:00,1420.6,1421.75,1420.6,1421.75,93
2024-05-30 11:06:00,1420.65,1421.9,1420.65,1421.9,94
2024-05-30 11:07:00,1421.9,1421.95,1421.9,1421.95,11
2024-05-30 11:08:00,1421.95,1421.95,1421.85,1421.9,141
2024-05-30 11:09:00,1421.9,1421.9,1419.85,1419.85,45
2024-05-30 11:10:00,1419.85,1421.25,1419.85,1421.25,8
2024-05-30 11:11:00,1421.25,1421.35,1419.85,1421.35,13
2024-05-30 11:12:00,1421.35,1421.35,1419.85,1419.85,13
2024-05-30 11:13:00,1419.85,1421.35,1419.85,1421.35,2
2024-05-30 11:14:00,1421.35,1421.45,1420.1,1421.45,3
2024-05-30 11:15:00,1421.45,1421.5,1420.25,1420.25,9
2024-05-30 11:16:00,1420.25,1421.6,1420.25,1420.4,9
2024-05-30 11:17:00,1420.4,1420.4,1417.55,1417.85,297
2024-05-30 11:18:00,1417.85,1419.25,1417.85,1419.25,1
2024-05-30 11:19:00,1419.25,1419.25,1418.1,1419.15,19
2024-05-30 11:20:00,1419.15,1419.15,1418.15,1419.15,12
2024-05-30 11:21:00,1419.15,1419.15,1418.15,1419.1,33
2024-05-30 11:22:00,1419.1,1419.1,1418.15,1419.0,8
2024-05-30 11:23:00,1419.0,1419.85,1419.0,1419.85,16
2024-05-30 11:24:00,1419.85,1419.85,1417.25,1418.45,51
2024-05-30 11:25:00,1418.45,1418.45,1417.05,1418.35,8
2024-05-30 11:26:00,1418.35,1418.35,1418.35,1418.35,0
2024-05-30 11:27:00,1418.35,1418.35,1417.05,1417.05,7
2024-05-30 11:28:00,1417.05,1417.05,1417.05,1417.05,0
2024-05-30 11:29:00,1417.05,1417.05,1410.9,1410.9,114
2024-05-30 11:30:00,1410.9,1415.65,1410.9,1415.65,406
2024-05-30 11:31:00,1415.65,1415.65,1415.65,1415.65,0
2024-05-30 11:32:00,1415.65,1415.65,1415.65,1415.65,0
2024-05-30 11:33:00,1415.65,1415.65,1415.65,1415.65,0
2024-05-30 11:34:00,1415.65,1415.65,1415.65,1415.65,0
2024-05-30 11:35:00,1415.65,1415.65,1413.3,1413.3,7
2024-05-30 11:36:00,1413.3,1413.3,1413.3,1413.3,0
2024-05-30 11:37:00,1413.3,1413.3,1413.3,1413.3,0
2024-05-30 11:38:00,1413.3,1415.35,1413.15,1413.15,43
2024-05-30 11:39:00,1413.15,1413.15,1413.15,1413.15,0
2024-05-30 11:40:00,1413.15,1413.15,1413.15,1413.15,0
2024-05-30 11:41:00,1413.15,1414.95,1413.15,1414.95,60
2024-05-30 11:42:00,1414.95,1414.95,1414.95,1414.95,0
2024-05-30 11:43:00,1414.95,1414.95,1412.65,1414.95,185
2024-05-30 11:44:00,1414.95,1414.95,1414.95,1414.95,8
2024-05-30 11:45:00,1414.95,1414.95,1413.2,1413.2,2
2024-05-30 11:46:00,1413.2,1413.2,1413.15,1413.15,6
2024-05-30 11:47:00,1413.15,1413.15,1412.8,1412.8,5
2024-05-30 11:48:00,1412.8,1414.2,1412.65,1414.2,5
2024-05-30 11:49:00,1414.2,1414.3,1412.7,1414.25,25
2024-05-30 11:50:00,1414.25,1414.3,1412.65,1414.3,8
2024-05-30 11:51:00,1414.3,1414.3,1412.85,1412.85,3
2024-05-30 11:52:00,1412.05,1414.1,1412.05,1413.1,91
2024-05-30 11:53:00,1413.1,1414.1,1413.1,1414.1,1
2024-05-30 11:54:00,1414.1,1414.1,1414.1,1414.1,0
2024-05-30 11:55:00,1414.1,1414.1,1414.1,1414.1,0
2024-05-30 11:56:00,1414.1,1414.1,1414.1,1414.1,0
2024-05-30 11:57:00,1414.1,1414.1,1414.1,1414.1,0
2024-05-30 11:58:00,1414.1,1414.1,1414.1,1414.1,0
2024-05-30 11:59:00,1414.1,1414.15,1412.55,1412.55,25
2024-05-30 12:00:00,1412.55,1412.55,1412.55,1412.55,3
2024-05-30 12:01:00,1412.55,1412.55,1412.55,1412.55,0
2024-05-30 12:02:00,1412.55,1412.55,1412.55,1412.55,0
2024-05-30 12:03:00,1412.55,1413.85,1412.1,1413.85,50
2024-05-30 12:04:00,1413.85,1414.1,1413.0,1413.95,31
2024-05-30 12:05:00,1413.95,1413.95,1413.95,1413.95,0
2024-05-30 12:06:00,1413.95,1414.95,1413.95,1414.95,9
2024-05-30 12:07:00,1414.95,1415.5,1414.95,1415.5,21
2024-05-30 12:08:00,1415.5,1415.5,1414.85,1414.85,9
2024-05-30 12:09:00,1414.85,1414.85,1414.85,1414.85,0
2024-05-30 12:10:00,1414.85,1414.85,1414.85,1414.85,0
2024-05-30 12:11:00,1414.85,1415.25,1414.05,1415.25,9
2024-05-30 12:12:00,1415.25,1415.25,1414.0,1414.0,6
2024-05-30 12:13:00,1414.0,1414.0,1414.0,1414.0,0
2024-05-30 12:14:00,1414.0,1415.2,1414.0,1415.2,6
2024-05-30 12:15:00,1415.2,1415.2,1414.0,1414.0,1
2024-05-30 12:16:00,1414.0,1414.0,1414.0,1414.0,0
2024-05-30 12:17:00,1414.0,1414.7,1413.95,1414.0,175
2024-05-30 12:18:00,1414.0,1414.0,1413.95,1413.95,13
2024-05-30 12:19:00,1413.95,1413.95,1413.95,1413.95,0
2024-05-30 12:20:00,1413.95,1413.95,1412.7,1412.7,4
2024-05-30 12:21:00,1412.7,1412.7,1412.45,1412.45,4
2024-05-30 12:22:00,1412.45,1412.45,1412.2,1412.2,5
2024-05-30 12:23:00,1412.1,1412.1,1412.1,1412.1,4
2024-05-30 12:24:00,1412.1,1414.1,1412.1,1414.1,50
2024-05-30 12:25:00,1414.1,1414.1,1414.1,1414.1,0
2024-05-30 12:26:00,1414.1,1414.1,1414.1,1414.1,0
2024-05-30 12:27:00,1414.1,1414.1,1412.65,1414.0,18
2024-05-30 12:28:00,1414.0,1414.0,1414.0,1414.0,0
2024-05-30 12:29:00,1412.05,1414.55,1410.05,1414.55,445
2024-05-30 12:30:00,1414.55,1414.55,1414.55,1414.55,0
2024-05-30 12:31:00,1414.55,1414.55,1414.55,1414.55,0
2024-05-30 12:32:00,1414.55,1414.55,1414.55,1414.55,0
2024-05-30 12:33:00,1414.55,1414.55,1414.55,1414.55,0
2024-05-30 12:34:00,1414.55,1414.55,1414.55,1414.55,14
2024-05-30 12:35:00,1414.55,1415.35,1414.55,1415.35,139
2024-05-30 12:36:00,1415.35,1416.75,1415.35,1416.75,1
2024-05-30 12:37:00,1416.75,1416.75,1415.2,1415.2,17
2024-05-30 12:38:00,1415.2,1415.2,1415.2,1415.2,13
2024-05-30 12:39:00,1415.2,1415.25,1415.2,1415.25,5
2024-05-30 12:40:00,1415.25,1415.25,1415.25,1415.25,4
2024-05-30 12:41:00,1415.25,1415.25,1415.0,1415.0,5
2024-05-30 12:42:00,1415.0,1416.65,1415.0,1416.65,25
2024-05-30 12:43:00,1416.65,1416.65,1415.1,1415.1,10
2024-05-30 12:44:00,1415.1,1416.6,1415.1,1416.6,71
2024-05-30 12:45:00,1416.6,1416.6,1415.25,1415.25,117
2024-05-30 12:46:00,1416.85,1421.7,1416.85,1419.05,355
2024-05-30 12:47:00,1419.05,1420.1,1419.05,1420.1,30
2024-05-30 12:48:00,1420.2,1420.2,1420.2,1420.2,1
2024-05-30 12:49:00,1420.2,1420.45,1420.2,1420.45,2
2024-05-30 12:50:00,1420.45,1420.45,1420.2,1420.2,30
2024-05-30 12:51:00,1420.2,1420.35,1420.2,1420.35,5
2024-05-30 12:52:00,1420.35,1420.35,1420.2,1420.2,6
2024-05-30 12:53:00,1420.2,1420.2,1420.2,1420.2,0
2024-05-30 12:54:00,1420.2,1420.2,1420.2,1420.2,0
2024-05-30 12:55:00,1420.2,1421.0,1420.2,1420.65,226
2024-05-30 12:56:00,1420.65,1420.65,1420.65,1420.65,0
2024-05-30 12:57:00,1420.65,1423.0,1420.65,1423.0,549
2024-05-30 12:58:00,1423.0,1423.0,1423.0,1423.0,0
2024-05-30 12:59:00,1423.0,1423.0,1420.8,1420.8,0
2024-05-30 13:00:00,1420.8,1422.95,1420.8,1422.95,146
2024-05-30 13:01:00,1422.95,1422.95,1422.95,1422.95,0
2024-05-30 13:02:00,1422.95,1422.95,1422.95,1422.95,0
2024-05-30 13:03:00,1422.95,1422.95,1422.95,1422.95,0
2024-05-30 13:04:00,1422.95,1422.95,1421.5,1421.5,5
2024-05-30 13:05:00,1421.5,1421.5,1421.5,1421.5,0
2024-05-30 13:06:00,1421.5,1421.5,1421.5,1421.5,0
2024-05-30 13:07:00,1421.5,1422.95,1421.5,1422.95,14
2024-05-30 13:08:00,1422.95,1425.95,1422.9,1425.95,643
2024-05-30 13:09:00,1425.95,1425.95,1425.0,1425.0,47
2024-05-30 13:10:00,1425.0,1425.0,1425.0,1425.0,12
2024-05-30 13:11:00,1425.0,1425.05,1425.0,1425.05,31
2024-05-30 13:12:00,1425.05,1425.05,1425.05,1425.05,0
2024-05-30 13:13:00,1425.05,1425.05,1425.0,1425.0,1
2024-05-30 13:14:00,1425.0,1425.0,1425.0,1425.0,3
2024-05-30 13:15:00,1425.0,1425.05,1425.0,1425.05,200
2024-05-30 13:16:00,1425.0,1425.0,1425.0,1425.0,11
2024-05-30 13:17:00,1425.0,1425.0,1425.0,1425.0,7
2024-05-30 13:18:00,1425.0,1425.0,1424.65,1424.65,10
2024-05-30 13:19:00,1424.65,1425.0,1424.65,1425.0,120
2024-05-30 13:20:00,1425.0,1425.0,1425.0,1425.0,48
2024-05-30 13:21:00,1425.0,1426.75,1422.05,1426.75,1098
2024-05-30 13:22:00,1426.75,1426.75,1426.7,1426.7,82
2024-05-30 13:23:00,1426.7,1426.7,1422.05,1425.05,829
2024-05-30 13:24:00,1425.05,1425.1,1425.0,1425.0,197
2024-05-30 13:25:00,1425.0,1426.0,1425.0,1426.0,133
2024-05-30 13:26:00,1426.0,1427.3,1426.0,1426.45,72
2024-05-30 13:27:00,1426.45,1426.45,1426.45,1426.45,0
2024-05-30 13:28:00,1426.45,1426.45,1426.0,1426.45,141
2024-05-30 13:29:00,1426.45,1426.45,1426.0,1426.0,65
2024-05-30 13:30:00,1426.0,1426.0,1426.0,1426.0,0
2024-05-30 13:31:00,1426.0,1426.0,1425.05,1425.05,12
2024-05-30 13:32:00,1425.05,1425.05,1425.05,1425.05,0
2024-05-30 13:33:00,1426.3,1426.3,1424.0,1425.0,997
2024-05-30 13:34:00,1425.0,1425.4,1422.05,1423.95,548
2024-05-30 13:35:00,1424.6,1425.65,1424.6,1425.65,757
2024-05-30 13:36:00,1425.65,1425.75,1424.95,1425.75,529
2024-05-30 13:37:00,1425.75,1425.75,1424.95,1425.0,209
2024-05-30 13:38:00,1425.0,1426.3,1425.0,1426.3,206
2024-05-30 13:39:00,1426.3,1427.6,1426.3,1427.6,200
2024-05-30 13:40:00,1427.6,1427.6,1423.45,1425.0,207
2024-05-30 13:41:00,1425.0,1425.0,1425.0,1425.0,13
2024-05-30 13:42:00,1425.0,1425.2,1422.05,1422.05,268
2024-05-30 13:43:00,1422.05,1425.05,1422.05,1425.05,225
2024-05-30 13:44:00,1425.05,1425.05,1425.05,1425.05,0
2024-05-30 13:45:00,1425.05,1425.05,1425.05,1425.05,0
2024-05-30 13:46:00,1425.05,1425.05,1424.3,1425.0,274
2024-05-30 13:47:00,1425.0,1425.0,1425.0,1425.0,0
2024-05-30 13:48:00,1425.0,1425.0,1425.0,1425.0,0
2024-05-30 13:49:00,1425.0,1425.05,1424.95,1425.05,280
2024-05-30 13:50:00,1425.05,1425.05,1425.05,1425.05,0
2024-05-30 13:51:00,1425.05,1425.05,1424.95,1424.95,79
2024-05-30 13:52:00,1424.95,1428.9,1424.95,1428.9,165
2024-05-30 13:53:00,1428.9,1428.9,1428.75,1428.75,10
2024-05-30 13:54:00,1428.75,1428.75,1428.75,1428.75,0
2024-05-30 13:55:00,1428.8,1428.8,1426.4,1426.4,333
2024-05-30 13:56:00,1426.4,1426.4,1426.4,1426.4,0
2024-05-30 13:57:00,1426.4,1426.4,1425.65,1425.65,33
2024-05-30 13:58:00,1425.0,1425.0,1424.95,1425.0,146
2024-05-30 13:59:00,1425.0,1425.0,1425.0,1425.0,44
2024-05-30 14:00:00,1425.0,1425.0,1425.0,1425.0,21
2024-05-30 14:01:00,1425.0,1425.0,1425.0,1425.0,25
2024-05-30 14:02:00,1425.0,1425.2,1423.65,1424.45,150
2024-05-30 14:03:00,1424.45,1425.0,1423.65,1423.65,18
2024-05-30 14:04:00,1423.65,1425.0,1423.65,1425.0,3
2024-05-30 14:05:00,1425.0,1425.0,1425.0,1425.0,30
2024-05-30 14:06:00,1425.0,1426.0,1425.0,1426.0,144
2024-05-30 14:07:00,1426.0,1426.05,1426.0,1426.05,7
2024-05-30 14:08:00,1426.05,1426.05,1424.3,1424.3,649
2024-05-30 14:09:00,1424.3,1424.3,1424.3,1424.3,0
2024-05-30 14:10:00,1424.3,1425.0,1423.0,1425.0,117
2024-05-30 14:11:00,1425.0,1425.0,1423.1,1425.0,78
2024-05-30 14:12:00,1425.0,1425.0,1423.65,1425.0,212
2024-05-30 14:13:00,1425.0,1425.0,1425.0,1425.0,30
2024-05-30 14:14:00,1425.0,1425.0,1425.0,1425.0,0
2024-05-30 14:15:00,1425.0,1425.2,1425.0,1425.2,325
2024-05-30 14:16:00,1424.05,1425.0,1424.05,1425.0,140
2024-05-30 14:17:00,1425.0,1425.2,1423.65,1425.2,248
2024-05-30 14:18:00,1425.2,1425.2,1425.0,1425.0,44
2024-05-30 14:19:00,1425.0,1425.0,1425.0,1425.0,12
2024-05-30 14:20:00,1425.0,1425.15,1425.0,1425.15,205
2024-05-30 14:21:00,1425.15,1425.15,1425.15,1425.15,0
2024-05-30 14:22:00,1425.15,1425.15,1424.0,1424.95,50
2024-05-30 14:23:00,1424.95,1425.0,1424.95,1425.0,22
2024-05-30 14:24:00,1425.0,1425.0,1425.0,1425.0,0
2024-05-30 14:25:00,1425.0,1425.0,1425.0,1425.0,1
2024-05-30 14:26:00,1425.0,1425.0,1425.0,1425.0,10
2024-05-30 14:27:00,1425.0,1425.0,1425.0,1425.0,50
2024-05-30 14:28:00,1425.0,1425.2,1424.95,1425.0,35
2024-05-30 14:29:00,1425.0,1425.0,1425.0,1425.0,15
2024-05-30 14:30:00,1425.0,1425.2,1425.0,1425.2,56
2024-05-30 14:31:00,1425.2,1425.2,1425.2,1425.2,2
2024-05-30 14:32:00,1425.2,1425.2,1425.2,1425.2,4
2024-05-30 14:33:00,1425.2,1425.5,1425.0,1425.5,563
2024-05-30 14:34:00,1425.9,1425.9,1425.15,1425.15,310
2024-05-30 14:35:00,1425.15,1425.15,1425.0,1425.0,49
2024-05-30 14:36:00,1425.0,1425.65,1423.75,1424.9,236
2024-05-30 14:37:00,1424.9,1425.0,1420.1,1425.0,1428
2024-05-30 14:38:00,1425.0,1425.2,1425.0,1425.2,187
2024-05-30 14:39:00,1425.2,1425.5,1424.5,1425.5,152
2024-05-30 14:40:00,1425.5,1425.5,1424.1,1425.0,89
2024-05-30 14:41:00,1425.0,1425.0,1425.0,1425.0,106
2024-05-30 14:42:00,1425.0,1425.0,1425.0,1425.0,3
2024-05-30 14:43:00,1425.0,1425.8,1421.45,1425.0,452
2024-05-30 14:44:00,1425.1,1425.1,1423.05,1425.05,1294
2024-05-30 14:45:00,1425.0,1425.4,1423.25,1425.3,410
2024-05-30 14:46:00,1425.05,1425.3,1425.0,1425.0,30
2024-05-30 14:47:00,1425.0,1425.6,1425.0,1425.6,287
2024-05-30 14:48:00,1425.6,1425.6,1425.6,1425.6,0
2024-05-30 14:49:00,1425.6,1425.6,1423.55,1425.0,108
2024-05-30 14:50:00,1425.0,1425.0,1425.0,1425.0,0
2024-05-30 14:51:00,1425.0,1425.0,1425.0,1425.0,7
2024-05-30 14:52:00,1425.0,1425.0,1424.85,1425.0,2563
2024-05-30 14:53:00,1425.0,1425.75,1424.5,1425.75,526
2024-05-30 14:54:00,1425.75,1425.75,1424.95,1425.0,496
2024-05-30 14:55:00,1425.0,1425.0,1425.0,1425.0,0
2024-05-30 14:56:00,1425.0,1425.0,1424.05,1425.0,72
2024-05-30 14:57:00,1425.0,1425.2,1425.0,1425.0,40
2024-05-30 14:58:00,1425.0,1425.2,1424.0,1425.0,201
2024-05-30 14:59:00,1425.0,1425.0,1425.0,1425.0,177
2024-05-30 15:00:00,1425.0,1425.7,1424.85,1425.0,662
2024-05-30 15:01:00,1425.0,1425.7,1425.0,1425.7,72
2024-05-30 15:02:00,1425.0,1425.7,1423.6,1425.0,824
2024-05-30 15:03:00,1425.0,1425.55,1423.05,1425.0,485
2024-05-30 15:04:00,1425.0,1425.65,1425.0,1425.0,25
2024-05-30 15:05:00,1425.0,1425.65,1425.0,1425.0,37
2024-05-30 15:06:00,1425.0,1425.75,1425.0,1425.0,361
2024-05-30 15:07:00,1425.0,1425.4,1425.0,1425.4,269
2024-05-30 15:08:00,1425.4,1425.75,1425.0,1425.0,35
2024-05-30 15:09:00,1425.0,1426.0,1425.0,1425.05,54
2024-05-30 15:10:00,1425.0,1426.0,1425.0,1425.9,58
2024-05-30 15:11:00,1425.0,1425.85,1425.0,1425.0,69
2024-05-30 15:12:00,1425.0,1425.55,1425.0,1425.5,26
2024-05-30 15:13:00,1425.0,1425.5,1423.85,1425.0,288
2024-05-30 15:14:00,1425.0,1425.05,1423.7,1425.0,245
2024-05-30 15:15:00,1425.0,1425.5,1420.65,1425.5,906
2024-05-30 15:16:00,1425.0,1426.0,1423.65,1425.0,1795
2024-05-30 15:17:00,1425.0,1425.6,1424.05,1425.0,246
2024-05-30 15:18:00,1425.0,1425.1,1423.55,1425.0,114
2024-05-30 15:19:00,1425.0,1425.1,1424.05,1425.0,223
2024-05-30 15:20:00,1425.0,1425.05,1423.4,1425.0,394
2024-05-30 15:21:00,1425.0,1425.05,1423.55,1425.0,388
2024-05-30 15:22:00,1425.0,1425.5,1425.0,1425.5,1512
2024-05-30 15:23:00,1425.3,1426.0,1424.5,1425.95,170
2024-05-30 15:24:00,1424.0,1425.3,1424.0,1425.05,211
2024-05-30 15:25:00,1425.0,1425.1,1425.0,1425.0,36
2024-05-30 15:26:00,1425.0,1425.8,1424.85,1425.8,90
2024-05-30 15:27:00,1425.8,1426.35,1425.0,1426.3,95
2024-05-30 15:28:00,1426.35,1426.35,1418.65,1425.0,1417
2024-05-30 15:29:00,1425.0,1429.95,1425.0,1429.95,169
2024-05-31 09:15:00,1429.95,1429.95,1419.6,1419.6,301
2024-05-31 09:16:00,1422.5,1422.5,1419.9,1419.9,28
2024-05-31 09:17:00,1419.9,1422.95,1419.9,1422.95,47
2024-05-31 09:18:00,1422.95,1424.35,1422.95,1424.35,10
2024-05-31 09:19:00,1424.35,1428.3,1422.9,1425.8,367
2024-05-31 09:20:00,1425.8,1425.8,1422.65,1422.65,75
2024-05-31 09:21:00,1422.65,1422.65,1422.0,1422.0,0
2024-05-31 09:22:00,1422.0,1422.0,1422.0,1422.0,50
2024-05-31 09:23:00,1419.95,1419.95,1419.95,1419.95,25
2024-05-31 09:24:00,1419.95,1419.95,1419.15,1419.15,132
2024-05-31 09:25:00,1419.15,1419.15,1419.15,1419.15,0
2024-05-31 09:26:00,1419.15,1420.0,1418.25,1420.0,16
2024-05-31 09:27:00,1420.0,1420.0,1420.0,1420.0,0
2024-05-31 09:28:00,1420.0,1420.55,1420.0,1420.55,3
2024-05-31 09:29:00,1420.55,1420.55,1418.3,1418.3,50
2024-05-31 09:30:00,1418.9,1418.9,1416.8,1418.3,96
2024-05-31 09:31:00,1418.3,1418.3,1418.3,1418.3,0
2024-05-31 09:32:00,1418.3,1419.3,1417.0,1419.3,412
2024-05-31 09:33:00,1419.3,1419.3,1419.3,1419.3,0
2024-05-31 09:34:00,1419.3,1419.3,1418.05,1418.05,69
2024-05-31 09:35:00,1418.05,1418.9,1418.05,1418.9,1
2024-05-31 09:36:00,1418.9,1418.9,1418.0,1418.0,1
2024-05-31 09:37:00,1418.0,1419.3,1418.0,1419.3,0
2024-05-31 09:38:00,1419.3,1419.3,1419.3,1419.3,4
2024-05-31 09:39:00,1419.3,1419.3,1419.3,1419.3,1
2024-05-31 09:40:00,1419.3,1419.3,1418.0,1418.0,101
2024-05-31 09:41:00,1418.75,1418.75,1418.75,1418.75,70
2024-05-31 09:42:00,1418.75,1418.75,1416.8,1416.8,2
2024-05-31 09:43:00,1416.8,1417.45,1415.4,1415.4,45
2024-05-31 09:44:00,1415.4,1415.4,1412.0,1414.0,403
2024-05-31 09:45:00,1414.0,1414.15,1414.0,1414.15,2
2024-05-31 09:46:00,1414.15,1414.45,1412.65,1414.45,17
2024-05-31 09:47:00,1414.45,1414.5,1411.2,1411.2,1
2024-05-31 09:48:00,1411.2,1413.6,1411.0,1413.6,193
2024-05-31 09:49:00,1413.6,1413.6,1413.6,1413.6,0
2024-05-31 09:50:00,1413.6,1413.6,1413.6,1413.6,0
2024-05-31 09:51:00,1413.6,1414.2,1412.2,1412.2,3
2024-05-31 09:52:00,1412.2,1414.2,1412.2,1413.95,16
2024-05-31 09:53:00,1413.95,1414.2,1411.25,1414.2,94
2024-05-31 09:54:00,1414.2,1414.4,1414.2,1414.3,14
2024-05-31 09:55:00,1414.3,1414.3,1414.3,1414.3,0
2024-05-31 09:56:00,1414.3,1414.3,1414.25,1414.25,1
2024-05-31 09:57:00,1414.25,1414.25,1411.8,1413.55,13
2024-05-31 09:58:00,1413.55,1413.55,1413.55,1413.55,0
2024-05-31 09:59:00,1413.55,1413.55,1413.55,1413.55,0
2024-05-31 10:00:00,1413.55,1413.55,1413.55,1413.55,0
2024-05-31 10:01:00,1413.55,1413.55,1409.9,1411.8,237
2024-05-31 10:02:00,1411.8,1411.8,1411.8,1411.8,1
2024-05-31 10:03:00,1411.8,1411.8,1408.7,1408.7,35
2024-05-31 10:04:00,1408.7,1410.7,1408.0,1410.7,244
2024-05-31 10:05:00,1410.7,1415.95,1410.7,1415.95,491
2024-05-31 10:06:00,1415.95,1415.95,1415.0,1415.0,28
2024-05-31 10:07:00,1415.0,1415.0,1415.0,1415.0,0
2024-05-31 10:08:00,1415.0,1416.1,1413.6,1415.7,1104
2024-05-31 10:09:00,1415.7,1416.8,1415.7,1416.0,216
2024-05-31 10:10:00,1416.0,1416.0,1416.0,1416.0,0
2024-05-31 10:11:00,1416.0,1416.6,1416.0,1416.6,13
2024-05-31 10:12:00,1416.6,1416.6,1416.6,1416.6,10
2024-05-31 10:13:00,1416.6,1416.6,1416.6,1416.6,0
2024-05-31 10:14:00,1416.6,1416.6,1416.6,1416.6,0
2024-05-31 10:15:00,1414.95,1417.15,1414.95,1417.15,115
2024-05-31 10:16:00,1417.15,1417.15,1417.15,1417.15,0
2024-05-31 10:17:00,1417.15,1417.5,1416.95,1417.5,29
2024-05-31 10:18:00,1417.5,1420.8,1417.5,1420.8,73
2024-05-31 10:19:00,1419.4,1420.45,1419.4,1420.45,74
2024-05-31 10:20:00,1420.45,1420.45,1420.45,1420.45,0
2024-05-31 10:21:00,1420.45,1420.45,1420.45,1420.45,1
2024-05-31 10:22:00,1420.45,1420.45,1420.45,1420.45,0
2024-05-31 10:23:00,1420.45,1420.45,1420.45,1420.45,0
2024-05-31 10:24:00,1420.45,1420.45,1419.3,1419.4,26
2024-05-31 10:25:00,1419.4,1419.4,1419.4,1419.4,0
2024-05-31 10:26:00,1419.4,1419.4,1416.2,1416.2,1
2024-05-31 10:27:00,1416.2,1416.2,1416.2,1416.2,64
2024-05-31 10:28:00,1416.2,1416.2,1416.2,1416.2,100
2024-05-31 10:29:00,1416.2,1416.2,1416.2,1416.2,0
2024-05-31 10:30:00,1416.2,1416.2,1416.2,1416.2,0
2024-05-31 10:31:00,1416.2,1416.2,1414.95,1414.95,44
2024-05-31 10:32:00,1414.95,1414.95,1414.95,1414.95,0
2024-05-31 10:33:00,1414.95,1414.95,1414.95,1414.95,0
2024-05-31 10:34:00,1414.95,1414.95,1414.95,1414.95,0
2024-05-31 10:35:00,1414.95,1414.95,1414.95,1414.95,0
2024-05-31 10:36:00,1414.95,1414.95,1414.95,1414.95,0
2024-05-31 10:37:00,1414.95,1416.5,1414.15,1416.5,139
2024-05-31 10:38:00,1416.5,1416.5,1416.5,1416.5,0
2024-05-31 10:39:00,1416.5,1416.5,1416.5,1416.5,0
2024-05-31 10:40:00,1415.0,1416.4,1415.0,1416.4,23
2024-05-31 10:41:00,1416.4,1416.4,1416.4,1416.4,0
2024-05-31 10:42:00,1416.4,1416.4,1416.4,1416.4,0
2024-05-31 10:43:00,1416.4,1416.4,1416.4,1416.4,0
2024-05-31 10:44:00,1416.4,1416.4,1416.4,1416.4,0
2024-05-31 10:45:00,1416.4,1416.4,1416.4,1416.4,0
2024-05-31 10:46:00,1416.4,1416.4,1415.0,1415.0,0
2024-05-31 10:47:00,1415.0,1415.0,1415.0,1415.0,13
2024-05-31 10:48:00,1415.0,1415.0,1415.0,1415.0,1
2024-05-31 10:49:00,1415.0,1415.0,1415.0,1415.0,0
2024-05-31 10:50:00,1415.0,1416.25,1413.65,1415.0,193
2024-05-31 10:51:00,1415.0,1415.0,1415.0,1415.0,0
2024-05-31 10:52:00,1415.0,1416.7,1415.0,1416.7,2
2024-05-31 10:53:00,1416.7,1416.7,1416.7,1416.7,0
2024-05-31 10:54:00,1416.7,1416.7,1416.7,1416.7,0
2024-05-31 10:55:00,1416.7,1416.7,1416.7,1416.7,0
2024-05-31 10:56:00,1416.7,1416.7,1416.65,1416.65,1
2024-05-31 10:57:00,1416.65,1416.65,1416.65,1416.65,0
2024-05-31 10:58:00,1416.65,1416.65,1416.65,1416.65,0
2024-05-31 10:59:00,1416.65,1416.65,1416.65,1416.65,0
2024-05-31 11:00:00,1416.65,1416.65,1416.65,1416.65,0
2024-05-31 11:01:00,1416.65,1416.65,1416.65,1416.65,0
2024-05-31 11:02:00,1416.65,1416.65,1413.05,1415.0,229
2024-05-31 11:03:00,1413.9,1415.5,1413.9,1415.5,36
2024-05-31 11:04:00,1415.5,1415.5,1415.0,1415.0,12
2024-05-31 11:05:00,1415.0,1415.0,1415.0,1415.0,0
2024-05-31 11:06:00,1415.0,1415.0,1414.25,1414.25,12
2024-05-31 11:07:00,1414.25,1414.25,1414.25,1414.25,0
2024-05-31 11:08:00,1414.25,1414.25,1414.25,1414.25,60
2024-05-31 11:09:00,1414.25,1414.25,1414.25,1414.25,0
2024-05-31 11:10:00,1414.25,1414.25,1414.25,1414.25,0
2024-05-31 11:11:00,1414.25,1414.25,1414.25,1414.25,0
2024-05-31 11:12:00,1414.25,1414.25,1414.25,1414.25,0
2024-05-31 11:13:00,1414.25,1415.95,1409.85,1413.2,4990
2024-05-31 11:14:00,1413.2,1415.0,1413.2,1415.0,3
2024-05-31 11:15:00,1415.0,1415.0,1412.45,1412.45,32
2024-05-31 11:16:00,1412.45,1413.25,1411.05,1411.1,5
2024-05-31 11:17:00,1411.1,1411.35,1411.05,1411.35,6
2024-05-31 11:18:00,1411.35,1411.35,1411.35,1411.35,0
2024-05-31 11:19:00,1411.35,1411.35,1408.05,1408.05,16
2024-05-31 11:20:00,1408.05,1409.55,1408.05,1409.55,68
2024-05-31 11:21:00,1409.55,1409.55,1409.45,1409.45,8
2024-05-31 11:22:00,1409.45,1409.45,1409.45,1409.45,0
2024-05-31 11:23:00,1409.45,1409.45,1409.45,1409.45,0
2024-05-31 11:24:00,1409.45,1409.45,1409.45,1409.45,0
2024-05-31 11:25:00,1409.6,1409.6,1409.6,1409.6,1
2024-05-31 11:26:00,1409.6,1409.6,1409.6,1409.6,15
2024-05-31 11:27:00,1409.6,1409.6,1405.05,1407.8,418
2024-05-31 11:28:00,1407.8,1407.95,1407.8,1407.95,3
2024-05-31 11:29:00,1407.95,1408.05,1407.85,1408.05,6
2024-05-31 11:30:00,1408.05,1408.95,1408.05,1408.95,25
2024-05-31 11:31:00,1408.95,1409.4,1408.95,1409.4,13
2024-05-31 11:32:00,1409.4,1409.5,1409.4,1409.5,6
2024-05-31 11:33:00,1409.5,1409.5,1407.45,1408.75,13
2024-05-31 11:34:00,1408.75,1408.75,1408.35,1408.35,7
2024-05-31 11:35:00,1408.35,1408.35,1406.35,1407.65,2
2024-05-31 11:36:00,1407.65,1407.65,1405.4,1406.9,14
2024-05-31 11:37:00,1406.9,1406.9,1406.9,1406.9,0
2024-05-31 11:38:00,1406.9,1406.9,1406.9,1406.9,0
2024-05-31 11:39:00,1406.9,1406.9,1406.9,1406.9,0
2024-05-31 11:40:00,1406.9,1406.9,1405.05,1405.05,3
2024-05-31 11:41:00,1405.05,1406.9,1404.0,1404.0,3
2024-05-31 11:42:00,1404.85,1404.85,1403.3,1403.3,544
2024-05-31 11:43:00,1403.3,1405.2,1400.05,1402.25,812
2024-05-31 11:44:00,1402.25,1402.6,1400.35,1400.4,14
2024-05-31 11:45:00,1400.4,1402.5,1398.45,1401.55,320
2024-05-31 11:46:00,1401.55,1401.55,1401.55,1401.55,0
2024-05-31 11:47:00,1401.55,1401.55,1401.55,1401.55,0
2024-05-31 11:48:00,1401.55,1401.55,1401.55,1401.55,0
2024-05-31 11:49:00,1401.55,1403.95,1401.55,1402.25,83
2024-05-31 11:50:00,1402.25,1403.8,1402.25,1403.75,41
2024-05-31 11:51:00,1403.75,1403.8,1403.75,1403.8,5
2024-05-31 11:52:00,1403.8,1403.85,1403.8,1403.85,8
2024-05-31 11:53:00,1403.85,1403.85,1403.85,1403.85,4
2024-05-31 11:54:00,1403.85,1403.85,1402.0,1403.8,22
2024-05-31 11:55:00,1403.8,1403.8,1403.8,1403.8,0
2024-05-31 11:56:00,1403.8,1403.8,1403.75,1403.8,7
2024-05-31 11:57:00,1403.8,1403.85,1403.8,1403.85,1
2024-05-31 11:58:00,1403.85,1403.85,1403.85,1403.85,3
2024-05-31 11:59:00,1403.85,1403.9,1403.85,1403.9,1
2024-05-31 12:00:00,1403.9,1403.9,1403.9,1403.9,2
2024-05-31 12:01:00,1402.0,1402.7,1402.0,1402.7,62
2024-05-31 12:02:00,1402.7,1402.75,1402.7,1402.75,1
2024-05-31 12:03:00,1402.75,1402.75,1402.75,1402.75,0
2024-05-31 12:04:00,1402.75,1402.75,1402.75,1402.75,2
2024-05-31 12:05:00,1402.65,1402.65,1402.65,1402.65,2
2024-05-31 12:06:00,1402.65,1402.65,1402.65,1402.65,4
2024-05-31 12:07:00,1402.65,1402.65,1402.65,1402.65,2
2024-05-31 12:08:00,1402.65,1402.65,1400.5,1401.85,41
2024-05-31 12:09:00,1401.85,1401.9,1401.85,1401.85,4
2024-05-31 12:10:00,1401.85,1401.9,1401.85,1401.9,2
2024-05-31 12:11:00,1401.9,1401.9,1401.9,1401.9,2
2024-05-31 12:12:00,1401.9,1401.95,1401.9,1401.95,1
2024-05-31 12:13:00,1401.95,1402.0,1401.95,1402.0,1
2024-05-31 12:14:00,1402.0,1402.0,1401.9,1402.0,7
2024-05-31 12:15:00,1402.0,1402.0,1402.0,1402.0,2
2024-05-31 12:16:00,1402.0,1402.0,1402.0,1402.0,22
2024-05-31 12:17:00,1402.0,1402.1,1402.0,1402.1,54
2024-05-31 12:18:00,1402.1,1402.3,1402.05,1402.3,13
2024-05-31 12:19:00,1402.3,1402.3,1400.3,1402.25,7
2024-05-31 12:20:00,1402.25,1402.25,1402.25,1402.25,1
2024-05-31 12:21:00,1402.25,1402.45,1402.25,1402.45,1
2024-05-31 12:22:00,1402.45,1402.45,1402.45,1402.45,4
2024-05-31 12:23:00,1402.45,1402.65,1402.45,1402.65,1
2024-05-31 12:24:00,1400.0,1402.1,1394.25,1402.1,2389
2024-05-31 12:25:00,1402.1,1402.1,1402.1,1402.1,3
2024-05-31 12:26:00,1402.1,1402.1,1402.1,1402.1,2
2024-05-31 12:27:00,1402.1,1402.1,1402.1,1402.1,2
2024-05-31 12:28:00,1402.1,1402.1,1402.1,1402.1,2
2024-05-31 12:29:00,1402.1,1402.1,1402.1,1402.1,2
2024-05-31 12:30:00,1402.1,1402.1,1402.1,1402.1,2
2024-05-31 12:31:00,1402.1,1402.6,1402.1,1402.6,32
2024-05-31 12:32:00,1402.6,1402.65,1402.6,1402.65,11
2024-05-31 12:33:00,1402.65,1402.65,1402.65,1402.65,3
2024-05-31 12:34:00,1402.65,1402.65,1402.65,1402.65,2
2024-05-31 12:35:00,1403.1,1403.5,1401.5,1403.5,36
2024-05-31 12:36:00,1403.5,1403.5,1403.5,1403.5,1
2024-05-31 12:37:00,1403.5,1403.5,1403.5,1403.5,4
2024-05-31 12:38:00,1403.5,1404.75,1402.75,1403.95,159
2024-05-31 12:39:00,1403.95,1404.75,1403.95,1404.75,3
2024-05-31 12:40:00,1404.75,1404.75,1404.75,1404.75,2
2024-05-31 12:41:00,1404.75,1404.8,1402.85,1404.15,46
2024-05-31 12:42:00,1404.15,1404.9,1404.15,1404.9,68
2024-05-31 12:43:00,1404.9,1405.0,1404.9,1405.0,1
2024-05-31 12:44:00,1405.0,1406.15,1405.0,1406.15,5
2024-05-31 12:45:00,1406.15,1406.15,1406.1,1406.1,1
2024-05-31 12:46:00,1406.1,1406.15,1406.1,1406.15,1
2024-05-31 12:47:00,1406.15,1406.4,1406.15,1406.4,1
2024-05-31 12:48:00,1406.4,1406.4,1406.4,1406.4,4
2024-05-31 12:49:00,1406.4,1406.4,1406.4,1406.4,2
2024-05-31 12:50:00,1406.4,1406.4,1406.4,1406.4,1
2024-05-31 12:51:00,1406.4,1406.4,1404.75,1404.75,15
2024-05-31 12:52:00,1404.75,1404.75,1404.75,1404.75,0
2024-05-31 12:53:00,1404.75,1406.2,1404.75,1405.0,4
2024-05-31 12:54:00,1405.0,1405.0,1403.0,1403.0,8
2024-05-31 12:55:00,1403.0,1404.6,1403.0,1404.6,4
2024-05-31 12:56:00,1404.6,1404.6,1404.6,1404.6,2
2024-05-31 12:57:00,1404.6,1404.6,1402.95,1402.95,12
2024-05-31 12:58:00,1402.95,1404.6,1402.95,1404.6,33
2024-05-31 12:59:00,1404.6,1404.6,1403.95,1403.95,10
2024-05-31 13:00:00,1403.95,1403.95,1398.85,1400.75,236
2024-05-31 13:01:00,1400.75,1401.35,1400.75,1401.35,29
2024-05-31 13:02:00,1401.35,1401.35,1401.35,1401.35,0
2024-05-31 13:03:00,1401.35,1401.35,1401.35,1401.35,3
2024-05-31 13:04:00,1401.35,1401.35,1399.4,1400.5,4
2024-05-31 13:05:00,1400.5,1400.5,1399.3,1399.3,12
2024-05-31 13:06:00,1399.3,1399.3,1399.3,1399.3,0
2024-05-31 13:07:00,1399.3,1401.1,1399.3,1401.1,10
2024-05-31 13:08:00,1401.1,1401.1,1401.1,1401.1,0
2024-05-31 13:09:00,1401.1,1401.1,1401.1,1401.1,0
2024-05-31 13:10:00,1401.1,1401.1,1401.1,1401.1,0
2024-05-31 13:11:00,1401.1,1401.1,1399.25,1400.95,12
2024-05-31 13:12:00,1400.95,1401.25,1399.25,1401.25,3
2024-05-31 13:13:00,1401.25,1401.25,1398.8,1398.8,75
2024-05-31 13:14:00,1398.8,1399.05,1398.05,1399.05,170
2024-05-31 13:15:00,1399.05,1399.35,1399.05,1399.15,3
2024-05-31 13:16:00,1399.15,1399.15,1399.15,1399.15,0
2024-05-31 13:17:00,1399.15,1399.15,1397.0,1399.0,81
2024-05-31 13:18:00,1399.0,1399.0,1399.0,1399.0,0
2024-05-31 13:19:00,1399.0,1399.0,1399.0,1399.0,0
2024-05-31 13:20:00,1399.0,1399.0,1397.05,1397.1,16
2024-05-31 13:21:00,1397.1,1399.05,1397.1,1399.05,8
2024-05-31 13:22:00,1399.05,1399.05,1396.3,1397.75,28
2024-05-31 13:23:00,1397.75,1397.75,1396.1,1396.1,10
2024-05-31 13:24:00,1396.1,1399.0,1396.0,1399.0,89
2024-05-31 13:25:00,1399.0,1399.0,1396.45,1396.45,2
2024-05-31 13:26:00,1396.45,1396.5,1396.45,1396.5,1
2024-05-31 13:27:00,1396.5,1399.2,1396.5,1399.2,80
2024-05-31 13:28:00,1399.2,1399.2,1399.2,1399.2,0
2024-05-31 13:29:00,1399.05,1399.5,1399.05,1399.5,117
2024-05-31 13:30:00,1399.5,1399.5,1399.5,1399.5,0
2024-05-31 13:31:00,1399.5,1399.5,1399.5,1399.5,0
2024-05-31 13:32:00,1399.5,1400.05,1399.5,1400.05,13
2024-05-31 13:33:00,1400.05,1400.05,1399.85,1399.9,1
2024-05-31 13:34:00,1399.9,1400.35,1399.1,1399.1,269
2024-05-31 13:35:00,1399.1,1399.1,1399.1,1399.1,1
2024-05-31 13:36:00,1399.1,1399.1,1398.2,1398.2,2
2024-05-31 13:37:00,1398.2,1399.7,1398.2,1399.7,27
2024-05-31 13:38:00,1399.7,1405.0,1399.7,1402.75,993
2024-05-31 13:39:00,1405.05,1406.4,1404.15,1406.2,246
2024-05-31 13:40:00,1406.2,1406.2,1406.2,1406.2,1
2024-05-31 13:41:00,1406.2,1406.2,1406.2,1406.2,0
2024-05-31 13:42:00,1406.2,1406.2,1406.2,1406.2,0
2024-05-31 13:43:00,1406.2,1406.2,1406.2,1406.2,0
2024-05-31 13:44:00,1406.2,1406.2,1406.2,1406.2,0
2024-05-31 13:45:00,1406.2,1406.2,1406.2,1406.2,0
2024-05-31 13:46:00,1406.2,1406.2,1404.95,1405.75,37
2024-05-31 13:47:00,1405.75,1405.75,1403.15,1405.0,546
2024-05-31 13:48:00,1405.0,1405.0,1404.95,1405.0,86
2024-05-31 13:49:00,1405.0,1405.0,1404.95,1405.0,83
2024-05-31 13:50:00,1405.0,1405.0,1405.0,1405.0,73
2024-05-31 13:51:00,1405.0,1405.0,1405.0,1405.0,9
2024-05-31 13:52:00,1403.05,1404.9,1403.05,1404.9,67
2024-05-31 13:53:00,1404.9,1405.0,1404.85,1404.85,82
2024-05-31 13:54:00,1404.85,1405.0,1403.05,1405.0,82
2024-05-31 13:55:00,1405.0,1405.0,1402.5,1403.95,53
2024-05-31 13:56:00,1403.95,1403.95,1401.4,1401.4,3
2024-05-31 13:57:00,1401.4,1402.3,1400.25,1402.3,43
2024-05-31 13:58:00,1402.3,1402.3,1400.7,1400.7,20
2024-05-31 13:59:00,1400.7,1400.7,1400.7,1400.7,0
2024-05-31 14:00:00,1402.65,1405.0,1402.65,1405.0,500
2024-05-31 14:01:00,1405.0,1405.0,1404.95,1405.0,329
2024-05-31 14:02:00,1405.0,1405.0,1405.0,1405.0,62
2024-05-31 14:03:00,1405.0,1405.0,1404.9,1404.9,112
2024-05-31 14:04:00,1404.9,1405.0,1404.85,1405.0,81
2024-05-31 14:05:00,1405.0,1405.0,1404.95,1405.0,111
2024-05-31 14:06:00,1405.0,1405.0,1404.9,1405.0,105
2024-05-31 14:07:00,1405.0,1405.0,1405.0,1405.0,88
2024-05-31 14:08:00,1405.0,1405.0,1405.0,1405.0,84
2024-05-31 14:09:00,1405.0,1405.0,1399.8,1400.0,2179
2024-05-31 14:10:00,1400.0,1400.0,1400.0,1400.0,0
2024-05-31 14:11:00,1400.0,1400.0,1400.0,1400.0,0
2024-05-31 14:12:00,1400.0,1400.5,1400.0,1400.5,15
2024-05-31 14:13:00,1400.5,1400.5,1399.7,1399.7,3
2024-05-31 14:14:00,1399.7,1399.7,1399.7,1399.7,0
2024-05-31 14:15:00,1399.7,1399.7,1399.7,1399.7,0
2024-05-31 14:16:00,1399.7,1399.7,1399.1,1399.1,20
2024-05-31 14:17:00,1399.1,1400.0,1399.1,1400.0,40
2024-05-31 14:18:00,1400.0,1400.0,1400.0,1400.0,0
2024-05-31 14:19:00,1400.0,1400.0,1400.0,1400.0,1
2024-05-31 14:20:00,1400.0,1400.0,1400.0,1400.0,0
2024-05-31 14:21:00,1400.0,1400.0,1400.0,1400.0,0
2024-05-31 14:22:00,1400.0,1400.0,1400.0,1400.0,0
2024-05-31 14:23:00,1400.0,1400.0,1400.0,1400.0,0
2024-05-31 14:24:00,1400.0,1400.0,1400.0,1400.0,0
2024-05-31 14:25:00,1400.0,1400.0,1400.0,1400.0,12
2024-05-31 14:26:00,1400.0,1400.0,1400.0,1400.0,0
2024-05-31 14:27:00,1400.0,1400.0,1400.0,1400.0,8
2024-05-31 14:28:00,1400.0,1400.0,1400.0,1400.0,0
2024-05-31 14:29:00,1400.0,1400.0,1400.0,1400.0,20
2024-05-31 14:30:00,1400.0,1400.0,1400.0,1400.0,0
2024-05-31 14:31:00,1400.0,1403.15,1399.45,1401.25,2191
2024-05-31 14:32:00,1401.25,1406.9,1401.25,1406.9,990
2024-05-31 14:33:00,1406.9,1413.2,1406.9,1412.85,628
2024-05-31 14:34:00,1412.85,1412.95,1412.85,1412.95,3
2024-05-31 14:35:00,1412.95,1413.5,1412.6,1413.5,175
2024-05-31 14:36:00,1413.5,1413.5,1411.65,1411.8,27
2024-05-31 14:37:00,1411.8,1414.6,1411.8,1414.6,126
2024-05-31 14:38:00,1414.6,1414.6,1414.6,1414.6,0
2024-05-31 14:39:00,1414.6,1414.65,1414.6,1414.65,117
2024-05-31 14:40:00,1414.65,1414.65,1414.65,1414.65,19
2024-05-31 14:41:00,1414.65,1414.65,1413.0,1413.0,9
2024-05-31 14:42:00,1413.0,1413.0,1412.5,1412.5,26
2024-05-31 14:43:00,1412.5,1412.5,1412.5,1412.5,0
2024-05-31 14:44:00,1412.5,1412.5,1412.5,1412.5,0
2024-05-31 14:45:00,1412.5,1412.5,1410.7,1410.7,28
2024-05-31 14:46:00,1410.7,1410.75,1409.65,1410.3,115
2024-05-31 14:47:00,1410.3,1410.3,1410.3,1410.3,0
2024-05-31 14:48:00,1410.3,1410.3,1410.25,1410.25,25
2024-05-31 14:49:00,1410.2,1417.9,1410.2,1416.1,1643
2024-05-31 14:50:00,1416.1,1416.1,1415.05,1415.05,5
2024-05-31 14:51:00,1415.05,1415.05,1415.05,1415.05,96
2024-05-31 14:52:00,1415.05,1415.05,1415.05,1415.05,21
2024-05-31 14:53:00,1415.05,1415.3,1415.05,1415.3,37
2024-05-31 14:54:00,1415.3,1415.3,1415.15,1415.2,14
2024-05-31 14:55:00,1414.95,1416.0,1414.95,1414.95,237
2024-05-31 14:56:00,1414.95,1415.0,1413.0,1413.0,1135
2024-05-31 14:57:00,1413.0,1413.0,1408.5,1408.55,15
2024-05-31 14:58:00,1408.55,1412.7,1408.5,1412.7,43
2024-05-31 14:59:00,1414.35,1415.0,1413.75,1413.75,564
2024-05-31 15:00:00,1413.55,1416.05,1411.9,1415.85,8076
2024-05-31 15:01:00,1416.5,1424.95,1416.5,1424.95,5490
2024-05-31 15:02:00,1424.95,1434.95,1410.0,1417.95,42862
2024-05-31 15:03:00,1417.95,1443.0,1417.45,1443.0,6978
2024-05-31 15:04:00,1443.95,1453.0,1441.65,1451.25,9087
2024-05-31 15:05:00,1449.95,1472.25,1449.95,1466.35,7739
2024-05-31 15:06:00,1467.0,1484.0,1465.25,1482.8,7774
2024-05-31 15:07:00,1483.85,1485.0,1477.15,1481.3,10140
2024-05-31 15:08:00,1481.5,1488.8,1477.75,1487.3,7777
2024-05-31 15:09:00,1487.3,1490.45,1482.8,1484.65,10141
2024-05-31 15:10:00,1484.4,1486.4,1482.85,1485.0,7465
2024-05-31 15:11:00,1485.0,1496.0,1484.4,1491.05,5971
2024-05-31 15:12:00,1491.05,1493.7,1482.6,1482.6,4610
2024-05-31 15:13:00,1483.3,1483.3,1457.25,1460.0,12543
2024-05-31 15:14:00,1460.0,1460.0,1457.25,1459.35,9804
2024-05-31 15:15:00,1457.25,1460.0,1456.5,1459.35,6849
2024-05-31 15:16:00,1458.55,1460.0,1453.85,1454.15,6615
2024-05-31 15:17:00,1456.05,1460.0,1456.0,1458.15,5247
2024-05-31 15:18:00,1459.55,1460.0,1457.45,1460.0,5672
2024-05-31 15:19:00,1459.5,1460.0,1458.0,1458.0,5257
2024-05-31 15:20:00,1458.0,1461.0,1458.0,1461.0,6870
2024-05-31 15:21:00,1460.6,1460.7,1451.15,1451.15,8209
2024-05-31 15:22:00,1451.0,1451.0,1430.95,1437.05,5193
2024-05-31 15:23:00,1437.05,1449.45,1435.55,1447.45,6737
2024-05-31 15:24:00,1447.45,1450.0,1431.6,1450.0,6180
2024-05-31 15:25:00,1450.0,1450.0,1449.75,1450.0,8511
2024-05-31 15:26:00,1449.8,1450.0,1446.5,1449.55,3772
2024-05-31 15:27:00,1449.35,1450.0,1448.9,1449.65,5168
2024-05-31 15:28:00,1450.0,1450.0,1448.9,1449.6,1779
2024-05-31 15:29:00,1449.6,1450.0,1449.05,1449.95,1400
2024-06-03 09:15:00,1461.15,1467.0,1459.0,1465.0,558
2024-06-03 09:16:00,1465.0,1467.9,1461.65,1461.65,336
2024-06-03 09:17:00,1461.65,1463.05,1460.0,1460.0,320
2024-06-03 09:18:00,1460.0,1461.05,1451.8,1451.8,493
2024-06-03 09:19:00,1452.35,1454.6,1452.35,1454.0,45
2024-06-03 09:20:00,1454.0,1455.0,1453.3,1453.3,80
2024-06-03 09:21:00,1454.9,1454.9,1451.05,1451.25,695
2024-06-03 09:22:00,1451.15,1452.9,1451.15,1452.15,166
2024-06-03 09:23:00,1452.15,1455.25,1452.0,1455.25,140
2024-06-03 09:24:00,1455.25,1456.05,1455.25,1456.05,28
2024-06-03 09:25:00,1456.05,1458.95,1456.05,1458.95,67
2024-06-03 09:26:00,1458.95,1459.45,1457.4,1457.4,11
2024-06-03 09:27:00,1455.45,1455.45,1452.5,1453.55,506
2024-06-03 09:28:00,1453.55,1455.8,1453.55,1455.8,46
2024-06-03 09:29:00,1455.8,1455.8,1454.0,1454.0,98
2024-06-03 09:30:00,1455.0,1456.45,1454.5,1454.5,130
2024-06-03 09:31:00,1454.5,1454.5,1454.15,1454.5,72
2024-06-03 09:32:00,1454.5,1454.5,1454.05,1454.05,2
2024-06-03 09:33:00,1454.05,1454.05,1454.05,1454.05,3
2024-06-03 09:34:00,1454.05,1454.05,1452.2,1452.5,121
2024-06-03 09:35:00,1452.5,1452.5,1452.5,1452.5,0
2024-06-03 09:36:00,1452.5,1454.2,1451.25,1451.25,243
2024-06-03 09:37:00,1451.25,1451.5,1450.0,1450.95,118
2024-06-03 09:38:00,1450.95,1450.95,1450.95,1450.95,0
2024-06-03 09:39:00,1450.95,1454.0,1450.95,1454.0,110
2024-06-03 09:40:00,1452.25,1452.25,1450.0,1450.0,261
2024-06-03 09:41:00,1449.95,1451.95,1449.95,1451.5,138
2024-06-03 09:42:00,1451.45,1451.8,1451.3,1451.75,15
2024-06-03 09:43:00,1451.75,1451.75,1451.75,1451.75,77
2024-06-03 09:44:00,1451.75,1451.75,1451.75,1451.75,0
2024-06-03 09:45:00,1451.75,1451.75,1450.0,1450.0,562
2024-06-03 09:46:00,1450.0,1450.0,1449.9,1449.9,44
2024-06-03 09:47:00,1449.9,1449.9,1448.1,1448.1,21
2024-06-03 09:48:00,1448.1,1448.1,1446.9,1446.9,159
2024-06-03 09:49:00,1446.9,1448.2,1446.65,1446.65,28
2024-06-03 09:50:00,1446.65,1446.65,1445.3,1445.3,5
2024-06-03 09:51:00,1445.3,1445.3,1445.2,1445.2,16
2024-06-03 09:52:00,1445.2,1446.15,1444.7,1444.95,205
2024-06-03 09:53:00,1446.15,1446.95,1444.95,1445.05,230
2024-06-03 09:54:00,1445.05,1447.9,1445.05,1447.9,3
2024-06-03 09:55:00,1447.9,1447.9,1446.9,1446.9,11
2024-06-03 09:56:00,1446.9,1446.9,1446.85,1446.85,23
2024-06-03 09:57:00,1446.85,1446.85,1446.85,1446.85,0
2024-06-03 09:58:00,1446.85,1448.8,1446.85,1448.8,34
2024-06-03 09:59:00,1448.8,1448.8,1445.4,1445.4,260
2024-06-03 10:00:00,1445.4,1447.75,1445.4,1447.75,30
2024-06-03 10:01:00,1446.5,1446.5,1446.2,1446.2,15
2024-06-03 10:02:00,1446.2,1446.2,1444.95,1444.95,102
2024-06-03 10:03:00,1444.95,1444.95,1444.95,1444.95,0
2024-06-03 10:04:00,1444.95,1446.2,1444.95,1446.2,1
2024-06-03 10:05:00,1446.2,1446.2,1439.25,1440.0,1663
2024-06-03 10:06:00,1435.0,1440.0,1435.0,1437.2,1360
2024-06-03 10:07:00,1437.2,1437.45,1435.7,1436.4,71
2024-06-03 10:08:00,1435.7,1437.05,1435.7,1437.05,140
2024-06-03 10:09:00,1437.05,1437.05,1436.75,1436.75,37
2024-06-03 10:10:00,1436.75,1436.75,1436.75,1436.75,1
2024-06-03 10:11:00,1436.75,1436.8,1435.0,1436.8,236
2024-06-03 10:12:00,1436.8,1438.5,1435.6,1438.5,171
2024-06-03 10:13:00,1438.5,1438.5,1438.5,1438.5,1
2024-06-03 10:14:00,1438.5,1438.5,1438.5,1438.5,5
2024-06-03 10:15:00,1438.5,1438.5,1436.6,1438.45,33
2024-06-03 10:16:00,1438.45,1438.5,1436.7,1437.8,62
2024-06-03 10:17:00,1436.05,1437.4,1436.05,1436.05,54
2024-06-03 10:18:00,1436.05,1436.05,1436.05,1436.05,0
2024-06-03 10:19:00,1436.05,1436.05,1436.05,1436.05,9
2024-06-03 10:20:00,1436.05,1436.1,1436.05,1436.1,3
2024-06-03 10:21:00,1436.1,1436.2,1436.05,1436.05,32
2024-06-03 10:22:00,1436.05,1436.4,1436.05,1436.4,20
2024-06-03 10:23:00,1436.4,1436.4,1436.4,1436.4,12
2024-06-03 10:24:00,1436.4,1436.95,1436.4,1436.95,19
2024-06-03 10:25:00,1436.95,1436.95,1436.95,1436.95,0
2024-06-03 10:26:00,1436.95,1438.55,1436.95,1438.55,50
2024-06-03 10:27:00,1438.55,1438.55,1437.95,1438.2,11
2024-06-03 10:28:00,1440.0,1441.8,1440.0,1441.1,102
2024-06-03 10:29:00,1441.1,1441.1,1439.1,1439.1,29
2024-06-03 10:30:00,1439.1,1440.4,1438.0,1438.8,154
2024-06-03 10:31:00,1438.8,1439.9,1438.25,1439.9,14
2024-06-03 10:32:00,1439.9,1440.0,1438.05,1440.0,206
2024-06-03 10:33:00,1440.0,1440.0,1438.4,1438.4,63
2024-06-03 10:34:00,1438.4,1439.95,1438.4,1439.95,25
2024-06-03 10:35:00,1439.95,1439.95,1437.1,1437.1,84
2024-06-03 10:36:00,1437.1,1438.0,1436.8,1438.0,112
2024-06-03 10:37:00,1438.0,1438.5,1438.0,1438.5,1
2024-06-03 10:38:00,1438.5,1438.5,1436.4,1437.35,122
2024-06-03 10:39:00,1437.35,1437.35,1437.0,1437.0,1
2024-06-03 10:40:00,1437.0,1437.75,1436.8,1436.8,4
2024-06-03 10:41:00,1436.8,1437.65,1436.4,1436.6,64
2024-06-03 10:42:00,1436.8,1437.2,1435.3,1436.7,154
2024-06-03 10:43:00,1436.7,1436.9,1436.7,1436.9,14
2024-06-03 10:44:00,1436.9,1436.9,1435.25,1436.85,46
2024-06-03 10:45:00,1436.85,1436.85,1435.25,1436.75,58
2024-06-03 10:46:00,1436.75,1437.2,1435.3,1437.2,52
2024-06-03 10:47:00,1437.2,1437.2,1437.15,1437.15,14
2024-06-03 10:48:00,1437.15,1437.25,1436.15,1436.15,57
2024-06-03 10:49:00,1435.3,1436.1,1435.0,1435.95,66
2024-06-03 10:50:00,1435.95,1436.0,1432.55,1432.55,97
2024-06-03 10:51:00,1433.3,1433.3,1432.0,1432.85,71
2024-06-03 10:52:00,1432.85,1432.85,1432.05,1432.05,8
2024-06-03 10:53:00,1432.05,1433.25,1431.0,1431.0,31
2024-06-03 10:54:00,1431.0,1432.45,1431.0,1432.45,154
2024-06-03 10:55:00,1432.45,1433.95,1431.6,1433.25,311
2024-06-03 10:56:00,1433.25,1433.25,1431.3,1431.3,38
2024-06-03 10:57:00,1431.3,1431.8,1430.2,1431.8,109
2024-06-03 10:58:00,1431.8,1431.8,1428.9,1430.05,620
2024-06-03 10:59:00,1430.05,1430.4,1429.2,1430.0,100
2024-06-03 11:00:00,1430.0,1431.1,1428.4,1428.4,34
2024-06-03 11:01:00,1430.5,1430.5,1428.65,1428.75,34
2024-06-03 11:02:00,1428.75,1428.85,1428.75,1428.85,2
2024-06-03 11:03:00,1428.85,1428.85,1428.85,1428.85,4
2024-06-03 11:04:00,1428.85,1428.85,1428.7,1428.7,28
2024-06-03 11:05:00,1428.7,1429.7,1426.6,1426.6,105
2024-06-03 11:06:00,1426.6,1427.85,1426.05,1426.05,62
2024-06-03 11:07:00,1426.05,1426.1,1425.0,1426.1,105
2024-06-03 11:08:00,1426.1,1427.0,1426.1,1427.0,3
2024-06-03 11:09:00,1427.0,1427.05,1426.1,1427.05,39
2024-06-03 11:10:00,1427.05,1427.05,1427.05,1427.05,7
2024-06-03 11:11:00,1427.05,1427.65,1427.05,1427.65,2
2024-06-03 11:12:00,1427.65,1427.65,1427.0,1427.0,2
2024-06-03 11:13:00,1427.0,1427.0,1427.0,1427.0,0
2024-06-03 11:14:00,1427.0,1427.0,1427.0,1427.0,0
2024-06-03 11:15:00,1427.0,1427.05,1427.0,1427.05,2
2024-06-03 11:16:00,1427.05,1427.05,1427.05,1427.05,0
2024-06-03 11:17:00,1427.05,1431.75,1427.05,1431.75,304
2024-06-03 11:18:00,1431.75,1432.35,1431.75,1432.35,3
2024-06-03 11:19:00,1431.05,1432.75,1431.05,1432.75,7
2024-06-03 11:20:00,1432.75,1434.6,1432.75,1433.05,4
2024-06-03 11:21:00,1433.05,1434.55,1433.05,1434.55,5
2024-06-03 11:22:00,1434.55,1434.55,1433.65,1433.65,4
2024-06-03 11:23:00,1433.65,1434.5,1433.65,1433.75,6
2024-06-03 11:24:00,1433.75,1433.75,1432.2,1433.25,165
2024-06-03 11:25:00,1433.25,1433.25,1433.1,1433.1,39
2024-06-03 11:26:00,1433.1,1433.1,1431.6,1433.1,3
2024-06-03 11:27:00,1433.1,1433.1,1430.55,1430.55,19
2024-06-03 11:28:00,1430.55,1431.95,1430.55,1431.9,24
2024-06-03 11:29:00,1431.9,1432.25,1431.9,1432.25,2
2024-06-03 11:30:00,1432.25,1433.15,1432.25,1433.15,3
2024-06-03 11:31:00,1433.15,1433.15,1432.0,1432.4,21
2024-06-03 11:32:00,1432.4,1433.15,1432.4,1433.15,3
2024-06-03 11:33:00,1433.15,1433.15,1430.0,1430.0,244
2024-06-03 11:34:00,1430.0,1430.85,1429.85,1430.85,35
2024-06-03 11:35:00,1430.85,1430.85,1430.0,1430.85,39
2024-06-03 11:36:00,1430.85,1432.3,1430.85,1431.1,5
2024-06-03 11:37:00,1431.1,1432.95,1431.1,1432.95,3
2024-06-03 11:38:00,1432.95,1432.95,1432.95,1432.95,3
2024-06-03 11:39:00,1432.95,1432.95,1431.5,1432.6,106
2024-06-03 11:40:00,1432.6,1432.9,1432.6,1432.9,4
2024-06-03 11:41:00,1432.9,1432.95,1432.8,1432.95,3
2024-06-03 11:42:00,1432.95,1434.5,1432.95,1434.5,14
2024-06-03 11:43:00,1434.5,1436.05,1433.3,1433.65,218
2024-06-03 11:44:00,1433.65,1433.65,1430.95,1432.7,76
2024-06-03 11:45:00,1432.7,1432.7,1430.8,1430.8,2
2024-06-03 11:46:00,1430.8,1434.1,1428.05,1434.1,354
2024-06-03 11:47:00,1434.1,1434.3,1433.4,1433.75,30
2024-06-03 11:48:00,1433.75,1433.75,1431.5,1432.15,33
2024-06-03 11:49:00,1432.15,1433.9,1432.15,1432.45,29
2024-06-03 11:50:00,1432.45,1433.95,1432.45,1433.95,38
2024-06-03 11:51:00,1433.95,1434.35,1433.95,1434.35,3
2024-06-03 11:52:00,1434.35,1434.35,1432.75,1433.6,38
2024-06-03 11:53:00,1433.6,1434.95,1433.6,1433.75,4
2024-06-03 11:54:00,1433.75,1435.0,1433.75,1435.0,3
2024-06-03 11:55:00,1435.0,1436.9,1434.45,1435.45,35
2024-06-03 11:56:00,1435.45,1437.3,1435.45,1437.3,4
2024-06-03 11:57:00,1437.3,1437.3,1436.7,1436.7,2
2024-06-03 11:58:00,1436.7,1440.3,1436.7,1437.35,225
2024-06-03 11:59:00,1435.0,1436.6,1434.0,1436.6,132
2024-06-03 12:00:00,1436.6,1436.6,1436.55,1436.55,3
2024-06-03 12:01:00,1436.55,1437.0,1435.1,1437.0,82
2024-06-03 12:02:00,1437.0,1437.0,1436.1,1436.9,46
2024-06-03 12:03:00,1435.2,1437.25,1435.2,1437.25,23
2024-06-03 12:04:00,1437.25,1437.45,1435.45,1435.45,16
2024-06-03 12:05:00,1435.45,1437.3,1435.4,1436.45,5
2024-06-03 12:06:00,1435.0,1436.7,1433.5,1433.5,137
2024-06-03 12:07:00,1433.5,1436.95,1433.5,1436.95,27
2024-06-03 12:08:00,1436.95,1436.95,1434.6,1435.8,14
2024-06-03 12:09:00,1435.8,1435.8,1434.7,1434.75,13
2024-06-03 12:10:00,1434.75,1436.15,1434.75,1436.15,6
2024-06-03 12:11:00,1436.15,1437.3,1436.15,1436.5,3
2024-06-03 12:12:00,1436.5,1437.0,1434.6,1434.6,75
2024-06-03 12:13:00,1434.6,1436.65,1434.6,1436.65,44
2024-06-03 12:14:00,1436.65,1437.25,1436.65,1437.25,4
2024-06-03 12:15:00,1437.25,1437.4,1437.25,1437.4,2
2024-06-03 12:16:00,1437.4,1437.5,1436.7,1437.5,18
2024-06-03 12:17:00,1437.5,1437.5,1435.95,1436.75,19
2024-06-03 12:18:00,1436.75,1436.75,1434.0,1434.0,22
2024-06-03 12:19:00,1434.0,1436.1,1434.0,1436.05,36
2024-06-03 12:20:00,1436.05,1436.35,1434.35,1434.35,1
2024-06-03 12:21:00,1434.35,1434.35,1434.35,1434.35,10
2024-06-03 12:22:00,1434.35,1434.85,1433.75,1433.75,2
2024-06-03 12:23:00,1433.75,1434.5,1433.75,1434.5,1
2024-06-03 12:24:00,1434.5,1434.5,1434.5,1434.5,0
2024-06-03 12:25:00,1435.55,1435.65,1433.45,1433.45,47
2024-06-03 12:26:00,1433.45,1433.85,1431.65,1433.85,31
2024-06-03 12:27:00,1433.85,1433.85,1433.85,1433.85,10
2024-06-03 12:28:00,1433.85,1435.2,1433.85,1435.2,1
2024-06-03 12:29:00,1433.3,1434.35,1433.3,1434.35,10
2024-06-03 12:30:00,1434.35,1434.35,1434.35,1434.35,0
2024-06-03 12:31:00,1434.35,1434.35,1432.2,1432.2,13
2024-06-03 12:32:00,1432.2,1432.8,1427.5,1432.8,999
2024-06-03 12:33:00,1432.8,1432.8,1428.0,1429.2,149
2024-06-03 12:34:00,1429.2,1430.8,1429.2,1430.8,202
2024-06-03 12:35:00,1430.9,1431.35,1429.7,1431.35,18
2024-06-03 12:36:00,1431.0,1431.0,1430.2,1430.2,40
2024-06-03 12:37:00,1430.2,1430.9,1428.95,1429.55,36
2024-06-03 12:38:00,1429.55,1430.45,1429.55,1430.45,0
2024-06-03 12:39:00,1430.45,1435.0,1430.45,1435.0,432
2024-06-03 12:40:00,1435.0,1435.0,1431.55,1431.55,7
2024-06-03 12:41:00,1431.55,1431.55,1431.0,1431.0,1
2024-06-03 12:42:00,1433.2,1433.25,1433.2,1433.25,11
2024-06-03 12:43:00,1433.25,1433.6,1433.25,1433.6,1
2024-06-03 12:44:00,1432.1,1432.1,1432.1,1432.1,31
2024-06-03 12:45:00,1432.1,1432.55,1431.05,1431.05,7
2024-06-03 12:46:00,1431.05,1431.05,1430.05,1430.05,9
2024-06-03 12:47:00,1430.05,1431.0,1429.4,1431.0,29
2024-06-03 12:48:00,1431.0,1431.05,1431.0,1431.0,6
2024-06-03 12:49:00,1431.0,1431.0,1429.35,1429.35,44
2024-06-03 12:50:00,1429.35,1431.0,1429.3,1430.9,16
2024-06-03 12:51:00,1430.9,1430.9,1430.9,1430.9,0
2024-06-03 12:52:00,1430.9,1431.55,1429.15,1431.55,70
2024-06-03 12:53:00,1431.55,1431.55,1429.35,1431.0,52
2024-06-03 12:54:00,1431.0,1431.0,1431.0,1431.0,0
2024-06-03 12:55:00,1431.0,1431.05,1429.7,1430.6,13
2024-06-03 12:56:00,1430.6,1430.6,1429.8,1429.8,1
2024-06-03 12:57:00,1429.8,1430.65,1429.8,1430.65,3
2024-06-03 12:58:00,1430.65,1431.0,1430.5,1430.5,10
2024-06-03 12:59:00,1430.5,1430.5,1430.4,1430.4,20
2024-06-03 13:00:00,1430.4,1431.0,1428.95,1431.0,54
2024-06-03 13:01:00,1431.0,1431.0,1431.0,1431.0,29
2024-06-03 13:02:00,1431.0,1431.05,1431.0,1431.05,1
2024-06-03 13:03:00,1431.05,1431.1,1431.05,1431.1,7
2024-06-03 13:04:00,1431.1,1431.15,1431.1,1431.15,1
2024-06-03 13:05:00,1431.15,1431.15,1430.55,1430.95,128
2024-06-03 13:06:00,1430.95,1430.95,1430.95,1430.95,0
2024-06-03 13:07:00,1431.35,1431.35,1431.35,1431.35,4
2024-06-03 13:08:00,1431.35,1431.35,1430.0,1430.0,45
2024-06-03 13:09:00,1430.0,1430.0,1430.0,1430.0,0
2024-06-03 13:10:00,1430.0,1430.0,1429.4,1430.0,56
2024-06-03 13:11:00,1430.0,1430.0,1430.0,1430.0,0
2024-06-03 13:12:00,1430.0,1431.0,1429.2,1431.0,50
2024-06-03 13:13:00,1431.0,1431.6,1429.25,1431.6,37
2024-06-03 13:14:00,1431.6,1432.65,1431.6,1432.65,32
2024-06-03 13:15:00,1432.65,1434.35,1432.65,1434.35,1
2024-06-03 13:16:00,1434.35,1434.35,1432.5,1432.7,41
2024-06-03 13:17:00,1432.7,1432.7,1432.7,1432.7,0
2024-06-03 13:18:00,1432.7,1432.7,1432.7,1432.7,0
2024-06-03 13:19:00,1432.7,1432.7,1431.35,1431.35,17
2024-06-03 13:20:00,1431.35,1431.35,1431.0,1431.0,2
2024-06-03 13:21:00,1431.0,1431.05,1430.05,1431.05,37
2024-06-03 13:22:00,1431.05,1431.05,1431.05,1431.05,0
2024-06-03 13:23:00,1431.05,1431.05,1431.05,1431.05,0
2024-06-03 13:24:00,1431.05,1431.05,1431.0,1431.05,1
2024-06-03 13:25:00,1431.05,1432.95,1431.05,1432.95,52
2024-06-03 13:26:00,1432.95,1432.95,1432.95,1432.95,0
2024-06-03 13:27:00,1432.95,1432.95,1431.35,1431.35,31
2024-06-03 13:28:00,1431.35,1432.7,1431.05,1432.7,23
2024-06-03 13:29:00,1432.7,1432.7,1431.45,1431.45,3
2024-06-03 13:30:00,1431.45,1431.45,1431.45,1431.45,0
2024-06-03 13:31:00,1431.45,1431.45,1431.45,1431.45,28
2024-06-03 13:32:00,1431.45,1431.45,1430.4,1431.45,78
2024-06-03 13:33:00,1430.15,1431.85,1430.15,1431.85,37
2024-06-03 13:34:00,1431.85,1431.85,1431.85,1431.85,0
2024-06-03 13:35:00,1431.85,1433.1,1431.2,1431.2,89
2024-06-03 13:36:00,1431.2,1432.4,1431.2,1432.4,45
2024-06-03 13:37:00,1432.4,1432.4,1432.4,1432.4,15
2024-06-03 13:38:00,1432.4,1432.4,1431.0,1431.15,306
2024-06-03 13:39:00,1431.15,1431.15,1431.0,1431.1,84
2024-06-03 13:40:00,1431.1,1431.1,1430.9,1430.95,53
2024-06-03 13:41:00,1431.2,1431.2,1430.95,1430.95,83
2024-06-03 13:42:00,1430.95,1430.95,1430.95,1430.95,0
2024-06-03 13:43:00,1430.95,1430.95,1430.6,1430.6,10
2024-06-03 13:44:00,1430.6,1430.6,1430.6,1430.6,0
2024-06-03 13:45:00,1430.6,1430.65,1430.6,1430.65,1
2024-06-03 13:46:00,1430.65,1430.7,1430.5,1430.65,458
2024-06-03 13:47:00,1430.65,1430.65,1430.55,1430.65,100
2024-06-03 13:48:00,1430.65,1430.65,1430.05,1430.65,537
2024-06-03 13:49:00,1430.65,1430.65,1430.0,1430.05,214
2024-06-03 13:50:00,1430.35,1430.35,1430.05,1430.05,15
2024-06-03 13:51:00,1430.05,1430.05,1430.0,1430.0,287
2024-06-03 13:52:00,1430.0,1430.0,1427.05,1429.25,166
2024-06-03 13:53:00,1429.25,1429.25,1429.25,1429.25,0
2024-06-03 13:54:00,1429.25,1429.25,1428.15,1428.2,77
2024-06-03 13:55:00,1428.2,1428.2,1427.05,1427.05,1
2024-06-03 13:56:00,1427.05,1427.95,1426.6,1427.0,94
2024-06-03 13:57:00,1427.0,1427.0,1425.75,1425.75,53
2024-06-03 13:58:00,1425.75,1425.75,1424.95,1425.0,181
2024-06-03 13:59:00,1425.0,1425.0,1422.35,1422.35,154
2024-06-03 14:00:00,1421.75,1423.0,1421.75,1423.0,80
2024-06-03 14:01:00,1423.0,1425.0,1423.0,1424.55,55
2024-06-03 14:02:00,1424.55,1424.55,1424.15,1424.15,59
2024-06-03 14:03:00,1424.15,1424.15,1423.85,1423.85,56
2024-06-03 14:04:00,1423.85,1423.85,1423.7,1423.7,7
2024-06-03 14:05:00,1423.7,1423.7,1422.45,1422.45,43
2024-06-03 14:06:00,1422.45,1422.45,1422.4,1422.4,5
2024-06-03 14:07:00,1422.4,1422.4,1421.75,1421.75,161
2024-06-03 14:08:00,1421.75,1421.75,1421.75,1421.75,2
2024-06-03 14:09:00,1421.75,1421.75,1421.35,1421.35,62
2024-06-03 14:10:00,1421.35,1422.0,1421.35,1422.0,0
2024-06-03 14:11:00,1422.0,1423.35,1422.0,1423.35,10
2024-06-03 14:12:00,1423.35,1423.35,1421.1,1422.65,24
2024-06-03 14:13:00,1422.65,1422.65,1422.65,1422.65,0
2024-06-03 14:14:00,1422.65,1423.15,1422.65,1422.65,17
2024-06-03 14:15:00,1422.65,1422.65,1422.65,1422.65,30
2024-06-03 14:16:00,1422.65,1422.65,1422.65,1422.65,0
2024-06-03 14:17:00,1422.65,1422.65,1421.15,1421.15,15
2024-06-03 14:18:00,1421.15,1421.15,1421.15,1421.15,2
2024-06-03 14:19:00,1421.15,1421.75,1421.0,1421.0,147
2024-06-03 14:20:00,1421.0,1421.75,1420.05,1421.6,45
2024-06-03 14:21:00,1421.6,1421.6,1421.0,1421.0,23
2024-06-03 14:22:00,1421.0,1421.0,1421.0,1421.0,0
2024-06-03 14:23:00,1421.45,1421.7,1418.75,1421.7,20226
2024-06-03 14:24:00,1421.7,1422.4,1420.45,1422.4,878
2024-06-03 14:25:00,1422.4,1422.45,1422.4,1422.45,15
2024-06-03 14:26:00,1422.45,1423.1,1420.6,1422.35,92
2024-06-03 14:27:00,1422.35,1422.4,1422.35,1422.4,25
2024-06-03 14:28:00,1422.4,1422.85,1422.25,1422.25,29
2024-06-03 14:29:00,1422.25,1422.25,1422.05,1422.05,11
2024-06-03 14:30:00,1422.05,1422.05,1422.05,1422.05,0
2024-06-03 14:31:00,1422.8,1422.8,1422.8,1422.8,8
2024-06-03 14:32:00,1422.8,1423.35,1422.8,1423.05,47
2024-06-03 14:33:00,1423.05,1423.05,1422.0,1423.0,150
2024-06-03 14:34:00,1423.0,1423.0,1423.0,1423.0,7
2024-06-03 14:35:00,1423.0,1423.0,1421.7,1422.9,51
2024-06-03 14:36:00,1422.9,1422.9,1422.9,1422.9,13
2024-06-03 14:37:00,1422.9,1423.35,1422.9,1423.35,23
2024-06-03 14:38:00,1423.35,1423.35,1423.3,1423.3,7
2024-06-03 14:39:00,1423.3,1423.3,1423.05,1423.05,38
2024-06-03 14:40:00,1423.05,1423.05,1422.25,1422.25,30
2024-06-03 14:41:00,1422.25,1422.6,1422.25,1422.6,50
2024-06-03 14:42:00,1422.6,1422.6,1422.0,1422.0,1
2024-06-03 14:43:00,1422.55,1423.65,1422.55,1423.65,17
2024-06-03 14:44:00,1423.65,1424.75,1423.65,1424.75,43
2024-06-03 14:45:00,1424.75,1424.75,1422.1,1422.1,16
2024-06-03 14:46:00,1422.1,1423.4,1422.1,1422.4,25
2024-06-03 14:47:00,1422.4,1422.4,1422.4,1422.4,0
2024-06-03 14:48:00,1422.4,1423.25,1422.4,1423.1,54
2024-06-03 14:49:00,1423.1,1423.1,1422.0,1422.0,32
2024-06-03 14:50:00,1422.0,1422.0,1421.95,1421.95,51
2024-06-03 14:51:00,1421.95,1421.95,1420.5,1421.9,75
2024-06-03 14:52:00,1421.9,1421.9,1420.5,1421.45,18
2024-06-03 14:53:00,1421.45,1421.45,1419.25,1419.25,173
2024-06-03 14:54:00,1419.25,1419.25,1418.65,1418.65,6
2024-06-03 14:55:00,1418.65,1418.65,1417.3,1417.35,52
2024-06-03 14:56:00,1417.35,1418.8,1417.35,1418.8,12
2024-06-03 14:57:00,1418.8,1420.8,1418.8,1420.8,15
2024-06-03 14:58:00,1420.65,1420.65,1417.0,1418.5,53
2024-06-03 14:59:00,1418.5,1418.5,1417.85,1418.0,117
2024-06-03 15:00:00,1418.0,1418.0,1416.35,1417.85,263
2024-06-03 15:01:00,1416.6,1419.55,1416.6,1419.55,47
2024-06-03 15:02:00,1419.55,1419.85,1417.0,1417.0,121
2024-06-03 15:03:00,1417.0,1419.65,1417.0,1418.0,69
2024-06-03 15:04:00,1418.0,1418.85,1417.0,1417.0,27
2024-06-03 15:05:00,1417.0,1418.9,1417.0,1418.9,76
2024-06-03 15:06:00,1418.9,1419.85,1418.9,1419.65,44
2024-06-03 15:07:00,1419.7,1420.2,1418.9,1419.45,67
2024-06-03 15:08:00,1419.45,1420.7,1419.3,1419.3,24
2024-06-03 15:09:00,1419.3,1420.7,1419.3,1420.65,148
2024-06-03 15:10:00,1420.45,1420.7,1419.25,1420.7,213
2024-06-03 15:11:00,1420.7,1420.7,1415.0,1417.95,631
2024-06-03 15:12:00,1416.0,1420.5,1414.0,1419.8,1803
2024-06-03 15:13:00,1419.8,1421.0,1419.4,1420.85,260
2024-06-03 15:14:00,1422.45,1423.6,1422.4,1423.45,174
2024-06-03 15:15:00,1423.45,1423.5,1421.2,1421.2,171
2024-06-03 15:16:00,1423.25,1423.5,1421.8,1422.2,151
2024-06-03 15:17:00,1422.2,1427.55,1422.2,1427.35,345
2024-06-03 15:18:00,1427.35,1429.95,1427.0,1429.95,402
2024-06-03 15:19:00,1429.95,1430.65,1428.95,1428.95,141
2024-06-03 15:20:00,1428.95,1429.9,1427.0,1428.45,148
2024-06-03 15:21:00,1429.0,1429.85,1428.1,1429.85,35
2024-06-03 15:22:00,1429.85,1429.9,1429.45,1429.8,28
2024-06-03 15:23:00,1429.8,1429.9,1429.65,1429.65,157
2024-06-03 15:24:00,1429.65,1429.9,1425.45,1429.85,244
2024-06-03 15:25:00,1429.85,1429.9,1429.0,1429.9,82
2024-06-03 15:26:00,1429.85,1429.9,1429.85,1429.85,69
2024-06-03 15:27:00,1429.85,1429.9,1427.05,1428.0,156
2024-06-03 15:28:00,1428.0,1430.65,1425.6,1425.6,790
2024-06-03 15:29:00,1430.1,1430.1,1429.9,1429.9,119
2024-06-04 09:15:00,1450.0,1465.0,1442.5,1465.0,3799
2024-06-04 09:16:00,1466.15,1482.0,1440.0,1456.2,17463
2024-06-04 09:17:00,1458.1,1500.0,1451.65,1490.0,18132
2024-06-04 09:18:00,1486.35,1500.0,1469.75,1497.75,14512
2024-06-04 09:19:00,1500.0,1500.0,1486.6,1486.6,8619
2024-06-04 09:20:00,1488.25,1491.3,1480.75,1491.3,10391
2024-06-04 09:21:00,1498.0,1517.0,1489.9,1506.25,38978
2024-06-04 09:22:00,1511.95,1511.95,1501.0,1502.1,10794
2024-06-04 09:23:00,1502.1,1503.0,1495.45,1496.35,8445
2024-06-04 09:24:00,1498.95,1501.65,1485.9,1486.3,13541
2024-06-04 09:25:00,1486.5,1490.0,1473.2,1478.0,13684
2024-06-04 09:26:00,1478.0,1480.0,1473.0,1473.0,4631
2024-06-04 09:27:00,1473.0,1474.9,1470.0,1471.05,5257
2024-06-04 09:28:00,1471.05,1474.0,1451.8,1452.4,12640
2024-06-04 09:29:00,1452.4,1469.0,1452.0,1463.0,8599
2024-06-04 09:30:00,1466.05,1466.05,1458.1,1458.8,5232
2024-06-04 09:31:00,1460.0,1464.95,1457.8,1463.0,3859
2024-06-04 09:32:00,1463.95,1466.1,1458.0,1462.75,4595
2024-06-04 09:33:00,1462.75,1470.0,1460.85,1468.0,8406
2024-06-04 09:34:00,1461.2,1464.6,1412.15,1412.65,30390
2024-06-04 09:35:00,1412.55,1414.35,1380.0,1396.45,16281
2024-06-04 09:36:00,1393.55,1441.0,1393.55,1439.2,11386
2024-06-04 09:37:00,1436.5,1441.65,1423.3,1430.3,5190
2024-06-04 09:38:00,1430.3,1438.9,1430.05,1435.85,2740
2024-06-04 09:39:00,1438.9,1439.0,1431.45,1436.0,904
2024-06-04 09:40:00,1436.0,1439.0,1426.5,1426.5,1253
2024-06-04 09:41:00,1426.4,1433.15,1426.4,1433.15,897
2024-06-04 09:42:00,1433.15,1435.85,1430.0,1435.85,508
2024-06-04 09:43:00,1435.0,1441.9,1434.0,1436.0,1936
2024-06-04 09:44:00,1436.95,1438.55,1431.25,1432.0,1160
2024-06-04 09:45:00,1432.0,1439.95,1427.2,1439.4,1847
2024-06-04 09:46:00,1439.4,1469.3,1438.4,1469.2,5703
2024-06-04 09:47:00,1469.1,1470.0,1460.55,1462.2,7581
2024-06-04 09:48:00,1462.2,1468.85,1460.0,1467.0,4522
2024-06-04 09:49:00,1467.0,1468.85,1462.6,1463.5,2995
2024-06-04 09:50:00,1462.0,1462.0,1447.95,1451.05,4960
2024-06-04 09:51:00,1452.0,1452.0,1444.6,1445.7,2539
2024-06-04 09:52:00,1445.6,1447.95,1440.0,1443.5,1739
2024-06-04 09:53:00,1445.35,1455.7,1445.35,1454.15,4858
2024-06-04 09:54:00,1456.6,1456.9,1451.0,1451.0,1471
2024-06-04 09:55:00,1452.55,1466.1,1447.6,1465.9,2765
2024-06-04 09:56:00,1463.9,1470.0,1463.9,1467.25,2704
2024-06-04 09:57:00,1467.3,1467.3,1463.15,1463.2,450
2024-06-04 09:58:00,1463.2,1465.0,1460.6,1465.0,672
2024-06-04 09:59:00,1465.0,1469.0,1464.05,1467.0,1246
2024-06-04 10:00:00,1467.0,1467.0,1460.05,1461.25,611
2024-06-04 10:01:00,1461.45,1462.9,1455.95,1458.0,859
2024-06-04 10:02:00,1458.0,1464.75,1458.0,1462.95,427
2024-06-04 10:03:00,1462.95,1465.35,1459.65,1464.9,360
2024-06-04 10:04:00,1462.5,1464.85,1459.0,1460.45,1044
2024-06-04 10:05:00,1460.45,1466.0,1460.45,1466.0,787
2024-06-04 10:06:00,1466.0,1470.0,1464.95,1469.1,3133
2024-06-04 10:07:00,1469.1,1469.1,1466.15,1466.3,721
2024-06-04 10:08:00,1466.15,1468.0,1465.05,1468.0,596
2024-06-04 10:09:00,1467.4,1470.0,1467.4,1469.0,1107
2024-06-04 10:10:00,1470.0,1470.0,1465.35,1469.8,1497
2024-06-04 10:11:00,1468.7,1469.8,1467.5,1468.3,332
2024-06-04 10:12:00,1468.3,1468.5,1465.2,1467.05,335
2024-06-04 10:13:00,1465.15,1468.75,1465.15,1467.0,431
2024-06-04 10:14:00,1466.0,1467.0,1464.0,1466.0,967
2024-06-04 10:15:00,1466.0,1468.0,1464.6,1466.6,446
2024-06-04 10:16:00,1466.6,1466.6,1463.85,1463.85,265
2024-06-04 10:17:00,1463.85,1466.0,1463.15,1466.0,649
2024-06-04 10:18:00,1466.0,1468.2,1464.05,1465.0,299
2024-06-04 10:19:00,1464.5,1464.9,1460.0,1461.85,534
2024-06-04 10:20:00,1463.55,1463.55,1460.5,1462.6,162
2024-06-04 10:21:00,1462.5,1462.95,1460.0,1460.0,297
2024-06-04 10:22:00,1460.0,1462.95,1456.25,1462.95,1942
2024-06-04 10:23:00,1462.95,1466.15,1461.15,1464.55,1027
2024-06-04 10:24:00,1464.55,1470.0,1464.55,1469.45,972
2024-06-04 10:25:00,1469.45,1477.5,1468.95,1476.15,7221
2024-06-04 10:26:00,1477.7,1484.75,1472.65,1474.75,6851
2024-06-04 10:27:00,1479.8,1482.0,1474.95,1478.95,9766
2024-06-04 10:28:00,1479.25,1479.25,1472.0,1474.0,2001
2024-06-04 10:29:00,1472.7,1474.2,1470.55,1473.35,1517
2024-06-04 10:30:00,1471.75,1473.35,1471.0,1471.4,1432
2024-06-04 10:31:00,1471.4,1473.0,1471.0,1472.0,1240
2024-06-04 10:32:00,1471.15,1472.0,1465.3,1465.35,1128
2024-06-04 10:33:00,1465.3,1468.45,1463.25,1465.4,2063
2024-06-04 10:34:00,1465.75,1467.0,1464.6,1466.6,829
2024-06-04 10:35:00,1465.0,1467.2,1462.95,1467.1,1530
2024-06-04 10:36:00,1467.1,1471.55,1465.95,1471.55,1001
2024-06-04 10:37:00,1472.6,1472.75,1470.0,1471.05,464
2024-06-04 10:38:00,1468.65,1470.0,1468.25,1470.0,171
2024-06-04 10:39:00,1470.0,1470.0,1468.1,1468.1,210
2024-06-04 10:40:00,1468.65,1470.0,1465.55,1465.55,536
2024-06-04 10:41:00,1465.55,1467.35,1465.0,1465.05,588
2024-06-04 10:42:00,1465.05,1467.25,1465.0,1465.25,448
2024-06-04 10:43:00,1465.25,1466.95,1465.0,1466.5,401
2024-06-04 10:44:00,1466.5,1466.5,1457.55,1457.55,1789
2024-06-04 10:45:00,1457.55,1460.9,1457.4,1459.85,276
2024-06-04 10:46:00,1456.75,1459.75,1455.5,1455.8,1534
2024-06-04 10:47:00,1455.8,1464.9,1455.8,1464.45,906
2024-06-04 10:48:00,1464.85,1464.95,1461.3,1462.35,240
2024-06-04 10:49:00,1462.35,1462.8,1458.05,1458.3,128
2024-06-04 10:50:00,1455.85,1458.95,1455.85,1458.0,852
2024-06-04 10:51:00,1457.9,1458.8,1452.0,1454.0,1285
2024-06-04 10:52:00,1452.45,1453.6,1447.25,1447.25,1510
2024-06-04 10:53:00,1447.25,1449.9,1445.8,1447.1,1938
2024-06-04 10:54:00,1449.0,1449.0,1446.85,1447.0,305
2024-06-04 10:55:00,1447.0,1448.0,1443.1,1443.1,529
2024-06-04 10:56:00,1443.1,1447.3,1441.6,1447.3,1308
2024-06-04 10:57:00,1446.1,1454.65,1446.1,1454.65,259
2024-06-04 10:58:00,1454.85,1455.0,1446.35,1448.75,1659
2024-06-04 10:59:00,1448.75,1448.8,1446.05,1447.25,481
2024-06-04 11:00:00,1447.25,1448.7,1443.25,1443.6,1085
2024-06-04 11:01:00,1443.6,1443.85,1432.4,1439.9,1927
2024-06-04 11:02:00,1439.9,1440.5,1437.8,1440.5,371
2024-06-04 11:03:00,1440.5,1441.65,1438.05,1438.05,514
2024-06-04 11:04:00,1438.05,1438.9,1430.05,1433.2,888
2024-06-04 11:05:00,1432.5,1432.8,1419.25,1426.6,3548
2024-06-04 11:06:00,1426.6,1428.3,1422.95,1424.05,1858
2024-06-04 11:07:00,1426.15,1426.45,1416.0,1418.0,568
2024-06-04 11:08:00,1415.1,1418.0,1401.1,1404.5,2396
2024-06-04 11:09:00,1404.5,1421.0,1404.45,1419.1,2566
2024-06-04 11:10:00,1421.1,1439.65,1421.1,1426.0,1792
2024-06-04 11:11:00,1426.0,1428.8,1420.05,1424.0,850
2024-06-04 11:12:00,1424.0,1424.0,1413.05,1414.85,663
2024-06-04 11:13:00,1414.9,1422.35,1390.65,1391.5,6308
2024-06-04 11:14:00,1392.0,1408.55,1390.6,1408.55,1657
2024-06-04 11:15:00,1408.55,1412.05,1403.45,1407.3,901
2024-06-04 11:16:00,1404.5,1420.7,1403.1,1420.7,1028
2024-06-04 11:17:00,1420.7,1420.7,1414.0,1414.75,207
2024-06-04 11:18:00,1413.8,1416.6,1408.55,1411.2,469
2024-06-04 11:19:00,1411.2,1414.95,1408.3,1414.95,170
2024-06-04 11:20:00,1414.95,1422.0,1414.95,1420.5,508
2024-06-04 11:21:00,1418.65,1418.65,1416.05,1418.0,162
2024-06-04 11:22:00,1418.0,1418.65,1415.0,1416.4,591
2024-06-04 11:23:00,1418.6,1420.8,1418.6,1419.55,154
2024-06-04 11:24:00,1421.85,1422.3,1418.45,1418.45,272
2024-06-04 11:25:00,1418.45,1420.15,1416.8,1417.85,166
2024-06-04 11:26:00,1417.85,1421.9,1417.85,1420.65,299
2024-06-04 11:27:00,1418.45,1420.45,1416.0,1419.75,358
2024-06-04 11:28:00,1419.75,1419.75,1417.7,1417.7,629
2024-06-04 11:29:00,1417.7,1418.95,1417.7,1417.75,292
2024-06-04 11:30:00,1418.95,1420.95,1418.95,1420.95,73
2024-06-04 11:31:00,1420.95,1421.9,1419.05,1419.25,276
2024-06-04 11:32:00,1419.25,1432.2,1419.25,1427.75,1119
2024-06-04 11:33:00,1431.45,1436.35,1430.65,1433.4,1288
2024-06-04 11:34:00,1433.4,1436.45,1432.2,1432.2,200
2024-06-04 11:35:00,1435.0,1436.4,1431.9,1431.9,432
2024-06-04 11:36:00,1433.45,1435.4,1431.9,1435.4,162
2024-06-04 11:37:00,1432.6,1435.0,1431.9,1435.0,150
2024-06-04 11:38:00,1435.0,1438.45,1433.5,1436.35,318
2024-06-04 11:39:00,1436.15,1436.85,1436.0,1436.6,76
2024-06-04 11:40:00,1436.6,1436.6,1426.95,1427.0,429
2024-06-04 11:41:00,1427.0,1427.5,1424.15,1424.15,731
2024-06-04 11:42:00,1425.55,1425.55,1421.3,1423.55,175
2024-06-04 11:43:00,1423.55,1431.75,1423.55,1429.05,501
2024-06-04 11:44:00,1431.0,1431.15,1428.1,1431.0,62
2024-06-04 11:45:00,1431.0,1436.95,1431.0,1436.8,907
2024-06-04 11:46:00,1436.8,1438.0,1435.35,1438.0,162
2024-06-04 11:47:00,1436.4,1437.45,1433.3,1436.9,323
2024-06-04 11:48:00,1436.9,1436.9,1434.85,1435.95,51
2024-06-04 11:49:00,1435.95,1436.85,1435.85,1436.85,83
2024-06-04 11:50:00,1435.85,1437.95,1434.9,1437.95,138
2024-06-04 11:51:00,1437.95,1438.0,1433.55,1435.1,145
2024-06-04 11:52:00,1435.1,1436.1,1431.5,1433.35,192
2024-06-04 11:53:00,1433.35,1433.35,1426.75,1426.75,161
2024-06-04 11:54:00,1426.75,1435.0,1426.75,1435.0,81
2024-06-04 11:55:00,1435.0,1437.0,1433.85,1437.0,73
2024-06-04 11:56:00,1437.0,1438.0,1435.7,1436.65,226
2024-06-04 11:57:00,1436.65,1436.65,1432.1,1433.25,154
2024-06-04 11:58:00,1433.25,1434.75,1430.5,1430.5,322
2024-06-04 11:59:00,1430.5,1432.55,1426.1,1427.55,186
2024-06-04 12:00:00,1425.75,1425.75,1421.3,1423.0,295
2024-06-04 12:01:00,1423.05,1423.05,1417.0,1417.0,478
2024-06-04 12:02:00,1417.0,1419.65,1410.85,1415.25,774
2024-06-04 12:03:00,1415.25,1418.2,1415.25,1418.1,322
2024-06-04 12:04:00,1418.1,1420.25,1416.45,1420.0,74
2024-06-04 12:05:00,1420.0,1420.0,1416.75,1416.75,176
2024-06-04 12:06:00,1418.4,1418.4,1416.0,1416.0,300
2024-06-04 12:07:00,1416.0,1418.3,1410.95,1414.95,626
2024-06-04 12:08:00,1414.95,1418.4,1413.7,1413.7,183
2024-06-04 12:09:00,1413.7,1417.75,1412.3,1414.95,111
2024-06-04 12:10:00,1414.95,1414.95,1408.0,1410.6,1824
2024-06-04 12:11:00,1410.5,1410.5,1398.5,1398.5,619
2024-06-04 12:12:00,1398.5,1402.5,1395.0,1402.5,2463
2024-06-04 12:13:00,1403.85,1414.9,1403.85,1410.05,1076
2024-06-04 12:14:00,1410.05,1416.25,1404.95,1404.95,504
2024-06-04 12:15:00,1401.45,1406.0,1398.4,1406.0,307
2024-06-04 12:16:00,1406.0,1414.2,1406.0,1411.65,2552
2024-06-04 12:17:00,1411.65,1416.5,1410.0,1410.15,554
2024-06-04 12:18:00,1410.15,1412.4,1410.0,1411.25,187
2024-06-04 12:19:00,1411.25,1416.8,1411.25,1412.6,198
2024-06-04 12:20:00,1412.6,1412.6,1409.85,1409.85,163
2024-06-04 12:21:00,1405.55,1407.7,1404.5,1407.7,277
2024-06-04 12:22:00,1404.75,1413.95,1404.75,1410.1,435
2024-06-04 12:23:00,1410.0,1412.15,1410.0,1410.75,725
2024-06-04 12:24:00,1410.75,1410.75,1410.05,1410.75,76
2024-06-04 12:25:00,1410.75,1414.85,1410.0,1410.0,1695
2024-06-04 12:26:00,1410.0,1413.7,1410.0,1410.0,4986
2024-06-04 12:27:00,1410.0,1412.95,1410.0,1410.0,582
2024-06-04 12:28:00,1410.0,1412.4,1410.0,1412.4,74
2024-06-04 12:29:00,1412.4,1412.4,1410.75,1411.15,224
2024-06-04 12:30:00,1411.15,1411.95,1408.25,1408.25,344
2024-06-04 12:31:00,1408.25,1408.85,1405.35,1408.85,128
2024-06-04 12:32:00,1405.35,1408.9,1405.05,1405.55,133
2024-06-04 12:33:00,1405.55,1410.0,1405.0,1410.0,100
2024-06-04 12:34:00,1410.0,1418.0,1410.0,1414.2,407
2024-06-04 12:35:00,1417.9,1417.9,1414.1,1415.55,258
2024-06-04 12:36:00,1415.55,1417.95,1415.25,1415.8,78
2024-06-04 12:37:00,1415.8,1423.9,1415.8,1423.9,214
2024-06-04 12:38:00,1423.9,1423.9,1417.65,1417.65,209
2024-06-04 12:39:00,1417.65,1418.0,1416.05,1418.0,147
2024-06-04 12:40:00,1418.0,1447.45,1418.0,1447.45,1299
2024-06-04 12:41:00,1445.15,1447.5,1438.25,1438.25,674
2024-06-04 12:42:00,1438.1,1444.95,1438.1,1440.95,224
2024-06-04 12:43:00,1442.95,1443.95,1438.35,1443.95,638
2024-06-04 12:44:00,1443.9,1443.9,1441.3,1441.3,103
2024-06-04 12:45:00,1443.75,1443.75,1440.05,1440.05,532
2024-06-04 12:46:00,1440.05,1440.05,1431.0,1433.0,833
2024-06-04 12:47:00,1433.0,1438.25,1432.05,1438.25,114
2024-06-04 12:48:00,1438.25,1438.25,1437.65,1438.05,74
2024-06-04 12:49:00,1441.3,1443.6,1438.0,1442.0,748
2024-06-04 12:50:00,1442.0,1443.55,1432.6,1435.3,362
2024-06-04 12:51:00,1435.3,1438.1,1435.3,1436.35,80
2024-06-04 12:52:00,1436.7,1444.0,1436.7,1440.9,78
2024-06-04 12:53:00,1443.6,1443.6,1434.0,1436.55,341
2024-06-04 12:54:00,1436.55,1437.85,1433.15,1435.6,333
2024-06-04 12:55:00,1435.6,1437.2,1434.0,1434.5,235
2024-06-04 12:56:00,1434.5,1436.95,1434.15,1434.15,75
2024-06-04 12:57:00,1435.0,1435.0,1430.0,1430.0,375
2024-06-04 12:58:00,1431.9,1431.9,1427.0,1427.0,378
2024-06-04 12:59:00,1427.0,1430.75,1427.0,1430.75,100
2024-06-04 13:00:00,1428.1,1429.1,1421.7,1421.7,538
2024-06-04 13:01:00,1421.7,1426.1,1421.7,1423.5,6
2024-06-04 13:02:00,1423.5,1431.05,1423.5,1426.05,370
2024-06-04 13:03:00,1426.05,1429.55,1423.55,1424.8,126
2024-06-04 13:04:00,1426.2,1426.2,1424.15,1424.15,192
2024-06-04 13:05:00,1424.15,1426.55,1422.0,1423.75,738
2024-06-04 13:06:00,1423.85,1427.6,1422.5,1424.35,113
2024-06-04 13:07:00,1424.35,1428.6,1424.35,1424.55,318
2024-06-04 13:08:00,1424.55,1428.2,1424.55,1426.2,132
2024-06-04 13:09:00,1426.2,1429.25,1426.2,1429.25,14
2024-06-04 13:10:00,1429.25,1431.55,1428.0,1428.0,71
2024-06-04 13:11:00,1428.0,1428.1,1425.0,1427.0,279
2024-06-04 13:12:00,1427.0,1429.0,1426.55,1429.0,14
2024-06-04 13:13:00,1429.0,1429.0,1429.0,1429.0,0
2024-06-04 13:14:00,1429.0,1432.0,1429.0,1432.0,0
2024-06-04 13:15:00,1432.0,1432.0,1427.3,1427.3,64
2024-06-04 13:16:00,1427.3,1428.95,1425.6,1426.7,61
2024-06-04 13:17:00,1426.7,1427.05,1425.0,1425.0,169
2024-06-04 13:18:00,1425.0,1427.65,1425.0,1425.05,34
2024-06-04 13:19:00,1425.05,1425.1,1423.85,1424.4,119
2024-06-04 13:20:00,1424.4,1425.1,1423.6,1423.6,27
2024-06-04 13:21:00,1423.6,1426.65,1423.6,1423.95,239
2024-06-04 13:22:00,1423.6,1426.9,1423.6,1426.75,73
2024-06-04 13:23:00,1426.75,1426.75,1424.5,1424.5,10
2024-06-04 13:24:00,1424.5,1425.0,1424.5,1425.0,1
2024-06-04 13:25:00,1425.0,1427.45,1424.7,1425.7,69
2024-06-04 13:26:00,1425.7,1427.75,1424.4,1424.4,102
2024-06-04 13:27:00,1423.9,1423.9,1418.0,1419.0,283
2024-06-04 13:28:00,1419.0,1420.0,1419.0,1420.0,97
2024-06-04 13:29:00,1420.6,1423.35,1420.6,1421.1,25
2024-06-04 13:30:00,1421.1,1424.0,1421.0,1421.0,125
2024-06-04 13:31:00,1421.95,1421.95,1419.0,1420.0,191
2024-06-04 13:32:00,1420.0,1421.95,1420.0,1420.35,119
2024-06-04 13:33:00,1420.35,1423.2,1420.35,1422.8,35
2024-06-04 13:34:00,1422.8,1422.8,1422.8,1422.8,4
2024-06-04 13:35:00,1422.8,1427.95,1422.8,1426.9,59
2024-06-04 13:36:00,1426.9,1429.05,1426.9,1427.05,100
2024-06-04 13:37:00,1424.35,1426.15,1424.35,1424.45,453
2024-06-04 13:38:00,1424.45,1426.9,1424.45,1424.5,22
2024-06-04 13:39:00,1424.5,1426.85,1424.5,1426.85,82
2024-06-04 13:40:00,1426.85,1426.85,1424.4,1424.8,56
2024-06-04 13:41:00,1424.8,1427.15,1424.8,1424.8,24
2024-06-04 13:42:00,1424.8,1427.4,1424.8,1425.2,14
2024-06-04 13:43:00,1425.2,1436.85,1425.2,1435.9,841
2024-06-04 13:44:00,1433.1,1454.9,1433.1,1443.7,4494
2024-06-04 13:45:00,1443.75,1445.85,1441.0,1444.0,1194
2024-06-04 13:46:00,1444.0,1444.0,1441.1,1441.35,249
2024-06-04 13:47:00,1441.35,1443.9,1441.35,1441.9,155
2024-06-04 13:48:00,1441.9,1443.75,1441.9,1442.0,172
2024-06-04 13:49:00,1442.15,1444.3,1442.15,1443.45,39
2024-06-04 13:50:00,1446.0,1448.6,1441.3,1442.9,1077
2024-06-04 13:51:00,1442.9,1445.75,1442.9,1443.7,34
2024-06-04 13:52:00,1443.7,1446.5,1441.8,1446.45,308
2024-06-04 13:53:00,1444.1,1446.6,1443.15,1443.15,198
2024-06-04 13:54:00,1443.15,1444.85,1442.25,1444.85,61
2024-06-04 13:55:00,1444.85,1445.15,1442.7,1442.7,64
2024-06-04 13:56:00,1442.7,1442.8,1442.7,1442.8,2
2024-06-04 13:57:00,1442.8,1445.0,1441.6,1441.6,86
2024-06-04 13:58:00,1441.2,1446.9,1441.0,1444.75,141
2024-06-04 13:59:00,1444.75,1446.65,1443.25,1445.8,187
2024-06-04 14:00:00,1445.8,1447.45,1445.8,1447.4,60
2024-06-04 14:01:00,1445.1,1446.45,1443.7,1443.7,116
2024-06-04 14:02:00,1443.7,1443.8,1443.4,1443.4,13
2024-06-04 14:03:00,1445.65,1445.65,1442.0,1442.1,136
2024-06-04 14:04:00,1442.1,1447.1,1442.0,1443.2,410
2024-06-04 14:05:00,1443.2,1445.55,1442.0,1442.65,44
2024-06-04 14:06:00,1442.65,1442.65,1442.65,1442.65,4
2024-06-04 14:07:00,1442.65,1444.0,1441.0,1441.0,372
2024-06-04 14:08:00,1441.0,1445.5,1441.0,1445.4,745
2024-06-04 14:09:00,1442.95,1445.0,1442.6,1442.85,138
2024-06-04 14:10:00,1442.85,1445.0,1442.85,1442.85,64
2024-06-04 14:11:00,1442.85,1444.8,1442.55,1443.1,79
2024-06-04 14:12:00,1443.1,1443.95,1441.3,1441.95,325
2024-06-04 14:13:00,1441.95,1443.8,1441.05,1441.35,450
2024-06-04 14:14:00,1441.35,1441.35,1441.35,1441.35,0
2024-06-04 14:15:00,1441.35,1442.45,1434.55,1437.1,1205
2024-06-04 14:16:00,1435.55,1438.05,1430.85,1430.85,1493
2024-06-04 14:17:00,1432.3,1434.6,1431.15,1431.7,109
2024-06-04 14:18:00,1431.7,1431.95,1431.7,1431.95,1
2024-06-04 14:19:00,1431.95,1432.1,1431.95,1432.1,1
2024-06-04 14:20:00,1432.1,1433.65,1427.25,1429.1,496
2024-06-04 14:21:00,1429.1,1429.1,1424.0,1428.95,361
2024-06-04 14:22:00,1426.6,1429.0,1424.0,1424.5,602
2024-06-04 14:23:00,1424.5,1426.0,1424.5,1425.0,53
2024-06-04 14:24:00,1426.15,1427.85,1425.8,1426.55,106
2024-06-04 14:25:00,1426.55,1429.0,1426.05,1428.65,426
2024-06-04 14:26:00,1428.65,1429.95,1426.45,1428.1,255
2024-06-04 14:27:00,1428.1,1431.2,1428.1,1429.95,112
2024-06-04 14:28:00,1429.95,1429.95,1429.95,1429.95,1
2024-06-04 14:29:00,1429.95,1431.95,1429.95,1430.35,60
2024-06-04 14:30:00,1430.35,1437.6,1430.35,1435.85,172
2024-06-04 14:31:00,1435.85,1440.95,1432.3,1439.5,1134
2024-06-04 14:32:00,1439.5,1439.5,1437.8,1437.8,16
2024-06-04 14:33:00,1432.6,1434.55,1422.0,1424.0,2272
2024-06-04 14:34:00,1428.7,1428.7,1423.35,1426.8,1409
2024-06-04 14:35:00,1426.8,1428.25,1423.85,1423.85,222
2024-06-04 14:36:00,1422.2,1422.2,1422.05,1422.2,68
2024-06-04 14:37:00,1422.2,1426.55,1422.0,1424.6,143
2024-06-04 14:38:00,1424.6,1425.85,1422.5,1422.5,211
2024-06-04 14:39:00,1422.5,1424.3,1422.25,1422.4,19
2024-06-04 14:40:00,1422.4,1424.05,1420.55,1420.55,120
2024-06-04 14:41:00,1420.55,1426.45,1417.55,1423.5,2176
2024-06-04 14:42:00,1422.9,1422.9,1420.0,1420.4,131
2024-06-04 14:43:00,1421.55,1423.6,1420.0,1420.55,149
2024-06-04 14:44:00,1420.55,1424.95,1420.55,1422.3,123
2024-06-04 14:45:00,1422.3,1424.55,1422.3,1423.45,51
2024-06-04 14:46:00,1423.45,1423.5,1420.0,1420.0,455
2024-06-04 14:47:00,1418.15,1420.0,1418.0,1419.9,447
2024-06-04 14:48:00,1419.9,1420.2,1419.9,1420.0,578
2024-06-04 14:49:00,1420.0,1420.0,1416.15,1419.5,252
2024-06-04 14:50:00,1419.5,1419.5,1416.15,1416.15,467
2024-06-04 14:51:00,1416.15,1417.15,1415.0,1415.0,118
2024-06-04 14:52:00,1415.0,1416.45,1414.0,1414.0,263
2024-06-04 14:53:00,1414.0,1416.1,1410.6,1412.85,905
2024-06-04 14:54:00,1411.35,1413.7,1411.1,1411.1,50
2024-06-04 14:55:00,1411.1,1417.15,1411.1,1416.85,826
2024-06-04 14:56:00,1415.55,1418.0,1415.1,1415.1,48
2024-06-04 14:57:00,1415.1,1417.25,1415.1,1417.25,31
2024-06-04 14:58:00,1417.25,1417.25,1415.0,1416.45,50
2024-06-04 14:59:00,1416.45,1417.25,1415.0,1415.0,38
2024-06-04 15:00:00,1416.7,1418.0,1415.1,1417.75,217
2024-06-04 15:01:00,1417.75,1423.9,1417.0,1417.0,3164
2024-06-04 15:02:00,1417.0,1417.35,1415.25,1415.25,371
2024-06-04 15:03:00,1417.0,1422.05,1417.0,1422.05,2063
2024-06-04 15:04:00,1422.05,1422.4,1417.9,1418.0,484
2024-06-04 15:05:00,1418.0,1420.0,1417.0,1420.0,6229
2024-06-04 15:06:00,1420.0,1420.0,1416.25,1416.8,1242
2024-06-04 15:07:00,1418.0,1418.0,1416.25,1417.85,467
2024-06-04 15:08:00,1418.0,1418.0,1415.05,1417.25,83
2024-06-04 15:09:00,1417.25,1418.0,1417.25,1417.8,391
2024-06-04 15:10:00,1418.0,1418.0,1417.05,1417.05,384
2024-06-04 15:11:00,1417.05,1418.0,1416.85,1418.0,4573
2024-06-04 15:12:00,1418.0,1418.0,1411.7,1416.75,4445
2024-06-04 15:13:00,1416.75,1418.0,1415.6,1417.75,1961
2024-06-04 15:14:00,1417.75,1418.0,1414.4,1415.0,1067
2024-06-04 15:15:00,1415.0,1415.5,1411.3,1415.5,2144
2024-06-04 15:16:00,1415.5,1415.5,1405.5,1408.5,1925
2024-06-04 15:17:00,1411.85,1415.5,1408.6,1415.5,1257
2024-06-04 15:18:00,1415.5,1417.0,1409.3,1409.3,3466
2024-06-04 15:19:00,1409.3,1417.95,1409.3,1415.15,2065
2024-06-04 15:20:00,1414.5,1415.65,1395.15,1401.05,3183
2024-06-04 15:21:00,1401.05,1407.9,1401.05,1407.9,922
2024-06-04 15:22:00,1408.05,1417.9,1408.05,1417.9,791
2024-06-04 15:23:00,1417.9,1418.0,1417.9,1417.95,1363
2024-06-04 15:24:00,1418.0,1418.0,1416.35,1417.95,799
2024-06-04 15:25:00,1417.95,1418.0,1415.55,1418.0,808
2024-06-04 15:26:00,1418.0,1418.0,1416.95,1416.95,975
2024-06-04 15:27:00,1416.95,1418.0,1409.3,1411.95,1239
2024-06-04 15:28:00,1411.95,1418.0,1410.5,1413.2,1344
2024-06-04 15:29:00,1413.2,1417.0,1405.05,1406.0,818
2024-06-05 09:15:00,1444.75,1444.75,1427.0,1429.15,93
2024-06-05 09:16:00,1428.05,1439.5,1428.05,1435.5,732
2024-06-05 09:17:00,1435.5,1438.3,1433.95,1436.65,343
2024-06-05 09:18:00,1436.65,1436.95,1426.35,1426.35,113
2024-06-05 09:19:00,1426.35,1426.35,1420.0,1420.0,266
2024-06-05 09:20:00,1420.0,1420.0,1415.1,1415.1,125
2024-06-05 09:21:00,1415.1,1415.1,1409.15,1409.3,137
2024-06-05 09:22:00,1409.3,1411.1,1409.3,1410.0,20
2024-06-05 09:23:00,1410.0,1410.0,1403.0,1403.0,494
2024-06-05 09:24:00,1403.0,1403.0,1401.0,1401.45,265
2024-06-05 09:25:00,1401.45,1402.65,1401.45,1401.45,81
2024-06-05 09:26:00,1401.45,1407.0,1401.45,1407.0,99
2024-06-05 09:27:00,1407.0,1412.6,1407.0,1410.75,125
2024-06-05 09:28:00,1410.75,1419.5,1410.75,1419.5,122
2024-06-05 09:29:00,1419.5,1423.1,1419.2,1423.1,274
2024-06-05 09:30:00,1423.3,1428.95,1423.3,1425.9,164
2024-06-05 09:31:00,1427.95,1427.95,1423.35,1423.7,387
2024-06-05 09:32:00,1423.7,1424.0,1418.1,1418.75,222
2024-06-05 09:33:00,1418.1,1419.95,1416.75,1418.2,402
2024-06-05 09:34:00,1418.2,1418.2,1411.9,1411.9,44
2024-06-05 09:35:00,1411.9,1412.7,1410.0,1410.0,127
2024-06-05 09:36:00,1410.0,1410.9,1409.05,1409.05,42
2024-06-05 09:37:00,1409.05,1410.15,1402.15,1404.0,468
2024-06-05 09:38:00,1404.3,1404.3,1402.2,1403.9,140
2024-06-05 09:39:00,1404.15,1409.5,1403.8,1404.4,609
2024-06-05 09:40:00,1404.4,1406.35,1404.05,1405.85,72
2024-06-05 09:41:00,1405.85,1413.15,1405.85,1412.4,48
2024-06-05 09:42:00,1411.05,1411.05,1408.05,1408.25,348
2024-06-05 09:43:00,1408.3,1408.3,1397.45,1397.7,1185
2024-06-05 09:44:00,1397.15,1397.15,1382.5,1384.9,736
2024-06-05 09:45:00,1384.9,1392.65,1384.0,1392.65,276
2024-06-05 09:46:00,1392.8,1393.45,1389.1,1392.15,600
2024-06-05 09:47:00,1392.15,1392.15,1385.0,1385.0,210
2024-06-05 09:48:00,1382.4,1386.05,1381.85,1386.05,243
2024-06-05 09:49:00,1386.05,1397.2,1385.2,1397.2,179
2024-06-05 09:50:00,1393.95,1401.95,1393.95,1400.7,240
2024-06-05 09:51:00,1400.7,1400.95,1391.95,1391.95,257
2024-06-05 09:52:00,1391.95,1393.55,1391.95,1391.95,498
2024-06-05 09:53:00,1391.95,1391.95,1391.95,1391.95,0
2024-06-05 09:54:00,1391.95,1397.2,1391.95,1397.2,37
2024-06-05 09:55:00,1397.2,1398.3,1397.2,1397.8,11
2024-06-05 09:56:00,1397.8,1399.8,1396.3,1396.3,58
2024-06-05 09:57:00,1394.0,1395.25,1393.35,1393.35,230
2024-06-05 09:58:00,1395.45,1395.45,1392.35,1392.35,200
2024-06-05 09:59:00,1392.35,1394.0,1390.7,1394.0,255
2024-06-05 10:00:00,1397.3,1397.95,1396.2,1396.2,107
2024-06-05 10:01:00,1396.2,1399.25,1396.2,1399.25,1
2024-06-05 10:02:00,1399.25,1402.0,1396.55,1402.0,141
2024-06-05 10:03:00,1402.0,1403.55,1400.0,1400.0,156
2024-06-05 10:04:00,1400.0,1403.0,1400.0,1403.0,206
2024-06-05 10:05:00,1403.0,1403.0,1402.9,1403.0,156
2024-06-05 10:06:00,1403.0,1403.75,1403.0,1403.0,214
2024-06-05 10:07:00,1403.0,1403.0,1400.35,1402.7,24
2024-06-05 10:08:00,1402.8,1407.9,1402.8,1405.3,656
2024-06-05 10:09:00,1405.2,1407.3,1405.2,1406.95,11
2024-06-05 10:10:00,1406.95,1408.4,1406.0,1408.4,171
2024-06-05 10:11:00,1408.4,1409.95,1407.95,1407.95,117
2024-06-05 10:12:00,1409.15,1412.0,1409.15,1412.0,60
2024-06-05 10:13:00,1410.0,1412.0,1410.0,1412.0,16
2024-06-05 10:14:00,1412.0,1412.95,1411.1,1411.95,62
2024-06-05 10:15:00,1411.95,1411.95,1409.05,1409.75,26
2024-06-05 10:16:00,1409.75,1410.75,1408.55,1409.35,21
2024-06-05 10:17:00,1407.85,1407.85,1407.85,1407.85,1
2024-06-05 10:18:00,1407.85,1408.4,1407.85,1408.4,2
2024-06-05 10:19:00,1408.4,1409.0,1408.4,1408.95,33
2024-06-05 10:20:00,1408.95,1409.0,1408.4,1408.9,79
2024-06-05 10:21:00,1409.0,1410.3,1409.0,1410.3,213
2024-06-05 10:22:00,1410.3,1412.0,1410.3,1411.8,144
2024-06-05 10:23:00,1411.8,1413.55,1411.7,1411.7,13
2024-06-05 10:24:00,1411.7,1413.95,1411.7,1413.95,1
2024-06-05 10:25:00,1413.95,1413.95,1412.7,1412.7,11
2024-06-05 10:26:00,1412.7,1412.7,1410.4,1411.7,26
2024-06-05 10:27:00,1411.7,1411.7,1410.8,1410.8,1
2024-06-05 10:28:00,1410.8,1412.0,1410.8,1412.0,3
2024-06-05 10:29:00,1412.0,1412.0,1411.9,1411.9,4
2024-06-05 10:30:00,1411.9,1413.25,1411.9,1413.25,82
2024-06-05 10:31:00,1413.25,1413.25,1412.8,1412.8,1
2024-06-05 10:32:00,1412.8,1412.8,1411.4,1411.4,7
2024-06-05 10:33:00,1412.0,1412.0,1410.8,1412.0,34
2024-06-05 10:34:00,1412.0,1412.0,1412.0,1412.0,20
2024-06-05 10:35:00,1410.5,1411.8,1410.5,1411.8,25
2024-06-05 10:36:00,1411.8,1412.7,1411.8,1412.7,47
2024-06-05 10:37:00,1412.65,1420.6,1412.65,1419.8,1021
2024-06-05 10:38:00,1419.8,1420.9,1419.8,1420.9,95
2024-06-05 10:39:00,1420.9,1428.95,1420.9,1428.95,1049
2024-06-05 10:40:00,1428.05,1428.9,1423.35,1428.9,220
2024-06-05 10:41:00,1428.9,1428.9,1425.4,1425.75,168
2024-06-05 10:42:00,1425.75,1428.95,1425.75,1428.2,332
2024-06-05 10:43:00,1427.0,1429.0,1427.0,1428.05,77
2024-06-05 10:44:00,1428.05,1428.05,1426.55,1427.6,7
2024-06-05 10:45:00,1427.6,1428.7,1427.0,1428.7,20
2024-06-05 10:46:00,1428.7,1429.75,1427.75,1429.75,6
2024-06-05 10:47:00,1429.75,1429.75,1428.3,1429.5,105
2024-06-05 10:48:00,1429.5,1429.5,1429.5,1429.5,30
2024-06-05 10:49:00,1429.5,1429.75,1428.45,1429.75,51
2024-06-05 10:50:00,1429.75,1429.75,1427.25,1427.25,43
2024-06-05 10:51:00,1427.25,1427.25,1422.55,1422.55,88
2024-06-05 10:52:00,1422.55,1422.55,1422.15,1422.15,10
2024-06-05 10:53:00,1425.0,1427.6,1425.0,1427.6,32
2024-06-05 10:54:00,1427.6,1428.2,1426.05,1426.05,46
2024-06-05 10:55:00,1426.05,1427.8,1424.8,1424.8,32
2024-06-05 10:56:00,1424.8,1425.95,1424.2,1424.2,101
2024-06-05 10:57:00,1423.8,1426.05,1423.8,1426.05,29
2024-06-05 10:58:00,1426.05,1428.0,1425.5,1425.5,18
2024-06-05 10:59:00,1425.5,1425.5,1424.0,1424.0,104
2024-06-05 11:00:00,1425.25,1426.95,1425.2,1425.3,29
2024-06-05 11:01:00,1425.3,1426.75,1425.3,1425.6,6
2024-06-05 11:02:00,1425.4,1426.35,1425.4,1426.0,4
2024-06-05 11:03:00,1426.0,1429.55,1426.0,1429.55,258
2024-06-05 11:04:00,1429.55,1429.55,1429.55,1429.55,0
2024-06-05 11:05:00,1429.55,1429.55,1426.6,1428.4,20
2024-06-05 11:06:00,1428.4,1428.4,1426.0,1427.95,134
2024-06-05 11:07:00,1427.95,1428.45,1427.95,1428.45,17
2024-06-05 11:08:00,1428.45,1428.45,1427.1,1427.1,1
2024-06-05 11:09:00,1427.1,1431.0,1426.25,1431.0,355
2024-06-05 11:10:00,1431.0,1431.95,1431.0,1431.0,304
2024-06-05 11:11:00,1431.0,1431.0,1429.0,1429.0,3
2024-06-05 11:12:00,1429.0,1429.45,1429.0,1429.35,101
2024-06-05 11:13:00,1429.0,1429.05,1429.0,1429.05,7
2024-06-05 11:14:00,1429.05,1429.05,1429.05,1429.05,0
2024-06-05 11:15:00,1429.05,1431.45,1429.05,1430.9,58
2024-06-05 11:16:00,1430.9,1430.9,1430.3,1430.3,11
2024-06-05 11:17:00,1430.3,1430.3,1430.3,1430.3,0
2024-06-05 11:18:00,1430.3,1432.1,1430.2,1430.2,14
2024-06-05 11:19:00,1430.2,1430.2,1430.0,1430.0,14
2024-06-05 11:20:00,1432.05,1432.05,1432.0,1432.0,6
2024-06-05 11:21:00,1432.0,1433.0,1432.0,1432.0,13
2024-06-05 11:22:00,1432.0,1432.0,1430.0,1430.0,299
2024-06-05 11:23:00,1430.0,1433.4,1430.0,1433.4,38
2024-06-05 11:24:00,1433.4,1433.4,1431.1,1431.1,52
2024-06-05 11:25:00,1431.1,1431.1,1430.45,1430.45,12
2024-06-05 11:26:00,1430.45,1432.85,1430.45,1430.45,114
2024-06-05 11:27:00,1430.45,1430.45,1430.45,1430.45,0
2024-06-05 11:28:00,1433.05,1433.95,1433.05,1433.95,335
2024-06-05 11:29:00,1433.95,1433.95,1432.9,1432.9,72
2024-06-05 11:30:00,1432.9,1432.9,1430.95,1432.75,11
2024-06-05 11:31:00,1432.75,1432.75,1432.75,1432.75,0
2024-06-05 11:32:00,1432.75,1432.75,1430.9,1430.9,1
2024-06-05 11:33:00,1430.9,1433.95,1430.9,1432.6,81
2024-06-05 11:34:00,1432.6,1438.8,1432.6,1438.8,1536
2024-06-05 11:35:00,1438.8,1441.5,1438.8,1441.5,27
2024-06-05 11:36:00,1441.5,1449.95,1441.4,1447.4,1490
2024-06-05 11:37:00,1447.4,1447.45,1447.25,1447.45,29
2024-06-05 11:38:00,1446.7,1452.7,1446.7,1452.5,387
2024-06-05 11:39:00,1452.75,1452.75,1450.45,1451.6,365
2024-06-05 11:40:00,1447.4,1449.0,1447.4,1447.45,181
2024-06-05 11:41:00,1447.45,1449.5,1447.05,1449.5,117
2024-06-05 11:42:00,1447.1,1447.1,1441.05,1445.9,1237
2024-06-05 11:43:00,1446.1,1446.1,1435.05,1435.05,465
2024-06-05 11:44:00,1435.05,1435.1,1435.0,1435.1,8
2024-06-05 11:45:00,1435.15,1435.15,1435.0,1435.0,47
2024-06-05 11:46:00,1435.0,1435.0,1429.75,1430.45,677
2024-06-05 11:47:00,1430.45,1430.5,1426.9,1427.95,267
2024-06-05 11:48:00,1430.05,1430.05,1429.85,1429.85,52
2024-06-05 11:49:00,1429.85,1429.85,1425.35,1425.35,44
2024-06-05 11:50:00,1425.35,1431.4,1425.35,1431.4,59
2024-06-05 11:51:00,1431.4,1431.4,1431.4,1431.4,300
2024-06-05 11:52:00,1431.4,1431.4,1429.0,1429.0,120
2024-06-05 11:53:00,1429.0,1429.0,1425.5,1425.6,62
2024-06-05 11:54:00,1425.6,1426.45,1425.6,1426.45,21
2024-06-05 11:55:00,1426.45,1426.45,1425.95,1425.95,2
2024-06-05 11:56:00,1425.95,1431.2,1425.95,1431.2,52
2024-06-05 11:57:00,1431.2,1440.5,1431.2,1440.5,212
2024-06-05 11:58:00,1440.5,1440.5,1440.3,1440.3,11
2024-06-05 11:59:00,1440.3,1440.3,1437.8,1438.05,101
2024-06-05 12:00:00,1438.05,1438.05,1438.05,1438.05,21
2024-06-05 12:01:00,1437.85,1438.2,1435.85,1437.05,238
2024-06-05 12:02:00,1437.05,1437.05,1437.05,1437.05,0
2024-06-05 12:03:00,1437.05,1437.05,1436.7,1436.7,0
2024-06-05 12:04:00,1436.7,1436.7,1434.8,1434.8,5
2024-06-05 12:05:00,1434.8,1435.0,1434.8,1435.0,2
2024-06-05 12:06:00,1435.0,1435.0,1432.25,1433.6,104
2024-06-05 12:07:00,1433.6,1435.15,1433.6,1435.15,1
2024-06-05 12:08:00,1435.15,1435.15,1433.6,1433.6,111
2024-06-05 12:09:00,1433.6,1433.6,1432.5,1432.5,2
2024-06-05 12:10:00,1432.5,1432.5,1431.6,1431.6,2
2024-06-05 12:11:00,1431.6,1431.6,1428.6,1428.6,2
2024-06-05 12:12:00,1428.6,1429.75,1428.0,1429.75,6
2024-06-05 12:13:00,1429.75,1433.95,1429.75,1433.95,340
2024-06-05 12:14:00,1433.95,1433.95,1433.95,1433.95,0
2024-06-05 12:15:00,1433.95,1433.95,1433.95,1433.95,0
2024-06-05 12:16:00,1433.95,1437.6,1433.95,1437.6,8
2024-06-05 12:17:00,1437.6,1439.15,1437.6,1437.85,80
2024-06-05 12:18:00,1437.85,1437.85,1437.85,1437.85,1
2024-06-05 12:19:00,1437.85,1437.85,1437.45,1437.45,2
2024-06-05 12:20:00,1435.25,1436.7,1434.75,1436.7,11
2024-06-05 12:21:00,1436.7,1436.7,1436.7,1436.7,0
2024-06-05 12:22:00,1436.7,1436.7,1434.05,1434.05,1
2024-06-05 12:23:00,1434.05,1434.1,1434.05,1434.1,3
2024-06-05 12:24:00,1434.1,1434.35,1434.1,1434.35,211
2024-06-05 12:25:00,1434.4,1434.4,1434.4,1434.4,1
2024-06-05 12:26:00,1434.4,1437.2,1434.4,1437.2,52
2024-06-05 12:27:00,1437.2,1437.2,1434.6,1434.6,5
2024-06-05 12:28:00,1434.6,1434.6,1434.6,1434.6,0
2024-06-05 12:29:00,1434.6,1436.65,1434.6,1436.65,2
2024-06-05 12:30:00,1436.65,1438.3,1436.65,1438.3,67
2024-06-05 12:31:00,1438.3,1438.3,1438.3,1438.3,0
2024-06-05 12:32:00,1438.3,1438.3,1435.0,1437.35,281
2024-06-05 12:33:00,1437.35,1437.35,1435.5,1436.3,31
2024-06-05 12:34:00,1436.3,1436.35,1436.3,1436.35,5
2024-06-05 12:35:00,1436.35,1436.35,1434.95,1434.95,11
2024-06-05 12:36:00,1434.95,1436.55,1434.95,1436.2,7
2024-06-05 12:37:00,1436.2,1437.2,1435.2,1435.2,50
2024-06-05 12:38:00,1435.2,1437.25,1435.2,1437.25,4
2024-06-05 12:39:00,1437.25,1437.25,1434.4,1434.4,54
2024-06-05 12:40:00,1434.4,1434.4,1434.4,1434.4,8
2024-06-05 12:41:00,1434.4,1436.05,1434.4,1434.4,3
2024-06-05 12:42:00,1434.4,1434.4,1434.4,1434.4,0
2024-06-05 12:43:00,1434.4,1434.4,1434.05,1434.4,173
2024-06-05 12:44:00,1434.4,1434.4,1434.4,1434.4,0
2024-06-05 12:45:00,1434.4,1434.4,1434.4,1434.4,1
2024-06-05 12:46:00,1434.4,1434.4,1434.4,1434.4,0
2024-06-05 12:47:00,1434.4,1434.45,1434.4,1434.45,1
2024-06-05 12:48:00,1434.45,1434.45,1434.45,1434.45,0
2024-06-05 12:49:00,1434.4,1434.4,1434.4,1434.4,5
2024-06-05 12:50:00,1434.4,1434.4,1432.3,1434.05,2
2024-06-05 12:51:00,1434.05,1435.0,1434.05,1434.45,59
2024-06-05 12:52:00,1434.45,1434.45,1433.7,1433.7,1
2024-06-05 12:53:00,1433.7,1433.7,1433.7,1433.7,0
2024-06-05 12:54:00,1433.7,1434.4,1433.7,1434.4,3
2024-06-05 12:55:00,1434.4,1435.95,1434.4,1435.95,3
2024-06-05 12:56:00,1435.95,1458.95,1435.95,1458.95,2284
2024-06-05 12:57:00,1457.8,1460.0,1457.45,1460.0,394
2024-06-05 12:58:00,1460.0,1460.0,1457.0,1457.0,112
2024-06-05 12:59:00,1457.15,1459.0,1457.15,1457.15,25
2024-06-05 13:00:00,1457.15,1457.5,1457.15,1457.5,29
2024-06-05 13:01:00,1457.5,1462.0,1457.5,1462.0,524
2024-06-05 13:02:00,1462.0,1462.0,1459.0,1459.0,140
2024-06-05 13:03:00,1459.0,1459.0,1459.0,1459.0,40
2024-06-05 13:04:00,1459.0,1459.0,1457.15,1457.15,290
2024-06-05 13:05:00,1460.8,1460.8,1460.8,1460.8,17
2024-06-05 13:06:00,1460.8,1466.85,1460.8,1466.85,565
2024-06-05 13:07:00,1466.85,1466.85,1461.05,1461.05,263
2024-06-05 13:08:00,1460.7,1463.4,1460.7,1463.4,172
2024-06-05 13:09:00,1463.4,1463.4,1463.4,1463.4,0
2024-06-05 13:10:00,1463.4,1463.95,1461.15,1463.95,37
2024-06-05 13:11:00,1463.95,1463.95,1463.7,1463.7,8
2024-06-05 13:12:00,1463.7,1463.7,1463.7,1463.7,0
2024-06-05 13:13:00,1463.7,1463.7,1461.45,1461.45,9
2024-06-05 13:14:00,1461.25,1461.25,1460.9,1460.9,52
2024-06-05 13:15:00,1461.75,1461.75,1461.25,1461.25,17
2024-06-05 13:16:00,1461.25,1463.7,1461.25,1462.05,70
2024-06-05 13:17:00,1462.05,1462.05,1462.05,1462.05,20
2024-06-05 13:18:00,1462.05,1462.05,1462.05,1462.05,0
2024-06-05 13:19:00,1462.05,1464.3,1462.05,1464.3,7
2024-06-05 13:20:00,1464.3,1464.3,1461.5,1461.65,141
2024-06-05 13:21:00,1461.65,1462.0,1461.65,1462.0,20
2024-06-05 13:22:00,1462.25,1464.4,1462.25,1464.4,15
2024-06-05 13:23:00,1464.4,1464.4,1464.4,1464.4,0
2024-06-05 13:24:00,1464.4,1464.4,1464.4,1464.4,0
2024-06-05 13:25:00,1464.4,1464.4,1462.2,1462.2,12
2024-06-05 13:26:00,1462.2,1462.2,1461.85,1461.85,1
2024-06-05 13:27:00,1461.95,1463.0,1461.65,1461.65,4
2024-06-05 13:28:00,1461.65,1461.65,1457.45,1457.45,138
2024-06-05 13:29:00,1457.4,1459.8,1457.4,1457.4,26
2024-06-05 13:30:00,1457.4,1457.4,1457.4,1457.4,8
2024-06-05 13:31:00,1457.4,1458.0,1456.95,1458.0,394
2024-06-05 13:32:00,1458.0,1458.0,1457.6,1457.6,2
2024-06-05 13:33:00,1457.6,1457.6,1457.55,1457.55,28
2024-06-05 13:34:00,1460.65,1460.65,1457.7,1457.7,27
2024-06-05 13:35:00,1457.7,1458.3,1457.7,1458.3,37
2024-06-05 13:36:00,1458.3,1458.35,1458.3,1458.35,1
2024-06-05 13:37:00,1458.35,1458.35,1458.35,1458.35,0
2024-06-05 13:38:00,1458.35,1461.5,1458.35,1461.5,866
2024-06-05 13:39:00,1461.5,1466.0,1461.5,1466.0,91
2024-06-05 13:40:00,1465.6,1468.0,1465.35,1465.35,213
2024-06-05 13:41:00,1465.35,1467.4,1465.35,1467.4,2
2024-06-05 13:42:00,1464.85,1467.15,1464.85,1465.2,75
2024-06-05 13:43:00,1465.2,1465.2,1465.2,1465.2,0
2024-06-05 13:44:00,1465.2,1465.3,1465.05,1465.05,54
2024-06-05 13:45:00,1465.05,1465.3,1465.05,1465.3,15
2024-06-05 13:46:00,1465.3,1467.55,1465.3,1467.55,10
2024-06-05 13:47:00,1465.35,1467.5,1465.35,1467.5,21
2024-06-05 13:48:00,1467.5,1467.5,1465.45,1467.45,54
2024-06-05 13:49:00,1467.45,1467.45,1467.45,1467.45,0
2024-06-05 13:50:00,1467.45,1467.45,1466.25,1466.25,5
2024-06-05 13:51:00,1466.25,1466.25,1465.8,1465.8,1
2024-06-05 13:52:00,1465.6,1465.6,1465.0,1465.0,314
2024-06-05 13:53:00,1465.0,1465.1,1465.0,1465.1,22
2024-06-05 13:54:00,1465.1,1467.15,1465.0,1467.15,228
2024-06-05 13:55:00,1467.15,1467.15,1465.2,1465.2,6
2024-06-05 13:56:00,1465.2,1465.4,1465.2,1465.4,962
2024-06-05 13:57:00,1465.4,1465.4,1460.55,1460.55,5
2024-06-05 13:58:00,1459.5,1459.5,1459.3,1459.3,2
2024-06-05 13:59:00,1459.3,1462.55,1458.65,1462.55,40
2024-06-05 14:00:00,1462.55,1463.75,1461.05,1461.05,50
2024-06-05 14:01:00,1461.05,1461.05,1461.0,1461.0,2
2024-06-05 14:02:00,1461.0,1464.2,1460.75,1461.25,152
2024-06-05 14:03:00,1462.95,1462.95,1460.65,1462.9,62
2024-06-05 14:04:00,1462.9,1462.9,1462.9,1462.9,0
2024-06-05 14:05:00,1462.9,1462.9,1462.0,1462.0,2
2024-06-05 14:06:00,1462.0,1478.0,1461.2,1476.0,4089
2024-06-05 14:07:00,1476.0,1476.45,1476.0,1476.45,199
2024-06-05 14:08:00,1476.45,1479.0,1476.45,1477.7,92
2024-06-05 14:09:00,1477.7,1485.0,1477.7,1485.0,371
2024-06-05 14:10:00,1485.0,1485.0,1482.6,1482.6,20
2024-06-05 14:11:00,1482.6,1482.6,1482.55,1482.55,7
2024-06-05 14:12:00,1482.55,1482.55,1479.45,1479.45,1
2024-06-05 14:13:00,1479.45,1479.45,1479.0,1479.05,62
2024-06-05 14:14:00,1479.05,1480.0,1479.0,1479.0,121
2024-06-05 14:15:00,1478.2,1479.45,1477.45,1477.45,89
2024-06-05 14:16:00,1479.9,1479.9,1476.35,1478.0,144
2024-06-05 14:17:00,1478.0,1478.0,1475.0,1475.25,353
2024-06-05 14:18:00,1475.25,1475.25,1475.25,1475.25,0
2024-06-05 14:19:00,1475.35,1475.35,1473.3,1473.3,272
2024-06-05 14:20:00,1473.3,1475.3,1473.2,1473.2,4
2024-06-05 14:21:00,1473.2,1473.2,1473.2,1473.2,1
2024-06-05 14:22:00,1473.4,1473.55,1473.15,1473.15,58
2024-06-05 14:23:00,1473.15,1473.2,1473.15,1473.2,33
2024-06-05 14:24:00,1473.2,1473.2,1473.15,1473.2,7
2024-06-05 14:25:00,1473.2,1473.2,1472.85,1472.9,54
2024-06-05 14:26:00,1472.9,1474.65,1472.9,1473.1,27
2024-06-05 14:27:00,1473.1,1474.9,1473.1,1474.9,20
2024-06-05 14:28:00,1474.9,1474.9,1472.8,1472.8,84
2024-06-05 14:29:00,1472.8,1474.7,1472.8,1474.7,31
2024-06-05 14:30:00,1473.3,1474.95,1473.3,1473.4,40
2024-06-05 14:31:00,1473.4,1473.4,1472.8,1472.8,22
2024-06-05 14:32:00,1472.8,1473.95,1471.2,1473.95,262
2024-06-05 14:33:00,1473.55,1473.55,1473.55,1473.55,1
2024-06-05 14:34:00,1473.55,1473.55,1473.55,1473.55,0
2024-06-05 14:35:00,1473.55,1473.55,1471.85,1472.0,4
2024-06-05 14:36:00,1472.0,1472.05,1472.0,1472.05,11
2024-06-05 14:37:00,1472.05,1472.5,1471.45,1471.45,92
2024-06-05 14:38:00,1471.45,1473.5,1471.45,1473.5,10
2024-06-05 14:39:00,1473.5,1473.5,1471.45,1471.45,10
2024-06-05 14:40:00,1471.45,1471.45,1471.1,1471.1,2
2024-06-05 14:41:00,1471.1,1473.0,1471.0,1471.0,25
2024-06-05 14:42:00,1471.0,1471.0,1471.0,1471.0,1
2024-06-05 14:43:00,1471.0,1472.9,1470.8,1472.9,12
2024-06-05 14:44:00,1472.9,1472.9,1470.25,1470.25,15
2024-06-05 14:45:00,1470.25,1470.25,1466.0,1466.0,660
2024-06-05 14:46:00,1466.0,1466.35,1464.95,1466.35,14
2024-06-05 14:47:00,1466.35,1466.9,1466.35,1466.9,5
2024-06-05 14:48:00,1466.9,1468.9,1465.5,1465.5,116
2024-06-05 14:49:00,1465.5,1465.5,1461.7,1464.1,120
2024-06-05 14:50:00,1464.1,1464.45,1462.35,1462.35,81
2024-06-05 14:51:00,1462.35,1462.35,1462.35,1462.35,0
2024-06-05 14:52:00,1462.35,1462.35,1462.35,1462.35,0
2024-06-05 14:53:00,1462.35,1463.1,1460.0,1460.0,95
2024-06-05 14:54:00,1460.0,1463.35,1460.0,1460.05,220
2024-06-05 14:55:00,1460.05,1460.05,1453.05,1453.05,4791
2024-06-05 14:56:00,1453.05,1453.05,1450.4,1451.0,789
2024-06-05 14:57:00,1451.0,1451.0,1447.45,1449.0,852
2024-06-05 14:58:00,1449.0,1449.0,1446.05,1446.05,122
2024-06-05 14:59:00,1445.55,1447.25,1445.55,1446.1,22
2024-06-05 15:00:00,1446.1,1451.25,1446.1,1451.25,152
2024-06-05 15:01:00,1451.25,1452.5,1448.65,1452.5,27
2024-06-05 15:02:00,1452.5,1452.7,1450.65,1451.7,22
2024-06-05 15:03:00,1451.7,1452.2,1449.6,1452.2,186
2024-06-05 15:04:00,1452.2,1455.25,1452.2,1455.25,17
2024-06-05 15:05:00,1455.25,1455.5,1453.2,1454.05,62
2024-06-05 15:06:00,1454.05,1456.7,1454.05,1456.7,23
2024-06-05 15:07:00,1456.7,1459.35,1456.7,1459.35,13
2024-06-05 15:08:00,1459.35,1460.8,1457.95,1460.8,68
2024-06-05 15:09:00,1460.8,1463.3,1458.45,1458.45,563
2024-06-05 15:10:00,1457.35,1458.7,1457.05,1458.7,220
2024-06-05 15:11:00,1458.7,1458.7,1455.4,1455.4,192
2024-06-05 15:12:00,1455.45,1458.1,1455.45,1458.1,33
2024-06-05 15:13:00,1458.1,1458.75,1450.3,1450.3,229
2024-06-05 15:14:00,1450.3,1453.45,1450.05,1450.05,298
2024-06-05 15:15:00,1450.0,1452.75,1450.0,1450.15,147
2024-06-05 15:16:00,1450.15,1453.55,1450.15,1453.55,34
2024-06-05 15:17:00,1453.55,1454.7,1450.9,1454.7,95
2024-06-05 15:18:00,1454.7,1454.7,1450.6,1452.5,137
2024-06-05 15:19:00,1452.5,1453.6,1451.95,1453.6,97
2024-06-05 15:20:00,1453.6,1453.9,1451.25,1453.9,244
2024-06-05 15:21:00,1453.9,1459.4,1453.55,1456.1,125
2024-06-05 15:22:00,1458.9,1460.0,1458.55,1460.0,443
2024-06-05 15:23:00,1460.0,1460.0,1455.3,1459.6,126
2024-06-05 15:24:00,1459.6,1460.0,1458.55,1459.95,177
2024-06-05 15:25:00,1459.95,1459.95,1441.1,1446.35,354
2024-06-05 15:26:00,1445.0,1446.8,1442.2,1442.2,254
2024-06-05 15:27:00,1442.75,1444.0,1436.05,1439.0,186
2024-06-05 15:28:00,1436.1,1442.0,1436.0,1440.35,257
2024-06-05 15:29:00,1440.35,1460.0,1438.45,1460.0,5478
2024-06-06 09:15:00,1468.65,1468.65,1455.0,1461.45,1067
2024-06-06 09:16:00,1458.9,1458.9,1454.25,1454.25,170
2024-06-06 09:17:00,1454.25,1454.25,1445.7,1448.75,63
2024-06-06 09:18:00,1448.75,1448.75,1445.15,1448.05,181
2024-06-06 09:19:00,1447.95,1448.75,1445.65,1448.75,54
2024-06-06 09:20:00,1448.9,1450.95,1446.2,1450.0,227
2024-06-06 09:21:00,1450.0,1451.95,1448.75,1451.95,107
2024-06-06 09:22:00,1451.95,1454.0,1448.0,1451.45,1129
2024-06-06 09:23:00,1451.45,1456.5,1449.2,1456.5,1156
2024-06-06 09:24:00,1454.2,1456.2,1454.1,1456.2,8
2024-06-06 09:25:00,1455.55,1458.0,1455.55,1458.0,45
2024-06-06 09:26:00,1452.6,1455.35,1451.85,1453.75,520
2024-06-06 09:27:00,1453.75,1453.75,1452.0,1453.15,73
2024-06-06 09:28:00,1453.15,1453.75,1453.05,1453.75,2
2024-06-06 09:29:00,1453.75,1453.75,1451.25,1451.25,4
2024-06-06 09:30:00,1451.05,1451.3,1450.5,1450.5,75
2024-06-06 09:31:00,1450.5,1450.5,1449.65,1449.65,106
2024-06-06 09:32:00,1449.65,1465.45,1447.2,1448.75,5454
2024-06-06 09:33:00,1451.4,1454.45,1451.4,1453.0,147
2024-06-06 09:34:00,1453.0,1456.9,1452.5,1453.15,1767
2024-06-06 09:35:00,1453.15,1453.15,1451.5,1451.5,945
2024-06-06 09:36:00,1451.5,1454.0,1451.5,1453.9,227
2024-06-06 09:37:00,1454.0,1454.0,1451.65,1454.0,200
2024-06-06 09:38:00,1454.9,1454.9,1453.75,1453.9,160
2024-06-06 09:39:00,1453.9,1453.9,1452.3,1453.9,19
2024-06-06 09:40:00,1453.9,1453.9,1452.3,1452.3,20
2024-06-06 09:41:00,1453.8,1454.8,1452.95,1454.8,34
2024-06-06 09:42:00,1454.8,1454.8,1453.5,1454.65,14
2024-06-06 09:43:00,1454.65,1455.0,1452.3,1452.3,496
2024-06-06 09:44:00,1452.3,1452.3,1450.1,1450.1,304
2024-06-06 09:45:00,1450.1,1451.3,1448.65,1449.65,100
2024-06-06 09:46:00,1446.15,1446.15,1445.7,1445.7,335
2024-06-06 09:47:00,1445.7,1447.9,1445.7,1447.9,1
2024-06-06 09:48:00,1447.9,1447.9,1445.05,1445.05,23
2024-06-06 09:49:00,1445.05,1446.8,1445.05,1446.8,14
2024-06-06 09:50:00,1446.35,1446.35,1446.35,1446.35,25
2024-06-06 09:51:00,1446.35,1452.25,1446.35,1452.25,30
2024-06-06 09:52:00,1452.25,1453.25,1452.25,1453.2,105
2024-06-06 09:53:00,1453.2,1453.2,1451.6,1451.6,0
2024-06-06 09:54:00,1451.6,1453.2,1451.6,1451.65,12
2024-06-06 09:55:00,1451.65,1451.65,1451.65,1451.65,0
2024-06-06 09:56:00,1451.65,1452.55,1451.65,1452.5,137
2024-06-06 09:57:00,1452.5,1452.95,1452.0,1452.0,85
2024-06-06 09:58:00,1452.0,1452.0,1452.0,1452.0,60
2024-06-06 09:59:00,1452.0,1452.0,1450.9,1450.9,7
2024-06-06 10:00:00,1450.9,1450.9,1450.9,1450.9,0
2024-06-06 10:01:00,1450.9,1454.0,1450.9,1453.95,165
2024-06-06 10:02:00,1453.95,1453.95,1453.7,1453.7,438
2024-06-06 10:03:00,1453.7,1454.0,1453.7,1454.0,96
2024-06-06 10:04:00,1454.0,1454.0,1452.15,1452.15,123
2024-06-06 10:05:00,1452.15,1452.15,1452.15,1452.15,0
2024-06-06 10:06:00,1452.15,1453.7,1452.15,1453.7,13
2024-06-06 10:07:00,1453.7,1454.0,1452.05,1454.0,113
2024-06-06 10:08:00,1454.0,1454.0,1454.0,1454.0,100
2024-06-06 10:09:00,1454.0,1454.0,1454.0,1454.0,0
2024-06-06 10:10:00,1454.0,1454.0,1453.85,1453.85,10
2024-06-06 10:11:00,1453.85,1453.85,1453.0,1453.0,86
2024-06-06 10:12:00,1453.0,1453.8,1452.2,1452.25,19
2024-06-06 10:13:00,1452.25,1452.25,1452.25,1452.25,0
2024-06-06 10:14:00,1452.25,1452.25,1451.85,1451.85,52
2024-06-06 10:15:00,1451.85,1452.35,1451.85,1452.35,6
2024-06-06 10:16:00,1452.35,1453.7,1452.35,1453.6,8
2024-06-06 10:17:00,1453.6,1454.0,1453.6,1454.0,125
2024-06-06 10:18:00,1454.0,1454.0,1454.0,1454.0,6
2024-06-06 10:19:00,1454.0,1454.0,1454.0,1454.0,9
2024-06-06 10:20:00,1454.0,1454.0,1453.95,1454.0,98
2024-06-06 10:21:00,1454.0,1454.0,1453.15,1454.0,14
2024-06-06 10:22:00,1453.05,1453.85,1452.0,1453.85,237
2024-06-06 10:23:00,1453.85,1453.85,1452.45,1453.65,1
2024-06-06 10:24:00,1453.65,1454.0,1452.45,1454.0,30
2024-06-06 10:25:00,1454.0,1454.0,1452.3,1452.3,38
2024-06-06 10:26:00,1452.3,1452.3,1451.55,1451.65,4
2024-06-06 10:27:00,1451.65,1454.0,1451.65,1453.95,90
2024-06-06 10:28:00,1453.95,1454.0,1453.95,1454.0,6
2024-06-06 10:29:00,1454.0,1454.0,1454.0,1454.0,6
2024-06-06 10:30:00,1454.0,1454.0,1452.5,1453.85,1436
2024-06-06 10:31:00,1453.85,1453.85,1453.85,1453.85,10
2024-06-06 10:32:00,1454.0,1454.0,1454.0,1454.0,84
2024-06-06 10:33:00,1454.0,1454.0,1452.8,1453.9,2
2024-06-06 10:34:00,1453.9,1453.9,1453.9,1453.9,0
2024-06-06 10:35:00,1452.55,1453.85,1452.55,1453.85,55
2024-06-06 10:36:00,1453.85,1453.85,1452.3,1453.7,154
2024-06-06 10:37:00,1453.7,1453.7,1453.7,1453.7,0
2024-06-06 10:38:00,1453.7,1453.7,1452.25,1452.25,11
2024-06-06 10:39:00,1452.25,1452.25,1451.6,1451.6,70
2024-06-06 10:40:00,1451.7,1452.5,1451.7,1452.45,27
2024-06-06 10:41:00,1452.5,1452.5,1450.0,1450.0,70
2024-06-06 10:42:00,1450.0,1450.0,1447.8,1448.45,214
2024-06-06 10:43:00,1448.45,1449.95,1448.45,1449.95,21
2024-06-06 10:44:00,1449.95,1449.95,1448.9,1448.9,2
2024-06-06 10:45:00,1448.9,1449.3,1448.8,1449.3,115
2024-06-06 10:46:00,1447.3,1448.05,1446.75,1448.05,124
2024-06-06 10:47:00,1448.05,1448.05,1446.8,1446.8,2
2024-06-06 10:48:00,1446.8,1448.35,1445.55,1445.55,221
2024-06-06 10:49:00,1445.55,1446.9,1445.55,1446.4,33
2024-06-06 10:50:00,1446.4,1450.95,1446.4,1450.95,35
2024-06-06 10:51:00,1452.0,1452.0,1452.0,1452.0,10
2024-06-06 10:52:00,1451.9,1451.95,1451.7,1451.95,4
2024-06-06 10:53:00,1451.95,1451.95,1448.75,1448.75,50
2024-06-06 10:54:00,1448.75,1448.75,1448.7,1448.7,11
2024-06-06 10:55:00,1448.7,1448.7,1448.6,1448.6,1
2024-06-06 10:56:00,1448.6,1448.6,1448.2,1448.2,5
2024-06-06 10:57:00,1448.2,1448.5,1448.2,1448.5,1
2024-06-06 10:58:00,1448.5,1448.5,1446.65,1447.1,131
2024-06-06 10:59:00,1447.85,1448.55,1446.65,1448.05,138
2024-06-06 11:00:00,1448.05,1448.05,1447.5,1447.8,117
2024-06-06 11:01:00,1447.85,1447.85,1447.5,1447.5,114
2024-06-06 11:02:00,1447.5,1449.55,1446.7,1449.0,1144
2024-06-06 11:03:00,1448.95,1450.95,1448.95,1450.95,189
2024-06-06 11:04:00,1450.95,1451.15,1450.95,1451.15,1
2024-06-06 11:05:00,1449.55,1449.55,1447.95,1448.75,89
2024-06-06 11:06:00,1448.75,1449.5,1447.9,1448.95,193
2024-06-06 11:07:00,1449.1,1449.1,1448.95,1448.95,18
2024-06-06 11:08:00,1448.95,1449.1,1448.9,1449.1,40
2024-06-06 11:09:00,1449.1,1449.1,1448.9,1448.95,105
2024-06-06 11:10:00,1448.95,1449.0,1448.45,1448.95,57
2024-06-06 11:11:00,1450.55,1450.75,1450.05,1450.05,199
2024-06-06 11:12:00,1450.05,1450.5,1449.0,1450.05,29
2024-06-06 11:13:00,1450.05,1450.5,1449.55,1449.55,7
2024-06-06 11:14:00,1449.55,1450.5,1449.55,1450.4,16
2024-06-06 11:15:00,1450.4,1450.6,1449.0,1449.0,108
2024-06-06 11:16:00,1449.0,1450.5,1449.0,1450.5,2
2024-06-06 11:17:00,1449.6,1450.65,1449.15,1450.5,58
2024-06-06 11:18:00,1450.5,1452.0,1450.5,1451.2,138
2024-06-06 11:19:00,1451.2,1451.3,1450.95,1451.3,3
2024-06-06 11:20:00,1451.3,1451.3,1450.25,1450.25,1
2024-06-06 11:21:00,1450.25,1451.4,1450.05,1451.4,50
2024-06-06 11:22:00,1451.4,1451.4,1450.1,1450.1,14
2024-06-06 11:23:00,1450.1,1450.9,1449.5,1450.9,62
2024-06-06 11:24:00,1450.9,1451.1,1450.0,1451.1,5
2024-06-06 11:25:00,1451.1,1451.1,1450.2,1450.2,6
2024-06-06 11:26:00,1450.2,1451.0,1450.0,1450.0,7
2024-06-06 11:27:00,1450.05,1450.95,1450.05,1450.05,29
2024-06-06 11:28:00,1450.05,1451.45,1450.0,1450.95,35
2024-06-06 11:29:00,1450.95,1450.95,1450.05,1450.05,3
2024-06-06 11:30:00,1451.05,1452.5,1450.2,1452.3,200
2024-06-06 11:31:00,1452.3,1452.8,1452.3,1452.8,3
2024-06-06 11:32:00,1452.8,1452.85,1450.55,1452.85,76
2024-06-06 11:33:00,1452.85,1452.85,1452.8,1452.85,17
2024-06-06 11:34:00,1452.85,1452.85,1450.55,1450.55,100
2024-06-06 11:35:00,1450.55,1453.0,1450.55,1450.6,148
2024-06-06 11:36:00,1450.6,1450.6,1450.6,1450.6,0
2024-06-06 11:37:00,1450.65,1452.0,1450.55,1452.0,148
2024-06-06 11:38:00,1452.0,1452.0,1451.95,1451.95,7
2024-06-06 11:39:00,1451.95,1451.95,1451.95,1451.95,0
2024-06-06 11:40:00,1451.95,1452.5,1450.3,1451.65,149
2024-06-06 11:41:00,1451.65,1451.65,1451.65,1451.65,10
2024-06-06 11:42:00,1451.65,1451.65,1450.2,1451.45,34
2024-06-06 11:43:00,1451.45,1451.45,1449.5,1450.65,34
2024-06-06 11:44:00,1450.65,1450.95,1450.65,1450.95,1
2024-06-06 11:45:00,1450.95,1450.95,1448.95,1448.95,522
2024-06-06 11:46:00,1448.95,1448.95,1448.0,1448.0,1
2024-06-06 11:47:00,1448.0,1448.0,1447.25,1447.25,10
2024-06-06 11:48:00,1446.95,1446.95,1446.95,1446.95,10
2024-06-06 11:49:00,1446.95,1446.95,1445.5,1445.5,63
2024-06-06 11:50:00,1445.5,1447.15,1445.5,1447.15,16
2024-06-06 11:51:00,1447.15,1447.15,1447.15,1447.15,0
2024-06-06 11:52:00,1447.15,1448.45,1447.15,1448.45,5
2024-06-06 11:53:00,1448.45,1448.45,1446.75,1446.75,1
2024-06-06 11:54:00,1446.75,1446.75,1446.05,1446.05,63
2024-06-06 11:55:00,1446.05,1446.05,1445.55,1445.55,10
2024-06-06 11:56:00,1445.55,1447.75,1445.55,1447.75,14
2024-06-06 11:57:00,1447.75,1447.75,1447.75,1447.75,0
2024-06-06 11:58:00,1447.75,1447.75,1447.75,1447.75,0
2024-06-06 11:59:00,1447.75,1447.75,1447.75,1447.75,50
2024-06-06 12:00:00,1447.75,1447.75,1447.75,1447.75,0
2024-06-06 12:01:00,1447.75,1447.75,1447.0,1447.0,108
2024-06-06 12:02:00,1447.0,1447.0,1447.0,1447.0,100
2024-06-06 12:03:00,1447.0,1447.0,1445.25,1445.25,50
2024-06-06 12:04:00,1445.25,1445.25,1445.25,1445.25,0
2024-06-06 12:05:00,1445.25,1445.25,1445.25,1445.25,0
2024-06-06 12:06:00,1445.25,1445.25,1445.25,1445.25,0
2024-06-06 12:07:00,1445.25,1447.15,1445.25,1447.15,20
2024-06-06 12:08:00,1447.15,1447.15,1447.15,1447.15,0
2024-06-06 12:09:00,1447.15,1447.15,1447.15,1447.15,50
2024-06-06 12:10:00,1447.15,1447.15,1447.15,1447.15,0
2024-06-06 12:11:00,1447.15,1447.15,1445.35,1445.35,31
2024-06-06 12:12:00,1445.35,1445.35,1445.35,1445.35,6
2024-06-06 12:13:00,1445.35,1445.35,1445.35,1445.35,0
2024-06-06 12:14:00,1445.35,1447.3,1445.35,1447.3,25
2024-06-06 12:15:00,1447.3,1447.3,1445.4,1447.2,20
2024-06-06 12:16:00,1447.2,1447.45,1445.55,1445.55,16
2024-06-06 12:17:00,1445.55,1445.55,1445.55,1445.55,70
2024-06-06 12:18:00,1445.55,1445.55,1445.55,1445.55,0
2024-06-06 12:19:00,1445.55,1445.55,1445.55,1445.55,0
2024-06-06 12:20:00,1445.55,1445.55,1445.55,1445.55,0
2024-06-06 12:21:00,1445.55,1445.55,1445.55,1445.55,0
2024-06-06 12:22:00,1445.55,1445.55,1445.55,1445.55,0
2024-06-06 12:23:00,1445.55,1445.55,1445.35,1445.35,25
2024-06-06 12:24:00,1445.35,1445.35,1445.35,1445.35,10
2024-06-06 12:25:00,1445.35,1445.35,1445.35,1445.35,5
2024-06-06 12:26:00,1445.35,1445.4,1445.35,1445.35,7
2024-06-06 12:27:00,1445.35,1445.5,1445.35,1445.5,22
2024-06-06 12:28:00,1445.5,1446.05,1445.5,1446.0,127
2024-06-06 12:29:00,1446.0,1446.0,1446.0,1446.0,0
2024-06-06 12:30:00,1446.0,1446.0,1446.0,1446.0,12
2024-06-06 12:31:00,1446.0,1448.0,1446.0,1448.0,10
2024-06-06 12:32:00,1448.0,1448.0,1448.0,1448.0,0
2024-06-06 12:33:00,1448.0,1448.0,1446.4,1446.4,1
2024-06-06 12:34:00,1446.4,1448.35,1446.4,1448.35,10
2024-06-06 12:35:00,1448.35,1448.35,1446.5,1446.5,52
2024-06-06 12:36:00,1446.5,1446.5,1446.5,1446.5,5
2024-06-06 12:37:00,1446.5,1448.3,1446.5,1448.15,53
2024-06-06 12:38:00,1448.15,1448.15,1448.15,1448.15,0
2024-06-06 12:39:00,1448.15,1448.15,1448.15,1448.15,0
2024-06-06 12:40:00,1448.15,1448.15,1446.6,1446.6,2
2024-06-06 12:41:00,1446.6,1448.5,1446.6,1448.5,22
2024-06-06 12:42:00,1448.5,1448.5,1446.9,1446.9,0
2024-06-06 12:43:00,1446.9,1446.9,1446.7,1446.7,34
2024-06-06 12:44:00,1446.7,1446.7,1446.7,1446.7,0
2024-06-06 12:45:00,1446.7,1446.7,1446.3,1446.3,6
2024-06-06 12:46:00,1446.3,1446.3,1446.3,1446.3,0
2024-06-06 12:47:00,1446.3,1448.4,1446.3,1448.4,125
2024-06-06 12:48:00,1448.4,1448.4,1448.4,1448.4,0
2024-06-06 12:49:00,1448.4,1448.4,1448.4,1448.4,0
2024-06-06 12:50:00,1448.4,1448.4,1446.65,1446.65,10
2024-06-06 12:51:00,1446.65,1446.65,1446.65,1446.65,0
2024-06-06 12:52:00,1446.65,1446.65,1446.65,1446.65,0
2024-06-06 12:53:00,1446.65,1446.65,1446.65,1446.65,0
2024-06-06 12:54:00,1446.65,1447.8,1446.25,1447.8,51
2024-06-06 12:55:00,1447.8,1447.8,1446.0,1447.15,26
2024-06-06 12:56:00,1447.15,1447.15,1447.15,1447.15,0
2024-06-06 12:57:00,1447.15,1447.6,1445.8,1447.1,53
2024-06-06 12:58:00,1447.1,1447.1,1447.1,1447.1,3
2024-06-06 12:59:00,1447.1,1447.1,1444.05,1444.05,309
2024-06-06 13:00:00,1444.05,1444.05,1442.1,1442.95,117
2024-06-06 13:01:00,1442.95,1443.0,1440.95,1443.0,108
2024-06-06 13:02:00,1443.0,1443.0,1442.75,1442.8,131
2024-06-06 13:03:00,1442.8,1442.8,1442.7,1442.7,15
2024-06-06 13:04:00,1442.7,1442.7,1442.7,1442.7,0
2024-06-06 13:05:00,1442.7,1442.7,1442.7,1442.7,0
2024-06-06 13:06:00,1442.7,1442.7,1442.7,1442.7,0
2024-06-06 13:07:00,1442.7,1442.7,1440.95,1441.95,74
2024-06-06 13:08:00,1440.0,1442.7,1440.0,1442.7,689
2024-06-06 13:09:00,1442.7,1442.7,1438.5,1439.95,66
2024-06-06 13:10:00,1439.95,1439.95,1439.95,1439.95,0
2024-06-06 13:11:00,1439.95,1439.95,1435.0,1435.8,94
2024-06-06 13:12:00,1435.8,1437.6,1435.8,1437.6,1
2024-06-06 13:13:00,1437.6,1437.6,1436.25,1436.25,7
2024-06-06 13:14:00,1436.25,1438.9,1436.25,1436.25,30
2024-06-06 13:15:00,1436.25,1439.1,1436.25,1439.1,224
2024-06-06 13:16:00,1439.1,1442.8,1439.1,1442.8,78
2024-06-06 13:17:00,1444.65,1444.65,1442.5,1443.0,189
2024-06-06 13:18:00,1443.0,1444.8,1443.0,1444.8,31
2024-06-06 13:19:00,1445.85,1445.85,1445.85,1445.85,3
2024-06-06 13:20:00,1445.85,1445.85,1445.85,1445.85,0
2024-06-06 13:21:00,1445.85,1445.85,1443.45,1443.45,10
2024-06-06 13:22:00,1443.45,1443.45,1443.45,1443.45,1
2024-06-06 13:23:00,1443.45,1443.45,1443.45,1443.45,0
2024-06-06 13:24:00,1443.45,1443.45,1443.45,1443.45,0
2024-06-06 13:25:00,1444.8,1445.15,1443.45,1445.15,13
2024-06-06 13:26:00,1445.15,1445.15,1445.15,1445.15,0
2024-06-06 13:27:00,1445.15,1445.15,1445.15,1445.15,0
2024-06-06 13:28:00,1445.15,1445.15,1445.15,1445.15,0
2024-06-06 13:29:00,1445.15,1445.15,1445.15,1445.15,0
2024-06-06 13:30:00,1445.15,1445.15,1445.15,1445.15,1
2024-06-06 13:31:00,1445.15,1445.15,1445.15,1445.15,0
2024-06-06 13:32:00,1445.15,1453.85,1445.15,1451.8,595
2024-06-06 13:33:00,1451.8,1451.8,1451.8,1451.8,0
2024-06-06 13:34:00,1451.8,1451.8,1451.15,1451.8,21
2024-06-06 13:35:00,1451.8,1452.95,1451.8,1452.95,1
2024-06-06 13:36:00,1452.95,1453.85,1452.95,1453.85,26
2024-06-06 13:37:00,1453.85,1454.0,1453.85,1454.0,227
2024-06-06 13:38:00,1454.0,1454.0,1454.0,1454.0,0
2024-06-06 13:39:00,1454.0,1454.0,1452.3,1454.0,30
2024-06-06 13:40:00,1454.0,1454.0,1453.95,1453.95,20
2024-06-06 13:41:00,1453.95,1453.95,1453.95,1453.95,0
2024-06-06 13:42:00,1453.95,1453.95,1452.05,1452.05,9
2024-06-06 13:43:00,1452.05,1452.05,1452.05,1452.05,0
2024-06-06 13:44:00,1452.05,1452.05,1452.0,1452.0,10
2024-06-06 13:45:00,1452.0,1452.0,1452.0,1452.0,0
2024-06-06 13:46:00,1452.0,1452.0,1450.1,1450.1,12
2024-06-06 13:47:00,1450.1,1450.1,1450.1,1450.1,0
2024-06-06 13:48:00,1450.1,1450.1,1450.1,1450.1,0
2024-06-06 13:49:00,1450.1,1450.1,1450.1,1450.1,0
2024-06-06 13:50:00,1450.1,1452.45,1447.4,1452.45,712
2024-06-06 13:51:00,1452.45,1453.8,1452.45,1452.65,37
2024-06-06 13:52:00,1452.65,1452.95,1452.65,1452.95,6
2024-06-06 13:53:00,1452.95,1452.95,1451.15,1451.15,7
2024-06-06 13:54:00,1451.15,1451.15,1451.15,1451.15,0
2024-06-06 13:55:00,1451.15,1451.15,1451.15,1451.15,0
2024-06-06 13:56:00,1451.15,1451.2,1451.15,1451.2,3
2024-06-06 13:57:00,1451.2,1451.2,1451.2,1451.2,0
2024-06-06 13:58:00,1451.2,1451.2,1451.2,1451.2,0
2024-06-06 13:59:00,1451.2,1451.2,1451.15,1451.15,18
2024-06-06 14:00:00,1451.15,1452.7,1451.15,1452.7,10
2024-06-06 14:01:00,1452.7,1452.7,1452.7,1452.7,0
2024-06-06 14:02:00,1452.7,1452.7,1450.45,1450.45,0
2024-06-06 14:03:00,1450.45,1450.45,1450.45,1450.45,8
2024-06-06 14:04:00,1450.45,1450.45,1449.95,1449.95,12
2024-06-06 14:05:00,1449.95,1449.95,1449.95,1449.95,0
2024-06-06 14:06:00,1449.95,1449.95,1449.95,1449.95,0
2024-06-06 14:07:00,1449.95,1449.95,1449.95,1449.95,0
2024-06-06 14:08:00,1449.95,1449.95,1448.0,1448.0,29
2024-06-06 14:09:00,1448.0,1448.0,1448.0,1448.0,0
2024-06-06 14:10:00,1448.0,1448.6,1448.0,1448.6,122
2024-06-06 14:11:00,1448.6,1448.6,1448.6,1448.6,0
2024-06-06 14:12:00,1448.6,1448.6,1448.6,1448.6,0
2024-06-06 14:13:00,1448.6,1448.6,1448.6,1448.6,0
2024-06-06 14:14:00,1448.6,1448.6,1448.6,1448.6,0
2024-06-06 14:15:00,1448.6,1450.95,1448.15,1450.7,36
2024-06-06 14:16:00,1450.7,1450.7,1450.7,1450.7,0
2024-06-06 14:17:00,1450.7,1450.7,1450.7,1450.7,0
2024-06-06 14:18:00,1450.7,1450.7,1450.7,1450.7,0
2024-06-06 14:19:00,1450.7,1450.7,1450.4,1450.4,4
2024-06-06 14:20:00,1450.4,1450.75,1450.35,1450.75,8
2024-06-06 14:21:00,1450.75,1450.75,1447.65,1449.55,16
2024-06-06 14:22:00,1449.55,1450.9,1449.55,1450.9,5
2024-06-06 14:23:00,1450.9,1450.9,1450.9,1450.9,0
2024-06-06 14:24:00,1450.9,1450.9,1450.9,1450.9,0
2024-06-06 14:25:00,1450.9,1450.9,1450.9,1450.9,0
2024-06-06 14:26:00,1450.9,1450.9,1447.2,1449.35,5
2024-06-06 14:27:00,1449.35,1450.65,1448.45,1448.45,18
2024-06-06 14:28:00,1448.45,1454.0,1448.45,1454.0,269
2024-06-06 14:29:00,1454.0,1454.0,1454.0,1454.0,3141
2024-06-06 14:30:00,1454.0,1454.0,1452.65,1454.0,5230
2024-06-06 14:31:00,1454.0,1454.0,1452.8,1452.8,51
2024-06-06 14:32:00,1452.8,1452.8,1451.35,1451.35,276
2024-06-06 14:33:00,1451.35,1451.35,1451.35,1451.35,0
2024-06-06 14:34:00,1451.35,1451.35,1449.55,1449.55,34
2024-06-06 14:35:00,1449.55,1450.8,1447.25,1447.25,45
2024-06-06 14:36:00,1447.25,1447.25,1447.25,1447.25,0
2024-06-06 14:37:00,1447.25,1447.25,1447.25,1447.25,0
2024-06-06 14:38:00,1447.25,1447.25,1445.9,1445.9,5
2024-06-06 14:39:00,1445.9,1446.8,1445.9,1446.8,10
2024-06-06 14:40:00,1446.8,1446.8,1444.65,1444.65,24
2024-06-06 14:41:00,1444.65,1444.85,1444.65,1444.85,14
2024-06-06 14:42:00,1444.85,1447.9,1443.2,1447.9,309
2024-06-06 14:43:00,1447.9,1447.9,1444.3,1444.3,16
2024-06-06 14:44:00,1444.3,1444.3,1444.3,1444.3,0
2024-06-06 14:45:00,1444.3,1446.5,1444.3,1446.5,2
2024-06-06 14:46:00,1446.5,1447.3,1446.5,1447.1,15
2024-06-06 14:47:00,1447.1,1447.1,1447.1,1447.1,0
2024-06-06 14:48:00,1447.1,1449.4,1447.1,1449.4,34
2024-06-06 14:49:00,1449.6,1449.9,1446.9,1446.9,19
2024-06-06 14:50:00,1446.9,1448.5,1446.9,1448.45,168
2024-06-06 14:51:00,1448.45,1448.45,1448.45,1448.45,0
2024-06-06 14:52:00,1448.45,1448.45,1447.95,1447.95,200
2024-06-06 14:53:00,1447.95,1448.0,1447.95,1448.0,5
2024-06-06 14:54:00,1448.95,1448.95,1448.95,1448.95,100
2024-06-06 14:55:00,1448.95,1450.6,1448.7,1449.05,186
2024-06-06 14:56:00,1449.05,1449.05,1446.6,1446.6,16
2024-06-06 14:57:00,1446.6,1446.6,1446.6,1446.6,0
2024-06-06 14:58:00,1446.6,1446.6,1446.0,1446.0,100
2024-06-06 14:59:00,1446.0,1446.0,1444.5,1444.5,100
2024-06-06 15:00:00,1444.5,1446.8,1444.5,1446.6,5
2024-06-06 15:01:00,1446.6,1446.8,1442.7,1443.45,1258
2024-06-06 15:02:00,1443.45,1445.95,1443.45,1444.1,134
2024-06-06 15:03:00,1444.1,1445.95,1444.1,1444.25,44
2024-06-06 15:04:00,1444.25,1445.9,1441.55,1441.55,385
2024-06-06 15:05:00,1443.6,1444.35,1441.6,1442.05,55
2024-06-06 15:06:00,1442.05,1443.1,1441.1,1441.35,61
2024-06-06 15:07:00,1441.05,1442.6,1440.2,1440.2,138
2024-06-06 15:08:00,1440.05,1443.05,1440.05,1442.95,177
2024-06-06 15:09:00,1442.95,1442.95,1440.35,1442.6,56
2024-06-06 15:10:00,1441.9,1443.15,1441.45,1441.45,114
2024-06-06 15:11:00,1441.45,1442.7,1441.0,1441.55,351
2024-06-06 15:12:00,1441.55,1443.4,1441.5,1442.75,90
2024-06-06 15:13:00,1442.75,1443.2,1441.85,1443.15,132
2024-06-06 15:14:00,1443.15,1443.15,1441.5,1441.95,105
2024-06-06 15:15:00,1441.95,1444.25,1441.55,1444.25,244
2024-06-06 15:16:00,1444.25,1444.25,1440.0,1443.95,519
2024-06-06 15:17:00,1445.95,1445.95,1441.5,1441.5,226
2024-06-06 15:18:00,1441.5,1446.8,1441.5,1446.8,412
2024-06-06 15:19:00,1446.8,1448.95,1446.7,1447.25,39
2024-06-06 15:20:00,1447.25,1450.0,1447.25,1448.4,206
2024-06-06 15:21:00,1450.0,1451.35,1448.65,1451.35,215
2024-06-06 15:22:00,1451.35,1453.3,1450.0,1450.9,425
2024-06-06 15:23:00,1450.9,1474.95,1450.9,1453.3,17197
2024-06-06 15:24:00,1453.85,1454.0,1453.75,1453.9,626
2024-06-06 15:25:00,1453.9,1454.0,1453.3,1453.95,5415
2024-06-06 15:26:00,1453.95,1454.0,1453.35,1453.35,179
2024-06-06 15:27:00,1453.35,1453.4,1445.05,1445.05,283
2024-06-06 15:28:00,1445.05,1449.95,1442.0,1449.95,288
2024-06-06 15:29:00,1449.95,1454.0,1447.0,1454.0,212
2024-06-07 09:15:00,1455.0,1455.05,1450.0,1450.0,90
2024-06-07 09:16:00,1449.95,1455.95,1448.25,1455.95,251
2024-06-07 09:17:00,1455.95,1460.7,1455.95,1458.0,125
2024-06-07 09:18:00,1458.0,1458.9,1456.35,1458.1,68
2024-06-07 09:19:00,1458.1,1458.1,1453.05,1453.05,348
2024-06-07 09:20:00,1453.05,1455.6,1452.25,1455.6,32
2024-06-07 09:21:00,1456.7,1456.7,1456.7,1456.7,4
2024-06-07 09:22:00,1456.7,1456.7,1456.6,1456.6,142
2024-06-07 09:23:00,1456.6,1458.5,1456.6,1458.5,75
2024-06-07 09:24:00,1458.5,1459.55,1458.5,1459.55,6
2024-06-07 09:25:00,1459.55,1459.75,1457.2,1459.75,52
2024-06-07 09:26:00,1459.9,1463.75,1459.9,1462.1,176
2024-06-07 09:27:00,1464.05,1466.0,1464.05,1466.0,77
2024-06-07 09:28:00,1466.0,1469.0,1466.0,1466.4,245
2024-06-07 09:29:00,1468.95,1469.3,1466.05,1466.2,176
2024-06-07 09:30:00,1466.2,1468.8,1466.05,1466.5,82
2024-06-07 09:31:00,1466.5,1468.6,1464.05,1465.15,133
2024-06-07 09:32:00,1465.15,1465.15,1465.15,1465.15,20
2024-06-07 09:33:00,1465.15,1465.15,1462.65,1462.65,14
2024-06-07 09:34:00,1462.65,1464.6,1462.65,1464.6,0
2024-06-07 09:35:00,1464.6,1464.6,1462.7,1464.0,45
2024-06-07 09:36:00,1464.0,1464.1,1464.0,1464.1,4
2024-06-07 09:37:00,1464.1,1464.1,1461.05,1463.25,139
2024-06-07 09:38:00,1463.25,1463.25,1463.25,1463.25,0
2024-06-07 09:39:00,1463.25,1463.6,1461.3,1461.8,14
2024-06-07 09:40:00,1461.8,1464.05,1461.8,1464.05,14
2024-06-07 09:41:00,1464.05,1464.05,1464.05,1464.05,0
2024-06-07 09:42:00,1465.35,1465.35,1463.05,1463.05,21
2024-06-07 09:43:00,1463.05,1463.05,1463.05,1463.05,52
2024-06-07 09:44:00,1463.05,1463.05,1463.05,1463.05,0
2024-06-07 09:45:00,1463.05,1463.05,1463.0,1463.0,24
2024-06-07 09:46:00,1463.0,1464.0,1461.8,1461.8,81
2024-06-07 09:47:00,1461.8,1461.8,1461.0,1461.0,27
2024-06-07 09:48:00,1461.0,1461.0,1460.1,1460.1,2
2024-06-07 09:49:00,1460.1,1461.65,1459.2,1461.65,90
2024-06-07 09:50:00,1461.65,1461.65,1461.65,1461.65,0
2024-06-07 09:51:00,1461.65,1461.65,1461.65,1461.65,0
2024-06-07 09:52:00,1461.65,1461.65,1456.0,1456.0,118
2024-06-07 09:53:00,1456.0,1460.1,1456.0,1460.1,31
2024-06-07 09:54:00,1460.1,1461.85,1460.1,1461.85,71
2024-06-07 09:55:00,1461.85,1461.85,1460.05,1460.05,31
2024-06-07 09:56:00,1460.05,1460.05,1460.0,1460.0,36
2024-06-07 09:57:00,1460.0,1460.0,1460.0,1460.0,0
2024-06-07 09:58:00,1460.0,1460.95,1460.0,1460.95,0
2024-06-07 09:59:00,1460.95,1460.95,1460.95,1460.95,1
2024-06-07 10:00:00,1460.95,1460.95,1460.7,1460.7,1
2024-06-07 10:01:00,1460.7,1460.7,1458.0,1458.0,454
2024-06-07 10:02:00,1458.0,1460.55,1458.0,1460.55,36
2024-06-07 10:03:00,1460.55,1463.55,1460.55,1463.55,56
2024-06-07 10:04:00,1463.55,1463.55,1463.55,1463.55,0
2024-06-07 10:05:00,1463.55,1465.55,1462.85,1462.85,12
2024-06-07 10:06:00,1462.85,1464.2,1462.85,1464.2,22
2024-06-07 10:07:00,1464.2,1464.2,1461.75,1461.75,32
2024-06-07 10:08:00,1461.75,1461.8,1460.05,1461.8,13
2024-06-07 10:09:00,1461.8,1461.8,1461.55,1461.55,8
2024-06-07 10:10:00,1461.55,1463.85,1461.55,1463.85,8
2024-06-07 10:11:00,1463.85,1463.85,1462.1,1462.1,2
2024-06-07 10:12:00,1462.1,1464.25,1462.1,1464.25,1
2024-06-07 10:13:00,1464.25,1464.25,1464.25,1464.25,0
2024-06-07 10:14:00,1464.25,1464.25,1464.25,1464.25,1
2024-06-07 10:15:00,1461.75,1464.25,1461.75,1464.25,125
2024-06-07 10:16:00,1464.25,1464.25,1464.25,1464.25,0
2024-06-07 10:17:00,1464.25,1464.25,1464.0,1464.0,1
2024-06-07 10:18:00,1464.0,1464.0,1463.05,1463.05,7
2024-06-07 10:19:00,1463.05,1464.95,1463.05,1464.95,51
2024-06-07 10:20:00,1464.95,1464.95,1464.75,1464.75,1
2024-06-07 10:21:00,1464.75,1464.75,1462.35,1462.35,30
2024-06-07 10:22:00,1462.35,1464.7,1462.35,1462.85,13
2024-06-07 10:23:00,1462.85,1462.95,1460.25,1460.25,249
2024-06-07 10:24:00,1460.25,1462.15,1460.25,1462.15,1
2024-06-07 10:25:00,1462.15,1462.75,1462.15,1462.75,3
2024-06-07 10:26:00,1462.75,1462.75,1462.75,1462.75,2
2024-06-07 10:27:00,1462.75,1462.75,1462.75,1462.75,4
2024-06-07 10:28:00,1462.75,1462.75,1462.75,1462.75,3
2024-06-07 10:29:00,1462.75,1462.75,1462.65,1462.75,5
2024-06-07 10:30:00,1462.75,1462.75,1462.5,1462.5,3
2024-06-07 10:31:00,1462.5,1462.5,1462.0,1462.0,4
2024-06-07 10:32:00,1462.0,1462.0,1462.0,1462.0,5
2024-06-07 10:33:00,1462.0,1462.0,1462.0,1462.0,0
2024-06-07 10:34:00,1462.0,1462.0,1462.0,1462.0,1
2024-06-07 10:35:00,1462.0,1462.75,1462.0,1462.75,200
2024-06-07 10:36:00,1462.7,1462.75,1460.75,1462.55,552
2024-06-07 10:37:00,1462.55,1466.8,1462.55,1466.8,330
2024-06-07 10:38:00,1467.4,1470.95,1467.4,1470.95,425
2024-06-07 10:39:00,1470.95,1473.25,1470.3,1470.3,230
2024-06-07 10:40:00,1470.3,1472.8,1470.3,1472.8,15
2024-06-07 10:41:00,1472.8,1474.75,1472.8,1474.75,1
2024-06-07 10:42:00,1474.75,1475.6,1474.75,1475.6,126
2024-06-07 10:43:00,1475.95,1477.2,1470.0,1470.0,669
2024-06-07 10:44:00,1470.0,1470.0,1469.65,1469.65,75
2024-06-07 10:45:00,1469.65,1469.65,1468.95,1468.95,3
2024-06-07 10:46:00,1468.95,1477.0,1468.95,1477.0,1638
2024-06-07 10:47:00,1477.0,1479.4,1477.0,1479.4,23
2024-06-07 10:48:00,1479.35,1480.15,1477.1,1480.15,94
2024-06-07 10:49:00,1480.1,1481.2,1476.8,1480.4,116
2024-06-07 10:50:00,1480.4,1480.4,1476.05,1476.05,40
2024-06-07 10:51:00,1476.05,1478.3,1475.0,1475.0,220
2024-06-07 10:52:00,1475.0,1481.95,1475.0,1481.95,2047
2024-06-07 10:53:00,1481.2,1486.0,1480.9,1480.95,1021
2024-06-07 10:54:00,1480.95,1484.3,1479.55,1479.55,143
2024-06-07 10:55:00,1479.55,1483.1,1479.55,1479.55,67
2024-06-07 10:56:00,1479.55,1481.65,1479.55,1479.7,1
2024-06-07 10:57:00,1479.7,1480.0,1479.55,1479.55,45
2024-06-07 10:58:00,1479.55,1479.95,1477.85,1477.85,33
2024-06-07 10:59:00,1477.85,1478.95,1477.85,1478.9,13
2024-06-07 11:00:00,1478.9,1478.9,1476.75,1476.75,2
2024-06-07 11:01:00,1476.75,1476.8,1476.75,1476.8,76
2024-06-07 11:02:00,1476.8,1476.8,1476.75,1476.75,76
2024-06-07 11:03:00,1476.75,1479.05,1476.75,1479.05,16
2024-06-07 11:04:00,1478.6,1478.6,1476.8,1477.1,14
2024-06-07 11:05:00,1477.1,1477.1,1477.1,1477.1,0
2024-06-07 11:06:00,1477.1,1482.8,1477.1,1482.8,245
2024-06-07 11:07:00,1481.45,1481.45,1481.05,1481.05,170
2024-06-07 11:08:00,1481.05,1481.05,1480.9,1480.9,25
2024-06-07 11:09:00,1480.9,1481.05,1480.9,1481.05,69
2024-06-07 11:10:00,1481.05,1481.15,1481.05,1481.1,17
2024-06-07 11:11:00,1481.1,1481.1,1481.1,1481.1,5
2024-06-07 11:12:00,1481.1,1481.1,1481.1,1481.1,7
2024-06-07 11:13:00,1481.1,1482.0,1481.05,1482.0,5
2024-06-07 11:14:00,1482.0,1482.0,1482.0,1482.0,0
2024-06-07 11:15:00,1482.0,1484.2,1481.4,1482.55,84
2024-06-07 11:16:00,1482.55,1482.55,1482.55,1482.55,20
2024-06-07 11:17:00,1482.55,1482.55,1480.95,1480.95,6
2024-06-07 11:18:00,1480.95,1482.35,1480.0,1480.0,108
2024-06-07 11:19:00,1480.0,1480.0,1480.0,1480.0,0
2024-06-07 11:20:00,1480.0,1480.0,1480.0,1480.0,185
2024-06-07 11:21:00,1480.0,1480.0,1480.0,1480.0,0
2024-06-07 11:22:00,1480.0,1480.0,1480.0,1480.0,0
2024-06-07 11:23:00,1480.0,1482.0,1480.0,1481.0,160
2024-06-07 11:24:00,1481.0,1481.95,1481.0,1481.0,18
2024-06-07 11:25:00,1481.0,1482.0,1481.0,1481.1,11
2024-06-07 11:26:00,1481.1,1482.25,1480.9,1482.25,183
2024-06-07 11:27:00,1482.25,1483.0,1482.25,1483.0,3
2024-06-07 11:28:00,1483.0,1483.0,1481.75,1481.75,14
2024-06-07 11:29:00,1481.75,1482.0,1481.3,1481.3,26
2024-06-07 11:30:00,1481.3,1481.3,1481.3,1481.3,0
2024-06-07 11:31:00,1481.3,1481.3,1481.3,1481.3,0
2024-06-07 11:32:00,1481.3,1482.0,1481.05,1481.05,13
2024-06-07 11:33:00,1481.05,1481.05,1481.05,1481.05,0
2024-06-07 11:34:00,1481.05,1481.05,1481.05,1481.05,15
2024-06-07 11:35:00,1481.05,1483.0,1481.05,1483.0,58
2024-06-07 11:36:00,1483.0,1485.0,1483.0,1485.0,25
2024-06-07 11:37:00,1485.0,1485.0,1484.95,1484.95,68
2024-06-07 11:38:00,1484.95,1484.95,1482.85,1482.85,30
2024-06-07 11:39:00,1482.85,1483.0,1482.85,1483.0,2
2024-06-07 11:40:00,1483.0,1483.0,1483.0,1483.0,25
2024-06-07 11:41:00,1483.0,1483.0,1482.8,1482.8,74
2024-06-07 11:42:00,1482.8,1482.8,1482.55,1482.55,10
2024-06-07 11:43:00,1482.75,1485.0,1482.75,1485.0,33
2024-06-07 11:44:00,1485.0,1485.0,1485.0,1485.0,21
2024-06-07 11:45:00,1485.0,1485.0,1485.0,1485.0,0
2024-06-07 11:46:00,1485.0,1485.0,1485.0,1485.0,0
2024-06-07 11:47:00,1485.0,1486.8,1484.8,1486.8,547
2024-06-07 11:48:00,1486.8,1490.0,1486.8,1488.7,293
2024-06-07 11:49:00,1488.7,1490.0,1487.2,1487.35,192
2024-06-07 11:50:00,1487.35,1495.95,1487.35,1488.7,1015
2024-06-07 11:51:00,1491.05,1498.95,1491.05,1494.45,1106
2024-06-07 11:52:00,1493.1,1511.95,1492.95,1506.2,3185
2024-06-07 11:53:00,1506.2,1508.0,1497.7,1497.7,284
2024-06-07 11:54:00,1497.7,1497.7,1483.95,1490.4,5082
2024-06-07 11:55:00,1490.4,1490.4,1487.55,1488.3,96
2024-06-07 11:56:00,1488.3,1490.6,1487.95,1489.5,41
2024-06-07 11:57:00,1489.5,1490.35,1488.05,1488.05,5
2024-06-07 11:58:00,1488.05,1489.9,1488.05,1489.9,16
2024-06-07 11:59:00,1489.9,1489.9,1489.85,1489.85,3
2024-06-07 12:00:00,1489.85,1489.85,1488.15,1488.15,9
2024-06-07 12:01:00,1488.15,1493.05,1488.15,1491.45,198
2024-06-07 12:02:00,1491.45,1491.45,1488.0,1488.0,286
2024-06-07 12:03:00,1488.0,1491.0,1488.0,1489.45,126
2024-06-07 12:04:00,1489.45,1489.45,1487.3,1487.3,300
2024-06-07 12:05:00,1487.3,1487.3,1487.3,1487.3,0
2024-06-07 12:06:00,1487.3,1487.3,1486.8,1486.8,20
2024-06-07 12:07:00,1486.8,1486.8,1486.05,1486.05,50
2024-06-07 12:08:00,1486.05,1486.05,1486.05,1486.05,0
2024-06-07 12:09:00,1486.05,1486.05,1486.05,1486.05,0
2024-06-07 12:10:00,1486.05,1486.05,1486.05,1486.05,0
2024-06-07 12:11:00,1486.05,1486.85,1486.05,1486.2,65
2024-06-07 12:12:00,1486.2,1486.2,1486.05,1486.05,2
2024-06-07 12:13:00,1486.05,1487.2,1486.05,1486.5,22
2024-06-07 12:14:00,1486.5,1487.25,1486.5,1487.25,8
2024-06-07 12:15:00,1487.25,1489.0,1487.25,1489.0,88
2024-06-07 12:16:00,1489.0,1489.0,1488.5,1488.5,3
2024-06-07 12:17:00,1488.5,1488.5,1488.5,1488.5,0
2024-06-07 12:18:00,1488.5,1490.0,1488.5,1490.0,20
2024-06-07 12:19:00,1490.0,1490.0,1487.45,1487.45,50
2024-06-07 12:20:00,1487.45,1487.45,1487.45,1487.45,0
2024-06-07 12:21:00,1487.45,1487.45,1487.45,1487.45,0
2024-06-07 12:22:00,1487.45,1487.45,1487.45,1487.45,7
2024-06-07 12:23:00,1487.45,1489.55,1487.45,1489.55,25
2024-06-07 12:24:00,1489.55,1489.55,1489.55,1489.55,0
2024-06-07 12:25:00,1489.55,1489.55,1489.55,1489.55,0
2024-06-07 12:26:00,1489.55,1489.55,1478.0,1478.0,11039
2024-06-07 12:27:00,1478.0,1479.95,1478.0,1479.95,133
2024-06-07 12:28:00,1478.05,1479.1,1478.05,1479.1,6
2024-06-07 12:29:00,1479.1,1482.15,1477.25,1482.15,332
2024-06-07 12:30:00,1482.15,1482.35,1480.65,1480.65,518
2024-06-07 12:31:00,1480.65,1482.4,1480.65,1482.4,0
2024-06-07 12:32:00,1482.4,1482.75,1482.4,1482.75,40
2024-06-07 12:33:00,1482.75,1482.75,1480.4,1480.4,108
2024-06-07 12:34:00,1480.4,1482.6,1480.4,1481.1,4
2024-06-07 12:35:00,1481.1,1482.65,1481.1,1482.65,5
2024-06-07 12:36:00,1482.65,1482.9,1482.65,1482.9,3
2024-06-07 12:37:00,1482.9,1489.55,1481.7,1489.55,1174
2024-06-07 12:38:00,1489.55,1493.7,1488.35,1490.85,328
2024-06-07 12:39:00,1490.85,1491.55,1490.85,1491.55,10
2024-06-07 12:40:00,1491.55,1491.55,1489.4,1489.4,58
2024-06-07 12:41:00,1489.4,1489.4,1489.4,1489.4,0
2024-06-07 12:42:00,1489.4,1490.6,1488.6,1490.6,10
2024-06-07 12:43:00,1490.6,1490.6,1490.0,1490.0,2
2024-06-07 12:44:00,1490.0,1490.0,1490.0,1490.0,8
2024-06-07 12:45:00,1490.0,1490.0,1490.0,1490.0,20
2024-06-07 12:46:00,1490.0,1490.15,1490.0,1490.05,6
2024-06-07 12:47:00,1490.05,1491.55,1490.05,1491.55,11
2024-06-07 12:48:00,1490.15,1490.15,1490.15,1490.15,15
2024-06-07 12:49:00,1492.05,1492.05,1490.1,1490.1,25
2024-06-07 12:50:00,1490.1,1500.0,1490.1,1498.05,1378
2024-06-07 12:51:00,1498.05,1498.05,1494.05,1494.05,35
2024-06-07 12:52:00,1494.05,1496.05,1494.05,1494.05,7
2024-06-07 12:53:00,1494.05,1494.05,1494.05,1494.05,58
2024-06-07 12:54:00,1494.05,1496.35,1494.05,1496.35,31
2024-06-07 12:55:00,1496.35,1496.35,1496.35,1496.35,0
2024-06-07 12:56:00,1496.35,1496.35,1494.2,1494.2,12
2024-06-07 12:57:00,1493.0,1495.05,1493.0,1495.05,121
2024-06-07 12:58:00,1495.05,1495.95,1495.0,1495.95,12
2024-06-07 12:59:00,1495.95,1496.95,1494.2,1496.95,54
2024-06-07 13:00:00,1496.95,1497.45,1495.2,1495.2,5
2024-06-07 13:01:00,1495.2,1498.7,1495.2,1497.1,144
2024-06-07 13:02:00,1497.1,1497.1,1495.0,1495.0,7
2024-06-07 13:03:00,1495.0,1495.0,1492.0,1492.9,156
2024-06-07 13:04:00,1492.9,1492.9,1490.6,1490.6,9
2024-06-07 13:05:00,1490.6,1492.7,1490.6,1490.65,53
2024-06-07 13:06:00,1490.65,1492.9,1490.65,1491.05,63
2024-06-07 13:07:00,1491.05,1491.4,1490.85,1491.4,19
2024-06-07 13:08:00,1491.4,1491.4,1490.55,1490.55,8
2024-06-07 13:09:00,1490.55,1490.6,1490.55,1490.6,21
2024-06-07 13:10:00,1490.6,1490.6,1490.6,1490.6,7
2024-06-07 13:11:00,1490.6,1492.75,1490.6,1492.75,60
2024-06-07 13:12:00,1492.75,1492.75,1490.05,1490.05,79
2024-06-07 13:13:00,1490.05,1492.9,1490.05,1492.9,33
2024-06-07 13:14:00,1492.9,1492.9,1491.05,1491.05,18
2024-06-07 13:15:00,1491.05,1491.05,1491.05,1491.05,7
2024-06-07 13:16:00,1491.05,1491.85,1489.95,1489.95,769
2024-06-07 13:17:00,1489.95,1490.25,1489.95,1490.25,19
2024-06-07 13:18:00,1489.2,1489.2,1487.55,1487.55,103
2024-06-07 13:19:00,1487.55,1488.4,1487.55,1488.4,32
2024-06-07 13:20:00,1488.4,1488.4,1488.05,1488.05,31
2024-06-07 13:21:00,1488.1,1488.1,1488.0,1488.0,8
2024-06-07 13:22:00,1488.0,1488.0,1487.1,1487.1,52
2024-06-07 13:23:00,1487.1,1487.1,1483.65,1486.2,357
2024-06-07 13:24:00,1486.2,1487.55,1486.2,1487.55,15
2024-06-07 13:25:00,1487.55,1489.55,1487.55,1489.55,7
2024-06-07 13:26:00,1489.55,1489.55,1488.9,1488.9,7
2024-06-07 13:27:00,1488.9,1489.55,1488.9,1489.55,6
2024-06-07 13:28:00,1488.9,1488.9,1486.65,1486.65,67
2024-06-07 13:29:00,1486.65,1486.65,1484.45,1484.45,34
2024-06-07 13:30:00,1484.45,1485.85,1484.45,1485.85,9
2024-06-07 13:31:00,1485.85,1487.85,1485.85,1487.85,8
2024-06-07 13:32:00,1487.85,1487.85,1486.2,1486.2,7
2024-06-07 13:33:00,1486.2,1486.2,1485.9,1485.9,8
2024-06-07 13:34:00,1485.9,1485.9,1485.0,1485.0,6
2024-06-07 13:35:00,1485.0,1486.9,1485.0,1486.9,138
2024-06-07 13:36:00,1486.9,1486.9,1485.35,1485.35,7
2024-06-07 13:37:00,1485.35,1485.35,1481.75,1482.0,1342
2024-06-07 13:38:00,1482.0,1482.0,1481.9,1481.95,770
2024-06-07 13:39:00,1481.95,1482.0,1481.95,1481.95,97
2024-06-07 13:40:00,1481.95,1481.95,1481.2,1481.2,40
2024-06-07 13:41:00,1481.2,1481.2,1481.2,1481.2,6
2024-06-07 13:42:00,1481.2,1482.85,1481.05,1482.85,71
2024-06-07 13:43:00,1482.85,1482.85,1481.9,1481.9,35
2024-06-07 13:44:00,1481.9,1481.95,1481.25,1481.25,26
2024-06-07 13:45:00,1480.0,1482.0,1480.0,1482.0,453
2024-06-07 13:46:00,1482.0,1482.0,1482.0,1482.0,36
2024-06-07 13:47:00,1482.0,1482.0,1481.25,1481.25,39
2024-06-07 13:48:00,1481.25,1481.3,1481.1,1481.25,66
2024-06-07 13:49:00,1481.25,1481.25,1481.25,1481.25,0
2024-06-07 13:50:00,1481.25,1481.85,1481.25,1481.85,76
2024-06-07 13:51:00,1481.85,1482.0,1481.85,1482.0,19
2024-06-07 13:52:00,1481.45,1482.0,1481.45,1481.95,14
2024-06-07 13:53:00,1481.95,1482.1,1481.95,1481.95,87
2024-06-07 13:54:00,1481.95,1481.95,1481.95,1481.95,8
2024-06-07 13:55:00,1481.95,1481.95,1481.95,1481.95,0
2024-06-07 13:56:00,1481.95,1481.95,1481.0,1481.0,82
2024-06-07 13:57:00,1481.0,1481.0,1480.0,1480.0,231
2024-06-07 13:58:00,1480.0,1481.85,1480.0,1481.85,16
2024-06-07 13:59:00,1481.85,1481.95,1481.85,1481.95,18
2024-06-07 14:00:00,1481.95,1482.0,1481.95,1481.95,18
2024-06-07 14:01:00,1481.95,1482.0,1481.95,1481.95,17
2024-06-07 14:02:00,1481.95,1482.0,1481.35,1481.9,93
2024-06-07 14:03:00,1481.9,1482.0,1481.3,1481.8,60
2024-06-07 14:04:00,1481.8,1481.8,1481.8,1481.8,0
2024-06-07 14:05:00,1481.8,1481.85,1481.8,1481.85,8
2024-06-07 14:06:00,1481.85,1482.0,1481.8,1481.9,308
2024-06-07 14:07:00,1481.9,1481.95,1480.5,1480.5,88
2024-06-07 14:08:00,1480.5,1480.5,1480.45,1480.45,45
2024-06-07 14:09:00,1480.45,1481.8,1480.45,1481.8,9
2024-06-07 14:10:00,1481.8,1481.8,1480.25,1480.25,9
2024-06-07 14:11:00,1480.3,1481.4,1480.3,1481.35,11
2024-06-07 14:12:00,1481.35,1481.35,1480.0,1480.0,8
2024-06-07 14:13:00,1480.0,1481.2,1480.0,1480.3,68
2024-06-07 14:14:00,1480.3,1482.0,1480.3,1482.0,77
2024-06-07 14:15:00,1482.0,1482.0,1481.75,1481.75,11
2024-06-07 14:16:00,1481.75,1482.0,1481.75,1482.0,14
2024-06-07 14:17:00,1482.0,1482.0,1481.8,1481.95,10
2024-06-07 14:18:00,1481.95,1481.95,1481.8,1481.95,8
2024-06-07 14:19:00,1481.95,1482.0,1481.75,1482.0,62
2024-06-07 14:20:00,1482.0,1482.0,1482.0,1482.0,25
2024-06-07 14:21:00,1482.0,1482.0,1481.95,1481.95,12
2024-06-07 14:22:00,1481.95,1482.0,1481.95,1481.95,11
2024-06-07 14:23:00,1481.95,1482.0,1481.95,1482.0,30
2024-06-07 14:24:00,1482.0,1482.0,1481.55,1481.6,180
2024-06-07 14:25:00,1481.6,1481.95,1480.6,1481.95,160
2024-06-07 14:26:00,1481.95,1482.0,1481.95,1481.95,10
2024-06-07 14:27:00,1481.95,1481.95,1480.5,1481.5,105
2024-06-07 14:28:00,1481.7,1482.0,1480.1,1480.1,58
2024-06-07 14:29:00,1480.1,1482.1,1480.1,1481.75,20
2024-06-07 14:30:00,1481.8,1482.0,1481.8,1482.0,11
2024-06-07 14:31:00,1481.95,1481.95,1481.8,1481.8,8
2024-06-07 14:32:00,1481.95,1482.0,1481.95,1482.0,51
2024-06-07 14:33:00,1482.0,1482.0,1481.95,1481.95,52
2024-06-07 14:34:00,1481.95,1482.0,1481.95,1482.0,27
2024-06-07 14:35:00,1482.0,1482.0,1481.9,1481.9,28
2024-06-07 14:36:00,1481.9,1482.05,1481.9,1482.0,2027
2024-06-07 14:37:00,1482.0,1482.0,1481.95,1481.95,18
2024-06-07 14:38:00,1481.95,1481.95,1481.15,1481.15,9
2024-06-07 14:39:00,1481.15,1482.1,1481.15,1482.0,104
2024-06-07 14:40:00,1482.0,1482.0,1481.95,1481.95,53
2024-06-07 14:41:00,1481.95,1482.0,1481.95,1482.0,22
2024-06-07 14:42:00,1482.0,1482.0,1481.1,1481.8,18
2024-06-07 14:43:00,1481.95,1481.95,1480.75,1481.9,20
2024-06-07 14:44:00,1481.95,1481.95,1481.95,1481.95,2
2024-06-07 14:45:00,1481.9,1481.9,1481.05,1481.05,8
2024-06-07 14:46:00,1481.9,1481.9,1481.0,1481.9,395
2024-06-07 14:47:00,1481.9,1482.0,1481.9,1481.9,10
2024-06-07 14:48:00,1482.0,1482.0,1481.2,1481.85,26
2024-06-07 14:49:00,1481.85,1482.0,1481.3,1481.3,6
2024-06-07 14:50:00,1481.3,1482.0,1481.3,1481.95,56
2024-06-07 14:51:00,1482.0,1482.0,1481.95,1481.95,8
2024-06-07 14:52:00,1481.9,1481.9,1481.9,1481.9,4
2024-06-07 14:53:00,1481.9,1481.95,1480.0,1480.0,283
2024-06-07 14:54:00,1481.55,1481.55,1480.15,1481.35,22
2024-06-07 14:55:00,1481.5,1481.5,1480.1,1481.4,28
2024-06-07 14:56:00,1481.4,1481.4,1480.5,1481.3,22
2024-06-07 14:57:00,1481.35,1481.35,1481.35,1481.35,2
2024-06-07 14:58:00,1481.8,1481.8,1480.45,1480.45,10
2024-06-07 14:59:00,1480.45,1481.65,1480.05,1480.05,53
2024-06-07 15:00:00,1480.05,1482.0,1480.05,1482.0,111
2024-06-07 15:01:00,1482.5,1482.5,1480.0,1481.15,240
2024-06-07 15:02:00,1481.9,1482.0,1481.45,1482.0,77
2024-06-07 15:03:00,1482.0,1483.0,1481.55,1481.6,179
2024-06-07 15:04:00,1481.55,1482.55,1480.8,1482.55,74
2024-06-07 15:05:00,1482.0,1482.55,1481.6,1481.6,89
2024-06-07 15:06:00,1482.0,1482.0,1480.1,1480.1,247
2024-06-07 15:07:00,1481.85,1482.05,1480.9,1482.05,270
2024-06-07 15:08:00,1482.0,1482.9,1482.0,1482.05,96
2024-06-07 15:09:00,1482.0,1482.9,1481.45,1482.0,419
2024-06-07 15:10:00,1482.0,1483.15,1482.0,1482.0,249
2024-06-07 15:11:00,1482.0,1482.15,1482.0,1482.0,225
2024-06-07 15:12:00,1482.0,1482.55,1481.9,1481.95,169
2024-06-07 15:13:00,1481.95,1482.55,1481.85,1481.95,333
2024-06-07 15:14:00,1481.85,1482.0,1480.0,1480.0,676
2024-06-07 15:15:00,1481.7,1482.0,1480.85,1480.85,190
2024-06-07 15:16:00,1481.95,1482.0,1481.95,1481.95,58
2024-06-07 15:17:00,1481.95,1481.95,1480.0,1480.95,273
2024-06-07 15:18:00,1480.0,1481.9,1480.0,1481.1,450
2024-06-07 15:19:00,1481.9,1481.9,1481.2,1481.85,198
2024-06-07 15:20:00,1481.8,1481.8,1481.25,1481.75,241
2024-06-07 15:21:00,1481.75,1481.75,1481.3,1481.7,678
2024-06-07 15:22:00,1481.65,1481.65,1481.25,1481.65,109
2024-06-07 15:23:00,1481.65,1481.7,1481.3,1481.7,150
2024-06-07 15:24:00,1481.5,1482.0,1481.5,1482.0,433
2024-06-07 15:25:00,1482.0,1483.4,1482.0,1482.0,274
2024-06-07 15:26:00,1481.95,1483.45,1481.95,1482.0,154
2024-06-07 15:27:00,1482.0,1484.95,1482.0,1482.0,477
2024-06-07 15:28:00,1482.0,1484.95,1482.0,1482.0,585
2024-06-07 15:29:00,1482.0,1482.0,1481.9,1482.0,455
2024-06-10 09:15:00,1509.95,1509.95,1494.1,1494.1,28
2024-06-10 09:16:00,1494.05,1525.35,1493.05,1502.7,2174
2024-06-10 09:17:00,1502.7,1508.95,1502.0,1502.7,196
2024-06-10 09:18:00,1502.7,1502.95,1498.35,1498.35,381
2024-06-10 09:19:00,1498.35,1498.35,1495.0,1497.15,213
2024-06-10 09:20:00,1497.15,1497.65,1493.8,1494.05,31
2024-06-10 09:21:00,1494.05,1494.05,1490.95,1490.95,263
2024-06-10 09:22:00,1490.95,1492.7,1490.3,1490.3,112
2024-06-10 09:23:00,1491.95,1496.2,1491.95,1495.65,94
2024-06-10 09:24:00,1497.95,1497.95,1495.1,1495.1,83
2024-06-10 09:25:00,1494.35,1494.35,1493.1,1493.1,22
2024-06-10 09:26:00,1495.95,1498.25,1495.6,1497.15,246
2024-06-10 09:27:00,1497.15,1499.35,1496.05,1498.5,70
2024-06-10 09:28:00,1498.5,1499.15,1497.05,1497.1,56
2024-06-10 09:29:00,1497.1,1499.0,1494.65,1494.65,39
2024-06-10 09:30:00,1494.65,1497.3,1493.3,1493.35,71
2024-06-10 09:31:00,1493.35,1495.0,1493.35,1495.0,13
2024-06-10 09:32:00,1495.0,1496.0,1495.0,1496.0,717
2024-06-10 09:33:00,1493.0,1493.0,1491.05,1491.05,65
2024-06-10 09:34:00,1491.05,1491.05,1484.2,1484.2,145
2024-06-10 09:35:00,1484.2,1484.35,1483.55,1484.35,65
2024-06-10 09:36:00,1484.35,1485.95,1483.35,1483.35,9
2024-06-10 09:37:00,1483.35,1483.35,1482.55,1482.55,10
2024-06-10 09:38:00,1485.3,1486.15,1482.55,1486.15,56
2024-06-10 09:39:00,1486.15,1488.0,1483.95,1485.75,374
2024-06-10 09:40:00,1485.75,1486.15,1485.75,1486.15,56
2024-06-10 09:41:00,1486.15,1489.25,1486.15,1489.25,8
2024-06-10 09:42:00,1489.25,1491.5,1488.05,1488.05,136
2024-06-10 09:43:00,1488.05,1488.6,1487.85,1487.85,42
2024-06-10 09:44:00,1487.85,1487.85,1485.3,1485.3,25
2024-06-10 09:45:00,1485.3,1487.25,1485.3,1487.25,41
2024-06-10 09:46:00,1487.25,1487.25,1487.25,1487.25,0
2024-06-10 09:47:00,1487.25,1488.25,1487.0,1487.1,17
2024-06-10 09:48:00,1487.0,1487.0,1485.3,1486.75,50
2024-06-10 09:49:00,1486.75,1486.75,1485.3,1485.3,21
2024-06-10 09:50:00,1488.0,1488.0,1484.25,1484.25,217
2024-06-10 09:51:00,1484.25,1484.25,1484.25,1484.25,0
2024-06-10 09:52:00,1484.25,1486.65,1484.25,1486.65,99
2024-06-10 09:53:00,1486.65,1486.65,1483.25,1483.25,37
2024-06-10 09:54:00,1483.25,1484.0,1483.25,1484.0,18
2024-06-10 09:55:00,1484.0,1487.55,1484.0,1487.55,515
2024-06-10 09:56:00,1487.55,1487.55,1483.6,1483.8,78
2024-06-10 09:57:00,1483.8,1484.6,1483.8,1484.6,8
2024-06-10 09:58:00,1484.6,1485.9,1483.95,1484.75,6
2024-06-10 09:59:00,1484.75,1487.95,1484.75,1486.2,77
2024-06-10 10:00:00,1486.2,1488.5,1483.7,1483.7,12
2024-06-10 10:01:00,1483.7,1483.7,1481.75,1482.05,156
2024-06-10 10:02:00,1482.05,1482.5,1482.05,1482.1,23
2024-06-10 10:03:00,1482.1,1482.9,1482.1,1482.9,5
2024-06-10 10:04:00,1482.9,1483.5,1482.9,1483.5,14
2024-06-10 10:05:00,1483.55,1485.75,1483.55,1485.7,25
2024-06-10 10:06:00,1486.0,1486.0,1482.0,1482.1,196
2024-06-10 10:07:00,1482.1,1484.0,1482.1,1484.0,8
2024-06-10 10:08:00,1484.75,1485.45,1482.1,1482.4,78
2024-06-10 10:09:00,1482.4,1483.3,1482.4,1483.3,4
2024-06-10 10:10:00,1483.3,1486.85,1483.3,1486.05,35
2024-06-10 10:11:00,1486.05,1486.8,1483.85,1483.85,6
2024-06-10 10:12:00,1483.85,1486.95,1483.85,1486.95,75
2024-06-10 10:13:00,1487.55,1490.8,1485.65,1489.5,167
2024-06-10 10:14:00,1489.5,1492.05,1489.5,1489.75,7
2024-06-10 10:15:00,1489.75,1492.5,1488.1,1488.1,40
2024-06-10 10:16:00,1488.1,1490.2,1487.5,1488.3,67
2024-06-10 10:17:00,1488.3,1491.2,1488.3,1489.1,41
2024-06-10 10:18:00,1489.1,1489.1,1488.3,1488.3,6
2024-06-10 10:19:00,1488.3,1489.05,1488.3,1489.05,5
2024-06-10 10:20:00,1489.05,1491.75,1489.05,1489.9,6
2024-06-10 10:21:00,1489.9,1489.9,1489.85,1489.9,7
2024-06-10 10:22:00,1490.0,1490.15,1490.0,1490.15,4
2024-06-10 10:23:00,1490.15,1492.0,1490.15,1492.0,4
2024-06-10 10:24:00,1492.0,1492.0,1490.55,1490.55,32
2024-06-10 10:25:00,1490.55,1492.3,1490.55,1492.3,46
2024-06-10 10:26:00,1492.3,1495.3,1492.3,1494.0,166
2024-06-10 10:27:00,1494.0,1495.8,1492.5,1492.5,69
2024-06-10 10:28:00,1492.5,1493.25,1492.4,1493.05,99
2024-06-10 10:29:00,1493.05,1493.4,1491.5,1492.2,252
2024-06-10 10:30:00,1492.2,1492.2,1490.6,1490.6,150
2024-06-10 10:31:00,1490.6,1491.85,1490.55,1490.55,6
2024-06-10 10:32:00,1490.55,1490.6,1490.55,1490.6,10
2024-06-10 10:33:00,1490.6,1492.9,1490.6,1491.4,20
2024-06-10 10:34:00,1491.4,1491.5,1491.1,1491.1,4
2024-06-10 10:35:00,1491.1,1492.95,1491.1,1491.2,105
2024-06-10 10:36:00,1491.15,1493.3,1491.05,1491.45,42
2024-06-10 10:37:00,1491.45,1491.45,1490.55,1490.8,6
2024-06-10 10:38:00,1490.8,1492.9,1490.8,1492.9,13
2024-06-10 10:39:00,1492.9,1492.9,1491.0,1491.0,4
2024-06-10 10:40:00,1491.0,1491.9,1490.65,1491.05,259
2024-06-10 10:41:00,1491.05,1491.95,1490.5,1491.95,6
2024-06-10 10:42:00,1491.95,1491.95,1490.5,1490.5,4
2024-06-10 10:43:00,1490.5,1490.5,1490.5,1490.5,5
2024-06-10 10:44:00,1490.5,1490.5,1490.5,1490.5,4
2024-06-10 10:45:00,1490.5,1491.95,1488.85,1488.85,16
2024-06-10 10:46:00,1488.85,1488.85,1485.0,1485.3,153
2024-06-10 10:47:00,1485.3,1485.9,1485.0,1485.0,82
2024-06-10 10:48:00,1485.0,1486.75,1485.0,1485.1,8
2024-06-10 10:49:00,1485.5,1485.5,1485.05,1485.1,37
2024-06-10 10:50:00,1485.1,1486.75,1485.0,1485.05,7
2024-06-10 10:51:00,1485.05,1486.75,1485.0,1485.0,4
2024-06-10 10:52:00,1485.0,1485.05,1483.45,1485.05,34
2024-06-10 10:53:00,1485.05,1485.05,1483.6,1483.6,11
2024-06-10 10:54:00,1483.65,1485.4,1482.35,1482.35,62
2024-06-10 10:55:00,1482.35,1483.5,1482.35,1482.4,8
2024-06-10 10:56:00,1482.4,1482.55,1482.4,1482.55,5
2024-06-10 10:57:00,1482.55,1484.55,1482.55,1483.05,5
2024-06-10 10:58:00,1483.05,1483.3,1483.05,1483.3,5
2024-06-10 10:59:00,1483.3,1485.85,1483.3,1484.75,70
2024-06-10 11:00:00,1484.75,1486.45,1484.75,1484.95,10
2024-06-10 11:01:00,1484.95,1484.95,1483.45,1483.5,29
2024-06-10 11:02:00,1483.5,1485.9,1483.2,1483.25,46
2024-06-10 11:03:00,1483.25,1485.5,1483.25,1483.6,35
2024-06-10 11:04:00,1483.6,1485.0,1483.45,1485.0,40
2024-06-10 11:05:00,1484.8,1485.05,1484.8,1484.8,35
2024-06-10 11:06:00,1484.4,1486.6,1484.4,1486.05,42
2024-06-10 11:07:00,1486.05,1486.1,1486.0,1486.0,36
2024-06-10 11:08:00,1486.05,1488.15,1486.0,1486.65,53
2024-06-10 11:09:00,1486.7,1488.95,1486.0,1486.0,1176
2024-06-10 11:10:00,1486.0,1486.3,1486.0,1486.15,39
2024-06-10 11:11:00,1486.15,1486.15,1486.05,1486.15,49
2024-06-10 11:12:00,1486.15,1486.15,1486.0,1486.0,82
2024-06-10 11:13:00,1486.0,1486.0,1485.75,1485.75,43
2024-06-10 11:14:00,1485.75,1487.8,1485.2,1485.2,35
2024-06-10 11:15:00,1485.25,1487.9,1485.2,1485.35,36
2024-06-10 11:16:00,1485.35,1485.5,1485.2,1485.2,39
2024-06-10 11:17:00,1485.2,1486.1,1485.15,1485.9,34
2024-06-10 11:18:00,1485.9,1486.0,1485.9,1486.0,34
2024-06-10 11:19:00,1486.0,1486.0,1486.0,1486.0,35
2024-06-10 11:20:00,1486.0,1486.05,1485.85,1486.0,35
2024-06-10 11:21:00,1486.0,1486.1,1485.85,1486.0,37
2024-06-10 11:22:00,1486.0,1486.1,1485.9,1486.0,36
2024-06-10 11:23:00,1486.0,1486.15,1486.0,1486.05,34
2024-06-10 11:24:00,1486.05,1489.9,1486.05,1487.25,49
2024-06-10 11:25:00,1487.25,1487.25,1486.4,1486.45,34
2024-06-10 11:26:00,1486.45,1486.55,1486.05,1486.55,35
2024-06-10 11:27:00,1486.55,1487.4,1486.55,1487.4,35
2024-06-10 11:28:00,1487.4,1489.0,1486.3,1486.35,37
2024-06-10 11:29:00,1486.35,1486.55,1486.0,1486.05,35
2024-06-10 11:30:00,1486.4,1487.0,1486.4,1487.0,41
2024-06-10 11:31:00,1487.0,1487.0,1486.8,1486.8,29
2024-06-10 11:32:00,1486.8,1486.8,1486.0,1486.15,45
2024-06-10 11:33:00,1486.15,1486.2,1486.15,1486.15,36
2024-06-10 11:34:00,1486.15,1486.15,1486.0,1486.15,34
2024-06-10 11:35:00,1486.1,1486.2,1486.1,1486.15,34
2024-06-10 11:36:00,1486.15,1486.15,1486.0,1486.05,34
2024-06-10 11:37:00,1486.05,1486.3,1486.05,1486.25,35
2024-06-10 11:38:00,1486.25,1486.25,1486.15,1486.25,34
2024-06-10 11:39:00,1486.25,1488.95,1486.25,1486.55,134
2024-06-10 11:40:00,1486.55,1486.7,1485.9,1486.05,89
2024-06-10 11:41:00,1486.05,1486.05,1486.0,1486.0,34
2024-06-10 11:42:00,1488.35,1488.35,1486.15,1486.3,35
2024-06-10 11:43:00,1486.35,1486.35,1486.0,1486.0,38
2024-06-10 11:44:00,1486.0,1486.0,1486.0,1486.0,34
2024-06-10 11:45:00,1486.0,1486.05,1485.8,1486.0,521
2024-06-10 11:46:00,1486.0,1486.0,1485.8,1486.0,662
2024-06-10 11:47:00,1486.0,1486.05,1486.0,1486.0,34
2024-06-10 11:48:00,1486.0,1486.05,1486.0,1486.0,34
2024-06-10 11:49:00,1486.0,1486.0,1486.0,1486.0,42
2024-06-10 11:50:00,1486.0,1488.95,1486.0,1486.5,140
2024-06-10 11:51:00,1486.5,1486.5,1486.0,1486.0,37
2024-06-10 11:52:00,1486.0,1486.05,1485.05,1486.0,115
2024-06-10 11:53:00,1488.5,1488.5,1486.0,1486.05,44
2024-06-10 11:54:00,1486.05,1486.05,1485.8,1486.0,36
2024-06-10 11:55:00,1486.0,1486.1,1485.85,1486.0,36
2024-06-10 11:56:00,1486.0,1486.0,1486.0,1486.0,39
2024-06-10 11:57:00,1486.0,1488.0,1485.8,1488.0,82
2024-06-10 11:58:00,1488.0,1488.0,1486.0,1486.0,35
2024-06-10 11:59:00,1486.0,1486.0,1485.8,1486.0,35
2024-06-10 12:00:00,1486.0,1486.0,1486.0,1486.0,38
2024-06-10 12:01:00,1486.0,1486.1,1485.85,1486.1,35
2024-06-10 12:02:00,1486.0,1486.1,1485.6,1486.0,56
2024-06-10 12:03:00,1486.0,1486.0,1485.8,1485.8,34
2024-06-10 12:04:00,1486.0,1486.0,1486.0,1486.0,36
2024-06-10 12:05:00,1486.0,1486.0,1485.8,1485.8,35
2024-06-10 12:06:00,1486.0,1488.05,1486.0,1486.6,56
2024-06-10 12:07:00,1486.6,1488.25,1486.0,1486.1,45
2024-06-10 12:08:00,1486.1,1486.1,1485.85,1486.0,35
2024-06-10 12:09:00,1486.0,1486.5,1485.8,1486.0,38
2024-06-10 12:10:00,1486.0,1486.05,1485.8,1486.0,34
2024-06-10 12:11:00,1486.0,1486.0,1485.8,1486.0,36
2024-06-10 12:12:00,1486.0,1487.0,1486.0,1486.0,54
2024-06-10 12:13:00,1486.0,1486.05,1485.75,1486.0,45
2024-06-10 12:14:00,1486.0,1486.0,1485.8,1486.0,34
2024-06-10 12:15:00,1486.0,1487.75,1485.8,1486.1,53
2024-06-10 12:16:00,1486.1,1486.1,1486.0,1486.0,52
2024-06-10 12:17:00,1486.0,1486.0,1485.8,1486.0,37
2024-06-10 12:18:00,1486.0,1486.0,1485.8,1486.0,36
2024-06-10 12:19:00,1486.0,1486.1,1486.0,1486.0,44
2024-06-10 12:20:00,1486.0,1486.0,1485.85,1486.0,29
2024-06-10 12:21:00,1486.0,1488.3,1485.8,1486.0,45
2024-06-10 12:22:00,1486.0,1486.0,1486.0,1486.0,35
2024-06-10 12:23:00,1486.0,1488.55,1485.95,1486.0,47
2024-06-10 12:24:00,1486.0,1486.0,1486.0,1486.0,30
2024-06-10 12:25:00,1486.0,1486.65,1486.0,1486.0,40
2024-06-10 12:26:00,1486.0,1486.0,1485.8,1486.0,37
2024-06-10 12:27:00,1486.0,1486.0,1486.0,1486.0,44
2024-06-10 12:28:00,1486.0,1486.0,1485.8,1486.0,34
2024-06-10 12:29:00,1486.0,1488.55,1485.95,1486.05,55
2024-06-10 12:30:00,1486.05,1486.15,1486.0,1486.0,39
2024-06-10 12:31:00,1486.0,1488.0,1485.8,1486.0,36
2024-06-10 12:32:00,1486.0,1486.05,1486.0,1486.0,35
2024-06-10 12:33:00,1486.0,1486.0,1485.8,1486.0,35
2024-06-10 12:34:00,1486.0,1486.0,1485.85,1486.0,35
2024-06-10 12:35:00,1486.0,1486.0,1486.0,1486.0,34
2024-06-10 12:36:00,1486.0,1488.0,1485.85,1486.0,48
2024-06-10 12:37:00,1486.0,1487.95,1486.0,1486.0,38
2024-06-10 12:38:00,1486.0,1487.95,1486.0,1486.0,36
2024-06-10 12:39:00,1486.0,1486.05,1486.0,1486.0,35
2024-06-10 12:40:00,1485.85,1488.0,1485.85,1486.0,35
2024-06-10 12:41:00,1486.0,1488.0,1486.0,1486.0,38
2024-06-10 12:42:00,1486.0,1488.0,1485.85,1488.0,36
2024-06-10 12:43:00,1488.0,1488.0,1485.9,1486.0,72
2024-06-10 12:44:00,1486.0,1488.0,1485.3,1486.0,116
2024-06-10 12:45:00,1486.0,1486.0,1486.0,1486.0,37
2024-06-10 12:46:00,1486.0,1488.0,1485.8,1486.0,36
2024-06-10 12:47:00,1486.0,1486.0,1485.8,1486.0,35
2024-06-10 12:48:00,1486.0,1487.9,1486.0,1486.0,35
2024-06-10 12:49:00,1486.0,1487.95,1486.0,1486.0,36
2024-06-10 12:50:00,1486.0,1488.0,1486.0,1488.0,35
2024-06-10 12:51:00,1488.0,1488.0,1486.0,1486.0,36
2024-06-10 12:52:00,1486.0,1488.0,1485.8,1486.0,68
2024-06-10 12:53:00,1486.0,1488.5,1486.0,1486.1,70
2024-06-10 12:54:00,1486.1,1488.45,1485.8,1488.35,91
2024-06-10 12:55:00,1488.2,1495.0,1486.0,1494.9,1077
2024-06-10 12:56:00,1495.2,1495.85,1492.6,1492.6,242
2024-06-10 12:57:00,1492.6,1492.6,1488.1,1488.1,34
2024-06-10 12:58:00,1488.1,1488.1,1486.0,1486.0,36
2024-06-10 12:59:00,1486.0,1488.25,1485.8,1486.0,35
2024-06-10 13:00:00,1486.05,1486.05,1486.0,1486.0,35
2024-06-10 13:01:00,1486.0,1488.25,1486.0,1486.0,40
2024-06-10 13:02:00,1486.0,1488.25,1485.95,1486.0,36
2024-06-10 13:03:00,1486.0,1486.2,1486.0,1486.15,34
2024-06-10 13:04:00,1486.15,1488.45,1486.15,1486.15,36
2024-06-10 13:05:00,1486.15,1488.35,1486.05,1486.1,35
2024-06-10 13:06:00,1486.1,1488.1,1486.0,1486.0,36
2024-06-10 13:07:00,1486.0,1486.0,1486.0,1486.0,35
2024-06-10 13:08:00,1486.0,1487.85,1486.0,1486.0,38
2024-06-10 13:09:00,1486.0,1488.15,1485.8,1486.0,35
2024-06-10 13:10:00,1486.0,1488.25,1485.8,1486.0,35
2024-06-10 13:11:00,1486.0,1488.25,1486.0,1486.0,40
2024-06-10 13:12:00,1486.0,1488.3,1485.8,1486.25,44
2024-06-10 13:13:00,1486.25,1488.0,1485.8,1486.0,50
2024-06-10 13:14:00,1486.0,1488.1,1485.8,1486.0,37
2024-06-10 13:15:00,1486.0,1486.05,1486.0,1486.0,38
2024-06-10 13:16:00,1486.0,1486.0,1486.0,1486.0,35
2024-06-10 13:17:00,1486.0,1486.0,1486.0,1486.0,46
2024-06-10 13:18:00,1486.0,1486.0,1486.0,1486.0,35
2024-06-10 13:19:00,1486.0,1486.0,1485.8,1486.0,35
2024-06-10 13:20:00,1486.0,1486.0,1486.0,1486.0,34
2024-06-10 13:21:00,1486.0,1488.2,1485.85,1486.0,52
2024-06-10 13:22:00,1486.0,1487.8,1485.05,1486.0,132
2024-06-10 13:23:00,1486.0,1488.1,1486.0,1486.0,42
2024-06-10 13:24:00,1486.0,1486.0,1486.0,1486.0,35
2024-06-10 13:25:00,1486.0,1486.05,1485.9,1486.0,34
2024-06-10 13:26:00,1486.0,1486.05,1486.0,1486.0,38
2024-06-10 13:27:00,1486.0,1488.95,1486.0,1488.95,84
2024-06-10 13:28:00,1488.95,1488.95,1485.75,1486.0,134
2024-06-10 13:29:00,1486.0,1486.0,1485.8,1485.8,35
2024-06-10 13:30:00,1485.8,1486.0,1485.8,1486.0,35
2024-06-10 13:31:00,1486.0,1486.0,1486.0,1486.0,29
2024-06-10 13:32:00,1486.0,1488.55,1485.9,1486.45,45
2024-06-10 13:33:00,1486.45,1488.65,1486.0,1486.0,55
2024-06-10 13:34:00,1486.0,1486.05,1486.0,1486.0,34
2024-06-10 13:35:00,1486.0,1486.05,1486.0,1486.0,141
2024-06-10 13:36:00,1486.0,1486.0,1485.8,1486.0,34
2024-06-10 13:37:00,1486.0,1490.6,1486.0,1486.7,239
2024-06-10 13:38:00,1486.7,1486.8,1486.1,1486.1,35
2024-06-10 13:39:00,1486.05,1486.4,1486.0,1486.05,35
2024-06-10 13:40:00,1486.05,1486.05,1486.0,1486.0,35
2024-06-10 13:41:00,1486.0,1486.0,1485.95,1485.95,34
2024-06-10 13:42:00,1486.0,1486.0,1486.0,1486.0,34
2024-06-10 13:43:00,1486.0,1486.05,1486.0,1486.0,35
2024-06-10 13:44:00,1486.0,1488.3,1485.0,1486.1,204
2024-06-10 13:45:00,1486.1,1486.1,1486.0,1486.0,43
2024-06-10 13:46:00,1486.0,1486.0,1486.0,1486.0,36
2024-06-10 13:47:00,1486.0,1487.95,1486.0,1486.0,40
2024-06-10 13:48:00,1486.0,1486.1,1486.0,1486.1,40
2024-06-10 13:49:00,1486.1,1487.95,1486.0,1486.0,36
2024-06-10 13:50:00,1486.0,1488.0,1486.0,1486.1,37
2024-06-10 13:51:00,1486.1,1495.7,1486.0,1493.8,751
2024-06-10 13:52:00,1493.65,1495.65,1493.65,1493.7,36
2024-06-10 13:53:00,1493.7,1495.6,1492.9,1493.15,74
2024-06-10 13:54:00,1493.15,1495.05,1491.2,1491.2,38
2024-06-10 13:55:00,1491.2,1492.55,1489.9,1490.1,40
2024-06-10 13:56:00,1490.1,1491.95,1489.2,1489.2,39
2024-06-10 13:57:00,1489.2,1491.45,1488.05,1488.05,38
2024-06-10 13:58:00,1488.05,1490.55,1488.05,1488.25,42
2024-06-10 13:59:00,1488.3,1490.4,1488.15,1490.4,33
2024-06-10 14:00:00,1488.4,1490.65,1488.25,1490.6,10
2024-06-10 14:01:00,1490.6,1493.15,1490.0,1491.3,164
2024-06-10 14:02:00,1491.3,1495.05,1491.3,1495.05,106
2024-06-10 14:03:00,1495.5,1504.95,1495.5,1504.95,1178
2024-06-10 14:04:00,1504.95,1507.8,1502.2,1505.75,751
2024-06-10 14:05:00,1505.75,1512.0,1505.75,1509.5,1078
2024-06-10 14:06:00,1509.5,1509.9,1507.15,1507.15,130
2024-06-10 14:07:00,1507.15,1511.0,1507.15,1511.0,118
2024-06-10 14:08:00,1509.05,1515.85,1509.05,1509.95,852
2024-06-10 14:09:00,1509.95,1510.15,1507.35,1507.95,191
2024-06-10 14:10:00,1507.95,1509.65,1505.25,1505.25,296
2024-06-10 14:11:00,1505.25,1507.5,1504.3,1504.35,135
2024-06-10 14:12:00,1504.35,1507.5,1504.35,1507.5,18
2024-06-10 14:13:00,1507.5,1507.5,1504.25,1506.95,173
2024-06-10 14:14:00,1506.95,1509.5,1504.5,1509.5,105
2024-06-10 14:15:00,1507.35,1510.0,1505.3,1505.45,262
2024-06-10 14:16:00,1507.65,1508.95,1505.45,1508.95,68
2024-06-10 14:17:00,1508.95,1508.95,1505.4,1505.8,49
2024-06-10 14:18:00,1505.8,1506.5,1504.3,1504.6,8
2024-06-10 14:19:00,1504.6,1506.95,1504.6,1504.9,9
2024-06-10 14:20:00,1505.05,1506.95,1505.05,1506.95,8
2024-06-10 14:21:00,1505.15,1506.0,1504.45,1506.0,37
2024-06-10 14:22:00,1506.0,1506.1,1504.4,1504.4,169
2024-06-10 14:23:00,1504.4,1504.7,1500.75,1502.9,31
2024-06-10 14:24:00,1502.9,1505.1,1502.9,1504.65,10
2024-06-10 14:25:00,1502.2,1504.2,1500.7,1500.7,47
2024-06-10 14:26:00,1500.7,1503.1,1500.65,1500.7,9
2024-06-10 14:27:00,1500.7,1503.7,1500.7,1503.5,8
2024-06-10 14:28:00,1501.1,1503.1,1501.1,1503.1,33
2024-06-10 14:29:00,1503.1,1503.7,1501.2,1501.3,9
2024-06-10 14:30:00,1501.3,1503.7,1501.3,1503.45,56
2024-06-10 14:31:00,1503.45,1510.95,1501.55,1510.9,1447
2024-06-10 14:32:00,1510.9,1511.9,1510.0,1510.0,225
2024-06-10 14:33:00,1510.0,1514.65,1509.3,1510.5,372
2024-06-10 14:34:00,1510.0,1512.5,1510.0,1512.5,262
2024-06-10 14:35:00,1510.1,1512.3,1510.0,1510.0,38
2024-06-10 14:36:00,1510.0,1512.55,1510.0,1510.15,170
2024-06-10 14:37:00,1510.15,1512.75,1510.05,1512.0,8
2024-06-10 14:38:00,1512.0,1515.6,1512.0,1515.6,385
2024-06-10 14:39:00,1514.45,1517.95,1514.45,1515.7,118
2024-06-10 14:40:00,1515.7,1516.85,1515.0,1515.1,68
2024-06-10 14:41:00,1515.1,1517.4,1515.1,1517.3,44
2024-06-10 14:42:00,1516.0,1517.95,1516.0,1517.0,149
2024-06-10 14:43:00,1516.0,1517.0,1514.05,1515.0,239
2024-06-10 14:44:00,1515.0,1516.0,1514.45,1516.0,120
2024-06-10 14:45:00,1515.0,1516.0,1515.0,1515.75,37
2024-06-10 14:46:00,1515.75,1516.05,1515.0,1515.0,26
2024-06-10 14:47:00,1515.0,1518.7,1515.0,1517.5,222
2024-06-10 14:48:00,1517.5,1517.65,1515.2,1517.65,258
2024-06-10 14:49:00,1515.6,1517.0,1515.0,1516.5,42
2024-06-10 14:50:00,1515.0,1516.75,1515.0,1515.0,44
2024-06-10 14:51:00,1515.0,1516.0,1515.0,1515.85,75
2024-06-10 14:52:00,1515.85,1515.95,1514.25,1515.0,36
2024-06-10 14:53:00,1515.0,1516.0,1515.0,1515.0,72
2024-06-10 14:54:00,1515.0,1516.0,1515.0,1515.0,70
2024-06-10 14:55:00,1515.0,1516.0,1514.6,1515.0,160
2024-06-10 14:56:00,1515.0,1516.0,1515.0,1515.0,183
2024-06-10 14:57:00,1515.0,1515.5,1515.0,1515.0,81
2024-06-10 14:58:00,1515.0,1515.5,1515.0,1515.5,371
2024-06-10 14:59:00,1515.0,1515.5,1515.0,1515.0,395
2024-06-10 15:00:00,1515.4,1515.5,1515.0,1515.0,299
2024-06-10 15:01:00,1515.0,1515.5,1515.0,1515.0,125
2024-06-10 15:02:00,1515.0,1515.5,1515.0,1515.0,186
2024-06-10 15:03:00,1515.0,1515.4,1515.0,1515.0,108
2024-06-10 15:04:00,1515.0,1515.15,1514.95,1515.15,84
2024-06-10 15:05:00,1515.15,1515.5,1515.0,1515.45,133
2024-06-10 15:06:00,1515.0,1522.1,1515.0,1519.4,2142
2024-06-10 15:07:00,1520.0,1520.0,1507.2,1507.2,14383
2024-06-10 15:08:00,1507.2,1509.55,1486.0,1486.45,3747
2024-06-10 15:09:00,1486.45,1490.0,1478.1,1488.9,9651
2024-06-10 15:10:00,1488.7,1494.4,1486.5,1494.4,853
2024-06-10 15:11:00,1494.4,1494.4,1487.9,1489.0,473
2024-06-10 15:12:00,1489.0,1491.45,1489.0,1491.1,152
2024-06-10 15:13:00,1491.1,1491.45,1489.3,1489.3,61
2024-06-10 15:14:00,1491.2,1491.2,1488.45,1488.45,34
2024-06-10 15:15:00,1488.45,1488.55,1486.15,1488.4,34
2024-06-10 15:16:00,1488.4,1488.95,1487.05,1487.25,152
2024-06-10 15:17:00,1487.25,1488.95,1487.25,1487.25,69
2024-06-10 15:18:00,1487.25,1488.9,1486.0,1488.4,463
2024-06-10 15:19:00,1488.4,1489.15,1488.4,1489.15,334
2024-06-10 15:20:00,1489.25,1489.9,1487.35,1488.3,477
2024-06-10 15:21:00,1488.25,1489.4,1487.3,1488.25,104
2024-06-10 15:22:00,1488.25,1489.95,1487.85,1487.85,122
2024-06-10 15:23:00,1487.85,1488.0,1487.6,1487.65,34
2024-06-10 15:24:00,1487.65,1487.65,1486.0,1486.0,330
2024-06-10 15:25:00,1486.05,1487.35,1486.05,1486.8,293
2024-06-10 15:26:00,1486.8,1486.95,1486.5,1486.5,588
2024-06-10 15:27:00,1486.5,1492.8,1486.35,1490.95,168
2024-06-10 15:28:00,1490.95,1490.95,1488.9,1489.95,153
2024-06-10 15:29:00,1489.9,1489.95,1487.8,1487.8,50
2024-06-11 09:15:00,1494.0,1496.95,1489.8,1493.9,80
2024-06-11 09:16:00,1493.9,1498.1,1492.35,1494.95,189
2024-06-11 09:17:00,1494.65,1496.4,1494.65,1496.4,107
2024-06-11 09:18:00,1496.4,1499.0,1492.55,1499.0,194
2024-06-11 09:19:00,1499.0,1499.0,1496.3,1498.6,143
2024-06-11 09:20:00,1498.6,1498.6,1495.6,1498.0,150
2024-06-11 09:21:00,1498.0,1500.0,1497.3,1499.75,100
2024-06-11 09:22:00,1499.75,1499.75,1492.15,1495.2,708
2024-06-11 09:23:00,1495.7,1496.95,1493.55,1495.95,197
2024-06-11 09:24:00,1495.6,1498.05,1495.45,1497.75,211
2024-06-11 09:25:00,1497.75,1498.75,1495.9,1498.75,184
2024-06-11 09:26:00,1498.95,1499.0,1496.65,1496.65,37
2024-06-11 09:27:00,1496.65,1498.25,1496.3,1496.35,18
2024-06-11 09:28:00,1496.3,1497.85,1495.65,1496.5,117
2024-06-11 09:29:00,1496.5,1497.6,1494.35,1497.6,263
2024-06-11 09:30:00,1497.6,1498.0,1493.35,1495.3,73
2024-06-11 09:31:00,1495.3,1495.6,1491.7,1493.35,23
2024-06-11 09:32:00,1493.35,1493.35,1493.35,1493.35,0
2024-06-11 09:33:00,1491.4,1494.65,1490.85,1494.65,86
2024-06-11 09:34:00,1494.65,1497.25,1494.5,1497.25,89
2024-06-11 09:35:00,1497.25,1497.95,1495.5,1497.95,25
2024-06-11 09:36:00,1495.85,1497.25,1494.15,1495.05,40
2024-06-11 09:37:00,1495.05,1495.85,1495.05,1495.85,11
2024-06-11 09:38:00,1494.05,1494.05,1489.95,1492.0,297
2024-06-11 09:39:00,1492.0,1493.75,1492.0,1493.75,34
2024-06-11 09:40:00,1493.75,1495.65,1492.45,1495.65,107
2024-06-11 09:41:00,1495.95,1497.25,1494.5,1496.9,43
2024-06-11 09:42:00,1496.9,1497.9,1496.9,1497.9,13
2024-06-11 09:43:00,1497.9,1497.9,1496.05,1497.9,47
2024-06-11 09:44:00,1497.9,1498.25,1495.55,1495.55,106
2024-06-11 09:45:00,1495.55,1497.35,1492.55,1494.75,39
2024-06-11 09:46:00,1494.75,1495.0,1492.05,1495.0,400
2024-06-11 09:47:00,1495.0,1497.95,1494.2,1497.95,138
2024-06-11 09:48:00,1498.0,1498.0,1494.45,1494.45,76
2024-06-11 09:49:00,1494.45,1497.95,1494.45,1497.95,200
2024-06-11 09:50:00,1497.95,1498.0,1497.95,1498.0,26
2024-06-11 09:51:00,1498.0,1498.0,1498.0,1498.0,1
2024-06-11 09:52:00,1498.0,1498.0,1498.0,1498.0,0
2024-06-11 09:53:00,1498.0,1498.4,1495.9,1498.4,180
2024-06-11 09:54:00,1498.4,1499.0,1498.4,1499.0,52
2024-06-11 09:55:00,1499.0,1499.0,1497.05,1499.0,84
2024-06-11 09:56:00,1499.0,1499.0,1499.0,1499.0,9
2024-06-11 09:57:00,1499.0,1499.0,1494.4,1494.4,85
2024-06-11 09:58:00,1494.6,1497.15,1494.6,1497.15,92
2024-06-11 09:59:00,1497.15,1497.15,1497.15,1497.15,1
2024-06-11 10:00:00,1497.15,1497.15,1495.05,1497.1,75
2024-06-11 10:01:00,1497.15,1503.7,1497.15,1501.2,759
2024-06-11 10:02:00,1503.25,1505.1,1502.05,1502.8,390
2024-06-11 10:03:00,1502.8,1505.0,1502.8,1504.95,18
2024-06-11 10:04:00,1502.75,1504.85,1502.05,1504.85,104
2024-06-11 10:05:00,1503.05,1503.2,1502.05,1502.85,248
2024-06-11 10:06:00,1502.85,1502.85,1500.75,1502.1,18
2024-06-11 10:07:00,1502.1,1504.85,1502.05,1504.85,129
2024-06-11 10:08:00,1504.6,1504.6,1502.1,1502.4,91
2024-06-11 10:09:00,1500.8,1505.85,1500.8,1505.0,644
2024-06-11 10:10:00,1505.0,1508.0,1505.0,1505.95,347
2024-06-11 10:11:00,1505.95,1505.95,1505.0,1505.0,11
2024-06-11 10:12:00,1505.0,1505.1,1505.0,1505.05,9
2024-06-11 10:13:00,1505.05,1508.0,1504.55,1508.0,1181
2024-06-11 10:14:00,1508.0,1509.15,1506.6,1509.0,61
2024-06-11 10:15:00,1509.0,1510.0,1507.4,1507.4,211
2024-06-11 10:16:00,1507.4,1507.4,1505.0,1505.0,152
2024-06-11 10:17:00,1505.0,1506.65,1505.0,1506.65,138
2024-06-11 10:18:00,1506.65,1506.65,1505.05,1505.05,38
2024-06-11 10:19:00,1505.05,1506.5,1505.05,1506.5,18
2024-06-11 10:20:00,1506.5,1506.55,1505.15,1505.15,8
2024-06-11 10:21:00,1505.15,1505.15,1505.0,1505.05,138
2024-06-11 10:22:00,1505.05,1505.05,1505.0,1505.0,47
2024-06-11 10:23:00,1505.0,1506.3,1505.0,1506.3,5
2024-06-11 10:24:00,1506.3,1506.3,1506.3,1506.3,0
2024-06-11 10:25:00,1506.3,1506.3,1505.0,1505.0,20
2024-06-11 10:26:00,1505.0,1505.0,1505.0,1505.0,0
2024-06-11 10:27:00,1505.0,1505.0,1505.0,1505.0,6
2024-06-11 10:28:00,1505.0,1506.0,1505.0,1506.0,50
2024-06-11 10:29:00,1506.0,1506.0,1506.0,1506.0,0
2024-06-11 10:30:00,1506.0,1506.0,1504.95,1505.05,114
2024-06-11 10:31:00,1505.05,1505.05,1504.95,1504.95,110
2024-06-11 10:32:00,1504.95,1506.0,1504.95,1506.0,214
2024-06-11 10:33:00,1506.0,1506.0,1506.0,1506.0,56
2024-06-11 10:34:00,1506.0,1506.0,1506.0,1506.0,16
2024-06-11 10:35:00,1506.0,1506.0,1505.2,1505.2,2
2024-06-11 10:36:00,1505.2,1505.7,1505.2,1505.7,1
2024-06-11 10:37:00,1505.7,1505.7,1505.7,1505.7,1
2024-06-11 10:38:00,1505.7,1505.7,1505.7,1505.7,0
2024-06-11 10:39:00,1505.7,1506.7,1504.95,1505.0,342
2024-06-11 10:40:00,1505.0,1505.0,1505.0,1505.0,17
2024-06-11 10:41:00,1506.2,1506.2,1506.2,1506.2,1
2024-06-11 10:42:00,1506.2,1506.2,1504.95,1504.95,27
2024-06-11 10:43:00,1505.85,1506.5,1505.0,1506.5,54
2024-06-11 10:44:00,1506.5,1506.5,1506.5,1506.5,0
2024-06-11 10:45:00,1506.5,1506.5,1505.1,1505.1,8
2024-06-11 10:46:00,1505.1,1506.45,1505.1,1506.45,1
2024-06-11 10:47:00,1506.45,1506.45,1505.0,1505.0,102
2024-06-11 10:48:00,1505.0,1505.0,1504.5,1504.5,15
2024-06-11 10:49:00,1504.5,1505.0,1504.5,1505.0,155
2024-06-11 10:50:00,1505.0,1505.95,1505.0,1505.95,16
2024-06-11 10:51:00,1505.95,1505.95,1505.95,1505.95,0
2024-06-11 10:52:00,1505.95,1505.95,1505.95,1505.95,0
2024-06-11 10:53:00,1505.95,1505.95,1505.95,1505.95,0
2024-06-11 10:54:00,1505.95,1505.95,1505.95,1505.95,1
2024-06-11 10:55:00,1505.0,1505.95,1505.0,1505.95,10
2024-06-11 10:56:00,1505.95,1505.95,1505.95,1505.95,1
2024-06-11 10:57:00,1505.95,1505.95,1505.0,1505.0,3
2024-06-11 10:58:00,1505.0,1505.95,1505.0,1505.0,25
2024-06-11 10:59:00,1505.0,1505.95,1505.0,1505.95,1
2024-06-11 11:00:00,1505.95,1505.95,1505.0,1505.0,21
2024-06-11 11:01:00,1505.0,1505.0,1505.0,1505.0,32
2024-06-11 11:02:00,1505.0,1505.9,1505.0,1505.9,1
2024-06-11 11:03:00,1505.9,1505.9,1504.75,1504.75,97
2024-06-11 11:04:00,1504.75,1505.9,1504.75,1505.9,159
2024-06-11 11:05:00,1505.9,1505.9,1505.9,1505.9,0
2024-06-11 11:06:00,1505.9,1505.9,1505.9,1505.9,2
2024-06-11 11:07:00,1505.9,1505.9,1505.0,1505.0,139
2024-06-11 11:08:00,1505.0,1505.85,1505.0,1505.85,5
2024-06-11 11:09:00,1505.85,1505.85,1505.85,1505.85,6
2024-06-11 11:10:00,1505.85,1505.85,1505.0,1505.0,369
2024-06-11 11:11:00,1505.0,1505.75,1505.0,1505.75,1
2024-06-11 11:12:00,1505.75,1505.75,1505.75,1505.75,1
2024-06-11 11:13:00,1505.75,1505.75,1505.75,1505.75,1
2024-06-11 11:14:00,1505.75,1505.75,1504.75,1504.75,453
2024-06-11 11:15:00,1504.75,1505.4,1504.75,1505.4,2
2024-06-11 11:16:00,1505.4,1505.4,1505.4,1505.4,5
2024-06-11 11:17:00,1505.4,1505.4,1505.3,1505.3,1
2024-06-11 11:18:00,1505.3,1505.3,1504.75,1504.75,28
2024-06-11 11:19:00,1504.75,1504.8,1504.75,1504.75,64
2024-06-11 11:20:00,1504.75,1505.15,1504.75,1504.75,140
2024-06-11 11:21:00,1504.75,1505.15,1504.75,1505.15,1
2024-06-11 11:22:00,1505.15,1505.15,1505.15,1505.15,1
2024-06-11 11:23:00,1505.15,1505.15,1504.75,1504.75,1
2024-06-11 11:24:00,1504.75,1505.15,1504.75,1505.15,1
2024-06-11 11:25:00,1505.15,1505.15,1505.15,1505.15,1
2024-06-11 11:26:00,1505.15,1505.15,1504.8,1505.15,2
2024-06-11 11:27:00,1505.15,1505.15,1505.15,1505.15,0
2024-06-11 11:28:00,1504.5,1505.15,1503.5,1505.15,1021
2024-06-11 11:29:00,1505.15,1505.15,1505.0,1505.15,14
2024-06-11 11:30:00,1505.15,1505.15,1504.4,1505.15,11
2024-06-11 11:31:00,1505.15,1505.15,1504.5,1505.15,8
2024-06-11 11:32:00,1505.15,1505.15,1505.15,1505.15,9
2024-06-11 11:33:00,1505.15,1505.15,1504.0,1504.95,62
2024-06-11 11:34:00,1504.95,1505.2,1504.1,1505.1,31
2024-06-11 11:35:00,1505.1,1505.95,1505.0,1505.95,34
2024-06-11 11:36:00,1505.95,1505.95,1504.6,1504.6,1815
2024-06-11 11:37:00,1504.6,1505.5,1504.6,1505.5,123
2024-06-11 11:38:00,1505.5,1505.5,1504.6,1505.5,255
2024-06-11 11:39:00,1505.5,1505.5,1504.6,1505.5,2
2024-06-11 11:40:00,1505.5,1505.5,1505.5,1505.5,33
2024-06-11 11:41:00,1505.5,1505.95,1505.5,1505.95,2
2024-06-11 11:42:00,1505.95,1505.95,1505.95,1505.95,21
2024-06-11 11:43:00,1505.95,1505.95,1505.95,1505.95,1
2024-06-11 11:44:00,1505.95,1505.95,1505.0,1505.0,174
2024-06-11 11:45:00,1505.0,1505.05,1505.0,1505.0,5081
2024-06-11 11:46:00,1505.0,1505.5,1505.0,1505.5,1009
2024-06-11 11:47:00,1505.5,1505.95,1504.6,1505.95,73
2024-06-11 11:48:00,1505.95,1505.95,1505.95,1505.95,1
2024-06-11 11:49:00,1505.95,1505.95,1505.95,1505.95,0
2024-06-11 11:50:00,1505.95,1505.95,1504.6,1504.6,11
2024-06-11 11:51:00,1504.6,1505.95,1504.6,1504.6,2
2024-06-11 11:52:00,1504.6,1506.55,1504.6,1506.55,17
2024-06-11 11:53:00,1505.1,1505.1,1504.6,1504.6,20
2024-06-11 11:54:00,1504.6,1504.6,1504.6,1504.6,0
2024-06-11 11:56:00,1504.6,1506.2,1504.6,1506.0,10
2024-06-11 11:57:00,1506.0,1506.95,1506.0,1506.95,15
2024-06-11 11:58:00,1506.95,1506.95,1506.95,1506.95,0
2024-06-11 11:59:00,1506.95,1506.95,1505.8,1505.8,1
2024-06-11 12:00:00,1505.8,1505.8,1505.75,1505.75,4
2024-06-11 12:01:00,1505.75,1505.75,1505.75,1505.75,0
2024-06-11 12:02:00,1505.75,1505.75,1505.4,1505.4,50
2024-06-11 12:03:00,1505.4,1505.4,1505.4,1505.4,5
2024-06-11 12:04:00,1506.6,1507.8,1506.6,1507.8,102
2024-06-11 12:05:00,1507.8,1507.8,1505.4,1505.4,10
2024-06-11 12:06:00,1505.4,1507.3,1505.4,1507.3,18
2024-06-11 12:07:00,1507.3,1507.3,1506.2,1506.2,3
2024-06-11 12:08:00,1506.2,1506.2,1506.2,1506.2,0
2024-06-11 12:09:00,1506.2,1506.2,1506.2,1506.2,0
2024-06-11 12:10:00,1505.4,1505.4,1505.4,1505.4,2
2024-06-11 12:11:00,1505.4,1505.4,1505.4,1505.4,0
2024-06-11 12:12:00,1505.4,1505.4,1505.4,1505.4,0
2024-06-11 12:13:00,1505.4,1505.4,1505.4,1505.4,0
2024-06-11 12:14:00,1505.4,1505.4,1505.4,1505.4,12
2024-06-11 12:15:00,1505.4,1505.4,1505.15,1505.15,12
2024-06-11 12:16:00,1505.15,1505.15,1505.15,1505.15,0
2024-06-11 12:17:00,1505.15,1505.15,1505.15,1505.15,0
2024-06-11 12:18:00,1505.15,1505.15,1505.15,1505.15,0
2024-06-11 12:19:00,1505.15,1505.15,1505.15,1505.15,0
2024-06-11 12:20:00,1505.15,1505.15,1505.15,1505.15,0
2024-06-11 12:21:00,1504.7,1504.7,1504.7,1504.7,10
2024-06-11 12:22:00,1504.7,1504.7,1504.7,1504.7,0
2024-06-11 12:23:00,1504.7,1504.7,1504.7,1504.7,0
2024-06-11 12:24:00,1504.6,1506.35,1504.6,1506.35,60
2024-06-11 12:25:00,1506.35,1507.0,1505.0,1507.0,25
2024-06-11 12:26:00,1507.0,1507.0,1507.0,1507.0,0
2024-06-11 12:27:00,1507.0,1507.0,1507.0,1507.0,0
2024-06-11 12:28:00,1507.0,1507.0,1506.9,1506.9,1
2024-06-11 12:29:00,1504.6,1504.65,1504.6,1504.65,158
2024-06-11 12:30:00,1504.65,1504.65,1504.65,1504.65,0
2024-06-11 12:31:00,1504.6,1504.6,1504.6,1504.6,10
2024-06-11 12:32:00,1504.6,1504.9,1503.95,1503.95,2335
2024-06-11 12:33:00,1503.95,1503.95,1503.95,1503.95,0
2024-06-11 12:34:00,1503.95,1504.95,1503.95,1504.95,10
2024-06-11 12:35:00,1504.95,1504.95,1504.95,1504.95,1
2024-06-11 12:36:00,1504.95,1506.35,1504.95,1506.35,1
2024-06-11 12:37:00,1506.35,1506.35,1505.0,1505.0,5
2024-06-11 12:38:00,1505.0,1505.0,1505.0,1505.0,4
2024-06-11 12:39:00,1505.0,1505.0,1505.0,1505.0,12
2024-06-11 12:40:00,1505.0,1505.0,1504.95,1504.95,1
2024-06-11 12:41:00,1504.95,1504.95,1504.95,1504.95,0
2024-06-11 12:42:00,1504.95,1504.95,1504.95,1504.95,0
2024-06-11 12:43:00,1504.95,1506.0,1504.95,1506.0,25
2024-06-11 12:44:00,1506.0,1506.0,1506.0,1506.0,0
2024-06-11 12:45:00,1506.0,1506.0,1506.0,1506.0,125
2024-06-11 12:46:00,1506.0,1506.0,1505.0,1505.0,0
2024-06-11 12:47:00,1505.0,1505.0,1505.0,1505.0,56
2024-06-11 12:48:00,1505.0,1505.0,1505.0,1505.0,0
2024-06-11 12:49:00,1505.0,1506.95,1505.0,1506.8,26
2024-06-11 12:50:00,1506.8,1506.8,1506.8,1506.8,0
2024-06-11 12:51:00,1506.8,1506.8,1506.8,1506.8,0
2024-06-11 12:52:00,1506.8,1506.8,1506.8,1506.8,0
2024-06-11 12:53:00,1507.8,1507.8,1507.8,1507.8,3
2024-06-11 12:54:00,1507.8,1507.8,1507.8,1507.8,0
2024-06-11 12:55:00,1507.8,1507.8,1506.3,1506.3,0
2024-06-11 12:56:00,1506.3,1506.3,1506.3,1506.3,15
2024-06-11 12:57:00,1506.3,1506.3,1505.3,1505.3,10
2024-06-11 12:58:00,1505.3,1505.3,1504.95,1504.95,40
2024-06-11 12:59:00,1504.95,1504.95,1504.95,1504.95,0
2024-06-11 13:00:00,1504.95,1505.0,1504.95,1505.0,148
2024-06-11 13:01:00,1506.6,1507.1,1505.75,1507.1,25
2024-06-11 13:02:00,1507.1,1507.1,1505.4,1505.4,11
2024-06-11 13:03:00,1505.4,1505.4,1505.4,1505.4,0
2024-06-11 13:04:00,1505.4,1505.4,1505.4,1505.4,0
2024-06-11 13:05:00,1505.4,1508.0,1505.4,1508.0,134
2024-06-11 13:06:00,1508.0,1508.0,1508.0,1508.0,0
2024-06-11 13:07:00,1508.0,1508.0,1506.3,1506.3,2
2024-06-11 13:08:00,1506.3,1507.45,1506.0,1507.45,51
2024-06-11 13:09:00,1505.35,1505.35,1505.35,1505.35,6
2024-06-11 13:10:00,1505.4,1505.45,1505.4,1505.45,3
2024-06-11 13:11:00,1505.45,1507.2,1505.0,1507.2,118
2024-06-11 13:12:00,1505.35,1505.35,1505.35,1505.35,11
2024-06-11 13:13:00,1505.35,1507.95,1505.35,1507.75,68
2024-06-11 13:14:00,1507.75,1507.75,1507.75,1507.75,0
2024-06-11 13:15:00,1507.75,1507.75,1507.75,1507.75,0
2024-06-11 13:16:00,1507.75,1507.75,1507.75,1507.75,0
2024-06-11 13:17:00,1507.75,1507.75,1507.75,1507.75,0
2024-06-11 13:18:00,1507.75,1507.75,1507.75,1507.75,0
2024-06-11 13:19:00,1507.75,1507.75,1507.75,1507.75,0
2024-06-11 13:20:00,1507.75,1507.75,1507.75,1507.75,0
2024-06-11 13:21:00,1507.75,1507.75,1507.75,1507.75,0
2024-06-11 13:22:00,1507.25,1507.25,1505.05,1505.05,142
2024-06-11 13:23:00,1505.05,1505.05,1505.05,1505.05,0
2024-06-11 13:24:00,1505.05,1505.05,1505.05,1505.05,0
2024-06-11 13:25:00,1505.05,1505.05,1505.05,1505.05,30
2024-06-11 13:26:00,1505.05,1505.05,1505.05,1505.05,0
2024-06-11 13:27:00,1505.05,1505.05,1505.05,1505.05,0
2024-06-11 13:28:00,1505.05,1505.05,1505.05,1505.05,0
2024-06-11 13:29:00,1505.05,1506.0,1505.05,1506.0,35
2024-06-11 13:30:00,1506.0,1506.0,1506.0,1506.0,0
2024-06-11 13:31:00,1506.0,1506.0,1506.0,1506.0,0
2024-06-11 13:32:00,1506.0,1506.0,1505.0,1505.0,0
2024-06-11 13:33:00,1505.0,1506.6,1505.0,1506.6,201
2024-06-11 13:34:00,1506.6,1506.6,1506.6,1506.6,0
2024-06-11 13:35:00,1506.6,1506.6,1506.6,1506.6,0
2024-06-11 13:36:00,1506.6,1506.6,1506.6,1506.6,0
2024-06-11 13:37:00,1506.6,1506.85,1505.0,1506.85,17
2024-06-11 13:38:00,1506.85,1506.85,1506.85,1506.85,0
2024-06-11 13:39:00,1506.85,1506.85,1506.85,1506.85,0
2024-06-11 13:40:00,1506.85,1506.85,1505.0,1506.8,11
2024-06-11 13:41:00,1506.8,1506.8,1506.8,1506.8,0
2024-06-11 13:42:00,1506.8,1506.8,1506.8,1506.8,0
2024-06-11 13:43:00,1506.8,1506.8,1505.0,1505.0,10
2024-06-11 13:44:00,1505.0,1505.0,1505.0,1505.0,0
2024-06-11 13:45:00,1505.0,1505.0,1505.0,1505.0,0
2024-06-11 13:46:00,1505.0,1508.0,1505.0,1505.1,383
2024-06-11 13:47:00,1505.1,1505.1,1505.05,1505.05,20
2024-06-11 13:48:00,1505.05,1505.05,1505.05,1505.05,0
2024-06-11 13:49:00,1505.05,1506.7,1505.0,1505.0,57
2024-06-11 13:50:00,1505.0,1505.0,1505.0,1505.0,0
2024-06-11 13:51:00,1505.0,1505.0,1505.0,1505.0,15
2024-06-11 13:52:00,1505.0,1506.85,1505.0,1506.75,13
2024-06-11 13:53:00,1506.75,1506.75,1505.0,1506.55,153
2024-06-11 13:54:00,1506.55,1507.0,1506.55,1507.0,75
2024-06-11 13:55:00,1507.0,1507.0,1507.0,1507.0,0
2024-06-11 13:56:00,1507.0,1507.05,1507.0,1507.05,1
2024-06-11 13:57:00,1507.05,1507.05,1507.05,1507.05,0
2024-06-11 13:58:00,1507.05,1507.05,1507.05,1507.05,0
2024-06-11 13:59:00,1507.05,1507.05,1506.95,1506.95,1
2024-06-11 14:00:00,1506.95,1506.95,1505.05,1505.05,4
2024-06-11 14:01:00,1505.05,1505.05,1505.05,1505.05,0
2024-06-11 14:02:00,1505.05,1505.05,1505.05,1505.05,2
2024-06-11 14:03:00,1505.05,1505.75,1505.05,1505.75,9
2024-06-11 14:04:00,1505.75,1506.85,1505.2,1505.2,22
2024-06-11 14:05:00,1505.2,1505.2,1505.0,1505.0,4
2024-06-11 14:06:00,1505.0,1505.0,1503.15,1504.95,238
2024-06-11 14:07:00,1504.95,1506.9,1504.95,1506.9,5
2024-06-11 14:08:00,1506.9,1506.95,1506.9,1506.95,3
2024-06-11 14:09:00,1506.95,1506.95,1506.95,1506.95,4
2024-06-11 14:10:00,1505.0,1506.9,1505.0,1506.85,5
2024-06-11 14:11:00,1506.95,1506.95,1504.95,1506.95,329
2024-06-11 14:12:00,1506.95,1506.95,1505.25,1505.25,14
2024-06-11 14:13:00,1505.25,1506.4,1504.5,1504.5,168
2024-06-11 14:14:00,1504.5,1506.1,1504.5,1506.1,107
2024-06-11 14:15:00,1506.1,1506.9,1504.95,1504.95,71
2024-06-11 14:16:00,1504.95,1506.95,1504.95,1505.75,8
2024-06-11 14:17:00,1505.75,1506.95,1505.75,1506.95,5
2024-06-11 14:18:00,1506.95,1506.95,1506.9,1506.9,5
2024-06-11 14:19:00,1506.9,1506.9,1506.9,1506.9,3
2024-06-11 14:20:00,1506.9,1509.95,1506.9,1509.95,663
2024-06-11 14:21:00,1509.95,1509.95,1508.3,1509.5,9
2024-06-11 14:22:00,1509.5,1509.95,1509.0,1509.95,4
2024-06-11 14:23:00,1509.95,1509.95,1509.9,1509.9,3
2024-06-11 14:24:00,1509.9,1509.95,1509.0,1509.0,26
2024-06-11 14:25:00,1509.0,1509.0,1509.0,1509.0,8
2024-06-11 14:26:00,1509.0,1509.0,1508.9,1508.9,22
2024-06-11 14:27:00,1508.9,1508.9,1508.75,1508.75,4
2024-06-11 14:28:00,1508.75,1508.85,1506.05,1507.0,76
2024-06-11 14:29:00,1507.0,1508.05,1507.0,1508.05,19
2024-06-11 14:30:00,1508.05,1508.1,1506.05,1506.05,7
2024-06-11 14:31:00,1506.05,1507.25,1506.05,1506.9,3
2024-06-11 14:32:00,1506.9,1507.5,1504.5,1507.5,177
2024-06-11 14:33:00,1508.0,1509.8,1508.0,1509.8,102
2024-06-11 14:34:00,1509.8,1509.95,1509.8,1509.95,24
2024-06-11 14:35:00,1509.95,1509.95,1507.95,1509.95,59
2024-06-11 14:36:00,1509.95,1509.95,1509.95,1509.95,19
2024-06-11 14:37:00,1509.95,1509.95,1508.1,1509.9,17
2024-06-11 14:38:00,1509.9,1509.95,1507.95,1507.95,7
2024-06-11 14:39:00,1507.95,1508.75,1505.9,1508.75,152
2024-06-11 14:40:00,1508.75,1509.15,1508.75,1509.0,22
2024-06-11 14:41:00,1509.0,1509.1,1507.85,1508.65,156
2024-06-11 14:42:00,1508.65,1509.95,1506.7,1509.95,311
2024-06-11 14:43:00,1509.95,1511.0,1508.3,1511.0,132
2024-06-11 14:44:00,1511.0,1512.0,1509.9,1511.9,75
2024-06-11 14:45:00,1509.75,1511.55,1507.95,1511.15,989
2024-06-11 14:46:00,1511.95,1513.95,1511.15,1513.75,153
2024-06-11 14:47:00,1513.55,1513.55,1512.05,1513.55,42
2024-06-11 14:48:00,1513.55,1513.55,1508.75,1508.85,102
2024-06-11 14:49:00,1508.85,1512.85,1508.55,1512.85,774
2024-06-11 14:50:00,1512.85,1512.85,1510.45,1512.1,15
2024-06-11 14:51:00,1512.1,1512.1,1512.1,1512.1,9
2024-06-11 14:52:00,1510.7,1512.0,1508.65,1508.65,56
2024-06-11 14:53:00,1508.65,1510.05,1508.35,1508.55,10
2024-06-11 14:54:00,1508.55,1508.55,1505.2,1505.2,51
2024-06-11 14:55:00,1505.2,1507.35,1505.2,1507.35,60
2024-06-11 14:56:00,1507.35,1507.75,1507.35,1507.35,11
2024-06-11 14:57:00,1507.35,1507.35,1507.1,1507.1,9
2024-06-11 14:58:00,1507.1,1507.2,1507.1,1507.2,11
2024-06-11 14:59:00,1507.2,1507.2,1505.05,1506.7,137
2024-06-11 15:00:00,1506.7,1506.7,1505.0,1505.05,42
2024-06-11 15:01:00,1505.05,1506.25,1505.0,1506.25,207
2024-06-11 15:02:00,1505.0,1505.65,1504.7,1504.9,1776
2024-06-11 15:03:00,1503.25,1505.3,1500.3,1505.3,276
2024-06-11 15:04:00,1504.8,1509.7,1503.4,1509.7,564
2024-06-11 15:05:00,1509.7,1509.7,1504.05,1506.4,68
2024-06-11 15:06:00,1506.4,1507.45,1505.2,1507.45,146
2024-06-11 15:07:00,1504.95,1505.35,1503.15,1505.35,40
2024-06-11 15:08:00,1503.8,1505.15,1502.3,1505.15,39
2024-06-11 15:09:00,1505.15,1505.45,1504.25,1505.45,36
2024-06-11 15:10:00,1503.35,1505.05,1503.15,1504.9,49
2024-06-11 15:11:00,1502.8,1505.15,1502.8,1505.15,47
2024-06-11 15:12:00,1502.75,1505.8,1502.75,1505.8,65
2024-06-11 15:13:00,1502.7,1505.15,1502.35,1505.1,80
2024-06-11 15:14:00,1505.1,1505.15,1502.3,1505.1,66
2024-06-11 15:15:00,1502.55,1506.2,1502.15,1506.2,114
2024-06-11 15:16:00,1506.2,1507.25,1503.1,1505.8,134
2024-06-11 15:17:00,1506.15,1506.15,1502.55,1503.75,151
2024-06-11 15:18:00,1503.05,1506.9,1503.05,1505.8,297
2024-06-11 15:19:00,1504.6,1506.8,1503.8,1503.95,62
2024-06-11 15:20:00,1503.95,1505.6,1503.05,1504.5,167
2024-06-11 15:21:00,1504.5,1506.4,1503.75,1505.65,223
2024-06-11 15:22:00,1507.3,1507.3,1504.0,1505.35,71
2024-06-11 15:23:00,1505.35,1506.75,1503.05,1505.5,128
2024-06-11 15:24:00,1505.5,1505.5,1503.05,1504.6,341
2024-06-11 15:25:00,1504.0,1506.95,1503.75,1503.75,101
2024-06-11 15:26:00,1503.75,1505.0,1503.0,1505.0,151
2024-06-11 15:27:00,1505.0,1505.0,1500.35,1505.0,94
2024-06-11 15:28:00,1505.0,1505.0,1504.9,1505.0,45
2024-06-11 15:29:00,1505.0,1505.0,1500.0,1505.0,389
2024-06-12 09:15:00,1511.5,1515.0,1511.5,1512.2,10
2024-06-12 09:16:00,1511.5,1511.5,1506.1,1506.1,311
2024-06-12 09:17:00,1506.1,1509.0,1506.1,1509.0,9
2024-06-12 09:18:00,1509.0,1509.0,1509.0,1509.0,0
2024-06-12 09:19:00,1506.05,1506.05,1505.35,1505.35,55
2024-06-12 09:20:00,1505.35,1508.8,1505.35,1508.8,6
2024-06-12 09:21:00,1508.8,1509.0,1508.8,1509.0,80
2024-06-12 09:22:00,1505.35,1505.45,1504.05,1504.05,259
2024-06-12 09:23:00,1503.9,1503.9,1503.9,1503.9,4
2024-06-12 09:24:00,1503.9,1503.9,1503.9,1503.9,0
2024-06-12 09:25:00,1503.9,1503.9,1503.9,1503.9,0
2024-06-12 09:27:00,1503.9,1503.9,1502.8,1502.8,45
2024-06-12 09:28:00,1502.8,1504.0,1502.8,1504.0,0
2024-06-12 09:29:00,1504.0,1504.0,1496.1,1496.1,55
2024-06-12 09:30:00,1496.1,1496.1,1482.45,1483.9,1909
2024-06-12 09:31:00,1483.9,1486.8,1480.95,1482.7,2221
2024-06-12 09:32:00,1480.5,1485.85,1476.5,1485.85,1156
2024-06-12 09:33:00,1485.85,1485.85,1479.75,1480.0,2828
2024-06-12 09:34:00,1480.0,1487.45,1480.0,1482.2,1529
2024-06-12 09:35:00,1482.25,1482.25,1479.0,1480.0,1178
2024-06-12 09:36:00,1480.0,1480.0,1478.45,1479.9,389
2024-06-12 09:37:00,1479.05,1480.0,1479.05,1479.05,198
2024-06-12 09:38:00,1479.05,1480.0,1478.1,1478.95,304
2024-06-12 09:39:00,1478.95,1480.0,1478.0,1480.0,1287
2024-06-12 09:40:00,1480.0,1489.95,1480.0,1487.8,6526
2024-06-12 09:41:00,1487.8,1487.8,1486.7,1486.7,100
2024-06-12 09:42:00,1486.7,1487.6,1484.05,1484.05,140
2024-06-12 09:43:00,1484.05,1484.05,1484.05,1484.05,0
2024-06-12 09:44:00,1484.05,1488.2,1484.05,1488.2,37
2024-06-12 09:45:00,1488.2,1488.2,1485.3,1485.3,25
2024-06-12 09:46:00,1487.8,1488.05,1487.8,1488.05,38
2024-06-12 09:47:00,1488.05,1493.1,1488.05,1493.1,314
2024-06-12 09:48:00,1493.1,1493.1,1491.0,1491.0,25
2024-06-12 09:49:00,1491.0,1491.0,1489.0,1489.0,83
2024-06-12 09:50:00,1489.0,1489.0,1489.0,1489.0,12
2024-06-12 09:51:00,1490.95,1490.95,1489.0,1490.75,79
2024-06-12 09:52:00,1490.75,1490.75,1489.0,1489.0,57
2024-06-12 09:53:00,1490.65,1491.05,1490.65,1491.05,13
2024-06-12 09:54:00,1491.05,1491.05,1490.0,1490.0,4
2024-06-12 09:55:00,1490.0,1491.05,1480.0,1480.0,559
2024-06-12 09:56:00,1484.3,1490.6,1484.3,1490.1,2086
2024-06-12 09:57:00,1490.1,1493.1,1490.1,1493.1,409
2024-06-12 09:58:00,1490.65,1490.65,1490.6,1490.6,97
2024-06-12 09:59:00,1490.6,1490.6,1485.9,1489.15,315
2024-06-12 10:00:00,1489.1,1489.1,1489.1,1489.1,9
2024-06-12 10:01:00,1489.1,1489.85,1489.1,1489.85,21
2024-06-12 10:02:00,1489.85,1489.85,1487.0,1487.0,13
2024-06-12 10:03:00,1487.0,1487.0,1487.0,1487.0,0
2024-06-12 10:04:00,1487.0,1489.8,1487.0,1489.8,15
2024-06-12 10:05:00,1489.8,1489.8,1489.8,1489.8,0
2024-06-12 10:06:00,1487.55,1487.55,1487.55,1487.55,2
2024-06-12 10:07:00,1487.55,1487.55,1487.55,1487.55,0
2024-06-12 10:08:00,1487.55,1487.55,1487.55,1487.55,0
2024-06-12 10:09:00,1487.55,1489.75,1487.55,1487.55,40
2024-06-12 10:10:00,1487.55,1489.4,1487.55,1489.4,59
2024-06-12 10:11:00,1489.4,1489.4,1489.25,1489.25,1
2024-06-12 10:12:00,1487.55,1487.55,1487.55,1487.55,1
2024-06-12 10:13:00,1487.55,1489.3,1487.55,1489.3,25
2024-06-12 10:14:00,1489.3,1489.3,1489.3,1489.3,0
2024-06-12 10:15:00,1489.3,1489.3,1487.0,1487.0,14
2024-06-12 10:16:00,1487.1,1488.55,1487.1,1488.55,11
2024-06-12 10:17:00,1488.5,1488.5,1488.1,1488.1,26
2024-06-12 10:18:00,1487.15,1489.45,1487.1,1487.95,187
2024-06-12 10:19:00,1487.95,1489.95,1487.15,1487.15,56
2024-06-12 10:20:00,1487.15,1489.0,1487.15,1487.3,273
2024-06-12 10:21:00,1487.3,1487.3,1487.3,1487.3,0
2024-06-12 10:22:00,1487.3,1490.0,1487.3,1490.0,35
2024-06-12 10:23:00,1490.0,1491.5,1488.5,1488.5,97
2024-06-12 10:24:00,1488.5,1488.5,1488.5,1488.5,0
2024-06-12 10:25:00,1489.0,1489.0,1488.0,1488.95,73
2024-06-12 10:26:00,1488.95,1489.45,1488.95,1489.45,27
2024-06-12 10:27:00,1489.45,1489.45,1488.05,1488.05,1
2024-06-12 10:28:00,1488.0,1488.0,1488.0,1488.0,134
2024-06-12 10:29:00,1488.15,1490.35,1488.05,1490.35,37
2024-06-12 10:30:00,1490.35,1490.35,1490.35,1490.35,0
2024-06-12 10:31:00,1490.35,1490.35,1488.75,1488.75,48
2024-06-12 10:32:00,1488.6,1488.6,1488.2,1488.2,37
2024-06-12 10:33:00,1488.2,1491.3,1488.2,1490.95,85
2024-06-12 10:34:00,1488.6,1488.6,1488.6,1488.6,1
2024-06-12 10:35:00,1488.6,1488.6,1488.6,1488.6,0
2024-06-12 10:36:00,1488.9,1489.9,1488.9,1489.9,2
2024-06-12 10:37:00,1489.9,1490.15,1489.9,1490.15,4
2024-06-12 10:38:00,1490.15,1491.5,1490.15,1491.5,1
2024-06-12 10:39:00,1491.6,1491.6,1491.6,1491.6,12
2024-06-12 10:40:00,1491.6,1493.7,1491.6,1493.0,72
2024-06-12 10:41:00,1493.0,1493.0,1493.0,1493.0,8
2024-06-12 10:42:00,1493.0,1495.0,1493.0,1495.0,76
2024-06-12 10:43:00,1495.0,1495.0,1492.55,1494.0,86
2024-06-12 10:44:00,1495.0,1495.0,1492.9,1492.9,40
2024-06-12 10:45:00,1494.85,1494.85,1494.85,1494.85,6
2024-06-12 10:46:00,1495.0,1495.0,1493.05,1493.05,29
2024-06-12 10:47:00,1493.05,1495.5,1493.05,1495.5,30
2024-06-12 10:48:00,1493.4,1494.95,1493.4,1494.95,5
2024-06-12 10:49:00,1494.95,1494.95,1494.95,1494.95,12
2024-06-12 10:50:00,1494.95,1495.0,1494.95,1495.0,1
2024-06-12 10:51:00,1495.0,1495.0,1495.0,1495.0,1
2024-06-12 10:52:00,1495.0,1495.0,1495.0,1495.0,1
2024-06-12 10:53:00,1488.85,1488.85,1488.6,1488.6,471
2024-06-12 10:54:00,1489.45,1490.4,1480.0,1490.4,4027
2024-06-12 10:55:00,1490.4,1491.0,1490.4,1491.0,1
2024-06-12 10:56:00,1491.0,1493.45,1491.0,1493.45,1
2024-06-12 10:57:00,1493.45,1494.95,1493.45,1494.95,1
2024-06-12 10:58:00,1494.95,1495.0,1494.95,1495.0,8
2024-06-12 10:59:00,1495.0,1495.9,1492.85,1492.85,78
2024-06-12 11:00:00,1492.85,1495.95,1492.85,1494.2,44
2024-06-12 11:01:00,1494.2,1495.95,1494.2,1495.95,111
2024-06-12 11:02:00,1495.95,1495.95,1494.05,1494.05,34
2024-06-12 11:03:00,1494.05,1494.05,1494.05,1494.05,141
2024-06-12 11:04:00,1494.7,1495.0,1494.7,1495.0,31
2024-06-12 11:05:00,1492.2,1494.8,1492.2,1494.8,41
2024-06-12 11:06:00,1492.3,1494.75,1492.3,1494.7,14
2024-06-12 11:07:00,1494.7,1494.7,1494.6,1494.6,0
2024-06-12 11:08:00,1494.6,1494.7,1492.5,1494.7,21
2024-06-12 11:09:00,1494.4,1495.0,1494.4,1495.0,38
2024-06-12 11:10:00,1495.0,1495.0,1495.0,1495.0,16
2024-06-12 11:11:00,1495.0,1495.0,1495.0,1495.0,1
2024-06-12 11:12:00,1495.0,1495.0,1495.0,1495.0,0
2024-06-12 11:13:00,1495.0,1496.0,1495.0,1496.0,1
2024-06-12 11:14:00,1496.0,1497.0,1495.05,1497.0,378
2024-06-12 11:15:00,1498.8,1502.0,1498.8,1502.0,316
2024-06-12 11:16:00,1503.0,1503.0,1501.05,1502.9,53
2024-06-12 11:17:00,1502.9,1502.9,1502.55,1502.55,25
2024-06-12 11:18:00,1502.55,1502.8,1501.55,1501.55,27
2024-06-12 11:19:00,1501.55,1503.0,1501.55,1503.0,91
2024-06-12 11:20:00,1503.0,1503.0,1503.0,1503.0,1
2024-06-12 11:21:00,1503.0,1503.0,1503.0,1503.0,32
2024-06-12 11:22:00,1503.0,1504.75,1502.9,1502.9,64
2024-06-12 11:23:00,1502.9,1504.95,1502.9,1502.9,13
2024-06-12 11:24:00,1502.9,1504.95,1502.9,1504.95,1
2024-06-12 11:25:00,1504.95,1504.95,1504.85,1504.85,1
2024-06-12 11:26:00,1504.85,1504.85,1501.6,1501.6,60
2024-06-12 11:27:00,1501.6,1501.6,1499.45,1499.45,45
2024-06-12 11:28:00,1498.15,1498.65,1496.85,1498.65,133
2024-06-12 11:29:00,1498.65,1498.8,1497.05,1497.05,2
2024-06-12 11:30:00,1497.05,1499.05,1497.05,1499.05,19
2024-06-12 11:31:00,1499.05,1499.45,1499.05,1499.45,58
2024-06-12 11:32:00,1501.35,1502.0,1501.35,1501.35,29
2024-06-12 11:33:00,1501.35,1503.3,1501.35,1503.3,201
2024-06-12 11:34:00,1503.3,1503.3,1499.05,1501.95,201
2024-06-12 11:35:00,1501.95,1502.0,1501.95,1502.0,2
2024-06-12 11:36:00,1502.0,1502.0,1502.0,1502.0,0
2024-06-12 11:37:00,1502.0,1502.0,1498.8,1498.8,2
2024-06-12 11:38:00,1498.8,1499.25,1498.8,1499.25,68
2024-06-12 11:39:00,1499.25,1499.25,1499.25,1499.25,0
2024-06-12 11:40:00,1499.25,1499.25,1499.25,1499.25,0
2024-06-12 11:41:00,1499.25,1499.25,1499.25,1499.25,0
2024-06-12 11:42:00,1499.25,1499.25,1499.2,1499.2,29
2024-06-12 11:43:00,1499.2,1499.2,1499.2,1499.2,0
2024-06-12 11:44:00,1499.2,1499.2,1496.85,1496.85,100
2024-06-12 11:45:00,1496.85,1496.85,1496.85,1496.85,100
2024-06-12 11:46:00,1496.85,1496.85,1496.85,1496.85,0
2024-06-12 11:47:00,1499.15,1499.15,1499.15,1499.15,19
2024-06-12 11:48:00,1499.15,1499.15,1499.15,1499.15,0
2024-06-12 11:49:00,1499.15,1499.15,1497.55,1497.55,40
2024-06-12 11:50:00,1496.0,1497.0,1493.25,1495.0,1838
2024-06-12 11:51:00,1493.15,1496.65,1493.15,1495.0,753
2024-06-12 11:52:00,1495.0,1495.2,1494.85,1495.0,249
2024-06-12 11:53:00,1495.05,1495.4,1495.05,1495.3,116
2024-06-12 11:54:00,1495.3,1495.3,1495.1,1495.25,33
2024-06-12 11:55:00,1495.0,1495.0,1494.3,1495.0,233
2024-06-12 11:56:00,1494.3,1495.05,1494.3,1495.05,149
2024-06-12 11:57:00,1495.6,1495.6,1495.6,1495.6,22
2024-06-12 12:00:00,1495.6,1497.4,1495.6,1496.6,17
2024-06-12 12:01:00,1496.6,1496.6,1496.6,1496.6,1
2024-06-12 12:02:00,1498.15,1498.15,1498.15,1498.15,15
2024-06-12 12:03:00,1498.15,1498.15,1495.6,1495.6,35
2024-06-12 12:04:00,1495.6,1495.6,1495.6,1495.6,0
2024-06-12 12:05:00,1497.85,1497.85,1497.85,1497.85,5
2024-06-12 12:06:00,1497.8,1497.85,1497.8,1497.85,12
2024-06-12 12:07:00,1497.8,1497.8,1497.8,1497.8,8
2024-06-12 12:08:00,1497.8,1497.8,1497.8,1497.8,0
2024-06-12 12:09:00,1498.45,1498.45,1498.45,1498.45,8
2024-06-12 12:11:00,1498.45,1498.45,1497.0,1497.0,2
2024-06-12 12:12:00,1497.0,1497.0,1497.0,1497.0,2
2024-06-12 12:13:00,1496.9,1496.9,1496.9,1496.9,1
2024-06-12 12:14:00,1496.9,1496.9,1496.9,1496.9,0
2024-06-12 12:16:00,1496.9,1496.9,1496.9,1496.9,0
2024-06-12 12:17:00,1496.9,1496.9,1496.9,1496.9,0
2024-06-12 12:18:00,1496.9,1496.9,1496.9,1496.9,0
2024-06-12 12:19:00,1496.9,1496.9,1496.9,1496.9,0
2024-06-12 12:20:00,1496.9,1496.95,1496.9,1496.95,0
2024-06-12 12:21:00,1496.95,1497.8,1496.1,1497.8,66
2024-06-12 12:22:00,1497.8,1497.8,1495.85,1495.85,5
2024-06-12 12:23:00,1495.85,1497.8,1495.85,1497.8,15
2024-06-12 12:25:00,1497.8,1497.8,1497.8,1497.8,0
2024-06-12 12:26:00,1497.8,1497.8,1497.8,1497.8,0
2024-06-12 12:27:00,1497.8,1497.8,1497.8,1497.8,0
2024-06-12 12:29:00,1496.0,1496.0,1496.0,1496.0,28
2024-06-12 12:30:00,1497.55,1497.55,1497.55,1497.55,8
2024-06-12 12:31:00,1497.55,1497.8,1497.55,1497.8,8
2024-06-12 12:32:00,1497.8,1497.8,1497.8,1497.8,0
2024-06-12 12:33:00,1497.8,1497.8,1497.8,1497.8,0
2024-06-12 12:34:00,1497.8,1497.8,1497.8,1497.8,0
2024-06-12 12:35:00,1497.8,1497.8,1497.75,1497.75,20
2024-06-12 12:36:00,1497.75,1497.75,1497.75,1497.75,0
2024-06-12 12:37:00,1497.75,1497.75,1497.75,1497.75,0
2024-06-12 12:38:00,1497.75,1497.75,1497.75,1497.75,0
2024-06-12 12:40:00,1495.0,1497.2,1495.0,1497.2,255
2024-06-12 12:41:00,1497.2,1497.5,1496.95,1497.5,32
2024-06-12 12:42:00,1497.5,1497.5,1497.5,1497.5,8
2024-06-12 12:43:00,1497.5,1499.1,1495.0,1499.1,824
2024-06-12 12:44:00,1499.1,1499.1,1499.1,1499.1,0
2024-06-12 12:45:00,1499.1,1499.1,1499.1,1499.1,0
2024-06-12 12:46:00,1499.1,1499.1,1499.1,1499.1,0
2024-06-12 12:47:00,1499.1,1499.25,1499.1,1499.25,128
2024-06-12 12:48:00,1499.65,1499.65,1497.4,1499.4,21
2024-06-12 12:49:00,1499.6,1499.6,1499.6,1499.6,7
2024-06-12 12:50:00,1499.6,1499.6,1497.3,1497.3,16
2024-06-12 12:51:00,1497.0,1497.0,1497.0,1497.0,27
2024-06-12 12:52:00,1497.0,1497.0,1497.0,1497.0,0
2024-06-12 12:53:00,1497.0,1498.95,1497.0,1498.9,11
2024-06-12 12:54:00,1498.9,1498.9,1498.9,1498.9,0
2024-06-12 12:55:00,1498.9,1498.9,1498.9,1498.9,0
2024-06-12 12:57:00,1498.9,1498.9,1497.0,1497.0,14
2024-06-12 12:58:00,1497.0,1497.0,1497.0,1497.0,13
2024-06-12 12:59:00,1497.0,1497.0,1497.0,1497.0,0
2024-06-12 13:00:00,1497.95,1497.95,1497.95,1497.95,15
2024-06-12 13:01:00,1497.95,1497.95,1497.95,1497.95,0
2024-06-12 13:02:00,1497.95,1497.95,1497.95,1497.95,0
2024-06-12 13:03:00,1497.0,1497.95,1497.0,1497.0,18
2024-06-12 13:05:00,1497.0,1497.0,1497.0,1497.0,11
2024-06-12 13:06:00,1497.0,1497.0,1497.0,1497.0,0
2024-06-12 13:07:00,1497.95,1497.95,1497.95,1497.95,5
2024-06-12 13:08:00,1497.0,1497.0,1497.0,1497.0,1
2024-06-12 13:09:00,1497.0,1497.8,1495.35,1497.8,275
2024-06-12 13:10:00,1497.8,1497.8,1497.0,1497.0,12
2024-06-12 13:11:00,1497.0,1497.0,1497.0,1497.0,0
2024-06-12 13:12:00,1497.0,1497.65,1497.0,1497.65,15
2024-06-12 13:13:00,1497.65,1497.65,1497.65,1497.65,0
2024-06-12 13:14:00,1495.65,1497.0,1495.65,1497.0,18
2024-06-12 13:15:00,1497.0,1497.0,1497.0,1497.0,0
2024-06-12 13:17:00,1497.0,1497.0,1497.0,1497.0,1
2024-06-12 13:18:00,1497.3,1497.3,1497.3,1497.3,21
2024-06-12 13:19:00,1497.3,1497.3,1497.0,1497.0,0
2024-06-12 13:20:00,1497.0,1497.0,1497.0,1497.0,10
2024-06-12 13:21:00,1497.0,1497.0,1497.0,1497.0,0
2024-06-12 13:22:00,1497.0,1497.95,1497.0,1497.95,19
2024-06-12 13:23:00,1497.95,1497.95,1497.0,1497.95,51
2024-06-12 13:24:00,1497.95,1497.95,1497.95,1497.95,0
2024-06-12 13:25:00,1497.95,1497.95,1497.95,1497.95,0
2024-06-12 13:26:00,1497.0,1497.0,1497.0,1497.0,1
2024-06-12 13:27:00,1497.95,1497.95,1497.0,1497.0,16
2024-06-12 13:28:00,1497.95,1497.95,1497.95,1497.95,2
2024-06-12 13:29:00,1497.95,1497.95,1497.95,1497.95,0
2024-06-12 13:30:00,1497.95,1497.95,1497.95,1497.95,0
2024-06-12 13:31:00,1497.85,1497.85,1497.85,1497.85,5
2024-06-12 13:32:00,1497.85,1497.85,1494.35,1494.55,0
2024-06-12 13:33:00,1494.8,1497.85,1494.8,1497.85,1509
2024-06-12 13:34:00,1497.0,1497.85,1497.0,1497.85,245
2024-06-12 13:35:00,1497.85,1497.85,1497.85,1497.85,0
2024-06-12 13:36:00,1497.85,1497.85,1496.9,1496.9,2
2024-06-12 13:37:00,1496.9,1497.85,1496.9,1497.85,2
2024-06-12 13:38:00,1497.85,1497.85,1497.85,1497.85,3
2024-06-12 13:39:00,1497.85,1497.85,1497.85,1497.85,3
2024-06-12 13:40:00,1497.85,1497.85,1497.85,1497.85,4
2024-06-12 13:41:00,1497.85,1497.85,1497.85,1497.85,5
2024-06-12 13:42:00,1497.85,1497.85,1497.85,1497.85,0
2024-06-12 13:43:00,1497.85,1497.85,1496.9,1496.9,6
2024-06-12 13:44:00,1496.9,1497.0,1496.9,1497.0,31
2024-06-12 13:45:00,1497.0,1497.0,1497.0,1497.0,0
2024-06-12 13:46:00,1496.6,1496.6,1496.6,1496.6,2
2024-06-12 13:47:00,1496.6,1496.6,1496.6,1496.6,0
2024-06-12 13:48:00,1497.8,1497.85,1497.0,1497.8,171
2024-06-12 13:49:00,1497.8,1497.8,1497.0,1497.05,185
2024-06-12 13:50:00,1497.05,1497.05,1497.05,1497.05,42
2024-06-12 13:51:00,1497.05,1497.05,1497.05,1497.05,3
2024-06-12 13:52:00,1497.05,1497.85,1497.05,1497.85,4
2024-06-12 13:53:00,1497.85,1497.85,1497.85,1497.85,55
2024-06-12 13:54:00,1497.85,1497.85,1497.85,1497.85,0
2024-06-12 13:55:00,1497.85,1497.85,1497.85,1497.85,0
2024-06-12 13:56:00,1497.0,1497.0,1497.0,1497.0,14
2024-06-12 13:58:00,1497.0,1497.0,1497.0,1497.0,27
2024-06-12 13:59:00,1497.0,1497.85,1497.0,1497.85,69
2024-06-12 14:00:00,1497.1,1497.9,1497.1,1497.9,6
2024-06-12 14:01:00,1497.9,1497.9,1497.0,1497.0,79
2024-06-12 14:02:00,1497.0,1497.0,1497.0,1497.0,48
2024-06-12 14:03:00,1497.0,1497.0,1497.0,1497.0,3
2024-06-12 14:05:00,1497.0,1497.0,1497.0,1497.0,3
2024-06-12 14:06:00,1497.0,1497.0,1497.0,1497.0,1
2024-06-12 14:07:00,1497.0,1497.0,1497.0,1497.0,0
2024-06-12 14:08:00,1497.0,1497.0,1497.0,1497.0,0
2024-06-12 14:09:00,1497.0,1497.85,1497.0,1497.85,208
2024-06-12 14:10:00,1497.85,1497.85,1497.05,1497.05,24
2024-06-12 14:11:00,1497.05,1497.05,1497.05,1497.05,0
2024-06-12 14:12:00,1497.85,1497.85,1497.85,1497.85,23
2024-06-12 14:13:00,1497.85,1497.85,1497.85,1497.85,1
2024-06-12 14:14:00,1497.85,1497.85,1497.85,1497.85,0
2024-06-12 14:15:00,1497.85,1497.85,1497.85,1497.85,0
2024-06-12 14:16:00,1497.85,1497.85,1497.85,1497.85,0
2024-06-12 14:17:00,1497.9,1497.9,1497.9,1497.9,16
2024-06-12 14:20:00,1497.9,1497.9,1497.9,1497.9,8
2024-06-12 14:21:00,1497.9,1497.9,1497.9,1497.9,0
2024-06-12 14:23:00,1497.0,1497.0,1497.0,1497.0,0
2024-06-12 14:24:00,1497.0,1497.95,1497.0,1497.95,104
2024-06-12 14:25:00,1497.95,1497.95,1497.95,1497.95,0
2024-06-12 14:26:00,1497.95,1497.95,1497.95,1497.95,0
2024-06-12 14:27:00,1497.95,1497.95,1497.85,1497.85,7
2024-06-12 14:28:00,1497.85,1497.85,1497.85,1497.85,0
2024-06-12 14:29:00,1497.85,1497.85,1497.85,1497.85,0
2024-06-12 14:30:00,1497.85,1497.85,1497.85,1497.85,0
2024-06-12 14:31:00,1497.85,1498.0,1496.5,1498.0,125
2024-06-12 14:32:00,1498.0,1498.0,1498.0,1498.0,145
2024-06-12 14:33:00,1498.0,1501.0,1492.6,1501.0,4753
2024-06-12 14:34:00,1501.0,1504.0,1499.55,1499.55,676
2024-06-12 14:35:00,1499.55,1499.55,1499.55,1499.55,0
2024-06-12 14:36:00,1499.55,1499.55,1499.55,1499.55,0
2024-06-12 14:37:00,1499.55,1499.55,1499.05,1499.05,9
2024-06-12 14:38:00,1496.95,1501.0,1496.95,1501.0,103
2024-06-12 14:39:00,1501.0,1501.0,1498.8,1498.8,8
2024-06-12 14:40:00,1498.8,1500.05,1498.8,1500.05,1
2024-06-12 14:41:00,1497.6,1502.35,1497.6,1499.5,252
2024-06-12 14:42:00,1499.5,1499.5,1499.5,1499.5,0
2024-06-12 14:43:00,1499.95,1499.95,1497.95,1497.95,25
2024-06-12 14:44:00,1497.95,1497.95,1497.0,1497.0,15
2024-06-12 14:45:00,1497.0,1497.0,1497.0,1497.0,0
2024-06-12 14:46:00,1499.1,1500.0,1497.45,1500.0,105
2024-06-12 14:47:00,1500.0,1500.0,1500.0,1500.0,20
2024-06-12 14:48:00,1497.85,1497.85,1497.45,1497.45,17
2024-06-12 14:49:00,1497.45,1499.3,1497.45,1499.1,215
2024-06-12 14:50:00,1499.1,1500.0,1499.1,1500.0,144
2024-06-12 14:51:00,1499.95,1499.95,1499.95,1499.95,16
2024-06-12 14:52:00,1498.3,1505.8,1498.15,1504.45,1263
2024-06-12 14:53:00,1506.25,1508.15,1506.2,1508.15,366
2024-06-12 14:54:00,1508.15,1509.0,1507.75,1507.75,67
2024-06-12 14:55:00,1507.75,1507.75,1504.4,1504.4,78
2024-06-12 14:56:00,1505.0,1505.0,1503.15,1505.0,189
2024-06-12 14:57:00,1505.0,1505.95,1504.15,1504.85,25
2024-06-12 14:58:00,1504.85,1506.35,1501.75,1501.75,566
2024-06-12 14:59:00,1501.75,1503.9,1500.0,1503.9,29
2024-06-12 15:00:00,1503.9,1503.9,1499.55,1499.55,45
2024-06-12 15:01:00,1501.4,1501.4,1501.05,1501.05,11
2024-06-12 15:02:00,1500.65,1500.65,1498.75,1499.1,22
2024-06-12 15:03:00,1499.1,1500.0,1498.05,1499.9,103
2024-06-12 15:04:00,1499.8,1503.9,1499.8,1501.0,207
2024-06-12 15:05:00,1501.0,1501.0,1497.0,1497.0,626
2024-06-12 15:06:00,1498.3,1498.85,1497.0,1498.85,201
2024-06-12 15:07:00,1498.95,1499.0,1497.0,1498.4,160
2024-06-12 15:08:00,1499.7,1499.7,1497.0,1498.35,717
2024-06-12 15:09:00,1498.35,1500.0,1497.15,1498.9,223
2024-06-12 15:10:00,1498.9,1500.35,1498.15,1500.35,248
2024-06-12 15:11:00,1500.7,1500.7,1497.0,1497.0,111
2024-06-12 15:12:00,1498.7,1498.7,1497.0,1497.0,250
2024-06-12 15:13:00,1497.0,1498.25,1495.65,1496.75,1220
2024-06-12 15:14:00,1497.25,1498.75,1496.9,1496.9,233
2024-06-12 15:15:00,1496.9,1498.3,1495.05,1495.05,615
2024-06-12 15:16:00,1497.05,1497.85,1495.3,1497.1,344
2024-06-12 15:17:00,1497.1,1497.7,1496.65,1497.0,223
2024-06-12 15:18:00,1497.55,1497.55,1496.6,1496.75,527
2024-06-12 15:19:00,1497.75,1497.95,1496.6,1497.95,466
2024-06-12 15:20:00,1497.85,1497.85,1495.9,1496.1,601
2024-06-12 15:21:00,1497.0,1497.65,1495.35,1497.25,557
2024-06-12 15:22:00,1496.4,1497.25,1495.6,1497.25,234
2024-06-12 15:23:00,1496.5,1497.25,1494.95,1494.95,227
2024-06-12 15:24:00,1495.0,1495.0,1486.25,1488.45,8182
2024-06-12 15:25:00,1488.7,1493.35,1486.15,1493.35,382
2024-06-12 15:26:00,1493.35,1497.0,1493.35,1494.5,1015
2024-06-12 15:27:00,1494.5,1496.5,1494.0,1496.5,579
2024-06-12 15:28:00,1494.5,1497.15,1494.5,1496.1,485
2024-06-12 15:29:00,1497.95,1497.95,1496.0,1497.95,75
2024-06-13 09:15:00,1494.25,1504.75,1494.25,1502.1,174
2024-06-13 09:16:00,1501.5,1505.95,1501.2,1502.1,75
2024-06-13 09:17:00,1502.1,1502.1,1499.5,1499.5,43
2024-06-13 09:18:00,1501.8,1501.8,1497.6,1497.6,83
2024-06-13 09:19:00,1497.6,1497.6,1497.0,1497.0,131
2024-06-13 09:20:00,1499.7,1499.7,1499.7,1499.7,2
2024-06-13 09:21:00,1500.0,1500.0,1499.25,1499.25,30
2024-06-13 09:22:00,1499.25,1499.55,1497.7,1497.7,8
2024-06-13 09:23:00,1497.7,1500.45,1497.7,1498.7,77
2024-06-13 09:24:00,1498.7,1499.0,1498.7,1499.0,31
2024-06-13 09:25:00,1499.0,1499.0,1499.0,1499.0,0
2024-06-13 09:26:00,1499.0,1500.5,1499.0,1500.5,25
2024-06-13 09:27:00,1500.5,1501.8,1500.5,1501.8,17
2024-06-13 09:28:00,1501.8,1501.8,1501.8,1501.8,0
2024-06-13 09:29:00,1501.8,1501.8,1501.8,1501.8,1
2024-06-13 09:30:00,1501.8,1501.8,1500.55,1500.55,16
2024-06-13 09:31:00,1501.0,1501.0,1499.4,1501.0,62
2024-06-13 09:32:00,1501.0,1501.0,1501.0,1501.0,0
2024-06-13 09:33:00,1501.0,1501.0,1501.0,1501.0,0
2024-06-13 09:34:00,1501.0,1501.0,1501.0,1501.0,0
2024-06-13 09:35:00,1501.0,1501.0,1498.55,1499.65,596
2024-06-13 09:36:00,1499.65,1501.65,1499.45,1499.45,55
2024-06-13 09:37:00,1499.45,1501.5,1499.45,1501.5,12
2024-06-13 09:38:00,1501.5,1502.55,1501.5,1502.55,118
2024-06-13 09:39:00,1502.55,1505.25,1502.55,1505.25,17
2024-06-13 09:40:00,1503.3,1505.5,1503.3,1505.5,10
2024-06-13 09:41:00,1505.5,1505.5,1500.9,1500.9,110
2024-06-13 09:42:00,1500.9,1500.9,1500.9,1500.9,0
2024-06-13 09:43:00,1500.9,1502.95,1500.9,1502.95,8
2024-06-13 09:44:00,1502.95,1502.95,1502.55,1502.55,10
2024-06-13 09:45:00,1502.55,1502.55,1502.55,1502.55,0
2024-06-13 09:46:00,1502.55,1502.55,1502.55,1502.55,0
2024-06-13 09:47:00,1502.55,1502.55,1500.35,1501.0,104
2024-06-13 09:48:00,1501.0,1501.0,1501.0,1501.0,47
2024-06-13 09:49:00,1501.0,1501.95,1501.0,1501.95,8
2024-06-13 09:50:00,1501.95,1501.95,1495.05,1497.0,1355
2024-06-13 09:51:00,1497.0,1501.9,1497.0,1500.0,54
2024-06-13 09:52:00,1500.0,1502.25,1500.0,1502.25,5
2024-06-13 09:53:00,1502.25,1502.25,1502.0,1502.0,115
2024-06-13 09:54:00,1502.0,1502.0,1502.0,1502.0,0
2024-06-13 09:55:00,1501.85,1504.0,1501.85,1504.0,375
2024-06-13 09:56:00,1504.0,1504.4,1502.05,1504.4,22
2024-06-13 09:57:00,1504.4,1507.95,1502.5,1505.25,413
2024-06-13 09:58:00,1505.25,1508.3,1505.25,1508.3,83
2024-06-13 09:59:00,1508.3,1509.5,1508.3,1509.5,10
2024-06-13 10:00:00,1510.0,1510.1,1509.5,1509.5,533
2024-06-13 10:01:00,1509.5,1509.5,1508.4,1508.4,11
2024-06-13 10:02:00,1508.4,1508.95,1508.0,1508.95,58
2024-06-13 10:03:00,1508.95,1508.95,1508.85,1508.85,103
2024-06-13 10:04:00,1508.85,1508.85,1508.85,1508.85,0
2024-06-13 10:05:00,1508.85,1508.85,1508.85,1508.85,0
2024-06-13 10:06:00,1508.85,1509.3,1506.25,1509.3,72
2024-06-13 10:07:00,1509.3,1509.3,1509.3,1509.3,50
2024-06-13 10:08:00,1509.3,1509.3,1507.3,1507.3,2
2024-06-13 10:09:00,1507.3,1507.3,1507.3,1507.3,0
2024-06-13 10:10:00,1507.3,1508.0,1507.3,1508.0,2
2024-06-13 10:11:00,1508.0,1508.0,1508.0,1508.0,19
2024-06-13 10:12:00,1508.0,1508.0,1508.0,1508.0,2
2024-06-13 10:13:00,1508.0,1508.0,1506.05,1506.05,15
2024-06-13 10:14:00,1506.05,1506.05,1506.05,1506.05,0
2024-06-13 10:15:00,1506.05,1508.0,1506.05,1506.6,58
2024-06-13 10:16:00,1506.6,1506.8,1506.6,1506.6,23
2024-06-13 10:17:00,1506.6,1506.65,1506.6,1506.65,15
2024-06-13 10:18:00,1508.85,1508.85,1508.85,1508.85,1
2024-06-13 10:19:00,1508.85,1508.85,1508.85,1508.85,0
2024-06-13 10:20:00,1508.85,1508.85,1506.05,1506.05,82
2024-06-13 10:21:00,1506.05,1507.65,1506.05,1507.65,1
2024-06-13 10:22:00,1507.65,1510.0,1507.65,1510.0,487
2024-06-13 10:23:00,1510.0,1510.0,1510.0,1510.0,50
2024-06-13 10:24:00,1510.0,1510.0,1510.0,1510.0,0
2024-06-13 10:25:00,1510.0,1512.6,1510.0,1510.55,500
2024-06-13 10:26:00,1510.55,1510.95,1510.55,1510.95,52
2024-06-13 10:27:00,1510.95,1512.65,1510.95,1512.65,117
2024-06-13 10:28:00,1512.65,1512.7,1512.65,1512.7,10
2024-06-13 10:29:00,1512.7,1513.0,1510.05,1510.05,126
2024-06-13 10:30:00,1510.05,1510.85,1508.7,1508.7,78
2024-06-13 10:31:00,1508.7,1508.7,1506.05,1506.05,275
2024-06-13 10:32:00,1506.05,1508.85,1505.05,1505.05,118
2024-06-13 10:33:00,1505.05,1507.95,1505.05,1507.95,1
2024-06-13 10:34:00,1507.95,1507.95,1505.6,1505.6,3
2024-06-13 10:35:00,1505.6,1505.6,1505.6,1505.6,0
2024-06-13 10:36:00,1505.6,1505.6,1505.6,1505.6,0
2024-06-13 10:37:00,1505.6,1505.6,1505.6,1505.6,0
2024-06-13 10:38:00,1505.6,1505.6,1505.6,1505.6,12
2024-06-13 10:39:00,1505.6,1505.6,1505.6,1505.6,0
2024-06-13 10:40:00,1505.6,1505.6,1505.6,1505.6,0
2024-06-13 10:41:00,1505.6,1505.6,1505.6,1505.6,0
2024-06-13 10:42:00,1505.6,1505.6,1505.6,1505.6,0
2024-06-13 10:43:00,1505.65,1505.65,1505.6,1505.6,17
2024-06-13 10:44:00,1505.6,1505.6,1505.1,1505.1,80
2024-06-13 10:45:00,1505.1,1507.25,1505.1,1507.25,0
2024-06-13 10:46:00,1507.25,1507.25,1507.25,1507.25,45
2024-06-13 10:47:00,1507.9,1507.9,1506.05,1506.05,28
2024-06-13 10:48:00,1506.05,1506.05,1506.05,1506.05,0
2024-06-13 10:49:00,1506.05,1506.75,1506.05,1506.75,16
2024-06-13 10:50:00,1506.75,1507.6,1506.75,1507.6,2
2024-06-13 10:51:00,1507.6,1507.75,1507.6,1507.75,2
2024-06-13 10:52:00,1507.75,1508.95,1507.75,1508.95,92
2024-06-13 10:53:00,1508.95,1508.95,1508.95,1508.95,0
2024-06-13 10:54:00,1508.95,1508.95,1508.0,1508.0,12
2024-06-13 10:55:00,1508.0,1509.0,1508.0,1509.0,2
2024-06-13 10:56:00,1509.0,1509.0,1506.85,1506.85,12
2024-06-13 10:57:00,1506.85,1506.85,1506.85,1506.85,0
2024-06-13 10:58:00,1506.85,1506.85,1506.85,1506.85,0
2024-06-13 10:59:00,1506.85,1506.85,1506.55,1506.55,4
2024-06-13 11:01:00,1506.55,1506.55,1505.0,1505.0,139
2024-06-13 11:02:00,1505.0,1506.75,1505.0,1506.75,16
2024-06-13 11:03:00,1506.75,1506.75,1506.75,1506.75,0
2024-06-13 11:04:00,1506.75,1506.75,1506.75,1506.75,0
2024-06-13 11:05:00,1506.75,1506.75,1506.75,1506.75,0
2024-06-13 11:06:00,1507.0,1507.3,1507.0,1507.3,33
2024-06-13 11:07:00,1507.3,1507.3,1507.3,1507.3,0
2024-06-13 11:08:00,1507.3,1508.05,1506.05,1506.05,48
2024-06-13 11:09:00,1506.05,1506.05,1506.05,1506.05,0
2024-06-13 11:10:00,1506.05,1506.05,1505.15,1505.15,20
2024-06-13 11:11:00,1505.15,1505.15,1505.15,1505.15,0
2024-06-13 11:12:00,1505.1,1505.1,1505.1,1505.1,10
2024-06-13 11:13:00,1505.1,1505.1,1505.1,1505.1,0
2024-06-13 11:14:00,1505.1,1505.1,1505.05,1505.05,6
2024-06-13 11:15:00,1505.0,1506.9,1505.0,1506.9,11
2024-06-13 11:16:00,1506.9,1506.9,1503.65,1503.65,561
2024-06-13 11:17:00,1503.65,1509.9,1503.65,1508.05,1264
2024-06-13 11:18:00,1508.05,1509.6,1508.05,1509.6,1
2024-06-13 11:19:00,1509.6,1509.6,1507.4,1507.4,22
2024-06-13 11:20:00,1507.4,1507.4,1506.9,1506.9,25
2024-06-13 11:21:00,1506.9,1508.6,1506.7,1506.7,2
2024-06-13 11:22:00,1506.7,1506.7,1506.7,1506.7,0
2024-06-13 11:23:00,1508.65,1508.65,1508.65,1508.65,1
2024-06-13 11:24:00,1508.65,1508.65,1508.0,1508.0,1
2024-06-13 11:25:00,1508.0,1508.0,1508.0,1508.0,0
2024-06-13 11:26:00,1508.0,1508.0,1505.65,1505.65,30
2024-06-13 11:27:00,1505.65,1505.65,1505.0,1505.0,111
2024-06-13 11:28:00,1505.0,1509.0,1505.0,1509.0,24
2024-06-13 11:29:00,1509.0,1509.4,1508.9,1509.4,1
2024-06-13 11:30:00,1509.4,1509.6,1509.4,1509.6,14
2024-06-13 11:31:00,1509.6,1509.6,1509.0,1509.6,20
2024-06-13 11:32:00,1509.6,1509.6,1509.6,1509.6,43
2024-06-13 11:33:00,1509.6,1509.6,1509.6,1509.6,0
2024-06-13 11:34:00,1510.0,1510.0,1509.0,1509.0,11
2024-06-13 11:35:00,1509.0,1510.0,1509.0,1510.0,1
2024-06-13 11:36:00,1510.0,1510.0,1510.0,1510.0,0
2024-06-13 11:37:00,1510.0,1511.0,1509.0,1510.05,78
2024-06-13 11:38:00,1510.05,1512.0,1510.05,1512.0,80
2024-06-13 11:39:00,1512.0,1514.95,1510.15,1514.95,571
2024-06-13 11:40:00,1512.05,1512.1,1512.05,1512.1,91
2024-06-13 11:41:00,1512.4,1514.55,1512.4,1514.55,34
2024-06-13 11:42:00,1514.55,1514.65,1514.55,1514.65,10
2024-06-13 11:43:00,1514.65,1514.65,1512.4,1512.4,35
2024-06-13 11:44:00,1512.4,1512.4,1512.4,1512.4,0
2024-06-13 11:45:00,1512.3,1513.8,1511.1,1511.1,39
2024-06-13 11:46:00,1511.1,1511.1,1508.0,1508.0,75
2024-06-13 11:47:00,1508.0,1508.0,1508.0,1508.0,50
2024-06-13 11:48:00,1508.0,1510.9,1508.0,1510.9,1
2024-06-13 11:49:00,1510.9,1510.9,1510.9,1510.9,0
2024-06-13 11:50:00,1510.9,1510.95,1510.9,1510.95,1
2024-06-13 11:51:00,1510.95,1510.95,1507.85,1507.85,19
2024-06-13 11:52:00,1507.85,1509.0,1507.85,1509.0,1
2024-06-13 11:53:00,1509.0,1509.0,1506.05,1506.05,446
2024-06-13 11:54:00,1506.05,1508.7,1506.05,1508.7,11
2024-06-13 11:55:00,1508.7,1508.7,1506.8,1506.8,12
2024-06-13 11:56:00,1508.25,1508.45,1508.25,1508.45,3
2024-06-13 11:57:00,1508.45,1508.9,1508.45,1508.9,1
2024-06-13 11:58:00,1508.9,1508.9,1508.9,1508.9,9
2024-06-13 11:59:00,1508.9,1509.65,1508.9,1509.65,11
2024-06-13 12:00:00,1509.65,1509.65,1509.5,1509.5,7
2024-06-13 12:01:00,1509.5,1509.9,1509.5,1509.9,10
2024-06-13 12:02:00,1509.9,1509.9,1509.9,1509.9,10
2024-06-13 12:03:00,1509.95,1509.95,1509.95,1509.95,7
2024-06-13 12:04:00,1509.95,1510.0,1509.95,1510.0,45
2024-06-13 12:05:00,1510.0,1510.0,1509.65,1509.65,1
2024-06-13 12:06:00,1509.65,1509.65,1509.65,1509.65,0
2024-06-13 12:07:00,1509.6,1509.6,1507.5,1507.5,13
2024-06-13 12:08:00,1507.5,1509.1,1507.5,1509.1,1
2024-06-13 12:09:00,1509.1,1509.1,1509.1,1509.1,0
2024-06-13 12:10:00,1509.1,1509.1,1508.75,1508.75,1
2024-06-13 12:11:00,1508.75,1508.75,1508.75,1508.75,0
2024-06-13 12:12:00,1508.75,1508.75,1507.55,1507.6,64
2024-06-13 12:13:00,1507.6,1507.6,1507.6,1507.6,0
2024-06-13 12:14:00,1507.6,1509.35,1507.6,1509.35,1
2024-06-13 12:15:00,1509.35,1509.95,1509.35,1509.95,70
2024-06-13 12:16:00,1509.95,1509.95,1509.95,1509.95,0
2024-06-13 12:17:00,1509.95,1509.95,1509.95,1509.95,0
2024-06-13 12:18:00,1509.95,1509.95,1507.95,1507.95,1
2024-06-13 12:19:00,1507.95,1507.95,1507.9,1507.9,7
2024-06-13 12:20:00,1507.9,1510.0,1507.9,1510.0,10
2024-06-13 12:21:00,1510.0,1510.0,1510.0,1510.0,0
2024-06-13 12:22:00,1510.0,1510.0,1510.0,1510.0,0
2024-06-13 12:23:00,1510.0,1510.0,1508.05,1508.05,1
2024-06-13 12:24:00,1508.05,1508.05,1508.05,1508.05,10
2024-06-13 12:25:00,1508.05,1508.05,1508.0,1508.0,23
2024-06-13 12:26:00,1508.0,1509.5,1508.0,1509.5,1
2024-06-13 12:27:00,1509.5,1509.6,1509.5,1509.6,1
2024-06-13 12:28:00,1509.6,1509.6,1509.6,1509.6,1
2024-06-13 12:29:00,1509.6,1509.6,1509.6,1509.6,0
2024-06-13 12:30:00,1509.6,1509.6,1509.6,1509.6,0
2024-06-13 12:31:00,1509.6,1509.6,1509.6,1509.6,0
2024-06-13 12:32:00,1509.6,1509.6,1509.6,1509.6,0
2024-06-13 12:33:00,1509.6,1509.6,1508.1,1508.1,2
2024-06-13 12:34:00,1508.1,1508.1,1508.1,1508.1,0
2024-06-13 12:35:00,1508.1,1508.1,1508.1,1508.1,0
2024-06-13 12:36:00,1508.1,1508.1,1508.1,1508.1,0
2024-06-13 12:37:00,1508.1,1508.1,1508.1,1508.1,0
2024-06-13 12:38:00,1508.1,1510.0,1508.1,1510.0,64
2024-06-13 12:39:00,1510.0,1510.0,1510.0,1510.0,10
2024-06-13 12:40:00,1510.0,1510.0,1510.0,1510.0,5
2024-06-13 12:41:00,1510.0,1510.0,1508.5,1508.5,21
2024-06-13 12:42:00,1508.5,1509.95,1508.5,1509.95,20
2024-06-13 12:43:00,1509.95,1509.95,1509.95,1509.95,0
2024-06-13 12:44:00,1509.95,1509.95,1509.95,1509.95,0
2024-06-13 12:45:00,1509.95,1509.95,1509.95,1509.95,0
2024-06-13 12:46:00,1509.95,1509.95,1508.2,1509.95,27
2024-06-13 12:47:00,1509.95,1509.95,1509.95,1509.95,15
2024-06-13 12:48:00,1509.95,1509.95,1509.95,1509.95,0
2024-06-13 12:49:00,1509.95,1509.95,1508.0,1508.0,23
2024-06-13 12:50:00,1508.0,1509.65,1508.0,1508.05,13
2024-06-13 12:51:00,1508.05,1508.05,1508.05,1508.05,0
2024-06-13 12:52:00,1508.05,1508.05,1508.05,1508.05,0
2024-06-13 12:53:00,1508.05,1509.55,1508.05,1509.55,102
2024-06-13 12:54:00,1509.55,1509.55,1509.55,1509.55,0
2024-06-13 12:55:00,1508.3,1508.3,1508.3,1508.3,50
2024-06-13 12:56:00,1508.3,1508.3,1508.3,1508.3,0
2024-06-13 12:57:00,1508.3,1509.7,1508.3,1509.7,4
2024-06-13 12:58:00,1509.7,1509.7,1509.7,1509.7,0
2024-06-13 12:59:00,1509.75,1509.75,1509.75,1509.75,5
2024-06-13 13:00:00,1509.75,1509.75,1509.75,1509.75,3
2024-06-13 13:01:00,1509.75,1509.75,1509.7,1509.7,3
2024-06-13 13:02:00,1509.7,1509.7,1508.6,1508.6,4
2024-06-13 13:03:00,1508.6,1508.6,1508.6,1508.6,6
2024-06-13 13:04:00,1508.6,1508.6,1508.0,1508.05,14
2024-06-13 13:05:00,1508.05,1508.05,1508.05,1508.05,20
2024-06-13 13:06:00,1508.05,1508.05,1508.05,1508.05,0
2024-06-13 13:07:00,1508.05,1508.05,1508.05,1508.05,0
2024-06-13 13:08:00,1508.05,1508.05,1508.05,1508.05,0
2024-06-13 13:09:00,1508.05,1508.05,1508.05,1508.05,0
2024-06-13 13:10:00,1508.05,1509.65,1508.05,1509.65,5
2024-06-13 13:11:00,1509.65,1511.0,1509.65,1511.0,519
2024-06-13 13:12:00,1511.0,1511.0,1510.9,1510.9,3
2024-06-13 13:13:00,1510.9,1510.9,1510.9,1510.9,0
2024-06-13 13:14:00,1510.9,1510.9,1509.15,1510.8,13
2024-06-13 13:15:00,1510.8,1510.8,1509.0,1509.0,16
2024-06-13 13:16:00,1509.0,1509.0,1509.0,1509.0,31
2024-06-13 13:17:00,1509.0,1509.0,1509.0,1509.0,0
2024-06-13 13:18:00,1509.0,1509.0,1509.0,1509.0,0
2024-06-13 13:19:00,1509.0,1509.0,1509.0,1509.0,0
2024-06-13 13:20:00,1509.0,1509.25,1509.0,1509.25,1
2024-06-13 13:21:00,1509.25,1510.85,1509.25,1510.85,30
2024-06-13 13:22:00,1510.85,1511.0,1510.85,1511.0,5
2024-06-13 13:23:00,1511.0,1511.0,1511.0,1511.0,0
2024-06-13 13:24:00,1511.0,1511.0,1507.1,1509.8,205
2024-06-13 13:25:00,1509.8,1510.95,1509.8,1510.95,1
2024-06-13 13:26:00,1510.95,1511.0,1509.8,1511.0,7
2024-06-13 13:27:00,1511.0,1511.0,1509.8,1509.8,17
2024-06-13 13:28:00,1509.8,1511.0,1509.8,1511.0,4
2024-06-13 13:29:00,1511.0,1511.0,1509.8,1511.0,5
2024-06-13 13:30:00,1511.0,1511.0,1510.0,1510.6,37
2024-06-13 13:31:00,1510.6,1510.6,1510.6,1510.6,4
2024-06-13 13:32:00,1510.6,1510.6,1510.6,1510.6,5
2024-06-13 13:33:00,1510.6,1510.6,1509.8,1509.8,5
2024-06-13 13:34:00,1509.8,1509.8,1509.8,1509.8,0
2024-06-13 13:35:00,1509.8,1509.8,1509.8,1509.8,0
2024-06-13 13:36:00,1509.8,1509.8,1509.8,1509.8,0
2024-06-13 13:37:00,1509.8,1510.95,1509.8,1510.95,33
2024-06-13 13:38:00,1510.95,1511.0,1510.95,1511.0,102
2024-06-13 13:39:00,1511.0,1511.0,1511.0,1511.0,0
2024-06-13 13:40:00,1511.0,1511.0,1511.0,1511.0,9
2024-06-13 13:41:00,1511.0,1511.0,1509.9,1511.0,1
2024-06-13 13:42:00,1511.0,1511.0,1511.0,1511.0,5
2024-06-13 13:43:00,1511.0,1511.0,1511.0,1511.0,0
2024-06-13 13:44:00,1511.0,1511.0,1511.0,1511.0,0
2024-06-13 13:45:00,1511.0,1511.0,1511.0,1511.0,0
2024-06-13 13:46:00,1511.0,1511.0,1511.0,1511.0,0
2024-06-13 13:47:00,1511.0,1511.0,1511.0,1511.0,0
2024-06-13 13:48:00,1511.0,1511.0,1511.0,1511.0,1
2024-06-13 13:49:00,1511.0,1511.0,1511.0,1511.0,0
2024-06-13 13:50:00,1511.0,1511.0,1511.0,1511.0,0
2024-06-13 13:51:00,1511.0,1511.0,1511.0,1511.0,0
2024-06-13 13:52:00,1511.0,1511.0,1511.0,1511.0,0
2024-06-13 13:53:00,1511.0,1511.0,1511.0,1511.0,1
2024-06-13 13:54:00,1511.0,1511.0,1511.0,1511.0,1
2024-06-13 13:55:00,1511.0,1511.0,1511.0,1511.0,0
2024-06-13 13:56:00,1511.0,1511.0,1509.9,1509.9,32
2024-06-13 13:57:00,1509.9,1510.55,1509.2,1510.55,37
2024-06-13 13:58:00,1510.55,1510.55,1510.55,1510.55,0
2024-06-13 13:59:00,1510.55,1510.55,1508.6,1508.6,4
2024-06-13 14:00:00,1508.6,1508.7,1508.0,1508.0,29
2024-06-13 14:01:00,1508.0,1508.0,1506.25,1507.85,37
2024-06-13 14:02:00,1507.85,1507.85,1507.3,1507.3,0
2024-06-13 14:03:00,1507.3,1507.3,1506.0,1506.0,28
2024-06-13 14:04:00,1506.0,1506.0,1506.0,1506.0,0
2024-06-13 14:05:00,1506.0,1506.0,1506.0,1506.0,0
2024-06-13 14:06:00,1508.45,1510.0,1508.45,1510.0,78
2024-06-13 14:07:00,1510.0,1510.0,1507.8,1507.8,22
2024-06-13 14:08:00,1507.8,1507.8,1507.8,1507.8,0
2024-06-13 14:09:00,1507.8,1509.3,1507.8,1509.3,3
2024-06-13 14:10:00,1509.3,1509.95,1506.8,1509.95,528
2024-06-13 14:11:00,1509.95,1509.95,1509.95,1509.95,0
2024-06-13 14:12:00,1509.95,1509.95,1509.95,1509.95,0
2024-06-13 14:13:00,1509.95,1509.95,1509.95,1509.95,7
2024-06-13 14:14:00,1509.95,1509.95,1509.95,1509.95,0
2024-06-13 14:15:00,1509.95,1509.95,1509.95,1509.95,1
2024-06-13 14:16:00,1509.95,1509.95,1509.95,1509.95,0
2024-06-13 14:17:00,1509.95,1509.95,1509.05,1509.05,8
2024-06-13 14:18:00,1509.05,1509.05,1509.05,1509.05,0
2024-06-13 14:19:00,1509.05,1509.05,1509.05,1509.05,0
2024-06-13 14:20:00,1509.05,1509.05,1509.05,1509.05,0
2024-06-13 14:21:00,1509.05,1509.05,1509.05,1509.05,0
2024-06-13 14:22:00,1508.0,1509.0,1508.0,1509.0,153
2024-06-13 14:23:00,1509.0,1509.85,1508.0,1509.05,112
2024-06-13 14:24:00,1509.05,1510.55,1508.05,1508.05,129
2024-06-13 14:25:00,1508.05,1510.0,1508.05,1510.0,90
2024-06-13 14:26:00,1510.0,1510.0,1510.0,1510.0,0
2024-06-13 14:27:00,1510.0,1510.0,1510.0,1510.0,0
2024-06-13 14:28:00,1510.0,1510.0,1510.0,1510.0,0
2024-06-13 14:29:00,1510.0,1510.0,1510.0,1510.0,0
2024-06-13 14:30:00,1510.0,1510.0,1508.0,1508.0,201
2024-06-13 14:31:00,1508.0,1508.75,1508.0,1508.75,11
2024-06-13 14:32:00,1508.75,1508.75,1508.75,1508.75,5
2024-06-13 14:33:00,1508.75,1508.75,1508.75,1508.75,0
2024-06-13 14:34:00,1508.75,1511.15,1508.75,1509.2,239
2024-06-13 14:35:00,1509.2,1509.2,1508.45,1508.45,7
2024-06-13 14:36:00,1508.45,1508.45,1508.0,1508.0,298
2024-06-13 14:37:00,1508.0,1509.8,1508.0,1509.8,30
2024-06-13 14:38:00,1509.8,1509.8,1508.1,1508.1,5
2024-06-13 14:39:00,1508.1,1508.55,1507.4,1508.55,198
2024-06-13 14:40:00,1508.55,1508.55,1507.15,1507.15,14
2024-06-13 14:41:00,1507.15,1508.15,1507.15,1508.15,13
2024-06-13 14:42:00,1508.15,1508.15,1506.75,1507.3,11
2024-06-13 14:43:00,1507.3,1507.3,1505.05,1505.05,18
2024-06-13 14:44:00,1505.05,1505.2,1505.05,1505.2,3
2024-06-13 14:45:00,1505.95,1505.95,1505.95,1505.95,14
2024-06-13 14:46:00,1505.95,1505.95,1505.95,1505.95,0
2024-06-13 14:47:00,1505.95,1507.35,1505.95,1507.35,5
2024-06-13 14:48:00,1507.35,1507.35,1507.35,1507.35,0
2024-06-13 14:49:00,1507.35,1507.35,1507.15,1507.15,16
2024-06-13 14:50:00,1507.15,1507.15,1507.15,1507.15,0
2024-06-13 14:51:00,1507.15,1507.15,1507.15,1507.15,0
2024-06-13 14:52:00,1505.7,1508.0,1505.7,1508.0,9
2024-06-13 14:53:00,1508.0,1508.0,1507.4,1507.4,189
2024-06-13 14:54:00,1507.4,1507.45,1507.4,1507.45,10
2024-06-13 14:55:00,1507.45,1507.45,1507.45,1507.45,15
2024-06-13 14:56:00,1507.45,1507.45,1507.0,1507.0,3
2024-06-13 14:57:00,1507.0,1507.95,1507.0,1507.95,4
2024-06-13 14:58:00,1507.95,1507.95,1507.95,1507.95,0
2024-06-13 14:59:00,1507.95,1507.95,1507.95,1507.95,0
2024-06-13 15:00:00,1506.7,1508.3,1506.7,1508.25,41
2024-06-13 15:01:00,1508.25,1508.45,1507.15,1507.15,19
2024-06-13 15:02:00,1507.15,1509.95,1507.15,1509.85,344
2024-06-13 15:03:00,1508.25,1510.0,1507.8,1510.0,182
2024-06-13 15:04:00,1510.0,1510.0,1508.25,1510.0,28
2024-06-13 15:05:00,1510.0,1510.0,1509.95,1510.0,56
2024-06-13 15:06:00,1510.0,1510.0,1507.05,1507.05,24
2024-06-13 15:07:00,1509.0,1509.0,1509.0,1509.0,66
2024-06-13 15:08:00,1509.0,1509.0,1506.8,1506.8,15
2024-06-13 15:09:00,1506.8,1508.9,1506.8,1508.9,40
2024-06-13 15:10:00,1508.9,1508.9,1507.4,1508.9,59
2024-06-13 15:11:00,1508.9,1509.0,1507.2,1508.6,125
2024-06-13 15:12:00,1508.6,1508.6,1508.6,1508.6,43
2024-06-13 15:13:00,1508.6,1508.6,1508.6,1508.6,24
2024-06-13 15:14:00,1508.6,1508.6,1506.95,1508.6,69
2024-06-13 15:15:00,1508.6,1508.9,1508.6,1508.9,39
2024-06-13 15:16:00,1508.9,1508.9,1508.0,1508.0,25
2024-06-13 15:17:00,1508.0,1509.95,1508.0,1509.95,87
2024-06-13 15:18:00,1510.0,1510.0,1508.15,1508.3,326
2024-06-13 15:19:00,1509.4,1509.4,1509.4,1509.4,23
2024-06-13 15:20:00,1509.4,1509.4,1507.35,1507.85,202
2024-06-13 15:21:00,1506.9,1509.0,1506.9,1509.0,207
2024-06-13 15:22:00,1509.0,1509.0,1508.95,1508.95,73
2024-06-13 15:23:00,1508.95,1509.0,1508.95,1509.0,151
2024-06-13 15:24:00,1509.0,1509.3,1508.75,1509.3,37
2024-06-13 15:25:00,1509.3,1511.6,1509.3,1510.0,395
2024-06-13 15:26:00,1509.3,1510.2,1509.3,1510.2,72
2024-06-13 15:27:00,1511.0,1511.65,1511.0,1511.65,96
2024-06-13 15:28:00,1511.65,1511.65,1507.85,1507.85,68
2024-06-13 15:29:00,1509.2,1511.65,1505.0,1511.65,1183
2024-06-14 09:15:00,1510.5,1512.95,1496.2,1508.2,535
2024-06-14 09:16:00,1508.2,1508.95,1503.0,1505.7,352
2024-06-14 09:17:00,1505.7,1506.75,1505.7,1506.75,0
2024-06-14 09:18:00,1506.75,1514.95,1506.75,1508.4,530
2024-06-14 09:19:00,1508.4,1508.4,1508.4,1508.4,33
2024-06-14 09:20:00,1508.4,1508.4,1507.5,1507.5,13
2024-06-14 09:21:00,1507.5,1507.5,1504.15,1506.5,27
2024-06-14 09:22:00,1506.5,1506.5,1506.5,1506.5,0
2024-06-14 09:23:00,1506.5,1506.5,1506.5,1506.5,0
2024-06-14 09:24:00,1506.5,1506.5,1506.5,1506.5,4
2024-06-14 09:25:00,1506.5,1506.5,1505.4,1505.4,6
2024-06-14 09:26:00,1507.75,1507.75,1504.95,1504.95,62
2024-06-14 09:27:00,1504.95,1504.95,1504.15,1504.15,44
2024-06-14 09:28:00,1504.15,1504.15,1503.85,1504.0,28
2024-06-14 09:29:00,1504.0,1504.0,1504.0,1504.0,0
2024-06-14 09:30:00,1504.0,1508.6,1504.0,1506.35,25
2024-06-14 09:31:00,1506.35,1510.9,1506.35,1508.1,101
2024-06-14 09:32:00,1508.1,1508.1,1508.1,1508.1,0
2024-06-14 09:33:00,1508.1,1508.1,1504.05,1504.05,98
2024-06-14 09:34:00,1504.05,1504.05,1504.05,1504.05,0
2024-06-14 09:35:00,1504.05,1506.95,1504.05,1505.15,62
2024-06-14 09:36:00,1505.15,1505.15,1505.15,1505.15,0
2024-06-14 09:37:00,1505.15,1510.0,1505.15,1510.0,75
2024-06-14 09:38:00,1510.0,1510.6,1506.95,1506.95,64
2024-06-14 09:39:00,1506.95,1506.95,1502.1,1502.1,213
2024-06-14 09:40:00,1500.05,1503.5,1500.05,1503.5,231
2024-06-14 09:41:00,1503.5,1506.75,1503.5,1506.75,140
2024-06-14 09:42:00,1506.75,1509.95,1506.05,1506.05,95
2024-06-14 09:43:00,1506.05,1506.05,1502.05,1502.05,206
2024-06-14 09:44:00,1502.05,1502.05,1502.05,1502.05,0
2024-06-14 09:45:00,1501.1,1501.1,1501.0,1501.0,26
2024-06-14 09:46:00,1501.0,1505.65,1501.0,1505.65,256
2024-06-14 09:47:00,1505.65,1505.65,1503.85,1503.85,25
2024-06-14 09:48:00,1503.85,1503.95,1503.85,1503.95,1
2024-06-14 09:49:00,1503.95,1505.5,1502.05,1505.5,215
2024-06-14 09:50:00,1505.5,1505.5,1505.45,1505.45,1
2024-06-14 09:51:00,1505.45,1505.45,1505.45,1505.45,0
2024-06-14 09:52:00,1505.7,1505.7,1505.7,1505.7,1
2024-06-14 09:53:00,1505.7,1505.7,1505.7,1505.7,0
2024-06-14 09:54:00,1505.7,1506.95,1505.7,1506.95,1
2024-06-14 09:55:00,1506.95,1506.95,1505.0,1505.0,11
2024-06-14 09:56:00,1505.0,1505.0,1505.0,1505.0,6
2024-06-14 09:57:00,1505.0,1505.0,1505.0,1505.0,0
2024-06-14 09:58:00,1505.0,1506.8,1503.05,1505.0,159
2024-06-14 09:59:00,1505.0,1505.0,1502.9,1502.9,4
2024-06-14 10:00:00,1502.9,1502.9,1502.55,1502.55,10
2024-06-14 10:01:00,1502.55,1504.9,1502.55,1504.9,7
2024-06-14 10:02:00,1504.9,1504.9,1504.9,1504.9,0
2024-06-14 10:03:00,1504.9,1504.9,1504.9,1504.9,0
2024-06-14 10:04:00,1502.95,1504.65,1502.95,1504.65,15
2024-06-14 10:05:00,1504.65,1504.65,1504.65,1504.65,0
2024-06-14 10:06:00,1504.65,1504.65,1502.9,1504.6,18
2024-06-14 10:07:00,1504.6,1504.65,1504.6,1504.65,17
2024-06-14 10:08:00,1504.65,1504.65,1504.65,1504.65,0
2024-06-14 10:09:00,1504.65,1505.0,1504.65,1505.0,5
2024-06-14 10:10:00,1505.0,1505.0,1505.0,1505.0,0
2024-06-14 10:11:00,1505.0,1505.0,1505.0,1505.0,0
2024-06-14 10:12:00,1505.0,1505.0,1505.0,1505.0,25
2024-06-14 10:13:00,1505.0,1505.0,1502.9,1505.0,30
2024-06-14 10:14:00,1505.0,1505.0,1502.9,1502.9,10
2024-06-14 10:15:00,1502.9,1502.9,1502.9,1502.9,0
2024-06-14 10:16:00,1502.9,1505.0,1502.9,1505.0,8
2024-06-14 10:17:00,1505.0,1505.0,1505.0,1505.0,0
2024-06-14 10:18:00,1505.0,1505.0,1505.0,1505.0,7
2024-06-14 10:19:00,1505.0,1505.0,1503.1,1504.95,14
2024-06-14 10:20:00,1504.95,1504.95,1501.55,1501.6,88
2024-06-14 10:21:00,1501.6,1503.95,1501.6,1503.95,15
2024-06-14 10:22:00,1503.95,1503.95,1503.95,1503.95,0
2024-06-14 10:23:00,1503.95,1503.95,1503.95,1503.95,0
2024-06-14 10:24:00,1503.95,1503.95,1501.1,1501.1,24
2024-06-14 10:25:00,1501.1,1501.15,1501.0,1501.0,148
2024-06-14 10:26:00,1501.0,1501.0,1500.7,1500.7,12
2024-06-14 10:27:00,1500.7,1500.7,1500.7,1500.7,0
2024-06-14 10:28:00,1500.7,1500.7,1500.7,1500.7,0
2024-06-14 10:29:00,1500.7,1500.7,1500.7,1500.7,0
2024-06-14 10:30:00,1500.7,1502.7,1500.7,1502.7,10
2024-06-14 10:31:00,1502.7,1502.7,1500.7,1500.7,18
2024-06-14 10:32:00,1500.7,1502.6,1500.7,1502.6,4
2024-06-14 10:33:00,1502.6,1502.6,1502.6,1502.6,0
2024-06-14 10:34:00,1502.6,1502.6,1500.7,1500.7,12
2024-06-14 10:35:00,1500.7,1500.7,1500.7,1500.7,0
2024-06-14 10:36:00,1500.7,1502.3,1500.7,1502.3,4
2024-06-14 10:37:00,1502.3,1502.3,1500.7,1500.7,32
2024-06-14 10:38:00,1500.7,1502.3,1500.7,1502.3,3
2024-06-14 10:39:00,1502.3,1502.3,1502.3,1502.3,0
2024-06-14 10:40:00,1502.3,1502.3,1502.3,1502.3,20
2024-06-14 10:41:00,1502.3,1502.95,1502.0,1502.95,44
2024-06-14 10:42:00,1502.95,1504.85,1502.95,1504.85,6
2024-06-14 10:43:00,1504.85,1504.85,1501.05,1501.05,105
2024-06-14 10:44:00,1501.05,1503.6,1501.05,1503.6,15
2024-06-14 10:45:00,1503.6,1503.6,1503.6,1503.6,0
2024-06-14 10:46:00,1503.6,1503.6,1500.2,1500.2,54
2024-06-14 10:47:00,1500.2,1500.2,1500.2,1500.2,0
2024-06-14 10:48:00,1500.2,1500.2,1500.2,1500.2,0
2024-06-14 10:49:00,1500.2,1500.2,1500.2,1500.2,0
2024-06-14 10:50:00,1500.2,1500.2,1500.2,1500.2,0
2024-06-14 10:51:00,1500.2,1500.95,1500.2,1500.95,1
2024-06-14 10:52:00,1500.95,1502.5,1500.95,1502.5,32
2024-06-14 10:53:00,1502.5,1503.2,1500.0,1503.2,563
2024-06-14 10:54:00,1503.2,1503.2,1503.2,1503.2,0
2024-06-14 10:55:00,1503.2,1503.2,1503.2,1503.2,0
2024-06-14 10:56:00,1500.7,1502.35,1500.0,1500.0,276
2024-06-14 10:57:00,1500.0,1500.0,1500.0,1500.0,25
2024-06-14 10:58:00,1500.0,1500.0,1500.0,1500.0,10
2024-06-14 10:59:00,1500.0,1500.05,1500.0,1500.05,2
2024-06-14 11:00:00,1500.05,1501.95,1500.0,1500.0,20
2024-06-14 11:01:00,1500.0,1501.95,1500.0,1501.95,4
2024-06-14 11:02:00,1501.95,1502.0,1500.05,1500.05,19
2024-06-14 11:03:00,1500.05,1502.0,1500.05,1502.0,20
2024-06-14 11:04:00,1502.0,1503.25,1502.0,1502.0,90
2024-06-14 11:05:00,1502.0,1503.9,1501.7,1501.7,5
2024-06-14 11:06:00,1501.7,1501.7,1501.7,1501.7,25
2024-06-14 11:07:00,1501.7,1502.45,1500.7,1502.45,21
2024-06-14 11:08:00,1502.45,1502.45,1500.0,1500.0,100
2024-06-14 11:09:00,1501.8,1501.8,1501.8,1501.8,5
2024-06-14 11:10:00,1501.8,1501.8,1501.8,1501.8,30
2024-06-14 11:11:00,1501.8,1502.35,1501.8,1502.35,11
2024-06-14 11:12:00,1500.0,1502.1,1500.0,1502.1,102
2024-06-14 11:13:00,1502.1,1502.1,1502.0,1502.0,8
2024-06-14 11:14:00,1500.0,1500.0,1500.0,1500.0,603
2024-06-14 11:15:00,1500.0,1500.0,1500.0,1500.0,0
2024-06-14 11:16:00,1500.0,1502.05,1500.0,1502.05,6
2024-06-14 11:17:00,1502.05,1502.05,1502.05,1502.05,0
2024-06-14 11:18:00,1502.05,1502.1,1502.05,1502.1,1
2024-06-14 11:19:00,1502.1,1502.1,1502.1,1502.1,9
2024-06-14 11:20:00,1502.8,1502.8,1500.9,1500.9,15
2024-06-14 11:21:00,1500.9,1502.85,1500.9,1502.85,2
2024-06-14 11:22:00,1502.85,1502.9,1502.85,1502.9,4
2024-06-14 11:23:00,1502.9,1502.9,1502.9,1502.9,0
2024-06-14 11:24:00,1502.9,1502.9,1500.55,1500.55,7
2024-06-14 11:25:00,1500.55,1500.55,1500.55,1500.55,0
2024-06-14 11:26:00,1500.0,1501.75,1500.0,1501.75,89
2024-06-14 11:27:00,1501.75,1501.75,1501.75,1501.75,0
2024-06-14 11:28:00,1501.75,1502.1,1501.75,1502.1,4
2024-06-14 11:29:00,1502.1,1502.1,1502.1,1502.1,0
2024-06-14 11:30:00,1502.1,1502.1,1500.0,1500.0,22
2024-06-14 11:31:00,1500.0,1500.0,1500.0,1500.0,25
2024-06-14 11:32:00,1500.0,1500.0,1500.0,1500.0,25
2024-06-14 11:33:00,1500.0,1500.0,1500.0,1500.0,0
2024-06-14 11:34:00,1500.0,1500.0,1500.0,1500.0,0
2024-06-14 11:36:00,1500.0,1500.0,1500.0,1500.0,0
2024-06-14 11:37:00,1500.0,1500.0,1500.0,1500.0,0
2024-06-14 11:38:00,1500.0,1500.0,1500.0,1500.0,1
2024-06-14 11:39:00,1500.0,1501.9,1500.0,1501.9,26
2024-06-14 11:40:00,1501.9,1501.9,1501.9,1501.9,0
2024-06-14 11:41:00,1501.85,1501.85,1501.85,1501.85,2
2024-06-14 11:42:00,1502.0,1502.0,1501.0,1501.0,49
2024-06-14 11:43:00,1501.0,1501.0,1501.0,1501.0,0
2024-06-14 11:44:00,1501.0,1502.0,1501.0,1502.0,2
2024-06-14 11:45:00,1502.0,1502.0,1502.0,1502.0,1
2024-06-14 11:46:00,1502.0,1502.0,1502.0,1502.0,0
2024-06-14 11:47:00,1501.0,1501.0,1500.0,1500.0,661
2024-06-14 11:48:00,1500.0,1500.0,1500.0,1500.0,27
2024-06-14 11:49:00,1500.0,1501.6,1500.0,1501.6,2
2024-06-14 11:50:00,1501.6,1501.6,1500.0,1501.55,16
2024-06-14 11:51:00,1501.55,1501.55,1501.55,1501.55,0
2024-06-14 11:52:00,1501.55,1502.9,1501.55,1502.9,119
2024-06-14 11:53:00,1502.9,1502.9,1500.25,1500.25,8
2024-06-14 11:54:00,1500.25,1500.25,1500.25,1500.25,0
2024-06-14 11:55:00,1500.25,1502.5,1500.25,1502.5,1
2024-06-14 11:56:00,1502.5,1502.5,1502.5,1502.5,0
2024-06-14 11:57:00,1502.5,1502.5,1502.5,1502.5,0
2024-06-14 11:58:00,1502.5,1502.5,1502.5,1502.5,2
2024-06-14 11:59:00,1502.5,1502.5,1502.5,1502.5,0
2024-06-14 12:00:00,1502.5,1502.5,1502.5,1502.5,0
2024-06-14 12:01:00,1502.5,1502.5,1502.5,1502.5,0
2024-06-14 12:02:00,1502.5,1502.5,1502.5,1502.5,0
2024-06-14 12:03:00,1502.5,1502.5,1502.5,1502.5,0
2024-06-14 12:04:00,1502.5,1502.5,1502.5,1502.5,0
2024-06-14 12:05:00,1502.5,1502.85,1501.35,1501.35,30
2024-06-14 12:06:00,1501.35,1501.35,1501.35,1501.35,0
2024-06-14 12:07:00,1501.35,1501.35,1501.35,1501.35,0
2024-06-14 12:08:00,1501.35,1501.35,1501.35,1501.35,0
2024-06-14 12:09:00,1501.35,1502.85,1501.2,1501.2,23
2024-06-14 12:10:00,1501.2,1501.2,1501.2,1501.2,0
2024-06-14 12:11:00,1501.2,1501.2,1501.2,1501.2,0
2024-06-14 12:12:00,1501.2,1501.2,1501.2,1501.2,0
2024-06-14 12:13:00,1501.2,1501.2,1501.2,1501.2,0
2024-06-14 12:14:00,1501.2,1501.2,1501.2,1501.2,0
2024-06-14 12:15:00,1501.2,1501.2,1501.2,1501.2,0
2024-06-14 12:16:00,1501.2,1501.2,1501.2,1501.2,0
2024-06-14 12:17:00,1501.2,1501.2,1501.2,1501.2,0
2024-06-14 12:18:00,1501.2,1501.2,1501.2,1501.2,0
2024-06-14 12:19:00,1501.2,1501.2,1500.4,1500.4,10
2024-06-14 12:20:00,1500.4,1500.4,1500.4,1500.4,0
2024-06-14 12:21:00,1500.4,1500.4,1500.0,1500.0,102
2024-06-14 12:22:00,1500.0,1500.0,1500.0,1500.0,0
2024-06-14 12:23:00,1500.0,1501.6,1500.0,1501.6,6
2024-06-14 12:24:00,1501.6,1501.6,1501.6,1501.6,0
2024-06-14 12:25:00,1501.6,1501.6,1501.6,1501.6,0
2024-06-14 12:27:00,1500.0,1501.65,1500.0,1501.65,42
2024-06-14 12:28:00,1501.65,1501.65,1501.65,1501.65,0
2024-06-14 12:29:00,1501.65,1501.65,1501.65,1501.65,0
2024-06-14 12:30:00,1501.65,1501.65,1501.65,1501.65,0
2024-06-14 12:31:00,1501.65,1501.65,1500.0,1500.0,85
2024-06-14 12:32:00,1501.8,1501.8,1501.8,1501.8,51
2024-06-14 12:33:00,1501.8,1501.8,1501.8,1501.8,0
2024-06-14 12:34:00,1501.8,1501.8,1501.8,1501.8,0
2024-06-14 12:35:00,1501.8,1501.8,1501.8,1501.8,0
2024-06-14 12:36:00,1501.8,1501.8,1501.8,1501.8,0
2024-06-14 12:37:00,1501.8,1501.8,1501.8,1501.8,0
2024-06-14 12:38:00,1501.8,1501.8,1500.05,1500.05,5
2024-06-14 12:39:00,1500.05,1500.05,1500.0,1500.0,5
2024-06-14 12:41:00,1500.0,1500.0,1500.0,1500.0,14
2024-06-14 12:42:00,1500.0,1500.0,1500.0,1500.0,0
2024-06-14 12:44:00,1500.0,1500.0,1500.0,1500.0,0
2024-06-14 12:45:00,1500.0,1500.0,1500.0,1500.0,0
2024-06-14 12:46:00,1502.15,1502.15,1502.15,1502.15,32
2024-06-14 12:47:00,1500.05,1500.05,1500.05,1500.05,2
2024-06-14 12:48:00,1500.05,1501.95,1500.05,1500.05,19
2024-06-14 12:49:00,1500.05,1500.05,1500.0,1500.0,0
2024-06-14 12:50:00,1500.0,1500.0,1500.0,1500.0,15
2024-06-14 12:51:00,1500.0,1500.0,1500.0,1500.0,0
2024-06-14 12:52:00,1500.0,1500.0,1500.0,1500.0,0
2024-06-14 12:53:00,1500.0,1500.0,1500.0,1500.0,0
2024-06-14 12:54:00,1500.0,1502.15,1500.0,1502.15,20
2024-06-14 12:55:00,1502.15,1502.15,1502.15,1502.15,0
2024-06-14 12:56:00,1502.15,1502.15,1500.35,1500.35,11
2024-06-14 12:57:00,1500.35,1500.35,1500.0,1500.0,0
2024-06-14 12:58:00,1500.0,1501.7,1500.0,1501.65,133
2024-06-14 12:59:00,1501.65,1501.65,1501.65,1501.65,2
2024-06-14 13:00:00,1501.65,1501.75,1501.65,1501.75,3
2024-06-14 13:01:00,1501.75,1501.75,1501.75,1501.75,2
2024-06-14 13:02:00,1501.75,1501.75,1501.7,1501.7,2
2024-06-14 13:03:00,1501.7,1501.7,1501.7,1501.7,0
2024-06-14 13:04:00,1501.7,1501.7,1501.7,1501.7,0
2024-06-14 13:05:00,1501.7,1501.7,1501.7,1501.7,0
2024-06-14 13:06:00,1501.7,1501.7,1500.0,1500.0,28
2024-06-14 13:07:00,1500.0,1500.0,1500.0,1500.0,1
2024-06-14 13:08:00,1500.0,1500.0,1500.0,1500.0,0
2024-06-14 13:09:00,1500.0,1500.0,1500.0,1500.0,0
2024-06-14 13:10:00,1500.0,1501.55,1500.0,1501.5,13
2024-06-14 13:11:00,1501.5,1501.5,1500.0,1500.0,19
2024-06-14 13:12:00,1500.0,1501.7,1500.0,1501.7,3
2024-06-14 13:13:00,1501.7,1501.7,1500.05,1500.05,7
2024-06-14 13:14:00,1500.05,1502.4,1500.0,1500.85,154
2024-06-14 13:15:00,1500.85,1501.5,1500.0,1501.5,214
2024-06-14 13:16:00,1501.5,1501.5,1501.5,1501.5,0
2024-06-14 13:17:00,1501.5,1501.7,1501.5,1501.7,15
2024-06-14 13:18:00,1501.7,1501.7,1500.0,1500.0,2
2024-06-14 13:19:00,1500.0,1500.0,1500.0,1500.0,0
2024-06-14 13:20:00,1500.0,1500.0,1500.0,1500.0,50
2024-06-14 13:21:00,1500.0,1500.0,1500.0,1500.0,41
2024-06-14 13:22:00,1500.0,1500.0,1500.0,1500.0,1
2024-06-14 13:24:00,1501.8,1502.95,1501.8,1502.5,103
2024-06-14 13:25:00,1502.5,1502.5,1502.5,1502.5,10
2024-06-14 13:26:00,1502.5,1502.95,1502.5,1502.95,10
2024-06-14 13:27:00,1502.95,1502.95,1502.95,1502.95,0
2024-06-14 13:28:00,1502.95,1502.95,1501.45,1501.45,2
2024-06-14 13:29:00,1501.45,1501.5,1500.7,1500.7,54
2024-06-14 13:30:00,1500.7,1500.7,1500.0,1500.0,30
2024-06-14 13:32:00,1500.0,1500.0,1500.0,1500.0,0
2024-06-14 13:33:00,1500.0,1501.8,1500.0,1501.8,162
2024-06-14 13:34:00,1501.8,1501.8,1500.0,1500.0,9
2024-06-14 13:35:00,1500.0,1500.0,1500.0,1500.0,0
2024-06-14 13:36:00,1500.0,1500.0,1500.0,1500.0,0
2024-06-14 13:37:00,1500.0,1501.3,1500.0,1501.3,223
2024-06-14 13:38:00,1501.3,1501.3,1501.3,1501.3,2
2024-06-14 13:39:00,1501.3,1501.3,1501.3,1501.3,0
2024-06-14 13:40:00,1501.3,1502.95,1500.15,1502.95,282
2024-06-14 13:41:00,1502.95,1502.95,1502.45,1502.45,21
2024-06-14 13:42:00,1502.45,1502.45,1502.45,1502.45,2
2024-06-14 13:43:00,1502.45,1502.45,1502.45,1502.45,0
2024-06-14 13:44:00,1502.35,1502.35,1502.35,1502.35,2
2024-06-14 13:45:00,1502.35,1502.35,1502.35,1502.35,1
2024-06-14 13:46:00,1502.35,1502.95,1500.3,1502.5,25
2024-06-14 13:47:00,1502.5,1502.65,1501.4,1502.5,29
2024-06-14 13:48:00,1502.5,1502.5,1502.5,1502.5,0
2024-06-14 13:49:00,1502.5,1502.5,1502.0,1502.0,7
2024-06-14 13:50:00,1502.0,1502.0,1501.3,1501.3,2
2024-06-14 13:51:00,1501.3,1501.3,1501.25,1501.25,1
2024-06-14 13:52:00,1501.25,1501.25,1501.25,1501.25,0
2024-06-14 13:53:00,1501.25,1501.25,1501.25,1501.25,2
2024-06-14 13:54:00,1501.25,1501.25,1500.6,1500.6,22
2024-06-14 13:55:00,1500.6,1501.7,1500.55,1501.7,42
2024-06-14 13:56:00,1501.7,1502.85,1501.7,1502.85,1
2024-06-14 13:57:00,1502.85,1503.0,1502.5,1502.5,22
2024-06-14 13:58:00,1502.5,1503.4,1502.15,1502.15,88
2024-06-14 13:59:00,1502.15,1503.4,1502.1,1503.4,13
2024-06-14 14:00:00,1503.4,1503.4,1503.4,1503.4,1
2024-06-14 14:01:00,1503.4,1503.4,1503.4,1503.4,1
2024-06-14 14:02:00,1503.4,1503.4,1502.1,1502.5,13
2024-06-14 14:03:00,1502.5,1502.5,1500.35,1502.05,14
2024-06-14 14:04:00,1502.05,1502.05,1502.05,1502.05,0
2024-06-14 14:05:00,1502.05,1502.05,1502.05,1502.05,1
2024-06-14 14:06:00,1502.05,1502.05,1500.2,1500.2,8
2024-06-14 14:07:00,1500.2,1501.5,1500.2,1501.5,2
2024-06-14 14:08:00,1501.5,1501.5,1501.5,1501.5,0
2024-06-14 14:09:00,1501.45,1501.45,1501.45,1501.45,1
2024-06-14 14:10:00,1502.05,1502.05,1501.55,1501.55,3
2024-06-14 14:11:00,1502.05,1502.05,1502.05,1502.05,1
2024-06-14 14:12:00,1502.05,1502.05,1502.05,1502.05,0
2024-06-14 14:13:00,1502.05,1502.9,1501.0,1501.9,7
2024-06-14 14:14:00,1501.9,1502.8,1501.9,1502.8,1
2024-06-14 14:15:00,1502.8,1502.8,1502.75,1502.75,1
2024-06-14 14:16:00,1502.75,1502.8,1501.0,1502.6,5
2024-06-14 14:17:00,1502.6,1502.6,1502.6,1502.6,0
2024-06-14 14:18:00,1502.7,1502.7,1502.65,1502.65,4
2024-06-14 14:19:00,1502.65,1502.65,1502.65,1502.65,1
2024-06-14 14:20:00,1502.8,1503.45,1502.8,1503.45,2
2024-06-14 14:21:00,1503.45,1503.45,1503.45,1503.45,0
2024-06-14 14:22:00,1503.45,1503.45,1503.4,1503.4,203
2024-06-14 14:23:00,1503.4,1504.4,1503.0,1504.35,80
2024-06-14 14:24:00,1504.35,1504.35,1503.0,1504.0,17
2024-06-14 14:25:00,1504.0,1505.0,1503.05,1503.05,32
2024-06-14 14:26:00,1503.05,1504.35,1503.05,1504.35,3
2024-06-14 14:27:00,1504.35,1504.35,1502.65,1502.65,4
2024-06-14 14:28:00,1502.65,1502.65,1501.65,1501.65,0
2024-06-14 14:29:00,1501.65,1505.0,1501.65,1504.7,96
2024-06-14 14:30:00,1504.7,1504.7,1502.05,1502.05,52
2024-06-14 14:31:00,1502.05,1505.0,1502.05,1504.35,215
2024-06-14 14:32:00,1505.0,1508.9,1505.0,1508.9,1170
2024-06-14 14:33:00,1508.9,1508.9,1507.0,1507.0,40
2024-06-14 14:34:00,1507.0,1507.0,1507.0,1507.0,0
2024-06-14 14:35:00,1507.0,1507.0,1507.0,1507.0,0
2024-06-14 14:36:00,1507.0,1507.0,1507.0,1507.0,1
2024-06-14 14:37:00,1505.7,1505.7,1505.7,1505.7,12
2024-06-14 14:38:00,1505.7,1505.7,1505.7,1505.7,0
2024-06-14 14:39:00,1505.7,1505.7,1505.7,1505.7,0
2024-06-14 14:40:00,1507.0,1507.0,1507.0,1507.0,1
2024-06-14 14:41:00,1506.0,1506.0,1506.0,1506.0,1
2024-06-14 14:42:00,1506.0,1506.0,1505.8,1505.8,50
2024-06-14 14:43:00,1505.8,1506.45,1505.2,1506.45,2
2024-06-14 14:44:00,1506.45,1506.45,1506.45,1506.45,0
2024-06-14 14:45:00,1506.45,1506.45,1506.45,1506.45,0
2024-06-14 14:46:00,1505.05,1505.05,1505.0,1505.0,26
2024-06-14 14:47:00,1505.0,1505.0,1505.0,1505.0,0
2024-06-14 14:48:00,1505.0,1505.0,1505.0,1505.0,2
2024-06-14 14:49:00,1505.0,1505.0,1505.0,1505.0,0
2024-06-14 14:50:00,1505.25,1508.25,1505.25,1507.0,472
2024-06-14 14:51:00,1507.0,1507.0,1507.0,1507.0,0
2024-06-14 14:52:00,1507.0,1509.3,1507.0,1507.0,1177
2024-06-14 14:53:00,1507.0,1507.0,1507.0,1507.0,0
2024-06-14 14:54:00,1507.0,1507.0,1507.0,1507.0,0
2024-06-14 14:55:00,1507.0,1507.0,1507.0,1507.0,0
2024-06-14 14:56:00,1507.0,1508.0,1507.0,1508.0,7
2024-06-14 14:57:00,1507.05,1507.05,1507.0,1507.0,101
2024-06-14 14:58:00,1507.0,1509.2,1507.0,1507.05,45
2024-06-14 14:59:00,1507.05,1507.05,1507.0,1507.0,285
2024-06-14 15:00:00,1508.25,1508.25,1508.25,1508.25,1
2024-06-14 15:01:00,1508.25,1508.25,1507.0,1508.2,39
2024-06-14 15:02:00,1508.2,1508.2,1508.2,1508.2,2
2024-06-14 15:03:00,1508.2,1508.2,1508.2,1508.2,1
2024-06-14 15:04:00,1508.2,1508.2,1508.2,1508.2,1
2024-06-14 15:05:00,1508.25,1508.75,1508.25,1508.25,25
2024-06-14 15:06:00,1508.25,1508.95,1507.0,1508.65,260
2024-06-14 15:07:00,1508.65,1509.25,1508.65,1509.25,15
2024-06-14 15:08:00,1509.25,1509.25,1508.0,1508.2,8
2024-06-14 15:09:00,1508.35,1509.15,1508.35,1509.0,24
2024-06-14 15:10:00,1509.0,1509.0,1507.7,1507.7,155
2024-06-14 15:11:00,1508.85,1508.85,1507.9,1507.9,5
2024-06-14 15:12:00,1507.9,1508.85,1500.8,1503.25,793
2024-06-14 15:13:00,1503.9,1503.9,1503.9,1503.9,24
2024-06-14 15:14:00,1505.7,1505.85,1505.7,1505.85,5
2024-06-14 15:15:00,1505.85,1505.85,1492.7,1503.0,1339
2024-06-14 15:16:00,1503.65,1505.0,1503.65,1503.95,190
2024-06-14 15:17:00,1505.4,1505.4,1504.6,1504.6,7
2024-06-14 15:18:00,1502.95,1504.4,1501.45,1502.15,10
2024-06-14 15:19:00,1503.15,1503.15,1501.85,1502.95,339
2024-06-14 15:20:00,1502.7,1504.75,1500.25,1504.75,1338
2024-06-14 15:21:00,1504.75,1507.65,1504.75,1506.85,28
2024-06-14 15:22:00,1505.9,1505.9,1504.0,1504.0,586
2024-06-14 15:23:00,1504.35,1504.35,1504.0,1504.0,87
2024-06-14 15:24:00,1504.05,1505.0,1504.05,1505.0,275
2024-06-14 15:25:00,1507.1,1508.1,1507.1,1507.55,24
2024-06-14 15:26:00,1507.55,1507.55,1505.7,1505.7,55
2024-06-14 15:27:00,1505.7,1505.9,1505.0,1505.0,93
2024-06-14 15:28:00,1505.05,1508.25,1505.05,1507.75,669
2024-06-14 15:29:00,1507.75,1507.75,1507.75,1507.75,6
