date,open,high,low,close,volume
2024-04-29 09:15:00,578.95,580.0,574.05,578.2,5395
2024-04-29 09:16:00,578.05,579.2,575.55,577.0,3569
2024-04-29 09:17:00,577.0,577.0,574.8,576.85,2511
2024-04-29 09:18:00,576.85,577.0,576.0,576.55,1433
2024-04-29 09:19:00,576.0,576.75,575.0,576.75,1821
2024-04-29 09:20:00,576.55,577.2,576.05,576.5,712
2024-04-29 09:21:00,576.05,576.6,575.5,576.3,1107
2024-04-29 09:22:00,576.0,576.3,574.35,574.35,2686
2024-04-29 09:23:00,574.35,575.25,574.0,574.9,2199
2024-04-29 09:24:00,574.9,575.25,574.45,574.95,150
2024-04-29 09:25:00,575.25,575.3,574.75,574.75,481
2024-04-29 09:26:00,574.65,575.3,574.3,574.9,548
2024-04-29 09:27:00,574.9,574.9,574.05,574.9,652
2024-04-29 09:28:00,574.9,575.5,574.45,574.7,573
2024-04-29 09:29:00,575.25,575.6,574.65,574.9,1579
2024-04-29 09:30:00,574.5,575.8,572.85,575.75,5932
2024-04-29 09:31:00,575.2,575.75,574.85,575.05,731
2024-04-29 09:32:00,575.05,576.3,575.05,575.8,717
2024-04-29 09:33:00,575.8,577.0,575.8,577.0,1199
2024-04-29 09:34:00,577.1,577.9,576.6,577.5,1863
2024-04-29 09:35:00,577.0,577.5,576.3,576.3,1049
2024-04-29 09:36:00,576.9,576.95,575.95,575.95,175
2024-04-29 09:37:00,575.95,576.7,575.75,576.4,682
2024-04-29 09:38:00,576.4,576.75,574.65,575.55,1738
2024-04-29 09:39:00,575.55,575.55,574.8,575.15,282
2024-04-29 09:40:00,575.4,576.35,574.5,576.35,1347
2024-04-29 09:41:00,576.35,576.4,575.5,575.8,527
2024-04-29 09:42:00,576.4,576.5,575.75,576.3,251
2024-04-29 09:43:00,576.3,576.75,575.2,575.2,498
2024-04-29 09:44:00,575.05,575.95,575.0,575.7,235
2024-04-29 09:45:00,575.95,576.0,574.85,575.5,529
2024-04-29 09:46:00,575.5,575.5,574.0,574.0,463
2024-04-29 09:47:00,574.0,574.9,574.0,574.7,647
2024-04-29 09:48:00,574.7,574.8,574.0,574.65,975
2024-04-29 09:49:00,574.65,574.85,573.7,574.65,851
2024-04-29 09:50:00,573.7,574.75,573.65,574.55,522
2024-04-29 09:51:00,573.85,576.0,573.85,575.9,1570
2024-04-29 09:52:00,575.9,576.4,575.75,575.8,644
2024-04-29 09:53:00,575.8,576.25,575.1,576.25,751
2024-04-29 09:54:00,576.25,576.95,576.0,576.9,660
2024-04-29 09:55:00,575.9,576.95,575.8,576.95,562
2024-04-29 09:56:00,576.95,576.95,575.8,575.8,197
2024-04-29 09:57:00,575.8,576.3,575.55,575.55,141
2024-04-29 09:58:00,575.55,576.15,575.25,575.4,69
2024-04-29 09:59:00,575.4,576.15,575.05,576.0,101
2024-04-29 10:00:00,576.0,576.0,575.0,575.25,1221
2024-04-29 10:01:00,575.25,575.95,575.25,575.8,20
2024-04-29 10:02:00,575.45,575.8,575.35,575.8,112
2024-04-29 10:03:00,575.8,575.8,575.35,575.35,95
2024-04-29 10:04:00,575.35,575.8,574.8,575.6,700
2024-04-29 10:05:00,575.6,575.6,575.1,575.6,66
2024-04-29 10:06:00,575.6,575.6,574.85,575.6,99
2024-04-29 10:07:00,575.6,575.8,574.5,574.5,374
2024-04-29 10:08:00,575.1,575.5,574.5,575.5,224
2024-04-29 10:09:00,575.5,575.5,574.4,575.45,602
2024-04-29 10:10:00,574.85,575.4,574.75,575.35,106
2024-04-29 10:11:00,575.35,575.35,574.8,575.35,70
2024-04-29 10:12:00,574.8,575.5,574.8,574.85,120
2024-04-29 10:13:00,575.5,575.5,574.75,574.75,75
2024-04-29 10:14:00,574.75,575.4,574.4,574.95,308
2024-04-29 10:15:00,574.95,575.0,574.4,574.95,163
2024-04-29 10:16:00,574.45,575.0,574.45,574.75,131
2024-04-29 10:17:00,574.75,575.45,574.5,575.05,822
2024-04-29 10:18:00,575.0,575.0,574.35,574.4,576
2024-04-29 10:19:00,574.4,574.8,574.0,574.0,123
2024-04-29 10:20:00,574.0,574.1,573.2,574.1,686
2024-04-29 10:21:00,574.2,574.65,574.2,574.65,328
2024-04-29 10:22:00,574.65,574.75,574.1,574.2,207
2024-04-29 10:23:00,574.2,574.2,573.65,573.65,404
2024-04-29 10:24:00,574.3,575.0,573.8,574.95,378
2024-04-29 10:25:00,574.95,575.8,574.95,575.6,1453
2024-04-29 10:26:00,575.6,575.6,574.65,575.55,41
2024-04-29 10:27:00,575.55,575.6,574.55,575.25,416
2024-04-29 10:28:00,575.25,575.7,574.7,575.7,69
2024-04-29 10:29:00,575.7,575.7,575.0,575.7,61
2024-04-29 10:30:00,575.0,575.7,574.75,575.45,564
2024-04-29 10:31:00,575.45,575.6,574.55,575.15,355
2024-04-29 10:32:00,575.15,575.15,574.5,574.9,90
2024-04-29 10:33:00,574.5,575.65,574.5,575.2,481
2024-04-29 10:34:00,575.2,575.55,574.7,575.0,63
2024-04-29 10:35:00,575.0,575.0,574.7,574.7,125
2024-04-29 10:36:00,574.7,574.7,574.5,574.5,52
2024-04-29 10:37:00,574.5,574.5,574.0,574.5,394
2024-04-29 10:38:00,574.5,574.5,574.1,574.5,49
2024-04-29 10:39:00,574.5,574.5,574.1,574.45,91
2024-04-29 10:40:00,574.45,574.45,574.0,574.0,586
2024-04-29 10:41:00,574.0,574.4,574.0,574.4,66
2024-04-29 10:42:00,574.4,574.4,574.05,574.4,213
2024-04-29 10:43:00,574.4,574.4,574.05,574.05,115
2024-04-29 10:44:00,573.9,574.1,573.55,573.85,166
2024-04-29 10:45:00,573.85,574.4,573.7,573.85,222
2024-04-29 10:46:00,573.85,574.0,573.2,573.6,54
2024-04-29 10:47:00,573.6,573.85,573.2,573.75,104
2024-04-29 10:48:00,573.75,573.85,573.3,573.7,116
2024-04-29 10:49:00,573.35,573.85,573.1,573.85,595
2024-04-29 10:50:00,573.5,573.5,572.6,572.6,522
2024-04-29 10:51:00,572.55,572.8,572.05,572.55,198
2024-04-29 10:52:00,572.55,573.55,572.0,573.55,1633
2024-04-29 10:53:00,573.55,573.7,573.0,573.3,18
2024-04-29 10:54:00,573.9,573.95,573.2,573.35,239
2024-04-29 10:55:00,573.35,573.35,573.05,573.2,40
2024-04-29 10:56:00,573.2,573.35,573.0,573.05,68
2024-04-29 10:57:00,573.0,573.05,572.35,572.6,186
2024-04-29 10:58:00,572.6,573.05,572.25,572.7,104
2024-04-29 10:59:00,572.7,572.7,572.1,572.3,165
2024-04-29 11:00:00,572.6,572.6,572.3,572.55,195
2024-04-29 11:01:00,572.55,572.6,572.3,572.4,18
2024-04-29 11:02:00,572.4,572.6,572.4,572.6,36
2024-04-29 11:03:00,572.6,572.6,572.0,572.55,565
2024-04-29 11:04:00,572.15,572.6,572.15,572.6,236
2024-04-29 11:05:00,572.2,572.6,572.2,572.6,829
2024-04-29 11:06:00,572.6,573.15,572.6,573.15,114
2024-04-29 11:07:00,573.15,573.6,572.95,573.5,32
2024-04-29 11:08:00,573.5,573.55,573.0,573.55,32
2024-04-29 11:09:00,573.55,573.55,573.15,573.15,61
2024-04-29 11:10:00,572.9,573.3,572.75,573.3,183
2024-04-29 11:11:00,573.3,573.6,572.85,573.6,249
2024-04-29 11:12:00,573.6,573.9,573.05,573.9,110
2024-04-29 11:13:00,573.3,574.0,573.3,573.6,58
2024-04-29 11:14:00,573.6,573.65,573.55,573.65,3
2024-04-29 11:15:00,573.65,573.65,573.5,573.65,35
2024-04-29 11:16:00,573.65,573.65,573.3,573.6,1205
2024-04-29 11:17:00,573.6,573.65,573.25,573.3,48
2024-04-29 11:18:00,573.5,573.65,573.3,573.6,42
2024-04-29 11:19:00,573.6,573.6,572.8,572.8,42
2024-04-29 11:20:00,573.25,573.25,572.8,573.15,62
2024-04-29 11:21:00,573.15,573.15,572.75,573.0,75
2024-04-29 11:22:00,573.0,573.0,572.5,572.5,178
2024-04-29 11:23:00,572.5,572.95,572.5,572.95,112
2024-04-29 11:24:00,572.9,572.95,572.5,572.95,33
2024-04-29 11:25:00,572.95,572.95,572.55,572.9,36
2024-04-29 11:26:00,572.9,572.95,572.5,572.85,82
2024-04-29 11:27:00,572.85,572.85,572.5,572.8,63
2024-04-29 11:28:00,572.8,572.85,572.5,572.85,32
2024-04-29 11:29:00,572.85,572.95,572.55,572.55,121
2024-04-29 11:30:00,572.55,572.95,572.55,572.9,166
2024-04-29 11:31:00,572.9,572.95,572.65,572.75,58
2024-04-29 11:32:00,572.75,572.95,572.55,572.95,31
2024-04-29 11:33:00,572.85,572.95,572.5,572.85,80
2024-04-29 11:34:00,572.85,574.0,572.5,574.0,1804
2024-04-29 11:35:00,574.0,574.0,573.55,574.0,100
2024-04-29 11:36:00,574.0,574.0,573.8,574.0,100
2024-04-29 11:37:00,574.0,578.9,574.0,578.5,8225
2024-04-29 11:38:00,578.5,578.9,575.2,575.2,1566
2024-04-29 11:39:00,575.2,575.85,575.2,575.5,29
2024-04-29 11:40:00,575.5,576.0,575.5,576.0,1056
2024-04-29 11:41:00,576.0,576.0,574.9,575.6,1111
2024-04-29 11:42:00,575.6,575.6,574.8,574.9,270
2024-04-29 11:43:00,574.9,575.55,574.9,575.45,23
2024-04-29 11:44:00,575.45,575.55,574.8,574.8,824
2024-04-29 11:45:00,574.8,574.8,574.25,574.75,84
2024-04-29 11:46:00,574.75,574.8,574.2,574.25,529
2024-04-29 11:47:00,574.25,574.8,574.25,574.8,66
2024-04-29 11:48:00,574.8,574.8,574.25,574.3,78
2024-04-29 11:49:00,574.3,574.8,574.3,574.4,348
2024-04-29 11:50:00,574.4,574.85,574.4,574.8,57
2024-04-29 11:51:00,574.8,574.8,574.45,574.45,68
2024-04-29 11:52:00,574.45,574.8,574.45,574.8,24
2024-04-29 11:53:00,574.8,574.8,574.45,574.8,131
2024-04-29 11:54:00,574.8,574.8,574.45,574.5,146
2024-04-29 11:55:00,574.8,575.95,574.45,575.5,519
2024-04-29 11:56:00,575.5,575.95,574.6,574.6,95
2024-04-29 11:57:00,574.6,575.8,574.55,575.8,206
2024-04-29 11:58:00,575.75,575.9,575.15,575.85,32
2024-04-29 11:59:00,575.85,575.85,575.05,575.7,72
2024-04-29 12:00:00,575.7,575.7,575.15,575.15,39
2024-04-29 12:01:00,575.15,575.65,575.15,575.6,33
2024-04-29 12:02:00,575.6,575.6,575.0,575.45,118
2024-04-29 12:03:00,575.0,575.45,575.0,575.45,29
2024-04-29 12:04:00,575.45,575.45,575.0,575.0,216
2024-04-29 12:05:00,575.0,575.45,575.0,575.45,396
2024-04-29 12:06:00,575.45,575.45,574.45,574.85,779
2024-04-29 12:07:00,574.85,574.95,574.85,574.95,47
2024-04-29 12:08:00,574.95,574.95,574.85,574.95,52
2024-04-29 12:09:00,574.95,575.9,574.95,575.9,749
2024-04-29 12:10:00,575.9,575.9,575.3,575.9,34
2024-04-29 12:11:00,575.9,575.9,575.35,575.85,332
2024-04-29 12:12:00,575.85,575.85,575.35,575.35,7
2024-04-29 12:13:00,575.35,576.0,575.0,575.8,3178
2024-04-29 12:14:00,575.35,575.55,574.0,575.55,2530
2024-04-29 12:15:00,575.55,575.9,573.95,575.25,2786
2024-04-29 12:16:00,575.25,575.75,575.25,575.25,3
2024-04-29 12:17:00,575.25,575.75,573.6,573.65,2503
2024-04-29 12:18:00,573.65,574.45,573.65,574.45,73
2024-04-29 12:19:00,574.45,574.45,573.65,574.35,26
2024-04-29 12:20:00,574.35,574.4,573.7,573.7,24
2024-04-29 12:21:00,573.7,574.35,573.7,574.35,6
2024-04-29 12:22:00,574.35,574.35,573.7,574.35,42
2024-04-29 12:23:00,573.65,574.25,573.65,573.65,27
2024-04-29 12:24:00,573.65,574.25,573.65,573.65,16
2024-04-29 12:25:00,573.65,574.2,573.65,573.65,20
2024-04-29 12:26:00,573.65,574.15,573.65,574.1,73
2024-04-29 12:27:00,574.1,574.15,573.65,574.05,259
2024-04-29 12:28:00,574.05,574.2,574.0,574.2,504
2024-04-29 12:29:00,574.2,574.2,574.0,574.2,150
2024-04-29 12:30:00,574.2,574.5,574.0,574.5,126
2024-04-29 12:31:00,574.65,575.4,574.2,574.75,413
2024-04-29 12:32:00,574.75,575.55,574.75,574.8,65
2024-04-29 12:33:00,574.8,574.8,574.25,574.8,32
2024-04-29 12:34:00,574.25,574.8,574.25,574.8,55
2024-04-29 12:35:00,574.25,574.8,574.25,574.8,152
2024-04-29 12:36:00,574.8,574.95,574.25,574.95,112
2024-04-29 12:37:00,574.9,574.95,574.3,574.9,196
2024-04-29 12:38:00,574.9,577.0,574.35,577.0,2477
2024-04-29 12:39:00,577.0,577.8,576.95,577.65,1317
2024-04-29 12:40:00,577.35,577.75,577.05,577.1,78
2024-04-29 12:41:00,577.1,577.7,576.05,576.75,101
2024-04-29 12:42:00,576.75,576.95,576.15,576.85,565
2024-04-29 12:43:00,577.0,577.0,576.25,576.25,112
2024-04-29 12:44:00,576.25,576.8,575.55,576.0,1131
2024-04-29 12:45:00,576.0,576.8,576.0,576.8,53
2024-04-29 12:46:00,576.8,576.8,576.3,576.8,56
2024-04-29 12:47:00,576.8,576.8,576.15,576.15,228
2024-04-29 12:48:00,576.15,576.75,576.1,576.2,162
2024-04-29 12:49:00,576.2,576.4,576.15,576.15,5
2024-04-29 12:50:00,576.15,576.55,576.15,576.5,40
2024-04-29 12:51:00,576.5,576.5,576.15,576.5,71
2024-04-29 12:52:00,576.5,576.5,575.0,575.0,290
2024-04-29 12:53:00,575.0,575.7,575.0,575.7,70
2024-04-29 12:54:00,575.7,575.9,575.3,575.9,34
2024-04-29 12:55:00,575.9,575.9,575.05,575.05,15
2024-04-29 12:56:00,575.05,575.75,575.0,575.0,113
2024-04-29 12:57:00,575.0,575.5,574.35,574.35,264
2024-04-29 12:58:00,574.35,574.95,574.05,574.6,586
2024-04-29 12:59:00,574.6,574.8,574.05,574.8,134
2024-04-29 13:00:00,574.8,574.8,574.15,574.8,36
2024-04-29 13:01:00,574.8,574.8,574.25,574.8,6
2024-04-29 13:02:00,574.8,574.8,574.35,574.35,53
2024-04-29 13:03:00,574.35,574.8,574.35,574.8,12
2024-04-29 13:04:00,574.8,574.8,574.35,574.8,6
2024-04-29 13:05:00,574.8,574.85,574.4,574.4,131
2024-04-29 13:06:00,574.4,575.1,574.2,575.1,256
2024-04-29 13:07:00,575.1,575.6,574.5,575.6,107
2024-04-29 13:08:00,575.6,575.6,575.0,575.15,59
2024-04-29 13:09:00,575.15,575.75,574.6,575.75,921
2024-04-29 13:10:00,575.75,575.85,575.25,575.25,112
2024-04-29 13:11:00,575.25,575.85,575.25,575.85,12
2024-04-29 13:12:00,575.85,575.85,575.0,575.65,643
2024-04-29 13:13:00,575.65,576.0,575.5,575.55,30
2024-04-29 13:14:00,575.55,576.0,575.5,575.5,29
2024-04-29 13:15:00,575.6,575.8,575.0,575.5,333
2024-04-29 13:16:00,575.5,575.8,575.5,575.8,2
2024-04-29 13:17:00,575.45,575.8,575.2,575.8,29
2024-04-29 13:18:00,575.8,575.85,575.3,575.75,25
2024-04-29 13:19:00,575.75,575.95,575.1,575.8,32
2024-04-29 13:20:00,575.8,575.95,575.6,575.95,72
2024-04-29 13:21:00,575.95,575.95,575.8,575.95,8
2024-04-29 13:22:00,575.95,575.95,575.8,575.8,37
2024-04-29 13:23:00,575.8,575.95,575.8,575.8,55
2024-04-29 13:24:00,575.8,575.95,575.8,575.95,13
2024-04-29 13:25:00,575.8,575.95,575.55,575.55,87
2024-04-29 13:26:00,575.55,575.8,575.5,575.5,33
2024-04-29 13:27:00,575.5,575.5,574.2,575.15,552
2024-04-29 13:28:00,575.15,576.85,574.75,576.85,148
2024-04-29 13:29:00,576.85,576.85,575.7,575.7,1410
2024-04-29 13:30:00,575.7,576.2,575.7,575.9,71
2024-04-29 13:31:00,575.9,575.9,575.5,575.5,385
2024-04-29 13:32:00,575.5,576.1,575.5,576.1,90
2024-04-29 13:33:00,576.1,576.1,575.5,576.1,14
2024-04-29 13:34:00,576.1,576.1,575.55,575.55,33
2024-04-29 13:35:00,575.55,575.95,575.55,575.95,120
2024-04-29 13:36:00,575.95,575.95,575.5,575.5,29
2024-04-29 13:37:00,575.5,575.9,575.0,575.0,247
2024-04-29 13:38:00,575.0,575.35,575.0,575.0,39
2024-04-29 13:39:00,575.0,575.35,574.05,574.7,1519
2024-04-29 13:40:00,574.4,575.45,574.4,575.4,580
2024-04-29 13:41:00,575.4,575.55,574.9,575.55,4
2024-04-29 13:42:00,575.55,575.55,574.95,575.55,19
2024-04-29 13:43:00,575.55,575.55,575.1,575.5,3
2024-04-29 13:44:00,575.5,575.5,575.1,575.1,51
2024-04-29 13:45:00,575.1,575.45,575.1,575.1,67
2024-04-29 13:46:00,575.1,575.5,575.1,575.5,11
2024-04-29 13:47:00,575.5,575.5,575.1,575.45,14
2024-04-29 13:48:00,575.45,575.5,574.5,574.5,149
2024-04-29 13:49:00,574.5,574.95,574.1,574.8,654
2024-04-29 13:50:00,574.8,574.8,574.0,574.05,226
2024-04-29 13:51:00,574.05,574.65,574.0,574.6,128
2024-04-29 13:52:00,574.1,575.5,574.1,575.5,301
2024-04-29 13:53:00,575.5,575.65,575.15,575.65,61
2024-04-29 13:54:00,575.15,577.7,575.15,577.7,3260
2024-04-29 13:55:00,577.75,579.0,577.05,577.6,6666
2024-04-29 13:56:00,577.6,577.6,575.85,575.85,916
2024-04-29 13:57:00,575.85,577.75,575.55,577.75,664
2024-04-29 13:58:00,577.75,577.75,576.35,576.6,777
2024-04-29 13:59:00,576.6,577.1,575.9,575.9,644
2024-04-29 14:00:00,575.9,576.0,574.8,575.0,1989
2024-04-29 14:01:00,575.0,575.0,574.3,574.75,705
2024-04-29 14:02:00,574.25,574.85,574.2,574.35,49
2024-04-29 14:03:00,574.35,574.9,574.1,574.3,105
2024-04-29 14:04:00,574.3,574.75,574.3,574.7,47
2024-04-29 14:05:00,574.7,575.0,574.3,574.95,223
2024-04-29 14:06:00,574.95,574.95,574.3,574.3,364
2024-04-29 14:07:00,574.3,574.75,574.3,574.35,20
2024-04-29 14:08:00,574.35,574.7,574.0,574.5,374
2024-04-29 14:09:00,574.5,574.5,574.0,574.0,38
2024-04-29 14:10:00,574.0,574.0,573.5,573.9,1441
2024-04-29 14:11:00,573.9,574.05,573.7,574.05,4063
2024-04-29 14:12:00,574.0,574.05,574.0,574.05,62
2024-04-29 14:13:00,574.05,574.05,573.75,574.0,270
2024-04-29 14:14:00,574.05,574.05,573.85,573.85,559
2024-04-29 14:15:00,573.85,573.95,573.0,573.7,1086
2024-04-29 14:16:00,573.7,573.7,573.35,573.35,260
2024-04-29 14:17:00,573.35,574.8,573.35,574.8,1111
2024-04-29 14:18:00,574.35,574.9,574.3,574.35,110
2024-04-29 14:19:00,574.35,575.0,574.35,575.0,55
2024-04-29 14:20:00,575.0,575.0,574.15,574.15,172
2024-04-29 14:21:00,574.15,574.15,573.75,574.15,271
2024-04-29 14:22:00,574.15,574.15,573.9,573.9,278
2024-04-29 14:23:00,574.15,574.15,573.9,573.9,66
2024-04-29 14:24:00,573.9,573.95,573.35,573.65,1042
2024-04-29 14:25:00,573.65,573.65,573.4,573.65,73
2024-04-29 14:26:00,573.65,573.65,573.5,573.65,176
2024-04-29 14:27:00,573.5,573.75,572.75,572.75,1315
2024-04-29 14:28:00,572.75,573.0,571.05,571.05,5732
2024-04-29 14:29:00,571.05,571.15,570.75,571.0,1331
2024-04-29 14:30:00,571.0,572.05,570.75,572.05,3304
2024-04-29 14:31:00,572.3,572.55,571.95,572.3,309
2024-04-29 14:32:00,572.3,572.3,570.95,571.55,146
2024-04-29 14:33:00,571.55,571.85,571.45,571.85,72
2024-04-29 14:34:00,571.85,572.5,571.55,572.5,32
2024-04-29 14:35:00,572.3,572.6,572.1,572.6,155
2024-04-29 14:36:00,572.6,572.6,571.95,572.5,492
2024-04-29 14:37:00,572.0,572.4,572.0,572.15,48
2024-04-29 14:38:00,572.35,572.7,572.0,572.3,284
2024-04-29 14:39:00,572.3,572.8,572.2,572.8,2959
2024-04-29 14:40:00,572.8,572.8,572.0,572.0,214
2024-04-29 14:41:00,572.15,572.4,571.7,572.4,452
2024-04-29 14:42:00,572.4,572.6,571.9,572.6,61
2024-04-29 14:43:00,572.55,572.75,572.45,572.45,171
2024-04-29 14:44:00,572.45,572.45,571.55,572.1,51
2024-04-29 14:45:00,572.1,572.65,571.55,572.65,186
2024-04-29 14:46:00,572.65,572.65,572.2,572.65,72
2024-04-29 14:47:00,572.4,572.45,571.45,571.45,448
2024-04-29 14:48:00,571.45,572.5,570.9,570.9,898
2024-04-29 14:49:00,570.9,571.45,570.5,570.5,791
2024-04-29 14:50:00,570.5,571.25,570.5,570.5,3117
2024-04-29 14:51:00,570.5,572.0,570.5,571.8,93
2024-04-29 14:52:00,571.8,572.95,571.8,571.95,1065
2024-04-29 14:53:00,571.95,571.95,570.1,571.35,7461
2024-04-29 14:54:00,571.35,572.25,571.25,571.25,350
2024-04-29 14:55:00,571.25,571.7,571.25,571.7,307
2024-04-29 14:56:00,571.95,572.4,571.9,572.1,416
2024-04-29 14:57:00,572.1,572.3,571.95,572.25,252
2024-04-29 14:58:00,572.25,572.5,572.25,572.5,563
2024-04-29 14:59:00,572.5,572.5,571.95,571.95,412
2024-04-29 15:00:00,571.95,572.45,571.55,571.55,748
2024-04-29 15:01:00,571.55,572.8,571.55,572.8,213
2024-04-29 15:02:00,572.8,572.8,572.6,572.6,262
2024-04-29 15:03:00,572.6,572.95,572.6,572.95,86
2024-04-29 15:04:00,572.95,572.95,570.05,571.95,5417
2024-04-29 15:05:00,572.0,572.1,569.5,570.0,9810
2024-04-29 15:06:00,570.0,570.0,569.7,570.0,7937
2024-04-29 15:07:00,570.0,570.0,569.9,570.0,1461
2024-04-29 15:08:00,570.0,570.0,570.0,570.0,8246
2024-04-29 15:09:00,570.0,570.0,570.0,570.0,209
2024-04-29 15:10:00,570.0,570.0,569.95,570.0,1667
2024-04-29 15:11:00,570.0,570.0,569.95,570.0,2670
2024-04-29 15:12:00,570.0,570.0,569.95,569.95,619
2024-04-29 15:13:00,569.95,570.0,569.95,570.0,374
2024-04-29 15:14:00,570.0,570.0,569.7,569.9,1437
2024-04-29 15:15:00,569.85,569.9,569.75,569.9,138
2024-04-29 15:16:00,569.9,569.9,569.8,569.9,508
2024-04-29 15:17:00,569.9,569.9,569.85,569.9,667
2024-04-29 15:18:00,569.9,570.0,569.9,570.0,1689
2024-04-29 15:19:00,570.0,571.1,570.0,570.85,10374
2024-04-29 15:20:00,571.35,571.35,570.35,571.0,2349
2024-04-29 15:21:00,570.95,571.15,570.25,570.65,2509
2024-04-29 15:22:00,570.7,570.95,570.3,570.9,1547
2024-04-29 15:23:00,570.85,570.95,570.55,570.7,610
2024-04-29 15:24:00,570.7,570.95,570.6,570.65,953
2024-04-29 15:25:00,570.65,570.95,570.5,570.5,517
2024-04-29 15:26:00,570.5,571.0,569.6,570.95,4722
2024-04-29 15:27:00,571.0,572.45,569.65,572.45,3174
2024-04-29 15:28:00,572.0,572.45,569.0,572.25,10337
2024-04-29 15:29:00,570.55,572.4,570.55,571.95,972
2024-04-30 09:15:00,571.05,573.0,569.1,571.2,1381
2024-04-30 09:16:00,571.25,571.85,569.6,570.0,2812
2024-04-30 09:17:00,570.5,570.7,568.75,569.6,619
2024-04-30 09:18:00,569.6,571.4,568.75,570.55,1232
2024-04-30 09:19:00,570.45,571.05,569.55,571.0,905
2024-04-30 09:20:00,571.35,571.35,569.3,569.3,3866
2024-04-30 09:21:00,568.7,569.6,567.95,568.6,1082
2024-04-30 09:22:00,568.6,569.0,568.0,569.0,126
2024-04-30 09:23:00,568.25,568.95,568.0,568.75,617
2024-04-30 09:24:00,568.75,569.6,568.0,569.6,765
2024-04-30 09:25:00,569.15,570.9,569.0,569.95,3331
2024-04-30 09:26:00,569.95,569.95,569.0,569.1,469
2024-04-30 09:27:00,569.1,569.7,569.0,569.0,779
2024-04-30 09:28:00,569.0,569.5,569.0,569.5,75
2024-04-30 09:29:00,569.5,569.5,568.8,569.0,848
2024-04-30 09:30:00,569.0,569.0,568.0,568.4,425
2024-04-30 09:31:00,568.6,569.1,568.05,568.65,1862
2024-04-30 09:32:00,568.65,568.7,568.0,568.7,289
2024-04-30 09:33:00,568.8,568.85,568.0,568.6,1369
2024-04-30 09:34:00,568.6,568.6,567.0,567.0,2030
2024-04-30 09:35:00,567.0,567.85,567.0,567.7,227
2024-04-30 09:36:00,568.4,568.4,567.5,568.0,180
2024-04-30 09:37:00,567.8,567.95,567.5,567.5,354
2024-04-30 09:38:00,567.5,567.95,567.5,567.85,66
2024-04-30 09:39:00,567.9,568.95,567.5,568.9,2499
2024-04-30 09:40:00,568.9,568.9,567.75,567.8,223
2024-04-30 09:41:00,567.85,568.0,567.05,567.3,821
2024-04-30 09:42:00,567.3,567.95,567.0,567.9,301
2024-04-30 09:43:00,567.9,567.9,567.35,567.4,22
2024-04-30 09:44:00,567.4,567.95,567.4,567.95,35
2024-04-30 09:45:00,567.95,567.95,567.25,567.4,511
2024-04-30 09:46:00,567.05,567.95,567.0,567.95,371
2024-04-30 09:47:00,567.95,568.7,567.5,568.3,474
2024-04-30 09:48:00,568.3,568.9,568.3,568.9,229
2024-04-30 09:49:00,568.4,568.9,568.4,568.9,110
2024-04-30 09:50:00,568.9,568.9,568.4,568.9,246
2024-04-30 09:51:00,569.1,569.4,568.7,568.7,721
2024-04-30 09:52:00,569.4,569.7,568.9,569.45,301
2024-04-30 09:53:00,569.45,569.75,568.9,569.05,531
2024-04-30 09:54:00,569.75,569.75,569.05,569.55,28
2024-04-30 09:55:00,569.6,569.6,568.85,568.85,142
2024-04-30 09:56:00,568.85,569.7,568.85,569.7,105
2024-04-30 09:57:00,569.7,569.75,569.1,569.3,33
2024-04-30 09:58:00,569.3,569.7,569.1,569.7,98
2024-04-30 09:59:00,569.7,569.7,569.05,569.1,99
2024-04-30 10:00:00,569.1,569.65,569.05,569.05,23
2024-04-30 10:01:00,569.05,569.6,569.05,569.55,441
2024-04-30 10:02:00,569.55,569.7,569.05,569.1,477
2024-04-30 10:03:00,569.1,569.6,569.05,569.6,606
2024-04-30 10:04:00,569.05,569.55,568.35,568.55,595
2024-04-30 10:05:00,568.55,568.95,568.55,568.6,5
2024-04-30 10:06:00,569.0,569.25,568.6,568.7,126
2024-04-30 10:07:00,568.4,569.45,568.4,568.8,644
2024-04-30 10:08:00,568.8,569.25,568.35,569.25,178
2024-04-30 10:09:00,569.25,569.25,568.5,568.55,99
2024-04-30 10:10:00,568.55,569.25,568.5,568.55,265
2024-04-30 10:11:00,568.55,569.15,568.5,569.05,80
2024-04-30 10:12:00,569.05,569.05,568.3,568.4,264
2024-04-30 10:13:00,568.4,569.0,568.35,568.95,52
2024-04-30 10:14:00,568.95,568.95,568.3,568.9,218
2024-04-30 10:15:00,568.9,568.9,567.0,567.65,3328
2024-04-30 10:16:00,567.65,568.3,567.2,567.65,59
2024-04-30 10:17:00,567.65,568.4,567.25,567.25,62
2024-04-30 10:18:00,567.25,567.95,567.25,567.3,1004
2024-04-30 10:19:00,567.3,567.8,567.3,567.3,35
2024-04-30 10:20:00,567.3,567.8,567.3,567.3,31
2024-04-30 10:21:00,567.8,567.8,567.15,567.15,984
2024-04-30 10:22:00,567.15,567.75,567.0,567.75,133
2024-04-30 10:23:00,567.75,567.8,567.0,567.0,479
2024-04-30 10:24:00,567.0,567.4,567.0,567.0,171
2024-04-30 10:25:00,567.0,567.95,567.0,567.3,633
2024-04-30 10:26:00,567.3,567.9,567.25,567.35,74
2024-04-30 10:27:00,567.35,567.9,567.25,567.25,182
2024-04-30 10:28:00,567.25,567.85,567.15,567.15,68
2024-04-30 10:29:00,567.15,567.65,567.05,567.2,52
2024-04-30 10:30:00,567.2,567.75,567.05,567.75,169
2024-04-30 10:31:00,567.75,567.9,567.3,567.35,40
2024-04-30 10:32:00,567.35,567.6,567.1,567.6,228
2024-04-30 10:33:00,567.6,567.6,566.2,566.2,2310
2024-04-30 10:34:00,566.2,566.65,566.2,566.65,12
2024-04-30 10:35:00,566.2,566.75,566.2,566.35,333
2024-04-30 10:36:00,566.35,566.65,566.0,566.65,424
2024-04-30 10:37:00,566.65,566.75,566.15,566.2,113
2024-04-30 10:38:00,566.6,566.85,566.25,566.85,634
2024-04-30 10:39:00,566.8,566.8,566.25,566.3,15
2024-04-30 10:40:00,566.3,567.95,566.3,566.9,927
2024-04-30 10:41:00,566.9,568.0,566.9,568.0,2995
2024-04-30 10:42:00,568.0,568.0,567.6,567.75,340
2024-04-30 10:43:00,567.95,567.95,567.65,567.65,66
2024-04-30 10:44:00,567.9,568.0,567.65,568.0,274
2024-04-30 10:45:00,568.0,568.0,566.85,567.5,2192
2024-04-30 10:46:00,567.5,567.65,567.05,567.1,13
2024-04-30 10:47:00,567.1,567.75,567.1,567.75,7
2024-04-30 10:48:00,567.75,567.75,567.2,567.75,57
2024-04-30 10:49:00,567.75,567.75,567.5,567.55,94
2024-04-30 10:50:00,567.0,567.0,566.4,566.5,392
2024-04-30 10:51:00,566.5,567.1,566.5,566.55,148
2024-04-30 10:52:00,566.55,567.05,566.4,566.5,53
2024-04-30 10:53:00,566.5,567.1,566.5,567.1,101
2024-04-30 10:54:00,567.1,567.1,566.55,566.55,9
2024-04-30 10:55:00,566.55,566.9,566.5,566.55,10
2024-04-30 10:56:00,566.55,566.95,566.45,566.45,138
2024-04-30 10:57:00,566.5,567.0,566.5,567.0,211
2024-04-30 10:58:00,567.0,567.15,566.55,566.6,11
2024-04-30 10:59:00,566.6,567.25,566.6,566.65,57
2024-04-30 11:00:00,566.65,567.3,566.65,567.3,31
2024-04-30 11:01:00,567.3,567.45,566.75,566.85,697
2024-04-30 11:02:00,567.5,567.5,566.85,567.45,64
2024-04-30 11:03:00,567.45,567.75,566.9,567.7,87
2024-04-30 11:04:00,567.7,567.9,566.9,566.9,840
2024-04-30 11:05:00,566.9,567.5,566.9,566.95,7
2024-04-30 11:06:00,566.95,567.3,566.0,567.3,3373
2024-04-30 11:07:00,567.3,567.75,566.9,567.1,669
2024-04-30 11:08:00,567.1,568.0,567.1,567.35,1833
2024-04-30 11:09:00,567.35,567.65,567.1,567.1,177
2024-04-30 11:10:00,567.1,567.4,566.8,566.95,99
2024-04-30 11:11:00,566.95,567.5,566.95,566.95,7
2024-04-30 11:12:00,566.95,567.5,566.85,567.0,112
2024-04-30 11:13:00,567.0,567.4,566.8,566.85,21
2024-04-30 11:14:00,566.85,567.5,566.85,566.95,10
2024-04-30 11:15:00,567.5,567.5,566.4,567.0,111
2024-04-30 11:16:00,567.0,567.5,567.0,567.05,34
2024-04-30 11:17:00,567.05,567.05,566.5,566.5,29
2024-04-30 11:18:00,566.5,566.55,566.05,566.1,456
2024-04-30 11:19:00,566.1,566.7,566.0,566.05,727
2024-04-30 11:20:00,566.05,566.75,566.05,566.75,27
2024-04-30 11:21:00,566.75,566.9,565.0,565.6,5368
2024-04-30 11:22:00,566.0,566.0,565.0,565.9,2832
2024-04-30 11:23:00,565.9,565.95,565.3,565.55,137
2024-04-30 11:24:00,565.55,566.0,565.3,566.0,4219
2024-04-30 11:25:00,566.0,566.75,566.0,566.15,51
2024-04-30 11:26:00,566.15,566.85,566.15,566.85,284
2024-04-30 11:27:00,566.85,566.95,566.3,566.9,71
2024-04-30 11:28:00,566.9,566.9,566.3,566.7,105
2024-04-30 11:29:00,566.7,566.9,566.25,566.9,424
2024-04-30 11:30:00,566.9,566.9,566.25,566.25,33
2024-04-30 11:31:00,566.25,566.75,566.25,566.3,110
2024-04-30 11:32:00,566.3,566.3,566.2,566.3,57
2024-04-30 11:33:00,566.3,566.3,566.15,566.15,182
2024-04-30 11:34:00,566.15,566.3,566.15,566.15,32
2024-04-30 11:35:00,566.15,566.3,566.0,566.0,151
2024-04-30 11:36:00,566.0,566.3,566.0,566.3,95
2024-04-30 11:37:00,566.3,566.3,566.05,566.3,101
2024-04-30 11:38:00,566.3,566.3,566.05,566.05,5
2024-04-30 11:39:00,566.05,566.05,566.0,566.0,83
2024-04-30 11:40:00,566.0,566.25,565.2,565.2,427
2024-04-30 11:41:00,565.2,565.6,565.15,565.15,91
2024-04-30 11:42:00,565.0,565.5,565.0,565.15,167
2024-04-30 11:43:00,565.05,565.4,565.0,565.05,574
2024-04-30 11:44:00,565.05,565.8,565.05,565.25,89
2024-04-30 11:45:00,565.25,565.25,565.1,565.1,205
2024-04-30 11:46:00,565.1,565.8,565.1,565.8,20
2024-04-30 11:47:00,565.8,565.9,565.25,565.85,16
2024-04-30 11:48:00,565.3,565.75,565.15,565.75,398
2024-04-30 11:49:00,565.75,565.75,565.25,565.25,6
2024-04-30 11:50:00,565.25,565.75,565.25,565.75,5
2024-04-30 11:51:00,565.25,565.75,565.25,565.75,10
2024-04-30 11:52:00,565.75,566.3,565.45,566.3,213
2024-04-30 11:53:00,566.3,566.3,565.05,566.2,1082
2024-04-30 11:54:00,566.2,566.25,565.35,566.0,163
2024-04-30 11:55:00,566.0,566.1,565.35,565.35,110
2024-04-30 11:56:00,565.35,566.1,565.35,565.55,147
2024-04-30 11:57:00,565.55,566.1,565.55,566.1,6
2024-04-30 11:58:00,566.1,566.15,565.55,565.55,59
2024-04-30 11:59:00,565.55,566.15,565.1,565.55,691
2024-04-30 12:00:00,566.25,566.25,565.0,565.05,1131
2024-04-30 12:01:00,565.05,565.85,565.05,565.8,9
2024-04-30 12:02:00,565.8,565.8,565.2,565.8,54
2024-04-30 12:03:00,565.8,566.1,565.25,566.1,25
2024-04-30 12:04:00,566.1,566.3,565.9,566.3,57
2024-04-30 12:05:00,566.3,566.3,565.8,566.3,26
2024-04-30 12:06:00,566.3,566.3,565.6,565.6,25
2024-04-30 12:07:00,565.6,566.1,565.6,565.65,10
2024-04-30 12:08:00,565.65,566.1,565.45,566.0,14
2024-04-30 12:09:00,566.0,566.15,565.2,566.15,500
2024-04-30 12:10:00,566.15,566.2,565.15,565.15,358
2024-04-30 12:11:00,565.0,567.1,565.0,566.55,5575
2024-04-30 12:12:00,566.55,566.9,566.3,566.3,16
2024-04-30 12:13:00,566.3,567.0,566.3,566.95,32
2024-04-30 12:14:00,566.95,567.4,566.95,567.0,10
2024-04-30 12:15:00,567.0,567.5,567.0,567.05,30
2024-04-30 12:16:00,567.05,567.5,567.0,567.05,25
2024-04-30 12:17:00,567.05,567.5,566.95,567.5,236
2024-04-30 12:18:00,567.5,567.5,566.95,567.0,67
2024-04-30 12:19:00,567.0,567.5,566.95,567.0,20
2024-04-30 12:20:00,567.0,567.65,566.95,567.1,200
2024-04-30 12:21:00,567.1,567.45,566.95,567.45,126
2024-04-30 12:22:00,567.45,567.45,566.35,566.4,304
2024-04-30 12:23:00,566.4,567.1,566.4,566.45,169
2024-04-30 12:24:00,566.45,567.05,566.25,566.3,44
2024-04-30 12:25:00,566.3,567.95,566.3,567.25,903
2024-04-30 12:26:00,567.25,567.9,567.2,567.2,65
2024-04-30 12:27:00,567.2,567.8,567.2,567.2,30
2024-04-30 12:28:00,567.2,567.3,566.65,566.65,262
2024-04-30 12:29:00,566.65,567.55,566.65,567.55,66
2024-04-30 12:30:00,567.55,567.55,566.9,566.95,27
2024-04-30 12:31:00,567.5,567.6,566.9,567.4,56
2024-04-30 12:32:00,567.4,567.75,566.9,567.05,367
2024-04-30 12:33:00,567.05,567.1,566.65,567.1,47
2024-04-30 12:34:00,567.1,567.1,566.65,566.65,40
2024-04-30 12:35:00,566.65,567.1,566.65,566.95,84
2024-04-30 12:36:00,566.95,567.0,566.65,567.0,148
2024-04-30 12:37:00,567.0,567.0,566.65,566.65,32
2024-04-30 12:38:00,566.65,567.0,566.65,566.65,89
2024-04-30 12:39:00,566.65,567.0,566.65,567.0,28
2024-04-30 12:40:00,567.0,567.0,566.0,566.0,426
2024-04-30 12:41:00,566.0,566.4,566.0,566.05,73
2024-04-30 12:42:00,566.05,566.75,565.95,566.65,408
2024-04-30 12:43:00,566.65,566.65,565.65,565.65,624
2024-04-30 12:44:00,565.65,566.2,565.35,566.2,268
2024-04-30 12:45:00,566.2,566.4,565.5,565.7,111
2024-04-30 12:46:00,566.35,566.55,565.75,565.75,115
2024-04-30 12:47:00,566.25,566.35,565.8,566.35,19
2024-04-30 12:48:00,566.35,566.4,565.8,566.35,58
2024-04-30 12:49:00,566.35,566.35,565.65,565.65,49
2024-04-30 12:50:00,565.65,566.4,565.65,565.65,15
2024-04-30 12:51:00,565.65,566.4,565.65,566.3,111
2024-04-30 12:52:00,566.3,567.1,565.95,566.55,59
2024-04-30 12:53:00,566.55,567.1,566.55,566.65,13
2024-04-30 12:54:00,566.65,566.65,566.25,566.3,114
2024-04-30 12:55:00,566.3,566.65,566.25,566.25,67
2024-04-30 12:56:00,566.25,566.65,566.25,566.3,14
2024-04-30 12:57:00,566.3,566.6,566.15,566.15,5
2024-04-30 12:58:00,566.15,566.65,565.85,566.15,138
2024-04-30 12:59:00,566.15,566.5,566.15,566.15,31
2024-04-30 13:00:00,566.15,566.5,566.15,566.5,30
2024-04-30 13:01:00,566.5,566.5,566.15,566.15,95
2024-04-30 13:02:00,566.5,566.5,566.15,566.5,41
2024-04-30 13:03:00,566.5,566.5,566.15,566.15,15
2024-04-30 13:04:00,566.15,566.5,565.9,565.9,196
2024-04-30 13:05:00,565.9,566.3,565.75,566.25,92
2024-04-30 13:06:00,566.25,566.4,565.55,565.55,182
2024-04-30 13:07:00,565.55,566.2,565.35,566.0,130
2024-04-30 13:08:00,566.0,566.25,565.5,565.7,131
2024-04-30 13:09:00,565.7,566.25,565.7,566.25,16
2024-04-30 13:10:00,566.25,566.25,565.7,566.0,10
2024-04-30 13:11:00,566.0,566.0,565.7,565.7,46
2024-04-30 13:12:00,565.7,566.0,565.7,565.7,7
2024-04-30 13:13:00,565.7,566.0,565.5,565.5,163
2024-04-30 13:14:00,565.5,565.95,565.0,565.0,534
2024-04-30 13:15:00,565.4,565.7,565.05,565.15,130
2024-04-30 13:16:00,565.15,565.65,565.15,565.15,64
2024-04-30 13:17:00,565.15,565.7,565.15,565.65,63
2024-04-30 13:18:00,565.65,565.65,565.15,565.15,7
2024-04-30 13:19:00,565.6,565.65,565.05,565.05,133
2024-04-30 13:20:00,565.05,565.5,565.05,565.5,16
2024-04-30 13:21:00,565.05,565.55,565.0,565.0,62
2024-04-30 13:22:00,565.0,565.25,565.0,565.25,170
2024-04-30 13:23:00,565.25,565.55,565.15,565.55,28
2024-04-30 13:24:00,565.55,565.7,565.15,565.6,178
2024-04-30 13:25:00,565.6,565.9,565.55,565.55,12
2024-04-30 13:26:00,565.55,565.9,565.55,565.6,4
2024-04-30 13:27:00,565.6,565.8,565.6,565.8,104
2024-04-30 13:28:00,565.8,566.0,565.8,565.9,57
2024-04-30 13:29:00,565.9,566.0,565.9,566.0,24
2024-04-30 13:30:00,566.0,566.35,565.9,566.0,85
2024-04-30 13:31:00,566.0,566.0,566.0,566.0,4
2024-04-30 13:32:00,566.0,566.0,565.6,565.6,196
2024-04-30 13:33:00,565.6,566.45,565.6,565.8,504
2024-04-30 13:34:00,565.8,565.8,565.8,565.8,4
2024-04-30 13:35:00,565.8,566.25,565.6,565.6,31
2024-04-30 13:36:00,565.6,566.35,565.6,566.35,182
2024-04-30 13:37:00,566.35,566.4,565.8,565.8,91
2024-04-30 13:38:00,565.8,566.35,565.8,566.35,4
2024-04-30 13:39:00,566.35,566.35,565.15,565.2,104
2024-04-30 13:40:00,565.75,566.3,565.35,565.85,66
2024-04-30 13:41:00,565.85,566.5,565.85,566.5,234
2024-04-30 13:42:00,566.5,566.5,566.0,566.1,106
2024-04-30 13:43:00,566.1,566.5,566.0,566.0,121
2024-04-30 13:44:00,566.5,566.5,566.05,566.05,47
2024-04-30 13:45:00,566.05,566.5,566.05,566.5,461
2024-04-30 13:46:00,566.5,566.5,566.0,566.0,117
2024-04-30 13:47:00,566.0,566.45,566.0,566.45,6
2024-04-30 13:48:00,566.45,566.45,566.0,566.0,46
2024-04-30 13:49:00,566.0,566.5,566.0,566.0,17
2024-04-30 13:50:00,566.0,566.5,566.0,566.0,20
2024-04-30 13:51:00,566.0,566.05,566.0,566.05,15
2024-04-30 13:52:00,566.0,566.45,565.95,565.95,275
2024-04-30 13:53:00,565.95,566.5,565.8,566.5,64
2024-04-30 13:54:00,566.5,566.5,566.05,566.5,42
2024-04-30 13:55:00,566.5,566.5,565.85,566.05,95
2024-04-30 13:56:00,566.05,566.05,566.05,566.05,3
2024-04-30 13:57:00,566.05,566.25,565.55,565.55,301
2024-04-30 13:58:00,565.55,566.15,565.55,565.55,113
2024-04-30 13:59:00,565.55,567.1,565.55,567.1,2339
2024-04-30 14:00:00,567.1,568.7,567.1,568.7,889
2024-04-30 14:01:00,569.1,569.35,568.15,568.5,3947
2024-04-30 14:02:00,568.5,569.25,568.5,569.25,1310
2024-04-30 14:03:00,569.25,569.25,569.2,569.2,1
2024-04-30 14:04:00,569.2,569.35,568.6,569.35,204
2024-04-30 14:05:00,569.35,569.35,566.1,566.1,3200
2024-04-30 14:06:00,566.1,566.75,565.85,566.4,428
2024-04-30 14:07:00,566.4,566.4,565.75,565.75,62
2024-04-30 14:08:00,565.75,567.2,565.5,566.05,673
2024-04-30 14:09:00,566.15,566.9,566.05,566.6,1259
2024-04-30 14:10:00,566.55,567.95,566.55,567.8,625
2024-04-30 14:11:00,568.0,568.45,567.8,567.8,271
2024-04-30 14:12:00,567.8,567.8,567.3,567.8,62
2024-04-30 14:13:00,567.8,568.05,567.8,568.05,121
2024-04-30 14:14:00,568.05,568.05,567.0,568.05,760
2024-04-30 14:15:00,568.05,569.0,567.1,567.3,1668
2024-04-30 14:16:00,567.3,567.4,566.75,567.05,545
2024-04-30 14:17:00,567.05,567.7,567.05,567.7,24
2024-04-30 14:18:00,567.7,568.45,567.65,567.65,80
2024-04-30 14:19:00,567.65,567.7,567.65,567.65,58
2024-04-30 14:20:00,567.65,567.65,566.25,566.25,112
2024-04-30 14:21:00,566.25,567.3,566.25,566.75,76
2024-04-30 14:22:00,566.75,567.3,566.75,567.3,4
2024-04-30 14:23:00,567.3,567.3,567.3,567.3,0
2024-04-30 14:24:00,567.3,567.4,567.3,567.4,3
2024-04-30 14:25:00,567.4,568.2,567.4,568.2,96
2024-04-30 14:26:00,568.2,568.3,567.5,567.5,52
2024-04-30 14:27:00,567.5,568.1,567.4,567.4,128
2024-04-30 14:28:00,567.4,567.75,567.05,567.75,15
2024-04-30 14:29:00,567.75,567.75,567.05,567.65,133
2024-04-30 14:30:00,568.25,568.3,567.25,568.3,645
2024-04-30 14:31:00,568.3,568.5,567.75,568.5,1106
2024-04-30 14:32:00,568.5,568.5,568.45,568.45,5
2024-04-30 14:33:00,568.45,568.5,567.25,567.3,227
2024-04-30 14:34:00,567.3,567.95,567.3,567.95,24
2024-04-30 14:35:00,567.95,567.95,567.35,567.35,620
2024-04-30 14:36:00,567.35,567.35,567.35,567.35,0
2024-04-30 14:37:00,567.35,567.4,566.55,566.55,1267
2024-04-30 14:38:00,566.35,566.8,566.0,566.1,313
2024-04-30 14:39:00,566.1,567.95,566.1,567.95,965
2024-04-30 14:40:00,567.95,568.0,567.95,568.0,5
2024-04-30 14:41:00,567.3,568.0,567.3,568.0,109
2024-04-30 14:42:00,568.0,568.0,566.3,567.0,263
2024-04-30 14:43:00,566.25,567.75,566.25,567.75,33
2024-04-30 14:44:00,567.75,567.75,566.95,567.6,140
2024-04-30 14:45:00,566.95,567.55,566.85,566.85,296
2024-04-30 14:46:00,566.85,566.85,566.85,566.85,0
2024-04-30 14:47:00,566.85,567.3,566.85,567.3,3
2024-04-30 14:48:00,567.3,567.3,566.15,566.65,627
2024-04-30 14:49:00,566.65,566.75,566.2,566.75,102
2024-04-30 14:50:00,566.75,566.75,566.2,566.3,204
2024-04-30 14:51:00,566.3,566.45,566.3,566.45,20
2024-04-30 14:52:00,566.45,566.45,566.15,566.4,272
2024-04-30 14:53:00,566.4,566.4,566.15,566.15,3
2024-04-30 14:54:00,566.15,566.2,566.15,566.15,295
2024-04-30 14:55:00,566.15,566.2,566.15,566.2,126
2024-04-30 14:56:00,566.2,566.2,566.2,566.2,16
2024-04-30 14:57:00,566.2,566.5,566.2,566.5,400
2024-04-30 14:58:00,566.5,566.5,565.5,565.95,770
2024-04-30 14:59:00,565.95,566.05,565.6,565.6,124
2024-04-30 15:00:00,565.6,566.05,565.5,565.5,792
2024-04-30 15:01:00,565.2,565.55,565.0,565.3,558
2024-04-30 15:02:00,565.3,565.3,564.35,564.35,1711
2024-04-30 15:03:00,564.4,564.8,564.35,564.4,168
2024-04-30 15:04:00,564.75,565.6,564.4,564.45,349
2024-04-30 15:05:00,564.8,564.9,564.0,564.0,434
2024-04-30 15:06:00,564.0,564.7,564.0,564.65,349
2024-04-30 15:07:00,564.4,564.85,564.3,564.85,210
2024-04-30 15:08:00,564.4,566.35,564.4,565.85,222
2024-04-30 15:09:00,566.1,566.1,564.0,565.0,2128
2024-04-30 15:10:00,565.0,565.6,564.85,565.35,207
2024-04-30 15:11:00,565.35,565.35,564.85,564.85,271
2024-04-30 15:12:00,565.1,565.25,565.1,565.2,148
2024-04-30 15:13:00,565.2,565.2,564.95,565.0,400
2024-04-30 15:14:00,565.0,565.2,564.1,565.0,1180
2024-04-30 15:15:00,564.95,565.0,564.45,564.45,313
2024-04-30 15:16:00,564.45,564.8,564.0,564.3,317
2024-04-30 15:17:00,564.3,564.7,564.0,564.55,1811
2024-04-30 15:18:00,564.6,564.75,564.0,564.45,931
2024-04-30 15:19:00,564.45,564.8,564.3,564.7,824
2024-04-30 15:20:00,564.7,564.7,564.1,564.6,879
2024-04-30 15:21:00,564.6,564.8,564.4,564.45,460
2024-04-30 15:22:00,564.45,564.8,564.0,564.0,2108
2024-04-30 15:23:00,564.05,564.05,563.95,563.95,357
2024-04-30 15:24:00,564.0,564.0,563.0,563.6,4268
2024-04-30 15:25:00,563.6,563.95,563.15,563.2,213
2024-04-30 15:26:00,563.2,563.9,563.1,563.8,2182
2024-04-30 15:27:00,563.8,563.85,563.0,563.7,719
2024-04-30 15:28:00,563.7,564.8,563.0,564.75,1804
2024-04-30 15:29:00,563.8,566.4,563.25,566.4,1427
2024-05-02 09:15:00,565.0,569.9,565.0,569.9,3722
2024-05-02 09:16:00,569.85,572.35,568.3,572.35,3467
2024-05-02 09:17:00,572.35,572.8,568.05,571.5,4006
2024-05-02 09:18:00,571.5,573.5,570.15,573.5,2629
2024-05-02 09:19:00,573.9,575.3,573.55,574.2,7296
2024-05-02 09:20:00,574.5,575.0,573.3,574.9,7062
2024-05-02 09:21:00,574.9,575.0,573.5,575.0,4230
2024-05-02 09:22:00,575.0,575.0,573.5,574.3,2382
2024-05-02 09:23:00,574.3,574.9,573.75,574.9,2537
2024-05-02 09:24:00,574.9,574.9,573.45,574.4,4714
2024-05-02 09:25:00,574.05,574.4,573.35,574.35,4713
2024-05-02 09:26:00,574.4,574.5,573.7,574.5,1115
2024-05-02 09:27:00,574.45,575.0,573.5,574.95,2314
2024-05-02 09:28:00,574.1,575.0,574.0,574.3,2721
2024-05-02 09:29:00,574.0,574.3,573.45,574.0,655
2024-05-02 09:30:00,574.0,576.5,574.0,576.5,12078
2024-05-02 09:31:00,576.5,577.0,576.1,576.85,6076
2024-05-02 09:32:00,576.3,580.0,576.25,580.0,23746
2024-05-02 09:33:00,579.6,580.0,579.15,580.0,17343
2024-05-02 09:34:00,579.8,582.0,579.8,581.95,20644
2024-05-02 09:35:00,581.1,582.0,580.4,582.0,10273
2024-05-02 09:36:00,582.0,583.0,581.0,583.0,10708
2024-05-02 09:37:00,583.0,583.9,582.1,583.9,11799
2024-05-02 09:38:00,583.25,585.0,583.0,585.0,29175
2024-05-02 09:39:00,584.55,585.0,583.65,583.65,9741
2024-05-02 09:40:00,584.2,585.0,583.05,584.1,7695
2024-05-02 09:41:00,583.75,584.1,581.65,582.85,10231
2024-05-02 09:42:00,582.75,583.0,581.85,582.7,4675
2024-05-02 09:43:00,582.15,583.6,582.15,583.6,4563
2024-05-02 09:44:00,583.3,584.9,583.3,584.9,8658
2024-05-02 09:45:00,584.4,588.35,584.3,588.0,47140
2024-05-02 09:46:00,588.3,592.0,588.3,592.0,72686
2024-05-02 09:47:00,592.6,595.0,591.75,593.85,76655
2024-05-02 09:48:00,593.25,594.35,589.5,590.0,63077
2024-05-02 09:49:00,588.65,589.65,587.15,588.25,34025
2024-05-02 09:50:00,588.35,588.65,584.0,584.85,25436
2024-05-02 09:51:00,584.4,584.65,581.1,582.75,22432
2024-05-02 09:52:00,582.75,586.4,582.0,585.7,16898
2024-05-02 09:53:00,585.15,586.0,584.15,584.3,4677
2024-05-02 09:54:00,584.15,584.8,583.0,583.45,9514
2024-05-02 09:55:00,583.0,583.45,582.0,582.95,5521
2024-05-02 09:56:00,582.95,583.75,582.4,583.25,4124
2024-05-02 09:57:00,583.1,583.3,581.0,581.05,17966
2024-05-02 09:58:00,581.05,583.8,581.0,582.45,9565
2024-05-02 09:59:00,582.45,584.2,582.0,584.0,6126
2024-05-02 10:00:00,583.3,585.6,583.25,585.6,13738
2024-05-02 10:01:00,585.95,586.0,580.35,580.85,22752
2024-05-02 10:02:00,580.25,582.85,580.25,582.65,5862
2024-05-02 10:03:00,582.2,582.7,582.15,582.6,3680
2024-05-02 10:04:00,582.25,582.7,579.0,582.5,38437
2024-05-02 10:05:00,581.9,582.65,581.0,581.05,4928
2024-05-02 10:06:00,581.15,582.65,581.15,582.65,4447
2024-05-02 10:07:00,582.35,582.7,582.1,582.65,17361
2024-05-02 10:08:00,582.4,582.65,582.1,582.1,3884
2024-05-02 10:09:00,581.05,582.35,581.05,581.9,4636
2024-05-02 10:10:00,581.65,582.25,581.35,582.15,536
2024-05-02 10:11:00,582.15,582.2,581.85,582.0,1132
2024-05-02 10:12:00,581.85,582.3,581.85,582.25,467
2024-05-02 10:13:00,582.0,582.5,582.0,582.5,1131
2024-05-02 10:14:00,582.35,582.5,581.75,582.0,1988
2024-05-02 10:15:00,581.9,582.4,581.25,582.15,2489
2024-05-02 10:16:00,581.9,582.25,581.0,582.0,4936
2024-05-02 10:17:00,581.35,582.0,581.35,581.6,2071
2024-05-02 10:18:00,581.35,581.6,580.7,581.2,2559
2024-05-02 10:19:00,581.05,581.45,580.55,580.95,2518
2024-05-02 10:20:00,580.6,580.95,580.45,580.45,1200
2024-05-02 10:21:00,580.55,580.65,580.0,580.0,3295
2024-05-02 10:22:00,579.95,580.95,579.15,580.95,5019
2024-05-02 10:23:00,580.55,581.6,580.55,581.2,2921
2024-05-02 10:24:00,580.7,582.4,580.7,582.05,1605
2024-05-02 10:25:00,582.05,582.5,581.6,582.3,3122
2024-05-02 10:26:00,581.8,582.65,580.65,582.25,34868
2024-05-02 10:27:00,581.55,585.95,581.55,582.5,107287
2024-05-02 10:28:00,581.5,584.85,580.1,584.85,125400
2024-05-02 10:29:00,584.95,584.95,580.4,583.45,67728
2024-05-02 10:30:00,582.65,583.9,582.65,583.9,1838
2024-05-02 10:31:00,583.4,583.9,582.5,583.7,1856
2024-05-02 10:32:00,583.2,583.9,583.2,583.85,958
2024-05-02 10:33:00,583.3,583.8,583.3,583.65,353
2024-05-02 10:34:00,583.5,583.85,583.05,583.85,1303
2024-05-02 10:35:00,583.85,585.0,583.7,584.4,8939
2024-05-02 10:36:00,583.9,584.4,583.0,583.0,3230
2024-05-02 10:37:00,583.65,584.15,582.2,582.8,3070
2024-05-02 10:38:00,582.75,583.0,581.2,581.7,1899
2024-05-02 10:39:00,581.7,582.75,581.25,582.7,807
2024-05-02 10:40:00,582.3,582.75,582.0,582.5,381
2024-05-02 10:41:00,582.0,582.55,582.0,582.55,487
2024-05-02 10:42:00,582.15,582.75,582.05,582.75,168
2024-05-02 10:43:00,582.55,583.6,582.55,583.4,673
2024-05-02 10:44:00,583.0,584.4,583.0,584.35,728
2024-05-02 10:45:00,583.75,584.35,583.35,583.9,696
2024-05-02 10:46:00,583.35,583.9,582.6,583.65,2149
2024-05-02 10:47:00,583.05,583.8,583.0,583.4,623
2024-05-02 10:48:00,583.05,583.6,582.95,582.95,1139
2024-05-02 10:49:00,582.6,583.6,582.6,583.3,1210
2024-05-02 10:50:00,583.3,584.8,582.75,584.45,5751
2024-05-02 10:51:00,584.05,584.5,584.05,584.5,1456
2024-05-02 10:52:00,584.05,584.5,583.8,584.3,336
2024-05-02 10:53:00,584.1,584.3,584.0,584.3,1809
2024-05-02 10:54:00,584.15,584.3,584.0,584.3,391
2024-05-02 10:55:00,584.0,584.5,583.85,584.5,2248
2024-05-02 10:56:00,584.1,584.8,584.0,584.8,1942
2024-05-02 10:57:00,584.8,585.0,584.25,584.85,806
2024-05-02 10:58:00,584.85,584.85,584.55,584.6,993
2024-05-02 10:59:00,584.6,584.8,584.6,584.8,1287
2024-05-02 11:00:00,584.8,584.8,584.55,584.65,599
2024-05-02 11:01:00,584.65,586.7,584.65,586.65,13288
2024-05-02 11:02:00,586.1,586.55,585.8,586.0,13638
2024-05-02 11:03:00,586.0,586.35,585.65,586.2,796
2024-05-02 11:04:00,585.7,586.45,585.7,586.0,2477
2024-05-02 11:05:00,586.0,586.4,585.85,586.2,1776
2024-05-02 11:06:00,586.3,586.5,586.1,586.5,3244
2024-05-02 11:07:00,586.2,586.5,586.0,586.45,3133
2024-05-02 11:08:00,586.15,586.45,586.05,586.45,615
2024-05-02 11:09:00,586.4,586.45,585.8,585.9,1210
2024-05-02 11:10:00,586.25,586.4,585.8,586.3,961
2024-05-02 11:11:00,585.9,586.45,585.8,586.3,1060
2024-05-02 11:12:00,585.9,586.5,585.8,586.4,769
2024-05-02 11:13:00,586.0,586.45,585.1,586.1,6848
2024-05-02 11:14:00,586.0,586.45,585.25,585.75,2780
2024-05-02 11:15:00,585.75,586.7,585.75,586.7,8001
2024-05-02 11:16:00,586.6,586.7,586.6,586.7,3579
2024-05-02 11:17:00,586.5,588.0,586.5,588.0,16937
2024-05-02 11:18:00,588.0,588.0,587.5,587.95,4326
2024-05-02 11:19:00,587.55,587.95,586.5,587.6,7583
2024-05-02 11:20:00,587.6,588.0,587.15,587.9,1694
2024-05-02 11:21:00,587.75,588.15,587.25,588.15,5554
2024-05-02 11:22:00,588.15,589.45,588.15,588.45,7874
2024-05-02 11:23:00,588.35,593.0,588.35,592.65,41413
2024-05-02 11:24:00,591.95,592.95,589.6,589.65,13717
2024-05-02 11:25:00,589.2,590.0,589.05,589.85,6896
2024-05-02 11:26:00,589.3,590.0,588.7,589.5,3589
2024-05-02 11:27:00,589.5,590.0,588.8,590.0,10114
2024-05-02 11:28:00,589.6,590.0,589.1,589.5,4269
2024-05-02 11:29:00,589.4,589.9,589.15,589.3,1138
2024-05-02 11:30:00,589.3,589.7,589.05,589.5,1399
2024-05-02 11:31:00,589.3,592.0,589.05,592.0,11434
2024-05-02 11:32:00,592.0,594.0,590.5,593.5,28637
2024-05-02 11:33:00,593.5,594.1,593.1,593.5,7848
2024-05-02 11:34:00,593.5,594.5,592.0,592.75,12769
2024-05-02 11:35:00,592.25,593.0,592.05,592.95,10289
2024-05-02 11:36:00,592.4,592.85,590.65,590.65,5421
2024-05-02 11:37:00,590.85,594.0,590.85,593.95,11015
2024-05-02 11:38:00,593.35,594.9,593.35,594.0,20746
2024-05-02 11:39:00,593.55,594.0,592.7,593.5,8205
2024-05-02 11:40:00,593.95,593.95,591.5,592.5,7047
2024-05-02 11:41:00,592.5,593.0,591.6,592.6,1772
2024-05-02 11:42:00,592.6,593.0,590.55,592.15,14252
2024-05-02 11:43:00,592.3,592.35,590.0,591.0,8994
2024-05-02 11:44:00,590.5,592.8,590.2,592.8,11598
2024-05-02 11:45:00,592.3,593.7,592.3,593.0,9102
2024-05-02 11:46:00,593.0,594.55,592.85,594.25,14068
2024-05-02 11:47:00,594.25,594.9,594.05,594.85,9784
2024-05-02 11:48:00,594.3,594.9,593.05,593.05,9438
2024-05-02 11:49:00,593.1,594.9,593.1,594.9,12816
2024-05-02 11:50:00,594.6,594.9,594.6,594.9,12388
2024-05-02 11:51:00,594.85,594.9,593.9,594.5,9831
2024-05-02 11:52:00,594.5,596.6,594.1,596.6,65696
2024-05-02 11:53:00,596.7,597.5,595.75,597.5,38959
2024-05-02 11:54:00,597.5,597.9,594.25,595.2,27984
2024-05-02 11:55:00,595.2,598.2,595.05,598.0,44992
2024-05-02 11:56:00,598.0,599.95,597.25,599.95,43891
2024-05-02 11:57:00,599.95,600.0,599.1,599.95,46604
2024-05-02 11:58:00,599.8,603.6,599.75,601.6,78212
2024-05-02 11:59:00,601.05,601.55,599.0,599.5,28281
2024-05-02 12:00:00,599.4,600.85,598.1,600.55,21911
2024-05-02 12:01:00,600.0,601.7,599.95,601.35,31762
2024-05-02 12:02:00,601.2,601.6,598.2,599.6,29627
2024-05-02 12:03:00,599.0,599.8,598.7,599.0,12485
2024-05-02 12:04:00,599.0,599.3,598.1,599.0,7746
2024-05-02 12:05:00,598.5,599.15,597.55,598.25,15956
2024-05-02 12:06:00,598.6,599.05,597.9,598.9,15648
2024-05-02 12:07:00,598.9,599.45,598.25,598.7,10141
2024-05-02 12:08:00,598.7,598.95,597.05,597.05,14442
2024-05-02 12:09:00,597.2,597.6,596.9,597.35,8915
2024-05-02 12:10:00,597.35,597.35,596.0,596.5,9828
2024-05-02 12:11:00,596.5,597.55,596.45,597.05,10066
2024-05-02 12:12:00,597.05,598.4,597.05,598.4,7150
2024-05-02 12:13:00,598.3,598.9,597.5,598.0,7369
2024-05-02 12:14:00,598.0,599.1,598.0,599.1,5807
2024-05-02 12:15:00,598.7,601.2,598.7,600.85,19324
2024-05-02 12:16:00,601.0,601.7,601.0,601.2,13826
2024-05-02 12:17:00,601.1,601.7,600.55,601.65,10501
2024-05-02 12:18:00,601.3,603.0,601.1,602.5,23064
2024-05-02 12:19:00,602.95,604.0,602.95,603.85,41244
2024-05-02 12:20:00,603.7,603.9,602.4,603.0,16998
2024-05-02 12:21:00,603.0,603.0,601.6,601.65,7671
2024-05-02 12:22:00,601.6,602.75,601.1,602.75,11638
2024-05-02 12:23:00,602.5,603.2,602.5,603.0,13812
2024-05-02 12:24:00,603.0,603.4,602.0,603.0,18382
2024-05-02 12:25:00,603.65,603.75,602.5,602.65,16691
2024-05-02 12:26:00,602.75,603.3,601.3,602.0,13476
2024-05-02 12:27:00,601.8,602.45,601.4,602.45,6988
2024-05-02 12:28:00,602.45,602.45,601.1,601.1,8996
2024-05-02 12:29:00,601.25,602.0,601.0,601.65,8731
2024-05-02 12:30:00,601.5,601.65,600.0,601.0,12895
2024-05-02 12:31:00,600.9,601.35,599.75,600.0,10566
2024-05-02 12:32:00,600.0,600.35,599.0,599.25,12008
2024-05-02 12:33:00,599.25,599.7,599.0,599.0,6917
2024-05-02 12:34:00,599.25,599.3,597.5,598.2,16711
2024-05-02 12:35:00,598.05,600.6,597.5,600.05,24906
2024-05-02 12:36:00,600.1,600.1,598.0,599.05,6845
2024-05-02 12:37:00,599.05,600.0,598.7,599.85,3639
2024-05-02 12:38:00,599.35,600.3,599.35,600.1,3508
2024-05-02 12:39:00,599.55,600.45,599.4,599.45,2790
2024-05-02 12:40:00,599.45,599.95,598.25,598.5,2038
2024-05-02 12:41:00,598.5,599.8,598.05,599.2,4028
2024-05-02 12:42:00,599.75,599.85,598.6,599.6,1176
2024-05-02 12:43:00,599.15,601.8,599.15,601.35,10072
2024-05-02 12:44:00,601.0,601.75,601.0,601.55,6206
2024-05-02 12:45:00,601.05,601.55,600.55,600.75,6389
2024-05-02 12:46:00,600.75,601.5,600.2,600.9,3445
2024-05-02 12:47:00,600.35,601.0,600.0,600.2,4874
2024-05-02 12:48:00,600.0,600.85,600.0,600.3,2119
2024-05-02 12:49:00,600.3,600.7,596.15,596.2,28341
2024-05-02 12:50:00,596.3,597.0,594.15,595.9,42268
2024-05-02 12:51:00,595.9,596.2,591.0,592.0,39428
2024-05-02 12:52:00,592.0,593.45,592.0,593.1,6224
2024-05-02 12:53:00,593.7,593.95,592.0,592.05,22606
2024-05-02 12:54:00,592.5,595.7,591.55,594.0,60721
2024-05-02 12:55:00,594.0,594.0,592.0,592.9,64408
2024-05-02 12:56:00,592.9,595.75,592.9,595.7,34498
2024-05-02 12:57:00,595.15,595.7,594.0,594.2,31483
2024-05-02 12:58:00,594.45,595.0,593.0,593.5,25461
2024-05-02 12:59:00,593.0,594.6,593.0,594.45,49889
2024-05-02 13:00:00,594.25,594.7,593.3,594.3,23041
2024-05-02 13:01:00,593.75,595.0,592.65,593.4,9547
2024-05-02 13:02:00,593.3,594.7,593.0,593.5,7690
2024-05-02 13:03:00,593.4,594.25,593.4,593.55,2008
2024-05-02 13:04:00,593.55,594.0,593.0,594.0,4700
2024-05-02 13:05:00,593.9,594.45,593.9,594.0,967
2024-05-02 13:06:00,594.0,594.4,593.65,593.8,5442
2024-05-02 13:07:00,593.3,594.4,593.2,594.35,2270
2024-05-02 13:08:00,593.75,595.0,593.75,594.65,3861
2024-05-02 13:09:00,594.1,594.95,594.0,594.4,7071
2024-05-02 13:10:00,594.0,594.9,593.75,593.85,9156
2024-05-02 13:11:00,593.8,595.4,593.75,595.4,3224
2024-05-02 13:12:00,594.95,595.95,594.8,595.85,3358
2024-05-02 13:13:00,595.25,595.95,595.1,595.4,1802
2024-05-02 13:14:00,595.4,598.55,595.4,598.55,8618
2024-05-02 13:15:00,598.55,599.6,597.8,598.9,8377
2024-05-02 13:16:00,599.3,599.5,598.1,598.2,3511
2024-05-02 13:17:00,598.2,599.45,598.1,599.0,4383
2024-05-02 13:18:00,598.65,599.6,598.4,598.5,7517
2024-05-02 13:19:00,598.5,599.2,598.5,599.15,563
2024-05-02 13:20:00,598.95,599.15,598.55,598.55,2866
2024-05-02 13:21:00,598.55,598.95,598.4,598.95,1249
2024-05-02 13:22:00,598.5,600.8,598.4,600.3,10937
2024-05-02 13:23:00,600.3,600.75,599.5,600.75,2842
2024-05-02 13:24:00,600.3,600.75,599.1,599.5,5818
2024-05-02 13:25:00,599.5,600.35,599.25,600.05,6037
2024-05-02 13:26:00,600.2,600.65,599.95,600.45,1938
2024-05-02 13:27:00,600.0,600.45,599.0,600.1,5346
2024-05-02 13:28:00,599.5,599.9,598.4,599.0,5413
2024-05-02 13:29:00,599.2,600.3,598.65,600.2,4894
2024-05-02 13:30:00,599.7,600.95,599.5,600.95,4720
2024-05-02 13:31:00,600.95,602.0,600.6,601.9,9132
2024-05-02 13:32:00,601.9,602.5,601.2,601.85,8762
2024-05-02 13:33:00,601.15,602.5,600.95,602.0,12062
2024-05-02 13:34:00,601.55,602.0,601.25,602.0,5854
2024-05-02 13:35:00,601.65,602.5,601.4,602.0,13386
2024-05-02 13:36:00,602.0,602.35,601.0,601.0,3632
2024-05-02 13:37:00,601.0,601.75,601.0,601.65,2557
2024-05-02 13:38:00,601.05,601.8,600.75,601.3,2772
2024-05-02 13:39:00,601.3,601.9,600.8,601.5,3908
2024-05-02 13:40:00,601.5,601.5,600.8,601.3,1663
2024-05-02 13:41:00,601.2,602.0,601.0,601.35,3509
2024-05-02 13:42:00,601.4,602.2,601.4,601.9,2861
2024-05-02 13:43:00,601.85,602.45,601.3,602.3,5346
2024-05-02 13:44:00,602.05,602.5,601.35,602.2,2620
2024-05-02 13:45:00,602.2,602.5,600.85,600.85,34027
2024-05-02 13:46:00,601.45,602.5,600.75,601.45,5279
2024-05-02 13:47:00,601.45,602.4,601.35,601.55,2023
2024-05-02 13:48:00,601.6,601.95,601.15,601.4,1532
2024-05-02 13:49:00,601.5,602.0,601.4,602.0,793
2024-05-02 13:50:00,601.7,602.5,601.15,601.65,7148
2024-05-02 13:51:00,601.35,601.95,601.25,601.9,2069
2024-05-02 13:52:00,601.05,601.9,601.0,601.35,3639
2024-05-02 13:53:00,601.4,602.0,601.0,601.45,5503
2024-05-02 13:54:00,601.45,602.0,601.35,602.0,2868
2024-05-02 13:55:00,602.0,602.05,601.5,601.8,3005
2024-05-02 13:56:00,601.55,602.45,601.2,602.45,2989
2024-05-02 13:57:00,601.85,602.35,601.55,602.35,725
2024-05-02 13:58:00,602.0,602.45,602.0,602.4,3465
2024-05-02 13:59:00,602.0,603.35,602.0,603.35,8721
2024-05-02 14:00:00,603.0,603.95,602.8,603.5,14863
2024-05-02 14:01:00,603.6,603.7,602.65,602.7,4714
2024-05-02 14:02:00,602.7,603.95,602.7,603.95,9135
2024-05-02 14:03:00,603.85,603.95,603.1,603.35,7234
2024-05-02 14:04:00,603.2,603.5,601.55,601.9,10532
2024-05-02 14:05:00,602.0,602.0,598.0,598.5,18726
2024-05-02 14:06:00,598.0,600.85,598.0,600.35,4566
2024-05-02 14:07:00,599.85,600.0,599.1,599.3,2891
2024-05-02 14:08:00,599.2,600.4,598.1,599.0,5924
2024-05-02 14:09:00,598.8,600.0,598.7,599.5,1438
2024-05-02 14:10:00,599.0,602.75,599.0,601.75,19166
2024-05-02 14:11:00,601.65,603.95,601.65,602.95,25033
2024-05-02 14:12:00,602.5,603.0,601.45,601.75,4912
2024-05-02 14:13:00,601.45,602.2,600.9,602.0,7793
2024-05-02 14:14:00,601.65,601.9,601.0,601.8,3299
2024-05-02 14:15:00,601.8,602.5,601.0,601.2,3340
2024-05-02 14:16:00,601.2,601.35,600.0,600.2,9982
2024-05-02 14:17:00,600.2,601.75,599.8,601.65,9045
2024-05-02 14:18:00,601.7,601.7,600.85,601.5,1164
2024-05-02 14:19:00,601.3,602.5,600.85,602.0,6507
2024-05-02 14:20:00,601.7,602.0,600.8,601.5,4664
2024-05-02 14:21:00,601.0,601.5,600.5,601.0,2168
2024-05-02 14:22:00,600.85,601.4,600.35,600.8,2922
2024-05-02 14:23:00,600.8,601.4,600.35,600.6,2308
2024-05-02 14:24:00,600.5,601.1,600.5,601.0,2276
2024-05-02 14:25:00,600.8,601.0,596.95,597.4,43679
2024-05-02 14:26:00,596.6,599.0,596.6,598.75,8503
2024-05-02 14:27:00,598.6,598.85,597.15,597.75,8547
2024-05-02 14:28:00,597.75,598.0,597.2,598.0,7418
2024-05-02 14:29:00,597.55,598.0,597.25,597.8,3083
2024-05-02 14:30:00,597.9,597.9,597.15,597.65,3948
2024-05-02 14:31:00,597.75,597.95,596.15,597.45,11559
2024-05-02 14:32:00,596.95,598.0,596.9,598.0,5058
2024-05-02 14:33:00,598.0,598.75,597.6,598.45,4910
2024-05-02 14:34:00,598.45,599.0,598.0,598.4,5455
2024-05-02 14:35:00,598.65,598.9,598.15,598.8,1116
2024-05-02 14:36:00,598.4,598.8,597.55,597.65,1308
2024-05-02 14:37:00,597.65,598.0,597.0,598.0,9537
2024-05-02 14:38:00,597.7,598.55,597.3,598.0,2137
2024-05-02 14:39:00,598.0,598.0,597.4,597.6,1330
2024-05-02 14:40:00,597.7,598.0,597.45,597.95,3552
2024-05-02 14:41:00,597.95,599.0,597.95,599.0,4284
2024-05-02 14:42:00,598.5,599.0,598.4,598.9,6245
2024-05-02 14:43:00,598.95,599.0,598.3,598.7,3989
2024-05-02 14:44:00,598.7,598.7,598.1,598.7,647
2024-05-02 14:45:00,598.15,599.0,598.15,598.95,1859
2024-05-02 14:46:00,599.0,599.0,598.05,598.55,10268
2024-05-02 14:47:00,598.0,599.0,598.0,598.0,3206
2024-05-02 14:48:00,598.4,598.5,597.0,597.1,8866
2024-05-02 14:49:00,597.7,598.8,597.1,598.7,3147
2024-05-02 14:50:00,598.7,599.0,598.35,598.95,4944
2024-05-02 14:51:00,598.95,599.4,598.3,599.4,2730
2024-05-02 14:52:00,599.4,601.0,599.4,601.0,11419
2024-05-02 14:53:00,601.0,601.0,599.55,600.45,7660
2024-05-02 14:54:00,600.45,601.0,600.15,600.5,7750
2024-05-02 14:55:00,600.5,601.05,600.0,600.75,6128
2024-05-02 14:56:00,600.75,601.0,600.0,600.0,2510
2024-05-02 14:57:00,600.0,600.5,599.3,600.4,4083
2024-05-02 14:58:00,600.4,600.45,599.35,599.95,2380
2024-05-02 14:59:00,599.4,601.0,599.0,599.0,4131
2024-05-02 15:00:00,598.8,599.95,598.8,599.65,5198
2024-05-02 15:01:00,599.3,600.15,599.3,599.9,4300
2024-05-02 15:02:00,600.5,600.6,598.8,599.0,9465
2024-05-02 15:03:00,599.0,599.7,597.4,598.55,12719
2024-05-02 15:04:00,598.4,598.9,597.35,597.4,6200
2024-05-02 15:05:00,597.4,598.5,597.15,598.05,4959
2024-05-02 15:06:00,598.5,598.5,597.05,597.55,9598
2024-05-02 15:07:00,597.1,605.0,597.0,605.0,83776
2024-05-02 15:08:00,606.0,606.6,603.5,606.0,144831
2024-05-02 15:09:00,606.0,608.0,602.2,603.0,91283
2024-05-02 15:10:00,602.7,605.95,602.7,605.3,41647
2024-05-02 15:11:00,606.0,606.0,604.0,604.8,28366
2024-05-02 15:12:00,605.4,605.6,604.4,604.6,8214
2024-05-02 15:13:00,604.6,605.0,602.0,603.9,32586
2024-05-02 15:14:00,604.0,604.95,603.0,604.1,15380
2024-05-02 15:15:00,604.1,605.9,604.1,605.65,14447
2024-05-02 15:16:00,605.9,606.9,605.5,606.25,11118
2024-05-02 15:17:00,606.85,608.0,606.25,608.0,37261
2024-05-02 15:18:00,608.0,608.7,607.05,608.1,53766
2024-05-02 15:19:00,608.0,608.7,608.0,608.2,38921
2024-05-02 15:20:00,608.4,608.6,606.5,607.1,45991
2024-05-02 15:21:00,607.1,608.0,606.5,606.8,25753
2024-05-02 15:22:00,606.7,607.45,606.5,607.0,8911
2024-05-02 15:23:00,606.65,607.0,605.9,607.0,14245
2024-05-02 15:24:00,607.15,607.5,606.5,607.45,12914
2024-05-02 15:25:00,607.05,607.5,607.05,607.5,8768
2024-05-02 15:26:00,607.5,607.5,606.5,606.65,9510
2024-05-02 15:27:00,606.2,607.0,606.2,606.5,13321
2024-05-02 15:28:00,606.55,607.0,606.5,606.8,13540
2024-05-02 15:29:00,606.95,607.5,606.5,607.0,25554
2024-05-03 09:15:00,610.0,614.0,607.05,607.9,83110
2024-05-03 09:16:00,607.3,608.4,603.25,607.0,38411
2024-05-03 09:17:00,606.0,606.2,602.0,603.6,43125
2024-05-03 09:18:00,603.6,603.6,601.0,602.25,15929
2024-05-03 09:19:00,602.9,602.9,601.0,602.3,11747
2024-05-03 09:20:00,602.15,603.95,602.15,603.15,8799
2024-05-03 09:21:00,603.35,604.2,602.55,604.05,12458
2024-05-03 09:22:00,604.2,606.55,603.0,606.05,17766
2024-05-03 09:23:00,606.0,608.0,605.3,606.15,18772
2024-05-03 09:24:00,606.0,607.0,605.15,605.25,21874
2024-05-03 09:25:00,605.25,607.55,604.05,606.55,9565
2024-05-03 09:26:00,606.55,608.0,606.55,608.0,12106
2024-05-03 09:27:00,608.0,608.9,607.45,608.7,11631
2024-05-03 09:28:00,608.5,610.45,608.5,609.1,26481
2024-05-03 09:29:00,609.05,610.9,608.3,610.0,40800
2024-05-03 09:30:00,610.05,610.75,606.6,607.55,27278
2024-05-03 09:31:00,607.15,608.85,606.95,607.5,11929
2024-05-03 09:32:00,607.6,608.0,606.6,607.9,12232
2024-05-03 09:33:00,607.9,607.9,606.5,607.1,5201
2024-05-03 09:34:00,607.35,607.7,606.8,607.0,3350
2024-05-03 09:35:00,607.0,607.7,606.85,607.3,4225
2024-05-03 09:36:00,607.0,607.5,607.0,607.35,2875
2024-05-03 09:37:00,607.0,607.2,606.25,606.3,4894
2024-05-03 09:38:00,606.3,607.95,605.55,606.0,9571
2024-05-03 09:39:00,605.55,606.3,605.2,606.0,4349
2024-05-03 09:40:00,605.85,606.5,605.3,606.5,2766
2024-05-03 09:41:00,606.15,606.9,606.0,606.0,2672
2024-05-03 09:42:00,606.0,606.4,604.7,606.0,7581
2024-05-03 09:43:00,605.65,606.25,605.25,605.9,2842
2024-05-03 09:44:00,605.4,606.9,605.25,606.9,9161
2024-05-03 09:45:00,606.35,607.0,606.0,606.0,6064
2024-05-03 09:46:00,606.05,606.6,606.0,606.5,1644
2024-05-03 09:47:00,606.3,606.9,606.1,606.9,2057
2024-05-03 09:48:00,606.55,607.0,606.15,607.0,2022
2024-05-03 09:49:00,606.65,608.0,606.6,607.25,3957
2024-05-03 09:50:00,607.0,608.0,607.0,608.0,3275
2024-05-03 09:51:00,607.95,610.3,607.95,609.5,10731
2024-05-03 09:52:00,609.5,611.6,609.5,611.3,15241
2024-05-03 09:53:00,610.75,611.25,610.1,610.95,8622
2024-05-03 09:54:00,610.65,612.05,610.0,612.05,11020
2024-05-03 09:55:00,611.8,614.3,611.4,612.25,33300
2024-05-03 09:56:00,612.8,613.65,612.0,612.4,22015
2024-05-03 09:57:00,611.55,613.7,611.55,613.05,10026
2024-05-03 09:58:00,612.65,614.4,611.4,612.95,14131
2024-05-03 09:59:00,612.95,613.35,611.5,611.9,4568
2024-05-03 10:00:00,611.5,611.95,609.1,609.15,4814
2024-05-03 10:01:00,609.15,610.5,608.5,610.1,7170
2024-05-03 10:02:00,610.0,610.85,609.6,610.75,3704
2024-05-03 10:03:00,610.2,610.9,609.9,610.9,3308
2024-05-03 10:04:00,610.45,612.0,610.1,611.35,3198
2024-05-03 10:05:00,611.3,612.4,609.5,609.5,5518
2024-05-03 10:06:00,609.5,610.05,608.75,609.5,3649
2024-05-03 10:07:00,609.3,611.0,609.2,609.95,2995
2024-05-03 10:08:00,609.5,610.5,608.65,609.7,3616
2024-05-03 10:09:00,609.1,609.1,607.05,607.05,7464
2024-05-03 10:10:00,607.0,608.1,607.0,608.1,2495
2024-05-03 10:11:00,607.9,608.95,607.9,608.8,1349
2024-05-03 10:12:00,608.3,612.25,608.3,610.6,13091
2024-05-03 10:13:00,610.55,611.15,610.05,610.6,3614
2024-05-03 10:14:00,610.15,610.6,608.9,610.0,8404
2024-05-03 10:15:00,609.8,610.05,608.8,609.5,2679
2024-05-03 10:16:00,609.1,609.5,608.0,608.5,4954
2024-05-03 10:17:00,608.3,610.6,608.3,610.3,5365
2024-05-03 10:18:00,610.3,611.5,609.9,611.25,6636
2024-05-03 10:19:00,610.6,611.7,610.3,611.0,3219
2024-05-03 10:20:00,610.55,611.5,610.25,611.5,4237
2024-05-03 10:21:00,611.1,611.7,610.35,610.95,6558
2024-05-03 10:22:00,610.55,611.0,608.15,608.15,5631
2024-05-03 10:23:00,608.4,610.4,607.55,609.4,5912
2024-05-03 10:24:00,609.45,610.15,609.25,609.5,1682
2024-05-03 10:25:00,609.5,609.8,609.0,609.65,1746
2024-05-03 10:26:00,609.25,610.0,609.0,609.05,3028
2024-05-03 10:27:00,609.05,609.25,608.2,609.0,2825
2024-05-03 10:28:00,608.7,609.5,608.7,609.0,924
2024-05-03 10:29:00,609.0,609.25,608.5,608.9,1980
2024-05-03 10:30:00,608.6,609.05,608.0,608.0,2763
2024-05-03 10:31:00,608.2,609.0,608.0,608.25,2704
2024-05-03 10:32:00,608.65,608.85,608.05,608.7,813
2024-05-03 10:33:00,608.1,608.95,608.05,608.8,1016
2024-05-03 10:34:00,608.35,608.8,608.05,608.05,1793
2024-05-03 10:35:00,608.05,609.25,608.05,609.25,2769
2024-05-03 10:36:00,608.7,609.25,606.5,606.75,13159
2024-05-03 10:37:00,607.8,611.0,606.75,610.3,65597
2024-05-03 10:38:00,609.95,610.3,606.4,606.4,18176
2024-05-03 10:39:00,605.85,607.95,605.6,607.95,52637
2024-05-03 10:40:00,607.95,609.0,606.5,606.85,29794
2024-05-03 10:41:00,606.65,608.0,606.6,607.65,4101
2024-05-03 10:42:00,607.0,607.65,607.0,607.1,1027
2024-05-03 10:43:00,607.55,608.3,607.25,607.6,2272
2024-05-03 10:44:00,607.6,608.05,607.25,608.05,2618
2024-05-03 10:45:00,607.65,608.3,607.55,607.6,1500
2024-05-03 10:46:00,607.55,608.15,607.25,608.1,2304
2024-05-03 10:47:00,607.7,608.3,607.5,608.05,276
2024-05-03 10:48:00,608.05,608.6,608.0,608.0,748
2024-05-03 10:49:00,607.7,608.5,607.65,608.5,2013
2024-05-03 10:50:00,608.25,608.45,608.0,608.1,1214
2024-05-03 10:51:00,608.05,608.2,607.25,607.65,1773
2024-05-03 10:52:00,607.4,607.85,606.9,607.2,5242
2024-05-03 10:53:00,607.9,608.25,607.2,607.85,3959
2024-05-03 10:54:00,607.85,608.25,607.8,608.0,318
2024-05-03 10:55:00,607.85,608.25,607.5,608.05,1728
2024-05-03 10:56:00,607.9,608.25,607.9,608.15,1378
2024-05-03 10:57:00,607.75,608.25,607.25,607.25,2268
2024-05-03 10:58:00,607.25,608.15,607.25,607.95,777
2024-05-03 10:59:00,607.55,608.0,607.3,608.0,805
2024-05-03 11:00:00,607.6,608.0,607.25,608.0,2407
2024-05-03 11:01:00,607.55,607.9,606.55,607.25,2212
2024-05-03 11:02:00,607.3,607.85,607.05,607.15,2034
2024-05-03 11:03:00,607.0,607.8,607.0,607.5,556
2024-05-03 11:04:00,607.25,607.5,606.5,607.0,1446
2024-05-03 11:05:00,607.0,607.15,606.1,606.4,1786
2024-05-03 11:06:00,606.4,606.85,605.95,606.25,1382
2024-05-03 11:07:00,606.25,606.75,606.1,606.1,725
2024-05-03 11:08:00,606.05,607.5,606.05,606.65,1979
2024-05-03 11:09:00,606.25,607.0,603.1,604.5,16989
2024-05-03 11:10:00,604.2,604.3,602.8,603.7,10423
2024-05-03 11:11:00,603.1,603.55,601.45,601.95,10743
2024-05-03 11:12:00,601.95,602.95,601.35,602.95,5496
2024-05-03 11:13:00,602.3,602.95,602.0,602.0,6701
2024-05-03 11:14:00,601.8,602.0,601.1,601.1,999
2024-05-03 11:15:00,601.1,601.55,599.5,599.5,11821
2024-05-03 11:16:00,599.35,601.95,599.0,601.0,9127
2024-05-03 11:17:00,601.0,601.55,600.5,601.0,759
2024-05-03 11:18:00,600.5,600.85,599.55,600.6,3455
2024-05-03 11:19:00,600.45,601.0,598.05,598.65,5727
2024-05-03 11:20:00,598.85,599.9,597.8,597.8,6823
2024-05-03 11:21:00,597.8,599.25,597.75,598.5,2408
2024-05-03 11:22:00,598.55,599.25,595.6,596.95,5518
2024-05-03 11:23:00,596.25,598.45,596.25,597.15,8951
2024-05-03 11:24:00,596.5,596.95,595.3,596.1,3823
2024-05-03 11:25:00,596.1,597.95,596.0,597.0,3428
2024-05-03 11:26:00,597.35,597.9,597.0,597.65,1286
2024-05-03 11:27:00,597.25,599.1,597.25,598.9,3164
2024-05-03 11:28:00,598.5,599.65,598.45,599.65,2305
2024-05-03 11:29:00,599.3,599.95,598.55,599.35,3797
2024-05-03 11:30:00,599.0,599.35,598.2,598.2,2295
2024-05-03 11:31:00,598.2,598.5,598.0,598.35,650
2024-05-03 11:32:00,598.1,598.8,598.0,598.65,349
2024-05-03 11:33:00,598.05,598.95,597.7,598.95,1717
2024-05-03 11:34:00,598.2,598.75,597.3,597.8,2505
2024-05-03 11:35:00,597.55,598.8,597.0,598.8,3265
2024-05-03 11:36:00,598.3,598.65,596.1,596.1,1525
2024-05-03 11:37:00,596.1,597.95,596.1,597.0,3290
2024-05-03 11:38:00,596.9,597.5,596.0,596.45,3522
2024-05-03 11:39:00,596.0,596.8,596.0,596.0,1381
2024-05-03 11:40:00,596.0,596.0,593.05,593.8,13060
2024-05-03 11:41:00,593.25,595.05,593.15,594.0,4829
2024-05-03 11:42:00,593.6,596.75,593.5,596.1,3735
2024-05-03 11:43:00,595.35,597.95,594.9,596.9,2442
2024-05-03 11:44:00,596.4,596.45,595.0,596.45,7773
2024-05-03 11:45:00,595.85,596.75,595.3,596.7,1697
2024-05-03 11:46:00,596.15,596.2,593.5,593.85,5266
2024-05-03 11:47:00,594.1,594.95,593.55,594.5,2590
2024-05-03 11:48:00,593.75,594.85,593.15,593.75,2248
2024-05-03 11:49:00,593.35,594.15,593.0,593.75,3803
2024-05-03 11:50:00,594.1,594.25,593.15,593.8,2146
2024-05-03 11:51:00,593.4,593.5,592.2,592.75,2730
2024-05-03 11:52:00,592.75,593.4,592.35,592.35,2127
2024-05-03 11:53:00,592.2,593.65,592.2,593.65,3398
2024-05-03 11:54:00,593.1,593.1,591.4,592.2,3814
2024-05-03 11:55:00,592.2,592.7,590.35,591.5,9675
2024-05-03 11:56:00,591.45,594.0,590.55,593.4,9195
2024-05-03 11:57:00,593.95,595.15,593.1,594.9,4302
2024-05-03 11:58:00,594.25,594.65,593.0,594.1,6528
2024-05-03 11:59:00,593.45,593.8,593.0,593.6,2128
2024-05-03 12:00:00,593.05,593.85,593.05,593.2,1150
2024-05-03 12:01:00,593.35,594.8,592.6,592.65,8023
2024-05-03 12:02:00,592.4,592.95,592.0,592.3,1091
2024-05-03 12:03:00,592.45,594.25,592.25,592.8,1806
2024-05-03 12:04:00,592.85,593.75,592.65,593.15,1430
2024-05-03 12:05:00,592.7,592.7,591.2,592.0,7789
2024-05-03 12:06:00,591.8,592.95,590.15,592.65,3474
2024-05-03 12:07:00,591.55,593.0,590.4,592.5,1942
2024-05-03 12:08:00,592.5,592.65,591.4,591.85,2460
2024-05-03 12:09:00,591.6,591.85,590.15,591.35,2544
2024-05-03 12:10:00,590.85,591.3,590.15,591.3,2807
2024-05-03 12:11:00,590.5,590.5,588.0,588.6,8308
2024-05-03 12:12:00,588.65,590.95,588.1,590.35,2920
2024-05-03 12:13:00,590.85,590.95,589.3,590.9,1702
2024-05-03 12:14:00,590.5,590.85,589.15,590.25,1790
2024-05-03 12:15:00,590.0,590.55,588.35,589.35,2658
2024-05-03 12:16:00,589.35,590.75,589.3,590.55,2368
2024-05-03 12:17:00,591.1,591.8,590.0,590.85,4279
2024-05-03 12:18:00,590.3,590.95,589.15,589.85,3950
2024-05-03 12:19:00,589.45,590.95,589.45,590.75,1460
2024-05-03 12:20:00,590.35,590.7,589.25,590.7,2338
2024-05-03 12:21:00,590.7,591.0,590.1,591.0,5731
2024-05-03 12:22:00,590.6,592.0,590.4,591.2,2992
2024-05-03 12:23:00,591.55,592.9,591.0,592.0,1926
2024-05-03 12:24:00,592.0,592.95,591.0,591.0,2000
2024-05-03 12:25:00,591.0,593.5,591.0,593.05,2795
2024-05-03 12:26:00,593.05,594.0,592.45,593.95,6807
2024-05-03 12:27:00,593.6,594.5,593.1,593.55,3152
2024-05-03 12:28:00,593.35,594.85,593.35,594.8,2622
2024-05-03 12:29:00,594.8,594.8,593.4,593.45,4848
2024-05-03 12:30:00,593.5,593.5,592.2,592.75,4104
2024-05-03 12:31:00,592.4,593.4,592.05,592.05,1293
2024-05-03 12:32:00,592.05,593.35,592.0,593.1,1164
2024-05-03 12:33:00,593.0,593.4,592.15,593.1,2613
2024-05-03 12:34:00,592.45,593.15,592.0,592.45,1349
2024-05-03 12:35:00,592.0,593.1,592.0,593.0,1694
2024-05-03 12:36:00,592.8,592.8,592.15,592.6,1267
2024-05-03 12:37:00,592.5,592.8,592.05,592.2,1310
2024-05-03 12:38:00,592.45,593.8,592.45,593.55,1590
2024-05-03 12:39:00,593.1,594.4,593.0,593.25,1831
2024-05-03 12:40:00,593.0,593.1,592.25,593.1,1252
2024-05-03 12:41:00,593.0,593.25,592.15,593.25,1671
2024-05-03 12:42:00,592.8,593.5,592.75,593.05,1318
2024-05-03 12:43:00,593.0,593.05,592.4,592.8,1309
2024-05-03 12:44:00,592.5,593.05,592.2,593.05,1766
2024-05-03 12:45:00,592.7,593.3,592.5,593.3,1642
2024-05-03 12:46:00,593.05,593.5,592.5,592.8,1527
2024-05-03 12:47:00,592.5,595.25,592.3,595.0,6856
2024-05-03 12:48:00,594.95,595.05,594.0,594.0,2255
2024-05-03 12:49:00,594.0,595.0,593.1,594.05,5402
2024-05-03 12:50:00,594.05,594.05,592.5,593.0,1874
2024-05-03 12:51:00,592.8,592.8,591.0,591.0,3379
2024-05-03 12:52:00,591.05,591.4,590.6,590.85,2882
2024-05-03 12:53:00,590.9,591.1,588.65,589.4,10982
2024-05-03 12:54:00,588.6,590.25,588.2,589.9,2132
2024-05-03 12:55:00,590.0,590.25,589.1,589.1,1557
2024-05-03 12:56:00,589.0,589.6,588.05,588.55,3779
2024-05-03 12:57:00,588.1,588.1,586.3,587.65,9818
2024-05-03 12:58:00,587.65,588.2,587.3,587.45,2362
2024-05-03 12:59:00,587.45,587.9,586.75,586.75,3291
2024-05-03 13:00:00,587.0,588.0,586.7,587.85,3172
2024-05-03 13:01:00,587.5,588.25,587.4,588.05,1504
2024-05-03 13:02:00,587.5,588.2,587.4,588.0,1482
2024-05-03 13:03:00,587.55,588.8,587.05,587.5,2123
2024-05-03 13:04:00,587.05,588.8,587.0,588.45,1832
2024-05-03 13:05:00,588.05,589.25,587.75,589.25,2383
2024-05-03 13:06:00,589.4,589.4,588.4,588.5,1583
2024-05-03 13:07:00,588.5,589.9,588.4,589.5,1196
2024-05-03 13:08:00,589.1,590.3,588.05,588.4,2870
2024-05-03 13:09:00,588.4,590.05,588.0,589.65,3773
2024-05-03 13:10:00,589.05,589.9,588.9,589.45,1209
2024-05-03 13:11:00,589.45,589.65,588.0,589.4,2715
2024-05-03 13:12:00,589.1,590.55,589.0,590.55,2357
2024-05-03 13:13:00,590.55,590.7,590.0,590.3,1419
2024-05-03 13:14:00,590.0,590.3,588.8,589.0,1811
2024-05-03 13:15:00,588.2,589.85,588.0,589.2,1500
2024-05-03 13:16:00,588.0,589.6,588.0,588.7,3778
2024-05-03 13:17:00,588.2,589.55,588.1,588.7,1192
2024-05-03 13:18:00,588.7,588.7,587.4,588.4,4619
2024-05-03 13:19:00,587.9,588.5,587.65,588.2,4056
2024-05-03 13:20:00,588.0,588.1,587.55,587.95,2629
2024-05-03 13:21:00,587.55,588.0,587.35,587.7,1870
2024-05-03 13:22:00,587.7,587.95,587.2,587.95,1995
2024-05-03 13:23:00,587.65,587.95,586.7,586.75,5132
2024-05-03 13:24:00,586.3,587.0,584.5,586.0,11355
2024-05-03 13:25:00,585.85,588.0,585.85,587.45,4975
2024-05-03 13:26:00,587.45,588.5,587.4,587.9,2842
2024-05-03 13:27:00,587.4,588.3,586.9,587.0,3835
2024-05-03 13:28:00,586.9,588.2,586.75,587.7,2614
2024-05-03 13:29:00,587.6,587.9,587.0,587.9,1465
2024-05-03 13:30:00,587.35,587.5,586.5,587.5,1127
2024-05-03 13:31:00,587.35,587.35,586.8,586.8,686
2024-05-03 13:32:00,586.75,587.6,586.0,586.8,6409
2024-05-03 13:33:00,587.05,587.05,586.05,586.75,470
2024-05-03 13:34:00,586.8,587.9,586.55,587.25,2253
2024-05-03 13:35:00,587.25,587.8,586.2,586.65,1672
2024-05-03 13:36:00,586.65,587.0,586.65,586.95,416
2024-05-03 13:37:00,586.7,587.0,586.0,586.8,1285
2024-05-03 13:38:00,586.3,586.95,586.2,586.8,959
2024-05-03 13:39:00,586.5,587.0,585.0,587.0,3422
2024-05-03 13:40:00,586.35,586.45,585.3,585.65,4664
2024-05-03 13:41:00,586.1,586.1,582.7,583.2,6351
2024-05-03 13:42:00,583.7,584.75,582.8,583.4,18014
2024-05-03 13:43:00,584.0,586.95,583.95,586.95,14057
2024-05-03 13:44:00,586.25,586.65,585.15,586.15,3129
2024-05-03 13:45:00,585.6,586.5,585.45,586.05,2135
2024-05-03 13:46:00,586.0,586.5,585.0,586.35,9660
2024-05-03 13:47:00,585.8,585.8,585.2,585.45,816
2024-05-03 13:48:00,585.0,586.0,585.0,586.0,679
2024-05-03 13:49:00,586.3,586.65,586.0,586.2,697
2024-05-03 13:50:00,585.75,586.6,585.0,585.6,1281
2024-05-03 13:51:00,585.25,586.0,585.1,585.4,737
2024-05-03 13:52:00,585.1,585.5,584.35,584.9,2087
2024-05-03 13:53:00,584.35,585.0,584.0,584.85,2423
2024-05-03 13:54:00,584.4,585.8,583.1,584.0,7975
2024-05-03 13:55:00,584.0,584.45,580.4,580.95,13255
2024-05-03 13:56:00,580.4,584.0,580.4,582.55,10294
2024-05-03 13:57:00,581.8,583.05,581.15,582.25,3663
2024-05-03 13:58:00,581.8,583.1,581.5,582.05,4776
2024-05-03 13:59:00,581.75,584.9,581.75,584.9,7178
2024-05-03 14:00:00,584.35,585.6,583.55,583.8,9507
2024-05-03 14:01:00,583.8,584.6,582.05,583.45,8485
2024-05-03 14:02:00,583.05,584.0,583.05,584.0,6985
2024-05-03 14:03:00,584.0,584.0,583.85,584.0,348
2024-05-03 14:04:00,583.9,584.95,583.5,584.95,2501
2024-05-03 14:05:00,584.7,585.55,584.7,585.55,632
2024-05-03 14:06:00,585.55,587.35,585.3,587.25,3658
2024-05-03 14:07:00,587.25,587.25,586.0,586.05,2457
2024-05-03 14:08:00,585.5,586.7,585.5,585.85,505
2024-05-03 14:09:00,585.85,586.5,585.35,586.3,781
2024-05-03 14:10:00,586.3,588.15,586.3,587.2,9087
2024-05-03 14:11:00,587.05,588.3,586.55,588.3,4704
2024-05-03 14:12:00,588.3,589.8,588.25,589.8,5323
2024-05-03 14:13:00,589.5,590.0,588.95,589.0,4074
2024-05-03 14:14:00,589.25,590.5,588.95,590.5,2504
2024-05-03 14:15:00,590.2,593.65,590.2,593.45,8587
2024-05-03 14:16:00,592.9,593.4,591.2,591.8,4291
2024-05-03 14:17:00,591.65,593.0,591.0,591.1,3236
2024-05-03 14:18:00,590.9,591.9,590.9,591.9,775
2024-05-03 14:19:00,591.5,591.85,590.1,590.15,603
2024-05-03 14:20:00,589.95,590.95,589.95,590.5,3534
2024-05-03 14:21:00,590.5,590.9,589.2,589.5,2359
2024-05-03 14:22:00,589.45,589.9,589.4,589.75,808
2024-05-03 14:23:00,589.5,590.05,589.5,589.55,834
2024-05-03 14:24:00,589.7,590.0,589.0,589.0,1216
2024-05-03 14:25:00,588.95,590.2,588.55,589.65,14674
2024-05-03 14:26:00,589.15,590.0,589.15,589.65,552
2024-05-03 14:27:00,589.3,589.4,588.1,589.4,1979
2024-05-03 14:28:00,589.5,589.9,589.45,589.45,476
2024-05-03 14:29:00,589.45,590.9,589.45,589.95,3137
2024-05-03 14:30:00,589.95,592.05,589.9,591.3,6771
2024-05-03 14:31:00,591.3,591.7,590.7,590.7,1955
2024-05-03 14:32:00,590.7,591.0,590.5,590.55,4154
2024-05-03 14:33:00,590.55,591.95,590.0,591.45,3731
2024-05-03 14:34:00,591.45,593.0,591.45,592.6,3750
2024-05-03 14:35:00,593.25,594.4,593.0,593.35,10923
2024-05-03 14:36:00,593.9,594.4,592.9,593.7,3141
2024-05-03 14:37:00,593.9,594.3,593.2,593.9,1752
2024-05-03 14:38:00,593.9,593.95,593.3,593.95,673
2024-05-03 14:39:00,593.95,594.4,593.8,594.05,1579
2024-05-03 14:40:00,594.05,594.3,593.7,593.8,1490
2024-05-03 14:41:00,593.85,594.0,593.3,593.9,3067
2024-05-03 14:42:00,593.9,594.9,593.2,594.9,7566
2024-05-03 14:43:00,594.9,594.9,593.55,594.9,2817
2024-05-03 14:44:00,594.9,597.0,594.5,597.0,15748
2024-05-03 14:45:00,597.05,597.65,596.0,597.5,8881
2024-05-03 14:46:00,598.0,599.3,597.4,598.0,14337
2024-05-03 14:47:00,598.0,600.6,597.6,599.5,12506
2024-05-03 14:48:00,599.5,600.0,599.1,600.0,1293
2024-05-03 14:49:00,600.0,600.3,598.0,598.45,13616
2024-05-03 14:50:00,598.4,600.0,597.6,599.45,7831
2024-05-03 14:51:00,600.05,600.05,599.15,599.2,1253
2024-05-03 14:52:00,599.0,599.0,598.65,598.75,1123
2024-05-03 14:53:00,598.75,599.0,598.65,598.75,585
2024-05-03 14:54:00,598.9,599.0,598.65,598.7,1103
2024-05-03 14:55:00,598.05,598.7,598.05,598.45,2632
2024-05-03 14:56:00,598.4,598.4,598.1,598.4,559
2024-05-03 14:57:00,598.35,598.4,597.65,597.65,970
2024-05-03 14:58:00,597.65,597.95,597.6,597.85,717
2024-05-03 14:59:00,597.9,599.95,597.8,599.85,8562
2024-05-03 15:00:00,599.95,600.0,599.7,599.9,1285
2024-05-03 15:01:00,599.9,599.95,599.5,599.85,3503
2024-05-03 15:02:00,599.95,600.0,599.45,600.0,1436
2024-05-03 15:03:00,600.0,600.0,599.3,599.9,905
2024-05-03 15:04:00,599.95,602.5,599.95,601.9,10761
2024-05-03 15:05:00,601.9,601.9,600.75,601.0,2559
2024-05-03 15:06:00,601.0,602.0,600.85,601.15,7941
2024-05-03 15:07:00,601.15,601.65,600.2,600.2,1176
2024-05-03 15:08:00,601.0,601.0,600.0,600.65,3318
2024-05-03 15:09:00,600.4,600.85,600.0,600.0,2012
2024-05-03 15:10:00,600.55,600.85,600.5,600.85,3996
2024-05-03 15:11:00,600.85,600.9,600.55,600.85,1289
2024-05-03 15:12:00,600.85,600.9,600.45,600.8,1844
2024-05-03 15:13:00,600.8,602.0,600.8,602.0,3970
2024-05-03 15:14:00,602.0,603.0,601.5,601.5,5496
2024-05-03 15:15:00,601.85,601.9,600.05,600.85,4236
2024-05-03 15:16:00,600.85,601.0,599.05,599.75,6482
2024-05-03 15:17:00,599.8,599.85,598.7,598.7,1291
2024-05-03 15:18:00,598.6,599.3,596.55,598.0,10471
2024-05-03 15:19:00,598.0,599.95,597.55,599.55,12673
2024-05-03 15:20:00,599.9,602.9,598.9,600.65,24918
2024-05-03 15:21:00,600.7,601.05,599.9,601.05,5673
2024-05-03 15:22:00,601.05,601.8,601.0,601.8,2170
2024-05-03 15:23:00,601.85,601.9,601.4,601.7,1551
2024-05-03 15:24:00,601.7,602.55,601.7,602.4,4497
2024-05-03 15:25:00,602.55,602.95,602.05,602.5,3742
2024-05-03 15:26:00,602.5,602.65,601.8,602.0,4613
2024-05-03 15:27:00,602.4,602.4,601.6,602.0,7694
2024-05-03 15:28:00,602.0,602.0,600.35,601.2,4483
2024-05-03 15:29:00,601.2,602.0,600.0,600.0,10676
2024-05-06 09:15:00,604.9,605.0,593.0,593.2,17115
2024-05-06 09:16:00,593.85,596.2,591.75,591.75,7166
2024-05-06 09:17:00,591.95,594.0,591.15,591.15,6530
2024-05-06 09:18:00,592.15,592.15,590.0,590.65,5160
2024-05-06 09:19:00,591.1,593.5,590.0,591.8,6425
2024-05-06 09:20:00,591.55,592.45,586.45,587.05,23063
2024-05-06 09:21:00,586.4,589.05,586.3,587.0,9476
2024-05-06 09:22:00,587.1,587.1,585.3,586.25,4866
2024-05-06 09:23:00,586.9,587.0,583.0,584.4,7471
2024-05-06 09:24:00,583.9,585.3,583.4,584.65,12210
2024-05-06 09:25:00,583.85,587.55,583.5,586.75,12409
2024-05-06 09:26:00,586.75,586.75,584.0,585.45,8123
2024-05-06 09:27:00,585.0,585.8,583.1,584.2,7498
2024-05-06 09:28:00,584.35,584.55,583.5,584.0,1454
2024-05-06 09:29:00,583.8,585.2,583.65,584.65,10061
2024-05-06 09:30:00,584.1,586.3,584.1,584.85,3523
2024-05-06 09:31:00,585.5,586.35,584.65,585.5,2298
2024-05-06 09:32:00,585.8,585.8,584.25,585.1,7155
2024-05-06 09:33:00,585.0,585.1,584.0,584.5,2226
2024-05-06 09:34:00,584.5,584.5,583.2,583.85,3925
2024-05-06 09:35:00,584.35,584.35,581.1,581.8,9707
2024-05-06 09:36:00,581.05,581.8,577.7,577.7,4044
2024-05-06 09:37:00,578.35,578.35,575.4,576.9,29368
2024-05-06 09:38:00,576.9,578.25,575.1,578.25,14087
2024-05-06 09:39:00,578.4,578.4,575.1,576.5,8698
2024-05-06 09:40:00,576.5,576.7,575.1,575.2,6242
2024-05-06 09:41:00,575.2,576.6,575.1,575.65,13537
2024-05-06 09:42:00,575.8,576.85,575.1,576.05,3130
2024-05-06 09:43:00,576.05,577.4,575.35,576.7,4163
2024-05-06 09:44:00,577.45,580.9,576.65,579.85,4176
2024-05-06 09:45:00,579.9,582.0,579.75,582.0,6512
2024-05-06 09:46:00,581.95,582.45,580.05,581.4,2315
2024-05-06 09:47:00,581.4,581.4,578.3,579.05,2913
2024-05-06 09:48:00,579.2,580.45,578.05,578.85,5513
2024-05-06 09:49:00,578.85,579.1,578.05,579.1,1439
2024-05-06 09:50:00,579.0,580.0,577.6,580.0,14126
2024-05-06 09:51:00,580.0,580.45,578.1,579.7,6909
2024-05-06 09:52:00,579.9,579.9,577.5,577.5,4527
2024-05-06 09:53:00,577.5,578.55,577.5,578.25,944
2024-05-06 09:54:00,578.5,580.25,577.2,579.65,1803
2024-05-06 09:55:00,580.3,581.6,577.75,579.1,11086
2024-05-06 09:56:00,579.3,580.5,578.9,579.65,3668
2024-05-06 09:57:00,579.05,579.5,577.55,578.5,1166
2024-05-06 09:58:00,578.5,578.85,578.0,578.35,1550
2024-05-06 09:59:00,578.4,578.4,577.2,577.8,6567
2024-05-06 10:00:00,577.8,577.8,576.15,576.55,2843
2024-05-06 10:01:00,576.55,577.05,575.25,575.25,7325
2024-05-06 10:02:00,575.25,576.75,575.25,575.9,1573
2024-05-06 10:03:00,576.05,576.3,575.25,575.8,10356
2024-05-06 10:04:00,575.9,576.4,575.1,576.4,16991
2024-05-06 10:05:00,576.35,576.95,575.65,576.95,1367
2024-05-06 10:06:00,576.95,576.95,575.15,575.3,6300
2024-05-06 10:07:00,575.85,576.45,575.1,575.1,8079
2024-05-06 10:08:00,575.1,576.0,575.1,575.7,1174
2024-05-06 10:09:00,575.7,575.7,572.5,574.45,33512
2024-05-06 10:10:00,574.0,574.35,573.5,573.5,788
2024-05-06 10:11:00,573.75,575.75,573.75,575.75,675
2024-05-06 10:12:00,576.6,577.7,576.6,576.75,7352
2024-05-06 10:13:00,576.75,577.5,576.5,577.15,1224
2024-05-06 10:14:00,577.15,577.65,576.05,577.65,2887
2024-05-06 10:15:00,577.3,577.65,574.45,574.45,2028
2024-05-06 10:16:00,575.1,576.6,574.6,576.6,2288
2024-05-06 10:17:00,576.4,576.5,575.0,575.0,1125
2024-05-06 10:18:00,575.0,576.0,573.7,574.3,6614
2024-05-06 10:19:00,574.75,576.65,574.4,576.65,743
2024-05-06 10:20:00,576.6,577.3,576.1,577.25,1419
2024-05-06 10:21:00,577.25,577.95,577.0,577.95,621
2024-05-06 10:22:00,578.4,579.85,577.9,579.85,2789
2024-05-06 10:23:00,579.85,580.6,578.35,578.9,2087
2024-05-06 10:24:00,578.2,580.15,578.2,580.15,2059
2024-05-06 10:25:00,580.35,580.35,579.4,579.9,3269
2024-05-06 10:26:00,579.9,580.75,579.35,580.5,544
2024-05-06 10:27:00,580.8,581.25,580.05,581.25,2356
2024-05-06 10:28:00,580.75,581.45,580.15,581.3,5085
2024-05-06 10:29:00,581.3,583.1,581.3,581.7,5155
2024-05-06 10:30:00,581.7,582.55,581.25,581.8,2855
2024-05-06 10:31:00,582.45,582.85,581.0,581.7,2832
2024-05-06 10:32:00,581.7,582.05,581.05,581.45,1113
2024-05-06 10:33:00,581.45,582.7,581.45,582.7,1594
2024-05-06 10:34:00,582.7,583.2,582.4,582.4,965
2024-05-06 10:35:00,582.4,582.45,581.55,582.0,1059
2024-05-06 10:36:00,582.0,582.5,581.05,582.05,722
2024-05-06 10:37:00,582.5,582.5,581.65,581.9,675
2024-05-06 10:38:00,581.9,581.9,581.8,581.9,23
2024-05-06 10:39:00,581.9,582.0,581.85,581.85,388
2024-05-06 10:40:00,581.85,582.0,581.05,581.5,300
2024-05-06 10:41:00,581.5,581.5,580.2,581.0,2591
2024-05-06 10:42:00,581.45,581.45,580.6,581.4,197
2024-05-06 10:43:00,581.35,581.6,581.1,581.6,1216
2024-05-06 10:44:00,581.6,581.65,581.1,581.1,324
2024-05-06 10:45:00,581.05,581.55,580.65,581.15,1388
2024-05-06 10:46:00,581.15,581.15,580.05,580.65,517
2024-05-06 10:47:00,580.65,580.7,579.0,580.2,3676
2024-05-06 10:48:00,580.5,581.5,580.3,581.5,894
2024-05-06 10:49:00,581.5,582.5,581.25,582.5,1181
2024-05-06 10:50:00,582.5,582.5,582.25,582.3,408
2024-05-06 10:51:00,582.5,583.2,582.4,583.05,1557
2024-05-06 10:52:00,582.6,584.75,582.6,584.75,4158
2024-05-06 10:53:00,584.75,584.8,584.05,584.7,1381
2024-05-06 10:54:00,584.2,584.8,584.2,584.8,707
2024-05-06 10:55:00,584.8,584.8,583.7,584.65,1702
2024-05-06 10:56:00,584.65,584.65,583.45,584.0,672
2024-05-06 10:57:00,584.0,584.0,583.25,583.95,425
2024-05-06 10:58:00,583.95,584.0,583.35,583.35,407
2024-05-06 10:59:00,583.65,583.8,582.7,583.8,940
2024-05-06 11:00:00,583.8,585.3,583.3,585.3,4448
2024-05-06 11:01:00,585.3,585.3,583.55,583.55,5180
2024-05-06 11:02:00,583.55,584.25,583.25,583.35,1579
2024-05-06 11:03:00,583.35,585.25,583.35,585.25,3135
2024-05-06 11:04:00,585.25,585.75,584.0,584.65,3234
2024-05-06 11:05:00,584.4,585.6,584.4,584.85,939
2024-05-06 11:06:00,584.85,585.2,584.0,585.1,1006
2024-05-06 11:07:00,585.1,585.1,584.05,584.25,694
2024-05-06 11:08:00,584.25,585.1,584.25,585.0,636
2024-05-06 11:09:00,585.0,585.0,583.25,583.25,1366
2024-05-06 11:10:00,583.25,584.4,583.25,583.75,386
2024-05-06 11:11:00,583.9,584.35,582.6,584.3,1819
2024-05-06 11:12:00,583.8,584.4,583.6,583.6,799
2024-05-06 11:13:00,583.6,585.0,583.45,585.0,692
2024-05-06 11:14:00,585.0,585.0,583.2,583.95,1131
2024-05-06 11:15:00,583.95,583.95,583.0,583.75,507
2024-05-06 11:16:00,583.75,584.0,583.15,584.0,94
2024-05-06 11:17:00,584.0,584.55,583.1,583.65,3017
2024-05-06 11:18:00,583.65,584.05,583.2,583.25,77
2024-05-06 11:19:00,583.25,583.95,583.25,583.7,416
2024-05-06 11:20:00,583.05,583.5,583.05,583.05,234
2024-05-06 11:21:00,583.05,583.3,582.4,583.3,902
2024-05-06 11:22:00,583.3,583.35,582.7,582.85,448
2024-05-06 11:23:00,582.85,583.5,581.8,582.35,1565
2024-05-06 11:24:00,582.35,582.35,581.35,581.35,342
2024-05-06 11:25:00,581.35,581.45,580.7,581.05,1890
2024-05-06 11:26:00,581.05,581.7,580.7,581.45,688
2024-05-06 11:27:00,581.45,581.95,581.2,581.85,242
2024-05-06 11:28:00,581.85,582.0,581.15,581.15,423
2024-05-06 11:29:00,581.15,582.0,581.15,582.0,467
2024-05-06 11:30:00,582.0,582.0,581.15,581.5,343
2024-05-06 11:31:00,581.5,581.7,580.8,581.6,786
2024-05-06 11:32:00,581.6,581.95,580.8,580.8,506
2024-05-06 11:33:00,581.35,581.9,581.3,581.5,158
2024-05-06 11:34:00,581.5,581.5,580.25,580.9,1305
2024-05-06 11:35:00,580.9,581.3,580.6,580.85,492
2024-05-06 11:36:00,581.35,581.4,580.7,581.4,441
2024-05-06 11:37:00,581.3,581.75,581.1,581.75,161
2024-05-06 11:38:00,582.0,582.0,581.05,581.25,489
2024-05-06 11:39:00,581.25,581.9,581.2,581.35,178
2024-05-06 11:40:00,581.8,581.8,581.25,581.4,209
2024-05-06 11:41:00,581.4,581.95,581.05,581.85,1057
2024-05-06 11:42:00,581.85,581.85,581.0,581.7,266
2024-05-06 11:43:00,581.7,581.8,581.05,581.65,471
2024-05-06 11:44:00,581.65,581.8,581.1,581.75,189
2024-05-06 11:45:00,581.75,582.0,581.3,581.3,385
2024-05-06 11:46:00,581.9,581.9,581.0,581.65,1067
2024-05-06 11:47:00,581.65,581.65,580.55,580.95,443
2024-05-06 11:48:00,580.95,581.4,580.55,580.8,1369
2024-05-06 11:49:00,580.95,581.0,580.5,581.0,229
2024-05-06 11:50:00,581.0,581.75,581.0,581.2,228
2024-05-06 11:51:00,581.6,581.95,581.0,581.5,452
2024-05-06 11:52:00,581.9,581.9,581.15,581.7,622
2024-05-06 11:53:00,581.9,581.9,580.85,581.1,516
2024-05-06 11:54:00,581.1,581.45,580.6,581.1,334
2024-05-06 11:55:00,581.1,581.6,580.8,581.25,1039
2024-05-06 11:56:00,581.25,581.6,580.65,580.65,393
2024-05-06 11:57:00,580.65,581.4,580.55,581.4,336
2024-05-06 11:58:00,581.4,584.45,581.05,584.45,7041
2024-05-06 11:59:00,584.45,584.45,584.0,584.4,1678
2024-05-06 12:00:00,584.4,584.45,584.0,584.4,670
2024-05-06 12:01:00,584.4,584.8,584.0,584.0,1354
2024-05-06 12:02:00,584.25,584.25,584.0,584.0,151
2024-05-06 12:03:00,584.0,584.75,584.0,584.3,350
2024-05-06 12:04:00,584.3,585.0,584.0,584.8,2048
2024-05-06 12:05:00,584.8,585.1,584.05,584.85,1971
2024-05-06 12:06:00,584.85,584.85,584.0,584.6,1451
2024-05-06 12:07:00,584.6,585.55,584.1,584.5,854
2024-05-06 12:08:00,584.25,585.2,584.05,584.65,1053
2024-05-06 12:09:00,584.65,585.2,584.1,585.15,328
2024-05-06 12:10:00,584.75,585.1,584.0,584.15,939
2024-05-06 12:11:00,584.15,584.4,584.05,584.4,768
2024-05-06 12:12:00,584.4,584.4,584.1,584.15,27
2024-05-06 12:13:00,584.15,584.25,584.05,584.25,64
2024-05-06 12:14:00,584.25,584.25,584.0,584.25,616
2024-05-06 12:15:00,585.1,585.45,584.4,584.8,1409
2024-05-06 12:16:00,584.65,584.85,584.0,584.85,839
2024-05-06 12:17:00,584.45,584.95,584.4,584.95,283
2024-05-06 12:18:00,584.95,584.95,584.3,584.9,147
2024-05-06 12:19:00,584.9,584.9,584.15,584.65,234
2024-05-06 12:20:00,584.5,584.5,583.9,584.4,2008
2024-05-06 12:21:00,584.4,584.45,583.3,584.45,528
2024-05-06 12:22:00,584.45,584.45,583.45,583.8,216
2024-05-06 12:23:00,583.8,583.8,583.15,583.8,110
2024-05-06 12:24:00,583.8,584.25,583.1,583.4,646
2024-05-06 12:25:00,583.4,584.1,583.0,583.0,443
2024-05-06 12:26:00,583.1,583.95,583.0,583.95,97
2024-05-06 12:27:00,583.95,583.95,583.15,583.95,88
2024-05-06 12:28:00,583.95,583.95,583.5,583.85,115
2024-05-06 12:29:00,583.85,583.85,582.4,582.9,2167
2024-05-06 12:30:00,583.25,583.25,582.3,582.3,50
2024-05-06 12:31:00,582.9,582.9,581.55,582.05,584
2024-05-06 12:32:00,582.05,583.45,582.05,582.5,655
2024-05-06 12:33:00,583.2,583.2,582.2,582.2,245
2024-05-06 12:34:00,582.2,583.15,582.0,582.9,187
2024-05-06 12:35:00,582.9,582.9,582.05,582.4,180
2024-05-06 12:36:00,582.4,582.9,582.25,582.9,147
2024-05-06 12:37:00,582.9,582.9,582.25,582.55,528
2024-05-06 12:38:00,582.55,582.55,581.4,581.55,1147
2024-05-06 12:39:00,581.55,582.95,581.55,582.65,362
2024-05-06 12:40:00,582.9,582.9,581.6,582.6,853
2024-05-06 12:41:00,582.6,582.65,581.2,581.85,1527
2024-05-06 12:42:00,581.85,581.85,581.05,581.15,151
2024-05-06 12:43:00,581.15,581.55,580.6,581.55,264
2024-05-06 12:44:00,581.55,582.1,581.05,582.0,394
2024-05-06 12:45:00,582.0,582.1,581.5,582.1,524
2024-05-06 12:46:00,582.1,582.25,581.5,581.5,95
2024-05-06 12:47:00,581.4,581.6,581.05,581.05,295
2024-05-06 12:48:00,581.05,581.55,581.0,581.55,266
2024-05-06 12:49:00,581.55,582.1,581.0,582.1,766
2024-05-06 12:50:00,582.1,582.3,581.85,581.85,142
2024-05-06 12:51:00,581.85,582.1,581.6,581.6,584
2024-05-06 12:52:00,581.6,581.9,581.6,581.9,1368
2024-05-06 12:53:00,581.9,581.9,581.6,581.9,240
2024-05-06 12:54:00,581.9,581.95,581.65,581.65,345
2024-05-06 12:55:00,581.65,581.95,581.6,581.6,75
2024-05-06 12:56:00,581.6,581.95,581.6,581.95,80
2024-05-06 12:57:00,581.95,582.3,581.9,582.3,278
2024-05-06 12:58:00,582.3,582.8,582.25,582.25,337
2024-05-06 12:59:00,582.25,582.65,582.0,582.2,260
2024-05-06 13:00:00,582.2,582.35,581.6,581.95,1198
2024-05-06 13:01:00,581.6,582.95,581.6,582.95,629
2024-05-06 13:02:00,582.95,582.95,581.65,582.45,225
2024-05-06 13:03:00,582.45,582.45,581.7,581.7,442
2024-05-06 13:04:00,581.7,582.3,581.6,582.3,221
2024-05-06 13:05:00,582.3,582.3,581.8,582.1,756
2024-05-06 13:06:00,582.1,582.45,581.85,582.05,264
2024-05-06 13:07:00,581.85,582.1,581.6,581.6,1225
2024-05-06 13:08:00,581.6,582.15,581.6,582.15,504
2024-05-06 13:09:00,581.7,582.3,581.6,581.95,207
2024-05-06 13:10:00,581.65,582.0,581.6,581.6,56
2024-05-06 13:11:00,581.6,581.85,581.6,581.85,550
2024-05-06 13:12:00,581.85,581.85,581.6,581.65,99
2024-05-06 13:13:00,581.65,581.65,581.6,581.6,11
2024-05-06 13:14:00,581.6,581.85,581.6,581.85,231
2024-05-06 13:15:00,581.85,581.9,581.3,581.3,1367
2024-05-06 13:16:00,581.1,581.1,580.05,580.65,2349
2024-05-06 13:17:00,580.65,581.35,580.5,581.15,308
2024-05-06 13:18:00,581.15,581.15,580.3,580.3,787
2024-05-06 13:19:00,580.3,580.8,580.2,580.3,194
2024-05-06 13:20:00,580.3,581.0,579.1,579.1,4674
2024-05-06 13:21:00,579.5,579.5,579.0,579.0,51
2024-05-06 13:22:00,579.0,579.8,579.0,579.75,632
2024-05-06 13:23:00,579.75,580.0,579.1,579.1,678
2024-05-06 13:24:00,579.1,580.0,579.1,579.65,359
2024-05-06 13:25:00,579.8,579.8,578.3,578.55,1747
2024-05-06 13:26:00,579.3,579.85,578.95,579.6,158
2024-05-06 13:27:00,579.6,579.6,578.3,578.85,908
2024-05-06 13:28:00,578.85,579.9,578.4,579.25,2280
2024-05-06 13:29:00,579.25,579.7,579.15,579.7,86
2024-05-06 13:30:00,579.7,579.85,579.1,579.4,114
2024-05-06 13:31:00,579.4,579.45,578.6,579.15,820
2024-05-06 13:32:00,579.15,579.65,579.15,579.65,100
2024-05-06 13:33:00,579.65,579.65,577.5,578.15,9399
2024-05-06 13:34:00,578.75,579.45,578.7,579.3,411
2024-05-06 13:35:00,579.3,579.3,578.3,578.75,24
2024-05-06 13:36:00,578.1,579.35,578.1,578.85,820
2024-05-06 13:37:00,578.85,578.9,578.2,578.85,202
2024-05-06 13:38:00,578.85,579.45,578.65,578.9,1139
2024-05-06 13:39:00,578.9,580.35,578.85,580.35,2360
2024-05-06 13:40:00,580.3,580.55,579.25,579.9,4110
2024-05-06 13:41:00,579.9,579.9,579.5,579.8,65
2024-05-06 13:42:00,579.8,581.85,579.55,581.85,709
2024-05-06 13:43:00,581.85,581.85,580.05,580.6,218
2024-05-06 13:44:00,580.9,582.45,580.8,582.45,441
2024-05-06 13:45:00,582.4,582.4,581.1,581.6,1916
2024-05-06 13:46:00,581.6,581.65,580.25,580.9,58
2024-05-06 13:47:00,580.85,581.65,580.65,581.6,46
2024-05-06 13:48:00,581.6,581.65,580.25,581.05,507
2024-05-06 13:49:00,580.9,581.5,580.2,581.5,98
2024-05-06 13:50:00,581.5,581.5,579.75,580.95,453
2024-05-06 13:51:00,580.25,580.9,580.25,580.9,70
2024-05-06 13:52:00,580.9,581.35,580.6,581.35,50
2024-05-06 13:53:00,581.35,581.35,580.55,581.15,272
2024-05-06 13:54:00,581.15,581.35,581.1,581.35,27
2024-05-06 13:55:00,581.0,581.2,580.1,580.4,924
2024-05-06 13:56:00,580.6,580.8,580.1,580.35,130
2024-05-06 13:57:00,580.35,580.35,579.75,580.0,282
2024-05-06 13:58:00,580.0,580.0,579.75,580.0,105
2024-05-06 13:59:00,580.0,580.6,579.3,580.2,295
2024-05-06 14:00:00,580.2,580.7,579.9,580.7,329
2024-05-06 14:01:00,580.7,580.7,580.05,580.35,266
2024-05-06 14:02:00,580.35,580.8,580.05,580.45,340
2024-05-06 14:03:00,580.45,581.65,580.25,581.2,1117
2024-05-06 14:04:00,580.9,581.95,580.9,581.1,1506
2024-05-06 14:05:00,581.1,581.95,580.3,580.5,845
2024-05-06 14:06:00,580.5,580.95,580.05,580.65,501
2024-05-06 14:07:00,580.65,581.0,580.1,580.75,653
2024-05-06 14:08:00,580.75,580.9,580.2,580.55,541
2024-05-06 14:09:00,580.55,581.45,580.5,581.45,716
2024-05-06 14:10:00,581.15,581.7,581.1,581.7,332
2024-05-06 14:11:00,581.7,582.6,581.45,581.7,2363
2024-05-06 14:12:00,581.7,582.35,581.15,582.0,549
2024-05-06 14:13:00,582.0,582.9,581.55,582.9,1225
2024-05-06 14:14:00,582.9,582.9,581.5,582.45,963
2024-05-06 14:15:00,582.45,582.45,581.5,582.2,851
2024-05-06 14:16:00,581.85,582.45,581.5,582.15,414
2024-05-06 14:17:00,581.55,582.45,581.55,582.15,277
2024-05-06 14:18:00,582.15,582.3,581.75,582.15,147
2024-05-06 14:19:00,582.2,582.45,581.65,582.45,580
2024-05-06 14:20:00,582.45,582.8,582.0,582.35,1541
2024-05-06 14:21:00,582.35,582.7,582.05,582.65,421
2024-05-06 14:22:00,582.65,583.15,582.25,582.9,1005
2024-05-06 14:23:00,582.9,583.55,582.05,582.6,2499
2024-05-06 14:24:00,582.85,583.75,582.5,582.75,573
2024-05-06 14:25:00,582.75,583.7,582.75,583.7,577
2024-05-06 14:26:00,583.35,583.7,582.55,583.7,945
2024-05-06 14:27:00,583.3,583.6,582.0,582.3,1347
2024-05-06 14:28:00,582.3,582.45,582.0,582.35,390
2024-05-06 14:29:00,582.35,582.35,581.55,582.2,372
2024-05-06 14:30:00,582.15,582.15,581.5,581.5,283
2024-05-06 14:31:00,581.5,581.6,581.2,581.6,364
2024-05-06 14:32:00,581.6,582.0,581.2,581.55,234
2024-05-06 14:33:00,581.55,581.55,580.6,580.6,1599
2024-05-06 14:34:00,580.6,580.9,580.1,580.9,1549
2024-05-06 14:35:00,580.45,580.65,579.95,580.65,694
2024-05-06 14:36:00,580.65,581.0,580.05,581.0,1644
2024-05-06 14:37:00,581.0,581.0,579.9,580.3,269
2024-05-06 14:38:00,580.3,580.65,579.6,580.65,829
2024-05-06 14:39:00,580.75,580.75,580.05,580.65,432
2024-05-06 14:40:00,580.65,580.65,579.6,580.05,424
2024-05-06 14:41:00,580.05,580.6,579.6,580.15,1136
2024-05-06 14:42:00,580.15,580.15,580.1,580.15,50
2024-05-06 14:43:00,580.15,580.45,579.75,580.45,603
2024-05-06 14:44:00,580.25,580.7,579.6,580.45,2392
2024-05-06 14:45:00,580.45,580.75,580.1,580.65,1290
2024-05-06 14:46:00,580.65,581.6,580.35,581.35,590
2024-05-06 14:47:00,581.4,581.75,580.95,581.0,678
2024-05-06 14:48:00,581.0,582.95,580.95,582.3,5230
2024-05-06 14:49:00,582.3,583.7,582.3,583.35,3898
2024-05-06 14:50:00,583.35,583.35,582.8,582.85,893
2024-05-06 14:51:00,582.85,583.45,582.85,582.85,1064
2024-05-06 14:52:00,582.85,583.05,582.6,582.7,773
2024-05-06 14:53:00,582.55,591.5,582.45,587.95,44437
2024-05-06 14:54:00,587.4,587.7,585.65,586.0,16719
2024-05-06 14:55:00,585.65,586.0,584.7,584.7,943
2024-05-06 14:56:00,584.9,585.9,584.15,584.8,2406
2024-05-06 14:57:00,584.8,585.25,584.15,584.7,2625
2024-05-06 14:58:00,584.7,585.45,584.55,585.0,7945
2024-05-06 14:59:00,585.05,587.0,584.7,586.15,22130
2024-05-06 15:00:00,585.9,587.9,585.15,586.9,15064
2024-05-06 15:01:00,586.9,587.5,585.05,586.35,7895
2024-05-06 15:02:00,586.35,587.95,586.2,587.9,12717
2024-05-06 15:03:00,587.9,588.4,583.8,584.95,15340
2024-05-06 15:04:00,585.6,585.9,584.25,585.35,4640
2024-05-06 15:05:00,585.35,585.35,583.2,583.8,1575
2024-05-06 15:06:00,583.8,584.15,583.0,583.45,3764
2024-05-06 15:07:00,582.85,583.4,582.1,583.4,4064
2024-05-06 15:08:00,583.4,583.9,583.05,583.7,1511
2024-05-06 15:09:00,583.7,583.75,580.9,581.5,4548
2024-05-06 15:10:00,581.55,582.85,581.25,582.45,1477
2024-05-06 15:11:00,582.45,583.0,581.15,581.55,2761
2024-05-06 15:12:00,581.55,582.0,581.15,582.0,1684
2024-05-06 15:13:00,582.0,582.0,581.1,581.9,1651
2024-05-06 15:14:00,581.9,582.3,581.05,581.45,1201
2024-05-06 15:15:00,581.45,581.95,581.0,581.55,647
2024-05-06 15:16:00,581.85,582.5,581.0,582.5,1969
2024-05-06 15:17:00,582.5,582.5,580.1,580.3,11295
2024-05-06 15:18:00,580.3,580.3,578.1,580.25,5615
2024-05-06 15:19:00,580.25,580.25,579.25,579.65,1941
2024-05-06 15:20:00,579.65,580.8,579.05,580.75,6249
2024-05-06 15:21:00,580.75,582.4,580.75,582.4,3632
2024-05-06 15:22:00,582.4,582.5,581.4,581.5,5773
2024-05-06 15:23:00,581.5,581.95,581.5,581.8,493
2024-05-06 15:24:00,581.75,581.8,581.25,581.5,3156
2024-05-06 15:25:00,581.5,581.5,580.75,580.9,4339
2024-05-06 15:26:00,580.9,580.95,579.45,580.5,3947
2024-05-06 15:27:00,580.5,581.3,580.0,581.0,6639
2024-05-06 15:28:00,581.0,581.0,576.0,579.9,11243
2024-05-06 15:29:00,580.0,582.45,577.25,582.4,8191
2024-05-07 09:15:00,582.0,582.0,573.15,575.3,6589
2024-05-07 09:16:00,575.55,576.0,573.65,575.85,4490
2024-05-07 09:17:00,575.85,577.6,573.05,573.95,8487
2024-05-07 09:18:00,573.05,576.35,572.2,576.05,14765
2024-05-07 09:19:00,576.1,576.1,574.3,574.5,2866
2024-05-07 09:20:00,573.5,573.8,572.4,573.35,5290
2024-05-07 09:21:00,573.4,574.15,570.1,570.6,12545
2024-05-07 09:22:00,570.1,574.7,570.1,574.7,7608
2024-05-07 09:23:00,573.95,576.0,573.95,574.8,4937
2024-05-07 09:24:00,574.65,574.65,572.9,573.45,1734
2024-05-07 09:25:00,573.55,573.55,572.0,573.0,1395
2024-05-07 09:26:00,572.5,573.0,570.4,570.4,19155
2024-05-07 09:27:00,570.4,571.95,570.4,571.65,6535
2024-05-07 09:28:00,571.7,572.0,571.0,571.55,2191
2024-05-07 09:29:00,571.15,571.65,568.0,568.95,30097
2024-05-07 09:30:00,569.0,570.8,568.0,570.2,4700
2024-05-07 09:31:00,570.15,570.3,568.55,570.3,2125
2024-05-07 09:32:00,571.05,571.35,570.2,571.0,1955
2024-05-07 09:33:00,570.5,573.0,570.5,573.0,1556
2024-05-07 09:34:00,572.3,572.4,570.85,571.2,1571
2024-05-07 09:35:00,570.7,570.8,569.5,569.5,3319
2024-05-07 09:36:00,569.55,569.9,569.05,569.85,2139
2024-05-07 09:37:00,569.45,569.85,568.7,568.7,1661
2024-05-07 09:38:00,568.85,569.0,567.5,568.9,7748
2024-05-07 09:39:00,568.35,569.35,568.35,568.9,745
2024-05-07 09:40:00,568.8,568.8,567.3,568.0,2284
2024-05-07 09:41:00,568.0,571.7,567.35,571.0,7336
2024-05-07 09:42:00,571.0,574.15,568.8,574.15,7918
2024-05-07 09:43:00,573.6,573.7,572.6,573.0,2548
2024-05-07 09:44:00,572.7,573.0,572.0,572.7,3864
2024-05-07 09:45:00,572.7,572.7,572.0,572.4,1955
2024-05-07 09:46:00,572.1,572.95,572.05,572.95,638
2024-05-07 09:47:00,572.5,573.5,572.45,572.7,4930
2024-05-07 09:48:00,572.7,574.0,572.45,573.5,4372
2024-05-07 09:49:00,573.4,573.95,573.35,573.45,2911
2024-05-07 09:50:00,573.4,573.7,572.55,573.3,5229
2024-05-07 09:51:00,573.1,575.7,572.85,575.35,5966
2024-05-07 09:52:00,575.0,575.65,574.05,574.8,6954
2024-05-07 09:53:00,574.2,574.85,574.15,574.7,833
2024-05-07 09:54:00,574.25,574.4,573.8,574.3,648
2024-05-07 09:55:00,574.25,575.1,574.25,575.1,1069
2024-05-07 09:56:00,574.85,574.95,574.0,574.9,1962
2024-05-07 09:57:00,574.4,575.55,574.0,574.9,1132
2024-05-07 09:58:00,574.5,575.3,574.25,575.3,493
2024-05-07 09:59:00,574.8,575.2,574.0,574.85,685
2024-05-07 10:00:00,574.35,574.4,574.05,574.1,992
2024-05-07 10:01:00,574.1,574.6,574.0,574.05,569
2024-05-07 10:02:00,574.05,574.45,574.0,574.45,998
2024-05-07 10:03:00,574.0,574.4,573.85,574.0,2115
2024-05-07 10:04:00,574.0,574.35,573.85,574.0,1169
2024-05-07 10:05:00,574.0,574.85,574.0,574.6,906
2024-05-07 10:06:00,574.4,575.35,573.85,574.85,4251
2024-05-07 10:07:00,574.55,575.0,574.4,574.9,2241
2024-05-07 10:08:00,574.55,575.0,574.1,575.0,797
2024-05-07 10:09:00,574.6,575.0,574.1,574.95,819
2024-05-07 10:10:00,574.6,575.0,574.05,574.55,920
2024-05-07 10:11:00,574.25,574.6,574.0,574.2,1172
2024-05-07 10:12:00,574.0,574.95,574.0,574.95,281
2024-05-07 10:13:00,574.4,574.9,574.0,574.05,966
2024-05-07 10:14:00,574.05,574.45,574.05,574.1,550
2024-05-07 10:15:00,574.1,574.55,574.1,574.55,723
2024-05-07 10:16:00,574.25,574.5,574.0,574.15,305
2024-05-07 10:17:00,574.05,574.5,574.0,574.1,783
2024-05-07 10:18:00,574.15,574.35,574.0,574.05,825
2024-05-07 10:19:00,574.05,574.05,574.0,574.0,289
2024-05-07 10:20:00,574.0,574.35,574.0,574.35,467
2024-05-07 10:21:00,574.0,574.3,573.5,573.5,4053
2024-05-07 10:22:00,573.5,573.8,573.5,573.5,1106
2024-05-07 10:23:00,573.5,574.3,573.25,574.3,4200
2024-05-07 10:24:00,574.15,574.15,574.0,574.0,809
2024-05-07 10:25:00,574.05,574.2,574.0,574.0,557
2024-05-07 10:26:00,574.0,574.55,574.0,574.1,801
2024-05-07 10:27:00,574.1,574.5,574.0,574.35,458
2024-05-07 10:28:00,574.35,574.45,574.0,574.1,514
2024-05-07 10:29:00,574.05,574.5,574.0,574.15,929
2024-05-07 10:30:00,574.15,574.5,574.0,574.5,603
2024-05-07 10:31:00,574.2,575.35,574.0,575.35,3363
2024-05-07 10:32:00,575.15,576.05,574.15,575.35,13970
2024-05-07 10:33:00,575.35,577.5,575.1,577.0,1423
2024-05-07 10:34:00,577.0,577.5,576.55,577.25,877
2024-05-07 10:35:00,577.0,577.25,576.5,577.25,5541
2024-05-07 10:36:00,576.75,576.75,576.15,576.6,1101
2024-05-07 10:37:00,576.1,576.6,576.1,576.6,361
2024-05-07 10:38:00,576.55,579.8,576.55,579.8,10115
2024-05-07 10:39:00,579.8,580.75,579.5,580.2,4092
2024-05-07 10:40:00,580.2,580.2,575.5,579.0,31032
2024-05-07 10:41:00,578.8,579.75,578.7,579.3,9696
2024-05-07 10:42:00,579.3,581.0,579.25,579.85,9446
2024-05-07 10:43:00,579.85,579.95,579.3,579.35,673
2024-05-07 10:44:00,579.35,579.75,579.0,579.0,4350
2024-05-07 10:45:00,579.15,579.85,579.0,579.8,3663
2024-05-07 10:46:00,579.25,579.85,579.25,579.35,440
2024-05-07 10:47:00,579.2,579.4,579.0,579.0,475
2024-05-07 10:48:00,579.05,579.5,579.0,579.25,688
2024-05-07 10:49:00,579.0,579.0,578.0,578.6,13313
2024-05-07 10:50:00,578.35,578.35,578.0,578.35,478
2024-05-07 10:51:00,578.35,578.65,578.0,578.0,581
2024-05-07 10:52:00,578.0,578.65,578.0,578.0,1915
2024-05-07 10:53:00,578.0,578.0,576.5,576.5,15538
2024-05-07 10:54:00,576.5,578.75,576.5,578.0,4930
2024-05-07 10:55:00,578.0,579.5,578.0,578.9,4772
2024-05-07 10:56:00,578.5,579.25,577.9,579.0,5046
2024-05-07 10:57:00,578.55,584.0,578.1,581.0,58626
2024-05-07 10:58:00,581.0,583.9,578.55,582.5,78870
2024-05-07 10:59:00,583.4,584.7,579.25,581.8,101949
2024-05-07 11:00:00,581.3,585.75,580.15,583.8,70059
2024-05-07 11:01:00,583.8,587.65,581.65,582.8,69767
2024-05-07 11:02:00,582.5,582.95,581.4,581.55,3111
2024-05-07 11:03:00,582.15,582.15,580.05,581.0,2386
2024-05-07 11:04:00,581.0,581.0,577.9,577.9,7173
2024-05-07 11:05:00,577.9,578.3,577.55,578.3,5975
2024-05-07 11:06:00,577.95,577.95,577.15,577.25,865
2024-05-07 11:07:00,577.25,577.6,575.05,577.4,19918
2024-05-07 11:08:00,577.0,578.0,576.0,577.5,8342
2024-05-07 11:09:00,577.5,578.55,577.0,578.4,3246
2024-05-07 11:10:00,578.4,578.5,577.0,578.5,13007
2024-05-07 11:11:00,578.5,578.8,578.2,578.55,1575
2024-05-07 11:12:00,578.5,578.95,577.55,578.7,6218
2024-05-07 11:13:00,578.55,578.65,578.0,578.45,1937
2024-05-07 11:14:00,578.1,578.75,578.0,578.5,1441
2024-05-07 11:15:00,578.2,578.5,578.2,578.5,1354
2024-05-07 11:16:00,578.5,578.5,578.2,578.3,1361
2024-05-07 11:17:00,578.2,578.3,577.9,577.9,3224
2024-05-07 11:18:00,577.9,578.0,575.35,575.7,19348
2024-05-07 11:19:00,575.5,575.75,575.0,575.0,7629
2024-05-07 11:20:00,575.0,575.25,574.05,574.1,5794
2024-05-07 11:21:00,574.05,574.65,574.0,574.0,4459
2024-05-07 11:22:00,574.0,575.0,574.0,574.1,2027
2024-05-07 11:23:00,574.05,574.85,574.0,574.85,2297
2024-05-07 11:24:00,574.55,575.3,574.5,574.7,3678
2024-05-07 11:25:00,574.75,575.25,574.1,575.25,6888
2024-05-07 11:26:00,575.25,578.85,575.0,578.75,4827
2024-05-07 11:27:00,578.45,578.65,578.0,578.4,2398
2024-05-07 11:28:00,578.4,578.6,578.0,578.4,1190
2024-05-07 11:29:00,578.4,578.4,578.0,578.35,1290
2024-05-07 11:30:00,578.0,578.35,578.0,578.0,410
2024-05-07 11:31:00,578.0,578.5,578.0,578.0,968
2024-05-07 11:32:00,578.0,579.05,577.5,579.05,2560
2024-05-07 11:33:00,578.7,579.1,576.0,576.35,112574
2024-05-07 11:34:00,576.1,576.85,576.0,576.0,1671
2024-05-07 11:35:00,576.0,576.0,575.0,575.1,9231
2024-05-07 11:36:00,575.0,575.25,575.0,575.25,1855
2024-05-07 11:37:00,575.05,575.4,575.0,575.25,13019
2024-05-07 11:38:00,575.0,575.55,575.0,575.55,2326
2024-05-07 11:39:00,575.4,575.75,575.35,575.75,1939
2024-05-07 11:40:00,575.6,575.85,575.35,575.65,1615
2024-05-07 11:41:00,575.7,575.7,575.0,575.05,2164
2024-05-07 11:42:00,575.05,575.4,575.0,575.2,848
2024-05-07 11:43:00,575.2,575.4,575.0,575.3,395
2024-05-07 11:44:00,575.05,575.7,575.0,575.2,1468
2024-05-07 11:45:00,575.0,575.55,575.0,575.35,436
2024-05-07 11:46:00,575.85,575.9,575.1,575.7,474
2024-05-07 11:47:00,575.15,576.55,575.15,575.75,782
2024-05-07 11:48:00,575.6,576.9,575.6,576.25,1781
2024-05-07 11:49:00,576.25,576.5,576.25,576.5,726
2024-05-07 11:50:00,576.5,576.5,575.0,575.0,1038
2024-05-07 11:51:00,575.1,576.05,575.0,575.05,649
2024-05-07 11:52:00,575.05,575.65,575.0,575.05,473
2024-05-07 11:53:00,575.05,575.85,575.05,575.85,521
2024-05-07 11:54:00,575.85,576.25,575.3,576.2,988
2024-05-07 11:55:00,576.2,576.75,575.9,576.3,733
2024-05-07 11:56:00,576.1,576.6,575.85,576.1,491
2024-05-07 11:57:00,575.95,576.3,575.25,575.6,565
2024-05-07 11:58:00,575.45,576.05,575.2,575.7,696
2024-05-07 11:59:00,575.2,575.9,575.15,575.55,548
2024-05-07 12:00:00,575.15,575.45,575.0,575.05,817
2024-05-07 12:01:00,575.0,575.45,575.0,575.4,959
2024-05-07 12:02:00,575.1,575.3,575.0,575.0,577
2024-05-07 12:03:00,575.1,575.1,575.0,575.1,6130
2024-05-07 12:04:00,575.0,575.5,575.0,575.0,1099
2024-05-07 12:05:00,575.05,575.25,575.0,575.0,3511
2024-05-07 12:06:00,575.25,575.25,575.0,575.0,429
2024-05-07 12:07:00,575.0,575.2,575.0,575.2,718
2024-05-07 12:08:00,575.0,575.25,575.0,575.25,1059
2024-05-07 12:09:00,575.15,575.45,575.0,575.45,10704
2024-05-07 12:10:00,575.15,575.6,575.1,575.2,774
2024-05-07 12:11:00,575.0,575.3,575.0,575.3,1038
2024-05-07 12:12:00,575.35,575.35,574.5,574.5,7181
2024-05-07 12:13:00,574.75,575.55,574.5,575.55,845
2024-05-07 12:14:00,575.1,575.1,574.0,574.8,6750
2024-05-07 12:15:00,574.5,574.8,574.5,574.8,441
2024-05-07 12:16:00,574.8,574.85,574.45,574.45,473
2024-05-07 12:17:00,574.85,575.25,574.6,575.25,16345
2024-05-07 12:18:00,575.2,575.45,574.6,575.45,458
2024-05-07 12:19:00,575.0,575.25,574.5,574.5,755
2024-05-07 12:20:00,574.5,575.9,574.5,575.5,2152
2024-05-07 12:21:00,575.4,576.2,575.4,576.2,780
2024-05-07 12:22:00,576.2,576.6,576.0,576.0,641
2024-05-07 12:23:00,576.0,576.45,576.0,576.0,2047
2024-05-07 12:24:00,576.0,576.65,576.0,576.6,537
2024-05-07 12:25:00,576.2,576.85,576.0,576.7,405
2024-05-07 12:26:00,576.7,576.7,575.9,576.35,428
2024-05-07 12:27:00,576.25,576.45,575.65,576.45,1223
2024-05-07 12:28:00,575.95,576.5,575.6,576.4,616
2024-05-07 12:29:00,575.85,576.5,575.0,575.0,3224
2024-05-07 12:30:00,575.0,575.95,575.0,575.5,833
2024-05-07 12:31:00,575.0,575.45,575.0,575.35,513
2024-05-07 12:32:00,575.0,575.6,575.0,575.6,456
2024-05-07 12:33:00,575.25,575.6,575.0,575.05,503
2024-05-07 12:34:00,575.0,575.05,575.0,575.05,550
2024-05-07 12:35:00,575.0,575.05,575.0,575.05,382
2024-05-07 12:36:00,575.0,575.05,575.0,575.05,473
2024-05-07 12:37:00,575.0,575.25,575.0,575.1,637
2024-05-07 12:38:00,575.1,575.25,575.0,575.0,6277
2024-05-07 12:39:00,575.0,575.25,575.0,575.25,572
2024-05-07 12:40:00,575.0,575.25,575.0,575.0,636
2024-05-07 12:41:00,575.0,575.25,575.0,575.0,485
2024-05-07 12:42:00,575.0,575.2,574.0,574.15,6368
2024-05-07 12:43:00,574.1,574.5,574.0,574.0,1341
2024-05-07 12:44:00,574.0,574.35,574.0,574.0,1542
2024-05-07 12:45:00,574.0,574.1,574.0,574.05,1233
2024-05-07 12:46:00,574.15,574.55,574.1,574.15,742
2024-05-07 12:47:00,574.15,574.4,574.0,574.0,689
2024-05-07 12:48:00,574.0,574.3,574.0,574.3,613
2024-05-07 12:49:00,574.05,574.2,574.0,574.15,1359
2024-05-07 12:50:00,574.0,574.2,574.0,574.0,623
2024-05-07 12:51:00,574.0,574.2,574.0,574.2,439
2024-05-07 12:52:00,574.0,574.9,574.0,574.6,727
2024-05-07 12:53:00,574.65,575.2,574.0,574.2,1427
2024-05-07 12:54:00,574.05,574.45,574.0,574.0,1101
2024-05-07 12:55:00,574.0,574.35,574.0,574.0,1717
2024-05-07 12:56:00,574.0,574.6,574.0,574.6,1961
2024-05-07 12:57:00,574.6,574.7,574.0,574.4,4906
2024-05-07 12:58:00,574.15,574.55,574.0,574.0,14050
2024-05-07 12:59:00,574.0,574.35,574.0,574.35,610
2024-05-07 13:00:00,574.05,574.3,574.0,574.0,441
2024-05-07 13:01:00,574.0,574.3,574.0,574.25,701
2024-05-07 13:02:00,574.05,574.15,574.0,574.0,1788
2024-05-07 13:03:00,574.0,574.15,574.0,574.0,468
2024-05-07 13:04:00,574.0,574.15,574.0,574.0,399
2024-05-07 13:05:00,574.0,574.05,574.0,574.0,595
2024-05-07 13:06:00,574.05,574.05,574.0,574.0,894
2024-05-07 13:07:00,574.0,574.2,574.0,574.2,587
2024-05-07 13:08:00,574.1,574.8,574.0,574.8,939
2024-05-07 13:09:00,574.6,574.6,574.0,574.05,2335
2024-05-07 13:10:00,574.0,574.55,574.0,574.55,2441
2024-05-07 13:11:00,574.25,574.95,574.25,574.5,751
2024-05-07 13:12:00,574.55,574.8,574.0,574.0,618
2024-05-07 13:13:00,574.0,574.35,574.0,574.2,364
2024-05-07 13:14:00,574.2,574.6,574.0,574.6,475
2024-05-07 13:15:00,574.25,574.8,574.25,574.5,441
2024-05-07 13:16:00,574.5,574.7,574.25,574.4,393
2024-05-07 13:17:00,574.4,574.75,574.25,574.7,412
2024-05-07 13:18:00,574.75,574.75,574.25,574.25,473
2024-05-07 13:19:00,574.25,574.9,574.25,574.9,1632
2024-05-07 13:20:00,574.9,575.45,574.05,575.15,3727
2024-05-07 13:21:00,575.15,575.8,574.6,575.15,857
2024-05-07 13:22:00,575.1,576.0,574.6,575.0,762
2024-05-07 13:23:00,575.0,575.0,574.6,575.0,436
2024-05-07 13:24:00,574.45,574.7,574.25,574.45,366
2024-05-07 13:25:00,574.35,574.9,574.0,574.25,849
2024-05-07 13:26:00,574.25,575.45,574.25,575.3,696
2024-05-07 13:27:00,574.9,575.2,574.5,575.1,582
2024-05-07 13:28:00,574.8,575.0,574.5,574.65,454
2024-05-07 13:29:00,574.65,575.4,574.6,574.75,584
2024-05-07 13:30:00,574.75,575.55,574.75,575.3,620
2024-05-07 13:31:00,575.3,575.3,574.5,574.5,398
2024-05-07 13:32:00,574.7,575.7,574.7,575.7,912
2024-05-07 13:33:00,574.7,575.7,574.5,575.3,2124
2024-05-07 13:34:00,575.2,575.65,575.0,575.65,434
2024-05-07 13:35:00,575.5,575.65,575.05,575.65,596
2024-05-07 13:36:00,575.35,575.9,574.55,575.9,384
2024-05-07 13:37:00,575.8,575.8,574.5,574.95,501
2024-05-07 13:38:00,575.4,576.0,575.25,576.0,842
2024-05-07 13:39:00,575.9,576.5,575.6,576.45,386
2024-05-07 13:40:00,576.45,576.8,576.1,576.8,517
2024-05-07 13:41:00,576.8,576.8,575.55,576.25,475
2024-05-07 13:42:00,576.25,577.35,576.0,577.3,779
2024-05-07 13:43:00,577.3,577.3,576.05,577.0,715
2024-05-07 13:44:00,577.0,577.3,576.55,577.3,857
2024-05-07 13:45:00,577.1,577.5,577.0,577.0,827
2024-05-07 13:46:00,577.0,577.0,576.15,576.65,497
2024-05-07 13:47:00,577.1,577.2,576.3,577.2,481
2024-05-07 13:48:00,576.8,576.8,575.6,576.7,1058
2024-05-07 13:49:00,576.1,576.85,575.45,576.85,512
2024-05-07 13:50:00,576.85,576.85,575.45,575.8,404
2024-05-07 13:51:00,575.8,576.1,575.3,576.0,514
2024-05-07 13:52:00,576.05,576.15,575.3,576.15,560
2024-05-07 13:53:00,575.55,576.25,575.35,575.8,388
2024-05-07 13:54:00,575.85,576.05,575.55,575.75,401
2024-05-07 13:55:00,575.75,575.9,575.55,575.7,413
2024-05-07 13:56:00,575.55,575.85,575.1,575.65,450
2024-05-07 13:57:00,575.65,575.65,575.05,575.55,613
2024-05-07 13:58:00,575.8,575.9,575.0,575.0,433
2024-05-07 13:59:00,575.0,575.5,575.0,575.45,577
2024-05-07 14:00:00,575.15,575.85,575.1,575.85,507
2024-05-07 14:01:00,575.6,575.85,575.6,575.6,341
2024-05-07 14:02:00,575.2,575.6,575.2,575.6,307
2024-05-07 14:03:00,575.6,576.0,575.25,575.65,475
2024-05-07 14:04:00,575.65,576.8,575.55,576.4,817
2024-05-07 14:05:00,576.5,576.55,576.05,576.25,442
2024-05-07 14:06:00,576.25,578.7,576.0,577.7,1872
2024-05-07 14:07:00,577.15,577.2,576.75,576.75,412
2024-05-07 14:08:00,576.75,577.3,576.05,577.2,888
2024-05-07 14:09:00,577.2,577.95,577.0,577.65,574
2024-05-07 14:10:00,577.65,577.65,577.0,577.0,1214
2024-05-07 14:11:00,577.0,577.15,575.9,575.9,538
2024-05-07 14:12:00,576.25,577.45,575.9,576.4,2495
2024-05-07 14:13:00,576.4,577.45,576.35,577.45,344
2024-05-07 14:14:00,577.5,578.25,577.25,577.6,1987
2024-05-07 14:15:00,578.15,578.35,577.0,577.55,977
2024-05-07 14:16:00,577.8,578.9,577.75,578.1,544
2024-05-07 14:17:00,578.45,578.5,576.75,577.95,1140
2024-05-07 14:18:00,577.95,577.95,577.1,577.6,397
2024-05-07 14:19:00,577.6,578.3,577.6,577.75,381
2024-05-07 14:20:00,578.1,578.8,577.1,578.15,901
2024-05-07 14:21:00,578.15,578.55,577.2,577.75,655
2024-05-07 14:22:00,578.05,578.2,577.6,577.7,380
2024-05-07 14:23:00,577.75,577.75,576.25,576.7,792
2024-05-07 14:24:00,577.25,577.85,576.15,576.5,596
2024-05-07 14:25:00,576.5,576.85,576.1,576.85,431
2024-05-07 14:26:00,576.65,576.65,576.05,576.2,374
2024-05-07 14:27:00,576.25,576.7,576.1,576.1,324
2024-05-07 14:28:00,576.1,576.55,575.9,575.9,411
2024-05-07 14:29:00,575.9,575.9,575.0,575.1,1227
2024-05-07 14:30:00,575.1,576.95,575.0,576.95,1937
2024-05-07 14:31:00,576.95,577.1,575.7,576.1,836
2024-05-07 14:32:00,576.1,576.15,575.85,576.1,365
2024-05-07 14:33:00,576.9,577.0,576.25,576.6,494
2024-05-07 14:34:00,576.6,576.85,575.55,576.1,2524
2024-05-07 14:35:00,575.65,576.9,575.65,576.9,338
2024-05-07 14:36:00,576.55,576.55,575.85,576.55,293
2024-05-07 14:37:00,576.15,576.15,575.8,575.8,254
2024-05-07 14:38:00,575.9,576.25,575.9,576.15,306
2024-05-07 14:39:00,576.0,576.05,575.25,576.05,347
2024-05-07 14:40:00,576.05,576.9,575.75,576.9,611
2024-05-07 14:41:00,576.3,576.4,575.55,575.9,849
2024-05-07 14:42:00,575.75,576.2,575.5,576.2,483
2024-05-07 14:43:00,576.0,576.6,575.3,576.1,1357
2024-05-07 14:44:00,575.55,576.15,575.35,576.15,769
2024-05-07 14:45:00,575.6,576.25,575.6,575.8,337
2024-05-07 14:46:00,575.8,576.9,575.75,575.85,807
2024-05-07 14:47:00,575.85,576.4,575.85,575.9,630
2024-05-07 14:48:00,576.2,576.25,575.35,576.1,263
2024-05-07 14:49:00,575.8,576.55,575.6,576.55,324
2024-05-07 14:50:00,576.1,577.8,576.1,576.8,2202
2024-05-07 14:51:00,576.5,577.9,576.5,577.9,312
2024-05-07 14:52:00,577.25,577.75,577.05,577.05,1146
2024-05-07 14:53:00,577.0,577.7,576.45,577.7,886
2024-05-07 14:54:00,577.4,577.7,576.55,576.85,525
2024-05-07 14:55:00,577.25,577.25,576.75,576.75,239
2024-05-07 14:56:00,576.25,576.95,576.0,576.7,1793
2024-05-07 14:57:00,576.7,576.7,576.2,576.2,622
2024-05-07 14:58:00,576.35,576.65,576.1,576.1,561
2024-05-07 14:59:00,576.25,576.3,576.0,576.0,381
2024-05-07 15:00:00,576.0,577.6,576.0,576.65,627
2024-05-07 15:01:00,576.75,578.0,576.75,577.6,1839
2024-05-07 15:02:00,577.25,577.35,576.65,577.35,1357
2024-05-07 15:03:00,577.35,578.35,577.25,578.35,667
2024-05-07 15:04:00,577.75,578.35,576.8,577.8,2242
2024-05-07 15:05:00,577.85,577.9,576.9,577.55,549
2024-05-07 15:06:00,577.55,578.0,576.75,577.6,410
2024-05-07 15:07:00,577.6,577.9,576.65,577.25,524
2024-05-07 15:08:00,576.7,576.95,576.5,576.9,844
2024-05-07 15:09:00,576.6,579.0,576.55,578.55,1730
2024-05-07 15:10:00,578.85,581.35,578.05,581.35,8211
2024-05-07 15:11:00,581.0,581.1,580.55,580.55,1891
2024-05-07 15:12:00,580.35,583.0,580.35,581.85,7051
2024-05-07 15:13:00,581.4,583.8,581.4,582.6,5940
2024-05-07 15:14:00,582.1,583.15,581.5,581.5,4795
2024-05-07 15:15:00,581.5,581.7,580.0,581.3,4834
2024-05-07 15:16:00,580.8,581.0,579.6,579.6,3006
2024-05-07 15:17:00,579.15,580.35,578.3,580.35,1828
2024-05-07 15:18:00,579.85,580.45,578.5,580.45,1061
2024-05-07 15:19:00,580.45,580.45,579.25,579.25,1707
2024-05-07 15:20:00,579.25,579.7,578.4,578.95,8423
2024-05-07 15:21:00,578.85,579.2,578.4,578.75,1977
2024-05-07 15:22:00,578.45,580.05,578.1,580.05,5186
2024-05-07 15:23:00,580.35,582.85,580.3,582.45,2657
2024-05-07 15:24:00,582.45,582.95,581.0,582.4,8175
2024-05-07 15:25:00,582.0,584.7,580.9,583.4,19280
2024-05-07 15:26:00,583.4,584.95,583.0,583.3,7406
2024-05-07 15:27:00,583.2,584.0,583.0,583.5,7542
2024-05-07 15:28:00,583.5,583.65,583.0,583.5,1617
2024-05-07 15:29:00,583.5,585.0,583.25,583.5,7755
2024-05-08 09:15:00,581.0,581.0,574.6,574.65,5515
2024-05-08 09:16:00,574.65,575.4,573.75,575.1,6257
2024-05-08 09:17:00,575.1,575.35,570.55,573.1,9463
2024-05-08 09:18:00,572.4,575.85,572.05,575.85,3139
2024-05-08 09:19:00,575.9,578.7,575.0,578.7,3532
2024-05-08 09:20:00,578.4,578.4,575.25,576.2,2811
2024-05-08 09:21:00,576.2,578.0,576.2,577.2,1051
2024-05-08 09:22:00,577.3,580.85,577.3,579.35,6331
2024-05-08 09:23:00,579.35,582.05,579.3,581.25,4483
2024-05-08 09:24:00,581.25,582.95,581.0,581.15,5257
2024-05-08 09:25:00,581.35,582.9,581.25,581.55,1066
2024-05-08 09:26:00,581.75,582.35,581.1,582.3,2415
2024-05-08 09:27:00,581.95,583.75,581.95,583.0,2607
2024-05-08 09:28:00,583.1,583.9,582.0,582.25,1410
2024-05-08 09:29:00,582.75,582.75,581.0,581.95,1589
2024-05-08 09:30:00,581.25,582.5,581.25,582.5,2600
2024-05-08 09:31:00,582.05,582.5,581.75,582.5,1139
2024-05-08 09:32:00,582.1,584.0,582.1,583.0,8802
2024-05-08 09:33:00,583.0,584.5,583.0,584.15,422
2024-05-08 09:34:00,584.8,584.9,583.15,583.8,1661
2024-05-08 09:35:00,583.25,584.25,583.2,584.25,211
2024-05-08 09:36:00,584.0,584.0,583.2,583.85,450
2024-05-08 09:37:00,583.25,583.25,582.15,583.0,1254
2024-05-08 09:38:00,582.5,584.25,582.5,584.0,417
2024-05-08 09:39:00,583.9,584.05,583.3,584.05,1255
2024-05-08 09:40:00,583.6,584.3,583.0,583.9,269
2024-05-08 09:41:00,583.55,584.35,582.4,582.65,1439
2024-05-08 09:42:00,581.9,584.35,581.9,583.9,2151
2024-05-08 09:43:00,583.9,584.0,583.45,583.75,365
2024-05-08 09:44:00,583.3,583.8,582.3,582.9,193
2024-05-08 09:45:00,582.3,584.0,581.9,584.0,3613
2024-05-08 09:46:00,583.65,586.6,583.65,586.6,5800
2024-05-08 09:47:00,586.55,587.0,586.1,586.95,5723
2024-05-08 09:48:00,586.6,589.9,586.0,589.7,11732
2024-05-08 09:49:00,589.7,590.5,589.05,590.0,8805
2024-05-08 09:50:00,589.65,590.5,589.0,589.8,6518
2024-05-08 09:51:00,590.0,591.4,590.0,591.2,2974
2024-05-08 09:52:00,591.2,591.2,588.95,590.6,7909
2024-05-08 09:53:00,590.6,591.0,588.8,589.0,4039
2024-05-08 09:54:00,589.0,589.15,587.25,588.1,2985
2024-05-08 09:55:00,588.0,589.15,588.0,589.15,2491
2024-05-08 09:56:00,589.0,589.9,588.7,589.55,1892
2024-05-08 09:57:00,589.25,589.75,588.7,589.1,2070
2024-05-08 09:58:00,588.65,589.1,588.1,588.1,1913
2024-05-08 09:59:00,588.2,588.55,587.95,588.5,1710
2024-05-08 10:00:00,588.2,589.95,587.45,589.95,2155
2024-05-08 10:01:00,590.0,591.0,589.6,590.8,3748
2024-05-08 10:02:00,590.25,590.95,590.0,590.65,1781
2024-05-08 10:03:00,590.2,590.2,588.85,589.0,2369
2024-05-08 10:04:00,588.85,589.0,587.9,588.7,1418
2024-05-08 10:05:00,588.7,588.7,587.4,587.4,1310
2024-05-08 10:06:00,588.05,588.55,587.45,588.4,976
2024-05-08 10:07:00,588.4,588.65,587.85,588.0,450
2024-05-08 10:08:00,588.0,588.7,588.0,588.7,962
2024-05-08 10:09:00,588.35,589.5,588.05,589.5,2014
2024-05-08 10:10:00,589.15,589.55,588.3,588.95,451
2024-05-08 10:11:00,589.0,589.0,588.4,588.95,906
2024-05-08 10:12:00,589.0,589.0,588.15,588.7,1660
2024-05-08 10:13:00,588.1,588.55,587.55,588.15,1873
2024-05-08 10:14:00,587.65,588.15,587.45,587.45,273
2024-05-08 10:15:00,587.55,588.15,587.45,587.6,191
2024-05-08 10:16:00,587.45,587.9,587.25,587.25,674
2024-05-08 10:17:00,587.25,587.8,586.75,586.75,1404
2024-05-08 10:18:00,586.8,587.8,586.8,587.8,165
2024-05-08 10:19:00,587.3,587.8,586.1,586.5,1036
2024-05-08 10:20:00,586.1,586.95,586.1,586.9,712
2024-05-08 10:21:00,586.9,586.9,584.75,584.8,1974
2024-05-08 10:22:00,584.25,584.7,583.05,584.25,2582
2024-05-08 10:23:00,584.25,584.25,583.1,584.0,823
2024-05-08 10:24:00,583.45,584.3,583.2,583.95,5663
2024-05-08 10:25:00,583.9,583.9,582.15,582.15,809
2024-05-08 10:26:00,582.15,583.8,582.15,583.75,5295
2024-05-08 10:27:00,583.85,584.3,583.05,583.9,976
2024-05-08 10:28:00,583.9,584.0,583.25,584.0,896
2024-05-08 10:29:00,583.95,585.0,583.05,584.95,1904
2024-05-08 10:30:00,584.4,585.95,584.4,585.95,362
2024-05-08 10:31:00,585.4,585.85,584.05,584.45,1428
2024-05-08 10:32:00,584.45,584.45,584.0,584.0,1097
2024-05-08 10:33:00,584.0,584.55,584.0,584.35,646
2024-05-08 10:34:00,584.0,584.35,584.0,584.35,274
2024-05-08 10:35:00,584.0,584.35,584.0,584.35,210
2024-05-08 10:36:00,584.05,585.0,584.05,585.0,541
2024-05-08 10:37:00,585.0,585.2,584.4,585.0,252
2024-05-08 10:38:00,584.55,585.4,584.0,585.0,20603
2024-05-08 10:39:00,585.25,588.15,584.0,587.4,25651
2024-05-08 10:40:00,587.8,588.7,586.1,587.0,16038
2024-05-08 10:41:00,586.45,587.8,584.55,585.5,53229
2024-05-08 10:42:00,585.9,586.3,583.2,583.2,29049
2024-05-08 10:43:00,583.15,584.85,582.05,584.1,33115
2024-05-08 10:44:00,583.7,584.7,583.65,584.35,948
2024-05-08 10:45:00,584.35,584.35,583.75,584.35,82
2024-05-08 10:46:00,583.9,584.35,583.9,584.35,156
2024-05-08 10:47:00,584.35,584.35,583.55,583.9,410
2024-05-08 10:48:00,583.85,584.35,583.85,584.35,169
2024-05-08 10:49:00,584.0,584.35,584.0,584.05,106
2024-05-08 10:50:00,584.05,584.45,584.0,584.45,211
2024-05-08 10:51:00,584.5,584.55,584.15,584.55,251
2024-05-08 10:52:00,584.1,584.65,583.3,583.75,2727
2024-05-08 10:53:00,583.75,583.95,582.4,582.4,775
2024-05-08 10:54:00,582.4,585.7,582.4,585.7,3342
2024-05-08 10:55:00,585.05,585.4,584.15,585.4,277
2024-05-08 10:56:00,584.8,585.65,584.65,585.65,326
2024-05-08 10:57:00,585.6,585.65,585.05,585.65,277
2024-05-08 10:58:00,585.15,585.65,585.15,585.65,196
2024-05-08 10:59:00,585.2,585.75,584.6,585.75,2661
2024-05-08 11:00:00,585.75,586.5,585.05,586.5,695
2024-05-08 11:01:00,585.85,586.75,585.85,585.95,1430
2024-05-08 11:02:00,585.95,586.7,585.75,585.75,492
2024-05-08 11:03:00,585.8,586.8,585.8,586.7,76
2024-05-08 11:04:00,586.75,587.2,586.3,586.55,387
2024-05-08 11:05:00,586.55,587.2,586.45,587.2,419
2024-05-08 11:06:00,586.55,587.7,586.55,587.6,168
2024-05-08 11:07:00,587.2,587.6,587.1,587.45,239
2024-05-08 11:08:00,587.45,587.45,586.2,586.8,290
2024-05-08 11:09:00,586.2,587.45,586.2,587.45,1101
2024-05-08 11:10:00,586.7,587.45,586.7,586.9,431
2024-05-08 11:11:00,586.75,587.5,586.6,587.5,399
2024-05-08 11:12:00,587.5,587.5,586.8,587.45,204
2024-05-08 11:13:00,586.85,587.5,586.85,587.5,177
2024-05-08 11:14:00,586.9,588.95,586.9,588.3,2439
2024-05-08 11:15:00,588.3,593.5,588.3,593.5,18327
2024-05-08 11:16:00,593.95,595.0,592.35,593.15,25212
2024-05-08 11:17:00,593.2,593.2,592.35,592.45,1432
2024-05-08 11:18:00,592.45,593.4,592.0,592.95,3610
2024-05-08 11:19:00,593.0,594.0,592.5,593.55,4252
2024-05-08 11:20:00,593.55,593.55,592.55,593.2,1359
2024-05-08 11:21:00,593.2,593.2,591.7,591.7,2842
2024-05-08 11:22:00,591.35,592.5,591.35,592.1,449
2024-05-08 11:23:00,592.1,592.1,591.0,591.0,1223
2024-05-08 11:24:00,591.0,591.5,590.3,591.15,2960
2024-05-08 11:25:00,591.1,591.75,591.0,591.25,411
2024-05-08 11:26:00,591.25,591.8,591.25,591.8,247
2024-05-08 11:27:00,591.55,591.8,591.05,591.4,350
2024-05-08 11:28:00,591.45,591.5,591.0,591.4,624
2024-05-08 11:29:00,591.0,591.2,590.75,591.2,523
2024-05-08 11:30:00,591.0,591.4,591.0,591.4,123
2024-05-08 11:31:00,591.4,591.85,590.85,591.85,962
2024-05-08 11:32:00,591.3,591.85,591.05,591.85,874
2024-05-08 11:33:00,591.5,592.3,590.8,592.3,358
2024-05-08 11:34:00,592.3,592.3,591.2,591.95,3649
2024-05-08 11:35:00,591.95,592.0,591.5,592.0,436
2024-05-08 11:36:00,591.5,592.0,591.2,591.25,291
2024-05-08 11:37:00,591.3,592.0,591.3,591.9,208
2024-05-08 11:38:00,591.3,592.0,590.9,591.35,391
2024-05-08 11:39:00,591.4,592.4,591.3,591.85,619
2024-05-08 11:40:00,591.85,592.35,591.6,592.15,185
2024-05-08 11:41:00,591.6,592.15,591.25,591.9,247
2024-05-08 11:42:00,591.25,592.8,591.05,592.8,1993
2024-05-08 11:43:00,592.8,594.0,592.8,592.95,2306
2024-05-08 11:44:00,592.95,593.65,592.7,593.65,527
2024-05-08 11:45:00,592.85,593.45,592.55,593.0,390
2024-05-08 11:46:00,592.55,592.55,591.45,591.6,5230
2024-05-08 11:47:00,591.55,592.8,591.55,592.8,66
2024-05-08 11:48:00,591.95,592.95,591.85,591.85,543
2024-05-08 11:49:00,591.8,592.95,591.8,592.25,313
2024-05-08 11:50:00,592.45,593.0,592.05,592.55,1830
2024-05-08 11:51:00,592.2,592.8,591.9,592.6,304
2024-05-08 11:52:00,591.9,592.35,590.05,590.6,5781
2024-05-08 11:53:00,590.1,591.0,590.1,590.5,308
2024-05-08 11:54:00,590.5,591.3,590.1,591.3,477
2024-05-08 11:55:00,591.3,591.45,590.65,591.4,96
2024-05-08 11:56:00,590.55,591.35,590.55,590.7,142
2024-05-08 11:57:00,590.55,591.0,590.55,590.9,309
2024-05-08 11:58:00,590.45,590.95,590.1,590.65,641
2024-05-08 11:59:00,590.15,590.95,590.1,590.75,221
2024-05-08 12:00:00,590.3,590.85,590.3,590.5,116
2024-05-08 12:01:00,590.35,590.8,590.0,590.8,551
2024-05-08 12:02:00,590.8,590.8,590.05,590.5,277
2024-05-08 12:03:00,590.05,590.85,590.05,590.75,102
2024-05-08 12:04:00,590.75,590.8,590.05,590.8,199
2024-05-08 12:05:00,590.8,590.8,590.05,590.75,499
2024-05-08 12:06:00,590.2,590.7,589.85,590.65,605
2024-05-08 12:07:00,590.65,590.7,590.1,590.1,148
2024-05-08 12:08:00,590.1,590.6,590.05,590.5,62
2024-05-08 12:09:00,590.1,590.6,590.1,590.6,216
2024-05-08 12:10:00,590.5,590.8,590.5,590.8,217
2024-05-08 12:11:00,590.5,590.95,590.5,590.95,184
2024-05-08 12:12:00,590.55,591.0,590.55,590.75,566
2024-05-08 12:13:00,591.0,591.0,590.7,591.0,119
2024-05-08 12:14:00,590.7,591.0,590.7,591.0,316
2024-05-08 12:15:00,591.0,591.0,590.55,590.55,381
2024-05-08 12:16:00,590.55,591.0,590.55,591.0,59
2024-05-08 12:17:00,591.0,591.0,590.6,590.65,82
2024-05-08 12:18:00,590.65,592.0,590.65,592.0,2114
2024-05-08 12:19:00,591.85,592.0,591.45,591.85,195
2024-05-08 12:20:00,591.55,591.95,591.0,591.45,3247
2024-05-08 12:21:00,591.05,591.5,591.05,591.5,1431
2024-05-08 12:22:00,591.1,591.5,591.0,591.5,249
2024-05-08 12:23:00,591.1,591.5,591.1,591.45,114
2024-05-08 12:24:00,591.45,591.5,591.1,591.5,170
2024-05-08 12:25:00,591.5,591.5,590.3,590.5,663
2024-05-08 12:26:00,590.3,590.5,589.4,590.15,712
2024-05-08 12:27:00,590.2,590.5,589.6,590.0,98
2024-05-08 12:28:00,589.6,590.0,589.6,590.0,79
2024-05-08 12:29:00,590.0,590.0,589.45,589.95,334
2024-05-08 12:30:00,589.5,590.0,589.5,590.0,70
2024-05-08 12:31:00,590.0,590.0,589.3,589.65,445
2024-05-08 12:32:00,590.0,590.0,588.0,589.0,1881
2024-05-08 12:33:00,589.1,589.1,588.25,588.9,402
2024-05-08 12:34:00,588.8,588.9,587.8,587.8,154
2024-05-08 12:35:00,587.8,588.8,587.35,588.4,3378
2024-05-08 12:36:00,587.6,588.3,587.55,588.15,256
2024-05-08 12:37:00,587.75,588.95,587.75,588.9,1325
2024-05-08 12:38:00,588.4,588.95,587.95,588.6,1118
2024-05-08 12:39:00,588.2,589.05,588.2,588.35,141
2024-05-08 12:40:00,588.0,589.5,588.0,589.5,1014
2024-05-08 12:41:00,588.85,590.0,588.85,589.55,299
2024-05-08 12:42:00,589.7,589.9,589.3,589.3,247
2024-05-08 12:43:00,589.3,589.95,588.85,589.95,180
2024-05-08 12:44:00,589.45,589.95,589.45,589.95,267
2024-05-08 12:45:00,589.95,590.0,589.55,590.0,117
2024-05-08 12:46:00,589.9,590.0,589.6,589.85,246
2024-05-08 12:47:00,589.9,590.95,589.5,590.95,1316
2024-05-08 12:48:00,590.95,591.35,590.4,591.35,79
2024-05-08 12:49:00,590.7,591.05,590.35,591.0,279
2024-05-08 12:50:00,590.4,591.0,590.4,591.0,73
2024-05-08 12:51:00,591.0,591.4,590.4,591.4,978
2024-05-08 12:52:00,590.5,590.95,590.1,590.95,289
2024-05-08 12:53:00,590.4,591.0,590.25,591.0,601
2024-05-08 12:54:00,590.6,591.0,590.25,590.65,323
2024-05-08 12:55:00,590.2,591.0,590.1,591.0,272
2024-05-08 12:56:00,590.6,591.5,590.6,590.9,498
2024-05-08 12:57:00,590.45,591.0,590.15,590.9,243
2024-05-08 12:58:00,590.35,590.95,590.35,590.95,112
2024-05-08 12:59:00,590.4,591.35,590.0,591.35,397
2024-05-08 13:00:00,590.75,591.35,590.65,591.35,146
2024-05-08 13:01:00,591.1,591.35,590.8,591.2,233
2024-05-08 13:02:00,590.8,591.35,590.75,590.85,176
2024-05-08 13:03:00,590.85,591.35,590.85,590.95,139
2024-05-08 13:04:00,590.35,590.95,590.35,590.9,265
2024-05-08 13:05:00,590.5,591.35,590.5,591.35,60
2024-05-08 13:06:00,590.8,591.25,590.5,591.1,67
2024-05-08 13:07:00,590.55,591.95,590.55,591.95,2093
2024-05-08 13:08:00,591.35,592.0,591.35,591.95,279
2024-05-08 13:09:00,591.35,591.95,591.35,591.95,256
2024-05-08 13:10:00,591.95,591.95,591.5,591.9,124
2024-05-08 13:11:00,591.5,591.9,591.15,591.5,223
2024-05-08 13:12:00,591.5,591.95,591.05,591.95,306
2024-05-08 13:13:00,591.4,591.95,591.2,591.9,168
2024-05-08 13:14:00,591.4,592.0,591.2,591.95,616
2024-05-08 13:15:00,591.5,592.0,591.5,592.0,2605
2024-05-08 13:16:00,591.55,592.0,591.2,591.75,250
2024-05-08 13:17:00,591.3,591.85,591.3,591.8,362
2024-05-08 13:18:00,591.5,591.85,591.4,591.85,81
2024-05-08 13:19:00,591.45,591.8,591.4,591.8,64
2024-05-08 13:20:00,591.45,591.8,591.2,591.25,137
2024-05-08 13:21:00,591.25,591.8,591.25,591.3,63
2024-05-08 13:22:00,591.3,591.7,590.95,591.7,329
2024-05-08 13:23:00,591.15,591.7,591.05,591.6,202
2024-05-08 13:24:00,591.25,591.6,591.25,591.6,155
2024-05-08 13:25:00,591.35,591.6,591.25,591.25,139
2024-05-08 13:26:00,591.05,591.35,591.0,591.35,82
2024-05-08 13:27:00,591.1,591.5,591.1,591.4,421
2024-05-08 13:28:00,591.2,591.5,591.2,591.5,219
2024-05-08 13:29:00,591.5,591.5,590.5,591.2,447
2024-05-08 13:30:00,591.0,591.5,591.0,591.5,391
2024-05-08 13:31:00,591.1,591.5,591.05,591.05,1061
2024-05-08 13:32:00,591.05,591.25,590.5,591.05,69
2024-05-08 13:33:00,590.55,591.4,590.55,591.4,72
2024-05-08 13:34:00,590.95,591.4,590.85,590.85,112
2024-05-08 13:35:00,590.85,591.4,590.55,591.35,755
2024-05-08 13:36:00,590.75,591.35,589.5,589.8,3619
2024-05-08 13:37:00,589.1,590.5,589.1,590.5,332
2024-05-08 13:38:00,590.1,591.0,590.1,590.95,80
2024-05-08 13:39:00,590.5,590.95,590.1,590.1,134
2024-05-08 13:40:00,590.1,590.95,589.9,590.95,211
2024-05-08 13:41:00,590.45,591.0,590.3,590.65,197
2024-05-08 13:42:00,590.1,590.85,590.1,590.8,89
2024-05-08 13:43:00,590.25,590.9,590.1,590.9,66
2024-05-08 13:44:00,590.3,590.95,590.25,590.25,689
2024-05-08 13:45:00,590.2,590.9,590.1,590.6,153
2024-05-08 13:46:00,590.1,590.85,589.3,589.9,301
2024-05-08 13:47:00,589.3,590.05,589.25,589.25,248
2024-05-08 13:48:00,589.75,589.75,588.45,588.45,369
2024-05-08 13:49:00,588.45,588.95,587.2,588.2,1364
2024-05-08 13:50:00,588.2,588.6,587.5,588.5,1421
2024-05-08 13:51:00,588.5,589.95,587.9,589.95,2055
2024-05-08 13:52:00,589.75,590.0,589.25,589.6,264
2024-05-08 13:53:00,589.55,590.0,589.55,590.0,248
2024-05-08 13:54:00,590.0,590.0,589.6,590.0,255
2024-05-08 13:55:00,589.65,590.0,588.3,590.0,698
2024-05-08 13:56:00,589.85,591.4,589.85,591.35,1077
2024-05-08 13:57:00,591.35,591.35,590.25,591.0,598
2024-05-08 13:58:00,591.0,591.25,590.2,590.8,573
2024-05-08 13:59:00,590.25,590.8,590.05,590.8,362
2024-05-08 14:00:00,590.4,591.25,590.3,591.25,1868
2024-05-08 14:01:00,590.8,591.25,590.45,591.25,326
2024-05-08 14:02:00,590.8,591.25,590.3,590.95,198
2024-05-08 14:03:00,590.35,591.0,589.35,590.95,2695
2024-05-08 14:04:00,591.15,591.15,590.25,590.95,497
2024-05-08 14:05:00,590.95,590.95,589.2,589.4,1825
2024-05-08 14:06:00,589.0,590.0,588.7,589.55,1218
2024-05-08 14:07:00,589.55,589.95,588.3,589.05,1149
2024-05-08 14:08:00,589.25,589.9,588.1,589.8,322
2024-05-08 14:09:00,589.25,590.2,589.2,590.05,200
2024-05-08 14:10:00,589.6,590.2,589.5,589.5,227
2024-05-08 14:11:00,589.5,589.95,589.15,589.6,408
2024-05-08 14:12:00,589.15,590.0,589.1,590.0,230
2024-05-08 14:13:00,589.1,589.8,589.0,589.5,291
2024-05-08 14:14:00,589.05,589.1,588.45,588.45,630
2024-05-08 14:15:00,588.05,588.9,588.0,588.9,437
2024-05-08 14:16:00,588.35,588.85,588.15,588.85,278
2024-05-08 14:17:00,588.85,589.0,587.05,587.05,360
2024-05-08 14:18:00,587.05,588.5,587.05,588.1,2336
2024-05-08 14:19:00,588.1,588.45,587.4,587.8,359
2024-05-08 14:20:00,587.25,588.2,587.25,587.85,380
2024-05-08 14:21:00,587.4,587.95,586.95,587.0,476
2024-05-08 14:22:00,586.75,587.0,586.2,586.2,706
2024-05-08 14:23:00,586.2,587.35,585.45,586.05,1784
2024-05-08 14:24:00,586.2,586.4,584.6,586.3,5722
2024-05-08 14:25:00,585.35,586.25,585.1,586.2,472
2024-05-08 14:26:00,586.2,586.8,585.5,586.45,1018
2024-05-08 14:27:00,586.05,586.55,586.05,586.4,323
2024-05-08 14:28:00,585.8,586.55,585.8,586.05,88
2024-05-08 14:29:00,586.05,586.85,586.05,586.85,334
2024-05-08 14:30:00,586.85,586.85,586.05,586.55,181
2024-05-08 14:31:00,586.55,586.55,585.75,586.0,235
2024-05-08 14:32:00,586.0,586.1,585.7,586.1,122
2024-05-08 14:33:00,586.25,586.45,585.7,586.1,341
2024-05-08 14:34:00,586.1,586.35,586.1,586.35,123
2024-05-08 14:35:00,586.35,586.35,585.9,586.35,92
2024-05-08 14:36:00,586.35,586.35,586.0,586.0,186
2024-05-08 14:37:00,586.0,586.35,585.05,585.55,377
2024-05-08 14:38:00,585.55,586.0,585.45,586.0,237
2024-05-08 14:39:00,586.0,586.2,585.5,586.2,547
2024-05-08 14:40:00,586.0,586.2,585.5,586.2,1105
2024-05-08 14:41:00,586.2,587.0,585.55,586.45,393
2024-05-08 14:42:00,586.6,587.25,586.6,586.6,3551
2024-05-08 14:43:00,586.6,588.1,586.6,588.05,269
2024-05-08 14:44:00,588.05,588.05,587.95,587.95,129
2024-05-08 14:45:00,588.0,589.7,587.6,589.25,807
2024-05-08 14:46:00,589.25,589.25,587.3,587.85,541
2024-05-08 14:47:00,587.85,588.7,587.85,588.15,159
2024-05-08 14:48:00,588.15,589.05,588.15,589.05,91
2024-05-08 14:49:00,589.05,589.5,588.3,589.5,79
2024-05-08 14:50:00,589.5,589.65,588.45,589.5,212
2024-05-08 14:51:00,589.9,590.0,589.55,590.0,218
2024-05-08 14:52:00,590.0,590.0,589.6,590.0,201
2024-05-08 14:53:00,589.75,590.2,589.6,590.1,555
2024-05-08 14:54:00,590.1,590.25,589.4,589.95,2230
2024-05-08 14:55:00,589.95,590.0,588.25,588.75,1289
2024-05-08 14:56:00,588.75,588.9,588.0,588.6,82
2024-05-08 14:57:00,587.95,588.75,587.6,587.6,557
2024-05-08 14:58:00,587.85,588.65,587.85,588.25,376
2024-05-08 14:59:00,588.25,589.3,588.25,589.3,704
2024-05-08 15:00:00,589.3,590.5,589.0,590.5,659
2024-05-08 15:01:00,590.5,591.0,590.5,591.0,1917
2024-05-08 15:02:00,591.0,591.0,589.4,589.4,1963
2024-05-08 15:03:00,589.4,589.95,589.25,589.9,358
2024-05-08 15:04:00,589.75,590.0,589.25,589.25,1003
2024-05-08 15:05:00,589.25,589.85,588.8,589.8,255
2024-05-08 15:06:00,589.8,589.9,589.2,589.75,367
2024-05-08 15:07:00,589.95,590.0,589.25,589.9,661
2024-05-08 15:08:00,589.6,589.9,588.5,589.7,769
2024-05-08 15:09:00,589.7,591.2,589.65,591.2,3709
2024-05-08 15:10:00,590.95,591.2,590.5,591.0,285
2024-05-08 15:11:00,591.0,591.0,590.5,590.95,246
2024-05-08 15:12:00,590.95,590.95,590.15,590.95,1820
2024-05-08 15:13:00,590.85,590.95,590.5,590.5,279
2024-05-08 15:14:00,590.9,590.9,590.7,590.9,577
2024-05-08 15:15:00,590.9,590.95,590.15,590.15,2880
2024-05-08 15:16:00,590.35,590.35,589.1,589.7,1530
2024-05-08 15:17:00,589.7,589.75,589.25,589.75,542
2024-05-08 15:18:00,589.4,589.7,588.0,588.85,4059
2024-05-08 15:19:00,588.85,589.95,588.85,589.55,510
2024-05-08 15:20:00,590.0,590.0,589.0,589.8,5685
2024-05-08 15:21:00,589.85,590.0,589.3,589.95,2713
2024-05-08 15:22:00,589.95,590.95,589.95,590.95,7867
2024-05-08 15:23:00,590.9,591.0,590.0,590.9,3179
2024-05-08 15:24:00,591.0,591.0,590.1,590.1,3236
2024-05-08 15:25:00,590.5,590.5,590.0,590.45,5239
2024-05-08 15:26:00,590.45,591.8,590.45,591.7,8969
2024-05-08 15:27:00,591.7,591.7,591.0,591.15,988
2024-05-08 15:28:00,591.1,592.0,591.1,591.5,1861
2024-05-08 15:29:00,591.5,591.9,591.5,591.9,7385
2024-05-09 09:15:00,596.4,599.9,595.0,599.45,26726
2024-05-09 09:16:00,598.45,599.9,598.25,599.7,16713
2024-05-09 09:17:00,599.7,599.9,598.45,598.95,6225
2024-05-09 09:18:00,598.95,599.0,598.0,598.45,6013
2024-05-09 09:19:00,598.45,598.55,596.8,598.4,14449
2024-05-09 09:20:00,598.95,598.95,595.55,596.0,15188
2024-05-09 09:21:00,596.15,598.8,595.9,598.7,4031
2024-05-09 09:22:00,598.65,598.9,597.5,597.7,4260
2024-05-09 09:23:00,597.2,597.85,596.75,596.75,3787
2024-05-09 09:24:00,597.45,598.0,596.4,596.75,2562
2024-05-09 09:25:00,596.75,596.75,594.0,596.4,9282
2024-05-09 09:26:00,595.95,596.65,595.25,595.6,2300
2024-05-09 09:27:00,595.5,596.0,595.1,595.9,2885
2024-05-09 09:28:00,595.9,596.0,595.3,595.9,2584
2024-05-09 09:29:00,595.85,597.5,595.65,596.0,5017
2024-05-09 09:30:00,596.0,596.5,596.0,596.2,1357
2024-05-09 09:31:00,596.2,596.5,595.75,596.25,1549
2024-05-09 09:32:00,596.35,597.0,595.8,596.85,2174
2024-05-09 09:33:00,596.85,598.45,596.55,598.05,4011
2024-05-09 09:34:00,598.05,598.35,597.5,598.0,2172
2024-05-09 09:35:00,597.95,598.45,597.5,598.45,3886
2024-05-09 09:36:00,598.45,598.45,597.95,598.0,2097
2024-05-09 09:37:00,598.0,599.0,598.0,598.6,5142
2024-05-09 09:38:00,598.6,599.0,597.45,598.75,5295
2024-05-09 09:39:00,598.25,599.9,598.25,599.2,6604
2024-05-09 09:40:00,599.8,599.9,598.25,598.65,3106
2024-05-09 09:41:00,598.65,598.65,597.3,597.75,1141
2024-05-09 09:42:00,597.75,598.05,597.0,598.05,3523
2024-05-09 09:43:00,598.05,598.25,597.15,597.85,506
2024-05-09 09:44:00,597.85,597.9,597.15,597.15,831
2024-05-09 09:45:00,597.5,597.5,596.75,597.5,992
2024-05-09 09:46:00,597.5,597.5,596.0,596.0,1313
2024-05-09 09:47:00,596.0,596.8,595.6,595.9,2876
2024-05-09 09:48:00,595.5,595.95,595.0,595.5,3873
2024-05-09 09:49:00,595.5,596.65,595.05,595.4,1036
2024-05-09 09:50:00,595.55,595.55,594.5,595.0,1029
2024-05-09 09:51:00,595.3,595.75,594.5,594.7,1864
2024-05-09 09:52:00,594.7,595.3,594.5,594.9,1698
2024-05-09 09:53:00,594.9,594.95,594.15,594.55,2200
2024-05-09 09:54:00,594.55,594.55,594.1,594.55,318
2024-05-09 09:55:00,594.55,595.8,594.15,595.55,1002
2024-05-09 09:56:00,595.55,596.35,594.5,594.5,2938
2024-05-09 09:57:00,593.45,593.45,591.3,591.65,7941
2024-05-09 09:58:00,592.2,592.2,590.45,590.6,4463
2024-05-09 09:59:00,591.15,592.8,591.0,592.15,1485
2024-05-09 10:00:00,592.15,592.3,591.05,591.3,1068
2024-05-09 10:01:00,591.4,591.9,591.0,591.5,671
2024-05-09 10:02:00,591.5,592.2,591.5,592.2,399
2024-05-09 10:03:00,592.2,592.2,591.0,591.0,1432
2024-05-09 10:04:00,591.0,591.2,590.85,591.0,1621
2024-05-09 10:05:00,591.0,591.8,591.0,591.1,2436
2024-05-09 10:06:00,591.2,592.2,591.2,591.75,1842
2024-05-09 10:07:00,591.75,592.15,590.95,591.15,1409
2024-05-09 10:08:00,591.15,592.25,591.15,592.0,1030
2024-05-09 10:09:00,591.5,592.05,590.95,591.0,934
2024-05-09 10:10:00,591.0,591.3,590.45,590.85,1937
2024-05-09 10:11:00,590.85,591.05,590.45,591.0,1774
2024-05-09 10:12:00,590.45,590.6,589.5,589.5,2429
2024-05-09 10:13:00,589.7,589.8,587.7,588.35,6308
2024-05-09 10:14:00,588.4,588.45,586.1,586.95,8084
2024-05-09 10:15:00,586.95,587.9,586.1,587.6,1756
2024-05-09 10:16:00,586.55,587.5,586.5,586.8,1544
2024-05-09 10:17:00,586.8,587.05,586.6,586.65,424
2024-05-09 10:18:00,586.6,587.0,586.6,586.95,369
2024-05-09 10:19:00,586.95,586.95,585.5,586.2,3555
2024-05-09 10:20:00,585.65,586.1,585.5,585.5,1580
2024-05-09 10:21:00,587.0,587.5,585.65,585.65,3542
2024-05-09 10:22:00,586.0,586.05,584.0,585.45,6049
2024-05-09 10:23:00,585.85,585.9,584.0,584.0,4372
2024-05-09 10:24:00,584.0,584.7,584.0,584.0,833
2024-05-09 10:25:00,584.0,584.55,583.0,583.8,4048
2024-05-09 10:26:00,583.35,584.1,582.6,583.8,3624
2024-05-09 10:27:00,583.7,585.85,583.5,585.35,8219
2024-05-09 10:28:00,585.1,585.85,585.0,585.8,2639
2024-05-09 10:29:00,585.8,585.85,584.6,585.25,984
2024-05-09 10:30:00,585.0,585.55,584.9,585.15,417
2024-05-09 10:31:00,585.15,585.85,585.15,585.85,176
2024-05-09 10:32:00,585.85,585.85,585.05,585.05,600
2024-05-09 10:33:00,585.1,585.7,585.05,585.15,846
2024-05-09 10:34:00,584.6,585.6,584.0,585.05,2360
2024-05-09 10:35:00,585.1,585.5,584.35,584.9,216
2024-05-09 10:36:00,584.45,585.5,584.2,584.35,569
2024-05-09 10:37:00,584.5,585.1,584.5,584.7,66
2024-05-09 10:38:00,584.7,585.1,582.1,582.1,1837
2024-05-09 10:39:00,582.1,583.4,582.1,582.95,940
2024-05-09 10:40:00,582.8,584.05,582.05,584.05,1792
2024-05-09 10:41:00,584.05,584.05,582.5,582.75,5316
2024-05-09 10:42:00,582.75,583.5,582.75,582.75,448
2024-05-09 10:43:00,582.75,583.95,582.5,583.95,633
2024-05-09 10:44:00,583.05,583.45,580.3,581.65,4494
2024-05-09 10:45:00,581.1,582.4,580.9,582.2,2373
2024-05-09 10:46:00,582.15,583.0,581.5,582.35,3273
2024-05-09 10:47:00,581.75,582.15,581.35,582.0,613
2024-05-09 10:48:00,582.0,582.15,581.05,581.05,2168
2024-05-09 10:49:00,581.05,581.8,581.05,581.1,663
2024-05-09 10:50:00,581.15,582.15,581.15,581.2,1686
2024-05-09 10:51:00,581.35,582.0,581.3,582.0,86
2024-05-09 10:52:00,581.5,582.0,581.5,582.0,270
2024-05-09 10:53:00,582.0,582.7,582.0,582.3,294
2024-05-09 10:54:00,581.75,582.3,581.5,581.85,210
2024-05-09 10:55:00,581.5,581.75,581.15,581.75,302
2024-05-09 10:56:00,581.75,582.65,581.3,581.75,537
2024-05-09 10:57:00,581.25,582.55,581.25,581.5,1413
2024-05-09 10:58:00,581.4,581.4,580.4,581.0,4163
2024-05-09 10:59:00,581.1,581.2,578.6,579.8,13913
2024-05-09 11:00:00,580.2,580.2,579.0,579.6,166
2024-05-09 11:01:00,579.75,579.8,579.1,579.1,470
2024-05-09 11:02:00,579.7,580.0,579.05,579.15,2579
2024-05-09 11:03:00,579.15,579.75,579.05,579.15,429
2024-05-09 11:04:00,579.7,580.2,578.95,580.2,1044
2024-05-09 11:05:00,580.45,580.45,579.25,579.65,446
2024-05-09 11:06:00,579.95,579.95,579.1,579.3,659
2024-05-09 11:07:00,579.7,580.7,579.15,579.95,375
2024-05-09 11:08:00,580.0,580.1,579.05,579.05,662
2024-05-09 11:09:00,579.45,579.45,578.7,578.85,886
2024-05-09 11:10:00,579.15,579.15,578.0,578.1,611
2024-05-09 11:11:00,578.1,578.65,577.4,578.1,3514
2024-05-09 11:12:00,578.1,579.7,577.7,579.7,519
2024-05-09 11:13:00,579.65,580.45,579.0,580.0,3994
2024-05-09 11:14:00,580.0,580.75,580.0,580.75,3403
2024-05-09 11:15:00,580.5,581.45,580.0,581.0,3873
2024-05-09 11:16:00,581.0,582.0,580.75,581.3,2661
2024-05-09 11:17:00,581.35,581.35,580.25,580.25,1298
2024-05-09 11:18:00,580.5,581.75,580.25,581.0,481
2024-05-09 11:19:00,581.55,582.0,581.0,581.25,1840
2024-05-09 11:20:00,581.6,581.6,580.1,581.0,1362
2024-05-09 11:21:00,581.0,582.9,580.45,581.1,7653
2024-05-09 11:22:00,581.1,582.2,580.95,582.15,1514
2024-05-09 11:23:00,582.2,582.2,580.95,581.25,1584
2024-05-09 11:24:00,581.25,581.3,580.2,580.7,97
2024-05-09 11:25:00,580.65,580.7,580.0,580.45,318
2024-05-09 11:26:00,580.45,580.45,579.6,579.95,998
2024-05-09 11:27:00,579.95,580.15,579.65,580.0,499
2024-05-09 11:28:00,580.0,580.55,579.95,580.55,165
2024-05-09 11:29:00,580.55,580.55,580.1,580.55,66
2024-05-09 11:30:00,580.55,580.55,579.6,579.6,434
2024-05-09 11:31:00,580.1,580.4,579.6,580.4,395
2024-05-09 11:32:00,579.85,580.55,579.7,580.45,878
2024-05-09 11:33:00,580.45,580.45,579.95,579.95,243
2024-05-09 11:34:00,580.35,580.4,580.0,580.3,66
2024-05-09 11:35:00,580.3,580.3,579.7,579.7,146
2024-05-09 11:36:00,579.7,581.75,579.7,581.25,831
2024-05-09 11:37:00,581.35,582.45,581.35,582.4,1884
2024-05-09 11:38:00,582.4,582.95,581.85,582.7,514
2024-05-09 11:39:00,583.0,583.0,582.05,582.2,634
2024-05-09 11:40:00,582.75,583.4,582.75,582.9,90
2024-05-09 11:41:00,582.9,585.3,582.9,585.3,2768
2024-05-09 11:42:00,585.3,587.0,585.05,585.05,3473
2024-05-09 11:43:00,585.5,588.3,585.05,588.3,5664
2024-05-09 11:44:00,588.6,588.6,587.55,588.1,2564
2024-05-09 11:45:00,588.1,588.55,587.15,587.65,4903
2024-05-09 11:46:00,587.75,588.0,587.55,588.0,60
2024-05-09 11:47:00,588.0,588.0,587.0,588.0,1325
2024-05-09 11:48:00,587.8,587.8,587.0,587.7,461
2024-05-09 11:49:00,587.7,588.0,587.35,587.55,212
2024-05-09 11:50:00,587.95,587.95,586.8,587.8,917
2024-05-09 11:51:00,587.8,588.05,586.5,586.5,1903
2024-05-09 11:52:00,586.8,586.9,586.3,586.3,50
2024-05-09 11:53:00,586.3,586.8,585.0,585.0,1119
2024-05-09 11:54:00,585.45,585.6,585.0,585.35,265
2024-05-09 11:55:00,585.4,585.4,583.75,584.85,3131
2024-05-09 11:56:00,584.85,585.3,584.75,585.3,501
2024-05-09 11:57:00,585.3,586.9,584.25,584.25,1303
2024-05-09 11:58:00,584.25,585.0,584.25,584.6,311
2024-05-09 11:59:00,584.6,584.95,584.5,584.5,18
2024-05-09 12:00:00,584.5,584.9,584.05,584.45,1066
2024-05-09 12:01:00,584.45,584.5,583.6,584.5,214
2024-05-09 12:02:00,584.95,584.95,584.5,584.75,44
2024-05-09 12:03:00,584.75,584.75,583.65,584.2,1470
2024-05-09 12:04:00,584.2,584.6,583.75,584.2,87
2024-05-09 12:05:00,584.2,584.2,583.65,583.75,51
2024-05-09 12:06:00,584.15,584.15,583.75,583.75,8
2024-05-09 12:07:00,583.75,585.0,583.75,585.0,655
2024-05-09 12:08:00,585.0,585.05,584.6,584.65,585
2024-05-09 12:09:00,584.6,584.8,584.25,584.8,73
2024-05-09 12:10:00,585.1,586.6,584.8,584.8,2637
2024-05-09 12:11:00,585.05,585.05,584.55,585.05,9
2024-05-09 12:12:00,585.05,585.15,584.65,585.1,134
2024-05-09 12:13:00,585.1,586.45,585.1,586.0,1493
2024-05-09 12:14:00,586.0,586.0,585.55,585.55,86
2024-05-09 12:15:00,585.55,585.55,585.05,585.05,185
2024-05-09 12:16:00,585.45,585.45,585.0,585.1,91
2024-05-09 12:17:00,585.45,585.45,584.35,584.35,769
2024-05-09 12:18:00,584.7,585.65,584.35,585.65,771
2024-05-09 12:19:00,585.65,586.0,585.4,585.4,94
2024-05-09 12:20:00,585.4,585.65,585.1,585.6,545
2024-05-09 12:21:00,585.55,586.1,584.8,586.1,525
2024-05-09 12:22:00,586.1,588.15,585.8,588.0,5635
2024-05-09 12:23:00,588.1,588.6,587.5,588.0,437
2024-05-09 12:24:00,588.0,588.6,588.0,588.0,1495
2024-05-09 12:25:00,588.0,588.5,588.0,588.45,122
2024-05-09 12:26:00,588.4,588.4,587.35,587.85,601
2024-05-09 12:27:00,587.8,587.9,587.0,587.1,1057
2024-05-09 12:28:00,587.55,587.7,587.0,587.7,637
2024-05-09 12:29:00,587.7,587.7,587.2,587.65,79
2024-05-09 12:30:00,587.65,587.65,587.3,587.65,22
2024-05-09 12:31:00,587.2,587.65,587.1,587.65,362
2024-05-09 12:32:00,587.2,587.65,587.2,587.65,43
2024-05-09 12:33:00,587.65,587.65,587.1,587.1,74
2024-05-09 12:34:00,587.1,587.95,587.1,587.95,840
2024-05-09 12:35:00,587.95,588.4,587.5,588.4,1110
2024-05-09 12:36:00,587.8,588.45,587.8,588.3,11
2024-05-09 12:37:00,588.3,588.75,587.5,587.5,579
2024-05-09 12:38:00,587.5,588.5,587.0,587.85,1283
2024-05-09 12:39:00,587.0,587.45,586.05,586.05,2886
2024-05-09 12:40:00,585.9,585.9,585.1,585.6,1333
2024-05-09 12:41:00,585.4,585.75,585.35,585.35,5
2024-05-09 12:42:00,585.35,585.55,585.2,585.2,204
2024-05-09 12:43:00,585.2,585.75,585.2,585.75,58
2024-05-09 12:44:00,585.75,585.75,585.3,585.65,23
2024-05-09 12:45:00,585.25,585.65,585.25,585.25,18
2024-05-09 12:46:00,585.25,585.65,585.25,585.25,14
2024-05-09 12:47:00,585.25,585.25,583.75,584.05,2995
2024-05-09 12:48:00,584.05,584.05,583.75,583.75,108
2024-05-09 12:49:00,583.75,584.05,583.75,584.05,9
2024-05-09 12:50:00,583.3,583.5,583.0,583.5,481
2024-05-09 12:51:00,583.6,583.85,581.95,581.95,920
2024-05-09 12:52:00,581.95,582.3,581.2,581.2,965
2024-05-09 12:53:00,581.2,581.95,581.05,581.95,1874
2024-05-09 12:54:00,582.0,582.65,581.6,582.65,824
2024-05-09 12:55:00,582.45,582.45,581.6,581.65,173
2024-05-09 12:56:00,581.65,582.35,581.65,581.85,416
2024-05-09 12:57:00,581.85,582.05,581.65,581.65,911
2024-05-09 12:58:00,581.65,582.35,580.9,580.95,8047
2024-05-09 12:59:00,580.95,582.3,580.9,582.0,756
2024-05-09 13:00:00,582.0,582.0,581.65,582.0,238
2024-05-09 13:01:00,582.0,582.1,581.65,582.1,265
2024-05-09 13:02:00,581.5,581.5,580.7,580.7,479
2024-05-09 13:03:00,580.7,581.95,580.7,581.55,532
2024-05-09 13:04:00,581.55,582.35,581.55,582.0,185
2024-05-09 13:05:00,581.45,581.6,581.45,581.45,63
2024-05-09 13:06:00,581.0,581.65,580.9,580.9,2654
2024-05-09 13:07:00,580.9,581.3,580.6,580.85,292
2024-05-09 13:08:00,580.85,581.3,580.8,581.05,168
2024-05-09 13:09:00,581.05,581.05,580.8,581.05,103
2024-05-09 13:10:00,581.05,581.05,579.55,579.6,1219
2024-05-09 13:11:00,579.6,580.4,579.6,579.7,115
2024-05-09 13:12:00,579.7,580.65,579.55,579.55,189
2024-05-09 13:13:00,578.7,579.9,578.7,579.9,1654
2024-05-09 13:14:00,579.6,579.95,579.55,579.55,1891
2024-05-09 13:15:00,579.55,580.0,579.55,579.6,41
2024-05-09 13:16:00,579.6,579.6,578.6,579.05,251
2024-05-09 13:17:00,579.05,579.95,578.6,579.95,672
2024-05-09 13:18:00,579.95,581.15,579.4,580.5,1791
2024-05-09 13:19:00,580.9,581.0,579.7,579.7,1353
2024-05-09 13:20:00,579.7,579.8,579.2,579.2,2
2024-05-09 13:21:00,579.2,579.4,578.5,578.5,927
2024-05-09 13:22:00,578.5,578.7,577.95,577.95,2105
2024-05-09 13:23:00,577.75,578.7,577.75,577.9,853
2024-05-09 13:24:00,578.25,578.45,577.6,577.6,201
2024-05-09 13:25:00,577.5,578.8,577.4,578.8,1030
2024-05-09 13:26:00,578.8,579.85,578.55,579.85,551
2024-05-09 13:27:00,579.9,580.0,579.5,580.0,394
2024-05-09 13:28:00,580.0,580.75,579.6,580.75,1233
2024-05-09 13:29:00,580.4,580.75,580.4,580.75,98
2024-05-09 13:30:00,580.75,581.35,580.05,580.05,867
2024-05-09 13:31:00,580.35,581.35,580.05,581.35,433
2024-05-09 13:32:00,581.35,581.75,581.0,581.25,247
2024-05-09 13:33:00,581.5,581.5,580.6,580.6,1146
2024-05-09 13:34:00,580.6,580.6,580.05,580.45,345
2024-05-09 13:35:00,580.05,580.45,580.05,580.45,270
2024-05-09 13:36:00,580.45,580.45,580.1,580.1,69
2024-05-09 13:37:00,580.1,580.45,580.1,580.45,57
2024-05-09 13:38:00,580.45,580.5,580.1,580.5,482
2024-05-09 13:39:00,580.5,580.85,580.35,580.5,51
2024-05-09 13:40:00,580.85,581.75,580.85,581.2,2155
2024-05-09 13:41:00,580.85,581.4,580.8,581.4,385
2024-05-09 13:42:00,581.4,582.35,581.25,582.05,823
2024-05-09 13:43:00,582.15,582.95,581.75,582.95,872
2024-05-09 13:44:00,582.5,582.8,581.6,581.7,1842
2024-05-09 13:45:00,581.7,581.85,580.7,581.85,2481
2024-05-09 13:46:00,581.85,582.25,581.85,582.0,460
2024-05-09 13:47:00,582.0,583.15,582.0,582.95,745
2024-05-09 13:48:00,582.95,583.65,582.5,582.65,265
2024-05-09 13:49:00,583.0,583.0,582.35,582.95,98
2024-05-09 13:50:00,582.95,582.95,582.35,582.35,30
2024-05-09 13:51:00,582.35,582.7,582.35,582.35,70
2024-05-09 13:52:00,582.35,582.35,581.6,581.6,855
2024-05-09 13:53:00,581.6,581.75,581.3,581.75,757
2024-05-09 13:54:00,581.75,581.75,581.3,581.35,153
2024-05-09 13:55:00,581.35,581.75,581.35,581.45,53
2024-05-09 13:56:00,581.75,582.0,581.65,582.0,273
2024-05-09 13:57:00,582.0,582.0,581.75,581.75,78
2024-05-09 13:58:00,581.75,582.0,581.5,581.95,375
2024-05-09 13:59:00,581.95,581.95,581.5,581.65,40
2024-05-09 14:00:00,581.85,582.0,581.0,581.05,1636
2024-05-09 14:01:00,581.05,581.4,580.8,581.4,73
2024-05-09 14:02:00,581.4,581.4,579.5,579.75,2630
2024-05-09 14:03:00,579.75,581.3,579.25,581.3,287
2024-05-09 14:04:00,581.3,582.7,581.3,582.7,407
2024-05-09 14:05:00,582.7,583.45,582.35,583.35,495
2024-05-09 14:06:00,583.35,583.65,582.45,583.45,182
2024-05-09 14:07:00,583.6,584.5,583.2,584.4,1057
2024-05-09 14:08:00,584.05,584.25,583.75,584.0,265
2024-05-09 14:09:00,584.0,584.0,583.7,583.75,296
2024-05-09 14:10:00,583.75,584.8,583.75,584.65,1605
2024-05-09 14:11:00,584.65,584.8,584.0,584.6,808
2024-05-09 14:12:00,584.75,584.8,584.0,584.5,349
2024-05-09 14:13:00,584.5,584.8,584.0,584.75,160
2024-05-09 14:14:00,584.75,584.85,583.7,584.1,606
2024-05-09 14:15:00,584.25,584.9,584.05,584.85,187
2024-05-09 14:16:00,584.85,584.85,583.8,584.15,413
2024-05-09 14:17:00,584.7,584.7,584.25,584.7,272
2024-05-09 14:18:00,584.7,584.7,584.2,584.6,172
2024-05-09 14:19:00,584.55,585.2,584.2,585.2,580
2024-05-09 14:20:00,585.2,585.5,584.55,585.5,602
2024-05-09 14:21:00,585.5,585.5,582.9,583.1,2652
2024-05-09 14:22:00,583.5,583.55,583.05,583.5,567
2024-05-09 14:23:00,583.5,584.35,583.1,584.35,139
2024-05-09 14:24:00,584.35,584.35,583.5,583.5,197
2024-05-09 14:25:00,583.5,583.5,583.0,583.3,1
2024-05-09 14:26:00,583.3,584.75,583.1,584.7,1655
2024-05-09 14:27:00,584.15,584.35,584.0,584.35,20
2024-05-09 14:28:00,584.35,584.85,583.0,583.75,550
2024-05-09 14:29:00,583.75,583.75,582.3,582.3,825
2024-05-09 14:30:00,582.95,583.05,582.55,582.9,126
2024-05-09 14:31:00,582.9,582.9,582.0,582.0,289
2024-05-09 14:32:00,582.0,582.35,582.0,582.3,57
2024-05-09 14:33:00,582.3,582.3,581.25,581.25,608
2024-05-09 14:34:00,581.65,581.65,581.25,581.35,980
2024-05-09 14:35:00,581.35,581.95,581.25,581.95,972
2024-05-09 14:36:00,581.95,581.95,581.55,581.85,234
2024-05-09 14:37:00,581.85,581.85,581.25,581.25,629
2024-05-09 14:38:00,581.25,581.25,579.35,579.9,4520
2024-05-09 14:39:00,579.9,579.9,579.4,579.4,345
2024-05-09 14:40:00,579.4,579.4,579.0,579.0,849
2024-05-09 14:41:00,579.25,579.25,578.25,578.4,504
2024-05-09 14:42:00,578.4,578.55,578.05,578.05,709
2024-05-09 14:43:00,578.05,579.25,578.05,579.2,144
2024-05-09 14:44:00,579.2,579.2,575.6,576.05,5781
2024-05-09 14:45:00,575.6,577.5,575.6,577.4,1329
2024-05-09 14:46:00,577.4,578.05,577.05,577.8,845
2024-05-09 14:47:00,577.8,580.45,577.15,580.4,1129
2024-05-09 14:48:00,580.4,580.4,579.2,579.6,1393
2024-05-09 14:49:00,579.6,580.9,579.55,580.9,1136
2024-05-09 14:50:00,580.9,582.45,580.9,582.45,2121
2024-05-09 14:51:00,583.05,583.05,580.6,581.7,3819
2024-05-09 14:52:00,581.7,582.45,580.05,580.4,2396
2024-05-09 14:53:00,580.0,580.0,579.2,579.85,3241
2024-05-09 14:54:00,579.85,581.45,579.8,581.3,2401
2024-05-09 14:55:00,580.3,582.55,580.3,582.1,3135
2024-05-09 14:56:00,582.05,582.9,582.05,582.9,666
2024-05-09 14:57:00,582.9,582.9,581.9,582.25,444
2024-05-09 14:58:00,582.25,582.25,581.65,581.65,18
2024-05-09 14:59:00,581.65,581.95,580.6,580.6,90
2024-05-09 15:00:00,580.6,581.95,580.6,581.5,1218
2024-05-09 15:01:00,581.5,582.3,580.75,580.75,1079
2024-05-09 15:02:00,580.75,580.8,579.4,579.4,4234
2024-05-09 15:03:00,579.35,580.25,579.15,579.8,1071
2024-05-09 15:04:00,579.65,579.65,577.05,577.85,2599
2024-05-09 15:05:00,577.9,578.5,576.8,577.0,1341
2024-05-09 15:06:00,577.4,579.1,577.05,578.35,1512
2024-05-09 15:07:00,578.05,578.5,576.85,576.85,1772
2024-05-09 15:08:00,577.45,577.45,576.0,576.55,2389
2024-05-09 15:09:00,576.9,578.6,576.0,577.65,4891
2024-05-09 15:10:00,578.55,579.1,578.35,579.0,2580
2024-05-09 15:11:00,579.1,579.2,578.05,578.65,2011
2024-05-09 15:12:00,578.75,578.8,578.0,578.0,324
2024-05-09 15:13:00,578.05,578.05,577.0,577.35,4267
2024-05-09 15:14:00,577.35,577.35,576.1,576.5,977
2024-05-09 15:15:00,576.5,576.5,575.2,575.45,1479
2024-05-09 15:16:00,575.4,575.4,575.0,575.1,8526
2024-05-09 15:17:00,575.1,575.1,573.35,573.4,8933
2024-05-09 15:18:00,573.4,574.2,568.0,569.4,17525
2024-05-09 15:19:00,569.3,570.5,568.1,570.5,5845
2024-05-09 15:20:00,570.5,571.45,570.35,571.1,2897
2024-05-09 15:21:00,571.3,571.95,571.1,571.85,1564
2024-05-09 15:22:00,571.9,571.9,571.4,571.85,2690
2024-05-09 15:23:00,571.5,571.9,571.0,571.8,4530
2024-05-09 15:24:00,571.55,571.8,570.5,571.1,4040
2024-05-09 15:25:00,571.15,571.5,571.0,571.25,1050
2024-05-09 15:26:00,571.2,571.2,571.0,571.1,1706
2024-05-09 15:27:00,571.1,571.6,571.0,571.2,4536
2024-05-09 15:28:00,571.7,572.0,571.3,571.85,1214
2024-05-09 15:29:00,571.8,572.0,571.5,571.85,3924
2024-05-10 09:15:00,562.35,571.65,562.35,565.3,30126
2024-05-10 09:16:00,565.3,567.1,564.25,564.75,6991
2024-05-10 09:17:00,564.05,565.0,564.0,564.55,9135
2024-05-10 09:18:00,564.9,565.55,564.2,565.25,12409
2024-05-10 09:19:00,565.25,565.8,556.05,557.7,26890
2024-05-10 09:20:00,556.5,558.55,552.55,553.7,40963
2024-05-10 09:21:00,552.55,554.75,549.05,549.4,39510
2024-05-10 09:22:00,549.75,550.8,546.05,549.5,38960
2024-05-10 09:23:00,550.0,552.9,549.85,552.1,36922
2024-05-10 09:24:00,552.1,553.9,550.85,551.25,16341
2024-05-10 09:25:00,551.25,552.2,548.0,548.0,11579
2024-05-10 09:26:00,548.45,551.15,548.0,551.15,14080
2024-05-10 09:27:00,551.15,552.0,549.95,551.8,13855
2024-05-10 09:28:00,551.1,551.6,549.2,550.3,13751
2024-05-10 09:29:00,549.35,550.0,548.2,548.9,6058
2024-05-10 09:30:00,548.9,549.45,543.7,544.8,22123
2024-05-10 09:31:00,545.0,547.65,543.6,545.1,13622
2024-05-10 09:32:00,545.1,547.0,544.0,546.8,14414
2024-05-10 09:33:00,546.8,550.5,546.25,549.4,19170
2024-05-10 09:34:00,548.8,549.1,545.5,546.45,19445
2024-05-10 09:35:00,546.5,546.7,543.25,543.4,9453
2024-05-10 09:36:00,543.9,543.9,542.05,542.35,10887
2024-05-10 09:37:00,542.35,542.35,540.0,540.75,28768
2024-05-10 09:38:00,540.5,541.6,538.0,540.15,31017
2024-05-10 09:39:00,540.2,540.9,537.35,537.95,12334
2024-05-10 09:40:00,538.0,540.0,537.0,539.1,15848
2024-05-10 09:41:00,539.8,541.0,539.3,540.95,15770
2024-05-10 09:42:00,540.15,544.5,540.0,543.75,9951
2024-05-10 09:43:00,543.65,547.7,543.6,546.55,15298
2024-05-10 09:44:00,546.55,548.85,546.1,546.9,13668
2024-05-10 09:45:00,547.75,549.65,547.35,547.35,5300
2024-05-10 09:46:00,547.1,547.35,544.85,545.1,4856
2024-05-10 09:47:00,545.25,546.8,544.25,544.75,8947
2024-05-10 09:48:00,544.25,546.35,544.05,545.4,2659
2024-05-10 09:49:00,545.0,546.0,542.7,545.2,7092
2024-05-10 09:50:00,545.15,545.3,542.7,544.5,10928
2024-05-10 09:51:00,544.5,544.5,542.65,544.45,4424
2024-05-10 09:52:00,544.45,546.8,544.45,546.6,4490
2024-05-10 09:53:00,546.65,547.4,545.75,547.4,5473
2024-05-10 09:54:00,547.45,548.0,545.85,546.1,3190
2024-05-10 09:55:00,546.1,547.45,546.05,547.45,1228
2024-05-10 09:56:00,547.95,547.95,546.2,546.45,3932
2024-05-10 09:57:00,546.45,547.5,546.2,547.5,1840
2024-05-10 09:58:00,547.1,547.9,546.35,547.9,1725
2024-05-10 09:59:00,547.9,548.45,547.0,547.5,1865
2024-05-10 10:00:00,547.5,548.0,547.25,547.95,1909
2024-05-10 10:01:00,548.3,549.3,547.1,548.0,2789
2024-05-10 10:02:00,548.15,548.15,547.0,547.45,1935
2024-05-10 10:03:00,547.45,547.45,545.7,546.1,5362
2024-05-10 10:04:00,546.55,546.85,545.1,546.85,976
2024-05-10 10:05:00,546.85,546.85,546.0,546.6,512
2024-05-10 10:06:00,546.95,549.5,546.25,549.25,5937
2024-05-10 10:07:00,549.35,551.5,549.35,551.0,7778
2024-05-10 10:08:00,551.0,552.5,550.5,552.5,7065
2024-05-10 10:09:00,552.5,552.9,551.7,552.5,6375
2024-05-10 10:10:00,552.45,554.45,552.05,554.0,5105
2024-05-10 10:11:00,553.9,554.1,552.2,553.05,5450
2024-05-10 10:12:00,553.05,553.55,553.0,553.0,846
2024-05-10 10:13:00,553.0,553.4,552.5,553.4,1012
2024-05-10 10:14:00,553.8,553.85,553.25,553.8,1782
2024-05-10 10:15:00,553.8,554.0,553.15,553.9,1536
2024-05-10 10:16:00,553.9,553.9,552.65,553.7,1401
2024-05-10 10:17:00,553.35,556.9,553.0,556.9,10424
2024-05-10 10:18:00,557.0,557.0,555.25,555.35,4924
2024-05-10 10:19:00,555.35,556.0,555.2,555.5,854
2024-05-10 10:20:00,555.35,555.35,553.15,553.15,8021
2024-05-10 10:21:00,553.15,553.85,551.95,551.95,2785
2024-05-10 10:22:00,551.95,553.1,551.8,552.8,886
2024-05-10 10:23:00,553.2,553.55,552.7,553.1,1761
2024-05-10 10:24:00,553.1,553.5,552.8,553.5,1209
2024-05-10 10:25:00,553.5,553.5,552.6,553.15,236
2024-05-10 10:26:00,553.15,553.15,552.1,553.0,1162
2024-05-10 10:27:00,552.75,553.0,552.05,552.4,2204
2024-05-10 10:28:00,552.05,552.9,551.55,552.85,2128
2024-05-10 10:29:00,552.85,554.9,552.4,553.0,5162
2024-05-10 10:30:00,553.0,555.2,552.9,554.8,4592
2024-05-10 10:31:00,555.0,555.05,554.0,554.25,1481
2024-05-10 10:32:00,554.25,555.05,554.0,555.05,1170
2024-05-10 10:33:00,555.05,555.5,555.0,555.5,2423
2024-05-10 10:34:00,555.85,556.6,555.6,556.6,432
2024-05-10 10:35:00,556.3,556.95,556.2,556.5,945
2024-05-10 10:36:00,556.15,556.5,555.8,556.45,2622
2024-05-10 10:37:00,556.5,556.5,554.65,555.0,3000
2024-05-10 10:38:00,554.85,555.65,554.05,555.1,3168
2024-05-10 10:39:00,555.05,556.35,555.05,556.35,549
2024-05-10 10:40:00,556.1,556.7,556.1,556.55,1317
2024-05-10 10:41:00,555.8,555.8,555.0,555.0,2796
2024-05-10 10:42:00,555.0,556.25,555.0,555.75,1375
2024-05-10 10:43:00,555.75,556.2,555.7,555.8,531
2024-05-10 10:44:00,555.6,556.75,555.25,556.75,1691
2024-05-10 10:45:00,556.75,557.35,556.6,557.2,4642
2024-05-10 10:46:00,557.2,557.75,556.05,556.05,3877
2024-05-10 10:47:00,556.05,556.05,555.25,555.55,325
2024-05-10 10:48:00,555.25,555.95,555.25,555.75,1953
2024-05-10 10:49:00,555.75,556.1,555.5,555.9,2300
2024-05-10 10:50:00,555.55,556.05,554.2,554.65,2958
2024-05-10 10:51:00,554.65,554.65,553.0,553.2,3732
2024-05-10 10:52:00,553.05,553.85,552.3,553.4,1987
2024-05-10 10:53:00,552.95,553.9,552.5,553.0,2489
2024-05-10 10:54:00,553.0,553.5,553.0,553.5,2069
2024-05-10 10:55:00,553.15,553.5,552.55,553.0,1168
2024-05-10 10:56:00,553.0,554.0,553.0,553.45,2204
2024-05-10 10:57:00,553.45,554.95,553.45,554.95,2597
2024-05-10 10:58:00,554.95,554.95,554.2,554.75,935
2024-05-10 10:59:00,554.9,554.9,553.85,554.3,1245
2024-05-10 11:00:00,554.0,554.5,554.0,554.0,10
2024-05-10 11:01:00,554.0,554.55,553.7,554.05,755
2024-05-10 11:02:00,554.05,554.75,552.4,553.4,2101
2024-05-10 11:03:00,553.4,554.1,553.0,553.65,188
2024-05-10 11:04:00,553.65,554.2,553.1,553.65,299
2024-05-10 11:05:00,553.65,554.05,553.05,553.05,870
2024-05-10 11:06:00,553.6,553.95,552.65,553.0,909
2024-05-10 11:07:00,552.7,553.95,552.65,553.95,2010
2024-05-10 11:08:00,553.95,553.95,553.45,553.75,25
2024-05-10 11:09:00,553.75,554.45,553.45,553.95,1779
2024-05-10 11:10:00,553.95,554.0,553.65,553.9,164
2024-05-10 11:11:00,553.9,553.95,553.1,553.6,239
2024-05-10 11:12:00,553.6,553.95,553.2,553.5,161
2024-05-10 11:13:00,553.5,553.95,553.45,553.45,160
2024-05-10 11:14:00,553.45,553.6,552.0,552.5,1140
2024-05-10 11:15:00,552.5,553.7,552.05,553.7,2623
2024-05-10 11:16:00,553.3,553.55,553.15,553.55,98
2024-05-10 11:17:00,553.55,553.65,553.2,553.65,267
2024-05-10 11:18:00,553.65,553.95,553.2,553.65,829
2024-05-10 11:19:00,553.65,553.9,553.25,553.55,38
2024-05-10 11:20:00,553.55,554.75,553.55,554.75,449
2024-05-10 11:21:00,554.75,555.0,554.65,555.0,243
2024-05-10 11:22:00,555.0,555.0,554.8,554.8,191
2024-05-10 11:23:00,554.8,557.25,554.05,556.5,8268
2024-05-10 11:24:00,556.4,556.95,555.25,555.7,1589
2024-05-10 11:25:00,555.7,556.7,555.55,556.7,760
2024-05-10 11:26:00,556.5,557.0,556.5,557.0,168
2024-05-10 11:27:00,557.0,557.0,555.75,555.75,431
2024-05-10 11:28:00,555.75,556.35,555.75,555.95,1496
2024-05-10 11:29:00,555.95,556.0,555.3,555.35,1036
2024-05-10 11:30:00,555.35,555.7,555.05,555.4,58
2024-05-10 11:31:00,555.4,555.45,554.5,554.6,489
2024-05-10 11:32:00,555.05,555.05,554.7,555.0,409
2024-05-10 11:33:00,555.0,555.05,554.75,555.0,363
2024-05-10 11:34:00,555.0,556.8,554.75,556.05,2293
2024-05-10 11:35:00,555.75,555.85,555.25,555.7,211
2024-05-10 11:36:00,555.7,555.7,555.1,555.1,464
2024-05-10 11:37:00,555.1,555.7,555.1,555.7,936
2024-05-10 11:38:00,555.7,555.7,554.75,555.05,866
2024-05-10 11:39:00,555.05,555.1,554.75,554.8,269
2024-05-10 11:40:00,554.75,555.1,554.75,555.1,224
2024-05-10 11:41:00,555.1,555.25,554.8,554.95,162
2024-05-10 11:42:00,555.0,555.55,554.95,555.55,540
2024-05-10 11:43:00,555.6,555.7,555.3,555.7,121
2024-05-10 11:44:00,555.1,556.0,555.1,555.85,778
2024-05-10 11:45:00,555.85,555.85,554.6,555.05,2098
2024-05-10 11:46:00,555.05,555.95,554.75,554.75,1716
2024-05-10 11:47:00,554.75,555.35,554.75,555.0,184
2024-05-10 11:48:00,555.0,555.3,554.0,554.0,566
2024-05-10 11:49:00,554.0,554.0,553.1,553.15,276
2024-05-10 11:50:00,553.15,553.95,553.0,553.35,1546
2024-05-10 11:51:00,553.6,554.0,553.6,554.0,63
2024-05-10 11:52:00,554.3,555.0,554.05,554.55,285
2024-05-10 11:53:00,554.55,554.55,553.1,553.7,654
2024-05-10 11:54:00,553.7,554.65,553.7,554.6,117
2024-05-10 11:55:00,554.6,554.6,553.6,553.7,865
2024-05-10 11:56:00,553.7,554.15,553.6,553.6,75
2024-05-10 11:57:00,553.5,553.85,553.1,553.5,1429
2024-05-10 11:58:00,553.5,553.5,553.1,553.1,249
2024-05-10 11:59:00,553.1,553.5,553.1,553.5,448
2024-05-10 12:00:00,553.5,553.95,553.5,553.7,89
2024-05-10 12:01:00,554.45,554.5,553.85,554.5,909
2024-05-10 12:02:00,554.5,555.15,553.55,553.55,2910
2024-05-10 12:03:00,553.55,553.8,553.25,553.5,280
2024-05-10 12:04:00,553.25,553.3,553.0,553.2,669
2024-05-10 12:05:00,553.2,553.5,553.2,553.2,787
2024-05-10 12:06:00,553.2,553.65,552.95,553.15,1952
2024-05-10 12:07:00,553.15,553.55,553.15,553.55,20
2024-05-10 12:08:00,553.55,553.95,553.0,553.9,270
2024-05-10 12:09:00,553.9,554.0,553.55,553.95,62
2024-05-10 12:10:00,554.45,554.45,553.5,553.9,534
2024-05-10 12:11:00,553.55,554.4,553.5,554.25,119
2024-05-10 12:12:00,554.25,554.25,553.3,553.3,325
2024-05-10 12:13:00,553.3,553.5,553.15,553.45,251
2024-05-10 12:14:00,553.45,553.5,553.0,553.45,1386
2024-05-10 12:15:00,553.45,553.5,553.0,553.0,601
2024-05-10 12:16:00,553.0,553.3,553.0,553.0,1028
2024-05-10 12:17:00,553.0,553.25,553.0,553.0,2014
2024-05-10 12:18:00,553.0,553.25,553.0,553.0,564
2024-05-10 12:19:00,553.0,553.2,553.0,553.0,897
2024-05-10 12:20:00,553.0,553.4,553.0,553.0,886
2024-05-10 12:21:00,553.3,553.3,553.0,553.0,795
2024-05-10 12:22:00,553.0,553.3,553.0,553.0,657
2024-05-10 12:23:00,553.0,553.3,553.0,553.3,1109
2024-05-10 12:24:00,553.3,553.5,553.0,553.0,2656
2024-05-10 12:25:00,553.0,553.25,553.0,553.0,3717
2024-05-10 12:26:00,553.0,553.15,552.95,553.0,12745
2024-05-10 12:27:00,553.0,553.0,552.85,553.0,7406
2024-05-10 12:28:00,553.15,553.5,553.0,553.1,1093
2024-05-10 12:29:00,553.1,553.5,553.0,553.25,2148
2024-05-10 12:30:00,553.05,553.9,553.05,553.9,677
2024-05-10 12:31:00,553.9,554.9,553.6,554.2,585
2024-05-10 12:32:00,554.2,554.6,554.05,554.4,112
2024-05-10 12:33:00,553.85,554.3,553.75,553.75,326
2024-05-10 12:34:00,553.9,554.9,553.8,554.0,2163
2024-05-10 12:35:00,553.4,553.8,553.35,553.8,228
2024-05-10 12:36:00,553.8,554.0,553.75,553.8,34
2024-05-10 12:37:00,553.8,554.15,553.8,554.15,65
2024-05-10 12:38:00,554.15,554.5,554.0,554.05,42
2024-05-10 12:39:00,554.35,554.4,553.45,553.9,1089
2024-05-10 12:40:00,553.9,553.9,553.45,553.8,8
2024-05-10 12:41:00,553.35,553.75,553.1,553.75,66
2024-05-10 12:42:00,553.9,553.9,553.6,553.75,185
2024-05-10 12:43:00,553.8,554.6,553.8,554.05,117
2024-05-10 12:44:00,554.05,554.35,554.05,554.25,13
2024-05-10 12:45:00,554.25,554.5,553.9,553.9,499
2024-05-10 12:46:00,553.9,554.55,553.6,553.6,194
2024-05-10 12:47:00,554.1,554.1,553.6,553.7,281
2024-05-10 12:48:00,553.7,554.15,553.7,554.15,89
2024-05-10 12:49:00,553.75,554.15,553.75,553.8,22
2024-05-10 12:50:00,553.8,555.0,553.8,553.8,313
2024-05-10 12:51:00,553.8,554.5,553.6,554.45,933
2024-05-10 12:52:00,554.45,554.85,554.3,554.45,150
2024-05-10 12:53:00,554.45,554.45,554.1,554.45,101
2024-05-10 12:54:00,554.1,554.5,554.1,554.1,94
2024-05-10 12:55:00,554.1,554.5,554.1,554.15,28
2024-05-10 12:56:00,554.15,554.9,554.15,554.4,103
2024-05-10 12:57:00,554.4,555.1,554.15,554.15,834
2024-05-10 12:58:00,554.15,554.3,553.75,554.2,449
2024-05-10 12:59:00,554.2,554.2,553.65,554.0,175
2024-05-10 13:00:00,554.0,554.0,553.35,553.8,331
2024-05-10 13:01:00,553.45,553.8,553.1,553.1,870
2024-05-10 13:02:00,553.1,553.8,553.1,553.3,258
2024-05-10 13:03:00,553.2,553.65,553.2,553.65,152
2024-05-10 13:04:00,553.65,553.75,553.35,553.75,448
2024-05-10 13:05:00,553.75,553.75,553.35,553.75,227
2024-05-10 13:06:00,553.75,553.75,553.4,553.4,151
2024-05-10 13:07:00,553.35,553.65,553.35,553.35,203
2024-05-10 13:08:00,553.35,553.75,553.35,553.75,105
2024-05-10 13:09:00,553.75,553.75,553.1,553.1,536
2024-05-10 13:10:00,553.1,553.7,553.1,553.15,962
2024-05-10 13:11:00,553.15,553.55,553.1,553.1,149
2024-05-10 13:12:00,553.5,553.5,553.1,553.3,825
2024-05-10 13:13:00,553.3,553.3,553.0,553.0,1389
2024-05-10 13:14:00,553.1,553.4,553.0,553.0,207
2024-05-10 13:15:00,553.0,553.65,553.0,553.55,753
2024-05-10 13:16:00,553.55,554.0,553.4,553.5,1778
2024-05-10 13:17:00,553.5,554.95,553.5,553.6,2219
2024-05-10 13:18:00,553.6,554.4,553.15,554.0,306
2024-05-10 13:19:00,554.0,554.0,553.0,553.5,244
2024-05-10 13:20:00,553.2,554.6,553.2,553.75,390
2024-05-10 13:21:00,553.75,553.85,553.1,553.85,538
2024-05-10 13:22:00,553.85,554.9,553.3,553.8,1315
2024-05-10 13:23:00,553.8,554.6,553.3,553.6,293
2024-05-10 13:24:00,554.15,554.15,553.15,553.45,1122
2024-05-10 13:25:00,553.45,553.5,553.15,553.2,120
2024-05-10 13:26:00,553.2,553.5,553.1,553.1,416
2024-05-10 13:27:00,553.1,554.2,553.05,554.2,5892
2024-05-10 13:28:00,554.2,554.2,553.6,554.0,177
2024-05-10 13:29:00,554.0,554.35,553.95,554.25,1129
2024-05-10 13:30:00,554.25,555.3,554.05,555.3,4505
2024-05-10 13:31:00,555.3,555.3,555.0,555.25,363
2024-05-10 13:32:00,555.75,556.0,555.45,555.7,4254
2024-05-10 13:33:00,555.7,556.85,555.7,556.25,2684
2024-05-10 13:34:00,556.15,556.75,556.15,556.75,637
2024-05-10 13:35:00,556.75,556.75,556.25,556.25,631
2024-05-10 13:36:00,556.55,556.6,556.0,556.45,339
2024-05-10 13:37:00,556.45,556.45,555.4,555.8,1244
2024-05-10 13:38:00,555.95,556.0,555.6,555.75,968
2024-05-10 13:39:00,555.45,555.8,555.35,555.8,478
2024-05-10 13:40:00,555.8,556.25,555.5,555.5,1470
2024-05-10 13:41:00,555.5,556.15,555.5,555.8,569
2024-05-10 13:42:00,555.95,555.95,555.3,555.55,791
2024-05-10 13:43:00,555.75,555.75,555.45,555.75,390
2024-05-10 13:44:00,555.75,556.5,555.4,556.4,2530
2024-05-10 13:45:00,556.4,556.4,555.6,556.3,370
2024-05-10 13:46:00,555.95,556.35,555.65,556.15,404
2024-05-10 13:47:00,556.2,556.25,555.35,555.95,2202
2024-05-10 13:48:00,555.9,556.2,555.5,555.8,314
2024-05-10 13:49:00,555.95,555.95,555.45,555.9,470
2024-05-10 13:50:00,555.9,555.9,555.4,555.85,929
2024-05-10 13:51:00,555.85,555.85,555.35,555.85,701
2024-05-10 13:52:00,555.85,555.85,555.55,555.55,378
2024-05-10 13:53:00,555.55,555.95,555.0,555.6,1163
2024-05-10 13:54:00,555.6,555.9,555.1,555.85,1740
2024-05-10 13:55:00,555.85,555.95,555.4,555.65,936
2024-05-10 13:56:00,555.65,555.95,555.05,555.05,672
2024-05-10 13:57:00,555.0,555.7,554.8,555.25,896
2024-05-10 13:58:00,554.9,555.95,554.9,555.2,892
2024-05-10 13:59:00,555.7,555.95,555.2,555.65,1754
2024-05-10 14:00:00,555.65,555.95,555.35,555.95,574
2024-05-10 14:01:00,555.95,555.95,555.0,555.0,591
2024-05-10 14:02:00,555.65,555.95,554.95,554.95,621
2024-05-10 14:03:00,554.95,555.8,554.9,555.55,741
2024-05-10 14:04:00,555.55,555.9,555.05,555.45,653
2024-05-10 14:05:00,555.05,555.75,554.5,555.0,664
2024-05-10 14:06:00,555.0,555.65,554.5,555.65,415
2024-05-10 14:07:00,555.65,555.8,555.25,555.8,721
2024-05-10 14:08:00,555.8,555.95,555.2,555.75,881
2024-05-10 14:09:00,555.75,555.95,555.2,555.85,732
2024-05-10 14:10:00,555.95,555.95,555.5,555.9,455
2024-05-10 14:11:00,555.9,555.9,555.4,555.9,1116
2024-05-10 14:12:00,555.9,555.9,555.1,555.85,1402
2024-05-10 14:13:00,555.85,555.85,554.6,555.65,1148
2024-05-10 14:14:00,555.75,555.85,555.1,555.5,647
2024-05-10 14:15:00,555.5,555.85,555.35,555.75,660
2024-05-10 14:16:00,555.8,555.8,555.25,555.8,685
2024-05-10 14:17:00,555.8,555.8,555.15,555.7,603
2024-05-10 14:18:00,555.7,555.8,555.0,555.0,715
2024-05-10 14:19:00,555.0,555.8,554.9,555.7,954
2024-05-10 14:20:00,555.7,555.75,555.05,555.6,1462
2024-05-10 14:21:00,555.1,555.75,555.05,555.45,1065
2024-05-10 14:22:00,555.45,555.7,554.55,555.65,525
2024-05-10 14:23:00,555.75,555.75,554.5,554.95,909
2024-05-10 14:24:00,554.8,555.6,553.85,554.65,1054
2024-05-10 14:25:00,554.75,554.75,553.95,554.5,639
2024-05-10 14:26:00,554.5,554.55,554.15,554.5,417
2024-05-10 14:27:00,554.5,554.7,554.1,554.7,563
2024-05-10 14:28:00,554.7,554.7,553.95,553.95,285
2024-05-10 14:29:00,554.5,554.55,553.8,553.8,486
2024-05-10 14:30:00,553.8,554.5,553.8,554.4,309
2024-05-10 14:31:00,554.4,554.45,554.0,554.0,2362
2024-05-10 14:32:00,554.45,555.75,554.1,555.0,2932
2024-05-10 14:33:00,555.4,555.5,555.0,555.4,3574
2024-05-10 14:34:00,555.45,555.5,555.05,555.35,312
2024-05-10 14:35:00,555.35,555.5,555.0,555.0,817
2024-05-10 14:36:00,555.0,555.45,554.8,555.3,1406
2024-05-10 14:37:00,555.35,555.5,554.5,554.5,1302
2024-05-10 14:38:00,554.5,555.0,554.45,555.0,780
2024-05-10 14:39:00,554.95,555.0,554.0,554.4,1994
2024-05-10 14:40:00,554.35,554.85,554.0,554.0,795
2024-05-10 14:41:00,554.0,554.2,553.65,554.2,705
2024-05-10 14:42:00,554.2,554.75,554.2,554.75,592
2024-05-10 14:43:00,554.75,555.0,554.35,554.85,688
2024-05-10 14:44:00,554.8,555.0,554.5,555.0,412
2024-05-10 14:45:00,555.0,555.0,554.6,555.0,706
2024-05-10 14:46:00,555.0,555.0,554.2,554.95,563
2024-05-10 14:47:00,554.6,554.95,554.4,554.95,636
2024-05-10 14:48:00,554.95,555.0,554.95,555.0,295
2024-05-10 14:49:00,554.95,554.95,554.5,554.95,827
2024-05-10 14:50:00,554.95,554.95,554.45,554.45,780
2024-05-10 14:51:00,554.45,554.9,554.2,554.7,785
2024-05-10 14:52:00,554.3,555.25,554.3,555.25,2517
2024-05-10 14:53:00,555.25,555.5,555.05,555.5,1357
2024-05-10 14:54:00,555.5,555.5,555.0,555.45,360
2024-05-10 14:55:00,555.45,555.55,555.15,555.5,893
2024-05-10 14:56:00,555.5,555.75,555.5,555.75,428
2024-05-10 14:57:00,555.75,555.75,555.15,555.25,569
2024-05-10 14:58:00,555.75,555.75,555.2,555.2,485
2024-05-10 14:59:00,555.2,556.0,555.15,555.55,1237
2024-05-10 15:00:00,555.55,556.0,555.05,555.8,999
2024-05-10 15:01:00,555.8,556.0,555.6,555.7,275
2024-05-10 15:02:00,555.7,557.0,555.7,556.95,4733
2024-05-10 15:03:00,556.5,556.95,555.6,556.25,2432
2024-05-10 15:04:00,556.45,556.7,555.5,555.5,989
2024-05-10 15:05:00,555.9,555.9,554.6,555.4,1282
2024-05-10 15:06:00,555.2,556.5,555.0,555.8,3787
2024-05-10 15:07:00,555.8,555.95,555.4,555.5,2130
2024-05-10 15:08:00,555.5,555.85,555.2,555.8,1515
2024-05-10 15:09:00,555.35,555.7,555.25,555.6,631
2024-05-10 15:10:00,555.6,555.6,554.0,554.0,8758
2024-05-10 15:11:00,553.65,554.0,553.0,553.55,2716
2024-05-10 15:12:00,553.5,553.85,553.1,553.25,1471
2024-05-10 15:13:00,553.4,553.6,552.95,553.5,4225
2024-05-10 15:14:00,553.5,554.6,553.2,554.6,1964
2024-05-10 15:15:00,554.5,555.45,554.25,555.45,4196
2024-05-10 15:16:00,555.5,555.55,554.35,554.35,1814
2024-05-10 15:17:00,554.9,555.5,554.35,555.4,1826
2024-05-10 15:18:00,555.45,555.45,554.35,555.0,3783
2024-05-10 15:19:00,555.0,556.45,554.5,554.9,5375
2024-05-10 15:20:00,554.9,555.8,554.5,554.9,17365
2024-05-10 15:21:00,555.25,556.1,554.85,555.95,2932
2024-05-10 15:22:00,555.95,555.95,554.7,554.7,1728
2024-05-10 15:23:00,554.7,555.5,554.55,555.05,1707
2024-05-10 15:24:00,555.55,556.85,555.55,556.15,4426
2024-05-10 15:25:00,556.45,556.45,556.05,556.35,798
2024-05-10 15:26:00,556.35,556.5,556.35,556.4,1765
2024-05-10 15:27:00,556.35,556.7,556.0,556.2,3197
2024-05-10 15:28:00,556.2,556.2,555.0,555.45,1913
2024-05-10 15:29:00,555.5,556.0,555.0,555.0,2707
2024-05-13 09:15:00,571.0,575.15,565.7,565.7,30205
2024-05-13 09:16:00,566.7,567.8,564.0,567.0,16444
2024-05-13 09:17:00,566.0,568.9,565.6,565.6,22069
2024-05-13 09:18:00,565.95,571.85,565.6,570.35,15064
2024-05-13 09:19:00,570.65,575.15,570.65,574.75,19267
2024-05-13 09:20:00,575.0,576.65,571.05,573.65,27680
2024-05-13 09:21:00,573.35,574.4,571.05,572.3,11533
2024-05-13 09:22:00,572.8,573.25,570.15,570.65,10912
2024-05-13 09:23:00,570.65,571.55,568.4,570.3,13378
2024-05-13 09:24:00,570.8,570.95,569.4,570.0,8189
2024-05-13 09:25:00,570.0,570.75,569.4,569.85,5856
2024-05-13 09:26:00,569.85,573.65,569.85,572.7,16004
2024-05-13 09:27:00,573.0,575.0,572.35,574.5,4949
2024-05-13 09:28:00,574.25,575.2,572.6,573.1,9530
2024-05-13 09:29:00,573.1,573.7,571.5,573.2,5543
2024-05-13 09:30:00,572.45,574.9,571.9,572.55,7676
2024-05-13 09:31:00,572.55,573.45,571.2,571.25,9990
2024-05-13 09:32:00,572.15,575.35,571.45,571.7,11978
2024-05-13 09:33:00,571.7,572.25,571.05,571.85,3581
2024-05-13 09:34:00,571.6,572.0,571.1,571.25,3661
2024-05-13 09:35:00,571.25,573.4,570.85,571.8,4597
2024-05-13 09:36:00,571.65,574.85,571.35,573.95,5458
2024-05-13 09:37:00,574.25,575.8,572.9,573.65,9947
2024-05-13 09:38:00,572.95,573.1,571.85,572.5,6463
2024-05-13 09:39:00,572.95,573.6,572.5,573.25,1429
2024-05-13 09:40:00,573.25,574.75,573.0,574.0,7886
2024-05-13 09:41:00,574.0,574.0,572.95,572.95,4452
2024-05-13 09:42:00,572.05,572.6,569.0,569.0,14644
2024-05-13 09:43:00,568.8,569.45,568.0,568.4,9705
2024-05-13 09:44:00,568.4,568.65,567.05,567.8,4041
2024-05-13 09:45:00,567.8,569.95,567.25,569.6,10426
2024-05-13 09:46:00,569.25,571.9,567.05,567.25,25365
2024-05-13 09:47:00,567.85,567.85,564.15,564.25,10434
2024-05-13 09:48:00,564.05,564.75,563.15,563.25,7202
2024-05-13 09:49:00,563.25,564.25,563.15,563.5,4547
2024-05-13 09:50:00,564.0,564.9,563.0,564.8,5780
2024-05-13 09:51:00,564.8,565.0,561.8,563.6,11388
2024-05-13 09:52:00,563.45,564.25,563.0,564.25,3244
2024-05-13 09:53:00,564.25,564.8,563.5,564.6,5084
2024-05-13 09:54:00,564.15,565.0,564.15,564.7,1843
2024-05-13 09:55:00,564.65,568.0,564.5,567.4,13880
2024-05-13 09:56:00,567.0,567.4,566.1,566.4,1295
2024-05-13 09:57:00,566.5,566.5,565.1,565.1,2342
2024-05-13 09:58:00,565.1,566.75,565.1,566.45,3795
2024-05-13 09:59:00,566.4,567.4,565.95,566.45,1972
2024-05-13 10:00:00,566.45,567.25,566.4,566.6,906
2024-05-13 10:01:00,567.3,567.3,565.35,565.9,1688
2024-05-13 10:02:00,565.95,566.95,565.3,566.0,1439
2024-05-13 10:03:00,566.05,566.85,565.75,566.75,659
2024-05-13 10:04:00,566.6,567.4,566.3,567.35,4582
2024-05-13 10:05:00,567.35,567.4,566.65,567.4,1211
2024-05-13 10:06:00,566.85,567.4,566.35,566.35,2423
2024-05-13 10:07:00,566.2,566.8,566.2,566.75,4834
2024-05-13 10:08:00,566.3,566.75,566.15,566.7,1107
2024-05-13 10:09:00,566.3,567.75,566.2,567.75,8554
2024-05-13 10:10:00,567.75,568.0,566.95,567.4,4829
2024-05-13 10:11:00,567.05,567.75,566.55,567.0,2555
2024-05-13 10:12:00,567.0,567.8,566.85,567.05,743
2024-05-13 10:13:00,567.05,568.0,567.05,567.45,1626
2024-05-13 10:14:00,567.15,567.95,567.05,567.95,1605
2024-05-13 10:15:00,567.5,568.0,567.05,567.5,1472
2024-05-13 10:16:00,567.95,567.95,567.0,567.0,1144
2024-05-13 10:17:00,567.0,567.45,566.8,567.05,339
2024-05-13 10:18:00,566.85,567.45,565.4,565.8,3378
2024-05-13 10:19:00,566.05,566.35,565.5,565.5,817
2024-05-13 10:20:00,566.2,566.65,565.1,565.1,1804
2024-05-13 10:21:00,565.1,565.6,565.0,565.45,2665
2024-05-13 10:22:00,565.45,566.8,565.45,566.0,218
2024-05-13 10:23:00,566.0,567.0,565.7,566.25,1044
2024-05-13 10:24:00,566.25,567.0,565.75,566.55,1658
2024-05-13 10:25:00,566.55,567.2,566.0,566.7,861
2024-05-13 10:26:00,566.7,567.85,566.7,567.35,765
2024-05-13 10:27:00,567.35,567.95,567.0,567.3,2780
2024-05-13 10:28:00,567.1,568.0,567.1,567.45,906
2024-05-13 10:29:00,567.9,568.0,567.1,567.2,978
2024-05-13 10:30:00,567.2,567.95,566.2,566.45,2112
2024-05-13 10:31:00,566.45,567.3,566.35,566.5,1084
2024-05-13 10:32:00,566.9,566.95,566.0,566.0,612
2024-05-13 10:33:00,566.0,566.7,566.0,566.1,733
2024-05-13 10:34:00,566.05,566.65,566.0,566.2,473
2024-05-13 10:35:00,566.2,566.65,565.1,566.0,2412
2024-05-13 10:36:00,566.0,566.2,565.2,565.55,832
2024-05-13 10:37:00,565.6,566.5,565.2,566.5,1214
2024-05-13 10:38:00,566.5,566.55,565.5,565.75,403
2024-05-13 10:39:00,565.75,565.9,565.5,565.5,290
2024-05-13 10:40:00,565.5,566.2,565.5,566.1,175
2024-05-13 10:41:00,565.6,566.25,565.6,565.6,489
2024-05-13 10:42:00,565.6,566.0,565.1,565.25,1173
2024-05-13 10:43:00,565.25,565.95,565.25,565.7,243
2024-05-13 10:44:00,565.7,565.9,565.25,565.25,302
2024-05-13 10:45:00,565.25,565.55,564.7,565.45,1648
2024-05-13 10:46:00,565.5,565.5,564.55,564.55,2565
2024-05-13 10:47:00,564.95,565.1,564.55,564.65,305
2024-05-13 10:48:00,564.65,565.45,564.55,565.45,3317
2024-05-13 10:49:00,565.4,565.45,565.05,565.05,311
2024-05-13 10:50:00,565.05,565.5,565.0,565.5,544
2024-05-13 10:51:00,565.5,566.7,565.15,566.7,4239
2024-05-13 10:52:00,566.7,567.4,566.05,567.4,1059
2024-05-13 10:53:00,567.3,568.0,567.3,568.0,2017
2024-05-13 10:54:00,567.55,568.0,567.55,567.75,527
2024-05-13 10:55:00,568.0,568.0,567.75,567.75,1630
2024-05-13 10:56:00,568.0,568.0,567.6,567.65,3268
2024-05-13 10:57:00,567.65,568.0,567.6,567.65,946
2024-05-13 10:58:00,567.65,568.0,567.6,567.6,1320
2024-05-13 10:59:00,567.6,571.3,567.6,570.5,23426
2024-05-13 11:00:00,570.5,570.8,569.85,570.6,738
2024-05-13 11:01:00,570.6,572.0,570.1,571.65,5814
2024-05-13 11:02:00,572.0,572.95,571.95,572.65,6688
2024-05-13 11:03:00,572.65,576.0,572.65,576.0,7279
2024-05-13 11:04:00,576.0,576.6,575.4,575.4,8027
2024-05-13 11:05:00,574.7,575.15,573.8,575.0,4267
2024-05-13 11:06:00,574.5,575.05,574.05,575.05,3841
2024-05-13 11:07:00,574.65,576.3,574.65,575.55,4311
2024-05-13 11:08:00,575.55,576.3,574.95,574.95,8134
2024-05-13 11:09:00,574.9,576.0,574.85,575.75,1882
2024-05-13 11:10:00,575.75,575.75,574.55,575.15,807
2024-05-13 11:11:00,574.65,575.0,574.55,575.0,514
2024-05-13 11:12:00,575.0,576.0,574.55,575.55,2890
2024-05-13 11:13:00,576.0,576.0,574.9,575.45,946
2024-05-13 11:14:00,575.5,575.7,574.7,575.0,4049
2024-05-13 11:15:00,575.0,579.0,575.0,579.0,15031
2024-05-13 11:16:00,579.25,579.25,578.5,579.05,4250
2024-05-13 11:17:00,579.0,583.3,578.55,582.9,25592
2024-05-13 11:18:00,582.95,582.95,580.5,582.35,11299
2024-05-13 11:19:00,582.95,583.2,581.65,582.45,5639
2024-05-13 11:20:00,582.95,583.6,581.7,583.15,15164
2024-05-13 11:21:00,582.6,583.0,581.9,583.0,5123
2024-05-13 11:22:00,582.4,583.0,581.5,582.0,6207
2024-05-13 11:23:00,582.0,585.0,581.95,584.0,21825
2024-05-13 11:24:00,584.8,584.9,582.85,582.85,15655
2024-05-13 11:25:00,583.2,583.6,582.45,582.55,4838
2024-05-13 11:26:00,582.55,583.1,581.5,583.1,5925
2024-05-13 11:27:00,582.65,583.05,581.5,582.2,5802
2024-05-13 11:28:00,582.7,582.95,581.85,582.6,1994
2024-05-13 11:29:00,582.6,583.0,582.0,582.8,7646
2024-05-13 11:30:00,582.45,583.4,582.2,582.45,3741
2024-05-13 11:31:00,582.7,583.15,582.3,582.75,3236
2024-05-13 11:32:00,582.75,583.7,582.75,582.85,1972
2024-05-13 11:33:00,582.9,583.95,582.75,583.95,2139
2024-05-13 11:34:00,583.95,585.0,583.5,584.9,4976
2024-05-13 11:35:00,584.9,585.0,584.15,584.6,5949
2024-05-13 11:36:00,584.1,584.7,584.1,584.15,4057
2024-05-13 11:37:00,584.15,584.5,584.0,584.05,2105
2024-05-13 11:38:00,584.05,584.5,583.6,584.3,3304
2024-05-13 11:39:00,583.9,584.4,582.5,583.2,9586
2024-05-13 11:40:00,583.2,583.95,583.0,583.4,1181
2024-05-13 11:41:00,583.4,583.85,582.25,582.55,1935
2024-05-13 11:42:00,582.55,583.55,582.4,582.5,3851
2024-05-13 11:43:00,582.5,582.7,581.7,582.4,2970
2024-05-13 11:44:00,581.65,582.5,581.65,581.9,1464
2024-05-13 11:45:00,581.9,582.45,581.7,582.0,1619
2024-05-13 11:46:00,582.1,583.4,581.85,582.65,2000
2024-05-13 11:47:00,582.65,583.0,582.5,582.85,267
2024-05-13 11:48:00,582.9,584.3,582.9,583.75,4387
2024-05-13 11:49:00,584.0,584.0,583.05,583.7,1844
2024-05-13 11:50:00,583.7,584.25,583.35,583.8,2192
2024-05-13 11:51:00,583.8,584.5,583.35,583.35,2440
2024-05-13 11:52:00,583.9,584.3,583.55,584.3,1062
2024-05-13 11:53:00,584.3,584.3,583.05,583.2,1112
2024-05-13 11:54:00,583.2,583.8,582.9,583.8,2815
2024-05-13 11:55:00,583.8,584.0,583.1,583.2,1455
2024-05-13 11:56:00,583.2,583.4,582.9,583.0,631
2024-05-13 11:57:00,583.0,583.5,582.9,583.0,2450
2024-05-13 11:58:00,583.0,583.4,582.6,582.6,1979
2024-05-13 11:59:00,582.6,583.0,582.5,582.95,1409
2024-05-13 12:00:00,582.95,583.4,582.65,583.0,1624
2024-05-13 12:01:00,583.0,583.7,583.0,583.05,540
2024-05-13 12:02:00,583.05,583.9,583.0,583.9,1580
2024-05-13 12:03:00,583.9,583.95,583.4,583.4,267
2024-05-13 12:04:00,583.4,583.95,583.4,583.5,800
2024-05-13 12:05:00,583.9,583.9,583.5,583.5,627
2024-05-13 12:06:00,583.5,583.85,583.1,583.85,1264
2024-05-13 12:07:00,583.75,583.9,583.15,583.35,1684
2024-05-13 12:08:00,583.35,583.8,583.3,583.7,506
2024-05-13 12:09:00,583.7,583.7,583.25,583.25,305
2024-05-13 12:10:00,583.35,583.45,583.05,583.05,262
2024-05-13 12:11:00,582.55,583.45,582.55,583.45,1754
2024-05-13 12:12:00,583.5,583.95,583.0,583.35,1958
2024-05-13 12:13:00,583.8,584.0,583.35,583.9,2191
2024-05-13 12:14:00,583.9,585.0,583.75,584.5,11453
2024-05-13 12:15:00,584.7,584.95,584.4,584.9,3658
2024-05-13 12:16:00,584.9,584.9,584.1,584.5,1868
2024-05-13 12:17:00,584.6,584.7,583.9,584.15,2831
2024-05-13 12:18:00,584.15,584.3,584.0,584.0,651
2024-05-13 12:19:00,584.0,584.3,584.0,584.25,1025
2024-05-13 12:20:00,584.25,584.75,584.1,584.45,2768
2024-05-13 12:21:00,584.45,584.65,584.2,584.45,733
2024-05-13 12:22:00,584.45,584.6,583.8,583.95,2815
2024-05-13 12:23:00,583.95,584.0,583.65,583.85,1066
2024-05-13 12:24:00,583.85,583.85,583.0,583.05,3259
2024-05-13 12:25:00,583.05,583.6,583.0,583.3,1168
2024-05-13 12:26:00,583.3,584.0,583.2,583.35,1562
2024-05-13 12:27:00,583.35,584.0,583.15,584.0,936
2024-05-13 12:28:00,583.55,584.0,583.2,583.95,1183
2024-05-13 12:29:00,583.95,583.95,583.35,583.5,2877
2024-05-13 12:30:00,583.5,583.95,583.25,583.95,6038
2024-05-13 12:31:00,583.8,583.95,583.5,583.5,440
2024-05-13 12:32:00,583.8,583.95,583.5,583.95,1132
2024-05-13 12:33:00,583.95,585.0,583.55,584.85,6771
2024-05-13 12:34:00,584.85,584.95,584.35,584.45,626
2024-05-13 12:35:00,584.05,584.5,584.0,584.5,1010
2024-05-13 12:36:00,584.5,584.9,584.1,584.9,6426
2024-05-13 12:37:00,584.75,585.0,584.45,584.95,3215
2024-05-13 12:38:00,584.95,587.7,584.95,587.0,17927
2024-05-13 12:39:00,586.6,587.1,586.1,586.65,9911
2024-05-13 12:40:00,586.65,586.95,586.0,586.35,2084
2024-05-13 12:41:00,586.5,587.0,586.15,586.9,3416
2024-05-13 12:42:00,586.9,587.5,586.75,587.3,3501
2024-05-13 12:43:00,587.3,587.3,586.5,586.5,2904
2024-05-13 12:44:00,586.5,587.0,586.2,587.0,3601
2024-05-13 12:45:00,587.0,587.0,586.0,586.0,4654
2024-05-13 12:46:00,585.85,586.4,584.1,586.4,9213
2024-05-13 12:47:00,586.4,586.8,585.75,586.4,1503
2024-05-13 12:48:00,586.4,586.75,585.65,585.65,1229
2024-05-13 12:49:00,585.5,586.4,585.2,586.05,825
2024-05-13 12:50:00,586.05,586.05,585.0,585.4,2709
2024-05-13 12:51:00,585.0,585.8,585.0,585.2,418
2024-05-13 12:52:00,585.2,585.75,584.55,584.7,2903
2024-05-13 12:53:00,584.7,586.0,584.25,584.3,4380
2024-05-13 12:54:00,584.85,584.85,584.15,584.5,915
2024-05-13 12:55:00,584.5,585.8,584.5,585.45,1809
2024-05-13 12:56:00,585.45,586.2,585.45,586.2,1470
2024-05-13 12:57:00,586.25,586.65,586.0,586.25,808
2024-05-13 12:58:00,586.25,586.55,585.85,585.85,1685
2024-05-13 12:59:00,586.5,586.5,585.0,585.0,1543
2024-05-13 13:00:00,585.0,586.5,585.0,586.15,2332
2024-05-13 13:01:00,586.15,586.8,586.05,586.8,2848
2024-05-13 13:02:00,586.8,586.8,585.1,585.3,4226
2024-05-13 13:03:00,585.85,585.95,585.3,585.35,1925
2024-05-13 13:04:00,585.35,585.8,585.2,585.2,887
2024-05-13 13:05:00,585.2,585.8,585.0,585.2,1431
2024-05-13 13:06:00,585.2,586.0,585.2,585.55,2862
2024-05-13 13:07:00,586.0,586.0,585.35,585.95,2235
2024-05-13 13:08:00,585.95,587.5,585.55,587.15,16986
2024-05-13 13:09:00,587.4,587.5,586.25,586.9,2782
2024-05-13 13:10:00,586.6,587.0,586.45,586.75,2621
2024-05-13 13:11:00,586.75,586.95,586.4,586.95,704
2024-05-13 13:12:00,586.95,587.5,586.65,587.4,4565
2024-05-13 13:13:00,587.4,587.4,586.55,587.05,1999
2024-05-13 13:14:00,586.6,586.9,586.25,586.25,892
2024-05-13 13:15:00,586.15,587.5,586.15,587.2,4400
2024-05-13 13:16:00,587.2,587.2,586.35,586.9,820
2024-05-13 13:17:00,586.9,587.0,586.05,586.45,1953
2024-05-13 13:18:00,586.9,586.9,586.0,586.0,796
2024-05-13 13:19:00,586.0,586.5,585.5,586.25,1821
2024-05-13 13:20:00,586.25,586.25,585.55,586.0,640
2024-05-13 13:21:00,586.0,586.25,585.65,586.05,215
2024-05-13 13:22:00,586.05,586.05,584.15,584.15,6068
2024-05-13 13:23:00,584.15,584.9,583.15,583.15,5779
2024-05-13 13:24:00,583.45,584.0,583.1,584.0,2618
2024-05-13 13:25:00,583.6,584.0,583.1,583.4,2469
2024-05-13 13:26:00,583.4,583.7,583.0,583.0,1567
2024-05-13 13:27:00,583.0,584.45,583.0,584.0,2775
2024-05-13 13:28:00,584.4,584.5,583.2,583.9,1437
2024-05-13 13:29:00,583.05,583.95,583.0,583.2,2067
2024-05-13 13:30:00,583.2,584.15,583.2,583.5,1051
2024-05-13 13:31:00,583.5,583.5,580.4,581.5,12578
2024-05-13 13:32:00,581.95,581.95,580.35,580.95,3206
2024-05-13 13:33:00,580.95,581.15,580.3,581.0,3011
2024-05-13 13:34:00,581.0,581.0,579.6,580.1,5341
2024-05-13 13:35:00,580.1,581.8,580.1,581.0,1654
2024-05-13 13:36:00,581.0,582.95,581.0,582.9,3517
2024-05-13 13:37:00,582.9,583.0,582.5,582.9,758
2024-05-13 13:38:00,583.0,583.9,582.8,582.8,1548
2024-05-13 13:39:00,582.85,583.2,582.2,583.2,685
2024-05-13 13:40:00,583.2,583.9,582.5,583.35,1326
2024-05-13 13:41:00,583.35,583.8,582.7,583.0,923
2024-05-13 13:42:00,583.0,583.35,583.0,583.35,8
2024-05-13 13:43:00,583.35,583.7,583.05,583.4,310
2024-05-13 13:44:00,583.4,584.1,583.4,583.9,996
2024-05-13 13:45:00,584.1,584.6,583.5,584.1,1914
2024-05-13 13:46:00,583.65,584.1,583.5,583.55,496
2024-05-13 13:47:00,583.55,584.0,583.5,583.95,179
2024-05-13 13:48:00,583.95,584.0,583.5,583.5,177
2024-05-13 13:49:00,584.35,585.75,584.05,585.0,5278
2024-05-13 13:50:00,585.0,585.95,584.65,585.65,3432
2024-05-13 13:51:00,585.65,587.0,585.65,586.9,3472
2024-05-13 13:52:00,586.9,586.9,586.35,586.35,2074
2024-05-13 13:53:00,586.3,586.8,586.05,586.2,3609
2024-05-13 13:54:00,586.2,587.2,586.2,586.5,8432
2024-05-13 13:55:00,586.5,587.5,586.5,586.7,7398
2024-05-13 13:56:00,587.0,587.15,586.0,586.5,1895
2024-05-13 13:57:00,586.75,586.9,585.85,586.2,3702
2024-05-13 13:58:00,586.25,587.0,586.1,586.3,2068
2024-05-13 13:59:00,586.3,586.85,585.55,586.0,2026
2024-05-13 14:00:00,586.35,586.7,586.0,586.1,1596
2024-05-13 14:01:00,586.1,586.5,585.8,585.9,1405
2024-05-13 14:02:00,585.9,586.25,585.3,585.5,1056
2024-05-13 14:03:00,585.35,585.9,584.1,584.1,3120
2024-05-13 14:04:00,584.15,585.0,584.15,584.95,1893
2024-05-13 14:05:00,584.95,585.25,584.5,584.8,5951
2024-05-13 14:06:00,584.8,585.35,584.5,585.3,1640
2024-05-13 14:07:00,585.45,585.5,584.8,585.2,1465
2024-05-13 14:08:00,585.2,585.5,585.0,585.1,262
2024-05-13 14:09:00,585.1,585.5,584.85,585.45,800
2024-05-13 14:10:00,585.45,585.45,584.85,585.0,393
2024-05-13 14:11:00,585.0,585.3,584.15,584.15,2745
2024-05-13 14:12:00,584.15,584.75,584.15,584.45,688
2024-05-13 14:13:00,584.45,584.75,584.35,584.35,293
2024-05-13 14:14:00,584.6,584.7,584.35,584.35,2161
2024-05-13 14:15:00,584.35,584.65,584.0,584.65,2645
2024-05-13 14:16:00,584.65,585.0,584.2,584.5,867
2024-05-13 14:17:00,584.5,585.5,584.5,584.8,5155
2024-05-13 14:18:00,584.7,585.5,584.7,584.9,1980
2024-05-13 14:19:00,584.9,585.35,584.1,584.1,1082
2024-05-13 14:20:00,584.1,585.1,584.1,584.8,1755
2024-05-13 14:21:00,584.8,585.35,584.35,584.4,934
2024-05-13 14:22:00,584.4,585.0,584.35,584.55,439
2024-05-13 14:23:00,584.95,584.95,584.3,584.8,390
2024-05-13 14:24:00,584.35,585.0,584.3,584.65,570
2024-05-13 14:25:00,585.0,585.0,584.5,584.95,1991
2024-05-13 14:26:00,584.3,585.0,584.3,584.9,1255
2024-05-13 14:27:00,584.55,585.0,584.55,584.55,606
2024-05-13 14:28:00,584.55,585.3,584.55,584.8,3347
2024-05-13 14:29:00,584.8,585.45,584.6,585.1,2142
2024-05-13 14:30:00,585.1,585.45,584.6,584.6,672
2024-05-13 14:31:00,584.95,585.4,584.6,585.0,1155
2024-05-13 14:32:00,585.0,585.3,584.8,585.0,911
2024-05-13 14:33:00,585.0,585.3,584.9,585.3,316
2024-05-13 14:34:00,584.9,585.3,584.8,584.95,536
2024-05-13 14:35:00,584.95,585.5,584.85,584.9,1187
2024-05-13 14:36:00,584.9,585.35,584.85,585.0,746
2024-05-13 14:37:00,585.0,585.0,584.45,584.45,1888
2024-05-13 14:38:00,584.8,585.0,584.55,584.6,1011
2024-05-13 14:39:00,584.7,585.0,584.55,584.75,393
2024-05-13 14:40:00,584.75,584.95,584.3,584.75,2317
2024-05-13 14:41:00,584.35,584.95,584.35,584.75,398
2024-05-13 14:42:00,584.75,585.0,584.5,585.0,773
2024-05-13 14:43:00,585.0,585.0,584.55,584.6,1059
2024-05-13 14:44:00,584.6,585.0,584.4,584.7,1379
2024-05-13 14:45:00,584.7,585.0,584.35,584.7,2736
2024-05-13 14:46:00,584.7,584.7,584.3,584.35,887
2024-05-13 14:47:00,584.7,584.7,584.4,584.4,420
2024-05-13 14:48:00,584.4,584.7,584.35,584.4,162
2024-05-13 14:49:00,584.35,584.7,584.25,584.25,2139
2024-05-13 14:50:00,584.15,584.45,584.15,584.25,305
2024-05-13 14:51:00,584.7,584.7,584.0,584.0,1140
2024-05-13 14:52:00,584.0,584.9,584.0,584.4,868
2024-05-13 14:53:00,584.85,584.9,584.2,584.5,1008
2024-05-13 14:54:00,584.5,584.5,582.2,582.8,17975
2024-05-13 14:55:00,583.0,583.0,582.05,582.2,1598
2024-05-13 14:56:00,582.2,582.6,582.0,582.6,951
2024-05-13 14:57:00,582.25,582.25,581.75,581.75,3652
2024-05-13 14:58:00,581.75,582.5,581.75,582.0,2584
2024-05-13 14:59:00,582.0,582.05,581.8,581.8,765
2024-05-13 15:00:00,581.8,582.8,581.6,581.7,2014
2024-05-13 15:01:00,581.95,582.1,581.1,581.55,3606
2024-05-13 15:02:00,581.55,582.5,581.55,582.4,4121
2024-05-13 15:03:00,582.0,582.9,582.0,582.3,3253
2024-05-13 15:04:00,582.3,582.9,582.0,582.0,671
2024-05-13 15:05:00,582.35,583.0,582.0,583.0,2104
2024-05-13 15:06:00,583.0,583.0,582.25,582.3,668
2024-05-13 15:07:00,582.5,583.5,582.25,583.2,5321
2024-05-13 15:08:00,583.2,583.2,582.5,583.0,1655
2024-05-13 15:09:00,583.0,583.0,582.65,582.75,729
2024-05-13 15:10:00,582.65,582.75,582.6,582.65,4583
2024-05-13 15:11:00,582.65,583.0,582.6,582.8,9554
2024-05-13 15:12:00,582.65,582.75,582.6,582.7,837
2024-05-13 15:13:00,582.7,582.7,582.6,582.7,1971
2024-05-13 15:14:00,582.6,582.75,582.25,582.45,3192
2024-05-13 15:15:00,582.1,582.7,582.0,582.7,4240
2024-05-13 15:16:00,582.7,584.4,582.0,584.25,7617
2024-05-13 15:17:00,584.2,585.0,583.9,584.75,6268
2024-05-13 15:18:00,584.4,585.0,582.0,583.25,14297
2024-05-13 15:19:00,583.2,584.95,582.7,584.85,5124
2024-05-13 15:20:00,584.85,585.0,584.55,585.0,5346
2024-05-13 15:21:00,584.95,585.0,584.7,585.0,3895
2024-05-13 15:22:00,584.75,585.0,584.55,585.0,2440
2024-05-13 15:23:00,585.0,585.0,584.55,585.0,2575
2024-05-13 15:24:00,585.0,585.0,584.35,585.0,9666
2024-05-13 15:25:00,584.7,585.0,584.25,585.0,2711
2024-05-13 15:26:00,585.0,585.0,584.05,584.05,6801
2024-05-13 15:27:00,585.0,585.0,584.05,584.9,2380
2024-05-13 15:28:00,584.9,584.9,584.0,584.8,1426
2024-05-13 15:29:00,584.8,585.0,583.1,584.85,7966
2024-05-14 09:15:00,584.85,585.0,582.0,582.85,7300
2024-05-14 09:16:00,581.85,587.85,580.85,586.8,20699
2024-05-14 09:17:00,586.85,586.95,583.75,583.85,7591
2024-05-14 09:18:00,583.65,585.0,583.2,584.3,3903
2024-05-14 09:19:00,583.95,584.5,583.45,584.4,2238
2024-05-14 09:20:00,583.9,584.4,582.9,583.6,1448
2024-05-14 09:21:00,584.0,585.0,584.0,584.95,2306
2024-05-14 09:22:00,584.95,586.0,584.95,585.5,5500
2024-05-14 09:23:00,585.95,587.0,585.0,586.1,9958
2024-05-14 09:24:00,586.1,588.0,585.4,588.0,6230
2024-05-14 09:25:00,587.4,587.95,585.3,586.15,4082
2024-05-14 09:26:00,586.15,586.2,584.2,586.1,2730
2024-05-14 09:27:00,586.1,586.1,584.65,585.65,2137
2024-05-14 09:28:00,585.15,586.65,585.15,586.65,1536
2024-05-14 09:29:00,586.65,589.4,586.4,589.4,10578
2024-05-14 09:30:00,589.15,589.95,588.65,589.3,3461
2024-05-14 09:31:00,589.35,589.9,588.2,589.55,6355
2024-05-14 09:32:00,589.9,589.9,587.25,587.25,4678
2024-05-14 09:33:00,587.25,588.25,587.25,587.35,2462
2024-05-14 09:34:00,587.4,588.95,587.35,588.9,3542
2024-05-14 09:35:00,588.9,588.95,588.2,588.95,2394
2024-05-14 09:36:00,589.0,589.0,588.45,588.55,2542
2024-05-14 09:37:00,588.5,588.9,588.35,588.8,589
2024-05-14 09:38:00,588.6,588.9,588.1,588.45,1180
2024-05-14 09:39:00,588.45,589.0,588.1,588.95,1379
2024-05-14 09:40:00,588.95,588.95,587.0,587.0,3326
2024-05-14 09:41:00,587.0,587.65,587.0,587.15,1479
2024-05-14 09:42:00,587.15,588.8,587.15,588.8,3407
2024-05-14 09:43:00,588.95,588.95,587.45,587.85,1333
2024-05-14 09:44:00,587.85,588.75,587.45,588.75,2957
2024-05-14 09:45:00,588.25,588.75,587.95,588.6,469
2024-05-14 09:46:00,588.6,588.6,587.25,587.35,1314
2024-05-14 09:47:00,587.6,588.5,587.5,587.55,2352
2024-05-14 09:48:00,587.55,587.9,587.15,587.8,708
2024-05-14 09:49:00,587.8,588.4,587.05,588.15,976
2024-05-14 09:50:00,588.15,588.8,587.95,587.95,331
2024-05-14 09:51:00,587.95,587.95,586.4,587.35,1790
2024-05-14 09:52:00,588.05,588.4,587.3,588.25,1203
2024-05-14 09:53:00,588.25,590.3,587.0,589.3,26518
2024-05-14 09:54:00,589.95,591.8,589.5,590.5,11698
2024-05-14 09:55:00,590.5,590.95,590.35,590.9,952
2024-05-14 09:56:00,590.9,591.3,590.05,591.3,2728
2024-05-14 09:57:00,591.0,593.0,591.0,593.0,10144
2024-05-14 09:58:00,593.0,593.0,592.2,592.25,2818
2024-05-14 09:59:00,592.95,593.4,591.4,593.4,8330
2024-05-14 10:00:00,593.55,593.6,593.0,593.15,1643
2024-05-14 10:01:00,593.45,597.15,593.45,595.35,27909
2024-05-14 10:02:00,595.45,595.95,591.5,591.85,8310
2024-05-14 10:03:00,591.85,591.9,590.25,591.9,4531
2024-05-14 10:04:00,591.9,593.85,591.15,593.1,3084
2024-05-14 10:05:00,592.95,594.0,592.0,592.0,2047
2024-05-14 10:06:00,592.0,592.2,590.4,592.0,7579
2024-05-14 10:07:00,592.0,594.0,591.6,593.45,4503
2024-05-14 10:08:00,593.5,593.75,591.85,592.25,3872
2024-05-14 10:09:00,592.25,592.25,591.5,591.65,3615
2024-05-14 10:10:00,591.65,592.15,591.5,591.95,1297
2024-05-14 10:11:00,591.95,592.1,591.55,591.9,151
2024-05-14 10:12:00,591.9,591.9,591.2,591.45,1660
2024-05-14 10:13:00,591.45,591.6,590.25,591.35,2842
2024-05-14 10:14:00,591.35,592.15,590.8,591.45,3596
2024-05-14 10:15:00,591.35,592.15,591.15,592.15,386
2024-05-14 10:16:00,592.15,592.15,591.85,592.15,602
2024-05-14 10:17:00,592.15,594.0,591.85,593.55,5637
2024-05-14 10:18:00,593.55,594.0,593.45,593.9,1346
2024-05-14 10:19:00,593.9,593.9,593.5,593.8,407
2024-05-14 10:20:00,593.8,593.8,592.65,592.65,2292
2024-05-14 10:21:00,592.65,593.4,592.65,593.0,856
2024-05-14 10:22:00,593.0,593.4,591.45,591.45,3686
2024-05-14 10:23:00,591.95,592.0,591.25,591.8,232
2024-05-14 10:24:00,591.8,592.0,591.7,591.75,525
2024-05-14 10:25:00,591.75,592.0,591.7,591.7,2121
2024-05-14 10:26:00,592.0,592.0,591.7,592.0,380
2024-05-14 10:27:00,592.0,592.55,591.7,592.2,1508
2024-05-14 10:28:00,592.25,592.3,591.3,592.0,610
2024-05-14 10:29:00,591.7,592.0,591.3,591.95,947
2024-05-14 10:30:00,591.95,592.0,591.6,592.0,457
2024-05-14 10:31:00,591.85,592.0,591.2,592.0,649
2024-05-14 10:32:00,592.0,592.0,591.35,591.5,288
2024-05-14 10:33:00,591.5,592.0,591.25,591.95,1566
2024-05-14 10:34:00,591.95,592.0,590.45,591.0,3500
2024-05-14 10:35:00,591.0,591.2,590.6,590.7,493
2024-05-14 10:36:00,590.7,590.9,589.1,589.5,2339
2024-05-14 10:37:00,589.5,590.3,589.45,590.3,432
2024-05-14 10:38:00,590.3,590.3,589.6,590.25,437
2024-05-14 10:39:00,590.25,590.85,589.55,590.45,3511
2024-05-14 10:40:00,590.45,590.45,589.55,589.9,213
2024-05-14 10:41:00,589.9,589.9,589.4,589.4,2299
2024-05-14 10:42:00,589.4,589.8,589.3,589.75,707
2024-05-14 10:43:00,589.75,589.8,589.5,589.8,274
2024-05-14 10:44:00,589.8,589.8,589.55,589.8,1089
2024-05-14 10:45:00,589.8,590.45,589.8,589.95,3860
2024-05-14 10:46:00,589.95,590.45,589.95,590.0,659
2024-05-14 10:47:00,590.0,590.4,590.0,590.4,990
2024-05-14 10:48:00,590.4,590.4,590.25,590.25,586
2024-05-14 10:49:00,590.25,590.4,589.5,589.55,897
2024-05-14 10:50:00,590.0,590.0,589.55,589.55,311
2024-05-14 10:51:00,589.55,590.0,588.8,588.8,4794
2024-05-14 10:52:00,588.55,589.7,588.55,589.0,3273
2024-05-14 10:53:00,588.6,589.0,588.55,589.0,114
2024-05-14 10:54:00,588.55,590.75,588.55,590.2,2764
2024-05-14 10:55:00,590.8,590.8,590.05,590.05,63
2024-05-14 10:56:00,590.05,590.6,590.05,590.35,283
2024-05-14 10:57:00,590.4,590.55,590.05,590.3,204
2024-05-14 10:58:00,590.3,591.35,590.05,591.35,371
2024-05-14 10:59:00,591.85,592.7,591.0,592.2,2945
2024-05-14 11:00:00,592.2,592.55,592.2,592.4,973
2024-05-14 11:01:00,592.55,592.55,591.8,591.8,1578
2024-05-14 11:02:00,591.8,592.2,591.65,591.65,148
2024-05-14 11:03:00,591.65,592.7,591.6,592.7,477
2024-05-14 11:04:00,592.65,593.0,592.25,592.55,1278
2024-05-14 11:05:00,592.55,592.55,592.0,592.05,176
2024-05-14 11:06:00,592.05,592.3,591.55,591.9,256
2024-05-14 11:07:00,592.3,592.45,591.4,592.25,379
2024-05-14 11:08:00,592.25,592.3,591.25,591.6,330
2024-05-14 11:09:00,591.6,592.0,591.2,591.2,373
2024-05-14 11:10:00,591.2,591.8,590.8,590.8,995
2024-05-14 11:11:00,591.2,591.2,590.3,590.6,778
2024-05-14 11:12:00,590.6,590.8,590.05,590.1,179
2024-05-14 11:13:00,590.1,590.8,590.0,590.8,2295
2024-05-14 11:14:00,590.8,591.85,590.75,591.6,989
2024-05-14 11:15:00,591.6,592.45,590.9,592.2,767
2024-05-14 11:16:00,592.2,592.2,591.5,592.15,554
2024-05-14 11:17:00,592.15,592.85,591.65,592.15,828
2024-05-14 11:18:00,591.95,592.95,591.6,592.95,725
2024-05-14 11:19:00,592.15,592.95,591.8,592.75,389
2024-05-14 11:20:00,592.75,592.75,591.85,592.05,225
2024-05-14 11:21:00,592.05,592.75,591.6,592.4,298
2024-05-14 11:22:00,592.4,592.4,591.5,591.9,1375
2024-05-14 11:23:00,591.9,591.95,591.5,591.55,96
2024-05-14 11:24:00,591.55,591.95,591.5,591.5,65
2024-05-14 11:25:00,591.5,592.65,591.25,592.65,1272
2024-05-14 11:26:00,592.65,592.65,591.35,591.35,1554
2024-05-14 11:27:00,591.35,592.1,591.35,591.9,1121
2024-05-14 11:28:00,591.5,591.9,591.35,591.9,78
2024-05-14 11:29:00,591.9,592.0,591.9,591.9,207
2024-05-14 11:30:00,591.9,591.95,591.25,591.6,482
2024-05-14 11:31:00,591.6,591.9,591.45,591.45,163
2024-05-14 11:32:00,591.4,592.45,591.4,592.45,692
2024-05-14 11:33:00,592.45,592.95,591.75,591.75,2285
2024-05-14 11:34:00,591.5,592.35,591.5,592.35,118
2024-05-14 11:35:00,592.35,592.65,592.05,592.05,255
2024-05-14 11:36:00,591.9,592.2,591.75,591.75,178
2024-05-14 11:37:00,591.75,592.35,591.55,591.75,138
2024-05-14 11:38:00,591.75,592.8,591.6,592.8,948
2024-05-14 11:39:00,592.8,592.9,592.2,592.3,249
2024-05-14 11:40:00,592.3,592.95,592.3,592.55,913
2024-05-14 11:41:00,592.55,592.95,592.5,592.5,674
2024-05-14 11:42:00,592.5,592.95,592.4,592.95,230
2024-05-14 11:43:00,592.95,592.95,591.8,592.9,297
2024-05-14 11:44:00,592.9,593.0,592.2,592.95,3297
2024-05-14 11:45:00,592.95,592.95,592.25,592.25,162
2024-05-14 11:46:00,592.5,592.5,591.7,592.0,2603
2024-05-14 11:47:00,591.7,592.0,591.7,592.0,54
2024-05-14 11:48:00,592.0,592.0,591.7,591.95,909
2024-05-14 11:49:00,591.95,592.35,591.55,591.55,2422
2024-05-14 11:50:00,592.0,592.9,592.0,592.1,2920
2024-05-14 11:51:00,592.1,592.95,592.1,592.95,584
2024-05-14 11:52:00,592.95,592.95,592.3,592.35,26
2024-05-14 11:53:00,592.35,592.8,592.3,592.3,63
2024-05-14 11:54:00,592.3,592.8,592.3,592.45,43
2024-05-14 11:55:00,592.45,592.85,592.25,592.25,264
2024-05-14 11:56:00,592.1,592.95,592.1,592.5,178
2024-05-14 11:57:00,592.85,592.95,591.5,592.2,2171
2024-05-14 11:58:00,592.2,592.75,592.2,592.25,29
2024-05-14 11:59:00,592.25,592.75,592.2,592.2,193
2024-05-14 12:00:00,592.2,592.25,592.15,592.2,219
2024-05-14 12:01:00,592.25,593.0,592.25,593.0,1816
2024-05-14 12:02:00,593.0,596.0,592.7,595.95,9932
2024-05-14 12:03:00,596.0,596.0,595.2,595.75,1054
2024-05-14 12:04:00,595.75,595.75,594.15,594.5,1518
2024-05-14 12:05:00,594.5,594.55,594.1,594.55,426
2024-05-14 12:06:00,594.55,594.85,594.55,594.6,285
2024-05-14 12:07:00,594.6,594.75,594.15,594.75,337
2024-05-14 12:08:00,594.2,595.65,594.2,595.4,909
2024-05-14 12:09:00,595.05,595.65,594.95,595.5,420
2024-05-14 12:10:00,595.5,595.5,595.0,595.05,93
2024-05-14 12:11:00,595.05,595.45,594.2,594.8,1480
2024-05-14 12:12:00,594.8,595.35,594.8,595.25,462
2024-05-14 12:13:00,595.3,595.75,594.9,595.15,1147
2024-05-14 12:14:00,595.15,595.7,594.15,595.15,2646
2024-05-14 12:15:00,595.15,595.7,594.65,594.65,1220
2024-05-14 12:16:00,594.65,595.6,594.2,594.95,2339
2024-05-14 12:17:00,594.95,595.35,594.3,594.8,232
2024-05-14 12:18:00,595.05,595.15,594.3,594.9,230
2024-05-14 12:19:00,594.9,595.35,594.9,595.35,395
2024-05-14 12:20:00,595.35,595.75,595.05,595.05,509
2024-05-14 12:21:00,595.0,595.1,594.1,594.8,1612
2024-05-14 12:22:00,594.8,595.0,594.8,594.85,366
2024-05-14 12:23:00,594.8,594.95,594.1,594.4,816
2024-05-14 12:24:00,593.95,594.5,593.35,594.2,1125
2024-05-14 12:25:00,594.2,594.5,593.65,593.95,418
2024-05-14 12:26:00,593.95,594.5,593.95,593.95,112
2024-05-14 12:27:00,593.95,594.65,593.95,593.95,151
2024-05-14 12:28:00,593.95,594.55,593.85,594.45,277
2024-05-14 12:29:00,594.4,594.7,593.95,594.55,311
2024-05-14 12:30:00,594.55,594.65,593.95,594.45,97
2024-05-14 12:31:00,594.55,594.65,594.0,594.05,149
2024-05-14 12:32:00,594.0,594.95,593.95,594.95,226
2024-05-14 12:33:00,594.95,594.95,593.9,594.5,573
2024-05-14 12:34:00,594.5,594.55,593.95,594.55,81
2024-05-14 12:35:00,594.55,594.85,594.0,594.55,1086
2024-05-14 12:36:00,594.45,594.55,593.9,594.5,252
2024-05-14 12:37:00,594.5,594.5,593.75,594.4,655
2024-05-14 12:38:00,594.4,595.0,594.4,594.85,816
2024-05-14 12:39:00,594.6,595.0,594.5,594.55,301
2024-05-14 12:40:00,594.55,594.95,594.55,594.55,45
2024-05-14 12:41:00,594.55,594.95,594.55,594.9,60
2024-05-14 12:42:00,594.9,594.95,594.55,594.85,30
2024-05-14 12:43:00,594.85,594.95,594.6,594.95,43
2024-05-14 12:44:00,594.8,595.0,594.8,595.0,855
2024-05-14 12:45:00,595.0,595.0,594.25,594.25,901
2024-05-14 12:46:00,594.25,594.95,594.25,594.55,82
2024-05-14 12:47:00,594.55,594.9,594.2,594.35,469
2024-05-14 12:48:00,594.35,594.9,594.35,594.8,114
2024-05-14 12:49:00,594.8,594.85,593.15,593.15,1771
2024-05-14 12:50:00,593.15,593.8,593.15,593.45,52
2024-05-14 12:51:00,593.45,593.9,593.35,593.45,122
2024-05-14 12:52:00,593.45,594.7,593.45,594.0,626
2024-05-14 12:53:00,594.0,594.9,593.95,594.9,356
2024-05-14 12:54:00,594.9,594.95,594.5,594.5,375
2024-05-14 12:55:00,594.5,595.0,594.5,594.5,57
2024-05-14 12:56:00,594.5,595.0,594.5,594.5,115
2024-05-14 12:57:00,594.5,595.0,594.35,594.35,936
2024-05-14 12:58:00,594.05,594.2,593.85,594.1,380
2024-05-14 12:59:00,594.1,594.65,593.9,594.0,730
2024-05-14 13:00:00,594.3,594.7,594.0,594.4,640
2024-05-14 13:01:00,594.4,594.85,594.25,594.7,1612
2024-05-14 13:02:00,594.7,594.7,593.9,594.7,1130
2024-05-14 13:03:00,594.7,594.7,594.1,594.1,118
2024-05-14 13:04:00,594.65,594.65,593.9,593.9,94
2024-05-14 13:05:00,593.9,594.0,593.85,594.0,150
2024-05-14 13:06:00,594.0,594.0,593.55,593.55,511
2024-05-14 13:07:00,593.55,593.55,593.15,593.4,33
2024-05-14 13:08:00,593.4,593.65,593.4,593.65,91
2024-05-14 13:09:00,593.65,594.0,593.55,594.0,231
2024-05-14 13:10:00,594.0,594.0,593.75,593.8,136
2024-05-14 13:11:00,593.8,594.0,593.75,593.75,33
2024-05-14 13:12:00,593.75,594.0,593.5,593.85,379
2024-05-14 13:13:00,593.5,593.85,593.5,593.5,153
2024-05-14 13:14:00,593.5,593.9,593.0,593.0,671
2024-05-14 13:15:00,593.1,593.75,593.1,593.75,27
2024-05-14 13:16:00,593.75,593.75,593.1,593.1,20
2024-05-14 13:17:00,593.1,593.5,593.1,593.5,86
2024-05-14 13:18:00,593.5,594.0,593.0,593.0,1202
2024-05-14 13:19:00,593.0,593.0,592.25,592.25,2178
2024-05-14 13:20:00,592.25,593.25,592.0,593.25,591
2024-05-14 13:21:00,592.5,594.0,592.0,593.6,4039
2024-05-14 13:22:00,593.6,594.15,593.5,593.55,156
2024-05-14 13:23:00,593.45,593.5,593.45,593.45,55
2024-05-14 13:24:00,593.45,594.25,593.45,594.25,463
2024-05-14 13:25:00,594.25,594.75,594.15,594.15,947
2024-05-14 13:26:00,594.0,594.5,593.65,593.65,426
2024-05-14 13:27:00,593.5,594.25,593.5,594.25,106
2024-05-14 13:28:00,594.25,594.5,593.85,593.85,129
2024-05-14 13:29:00,594.2,594.2,593.85,594.15,498
2024-05-14 13:30:00,594.15,594.5,594.15,594.5,860
2024-05-14 13:31:00,594.5,594.8,594.15,594.8,1694
2024-05-14 13:32:00,594.8,594.8,594.05,594.7,90
2024-05-14 13:33:00,594.7,594.7,594.05,594.1,216
2024-05-14 13:34:00,594.7,594.8,594.3,594.75,82
2024-05-14 13:35:00,594.75,594.75,593.85,594.0,584
2024-05-14 13:36:00,594.45,594.55,593.95,594.55,17
2024-05-14 13:37:00,594.55,594.55,594.0,594.45,124
2024-05-14 13:38:00,594.45,594.45,594.0,594.0,70
2024-05-14 13:39:00,594.0,594.0,593.5,593.5,317
2024-05-14 13:40:00,594.0,594.0,593.6,593.6,29
2024-05-14 13:41:00,593.6,593.9,593.6,593.9,3
2024-05-14 13:42:00,594.05,594.3,593.9,593.95,97
2024-05-14 13:43:00,593.95,593.95,593.65,593.7,44
2024-05-14 13:44:00,593.7,593.95,593.7,593.95,226
2024-05-14 13:45:00,593.95,593.95,593.65,593.95,51
2024-05-14 13:46:00,593.95,593.95,593.0,593.0,1683
2024-05-14 13:47:00,593.0,594.05,593.0,593.4,193
2024-05-14 13:48:00,593.4,594.45,593.1,594.45,1992
2024-05-14 13:49:00,594.45,594.55,593.85,594.55,934
2024-05-14 13:50:00,594.55,594.65,593.85,594.45,286
2024-05-14 13:51:00,594.45,594.45,593.75,594.3,709
2024-05-14 13:52:00,593.95,594.35,593.85,594.35,153
2024-05-14 13:53:00,594.35,594.45,593.9,593.95,102
2024-05-14 13:54:00,593.95,594.5,593.9,594.0,110
2024-05-14 13:55:00,594.0,594.05,593.45,594.0,242
2024-05-14 13:56:00,594.0,594.0,593.55,594.0,206
2024-05-14 13:57:00,594.0,595.5,593.8,595.25,3632
2024-05-14 13:58:00,595.3,595.3,594.5,595.0,243
2024-05-14 13:59:00,595.0,595.2,594.7,594.95,1306
2024-05-14 14:00:00,595.0,595.0,594.4,594.9,654
2024-05-14 14:01:00,594.9,595.0,594.5,595.0,161
2024-05-14 14:02:00,595.0,595.0,594.5,594.95,115
2024-05-14 14:03:00,594.95,594.95,594.2,594.85,742
2024-05-14 14:04:00,594.85,594.95,594.5,594.95,257
2024-05-14 14:05:00,594.95,594.95,594.5,594.95,270
2024-05-14 14:06:00,594.95,595.0,594.2,594.65,440
2024-05-14 14:07:00,594.9,594.95,594.25,594.35,414
2024-05-14 14:08:00,594.35,594.95,594.35,594.95,225
2024-05-14 14:09:00,594.95,595.0,594.6,594.65,297
2024-05-14 14:10:00,594.65,595.0,594.65,595.0,310
2024-05-14 14:11:00,595.0,595.0,593.55,593.55,2825
2024-05-14 14:12:00,594.05,594.05,593.5,593.5,174
2024-05-14 14:13:00,593.5,594.3,593.5,594.3,348
2024-05-14 14:14:00,594.3,594.3,593.25,593.25,645
2024-05-14 14:15:00,593.25,593.75,593.1,593.75,369
2024-05-14 14:16:00,593.75,593.75,592.1,592.1,2472
2024-05-14 14:17:00,592.1,593.55,592.1,593.05,454
2024-05-14 14:18:00,593.05,593.55,593.0,593.0,345
2024-05-14 14:19:00,593.45,594.25,593.3,594.25,384
2024-05-14 14:20:00,594.8,594.8,593.05,594.05,2249
2024-05-14 14:21:00,594.05,594.15,593.75,593.8,247
2024-05-14 14:22:00,593.75,593.75,593.0,593.0,1355
2024-05-14 14:23:00,593.0,593.35,592.55,593.0,421
2024-05-14 14:24:00,593.0,593.0,592.45,592.45,206
2024-05-14 14:25:00,592.45,593.0,592.45,593.0,111
2024-05-14 14:26:00,593.0,593.0,592.45,592.5,1377
2024-05-14 14:27:00,592.5,592.5,591.5,591.8,2561
2024-05-14 14:28:00,591.8,592.0,591.5,591.75,3959
2024-05-14 14:29:00,592.0,592.9,592.0,592.7,614
2024-05-14 14:30:00,592.7,592.7,591.5,592.25,1571
2024-05-14 14:31:00,592.25,592.25,591.9,591.9,64
2024-05-14 14:32:00,591.9,592.4,590.55,592.4,4470
2024-05-14 14:33:00,592.4,592.55,591.5,591.5,219
2024-05-14 14:34:00,591.5,592.75,591.5,592.75,83
2024-05-14 14:35:00,592.75,592.75,592.2,592.75,95
2024-05-14 14:36:00,592.8,592.8,592.25,592.75,82
2024-05-14 14:37:00,592.75,592.75,592.1,592.65,86
2024-05-14 14:38:00,592.65,592.65,592.25,592.65,97
2024-05-14 14:39:00,592.65,592.95,592.25,592.25,456
2024-05-14 14:40:00,592.25,593.0,592.25,593.0,143
2024-05-14 14:41:00,592.45,593.0,592.45,592.65,9444
2024-05-14 14:42:00,592.65,592.95,592.6,592.95,590
2024-05-14 14:43:00,592.95,592.95,592.3,592.35,355
2024-05-14 14:44:00,592.35,592.85,592.3,592.3,32
2024-05-14 14:45:00,592.3,592.8,592.3,592.8,352
2024-05-14 14:46:00,592.8,592.95,592.5,592.95,205
2024-05-14 14:47:00,592.95,593.0,592.45,592.85,218
2024-05-14 14:48:00,592.85,593.0,592.55,592.75,2022
2024-05-14 14:49:00,592.85,593.0,591.95,593.0,4333
2024-05-14 14:50:00,593.0,593.0,592.95,593.0,347
2024-05-14 14:51:00,593.0,593.0,592.6,593.0,2863
2024-05-14 14:52:00,593.0,594.0,593.0,594.0,7269
2024-05-14 14:53:00,593.95,593.95,593.55,593.8,568
2024-05-14 14:54:00,593.8,593.95,593.3,593.3,73
2024-05-14 14:55:00,593.3,593.45,593.0,593.45,333
2024-05-14 14:56:00,593.05,593.7,593.05,593.7,156
2024-05-14 14:57:00,593.7,593.8,593.15,593.8,501
2024-05-14 14:58:00,593.9,593.9,592.9,592.9,290
2024-05-14 14:59:00,592.9,593.6,592.85,592.9,354
2024-05-14 15:00:00,593.3,593.3,592.2,593.0,844
2024-05-14 15:01:00,592.45,593.45,591.95,592.7,987
2024-05-14 15:02:00,592.7,593.55,592.4,593.55,1357
2024-05-14 15:03:00,593.5,593.5,592.45,592.45,749
2024-05-14 15:04:00,593.1,593.75,592.6,593.5,245
2024-05-14 15:05:00,593.5,593.95,593.1,593.95,959
2024-05-14 15:06:00,593.9,593.95,593.45,593.55,241
2024-05-14 15:07:00,594.0,594.0,592.8,592.8,738
2024-05-14 15:08:00,592.8,593.45,592.7,593.3,748
2024-05-14 15:09:00,593.4,593.65,593.25,593.35,115
2024-05-14 15:10:00,593.65,593.85,593.15,593.85,1240
2024-05-14 15:11:00,593.6,593.9,593.1,593.15,1900
2024-05-14 15:12:00,593.8,593.9,593.3,593.8,1172
2024-05-14 15:13:00,593.8,593.95,593.2,593.6,3855
2024-05-14 15:14:00,593.3,593.75,593.2,593.7,3040
2024-05-14 15:15:00,593.7,593.9,593.5,593.9,849
2024-05-14 15:16:00,593.75,593.9,593.25,593.8,9368
2024-05-14 15:17:00,593.8,593.8,593.35,593.8,4456
2024-05-14 15:18:00,593.8,594.0,593.5,593.65,2621
2024-05-14 15:19:00,593.75,594.0,593.6,593.7,1378
2024-05-14 15:20:00,593.7,594.0,593.65,594.0,5132
2024-05-14 15:21:00,593.65,594.0,593.65,593.75,779
2024-05-14 15:22:00,593.8,593.9,593.7,593.75,617
2024-05-14 15:23:00,593.9,593.9,593.75,593.9,1361
2024-05-14 15:24:00,593.8,593.9,593.75,593.85,2520
2024-05-14 15:25:00,593.85,593.85,593.35,593.35,3063
2024-05-14 15:26:00,593.5,593.5,592.8,592.8,2191
2024-05-14 15:27:00,592.8,593.05,592.1,592.15,2237
2024-05-14 15:28:00,592.15,593.0,592.05,593.0,2156
2024-05-14 15:29:00,592.45,593.0,591.9,591.9,6117
2024-05-15 09:15:00,597.95,599.0,595.0,596.25,6545
2024-05-15 09:16:00,596.25,597.0,595.0,596.95,2407
2024-05-15 09:17:00,597.85,597.85,595.75,596.0,3568
2024-05-15 09:18:00,596.1,598.0,595.4,597.65,3561
2024-05-15 09:19:00,597.65,600.0,597.65,598.0,5754
2024-05-15 09:20:00,598.3,603.0,598.3,602.15,5890
2024-05-15 09:21:00,602.05,604.95,601.0,604.95,18678
2024-05-15 09:22:00,604.55,606.95,604.55,606.25,21093
2024-05-15 09:23:00,606.3,608.0,605.45,607.1,17203
2024-05-15 09:24:00,607.0,607.0,605.25,605.25,9260
2024-05-15 09:25:00,604.55,606.05,604.0,604.8,17830
2024-05-15 09:26:00,604.8,605.0,604.0,604.0,4324
2024-05-15 09:27:00,604.4,605.0,603.6,605.0,2981
2024-05-15 09:28:00,605.0,605.0,604.0,604.0,2239
2024-05-15 09:29:00,604.0,607.95,604.0,607.95,14199
2024-05-15 09:30:00,607.95,609.0,607.1,608.95,20941
2024-05-15 09:31:00,608.3,608.8,606.5,606.65,6113
2024-05-15 09:32:00,606.85,607.0,605.5,606.3,11324
2024-05-15 09:33:00,606.85,607.8,604.45,606.75,10246
2024-05-15 09:34:00,606.75,606.9,606.0,606.15,3449
2024-05-15 09:35:00,607.0,608.0,606.5,608.0,6377
2024-05-15 09:36:00,608.0,608.0,607.0,607.65,4400
2024-05-15 09:37:00,607.5,609.0,607.35,608.6,10827
2024-05-15 09:38:00,608.6,609.0,607.95,608.05,4638
2024-05-15 09:39:00,608.55,608.95,607.05,607.7,11230
2024-05-15 09:40:00,607.0,608.45,604.35,604.35,22053
2024-05-15 09:41:00,605.0,605.0,599.95,601.45,47601
2024-05-15 09:42:00,601.15,601.5,598.6,599.75,5206
2024-05-15 09:43:00,599.75,599.95,597.7,598.3,3878
2024-05-15 09:44:00,598.3,599.5,597.75,599.35,1089
2024-05-15 09:45:00,599.4,599.4,597.0,598.4,7418
2024-05-15 09:46:00,598.4,598.95,596.75,596.8,7510
2024-05-15 09:47:00,596.8,599.15,596.8,598.65,6131
2024-05-15 09:48:00,598.45,598.45,597.0,597.9,4361
2024-05-15 09:49:00,597.9,598.95,597.7,598.7,2022
2024-05-15 09:50:00,598.9,598.95,596.3,597.05,1550
2024-05-15 09:51:00,596.35,597.3,596.35,596.65,1039
2024-05-15 09:52:00,596.65,598.25,596.4,597.75,1843
2024-05-15 09:53:00,597.75,598.0,596.3,596.9,1932
2024-05-15 09:54:00,596.9,598.25,596.4,598.0,1855
2024-05-15 09:55:00,598.0,598.0,595.25,595.85,7005
2024-05-15 09:56:00,595.5,595.95,594.0,594.0,5479
2024-05-15 09:57:00,595.0,595.6,594.05,594.05,1921
2024-05-15 09:58:00,594.5,594.7,594.0,594.0,1030
2024-05-15 09:59:00,594.55,595.0,594.0,594.55,990
2024-05-15 10:00:00,594.6,594.75,593.5,594.1,3363
2024-05-15 10:01:00,594.1,594.5,592.55,594.1,15255
2024-05-15 10:02:00,594.1,594.85,594.0,594.85,1111
2024-05-15 10:03:00,594.85,594.9,594.0,594.05,439
2024-05-15 10:04:00,594.75,594.85,593.4,593.4,1985
2024-05-15 10:05:00,593.4,595.0,593.4,595.0,1023
2024-05-15 10:06:00,595.1,595.45,593.45,594.25,3294
2024-05-15 10:07:00,594.25,594.35,593.4,593.4,309
2024-05-15 10:08:00,593.4,594.0,593.4,593.85,2952
2024-05-15 10:09:00,593.4,594.5,593.4,594.5,611
2024-05-15 10:10:00,594.5,595.35,594.5,594.5,941
2024-05-15 10:11:00,595.05,595.45,594.65,595.45,595
2024-05-15 10:12:00,595.45,595.7,594.05,595.0,764
2024-05-15 10:13:00,595.7,595.8,595.0,595.8,783
2024-05-15 10:14:00,595.8,595.95,595.2,595.95,1244
2024-05-15 10:15:00,594.85,595.5,594.0,594.0,2951
2024-05-15 10:16:00,594.7,594.7,593.6,593.7,3134
2024-05-15 10:17:00,593.7,594.1,593.4,593.4,2418
2024-05-15 10:18:00,593.4,593.8,593.4,593.75,233
2024-05-15 10:19:00,593.75,594.0,593.5,593.85,3334
2024-05-15 10:20:00,593.85,594.0,593.4,593.4,3799
2024-05-15 10:21:00,593.4,594.0,593.4,594.0,2201
2024-05-15 10:22:00,594.0,594.65,593.1,593.2,8476
2024-05-15 10:23:00,593.2,594.0,593.2,593.55,121
2024-05-15 10:24:00,593.55,594.15,592.95,593.55,1812
2024-05-15 10:25:00,593.55,594.05,592.6,592.8,4045
2024-05-15 10:26:00,592.85,593.5,592.85,593.4,273
2024-05-15 10:27:00,593.4,593.4,592.6,593.15,1999
2024-05-15 10:28:00,593.15,593.15,592.6,592.6,718
2024-05-15 10:29:00,592.6,593.0,592.6,592.95,298
2024-05-15 10:30:00,592.95,593.0,592.1,592.4,6727
2024-05-15 10:31:00,592.4,593.5,592.25,593.5,1333
2024-05-15 10:32:00,593.5,594.4,593.1,594.2,2032
2024-05-15 10:33:00,594.2,594.55,593.55,593.55,371
2024-05-15 10:34:00,593.55,594.4,593.5,594.0,668
2024-05-15 10:35:00,594.0,595.6,594.0,595.6,1674
2024-05-15 10:36:00,595.6,595.6,594.55,594.55,1099
2024-05-15 10:37:00,595.1,595.95,594.95,595.15,991
2024-05-15 10:38:00,595.9,595.95,594.45,595.95,1475
2024-05-15 10:39:00,595.9,595.95,594.5,595.2,2058
2024-05-15 10:40:00,595.0,595.05,594.3,594.85,698
2024-05-15 10:41:00,594.3,595.15,594.3,595.15,370
2024-05-15 10:42:00,595.15,595.8,594.65,595.7,454
2024-05-15 10:43:00,595.7,595.7,594.3,594.45,419
2024-05-15 10:44:00,594.45,594.9,594.1,594.5,268
2024-05-15 10:45:00,595.25,595.25,594.3,594.8,232
2024-05-15 10:46:00,595.25,595.8,594.7,594.8,503
2024-05-15 10:47:00,594.8,595.75,594.8,595.05,521
2024-05-15 10:48:00,594.95,596.0,594.95,595.95,525
2024-05-15 10:49:00,595.95,596.0,595.05,595.15,960
2024-05-15 10:50:00,595.1,596.0,595.1,595.2,945
2024-05-15 10:51:00,595.2,597.15,595.2,596.8,7595
2024-05-15 10:52:00,596.8,598.5,596.75,598.0,7918
2024-05-15 10:53:00,597.85,598.45,597.05,597.05,4215
2024-05-15 10:54:00,597.05,597.2,596.4,596.9,337
2024-05-15 10:55:00,596.9,596.9,596.2,596.8,211
2024-05-15 10:56:00,596.8,597.05,595.7,595.7,723
2024-05-15 10:57:00,595.7,596.9,595.7,596.9,278
2024-05-15 10:58:00,596.9,596.9,596.15,596.8,201
2024-05-15 10:59:00,596.8,596.85,596.35,596.35,287
2024-05-15 11:00:00,596.35,597.6,596.35,597.6,998
2024-05-15 11:01:00,597.15,597.3,596.75,596.75,706
2024-05-15 11:02:00,597.4,597.45,596.85,596.9,140
2024-05-15 11:03:00,596.9,597.4,596.9,597.05,86
2024-05-15 11:04:00,597.4,597.75,596.75,597.15,3849
2024-05-15 11:05:00,597.2,598.05,597.05,598.05,347
2024-05-15 11:06:00,598.05,598.05,596.3,596.3,465
2024-05-15 11:07:00,596.95,597.5,596.45,596.45,183
2024-05-15 11:08:00,596.15,596.75,596.15,596.25,1397
2024-05-15 11:09:00,596.25,597.0,596.2,596.8,619
2024-05-15 11:10:00,596.8,596.85,596.3,596.75,1145
2024-05-15 11:11:00,596.75,597.7,596.75,596.9,372
2024-05-15 11:12:00,596.9,597.7,596.9,596.95,95
2024-05-15 11:13:00,596.95,597.45,596.9,597.45,589
2024-05-15 11:14:00,596.9,597.55,596.75,596.75,257
2024-05-15 11:15:00,597.15,597.4,596.75,596.75,834
2024-05-15 11:16:00,597.35,597.4,596.75,597.3,738
2024-05-15 11:17:00,597.3,597.35,596.75,597.0,152
2024-05-15 11:18:00,597.0,597.05,596.3,596.35,633
2024-05-15 11:19:00,596.35,596.95,596.3,596.55,454
2024-05-15 11:20:00,596.55,597.15,596.55,597.15,387
2024-05-15 11:21:00,597.15,597.15,596.55,597.15,308
2024-05-15 11:22:00,597.15,598.85,597.15,598.8,3488
2024-05-15 11:23:00,598.8,598.95,598.35,598.75,523
2024-05-15 11:24:00,598.75,599.4,598.1,598.65,2817
2024-05-15 11:25:00,598.65,599.0,598.0,598.5,1776
2024-05-15 11:26:00,598.5,598.85,598.2,598.45,312
2024-05-15 11:27:00,598.45,599.0,598.45,598.95,301
2024-05-15 11:28:00,598.95,598.95,598.0,598.15,731
2024-05-15 11:29:00,598.15,598.35,597.65,597.65,584
2024-05-15 11:30:00,597.55,598.0,597.05,597.55,3935
2024-05-15 11:31:00,597.75,597.85,596.75,596.95,1154
2024-05-15 11:32:00,597.3,597.9,597.1,597.85,457
2024-05-15 11:33:00,597.85,597.9,597.2,597.85,501
2024-05-15 11:34:00,597.85,597.95,597.35,597.5,771
2024-05-15 11:35:00,597.5,597.95,597.3,597.3,149
2024-05-15 11:36:00,597.3,598.5,597.3,598.5,2269
2024-05-15 11:37:00,598.5,598.75,598.3,598.75,92
2024-05-15 11:38:00,598.75,598.8,598.35,598.35,374
2024-05-15 11:39:00,598.7,598.7,598.35,598.7,160
2024-05-15 11:40:00,598.45,598.8,598.1,598.8,1405
2024-05-15 11:41:00,598.8,599.15,598.7,599.0,476
2024-05-15 11:42:00,599.0,599.0,598.35,598.75,556
2024-05-15 11:43:00,598.0,599.05,598.0,598.65,3393
2024-05-15 11:44:00,599.15,599.15,598.5,598.5,54
2024-05-15 11:45:00,598.8,598.8,597.8,598.7,768
2024-05-15 11:46:00,599.0,599.0,598.65,599.0,339
2024-05-15 11:47:00,599.0,599.0,598.7,599.0,265
2024-05-15 11:48:00,599.0,599.5,598.9,599.5,899
2024-05-15 11:49:00,599.5,599.5,599.0,599.4,790
2024-05-15 11:50:00,599.4,599.4,599.0,599.4,61
2024-05-15 11:51:00,599.4,599.4,598.9,598.9,452
2024-05-15 11:52:00,598.7,599.3,598.7,599.0,249
2024-05-15 11:53:00,598.75,599.3,598.75,599.3,101
2024-05-15 11:54:00,599.3,599.35,598.75,598.8,305
2024-05-15 11:55:00,598.8,599.4,598.8,599.4,304
2024-05-15 11:56:00,599.4,599.4,598.9,598.9,856
2024-05-15 11:57:00,598.9,599.5,598.9,599.5,260
2024-05-15 11:58:00,599.5,599.5,599.15,599.45,727
2024-05-15 11:59:00,599.45,599.95,599.45,599.5,871
2024-05-15 12:00:00,599.25,599.9,599.25,599.4,599
2024-05-15 12:01:00,599.9,599.95,599.35,599.9,1019
2024-05-15 12:02:00,599.9,601.0,599.35,601.0,15122
2024-05-15 12:03:00,601.0,602.0,600.5,601.45,2374
2024-05-15 12:04:00,601.95,601.95,601.0,601.95,929
2024-05-15 12:05:00,601.95,601.95,599.4,601.4,9545
2024-05-15 12:06:00,601.0,601.0,600.1,600.15,1163
2024-05-15 12:07:00,600.15,600.5,599.5,599.5,557
2024-05-15 12:08:00,599.5,600.0,598.9,599.25,1060
2024-05-15 12:09:00,599.25,599.8,598.9,599.25,1922
2024-05-15 12:10:00,599.25,600.0,599.25,599.55,1807
2024-05-15 12:11:00,599.55,599.75,599.0,599.75,651
2024-05-15 12:12:00,599.75,599.75,599.0,599.0,224
2024-05-15 12:13:00,599.0,599.5,599.0,599.4,101
2024-05-15 12:14:00,599.4,599.4,599.1,599.4,55
2024-05-15 12:15:00,599.4,599.4,599.05,599.05,168
2024-05-15 12:16:00,599.35,599.4,599.1,599.4,1546
2024-05-15 12:17:00,599.4,600.0,599.35,599.75,5367
2024-05-15 12:18:00,599.75,599.75,599.4,599.4,93
2024-05-15 12:19:00,599.4,599.75,599.4,599.75,122
2024-05-15 12:20:00,599.75,600.0,599.4,599.75,764
2024-05-15 12:21:00,599.75,600.0,599.75,599.75,101
2024-05-15 12:22:00,599.75,601.0,599.4,600.25,2302
2024-05-15 12:23:00,600.3,601.0,600.3,600.95,587
2024-05-15 12:24:00,600.95,601.0,600.35,600.95,1020
2024-05-15 12:25:00,600.95,600.95,599.95,600.65,2078
2024-05-15 12:26:00,600.65,602.5,600.35,602.5,7980
2024-05-15 12:27:00,602.5,602.5,601.25,602.1,816
2024-05-15 12:28:00,602.0,602.0,601.55,601.55,279
2024-05-15 12:29:00,601.65,601.9,601.25,601.3,87
2024-05-15 12:30:00,601.3,602.7,601.3,602.7,2779
2024-05-15 12:31:00,602.7,602.7,601.8,601.8,725
2024-05-15 12:32:00,601.8,602.0,601.8,601.85,360
2024-05-15 12:33:00,601.85,602.05,601.8,602.05,2977
2024-05-15 12:34:00,602.05,602.85,601.95,602.85,652
2024-05-15 12:35:00,602.5,602.9,602.5,602.5,350
2024-05-15 12:36:00,602.5,603.0,602.5,602.6,557
2024-05-15 12:37:00,602.6,602.95,602.5,602.6,84
2024-05-15 12:38:00,602.8,603.5,602.8,603.0,1090
2024-05-15 12:39:00,603.0,603.1,602.8,603.0,574
2024-05-15 12:40:00,602.5,602.9,601.4,601.8,3137
2024-05-15 12:41:00,601.8,601.9,600.75,601.6,1677
2024-05-15 12:42:00,601.55,601.8,601.1,601.8,212
2024-05-15 12:43:00,601.8,601.8,601.05,601.55,43
2024-05-15 12:44:00,601.55,601.95,601.0,601.95,1411
2024-05-15 12:45:00,601.95,602.65,601.95,602.65,2235
2024-05-15 12:46:00,602.65,602.95,602.35,602.85,1291
2024-05-15 12:47:00,602.85,602.9,601.95,601.95,1992
2024-05-15 12:48:00,602.5,602.8,601.2,601.55,966
2024-05-15 12:49:00,601.55,602.0,601.55,602.0,312
2024-05-15 12:50:00,602.1,602.65,601.55,601.65,1054
2024-05-15 12:51:00,601.65,602.8,601.65,602.8,577
2024-05-15 12:52:00,602.35,602.9,602.2,602.4,450
2024-05-15 12:53:00,602.9,602.9,602.0,602.65,212
2024-05-15 12:54:00,602.65,602.9,601.65,601.95,120
2024-05-15 12:55:00,601.95,602.55,601.95,602.55,759
2024-05-15 12:56:00,602.55,602.65,602.25,602.25,134
2024-05-15 12:57:00,602.15,602.7,602.15,602.7,91
2024-05-15 12:58:00,602.25,602.75,601.75,601.75,628
2024-05-15 12:59:00,602.15,602.15,601.55,601.6,93
2024-05-15 13:00:00,601.6,602.05,601.0,601.5,953
2024-05-15 13:01:00,601.75,601.8,601.05,601.7,233
2024-05-15 13:02:00,601.8,602.0,601.7,601.7,265
2024-05-15 13:03:00,601.7,602.0,601.0,601.0,1095
2024-05-15 13:04:00,601.0,601.75,601.0,601.05,284
2024-05-15 13:05:00,601.05,601.55,601.0,601.0,357
2024-05-15 13:06:00,601.45,602.0,600.55,602.0,2100
2024-05-15 13:07:00,602.0,602.0,600.95,601.4,749
2024-05-15 13:08:00,601.4,601.75,601.0,601.5,365
2024-05-15 13:09:00,601.5,601.7,600.9,601.65,142
2024-05-15 13:10:00,601.65,602.0,601.2,602.0,1056
2024-05-15 13:11:00,601.35,602.0,600.85,600.85,258
2024-05-15 13:12:00,601.0,601.75,600.9,601.1,79
2024-05-15 13:13:00,601.1,601.8,600.6,601.0,126
2024-05-15 13:14:00,601.0,601.9,601.0,601.15,1653
2024-05-15 13:15:00,601.15,601.95,601.15,601.95,732
2024-05-15 13:16:00,601.3,601.9,601.2,601.2,145
2024-05-15 13:17:00,601.8,601.85,601.0,601.0,812
2024-05-15 13:18:00,601.0,601.65,600.6,600.95,811
2024-05-15 13:19:00,600.95,601.6,600.7,601.45,275
2024-05-15 13:20:00,601.15,601.75,600.85,601.2,507
2024-05-15 13:21:00,601.2,601.75,601.05,601.7,314
2024-05-15 13:22:00,601.7,601.7,599.95,599.95,6095
2024-05-15 13:23:00,599.95,600.9,599.8,600.9,752
2024-05-15 13:24:00,600.45,601.0,600.05,601.0,1041
2024-05-15 13:25:00,601.0,601.0,600.75,600.75,54
2024-05-15 13:26:00,601.0,601.2,600.5,600.85,236
2024-05-15 13:27:00,600.85,600.85,600.0,600.45,2932
2024-05-15 13:28:00,600.45,600.5,600.0,600.0,437
2024-05-15 13:29:00,600.0,600.5,599.5,600.0,1819
2024-05-15 13:30:00,600.0,600.5,600.0,600.5,66
2024-05-15 13:31:00,600.5,600.5,599.8,600.35,422
2024-05-15 13:32:00,599.8,600.5,599.8,599.8,2121
2024-05-15 13:33:00,600.5,600.8,600.05,600.75,3551
2024-05-15 13:34:00,600.75,600.85,600.2,600.85,342
2024-05-15 13:35:00,600.85,600.85,600.25,600.4,224
2024-05-15 13:36:00,600.4,600.85,599.25,600.85,5864
2024-05-15 13:37:00,600.55,600.55,599.55,600.3,729
2024-05-15 13:38:00,600.3,600.5,599.6,599.6,18
2024-05-15 13:39:00,600.2,600.35,599.8,599.8,65
2024-05-15 13:40:00,600.35,600.35,599.3,599.95,207
2024-05-15 13:41:00,599.95,600.15,599.4,600.15,701
2024-05-15 13:42:00,600.15,600.8,599.6,600.5,1680
2024-05-15 13:43:00,600.45,600.6,599.25,599.5,921
2024-05-15 13:44:00,599.5,599.6,599.25,599.6,32
2024-05-15 13:45:00,599.6,599.6,599.25,599.5,570
2024-05-15 13:46:00,599.5,599.5,599.0,599.4,1990
2024-05-15 13:47:00,599.05,599.5,598.9,599.4,1258
2024-05-15 13:48:00,599.4,599.4,598.0,598.0,3152
2024-05-15 13:49:00,598.0,598.95,598.0,598.95,494
2024-05-15 13:50:00,598.4,599.0,598.2,599.0,87
2024-05-15 13:51:00,599.0,599.0,598.05,598.2,1143
2024-05-15 13:52:00,598.1,598.65,598.1,598.5,113
2024-05-15 13:53:00,598.5,599.75,598.4,599.3,1261
2024-05-15 13:54:00,599.55,599.85,598.8,599.25,987
2024-05-15 13:55:00,599.65,599.7,599.0,599.1,373
2024-05-15 13:56:00,599.1,599.45,598.5,598.65,494
2024-05-15 13:57:00,598.65,599.45,598.65,598.8,2235
2024-05-15 13:58:00,599.4,599.6,598.95,599.6,151
2024-05-15 13:59:00,599.6,599.6,599.0,599.0,44
2024-05-15 14:00:00,599.0,599.85,599.0,599.85,555
2024-05-15 14:01:00,599.85,599.85,599.05,599.4,209
2024-05-15 14:02:00,599.4,599.85,599.0,599.55,459
2024-05-15 14:03:00,599.55,599.75,599.1,599.1,146
2024-05-15 14:04:00,599.4,599.85,599.1,599.6,363
2024-05-15 14:05:00,599.6,599.6,599.1,599.2,595
2024-05-15 14:06:00,599.25,599.25,598.3,598.45,2468
2024-05-15 14:07:00,598.85,599.0,598.4,599.0,166
2024-05-15 14:08:00,599.25,599.25,598.2,598.95,628
2024-05-15 14:09:00,598.95,599.0,598.15,598.6,96
2024-05-15 14:10:00,598.15,598.75,597.05,598.25,9307
2024-05-15 14:11:00,598.25,598.9,598.0,598.9,102
2024-05-15 14:12:00,598.9,598.95,598.4,598.85,232
2024-05-15 14:13:00,598.45,599.65,598.45,599.5,172
2024-05-15 14:14:00,599.5,599.5,598.15,599.25,1110
2024-05-15 14:15:00,598.7,599.5,598.7,599.15,507
2024-05-15 14:16:00,599.15,599.6,598.35,598.7,244
2024-05-15 14:17:00,598.9,599.15,598.0,598.25,407
2024-05-15 14:18:00,598.25,599.15,598.25,599.15,1806
2024-05-15 14:19:00,599.25,599.5,599.15,599.35,669
2024-05-15 14:20:00,599.35,600.0,599.35,599.85,2690
2024-05-15 14:21:00,599.85,600.0,599.75,599.85,428
2024-05-15 14:22:00,600.0,600.25,599.7,600.0,286
2024-05-15 14:23:00,600.0,600.0,599.35,600.0,503
2024-05-15 14:24:00,600.0,600.0,599.2,599.2,117
2024-05-15 14:25:00,599.2,599.8,599.15,599.15,113
2024-05-15 14:26:00,599.15,599.8,599.1,599.15,905
2024-05-15 14:27:00,599.05,599.65,598.9,598.9,356
2024-05-15 14:28:00,599.1,599.75,598.75,598.75,911
2024-05-15 14:29:00,598.8,599.4,598.6,598.75,281
2024-05-15 14:30:00,598.75,599.4,598.65,599.4,162
2024-05-15 14:31:00,599.4,599.6,598.65,599.5,578
2024-05-15 14:32:00,599.5,599.5,599.0,599.0,135
2024-05-15 14:33:00,599.0,599.0,598.6,598.95,377
2024-05-15 14:34:00,598.95,600.0,598.95,599.2,2262
2024-05-15 14:35:00,599.2,600.0,598.8,599.0,3485
2024-05-15 14:36:00,599.0,599.2,598.6,599.15,550
2024-05-15 14:37:00,599.15,599.15,598.8,599.15,562
2024-05-15 14:38:00,599.15,599.35,598.9,599.15,56
2024-05-15 14:39:00,599.15,599.9,599.0,599.15,1772
2024-05-15 14:40:00,599.45,599.45,598.75,599.1,89
2024-05-15 14:41:00,599.1,599.75,598.95,599.65,791
2024-05-15 14:42:00,599.95,599.95,599.1,599.45,947
2024-05-15 14:43:00,599.45,599.45,599.15,599.45,496
2024-05-15 14:44:00,599.45,599.45,599.0,599.45,277
2024-05-15 14:45:00,599.05,599.05,599.0,599.0,124
2024-05-15 14:46:00,599.05,599.55,598.8,599.55,590
2024-05-15 14:47:00,599.55,599.8,599.0,599.8,451
2024-05-15 14:48:00,599.1,599.7,598.75,599.6,1053
2024-05-15 14:49:00,599.3,599.85,598.95,599.55,3014
2024-05-15 14:50:00,599.85,599.85,598.9,599.65,806
2024-05-15 14:51:00,599.75,599.75,599.2,599.7,214
2024-05-15 14:52:00,599.2,599.7,599.1,599.65,131
2024-05-15 14:53:00,599.65,599.65,598.8,599.2,1085
2024-05-15 14:54:00,599.2,599.3,598.8,599.3,749
2024-05-15 14:55:00,599.3,599.6,598.8,599.6,1922
2024-05-15 14:56:00,599.4,599.45,599.0,599.1,1396
2024-05-15 14:57:00,599.1,599.95,599.1,599.3,1053
2024-05-15 14:58:00,599.3,599.95,599.3,599.6,1775
2024-05-15 14:59:00,599.6,600.0,599.3,600.0,2645
2024-05-15 15:00:00,600.0,600.0,599.5,599.5,841
2024-05-15 15:01:00,599.5,599.75,598.25,598.25,878
2024-05-15 15:02:00,599.0,599.45,598.8,599.05,4143
2024-05-15 15:03:00,599.2,599.8,599.1,599.4,403
2024-05-15 15:04:00,599.45,599.45,598.55,598.55,1910
2024-05-15 15:05:00,599.0,599.7,598.6,599.5,3250
2024-05-15 15:06:00,599.5,599.5,599.0,599.5,1117
2024-05-15 15:07:00,599.5,599.65,599.2,599.2,789
2024-05-15 15:08:00,599.2,599.45,599.1,599.1,346
2024-05-15 15:09:00,599.65,599.65,599.1,599.15,408
2024-05-15 15:10:00,599.1,599.5,598.85,599.5,3090
2024-05-15 15:11:00,599.1,599.95,599.1,599.8,888
2024-05-15 15:12:00,599.8,600.0,599.6,599.9,2447
2024-05-15 15:13:00,599.65,599.95,599.3,599.9,1881
2024-05-15 15:14:00,599.65,599.9,599.25,599.6,2343
2024-05-15 15:15:00,599.7,599.7,598.15,599.0,4859
2024-05-15 15:16:00,599.0,599.6,598.05,598.35,8408
2024-05-15 15:17:00,599.1,599.65,597.6,599.65,30027
2024-05-15 15:18:00,599.65,599.65,598.0,599.3,5712
2024-05-15 15:19:00,599.45,599.55,599.3,599.4,973
2024-05-15 15:20:00,599.35,599.5,598.85,599.45,7379
2024-05-15 15:21:00,599.3,599.7,599.3,599.3,1671
2024-05-15 15:22:00,599.4,599.75,599.3,599.35,4387
2024-05-15 15:23:00,599.35,599.75,599.1,599.75,2134
2024-05-15 15:24:00,599.75,599.75,599.1,599.7,2136
2024-05-15 15:25:00,599.7,599.7,599.1,599.5,6842
2024-05-15 15:26:00,599.4,599.5,599.1,599.3,3507
2024-05-15 15:27:00,599.5,599.5,598.95,599.45,5359
2024-05-15 15:28:00,599.1,599.7,598.95,599.7,14987
2024-05-15 15:29:00,599.7,599.7,598.9,599.0,11787
2024-05-16 09:15:00,604.5,606.55,603.0,604.3,10843
2024-05-16 09:16:00,604.3,604.4,601.2,602.45,2298
2024-05-16 09:17:00,602.35,603.8,602.25,603.8,2486
2024-05-16 09:18:00,603.4,603.8,601.7,601.9,6803
2024-05-16 09:19:00,601.9,602.5,601.6,602.1,3226
2024-05-16 09:20:00,602.1,602.5,601.55,601.8,4607
2024-05-16 09:21:00,601.8,602.5,601.7,602.05,3964
2024-05-16 09:22:00,601.8,601.8,600.3,601.25,3745
2024-05-16 09:23:00,601.25,601.85,600.2,600.6,785
2024-05-16 09:24:00,600.6,600.95,599.85,599.85,2338
2024-05-16 09:25:00,599.85,600.05,599.1,600.0,2471
2024-05-16 09:26:00,600.0,600.0,599.05,599.85,1216
2024-05-16 09:27:00,599.25,600.1,598.05,598.05,4124
2024-05-16 09:28:00,598.7,598.7,597.0,597.0,2453
2024-05-16 09:29:00,597.0,597.6,595.6,595.6,3286
2024-05-16 09:30:00,595.8,596.95,595.6,595.95,3059
2024-05-16 09:31:00,595.95,596.6,594.0,594.0,11488
2024-05-16 09:32:00,594.3,596.15,594.0,595.95,3168
2024-05-16 09:33:00,595.9,597.7,595.9,596.9,432
2024-05-16 09:34:00,596.85,599.95,596.85,599.15,2740
2024-05-16 09:35:00,598.65,600.0,598.65,599.35,1738
2024-05-16 09:36:00,599.3,600.0,599.15,600.0,953
2024-05-16 09:37:00,599.4,599.9,599.0,599.0,553
2024-05-16 09:38:00,599.0,599.9,599.0,599.9,546
2024-05-16 09:39:00,599.35,600.75,599.35,600.75,4802
2024-05-16 09:40:00,600.15,600.65,599.8,600.05,8351
2024-05-16 09:41:00,598.9,599.6,598.25,599.6,1341
2024-05-16 09:42:00,598.95,601.0,598.4,601.0,8791
2024-05-16 09:43:00,601.0,601.6,600.9,601.55,419
2024-05-16 09:44:00,600.95,601.6,600.95,601.15,773
2024-05-16 09:45:00,601.15,603.95,599.75,603.75,12120
2024-05-16 09:46:00,603.2,604.0,603.15,603.95,5972
2024-05-16 09:47:00,603.35,604.75,603.35,604.05,4114
2024-05-16 09:48:00,604.05,604.75,602.6,603.0,4614
2024-05-16 09:49:00,603.0,603.5,602.55,602.7,1437
2024-05-16 09:50:00,602.7,603.5,602.7,603.5,1566
2024-05-16 09:51:00,603.25,604.9,603.25,603.45,3643
2024-05-16 09:52:00,603.1,604.05,603.1,603.55,215
2024-05-16 09:53:00,603.55,603.9,602.55,603.6,1750
2024-05-16 09:54:00,603.0,603.6,603.0,603.6,1213
2024-05-16 09:55:00,603.05,605.0,603.05,605.0,2878
2024-05-16 09:56:00,604.7,605.6,603.75,604.5,12347
2024-05-16 09:57:00,604.0,605.0,604.0,604.45,899
2024-05-16 09:58:00,604.1,604.65,603.4,603.8,1446
2024-05-16 09:59:00,604.5,605.0,603.95,605.0,5514
2024-05-16 10:00:00,604.9,605.9,604.15,604.7,1773
2024-05-16 10:01:00,604.05,604.6,603.0,604.0,3699
2024-05-16 10:02:00,603.65,604.9,603.65,604.9,834
2024-05-16 10:03:00,604.4,604.95,603.8,603.9,2827
2024-05-16 10:04:00,603.9,604.15,602.9,603.55,2088
2024-05-16 10:05:00,603.55,604.15,603.55,604.0,780
2024-05-16 10:06:00,604.0,604.5,603.35,603.9,2284
2024-05-16 10:07:00,603.9,604.4,603.45,604.0,501
2024-05-16 10:08:00,603.5,604.35,603.5,603.5,927
2024-05-16 10:09:00,603.5,604.1,602.55,602.55,2586
2024-05-16 10:10:00,602.55,603.45,602.5,602.5,234
2024-05-16 10:11:00,602.5,603.5,601.6,603.5,3570
2024-05-16 10:12:00,603.0,603.85,603.0,603.25,383
2024-05-16 10:13:00,603.25,603.85,603.0,603.35,698
2024-05-16 10:14:00,602.65,602.7,602.0,602.1,332
2024-05-16 10:15:00,602.1,602.95,602.0,602.8,861
2024-05-16 10:16:00,602.25,602.35,601.25,602.35,1774
2024-05-16 10:17:00,601.9,603.3,601.75,603.0,643
2024-05-16 10:18:00,603.0,603.95,603.0,603.35,588
2024-05-16 10:19:00,603.5,603.95,603.0,603.0,1155
2024-05-16 10:20:00,603.0,603.55,602.4,602.4,672
2024-05-16 10:21:00,602.3,603.05,602.3,602.5,485
2024-05-16 10:22:00,602.5,602.8,601.05,601.05,751
2024-05-16 10:23:00,601.6,602.8,601.05,601.05,2282
2024-05-16 10:24:00,601.05,601.6,600.2,600.8,1302
2024-05-16 10:25:00,600.95,602.2,600.4,601.95,828
2024-05-16 10:26:00,601.95,602.85,601.1,602.75,2268
2024-05-16 10:27:00,602.1,602.75,602.1,602.75,225
2024-05-16 10:28:00,602.3,603.75,602.3,603.15,740
2024-05-16 10:29:00,603.15,603.95,603.1,603.5,2471
2024-05-16 10:30:00,603.5,603.95,603.5,603.75,134
2024-05-16 10:31:00,603.5,603.95,603.5,603.95,91
2024-05-16 10:32:00,603.5,603.9,603.5,603.85,709
2024-05-16 10:33:00,603.2,603.9,603.2,603.8,395
2024-05-16 10:34:00,603.2,603.8,602.75,603.3,728
2024-05-16 10:35:00,602.5,602.5,602.0,602.5,834
2024-05-16 10:36:00,602.5,602.9,602.0,602.1,386
2024-05-16 10:37:00,602.1,602.95,602.05,602.9,929
2024-05-16 10:38:00,602.9,602.9,602.2,602.9,95
2024-05-16 10:39:00,602.35,602.95,602.2,602.95,155
2024-05-16 10:40:00,602.25,602.95,602.25,602.8,621
2024-05-16 10:41:00,602.35,603.0,602.2,602.3,385
2024-05-16 10:42:00,602.45,603.0,602.45,602.5,112
2024-05-16 10:43:00,602.45,603.0,602.35,603.0,313
2024-05-16 10:44:00,602.4,604.5,602.35,604.5,5246
2024-05-16 10:45:00,604.0,604.95,604.0,604.1,636
2024-05-16 10:46:00,604.1,604.45,603.35,603.35,1490
2024-05-16 10:47:00,603.35,603.95,603.35,603.5,1638
2024-05-16 10:48:00,603.35,603.5,602.35,603.15,713
2024-05-16 10:49:00,602.6,602.6,602.0,602.45,731
2024-05-16 10:50:00,602.0,602.45,601.35,601.95,385
2024-05-16 10:51:00,601.55,602.45,601.55,602.45,198
2024-05-16 10:52:00,602.2,602.5,601.95,602.2,844
2024-05-16 10:53:00,602.15,603.2,602.1,602.8,1629
2024-05-16 10:54:00,602.8,603.8,602.7,602.75,1216
2024-05-16 10:55:00,603.05,603.65,603.05,603.5,242
2024-05-16 10:56:00,603.35,604.45,603.35,603.65,1082
2024-05-16 10:57:00,603.55,604.5,603.55,604.5,510
2024-05-16 10:58:00,603.95,604.8,603.75,603.75,737
2024-05-16 10:59:00,603.6,604.55,603.5,603.9,1181
2024-05-16 11:00:00,603.6,604.5,603.35,604.4,1290
2024-05-16 11:01:00,603.85,604.4,603.0,603.0,2324
2024-05-16 11:02:00,602.6,604.0,602.6,603.55,590
2024-05-16 11:03:00,603.55,603.55,602.85,602.85,144
2024-05-16 11:04:00,602.85,603.55,602.85,603.55,23
2024-05-16 11:05:00,603.2,603.95,603.15,603.8,280
2024-05-16 11:06:00,603.15,603.8,602.9,603.05,522
2024-05-16 11:07:00,603.15,603.8,603.0,603.0,245
2024-05-16 11:08:00,603.05,603.65,603.05,603.65,67
2024-05-16 11:09:00,603.2,603.6,602.35,602.35,486
2024-05-16 11:10:00,602.1,602.2,601.5,601.65,1620
2024-05-16 11:11:00,601.75,602.65,601.75,602.65,133
2024-05-16 11:12:00,602.15,602.7,602.15,602.7,51
2024-05-16 11:13:00,602.15,602.7,602.15,602.15,943
2024-05-16 11:14:00,602.15,602.8,602.0,602.0,537
2024-05-16 11:15:00,602.05,602.75,602.05,602.05,212
2024-05-16 11:16:00,602.05,602.5,601.7,602.05,415
2024-05-16 11:17:00,601.7,602.45,601.5,601.8,2017
2024-05-16 11:18:00,601.4,601.45,599.75,600.35,5315
2024-05-16 11:19:00,600.35,601.5,600.0,601.1,180
2024-05-16 11:20:00,601.1,601.3,600.5,600.5,287
2024-05-16 11:21:00,600.5,601.0,600.5,601.0,427
2024-05-16 11:22:00,600.55,601.7,600.55,601.5,468
2024-05-16 11:23:00,600.75,601.35,600.55,600.55,1667
2024-05-16 11:24:00,600.55,601.45,600.55,600.8,259
2024-05-16 11:25:00,600.5,601.5,600.5,601.5,39
2024-05-16 11:26:00,601.1,601.45,600.1,600.1,1055
2024-05-16 11:27:00,600.1,601.0,600.1,601.0,537
2024-05-16 11:28:00,600.7,601.45,600.35,600.9,71
2024-05-16 11:29:00,600.3,601.2,600.3,601.2,44
2024-05-16 11:30:00,600.45,601.75,600.45,601.75,622
2024-05-16 11:31:00,601.15,601.7,600.35,601.7,284
2024-05-16 11:32:00,601.15,601.9,600.7,601.85,223
2024-05-16 11:33:00,601.2,601.8,601.0,601.1,504
2024-05-16 11:34:00,601.1,601.95,601.1,601.8,426
2024-05-16 11:35:00,601.15,601.85,601.1,601.6,358
2024-05-16 11:36:00,601.0,601.0,600.3,600.75,59
2024-05-16 11:37:00,600.1,600.8,599.7,599.7,21
2024-05-16 11:38:00,600.55,600.55,600.05,600.1,2638
2024-05-16 11:39:00,600.1,600.95,600.1,600.85,546
2024-05-16 11:40:00,600.85,601.7,600.25,601.7,1048
2024-05-16 11:41:00,601.35,601.35,600.55,600.95,42
2024-05-16 11:42:00,600.65,601.35,600.5,600.95,98
2024-05-16 11:43:00,601.0,601.0,600.0,600.0,1254
2024-05-16 11:44:00,600.05,601.35,600.05,601.35,554
2024-05-16 11:45:00,601.0,602.0,601.0,602.0,1474
2024-05-16 11:46:00,601.5,601.75,601.05,601.35,318
2024-05-16 11:47:00,601.05,601.35,600.9,600.95,215
2024-05-16 11:48:00,600.65,601.45,600.65,601.45,226
2024-05-16 11:49:00,601.0,601.5,601.0,601.5,250
2024-05-16 11:50:00,601.1,601.5,601.1,601.5,36
2024-05-16 11:51:00,601.1,601.5,601.05,601.5,314
2024-05-16 11:52:00,601.05,601.5,601.05,601.5,30
2024-05-16 11:53:00,601.1,601.1,599.8,600.8,681
2024-05-16 11:54:00,600.4,601.0,600.0,600.0,378
2024-05-16 11:55:00,599.4,599.9,599.4,599.9,214
2024-05-16 11:56:00,599.55,600.65,599.55,600.25,255
2024-05-16 11:57:00,600.05,600.3,599.65,600.2,57
2024-05-16 11:58:00,599.8,601.1,599.8,600.9,57
2024-05-16 11:59:00,600.35,600.95,600.05,600.9,124
2024-05-16 12:00:00,600.35,600.9,599.2,599.2,504
2024-05-16 12:01:00,599.3,601.0,599.3,599.5,33921
2024-05-16 12:02:00,599.25,599.25,597.0,598.3,33037
2024-05-16 12:03:00,598.8,600.2,597.05,600.2,26077
2024-05-16 12:04:00,600.0,601.5,598.5,600.7,9566
2024-05-16 12:05:00,600.3,600.95,600.25,600.75,104
2024-05-16 12:06:00,600.45,601.9,600.45,601.8,2146
2024-05-16 12:07:00,601.2,601.8,601.0,601.15,509
2024-05-16 12:08:00,601.1,601.85,601.1,601.85,374
2024-05-16 12:09:00,601.85,603.5,601.8,603.0,3688
2024-05-16 12:10:00,602.45,603.0,602.3,603.0,471
2024-05-16 12:11:00,602.6,603.5,602.6,603.4,601
2024-05-16 12:12:00,603.05,603.5,602.85,603.5,553
2024-05-16 12:13:00,603.0,603.5,603.0,603.45,28
2024-05-16 12:14:00,603.05,604.2,602.3,603.0,16150
2024-05-16 12:15:00,603.0,604.05,602.65,603.3,5046
2024-05-16 12:16:00,603.7,603.9,602.75,603.0,863
2024-05-16 12:17:00,602.55,603.0,602.55,603.0,278
2024-05-16 12:18:00,602.55,603.0,602.45,603.0,433
2024-05-16 12:19:00,603.0,603.4,602.45,602.45,145
2024-05-16 12:20:00,602.45,602.95,602.45,602.55,63
2024-05-16 12:21:00,602.55,603.4,602.55,603.15,244
2024-05-16 12:22:00,603.1,604.4,603.1,603.8,459
2024-05-16 12:23:00,603.6,604.75,603.1,604.75,1797
2024-05-16 12:24:00,604.3,604.75,604.2,604.5,282
2024-05-16 12:25:00,604.1,604.45,604.0,604.4,40
2024-05-16 12:26:00,604.0,604.05,603.35,604.05,330
2024-05-16 12:27:00,603.4,604.0,602.8,602.9,182
2024-05-16 12:28:00,602.6,602.9,602.6,602.9,157
2024-05-16 12:29:00,602.9,603.3,602.85,603.05,913
2024-05-16 12:30:00,603.05,603.8,603.0,603.8,109
2024-05-16 12:31:00,603.35,604.45,603.35,604.4,996
2024-05-16 12:32:00,604.4,604.95,604.4,604.95,452
2024-05-16 12:33:00,604.45,605.0,604.15,604.15,5016
2024-05-16 12:34:00,604.25,604.75,603.85,604.0,789
2024-05-16 12:35:00,603.6,604.5,603.4,604.0,2862
2024-05-16 12:36:00,604.2,604.5,604.05,604.05,120
2024-05-16 12:37:00,604.15,604.65,604.15,604.65,435
2024-05-16 12:38:00,604.3,604.85,604.3,604.85,69
2024-05-16 12:39:00,604.8,604.9,604.1,604.2,438
2024-05-16 12:40:00,604.3,605.55,604.1,605.55,1335
2024-05-16 12:41:00,605.2,607.5,605.05,607.5,8511
2024-05-16 12:42:00,607.2,607.5,606.75,607.3,3366
2024-05-16 12:43:00,606.75,609.65,606.75,608.6,18531
2024-05-16 12:44:00,608.3,609.0,607.3,608.45,5563
2024-05-16 12:45:00,608.45,609.9,607.75,609.45,5979
2024-05-16 12:46:00,609.9,610.0,608.5,609.2,21432
2024-05-16 12:47:00,608.6,610.0,608.05,608.3,7146
2024-05-16 12:48:00,608.3,609.5,608.3,609.05,2485
2024-05-16 12:49:00,609.0,609.7,608.8,609.0,1543
2024-05-16 12:50:00,609.0,609.45,608.55,608.55,3013
2024-05-16 12:51:00,608.55,609.0,608.35,608.6,617
2024-05-16 12:52:00,608.6,608.6,606.8,606.8,4400
2024-05-16 12:53:00,607.0,607.5,606.8,607.1,3129
2024-05-16 12:54:00,607.1,607.55,606.3,606.9,2517
2024-05-16 12:55:00,606.55,607.0,606.05,607.0,3020
2024-05-16 12:56:00,607.0,607.0,606.55,607.0,446
2024-05-16 12:57:00,606.7,607.0,605.8,605.8,1083
2024-05-16 12:58:00,605.8,605.8,603.3,603.3,8148
2024-05-16 12:59:00,603.3,604.25,602.75,604.0,1335
2024-05-16 13:00:00,603.9,604.4,603.45,604.4,1507
2024-05-16 13:01:00,603.85,604.4,602.55,602.55,5480
2024-05-16 13:02:00,602.7,603.9,602.7,603.9,304
2024-05-16 13:03:00,603.6,603.7,601.65,602.0,2585
2024-05-16 13:04:00,601.65,602.75,601.6,602.0,2948
2024-05-16 13:05:00,602.0,602.45,601.6,602.45,742
2024-05-16 13:06:00,602.0,602.75,602.0,602.45,373
2024-05-16 13:07:00,601.95,602.75,601.95,602.7,178
2024-05-16 13:08:00,602.1,602.75,601.5,602.5,1384
2024-05-16 13:09:00,602.5,602.5,601.0,601.0,1320
2024-05-16 13:10:00,600.75,601.9,600.75,601.9,1112
2024-05-16 13:11:00,601.35,601.95,600.5,600.5,1322
2024-05-16 13:12:00,600.5,601.3,600.4,600.4,245
2024-05-16 13:13:00,600.45,601.35,600.45,601.15,87
2024-05-16 13:14:00,600.85,601.6,600.8,601.6,80
2024-05-16 13:15:00,601.1,601.7,600.65,601.0,662
2024-05-16 13:16:00,600.8,601.0,600.4,600.4,557
2024-05-16 13:17:00,600.3,601.0,600.1,601.0,865
2024-05-16 13:18:00,600.55,601.0,600.05,600.05,1824
2024-05-16 13:19:00,600.2,601.0,600.0,600.35,1339
2024-05-16 13:20:00,600.25,600.95,600.25,600.7,720
2024-05-16 13:21:00,601.05,601.55,600.15,600.15,589
2024-05-16 13:22:00,600.1,600.95,600.0,600.95,2932
2024-05-16 13:23:00,600.2,600.95,600.05,600.95,320
2024-05-16 13:24:00,600.7,601.45,600.1,600.9,1225
2024-05-16 13:25:00,600.55,601.15,600.05,600.5,468
2024-05-16 13:26:00,600.1,600.95,600.0,600.0,781
2024-05-16 13:27:00,600.1,600.95,600.0,600.95,940
2024-05-16 13:28:00,600.65,601.2,600.65,601.15,209
2024-05-16 13:29:00,600.65,600.9,600.35,600.75,240
2024-05-16 13:30:00,600.3,601.0,600.3,601.0,4208
2024-05-16 13:31:00,600.75,601.1,600.15,600.75,302
2024-05-16 13:32:00,600.25,600.85,600.2,600.3,137
2024-05-16 13:33:00,600.3,600.9,600.05,600.85,134
2024-05-16 13:34:00,600.2,600.85,600.0,600.5,356
2024-05-16 13:35:00,600.0,600.8,600.0,600.4,929
2024-05-16 13:36:00,600.05,601.0,600.0,601.0,2261
2024-05-16 13:37:00,601.0,601.5,600.3,601.15,1835
2024-05-16 13:38:00,600.65,601.55,600.65,601.3,162
2024-05-16 13:39:00,601.2,601.2,600.15,600.9,123
2024-05-16 13:40:00,600.15,600.9,600.15,600.9,105
2024-05-16 13:41:00,600.4,601.55,600.4,601.55,9
2024-05-16 13:42:00,601.1,601.65,600.45,601.6,1243
2024-05-16 13:43:00,601.4,603.9,601.3,603.6,3429
2024-05-16 13:44:00,602.65,603.45,602.05,602.5,4943
2024-05-16 13:45:00,602.5,603.65,602.5,603.1,240
2024-05-16 13:46:00,602.6,603.1,602.45,602.7,119
2024-05-16 13:47:00,602.15,602.7,601.8,601.95,412
2024-05-16 13:48:00,601.45,602.05,601.45,602.05,117
2024-05-16 13:49:00,602.1,602.6,601.15,601.35,860
2024-05-16 13:50:00,601.25,601.8,601.25,601.8,130
2024-05-16 13:51:00,601.8,601.95,601.65,601.65,166
2024-05-16 13:52:00,601.65,602.9,601.5,602.9,1184
2024-05-16 13:53:00,602.3,602.55,602.3,602.55,69
2024-05-16 13:54:00,602.3,602.55,602.3,602.55,5
2024-05-16 13:55:00,602.3,602.5,601.3,602.35,981
2024-05-16 13:56:00,601.9,602.0,601.9,601.95,148
2024-05-16 13:57:00,601.95,603.0,601.95,602.0,231
2024-05-16 13:58:00,602.3,602.5,602.3,602.3,85
2024-05-16 13:59:00,602.3,603.3,602.3,602.5,1669
2024-05-16 14:00:00,602.5,603.05,602.45,603.05,376
2024-05-16 14:01:00,602.95,603.5,602.1,602.1,181
2024-05-16 14:02:00,602.25,602.55,602.0,602.55,105
2024-05-16 14:03:00,602.2,603.3,602.2,603.3,155
2024-05-16 14:04:00,602.6,602.75,602.55,602.6,129
2024-05-16 14:05:00,602.55,602.7,602.0,602.4,183
2024-05-16 14:06:00,602.05,602.75,602.0,602.3,217
2024-05-16 14:07:00,602.0,602.25,602.0,602.05,19
2024-05-16 14:08:00,602.05,602.25,601.65,602.0,246
2024-05-16 14:09:00,601.65,602.5,601.65,602.5,354
2024-05-16 14:10:00,602.0,602.35,602.0,602.0,183
2024-05-16 14:11:00,602.0,602.6,602.0,602.5,283
2024-05-16 14:12:00,602.5,603.1,602.5,603.0,206
2024-05-16 14:13:00,602.65,603.15,602.6,603.0,525
2024-05-16 14:14:00,602.8,603.4,602.6,602.95,197
2024-05-16 14:15:00,602.6,603.4,602.4,603.05,307
2024-05-16 14:16:00,603.3,604.15,603.3,603.75,297
2024-05-16 14:17:00,603.5,604.15,603.45,604.0,867
2024-05-16 14:18:00,603.5,604.25,603.5,604.0,2096
2024-05-16 14:19:00,603.9,604.65,603.9,604.2,436
2024-05-16 14:20:00,604.1,604.75,603.15,603.15,631
2024-05-16 14:21:00,603.15,603.65,602.1,603.65,2189
2024-05-16 14:22:00,603.1,603.75,602.75,603.05,208
2024-05-16 14:23:00,603.0,604.0,603.0,603.35,480
2024-05-16 14:24:00,603.35,604.0,603.35,603.4,216
2024-05-16 14:25:00,603.4,604.0,602.75,602.75,400
2024-05-16 14:26:00,602.75,603.6,602.65,602.75,753
2024-05-16 14:27:00,602.75,603.6,602.75,603.05,278
2024-05-16 14:28:00,602.85,603.5,602.8,602.8,734
2024-05-16 14:29:00,602.8,603.4,602.8,603.0,152
2024-05-16 14:30:00,603.0,603.0,602.75,602.8,160
2024-05-16 14:31:00,602.8,603.0,602.8,602.8,72
2024-05-16 14:32:00,602.8,602.8,602.15,602.15,856
2024-05-16 14:33:00,602.8,602.8,602.2,602.4,265
2024-05-16 14:34:00,602.4,602.5,602.4,602.5,31
2024-05-16 14:35:00,602.5,602.9,602.4,602.7,84
2024-05-16 14:36:00,602.7,602.85,602.0,602.15,417
2024-05-16 14:37:00,602.15,602.9,602.15,602.25,98
2024-05-16 14:38:00,602.25,602.9,602.25,602.9,26
2024-05-16 14:39:00,603.0,603.7,602.75,603.3,989
2024-05-16 14:40:00,603.3,603.3,602.7,603.3,116
2024-05-16 14:41:00,603.3,604.0,602.7,603.0,1396
2024-05-16 14:42:00,603.0,603.35,602.3,602.45,263
2024-05-16 14:43:00,603.0,603.75,603.0,603.1,356
2024-05-16 14:44:00,603.1,603.6,602.25,602.3,331
2024-05-16 14:45:00,602.3,603.0,602.25,602.25,5
2024-05-16 14:46:00,602.25,602.95,602.2,602.35,1208
2024-05-16 14:47:00,602.75,602.75,602.05,602.05,382
2024-05-16 14:48:00,602.05,602.8,602.05,602.7,158
2024-05-16 14:49:00,602.7,602.7,602.05,602.05,169
2024-05-16 14:50:00,602.05,602.7,602.05,602.65,566
2024-05-16 14:51:00,602.65,602.7,602.2,602.5,151
2024-05-16 14:52:00,602.5,602.5,602.25,602.45,228
2024-05-16 14:53:00,602.45,602.7,602.2,602.7,22
2024-05-16 14:54:00,602.7,602.7,602.55,602.6,2179
2024-05-16 14:55:00,603.0,603.0,602.5,603.0,201
2024-05-16 14:56:00,603.0,603.45,602.75,602.75,727
2024-05-16 14:57:00,603.35,603.5,602.85,603.05,542
2024-05-16 14:58:00,603.05,603.05,602.75,602.75,421
2024-05-16 14:59:00,602.75,602.75,602.75,602.75,18
2024-05-16 15:00:00,602.75,603.0,602.75,602.75,237
2024-05-16 15:01:00,603.0,603.5,601.95,602.25,4301
2024-05-16 15:02:00,602.25,603.0,601.95,602.5,1570
2024-05-16 15:03:00,602.4,603.0,602.4,602.4,138
2024-05-16 15:04:00,602.4,602.85,602.1,602.45,213
2024-05-16 15:05:00,603.0,603.0,602.35,602.5,1606
2024-05-16 15:06:00,603.0,603.0,602.1,603.0,1109
2024-05-16 15:07:00,603.45,603.45,602.6,602.6,536
2024-05-16 15:08:00,602.6,602.7,602.55,602.7,197
2024-05-16 15:09:00,602.4,602.95,602.0,602.95,1005
2024-05-16 15:10:00,602.95,603.0,602.45,602.7,218
2024-05-16 15:11:00,602.7,602.7,602.3,602.45,1082
2024-05-16 15:12:00,602.45,602.5,602.0,602.3,4167
2024-05-16 15:13:00,602.3,602.95,602.2,602.2,411
2024-05-16 15:14:00,602.2,602.85,601.9,602.35,590
2024-05-16 15:15:00,602.35,602.65,601.9,602.65,1321
2024-05-16 15:16:00,602.65,602.75,602.25,602.3,1570
2024-05-16 15:17:00,602.35,602.35,601.5,601.75,4197
2024-05-16 15:18:00,601.5,602.0,601.5,601.95,1141
2024-05-16 15:19:00,601.95,601.95,601.65,601.65,1019
2024-05-16 15:20:00,601.65,601.95,601.6,601.6,1235
2024-05-16 15:21:00,601.75,601.95,601.0,601.6,3605
2024-05-16 15:22:00,601.6,601.65,600.9,601.65,2147
2024-05-16 15:23:00,601.65,603.0,601.1,601.5,1082
2024-05-16 15:24:00,601.5,602.05,601.1,601.1,1735
2024-05-16 15:25:00,601.1,602.3,600.8,601.8,4182
2024-05-16 15:26:00,601.8,601.85,601.5,601.85,2600
2024-05-16 15:27:00,601.5,602.0,601.0,601.05,2306
2024-05-16 15:28:00,601.95,602.2,601.05,601.5,939
2024-05-16 15:29:00,601.5,602.9,601.5,602.9,1869
2024-05-17 09:15:00,605.0,606.7,603.2,604.3,9825
2024-05-17 09:16:00,603.55,607.4,603.55,606.25,2723
2024-05-17 09:17:00,606.25,606.25,605.0,605.65,721
2024-05-17 09:18:00,605.0,606.45,604.3,604.3,2523
2024-05-17 09:19:00,604.8,606.2,604.05,604.2,1937
2024-05-17 09:20:00,604.2,605.45,604.0,605.45,4079
2024-05-17 09:21:00,605.45,605.45,604.65,605.0,207
2024-05-17 09:22:00,604.45,606.5,604.4,606.5,1346
2024-05-17 09:23:00,606.5,606.5,605.0,605.0,1485
2024-05-17 09:24:00,605.85,605.85,604.5,604.95,1361
2024-05-17 09:25:00,605.2,605.9,605.0,605.8,525
2024-05-17 09:26:00,604.95,605.75,604.55,605.3,429
2024-05-17 09:27:00,605.4,606.5,604.65,605.55,2435
2024-05-17 09:28:00,606.35,606.35,604.6,604.65,536
2024-05-17 09:29:00,605.6,606.3,604.9,605.6,194
2024-05-17 09:30:00,605.6,607.3,605.6,607.3,5534
2024-05-17 09:31:00,607.0,607.0,605.85,605.9,1578
2024-05-17 09:32:00,605.9,606.25,605.0,605.0,1244
2024-05-17 09:33:00,605.65,605.65,604.0,604.05,2058
2024-05-17 09:34:00,604.05,604.9,604.05,604.9,224
2024-05-17 09:35:00,604.65,605.45,604.3,604.8,1004
2024-05-17 09:36:00,604.5,605.45,604.15,604.9,790
2024-05-17 09:37:00,604.6,604.7,604.05,604.05,234
2024-05-17 09:38:00,604.05,604.7,604.05,604.5,136
2024-05-17 09:39:00,604.5,604.5,603.2,603.7,2279
2024-05-17 09:40:00,603.7,603.9,603.25,603.9,365
2024-05-17 09:41:00,603.3,603.95,603.0,603.9,1182
2024-05-17 09:42:00,603.95,603.95,603.35,603.4,301
2024-05-17 09:43:00,603.4,603.7,603.0,603.15,436
2024-05-17 09:44:00,603.15,603.6,603.15,603.55,339
2024-05-17 09:45:00,603.55,603.65,602.9,602.9,411
2024-05-17 09:46:00,602.9,603.1,602.1,602.1,1886
2024-05-17 09:47:00,602.1,602.75,602.1,602.1,506
2024-05-17 09:48:00,602.1,602.9,602.1,602.9,510
2024-05-17 09:49:00,603.0,603.0,602.5,602.5,91
2024-05-17 09:50:00,602.85,603.05,602.15,602.15,1058
2024-05-17 09:51:00,602.15,603.35,602.15,602.85,314
2024-05-17 09:52:00,602.75,603.5,602.65,603.05,600
2024-05-17 09:53:00,603.05,604.5,603.05,604.5,1506
2024-05-17 09:54:00,604.8,605.0,604.55,604.95,576
2024-05-17 09:55:00,604.95,605.95,604.9,605.6,1742
2024-05-17 09:56:00,605.6,605.6,604.5,604.75,586
2024-05-17 09:57:00,604.75,605.95,604.65,605.05,962
2024-05-17 09:58:00,604.5,605.05,604.5,604.75,242
2024-05-17 09:59:00,604.05,604.85,604.05,604.8,528
2024-05-17 10:00:00,604.8,604.8,603.7,603.7,930
2024-05-17 10:01:00,603.7,604.85,603.7,604.7,657
2024-05-17 10:02:00,604.7,604.7,603.9,604.5,162
2024-05-17 10:03:00,603.95,604.5,603.95,604.5,774
2024-05-17 10:04:00,604.5,604.5,603.95,604.45,204
2024-05-17 10:05:00,604.45,604.5,604.05,604.5,192
2024-05-17 10:06:00,604.5,604.5,603.05,603.05,1369
2024-05-17 10:07:00,603.05,603.9,603.05,603.2,1376
2024-05-17 10:08:00,603.2,604.0,603.2,603.8,333
2024-05-17 10:09:00,603.4,603.95,603.4,603.5,220
2024-05-17 10:10:00,603.5,604.25,603.4,604.0,770
2024-05-17 10:11:00,604.0,604.0,603.65,603.95,98
2024-05-17 10:12:00,603.95,604.45,603.7,604.45,79
2024-05-17 10:13:00,604.45,604.45,603.55,604.35,389
2024-05-17 10:14:00,603.85,604.5,603.75,604.0,631
2024-05-17 10:15:00,604.0,604.55,604.0,604.5,743
2024-05-17 10:16:00,604.8,604.8,603.65,603.65,2299
2024-05-17 10:17:00,603.65,604.65,603.55,604.65,180
2024-05-17 10:18:00,604.1,604.65,603.95,604.15,650
2024-05-17 10:19:00,604.15,604.7,604.1,604.1,173
2024-05-17 10:20:00,604.1,604.75,604.1,604.25,130
2024-05-17 10:21:00,604.25,605.0,604.25,604.65,725
2024-05-17 10:22:00,604.65,605.0,604.25,605.0,386
2024-05-17 10:23:00,605.0,605.0,604.1,604.1,342
2024-05-17 10:24:00,604.1,604.8,604.1,604.8,168
2024-05-17 10:25:00,604.3,604.8,603.95,603.95,404
2024-05-17 10:26:00,603.95,604.0,603.75,604.0,98
2024-05-17 10:27:00,604.0,604.9,603.75,604.8,1482
2024-05-17 10:28:00,604.8,605.0,604.05,604.05,654
2024-05-17 10:29:00,604.05,604.95,604.05,604.3,759
2024-05-17 10:30:00,604.3,604.95,604.05,604.95,553
2024-05-17 10:31:00,605.0,606.65,604.3,606.65,6491
2024-05-17 10:32:00,606.9,607.5,606.25,607.1,6290
2024-05-17 10:33:00,607.1,607.45,606.1,606.1,543
2024-05-17 10:34:00,605.75,606.0,605.45,605.9,310
2024-05-17 10:35:00,605.9,606.55,605.9,606.55,819
2024-05-17 10:36:00,606.55,606.75,606.3,606.75,1393
2024-05-17 10:37:00,606.75,607.45,606.5,607.3,689
2024-05-17 10:38:00,607.3,607.5,606.75,607.5,2841
2024-05-17 10:39:00,607.45,607.5,607.0,607.5,2283
2024-05-17 10:40:00,607.5,607.5,607.05,607.5,2129
2024-05-17 10:41:00,608.0,609.15,608.0,609.0,15981
2024-05-17 10:42:00,609.2,609.5,608.0,608.2,11885
2024-05-17 10:43:00,608.0,608.9,607.25,607.95,5253
2024-05-17 10:44:00,608.25,609.0,607.55,608.1,5872
2024-05-17 10:45:00,608.1,608.95,608.1,608.15,976
2024-05-17 10:46:00,608.15,609.0,608.1,609.0,2355
2024-05-17 10:47:00,608.4,609.0,608.1,608.1,1037
2024-05-17 10:48:00,608.9,609.0,608.4,608.45,211
2024-05-17 10:49:00,609.0,609.0,608.15,608.65,1039
2024-05-17 10:50:00,608.65,608.7,608.2,608.2,1688
2024-05-17 10:51:00,608.4,609.0,608.0,608.6,1245
2024-05-17 10:52:00,608.6,608.95,608.25,608.95,405
2024-05-17 10:53:00,608.95,609.0,608.6,608.95,1311
2024-05-17 10:54:00,608.95,609.35,608.8,609.0,731
2024-05-17 10:55:00,609.0,609.35,609.0,609.25,945
2024-05-17 10:56:00,609.25,609.25,608.8,608.95,1110
2024-05-17 10:57:00,608.95,608.95,608.25,608.45,1357
2024-05-17 10:58:00,608.5,609.0,608.1,608.75,1198
2024-05-17 10:59:00,608.75,608.8,608.3,608.4,332
2024-05-17 11:00:00,608.4,609.0,608.4,608.8,581
2024-05-17 11:01:00,608.8,609.0,608.35,608.4,264
2024-05-17 11:02:00,608.4,608.85,608.35,608.4,501
2024-05-17 11:03:00,608.4,609.0,608.4,608.45,2647
2024-05-17 11:04:00,608.45,608.9,608.35,608.9,378
2024-05-17 11:05:00,608.9,608.95,608.45,608.6,455
2024-05-17 11:06:00,608.6,609.0,608.5,609.0,1259
2024-05-17 11:07:00,609.0,609.25,608.65,609.15,5671
2024-05-17 11:08:00,609.15,609.45,609.15,609.15,1294
2024-05-17 11:09:00,609.15,609.5,609.15,609.25,1030
2024-05-17 11:10:00,609.45,609.45,609.2,609.25,729
2024-05-17 11:11:00,609.25,609.45,609.2,609.25,531
2024-05-17 11:12:00,609.25,609.45,608.65,608.95,1218
2024-05-17 11:13:00,608.95,609.5,608.6,608.65,3797
2024-05-17 11:14:00,608.65,609.25,608.65,609.25,124
2024-05-17 11:15:00,609.05,609.45,609.0,609.25,1142
2024-05-17 11:16:00,609.25,609.45,609.0,609.0,447
2024-05-17 11:17:00,609.35,609.5,609.1,609.5,1119
2024-05-17 11:18:00,609.5,609.5,609.0,609.25,4320
2024-05-17 11:19:00,609.45,609.5,609.25,609.45,609
2024-05-17 11:20:00,609.25,609.45,609.0,609.0,248
2024-05-17 11:21:00,609.0,609.35,608.75,609.0,1464
2024-05-17 11:22:00,609.0,609.0,608.95,609.0,119
2024-05-17 11:23:00,609.0,609.45,608.5,609.45,1556
2024-05-17 11:24:00,609.5,609.5,608.95,609.5,304
2024-05-17 11:25:00,609.5,609.5,608.85,608.85,11346
2024-05-17 11:26:00,608.75,609.5,608.75,609.4,2366
2024-05-17 11:27:00,609.5,609.5,609.05,609.05,5544
2024-05-17 11:28:00,608.9,609.5,608.9,609.5,1097
2024-05-17 11:29:00,609.5,609.5,608.75,609.5,3823
2024-05-17 11:30:00,608.9,609.25,608.6,608.95,1027
2024-05-17 11:31:00,608.55,609.05,608.55,609.0,368
2024-05-17 11:32:00,609.0,609.0,608.0,608.2,1969
2024-05-17 11:33:00,608.2,608.65,608.1,608.65,1227
2024-05-17 11:34:00,608.7,608.95,608.65,608.65,157
2024-05-17 11:35:00,608.7,609.5,608.2,609.5,4777
2024-05-17 11:36:00,609.3,609.5,609.3,609.5,7989
2024-05-17 11:37:00,609.5,609.5,609.3,609.5,1589
2024-05-17 11:38:00,609.3,609.5,609.3,609.45,872
2024-05-17 11:39:00,609.45,612.75,609.3,612.75,67337
2024-05-17 11:40:00,612.3,615.0,612.3,614.8,43042
2024-05-17 11:41:00,614.9,617.5,614.8,617.5,28942
2024-05-17 11:42:00,617.0,618.0,616.55,617.6,22524
2024-05-17 11:43:00,617.6,618.45,617.15,618.0,13201
2024-05-17 11:44:00,618.0,618.55,614.1,614.3,42908
2024-05-17 11:45:00,614.3,615.5,614.3,615.0,4948
2024-05-17 11:46:00,615.0,615.5,613.95,614.55,10359
2024-05-17 11:47:00,614.55,615.0,614.4,614.95,8284
2024-05-17 11:48:00,614.7,614.95,613.4,613.9,1809
2024-05-17 11:49:00,613.9,614.0,613.6,614.0,2357
2024-05-17 11:50:00,614.0,614.55,613.2,614.4,4609
2024-05-17 11:51:00,614.55,614.95,614.0,614.0,4077
2024-05-17 11:52:00,614.0,614.95,614.0,614.4,2640
2024-05-17 11:53:00,614.05,615.0,613.45,614.45,3127
2024-05-17 11:54:00,614.95,614.95,614.45,614.9,509
2024-05-17 11:55:00,614.9,615.0,614.0,614.0,863
2024-05-17 11:56:00,613.8,614.0,613.0,613.0,6191
2024-05-17 11:57:00,613.0,613.8,612.0,612.0,10761
2024-05-17 11:58:00,612.0,613.5,612.0,613.5,2880
2024-05-17 11:59:00,613.0,613.6,612.7,612.85,3300
2024-05-17 12:00:00,612.85,613.0,612.0,612.35,1738
2024-05-17 12:01:00,612.05,612.9,611.45,612.0,5397
2024-05-17 12:02:00,611.85,612.0,611.05,611.9,1326
2024-05-17 12:03:00,611.9,611.95,611.05,611.65,3844
2024-05-17 12:04:00,611.55,611.75,611.0,611.05,1827
2024-05-17 12:05:00,611.45,611.95,611.0,611.5,3419
2024-05-17 12:06:00,611.5,611.5,610.55,611.0,5307
2024-05-17 12:07:00,611.0,611.6,610.95,611.0,3174
2024-05-17 12:08:00,611.0,611.0,609.25,609.25,12171
2024-05-17 12:09:00,609.25,610.0,609.25,609.65,767
2024-05-17 12:10:00,609.55,610.0,609.5,609.6,900
2024-05-17 12:11:00,609.6,609.8,609.0,609.65,1804
2024-05-17 12:12:00,609.65,609.95,609.15,609.65,573
2024-05-17 12:13:00,609.65,609.75,609.15,609.2,484
2024-05-17 12:14:00,609.2,609.2,608.5,608.95,1896
2024-05-17 12:15:00,608.95,608.95,606.6,607.5,12366
2024-05-17 12:16:00,607.6,608.45,606.9,607.95,2633
2024-05-17 12:17:00,608.05,608.25,607.45,608.25,777
2024-05-17 12:18:00,608.1,608.25,607.5,608.0,1253
2024-05-17 12:19:00,608.0,608.55,607.9,608.25,668
2024-05-17 12:20:00,608.25,608.25,607.6,608.05,2233
2024-05-17 12:21:00,607.6,608.0,607.55,608.0,570
2024-05-17 12:22:00,608.0,609.2,607.7,609.2,1919
2024-05-17 12:23:00,608.85,608.85,607.8,608.05,1975
2024-05-17 12:24:00,608.05,608.1,607.15,607.55,1329
2024-05-17 12:25:00,607.55,608.95,607.5,607.5,1268
2024-05-17 12:26:00,607.5,607.5,607.0,607.5,1282
2024-05-17 12:27:00,607.5,607.55,607.15,607.5,726
2024-05-17 12:28:00,607.5,607.9,607.5,607.8,843
2024-05-17 12:29:00,607.8,607.8,606.9,607.45,3199
2024-05-17 12:30:00,607.45,607.7,607.15,607.7,261
2024-05-17 12:31:00,607.7,607.95,607.4,607.4,524
2024-05-17 12:32:00,607.4,608.0,607.4,608.0,441
2024-05-17 12:33:00,608.0,608.05,607.55,607.55,792
2024-05-17 12:34:00,607.55,607.95,607.45,607.45,337
2024-05-17 12:35:00,607.45,607.75,607.4,607.4,464
2024-05-17 12:36:00,607.4,607.6,607.0,607.0,2418
2024-05-17 12:37:00,606.75,607.15,606.25,606.95,2855
2024-05-17 12:38:00,606.95,607.6,606.6,607.6,351
2024-05-17 12:39:00,607.6,607.6,607.0,607.55,138
2024-05-17 12:40:00,607.55,607.7,607.4,607.6,453
2024-05-17 12:41:00,607.65,607.75,607.5,607.5,2050
2024-05-17 12:42:00,607.5,607.9,606.9,606.9,1592
2024-05-17 12:43:00,606.9,607.1,606.65,607.1,214
2024-05-17 12:44:00,607.1,607.3,607.1,607.3,175
2024-05-17 12:45:00,607.3,607.55,607.3,607.4,1497
2024-05-17 12:46:00,607.4,607.85,607.2,607.85,627
2024-05-17 12:47:00,607.8,608.05,607.2,607.55,1280
2024-05-17 12:48:00,607.55,607.95,607.4,607.45,352
2024-05-17 12:49:00,607.95,607.95,607.1,607.1,1541
2024-05-17 12:50:00,607.1,607.95,607.1,607.75,1823
2024-05-17 12:51:00,607.75,607.9,607.4,607.9,574
2024-05-17 12:52:00,607.9,607.9,607.1,607.1,944
2024-05-17 12:53:00,607.1,607.6,607.1,607.6,18
2024-05-17 12:54:00,607.6,608.0,607.25,607.25,516
2024-05-17 12:55:00,607.25,607.6,607.1,607.1,1547
2024-05-17 12:56:00,607.1,608.0,607.0,607.75,1577
2024-05-17 12:57:00,607.75,607.75,607.1,607.6,125
2024-05-17 12:58:00,607.6,608.05,607.25,608.05,577
2024-05-17 12:59:00,607.65,607.8,607.1,607.8,822
2024-05-17 13:00:00,607.8,607.85,607.15,607.7,2137
2024-05-17 13:01:00,607.7,608.05,607.35,607.85,2262
2024-05-17 13:02:00,607.85,607.95,607.4,607.9,784
2024-05-17 13:03:00,607.9,607.9,607.15,607.15,1004
2024-05-17 13:04:00,607.15,607.5,607.15,607.2,52
2024-05-17 13:05:00,607.15,607.5,607.1,607.5,1027
2024-05-17 13:06:00,607.5,607.55,607.3,607.3,258
2024-05-17 13:07:00,607.3,607.3,598.15,599.5,84562
2024-05-17 13:08:00,599.55,601.7,598.2,601.65,11996
2024-05-17 13:09:00,601.75,601.85,601.0,601.85,5285
2024-05-17 13:10:00,601.85,602.25,601.45,602.25,1753
2024-05-17 13:11:00,602.25,602.6,600.7,601.85,4078
2024-05-17 13:12:00,601.9,602.6,601.45,601.9,1484
2024-05-17 13:13:00,602.2,602.7,602.0,602.7,768
2024-05-17 13:14:00,602.7,603.05,602.4,602.5,2246
2024-05-17 13:15:00,602.85,603.1,602.5,602.7,2371
2024-05-17 13:16:00,602.7,602.85,601.5,601.95,6256
2024-05-17 13:17:00,602.0,603.45,602.0,603.45,1248
2024-05-17 13:18:00,603.45,603.8,602.85,603.65,1912
2024-05-17 13:19:00,603.55,604.4,603.5,604.35,1580
2024-05-17 13:20:00,604.25,604.25,603.2,603.6,2823
2024-05-17 13:21:00,603.6,603.6,602.7,603.4,2245
2024-05-17 13:22:00,603.4,603.7,603.15,603.7,393
2024-05-17 13:23:00,603.2,603.8,603.2,603.35,860
2024-05-17 13:24:00,603.65,604.2,603.65,604.0,143
2024-05-17 13:25:00,604.0,604.8,604.0,604.25,1300
2024-05-17 13:26:00,604.25,604.8,603.9,603.9,1076
2024-05-17 13:27:00,604.15,604.45,603.45,604.0,1033
2024-05-17 13:28:00,604.25,604.5,603.6,603.6,562
2024-05-17 13:29:00,603.6,604.4,603.6,604.3,779
2024-05-17 13:30:00,604.3,604.5,603.6,603.6,598
2024-05-17 13:31:00,603.6,603.6,603.15,603.15,3188
2024-05-17 13:32:00,603.2,603.95,603.2,603.45,162
2024-05-17 13:33:00,603.45,603.95,603.45,603.95,1318
2024-05-17 13:34:00,603.95,604.2,603.5,604.2,555
2024-05-17 13:35:00,604.2,604.9,603.55,603.55,3576
2024-05-17 13:36:00,603.85,603.95,603.45,603.5,1051
2024-05-17 13:37:00,603.5,603.65,603.1,603.65,116
2024-05-17 13:38:00,603.6,603.95,603.3,603.3,516
2024-05-17 13:39:00,603.3,604.05,603.2,603.85,978
2024-05-17 13:40:00,603.85,604.0,603.5,604.0,282
2024-05-17 13:41:00,604.0,604.7,603.8,604.7,433
2024-05-17 13:42:00,604.7,604.9,604.1,604.9,2098
2024-05-17 13:43:00,604.25,605.0,604.25,604.9,11770
2024-05-17 13:44:00,604.9,605.0,604.25,605.0,19808
2024-05-17 13:45:00,605.0,605.15,604.65,605.15,12945
2024-05-17 13:46:00,605.15,605.9,605.15,605.7,1184
2024-05-17 13:47:00,605.7,605.7,605.5,605.5,601
2024-05-17 13:48:00,605.5,605.95,605.5,605.95,595
2024-05-17 13:49:00,605.9,606.1,605.9,606.1,281
2024-05-17 13:50:00,606.1,606.1,605.35,605.85,380
2024-05-17 13:51:00,605.95,605.95,604.1,604.45,2358
2024-05-17 13:52:00,604.45,604.95,604.1,604.85,1577
2024-05-17 13:53:00,604.85,605.0,604.55,604.95,2208
2024-05-17 13:54:00,604.65,605.0,604.45,604.75,201
2024-05-17 13:55:00,604.75,604.75,604.1,604.75,246
2024-05-17 13:56:00,604.8,604.8,604.1,604.8,1140
2024-05-17 13:57:00,604.8,604.8,604.1,604.1,805
2024-05-17 13:58:00,604.15,604.8,604.0,604.65,2518
2024-05-17 13:59:00,604.65,604.95,604.2,604.9,919
2024-05-17 14:00:00,604.9,605.0,604.55,604.85,883
2024-05-17 14:01:00,604.85,605.0,604.55,605.0,518
2024-05-17 14:02:00,605.0,605.0,604.5,605.0,6801
2024-05-17 14:03:00,605.0,605.5,604.8,605.5,6048
2024-05-17 14:04:00,605.5,605.5,605.05,605.5,3775
2024-05-17 14:05:00,605.5,605.85,605.15,605.7,5395
2024-05-17 14:06:00,605.7,605.9,605.0,605.5,730
2024-05-17 14:07:00,605.5,606.0,605.05,605.5,1855
2024-05-17 14:08:00,605.15,606.0,605.0,605.85,3449
2024-05-17 14:09:00,605.85,606.0,605.3,605.4,1315
2024-05-17 14:10:00,605.4,605.85,605.2,605.35,703
2024-05-17 14:11:00,605.35,605.65,604.65,605.4,3194
2024-05-17 14:12:00,605.4,605.45,604.7,605.45,947
2024-05-17 14:13:00,605.45,605.55,604.85,605.45,1475
2024-05-17 14:14:00,605.45,605.6,604.8,605.45,2322
2024-05-17 14:15:00,605.45,605.45,604.7,605.3,314
2024-05-17 14:16:00,605.3,605.4,604.55,605.15,2904
2024-05-17 14:17:00,605.15,605.15,604.55,605.1,114
2024-05-17 14:18:00,605.1,605.1,604.2,605.0,3101
2024-05-17 14:19:00,605.0,605.0,604.05,604.45,638
2024-05-17 14:20:00,604.45,604.8,604.15,604.5,308
2024-05-17 14:21:00,604.5,604.7,604.1,604.5,523
2024-05-17 14:22:00,604.15,604.8,599.7,600.25,51922
2024-05-17 14:23:00,600.25,601.1,599.6,600.9,10560
2024-05-17 14:24:00,600.9,601.4,600.25,601.3,15372
2024-05-17 14:25:00,601.35,601.9,601.2,601.9,1172
2024-05-17 14:26:00,601.9,601.95,601.7,601.95,85
2024-05-17 14:27:00,601.75,602.65,601.7,602.65,2125
2024-05-17 14:28:00,602.65,602.65,601.9,602.1,666
2024-05-17 14:29:00,602.1,602.4,601.9,602.1,643
2024-05-17 14:30:00,602.1,602.65,602.1,602.55,813
2024-05-17 14:31:00,602.55,602.75,602.4,602.55,4156
2024-05-17 14:32:00,602.25,603.0,602.25,602.8,5715
2024-05-17 14:33:00,602.8,603.85,602.7,603.85,10474
2024-05-17 14:34:00,603.55,604.6,603.55,604.6,996
2024-05-17 14:35:00,604.6,605.7,604.5,605.35,3675
2024-05-17 14:36:00,605.2,605.9,604.95,605.7,3179
2024-05-17 14:37:00,605.7,605.95,605.5,605.8,597
2024-05-17 14:38:00,605.95,606.05,605.7,605.95,1119
2024-05-17 14:39:00,605.95,606.6,605.7,606.6,760
2024-05-17 14:40:00,606.6,606.8,606.45,606.7,1825
2024-05-17 14:41:00,606.7,607.3,606.05,607.15,2168
2024-05-17 14:42:00,607.15,607.15,606.5,607.0,687
2024-05-17 14:43:00,607.0,607.3,606.7,607.3,1919
2024-05-17 14:44:00,607.3,607.7,606.9,607.25,878
2024-05-17 14:45:00,607.25,607.25,605.8,606.2,3363
2024-05-17 14:46:00,606.4,606.95,606.4,606.85,1141
2024-05-17 14:47:00,606.4,607.35,606.35,606.6,996
2024-05-17 14:48:00,606.6,606.8,606.2,606.4,2622
2024-05-17 14:49:00,606.4,606.4,605.3,606.25,3259
2024-05-17 14:50:00,606.4,606.8,606.2,606.45,3939
2024-05-17 14:51:00,606.45,607.0,606.45,607.0,410
2024-05-17 14:52:00,607.0,607.0,606.2,606.2,2060
2024-05-17 14:53:00,606.2,606.65,606.2,606.6,950
2024-05-17 14:54:00,606.5,606.7,606.2,606.65,1576
2024-05-17 14:55:00,606.5,606.9,605.55,606.9,1948
2024-05-17 14:56:00,606.95,607.0,606.3,607.0,540
2024-05-17 14:57:00,607.0,607.55,606.5,607.55,2289
2024-05-17 14:58:00,607.6,607.85,606.6,607.6,2441
2024-05-17 14:59:00,607.6,608.1,607.35,607.5,1613
2024-05-17 15:00:00,607.65,608.2,607.55,607.95,1855
2024-05-17 15:01:00,608.0,609.35,607.55,609.05,7830
2024-05-17 15:02:00,609.05,609.25,608.05,608.55,1338
2024-05-17 15:03:00,608.35,609.4,608.35,609.4,2895
2024-05-17 15:04:00,609.4,609.4,608.1,609.05,1734
2024-05-17 15:05:00,608.7,609.4,608.45,609.0,1095
2024-05-17 15:06:00,609.3,609.95,608.8,608.8,2570
2024-05-17 15:07:00,608.8,609.6,608.35,609.15,2414
2024-05-17 15:08:00,609.15,609.9,609.1,609.55,1449
2024-05-17 15:09:00,609.55,610.55,609.2,610.0,4788
2024-05-17 15:10:00,609.65,610.0,608.45,609.2,2908
2024-05-17 15:11:00,609.25,610.15,609.25,610.15,2119
2024-05-17 15:12:00,610.2,613.0,610.15,613.0,8292
2024-05-17 15:13:00,613.35,614.75,612.95,614.05,17598
2024-05-17 15:14:00,614.05,615.0,614.05,615.0,19778
2024-05-17 15:15:00,615.05,616.0,614.2,614.25,12064
2024-05-17 15:16:00,614.25,614.95,613.85,614.4,21756
2024-05-17 15:17:00,614.45,614.6,612.9,613.35,13901
2024-05-17 15:18:00,613.0,613.0,610.85,611.0,19074
2024-05-17 15:19:00,611.0,611.0,609.0,609.95,16129
2024-05-17 15:20:00,610.0,610.15,606.85,606.85,17571
2024-05-17 15:21:00,607.0,607.5,606.3,606.95,18698
2024-05-17 15:22:00,606.95,608.95,604.65,608.0,71188
2024-05-17 15:23:00,608.0,608.7,607.95,608.3,2266
2024-05-17 15:24:00,608.3,608.3,607.95,608.25,863
2024-05-17 15:25:00,608.25,608.25,608.05,608.05,373
2024-05-17 15:26:00,608.25,610.0,607.95,609.6,6472
2024-05-17 15:27:00,610.1,610.1,608.25,609.6,1772
2024-05-17 15:28:00,609.8,610.0,609.0,609.05,3917
2024-05-17 15:29:00,609.95,610.0,608.05,608.05,3505
2024-05-18 09:15:00,614.2,616.65,610.0,614.95,3058
2024-05-18 09:16:00,614.95,614.95,613.95,614.0,1223
2024-05-18 09:17:00,614.0,614.0,611.45,611.45,1000
2024-05-18 09:18:00,612.0,614.0,612.0,613.8,2676
2024-05-18 09:19:00,613.8,614.95,612.8,614.55,1585
2024-05-18 09:20:00,614.8,614.95,612.0,613.25,2952
2024-05-18 09:21:00,613.2,614.6,613.2,613.35,650
2024-05-18 09:22:00,613.55,614.7,612.2,613.25,999
2024-05-18 09:23:00,612.55,613.85,612.5,612.5,562
2024-05-18 09:24:00,612.5,613.45,612.5,612.5,521
2024-05-18 09:25:00,612.65,614.35,612.65,614.35,1629
2024-05-18 09:26:00,614.35,614.8,613.6,613.75,284
2024-05-18 09:27:00,613.75,614.7,613.7,614.7,423
2024-05-18 09:28:00,614.7,615.0,614.0,615.0,2456
2024-05-18 09:29:00,615.0,619.0,615.0,619.0,10003
2024-05-18 09:30:00,618.35,619.2,618.0,618.0,4678
2024-05-18 09:31:00,618.0,618.0,616.55,617.25,1040
2024-05-18 09:32:00,617.25,617.85,617.05,617.75,1038
2024-05-18 09:33:00,617.15,618.5,617.1,617.95,2308
2024-05-18 09:34:00,617.95,617.95,616.2,616.2,2553
2024-05-18 09:35:00,616.2,616.45,615.9,615.9,2189
2024-05-18 09:36:00,615.9,615.9,615.0,615.45,1312
2024-05-18 09:37:00,615.45,617.95,615.45,617.95,2885
2024-05-18 09:38:00,617.95,619.9,617.15,619.9,9264
2024-05-18 09:39:00,619.25,620.5,619.25,620.0,19700
2024-05-18 09:40:00,620.0,620.0,618.85,619.0,1420
2024-05-18 09:41:00,619.0,620.0,619.0,620.0,4627
2024-05-18 09:42:00,619.5,620.0,619.0,620.0,5503
2024-05-18 09:43:00,619.95,620.0,618.85,619.45,3644
2024-05-18 09:44:00,619.45,620.0,618.85,620.0,2828
2024-05-18 09:45:00,619.9,620.5,619.45,619.5,3589
2024-05-18 09:46:00,619.5,619.95,618.85,618.85,1053
2024-05-18 09:47:00,618.85,619.0,618.0,618.0,3015
2024-05-18 09:48:00,618.0,619.0,617.0,618.5,4006
2024-05-18 09:49:00,619.0,619.6,618.7,619.6,1823
2024-05-18 09:50:00,619.25,619.5,619.0,619.5,1388
2024-05-18 09:51:00,619.5,619.5,619.0,619.0,615
2024-05-18 09:52:00,619.0,619.5,619.0,619.0,465
2024-05-18 09:53:00,619.0,619.6,619.0,619.45,2258
2024-05-18 09:54:00,619.45,619.6,619.0,619.1,917
2024-05-18 09:55:00,619.1,620.0,619.0,620.0,1448
2024-05-18 09:56:00,620.0,620.0,619.0,619.5,3043
2024-05-18 09:57:00,619.0,620.0,619.0,619.75,5173
2024-05-18 09:58:00,620.0,621.0,620.0,621.0,10530
2024-05-18 09:59:00,621.0,621.45,620.95,621.0,5001
2024-05-18 11:30:00,620.5,623.5,619.9,619.9,12660
2024-05-18 11:31:00,619.9,622.0,619.5,620.15,1787
2024-05-18 11:32:00,620.15,622.0,619.2,621.7,1552
2024-05-18 11:33:00,621.7,622.5,621.0,622.0,3376
2024-05-18 11:34:00,622.5,623.0,621.1,622.95,2459
2024-05-18 11:35:00,623.0,623.7,622.05,623.7,7391
2024-05-18 11:36:00,623.5,624.2,623.5,624.0,7409
2024-05-18 11:37:00,624.0,624.2,623.45,624.0,3558
2024-05-18 11:38:00,624.0,624.2,622.9,622.9,3956
2024-05-18 11:39:00,623.95,624.5,622.9,624.5,7382
2024-05-18 11:40:00,624.5,625.0,624.45,625.0,8450
2024-05-18 11:41:00,625.0,625.0,624.7,625.0,7846
2024-05-18 11:42:00,624.95,625.5,624.9,625.5,6987
2024-05-18 11:43:00,625.5,625.5,624.25,624.25,10859
2024-05-18 11:44:00,624.25,626.0,624.25,626.0,14536
2024-05-18 11:45:00,625.95,626.4,625.0,626.0,7412
2024-05-18 11:46:00,625.95,627.65,625.95,627.05,8905
2024-05-18 11:47:00,627.0,627.9,627.0,627.9,4915
2024-05-18 11:48:00,627.65,628.0,627.65,627.9,8828
2024-05-18 11:49:00,627.9,628.35,626.4,628.0,14730
2024-05-18 11:50:00,627.75,627.75,625.85,626.85,5802
2024-05-18 11:51:00,626.85,627.0,625.15,625.6,2320
2024-05-18 11:52:00,625.6,625.7,625.1,625.55,5169
2024-05-18 11:53:00,625.55,626.7,625.0,626.0,7066
2024-05-18 11:54:00,626.65,626.65,625.1,625.95,4056
2024-05-18 11:55:00,625.95,626.0,625.5,625.5,2417
2024-05-18 11:56:00,625.5,625.5,625.1,625.1,1870
2024-05-18 11:57:00,625.1,625.5,625.0,625.15,20525
2024-05-18 11:58:00,625.0,625.5,625.0,625.0,2095
2024-05-18 11:59:00,625.0,625.5,625.0,625.0,2521
2024-05-18 12:00:00,625.0,625.5,625.0,625.05,814
2024-05-18 12:01:00,625.05,626.0,625.05,625.5,698
2024-05-18 12:02:00,625.5,626.0,625.1,625.1,2271
2024-05-18 12:03:00,625.1,626.65,625.05,626.65,2605
2024-05-18 12:04:00,626.0,627.5,626.0,627.5,2853
2024-05-18 12:05:00,627.5,628.7,627.45,628.0,3710
2024-05-18 12:06:00,627.65,628.85,627.65,628.0,2573
2024-05-18 12:07:00,628.75,629.4,627.5,629.0,7033
2024-05-18 12:08:00,629.0,629.4,628.25,628.25,2132
2024-05-18 12:09:00,628.25,629.5,627.45,627.8,10248
2024-05-18 12:10:00,627.8,629.0,627.45,628.25,2700
2024-05-18 12:11:00,628.25,630.0,628.25,630.0,5800
2024-05-18 12:12:00,630.0,630.0,629.7,629.7,7744
2024-05-18 12:13:00,629.7,630.0,629.5,630.0,2068
2024-05-18 12:14:00,630.0,630.0,629.5,630.0,4654
2024-05-18 12:15:00,629.9,631.9,629.9,631.8,10339
2024-05-18 12:16:00,631.8,631.8,630.0,630.35,6477
2024-05-18 12:17:00,630.35,631.75,630.25,630.25,1174
2024-05-18 12:18:00,630.25,631.0,630.0,630.8,9888
2024-05-18 12:19:00,630.2,631.25,630.0,630.0,2055
2024-05-18 12:20:00,630.0,630.5,629.0,629.75,6211
2024-05-18 12:21:00,629.75,629.75,628.0,628.0,2164
2024-05-18 12:22:00,628.0,628.95,625.5,625.5,2727
2024-05-18 12:23:00,625.9,628.7,625.9,627.85,3540
2024-05-18 12:24:00,627.85,628.55,627.0,627.3,1008
2024-05-18 12:25:00,627.3,628.0,627.0,627.05,1390
2024-05-18 12:26:00,627.05,627.5,626.3,626.55,1139
2024-05-18 12:27:00,626.55,629.6,626.45,629.0,2865
2024-05-18 12:28:00,629.0,629.0,626.8,628.45,2712
2024-05-18 12:29:00,628.45,628.75,627.05,628.0,4018
2024-05-21 09:15:00,631.0,631.0,614.75,616.1,24726
2024-05-21 09:16:00,616.9,617.45,613.05,613.25,24566
2024-05-21 09:17:00,613.8,615.0,612.95,612.95,11470
2024-05-21 09:18:00,613.75,613.75,606.05,609.6,15130
2024-05-21 09:19:00,610.65,615.8,609.55,615.15,13629
2024-05-21 09:20:00,614.5,616.7,614.25,616.6,16447
2024-05-21 09:21:00,616.0,618.0,615.8,617.8,11169
2024-05-21 09:22:00,617.1,619.45,617.0,618.85,6971
2024-05-21 09:23:00,618.9,619.6,617.7,618.15,7106
2024-05-21 09:24:00,618.05,618.3,616.7,617.4,2949
2024-05-21 09:25:00,616.0,616.0,612.6,613.5,16555
2024-05-21 09:26:00,613.5,615.35,611.1,614.65,8883
2024-05-21 09:27:00,614.75,615.5,613.6,614.0,3395
2024-05-21 09:28:00,613.75,614.1,613.3,613.95,2298
2024-05-21 09:29:00,613.95,615.15,613.5,614.95,5616
2024-05-21 09:30:00,614.55,617.65,614.5,616.65,3540
2024-05-21 09:31:00,616.0,616.3,614.75,615.05,3781
2024-05-21 09:32:00,615.05,618.45,614.75,618.45,4748
2024-05-21 09:33:00,618.05,620.0,617.95,619.05,11225
2024-05-21 09:34:00,619.75,621.05,619.05,621.0,9316
2024-05-21 09:35:00,620.4,621.0,618.05,618.05,5477
2024-05-21 09:36:00,618.7,620.8,616.6,620.15,14589
2024-05-21 09:37:00,620.15,625.95,620.05,625.65,26701
2024-05-21 09:38:00,625.1,625.1,620.1,621.05,30100
2024-05-21 09:39:00,621.05,622.95,620.1,622.4,8055
2024-05-21 09:40:00,622.4,623.2,622.0,622.95,4475
2024-05-21 09:41:00,622.5,624.0,622.5,624.0,3037
2024-05-21 09:42:00,623.15,624.0,622.5,623.1,6715
2024-05-21 09:43:00,623.1,624.0,622.5,622.5,3158
2024-05-21 09:44:00,622.5,623.4,622.5,623.0,2071
2024-05-21 09:45:00,623.0,623.5,622.5,622.5,3014
2024-05-21 09:46:00,622.5,623.0,620.85,621.8,3827
2024-05-21 09:47:00,621.85,622.45,621.05,621.15,1853
2024-05-21 09:48:00,621.15,623.0,620.8,621.6,5550
2024-05-21 09:49:00,621.6,622.0,621.2,621.2,1143
2024-05-21 09:50:00,621.2,621.75,618.0,618.9,10075
2024-05-21 09:51:00,618.45,619.95,618.35,618.55,1937
2024-05-21 09:52:00,618.5,618.7,618.0,618.4,956
2024-05-21 09:53:00,618.55,619.25,617.3,617.3,2396
2024-05-21 09:54:00,617.3,617.55,617.3,617.4,1501
2024-05-21 09:55:00,617.35,617.6,616.8,616.8,4158
2024-05-21 09:56:00,616.8,617.2,616.8,617.15,563
2024-05-21 09:57:00,616.8,617.75,616.8,617.1,1304
2024-05-21 09:58:00,617.1,617.95,617.1,617.8,253
2024-05-21 09:59:00,617.3,618.0,617.0,617.4,1428
2024-05-21 10:00:00,617.4,618.0,617.4,617.5,595
2024-05-21 10:01:00,618.0,618.0,617.0,617.0,578
2024-05-21 10:02:00,617.1,618.0,617.0,617.4,2501
2024-05-21 10:03:00,617.45,617.95,617.1,617.75,919
2024-05-21 10:04:00,617.25,617.9,616.9,616.9,906
2024-05-21 10:05:00,616.9,617.3,616.3,616.3,5713
2024-05-21 10:06:00,616.15,616.25,615.8,616.0,4484
2024-05-21 10:07:00,615.8,616.0,615.8,615.8,616
2024-05-21 10:08:00,616.0,617.8,615.8,616.55,4447
2024-05-21 10:09:00,616.55,617.35,616.5,617.25,183
2024-05-21 10:10:00,617.0,617.25,616.0,616.0,2677
2024-05-21 10:11:00,616.0,616.25,615.45,615.6,1277
2024-05-21 10:12:00,615.5,616.4,615.45,616.3,1576
2024-05-21 10:13:00,616.0,616.55,616.0,616.5,547
2024-05-21 10:14:00,616.05,616.6,615.75,616.25,998
2024-05-21 10:15:00,615.85,616.9,615.85,616.05,1219
2024-05-21 10:16:00,616.05,616.5,615.45,615.45,2419
2024-05-21 10:17:00,615.45,616.3,614.6,615.0,6937
2024-05-21 10:18:00,614.7,615.35,614.7,615.3,549
2024-05-21 10:19:00,614.9,615.75,614.9,615.5,391
2024-05-21 10:20:00,615.0,615.5,614.8,614.85,688
2024-05-21 10:21:00,614.8,615.55,614.7,615.55,559
2024-05-21 10:22:00,615.5,615.7,614.85,615.05,480
2024-05-21 10:23:00,615.05,616.05,615.0,615.0,990
2024-05-21 10:24:00,615.0,616.0,614.95,615.3,2486
2024-05-21 10:25:00,615.0,616.05,615.0,615.5,4635
2024-05-21 10:26:00,615.5,616.65,615.5,616.0,826
2024-05-21 10:27:00,616.3,616.3,615.65,615.65,529
2024-05-21 10:28:00,615.7,616.3,615.6,615.8,85
2024-05-21 10:29:00,615.8,615.8,615.65,615.75,393
2024-05-21 10:30:00,615.75,616.0,614.85,615.05,6488
2024-05-21 10:31:00,615.05,616.0,615.0,616.0,609
2024-05-21 10:32:00,615.25,616.0,614.5,614.5,2385
2024-05-21 10:33:00,614.8,615.3,614.5,615.2,738
2024-05-21 10:34:00,614.75,615.3,614.75,615.0,276
2024-05-21 10:35:00,615.0,615.0,614.5,614.5,862
2024-05-21 10:36:00,614.5,615.0,614.5,615.0,514
2024-05-21 10:37:00,614.5,615.15,614.2,615.15,2595
2024-05-21 10:38:00,615.0,616.65,614.75,615.95,7213
2024-05-21 10:39:00,615.6,616.9,615.45,616.7,815
2024-05-21 10:40:00,616.1,616.85,616.0,616.75,772
2024-05-21 10:41:00,616.15,616.8,616.15,616.2,1059
2024-05-21 10:42:00,616.1,616.2,615.25,615.85,5424
2024-05-21 10:43:00,615.25,616.45,615.25,616.45,665
2024-05-21 10:44:00,615.9,616.5,615.65,615.7,335
2024-05-21 10:45:00,615.95,616.95,615.25,616.95,176398
2024-05-21 10:46:00,616.25,616.25,615.25,616.0,1700
2024-05-21 10:47:00,615.3,616.0,615.25,616.0,1504
2024-05-21 10:48:00,615.5,616.0,615.2,615.55,2083
2024-05-21 10:49:00,615.6,616.0,615.6,616.0,1358
2024-05-21 10:50:00,615.85,616.0,615.7,616.0,1429
2024-05-21 10:51:00,615.7,616.95,615.7,616.95,2778
2024-05-21 10:52:00,616.5,617.5,616.5,616.7,2689
2024-05-21 10:53:00,616.7,619.6,616.7,619.5,8318
2024-05-21 10:54:00,619.5,620.0,617.05,617.05,15543
2024-05-21 10:55:00,616.0,616.0,615.05,616.0,16012
2024-05-21 10:56:00,615.6,616.1,615.55,616.0,2057
2024-05-21 10:57:00,615.6,616.25,615.6,616.0,2300
2024-05-21 10:58:00,615.9,616.0,615.65,616.0,1338
2024-05-21 10:59:00,615.65,616.0,615.65,616.0,1331
2024-05-21 11:00:00,615.65,616.0,615.65,616.0,1558
2024-05-21 11:01:00,615.75,616.95,615.65,616.75,1735
2024-05-21 11:02:00,616.05,620.0,616.0,618.75,61157
2024-05-21 11:03:00,618.75,619.55,618.55,618.85,686
2024-05-21 11:04:00,618.6,619.05,618.1,619.0,1249
2024-05-21 11:05:00,618.55,619.35,618.1,619.25,840
2024-05-21 11:06:00,618.65,619.65,618.1,619.65,535
2024-05-21 11:07:00,619.5,620.0,619.25,619.35,2564
2024-05-21 11:08:00,619.35,619.95,619.35,619.95,1727
2024-05-21 11:09:00,619.95,619.95,619.55,619.7,1052
2024-05-21 11:10:00,619.5,619.9,619.5,619.9,873
2024-05-21 11:11:00,619.35,619.9,619.25,619.25,348
2024-05-21 11:12:00,619.2,619.35,618.05,619.35,2563
2024-05-21 11:13:00,618.65,619.35,618.65,619.2,367
2024-05-21 11:14:00,618.9,619.35,618.6,618.6,829
2024-05-21 11:15:00,618.6,619.3,618.55,618.6,1306
2024-05-21 11:16:00,618.6,619.2,618.5,618.6,187
2024-05-21 11:17:00,618.5,618.8,618.5,618.5,655
2024-05-21 11:18:00,618.3,618.3,618.0,618.3,517
2024-05-21 11:19:00,618.0,618.0,617.7,617.7,460
2024-05-21 11:20:00,617.7,618.0,617.4,617.6,326
2024-05-21 11:21:00,617.6,618.0,617.2,617.25,624
2024-05-21 11:22:00,617.25,617.75,617.2,617.2,170
2024-05-21 11:23:00,617.2,617.95,617.2,617.95,273
2024-05-21 11:24:00,617.5,618.75,617.5,618.6,1529
2024-05-21 11:25:00,618.6,619.0,618.0,619.0,1325
2024-05-21 11:26:00,618.65,619.35,618.6,619.0,532
2024-05-21 11:27:00,619.0,619.15,619.0,619.15,172
2024-05-21 11:28:00,619.05,619.3,619.0,619.3,1548
2024-05-21 11:29:00,619.0,619.55,619.0,619.15,527
2024-05-21 11:30:00,619.15,619.65,619.0,619.0,157
2024-05-21 11:31:00,619.0,619.45,618.75,619.45,373
2024-05-21 11:32:00,618.6,619.55,618.6,619.55,218
2024-05-21 11:33:00,619.05,619.55,619.05,619.35,491
2024-05-21 11:34:00,619.2,619.35,619.0,619.3,192
2024-05-21 11:35:00,618.95,619.3,618.95,619.3,175
2024-05-21 11:36:00,618.95,619.15,618.5,618.5,566
2024-05-21 11:37:00,618.5,619.1,618.05,619.1,1398
2024-05-21 11:38:00,618.75,619.25,618.15,618.8,383
2024-05-21 11:39:00,618.2,618.8,618.0,618.4,455
2024-05-21 11:40:00,618.4,618.7,618.0,618.0,788
2024-05-21 11:41:00,617.8,617.8,616.0,617.0,6248
2024-05-21 11:42:00,616.9,617.65,616.0,617.1,1074
2024-05-21 11:43:00,617.1,617.35,616.35,616.75,232
2024-05-21 11:44:00,616.4,616.85,616.3,616.85,204
2024-05-21 11:45:00,616.3,616.8,616.0,616.8,2582
2024-05-21 11:46:00,616.4,617.75,616.4,617.75,79
2024-05-21 11:47:00,617.6,618.45,617.45,618.05,2796
2024-05-21 11:48:00,617.55,618.25,617.45,617.45,585
2024-05-21 11:49:00,617.75,618.0,616.0,616.45,6276
2024-05-21 11:50:00,616.3,617.0,616.3,617.0,789
2024-05-21 11:51:00,616.5,617.0,616.0,616.35,432
2024-05-21 11:52:00,616.0,616.5,616.0,616.1,453
2024-05-21 11:53:00,616.1,616.5,616.0,616.15,881
2024-05-21 11:54:00,616.1,616.5,616.05,616.1,182
2024-05-21 11:55:00,616.1,616.5,616.1,616.15,351
2024-05-21 11:56:00,616.15,617.0,616.15,616.6,308
2024-05-21 11:57:00,616.6,617.1,616.1,616.1,3824
2024-05-21 11:58:00,616.1,616.9,616.1,616.45,389
2024-05-21 11:59:00,616.45,616.7,616.1,616.1,275
2024-05-21 12:00:00,616.15,616.7,616.15,616.7,274
2024-05-21 12:01:00,616.7,617.5,616.7,617.5,412
2024-05-21 12:02:00,617.1,617.5,616.2,616.2,959
2024-05-21 12:03:00,616.2,617.45,616.2,617.05,2525
2024-05-21 12:04:00,617.05,617.5,617.0,617.1,284
2024-05-21 12:05:00,617.1,617.5,617.0,617.0,430
2024-05-21 12:06:00,617.2,617.5,617.0,617.45,502
2024-05-21 12:07:00,617.05,617.5,617.05,617.5,728
2024-05-21 12:08:00,617.1,617.85,617.1,617.8,1337
2024-05-21 12:09:00,617.25,618.0,617.25,617.5,999
2024-05-21 12:10:00,617.5,617.75,617.25,617.75,1075
2024-05-21 12:11:00,617.75,617.95,617.35,617.5,416
2024-05-21 12:12:00,617.5,617.95,617.4,617.7,583
2024-05-21 12:13:00,617.7,617.95,617.4,617.5,131
2024-05-21 12:14:00,617.4,617.5,617.15,617.15,164
2024-05-21 12:15:00,617.2,617.85,617.2,617.85,838
2024-05-21 12:16:00,617.35,618.0,617.2,617.2,545
2024-05-21 12:17:00,617.2,617.45,617.1,617.15,1226
2024-05-21 12:18:00,617.15,617.5,617.0,617.05,3509
2024-05-21 12:19:00,617.05,617.75,617.0,617.05,5593
2024-05-21 12:20:00,617.05,617.2,616.0,616.55,8559
2024-05-21 12:21:00,616.55,616.55,616.05,616.05,2916
2024-05-21 12:22:00,616.05,616.35,616.05,616.05,25
2024-05-21 12:23:00,616.05,616.35,616.0,616.0,786
2024-05-21 12:24:00,616.0,616.0,615.05,616.0,3892
2024-05-21 12:25:00,616.0,616.3,616.0,616.3,439
2024-05-21 12:26:00,616.0,616.3,616.0,616.0,201
2024-05-21 12:27:00,616.0,616.0,616.0,616.0,148
2024-05-21 12:28:00,616.0,616.4,616.0,616.3,5389
2024-05-21 12:29:00,616.05,616.35,616.0,616.35,1776
2024-05-21 12:30:00,616.1,616.75,616.1,616.6,390
2024-05-21 12:31:00,616.25,617.2,616.25,617.2,5441
2024-05-21 12:32:00,616.85,617.85,616.85,617.15,1058
2024-05-21 12:33:00,617.15,618.25,616.9,618.25,1004
2024-05-21 12:34:00,618.3,618.7,617.2,618.0,2968
2024-05-21 12:35:00,617.45,618.15,617.35,617.7,304
2024-05-21 12:36:00,618.0,618.45,617.3,617.95,1309
2024-05-21 12:37:00,617.65,618.0,617.45,617.95,73
2024-05-21 12:38:00,617.5,618.0,617.4,617.85,308
2024-05-21 12:39:00,617.4,618.0,617.05,618.0,1316
2024-05-21 12:40:00,618.0,618.0,617.05,617.7,872
2024-05-21 12:41:00,617.4,618.1,617.35,618.1,426
2024-05-21 12:42:00,617.9,618.1,615.9,617.8,19462
2024-05-21 12:43:00,617.8,618.7,617.8,618.25,330
2024-05-21 12:44:00,618.0,619.0,618.0,618.75,267
2024-05-21 12:45:00,618.3,618.75,617.2,617.9,1270
2024-05-21 12:46:00,617.45,618.0,617.4,617.8,79
2024-05-21 12:47:00,617.4,618.0,617.4,617.5,269
2024-05-21 12:48:00,617.5,617.8,616.55,617.45,710
2024-05-21 12:49:00,616.9,617.5,616.85,617.15,156
2024-05-21 12:50:00,616.65,617.15,616.3,616.95,233
2024-05-21 12:51:00,616.3,617.5,616.3,617.5,1218
2024-05-21 12:52:00,616.9,617.5,616.7,617.15,234
2024-05-21 12:53:00,616.5,617.8,616.5,617.8,681
2024-05-21 12:54:00,617.45,617.45,616.4,616.8,1486
2024-05-21 12:55:00,616.35,616.9,616.35,616.9,112
2024-05-21 12:56:00,616.5,616.95,616.5,616.8,164
2024-05-21 12:57:00,616.8,616.9,616.8,616.85,127
2024-05-21 12:58:00,616.85,616.85,616.5,616.8,59
2024-05-21 12:59:00,616.5,617.0,616.5,617.0,1036
2024-05-21 13:00:00,617.0,617.0,616.4,617.0,692
2024-05-21 13:01:00,616.55,617.0,616.3,616.8,525
2024-05-21 13:02:00,616.2,616.7,616.0,616.6,727
2024-05-21 13:03:00,616.6,616.6,615.5,615.9,9934
2024-05-21 13:04:00,615.55,616.0,615.55,615.95,2586
2024-05-21 13:05:00,615.55,616.0,615.25,615.9,3759
2024-05-21 13:06:00,615.3,616.05,615.3,616.0,2801
2024-05-21 13:07:00,616.0,616.0,615.6,615.85,7380
2024-05-21 13:08:00,615.6,616.0,615.5,616.0,1761
2024-05-21 13:09:00,615.8,616.0,615.65,616.0,1562
2024-05-21 13:10:00,615.5,616.0,615.5,616.0,1396
2024-05-21 13:11:00,615.75,616.0,615.5,615.95,9376
2024-05-21 13:12:00,615.5,616.0,615.5,616.0,4650
2024-05-21 13:13:00,615.9,616.0,615.85,615.95,6125
2024-05-21 13:14:00,615.6,616.0,615.6,616.0,1263
2024-05-21 13:15:00,615.6,616.0,615.6,615.95,4224
2024-05-21 13:16:00,615.75,618.55,615.75,618.05,5399
2024-05-21 13:17:00,617.4,618.05,616.2,616.2,609
2024-05-21 13:18:00,616.85,616.85,615.75,616.0,5228
2024-05-21 13:19:00,615.95,616.0,615.95,616.0,1573
2024-05-21 13:20:00,616.0,616.0,615.9,615.9,1540
2024-05-21 13:21:00,615.9,616.0,615.75,616.0,2006
2024-05-21 13:22:00,615.75,616.0,615.75,616.0,1281
2024-05-21 13:23:00,615.75,616.0,615.75,616.0,1756
2024-05-21 13:24:00,615.75,616.0,615.75,616.0,1973
2024-05-21 13:25:00,615.8,616.0,615.8,615.95,1253
2024-05-21 13:26:00,615.8,616.0,615.8,616.0,1577
2024-05-21 13:27:00,615.8,616.0,615.8,616.0,1830
2024-05-21 13:28:00,615.85,616.0,615.75,616.0,1985
2024-05-21 13:29:00,615.75,616.0,615.75,616.0,1439
2024-05-21 13:30:00,615.9,616.0,615.85,616.0,8614
2024-05-21 13:31:00,615.85,616.0,615.85,616.0,2368
2024-05-21 13:32:00,615.8,616.05,615.8,616.0,2354
2024-05-21 13:33:00,615.8,616.15,615.8,616.0,1807
2024-05-21 13:34:00,615.85,616.0,615.8,615.9,2385
2024-05-21 13:35:00,615.9,616.0,615.8,616.0,1736
2024-05-21 13:36:00,615.75,616.0,615.6,615.75,5717
2024-05-21 13:37:00,615.5,615.75,615.15,615.45,2086
2024-05-21 13:38:00,615.05,615.5,615.05,615.05,1201
2024-05-21 13:39:00,615.1,616.0,615.1,616.0,1577
2024-05-21 13:40:00,615.6,616.0,615.6,616.0,1223
2024-05-21 13:41:00,616.0,616.0,615.0,615.75,3973
2024-05-21 13:42:00,615.05,615.95,615.05,615.95,1570
2024-05-21 13:43:00,615.5,616.0,615.4,616.0,3707
2024-05-21 13:44:00,616.0,616.0,615.45,616.0,1441
2024-05-21 13:45:00,615.3,616.0,615.3,616.0,1369
2024-05-21 13:46:00,615.6,616.0,615.55,616.0,1161
2024-05-21 13:47:00,615.8,616.0,615.5,616.0,1115
2024-05-21 13:48:00,615.5,616.0,615.5,615.95,1203
2024-05-21 13:49:00,615.5,616.0,615.5,616.0,1535
2024-05-21 13:50:00,615.6,616.0,615.6,616.0,1462
2024-05-21 13:51:00,615.65,616.0,615.5,616.0,1383
2024-05-21 13:52:00,615.5,616.0,615.5,616.0,1591
2024-05-21 13:53:00,616.0,616.0,615.75,616.0,1472
2024-05-21 13:54:00,615.9,617.9,615.9,617.6,3357
2024-05-21 13:55:00,617.0,617.0,616.0,616.7,583
2024-05-21 13:56:00,616.1,617.5,616.0,617.5,685
2024-05-21 13:57:00,616.85,617.5,616.35,616.9,294
2024-05-21 13:58:00,616.35,617.0,616.0,617.0,1265
2024-05-21 13:59:00,616.45,617.0,616.2,616.75,303
2024-05-21 14:00:00,616.2,616.95,616.2,616.9,140
2024-05-21 14:01:00,616.3,616.95,616.2,616.8,1227
2024-05-21 14:02:00,616.2,616.85,616.2,616.85,475
2024-05-21 14:03:00,616.25,616.9,616.0,616.65,975
2024-05-21 14:04:00,616.35,616.65,616.15,616.55,165
2024-05-21 14:05:00,616.35,616.65,616.0,616.55,888
2024-05-21 14:06:00,616.05,616.55,616.05,616.55,169
2024-05-21 14:07:00,616.5,617.0,616.5,616.95,1624
2024-05-21 14:08:00,616.55,616.8,615.5,616.15,4050
2024-05-21 14:09:00,615.75,616.6,615.75,616.5,3329
2024-05-21 14:10:00,615.9,616.9,615.9,616.8,1595
2024-05-21 14:11:00,616.2,616.8,616.2,616.8,120
2024-05-21 14:12:00,616.2,616.8,616.0,616.65,918
2024-05-21 14:13:00,616.0,616.7,616.0,616.1,2990
2024-05-21 14:14:00,616.65,616.65,616.15,616.45,227
2024-05-21 14:15:00,616.1,616.5,616.0,616.4,1223
2024-05-21 14:16:00,616.05,616.5,616.05,616.5,249
2024-05-21 14:17:00,616.1,616.7,616.1,616.7,290
2024-05-21 14:18:00,616.55,616.7,615.8,616.5,6743
2024-05-21 14:19:00,616.1,616.7,616.1,616.7,69
2024-05-21 14:20:00,616.1,616.65,616.1,616.65,91
2024-05-21 14:21:00,616.65,616.65,615.6,615.7,4239
2024-05-21 14:22:00,615.65,616.0,615.65,616.0,2343
2024-05-21 14:23:00,616.0,616.0,615.6,616.0,1971
2024-05-21 14:24:00,615.9,616.0,615.9,616.0,2318
2024-05-21 14:25:00,615.9,616.0,615.9,616.0,1429
2024-05-21 14:26:00,615.6,616.0,615.6,615.95,2068
2024-05-21 14:27:00,615.6,616.15,615.6,616.0,3172
2024-05-21 14:28:00,615.95,616.0,615.95,616.0,3500
2024-05-21 14:29:00,615.95,616.0,615.75,616.0,2180
2024-05-21 14:30:00,616.0,616.0,615.7,616.0,2157
2024-05-21 14:31:00,616.0,616.0,615.5,615.95,2642
2024-05-21 14:32:00,616.0,616.0,615.6,615.6,1832
2024-05-21 14:33:00,616.0,616.0,615.6,616.0,2343
2024-05-21 14:34:00,615.9,616.0,615.3,616.0,1971
2024-05-21 14:35:00,616.0,616.0,615.55,616.0,2639
2024-05-21 14:36:00,616.0,616.0,615.6,616.0,1584
2024-05-21 14:37:00,616.0,616.0,615.5,616.0,1830
2024-05-21 14:38:00,615.0,615.0,614.15,614.7,14122
2024-05-21 14:39:00,614.7,615.0,614.1,615.0,2261
2024-05-21 14:40:00,615.0,615.0,614.25,614.7,2377
2024-05-21 14:41:00,614.3,614.85,614.3,614.4,2393
2024-05-21 14:42:00,614.8,614.95,614.3,614.9,2597
2024-05-21 14:43:00,614.9,615.0,614.2,614.25,2688
2024-05-21 14:44:00,614.25,614.25,614.0,614.2,5664
2024-05-21 14:45:00,614.25,614.55,613.55,614.25,3480
2024-05-21 14:46:00,614.3,614.3,613.55,614.0,2181
2024-05-21 14:47:00,614.0,614.2,613.05,613.05,3564
2024-05-21 14:48:00,613.05,615.0,613.05,614.0,5836
2024-05-21 14:49:00,614.85,615.0,614.25,615.0,3674
2024-05-21 14:50:00,615.0,615.0,614.5,615.0,3401
2024-05-21 14:51:00,615.0,615.0,614.55,615.0,3566
2024-05-21 14:52:00,615.0,615.95,614.75,615.9,7004
2024-05-21 14:53:00,615.9,616.7,615.7,616.65,2449
2024-05-21 14:54:00,616.1,616.95,615.5,615.85,23234
2024-05-21 14:55:00,615.5,615.65,615.15,615.6,3859
2024-05-21 14:56:00,615.6,616.0,615.05,616.0,3448
2024-05-21 14:57:00,616.0,616.0,615.5,616.0,2624
2024-05-21 14:58:00,616.0,616.0,615.5,615.9,5076
2024-05-21 14:59:00,615.5,615.95,615.0,615.55,3441
2024-05-21 15:00:00,615.55,615.7,615.0,615.55,2729
2024-05-21 15:01:00,615.7,615.7,614.9,614.95,4719
2024-05-21 15:02:00,614.75,615.9,614.75,615.0,5544
2024-05-21 15:03:00,614.6,615.0,614.5,615.0,3055
2024-05-21 15:04:00,615.0,615.0,614.1,614.55,3846
2024-05-21 15:05:00,614.3,614.85,614.0,614.25,2718
2024-05-21 15:06:00,614.55,614.95,614.2,614.25,2332
2024-05-21 15:07:00,614.25,614.8,614.0,614.65,2629
2024-05-21 15:08:00,614.65,614.85,614.05,614.5,1970
2024-05-21 15:09:00,614.5,614.6,613.1,613.25,3721
2024-05-21 15:10:00,613.7,613.7,611.25,611.85,12992
2024-05-21 15:11:00,612.0,612.0,611.45,611.9,4232
2024-05-21 15:12:00,611.75,611.95,609.1,609.1,12711
2024-05-21 15:13:00,609.1,609.8,608.7,609.0,7577
2024-05-21 15:14:00,608.7,609.7,608.5,609.7,8439
2024-05-21 15:15:00,609.4,609.7,608.7,608.7,5229
2024-05-21 15:16:00,608.7,608.95,608.2,608.75,4274
2024-05-21 15:17:00,608.45,608.75,607.65,607.65,5300
2024-05-21 15:18:00,607.7,608.7,607.25,608.5,8693
2024-05-21 15:19:00,608.7,608.7,608.0,608.05,4254
2024-05-21 15:20:00,608.45,608.85,608.0,608.35,3227
2024-05-21 15:21:00,608.7,609.7,608.3,609.7,5448
2024-05-21 15:22:00,609.3,610.0,609.3,609.9,4808
2024-05-21 15:23:00,609.9,609.9,607.25,608.2,15272
2024-05-21 15:24:00,608.45,608.75,607.55,607.6,4431
2024-05-21 15:25:00,607.65,608.1,607.6,607.9,2848
2024-05-21 15:26:00,607.85,608.1,607.3,608.05,4169
2024-05-21 15:27:00,608.05,609.5,607.95,609.0,3607
2024-05-21 15:28:00,608.75,609.2,608.25,608.7,1341
2024-05-21 15:29:00,608.4,608.5,607.1,607.15,8425
2024-05-22 09:15:00,615.0,615.0,610.35,614.4,12140
2024-05-22 09:16:00,614.5,614.5,611.05,611.9,5725
2024-05-22 09:17:00,611.9,614.0,611.35,614.0,2292
2024-05-22 09:18:00,613.55,614.25,612.85,614.25,7746
2024-05-22 09:19:00,614.35,614.95,614.15,614.95,750
2024-05-22 09:20:00,614.2,615.0,612.0,612.5,3769
2024-05-22 09:21:00,612.5,612.5,609.05,610.3,7593
2024-05-22 09:22:00,611.3,611.3,608.1,608.1,2664
2024-05-22 09:23:00,608.0,609.9,607.7,609.25,3284
2024-05-22 09:24:00,609.2,610.0,608.05,609.05,4881
2024-05-22 09:25:00,609.05,610.0,607.1,607.15,6498
2024-05-22 09:26:00,607.95,609.0,605.5,605.5,6434
2024-05-22 09:27:00,606.25,607.0,604.05,606.95,6727
2024-05-22 09:28:00,607.15,607.9,605.05,605.9,6928
2024-05-22 09:29:00,606.1,606.1,604.65,604.65,1397
2024-05-22 09:30:00,604.55,605.15,603.05,603.95,4564
2024-05-22 09:31:00,603.15,604.0,603.0,603.55,4088
2024-05-22 09:32:00,603.55,604.65,601.55,603.2,9663
2024-05-22 09:33:00,603.0,603.05,602.0,603.05,4082
2024-05-22 09:34:00,602.4,603.1,600.3,601.0,5590
2024-05-22 09:35:00,601.0,601.3,596.0,596.55,13449
2024-05-22 09:36:00,595.6,600.3,595.25,600.3,10678
2024-05-22 09:37:00,600.3,602.85,600.0,602.85,8655
2024-05-22 09:38:00,603.2,603.9,601.0,602.0,7344
2024-05-22 09:39:00,602.0,602.0,599.4,600.05,4555
2024-05-22 09:40:00,600.0,600.3,598.8,599.05,5344
2024-05-22 09:41:00,598.8,599.85,597.15,597.15,3690
2024-05-22 09:42:00,597.9,598.8,597.0,598.3,1711
2024-05-22 09:43:00,598.05,598.1,592.35,592.35,6522
2024-05-22 09:44:00,592.35,597.15,592.35,597.15,6228
2024-05-22 09:45:00,597.25,597.25,594.8,595.55,3338
2024-05-22 09:46:00,595.2,596.6,594.1,596.5,6603
2024-05-22 09:47:00,597.25,597.85,595.8,597.3,1228
2024-05-22 09:48:00,597.6,598.25,597.05,597.05,612
2024-05-22 09:49:00,597.55,599.0,595.85,599.0,2641
2024-05-22 09:50:00,599.0,599.0,596.75,596.75,897
2024-05-22 09:51:00,596.5,597.35,595.5,596.05,3549
2024-05-22 09:52:00,596.0,596.05,594.0,594.0,10818
2024-05-22 09:53:00,594.45,596.2,594.05,594.9,4565
2024-05-22 09:54:00,594.7,596.2,594.7,595.15,2656
2024-05-22 09:55:00,595.0,596.05,594.6,596.05,1781
2024-05-22 09:56:00,596.1,597.8,595.4,597.65,3498
2024-05-22 09:57:00,596.85,598.75,596.85,597.9,11059
2024-05-22 09:58:00,597.5,598.35,597.45,597.6,1609
2024-05-22 09:59:00,597.6,597.6,596.6,597.2,1485
2024-05-22 10:00:00,597.2,597.55,596.35,597.05,1534
2024-05-22 10:01:00,597.1,597.65,596.55,597.5,2424
2024-05-22 10:02:00,597.5,597.5,595.7,596.8,2296
2024-05-22 10:03:00,596.2,597.65,596.2,597.0,1491
2024-05-22 10:04:00,596.6,597.4,596.55,597.4,969
2024-05-22 10:05:00,597.4,597.5,597.0,597.5,2176
2024-05-22 10:06:00,597.6,597.9,595.6,596.55,3398
2024-05-22 10:07:00,596.6,596.65,594.5,594.65,1710
2024-05-22 10:08:00,594.0,595.05,594.0,594.5,5880
2024-05-22 10:09:00,594.5,595.75,594.5,595.15,1138
2024-05-22 10:10:00,595.1,596.9,595.0,596.9,1743
2024-05-22 10:11:00,596.9,597.0,596.0,596.3,1301
2024-05-22 10:12:00,596.35,597.0,595.95,596.35,936
2024-05-22 10:13:00,596.35,597.45,596.35,596.7,851
2024-05-22 10:14:00,596.7,597.4,596.7,597.4,1211
2024-05-22 10:15:00,597.4,597.8,596.5,597.05,3541
2024-05-22 10:16:00,597.05,597.3,596.4,596.4,928
2024-05-22 10:17:00,596.35,596.5,594.85,595.75,7317
2024-05-22 10:18:00,595.75,595.75,594.7,594.9,657
2024-05-22 10:19:00,595.6,596.4,594.7,595.85,3056
2024-05-22 10:20:00,595.85,595.85,595.2,595.7,676
2024-05-22 10:21:00,595.7,596.2,595.7,595.8,664
2024-05-22 10:22:00,596.05,596.05,594.8,594.8,775
2024-05-22 10:23:00,594.8,595.3,594.4,594.6,1204
2024-05-22 10:24:00,594.6,594.9,593.5,593.5,3623
2024-05-22 10:25:00,593.5,594.4,593.5,593.85,1172
2024-05-22 10:26:00,593.65,594.0,593.2,594.0,1113
2024-05-22 10:27:00,594.15,594.2,593.7,593.75,745
2024-05-22 10:28:00,594.2,594.9,593.95,594.9,1157
2024-05-22 10:29:00,594.9,594.95,593.9,594.9,1397
2024-05-22 10:30:00,594.9,594.9,594.0,594.05,954
2024-05-22 10:31:00,594.0,594.5,593.8,593.85,1995
2024-05-22 10:32:00,594.35,594.5,593.75,594.0,2669
2024-05-22 10:33:00,594.45,594.45,593.55,594.3,1246
2024-05-22 10:34:00,594.3,594.35,593.55,594.3,1588
2024-05-22 10:35:00,594.3,594.35,593.65,594.0,1043
2024-05-22 10:36:00,594.0,594.35,593.35,593.9,728
2024-05-22 10:37:00,593.9,593.9,593.0,593.1,2702
2024-05-22 10:38:00,593.1,593.1,592.0,592.0,4602
2024-05-22 10:39:00,591.35,592.75,591.35,592.75,7578
2024-05-22 10:40:00,592.75,593.15,592.55,592.7,1303
2024-05-22 10:41:00,592.7,593.1,592.5,592.5,6140
2024-05-22 10:42:00,592.5,593.3,592.5,593.3,1105
2024-05-22 10:43:00,593.3,593.85,592.3,592.7,8420
2024-05-22 10:44:00,593.1,593.55,592.4,592.95,1006
2024-05-22 10:45:00,593.4,593.4,592.2,592.2,1180
2024-05-22 10:46:00,592.35,592.35,591.2,591.2,2677
2024-05-22 10:47:00,591.5,592.45,591.2,591.9,3467
2024-05-22 10:48:00,591.5,592.0,591.0,591.0,2922
2024-05-22 10:49:00,591.55,591.85,591.0,591.05,1650
2024-05-22 10:50:00,591.35,592.5,591.3,591.7,2168
2024-05-22 10:51:00,592.0,592.25,591.3,592.0,2620
2024-05-22 10:52:00,591.5,592.1,591.0,591.05,5519
2024-05-22 10:53:00,591.65,591.8,591.05,591.05,1530
2024-05-22 10:54:00,591.05,591.55,591.0,591.0,2969
2024-05-22 10:55:00,591.0,591.2,590.0,591.0,3096
2024-05-22 10:56:00,591.0,591.3,588.75,589.05,20166
2024-05-22 10:57:00,589.6,590.55,589.0,590.0,1171
2024-05-22 10:58:00,590.0,590.45,589.3,589.55,2853
2024-05-22 10:59:00,589.8,590.0,589.4,590.0,1141
2024-05-22 11:00:00,589.9,589.9,589.5,589.9,200
2024-05-22 11:01:00,589.9,590.95,589.5,590.95,2140
2024-05-22 11:02:00,590.95,590.95,590.5,590.5,2179
2024-05-22 11:03:00,590.5,590.8,590.0,590.4,1060
2024-05-22 11:04:00,590.0,590.6,589.25,589.25,3894
2024-05-22 11:05:00,589.2,589.75,589.2,589.2,274
2024-05-22 11:06:00,589.4,589.75,589.1,589.75,1518
2024-05-22 11:07:00,589.8,589.9,589.1,589.2,983
2024-05-22 11:08:00,589.75,590.85,589.2,589.4,2606
2024-05-22 11:09:00,589.4,590.0,589.4,590.0,644
2024-05-22 11:10:00,589.7,590.0,589.7,590.0,829
2024-05-22 11:11:00,590.0,590.85,589.7,590.1,1735
2024-05-22 11:12:00,590.0,590.45,589.7,590.0,1653
2024-05-22 11:13:00,590.0,590.35,589.5,589.5,1075
2024-05-22 11:14:00,589.5,589.9,589.5,589.9,114
2024-05-22 11:15:00,590.0,590.0,589.85,590.0,754
2024-05-22 11:16:00,590.05,590.55,589.8,590.0,3085
2024-05-22 11:17:00,590.0,591.0,590.0,590.4,7998
2024-05-22 11:18:00,590.4,590.75,590.0,590.05,1430
2024-05-22 11:19:00,590.05,590.75,590.0,590.75,1725
2024-05-22 11:20:00,590.75,592.4,590.15,592.4,4782
2024-05-22 11:21:00,592.4,592.45,591.5,592.4,1337
2024-05-22 11:22:00,592.4,592.6,591.4,591.4,1099
2024-05-22 11:23:00,591.55,593.0,591.55,592.85,1279
2024-05-22 11:24:00,592.9,593.55,592.5,592.5,2566
2024-05-22 11:25:00,592.5,593.05,591.8,591.8,1261
2024-05-22 11:26:00,592.45,593.35,592.0,592.6,4988
2024-05-22 11:27:00,592.75,592.75,591.55,591.55,962
2024-05-22 11:28:00,592.3,593.0,591.95,592.55,1477
2024-05-22 11:29:00,592.55,593.0,592.55,592.85,829
2024-05-22 11:30:00,592.85,593.0,591.3,592.0,4760
2024-05-22 11:31:00,592.0,593.3,591.95,593.0,1298
2024-05-22 11:32:00,593.4,594.1,593.0,593.15,1429
2024-05-22 11:33:00,593.95,594.15,593.1,593.1,1627
2024-05-22 11:34:00,593.1,594.85,593.1,593.8,2985
2024-05-22 11:35:00,594.3,594.45,593.75,593.9,958
2024-05-22 11:36:00,593.9,594.25,593.75,593.75,987
2024-05-22 11:37:00,593.75,594.35,593.75,594.0,1082
2024-05-22 11:38:00,594.0,594.35,593.65,593.9,1600
2024-05-22 11:39:00,593.9,593.95,593.0,593.95,3685
2024-05-22 11:40:00,593.95,593.95,593.5,593.5,1164
2024-05-22 11:41:00,593.5,593.95,593.0,593.0,2379
2024-05-22 11:42:00,593.0,593.6,593.0,593.1,1080
2024-05-22 11:43:00,593.1,593.6,593.0,593.55,2541
2024-05-22 11:44:00,593.55,594.45,593.0,594.35,2711
2024-05-22 11:45:00,594.0,596.5,594.0,596.5,4174
2024-05-22 11:46:00,596.5,596.5,594.1,594.1,4250
2024-05-22 11:47:00,594.05,595.0,593.65,594.1,3134
2024-05-22 11:48:00,594.1,594.85,593.15,593.45,2588
2024-05-22 11:49:00,593.05,594.0,593.0,593.55,1328
2024-05-22 11:50:00,593.55,595.65,593.4,594.65,3519
2024-05-22 11:51:00,594.95,595.5,594.95,595.0,2558
2024-05-22 11:52:00,595.0,595.55,595.0,595.0,2014
2024-05-22 11:53:00,595.0,595.85,595.0,595.85,973
2024-05-22 11:54:00,595.2,596.0,595.05,595.55,911
2024-05-22 11:55:00,595.55,595.85,595.2,595.8,1097
2024-05-22 11:56:00,595.8,595.85,595.2,595.45,721
2024-05-22 11:57:00,595.45,596.0,595.35,595.35,984
2024-05-22 11:58:00,595.95,595.95,595.3,595.75,877
2024-05-22 11:59:00,595.75,595.8,595.2,595.3,1237
2024-05-22 12:00:00,595.35,595.8,595.05,595.05,800
2024-05-22 12:01:00,595.05,595.65,595.05,595.1,933
2024-05-22 12:02:00,595.1,595.7,595.05,595.1,2152
2024-05-22 12:03:00,595.1,595.65,595.05,595.05,591
2024-05-22 12:04:00,595.05,595.65,595.05,595.15,1510
2024-05-22 12:05:00,595.15,595.8,595.1,595.1,1403
2024-05-22 12:06:00,595.1,595.65,595.05,595.05,1073
2024-05-22 12:07:00,595.15,595.5,595.05,595.4,673
2024-05-22 12:08:00,595.25,595.6,595.05,595.05,1267
2024-05-22 12:09:00,595.5,596.0,595.05,595.75,1645
2024-05-22 12:10:00,595.75,596.3,595.3,596.1,1257
2024-05-22 12:11:00,596.1,597.0,596.0,596.25,5591
2024-05-22 12:12:00,596.25,596.8,595.25,595.25,3687
2024-05-22 12:13:00,595.25,595.9,595.1,595.1,791
2024-05-22 12:14:00,595.1,595.8,595.05,595.2,1504
2024-05-22 12:15:00,595.2,595.55,595.05,595.05,1039
2024-05-22 12:16:00,595.05,595.6,595.05,595.5,1385
2024-05-22 12:17:00,595.5,595.5,595.0,595.0,1531
2024-05-22 12:18:00,595.0,595.45,594.75,594.9,1176
2024-05-22 12:19:00,594.8,594.8,593.4,593.4,998
2024-05-22 12:20:00,593.1,593.35,593.1,593.2,669
2024-05-22 12:21:00,593.2,593.2,592.9,593.15,1157
2024-05-22 12:22:00,593.15,593.15,592.5,592.65,1149
2024-05-22 12:23:00,592.65,592.75,592.0,592.4,2381
2024-05-22 12:24:00,592.15,592.4,591.9,592.4,1104
2024-05-22 12:25:00,592.4,596.0,592.15,595.95,16703
2024-05-22 12:26:00,595.35,595.4,594.0,595.35,6213
2024-05-22 12:27:00,595.35,595.65,594.65,594.65,3603
2024-05-22 12:28:00,594.4,595.25,594.4,595.15,1206
2024-05-22 12:29:00,594.7,597.0,594.7,596.75,3211
2024-05-22 12:30:00,596.65,596.85,595.65,595.7,2549
2024-05-22 12:31:00,595.7,596.7,595.55,596.25,899
2024-05-22 12:32:00,596.25,596.5,595.35,596.5,2256
2024-05-22 12:33:00,596.5,596.6,595.5,596.35,2536
2024-05-22 12:34:00,595.9,597.5,595.9,596.25,4694
2024-05-22 12:35:00,599.5,599.8,598.1,599.65,13421
2024-05-22 12:36:00,599.65,601.05,599.0,599.0,13017
2024-05-22 12:37:00,599.0,599.6,598.45,598.45,5058
2024-05-22 12:38:00,598.45,598.9,598.3,598.5,1258
2024-05-22 12:39:00,598.5,598.6,597.45,598.0,1902
2024-05-22 12:40:00,598.0,599.4,597.35,598.95,2682
2024-05-22 12:41:00,598.95,599.25,597.8,597.8,851
2024-05-22 12:42:00,598.2,598.55,598.0,598.35,775
2024-05-22 12:43:00,598.35,598.35,597.45,598.1,1082
2024-05-22 12:44:00,598.1,598.1,596.15,596.95,2353
2024-05-22 12:45:00,596.95,596.95,596.4,596.95,1879
2024-05-22 12:46:00,596.95,597.8,596.55,596.7,1746
2024-05-22 12:47:00,596.7,597.35,596.35,596.35,867
2024-05-22 12:48:00,596.35,598.0,596.35,598.0,1146
2024-05-22 12:49:00,597.4,598.1,596.95,598.1,840
2024-05-22 12:50:00,598.1,598.1,597.3,597.85,749
2024-05-22 12:51:00,597.55,597.9,596.65,597.1,1424
2024-05-22 12:52:00,597.1,597.6,596.7,597.6,1130
2024-05-22 12:53:00,597.0,597.6,596.8,597.4,775
2024-05-22 12:54:00,597.4,597.4,596.5,596.55,1371
2024-05-22 12:55:00,596.55,597.6,596.5,597.5,1296
2024-05-22 12:56:00,597.5,597.55,596.75,597.4,1017
2024-05-22 12:57:00,597.4,599.5,596.85,598.6,5659
2024-05-22 12:58:00,598.65,599.95,598.3,599.3,1636
2024-05-22 12:59:00,599.3,599.3,598.6,598.6,1041
2024-05-22 13:00:00,599.1,599.5,598.4,598.9,1959
2024-05-22 13:01:00,598.9,598.9,598.05,598.7,1337
2024-05-22 13:02:00,598.75,599.6,598.4,599.4,1704
2024-05-22 13:03:00,599.4,599.4,598.55,598.6,906
2024-05-22 13:04:00,598.6,599.25,598.2,599.0,779
2024-05-22 13:05:00,598.4,599.7,598.4,599.0,1903
2024-05-22 13:06:00,599.0,599.7,598.75,599.5,1497
2024-05-22 13:07:00,599.5,600.1,599.3,599.5,1647
2024-05-22 13:08:00,599.5,600.1,599.1,599.1,786
2024-05-22 13:09:00,599.35,599.8,599.1,599.8,948
2024-05-22 13:10:00,599.8,599.8,598.9,598.9,1516
2024-05-22 13:11:00,598.9,598.9,598.0,598.0,883
2024-05-22 13:12:00,598.0,598.55,597.15,597.15,1049
2024-05-22 13:13:00,597.05,597.75,596.7,596.9,1128
2024-05-22 13:14:00,596.7,597.5,596.5,596.55,1591
2024-05-22 13:15:00,596.55,597.35,596.55,597.25,1004
2024-05-22 13:16:00,596.55,597.35,596.5,596.5,836
2024-05-22 13:17:00,596.5,597.25,595.95,595.95,1149
2024-05-22 13:18:00,595.95,596.45,595.4,595.4,722
2024-05-22 13:19:00,595.6,596.4,595.0,596.4,1240
2024-05-22 13:20:00,596.4,596.55,595.45,596.35,1115
2024-05-22 13:21:00,596.35,596.5,595.5,595.5,804
2024-05-22 13:22:00,595.5,596.25,595.3,595.6,880
2024-05-22 13:23:00,596.25,596.6,595.75,596.6,1035
2024-05-22 13:24:00,596.1,597.1,595.6,597.1,866
2024-05-22 13:25:00,596.9,599.95,596.9,597.1,5967
2024-05-22 13:26:00,597.1,597.8,596.5,596.95,696
2024-05-22 13:27:00,596.95,597.3,596.5,597.3,792
2024-05-22 13:28:00,597.3,597.75,596.6,596.7,2242
2024-05-22 13:29:00,596.7,597.3,596.7,597.3,755
2024-05-22 13:30:00,597.3,598.9,597.3,598.0,1252
2024-05-22 13:31:00,598.0,598.2,596.6,596.6,1240
2024-05-22 13:32:00,597.05,597.55,596.45,597.2,900
2024-05-22 13:33:00,596.35,597.1,595.9,595.95,709
2024-05-22 13:34:00,595.95,596.7,595.35,596.15,1161
2024-05-22 13:35:00,596.1,596.95,595.6,595.6,981
2024-05-22 13:36:00,595.75,596.85,595.75,596.7,1192
2024-05-22 13:37:00,596.7,597.85,595.8,597.35,1783
2024-05-22 13:38:00,596.9,597.95,596.7,597.95,909
2024-05-22 13:39:00,597.95,598.05,596.75,596.75,1218
2024-05-22 13:40:00,597.45,597.45,596.15,596.15,732
2024-05-22 13:41:00,596.2,596.75,596.0,596.0,721
2024-05-22 13:42:00,596.55,596.95,596.0,596.5,924
2024-05-22 13:43:00,596.45,596.95,596.05,596.05,705
2024-05-22 13:44:00,596.05,597.15,596.05,597.05,791
2024-05-22 13:45:00,597.15,597.15,596.0,596.7,779
2024-05-22 13:46:00,596.0,596.8,595.85,596.7,940
2024-05-22 13:47:00,596.05,596.7,595.8,595.9,709
2024-05-22 13:48:00,595.9,596.45,595.65,596.3,1563
2024-05-22 13:49:00,595.65,596.7,595.65,595.75,1013
2024-05-22 13:50:00,596.45,596.65,595.75,595.75,1043
2024-05-22 13:51:00,596.4,596.4,595.6,595.6,772
2024-05-22 13:52:00,595.7,596.2,595.6,595.6,913
2024-05-22 13:53:00,595.6,596.35,595.6,596.35,1733
2024-05-22 13:54:00,595.75,596.35,595.6,596.35,1555
2024-05-22 13:55:00,595.7,595.95,595.0,595.2,7693
2024-05-22 13:56:00,595.15,596.7,595.15,595.9,3651
2024-05-22 13:57:00,595.9,596.3,595.3,595.5,1210
2024-05-22 13:58:00,595.55,596.55,595.55,595.65,609
2024-05-22 13:59:00,596.5,596.5,595.55,596.1,532
2024-05-22 14:00:00,596.1,599.35,595.6,598.95,5437
2024-05-22 14:01:00,599.45,600.9,598.95,599.65,4596
2024-05-22 14:02:00,599.65,600.9,599.55,599.7,7138
2024-05-22 14:03:00,599.7,600.0,599.1,599.65,616
2024-05-22 14:04:00,599.7,601.3,599.7,601.05,1728
2024-05-22 14:05:00,601.05,602.0,600.3,602.0,1758
2024-05-22 14:06:00,602.3,603.0,602.3,602.45,2347
2024-05-22 14:07:00,602.05,602.7,601.65,602.6,2830
2024-05-22 14:08:00,602.6,603.0,602.1,602.35,1828
2024-05-22 14:09:00,602.35,603.75,602.35,603.15,3168
2024-05-22 14:10:00,602.7,603.3,602.7,603.0,1968
2024-05-22 14:11:00,602.75,603.5,602.75,603.4,1367
2024-05-22 14:12:00,603.4,603.5,602.8,603.0,2834
2024-05-22 14:13:00,603.0,603.5,603.0,603.05,694
2024-05-22 14:14:00,603.05,603.65,603.05,603.3,481
2024-05-22 14:15:00,603.3,603.55,602.7,603.0,2630
2024-05-22 14:16:00,602.3,602.8,602.2,602.2,417
2024-05-22 14:17:00,602.2,602.95,601.5,601.5,814
2024-05-22 14:18:00,601.4,601.4,600.4,601.0,195
2024-05-22 14:19:00,601.0,601.65,601.0,601.0,440
2024-05-22 14:20:00,601.0,602.05,601.0,602.05,6663
2024-05-22 14:21:00,601.6,602.45,601.1,601.8,358
2024-05-22 14:22:00,601.8,601.8,601.0,601.0,222
2024-05-22 14:23:00,601.0,601.65,600.6,601.2,1371
2024-05-22 14:24:00,601.2,601.65,601.0,601.6,500
2024-05-22 14:25:00,601.6,601.6,601.2,601.2,352
2024-05-22 14:26:00,601.2,601.55,601.2,601.55,26
2024-05-22 14:27:00,601.55,601.9,601.2,601.6,249
2024-05-22 14:28:00,601.6,601.6,601.05,601.1,1072
2024-05-22 14:29:00,601.1,601.55,600.65,601.15,442
2024-05-22 14:30:00,600.65,601.2,600.3,600.9,393
2024-05-22 14:31:00,600.9,601.4,600.7,601.3,687
2024-05-22 14:32:00,601.3,601.6,601.0,601.2,635
2024-05-22 14:33:00,601.2,601.85,601.2,601.4,91
2024-05-22 14:34:00,601.4,601.75,601.2,601.3,481
2024-05-22 14:35:00,601.75,601.75,600.9,600.95,795
2024-05-22 14:36:00,600.95,601.4,600.7,600.7,323
2024-05-22 14:37:00,600.7,600.7,600.05,600.05,849
2024-05-22 14:38:00,600.05,600.5,600.05,600.15,76
2024-05-22 14:39:00,600.15,600.5,600.15,600.15,71
2024-05-22 14:40:00,600.15,600.5,600.0,600.4,669
2024-05-22 14:41:00,600.4,600.4,600.0,600.0,29
2024-05-22 14:42:00,600.0,601.1,600.0,601.1,1418
2024-05-22 14:43:00,601.1,601.5,600.8,600.8,377
2024-05-22 14:44:00,600.8,601.3,600.8,601.3,128
2024-05-22 14:45:00,601.3,601.3,600.8,601.0,808
2024-05-22 14:46:00,601.0,601.3,600.65,601.3,614
2024-05-22 14:47:00,601.3,601.5,600.6,601.0,548
2024-05-22 14:48:00,601.0,601.5,600.65,601.0,792
2024-05-22 14:49:00,601.05,601.5,601.0,601.5,1202
2024-05-22 14:50:00,601.5,601.5,601.0,601.0,246
2024-05-22 14:51:00,601.0,601.5,601.0,601.0,1365
2024-05-22 14:52:00,601.0,601.3,601.0,601.2,690
2024-05-22 14:53:00,601.2,601.2,601.0,601.0,38
2024-05-22 14:54:00,601.0,601.35,601.0,601.25,1061
2024-05-22 14:55:00,600.85,601.45,600.6,600.95,2342
2024-05-22 14:56:00,600.95,600.95,600.0,600.55,1339
2024-05-22 14:57:00,600.55,600.55,600.1,600.5,900
2024-05-22 14:58:00,600.5,600.9,600.2,600.65,981
2024-05-22 14:59:00,600.7,600.7,600.4,600.65,388
2024-05-22 15:00:00,600.65,601.5,600.4,600.65,2228
2024-05-22 15:01:00,600.6,601.0,600.35,600.35,1851
2024-05-22 15:02:00,600.35,601.7,600.35,601.7,997
2024-05-22 15:03:00,601.95,602.5,601.75,602.45,4147
2024-05-22 15:04:00,602.45,602.45,601.8,601.8,1117
2024-05-22 15:05:00,602.0,602.2,601.5,602.05,1005
2024-05-22 15:06:00,602.0,602.35,601.9,602.35,909
2024-05-22 15:07:00,602.35,602.35,601.55,601.55,1310
2024-05-22 15:08:00,601.55,602.45,601.55,602.35,1788
2024-05-22 15:09:00,602.35,602.7,602.0,602.45,4296
2024-05-22 15:10:00,602.0,602.5,602.0,602.35,668
2024-05-22 15:11:00,602.5,602.5,601.95,601.95,2046
2024-05-22 15:12:00,601.95,602.0,601.1,601.45,1014
2024-05-22 15:13:00,601.55,602.5,601.5,602.4,3731
2024-05-22 15:14:00,602.4,602.45,601.7,602.2,2568
2024-05-22 15:15:00,602.2,602.2,601.7,601.7,818
2024-05-22 15:16:00,601.7,601.7,600.6,600.8,2460
2024-05-22 15:17:00,600.8,601.0,600.45,600.5,1631
2024-05-22 15:18:00,600.6,600.95,600.5,600.7,1789
2024-05-22 15:19:00,600.7,601.0,600.7,601.0,2880
2024-05-22 15:20:00,600.95,601.2,600.2,600.8,4010
2024-05-22 15:21:00,600.8,600.85,600.2,600.8,1089
2024-05-22 15:22:00,600.8,600.85,600.65,600.65,2397
2024-05-22 15:23:00,600.55,601.5,600.55,600.55,1490
2024-05-22 15:24:00,600.6,601.85,600.55,601.3,1995
2024-05-22 15:25:00,601.85,601.85,600.0,600.7,2613
2024-05-22 15:26:00,600.7,601.9,600.0,600.7,2847
2024-05-22 15:27:00,600.7,601.65,600.7,601.0,1066
2024-05-22 15:28:00,601.0,601.5,600.0,600.0,1100
2024-05-22 15:29:00,600.0,602.0,600.0,600.5,4048
2024-05-23 09:15:00,605.0,609.5,605.0,607.35,2178
2024-05-23 09:16:00,607.35,608.35,606.2,607.0,5689
2024-05-23 09:17:00,607.55,607.95,605.35,605.35,3386
2024-05-23 09:18:00,605.65,605.65,603.2,604.2,9300
2024-05-23 09:19:00,604.2,605.2,603.65,605.2,2049
2024-05-23 09:20:00,605.2,605.2,604.1,604.7,3079
2024-05-23 09:21:00,604.7,604.7,602.6,602.75,1193
2024-05-23 09:22:00,602.65,604.5,602.65,603.9,699
2024-05-23 09:23:00,603.9,604.5,603.2,603.75,260
2024-05-23 09:24:00,603.75,605.1,603.7,605.1,1571
2024-05-23 09:25:00,605.1,605.25,603.7,604.3,1545
2024-05-23 09:26:00,604.3,604.3,603.1,603.35,1631
2024-05-23 09:27:00,603.35,603.45,602.3,602.95,834
2024-05-23 09:28:00,603.0,603.25,602.0,602.0,2495
2024-05-23 09:29:00,602.75,602.75,601.0,601.55,3739
2024-05-23 09:30:00,601.55,601.7,598.85,599.05,3865
2024-05-23 09:31:00,599.0,599.0,596.5,598.15,5757
2024-05-23 09:32:00,597.85,598.55,596.6,597.8,2468
2024-05-23 09:33:00,597.6,599.6,597.5,598.8,996
2024-05-23 09:34:00,598.8,600.4,598.5,598.85,2182
2024-05-23 09:35:00,599.3,599.45,598.0,598.0,1374
2024-05-23 09:36:00,598.35,598.9,597.95,598.45,1976
2024-05-23 09:37:00,598.2,599.0,597.45,597.8,3886
2024-05-23 09:38:00,597.7,598.85,597.55,598.85,1581
2024-05-23 09:39:00,598.3,599.0,597.75,599.0,400
2024-05-23 09:40:00,599.0,599.45,597.65,599.35,2194
2024-05-23 09:41:00,599.35,599.35,598.25,598.95,709
2024-05-23 09:42:00,598.95,599.2,598.4,599.15,384
2024-05-23 09:43:00,598.4,599.15,598.05,598.65,579
2024-05-23 09:44:00,599.1,602.65,599.0,602.65,3669
2024-05-23 09:45:00,602.75,603.9,601.4,602.65,7372
2024-05-23 09:46:00,602.4,602.4,601.2,601.95,1401
2024-05-23 09:47:00,601.95,601.95,601.05,601.05,546
2024-05-23 09:48:00,601.05,601.7,601.05,601.55,107
2024-05-23 09:49:00,600.9,600.9,600.2,600.9,1120
2024-05-23 09:50:00,600.95,601.65,600.8,600.8,340
2024-05-23 09:51:00,600.8,600.8,600.05,600.55,639
2024-05-23 09:52:00,600.55,601.2,600.1,601.2,1449
2024-05-23 09:53:00,601.2,601.5,600.3,600.3,654
2024-05-23 09:54:00,600.55,600.8,600.0,600.0,3602
2024-05-23 09:55:00,600.05,600.8,600.0,600.7,799
2024-05-23 09:56:00,600.7,600.7,599.2,599.9,1392
2024-05-23 09:57:00,599.9,599.9,599.0,599.2,240
2024-05-23 09:58:00,599.2,599.65,599.0,599.5,464
2024-05-23 09:59:00,599.5,600.0,599.1,599.7,1423
2024-05-23 10:00:00,599.7,599.95,599.15,599.85,634
2024-05-23 10:01:00,599.85,599.95,599.3,599.7,757
2024-05-23 10:02:00,599.7,600.55,599.4,600.25,778
2024-05-23 10:03:00,599.9,600.0,599.3,600.0,463
2024-05-23 10:04:00,599.6,600.0,599.2,599.25,329
2024-05-23 10:05:00,599.7,599.8,599.25,599.25,178
2024-05-23 10:06:00,599.25,599.8,599.25,599.3,52
2024-05-23 10:07:00,599.3,599.85,599.3,599.3,49
2024-05-23 10:08:00,600.45,600.95,600.2,600.9,758
2024-05-23 10:09:00,600.9,600.95,599.5,600.2,397
2024-05-23 10:10:00,600.2,600.25,599.5,599.8,752
2024-05-23 10:11:00,599.8,600.95,599.55,600.25,990
2024-05-23 10:12:00,600.25,600.85,600.05,600.25,115
2024-05-23 10:13:00,600.25,600.9,600.1,600.55,160
2024-05-23 10:14:00,600.55,600.55,599.9,600.45,786
2024-05-23 10:15:00,600.0,600.9,600.0,600.85,639
2024-05-23 10:16:00,600.85,601.0,600.1,600.3,1390
2024-05-23 10:17:00,600.3,600.35,599.8,599.8,459
2024-05-23 10:18:00,600.35,600.35,599.75,599.75,455
2024-05-23 10:19:00,599.75,600.45,599.75,600.45,285
2024-05-23 10:20:00,600.3,600.5,600.0,600.0,176
2024-05-23 10:21:00,600.0,600.65,600.0,600.5,237
2024-05-23 10:22:00,600.5,600.95,599.55,600.45,1544
2024-05-23 10:23:00,600.5,600.5,599.55,600.2,563
2024-05-23 10:24:00,600.2,600.5,600.0,600.3,516
2024-05-23 10:25:00,600.3,600.3,599.5,599.55,502
2024-05-23 10:26:00,599.55,600.0,599.5,599.95,1182
2024-05-23 10:27:00,599.95,600.5,598.8,600.5,1893
2024-05-23 10:28:00,600.5,600.5,599.65,600.25,414
2024-05-23 10:29:00,599.35,600.15,599.35,599.65,350
2024-05-23 10:30:00,599.55,600.25,599.55,599.95,263
2024-05-23 10:31:00,599.95,600.2,599.6,599.6,542
2024-05-23 10:32:00,599.6,599.65,598.65,599.0,1099
2024-05-23 10:33:00,599.0,599.0,598.25,598.7,224
2024-05-23 10:34:00,598.7,598.75,597.65,598.1,1402
2024-05-23 10:35:00,598.1,598.55,597.7,598.0,122
2024-05-23 10:36:00,598.0,598.0,597.5,597.55,313
2024-05-23 10:37:00,597.55,597.95,596.9,597.4,8360
2024-05-23 10:38:00,596.55,597.9,596.55,597.1,1245
2024-05-23 10:39:00,597.1,597.6,597.1,597.6,65
2024-05-23 10:40:00,597.6,597.8,597.1,597.55,166
2024-05-23 10:41:00,597.55,599.55,597.55,598.8,1287
2024-05-23 10:42:00,598.8,598.8,596.1,596.1,1241
2024-05-23 10:43:00,596.05,597.7,596.05,597.25,197
2024-05-23 10:44:00,597.1,597.85,597.1,597.85,112
2024-05-23 10:45:00,597.4,598.0,597.15,597.15,282
2024-05-23 10:46:00,597.1,597.6,597.0,597.1,1085
2024-05-23 10:47:00,597.1,597.65,597.0,597.1,318
2024-05-23 10:48:00,597.1,597.7,597.1,597.65,531
2024-05-23 10:49:00,597.65,597.85,596.9,596.9,1351
2024-05-23 10:50:00,596.9,597.4,596.9,597.4,191
2024-05-23 10:51:00,597.4,597.9,597.05,597.5,28
2024-05-23 10:52:00,597.5,598.1,597.25,597.5,264
2024-05-23 10:53:00,597.5,598.95,597.1,597.95,1184
2024-05-23 10:54:00,597.7,598.25,597.1,597.1,353
2024-05-23 10:55:00,597.1,597.6,597.05,597.5,166
2024-05-23 10:56:00,597.5,597.6,597.0,597.6,46
2024-05-23 10:57:00,597.6,597.75,597.1,597.6,27
2024-05-23 10:58:00,597.6,598.2,596.55,598.2,2135
2024-05-23 10:59:00,598.2,598.55,596.6,596.6,227
2024-05-23 11:00:00,596.6,597.7,596.6,597.7,115
2024-05-23 11:01:00,597.7,598.3,597.1,597.4,513
2024-05-23 11:02:00,597.4,598.15,597.3,598.0,139
2024-05-23 11:03:00,598.0,598.05,597.1,597.9,1211
2024-05-23 11:04:00,597.3,598.05,597.15,597.5,268
2024-05-23 11:05:00,597.5,597.9,597.25,597.3,118
2024-05-23 11:06:00,597.3,597.75,597.05,597.25,416
2024-05-23 11:07:00,597.7,598.25,597.05,597.9,1153
2024-05-23 11:08:00,597.9,597.95,597.4,597.4,15
2024-05-23 11:09:00,597.95,597.95,597.0,597.05,1001
2024-05-23 11:10:00,597.05,597.6,597.05,597.55,240
2024-05-23 11:11:00,597.55,597.95,597.05,597.1,436
2024-05-23 11:12:00,597.1,597.8,597.1,597.1,409
2024-05-23 11:13:00,597.1,597.55,597.1,597.55,647
2024-05-23 11:14:00,597.1,598.3,597.1,597.9,2245
2024-05-23 11:15:00,598.55,598.8,597.45,597.45,460
2024-05-23 11:16:00,597.35,598.85,597.35,598.5,994
2024-05-23 11:17:00,598.5,598.95,598.5,598.85,240
2024-05-23 11:18:00,598.85,598.85,598.5,598.55,21
2024-05-23 11:19:00,598.55,599.55,598.5,598.5,1057
2024-05-23 11:20:00,598.85,599.2,598.5,598.5,145
2024-05-23 11:21:00,598.5,599.0,598.5,598.5,368
2024-05-23 11:22:00,598.5,599.2,598.5,599.2,452
2024-05-23 11:23:00,599.2,599.2,598.65,598.7,144
2024-05-23 11:24:00,598.7,599.2,598.65,599.2,70
2024-05-23 11:25:00,599.2,599.2,598.65,598.65,472
2024-05-23 11:26:00,598.65,599.15,598.65,598.65,365
2024-05-23 11:27:00,598.65,599.3,598.65,599.25,321
2024-05-23 11:28:00,598.65,599.55,598.65,599.0,314
2024-05-23 11:29:00,599.0,600.0,599.0,599.5,752
2024-05-23 11:30:00,599.5,599.5,599.35,599.45,25
2024-05-23 11:31:00,599.45,599.8,599.35,599.45,266
2024-05-23 11:32:00,599.85,599.95,599.4,599.9,104
2024-05-23 11:33:00,599.9,599.9,599.05,599.35,717
2024-05-23 11:34:00,599.35,599.85,599.05,599.65,131
2024-05-23 11:35:00,599.65,599.65,598.75,599.55,391
2024-05-23 11:36:00,599.55,599.55,598.55,598.6,875
2024-05-23 11:37:00,599.25,599.3,598.4,598.95,672
2024-05-23 11:38:00,598.3,598.95,598.2,598.95,201
2024-05-23 11:39:00,598.95,598.95,598.35,598.35,189
2024-05-23 11:40:00,598.35,599.45,598.35,598.6,273
2024-05-23 11:41:00,599.25,600.0,598.55,600.0,1858
2024-05-23 11:42:00,600.0,600.0,599.0,599.15,961
2024-05-23 11:43:00,599.15,599.8,599.0,599.8,410
2024-05-23 11:44:00,599.25,600.0,599.0,599.5,1341
2024-05-23 11:45:00,600.4,600.4,599.1,599.25,1702
2024-05-23 11:46:00,599.25,600.25,599.0,600.0,1370
2024-05-23 11:47:00,600.0,601.0,600.0,600.45,4602
2024-05-23 11:48:00,600.45,601.15,600.0,601.15,2081
2024-05-23 11:49:00,601.15,602.9,601.15,602.75,1208
2024-05-23 11:50:00,602.75,603.85,602.75,603.55,1689
2024-05-23 11:51:00,603.5,603.6,602.75,603.5,1052
2024-05-23 11:52:00,603.5,605.0,603.5,604.25,2176
2024-05-23 11:53:00,604.25,604.85,604.1,604.85,2044
2024-05-23 11:54:00,604.85,604.85,604.05,604.05,721
2024-05-23 11:55:00,604.05,604.55,602.5,603.05,874
2024-05-23 11:56:00,603.05,603.3,602.4,602.8,165
2024-05-23 11:57:00,602.8,604.3,602.6,603.7,647
2024-05-23 11:58:00,603.7,604.25,603.3,604.25,701
2024-05-23 11:59:00,604.3,604.3,602.6,603.05,215
2024-05-23 12:00:00,603.05,603.45,602.7,602.8,143
2024-05-23 12:01:00,602.8,603.45,602.8,603.45,120
2024-05-23 12:02:00,603.4,603.4,602.8,602.8,603
2024-05-23 12:03:00,602.8,603.3,602.8,603.3,266
2024-05-23 12:04:00,603.3,603.3,602.8,602.8,225
2024-05-23 12:05:00,602.8,602.8,602.8,602.8,87
2024-05-23 12:06:00,602.8,603.0,602.55,602.95,395
2024-05-23 12:07:00,602.95,602.95,602.4,602.55,329
2024-05-23 12:08:00,602.55,602.95,602.55,602.6,91
2024-05-23 12:09:00,602.6,602.9,602.4,602.4,617
2024-05-23 12:10:00,602.4,602.85,602.4,602.4,52
2024-05-23 12:11:00,602.4,602.85,602.0,602.8,183
2024-05-23 12:12:00,602.0,602.3,601.2,601.4,1863
2024-05-23 12:13:00,601.4,602.0,601.4,602.0,252
2024-05-23 12:14:00,602.0,602.6,602.0,602.1,109
2024-05-23 12:15:00,602.1,602.6,602.05,602.6,171
2024-05-23 12:16:00,602.6,602.85,602.6,602.7,83
2024-05-23 12:17:00,602.7,604.25,602.65,604.05,533
2024-05-23 12:18:00,604.05,604.05,603.0,603.0,3000
2024-05-23 12:19:00,603.6,603.6,603.0,603.55,179
2024-05-23 12:20:00,603.55,603.55,603.05,603.15,53
2024-05-23 12:21:00,603.15,603.25,602.65,603.25,122
2024-05-23 12:22:00,603.25,603.95,603.25,603.95,671
2024-05-23 12:23:00,603.95,603.95,603.5,603.6,108
2024-05-23 12:24:00,603.6,604.0,603.2,603.7,1262
2024-05-23 12:25:00,603.25,604.3,603.2,603.95,897
2024-05-23 12:26:00,603.95,604.0,602.7,602.7,2052
2024-05-23 12:27:00,602.7,603.0,602.35,602.85,2421
2024-05-23 12:28:00,602.85,603.4,602.15,602.35,3007
2024-05-23 12:29:00,602.25,602.8,602.05,602.6,1123
2024-05-23 12:30:00,602.6,602.7,602.3,602.35,218
2024-05-23 12:31:00,602.35,602.8,602.1,602.1,253
2024-05-23 12:32:00,602.1,602.65,602.1,602.65,51
2024-05-23 12:33:00,602.65,602.8,602.1,602.25,173
2024-05-23 12:34:00,602.25,602.8,602.25,602.45,63
2024-05-23 12:35:00,602.45,602.8,602.3,602.8,149
2024-05-23 12:36:00,602.8,602.9,602.35,602.4,373
2024-05-23 12:37:00,602.4,603.0,602.4,602.75,244
2024-05-23 12:38:00,602.75,603.25,602.75,603.25,173
2024-05-23 12:39:00,603.25,603.25,602.8,603.25,623
2024-05-23 12:40:00,602.95,603.7,602.85,603.05,1950
2024-05-23 12:41:00,603.1,603.5,602.85,603.25,42
2024-05-23 12:42:00,603.25,604.25,603.25,604.2,298
2024-05-23 12:43:00,604.2,604.3,604.0,604.1,568
2024-05-23 12:44:00,604.1,604.3,604.1,604.15,287
2024-05-23 12:45:00,604.15,604.9,604.0,604.9,1546
2024-05-23 12:46:00,604.9,604.9,604.25,604.25,199
2024-05-23 12:47:00,604.25,604.7,604.15,604.15,437
2024-05-23 12:48:00,604.7,604.7,604.15,604.15,367
2024-05-23 12:49:00,604.15,604.8,604.15,604.8,362
2024-05-23 12:50:00,604.8,604.8,604.15,604.15,395
2024-05-23 12:51:00,604.15,604.7,604.15,604.7,160
2024-05-23 12:52:00,604.25,604.55,604.2,604.55,676
2024-05-23 12:53:00,604.25,604.65,604.2,604.3,356
2024-05-23 12:54:00,604.3,604.7,604.0,604.0,1224
2024-05-23 12:55:00,604.0,604.45,604.0,604.0,468
2024-05-23 12:56:00,604.0,604.55,604.0,604.55,230
2024-05-23 12:57:00,604.55,604.55,603.8,603.8,490
2024-05-23 12:58:00,603.8,603.8,602.75,602.8,299
2024-05-23 12:59:00,602.8,602.95,602.75,602.8,49
2024-05-23 13:00:00,602.95,602.95,602.75,602.95,237
2024-05-23 13:01:00,602.95,603.25,602.35,602.35,1046
2024-05-23 13:02:00,602.35,603.5,602.35,602.95,958
2024-05-23 13:03:00,602.95,603.4,602.25,602.3,127
2024-05-23 13:04:00,602.3,603.95,602.25,602.75,2575
2024-05-23 13:05:00,602.75,602.8,602.25,602.25,270
2024-05-23 13:06:00,602.25,602.45,602.0,602.0,398
2024-05-23 13:07:00,602.0,602.55,602.0,602.1,119
2024-05-23 13:08:00,602.1,602.4,602.1,602.1,151
2024-05-23 13:09:00,602.1,602.6,602.05,602.2,1462
2024-05-23 13:10:00,602.2,603.1,602.2,602.6,478
2024-05-23 13:11:00,602.6,602.6,602.0,602.1,954
2024-05-23 13:12:00,602.1,603.15,602.1,602.6,93
2024-05-23 13:13:00,602.6,603.2,602.3,602.85,122
2024-05-23 13:14:00,602.85,602.85,602.0,602.15,186
2024-05-23 13:15:00,602.15,602.15,601.0,601.0,828
2024-05-23 13:16:00,601.0,601.7,601.0,601.0,70
2024-05-23 13:17:00,601.0,601.7,601.0,601.05,152
2024-05-23 13:18:00,601.05,601.6,600.85,601.6,221
2024-05-23 13:19:00,600.55,601.5,600.5,601.1,1214
2024-05-23 13:20:00,600.65,601.45,600.65,601.1,181
2024-05-23 13:21:00,601.1,601.75,601.0,601.75,396
2024-05-23 13:22:00,601.75,601.75,601.0,601.0,370
2024-05-23 13:23:00,601.0,601.85,600.95,600.95,814
2024-05-23 13:24:00,600.75,601.6,600.75,601.15,275
2024-05-23 13:25:00,601.6,603.25,601.5,603.25,869
2024-05-23 13:26:00,602.7,603.15,602.65,602.65,104
2024-05-23 13:27:00,602.65,603.25,602.0,602.15,191
2024-05-23 13:28:00,602.15,603.25,602.15,602.7,346
2024-05-23 13:29:00,602.7,603.2,602.2,603.15,133
2024-05-23 13:30:00,603.2,603.2,602.05,602.05,177
2024-05-23 13:31:00,602.05,603.0,602.0,603.0,320
2024-05-23 13:32:00,603.0,603.85,603.0,603.25,744
2024-05-23 13:33:00,603.1,603.55,602.15,602.25,791
2024-05-23 13:34:00,602.25,603.8,602.25,603.7,165
2024-05-23 13:35:00,603.7,603.7,602.7,603.0,74
2024-05-23 13:36:00,603.0,603.5,602.75,602.75,234
2024-05-23 13:37:00,602.75,604.3,602.5,603.45,790
2024-05-23 13:38:00,602.85,603.35,602.15,602.15,268
2024-05-23 13:39:00,602.2,602.9,602.2,602.35,5
2024-05-23 13:40:00,602.95,603.1,602.9,602.9,92
2024-05-23 13:41:00,602.9,603.2,602.2,602.2,221
2024-05-23 13:42:00,602.2,602.25,601.5,601.5,3096
2024-05-23 13:43:00,601.5,602.2,601.5,601.55,17
2024-05-23 13:44:00,602.2,602.75,602.2,602.4,49
2024-05-23 13:45:00,602.4,603.2,602.4,603.2,68
2024-05-23 13:46:00,603.2,603.3,602.0,602.65,413
2024-05-23 13:47:00,602.65,603.15,602.45,603.0,1464
2024-05-23 13:48:00,602.95,602.95,602.25,602.95,334
2024-05-23 13:49:00,602.95,603.55,602.7,602.7,508
2024-05-23 13:50:00,602.7,603.7,602.0,603.7,725
2024-05-23 13:51:00,603.7,603.9,603.05,603.05,416
2024-05-23 13:52:00,603.05,603.8,602.55,603.2,422
2024-05-23 13:53:00,602.7,603.7,602.6,602.6,428
2024-05-23 13:54:00,602.6,603.9,602.6,603.2,231
2024-05-23 13:55:00,603.2,603.75,603.15,603.15,173
2024-05-23 13:56:00,603.15,603.65,602.55,603.2,1036
2024-05-23 13:57:00,603.2,603.9,602.95,603.2,910
2024-05-23 13:58:00,603.45,603.6,602.9,602.9,349
2024-05-23 13:59:00,602.9,603.7,602.75,602.85,260
2024-05-23 14:00:00,602.85,603.5,602.85,602.95,103
2024-05-23 14:01:00,602.95,603.45,602.95,602.95,22
2024-05-23 14:02:00,602.95,603.45,602.95,603.45,128
2024-05-23 14:03:00,603.1,603.3,602.1,602.85,1892
2024-05-23 14:04:00,602.85,602.85,601.5,601.5,876
2024-05-23 14:05:00,601.5,602.1,601.5,601.6,223
2024-05-23 14:06:00,601.6,602.0,601.6,602.0,16
2024-05-23 14:07:00,601.6,602.05,601.6,602.0,320
2024-05-23 14:08:00,602.0,602.1,601.85,601.9,61
2024-05-23 14:09:00,601.9,602.1,601.85,601.85,195
2024-05-23 14:10:00,601.6,602.0,601.6,601.7,465
2024-05-23 14:11:00,601.7,601.7,601.2,601.5,339
2024-05-23 14:12:00,601.5,601.5,601.1,601.5,238
2024-05-23 14:13:00,601.5,601.5,601.1,601.15,17
2024-05-23 14:14:00,601.15,602.1,601.1,602.1,269
2024-05-23 14:15:00,602.1,602.15,601.5,602.15,121
2024-05-23 14:16:00,602.15,602.3,601.6,602.3,225
2024-05-23 14:17:00,602.1,602.25,601.6,602.25,234
2024-05-23 14:18:00,601.55,601.55,601.05,601.05,1512
2024-05-23 14:19:00,601.05,601.85,601.05,601.5,101
2024-05-23 14:20:00,601.5,601.8,601.15,601.35,424
2024-05-23 14:21:00,601.15,601.6,601.15,601.3,348
2024-05-23 14:22:00,601.3,601.5,601.3,601.3,96
2024-05-23 14:23:00,601.3,601.45,601.3,601.3,70
2024-05-23 14:24:00,601.3,601.3,601.1,601.1,27
2024-05-23 14:25:00,601.1,601.45,601.0,601.05,269
2024-05-23 14:26:00,601.05,601.3,601.0,601.3,60
2024-05-23 14:27:00,601.3,601.4,601.0,601.4,659
2024-05-23 14:28:00,601.4,601.4,601.0,601.0,41
2024-05-23 14:29:00,601.0,601.3,601.0,601.3,189
2024-05-23 14:30:00,601.3,601.4,601.0,601.4,533
2024-05-23 14:31:00,601.4,601.4,600.45,600.75,373
2024-05-23 14:32:00,600.75,601.1,600.0,600.6,1731
2024-05-23 14:33:00,600.6,601.1,600.45,601.0,350
2024-05-23 14:34:00,601.0,601.3,601.0,601.0,659
2024-05-23 14:35:00,601.0,601.0,600.4,601.0,161
2024-05-23 14:36:00,601.0,601.0,600.6,600.6,57
2024-05-23 14:37:00,600.6,601.0,600.5,600.55,460
2024-05-23 14:38:00,600.55,600.95,600.55,600.55,129
2024-05-23 14:39:00,600.5,600.5,600.4,600.4,85
2024-05-23 14:40:00,600.4,600.85,600.4,600.85,1258
2024-05-23 14:41:00,600.95,600.95,600.3,600.85,145
2024-05-23 14:42:00,600.85,600.85,600.0,600.85,4564
2024-05-23 14:43:00,600.85,601.0,600.85,601.0,96
2024-05-23 14:44:00,601.0,601.0,601.0,601.0,40
2024-05-23 14:45:00,601.0,601.05,600.65,601.05,1245
2024-05-23 14:46:00,601.05,601.45,601.05,601.45,180
2024-05-23 14:47:00,601.35,601.45,600.75,601.0,886
2024-05-23 14:48:00,601.0,601.0,601.0,601.0,1345
2024-05-23 14:49:00,600.7,601.15,600.6,601.15,399
2024-05-23 14:50:00,601.15,601.45,601.0,601.45,300
2024-05-23 14:51:00,601.45,601.55,601.0,601.0,272
2024-05-23 14:52:00,601.0,601.55,601.0,601.55,89
2024-05-23 14:53:00,601.55,601.55,601.0,601.1,1135
2024-05-23 14:54:00,601.1,601.5,601.0,601.15,522
2024-05-23 14:55:00,601.15,601.5,601.1,601.4,219
2024-05-23 14:56:00,601.4,601.4,601.0,601.35,85
2024-05-23 14:57:00,601.0,601.25,600.65,600.75,1049
2024-05-23 14:58:00,600.75,601.2,600.75,601.0,135
2024-05-23 14:59:00,601.0,601.2,600.7,600.7,926
2024-05-23 15:00:00,601.2,601.85,601.2,601.7,610
2024-05-23 15:01:00,601.7,601.7,600.7,601.4,132
2024-05-23 15:02:00,601.4,601.7,601.1,601.7,255
2024-05-23 15:03:00,601.7,601.7,601.0,601.0,508
2024-05-23 15:04:00,601.0,601.6,601.0,601.6,285
2024-05-23 15:05:00,601.6,601.6,601.05,601.05,4342
2024-05-23 15:06:00,601.05,601.45,600.85,601.15,571
2024-05-23 15:07:00,601.45,601.5,601.1,601.5,1974
2024-05-23 15:08:00,601.5,601.5,600.7,601.3,159
2024-05-23 15:09:00,601.3,602.5,601.15,602.0,1187
2024-05-23 15:10:00,602.0,602.5,601.95,602.5,4147
2024-05-23 15:11:00,602.5,602.5,602.0,602.05,1380
2024-05-23 15:12:00,602.05,602.1,602.0,602.0,272
2024-05-23 15:13:00,602.1,602.45,602.0,602.1,255
2024-05-23 15:14:00,603.0,603.0,602.25,602.6,1474
2024-05-23 15:15:00,602.1,602.85,602.1,602.85,142
2024-05-23 15:16:00,602.55,602.55,602.1,602.25,561
2024-05-23 15:17:00,602.25,602.8,602.0,602.8,1404
2024-05-23 15:18:00,602.8,603.8,601.85,603.8,7028
2024-05-23 15:19:00,603.65,604.15,603.65,603.95,1617
2024-05-23 15:20:00,604.15,604.15,603.1,603.55,1956
2024-05-23 15:21:00,603.85,604.55,603.85,604.05,1878
2024-05-23 15:22:00,604.05,604.55,603.8,603.9,4617
2024-05-23 15:23:00,603.5,603.9,603.5,603.9,1014
2024-05-23 15:24:00,603.9,604.0,603.5,603.5,3778
2024-05-23 15:25:00,603.5,603.9,603.5,603.8,1201
2024-05-23 15:26:00,603.6,603.75,603.5,603.5,508
2024-05-23 15:27:00,603.5,603.65,603.5,603.5,806
2024-05-23 15:28:00,603.5,605.8,603.5,605.2,6299
2024-05-23 15:29:00,605.0,605.2,605.0,605.2,2883
2024-05-24 09:15:00,605.0,607.2,602.35,602.4,1172
2024-05-24 09:16:00,602.4,604.95,601.4,604.6,2050
2024-05-24 09:17:00,604.8,606.35,603.75,605.8,3292
2024-05-24 09:18:00,605.2,606.3,605.2,605.5,2801
2024-05-24 09:19:00,605.5,605.8,604.9,605.8,2530
2024-05-24 09:20:00,605.8,606.3,605.1,606.15,4216
2024-05-24 09:21:00,606.15,606.15,603.05,605.1,8447
2024-05-24 09:22:00,605.1,605.1,603.05,603.45,1012
2024-05-24 09:23:00,604.45,604.65,603.6,603.6,3022
2024-05-24 09:24:00,603.6,604.95,603.6,604.95,605
2024-05-24 09:25:00,604.5,605.0,604.45,605.0,334
2024-05-24 09:26:00,605.0,605.2,604.7,604.7,3186
2024-05-24 09:27:00,604.7,606.0,604.0,606.0,2221
2024-05-24 09:28:00,606.0,606.3,605.1,605.8,4209
2024-05-24 09:29:00,605.75,606.0,605.0,605.0,904
2024-05-24 09:30:00,605.0,605.4,604.55,605.0,1006
2024-05-24 09:31:00,605.0,606.25,604.75,605.8,1083
2024-05-24 09:32:00,605.8,606.3,605.5,605.5,721
2024-05-24 09:33:00,605.5,605.95,605.5,605.5,1249
2024-05-24 09:34:00,605.5,605.95,605.5,605.95,242
2024-05-24 09:35:00,605.95,605.95,605.25,605.25,294
2024-05-24 09:36:00,605.25,605.25,602.05,604.2,5673
2024-05-24 09:37:00,604.2,604.2,602.35,603.2,1083
2024-05-24 09:38:00,603.2,603.85,601.7,602.1,1350
2024-05-24 09:39:00,602.1,602.55,601.4,601.6,560
2024-05-24 09:40:00,601.85,603.2,601.8,603.05,1103
2024-05-24 09:41:00,602.85,603.0,602.0,602.1,1216
2024-05-24 09:42:00,602.1,604.95,602.1,604.25,4038
2024-05-24 09:43:00,604.25,604.65,603.0,603.65,1065
2024-05-24 09:44:00,603.7,603.7,603.05,603.25,144
2024-05-24 09:45:00,603.25,603.7,603.25,603.4,177
2024-05-24 09:46:00,603.4,603.7,603.2,603.65,315
2024-05-24 09:47:00,603.65,603.75,602.0,602.0,3153
2024-05-24 09:48:00,602.0,602.6,601.75,601.9,353
2024-05-24 09:49:00,601.9,602.7,601.9,602.5,394
2024-05-24 09:50:00,602.45,603.0,602.0,602.0,677
2024-05-24 09:51:00,602.0,602.0,601.5,601.95,946
2024-05-24 09:52:00,601.95,602.7,601.95,602.4,251
2024-05-24 09:53:00,602.4,602.55,601.95,602.05,1585
2024-05-24 09:54:00,602.05,604.3,602.05,604.3,874
2024-05-24 09:55:00,603.7,604.75,603.7,604.25,1192
2024-05-24 09:56:00,604.25,604.65,604.25,604.25,1211
2024-05-24 09:57:00,604.25,604.75,604.25,604.5,459
2024-05-24 09:58:00,604.5,604.65,604.25,604.25,217
2024-05-24 09:59:00,604.25,604.65,604.25,604.25,477
2024-05-24 10:00:00,604.7,604.8,602.0,602.0,1202
2024-05-24 10:01:00,602.0,602.75,602.0,602.15,326
2024-05-24 10:02:00,602.15,603.1,602.05,602.5,115
2024-05-24 10:03:00,602.9,603.2,602.15,602.15,219
2024-05-24 10:04:00,602.15,602.9,602.15,602.9,109
2024-05-24 10:05:00,602.9,603.0,602.7,602.75,106
2024-05-24 10:06:00,603.25,603.75,602.7,602.7,538
2024-05-24 10:07:00,602.7,603.0,602.2,602.2,552
2024-05-24 10:08:00,602.2,602.45,601.9,602.35,1165
2024-05-24 10:09:00,602.35,602.65,601.65,602.35,511
2024-05-24 10:10:00,602.35,603.0,602.2,602.2,666
2024-05-24 10:11:00,602.2,602.85,602.2,602.5,35
2024-05-24 10:12:00,602.5,603.0,602.5,603.0,377
2024-05-24 10:13:00,603.0,603.0,602.5,602.55,312
2024-05-24 10:14:00,602.55,603.05,602.55,602.55,638
2024-05-24 10:15:00,602.55,603.1,602.5,602.5,68
2024-05-24 10:16:00,602.2,602.9,602.2,602.9,1138
2024-05-24 10:17:00,602.5,604.15,602.2,604.15,410
2024-05-24 10:18:00,604.15,606.0,603.45,606.0,8818
2024-05-24 10:19:00,606.0,606.95,605.75,606.25,7684
2024-05-24 10:20:00,606.95,607.0,605.5,606.0,882
2024-05-24 10:21:00,606.0,606.0,605.25,605.45,778
2024-05-24 10:22:00,605.45,605.5,605.15,605.5,7
2024-05-24 10:23:00,605.5,605.5,605.15,605.3,515
2024-05-24 10:24:00,605.5,605.5,605.05,605.5,558
2024-05-24 10:25:00,605.2,605.5,604.4,604.95,162
2024-05-24 10:26:00,604.95,605.1,604.5,605.0,325
2024-05-24 10:27:00,605.0,605.0,604.3,604.3,642
2024-05-24 10:28:00,604.95,605.0,604.25,605.0,176
2024-05-24 10:29:00,605.0,605.0,604.1,604.9,345
2024-05-24 10:30:00,604.9,604.95,604.25,604.85,290
2024-05-24 10:31:00,604.85,604.95,604.55,604.6,217
2024-05-24 10:32:00,604.6,605.5,604.55,605.1,2341
2024-05-24 10:33:00,605.1,605.5,604.8,605.35,113
2024-05-24 10:34:00,605.35,605.5,605.0,605.5,458
2024-05-24 10:35:00,605.5,605.5,605.25,605.3,449
2024-05-24 10:36:00,605.5,605.5,605.3,605.3,325
2024-05-24 10:37:00,605.3,605.5,605.3,605.35,41
2024-05-24 10:38:00,605.35,605.5,605.35,605.5,122
2024-05-24 10:39:00,605.5,605.95,605.15,605.15,2706
2024-05-24 10:40:00,605.15,605.3,605.15,605.3,331
2024-05-24 10:41:00,605.3,605.35,604.55,604.55,2630
2024-05-24 10:42:00,604.55,607.0,604.55,607.0,6249
2024-05-24 10:43:00,607.0,607.0,606.45,606.45,666
2024-05-24 10:44:00,606.45,606.8,606.45,606.5,41
2024-05-24 10:45:00,606.5,606.8,606.5,606.8,117
2024-05-24 10:46:00,606.8,607.2,606.5,607.0,3949
2024-05-24 10:47:00,606.25,606.5,605.7,605.95,6343
2024-05-24 10:48:00,605.95,605.95,605.3,605.3,1057
2024-05-24 10:49:00,605.3,605.45,605.0,605.0,1669
2024-05-24 10:50:00,605.0,605.45,605.0,605.0,612
2024-05-24 10:51:00,605.0,605.45,605.0,605.0,564
2024-05-24 10:52:00,605.0,605.1,605.0,605.1,32
2024-05-24 10:53:00,605.1,605.45,605.1,605.15,57
2024-05-24 10:54:00,605.15,605.45,605.05,605.05,57
2024-05-24 10:55:00,605.05,605.1,605.0,605.0,90
2024-05-24 10:56:00,605.0,605.1,605.0,605.0,83
2024-05-24 10:57:00,605.0,605.1,605.0,605.0,391
2024-05-24 10:58:00,605.0,605.75,605.0,605.2,507
2024-05-24 10:59:00,605.2,605.7,605.15,605.65,268
2024-05-24 11:00:00,605.65,605.65,605.1,605.55,155
2024-05-24 11:01:00,605.55,605.55,605.15,605.15,25
2024-05-24 11:02:00,605.15,605.6,605.1,605.1,555
2024-05-24 11:03:00,605.05,605.75,605.05,605.75,66
2024-05-24 11:04:00,605.75,605.75,605.35,605.7,52
2024-05-24 11:05:00,605.8,606.4,605.7,605.75,1454
2024-05-24 11:06:00,606.45,606.45,605.7,605.7,576
2024-05-24 11:07:00,606.3,606.3,606.0,606.0,38
2024-05-24 11:08:00,606.0,607.75,606.0,607.75,91
2024-05-24 11:09:00,607.75,607.8,606.1,606.1,5392
2024-05-24 11:10:00,606.85,606.9,606.15,606.6,148
2024-05-24 11:11:00,606.6,607.0,606.5,607.0,473
2024-05-24 11:12:00,607.0,607.0,606.9,606.9,1026
2024-05-24 11:13:00,606.1,606.95,606.1,606.3,337
2024-05-24 11:14:00,606.3,606.8,606.3,606.75,21
2024-05-24 11:15:00,606.75,606.95,606.5,606.9,148
2024-05-24 11:16:00,606.95,607.0,606.5,607.0,129
2024-05-24 11:17:00,607.0,607.0,606.5,606.95,95
2024-05-24 11:18:00,606.95,607.0,606.55,607.0,467
2024-05-24 11:19:00,607.0,607.3,606.55,607.0,1480
2024-05-24 11:20:00,607.0,607.5,607.0,607.5,244
2024-05-24 11:21:00,607.5,607.6,607.0,607.0,32
2024-05-24 11:22:00,607.0,607.4,607.0,607.0,28
2024-05-24 11:23:00,607.0,607.5,607.0,607.0,304
2024-05-24 11:24:00,607.0,607.45,607.0,607.0,18
2024-05-24 11:25:00,607.0,607.4,607.0,607.0,143
2024-05-24 11:26:00,607.0,607.5,607.0,607.0,198
2024-05-24 11:27:00,607.0,607.5,607.0,607.4,44
2024-05-24 11:28:00,607.4,607.4,606.7,606.7,131
2024-05-24 11:29:00,607.3,607.3,606.5,606.5,753
2024-05-24 11:30:00,606.5,607.3,606.5,606.8,92
2024-05-24 11:31:00,606.8,607.8,606.8,606.8,989
2024-05-24 11:32:00,606.8,607.5,606.8,607.0,305
2024-05-24 11:33:00,607.0,607.35,606.85,607.3,74
2024-05-24 11:34:00,607.3,607.3,606.05,606.05,932
2024-05-24 11:35:00,606.05,606.8,605.7,606.75,250
2024-05-24 11:36:00,606.55,606.85,606.55,606.85,14
2024-05-24 11:37:00,606.85,606.85,605.7,606.4,220
2024-05-24 11:38:00,606.4,606.75,605.85,606.55,244
2024-05-24 11:39:00,606.55,606.7,605.7,606.7,410
2024-05-24 11:40:00,606.7,606.75,605.9,605.9,1040
2024-05-24 11:41:00,605.9,606.55,605.9,606.0,96
2024-05-24 11:42:00,606.0,606.4,605.7,605.95,30
2024-05-24 11:43:00,605.95,606.45,605.75,606.0,8
2024-05-24 11:44:00,606.0,606.45,605.7,605.7,560
2024-05-24 11:45:00,605.7,606.3,605.65,606.05,29
2024-05-24 11:46:00,606.05,606.35,605.4,606.0,725
2024-05-24 11:47:00,606.0,606.25,605.5,605.8,330
2024-05-24 11:48:00,605.8,606.5,605.75,606.25,774
2024-05-24 11:49:00,606.25,606.25,605.75,606.2,123
2024-05-24 11:50:00,605.8,606.55,605.8,606.55,193
2024-05-24 11:51:00,606.75,606.75,606.05,606.5,156
2024-05-24 11:52:00,606.5,606.5,606.0,606.1,568
2024-05-24 11:53:00,606.1,607.8,606.0,607.2,2407
2024-05-24 11:54:00,607.05,607.7,607.05,607.7,860
2024-05-24 11:55:00,608.25,609.8,608.25,609.0,7899
2024-05-24 11:56:00,609.0,609.65,608.55,609.6,1785
2024-05-24 11:57:00,609.6,609.7,608.7,609.05,297
2024-05-24 11:58:00,609.05,609.8,608.9,609.5,1345
2024-05-24 11:59:00,608.9,609.65,608.75,608.85,2185
2024-05-24 12:00:00,609.3,609.3,607.6,608.75,1314
2024-05-24 12:01:00,608.75,609.05,608.4,608.45,244
2024-05-24 12:02:00,608.45,608.75,608.0,608.75,862
2024-05-24 12:03:00,608.85,609.75,608.1,609.75,84
2024-05-24 12:04:00,609.75,609.75,607.85,608.65,1848
2024-05-24 12:05:00,608.65,608.9,607.9,608.9,150
2024-05-24 12:06:00,608.9,608.95,608.3,608.3,851
2024-05-24 12:07:00,608.3,608.95,608.3,608.3,5
2024-05-24 12:08:00,608.3,608.95,608.3,608.4,19
2024-05-24 12:09:00,608.2,608.7,607.7,607.85,747
2024-05-24 12:10:00,607.85,609.0,607.55,608.55,2607
2024-05-24 12:11:00,608.55,609.0,608.55,609.0,127
2024-05-24 12:12:00,609.0,609.0,608.55,608.55,162
2024-05-24 12:13:00,608.55,608.9,608.4,608.4,294
2024-05-24 12:14:00,608.4,608.9,608.4,608.6,227
2024-05-24 12:15:00,608.6,609.05,608.6,609.05,700
2024-05-24 12:16:00,609.05,609.8,609.05,609.8,867
2024-05-24 12:17:00,609.8,609.85,609.1,609.85,573
2024-05-24 12:18:00,609.85,611.8,609.5,611.7,5403
2024-05-24 12:19:00,611.7,611.8,611.05,611.15,385
2024-05-24 12:20:00,611.15,611.65,611.15,611.2,766
2024-05-24 12:21:00,611.2,611.6,610.9,611.0,2826
2024-05-24 12:22:00,611.05,611.5,611.0,611.5,864
2024-05-24 12:23:00,611.1,611.1,609.8,609.8,4356
2024-05-24 12:24:00,609.2,610.3,609.2,610.0,2024
2024-05-24 12:25:00,610.7,610.7,609.95,609.95,429
2024-05-24 12:26:00,609.05,610.45,609.05,610.0,647
2024-05-24 12:27:00,610.5,610.5,609.5,610.5,175
2024-05-24 12:28:00,610.0,610.5,610.0,610.4,568
2024-05-24 12:29:00,610.4,611.1,609.85,610.95,7005
2024-05-24 12:30:00,610.95,611.0,610.8,610.95,894
2024-05-24 12:31:00,610.95,611.7,610.35,611.4,1976
2024-05-24 12:32:00,611.4,611.7,611.05,611.7,600
2024-05-24 12:33:00,611.7,612.4,611.65,611.7,2418
2024-05-24 12:34:00,612.25,613.0,612.25,612.3,3333
2024-05-24 12:35:00,611.8,612.25,611.8,611.8,37
2024-05-24 12:36:00,611.8,612.3,611.15,612.2,1218
2024-05-24 12:37:00,612.2,612.2,611.05,612.0,1109
2024-05-24 12:38:00,612.0,612.0,611.3,611.3,110
2024-05-24 12:39:00,611.3,611.75,611.05,611.1,1000
2024-05-24 12:40:00,611.65,611.8,611.1,611.65,642
2024-05-24 12:41:00,611.05,611.75,611.05,611.75,1303
2024-05-24 12:42:00,611.75,611.85,611.2,611.2,293
2024-05-24 12:43:00,611.3,611.85,611.3,611.6,118
2024-05-24 12:44:00,611.6,611.65,611.25,611.55,197
2024-05-24 12:45:00,611.55,611.6,611.0,611.0,1189
2024-05-24 12:46:00,611.0,611.6,611.0,611.6,658
2024-05-24 12:47:00,611.6,611.6,610.15,610.7,823
2024-05-24 12:48:00,610.7,610.9,610.15,610.9,199
2024-05-24 12:49:00,610.9,611.0,610.75,611.0,110
2024-05-24 12:50:00,611.0,611.0,610.9,611.0,121
2024-05-24 12:51:00,611.0,611.85,611.0,611.35,2331
2024-05-24 12:52:00,611.35,611.35,610.65,611.25,341
2024-05-24 12:53:00,611.25,611.25,610.55,611.0,511
2024-05-24 12:54:00,611.0,611.3,610.5,610.5,648
2024-05-24 12:55:00,611.1,611.1,610.25,610.8,338
2024-05-24 12:56:00,610.8,611.0,610.25,611.0,246
2024-05-24 12:57:00,611.0,611.0,610.3,610.95,190
2024-05-24 12:58:00,610.95,611.0,610.55,610.95,287
2024-05-24 12:59:00,610.95,610.95,610.3,610.95,67
2024-05-24 13:00:00,610.95,611.0,610.25,610.25,491
2024-05-24 13:01:00,610.7,610.7,610.0,610.6,388
2024-05-24 13:02:00,610.05,610.65,609.05,609.05,1877
2024-05-24 13:03:00,609.6,610.4,609.05,609.6,325
2024-05-24 13:04:00,609.6,610.35,609.6,609.65,166
2024-05-24 13:05:00,609.65,610.2,609.25,610.2,596
2024-05-24 13:06:00,610.2,610.45,609.35,609.9,800
2024-05-24 13:07:00,609.9,610.0,609.2,609.9,38
2024-05-24 13:08:00,609.9,610.0,609.0,609.0,151
2024-05-24 13:09:00,609.0,609.5,608.4,608.45,2092
2024-05-24 13:10:00,608.45,609.45,608.45,609.05,312
2024-05-24 13:11:00,609.05,609.05,608.2,608.2,457
2024-05-24 13:12:00,608.2,608.5,608.0,608.0,740
2024-05-24 13:13:00,608.0,608.05,607.3,608.0,499
2024-05-24 13:14:00,608.0,608.0,606.65,607.05,1234
2024-05-24 13:15:00,607.05,608.9,607.0,607.3,894
2024-05-24 13:16:00,608.45,608.5,608.1,608.45,29
2024-05-24 13:17:00,608.5,608.5,607.65,608.4,297
2024-05-24 13:18:00,608.4,609.45,608.35,608.45,847
2024-05-24 13:19:00,608.45,608.6,607.85,608.3,5
2024-05-24 13:20:00,608.3,608.3,607.45,608.1,326
2024-05-24 13:21:00,607.9,608.05,607.3,607.3,92
2024-05-24 13:22:00,607.05,607.8,607.05,607.1,563
2024-05-24 13:23:00,607.1,608.5,607.1,607.2,152
2024-05-24 13:24:00,607.2,608.2,607.2,607.4,410
2024-05-24 13:25:00,607.4,609.25,607.4,609.25,3172
2024-05-24 13:26:00,609.25,609.45,608.65,608.65,191
2024-05-24 13:27:00,608.6,610.0,608.6,610.0,125
2024-05-24 13:28:00,610.0,610.3,609.35,609.35,653
2024-05-24 13:29:00,609.35,609.35,607.95,608.75,1027
2024-05-24 13:30:00,608.75,608.75,607.95,608.15,127
2024-05-24 13:31:00,608.15,608.8,608.15,608.8,128
2024-05-24 13:32:00,608.8,608.8,608.1,608.15,30
2024-05-24 13:33:00,608.15,609.0,608.1,609.0,229
2024-05-24 13:34:00,609.0,609.0,608.35,608.35,17
2024-05-24 13:35:00,608.35,609.0,608.35,608.45,25
2024-05-24 13:36:00,608.45,608.95,608.05,608.05,24
2024-05-24 13:37:00,608.05,609.0,608.05,609.0,655
2024-05-24 13:38:00,609.05,609.75,609.05,609.15,9
2024-05-24 13:39:00,609.15,609.35,609.15,609.35,15
2024-05-24 13:40:00,609.35,609.8,609.3,609.75,99
2024-05-24 13:41:00,609.85,610.0,609.4,609.4,922
2024-05-24 13:42:00,609.4,609.9,609.4,609.9,90
2024-05-24 13:43:00,609.9,609.9,609.0,609.0,39
2024-05-24 13:44:00,609.6,610.0,609.1,610.0,85
2024-05-24 13:45:00,610.0,610.05,609.5,609.5,80
2024-05-24 13:46:00,609.9,609.9,609.0,609.0,1070
2024-05-24 13:47:00,609.0,609.0,608.35,608.9,153
2024-05-24 13:48:00,608.9,608.9,608.2,608.2,203
2024-05-24 13:49:00,608.2,608.7,608.2,608.3,24
2024-05-24 13:50:00,608.3,608.6,608.15,608.6,17
2024-05-24 13:51:00,608.6,608.6,608.1,608.1,60
2024-05-24 13:52:00,608.6,608.6,608.15,608.45,229
2024-05-24 13:53:00,608.45,608.5,608.15,608.5,139
2024-05-24 13:54:00,608.5,608.5,608.15,608.15,47
2024-05-24 13:55:00,608.15,608.4,608.15,608.15,227
2024-05-24 13:56:00,608.15,608.15,608.15,608.15,1
2024-05-24 13:57:00,608.15,608.4,608.15,608.4,94
2024-05-24 13:58:00,608.4,608.4,608.15,608.15,18
2024-05-24 13:59:00,608.15,608.4,608.15,608.4,154
2024-05-24 14:00:00,608.4,609.0,608.4,608.55,1505
2024-05-24 14:01:00,608.55,609.0,608.55,609.0,28
2024-05-24 14:02:00,609.0,609.0,608.4,608.5,391
2024-05-24 14:03:00,608.5,609.15,608.5,608.55,227
2024-05-24 14:04:00,608.55,609.6,608.55,608.55,219
2024-05-24 14:05:00,608.9,609.55,608.9,609.05,157
2024-05-24 14:06:00,609.3,609.55,608.65,609.55,1054
2024-05-24 14:07:00,609.55,609.55,608.6,609.3,255
2024-05-24 14:08:00,609.0,609.3,608.4,608.5,325
2024-05-24 14:09:00,608.75,609.25,608.65,608.65,143
2024-05-24 14:10:00,608.65,609.25,608.65,608.95,132
2024-05-24 14:11:00,608.95,609.3,608.65,609.05,190
2024-05-24 14:12:00,609.05,609.35,608.65,608.65,166
2024-05-24 14:13:00,608.65,609.3,608.65,608.7,202
2024-05-24 14:14:00,609.35,609.4,608.65,608.65,237
2024-05-24 14:15:00,608.9,609.25,608.4,608.4,475
2024-05-24 14:16:00,608.4,608.4,608.3,608.3,194
2024-05-24 14:17:00,608.3,608.9,608.3,608.5,413
2024-05-24 14:18:00,608.5,608.65,608.05,608.65,212
2024-05-24 14:19:00,608.65,608.65,608.15,608.65,33
2024-05-24 14:20:00,608.65,608.65,608.25,608.25,8
2024-05-24 14:21:00,608.25,610.05,608.25,609.05,5063
2024-05-24 14:22:00,609.7,609.7,609.7,609.7,1
2024-05-24 14:23:00,609.7,609.7,608.6,609.3,636
2024-05-24 14:24:00,609.3,609.9,608.6,608.9,1028
2024-05-24 14:25:00,609.7,610.0,608.85,610.0,3092
2024-05-24 14:26:00,610.0,610.5,608.8,608.8,3292
2024-05-24 14:27:00,609.0,609.3,608.65,609.3,149
2024-05-24 14:28:00,609.3,609.5,608.6,609.25,174
2024-05-24 14:29:00,609.25,609.4,608.5,608.5,424
2024-05-24 14:30:00,608.5,608.5,606.3,606.3,2092
2024-05-24 14:31:00,606.0,606.45,606.0,606.0,373
2024-05-24 14:32:00,606.0,606.7,606.0,606.0,1168
2024-05-24 14:33:00,606.7,607.45,606.5,607.1,4504
2024-05-24 14:34:00,606.9,606.95,605.8,606.5,1372
2024-05-24 14:35:00,606.5,606.85,606.5,606.85,1926
2024-05-24 14:36:00,606.85,607.2,606.5,606.7,560
2024-05-24 14:37:00,606.7,607.4,606.5,607.4,187
2024-05-24 14:38:00,606.8,606.8,605.3,605.3,4702
2024-05-24 14:39:00,605.3,606.55,605.3,606.55,371
2024-05-24 14:40:00,606.55,606.85,606.0,606.0,323
2024-05-24 14:41:00,606.6,606.6,605.55,605.6,187
2024-05-24 14:42:00,605.6,606.65,605.6,606.65,303
2024-05-24 14:43:00,606.65,607.0,606.65,606.95,393
2024-05-24 14:44:00,606.95,606.95,605.2,605.2,117
2024-05-24 14:45:00,605.2,606.2,605.2,606.2,447
2024-05-24 14:46:00,605.55,606.05,605.5,606.05,118
2024-05-24 14:47:00,606.05,606.2,606.0,606.05,740
2024-05-24 14:48:00,606.05,606.15,605.6,605.6,226
2024-05-24 14:49:00,605.6,605.6,605.1,605.3,88
2024-05-24 14:50:00,605.05,605.8,605.0,605.8,478
2024-05-24 14:51:00,605.8,605.8,605.2,605.8,56
2024-05-24 14:52:00,605.8,605.85,605.8,605.85,16
2024-05-24 14:53:00,605.85,605.85,605.3,605.3,130
2024-05-24 14:54:00,605.3,605.5,605.0,605.5,2920
2024-05-24 14:55:00,605.5,605.5,605.5,605.5,144
2024-05-24 14:56:00,605.45,605.45,605.05,605.05,403
2024-05-24 14:57:00,605.35,605.35,605.0,605.0,4295
2024-05-24 14:58:00,605.0,605.5,605.0,605.05,1448
2024-05-24 14:59:00,605.05,605.05,604.35,604.35,4409
2024-05-24 15:00:00,604.85,604.85,603.7,603.7,605
2024-05-24 15:01:00,603.95,604.4,603.7,604.0,374
2024-05-24 15:02:00,604.4,605.0,603.7,603.8,3169
2024-05-24 15:03:00,603.8,604.05,603.2,603.25,441
2024-05-24 15:04:00,603.25,604.45,603.0,603.1,2209
2024-05-24 15:05:00,603.1,603.7,603.0,603.7,750
2024-05-24 15:06:00,603.7,603.8,603.1,603.75,81
2024-05-24 15:07:00,603.75,604.1,603.3,603.35,661
2024-05-24 15:08:00,603.2,603.9,603.2,603.9,148
2024-05-24 15:09:00,603.9,605.15,603.9,605.15,1139
2024-05-24 15:10:00,604.95,605.5,604.65,605.05,1160
2024-05-24 15:11:00,605.05,605.05,604.05,604.05,937
2024-05-24 15:12:00,604.05,605.0,604.05,605.0,208
2024-05-24 15:13:00,604.9,604.9,604.15,604.25,2317
2024-05-24 15:14:00,604.25,604.65,604.25,604.65,277
2024-05-24 15:15:00,604.75,607.4,604.75,606.6,5209
2024-05-24 15:16:00,606.6,606.6,603.5,603.5,2823
2024-05-24 15:17:00,603.55,604.0,603.55,603.75,136
2024-05-24 15:18:00,603.75,604.95,603.05,604.6,2836
2024-05-24 15:19:00,604.6,604.7,603.5,604.55,2341
2024-05-24 15:20:00,604.55,605.55,604.55,605.0,1727
2024-05-24 15:21:00,605.5,605.5,604.0,604.0,482
2024-05-24 15:22:00,604.0,604.8,604.0,604.3,215
2024-05-24 15:23:00,603.6,607.25,603.6,606.1,2140
2024-05-24 15:24:00,606.1,606.4,605.2,605.9,3872
2024-05-24 15:25:00,605.9,605.9,605.2,605.5,612
2024-05-24 15:26:00,605.5,605.7,605.1,605.7,3093
2024-05-24 15:27:00,605.6,606.1,605.6,606.0,762
2024-05-24 15:28:00,606.0,606.0,605.2,605.4,773
2024-05-24 15:29:00,605.4,606.9,605.1,606.9,648
2024-05-27 09:15:00,612.0,614.9,608.0,614.0,8957
2024-05-27 09:16:00,613.1,616.8,613.0,616.8,4390
2024-05-27 09:17:00,617.0,621.0,616.9,619.75,16892
2024-05-27 09:18:00,619.75,619.95,617.45,618.05,5387
2024-05-27 09:19:00,618.0,620.0,616.55,619.35,19750
2024-05-27 09:20:00,618.45,619.7,616.2,616.85,3630
2024-05-27 09:21:00,617.25,618.7,616.05,618.7,6042
2024-05-27 09:22:00,618.1,618.1,617.0,618.0,2740
2024-05-27 09:23:00,617.45,619.0,617.45,618.05,5590
2024-05-27 09:24:00,618.05,623.4,618.05,621.9,41225
2024-05-27 09:25:00,621.8,622.7,618.4,619.7,17004
2024-05-27 09:26:00,619.7,619.7,618.25,618.25,3266
2024-05-27 09:27:00,618.7,619.7,617.4,619.15,13653
2024-05-27 09:28:00,619.4,622.8,619.4,622.3,6590
2024-05-27 09:29:00,622.15,622.65,621.6,622.0,3491
2024-05-27 09:30:00,622.2,624.7,620.2,620.5,18516
2024-05-27 09:31:00,620.2,621.45,618.95,620.3,5848
2024-05-27 09:32:00,620.3,621.6,620.0,620.75,4666
2024-05-27 09:33:00,620.25,623.7,620.25,623.1,6522
2024-05-27 09:34:00,623.1,623.65,622.8,622.8,3046
2024-05-27 09:35:00,622.6,623.45,621.75,621.75,3431
2024-05-27 09:36:00,621.8,623.75,621.7,623.75,4754
2024-05-27 09:37:00,624.0,624.7,623.3,623.3,10878
2024-05-27 09:38:00,623.3,623.6,622.15,622.2,3420
2024-05-27 09:39:00,622.2,622.6,621.35,621.85,3411
2024-05-27 09:40:00,621.85,622.3,621.3,622.3,3477
2024-05-27 09:41:00,622.3,622.7,621.6,622.1,3157
2024-05-27 09:42:00,622.1,622.8,621.6,621.6,8039
2024-05-27 09:43:00,621.6,621.95,620.35,621.0,5415
2024-05-27 09:44:00,621.0,621.15,619.2,619.95,3827
2024-05-27 09:45:00,620.0,620.4,617.3,617.85,4702
2024-05-27 09:46:00,617.4,617.7,614.9,615.5,8956
2024-05-27 09:47:00,615.4,616.2,613.2,613.9,3185
2024-05-27 09:48:00,613.3,614.15,611.1,611.1,7799
2024-05-27 09:49:00,611.05,613.75,610.55,613.6,2715
2024-05-27 09:50:00,613.6,613.8,612.35,613.8,3445
2024-05-27 09:51:00,613.3,613.5,612.1,613.05,2941
2024-05-27 09:52:00,613.1,615.15,612.8,615.15,3785
2024-05-27 09:53:00,614.75,615.6,614.3,614.5,3590
2024-05-27 09:54:00,614.05,614.05,613.05,613.45,849
2024-05-27 09:55:00,613.05,613.45,612.1,612.5,1441
2024-05-27 09:56:00,612.1,613.2,612.1,612.95,887
2024-05-27 09:57:00,612.55,613.5,611.55,613.5,4337
2024-05-27 09:58:00,612.95,613.95,612.5,612.5,2592
2024-05-27 09:59:00,612.0,612.45,610.2,610.2,3360
2024-05-27 10:00:00,610.2,610.5,608.35,608.35,13490
2024-05-27 10:01:00,608.5,608.75,605.05,606.6,3590
2024-05-27 10:02:00,606.0,607.45,604.5,607.45,4984
2024-05-27 10:03:00,606.4,608.85,606.4,608.6,2787
2024-05-27 10:04:00,608.0,610.45,608.0,610.45,943
2024-05-27 10:05:00,609.55,611.65,609.55,611.4,1611
2024-05-27 10:06:00,611.5,612.7,611.5,611.8,1762
2024-05-27 10:07:00,611.8,613.5,611.5,613.5,749
2024-05-27 10:08:00,613.5,613.5,610.5,611.3,11669
2024-05-27 10:09:00,610.75,611.95,609.95,611.95,17469
2024-05-27 10:10:00,611.6,612.55,611.6,611.65,1117
2024-05-27 10:11:00,611.75,612.7,611.4,612.0,1300
2024-05-27 10:12:00,611.5,611.9,610.4,610.85,679
2024-05-27 10:13:00,610.15,610.95,610.15,610.3,122
2024-05-27 10:14:00,610.3,611.55,610.3,610.9,372
2024-05-27 10:15:00,610.95,611.2,610.1,611.2,1101
2024-05-27 10:16:00,610.55,611.85,610.3,611.85,878
2024-05-27 10:17:00,611.85,611.85,610.05,610.8,1321
2024-05-27 10:18:00,610.25,611.45,610.25,611.45,1009
2024-05-27 10:19:00,610.65,611.4,610.65,610.8,348
2024-05-27 10:20:00,611.3,611.5,610.9,611.5,39
2024-05-27 10:21:00,611.5,611.85,611.4,611.5,410
2024-05-27 10:22:00,611.5,612.75,611.5,612.15,1135
2024-05-27 10:23:00,612.15,612.6,611.1,612.15,1592
2024-05-27 10:24:00,612.15,612.5,611.55,612.15,149
2024-05-27 10:25:00,612.7,612.7,611.1,611.7,814
2024-05-27 10:26:00,611.25,612.1,611.25,611.95,72
2024-05-27 10:27:00,611.55,612.15,611.55,611.65,436
2024-05-27 10:28:00,611.65,611.95,609.2,609.2,5309
2024-05-27 10:29:00,609.2,609.7,609.2,609.4,197
2024-05-27 10:30:00,609.7,610.15,609.0,609.7,2960
2024-05-27 10:31:00,609.85,611.55,609.85,611.3,424
2024-05-27 10:32:00,611.3,611.35,610.1,610.85,479
2024-05-27 10:33:00,610.4,610.5,608.85,610.25,2201
2024-05-27 10:34:00,609.55,610.4,609.55,610.2,1722
2024-05-27 10:35:00,609.55,610.3,608.25,609.1,618
2024-05-27 10:36:00,608.45,609.1,608.45,609.0,618
2024-05-27 10:37:00,608.45,608.7,608.0,608.25,125
2024-05-27 10:38:00,608.25,609.1,608.25,608.65,147
2024-05-27 10:39:00,608.65,609.1,608.65,609.1,548
2024-05-27 10:40:00,608.7,609.1,608.7,609.1,257
2024-05-27 10:41:00,608.75,609.1,608.75,608.8,8
2024-05-27 10:42:00,608.8,609.1,608.0,608.0,3994
2024-05-27 10:43:00,607.55,607.95,606.7,607.05,873
2024-05-27 10:44:00,607.05,608.05,606.6,608.05,2231
2024-05-27 10:45:00,608.05,608.05,607.4,607.4,51
2024-05-27 10:46:00,607.4,608.25,607.4,608.25,1363
2024-05-27 10:47:00,607.65,608.3,607.65,607.75,335
2024-05-27 10:48:00,608.25,608.35,607.7,607.75,128
2024-05-27 10:49:00,607.75,608.55,607.75,608.0,392
2024-05-27 10:50:00,608.0,608.55,607.6,607.7,1858
2024-05-27 10:51:00,607.7,608.55,607.7,607.8,200
2024-05-27 10:52:00,607.7,608.5,607.7,608.5,252
2024-05-27 10:53:00,607.9,608.45,607.9,607.9,28
2024-05-27 10:54:00,607.9,608.45,607.55,607.55,1052
2024-05-27 10:55:00,607.55,608.5,607.55,608.5,581
2024-05-27 10:56:00,608.5,608.5,608.1,608.15,929
2024-05-27 10:57:00,608.15,608.8,608.15,608.25,108
2024-05-27 10:58:00,608.25,608.3,607.65,608.2,3506
2024-05-27 10:59:00,608.2,608.2,607.65,608.0,12
2024-05-27 11:00:00,608.15,608.15,608.0,608.0,424
2024-05-27 11:01:00,608.1,608.3,608.0,608.3,875
2024-05-27 11:02:00,608.2,608.2,607.05,607.45,2264
2024-05-27 11:03:00,607.05,607.15,606.4,606.6,619
2024-05-27 11:04:00,606.6,607.15,606.6,606.7,186
2024-05-27 11:05:00,606.75,607.55,606.65,606.8,1179
2024-05-27 11:06:00,606.8,606.8,606.8,606.8,5
2024-05-27 11:07:00,606.8,607.45,606.8,607.45,87
2024-05-27 11:08:00,607.0,607.5,607.0,607.45,1145
2024-05-27 11:09:00,607.45,608.85,607.05,608.15,903
2024-05-27 11:10:00,608.85,608.95,608.15,608.95,276
2024-05-27 11:11:00,608.3,609.75,608.3,609.75,361
2024-05-27 11:12:00,609.8,609.8,608.25,608.4,974
2024-05-27 11:13:00,609.4,610.0,608.6,609.95,1452
2024-05-27 11:14:00,609.95,609.95,608.4,609.1,1092
2024-05-27 11:15:00,609.1,609.6,608.45,609.55,240
2024-05-27 11:16:00,609.1,609.4,608.6,608.85,197
2024-05-27 11:17:00,608.8,609.35,608.1,608.7,1203
2024-05-27 11:18:00,608.75,609.55,608.7,609.45,58
2024-05-27 11:19:00,609.45,609.8,608.15,608.95,986
2024-05-27 11:20:00,608.45,609.6,608.45,609.05,78
2024-05-27 11:21:00,609.05,609.55,608.45,608.6,1494
2024-05-27 11:22:00,608.6,609.3,608.35,609.3,365
2024-05-27 11:23:00,609.3,609.3,608.2,608.85,1517
2024-05-27 11:24:00,608.9,609.0,608.4,609.0,358
2024-05-27 11:25:00,608.55,609.0,608.45,608.95,84
2024-05-27 11:26:00,608.5,608.95,608.3,608.95,792
2024-05-27 11:27:00,608.45,609.5,607.9,609.5,3060
2024-05-27 11:28:00,608.7,609.55,608.2,608.85,911
2024-05-27 11:29:00,608.85,609.7,608.45,609.7,229
2024-05-27 11:30:00,609.05,609.8,609.05,609.7,51
2024-05-27 11:31:00,609.15,609.65,608.3,609.0,194
2024-05-27 11:32:00,609.0,609.3,608.65,609.15,158
2024-05-27 11:33:00,608.9,609.4,608.75,608.95,97
2024-05-27 11:34:00,608.95,609.65,608.85,609.55,186
2024-05-27 11:35:00,609.15,609.5,608.65,608.65,549
2024-05-27 11:36:00,608.8,609.75,608.8,609.6,290
2024-05-27 11:37:00,609.35,609.75,609.2,609.75,672
2024-05-27 11:38:00,609.35,609.75,609.2,609.75,342
2024-05-27 11:39:00,609.35,609.75,609.35,609.35,24
2024-05-27 11:40:00,609.35,609.75,609.0,609.7,1545
2024-05-27 11:41:00,609.3,610.0,609.3,610.0,253
2024-05-27 11:42:00,610.0,610.0,609.3,609.3,269
2024-05-27 11:43:00,609.3,609.9,609.3,609.3,78
2024-05-27 11:44:00,609.3,609.9,609.3,609.35,42
2024-05-27 11:45:00,609.35,609.9,609.2,609.7,47
2024-05-27 11:46:00,609.15,610.0,609.15,609.5,565
2024-05-27 11:47:00,609.5,609.9,609.4,609.5,607
2024-05-27 11:48:00,609.9,609.9,609.5,609.9,97
2024-05-27 11:49:00,609.9,609.9,609.55,609.9,112
2024-05-27 11:50:00,609.65,609.9,609.65,609.65,45
2024-05-27 11:51:00,609.55,609.85,609.5,609.8,665
2024-05-27 11:52:00,609.8,609.85,609.05,609.85,797
2024-05-27 11:53:00,609.85,609.85,608.7,608.7,1400
2024-05-27 11:54:00,608.7,609.0,608.7,609.0,208
2024-05-27 11:55:00,608.75,609.0,608.55,609.0,392
2024-05-27 11:56:00,608.75,609.0,608.75,608.75,106
2024-05-27 11:57:00,608.75,609.0,608.75,608.75,295
2024-05-27 11:58:00,608.75,608.95,608.4,608.55,3022
2024-05-27 11:59:00,608.55,609.0,608.55,608.95,131
2024-05-27 12:00:00,608.95,609.0,608.5,608.95,153
2024-05-27 12:01:00,608.55,608.9,608.55,608.6,24
2024-05-27 12:02:00,608.6,608.95,608.45,608.95,340
2024-05-27 12:03:00,608.45,608.95,608.45,608.95,45
2024-05-27 12:04:00,608.95,609.0,608.4,608.4,280
2024-05-27 12:05:00,608.4,608.85,608.3,608.85,120
2024-05-27 12:06:00,608.4,609.0,608.35,609.0,472
2024-05-27 12:07:00,609.0,609.0,608.35,608.5,430
2024-05-27 12:08:00,608.5,608.5,608.05,608.4,544
2024-05-27 12:09:00,608.4,608.95,608.25,608.25,869
2024-05-27 12:10:00,608.25,608.5,608.15,608.5,304
2024-05-27 12:11:00,608.5,608.5,607.3,607.55,2355
2024-05-27 12:12:00,607.55,608.0,606.85,607.55,2422
2024-05-27 12:13:00,607.55,609.0,607.4,608.35,694
2024-05-27 12:14:00,608.35,608.95,608.35,608.95,29
2024-05-27 12:15:00,608.4,609.0,608.4,608.45,87
2024-05-27 12:16:00,608.45,609.0,608.3,608.3,2085
2024-05-27 12:17:00,608.5,608.95,608.5,608.55,15
2024-05-27 12:18:00,608.55,609.0,608.15,608.15,19
2024-05-27 12:19:00,608.15,608.55,608.15,608.55,183
2024-05-27 12:20:00,608.55,608.55,608.0,608.25,284
2024-05-27 12:21:00,608.0,608.25,607.5,608.0,570
2024-05-27 12:22:00,607.65,608.0,607.6,607.65,151
2024-05-27 12:23:00,607.65,608.0,607.45,608.0,168
2024-05-27 12:24:00,607.55,608.0,607.55,608.0,385
2024-05-27 12:25:00,607.55,608.0,607.55,608.0,71
2024-05-27 12:26:00,608.0,608.0,607.2,607.25,162
2024-05-27 12:27:00,607.2,607.6,607.1,607.2,86
2024-05-27 12:28:00,607.2,607.65,607.2,607.35,107
2024-05-27 12:29:00,607.3,607.65,607.1,607.15,296
2024-05-27 12:30:00,607.15,607.5,607.1,607.2,186
2024-05-27 12:31:00,607.2,607.6,607.2,607.25,62
2024-05-27 12:32:00,607.25,607.5,607.25,607.5,318
2024-05-27 12:33:00,607.25,607.9,607.25,607.9,151
2024-05-27 12:34:00,607.4,607.4,607.1,607.1,343
2024-05-27 12:35:00,607.1,608.25,607.1,608.0,1941
2024-05-27 12:36:00,608.05,608.65,607.4,608.65,1124
2024-05-27 12:37:00,608.15,608.9,607.65,608.4,559
2024-05-27 12:38:00,607.85,608.2,607.6,607.7,35
2024-05-27 12:39:00,607.65,608.2,607.55,607.55,23
2024-05-27 12:40:00,607.45,608.4,607.1,608.4,858
2024-05-27 12:41:00,608.3,608.85,608.15,608.2,230
2024-05-27 12:42:00,608.25,608.9,608.2,608.9,444
2024-05-27 12:43:00,609.0,609.0,608.05,608.9,837
2024-05-27 12:44:00,608.9,609.0,608.2,608.2,1781
2024-05-27 12:45:00,608.2,608.8,608.2,608.25,207
2024-05-27 12:46:00,608.25,609.0,608.25,608.35,213
2024-05-27 12:47:00,608.9,609.0,608.4,609.0,364
2024-05-27 12:48:00,608.55,609.0,608.35,609.0,840
2024-05-27 12:49:00,608.5,608.95,608.5,608.5,124
2024-05-27 12:50:00,608.5,609.0,608.4,609.0,453
2024-05-27 12:51:00,608.55,609.0,608.35,608.35,64
2024-05-27 12:52:00,608.35,608.8,608.35,608.8,75
2024-05-27 12:53:00,608.8,608.95,607.65,608.95,1662
2024-05-27 12:54:00,608.95,609.0,607.85,608.65,984
2024-05-27 12:55:00,608.1,608.8,608.1,608.8,82
2024-05-27 12:56:00,608.2,608.8,608.15,608.8,279
2024-05-27 12:57:00,608.8,608.8,608.25,608.25,11
2024-05-27 12:58:00,608.15,608.15,608.1,608.1,38
2024-05-27 12:59:00,608.1,608.45,607.95,607.95,63
2024-05-27 13:00:00,607.95,608.3,607.75,608.15,401
2024-05-27 13:01:00,608.2,608.25,607.85,608.2,209
2024-05-27 13:02:00,608.2,608.25,607.6,607.6,59
2024-05-27 13:03:00,607.55,607.95,607.55,607.95,186
2024-05-27 13:04:00,607.65,607.95,607.55,607.6,65
2024-05-27 13:05:00,607.55,607.95,607.55,607.95,94
2024-05-27 13:06:00,607.95,607.95,607.5,607.8,454
2024-05-27 13:07:00,607.8,607.95,607.3,607.65,190
2024-05-27 13:08:00,607.65,607.9,607.65,607.65,54
2024-05-27 13:09:00,607.65,607.65,607.1,607.1,191
2024-05-27 13:10:00,607.1,607.5,607.1,607.5,234
2024-05-27 13:11:00,607.15,607.95,607.1,607.6,656
2024-05-27 13:12:00,607.6,608.9,607.6,608.85,855
2024-05-27 13:13:00,608.3,608.9,608.25,608.75,296
2024-05-27 13:14:00,608.25,608.8,608.25,608.25,40
2024-05-27 13:15:00,608.25,608.8,608.25,608.8,105
2024-05-27 13:16:00,608.4,611.95,608.4,610.95,16761
2024-05-27 13:17:00,610.7,611.3,610.1,611.0,422
2024-05-27 13:18:00,611.0,611.0,610.45,610.6,89
2024-05-27 13:19:00,610.6,610.8,610.2,610.75,154
2024-05-27 13:20:00,610.75,611.95,610.4,611.95,5262
2024-05-27 13:21:00,611.3,611.95,611.15,611.55,598
2024-05-27 13:22:00,611.55,611.7,610.45,611.1,576
2024-05-27 13:23:00,611.1,611.7,610.9,611.15,115
2024-05-27 13:24:00,611.15,612.0,611.15,611.45,1000
2024-05-27 13:25:00,611.45,611.55,610.9,610.9,377
2024-05-27 13:26:00,610.9,611.05,610.7,610.7,52
2024-05-27 13:27:00,610.7,610.95,610.7,610.95,20
2024-05-27 13:28:00,610.95,610.95,610.7,610.95,360
2024-05-27 13:29:00,610.7,610.95,610.6,610.6,55
2024-05-27 13:30:00,610.55,610.9,610.3,610.8,465
2024-05-27 13:31:00,610.45,611.2,610.45,610.9,1088
2024-05-27 13:32:00,610.95,611.15,610.65,610.75,91
2024-05-27 13:33:00,610.75,611.8,610.75,611.2,1609
2024-05-27 13:34:00,611.15,612.0,611.15,612.0,389
2024-05-27 13:35:00,611.4,612.0,611.4,611.5,270
2024-05-27 13:36:00,611.5,612.0,611.4,612.0,702
2024-05-27 13:37:00,612.0,613.0,611.4,613.0,2382
2024-05-27 13:38:00,612.6,613.0,612.1,612.6,1146
2024-05-27 13:39:00,612.6,613.5,611.3,613.45,4282
2024-05-27 13:40:00,613.5,613.5,612.0,612.0,855
2024-05-27 13:41:00,612.0,612.65,611.9,612.65,1167
2024-05-27 13:42:00,612.7,612.7,611.65,612.25,92
2024-05-27 13:43:00,612.85,612.85,611.4,612.15,1115
2024-05-27 13:44:00,611.75,612.4,611.6,611.9,117
2024-05-27 13:45:00,611.85,612.15,611.45,611.8,297
2024-05-27 13:46:00,611.5,611.8,611.3,611.8,173
2024-05-27 13:47:00,611.35,612.15,611.35,611.7,912
2024-05-27 13:48:00,611.75,611.95,611.45,611.95,328
2024-05-27 13:49:00,611.95,612.0,611.5,611.55,113
2024-05-27 13:50:00,611.55,612.7,611.4,612.7,891
2024-05-27 13:51:00,612.2,613.5,612.2,613.05,1368
2024-05-27 13:52:00,613.25,613.4,612.75,613.0,298
2024-05-27 13:53:00,613.0,613.25,612.7,613.0,144
2024-05-27 13:54:00,612.7,613.5,612.6,613.5,341
2024-05-27 13:55:00,613.1,613.5,612.45,613.1,1223
2024-05-27 13:56:00,613.1,613.25,612.7,613.25,294
2024-05-27 13:57:00,613.25,613.3,612.6,612.9,346
2024-05-27 13:58:00,612.9,613.25,612.65,612.65,87
2024-05-27 13:59:00,612.65,613.0,612.5,613.0,128
2024-05-27 14:00:00,613.0,615.0,612.55,614.95,6707
2024-05-27 14:01:00,614.85,614.85,614.1,614.5,1120
2024-05-27 14:02:00,614.5,614.5,613.9,614.0,195
2024-05-27 14:03:00,614.0,614.45,613.95,614.1,78
2024-05-27 14:04:00,614.1,614.5,614.0,614.5,291
2024-05-27 14:05:00,614.1,614.5,613.35,614.05,1091
2024-05-27 14:06:00,614.1,614.4,613.25,613.55,670
2024-05-27 14:07:00,613.55,614.1,613.3,614.1,362
2024-05-27 14:08:00,613.85,614.5,613.55,613.65,2601
2024-05-27 14:09:00,613.65,614.5,613.25,614.0,857
2024-05-27 14:10:00,613.6,614.0,613.2,613.2,52
2024-05-27 14:11:00,613.05,613.6,613.05,613.6,242
2024-05-27 14:12:00,613.2,613.6,613.0,613.0,105
2024-05-27 14:13:00,613.0,613.0,612.25,613.0,373
2024-05-27 14:14:00,613.0,613.0,612.6,612.6,22
2024-05-27 14:15:00,612.6,612.9,612.6,612.7,1129
2024-05-27 14:16:00,612.35,613.6,612.15,613.6,1575
2024-05-27 14:17:00,613.6,613.6,612.95,613.0,648
2024-05-27 14:18:00,613.6,613.6,611.8,612.0,3518
2024-05-27 14:19:00,611.8,611.95,610.5,610.85,2248
2024-05-27 14:20:00,610.5,612.0,610.5,611.85,1594
2024-05-27 14:21:00,611.3,612.0,610.8,612.0,2702
2024-05-27 14:22:00,611.0,611.0,610.4,610.45,769
2024-05-27 14:23:00,610.5,610.95,610.05,610.6,1548
2024-05-27 14:24:00,610.15,610.6,610.05,610.45,185
2024-05-27 14:25:00,610.45,611.0,610.45,610.5,368
2024-05-27 14:26:00,610.5,611.0,610.5,610.95,139
2024-05-27 14:27:00,610.95,610.95,610.45,610.9,42
2024-05-27 14:28:00,610.9,611.0,610.5,611.0,92
2024-05-27 14:29:00,611.0,611.0,610.0,610.0,1530
2024-05-27 14:30:00,610.0,611.0,610.0,610.9,1554
2024-05-27 14:31:00,610.9,611.0,610.3,610.9,136
2024-05-27 14:32:00,610.9,610.9,610.15,610.3,1242
2024-05-27 14:33:00,610.3,610.3,609.35,610.2,397
2024-05-27 14:34:00,610.2,610.4,609.4,610.4,594
2024-05-27 14:35:00,610.55,610.55,609.8,610.5,108
2024-05-27 14:36:00,610.5,610.5,609.9,610.0,533
2024-05-27 14:37:00,609.55,610.0,609.4,609.45,1231
2024-05-27 14:38:00,609.95,610.25,609.95,610.25,149
2024-05-27 14:39:00,610.9,611.0,610.4,610.5,2655
2024-05-27 14:40:00,610.95,610.95,610.15,610.4,163
2024-05-27 14:41:00,610.4,610.9,610.25,610.25,3061
2024-05-27 14:42:00,609.6,610.5,609.05,609.75,5273
2024-05-27 14:43:00,609.75,609.9,609.4,609.8,742
2024-05-27 14:44:00,609.4,609.75,609.4,609.75,365
2024-05-27 14:45:00,609.75,609.95,608.2,609.95,4010
2024-05-27 14:46:00,609.95,609.95,608.5,608.5,1510
2024-05-27 14:47:00,609.0,609.0,607.75,608.2,956
2024-05-27 14:48:00,608.75,609.0,608.15,609.0,1244
2024-05-27 14:49:00,609.0,609.1,608.55,609.1,1135
2024-05-27 14:50:00,609.1,609.55,608.65,609.0,2256
2024-05-27 14:51:00,608.8,608.8,607.65,608.65,607
2024-05-27 14:52:00,608.65,608.85,607.2,607.2,2255
2024-05-27 14:53:00,607.2,607.85,607.15,607.35,790
2024-05-27 14:54:00,607.3,607.3,606.4,607.0,2483
2024-05-27 14:55:00,607.0,607.95,606.7,607.95,749
2024-05-27 14:56:00,607.95,609.85,607.95,609.85,558
2024-05-27 14:57:00,609.85,610.45,609.35,610.3,5553
2024-05-27 14:58:00,610.5,610.9,610.0,610.35,1282
2024-05-27 14:59:00,610.3,610.75,609.8,610.45,854
2024-05-27 15:00:00,610.4,610.4,608.55,609.0,1937
2024-05-27 15:01:00,609.0,609.95,608.45,609.95,1481
2024-05-27 15:02:00,609.5,609.95,609.45,609.95,390
2024-05-27 15:03:00,609.95,609.95,609.0,609.0,435
2024-05-27 15:04:00,609.5,609.9,609.0,609.0,579
2024-05-27 15:05:00,609.0,609.95,609.0,609.1,1030
2024-05-27 15:06:00,609.45,610.05,609.0,609.65,2069
2024-05-27 15:07:00,609.5,609.9,608.2,608.2,2099
2024-05-27 15:08:00,608.2,608.9,607.25,607.95,1400
2024-05-27 15:09:00,607.95,609.85,607.45,609.85,529
2024-05-27 15:10:00,610.0,610.0,608.3,608.7,2312
2024-05-27 15:11:00,608.7,609.15,608.3,609.15,765
2024-05-27 15:12:00,609.1,609.95,608.7,609.95,1190
2024-05-27 15:13:00,609.95,610.1,609.5,609.9,1357
2024-05-27 15:14:00,609.95,609.95,608.9,609.05,869
2024-05-27 15:15:00,609.7,609.75,609.1,609.7,1004
2024-05-27 15:16:00,609.7,610.15,609.25,609.3,1945
2024-05-27 15:17:00,609.9,609.95,608.4,609.4,3149
2024-05-27 15:18:00,609.45,609.7,608.15,609.0,2115
2024-05-27 15:19:00,609.0,609.7,608.75,609.3,1503
2024-05-27 15:20:00,609.65,609.65,608.3,608.3,2743
2024-05-27 15:21:00,608.9,608.9,607.5,607.55,4114
2024-05-27 15:22:00,608.55,608.55,604.95,604.95,8198
2024-05-27 15:23:00,605.0,605.0,604.0,604.75,4888
2024-05-27 15:24:00,604.75,605.0,604.65,605.0,1670
2024-05-27 15:25:00,605.0,605.0,604.5,604.95,2714
2024-05-27 15:26:00,604.9,605.55,604.5,605.5,4168
2024-05-27 15:27:00,605.9,609.8,605.9,608.7,3268
2024-05-27 15:28:00,608.7,609.0,606.5,607.0,770
2024-05-27 15:29:00,606.75,608.0,605.5,606.1,2346
2024-05-28 09:15:00,610.9,616.0,610.0,611.0,12336
2024-05-28 09:16:00,611.0,611.0,609.65,609.7,1708
2024-05-28 09:17:00,610.1,610.55,609.75,610.25,438
2024-05-28 09:18:00,609.4,610.45,609.2,610.1,1049
2024-05-28 09:19:00,610.1,610.3,608.0,608.65,1165
2024-05-28 09:20:00,608.65,609.0,606.3,606.65,1550
2024-05-28 09:21:00,606.15,606.85,605.45,605.45,1166
2024-05-28 09:22:00,605.4,606.9,604.05,604.9,1279
2024-05-28 09:23:00,604.9,605.8,604.35,605.05,1212
2024-05-28 09:24:00,605.15,606.15,604.55,604.55,3721
2024-05-28 09:25:00,604.55,605.4,604.0,605.0,2504
2024-05-28 09:26:00,605.0,605.3,604.0,604.65,1373
2024-05-28 09:27:00,604.85,604.95,604.2,604.95,1118
2024-05-28 09:28:00,605.4,606.55,604.3,606.0,3232
2024-05-28 09:29:00,606.0,606.2,605.5,606.0,2416
2024-05-28 09:30:00,606.0,606.2,603.6,604.2,1411
2024-05-28 09:31:00,604.7,604.7,603.7,603.7,946
2024-05-28 09:32:00,603.7,603.7,602.1,602.35,834
2024-05-28 09:33:00,602.45,603.25,602.0,603.0,5295
2024-05-28 09:34:00,603.0,603.15,601.4,601.9,2875
2024-05-28 09:35:00,601.9,601.9,599.0,599.0,17275
2024-05-28 09:36:00,599.0,599.9,598.4,599.9,2415
2024-05-28 09:37:00,600.35,600.45,598.75,599.0,3375
2024-05-28 09:38:00,598.75,599.55,598.7,599.1,1157
2024-05-28 09:39:00,599.3,600.7,599.15,599.55,1394
2024-05-28 09:40:00,599.55,599.95,599.1,599.15,552
2024-05-28 09:41:00,599.55,600.75,599.15,599.15,6423
2024-05-28 09:42:00,599.25,599.7,598.55,599.1,4203
2024-05-28 09:43:00,599.1,600.65,598.85,600.0,1905
2024-05-28 09:44:00,600.0,600.0,599.2,599.2,2536
2024-05-28 09:45:00,599.2,599.8,598.2,598.2,931
2024-05-28 09:46:00,598.2,599.0,598.2,598.45,725
2024-05-28 09:47:00,598.75,600.95,598.55,600.7,2632
2024-05-28 09:48:00,600.95,602.1,600.7,601.45,1645
2024-05-28 09:49:00,601.45,601.8,600.95,601.8,285
2024-05-28 09:50:00,601.45,601.45,600.95,601.35,1308
2024-05-28 09:51:00,601.05,601.05,600.95,600.95,600
2024-05-28 09:52:00,600.95,600.95,600.35,600.5,556
2024-05-28 09:53:00,601.1,602.5,600.6,602.05,4039
2024-05-28 09:54:00,602.05,602.35,601.75,601.9,813
2024-05-28 09:55:00,602.05,602.35,601.4,601.4,4681
2024-05-28 09:56:00,601.4,601.85,600.4,600.4,904
2024-05-28 09:57:00,600.4,600.95,600.05,600.05,471
2024-05-28 09:58:00,600.45,601.2,600.3,600.6,319
2024-05-28 09:59:00,601.1,601.1,600.3,600.85,408
2024-05-28 10:00:00,600.4,601.6,600.35,600.7,531
2024-05-28 10:01:00,600.0,600.3,599.7,599.95,11092
2024-05-28 10:02:00,599.95,600.25,599.65,600.0,232
2024-05-28 10:03:00,599.65,599.7,599.0,599.0,910
2024-05-28 10:04:00,599.4,599.7,598.65,598.85,257
2024-05-28 10:05:00,598.85,599.0,598.4,598.4,399
2024-05-28 10:06:00,598.4,598.4,598.05,598.35,559
2024-05-28 10:07:00,598.35,599.6,597.6,599.6,5707
2024-05-28 10:08:00,599.1,599.55,599.0,599.3,2276
2024-05-28 10:09:00,599.5,599.5,598.1,598.2,1234
2024-05-28 10:10:00,598.15,598.2,597.35,597.35,607
2024-05-28 10:11:00,598.15,598.3,595.6,596.0,7384
2024-05-28 10:12:00,596.25,597.95,596.1,597.5,1889
2024-05-28 10:13:00,597.5,597.95,597.4,597.95,160
2024-05-28 10:14:00,597.95,597.95,597.4,597.4,561
2024-05-28 10:15:00,597.05,598.95,597.05,598.9,313
2024-05-28 10:16:00,598.9,599.25,598.75,598.95,210
2024-05-28 10:17:00,598.95,599.3,598.05,599.25,1516
2024-05-28 10:18:00,598.85,599.9,598.8,599.85,266
2024-05-28 10:19:00,599.85,599.85,599.15,599.8,501
2024-05-28 10:20:00,599.8,600.2,599.3,599.3,440
2024-05-28 10:21:00,599.0,600.8,598.65,600.35,2870
2024-05-28 10:22:00,600.35,600.9,599.6,599.75,4705
2024-05-28 10:23:00,599.75,599.75,599.1,599.25,820
2024-05-28 10:24:00,599.25,599.25,598.6,598.6,2784
2024-05-28 10:25:00,599.25,599.7,599.25,599.7,232
2024-05-28 10:26:00,599.35,600.95,598.8,600.9,2869
2024-05-28 10:27:00,600.55,601.2,600.3,600.55,345
2024-05-28 10:28:00,600.55,600.95,600.05,600.95,502
2024-05-28 10:29:00,600.95,600.95,600.5,600.9,61
2024-05-28 10:30:00,600.5,600.5,600.05,600.1,629
2024-05-28 10:31:00,600.05,601.3,600.05,601.3,2371
2024-05-28 10:32:00,601.3,601.85,601.15,601.25,588
2024-05-28 10:33:00,601.25,601.25,600.85,601.25,277
2024-05-28 10:34:00,601.0,601.65,600.7,600.7,257
2024-05-28 10:35:00,600.7,601.15,600.7,601.15,171
2024-05-28 10:36:00,601.0,601.15,601.0,601.15,101
2024-05-28 10:37:00,601.15,601.15,600.55,600.95,96
2024-05-28 10:38:00,601.0,601.0,600.65,600.65,83
2024-05-28 10:39:00,600.6,601.15,600.6,601.0,72
2024-05-28 10:40:00,600.3,601.15,600.3,600.55,666
2024-05-28 10:41:00,600.55,601.05,600.45,600.45,48
2024-05-28 10:42:00,600.5,601.15,600.5,601.1,172
2024-05-28 10:43:00,601.15,601.15,600.75,600.75,48
2024-05-28 10:44:00,600.75,601.15,600.75,600.75,82
2024-05-28 10:45:00,600.75,600.9,600.25,600.9,199
2024-05-28 10:46:00,600.6,600.6,600.05,600.45,136
2024-05-28 10:47:00,600.45,600.45,600.05,600.05,976
2024-05-28 10:48:00,600.05,600.55,600.0,600.45,1081
2024-05-28 10:49:00,600.45,601.1,600.25,600.9,1839
2024-05-28 10:50:00,600.45,600.7,600.0,600.05,5241
2024-05-28 10:51:00,600.1,600.7,600.0,600.7,3105
2024-05-28 10:52:00,600.7,601.05,599.45,599.45,2959
2024-05-28 10:53:00,599.45,599.75,599.25,599.65,57
2024-05-28 10:54:00,599.45,599.9,599.15,599.85,566
2024-05-28 10:55:00,599.85,599.9,599.2,599.8,290
2024-05-28 10:56:00,599.8,599.8,599.2,599.2,289
2024-05-28 10:57:00,599.4,599.65,599.4,599.65,14
2024-05-28 10:58:00,599.4,599.9,598.65,599.0,6252
2024-05-28 10:59:00,599.0,599.45,599.0,599.0,19
2024-05-28 11:00:00,599.4,599.45,598.55,598.55,281
2024-05-28 11:01:00,598.55,599.25,598.55,599.25,209
2024-05-28 11:02:00,598.65,599.05,598.65,599.0,25
2024-05-28 11:03:00,599.0,599.4,599.0,599.05,46
2024-05-28 11:04:00,599.05,599.4,598.7,598.75,77
2024-05-28 11:05:00,598.75,599.4,598.7,599.4,910
2024-05-28 11:06:00,599.0,599.45,597.1,597.65,5910
2024-05-28 11:07:00,597.65,598.3,597.65,598.3,35
2024-05-28 11:08:00,598.3,598.35,597.95,598.0,119
2024-05-28 11:09:00,598.0,598.3,597.95,598.3,42
2024-05-28 11:10:00,598.05,598.05,597.65,597.7,205
2024-05-28 11:11:00,597.7,598.0,597.65,597.75,357
2024-05-28 11:12:00,597.75,597.75,597.2,597.3,4
2024-05-28 11:13:00,597.3,597.9,597.2,597.9,1227
2024-05-28 11:14:00,597.9,598.3,597.9,598.3,258
2024-05-28 11:15:00,598.3,598.3,597.2,598.1,2053
2024-05-28 11:16:00,598.1,598.2,597.25,597.4,160
2024-05-28 11:17:00,597.4,597.7,597.4,597.4,91
2024-05-28 11:18:00,597.8,598.15,597.4,597.95,248
2024-05-28 11:19:00,597.95,598.0,597.5,597.5,144
2024-05-28 11:20:00,597.5,597.9,597.0,597.55,866
2024-05-28 11:21:00,597.55,597.55,597.05,597.1,5
2024-05-28 11:22:00,597.1,597.45,597.0,597.0,177
2024-05-28 11:23:00,597.0,597.35,597.0,597.3,95
2024-05-28 11:24:00,597.3,597.3,596.5,596.5,300
2024-05-28 11:25:00,596.5,596.6,596.2,596.6,76
2024-05-28 11:26:00,596.6,596.85,596.5,596.55,598
2024-05-28 11:27:00,596.55,596.75,596.0,596.0,1473
2024-05-28 11:28:00,596.0,596.55,595.85,595.95,750
2024-05-28 11:29:00,595.95,596.55,595.5,595.75,804
2024-05-28 11:30:00,595.75,595.75,595.1,595.6,126
2024-05-28 11:31:00,595.6,595.6,591.5,594.15,16750
2024-05-28 11:32:00,594.15,595.6,594.0,595.6,3203
2024-05-28 11:33:00,595.6,595.6,594.75,594.8,1552
2024-05-28 11:34:00,594.8,595.4,594.75,594.75,408
2024-05-28 11:35:00,594.7,594.7,594.25,594.7,1316
2024-05-28 11:36:00,594.75,594.95,594.5,594.95,214
2024-05-28 11:37:00,594.9,594.95,594.35,594.4,439
2024-05-28 11:38:00,594.25,594.9,594.1,594.9,352
2024-05-28 11:39:00,594.4,594.75,594.0,594.75,1106
2024-05-28 11:40:00,594.75,594.8,594.5,594.8,561
2024-05-28 11:41:00,594.8,594.95,594.5,594.95,427
2024-05-28 11:42:00,594.7,594.95,593.2,593.2,954
2024-05-28 11:43:00,593.65,593.65,593.35,593.65,25
2024-05-28 11:44:00,593.65,593.65,593.4,593.45,180
2024-05-28 11:45:00,593.4,594.0,593.4,594.0,97
2024-05-28 11:46:00,594.0,594.1,593.65,594.1,290
2024-05-28 11:47:00,594.1,594.6,593.95,593.95,1256
2024-05-28 11:48:00,593.95,594.35,592.9,593.25,723
2024-05-28 11:49:00,593.0,593.0,592.5,592.9,192
2024-05-28 11:50:00,592.9,592.9,592.1,592.55,1347
2024-05-28 11:51:00,592.55,592.55,592.1,592.3,2015
2024-05-28 11:52:00,592.3,592.3,591.05,591.75,4089
2024-05-28 11:53:00,591.75,592.15,590.7,592.15,5141
2024-05-28 11:54:00,591.65,592.15,591.5,592.05,422
2024-05-28 11:55:00,592.3,592.45,591.55,591.55,1558
2024-05-28 11:56:00,592.05,592.7,591.95,592.1,430
2024-05-28 11:57:00,592.0,592.35,591.6,592.0,144
2024-05-28 11:58:00,592.0,592.95,591.85,592.85,421
2024-05-28 11:59:00,592.85,593.3,592.5,593.3,2305
2024-05-28 12:00:00,592.95,594.35,592.95,593.95,1462
2024-05-28 12:01:00,593.95,593.95,593.5,593.95,1743
2024-05-28 12:02:00,593.95,594.3,593.15,593.15,1346
2024-05-28 12:03:00,593.15,594.05,593.0,593.4,225
2024-05-28 12:04:00,593.35,593.35,593.0,593.05,427
2024-05-28 12:05:00,593.05,593.35,593.05,593.05,121
2024-05-28 12:06:00,593.05,593.3,592.7,593.0,582
2024-05-28 12:07:00,593.0,593.2,592.7,593.2,1738
2024-05-28 12:08:00,593.2,593.9,593.2,593.9,347
2024-05-28 12:09:00,593.9,593.9,593.3,593.3,136
2024-05-28 12:10:00,593.3,593.35,593.05,593.05,217
2024-05-28 12:11:00,593.05,593.3,593.05,593.3,26
2024-05-28 12:12:00,593.3,593.8,593.05,593.8,1185
2024-05-28 12:13:00,593.7,593.8,593.4,593.8,122
2024-05-28 12:14:00,593.8,593.8,592.1,592.9,3183
2024-05-28 12:15:00,592.2,593.0,592.2,592.9,342
2024-05-28 12:16:00,592.9,593.0,592.35,592.55,9
2024-05-28 12:17:00,592.55,593.7,592.55,593.1,295
2024-05-28 12:18:00,593.1,593.1,592.3,592.85,213
2024-05-28 12:19:00,592.85,592.85,592.5,592.5,61
2024-05-28 12:20:00,592.5,592.85,592.25,592.65,391
2024-05-28 12:21:00,592.65,592.65,592.0,592.6,2249
2024-05-28 12:22:00,592.6,592.75,591.75,591.75,769
2024-05-28 12:23:00,591.75,592.4,591.75,592.4,113
2024-05-28 12:24:00,592.4,592.4,591.5,592.15,289
2024-05-28 12:25:00,592.15,592.85,591.65,592.8,326
2024-05-28 12:26:00,592.8,592.8,592.45,592.5,90
2024-05-28 12:27:00,592.5,593.05,592.5,593.05,172
2024-05-28 12:28:00,593.05,593.05,592.5,592.5,106
2024-05-28 12:29:00,592.9,592.95,592.0,592.0,605
2024-05-28 12:30:00,592.5,592.55,592.0,592.55,309
2024-05-28 12:31:00,592.55,592.65,592.0,592.65,337
2024-05-28 12:32:00,592.65,592.65,592.4,592.4,484
2024-05-28 12:33:00,592.4,592.4,591.7,591.7,4630
2024-05-28 12:34:00,591.7,592.05,591.55,591.6,419
2024-05-28 12:35:00,591.9,591.9,591.0,591.0,410
2024-05-28 12:36:00,591.0,591.0,588.3,589.05,11268
2024-05-28 12:37:00,589.1,589.95,588.4,588.85,1090
2024-05-28 12:38:00,589.2,589.75,588.5,589.0,466
2024-05-28 12:39:00,589.5,589.8,589.0,589.0,486
2024-05-28 12:40:00,589.0,590.5,589.0,590.5,1329
2024-05-28 12:41:00,590.6,591.75,590.0,591.15,422
2024-05-28 12:42:00,591.85,591.85,590.6,591.15,1068
2024-05-28 12:43:00,591.2,591.95,591.0,591.1,389
2024-05-28 12:44:00,591.55,591.7,591.05,591.05,40
2024-05-28 12:45:00,591.6,591.65,590.8,590.8,109
2024-05-28 12:46:00,590.8,591.6,590.8,590.8,69
2024-05-28 12:47:00,591.35,591.35,590.6,591.1,227
2024-05-28 12:48:00,591.1,591.1,589.45,589.5,3343
2024-05-28 12:49:00,589.0,590.2,589.0,590.1,848
2024-05-28 12:50:00,590.2,590.35,589.75,590.35,126
2024-05-28 12:51:00,590.35,591.6,590.05,591.55,615
2024-05-28 12:52:00,591.55,591.95,591.3,591.5,248
2024-05-28 12:53:00,591.5,592.5,591.5,592.2,389
2024-05-28 12:54:00,592.2,593.15,592.2,593.0,637
2024-05-28 12:55:00,593.0,593.7,592.45,593.7,165
2024-05-28 12:56:00,593.7,593.7,593.2,593.65,21
2024-05-28 12:57:00,593.65,593.65,593.2,593.2,69
2024-05-28 12:58:00,593.2,594.0,593.2,593.4,497
2024-05-28 12:59:00,593.4,593.65,593.1,593.65,88
2024-05-28 13:00:00,593.65,593.65,593.05,593.05,134
2024-05-28 13:01:00,593.05,593.7,593.05,593.35,55
2024-05-28 13:02:00,593.8,593.8,593.3,593.8,105
2024-05-28 13:03:00,593.8,593.8,593.3,593.35,85
2024-05-28 13:04:00,593.35,593.8,593.25,593.8,316
2024-05-28 13:05:00,593.8,593.8,593.2,593.7,2577
2024-05-28 13:06:00,593.7,593.95,593.25,593.95,69
2024-05-28 13:07:00,593.95,594.0,593.7,593.7,38
2024-05-28 13:08:00,594.0,594.0,593.2,593.7,104
2024-05-28 13:09:00,593.7,593.7,593.0,593.0,758
2024-05-28 13:10:00,593.0,593.65,592.8,592.8,124
2024-05-28 13:11:00,592.8,593.7,592.8,593.7,26
2024-05-28 13:12:00,593.7,593.7,593.1,593.5,10
2024-05-28 13:13:00,593.5,593.75,593.1,593.1,53
2024-05-28 13:14:00,593.65,593.65,593.1,593.65,27
2024-05-28 13:15:00,593.65,593.65,593.15,593.15,85
2024-05-28 13:16:00,593.6,593.65,593.2,593.2,36
2024-05-28 13:17:00,593.65,593.65,592.05,593.6,1636
2024-05-28 13:18:00,593.6,593.6,592.9,592.9,42
2024-05-28 13:19:00,592.9,593.35,592.8,592.85,74
2024-05-28 13:20:00,593.25,593.35,592.85,593.35,89
2024-05-28 13:21:00,593.35,593.35,593.0,593.35,329
2024-05-28 13:22:00,593.35,593.35,593.0,593.0,77
2024-05-28 13:23:00,593.35,593.35,593.0,593.05,285
2024-05-28 13:24:00,593.05,593.1,592.7,593.1,278
2024-05-28 13:25:00,592.45,593.1,592.45,592.45,202
2024-05-28 13:26:00,593.0,593.05,592.15,592.85,74
2024-05-28 13:27:00,592.85,592.95,592.3,592.65,395
2024-05-28 13:28:00,592.65,592.85,592.1,592.15,303
2024-05-28 13:29:00,592.15,592.95,592.0,592.8,122
2024-05-28 13:30:00,592.8,592.9,591.05,591.5,1952
2024-05-28 13:31:00,592.1,592.5,591.5,592.15,215
2024-05-28 13:32:00,592.15,592.45,592.0,592.35,222
2024-05-28 13:33:00,592.35,592.45,592.0,592.0,894
2024-05-28 13:34:00,592.0,592.05,591.45,591.45,227
2024-05-28 13:35:00,591.45,592.4,591.45,592.4,56
2024-05-28 13:36:00,592.4,592.5,591.75,592.5,527
2024-05-28 13:37:00,592.5,592.5,591.9,592.4,813
2024-05-28 13:38:00,592.5,592.8,591.9,592.8,94
2024-05-28 13:39:00,592.8,592.8,592.0,592.55,18
2024-05-28 13:40:00,592.55,592.8,592.1,592.65,166
2024-05-28 13:41:00,592.65,592.8,592.05,592.7,14
2024-05-28 13:42:00,592.7,592.8,591.9,592.05,2152
2024-05-28 13:43:00,592.5,592.85,591.85,592.85,517
2024-05-28 13:44:00,592.85,592.9,592.75,592.9,130
2024-05-28 13:45:00,592.3,596.5,592.15,595.85,8696
2024-05-28 13:46:00,595.85,595.95,595.4,595.4,67
2024-05-28 13:47:00,595.4,595.95,595.05,595.15,293
2024-05-28 13:48:00,595.15,595.5,594.95,594.95,1069
2024-05-28 13:49:00,594.95,595.5,594.7,594.85,19
2024-05-28 13:50:00,594.85,595.4,594.8,595.05,172
2024-05-28 13:51:00,595.05,595.35,595.0,595.0,13
2024-05-28 13:52:00,595.0,595.35,595.0,595.05,55
2024-05-28 13:53:00,595.05,595.45,595.05,595.45,876
2024-05-28 13:54:00,595.45,595.95,595.45,595.9,76
2024-05-28 13:55:00,595.85,595.85,595.0,595.5,182
2024-05-28 13:56:00,595.5,595.6,595.0,595.6,126
2024-05-28 13:57:00,595.6,595.7,595.05,595.65,15
2024-05-28 13:58:00,595.65,595.65,595.05,595.1,40
2024-05-28 13:59:00,595.1,595.55,595.0,595.55,442
2024-05-28 14:00:00,595.55,595.55,595.05,595.35,13
2024-05-28 14:01:00,595.35,595.5,595.0,595.5,262
2024-05-28 14:02:00,595.5,595.9,595.35,595.9,891
2024-05-28 14:03:00,595.9,595.95,595.55,595.95,96
2024-05-28 14:04:00,595.95,596.0,595.55,595.85,1170
2024-05-28 14:05:00,595.85,596.25,595.6,596.25,854
2024-05-28 14:06:00,596.25,596.65,595.75,595.75,449
2024-05-28 14:07:00,595.75,596.7,595.55,596.15,1105
2024-05-28 14:08:00,596.15,596.9,596.15,596.25,469
2024-05-28 14:09:00,596.25,597.0,596.25,596.85,870
2024-05-28 14:10:00,597.2,599.4,596.65,599.4,1606
2024-05-28 14:11:00,599.4,600.7,599.4,600.65,12115
2024-05-28 14:12:00,600.65,601.6,600.4,601.1,1599
2024-05-28 14:13:00,601.6,601.6,601.0,601.6,1133
2024-05-28 14:14:00,600.85,601.85,600.0,600.65,3446
2024-05-28 14:15:00,600.65,600.65,600.0,600.0,2025
2024-05-28 14:16:00,600.0,600.75,600.0,600.75,2085
2024-05-28 14:17:00,600.75,600.95,600.0,600.4,558
2024-05-28 14:18:00,600.4,601.05,600.0,600.0,141113
2024-05-28 14:19:00,600.0,600.45,600.0,600.05,1357
2024-05-28 14:20:00,600.05,600.5,600.0,600.5,749
2024-05-28 14:21:00,601.05,601.6,601.05,601.2,1688
2024-05-28 14:22:00,601.2,601.6,601.2,601.2,317
2024-05-28 14:23:00,601.2,601.75,601.1,601.7,2315
2024-05-28 14:24:00,601.7,601.7,601.1,601.1,237
2024-05-28 14:25:00,601.1,604.0,601.0,602.45,7670
2024-05-28 14:26:00,602.45,603.05,601.8,602.15,984
2024-05-28 14:27:00,602.15,602.7,601.75,602.4,7257
2024-05-28 14:28:00,602.4,602.45,601.5,601.5,1347
2024-05-28 14:29:00,602.0,602.65,601.85,602.65,300
2024-05-28 14:30:00,602.35,602.95,602.05,602.95,733
2024-05-28 14:31:00,602.2,602.9,602.1,602.15,246
2024-05-28 14:32:00,602.15,602.8,602.15,602.6,76
2024-05-28 14:33:00,602.6,602.6,602.25,602.5,126
2024-05-28 14:34:00,602.5,602.5,601.25,601.6,948
2024-05-28 14:35:00,601.6,601.6,601.0,601.5,517
2024-05-28 14:36:00,601.5,601.55,601.45,601.55,28
2024-05-28 14:37:00,601.65,601.65,601.0,601.05,176
2024-05-28 14:38:00,601.05,601.5,600.7,600.7,1096
2024-05-28 14:39:00,600.4,600.8,600.15,600.15,9705
2024-05-28 14:40:00,600.15,600.65,600.05,600.4,905
2024-05-28 14:41:00,600.4,600.95,600.2,600.55,690
2024-05-28 14:42:00,600.55,600.75,600.0,600.55,661
2024-05-28 14:43:00,600.6,600.85,600.25,600.85,1188
2024-05-28 14:44:00,600.85,600.85,600.55,600.8,93
2024-05-28 14:45:00,600.8,600.8,600.4,600.4,91
2024-05-28 14:46:00,600.4,600.7,600.0,600.7,317
2024-05-28 14:47:00,600.7,601.6,600.6,601.45,1555
2024-05-28 14:48:00,601.45,601.75,600.95,601.0,202
2024-05-28 14:49:00,601.0,601.7,600.6,600.95,958
2024-05-28 14:50:00,600.95,601.15,600.55,600.55,177
2024-05-28 14:51:00,600.55,601.15,600.55,601.1,601
2024-05-28 14:52:00,601.15,601.15,600.5,600.9,1394
2024-05-28 14:53:00,600.9,600.9,600.1,600.45,1018
2024-05-28 14:54:00,600.45,600.8,600.45,600.5,107
2024-05-28 14:55:00,600.8,600.9,600.5,600.85,704
2024-05-28 14:56:00,600.9,601.0,600.0,600.85,1954
2024-05-28 14:57:00,600.85,601.0,600.45,600.9,1024
2024-05-28 14:58:00,600.9,601.4,600.75,600.75,702
2024-05-28 14:59:00,600.75,601.35,600.75,601.3,267
2024-05-28 15:00:00,601.3,602.15,601.2,602.15,1243
2024-05-28 15:01:00,602.15,602.8,601.95,602.65,2481
2024-05-28 15:02:00,602.65,602.65,601.35,601.45,1999
2024-05-28 15:03:00,601.8,602.7,601.6,601.85,1947
2024-05-28 15:04:00,601.95,602.45,601.15,601.15,363
2024-05-28 15:05:00,601.15,601.95,600.9,601.0,1898
2024-05-28 15:06:00,601.4,601.4,600.2,600.2,680
2024-05-28 15:07:00,600.25,600.9,600.25,600.9,457
2024-05-28 15:08:00,600.9,600.9,600.05,600.35,639
2024-05-28 15:09:00,600.35,600.75,600.05,600.75,536
2024-05-28 15:10:00,600.75,600.75,600.1,600.15,1918
2024-05-28 15:11:00,600.15,600.75,600.05,600.7,975
2024-05-28 15:12:00,600.7,600.7,600.0,600.6,994
2024-05-28 15:13:00,600.6,600.6,600.05,600.5,443
2024-05-28 15:14:00,600.5,600.5,600.0,600.3,4575
2024-05-28 15:15:00,600.6,600.6,600.0,600.35,420
2024-05-28 15:16:00,600.0,600.35,600.0,600.25,1255
2024-05-28 15:17:00,600.6,600.6,599.95,600.0,1625
2024-05-28 15:18:00,600.4,600.55,600.0,600.0,2572
2024-05-28 15:19:00,600.35,600.45,600.0,600.3,1181
2024-05-28 15:20:00,600.3,600.5,600.1,600.5,2056
2024-05-28 15:21:00,600.75,600.9,600.45,600.5,1162
2024-05-28 15:22:00,600.5,600.65,600.0,600.4,977
2024-05-28 15:23:00,600.15,600.85,600.0,600.85,3536
2024-05-28 15:24:00,600.9,601.0,600.4,600.6,1018
2024-05-28 15:25:00,600.6,600.7,600.25,600.7,541
2024-05-28 15:26:00,600.7,600.8,600.05,600.6,1247
2024-05-28 15:27:00,600.6,600.8,600.05,600.2,970
2024-05-28 15:28:00,600.2,600.6,600.2,600.6,666
2024-05-28 15:29:00,600.55,600.8,600.15,600.75,2432
2024-05-29 09:15:00,592.0,597.35,590.8,591.55,2451
2024-05-29 09:16:00,592.85,596.4,592.85,593.65,3495
2024-05-29 09:17:00,593.6,595.95,590.05,595.95,8401
2024-05-29 09:18:00,595.95,598.7,595.2,598.5,4159
2024-05-29 09:19:00,598.55,598.7,596.3,596.3,3535
2024-05-29 09:20:00,596.3,597.75,594.15,595.05,3235
2024-05-29 09:21:00,595.05,596.15,594.05,595.6,3663
2024-05-29 09:22:00,595.55,596.65,593.4,596.0,7270
2024-05-29 09:23:00,595.95,599.4,595.95,599.25,5081
2024-05-29 09:24:00,599.25,604.95,599.0,603.9,6717
2024-05-29 09:25:00,604.25,605.0,603.9,604.6,10027
2024-05-29 09:26:00,604.6,604.6,602.95,603.15,459
2024-05-29 09:27:00,603.1,604.75,603.1,604.55,2082
2024-05-29 09:28:00,603.9,604.75,603.55,604.75,731
2024-05-29 09:29:00,604.75,604.75,603.3,604.05,3968
2024-05-29 09:30:00,603.4,603.4,602.2,602.2,681
2024-05-29 09:31:00,602.2,604.25,602.05,604.15,2248
2024-05-29 09:32:00,604.1,604.2,603.5,604.1,397
2024-05-29 09:33:00,604.1,604.6,603.5,603.85,3462
2024-05-29 09:34:00,603.85,603.85,602.9,603.8,890
2024-05-29 09:35:00,602.75,603.8,601.25,602.15,760
2024-05-29 09:36:00,601.0,601.4,600.0,600.85,3522
2024-05-29 09:37:00,601.0,601.75,600.7,601.75,622
2024-05-29 09:38:00,601.75,601.8,600.0,600.3,647
2024-05-29 09:39:00,600.0,600.05,598.1,598.1,1982
2024-05-29 09:40:00,598.05,601.25,598.0,601.25,801
2024-05-29 09:41:00,601.25,602.0,601.05,601.05,1145
2024-05-29 09:42:00,601.0,601.6,600.4,600.4,2063
2024-05-29 09:43:00,600.4,602.65,600.3,602.65,345
2024-05-29 09:44:00,602.0,602.9,601.95,602.25,2579
2024-05-29 09:45:00,601.1,601.6,601.0,601.45,142
2024-05-29 09:46:00,600.95,602.6,600.95,602.5,441
2024-05-29 09:47:00,601.7,602.6,601.7,602.6,619
2024-05-29 09:48:00,601.8,601.8,600.95,601.2,396
2024-05-29 09:49:00,601.2,601.95,600.65,601.45,638
2024-05-29 09:50:00,601.0,601.75,600.7,601.75,341
2024-05-29 09:51:00,601.75,602.6,600.85,602.6,890
2024-05-29 09:52:00,601.95,602.6,601.95,602.0,289
2024-05-29 09:53:00,601.9,602.35,601.35,602.35,259
2024-05-29 09:54:00,601.35,602.35,601.2,602.0,138
2024-05-29 09:55:00,601.25,602.1,601.25,601.95,231
2024-05-29 09:56:00,601.95,602.0,601.3,602.0,294
2024-05-29 09:57:00,601.4,602.9,601.4,602.15,603
2024-05-29 09:58:00,602.9,602.9,602.15,602.15,126
2024-05-29 09:59:00,602.15,602.95,602.05,602.2,856
2024-05-29 10:00:00,602.95,603.7,602.25,602.55,1747
2024-05-29 10:01:00,602.55,603.6,602.55,603.6,266
2024-05-29 10:02:00,603.1,603.75,603.1,603.3,550
2024-05-29 10:03:00,602.55,603.3,602.5,602.5,647
2024-05-29 10:04:00,602.5,602.8,602.0,602.8,540
2024-05-29 10:05:00,602.8,602.9,602.0,602.85,188
2024-05-29 10:06:00,602.2,602.2,598.8,598.8,2707
2024-05-29 10:07:00,598.45,599.6,598.45,599.2,437
2024-05-29 10:08:00,599.25,599.85,599.05,599.05,140
2024-05-29 10:09:00,599.05,600.8,599.05,600.8,987
2024-05-29 10:10:00,600.1,601.1,600.1,600.35,72
2024-05-29 10:11:00,600.35,601.15,600.35,601.15,119
2024-05-29 10:12:00,601.15,601.25,600.55,601.2,79
2024-05-29 10:13:00,600.65,600.65,599.4,599.4,674
2024-05-29 10:14:00,599.4,600.4,599.4,599.4,198
2024-05-29 10:15:00,599.95,600.05,599.2,599.2,341
2024-05-29 10:16:00,599.2,600.15,599.15,599.35,368
2024-05-29 10:17:00,599.4,599.85,599.05,599.85,549
2024-05-29 10:18:00,599.25,600.6,599.25,600.1,289
2024-05-29 10:19:00,600.1,600.1,598.3,598.3,1860
2024-05-29 10:20:00,598.3,599.3,598.3,598.35,228
2024-05-29 10:21:00,598.35,599.0,598.3,599.0,23
2024-05-29 10:22:00,599.0,599.0,598.3,598.95,215
2024-05-29 10:23:00,598.95,598.95,597.05,597.7,861
2024-05-29 10:24:00,598.0,598.0,597.1,597.55,1516
2024-05-29 10:25:00,597.55,598.6,597.15,597.7,1282
2024-05-29 10:26:00,597.7,598.4,597.7,597.75,98
2024-05-29 10:27:00,597.75,598.4,597.5,598.05,411
2024-05-29 10:28:00,598.1,598.6,598.05,598.35,179
2024-05-29 10:29:00,598.35,598.4,598.0,598.0,268
2024-05-29 10:30:00,598.0,598.1,597.7,597.85,352
2024-05-29 10:31:00,597.85,597.85,597.1,597.65,89
2024-05-29 10:32:00,597.65,597.65,597.15,597.65,51
2024-05-29 10:33:00,597.75,597.75,596.65,596.65,182
2024-05-29 10:34:00,596.65,598.75,596.0,598.75,5843
2024-05-29 10:35:00,598.2,598.75,598.15,598.15,241
2024-05-29 10:36:00,598.15,598.65,597.6,598.05,227
2024-05-29 10:37:00,598.05,598.3,597.5,598.15,355
2024-05-29 10:38:00,598.15,598.15,597.55,598.1,51
2024-05-29 10:39:00,598.1,598.1,596.95,597.7,42
2024-05-29 10:40:00,597.05,598.3,597.05,598.2,251
2024-05-29 10:41:00,598.2,598.2,597.35,597.35,205
2024-05-29 10:42:00,598.15,598.15,597.45,598.15,67
2024-05-29 10:43:00,597.6,598.95,597.55,598.95,258
2024-05-29 10:44:00,598.95,598.95,598.4,598.9,30
2024-05-29 10:45:00,598.5,598.9,598.45,598.45,765
2024-05-29 10:46:00,598.45,598.55,597.8,597.8,337
2024-05-29 10:47:00,597.9,598.4,597.85,597.85,82
2024-05-29 10:48:00,597.85,598.35,597.85,598.35,16
2024-05-29 10:49:00,597.9,598.3,597.85,598.3,141
2024-05-29 10:50:00,598.0,598.4,598.0,598.35,184
2024-05-29 10:51:00,598.35,598.35,598.0,598.3,75
2024-05-29 10:52:00,598.0,598.4,598.0,598.0,112
2024-05-29 10:53:00,598.0,598.0,597.85,598.0,50
2024-05-29 10:54:00,598.0,598.0,597.8,597.85,109
2024-05-29 10:55:00,597.6,597.6,597.0,597.6,282
2024-05-29 10:56:00,597.0,597.6,596.95,597.55,270
2024-05-29 10:57:00,597.6,598.0,597.15,598.0,317
2024-05-29 10:58:00,598.0,598.0,597.65,598.0,71
2024-05-29 10:59:00,598.0,598.15,597.65,598.0,134
2024-05-29 11:00:00,597.8,598.0,597.1,597.1,348
2024-05-29 11:01:00,597.65,597.65,597.0,597.5,657
2024-05-29 11:02:00,597.1,597.5,596.3,597.5,5647
2024-05-29 11:03:00,597.5,597.8,596.35,597.2,948
2024-05-29 11:04:00,597.2,597.7,597.0,597.7,149
2024-05-29 11:05:00,597.7,597.7,597.35,597.7,38
2024-05-29 11:06:00,597.7,597.7,596.9,597.0,404
2024-05-29 11:07:00,597.0,599.95,596.65,599.8,7511
2024-05-29 11:08:00,599.75,599.95,599.1,599.8,583
2024-05-29 11:09:00,599.8,600.0,599.35,600.0,162
2024-05-29 11:10:00,599.4,599.95,599.3,599.75,61
2024-05-29 11:11:00,599.75,600.6,599.5,600.6,1414
2024-05-29 11:12:00,600.4,601.0,600.4,601.0,96
2024-05-29 11:13:00,600.7,601.0,599.6,599.95,2232
2024-05-29 11:14:00,599.95,599.95,599.1,599.7,431
2024-05-29 11:15:00,599.55,599.75,599.25,599.4,81
2024-05-29 11:16:00,599.0,599.2,598.1,598.1,464
2024-05-29 11:17:00,598.7,598.7,597.8,597.8,116
2024-05-29 11:18:00,597.5,598.5,596.75,598.5,2293
2024-05-29 11:19:00,598.2,598.6,598.2,598.25,493
2024-05-29 11:20:00,598.05,598.25,598.05,598.2,55
2024-05-29 11:21:00,598.2,598.2,597.8,598.2,141
2024-05-29 11:22:00,598.2,598.3,597.85,598.3,75
2024-05-29 11:23:00,598.15,598.3,598.0,598.3,47
2024-05-29 11:24:00,598.0,598.3,598.0,598.15,52
2024-05-29 11:25:00,598.15,598.4,598.15,598.4,170
2024-05-29 11:26:00,598.4,599.0,598.3,599.0,59
2024-05-29 11:27:00,599.0,599.6,598.7,599.6,125
2024-05-29 11:28:00,599.6,599.6,598.8,599.2,321
2024-05-29 11:29:00,599.35,599.45,598.45,599.25,149
2024-05-29 11:30:00,599.25,599.25,598.5,598.95,36
2024-05-29 11:31:00,598.95,599.35,598.5,599.35,352
2024-05-29 11:32:00,599.35,599.55,598.9,599.5,277
2024-05-29 11:33:00,599.5,599.8,599.05,599.7,250
2024-05-29 11:34:00,598.9,599.35,598.65,599.3,295
2024-05-29 11:35:00,599.0,599.3,599.0,599.2,86
2024-05-29 11:36:00,599.3,599.95,598.5,599.8,772
2024-05-29 11:37:00,599.8,599.8,599.05,599.65,77
2024-05-29 11:38:00,599.65,599.65,599.0,599.05,38
2024-05-29 11:39:00,599.05,599.95,599.05,599.95,528
2024-05-29 11:40:00,599.5,599.95,598.55,598.95,609
2024-05-29 11:41:00,598.95,599.1,598.55,598.95,609
2024-05-29 11:42:00,598.95,599.25,598.7,599.15,103
2024-05-29 11:43:00,599.15,599.5,598.6,599.15,508
2024-05-29 11:44:00,599.15,599.4,598.6,599.4,31
2024-05-29 11:45:00,599.4,599.4,597.7,598.35,235
2024-05-29 11:46:00,597.95,598.55,597.6,598.5,658
2024-05-29 11:47:00,597.8,598.25,597.65,597.85,127
2024-05-29 11:48:00,597.85,598.4,597.1,597.95,1100
2024-05-29 11:49:00,597.4,598.2,597.3,597.9,196
2024-05-29 11:50:00,597.9,597.9,597.35,597.75,71
2024-05-29 11:51:00,597.65,597.95,597.6,597.95,54
2024-05-29 11:52:00,597.95,597.95,597.8,597.95,72
2024-05-29 11:53:00,597.55,598.2,597.55,598.2,224
2024-05-29 11:54:00,598.2,598.45,597.7,598.45,72
2024-05-29 11:55:00,597.7,598.15,597.55,597.55,284
2024-05-29 11:56:00,597.55,598.6,597.35,598.45,1801
2024-05-29 11:57:00,598.45,598.95,598.0,598.0,112
2024-05-29 11:58:00,597.75,598.1,597.55,598.05,166
2024-05-29 11:59:00,598.05,598.05,597.35,597.65,45
2024-05-29 12:00:00,597.45,597.65,597.45,597.65,21
2024-05-29 12:01:00,597.65,597.85,597.45,597.85,560
2024-05-29 12:02:00,597.65,598.6,597.65,598.6,132
2024-05-29 12:03:00,598.6,598.6,597.55,598.1,194
2024-05-29 12:04:00,597.65,598.55,597.65,598.55,119
2024-05-29 12:05:00,598.55,598.65,597.95,598.65,94
2024-05-29 12:06:00,598.1,598.65,598.1,598.5,76
2024-05-29 12:07:00,598.15,598.5,597.2,597.2,603
2024-05-29 12:08:00,597.2,598.25,597.2,598.25,423
2024-05-29 12:09:00,598.25,598.5,597.8,598.5,66
2024-05-29 12:10:00,598.4,598.65,597.8,598.65,51
2024-05-29 12:11:00,598.65,598.7,598.05,598.6,55
2024-05-29 12:12:00,598.6,598.6,598.05,598.6,123
2024-05-29 12:13:00,598.6,598.6,598.15,598.6,32
2024-05-29 12:14:00,598.1,598.7,598.1,598.7,144
2024-05-29 12:15:00,598.7,598.7,598.65,598.7,72
2024-05-29 12:16:00,598.65,599.5,598.25,599.5,173
2024-05-29 12:17:00,599.05,599.95,599.0,599.95,1269
2024-05-29 12:18:00,599.95,599.95,599.35,599.35,226
2024-05-29 12:19:00,599.25,599.8,599.25,599.8,36
2024-05-29 12:20:00,599.8,599.9,599.45,599.45,23
2024-05-29 12:21:00,599.45,599.9,599.35,599.35,178
2024-05-29 12:22:00,599.35,599.65,599.2,599.4,542
2024-05-29 12:23:00,599.45,599.5,598.2,598.85,940
2024-05-29 12:24:00,598.4,599.0,598.35,599.0,40
2024-05-29 12:25:00,599.0,599.0,598.35,599.0,184
2024-05-29 12:26:00,598.85,598.95,598.35,598.9,168
2024-05-29 12:27:00,598.9,598.95,598.4,598.95,75
2024-05-29 12:28:00,598.85,598.95,598.55,598.55,126
2024-05-29 12:29:00,598.55,599.0,598.55,598.55,53
2024-05-29 12:30:00,598.55,598.95,598.55,598.95,30
2024-05-29 12:31:00,598.95,598.95,598.35,598.5,50
2024-05-29 12:32:00,598.5,598.5,598.2,598.5,106
2024-05-29 12:33:00,598.35,598.5,598.25,598.5,19
2024-05-29 12:34:00,598.5,598.5,597.75,598.5,1094
2024-05-29 12:35:00,598.3,598.5,598.0,598.5,554
2024-05-29 12:36:00,598.4,598.5,597.85,597.85,327
2024-05-29 12:37:00,598.0,598.5,598.0,598.5,35
2024-05-29 12:38:00,598.15,598.5,598.15,598.45,27
2024-05-29 12:39:00,598.45,598.5,598.35,598.5,23
2024-05-29 12:40:00,598.45,598.5,597.65,598.3,102
2024-05-29 12:41:00,598.3,598.5,597.55,598.5,211
2024-05-29 12:42:00,598.2,598.5,598.0,598.1,1025
2024-05-29 12:43:00,598.15,598.5,598.15,598.5,54
2024-05-29 12:44:00,598.25,598.5,598.05,598.5,226
2024-05-29 12:45:00,598.5,598.5,598.05,598.2,282
2024-05-29 12:46:00,598.45,598.5,598.1,598.5,175
2024-05-29 12:47:00,598.2,598.5,598.15,598.3,111
2024-05-29 12:48:00,598.2,599.55,598.2,599.5,1146
2024-05-29 12:49:00,599.45,600.0,599.45,599.95,483
2024-05-29 12:50:00,599.95,600.0,599.5,599.85,862
2024-05-29 12:51:00,599.85,599.85,599.5,599.8,43
2024-05-29 12:52:00,599.55,599.95,599.55,599.9,189
2024-05-29 12:53:00,599.55,599.95,599.5,599.95,80
2024-05-29 12:54:00,599.65,599.7,598.65,598.65,280
2024-05-29 12:55:00,598.65,599.2,598.65,599.2,35
2024-05-29 12:56:00,598.8,599.2,598.8,599.1,30
2024-05-29 12:57:00,599.1,599.2,598.75,598.95,150
2024-05-29 12:58:00,598.75,598.95,598.3,598.4,184
2024-05-29 12:59:00,598.55,598.6,598.2,598.6,150
2024-05-29 13:00:00,598.6,599.05,598.6,599.05,256
2024-05-29 13:01:00,598.7,598.95,598.4,598.9,693
2024-05-29 13:02:00,598.4,598.9,598.2,598.9,83
2024-05-29 13:03:00,598.4,598.9,598.4,598.85,25
2024-05-29 13:04:00,598.35,599.15,598.35,599.15,32
2024-05-29 13:05:00,599.2,599.2,598.4,598.4,676
2024-05-29 13:06:00,598.2,599.15,598.2,598.95,123
2024-05-29 13:07:00,598.95,599.0,598.35,598.95,53
2024-05-29 13:08:00,598.35,598.95,598.05,598.9,596
2024-05-29 13:09:00,598.7,598.7,598.3,598.65,33
2024-05-29 13:10:00,598.55,598.7,598.15,598.7,121
2024-05-29 13:11:00,598.7,598.7,598.35,598.7,34
2024-05-29 13:12:00,598.55,598.8,598.15,598.8,121
2024-05-29 13:13:00,598.7,598.8,598.55,598.8,78
2024-05-29 13:14:00,598.55,598.95,598.55,598.95,232
2024-05-29 13:15:00,598.95,598.95,598.55,598.95,85
2024-05-29 13:16:00,598.9,598.95,598.35,598.35,102
2024-05-29 13:17:00,598.35,599.0,598.2,598.95,155
2024-05-29 13:18:00,598.95,599.0,598.05,598.95,418
2024-05-29 13:19:00,598.95,599.0,598.1,598.9,475
2024-05-29 13:20:00,598.9,599.0,598.4,598.6,198
2024-05-29 13:21:00,598.8,598.9,598.6,598.9,19
2024-05-29 13:22:00,598.9,598.9,594.55,594.95,21919
2024-05-29 13:23:00,595.0,595.0,594.7,594.95,23105
2024-05-29 13:24:00,594.95,595.0,593.6,594.0,1032
2024-05-29 13:25:00,593.55,594.2,593.55,594.0,155
2024-05-29 13:26:00,593.45,594.55,593.15,593.2,925
2024-05-29 13:27:00,593.2,594.65,593.2,594.65,1109
2024-05-29 13:28:00,594.3,594.3,593.2,594.05,1216
2024-05-29 13:29:00,593.55,594.15,593.15,593.15,600
2024-05-29 13:30:00,593.15,594.35,593.15,594.35,2250
2024-05-29 13:31:00,594.0,594.65,593.7,594.25,1282
2024-05-29 13:32:00,593.85,594.55,593.85,594.5,218
2024-05-29 13:33:00,594.15,594.5,594.0,594.25,201
2024-05-29 13:34:00,594.0,594.25,593.6,594.15,478
2024-05-29 13:35:00,594.15,594.3,593.8,594.2,45
2024-05-29 13:36:00,594.3,594.7,594.05,594.2,3071
2024-05-29 13:37:00,594.2,594.5,594.0,594.5,314
2024-05-29 13:38:00,594.2,594.55,594.05,594.05,125
2024-05-29 13:39:00,594.2,594.3,593.8,594.1,1382
2024-05-29 13:40:00,594.0,594.2,593.95,594.2,302
2024-05-29 13:41:00,594.0,594.2,594.0,594.15,46
2024-05-29 13:42:00,594.0,594.15,593.8,594.15,526
2024-05-29 13:43:00,594.15,594.35,593.75,594.35,896
2024-05-29 13:44:00,593.95,594.35,593.9,594.3,477
2024-05-29 13:45:00,594.1,594.1,593.6,593.85,1971
2024-05-29 13:46:00,593.9,593.9,593.5,593.65,2023
2024-05-29 13:47:00,593.35,593.65,593.35,593.65,83
2024-05-29 13:48:00,593.65,593.8,593.05,593.8,616
2024-05-29 13:49:00,593.5,594.25,593.5,594.25,204
2024-05-29 13:50:00,593.75,594.3,593.75,594.05,245
2024-05-29 13:51:00,594.15,594.25,593.8,594.25,270
2024-05-29 13:52:00,593.8,594.55,593.7,594.15,612
2024-05-29 13:53:00,594.15,594.5,593.8,594.35,354
2024-05-29 13:54:00,593.8,594.6,593.75,593.95,491
2024-05-29 13:55:00,593.7,593.95,593.55,593.75,86
2024-05-29 13:56:00,593.55,594.1,593.55,593.9,195
2024-05-29 13:57:00,593.9,594.45,593.55,594.25,528
2024-05-29 13:58:00,593.9,594.6,593.65,594.15,76
2024-05-29 13:59:00,594.25,594.8,593.6,594.25,544
2024-05-29 14:00:00,594.25,594.25,593.6,594.0,119
2024-05-29 14:01:00,593.6,594.0,593.2,593.2,781
2024-05-29 14:02:00,593.2,593.45,592.5,592.9,2683
2024-05-29 14:03:00,592.5,593.4,592.5,593.4,518
2024-05-29 14:04:00,593.4,593.4,593.05,593.4,55
2024-05-29 14:05:00,593.05,593.4,593.05,593.4,527
2024-05-29 14:06:00,593.4,593.4,588.7,589.4,24442
2024-05-29 14:07:00,589.5,589.8,588.85,589.55,1033
2024-05-29 14:08:00,589.35,589.5,588.7,589.5,1457
2024-05-29 14:09:00,589.1,589.65,589.1,589.6,440
2024-05-29 14:10:00,589.6,590.0,589.25,589.8,5747
2024-05-29 14:11:00,589.8,591.7,589.6,591.7,31597
2024-05-29 14:12:00,591.35,594.25,591.1,594.0,4453
2024-05-29 14:13:00,594.15,594.75,593.0,594.5,1747
2024-05-29 14:14:00,594.3,594.6,593.9,594.0,328
2024-05-29 14:15:00,594.2,594.2,593.8,594.05,122
2024-05-29 14:16:00,593.9,594.15,593.3,593.85,1425
2024-05-29 14:17:00,593.7,593.85,593.05,593.35,139
2024-05-29 14:18:00,593.7,594.0,593.0,593.45,864
2024-05-29 14:19:00,593.45,593.95,593.0,593.0,1193
2024-05-29 14:20:00,593.0,593.75,593.0,593.75,218
2024-05-29 14:21:00,593.75,593.75,593.25,593.25,191
2024-05-29 14:22:00,593.3,593.65,593.25,593.65,66
2024-05-29 14:23:00,593.65,597.65,593.3,597.65,5624
2024-05-29 14:24:00,597.4,599.0,596.85,597.5,16965
2024-05-29 14:25:00,597.5,598.0,596.9,597.2,6976
2024-05-29 14:26:00,597.2,598.15,597.2,598.15,7938
2024-05-29 14:27:00,598.15,598.25,598.0,598.15,1811
2024-05-29 14:28:00,598.15,598.15,597.7,597.75,1607
2024-05-29 14:29:00,598.05,600.95,598.0,600.95,12452
2024-05-29 14:30:00,600.0,600.5,599.15,599.85,772
2024-05-29 14:31:00,599.15,600.95,599.15,600.0,4647
2024-05-29 14:32:00,600.0,600.0,598.9,598.9,2254
2024-05-29 14:33:00,598.7,601.0,598.7,601.0,2859
2024-05-29 14:34:00,600.75,601.0,600.2,601.0,1788
2024-05-29 14:35:00,601.0,601.0,600.35,600.35,9
2024-05-29 14:36:00,600.2,600.95,600.15,600.15,110
2024-05-29 14:37:00,600.35,600.95,600.15,600.25,290
2024-05-29 14:38:00,600.25,601.8,600.15,600.15,2345
2024-05-29 14:39:00,600.15,600.45,600.15,600.45,254
2024-05-29 14:40:00,600.25,600.45,599.7,600.0,2922
2024-05-29 14:41:00,599.95,599.95,598.45,598.45,1474
2024-05-29 14:42:00,598.45,598.95,598.25,598.35,241
2024-05-29 14:43:00,598.35,598.95,598.1,598.1,251
2024-05-29 14:44:00,598.15,598.55,598.0,598.55,1025
2024-05-29 14:45:00,598.55,598.55,598.05,598.55,796
2024-05-29 14:46:00,598.55,598.55,598.0,598.5,173
2024-05-29 14:47:00,598.5,598.5,598.0,598.1,571
2024-05-29 14:48:00,598.1,598.5,598.1,598.5,46
2024-05-29 14:49:00,598.5,598.55,598.05,598.5,228
2024-05-29 14:50:00,598.5,598.5,598.05,598.05,202
2024-05-29 14:51:00,598.05,598.5,598.0,598.5,237
2024-05-29 14:52:00,598.5,598.75,598.5,598.5,424
2024-05-29 14:53:00,598.5,598.75,598.3,598.75,1002
2024-05-29 14:54:00,598.75,598.9,598.3,598.9,146
2024-05-29 14:55:00,598.9,599.0,598.3,599.0,560
2024-05-29 14:56:00,599.0,599.0,597.85,597.85,6230
2024-05-29 14:57:00,598.35,598.4,598.0,598.0,172
2024-05-29 14:58:00,598.0,598.75,598.0,598.0,2112
2024-05-29 14:59:00,598.0,598.4,597.85,597.85,985
2024-05-29 15:00:00,597.85,598.7,597.85,598.4,1051
2024-05-29 15:01:00,597.9,599.65,597.9,599.65,869
2024-05-29 15:02:00,599.65,599.85,598.4,598.4,1071
2024-05-29 15:03:00,599.1,599.95,599.1,599.9,267
2024-05-29 15:04:00,599.45,599.9,599.35,599.65,643
2024-05-29 15:05:00,599.95,600.0,599.0,599.45,1959
2024-05-29 15:06:00,599.85,600.0,599.65,600.0,711
2024-05-29 15:07:00,600.0,600.7,599.65,600.45,5579
2024-05-29 15:08:00,600.45,601.5,600.45,601.5,1047
2024-05-29 15:09:00,601.5,601.5,600.05,600.5,4166
2024-05-29 15:10:00,600.5,600.7,600.2,600.7,215
2024-05-29 15:11:00,600.35,600.7,600.35,600.65,989
2024-05-29 15:12:00,600.35,600.85,600.0,600.2,996
2024-05-29 15:13:00,600.2,600.9,600.2,600.45,767
2024-05-29 15:14:00,600.45,600.8,600.05,600.4,1164
2024-05-29 15:15:00,600.4,601.0,600.15,601.0,618
2024-05-29 15:16:00,601.0,601.0,600.5,600.65,1518
2024-05-29 15:17:00,600.65,600.65,599.9,600.1,1852
2024-05-29 15:18:00,600.5,600.7,600.1,600.7,1685
2024-05-29 15:19:00,600.2,600.2,599.75,600.0,2250
2024-05-29 15:20:00,600.0,600.1,599.35,600.1,3349
2024-05-29 15:21:00,600.1,600.25,599.4,600.05,747
2024-05-29 15:22:00,600.05,600.05,599.65,600.0,866
2024-05-29 15:23:00,600.0,600.0,599.3,599.95,1343
2024-05-29 15:24:00,599.95,599.95,599.0,599.25,4112
2024-05-29 15:25:00,599.25,600.0,599.1,599.25,2303
2024-05-29 15:26:00,599.25,599.5,599.05,599.3,3182
2024-05-29 15:27:00,599.3,599.85,599.1,599.85,2282
2024-05-29 15:28:00,599.2,600.0,599.2,599.4,2513
2024-05-29 15:29:00,599.4,600.0,598.9,598.9,8248
2024-05-30 09:15:00,599.9,602.3,599.7,601.65,2238
2024-05-30 09:16:00,600.95,602.3,600.0,601.25,2948
2024-05-30 09:17:00,601.25,602.9,601.25,602.2,4039
2024-05-30 09:18:00,602.2,602.65,600.4,601.85,6979
2024-05-30 09:19:00,601.85,602.5,601.75,602.25,1728
2024-05-30 09:20:00,602.5,602.5,600.5,600.5,1743
2024-05-30 09:21:00,600.9,602.2,600.6,601.35,766
2024-05-30 09:22:00,601.35,601.55,600.9,600.9,1226
2024-05-30 09:23:00,600.9,604.3,600.9,604.15,6513
2024-05-30 09:24:00,604.15,604.3,601.4,602.0,3458
2024-05-30 09:25:00,602.0,603.5,602.0,603.0,1505
2024-05-30 09:26:00,603.2,604.45,603.2,603.95,1262
2024-05-30 09:27:00,603.95,606.75,603.95,606.75,4614
2024-05-30 09:28:00,606.05,606.75,604.05,604.5,1342
2024-05-30 09:29:00,604.5,605.0,604.0,604.45,2125
2024-05-30 09:30:00,604.0,604.15,602.2,602.2,9212
2024-05-30 09:31:00,602.7,602.95,601.65,601.65,1315
2024-05-30 09:32:00,601.65,603.3,601.65,602.7,1550
2024-05-30 09:33:00,602.7,603.95,602.7,603.15,1082
2024-05-30 09:34:00,603.2,604.5,603.2,604.45,430
2024-05-30 09:35:00,604.45,604.45,602.15,602.15,1711
2024-05-30 09:36:00,602.75,602.75,600.9,600.9,2558
2024-05-30 09:37:00,600.9,600.9,599.05,599.95,2016
2024-05-30 09:38:00,599.95,601.25,599.95,600.95,1180
2024-05-30 09:39:00,601.8,602.2,601.45,602.0,317
2024-05-30 09:40:00,601.95,602.0,601.7,601.75,711
2024-05-30 09:41:00,601.75,602.1,600.6,600.95,1412
2024-05-30 09:42:00,601.55,601.65,601.0,601.15,471
2024-05-30 09:43:00,601.55,602.0,601.2,601.65,986
2024-05-30 09:44:00,601.65,602.35,600.3,600.3,1507
2024-05-30 09:45:00,600.3,600.85,600.3,600.3,161
2024-05-30 09:46:00,600.3,600.65,600.0,600.0,2191
2024-05-30 09:47:00,600.3,601.15,600.3,600.4,471
2024-05-30 09:48:00,600.4,600.9,600.4,600.9,673
2024-05-30 09:49:00,601.0,601.2,600.45,600.45,807
2024-05-30 09:50:00,600.45,600.95,600.45,600.5,164
2024-05-30 09:51:00,600.5,600.5,599.75,600.15,1125
2024-05-30 09:52:00,600.2,600.2,598.45,598.45,2652
2024-05-30 09:53:00,598.45,598.95,598.45,598.55,83
2024-05-30 09:54:00,598.55,599.0,598.55,598.6,1288
2024-05-30 09:55:00,598.6,599.05,598.15,599.05,990
2024-05-30 09:56:00,599.6,599.95,599.35,599.35,240
2024-05-30 09:57:00,599.35,600.0,599.05,600.0,405
2024-05-30 09:58:00,599.45,600.45,599.45,600.0,672
2024-05-30 09:59:00,600.0,600.0,599.45,599.9,126
2024-05-30 10:00:00,599.5,599.85,598.7,598.7,1008
2024-05-30 10:01:00,598.7,599.4,598.4,598.4,1445
2024-05-30 10:02:00,598.2,598.4,598.15,598.4,786
2024-05-30 10:03:00,598.4,598.4,597.55,597.55,4629
2024-05-30 10:04:00,597.85,598.4,597.65,598.4,558
2024-05-30 10:05:00,598.4,598.4,597.55,598.0,201
2024-05-30 10:06:00,597.75,598.8,597.75,598.5,665
2024-05-30 10:07:00,598.5,599.0,598.05,599.0,972
2024-05-30 10:08:00,599.0,599.9,599.0,599.35,265
2024-05-30 10:09:00,599.0,599.35,599.0,599.0,301
2024-05-30 10:10:00,598.4,598.9,598.1,598.1,205
2024-05-30 10:11:00,598.1,599.8,598.1,599.05,4254
2024-05-30 10:12:00,599.05,599.6,598.7,598.7,115
2024-05-30 10:13:00,598.7,599.7,598.3,598.5,427
2024-05-30 10:14:00,598.55,598.95,598.25,598.75,848
2024-05-30 10:15:00,598.25,598.8,597.15,597.9,933
2024-05-30 10:16:00,597.25,598.05,597.15,598.05,965
2024-05-30 10:17:00,598.05,598.05,597.25,597.8,364
2024-05-30 10:18:00,597.3,598.45,597.2,597.9,1002
2024-05-30 10:19:00,597.9,598.8,597.9,598.8,118
2024-05-30 10:20:00,598.6,599.7,598.6,599.1,269
2024-05-30 10:21:00,599.1,599.7,598.95,598.95,1139
2024-05-30 10:22:00,598.95,602.2,598.95,601.55,1167
2024-05-30 10:23:00,601.55,602.3,600.95,601.55,316
2024-05-30 10:24:00,601.05,602.0,601.05,601.55,1305
2024-05-30 10:25:00,601.6,601.7,600.9,601.0,467
2024-05-30 10:26:00,600.85,601.3,600.4,601.15,281
2024-05-30 10:27:00,600.6,601.05,600.6,600.95,35
2024-05-30 10:28:00,600.6,601.1,600.1,601.0,244
2024-05-30 10:29:00,601.0,601.0,600.1,600.1,148
2024-05-30 10:30:00,600.1,600.5,596.9,600.5,10705
2024-05-30 10:31:00,600.3,600.8,600.3,600.8,72
2024-05-30 10:32:00,601.65,601.65,600.0,600.25,2526
2024-05-30 10:33:00,600.25,600.35,600.0,600.05,372
2024-05-30 10:34:00,600.05,600.6,599.9,599.9,346
2024-05-30 10:35:00,599.2,599.55,598.8,599.35,383
2024-05-30 10:36:00,598.9,601.8,598.9,601.8,606
2024-05-30 10:37:00,601.8,601.8,600.05,600.05,1214
2024-05-30 10:38:00,600.05,601.6,600.05,601.6,58
2024-05-30 10:39:00,601.6,601.6,600.1,601.1,399
2024-05-30 10:40:00,601.1,601.1,600.05,600.55,2213
2024-05-30 10:41:00,600.55,600.55,600.0,600.4,225
2024-05-30 10:42:00,600.4,600.6,600.35,600.55,36
2024-05-30 10:43:00,600.55,600.6,600.0,600.35,463
2024-05-30 10:44:00,600.35,600.95,600.35,600.8,1233
2024-05-30 10:45:00,600.8,601.0,600.4,600.85,4089
2024-05-30 10:46:00,600.85,602.0,600.85,602.0,14402
2024-05-30 10:47:00,602.0,602.0,600.5,600.9,343
2024-05-30 10:48:00,600.9,600.9,599.15,599.75,1654
2024-05-30 10:49:00,599.75,600.0,599.3,600.0,176
2024-05-30 10:50:00,600.0,600.1,599.3,599.5,447
2024-05-30 10:51:00,599.5,599.95,599.5,599.95,1028
2024-05-30 10:52:00,599.95,599.95,599.15,599.15,362
2024-05-30 10:53:00,599.75,599.75,599.15,599.7,223
2024-05-30 10:54:00,599.7,599.9,599.1,599.55,282
2024-05-30 10:55:00,599.55,599.55,598.55,599.5,721
2024-05-30 10:56:00,599.5,599.75,599.0,599.55,197
2024-05-30 10:57:00,599.55,599.7,599.05,599.7,38
2024-05-30 10:58:00,599.7,599.7,599.1,599.5,9
2024-05-30 10:59:00,599.65,599.65,598.9,599.35,891
2024-05-30 11:00:00,598.85,599.0,598.75,599.0,116
2024-05-30 11:01:00,599.0,599.0,598.7,598.95,25
2024-05-30 11:02:00,598.95,599.25,598.65,599.25,16
2024-05-30 11:03:00,599.25,599.45,598.3,599.2,1105
2024-05-30 11:04:00,599.2,599.45,598.5,599.45,523
2024-05-30 11:05:00,599.45,599.45,599.0,599.45,64
2024-05-30 11:06:00,599.45,599.5,599.05,599.4,1040
2024-05-30 11:07:00,599.4,599.95,599.1,599.35,301
2024-05-30 11:08:00,599.35,600.0,599.35,599.95,25
2024-05-30 11:09:00,599.95,599.95,598.65,598.8,1308
2024-05-30 11:10:00,598.8,598.85,598.8,598.85,109
2024-05-30 11:11:00,598.35,598.85,598.35,598.85,59
2024-05-30 11:12:00,598.85,598.85,598.35,598.75,229
2024-05-30 11:13:00,598.75,598.8,598.75,598.75,38
2024-05-30 11:14:00,598.75,599.3,598.75,598.8,159
2024-05-30 11:15:00,598.8,598.95,598.35,598.95,151
2024-05-30 11:16:00,598.95,599.3,598.25,598.9,1138
2024-05-30 11:17:00,598.9,599.0,598.9,599.0,14
2024-05-30 11:18:00,599.0,599.0,598.5,598.95,130
2024-05-30 11:19:00,598.95,598.95,598.45,598.8,247
2024-05-30 11:20:00,598.4,598.65,598.4,598.65,844
2024-05-30 11:21:00,598.45,598.8,598.45,598.8,14
2024-05-30 11:22:00,598.5,598.5,598.1,598.45,446
2024-05-30 11:23:00,598.5,598.9,598.15,598.85,189
2024-05-30 11:24:00,598.35,598.95,598.35,598.9,71
2024-05-30 11:25:00,598.9,598.95,598.35,598.35,261
2024-05-30 11:26:00,598.35,598.35,598.25,598.3,534
2024-05-30 11:27:00,598.3,598.6,598.3,598.3,232
2024-05-30 11:28:00,598.3,598.8,598.3,598.8,67
2024-05-30 11:29:00,598.25,598.7,598.25,598.7,7
2024-05-30 11:30:00,598.7,598.7,598.25,598.25,11
2024-05-30 11:31:00,598.25,598.25,597.25,597.35,1723
2024-05-30 11:32:00,597.35,598.1,597.35,598.1,112
2024-05-30 11:33:00,597.95,597.95,597.5,597.65,638
2024-05-30 11:34:00,597.65,598.5,597.65,598.05,134
2024-05-30 11:35:00,598.05,598.45,598.0,598.25,199
2024-05-30 11:36:00,598.0,598.35,598.0,598.0,227
2024-05-30 11:37:00,598.0,598.45,598.0,598.0,20
2024-05-30 11:38:00,598.0,598.35,598.0,598.0,291
2024-05-30 11:39:00,598.0,598.4,598.0,598.4,256
2024-05-30 11:40:00,598.05,598.35,598.0,598.25,432
2024-05-30 11:41:00,598.25,598.25,598.0,598.25,197
2024-05-30 11:42:00,598.25,598.25,597.6,597.85,821
2024-05-30 11:43:00,597.85,598.05,597.65,597.95,112
2024-05-30 11:44:00,597.95,598.15,597.65,598.15,318
2024-05-30 11:45:00,598.15,598.4,597.8,598.4,163
2024-05-30 11:46:00,597.9,598.4,597.9,598.05,38
2024-05-30 11:47:00,598.05,598.1,598.05,598.1,29
2024-05-30 11:48:00,598.1,598.3,598.1,598.3,134
2024-05-30 11:49:00,598.3,598.75,598.1,598.2,131
2024-05-30 11:50:00,598.2,599.0,598.2,598.8,27
2024-05-30 11:51:00,598.8,599.25,598.5,599.25,91
2024-05-30 11:52:00,598.9,599.35,598.9,599.35,8
2024-05-30 11:53:00,599.35,599.4,599.0,599.25,263
2024-05-30 11:54:00,599.25,599.4,599.0,599.4,447
2024-05-30 11:55:00,599.4,600.0,599.35,599.95,545
2024-05-30 11:56:00,599.95,599.95,599.5,599.5,604
2024-05-30 11:57:00,599.5,599.85,599.5,599.85,126
2024-05-30 11:58:00,599.85,599.9,599.5,599.5,61
2024-05-30 11:59:00,599.5,599.85,599.5,599.5,7
2024-05-30 12:00:00,603.05,603.7,602.05,602.05,20756
2024-05-30 12:01:00,602.05,602.75,602.05,602.2,84
2024-05-30 12:02:00,602.2,602.45,602.2,602.25,368
2024-05-30 12:03:00,603.0,603.0,601.0,601.6,1126
2024-05-30 12:04:00,601.6,602.0,601.5,601.9,488
2024-05-30 12:05:00,601.9,601.9,600.0,600.0,1346
2024-05-30 12:06:00,600.0,601.25,599.75,600.65,2989
2024-05-30 12:07:00,600.65,602.0,600.65,601.55,655
2024-05-30 12:08:00,601.55,601.55,601.35,601.35,326
2024-05-30 12:09:00,600.25,601.4,599.8,600.85,2116
2024-05-30 12:10:00,600.85,601.7,600.85,601.7,71
2024-05-30 12:11:00,601.5,601.9,600.25,600.45,2319
2024-05-30 12:12:00,600.45,601.15,600.45,600.6,59
2024-05-30 12:13:00,600.6,600.95,600.6,600.95,216
2024-05-30 12:14:00,600.6,600.95,600.6,600.95,22
2024-05-30 12:15:00,600.95,600.95,600.6,600.6,4
2024-05-30 12:16:00,600.6,600.95,600.6,600.95,93
2024-05-30 12:17:00,600.95,600.95,600.6,600.6,13
2024-05-30 12:18:00,600.6,600.6,599.8,599.8,847
2024-05-30 12:19:00,599.8,600.75,599.75,599.85,1099
2024-05-30 12:20:00,599.85,600.5,599.85,599.9,34
2024-05-30 12:21:00,599.9,600.45,599.9,600.45,55
2024-05-30 12:22:00,600.0,600.85,600.0,600.1,285
2024-05-30 12:23:00,600.1,601.65,600.1,601.65,1264
2024-05-30 12:24:00,600.95,601.8,600.95,601.2,275
2024-05-30 12:25:00,601.2,601.85,601.2,601.55,13
2024-05-30 12:26:00,601.55,601.8,601.55,601.8,122
2024-05-30 12:27:00,601.8,601.9,601.55,601.85,541
2024-05-30 12:28:00,602.5,602.5,601.9,601.9,417
2024-05-30 12:29:00,601.9,602.45,601.9,602.4,27
2024-05-30 12:30:00,602.4,602.4,601.7,602.1,625
2024-05-30 12:31:00,602.1,602.5,602.0,602.5,247
2024-05-30 12:32:00,602.85,602.85,602.75,602.75,147
2024-05-30 12:33:00,602.75,602.85,602.75,602.75,84
2024-05-30 12:34:00,602.8,602.8,602.15,602.5,540
2024-05-30 12:35:00,602.5,602.5,602.45,602.5,49
2024-05-30 12:36:00,602.5,602.5,602.45,602.45,207
2024-05-30 12:37:00,602.45,602.5,602.45,602.45,35
2024-05-30 12:38:00,602.45,602.8,602.45,602.8,252
2024-05-30 12:39:00,602.9,602.9,602.55,602.9,64
2024-05-30 12:40:00,602.9,602.9,602.6,602.6,131
2024-05-30 12:41:00,602.6,603.95,602.6,603.95,264
2024-05-30 12:42:00,603.55,604.0,603.55,603.9,1181
2024-05-30 12:43:00,603.3,603.3,603.1,603.3,236
2024-05-30 12:44:00,603.3,604.1,603.3,604.1,2235
2024-05-30 12:45:00,604.1,604.1,603.1,603.15,1928
2024-05-30 12:46:00,603.15,603.75,603.15,603.3,136
2024-05-30 12:47:00,603.3,603.75,603.2,603.2,415
2024-05-30 12:48:00,603.35,603.95,603.35,603.9,523
2024-05-30 12:49:00,603.9,603.9,603.35,603.35,359
2024-05-30 12:50:00,603.4,603.75,603.4,603.75,9
2024-05-30 12:51:00,603.75,603.75,603.5,603.55,61
2024-05-30 12:52:00,603.55,603.7,603.55,603.55,15
2024-05-30 12:53:00,603.7,603.7,603.35,603.5,256
2024-05-30 12:54:00,603.5,603.7,603.35,603.65,21
2024-05-30 12:55:00,603.55,603.75,603.4,603.6,10
2024-05-30 12:56:00,603.6,603.75,603.6,603.75,8
2024-05-30 12:57:00,603.75,603.75,603.65,603.7,94
2024-05-30 12:58:00,603.7,605.35,603.7,605.35,3995
2024-05-30 12:59:00,605.35,605.9,605.35,605.85,959
2024-05-30 13:00:00,605.85,605.85,605.75,605.75,328
2024-05-30 13:01:00,605.75,605.85,605.75,605.8,87
2024-05-30 13:02:00,606.6,606.75,606.35,606.75,1567
2024-05-30 13:03:00,606.75,607.7,606.65,606.65,3846
2024-05-30 13:04:00,606.65,606.65,605.0,606.0,2576
2024-05-30 13:05:00,606.0,606.0,605.3,605.95,162
2024-05-30 13:06:00,605.5,607.0,605.5,607.0,2654
2024-05-30 13:07:00,607.0,607.2,606.6,607.2,491
2024-05-30 13:08:00,607.2,609.0,607.2,608.1,4905
2024-05-30 13:09:00,608.1,608.1,607.25,607.95,734
2024-05-30 13:10:00,608.05,608.05,606.2,606.3,1180
2024-05-30 13:11:00,606.6,607.8,606.6,607.05,850
2024-05-30 13:12:00,607.05,607.05,605.95,605.95,761
2024-05-30 13:13:00,605.35,606.55,605.05,606.55,2910
2024-05-30 13:14:00,606.55,606.55,606.05,606.2,146
2024-05-30 13:15:00,606.2,606.2,603.35,604.4,2090
2024-05-30 13:16:00,604.4,605.3,603.6,604.75,762
2024-05-30 13:17:00,604.75,604.75,603.35,603.35,7463
2024-05-30 13:18:00,603.35,604.4,603.35,604.0,358
2024-05-30 13:19:00,604.0,604.4,604.0,604.0,435
2024-05-30 13:20:00,604.0,604.7,604.0,604.15,158
2024-05-30 13:21:00,604.15,604.5,604.0,604.0,1611
2024-05-30 13:22:00,604.0,604.65,604.0,604.15,123
2024-05-30 13:23:00,604.15,604.15,602.45,602.45,2055
2024-05-30 13:24:00,602.1,602.75,601.95,602.75,314
2024-05-30 13:25:00,602.75,602.8,602.05,602.1,119
2024-05-30 13:26:00,602.1,602.15,601.7,601.7,170
2024-05-30 13:27:00,601.7,602.15,601.7,602.15,143
2024-05-30 13:28:00,601.45,601.85,601.05,601.25,174
2024-05-30 13:29:00,601.1,601.95,600.8,600.8,380
2024-05-30 13:30:00,600.8,601.0,599.45,600.4,4055
2024-05-30 13:31:00,600.4,600.5,599.6,600.2,566
2024-05-30 13:32:00,600.2,601.1,599.6,601.1,4389
2024-05-30 13:33:00,601.1,602.75,601.1,602.1,161
2024-05-30 13:34:00,602.1,603.1,601.0,602.6,725
2024-05-30 13:35:00,602.6,602.6,601.25,601.85,104
2024-05-30 13:36:00,601.85,601.85,601.3,601.35,34
2024-05-30 13:37:00,601.25,602.25,601.25,601.75,237
2024-05-30 13:38:00,601.75,602.15,600.1,600.5,6891
2024-05-30 13:39:00,601.1,601.55,600.35,601.55,254
2024-05-30 13:40:00,601.55,601.55,600.9,601.45,64
2024-05-30 13:41:00,601.4,602.3,601.2,602.25,635
2024-05-30 13:42:00,601.75,601.95,601.25,601.95,158
2024-05-30 13:43:00,601.95,602.45,601.5,602.45,307
2024-05-30 13:44:00,602.45,602.45,601.6,601.7,301
2024-05-30 13:45:00,601.7,602.1,601.5,601.5,400
2024-05-30 13:46:00,601.5,601.95,601.4,601.95,100
2024-05-30 13:47:00,602.0,602.25,601.6,601.6,86
2024-05-30 13:48:00,602.15,602.4,601.75,601.95,32
2024-05-30 13:49:00,601.95,602.65,601.95,602.05,23
2024-05-30 13:50:00,602.05,602.05,601.6,601.6,371
2024-05-30 13:51:00,601.6,601.95,601.6,601.6,18
2024-05-30 13:52:00,601.6,602.0,601.6,601.6,41
2024-05-30 13:53:00,601.6,602.0,601.6,601.6,128
2024-05-30 13:54:00,601.6,602.0,601.6,601.6,1236
2024-05-30 13:55:00,601.6,601.9,601.6,601.85,122
2024-05-30 13:56:00,601.85,601.85,601.5,601.8,1367
2024-05-30 13:57:00,601.9,601.9,601.5,601.5,55
2024-05-30 13:58:00,601.5,602.0,601.2,601.2,574
2024-05-30 13:59:00,601.2,601.6,601.2,601.2,49
2024-05-30 14:00:00,601.2,601.6,601.2,601.6,27
2024-05-30 14:01:00,601.2,602.0,600.6,600.6,608
2024-05-30 14:02:00,600.6,601.25,599.0,601.25,934
2024-05-30 14:03:00,601.25,601.7,601.0,601.7,259
2024-05-30 14:04:00,601.7,601.8,601.1,601.8,148
2024-05-30 14:05:00,601.1,601.8,601.1,601.6,89
2024-05-30 14:06:00,601.6,601.6,598.9,599.45,3270
2024-05-30 14:07:00,599.45,599.8,598.95,598.95,199
2024-05-30 14:08:00,598.95,599.5,598.1,599.0,1237
2024-05-30 14:09:00,599.0,599.9,598.5,599.9,1267
2024-05-30 14:10:00,599.9,600.3,599.4,600.25,138
2024-05-30 14:11:00,600.25,600.25,599.0,599.55,146
2024-05-30 14:12:00,599.55,600.1,599.05,600.1,92
2024-05-30 14:13:00,600.1,601.1,599.3,599.55,968
2024-05-30 14:14:00,599.1,599.75,599.0,599.4,251
2024-05-30 14:15:00,599.4,599.55,598.75,599.2,275
2024-05-30 14:16:00,599.2,600.0,599.2,600.0,1568
2024-05-30 14:17:00,600.0,601.9,599.75,601.9,1055
2024-05-30 14:18:00,601.9,601.9,599.6,600.95,3077
2024-05-30 14:19:00,600.95,601.35,600.0,600.55,305
2024-05-30 14:20:00,600.0,600.55,600.0,600.4,89
2024-05-30 14:21:00,600.4,600.4,600.0,600.25,61
2024-05-30 14:22:00,600.25,600.25,599.2,599.7,509
2024-05-30 14:23:00,599.7,600.0,599.4,600.0,229
2024-05-30 14:24:00,599.95,600.0,599.55,600.0,552
2024-05-30 14:25:00,600.0,600.75,600.0,600.75,139
2024-05-30 14:26:00,600.6,600.9,599.35,600.0,289
2024-05-30 14:27:00,600.0,600.55,600.0,600.55,83
2024-05-30 14:28:00,600.55,600.6,599.2,599.7,1552
2024-05-30 14:29:00,599.7,599.95,599.2,599.95,213
2024-05-30 14:30:00,599.95,600.1,599.5,600.1,19
2024-05-30 14:31:00,600.1,600.1,599.55,599.55,178
2024-05-30 14:32:00,599.55,600.0,598.55,598.55,1633
2024-05-30 14:33:00,598.55,600.0,598.55,600.0,316
2024-05-30 14:34:00,600.0,600.35,599.55,600.35,396
2024-05-30 14:35:00,600.35,600.35,598.75,598.75,1793
2024-05-30 14:36:00,598.75,599.4,598.2,599.4,440
2024-05-30 14:37:00,598.9,599.0,598.05,598.05,1233
2024-05-30 14:38:00,598.05,598.05,596.35,596.4,7574
2024-05-30 14:39:00,596.85,598.2,596.25,598.0,2712
2024-05-30 14:40:00,598.35,598.4,597.7,598.3,164
2024-05-30 14:41:00,599.15,601.2,598.85,599.45,5920
2024-05-30 14:42:00,599.45,599.45,598.55,599.0,315
2024-05-30 14:43:00,599.0,599.0,598.55,598.8,68
2024-05-30 14:44:00,598.8,598.9,598.8,598.8,111
2024-05-30 14:45:00,598.8,600.5,598.8,600.5,1389
2024-05-30 14:46:00,600.8,601.45,599.1,600.35,2737
2024-05-30 14:47:00,600.35,600.35,599.55,600.0,525
2024-05-30 14:48:00,600.0,600.3,600.0,600.25,166
2024-05-30 14:49:00,600.25,600.25,599.1,599.6,654
2024-05-30 14:50:00,600.2,601.0,600.0,600.1,2441
2024-05-30 14:51:00,600.1,601.3,600.1,600.9,673
2024-05-30 14:52:00,601.0,601.55,601.0,601.3,616
2024-05-30 14:53:00,601.5,603.2,601.5,603.2,3397
2024-05-30 14:54:00,604.0,604.35,602.3,602.8,2049
2024-05-30 14:55:00,602.8,602.8,601.35,601.35,1105
2024-05-30 14:56:00,601.35,601.6,601.0,601.6,441
2024-05-30 14:57:00,601.6,601.6,601.1,601.6,212
2024-05-30 14:58:00,601.6,601.6,599.25,599.85,661
2024-05-30 14:59:00,599.85,600.95,599.45,600.3,783
2024-05-30 15:00:00,600.3,600.75,600.3,600.7,101
2024-05-30 15:01:00,600.4,600.7,599.9,600.3,227
2024-05-30 15:02:00,599.9,600.3,599.05,599.05,238
2024-05-30 15:03:00,599.05,599.75,599.05,599.75,185
2024-05-30 15:04:00,599.25,600.0,599.25,600.0,221
2024-05-30 15:05:00,599.35,600.7,599.35,600.7,1553
2024-05-30 15:06:00,600.1,602.9,600.1,602.9,4821
2024-05-30 15:07:00,602.5,602.95,602.05,602.05,408
2024-05-30 15:08:00,602.0,603.0,601.95,602.6,3844
2024-05-30 15:09:00,601.95,604.0,601.25,604.0,2373
2024-05-30 15:10:00,603.3,604.0,603.1,603.35,2527
2024-05-30 15:11:00,602.65,603.35,602.55,603.25,382
2024-05-30 15:12:00,602.55,603.25,602.05,602.55,700
2024-05-30 15:13:00,602.05,602.7,602.05,602.6,286
2024-05-30 15:14:00,602.2,602.6,601.95,602.6,310
2024-05-30 15:15:00,602.0,602.6,602.0,602.5,336
2024-05-30 15:16:00,602.1,602.5,600.65,601.3,1089
2024-05-30 15:17:00,600.7,600.95,600.0,600.0,497
2024-05-30 15:18:00,600.0,601.0,599.35,601.0,1560
2024-05-30 15:19:00,600.3,600.95,599.65,600.4,991
2024-05-30 15:20:00,599.75,600.7,599.5,599.75,1410
2024-05-30 15:21:00,599.5,601.0,599.5,600.9,1396
2024-05-30 15:22:00,600.15,600.65,600.15,600.3,491
2024-05-30 15:23:00,600.25,600.5,599.75,600.05,1770
2024-05-30 15:24:00,600.0,601.0,599.8,600.0,1663
2024-05-30 15:25:00,599.8,601.3,599.8,601.0,3785
2024-05-30 15:26:00,601.0,601.9,601.0,601.8,1715
2024-05-30 15:27:00,601.8,603.2,601.2,603.1,2819
2024-05-30 15:28:00,603.05,604.0,601.85,602.0,4469
2024-05-30 15:29:00,602.0,603.9,601.0,603.9,1448
2024-05-31 09:15:00,575.1,585.0,575.1,579.95,87312
2024-05-31 09:16:00,579.0,579.9,570.2,571.95,97789
2024-05-31 09:17:00,573.1,573.95,566.1,569.6,56271
2024-05-31 09:18:00,569.1,571.0,566.5,571.0,54617
2024-05-31 09:19:00,570.95,571.0,567.1,567.15,21876
2024-05-31 09:20:00,567.15,568.45,565.1,566.55,60811
2024-05-31 09:21:00,566.8,569.05,565.1,566.25,64355
2024-05-31 09:22:00,566.05,566.2,565.0,565.0,25246
2024-05-31 09:23:00,564.55,569.55,564.3,569.05,69252
2024-05-31 09:24:00,568.3,571.4,567.05,571.3,38608
2024-05-31 09:25:00,571.3,571.95,570.5,571.4,10852
2024-05-31 09:26:00,571.5,571.6,570.0,570.5,18101
2024-05-31 09:27:00,570.3,571.0,568.95,569.3,10320
2024-05-31 09:28:00,569.45,569.45,564.1,564.8,36566
2024-05-31 09:29:00,564.9,566.25,564.3,565.0,18351
2024-05-31 09:30:00,564.95,565.0,564.35,564.5,7070
2024-05-31 09:31:00,563.0,563.85,560.4,560.8,46191
2024-05-31 09:32:00,560.85,564.25,560.1,563.95,87259
2024-05-31 09:33:00,563.95,565.15,562.85,565.15,31217
2024-05-31 09:34:00,564.7,565.6,564.15,564.2,10172
2024-05-31 09:35:00,564.2,564.2,562.25,562.7,12218
2024-05-31 09:36:00,562.7,564.0,562.15,563.3,8516
2024-05-31 09:37:00,563.65,563.75,561.7,562.05,6797
2024-05-31 09:38:00,562.35,562.35,561.0,561.4,13683
2024-05-31 09:39:00,561.65,562.0,561.0,562.0,10606
2024-05-31 09:40:00,562.1,562.45,560.55,560.9,12012
2024-05-31 09:41:00,560.35,561.55,560.1,560.3,12791
2024-05-31 09:42:00,560.8,561.0,560.1,560.3,15008
2024-05-31 09:43:00,560.3,561.3,560.1,561.3,9364
2024-05-31 09:44:00,561.4,562.3,560.3,560.3,8784
2024-05-31 09:45:00,560.15,560.7,560.1,560.1,25304
2024-05-31 09:46:00,560.1,560.25,557.0,557.0,86052
2024-05-31 09:47:00,557.1,557.8,557.0,557.35,16970
2024-05-31 09:48:00,557.15,558.5,557.15,557.55,20679
2024-05-31 09:49:00,557.7,559.45,557.1,558.7,24942
2024-05-31 09:50:00,559.15,562.75,558.65,562.2,18655
2024-05-31 09:51:00,562.45,562.5,560.25,560.8,20756
2024-05-31 09:52:00,560.8,563.1,560.4,562.5,25993
2024-05-31 09:53:00,562.55,563.0,561.85,563.0,6740
2024-05-31 09:54:00,562.95,562.95,561.8,562.25,1809
2024-05-31 09:55:00,562.25,562.55,562.0,562.35,16606
2024-05-31 09:56:00,562.0,562.25,561.35,562.0,12289
2024-05-31 09:57:00,562.2,562.2,561.5,562.0,6659
2024-05-31 09:58:00,562.05,562.1,561.7,562.0,16752
2024-05-31 09:59:00,562.0,562.1,561.6,562.0,9537
2024-05-31 10:00:00,562.0,562.5,561.6,562.0,5140
2024-05-31 10:01:00,562.0,562.55,562.0,562.1,8340
2024-05-31 10:02:00,562.0,562.5,562.0,562.45,1912
2024-05-31 10:03:00,562.0,562.45,561.8,562.05,1263
2024-05-31 10:04:00,562.05,562.35,562.0,562.25,1004
2024-05-31 10:05:00,562.25,562.25,561.55,562.0,5132
2024-05-31 10:06:00,562.0,562.25,561.6,562.0,10090
2024-05-31 10:07:00,561.7,562.5,561.65,562.0,6179
2024-05-31 10:08:00,561.7,562.1,561.7,562.0,2593
2024-05-31 10:09:00,562.0,562.1,561.75,562.05,1605
2024-05-31 10:10:00,562.0,562.25,561.9,562.2,1496
2024-05-31 10:11:00,562.05,562.25,561.8,562.1,1066
2024-05-31 10:12:00,562.0,562.15,561.65,562.0,7975
2024-05-31 10:13:00,562.0,562.1,561.9,562.0,4568
2024-05-31 10:14:00,562.0,562.1,561.75,562.0,5235
2024-05-31 10:15:00,562.0,562.15,561.6,562.0,6490
2024-05-31 10:16:00,561.9,562.2,561.65,562.0,1230
2024-05-31 10:17:00,562.15,562.2,561.65,561.65,10403
2024-05-31 10:18:00,562.0,562.45,561.75,561.75,3881
2024-05-31 10:19:00,562.0,562.3,561.75,561.9,725
2024-05-31 10:20:00,562.0,562.3,561.55,562.0,17645
2024-05-31 10:21:00,562.0,562.0,558.05,559.1,45481
2024-05-31 10:22:00,559.1,559.1,556.0,556.0,51393
2024-05-31 10:23:00,556.0,557.3,556.0,556.75,12729
2024-05-31 10:24:00,556.7,557.35,556.5,557.2,3237
2024-05-31 10:25:00,557.85,558.2,557.3,558.2,7088
2024-05-31 10:26:00,557.95,558.25,557.35,558.25,4119
2024-05-31 10:27:00,558.0,559.75,558.0,559.0,3924
2024-05-31 10:28:00,559.0,559.3,558.25,558.25,6424
2024-05-31 10:29:00,558.25,558.25,557.0,557.0,5937
2024-05-31 10:30:00,557.2,557.2,556.2,556.2,12816
2024-05-31 10:31:00,556.2,557.0,556.2,557.0,2817
2024-05-31 10:32:00,556.7,557.0,556.5,556.5,1354
2024-05-31 10:33:00,556.65,556.65,550.2,550.95,66730
2024-05-31 10:34:00,551.55,552.95,551.45,552.5,11448
2024-05-31 10:35:00,552.5,552.5,550.35,551.0,7899
2024-05-31 10:36:00,550.1,553.0,550.1,552.3,32488
2024-05-31 10:37:00,552.3,553.0,551.5,552.5,7969
2024-05-31 10:38:00,552.5,553.5,552.0,552.05,7546
2024-05-31 10:39:00,552.2,552.2,550.1,551.0,14745
2024-05-31 10:40:00,551.0,551.6,550.1,551.1,15774
2024-05-31 10:41:00,551.4,551.95,550.15,551.95,35893
2024-05-31 10:42:00,551.65,552.9,551.65,552.7,5042
2024-05-31 10:43:00,552.7,554.6,552.45,553.0,9395
2024-05-31 10:44:00,553.0,553.65,551.6,552.45,11344
2024-05-31 10:45:00,552.45,552.5,552.0,552.0,4332
2024-05-31 10:46:00,552.2,553.0,551.6,552.75,10225
2024-05-31 10:47:00,552.35,552.7,551.8,552.35,7224
2024-05-31 10:48:00,552.75,552.95,552.15,552.65,5777
2024-05-31 10:49:00,552.65,553.0,551.55,552.0,14430
2024-05-31 10:50:00,551.75,551.95,550.3,551.2,16253
2024-05-31 10:51:00,551.1,551.55,550.45,551.5,6171
2024-05-31 10:52:00,551.5,552.2,551.2,552.15,5104
2024-05-31 10:53:00,552.0,552.85,552.0,552.5,2910
2024-05-31 10:54:00,552.5,552.5,550.6,551.25,16584
2024-05-31 10:55:00,551.35,551.5,550.2,550.75,22682
2024-05-31 10:56:00,551.05,552.2,551.05,552.2,5351
2024-05-31 10:57:00,552.2,552.45,551.45,551.5,3878
2024-05-31 10:58:00,551.5,551.6,550.55,550.55,2949
2024-05-31 10:59:00,551.0,551.0,550.55,551.0,4307
2024-05-31 11:00:00,550.95,551.45,550.55,550.55,2796
2024-05-31 11:01:00,550.55,551.65,550.4,551.25,9793
2024-05-31 11:02:00,551.15,552.75,551.1,551.5,5930
2024-05-31 11:03:00,551.5,551.9,551.1,551.85,2241
2024-05-31 11:04:00,551.75,551.75,551.5,551.5,2202
2024-05-31 11:05:00,551.75,552.0,551.35,551.35,5010
2024-05-31 11:06:00,551.3,553.4,551.3,553.05,9756
2024-05-31 11:07:00,553.2,553.2,552.2,552.9,5212
2024-05-31 11:08:00,552.95,553.5,552.35,553.35,3406
2024-05-31 11:09:00,553.35,553.9,552.0,552.6,31569
2024-05-31 11:10:00,552.6,552.95,552.25,552.95,2008
2024-05-31 11:11:00,552.7,553.35,552.7,553.3,2339
2024-05-31 11:12:00,553.3,554.25,552.95,553.65,4366
2024-05-31 11:13:00,553.55,554.75,552.2,554.45,7856
2024-05-31 11:14:00,554.0,554.9,553.55,554.0,12142
2024-05-31 11:15:00,554.5,554.5,553.7,554.2,4093
2024-05-31 11:16:00,554.05,554.95,553.8,554.95,5643
2024-05-31 11:17:00,554.7,555.6,554.25,555.0,11120
2024-05-31 11:18:00,555.4,555.6,555.0,555.6,4448
2024-05-31 11:19:00,555.6,556.0,555.55,556.0,3921
2024-05-31 11:20:00,556.0,556.8,555.65,556.75,5323
2024-05-31 11:21:00,556.5,556.9,556.05,556.6,10833
2024-05-31 11:22:00,556.6,557.0,556.3,557.0,1552
2024-05-31 11:23:00,556.7,557.5,556.7,556.75,11486
2024-05-31 11:24:00,556.75,556.8,554.1,554.2,11446
2024-05-31 11:25:00,554.15,554.8,553.65,553.65,12190
2024-05-31 11:26:00,554.0,554.5,553.5,554.45,1599
2024-05-31 11:27:00,554.5,554.9,554.25,554.85,2626
2024-05-31 11:28:00,554.5,554.85,554.05,554.7,1210
2024-05-31 11:29:00,554.5,554.7,553.1,553.25,7950
2024-05-31 11:30:00,553.2,554.2,553.1,554.05,2294
2024-05-31 11:31:00,554.05,554.25,553.3,553.7,1145
2024-05-31 11:32:00,553.25,554.0,553.25,554.0,2249
2024-05-31 11:33:00,554.0,554.25,553.35,553.8,1836
2024-05-31 11:34:00,553.6,554.0,553.3,553.95,1344
2024-05-31 11:35:00,553.95,554.2,553.8,554.05,7002
2024-05-31 11:36:00,554.05,554.85,554.05,554.3,7340
2024-05-31 11:37:00,554.7,554.75,554.35,554.7,1177
2024-05-31 11:38:00,554.7,554.75,554.05,554.45,1549
2024-05-31 11:39:00,554.45,554.5,553.95,554.25,1899
2024-05-31 11:40:00,553.9,554.15,553.25,554.15,2320
2024-05-31 11:41:00,554.15,554.2,553.45,554.2,975
2024-05-31 11:42:00,553.7,554.3,553.7,554.25,873
2024-05-31 11:43:00,554.0,554.25,553.2,553.65,2126
2024-05-31 11:44:00,553.45,553.75,553.1,553.1,4464
2024-05-31 11:45:00,553.1,553.5,552.95,552.95,6750
2024-05-31 11:46:00,552.45,554.0,552.45,553.1,6490
2024-05-31 11:47:00,553.1,553.7,553.1,553.35,2666
2024-05-31 11:48:00,553.35,553.4,552.15,552.6,5774
2024-05-31 11:49:00,552.25,552.9,552.15,552.8,2451
2024-05-31 11:50:00,552.9,553.05,551.0,551.5,15505
2024-05-31 11:51:00,551.15,552.1,551.05,551.7,3522
2024-05-31 11:52:00,551.7,552.5,551.2,551.5,3991
2024-05-31 11:53:00,551.45,552.1,551.05,551.5,4114
2024-05-31 11:54:00,551.5,552.5,551.5,551.9,3092
2024-05-31 11:55:00,551.9,552.5,551.6,551.95,1906
2024-05-31 11:56:00,551.6,552.5,550.35,550.6,22458
2024-05-31 11:57:00,550.6,551.9,550.25,551.9,9706
2024-05-31 11:58:00,551.6,551.65,550.65,551.35,4221
2024-05-31 11:59:00,551.35,551.9,550.85,551.9,2671
2024-05-31 12:00:00,551.85,552.35,551.4,552.35,1874
2024-05-31 12:01:00,552.25,552.35,552.0,552.35,1952
2024-05-31 12:02:00,552.3,552.5,552.25,552.5,1739
2024-05-31 12:03:00,552.5,552.85,552.35,552.6,4228
2024-05-31 12:04:00,552.65,552.75,552.3,552.55,1860
2024-05-31 12:05:00,552.55,552.55,552.05,552.4,1081
2024-05-31 12:06:00,552.1,552.55,552.1,552.55,2278
2024-05-31 12:07:00,552.45,552.65,552.1,552.1,2396
2024-05-31 12:08:00,552.1,552.35,551.0,551.0,12262
2024-05-31 12:09:00,551.0,551.6,550.5,551.6,9381
2024-05-31 12:10:00,551.35,551.55,551.0,551.35,2222
2024-05-31 12:11:00,551.1,552.3,551.1,551.4,11035
2024-05-31 12:12:00,551.25,552.5,551.1,552.5,2681
2024-05-31 12:13:00,552.5,552.5,552.0,552.4,1292
2024-05-31 12:14:00,552.05,552.35,552.0,552.2,508
2024-05-31 12:15:00,552.2,552.2,551.1,551.45,3943
2024-05-31 12:16:00,551.45,551.55,551.05,551.5,1403
2024-05-31 12:17:00,551.5,551.5,550.8,551.35,2574
2024-05-31 12:18:00,550.85,551.4,550.7,551.4,923
2024-05-31 12:19:00,551.4,551.4,550.95,551.15,1176
2024-05-31 12:20:00,551.1,551.75,551.0,551.5,3186
2024-05-31 12:21:00,551.1,551.5,550.55,550.55,5011
2024-05-31 12:22:00,550.9,551.4,550.55,551.4,1617
2024-05-31 12:23:00,551.3,551.4,550.8,550.8,839
2024-05-31 12:24:00,550.7,551.45,550.7,550.75,5968
2024-05-31 12:25:00,550.75,551.05,550.65,551.0,4839
2024-05-31 12:26:00,550.75,551.0,550.3,550.35,4346
2024-05-31 12:27:00,550.15,550.75,550.15,550.4,8859
2024-05-31 12:28:00,550.5,551.0,550.15,550.9,5751
2024-05-31 12:29:00,550.5,551.45,550.5,551.45,3755
2024-05-31 12:30:00,551.45,551.75,550.3,551.25,11029
2024-05-31 12:31:00,550.95,551.75,550.95,551.7,2795
2024-05-31 12:32:00,551.3,551.65,551.1,551.65,917
2024-05-31 12:33:00,551.7,551.75,551.15,551.3,2968
2024-05-31 12:34:00,551.6,551.6,551.2,551.6,2138
2024-05-31 12:35:00,551.6,551.75,550.85,551.05,3700
2024-05-31 12:36:00,551.05,551.5,551.0,551.5,1114
2024-05-31 12:37:00,551.4,551.55,551.0,551.4,1220
2024-05-31 12:38:00,551.0,551.6,551.0,551.6,453
2024-05-31 12:39:00,551.15,551.5,550.3,550.9,4320
2024-05-31 12:40:00,550.8,551.1,550.5,551.1,3010
2024-05-31 12:41:00,550.7,551.45,550.7,551.45,709
2024-05-31 12:42:00,551.45,551.45,551.0,551.4,705
2024-05-31 12:43:00,551.1,551.45,550.35,550.85,9304
2024-05-31 12:44:00,550.85,550.85,550.3,550.75,2486
2024-05-31 12:45:00,550.55,551.1,550.55,550.75,2387
2024-05-31 12:46:00,550.8,551.15,550.55,550.75,1722
2024-05-31 12:47:00,551.05,551.05,550.65,551.0,662
2024-05-31 12:48:00,550.65,551.15,550.55,551.15,1821
2024-05-31 12:49:00,551.15,551.4,550.8,551.3,1804
2024-05-31 12:50:00,551.1,551.45,550.7,551.3,5719
2024-05-31 12:51:00,551.3,551.95,551.0,551.95,3106
2024-05-31 12:52:00,551.85,551.9,551.0,551.65,2484
2024-05-31 12:53:00,551.25,551.65,551.2,551.5,2215
2024-05-31 12:54:00,551.5,551.5,551.0,551.0,4599
2024-05-31 12:55:00,551.05,551.35,550.1,550.1,14947
2024-05-31 12:56:00,550.25,550.9,550.2,550.6,13235
2024-05-31 12:57:00,550.65,551.0,550.6,551.0,6493
2024-05-31 12:58:00,551.0,551.4,550.6,551.4,1499
2024-05-31 12:59:00,551.45,552.4,551.0,551.95,3405
2024-05-31 13:00:00,551.95,552.4,551.5,551.8,3136
2024-05-31 13:01:00,551.8,552.5,551.5,552.35,3720
2024-05-31 13:02:00,552.25,552.9,551.65,552.15,12501
2024-05-31 13:03:00,552.15,552.2,551.65,552.15,683
2024-05-31 13:04:00,552.1,552.15,550.4,551.7,24312
2024-05-31 13:05:00,551.3,552.25,551.2,552.0,1694
2024-05-31 13:06:00,551.85,552.0,551.45,551.8,1752
2024-05-31 13:07:00,551.45,551.8,550.8,551.0,1756
2024-05-31 13:08:00,550.8,551.6,550.8,551.6,1733
2024-05-31 13:09:00,551.05,552.3,551.05,551.7,2213
2024-05-31 13:10:00,551.7,553.0,551.55,552.1,7152
2024-05-31 13:11:00,552.15,552.65,552.0,552.45,1511
2024-05-31 13:12:00,552.05,552.6,551.2,551.45,1376
2024-05-31 13:13:00,551.95,552.3,551.45,551.7,1097
2024-05-31 13:14:00,551.75,551.85,551.5,551.85,1862
2024-05-31 13:15:00,551.5,551.85,551.2,551.2,1532
2024-05-31 13:16:00,551.2,552.0,551.1,552.0,3361
2024-05-31 13:17:00,551.8,552.4,551.55,552.1,1596
2024-05-31 13:18:00,551.8,552.3,551.8,552.3,788
2024-05-31 13:19:00,552.0,552.3,551.5,551.5,4723
2024-05-31 13:20:00,551.7,552.3,551.5,552.0,3170
2024-05-31 13:21:00,551.7,552.05,551.5,552.05,621
2024-05-31 13:22:00,552.05,552.05,551.5,551.75,1221
2024-05-31 13:23:00,551.75,551.85,551.25,551.75,4778
2024-05-31 13:24:00,551.35,551.85,551.35,551.85,2119
2024-05-31 13:25:00,551.85,551.85,551.3,551.7,2058
2024-05-31 13:26:00,551.65,552.0,551.3,552.0,1590
2024-05-31 13:27:00,552.0,552.0,551.45,551.6,4321
2024-05-31 13:28:00,551.55,551.8,551.55,551.75,3583
2024-05-31 13:29:00,551.65,551.8,551.55,551.8,5181
2024-05-31 13:30:00,551.55,551.9,551.55,551.9,989
2024-05-31 13:31:00,551.85,552.5,551.55,551.9,8849
2024-05-31 13:32:00,551.9,552.5,551.75,552.5,1634
2024-05-31 13:33:00,552.5,552.65,552.25,552.65,2871
2024-05-31 13:34:00,552.6,552.75,552.5,552.7,1881
2024-05-31 13:35:00,552.6,552.7,551.55,551.85,5886
2024-05-31 13:36:00,551.55,552.0,551.55,552.0,2620
2024-05-31 13:37:00,552.0,552.25,551.6,552.15,3088
2024-05-31 13:38:00,551.65,552.15,551.65,552.1,742
2024-05-31 13:39:00,552.1,552.15,551.6,552.0,2140
2024-05-31 13:40:00,551.6,552.25,551.6,552.05,1493
2024-05-31 13:41:00,552.05,552.75,552.05,552.75,3020
2024-05-31 13:42:00,552.2,553.2,552.05,553.2,4630
2024-05-31 13:43:00,553.15,553.45,552.75,553.15,2164
2024-05-31 13:44:00,553.4,553.4,553.0,553.4,3414
2024-05-31 13:45:00,553.2,553.35,553.05,553.2,4876
2024-05-31 13:46:00,553.2,553.95,553.1,553.95,4637
2024-05-31 13:47:00,553.85,554.35,553.75,554.2,4003
2024-05-31 13:48:00,554.85,555.0,554.1,554.5,12606
2024-05-31 13:49:00,554.5,554.7,554.3,554.3,5218
2024-05-31 13:50:00,554.3,554.55,554.05,554.15,2672
2024-05-31 13:51:00,554.1,554.4,553.65,554.2,3410
2024-05-31 13:52:00,554.2,554.5,553.2,553.6,3837
2024-05-31 13:53:00,553.3,553.95,553.25,553.95,5927
2024-05-31 13:54:00,553.75,554.0,553.75,554.0,3673
2024-05-31 13:55:00,553.95,554.0,553.05,553.4,6396
2024-05-31 13:56:00,553.4,553.5,553.0,553.0,3960
2024-05-31 13:57:00,552.2,552.6,551.5,551.95,10610
2024-05-31 13:58:00,551.95,551.95,551.2,551.95,2153
2024-05-31 13:59:00,551.95,552.0,551.5,551.75,3910
2024-05-31 14:00:00,551.75,551.85,551.4,551.85,1805
2024-05-31 14:01:00,551.95,553.0,551.85,552.9,3757
2024-05-31 14:02:00,552.9,553.4,552.5,553.05,4374
2024-05-31 14:03:00,553.15,553.15,552.0,552.05,1754
2024-05-31 14:04:00,552.0,552.5,552.0,552.1,894
2024-05-31 14:05:00,552.1,552.5,552.05,552.45,2259
2024-05-31 14:06:00,552.45,552.45,551.0,551.7,9870
2024-05-31 14:07:00,551.65,551.9,551.4,551.9,1612
2024-05-31 14:08:00,551.9,551.9,551.6,551.75,3116
2024-05-31 14:09:00,551.75,552.25,551.4,552.2,3925
2024-05-31 14:10:00,552.0,552.9,551.6,551.65,9866
2024-05-31 14:11:00,551.55,552.0,551.55,552.0,2126
2024-05-31 14:12:00,552.0,552.85,552.0,552.85,1263
2024-05-31 14:13:00,552.85,553.0,552.25,552.9,26396
2024-05-31 14:14:00,552.45,553.0,552.25,553.0,2425
2024-05-31 14:15:00,553.0,553.5,553.0,553.5,15616
2024-05-31 14:16:00,553.5,553.5,553.0,553.3,3009
2024-05-31 14:17:00,553.3,553.45,553.0,553.05,1850
2024-05-31 14:18:00,553.05,553.4,551.4,551.5,21060
2024-05-31 14:19:00,551.45,551.5,550.1,550.1,24768
2024-05-31 14:20:00,550.6,551.9,550.1,551.7,41363
2024-05-31 14:21:00,551.7,552.0,551.0,551.45,1128
2024-05-31 14:22:00,551.6,551.7,551.0,551.35,5045
2024-05-31 14:23:00,551.35,551.35,550.55,550.65,4363
2024-05-31 14:24:00,550.6,551.15,550.5,550.5,5840
2024-05-31 14:25:00,550.5,551.9,550.2,550.45,4628
2024-05-31 14:26:00,550.25,551.3,550.25,550.8,2946
2024-05-31 14:27:00,550.7,551.5,550.45,551.45,3162
2024-05-31 14:28:00,550.85,551.35,550.25,550.25,4822
2024-05-31 14:29:00,550.25,550.75,550.25,550.75,2117
2024-05-31 14:30:00,550.7,550.95,550.15,550.7,12895
2024-05-31 14:31:00,550.25,550.6,550.1,550.1,18592
2024-05-31 14:32:00,550.1,550.4,550.1,550.1,6629
2024-05-31 14:33:00,550.4,550.4,550.1,550.2,4078
2024-05-31 14:34:00,550.1,550.7,550.1,550.4,5592
2024-05-31 14:35:00,550.4,550.75,550.15,550.75,9825
2024-05-31 14:36:00,550.75,550.75,550.35,550.75,814
2024-05-31 14:37:00,550.75,550.75,550.6,550.7,1023
2024-05-31 14:38:00,550.75,550.85,550.7,550.85,819
2024-05-31 14:39:00,550.85,550.85,550.7,550.8,2613
2024-05-31 14:40:00,550.8,550.85,550.7,550.85,2781
2024-05-31 14:41:00,550.85,550.95,550.5,550.9,2253
2024-05-31 14:42:00,550.95,551.1,550.5,550.9,4442
2024-05-31 14:43:00,550.7,550.95,550.5,550.95,2746
2024-05-31 14:44:00,550.95,551.85,550.5,551.4,3631
2024-05-31 14:45:00,551.0,551.55,551.0,551.45,3509
2024-05-31 14:46:00,551.45,551.9,551.2,551.2,2305
2024-05-31 14:47:00,551.5,551.85,551.0,551.0,2491
2024-05-31 14:48:00,551.0,551.5,551.0,551.45,5472
2024-05-31 14:49:00,551.05,551.45,551.0,551.3,1361
2024-05-31 14:50:00,551.3,551.6,551.05,551.6,3119
2024-05-31 14:51:00,551.3,552.0,551.3,551.65,10665
2024-05-31 14:52:00,551.65,552.0,551.5,551.9,1969
2024-05-31 14:53:00,551.95,552.0,551.35,551.6,5231
2024-05-31 14:54:00,551.6,551.85,551.05,551.5,4242
2024-05-31 14:55:00,551.5,551.5,551.05,551.5,1333
2024-05-31 14:56:00,550.95,551.45,550.8,551.45,6959
2024-05-31 14:57:00,551.45,551.45,551.05,551.45,9262
2024-05-31 14:58:00,551.45,551.7,551.15,551.5,26667
2024-05-31 14:59:00,551.55,551.6,551.1,551.4,1376
2024-05-31 15:00:00,551.05,551.5,550.2,551.25,10611
2024-05-31 15:01:00,551.25,551.5,550.5,551.5,9164
2024-05-31 15:02:00,551.2,551.65,550.5,550.9,7160
2024-05-31 15:03:00,550.95,551.0,550.15,550.2,4551
2024-05-31 15:04:00,550.2,550.5,550.1,550.3,6472
2024-05-31 15:05:00,550.1,550.75,550.1,550.3,11877
2024-05-31 15:06:00,550.75,550.75,550.2,550.65,5570
2024-05-31 15:07:00,550.65,550.65,550.15,550.15,7095
2024-05-31 15:08:00,550.35,550.35,550.1,550.15,5957
2024-05-31 15:09:00,550.15,550.5,550.1,550.25,14044
2024-05-31 15:10:00,550.25,550.5,550.1,550.15,12421
2024-05-31 15:11:00,550.1,550.2,550.1,550.15,14185
2024-05-31 15:12:00,550.1,550.7,550.1,550.25,13718
2024-05-31 15:13:00,550.65,550.65,550.15,550.5,6011
2024-05-31 15:14:00,550.2,550.55,550.15,550.4,4344
2024-05-31 15:15:00,550.25,550.4,550.1,550.1,14581
2024-05-31 15:16:00,550.1,550.4,550.1,550.3,17808
2024-05-31 15:17:00,550.1,550.95,549.15,549.4,32311
2024-05-31 15:18:00,549.7,549.75,547.5,547.5,48637
2024-05-31 15:19:00,547.65,549.35,546.85,549.0,18619
2024-05-31 15:20:00,549.0,549.0,547.4,547.75,10920
2024-05-31 15:21:00,547.75,547.75,547.1,547.35,6195
2024-05-31 15:22:00,547.1,547.1,546.5,547.0,9091
2024-05-31 15:23:00,547.0,547.0,546.5,546.75,6888
2024-05-31 15:24:00,546.75,546.75,545.85,546.35,15656
2024-05-31 15:25:00,546.0,546.35,545.15,545.5,11959
2024-05-31 15:26:00,545.5,545.65,545.05,545.3,11469
2024-05-31 15:27:00,545.45,545.9,545.0,545.9,15887
2024-05-31 15:28:00,545.9,548.0,545.6,547.85,7650
2024-05-31 15:29:00,547.5,550.0,547.0,548.0,20899
2024-06-03 09:15:00,575.9,583.95,565.0,565.0,79547
2024-06-03 09:16:00,564.15,568.4,564.15,565.5,21354
2024-06-03 09:17:00,565.6,568.3,562.15,563.5,28884
2024-06-03 09:18:00,562.35,563.85,561.2,562.35,9557
2024-06-03 09:19:00,562.35,563.0,561.85,562.05,5090
2024-06-03 09:20:00,562.4,563.0,560.45,561.0,7331
2024-06-03 09:21:00,560.3,561.85,556.8,560.45,22972
2024-06-03 09:22:00,560.45,561.5,558.5,559.2,2878
2024-06-03 09:23:00,559.2,561.25,558.85,560.35,18414
2024-06-03 09:24:00,560.35,562.0,560.2,560.5,3153
2024-06-03 09:25:00,560.2,562.95,559.55,561.25,21114
2024-06-03 09:26:00,560.3,563.25,559.6,560.95,31805
2024-06-03 09:27:00,560.95,562.85,560.05,562.85,6370
2024-06-03 09:28:00,562.8,562.85,557.0,557.0,26209
2024-06-03 09:29:00,557.4,557.55,554.1,554.3,14441
2024-06-03 09:30:00,554.1,557.25,553.1,555.7,20489
2024-06-03 09:31:00,556.45,558.35,555.9,555.9,6490
2024-06-03 09:32:00,555.8,558.8,555.8,558.05,5079
2024-06-03 09:33:00,558.1,559.95,558.05,559.35,31982
2024-06-03 09:34:00,558.8,561.0,558.65,560.25,6755
2024-06-03 09:35:00,560.1,562.15,560.0,560.8,9652
2024-06-03 09:36:00,561.25,562.5,561.0,562.0,3380
2024-06-03 09:37:00,562.6,563.6,562.5,563.35,7239
2024-06-03 09:38:00,563.25,563.5,562.65,562.7,2471
2024-06-03 09:39:00,563.0,563.85,562.65,563.85,3569
2024-06-03 09:40:00,563.85,567.7,563.7,567.35,20442
2024-06-03 09:41:00,567.1,567.1,561.05,562.4,21937
2024-06-03 09:42:00,562.4,564.55,561.35,564.55,2277
2024-06-03 09:43:00,564.85,565.2,563.8,564.65,2745
2024-06-03 09:44:00,564.2,565.0,563.0,564.5,2457
2024-06-03 09:45:00,564.5,564.5,562.1,562.9,2104
2024-06-03 09:46:00,563.0,564.5,562.1,563.9,4720
2024-06-03 09:47:00,563.9,564.8,563.3,564.15,2742
2024-06-03 09:48:00,564.7,564.7,563.0,563.0,1447
2024-06-03 09:49:00,563.0,564.65,562.1,563.95,7317
2024-06-03 09:50:00,563.95,563.95,562.6,563.05,663
2024-06-03 09:51:00,562.95,563.1,562.1,563.05,1895
2024-06-03 09:52:00,563.05,563.1,558.65,559.75,29720
2024-06-03 09:53:00,560.45,561.4,559.45,560.3,6957
2024-06-03 09:54:00,560.3,560.75,558.1,559.1,17451
2024-06-03 09:55:00,559.65,561.35,559.0,561.35,968
2024-06-03 09:56:00,561.15,561.5,560.45,561.0,3126
2024-06-03 09:57:00,561.0,561.0,560.1,560.5,2116
2024-06-03 09:58:00,560.1,561.4,559.05,559.65,18365
2024-06-03 09:59:00,559.75,559.75,559.15,559.15,1209
2024-06-03 10:00:00,559.6,559.8,558.8,559.15,1093
2024-06-03 10:01:00,558.8,559.15,558.05,558.6,2309
2024-06-03 10:02:00,558.35,559.15,558.0,558.6,9391
2024-06-03 10:03:00,558.5,559.05,558.4,558.95,8218
2024-06-03 10:04:00,558.9,559.5,558.4,558.4,9614
2024-06-03 10:05:00,558.5,558.7,558.05,558.65,2926
2024-06-03 10:06:00,558.25,558.7,558.0,558.5,3042
2024-06-03 10:07:00,558.5,559.3,558.05,558.5,8491
2024-06-03 10:08:00,558.6,559.0,558.5,558.6,922
2024-06-03 10:09:00,558.55,558.95,558.55,558.6,1712
2024-06-03 10:10:00,558.6,559.0,558.6,558.95,2242
2024-06-03 10:11:00,558.95,559.0,558.6,559.0,1419
2024-06-03 10:12:00,558.65,559.0,558.5,558.65,4123
2024-06-03 10:13:00,558.65,558.95,558.5,558.75,407
2024-06-03 10:14:00,557.95,558.95,557.25,558.9,10182
2024-06-03 10:15:00,558.9,559.45,558.3,558.65,5832
2024-06-03 10:16:00,558.65,558.7,558.0,558.55,992
2024-06-03 10:17:00,558.55,558.55,556.0,556.0,5765
2024-06-03 10:18:00,556.0,558.45,555.9,558.4,4072
2024-06-03 10:19:00,558.4,559.95,558.0,559.0,11665
2024-06-03 10:20:00,559.3,560.0,558.45,559.25,4480
2024-06-03 10:21:00,558.75,559.0,558.0,558.4,1262
2024-06-03 10:22:00,558.0,558.4,558.0,558.0,892
2024-06-03 10:23:00,558.0,559.0,557.55,558.65,2735
2024-06-03 10:24:00,558.3,558.4,557.2,557.55,2068
2024-06-03 10:25:00,557.5,559.0,557.2,558.1,7333
2024-06-03 10:26:00,558.1,558.1,557.1,557.1,92
2024-06-03 10:27:00,557.1,557.95,556.05,556.55,7625
2024-06-03 10:28:00,557.1,558.0,557.1,557.35,1332
2024-06-03 10:29:00,557.35,558.85,557.35,558.2,1496
2024-06-03 10:30:00,557.95,558.85,557.8,558.0,1488
2024-06-03 10:31:00,558.35,558.7,557.2,557.6,3581
2024-06-03 10:32:00,557.6,558.4,557.2,557.9,3150
2024-06-03 10:33:00,557.85,557.9,556.15,557.0,6994
2024-06-03 10:34:00,556.95,558.45,556.95,558.45,3797
2024-06-03 10:35:00,558.45,558.45,556.5,557.3,1380
2024-06-03 10:36:00,557.25,557.25,556.05,556.5,3271
2024-06-03 10:37:00,556.5,557.0,555.25,555.95,4587
2024-06-03 10:38:00,555.25,556.15,555.1,555.3,5975
2024-06-03 10:39:00,555.3,556.15,555.25,555.6,1704
2024-06-03 10:40:00,556.4,557.5,555.75,557.5,2275
2024-06-03 10:41:00,557.5,559.1,556.9,558.75,3553
2024-06-03 10:42:00,558.75,559.1,558.4,559.1,1574
2024-06-03 10:43:00,559.1,559.3,558.8,559.3,724
2024-06-03 10:44:00,559.3,559.5,558.8,558.8,1053
2024-06-03 10:45:00,559.0,559.0,558.15,558.15,2307
2024-06-03 10:46:00,558.15,558.8,558.1,558.1,668
2024-06-03 10:47:00,558.55,558.55,557.4,557.4,1593
2024-06-03 10:48:00,557.3,557.85,555.0,555.3,8575
2024-06-03 10:49:00,555.3,555.7,555.0,555.7,3044
2024-06-03 10:50:00,555.55,556.7,555.0,556.3,6940
2024-06-03 10:51:00,556.3,556.3,554.2,554.65,21000
2024-06-03 10:52:00,554.65,554.65,552.25,552.25,6929
2024-06-03 10:53:00,552.15,553.15,552.1,552.85,2763
2024-06-03 10:54:00,553.25,553.85,553.1,553.8,626
2024-06-03 10:55:00,553.0,553.25,552.0,552.2,8717
2024-06-03 10:56:00,552.2,552.2,551.25,551.6,3843
2024-06-03 10:57:00,552.5,552.65,551.2,551.25,1742
2024-06-03 10:58:00,551.85,551.9,550.95,551.05,2887
2024-06-03 10:59:00,551.05,552.4,550.95,551.95,28274
2024-06-03 11:00:00,551.6,553.95,551.6,552.75,2658
2024-06-03 11:01:00,552.7,553.1,552.35,552.95,1017
2024-06-03 11:02:00,552.4,552.8,552.35,552.7,985
2024-06-03 11:03:00,552.7,553.05,552.35,553.0,1386
2024-06-03 11:04:00,553.05,553.2,551.15,551.45,2698
2024-06-03 11:05:00,551.15,551.9,551.15,551.6,2912
2024-06-03 11:06:00,551.6,551.9,551.5,551.55,526
2024-06-03 11:07:00,551.55,551.7,550.95,551.0,2339
2024-06-03 11:08:00,551.0,551.0,550.1,551.0,9597
2024-06-03 11:09:00,550.6,552.8,550.1,552.8,4500
2024-06-03 11:10:00,552.8,554.55,552.05,554.1,4064
2024-06-03 11:11:00,554.1,554.85,553.3,554.7,2626
2024-06-03 11:12:00,554.65,554.75,553.0,554.75,5623
2024-06-03 11:13:00,554.75,555.15,554.35,555.1,1266
2024-06-03 11:14:00,555.1,555.25,554.75,554.8,645
2024-06-03 11:15:00,554.8,555.0,554.25,554.3,916
2024-06-03 11:16:00,554.3,555.85,554.1,555.1,3031
2024-06-03 11:17:00,555.55,555.8,555.0,555.25,10092
2024-06-03 11:18:00,555.25,555.7,555.0,555.05,1606
2024-06-03 11:19:00,555.45,555.45,555.0,555.0,3743
2024-06-03 11:20:00,555.35,556.3,555.0,555.0,10482
2024-06-03 11:21:00,555.0,555.05,554.05,554.85,7343
2024-06-03 11:22:00,554.6,556.9,554.05,556.15,10517
2024-06-03 11:23:00,556.5,557.45,556.0,557.45,5743
2024-06-03 11:24:00,557.45,557.75,556.75,557.15,5677
2024-06-03 11:25:00,556.75,557.5,556.75,557.5,6374
2024-06-03 11:26:00,557.5,557.95,557.0,557.95,107030
2024-06-03 11:27:00,557.0,557.8,557.0,557.5,5370
2024-06-03 11:28:00,557.4,557.5,557.0,557.0,6319
2024-06-03 11:29:00,557.0,557.0,556.05,556.1,5446
2024-06-03 11:30:00,556.65,556.65,555.0,556.25,19922
2024-06-03 11:31:00,555.6,556.4,555.55,556.4,530
2024-06-03 11:32:00,556.5,556.5,555.9,556.35,539
2024-06-03 11:33:00,556.35,556.35,555.5,556.0,1224
2024-06-03 11:34:00,556.4,558.55,555.75,558.15,8887
2024-06-03 11:35:00,558.8,559.65,558.1,558.9,11430
2024-06-03 11:36:00,558.9,559.5,558.55,559.35,4299
2024-06-03 11:37:00,559.35,561.0,558.9,560.95,5418
2024-06-03 11:38:00,560.95,560.95,559.35,559.95,3707
2024-06-03 11:39:00,560.1,561.0,559.5,560.5,5000
2024-06-03 11:40:00,560.5,563.9,560.0,563.0,9127
2024-06-03 11:41:00,563.05,565.0,563.05,565.0,13291
2024-06-03 11:42:00,564.25,564.8,562.4,562.55,5916
2024-06-03 11:43:00,563.5,563.5,561.55,562.6,4873
2024-06-03 11:44:00,562.6,564.95,561.85,564.95,13750
2024-06-03 11:45:00,564.65,565.0,563.3,563.95,13296
2024-06-03 11:46:00,564.1,568.7,563.7,567.95,35984
2024-06-03 11:47:00,568.55,568.8,565.85,566.45,12698
2024-06-03 11:48:00,566.45,567.85,565.25,566.0,8710
2024-06-03 11:49:00,566.0,566.4,565.0,565.5,6995
2024-06-03 11:50:00,565.5,565.75,564.35,565.35,2231
2024-06-03 11:51:00,565.0,565.0,563.35,563.65,3278
2024-06-03 11:52:00,563.95,564.0,562.55,562.95,5068
2024-06-03 11:53:00,562.95,563.5,562.2,562.2,809
2024-06-03 11:54:00,562.5,563.45,562.1,563.2,2299
2024-06-03 11:55:00,562.6,563.2,562.25,562.8,895
2024-06-03 11:56:00,562.8,564.15,562.5,564.15,4654
2024-06-03 11:57:00,563.65,564.85,563.65,563.65,3439
2024-06-03 11:58:00,563.65,564.0,562.95,563.45,2396
2024-06-03 11:59:00,563.45,563.9,563.05,563.1,573
2024-06-03 12:00:00,562.85,563.25,562.0,562.1,3519
2024-06-03 12:01:00,562.0,562.05,561.05,561.1,2354
2024-06-03 12:02:00,561.35,562.25,560.6,562.25,3095
2024-06-03 12:03:00,562.7,562.8,561.15,561.75,2012
2024-06-03 12:04:00,561.75,562.2,561.05,561.05,469
2024-06-03 12:05:00,561.05,561.6,561.0,561.45,631
2024-06-03 12:06:00,561.45,562.2,561.05,561.95,1390
2024-06-03 12:07:00,561.95,562.05,561.0,561.15,1424
2024-06-03 12:08:00,561.6,561.6,560.15,561.25,3288
2024-06-03 12:09:00,560.8,561.8,560.8,561.0,1043
2024-06-03 12:10:00,561.0,561.4,560.85,561.05,748
2024-06-03 12:11:00,561.05,561.6,560.85,561.45,1505
2024-06-03 12:12:00,561.2,561.2,560.15,560.6,2768
2024-06-03 12:13:00,560.6,561.3,560.2,560.7,1080
2024-06-03 12:14:00,560.7,561.0,560.1,560.1,3221
2024-06-03 12:15:00,560.1,560.35,557.2,557.2,7626
2024-06-03 12:16:00,557.3,558.4,557.2,557.35,7880
2024-06-03 12:17:00,557.8,557.9,557.1,557.1,2574
2024-06-03 12:18:00,557.1,557.65,557.0,557.3,3149
2024-06-03 12:19:00,557.3,557.65,557.0,557.15,820
2024-06-03 12:20:00,557.15,557.3,557.0,557.0,917
2024-06-03 12:21:00,557.0,557.2,556.8,557.2,2459
2024-06-03 12:22:00,556.85,558.0,556.85,557.5,5440
2024-06-03 12:23:00,557.5,559.2,557.5,558.5,578
2024-06-03 12:24:00,558.5,559.4,558.1,558.25,4628
2024-06-03 12:25:00,558.25,559.35,558.0,559.35,2448
2024-06-03 12:26:00,559.35,559.45,558.3,558.4,1470
2024-06-03 12:27:00,558.7,559.0,558.25,558.65,577
2024-06-03 12:28:00,558.4,559.0,558.3,558.3,423
2024-06-03 12:29:00,558.3,558.95,558.25,558.7,549
2024-06-03 12:30:00,558.4,558.7,558.0,558.0,812
2024-06-03 12:31:00,558.25,558.65,558.25,558.25,1041
2024-06-03 12:32:00,558.25,558.65,558.0,558.15,854
2024-06-03 12:33:00,558.1,558.65,558.05,558.1,464
2024-06-03 12:34:00,558.25,558.55,558.1,558.1,584
2024-06-03 12:35:00,558.1,558.65,558.1,558.5,1542
2024-06-03 12:36:00,558.5,558.85,558.15,558.15,797
2024-06-03 12:37:00,558.15,558.15,557.0,557.15,2555
2024-06-03 12:38:00,557.15,557.3,556.8,557.0,903
2024-06-03 12:39:00,557.3,557.65,556.65,557.1,3180
2024-06-03 12:40:00,557.1,558.25,556.7,557.65,3562
2024-06-03 12:41:00,557.05,557.65,557.05,557.15,268
2024-06-03 12:42:00,557.55,560.5,557.05,560.5,2364
2024-06-03 12:43:00,560.5,560.5,559.2,559.95,1966
2024-06-03 12:44:00,559.95,560.75,559.4,560.05,899
2024-06-03 12:45:00,560.05,560.05,558.85,559.3,657
2024-06-03 12:46:00,559.25,566.0,558.7,566.0,14621
2024-06-03 12:47:00,565.45,565.85,562.1,562.5,8452
2024-06-03 12:48:00,562.5,563.6,561.7,563.3,3643
2024-06-03 12:49:00,563.3,563.3,562.2,562.4,6525
2024-06-03 12:50:00,562.4,562.4,561.2,561.25,1705
2024-06-03 12:51:00,561.25,561.75,561.05,561.05,512
2024-06-03 12:52:00,561.2,561.2,560.55,561.0,2062
2024-06-03 12:53:00,561.0,561.0,559.9,560.05,879
2024-06-03 12:54:00,560.05,560.7,560.0,560.25,727
2024-06-03 12:55:00,560.25,560.7,560.0,560.65,1059
2024-06-03 12:56:00,560.15,561.0,557.0,559.3,220079
2024-06-03 12:57:00,558.7,559.75,558.7,559.35,3704
2024-06-03 12:58:00,559.35,559.95,558.55,559.3,1022
2024-06-03 12:59:00,559.3,559.9,557.35,557.35,4068
2024-06-03 13:00:00,557.0,558.65,557.0,558.1,108936
2024-06-03 13:01:00,558.0,558.1,556.55,557.5,2489
2024-06-03 13:02:00,557.2,557.95,556.5,556.5,10623
2024-06-03 13:03:00,556.5,557.75,555.75,557.4,27368
2024-06-03 13:04:00,557.4,558.7,557.35,558.0,1326
2024-06-03 13:05:00,558.0,558.7,557.15,557.15,1956
2024-06-03 13:06:00,557.15,557.8,556.7,557.1,2317
2024-06-03 13:07:00,557.1,557.25,556.7,557.25,295
2024-06-03 13:08:00,557.25,557.25,556.75,557.25,234
2024-06-03 13:09:00,556.75,557.25,556.75,556.75,953
2024-06-03 13:10:00,556.75,557.0,556.4,556.55,645
2024-06-03 13:11:00,556.8,557.25,556.6,556.6,5214
2024-06-03 13:12:00,556.6,558.05,556.6,557.8,11872
2024-06-03 13:13:00,557.95,558.3,556.95,557.85,6320
2024-06-03 13:14:00,557.55,557.9,556.6,556.9,3179
2024-06-03 13:15:00,556.85,557.7,556.65,556.8,847
2024-06-03 13:16:00,556.75,557.7,556.5,556.5,1548
2024-06-03 13:17:00,557.0,557.95,556.4,557.2,3306
2024-06-03 13:18:00,557.0,558.0,557.0,558.0,11009
2024-06-03 13:19:00,558.0,558.0,557.3,557.7,3171
2024-06-03 13:20:00,557.7,558.0,557.5,557.7,23148
2024-06-03 13:21:00,557.9,557.9,557.6,557.65,350
2024-06-03 13:22:00,557.65,557.95,557.5,557.55,1957
2024-06-03 13:23:00,557.8,557.95,557.3,557.35,1643
2024-06-03 13:24:00,557.35,557.95,557.35,557.95,1441
2024-06-03 13:25:00,557.95,557.95,557.4,557.95,920
2024-06-03 13:26:00,557.95,557.95,557.35,557.8,618
2024-06-03 13:27:00,557.4,557.95,557.1,557.95,1012
2024-06-03 13:28:00,557.45,557.9,557.4,557.5,151
2024-06-03 13:29:00,557.5,557.85,557.25,557.3,1181
2024-06-03 13:30:00,557.25,557.85,557.25,557.75,1448
2024-06-03 13:31:00,557.35,557.75,557.35,557.75,128
2024-06-03 13:32:00,557.75,558.15,557.3,558.15,5376
2024-06-03 13:33:00,558.15,558.15,557.35,557.95,349
2024-06-03 13:34:00,557.55,558.0,557.2,558.0,1196
2024-06-03 13:35:00,557.6,558.0,557.15,557.45,30559
2024-06-03 13:36:00,557.45,558.9,557.35,558.7,359
2024-06-03 13:37:00,558.7,559.8,558.35,558.8,11429
2024-06-03 13:38:00,558.3,558.6,557.75,558.0,1196
2024-06-03 13:39:00,557.75,558.0,557.05,557.6,4214
2024-06-03 13:40:00,557.05,557.1,556.3,556.7,3731
2024-06-03 13:41:00,556.7,556.7,556.3,556.35,811
2024-06-03 13:42:00,556.6,557.5,556.3,556.75,2502
2024-06-03 13:43:00,556.75,557.5,556.35,556.65,2385
2024-06-03 13:44:00,556.65,557.5,556.45,557.0,536
2024-06-03 13:45:00,557.0,557.65,557.0,557.15,552
2024-06-03 13:46:00,557.0,557.65,556.9,556.9,1181
2024-06-03 13:47:00,556.9,557.0,556.6,556.95,838
2024-06-03 13:48:00,556.6,557.35,556.35,556.65,807
2024-06-03 13:49:00,556.7,557.4,556.7,557.35,433
2024-06-03 13:50:00,557.3,557.3,556.25,556.3,1088
2024-06-03 13:51:00,556.3,556.95,556.3,556.35,539
2024-06-03 13:52:00,556.35,556.75,556.35,556.75,719
2024-06-03 13:53:00,556.4,556.95,556.4,556.8,672
2024-06-03 13:54:00,556.8,557.25,556.8,557.0,756
2024-06-03 13:55:00,557.0,557.3,556.25,556.95,1866
2024-06-03 13:56:00,556.95,557.3,556.4,557.3,800
2024-06-03 13:57:00,557.3,557.3,556.9,557.3,1634
2024-06-03 13:58:00,557.3,557.9,557.0,557.25,2314
2024-06-03 13:59:00,557.25,557.25,557.0,557.0,444
2024-06-03 14:00:00,557.25,557.25,556.95,556.95,513
2024-06-03 14:01:00,556.95,557.05,556.5,556.5,6399
2024-06-03 14:02:00,556.5,557.0,556.5,557.0,1984
2024-06-03 14:03:00,557.0,557.0,556.7,557.0,2402
2024-06-03 14:04:00,557.0,557.0,556.8,557.0,3257
2024-06-03 14:05:00,556.95,557.0,556.7,556.7,3040
2024-06-03 14:06:00,556.7,556.95,556.25,556.25,1378
2024-06-03 14:07:00,556.25,556.6,556.15,556.2,3496
2024-06-03 14:08:00,556.2,556.4,554.35,555.0,52699
2024-06-03 14:09:00,555.0,557.0,554.4,557.0,20473
2024-06-03 14:10:00,557.0,558.7,556.2,556.35,47389
2024-06-03 14:11:00,556.35,556.35,554.5,555.5,7294
2024-06-03 14:12:00,555.5,555.5,554.15,554.15,1399
2024-06-03 14:13:00,554.15,554.5,553.5,553.95,16195
2024-06-03 14:14:00,554.35,554.6,553.0,554.2,5318
2024-06-03 14:15:00,554.2,554.2,553.1,553.2,1384
2024-06-03 14:16:00,553.2,553.55,553.0,553.45,898
2024-06-03 14:17:00,553.05,553.9,553.05,553.75,577
2024-06-03 14:18:00,553.75,554.65,553.75,554.55,4592
2024-06-03 14:19:00,554.6,554.6,553.0,553.6,2534
2024-06-03 14:20:00,553.6,554.15,553.45,554.15,2643
2024-06-03 14:21:00,554.15,555.35,554.0,554.05,5189
2024-06-03 14:22:00,554.05,554.45,553.1,554.05,2897
2024-06-03 14:23:00,553.9,554.75,553.9,554.65,918
2024-06-03 14:24:00,554.65,555.4,554.4,555.3,1809
2024-06-03 14:25:00,555.35,555.7,554.4,555.15,1604
2024-06-03 14:26:00,555.15,555.7,555.15,555.25,672
2024-06-03 14:27:00,555.25,555.75,555.1,555.75,949
2024-06-03 14:28:00,555.75,556.0,555.55,555.6,1449
2024-06-03 14:29:00,555.6,555.9,554.4,554.9,1712
2024-06-03 14:30:00,554.9,554.95,554.35,554.7,831
2024-06-03 14:31:00,554.55,554.7,552.5,553.5,25233
2024-06-03 14:32:00,553.25,553.55,553.15,553.15,484
2024-06-03 14:33:00,553.15,554.0,553.15,553.95,1533
2024-06-03 14:34:00,553.6,554.35,553.6,553.95,1085
2024-06-03 14:35:00,554.25,554.35,553.45,553.45,1771
2024-06-03 14:36:00,553.8,554.15,553.6,554.0,604
2024-06-03 14:37:00,554.0,554.35,553.9,554.25,859
2024-06-03 14:38:00,553.9,554.25,553.45,554.0,1796
2024-06-03 14:39:00,554.0,554.75,553.75,554.75,2221
2024-06-03 14:40:00,554.3,554.75,553.55,553.6,1378
2024-06-03 14:41:00,554.05,554.3,553.45,553.65,2711
2024-06-03 14:42:00,553.65,554.1,552.5,552.55,7818
2024-06-03 14:43:00,552.35,552.55,551.5,551.95,9087
2024-06-03 14:44:00,551.95,551.95,550.15,550.15,7704
2024-06-03 14:45:00,550.1,551.9,549.55,549.7,121182
2024-06-03 14:46:00,549.65,550.05,548.85,549.75,14335
2024-06-03 14:47:00,549.75,549.95,548.95,549.5,3241
2024-06-03 14:48:00,549.5,549.7,549.15,549.55,3750
2024-06-03 14:49:00,549.4,549.55,549.1,549.15,1751
2024-06-03 14:50:00,549.3,551.5,549.3,551.5,3947
2024-06-03 14:51:00,551.1,552.3,551.05,552.05,4164
2024-06-03 14:52:00,551.8,552.3,551.8,552.2,5194
2024-06-03 14:53:00,552.05,552.45,551.9,551.95,2484
2024-06-03 14:54:00,551.95,553.55,551.95,553.5,5285
2024-06-03 14:55:00,553.5,554.0,553.35,553.95,3016
2024-06-03 14:56:00,553.95,553.95,552.3,553.85,2031
2024-06-03 14:57:00,553.3,553.8,553.25,553.25,1840
2024-06-03 14:58:00,553.25,553.8,553.05,553.55,969
2024-06-03 14:59:00,553.55,553.7,552.85,553.55,1050
2024-06-03 15:00:00,553.55,553.55,552.75,553.5,1243
2024-06-03 15:01:00,553.45,553.45,551.1,551.9,10093
2024-06-03 15:02:00,551.9,551.9,550.05,550.55,4582
2024-06-03 15:03:00,550.55,551.4,550.55,550.6,2994
2024-06-03 15:04:00,550.55,550.9,549.2,550.3,5863
2024-06-03 15:05:00,550.3,550.3,549.5,550.0,12128
2024-06-03 15:06:00,550.0,550.7,549.5,550.55,11266
2024-06-03 15:07:00,550.55,550.65,549.3,549.95,2028
2024-06-03 15:08:00,549.85,550.0,549.55,550.0,5054
2024-06-03 15:09:00,550.0,550.0,549.7,549.75,968
2024-06-03 15:10:00,549.75,549.95,549.5,549.6,3595
2024-06-03 15:11:00,549.7,550.65,549.7,549.95,16832
2024-06-03 15:12:00,550.35,551.0,550.3,550.45,3309
2024-06-03 15:13:00,550.45,550.5,549.5,549.5,2748
2024-06-03 15:14:00,549.5,550.0,549.5,550.0,1373
2024-06-03 15:15:00,549.75,549.9,549.05,549.5,5627
2024-06-03 15:16:00,549.5,549.5,548.55,549.15,36351
2024-06-03 15:17:00,549.35,550.0,549.15,549.9,5494
2024-06-03 15:18:00,549.75,549.95,548.05,549.05,11836
2024-06-03 15:19:00,549.05,549.25,548.0,548.65,3693
2024-06-03 15:20:00,548.65,548.9,548.35,548.55,2843
2024-06-03 15:21:00,548.55,549.8,548.55,549.75,15135
2024-06-03 15:22:00,549.8,549.95,549.05,549.75,4736
2024-06-03 15:23:00,549.45,549.95,549.45,549.95,6670
2024-06-03 15:24:00,549.95,549.95,549.5,549.6,5163
2024-06-03 15:25:00,549.55,549.95,549.55,549.95,2575
2024-06-03 15:26:00,549.95,550.25,549.65,550.0,4361
2024-06-03 15:27:00,550.0,550.65,549.75,550.2,14593
2024-06-03 15:28:00,550.1,551.0,549.0,550.6,12747
2024-06-03 15:29:00,550.6,553.8,548.8,553.5,31527
2024-06-04 09:15:00,555.0,555.0,542.45,542.45,23289
2024-06-04 09:16:00,542.9,542.9,540.1,541.4,10696
2024-06-04 09:17:00,541.4,547.25,540.35,543.45,32066
2024-06-04 09:18:00,541.75,541.95,540.8,540.85,6916
2024-06-04 09:19:00,541.4,541.4,539.25,540.8,7233
2024-06-04 09:20:00,540.25,540.75,537.65,537.7,4439
2024-06-04 09:21:00,537.7,538.3,536.0,536.4,6392
2024-06-04 09:22:00,536.0,536.45,529.75,531.9,20328
2024-06-04 09:23:00,531.7,531.8,529.35,529.95,5185
2024-06-04 09:24:00,530.0,532.0,528.25,532.0,12404
2024-06-04 09:25:00,532.0,533.1,532.0,533.1,3983
2024-06-04 09:26:00,532.85,534.15,532.8,533.25,1004
2024-06-04 09:27:00,532.8,533.9,532.2,533.5,6721
2024-06-04 09:28:00,533.0,533.5,529.5,530.5,6459
2024-06-04 09:29:00,529.35,530.45,525.95,527.0,14156
2024-06-04 09:30:00,527.2,528.3,525.65,525.95,4325
2024-06-04 09:31:00,525.75,526.25,524.7,525.45,7478
2024-06-04 09:32:00,524.7,525.35,523.35,523.95,2005
2024-06-04 09:33:00,524.0,532.1,523.35,531.9,8891
2024-06-04 09:34:00,531.9,533.4,530.5,532.6,5857
2024-06-04 09:35:00,533.4,533.9,532.45,533.85,17578
2024-06-04 09:36:00,534.5,535.65,533.7,534.85,2066
2024-06-04 09:37:00,534.2,535.6,533.15,533.6,5229
2024-06-04 09:38:00,533.6,534.55,533.0,534.05,5895
2024-06-04 09:39:00,534.0,534.4,532.0,534.4,7925
2024-06-04 09:40:00,534.1,535.8,533.3,533.55,2569
2024-06-04 09:41:00,533.85,535.25,533.5,533.95,3209
2024-06-04 09:42:00,533.2,534.35,533.2,533.55,1439
2024-06-04 09:43:00,533.5,534.55,533.5,534.25,623
2024-06-04 09:44:00,534.25,534.25,531.9,532.4,3104
2024-06-04 09:45:00,532.0,534.7,532.0,534.05,3916
2024-06-04 09:46:00,534.05,535.4,533.75,533.75,4985
2024-06-04 09:47:00,533.35,534.95,533.35,534.45,1460
2024-06-04 09:48:00,533.95,535.2,533.95,535.2,1114
2024-06-04 09:49:00,534.8,536.25,534.4,534.95,3630
2024-06-04 09:50:00,534.95,535.95,534.1,535.95,1558
2024-06-04 09:51:00,535.0,535.75,534.85,535.15,269
2024-06-04 09:52:00,535.0,535.15,533.85,533.85,2157
2024-06-04 09:53:00,533.8,534.7,533.8,534.25,2556
2024-06-04 09:54:00,534.25,535.0,533.7,534.4,2217
2024-06-04 09:55:00,534.2,534.85,534.0,534.0,1357
2024-06-04 09:56:00,534.0,536.0,534.0,535.35,2078
2024-06-04 09:57:00,535.05,535.5,534.5,535.45,2109
2024-06-04 09:58:00,535.65,535.65,533.3,535.1,4579
2024-06-04 09:59:00,534.55,535.25,534.55,535.1,686
2024-06-04 10:00:00,535.1,535.1,533.65,534.35,1430
2024-06-04 10:01:00,534.05,534.35,533.2,533.65,1098
2024-06-04 10:02:00,533.15,535.1,533.15,534.85,1644
2024-06-04 10:03:00,534.6,534.85,534.2,534.45,999
2024-06-04 10:04:00,534.3,535.0,534.15,534.9,2190
2024-06-04 10:05:00,534.45,535.7,534.45,535.7,1683
2024-06-04 10:06:00,535.85,536.3,535.35,535.85,2375
2024-06-04 10:07:00,535.25,537.5,535.25,537.5,4510
2024-06-04 10:08:00,537.2,537.65,536.55,537.0,2657
2024-06-04 10:09:00,537.0,537.9,536.55,537.9,2256
2024-06-04 10:10:00,537.3,540.0,537.3,539.3,5194
2024-06-04 10:11:00,538.5,539.9,538.1,538.8,4286
2024-06-04 10:12:00,538.45,538.85,536.55,537.2,2933
2024-06-04 10:13:00,536.85,537.4,536.8,537.35,1373
2024-06-04 10:14:00,537.35,537.45,536.8,537.4,696
2024-06-04 10:15:00,537.0,537.4,535.8,535.9,10196
2024-06-04 10:16:00,535.9,535.9,535.1,535.9,1740
2024-06-04 10:17:00,535.35,537.0,535.35,536.0,2165
2024-06-04 10:18:00,536.5,536.6,535.25,535.7,1990
2024-06-04 10:19:00,535.2,535.7,535.2,535.6,315
2024-06-04 10:20:00,535.2,535.3,533.75,534.15,9441
2024-06-04 10:21:00,534.1,534.1,532.95,532.95,1118
2024-06-04 10:22:00,533.2,534.75,532.15,534.65,2167
2024-06-04 10:23:00,534.45,535.2,534.35,535.2,839
2024-06-04 10:24:00,534.9,536.2,534.9,535.3,1027
2024-06-04 10:25:00,535.35,536.15,535.05,535.05,339
2024-06-04 10:26:00,535.1,535.75,534.3,534.8,1348
2024-06-04 10:27:00,532.9,533.6,531.5,533.55,13353
2024-06-04 10:28:00,532.95,533.35,532.0,532.7,2060
2024-06-04 10:29:00,532.25,532.85,531.75,532.35,3063
2024-06-04 10:30:00,532.0,533.1,531.2,531.35,2419
2024-06-04 10:31:00,531.35,531.9,530.75,530.75,4533
2024-06-04 10:32:00,530.75,531.0,530.05,530.85,513
2024-06-04 10:33:00,530.25,530.85,528.15,528.6,11679
2024-06-04 10:34:00,528.6,528.75,528.0,528.0,1411
2024-06-04 10:35:00,527.75,529.95,527.75,529.75,2547
2024-06-04 10:36:00,529.4,530.1,529.4,529.55,3175
2024-06-04 10:37:00,529.1,530.9,527.95,530.9,11076
2024-06-04 10:38:00,530.45,531.15,529.65,530.15,2300
2024-06-04 10:39:00,529.7,530.7,529.7,529.85,1284
2024-06-04 10:40:00,529.85,529.85,529.0,529.25,1181
2024-06-04 10:41:00,528.8,529.1,527.45,528.4,1058
2024-06-04 10:42:00,527.4,528.5,527.25,528.5,3140
2024-06-04 10:43:00,528.5,528.5,527.0,527.55,1015
2024-06-04 10:44:00,527.05,527.7,524.75,527.6,24905
2024-06-04 10:45:00,527.55,527.55,524.2,525.55,7689
2024-06-04 10:46:00,525.0,525.95,523.1,523.9,6760
2024-06-04 10:47:00,523.35,525.75,523.35,525.75,2561
2024-06-04 10:48:00,525.4,526.05,524.6,526.05,1115
2024-06-04 10:49:00,525.8,525.8,523.65,524.35,915
2024-06-04 10:50:00,524.75,525.4,523.15,524.95,3619
2024-06-04 10:51:00,524.6,525.55,524.05,525.25,1548
2024-06-04 10:52:00,524.15,525.25,523.55,523.85,1241
2024-06-04 10:53:00,523.1,523.8,522.15,523.5,2667
2024-06-04 10:54:00,523.5,523.75,522.0,522.05,874
2024-06-04 10:55:00,522.7,523.25,520.0,521.15,10956
2024-06-04 10:56:00,520.2,520.95,519.25,519.25,4009
2024-06-04 10:57:00,519.0,523.55,517.55,521.95,14109
2024-06-04 10:58:00,521.95,521.95,519.05,519.7,4394
2024-06-04 10:59:00,519.7,519.7,517.0,517.7,1265
2024-06-04 11:00:00,517.7,518.0,513.05,518.0,19908
2024-06-04 11:01:00,517.45,517.7,516.35,517.45,2202
2024-06-04 11:02:00,517.65,519.65,512.0,519.65,21653
2024-06-04 11:03:00,521.45,524.25,520.2,522.5,7548
2024-06-04 11:04:00,521.1,522.95,520.45,522.35,12625
2024-06-04 11:05:00,520.85,522.4,519.3,519.95,7469
2024-06-04 11:06:00,519.3,519.95,518.05,519.0,1630
2024-06-04 11:07:00,519.15,519.15,517.5,518.2,2868
2024-06-04 11:08:00,517.65,518.25,513.0,513.6,16578
2024-06-04 11:09:00,513.0,520.2,512.55,520.05,23605
2024-06-04 11:10:00,519.25,522.0,519.05,520.3,2260
2024-06-04 11:11:00,519.35,520.1,516.0,518.95,5360
2024-06-04 11:12:00,517.7,518.65,512.5,516.25,18829
2024-06-04 11:13:00,514.95,516.3,514.0,515.6,6116
2024-06-04 11:14:00,514.55,515.25,513.3,513.3,621
2024-06-04 11:15:00,513.2,515.25,511.2,513.0,7182
2024-06-04 11:16:00,512.8,515.15,511.5,514.2,2814
2024-06-04 11:17:00,514.15,514.15,512.05,512.8,896
2024-06-04 11:18:00,512.8,512.8,511.5,511.85,1766
2024-06-04 11:19:00,511.2,512.0,509.4,510.35,5629
2024-06-04 11:20:00,510.3,510.8,509.0,509.15,3151
2024-06-04 11:21:00,509.75,509.75,507.1,508.55,1946
2024-06-04 11:22:00,507.85,508.6,506.35,506.35,1573
2024-06-04 11:23:00,506.7,513.95,506.7,513.0,2081
2024-06-04 11:24:00,513.15,515.0,513.15,514.95,1714
2024-06-04 11:25:00,515.0,515.0,513.5,514.6,1435
2024-06-04 11:26:00,513.85,516.35,513.8,516.3,924
2024-06-04 11:27:00,515.65,516.3,513.05,514.0,3161
2024-06-04 11:28:00,513.1,514.0,512.65,513.3,2011
2024-06-04 11:29:00,512.7,517.3,512.7,516.65,4099
2024-06-04 11:30:00,516.65,516.8,513.7,516.75,1992
2024-06-04 11:31:00,515.35,518.25,515.35,518.0,1532
2024-06-04 11:32:00,517.4,519.5,517.25,518.05,11885
2024-06-04 11:33:00,517.3,519.85,516.8,519.85,1890
2024-06-04 11:34:00,519.55,519.85,518.05,519.2,2035
2024-06-04 11:35:00,518.85,519.85,518.85,518.95,400
2024-06-04 11:36:00,518.95,518.95,516.55,517.95,2838
2024-06-04 11:37:00,516.95,520.15,516.95,519.7,3098
2024-06-04 11:38:00,519.7,519.7,517.4,518.4,1479
2024-06-04 11:39:00,518.4,518.7,516.75,517.75,4039
2024-06-04 11:40:00,517.0,519.45,516.85,519.0,12500
2024-06-04 11:41:00,518.35,520.7,517.95,519.8,3120
2024-06-04 11:42:00,519.9,519.9,517.7,519.4,1354
2024-06-04 11:43:00,518.6,519.75,518.6,519.7,723
2024-06-04 11:44:00,519.1,520.15,519.1,519.85,598
2024-06-04 11:45:00,519.3,520.0,518.5,519.65,2062
2024-06-04 11:46:00,518.3,519.55,518.2,519.45,1406
2024-06-04 11:47:00,518.95,519.6,518.35,519.3,727
2024-06-04 11:48:00,518.55,520.95,518.55,520.25,4791
2024-06-04 11:49:00,519.15,520.9,519.15,520.75,881
2024-06-04 11:50:00,520.0,520.8,519.85,520.45,1337
2024-06-04 11:51:00,520.45,520.45,517.6,518.35,3123
2024-06-04 11:52:00,517.55,518.1,517.1,517.95,1235
2024-06-04 11:53:00,517.1,517.95,516.1,517.45,2898
2024-06-04 11:54:00,517.25,517.25,515.15,515.55,4214
2024-06-04 11:55:00,515.65,515.65,512.0,512.0,2642
2024-06-04 11:56:00,512.0,514.05,512.0,514.0,3875
2024-06-04 11:57:00,514.0,514.75,512.6,513.8,839
2024-06-04 11:58:00,513.55,514.7,511.05,512.05,7696
2024-06-04 11:59:00,512.05,512.05,510.0,510.55,2616
2024-06-04 12:00:00,510.55,510.55,509.1,509.7,2684
2024-06-04 12:01:00,509.7,509.7,507.4,507.95,1052
2024-06-04 12:02:00,507.65,507.65,505.55,505.55,3470
2024-06-04 12:03:00,506.1,506.75,505.4,505.75,2139
2024-06-04 12:04:00,506.6,506.6,505.0,505.0,2241
2024-06-04 12:05:00,505.6,505.7,503.15,503.55,6416
2024-06-04 12:06:00,503.25,503.25,501.0,501.5,5326
2024-06-04 12:07:00,501.5,501.75,501.0,501.7,3752
2024-06-04 12:08:00,501.45,501.7,496.85,497.7,14419
2024-06-04 12:09:00,497.55,498.0,496.95,497.95,3404
2024-06-04 12:10:00,497.95,498.05,495.1,495.65,4350
2024-06-04 12:11:00,495.65,495.7,493.0,493.65,2224
2024-06-04 12:12:00,493.65,495.95,492.0,495.15,5853
2024-06-04 12:13:00,494.95,499.25,494.95,496.5,6444
2024-06-04 12:14:00,496.5,496.5,493.9,494.3,2030
2024-06-04 12:15:00,494.25,495.7,492.35,495.35,4443
2024-06-04 12:16:00,495.75,495.8,493.0,493.65,2987
2024-06-04 12:17:00,492.35,493.6,491.0,491.75,3031
2024-06-04 12:18:00,491.75,491.75,485.2,485.2,3843
2024-06-04 12:19:00,486.65,486.65,481.75,482.75,5836
2024-06-04 12:20:00,482.75,484.75,481.05,484.75,9600
2024-06-04 12:21:00,484.7,484.7,482.35,483.7,2831
2024-06-04 12:22:00,483.7,483.7,482.05,482.05,2857
2024-06-04 12:23:00,482.3,483.55,481.15,482.4,4451
2024-06-04 12:24:00,481.15,482.3,474.05,474.55,8220
2024-06-04 12:25:00,474.05,474.05,454.7,455.45,30479
2024-06-04 12:26:00,456.35,456.95,440.15,446.9,27035
2024-06-04 12:27:00,447.75,464.25,447.75,461.75,19339
2024-06-04 12:28:00,461.7,461.7,449.05,453.45,14880
2024-06-04 12:29:00,453.15,453.45,449.05,453.45,7393
2024-06-04 12:30:00,453.45,459.5,453.25,458.5,2331
2024-06-04 12:31:00,458.5,460.45,455.75,455.75,8405
2024-06-04 12:32:00,456.8,457.15,454.75,454.75,7691
2024-06-04 12:33:00,456.0,456.55,453.75,455.6,10271
2024-06-04 12:34:00,455.65,456.55,453.7,453.85,9323
2024-06-04 12:35:00,454.55,457.65,454.55,456.15,7414
2024-06-04 12:36:00,455.85,456.75,449.75,449.95,15189
2024-06-04 12:37:00,450.0,450.0,448.0,449.95,10237
2024-06-04 12:38:00,449.95,450.0,449.0,450.0,10401
2024-06-04 12:39:00,450.0,450.75,448.7,449.95,19355
2024-06-04 12:40:00,449.95,450.35,449.0,449.0,6288
2024-06-04 12:41:00,448.55,450.0,447.3,450.0,6789
2024-06-04 12:42:00,450.0,451.35,449.05,450.0,7326
2024-06-04 12:43:00,450.0,450.75,449.55,450.0,5567
2024-06-04 12:44:00,450.0,450.8,449.75,450.0,20688
2024-06-04 12:45:00,450.0,459.95,449.8,459.95,61457
2024-06-04 12:46:00,459.95,478.0,459.9,474.15,13275
2024-06-04 12:47:00,473.25,479.0,473.0,478.7,7857
2024-06-04 12:48:00,478.65,482.95,477.4,482.25,4944
2024-06-04 12:49:00,482.25,490.25,480.0,490.2,8620
2024-06-04 12:50:00,490.25,495.0,485.55,493.95,19487
2024-06-04 12:51:00,493.9,494.7,487.05,493.95,8740
2024-06-04 12:52:00,494.0,494.0,491.25,492.95,5229
2024-06-04 12:53:00,492.95,504.0,491.6,504.0,14318
2024-06-04 12:54:00,504.0,504.25,499.1,501.0,4190
2024-06-04 12:55:00,501.0,502.7,499.75,502.05,2240
2024-06-04 12:56:00,502.0,502.0,494.75,494.75,14387
2024-06-04 12:57:00,495.5,504.0,492.05,501.0,8453
2024-06-04 12:58:00,500.95,500.95,495.15,496.35,8255
2024-06-04 12:59:00,498.2,498.95,497.0,498.9,2877
2024-06-04 13:00:00,498.9,499.5,497.0,497.75,6288
2024-06-04 13:01:00,497.75,497.75,491.9,497.7,14540
2024-06-04 13:02:00,496.3,502.9,496.3,502.2,3863
2024-06-04 13:03:00,502.95,502.95,501.75,502.9,1570
2024-06-04 13:04:00,502.9,502.9,501.6,502.7,2068
2024-06-04 13:05:00,502.7,502.7,499.35,500.8,4033
2024-06-04 13:06:00,500.8,504.25,500.65,504.0,2924
2024-06-04 13:07:00,504.0,504.25,501.3,502.45,1953
2024-06-04 13:08:00,502.45,502.45,500.2,500.95,3574
2024-06-04 13:09:00,500.95,502.7,500.1,502.6,4174
2024-06-04 13:10:00,502.6,504.7,501.1,503.55,2119
2024-06-04 13:11:00,503.5,503.5,502.0,503.2,1198
2024-06-04 13:12:00,503.2,505.0,502.25,505.0,2118
2024-06-04 13:13:00,505.0,509.55,504.15,508.7,3497
2024-06-04 13:14:00,508.7,509.55,506.75,507.5,1784
2024-06-04 13:15:00,507.5,507.95,506.4,507.95,2577
2024-06-04 13:16:00,507.9,510.45,506.55,510.35,4931
2024-06-04 13:17:00,510.0,510.35,508.95,509.9,1625
2024-06-04 13:18:00,509.9,510.25,508.75,509.9,3119
2024-06-04 13:19:00,509.9,511.7,508.8,511.6,3395
2024-06-04 13:20:00,511.6,512.65,510.6,512.2,1159
2024-06-04 13:21:00,512.2,512.45,511.35,512.35,1632
2024-06-04 13:22:00,512.35,512.95,511.4,512.3,2024
2024-06-04 13:23:00,512.4,512.45,510.25,510.3,2367
2024-06-04 13:24:00,511.35,511.35,508.45,510.25,2267
2024-06-04 13:25:00,510.85,513.0,510.25,512.4,1456
2024-06-04 13:26:00,512.95,513.0,511.25,511.4,2897
2024-06-04 13:27:00,510.0,510.4,505.9,507.1,5329
2024-06-04 13:28:00,507.05,509.65,506.0,509.65,3777
2024-06-04 13:29:00,509.4,511.8,508.85,510.25,4492
2024-06-04 13:30:00,510.3,510.35,507.35,507.7,1444
2024-06-04 13:31:00,507.65,508.0,505.35,507.3,5808
2024-06-04 13:32:00,507.3,509.9,506.8,509.9,2160
2024-06-04 13:33:00,509.95,509.95,507.7,509.85,2765
2024-06-04 13:34:00,509.85,512.0,509.35,510.5,3713
2024-06-04 13:35:00,511.35,513.0,510.5,513.0,3576
2024-06-04 13:36:00,513.0,514.4,511.3,514.2,12045
2024-06-04 13:37:00,514.25,514.25,510.0,511.9,6692
2024-06-04 13:38:00,511.9,512.75,510.5,512.55,938
2024-06-04 13:39:00,512.55,513.85,511.65,513.45,2595
2024-06-04 13:40:00,513.45,513.45,511.35,512.0,1652
2024-06-04 13:41:00,512.0,513.2,510.35,513.2,4244
2024-06-04 13:42:00,512.15,513.8,510.65,511.45,2604
2024-06-04 13:43:00,511.5,514.15,511.5,512.65,3187
2024-06-04 13:44:00,512.65,514.25,512.05,514.25,1933
2024-06-04 13:45:00,514.25,514.25,512.1,512.8,2300
2024-06-04 13:46:00,512.8,514.5,510.25,514.05,23972
2024-06-04 13:47:00,514.0,514.15,508.7,508.7,7479
2024-06-04 13:48:00,508.7,508.7,503.0,503.85,13044
2024-06-04 13:49:00,502.7,509.25,502.7,507.0,14487
2024-06-04 13:50:00,507.0,507.0,503.15,504.55,10385
2024-06-04 13:51:00,504.55,510.95,504.55,510.75,3521
2024-06-04 13:52:00,510.75,511.55,509.1,509.7,6436
2024-06-04 13:53:00,510.6,511.9,509.15,509.95,2513
2024-06-04 13:54:00,509.95,511.0,508.65,510.8,5515
2024-06-04 13:55:00,510.75,510.75,507.25,508.4,4014
2024-06-04 13:56:00,508.4,510.5,507.4,509.25,4705
2024-06-04 13:57:00,510.1,510.15,507.0,508.0,2423
2024-06-04 13:58:00,508.0,510.95,506.55,510.75,3733
2024-06-04 13:59:00,510.75,510.75,508.25,509.7,4551
2024-06-04 14:00:00,508.75,509.7,506.0,506.2,4164
2024-06-04 14:01:00,506.2,507.65,505.45,506.8,5746
2024-06-04 14:02:00,506.8,506.8,503.0,504.0,1913
2024-06-04 14:03:00,504.0,505.15,503.05,504.4,4469
2024-06-04 14:04:00,504.4,504.45,503.0,503.0,5650
2024-06-04 14:05:00,503.0,503.7,500.35,500.35,12069
2024-06-04 14:06:00,501.1,501.1,499.0,499.5,8817
2024-06-04 14:07:00,499.0,500.95,499.0,500.75,6696
2024-06-04 14:08:00,500.75,500.75,499.1,500.1,1942
2024-06-04 14:09:00,500.15,501.75,499.7,501.4,2036
2024-06-04 14:10:00,501.4,502.15,500.0,500.9,3093
2024-06-04 14:11:00,500.95,501.75,500.0,500.45,2765
2024-06-04 14:12:00,501.65,501.65,497.4,498.2,6515
2024-06-04 14:13:00,498.2,499.6,497.1,499.55,6915
2024-06-04 14:14:00,499.55,499.55,492.2,492.4,2953
2024-06-04 14:15:00,493.15,493.85,491.4,492.6,3982
2024-06-04 14:16:00,492.6,495.0,491.5,493.1,5425
2024-06-04 14:17:00,494.3,494.3,491.0,491.0,3543
2024-06-04 14:18:00,491.7,494.3,490.55,491.6,2857
2024-06-04 14:19:00,492.2,492.55,490.05,490.05,2087
2024-06-04 14:20:00,490.05,491.9,488.35,490.1,4978
2024-06-04 14:21:00,490.15,490.15,488.7,489.9,1704
2024-06-04 14:22:00,489.9,489.95,487.0,487.0,7250
2024-06-04 14:23:00,486.0,486.0,482.15,482.85,6975
2024-06-04 14:24:00,482.85,490.25,482.1,490.0,4641
2024-06-04 14:25:00,490.0,491.4,487.3,488.55,1830
2024-06-04 14:26:00,488.75,491.75,488.1,490.8,5081
2024-06-04 14:27:00,491.8,492.25,488.55,488.55,4255
2024-06-04 14:28:00,488.85,489.6,486.0,487.6,8029
2024-06-04 14:29:00,488.35,490.6,485.0,486.0,3617
2024-06-04 14:30:00,486.0,491.95,484.3,490.0,6241
2024-06-04 14:31:00,490.25,490.25,484.75,485.8,5939
2024-06-04 14:32:00,485.8,487.1,484.0,486.45,14332
2024-06-04 14:33:00,487.95,488.0,483.05,484.05,13295
2024-06-04 14:34:00,484.05,484.95,483.05,484.8,4064
2024-06-04 14:35:00,484.9,484.9,483.0,483.0,1597
2024-06-04 14:36:00,483.0,483.75,481.05,482.95,2931
2024-06-04 14:37:00,482.0,482.0,480.9,481.75,5586
2024-06-04 14:38:00,481.75,481.8,480.3,481.25,2916
2024-06-04 14:39:00,480.55,481.25,480.3,481.15,1847
2024-06-04 14:40:00,480.3,481.25,480.15,480.15,1232
2024-06-04 14:41:00,481.1,481.1,475.2,477.55,14152
2024-06-04 14:42:00,477.55,477.55,475.5,476.65,3505
2024-06-04 14:43:00,476.65,478.0,474.35,477.9,7870
2024-06-04 14:44:00,477.9,478.7,476.5,478.5,2349
2024-06-04 14:45:00,478.5,481.7,477.8,480.55,4931
2024-06-04 14:46:00,480.55,481.55,477.05,478.25,5352
2024-06-04 14:47:00,477.55,478.2,476.25,477.15,5257
2024-06-04 14:48:00,477.15,477.15,475.0,475.05,1474
2024-06-04 14:49:00,475.05,476.5,475.0,475.85,2383
2024-06-04 14:50:00,475.85,477.4,475.2,476.0,5133
2024-06-04 14:51:00,476.8,476.8,473.25,474.05,5568
2024-06-04 14:52:00,474.1,475.0,473.0,473.95,2508
2024-06-04 14:53:00,474.95,476.4,474.05,476.3,931
2024-06-04 14:54:00,476.3,476.4,474.5,475.35,5194
2024-06-04 14:55:00,473.85,475.0,472.6,472.8,5481
2024-06-04 14:56:00,473.0,473.55,472.25,472.95,4590
2024-06-04 14:57:00,472.95,472.95,469.0,469.0,6182
2024-06-04 14:58:00,469.1,469.5,467.2,467.2,3170
2024-06-04 14:59:00,468.0,474.25,466.65,472.75,10324
2024-06-04 15:00:00,474.0,475.1,472.35,474.85,6482
2024-06-04 15:01:00,474.95,478.5,474.1,476.75,6638
2024-06-04 15:02:00,476.05,477.5,474.3,477.2,3890
2024-06-04 15:03:00,477.2,477.2,474.8,475.25,5402
2024-06-04 15:04:00,475.3,476.35,475.3,476.3,1324
2024-06-04 15:05:00,476.3,476.3,474.8,475.65,2648
2024-06-04 15:06:00,475.65,479.6,475.65,478.9,3875
2024-06-04 15:07:00,479.65,479.9,475.3,476.25,26742
2024-06-04 15:08:00,476.25,476.25,473.8,474.7,4895
2024-06-04 15:09:00,474.05,474.7,472.6,474.25,6699
2024-06-04 15:10:00,474.25,475.45,473.25,475.45,4200
2024-06-04 15:11:00,475.4,475.8,474.6,474.95,3729
2024-06-04 15:12:00,474.95,475.0,474.1,475.0,4742
2024-06-04 15:13:00,475.0,475.0,474.0,474.55,2964
2024-06-04 15:14:00,474.55,474.55,470.0,470.75,29406
2024-06-04 15:15:00,470.75,470.75,467.0,468.05,12738
2024-06-04 15:16:00,467.4,468.4,465.1,468.4,6681
2024-06-04 15:17:00,468.4,469.2,468.4,468.75,6514
2024-06-04 15:18:00,468.75,469.05,465.65,466.35,21661
2024-06-04 15:19:00,466.4,466.4,464.25,465.0,11117
2024-06-04 15:20:00,464.1,465.0,464.1,464.8,13006
2024-06-04 15:21:00,464.15,465.0,464.1,465.0,9342
2024-06-04 15:22:00,465.0,465.0,464.5,465.0,10007
2024-06-04 15:23:00,465.0,465.0,464.7,464.95,3741
2024-06-04 15:24:00,464.95,464.95,464.75,464.9,9667
2024-06-04 15:25:00,464.9,466.4,464.9,466.25,7467
2024-06-04 15:26:00,466.25,475.0,466.25,474.9,7307
2024-06-04 15:27:00,474.7,475.0,474.0,474.9,15285
2024-06-04 15:28:00,474.9,475.0,474.5,474.9,8127
2024-06-04 15:29:00,474.9,475.0,474.0,475.0,6857
2024-06-05 09:15:00,489.3,504.8,485.8,498.4,30433
2024-06-05 09:16:00,499.05,505.85,498.6,503.4,21423
2024-06-05 09:17:00,503.5,503.6,490.25,492.0,35099
2024-06-05 09:18:00,492.0,493.0,487.3,487.95,17296
2024-06-05 09:19:00,486.85,486.85,482.5,484.0,9091
2024-06-05 09:20:00,484.0,487.25,476.75,476.75,14834
2024-06-05 09:21:00,476.7,477.4,473.8,474.4,12014
2024-06-05 09:22:00,474.35,474.35,468.4,470.8,14977
2024-06-05 09:23:00,470.85,475.15,470.0,475.0,9041
2024-06-05 09:24:00,474.85,474.85,471.6,471.7,2913
2024-06-05 09:25:00,471.25,473.4,470.85,473.4,3981
2024-06-05 09:26:00,473.8,477.65,473.4,476.5,14449
2024-06-05 09:27:00,477.2,491.5,477.2,491.5,25773
2024-06-05 09:28:00,491.5,495.0,490.45,494.85,4146
2024-06-05 09:29:00,494.9,496.85,492.9,492.9,6181
2024-06-05 09:30:00,492.25,493.7,490.7,490.7,5749
2024-06-05 09:31:00,491.4,491.4,483.2,485.35,10019
2024-06-05 09:32:00,486.1,486.1,481.6,483.15,5215
2024-06-05 09:33:00,483.15,483.2,480.15,482.15,10573
2024-06-05 09:34:00,482.15,482.15,478.15,479.25,6199
2024-06-05 09:35:00,479.7,480.45,478.85,480.4,3143
2024-06-05 09:36:00,480.4,482.75,480.4,482.7,1727
2024-06-05 09:37:00,483.0,483.1,480.15,480.95,5471
2024-06-05 09:38:00,480.25,480.9,477.15,478.0,5486
2024-06-05 09:39:00,478.0,479.95,478.0,479.35,799
2024-06-05 09:40:00,479.35,481.35,478.7,481.35,1066
2024-06-05 09:41:00,481.45,485.0,481.05,485.0,30955
2024-06-05 09:42:00,485.35,487.7,485.0,487.55,7097
2024-06-05 09:43:00,487.5,489.1,482.7,482.7,8780
2024-06-05 09:44:00,483.25,483.25,480.55,481.55,3990
2024-06-05 09:45:00,481.6,484.2,480.85,484.2,4591
2024-06-05 09:46:00,484.25,487.8,484.25,486.3,6031
2024-06-05 09:47:00,486.3,486.3,480.5,481.85,3534
2024-06-05 09:48:00,481.85,484.6,479.6,484.2,10154
2024-06-05 09:49:00,483.4,484.8,482.65,484.4,7327
2024-06-05 09:50:00,484.4,484.4,483.05,484.25,2098
2024-06-05 09:51:00,484.25,484.25,481.35,482.1,1545
2024-06-05 09:52:00,482.05,482.05,479.55,481.0,9811
2024-06-05 09:53:00,481.0,481.0,480.0,480.65,1764
2024-06-05 09:54:00,480.65,481.0,479.2,479.65,3713
2024-06-05 09:55:00,479.65,479.65,478.0,479.4,12191
2024-06-05 09:56:00,480.3,480.3,478.5,479.1,3155
2024-06-05 09:57:00,479.25,479.25,478.25,478.25,645
2024-06-05 09:58:00,478.15,478.7,477.55,478.35,2458
2024-06-05 09:59:00,478.35,479.25,477.95,479.25,942
2024-06-05 10:00:00,479.25,481.0,479.25,481.0,7707
2024-06-05 10:01:00,481.0,482.9,481.0,482.4,5682
2024-06-05 10:02:00,482.3,483.0,481.6,483.0,713
2024-06-05 10:03:00,483.0,483.0,482.0,482.95,1969
2024-06-05 10:04:00,482.75,482.75,481.05,482.3,1606
2024-06-05 10:05:00,482.3,482.55,480.25,481.05,1587
2024-06-05 10:06:00,481.35,481.65,479.0,480.35,4507
2024-06-05 10:07:00,480.35,482.95,480.35,481.7,880
2024-06-05 10:08:00,482.0,482.7,481.9,482.65,917
2024-06-05 10:09:00,482.65,482.65,481.9,482.65,217
2024-06-05 10:10:00,482.5,482.9,482.5,482.9,1767
2024-06-05 10:11:00,482.9,482.9,481.3,482.4,994
2024-06-05 10:12:00,481.75,482.4,481.05,482.05,1199
2024-06-05 10:13:00,482.05,482.5,480.4,481.7,5665
2024-06-05 10:14:00,481.7,483.0,481.5,482.2,2320
2024-06-05 10:15:00,482.95,482.95,481.05,481.3,1585
2024-06-05 10:16:00,481.3,481.95,480.05,480.75,3044
2024-06-05 10:17:00,480.75,481.35,480.25,481.1,1082
2024-06-05 10:18:00,480.5,481.45,479.5,479.5,10308
2024-06-05 10:19:00,479.5,479.5,477.0,478.6,2280
2024-06-05 10:20:00,478.65,479.8,477.35,478.75,6135
2024-06-05 10:21:00,478.95,479.9,478.95,479.8,1297
2024-06-05 10:22:00,479.8,481.0,479.25,480.0,2392
2024-06-05 10:23:00,480.15,480.7,479.3,479.7,3944
2024-06-05 10:24:00,479.7,479.9,478.4,479.9,1243
2024-06-05 10:25:00,479.9,481.5,479.0,479.0,1618
2024-06-05 10:26:00,479.0,479.85,478.45,479.25,3232
2024-06-05 10:27:00,479.25,479.4,477.55,478.45,1234
2024-06-05 10:28:00,478.45,478.45,477.8,478.35,168
2024-06-05 10:29:00,478.45,479.0,477.9,478.95,797
2024-06-05 10:30:00,478.95,479.5,478.45,479.1,2847
2024-06-05 10:31:00,479.1,479.5,478.65,479.3,1419
2024-06-05 10:32:00,479.3,479.6,479.2,479.6,1335
2024-06-05 10:33:00,479.6,479.8,479.15,479.8,1513
2024-06-05 10:34:00,479.8,479.8,478.8,479.35,2678
2024-06-05 10:35:00,479.35,479.9,478.8,479.9,7762
2024-06-05 10:36:00,479.9,479.9,479.3,479.8,3018
2024-06-05 10:37:00,479.6,479.8,479.0,479.8,455
2024-06-05 10:38:00,479.8,480.0,479.25,479.5,11539
2024-06-05 10:39:00,480.0,480.85,479.55,480.85,6600
2024-06-05 10:40:00,480.95,480.95,480.0,480.0,815
2024-06-05 10:41:00,480.0,482.2,479.75,482.15,7431
2024-06-05 10:42:00,482.85,482.85,481.55,482.2,4728
2024-06-05 10:43:00,482.45,483.0,482.25,482.45,3377
2024-06-05 10:44:00,482.45,483.0,481.9,482.4,1635
2024-06-05 10:45:00,482.4,483.0,481.9,482.1,859
2024-06-05 10:46:00,482.1,482.95,482.05,482.3,796
2024-06-05 10:47:00,482.7,487.1,482.25,486.75,17060
2024-06-05 10:48:00,486.75,486.75,485.25,486.15,1047
2024-06-05 10:49:00,486.15,488.0,486.15,487.4,2981
2024-06-05 10:50:00,487.4,487.45,483.7,484.25,3828
2024-06-05 10:51:00,484.9,485.4,482.9,485.4,5234
2024-06-05 10:52:00,485.4,486.0,485.0,485.5,1473
2024-06-05 10:53:00,485.5,485.9,484.25,484.75,2500
2024-06-05 10:54:00,485.4,485.7,484.8,484.95,492
2024-06-05 10:55:00,484.95,485.65,484.7,484.9,422
2024-06-05 10:56:00,484.95,486.0,484.85,485.3,1883
2024-06-05 10:57:00,485.3,486.55,485.3,486.5,5344
2024-06-05 10:58:00,486.25,487.7,486.25,487.35,4793
2024-06-05 10:59:00,487.7,487.95,486.75,487.95,2669
2024-06-05 11:00:00,488.0,488.0,487.0,487.35,2067
2024-06-05 11:01:00,487.8,488.95,486.55,487.95,4632
2024-06-05 11:02:00,487.95,489.9,487.65,489.9,4350
2024-06-05 11:03:00,489.4,490.8,488.4,489.5,8347
2024-06-05 11:04:00,489.5,490.2,489.05,489.15,2290
2024-06-05 11:05:00,489.15,490.0,488.0,488.7,5888
2024-06-05 11:06:00,488.25,489.35,488.25,489.05,790
2024-06-05 11:07:00,489.05,489.55,488.5,488.5,1174
2024-06-05 11:08:00,488.5,489.15,488.5,488.7,259
2024-06-05 11:09:00,488.7,490.35,488.7,489.9,4759
2024-06-05 11:10:00,490.35,490.5,489.0,489.05,8170
2024-06-05 11:11:00,489.05,490.85,489.05,490.1,5464
2024-06-05 11:12:00,490.1,490.95,489.65,489.65,2199
2024-06-05 11:13:00,490.05,490.6,487.0,487.85,33493
2024-06-05 11:14:00,487.8,491.0,487.0,490.05,49552
2024-06-05 11:15:00,490.05,490.55,488.5,489.5,34260
2024-06-05 11:16:00,488.8,490.05,488.5,488.8,5754
2024-06-05 11:17:00,488.6,489.3,487.55,488.7,84703
2024-06-05 11:18:00,488.7,490.5,485.35,485.35,79250
2024-06-05 11:19:00,486.0,486.0,483.3,484.5,9029
2024-06-05 11:20:00,484.5,486.7,484.45,485.0,2748
2024-06-05 11:21:00,485.7,487.0,485.7,486.75,1974
2024-06-05 11:22:00,486.0,486.8,485.15,486.8,3030
2024-06-05 11:23:00,486.45,488.05,486.4,488.05,961
2024-06-05 11:24:00,488.55,489.85,487.55,488.3,1343
2024-06-05 11:25:00,488.25,489.7,488.25,488.65,2348
2024-06-05 11:26:00,488.65,490.0,488.35,489.05,1810
2024-06-05 11:27:00,489.05,489.95,488.95,489.85,168
2024-06-05 11:28:00,489.45,489.95,489.1,489.75,1710
2024-06-05 11:29:00,489.75,490.95,489.0,490.95,33596
2024-06-05 11:30:00,490.95,495.45,489.45,494.4,16964
2024-06-05 11:31:00,494.35,495.2,491.65,493.05,30465
2024-06-05 11:32:00,492.55,493.3,489.45,489.45,19903
2024-06-05 11:33:00,489.45,490.85,489.45,490.85,2913
2024-06-05 11:34:00,490.85,491.75,489.8,490.8,1351
2024-06-05 11:35:00,490.8,494.85,490.4,494.85,8994
2024-06-05 11:36:00,494.4,495.9,494.1,494.75,1204
2024-06-05 11:37:00,495.35,495.35,489.45,489.8,8917
2024-06-05 11:38:00,489.9,492.05,489.8,491.95,3244
2024-06-05 11:39:00,491.95,492.2,489.8,490.0,3217
2024-06-05 11:40:00,490.0,492.0,490.0,490.6,2504
2024-06-05 11:41:00,490.7,491.25,489.9,490.35,7590
2024-06-05 11:42:00,491.0,491.0,490.4,490.4,186
2024-06-05 11:43:00,490.4,490.95,490.1,490.65,455
2024-06-05 11:44:00,490.65,490.65,489.05,489.85,793
2024-06-05 11:45:00,489.85,489.85,488.1,488.75,678
2024-06-05 11:46:00,488.75,491.1,488.15,491.05,1816
2024-06-05 11:47:00,491.05,491.65,490.45,490.55,549
2024-06-05 11:48:00,490.1,491.1,488.3,488.3,1674
2024-06-05 11:49:00,488.3,488.3,486.2,486.9,2904
2024-06-05 11:50:00,486.85,486.85,485.1,485.65,1410
2024-06-05 11:51:00,485.65,486.0,485.05,485.1,824
2024-06-05 11:52:00,485.1,486.0,485.1,486.0,330
2024-06-05 11:53:00,486.1,488.2,486.0,487.35,2963
2024-06-05 11:54:00,486.75,487.65,485.05,485.35,1442
2024-06-05 11:55:00,485.55,486.45,485.3,486.45,2053
2024-06-05 11:56:00,487.05,487.9,485.8,487.0,1431
2024-06-05 11:57:00,486.45,488.0,486.45,487.9,504
2024-06-05 11:58:00,487.1,487.25,486.3,486.55,522
2024-06-05 11:59:00,486.55,487.7,486.55,487.15,845
2024-06-05 12:00:00,487.15,488.45,487.15,488.45,648
2024-06-05 12:01:00,487.9,489.45,487.05,488.85,4224
2024-06-05 12:02:00,488.85,490.6,488.6,489.6,623
2024-06-05 12:03:00,489.55,490.0,489.15,489.25,560
2024-06-05 12:04:00,489.25,490.45,489.25,490.45,11248
2024-06-05 12:05:00,490.45,491.4,490.15,491.0,661
2024-06-05 12:06:00,491.4,491.4,488.05,489.15,20836
2024-06-05 12:07:00,489.15,490.25,488.85,489.3,1397
2024-06-05 12:08:00,490.05,490.3,489.0,489.0,855
2024-06-05 12:09:00,489.9,490.2,489.15,490.0,4913
2024-06-05 12:10:00,490.0,491.6,490.0,491.0,601
2024-06-05 12:11:00,491.0,491.35,488.4,490.6,4444
2024-06-05 12:12:00,490.0,490.5,489.25,490.5,367
2024-06-05 12:13:00,489.85,490.75,489.2,489.2,694
2024-06-05 12:14:00,489.2,491.05,489.15,490.3,4740
2024-06-05 12:15:00,490.55,490.95,489.15,489.9,2551
2024-06-05 12:16:00,489.9,490.95,489.25,490.05,2143
2024-06-05 12:17:00,490.55,492.0,490.2,490.3,1109
2024-06-05 12:18:00,490.3,492.0,490.3,491.0,1214
2024-06-05 12:19:00,491.4,491.95,490.35,491.95,945
2024-06-05 12:20:00,491.95,492.0,489.1,489.25,5762
2024-06-05 12:21:00,490.0,490.75,489.35,489.35,5589
2024-06-05 12:22:00,489.35,490.15,489.35,490.05,312
2024-06-05 12:23:00,489.45,490.65,489.45,489.8,798
2024-06-05 12:24:00,489.45,490.3,489.35,489.6,628
2024-06-05 12:25:00,489.6,490.15,489.4,489.9,495
2024-06-05 12:26:00,489.9,489.95,489.45,489.6,425
2024-06-05 12:27:00,490.1,490.6,489.0,489.05,676
2024-06-05 12:28:00,489.0,490.1,489.0,489.7,479
2024-06-05 12:29:00,490.0,490.0,489.2,490.0,324
2024-06-05 12:30:00,490.0,490.25,489.4,489.7,377
2024-06-05 12:31:00,490.05,490.2,489.5,489.5,536
2024-06-05 12:32:00,490.2,490.6,489.0,489.0,1639
2024-06-05 12:33:00,489.4,490.3,489.0,489.65,1146
2024-06-05 12:34:00,489.3,490.35,489.3,489.7,389
2024-06-05 12:35:00,490.3,490.3,489.55,489.7,146
2024-06-05 12:36:00,489.7,489.9,489.55,489.85,311
2024-06-05 12:37:00,489.85,490.25,489.55,489.75,784
2024-06-05 12:38:00,490.2,490.45,489.05,489.05,905
2024-06-05 12:39:00,489.05,489.6,489.05,489.25,171
2024-06-05 12:40:00,489.25,489.55,487.7,487.95,2118
2024-06-05 12:41:00,487.7,488.1,487.5,487.6,3296
2024-06-05 12:42:00,488.25,488.25,487.7,487.95,111
2024-06-05 12:43:00,487.7,488.05,487.6,487.95,266
2024-06-05 12:44:00,487.95,488.2,487.5,488.2,973
2024-06-05 12:45:00,488.2,488.2,487.7,488.15,14
2024-06-05 12:46:00,488.15,488.15,487.6,487.6,167
2024-06-05 12:47:00,487.9,488.6,487.6,487.8,361
2024-06-05 12:48:00,487.8,488.4,487.0,487.35,3162
2024-06-05 12:49:00,487.05,487.05,485.8,485.8,2467
2024-06-05 12:50:00,486.1,487.5,485.8,487.35,431
2024-06-05 12:51:00,486.35,487.6,486.35,487.6,1551
2024-06-05 12:52:00,487.6,488.45,487.0,487.0,243
2024-06-05 12:53:00,487.0,489.5,487.0,488.85,741
2024-06-05 12:54:00,488.35,488.35,487.35,487.9,460
2024-06-05 12:55:00,487.9,488.7,487.15,488.0,379
2024-06-05 12:56:00,488.7,489.85,488.0,489.25,1522
2024-06-05 12:57:00,489.25,489.9,489.25,489.35,201
2024-06-05 12:58:00,489.8,489.85,488.6,489.3,161
2024-06-05 12:59:00,489.3,490.6,489.15,489.55,2192
2024-06-05 13:00:00,490.05,490.05,487.6,488.4,20836
2024-06-05 13:01:00,488.4,490.05,488.0,489.15,996
2024-06-05 13:02:00,489.5,489.6,489.15,489.55,418
2024-06-05 13:03:00,489.55,490.0,489.55,489.95,528
2024-06-05 13:04:00,489.95,490.4,489.15,489.15,2210
2024-06-05 13:05:00,489.15,490.65,489.05,489.05,1567
2024-06-05 13:06:00,489.45,490.0,489.45,489.8,359
2024-06-05 13:07:00,489.6,490.65,489.55,490.65,748
2024-06-05 13:08:00,490.65,490.7,489.9,489.95,933
2024-06-05 13:09:00,490.35,490.35,489.95,490.25,37
2024-06-05 13:10:00,490.25,490.55,489.9,490.45,4231
2024-06-05 13:11:00,490.0,490.55,489.65,489.75,1957
2024-06-05 13:12:00,489.75,490.45,489.4,490.45,306
2024-06-05 13:13:00,490.3,490.75,489.4,490.5,2474
2024-06-05 13:14:00,490.0,490.0,489.45,489.65,436
2024-06-05 13:15:00,489.65,490.15,489.65,490.15,525
2024-06-05 13:16:00,489.85,490.45,489.7,489.85,1233
2024-06-05 13:17:00,489.7,490.45,489.7,489.75,2175
2024-06-05 13:18:00,489.75,490.45,489.5,489.6,2505
2024-06-05 13:19:00,489.6,490.5,489.6,489.8,3320
2024-06-05 13:20:00,489.8,490.4,489.7,490.2,1254
2024-06-05 13:21:00,489.7,490.35,489.05,489.15,2318
2024-06-05 13:22:00,489.6,490.15,489.05,489.05,2781
2024-06-05 13:23:00,489.55,489.75,489.1,489.35,814
2024-06-05 13:24:00,489.35,489.95,489.35,489.9,466
2024-06-05 13:25:00,489.9,489.9,489.45,489.65,252
2024-06-05 13:26:00,489.65,489.9,488.95,489.25,1200
2024-06-05 13:27:00,489.25,489.6,489.25,489.25,24
2024-06-05 13:28:00,489.5,489.5,488.5,488.5,924
2024-06-05 13:29:00,488.5,489.6,488.5,489.3,298
2024-06-05 13:30:00,489.3,489.9,488.7,489.35,939
2024-06-05 13:31:00,489.35,489.5,488.6,488.95,1346
2024-06-05 13:32:00,488.95,490.0,488.5,488.8,30296
2024-06-05 13:33:00,488.8,489.6,488.55,489.6,500
2024-06-05 13:34:00,489.6,490.0,489.2,489.4,1247
2024-06-05 13:35:00,489.35,489.35,489.05,489.1,243
2024-06-05 13:36:00,489.35,491.5,489.35,491.15,6431
2024-06-05 13:37:00,491.15,493.45,491.15,493.0,1017
2024-06-05 13:38:00,493.0,493.35,492.0,492.65,733
2024-06-05 13:39:00,492.65,494.1,492.65,493.05,1689
2024-06-05 13:40:00,493.05,494.1,493.0,493.15,3377
2024-06-05 13:41:00,493.15,494.3,492.2,493.1,6463
2024-06-05 13:42:00,492.9,494.25,492.35,493.15,4699
2024-06-05 13:43:00,493.05,495.0,493.05,493.65,5177
2024-06-05 13:44:00,493.65,496.0,493.2,494.05,6279
2024-06-05 13:45:00,493.9,495.55,493.4,494.55,7580
2024-06-05 13:46:00,494.55,495.3,494.5,495.15,756
2024-06-05 13:47:00,495.0,495.0,492.2,492.7,4630
2024-06-05 13:48:00,492.7,493.85,492.7,493.85,497
2024-06-05 13:49:00,493.85,495.0,493.5,494.3,1541
2024-06-05 13:50:00,494.3,494.95,493.05,493.2,2133
2024-06-05 13:51:00,494.1,494.65,493.25,493.4,286
2024-06-05 13:52:00,493.4,494.1,493.0,493.55,1186
2024-06-05 13:53:00,493.1,494.3,493.1,494.3,207
2024-06-05 13:54:00,493.75,494.95,493.75,494.1,582
2024-06-05 13:55:00,494.1,494.55,493.95,493.95,205
2024-06-05 13:56:00,494.25,494.5,493.55,493.65,227
2024-06-05 13:57:00,493.65,494.35,493.55,493.65,1088
2024-06-05 13:58:00,493.65,494.5,493.65,494.1,925
2024-06-05 13:59:00,494.45,494.5,493.95,494.4,673
2024-06-05 14:00:00,494.4,494.5,493.8,493.95,1207
2024-06-05 14:01:00,494.5,494.5,493.8,493.8,233
2024-06-05 14:02:00,494.2,494.45,493.8,494.15,617
2024-06-05 14:03:00,493.8,494.1,493.1,493.1,877
2024-06-05 14:04:00,493.1,493.9,493.1,493.1,160
2024-06-05 14:05:00,493.8,493.8,493.05,493.05,428
2024-06-05 14:06:00,493.05,494.0,493.05,493.25,832
2024-06-05 14:07:00,493.25,493.9,493.1,493.1,1158
2024-06-05 14:08:00,493.1,494.0,493.1,493.4,575
2024-06-05 14:09:00,493.4,493.9,492.0,492.0,6759
2024-06-05 14:10:00,491.45,492.25,490.7,491.8,6051
2024-06-05 14:11:00,492.25,492.9,490.55,490.75,7145
2024-06-05 14:12:00,490.75,491.5,489.0,490.9,2605
2024-06-05 14:13:00,490.9,492.0,490.25,491.5,2424
2024-06-05 14:14:00,492.05,492.05,490.6,491.25,1236
2024-06-05 14:15:00,490.65,491.95,490.65,491.25,227
2024-06-05 14:16:00,491.25,491.95,491.0,491.5,2170
2024-06-05 14:17:00,491.9,492.65,491.5,492.1,2965
2024-06-05 14:18:00,492.1,494.2,492.1,493.6,7738
2024-06-05 14:19:00,494.5,495.2,493.5,494.15,17256
2024-06-05 14:20:00,494.15,494.8,491.85,493.3,16634
2024-06-05 14:21:00,493.3,494.55,493.0,493.75,10326
2024-06-05 14:22:00,493.75,494.6,493.0,494.55,18743
2024-06-05 14:23:00,494.0,494.8,494.0,494.5,2126
2024-06-05 14:24:00,494.5,497.15,494.5,497.1,8025
2024-06-05 14:25:00,497.15,499.0,497.0,498.55,15968
2024-06-05 14:26:00,498.55,501.6,494.05,494.05,32558
2024-06-05 14:27:00,494.0,497.45,493.75,497.45,11723
2024-06-05 14:28:00,497.45,501.0,497.05,500.5,6201
2024-06-05 14:29:00,500.5,503.75,500.5,502.8,9879
2024-06-05 14:30:00,503.05,503.05,500.45,501.4,7383
2024-06-05 14:31:00,501.4,502.65,497.8,498.0,20939
2024-06-05 14:32:00,498.0,498.0,494.2,494.95,8972
2024-06-05 14:33:00,494.95,495.75,494.95,495.1,6825
2024-06-05 14:34:00,495.1,495.75,495.1,495.5,551
2024-06-05 14:35:00,495.5,495.8,494.8,495.5,3928
2024-06-05 14:36:00,495.5,495.65,495.0,495.65,863
2024-06-05 14:37:00,495.65,496.55,495.1,496.45,14041
2024-06-05 14:38:00,496.2,496.7,495.25,495.55,1129
2024-06-05 14:39:00,495.55,497.0,495.25,495.45,2226
2024-06-05 14:40:00,495.45,498.5,495.45,497.8,3240
2024-06-05 14:41:00,498.5,500.5,498.5,500.5,493
2024-06-05 14:42:00,500.5,502.35,500.15,502.1,8121
2024-06-05 14:43:00,502.1,503.0,499.9,502.7,9340
2024-06-05 14:44:00,502.7,503.0,496.3,498.95,51819
2024-06-05 14:45:00,498.95,500.15,496.85,497.05,7070
2024-06-05 14:46:00,497.8,497.8,494.95,495.0,6545
2024-06-05 14:47:00,495.0,495.6,494.5,495.0,11414
2024-06-05 14:48:00,494.95,495.0,494.35,494.55,1363
2024-06-05 14:49:00,494.55,494.55,493.55,494.35,3647
2024-06-05 14:50:00,494.35,496.7,494.1,494.5,41073
2024-06-05 14:51:00,494.5,494.85,493.8,494.55,4091
2024-06-05 14:52:00,494.55,494.55,493.8,493.8,1843
2024-06-05 14:53:00,493.2,494.3,493.2,493.85,1545
2024-06-05 14:54:00,493.85,494.55,493.65,494.55,401
2024-06-05 14:55:00,494.55,494.9,494.55,494.9,482
2024-06-05 14:56:00,494.9,494.9,494.1,494.15,783
2024-06-05 14:57:00,494.9,494.95,494.2,494.2,1708
2024-06-05 14:58:00,494.2,494.95,493.95,494.9,4204
2024-06-05 14:59:00,494.9,494.9,493.65,493.65,437
2024-06-05 15:00:00,494.45,494.85,493.95,494.8,4544
2024-06-05 15:01:00,494.8,495.0,493.7,493.7,6611
2024-06-05 15:02:00,493.6,494.05,492.05,492.05,4554
2024-06-05 15:03:00,492.05,492.65,492.05,492.2,2083
2024-06-05 15:04:00,492.4,493.65,492.2,493.6,2351
2024-06-05 15:05:00,493.6,493.6,493.25,493.6,661
2024-06-05 15:06:00,493.6,495.0,493.25,495.0,1733
2024-06-05 15:07:00,495.0,495.0,493.8,493.8,1684
2024-06-05 15:08:00,493.8,494.55,493.65,494.55,1373
2024-06-05 15:09:00,494.55,494.9,493.9,494.9,2124
2024-06-05 15:10:00,494.4,495.0,494.1,494.5,1476
2024-06-05 15:11:00,493.85,494.5,493.0,493.15,3465
2024-06-05 15:12:00,493.2,493.2,490.05,490.6,9107
2024-06-05 15:13:00,490.55,492.25,490.55,491.7,5554
2024-06-05 15:14:00,491.7,491.75,491.0,491.05,4791
2024-06-05 15:15:00,491.0,492.0,490.6,491.35,10489
2024-06-05 15:16:00,491.35,491.35,489.0,489.1,11877
2024-06-05 15:17:00,489.0,490.0,488.35,489.3,5876
2024-06-05 15:18:00,489.3,493.1,489.3,492.5,6436
2024-06-05 15:19:00,492.5,493.45,491.55,492.95,1333
2024-06-05 15:20:00,492.85,493.9,492.85,493.6,2387
2024-06-05 15:21:00,493.7,494.3,493.55,493.9,2833
2024-06-05 15:22:00,493.9,495.0,493.9,495.0,5673
2024-06-05 15:23:00,495.0,495.0,494.0,494.0,6561
2024-06-05 15:24:00,494.65,494.65,493.25,494.6,1793
2024-06-05 15:25:00,494.2,494.7,494.1,494.2,1103
2024-06-05 15:26:00,494.15,495.0,493.95,494.85,4046
2024-06-05 15:27:00,494.55,495.0,494.55,494.6,1558
2024-06-05 15:28:00,494.6,495.0,494.3,494.95,8500
2024-06-05 15:29:00,494.95,494.95,488.0,491.55,13695
2024-06-06 09:15:00,497.0,502.0,495.9,498.9,23414
2024-06-06 09:16:00,498.95,503.8,498.25,502.75,12051
2024-06-06 09:17:00,502.5,504.65,499.05,500.05,16264
2024-06-06 09:18:00,500.05,502.95,500.05,502.8,17063
2024-06-06 09:19:00,502.7,504.85,500.5,504.5,13170
2024-06-06 09:20:00,504.55,506.5,503.8,504.95,16549
2024-06-06 09:21:00,504.95,509.9,504.45,508.85,12596
2024-06-06 09:22:00,510.05,511.65,508.15,509.4,11969
2024-06-06 09:23:00,509.35,509.8,507.0,507.0,8051
2024-06-06 09:24:00,505.5,507.3,505.3,505.85,7784
2024-06-06 09:25:00,505.3,506.0,504.0,506.0,15875
2024-06-06 09:26:00,506.1,508.7,505.4,507.4,7710
2024-06-06 09:27:00,507.85,509.0,504.35,504.45,19381
2024-06-06 09:28:00,503.85,506.85,503.85,506.85,3739
2024-06-06 09:29:00,506.2,506.8,505.65,506.45,4067
2024-06-06 09:30:00,506.0,510.4,505.6,507.95,38890
2024-06-06 09:31:00,507.25,509.8,507.25,509.3,5259
2024-06-06 09:32:00,509.4,509.4,506.45,506.45,8329
2024-06-06 09:33:00,507.0,508.25,506.35,508.25,2996
2024-06-06 09:34:00,508.0,509.0,507.0,507.6,9186
2024-06-06 09:35:00,507.6,507.6,504.1,506.45,22183
2024-06-06 09:36:00,506.6,507.45,505.8,507.0,4157
2024-06-06 09:37:00,507.4,507.4,505.1,505.1,4573
2024-06-06 09:38:00,505.1,505.65,503.55,503.85,7955
2024-06-06 09:39:00,503.7,505.25,503.1,503.35,4827
2024-06-06 09:40:00,503.35,505.55,503.35,504.85,5979
2024-06-06 09:41:00,504.85,506.2,504.15,504.2,2998
2024-06-06 09:42:00,504.2,504.2,502.0,502.9,8780
2024-06-06 09:43:00,502.95,505.6,502.8,505.2,3665
2024-06-06 09:44:00,504.95,507.0,504.3,506.35,8348
2024-06-06 09:45:00,506.5,507.2,505.55,506.6,4330
2024-06-06 09:46:00,506.4,510.9,506.4,510.25,13700
2024-06-06 09:47:00,510.0,511.95,508.45,510.9,6513
2024-06-06 09:48:00,510.95,511.1,508.95,509.4,8884
2024-06-06 09:49:00,509.4,510.25,507.55,507.55,6474
2024-06-06 09:50:00,507.45,510.8,507.45,510.0,11911
2024-06-06 09:51:00,509.8,510.7,509.55,510.15,10266
2024-06-06 09:52:00,509.85,510.35,508.0,508.05,3773
2024-06-06 09:53:00,508.0,510.35,508.0,509.0,15161
2024-06-06 09:54:00,509.0,509.0,507.6,508.25,6990
2024-06-06 09:55:00,508.25,509.6,508.0,509.4,3451
2024-06-06 09:56:00,509.4,509.7,507.85,508.55,2632
2024-06-06 09:57:00,508.3,509.9,507.95,509.0,17745
2024-06-06 09:58:00,509.5,509.5,507.25,509.0,3188
2024-06-06 09:59:00,509.0,509.0,506.6,507.6,3390
2024-06-06 10:00:00,507.75,507.75,506.6,506.6,2774
2024-06-06 10:01:00,507.05,507.2,505.85,505.85,5629
2024-06-06 10:02:00,506.3,507.9,505.7,507.9,4947
2024-06-06 10:03:00,508.2,508.35,506.7,507.05,2223
2024-06-06 10:04:00,507.35,507.9,506.75,507.3,1946
2024-06-06 10:05:00,507.3,507.75,505.8,506.45,4579
2024-06-06 10:06:00,506.45,506.65,505.85,506.5,1957
2024-06-06 10:07:00,507.0,507.0,505.9,506.2,3066
2024-06-06 10:08:00,506.2,506.95,506.1,506.7,2317
2024-06-06 10:09:00,506.25,506.7,505.4,505.9,2527
2024-06-06 10:10:00,505.9,506.05,504.9,505.4,3071
2024-06-06 10:11:00,505.4,505.4,503.95,504.7,7906
2024-06-06 10:12:00,504.7,506.35,504.7,506.2,2861
2024-06-06 10:13:00,506.5,506.95,506.0,506.0,5299
2024-06-06 10:14:00,506.55,507.0,504.7,504.7,14726
2024-06-06 10:15:00,504.0,506.05,504.0,505.45,6153
2024-06-06 10:16:00,505.35,505.9,503.5,504.5,8559
2024-06-06 10:17:00,504.5,505.9,504.05,505.55,2189
2024-06-06 10:18:00,505.55,506.5,505.15,506.0,6985
2024-06-06 10:19:00,506.0,507.2,505.45,507.0,13425
2024-06-06 10:20:00,507.0,507.15,506.0,506.0,2273
2024-06-06 10:21:00,506.3,507.2,505.7,506.9,2700
2024-06-06 10:22:00,506.9,507.0,506.1,506.1,1858
2024-06-06 10:23:00,506.45,509.65,506.05,509.5,12579
2024-06-06 10:24:00,509.6,511.0,509.3,510.25,7320
2024-06-06 10:25:00,510.2,510.65,510.0,510.0,5018
2024-06-06 10:26:00,510.25,510.25,508.8,509.75,4932
2024-06-06 10:27:00,509.75,510.35,509.55,509.7,3525
2024-06-06 10:28:00,509.55,509.8,508.7,509.1,3003
2024-06-06 10:29:00,509.25,509.45,508.15,508.7,2908
2024-06-06 10:30:00,509.2,509.65,508.5,508.55,5564
2024-06-06 10:31:00,508.55,509.25,508.5,508.7,2009
2024-06-06 10:32:00,508.55,510.35,508.55,510.05,3881
2024-06-06 10:33:00,510.05,510.05,508.8,509.05,3957
2024-06-06 10:34:00,509.05,510.2,509.0,509.0,2390
2024-06-06 10:35:00,508.8,509.85,508.8,508.8,2433
2024-06-06 10:36:00,509.1,509.35,508.8,509.3,1983
2024-06-06 10:37:00,509.4,510.5,509.05,509.85,3479
2024-06-06 10:38:00,509.8,510.2,509.1,509.3,4646
2024-06-06 10:39:00,510.1,510.55,508.5,508.5,7608
2024-06-06 10:40:00,509.0,509.25,508.3,508.65,2011
2024-06-06 10:41:00,508.65,509.9,508.65,509.4,2207
2024-06-06 10:42:00,509.0,509.8,508.85,509.1,2135
2024-06-06 10:43:00,508.9,513.1,508.85,512.85,17397
2024-06-06 10:44:00,512.85,512.85,511.35,512.65,3121
2024-06-06 10:45:00,512.65,513.8,512.45,513.0,5036
2024-06-06 10:46:00,513.0,514.4,512.4,512.4,7334
2024-06-06 10:47:00,512.0,512.55,511.3,511.3,3434
2024-06-06 10:48:00,511.9,512.7,511.2,511.25,4262
2024-06-06 10:49:00,511.75,514.0,511.5,513.05,11760
2024-06-06 10:50:00,513.05,514.0,512.5,512.5,10265
2024-06-06 10:51:00,512.5,513.1,511.0,511.55,1739
2024-06-06 10:52:00,511.55,512.05,511.1,512.0,1711
2024-06-06 10:53:00,512.0,512.5,510.0,510.4,2020
2024-06-06 10:54:00,510.3,510.7,509.8,509.8,2805
2024-06-06 10:55:00,510.1,511.05,509.55,510.6,6956
2024-06-06 10:56:00,510.0,510.5,509.05,509.85,13119
2024-06-06 10:57:00,509.4,510.2,509.15,509.6,3834
2024-06-06 10:58:00,509.6,510.3,509.1,509.2,2598
2024-06-06 10:59:00,509.2,510.2,508.75,509.75,6376
2024-06-06 11:00:00,509.05,509.8,508.3,509.8,2181
2024-06-06 11:01:00,509.2,509.95,508.5,509.1,4222
2024-06-06 11:02:00,509.0,509.45,508.4,508.9,3417
2024-06-06 11:03:00,508.9,508.95,508.3,508.3,2704
2024-06-06 11:04:00,508.7,508.8,508.1,508.7,2759
2024-06-06 11:05:00,508.8,508.95,508.1,508.3,2735
2024-06-06 11:06:00,508.3,508.7,508.05,508.15,2611
2024-06-06 11:07:00,508.15,510.75,508.15,510.0,9821
2024-06-06 11:08:00,510.0,510.3,509.7,510.0,3077
2024-06-06 11:09:00,510.0,510.5,509.95,510.0,2084
2024-06-06 11:10:00,510.0,510.35,509.0,510.35,14722
2024-06-06 11:11:00,510.35,510.35,509.7,510.05,2639
2024-06-06 11:12:00,510.55,511.2,510.15,511.0,3047
2024-06-06 11:13:00,511.25,511.45,510.0,510.0,1650
2024-06-06 11:14:00,510.2,510.9,510.1,510.5,2207
2024-06-06 11:15:00,510.5,510.65,510.0,510.15,2107
2024-06-06 11:16:00,510.0,510.2,509.0,509.0,2542
2024-06-06 11:17:00,509.3,510.0,509.3,510.0,2174
2024-06-06 11:18:00,509.95,510.15,509.2,509.65,1697
2024-06-06 11:19:00,509.65,510.95,509.1,510.0,1946
2024-06-06 11:20:00,510.0,511.4,509.35,511.4,2520
2024-06-06 11:21:00,511.1,513.2,510.7,511.35,10554
2024-06-06 11:22:00,511.0,512.0,511.0,511.0,3540
2024-06-06 11:23:00,511.0,512.45,511.0,511.95,3686
2024-06-06 11:24:00,511.5,512.3,511.35,511.5,2218
2024-06-06 11:25:00,512.15,512.15,510.75,510.75,1950
2024-06-06 11:26:00,510.75,511.1,510.0,510.05,2975
2024-06-06 11:27:00,510.1,510.7,509.7,510.1,4316
2024-06-06 11:28:00,510.05,510.6,509.7,509.9,2184
2024-06-06 11:29:00,509.9,510.15,509.7,510.0,2491
2024-06-06 11:30:00,509.95,510.1,509.65,510.0,2327
2024-06-06 11:31:00,510.0,511.95,509.95,511.0,4833
2024-06-06 11:32:00,511.45,511.45,510.1,510.1,1694
2024-06-06 11:33:00,510.1,511.2,509.9,510.0,9999
2024-06-06 11:34:00,510.0,510.35,508.5,508.6,8498
2024-06-06 11:35:00,508.8,510.0,508.6,509.4,2632
2024-06-06 11:36:00,509.85,510.35,509.6,509.6,7639
2024-06-06 11:37:00,509.6,509.8,508.5,508.8,4112
2024-06-06 11:38:00,508.55,509.65,508.25,509.05,2645
2024-06-06 11:39:00,509.1,509.95,508.4,509.9,2786
2024-06-06 11:40:00,510.15,511.35,509.55,510.15,5360
2024-06-06 11:41:00,510.1,510.65,510.0,510.0,1926
2024-06-06 11:42:00,510.0,510.0,509.0,509.0,771
2024-06-06 11:43:00,509.05,510.0,509.0,510.0,3699
2024-06-06 11:44:00,510.05,510.05,509.1,509.55,1730
2024-06-06 11:45:00,509.55,509.95,509.1,509.25,569
2024-06-06 11:46:00,509.25,509.6,508.4,508.4,1830
2024-06-06 11:47:00,508.25,509.0,508.1,508.85,3120
2024-06-06 11:48:00,508.85,508.95,508.2,508.2,1067
2024-06-06 11:49:00,508.2,508.6,508.05,508.05,1008
2024-06-06 11:50:00,508.0,509.05,507.45,508.75,12641
2024-06-06 11:51:00,508.5,509.35,508.0,508.7,8044
2024-06-06 11:52:00,508.7,510.0,508.7,509.95,1351
2024-06-06 11:53:00,509.7,510.8,509.2,510.8,4599
2024-06-06 11:54:00,510.9,511.2,509.7,510.05,5470
2024-06-06 11:55:00,510.0,510.4,509.35,509.95,4089
2024-06-06 11:56:00,509.95,510.0,508.8,509.4,5251
2024-06-06 11:57:00,509.4,510.25,509.4,510.25,2103
2024-06-06 11:58:00,510.25,510.55,509.85,510.0,3556
2024-06-06 11:59:00,510.0,510.0,509.1,509.3,1445
2024-06-06 12:00:00,509.5,509.5,508.0,508.9,2684
2024-06-06 12:01:00,508.9,508.9,508.0,508.0,1246
2024-06-06 12:02:00,508.3,508.75,507.65,507.65,2187
2024-06-06 12:03:00,507.65,508.7,507.65,508.65,2723
2024-06-06 12:04:00,508.4,508.7,508.0,508.45,1333
2024-06-06 12:05:00,508.45,508.65,508.1,508.25,1148
2024-06-06 12:06:00,508.6,508.65,508.0,508.35,1536
2024-06-06 12:07:00,508.35,508.35,508.0,508.0,1935
2024-06-06 12:08:00,507.85,508.1,507.8,508.1,989
2024-06-06 12:09:00,508.1,508.25,507.85,508.0,1415
2024-06-06 12:10:00,508.0,508.65,508.0,508.55,1187
2024-06-06 12:11:00,508.45,509.25,508.15,508.65,1309
2024-06-06 12:12:00,508.35,508.7,507.6,508.2,1574
2024-06-06 12:13:00,508.2,508.2,507.6,508.05,1276
2024-06-06 12:14:00,507.6,507.95,507.6,507.65,2511
2024-06-06 12:15:00,507.65,507.65,506.6,507.25,7420
2024-06-06 12:16:00,507.25,508.35,506.95,508.25,2475
2024-06-06 12:17:00,508.25,508.25,507.0,507.7,1113
2024-06-06 12:18:00,507.15,507.7,506.8,507.2,927
2024-06-06 12:19:00,507.25,507.7,506.45,507.7,3174
2024-06-06 12:20:00,507.3,508.15,507.3,507.95,1350
2024-06-06 12:21:00,508.0,508.8,507.65,508.7,1551
2024-06-06 12:22:00,508.7,508.7,507.15,507.85,2598
2024-06-06 12:23:00,507.8,508.85,507.8,508.85,1861
2024-06-06 12:24:00,508.5,508.9,508.25,508.25,515
2024-06-06 12:25:00,508.6,508.95,507.6,508.5,2248
2024-06-06 12:26:00,508.5,509.5,508.5,509.5,951
2024-06-06 12:27:00,509.5,509.5,507.5,507.95,1875
2024-06-06 12:28:00,507.6,508.4,507.55,508.4,778
2024-06-06 12:29:00,508.4,508.8,507.5,508.8,1836
2024-06-06 12:30:00,508.8,508.8,508.05,508.55,275
2024-06-06 12:31:00,508.55,508.6,508.0,508.4,1410
2024-06-06 12:32:00,508.4,508.4,508.05,508.4,420
2024-06-06 12:33:00,508.4,508.4,507.95,508.3,887
2024-06-06 12:34:00,508.3,508.7,508.25,508.4,1397
2024-06-06 12:35:00,508.7,508.7,507.95,508.25,1217
2024-06-06 12:36:00,507.95,508.25,506.55,506.95,4028
2024-06-06 12:37:00,506.6,507.05,506.55,507.05,1643
2024-06-06 12:38:00,507.05,507.55,506.25,507.55,3369
2024-06-06 12:39:00,507.55,507.8,507.25,507.35,484
2024-06-06 12:40:00,506.75,509.55,506.75,509.0,4429
2024-06-06 12:41:00,509.35,509.4,507.8,508.65,1874
2024-06-06 12:42:00,508.65,508.65,507.0,507.6,662
2024-06-06 12:43:00,507.15,508.4,506.95,508.4,2136
2024-06-06 12:44:00,508.05,508.4,507.05,507.2,1294
2024-06-06 12:45:00,507.0,507.6,506.55,507.6,2123
2024-06-06 12:46:00,507.6,508.6,507.55,508.15,1533
2024-06-06 12:47:00,508.15,508.3,506.9,507.05,1065
2024-06-06 12:48:00,507.05,508.45,507.05,507.45,1997
2024-06-06 12:49:00,507.45,508.05,507.45,508.05,859
2024-06-06 12:50:00,508.05,508.3,507.85,508.25,1024
2024-06-06 12:51:00,508.25,508.25,507.35,507.35,1509
2024-06-06 12:52:00,507.35,507.35,506.35,507.2,1640
2024-06-06 12:53:00,507.2,508.75,506.9,507.95,2880
2024-06-06 12:54:00,507.95,508.4,507.7,508.15,1588
2024-06-06 12:55:00,508.15,508.15,506.3,506.75,1752
2024-06-06 12:56:00,506.75,506.95,505.0,505.0,10439
2024-06-06 12:57:00,505.0,507.4,505.0,507.2,3722
2024-06-06 12:58:00,507.55,507.55,506.65,506.95,551
2024-06-06 12:59:00,507.0,507.0,505.45,505.75,850
2024-06-06 13:00:00,505.75,506.8,505.3,505.7,2000
2024-06-06 13:01:00,505.7,506.9,505.25,505.6,3057
2024-06-06 13:02:00,505.6,505.6,505.0,505.0,7728
2024-06-06 13:03:00,505.05,505.8,505.0,505.3,2645
2024-06-06 13:04:00,505.0,505.3,504.0,504.0,4041
2024-06-06 13:05:00,504.0,504.6,504.0,504.45,2435
2024-06-06 13:06:00,504.5,504.8,504.2,504.2,1050
2024-06-06 13:07:00,504.2,504.25,503.0,503.7,2905
2024-06-06 13:08:00,504.25,504.55,503.4,503.4,1615
2024-06-06 13:09:00,503.45,504.5,503.45,503.8,819
2024-06-06 13:10:00,503.8,503.8,503.0,503.2,2083
2024-06-06 13:11:00,503.05,504.2,503.0,504.05,2630
2024-06-06 13:12:00,504.05,504.5,503.2,503.7,5179
2024-06-06 13:13:00,503.7,503.9,503.1,503.2,1359
2024-06-06 13:14:00,503.2,504.1,503.2,503.9,1258
2024-06-06 13:15:00,503.9,504.95,503.9,504.65,1068
2024-06-06 13:16:00,504.85,504.85,503.75,503.75,177
2024-06-06 13:17:00,503.55,505.0,503.55,505.0,1209
2024-06-06 13:18:00,504.95,504.95,504.0,504.0,1371
2024-06-06 13:19:00,504.0,504.0,503.0,503.35,715
2024-06-06 13:20:00,503.05,503.75,503.0,503.75,1580
2024-06-06 13:21:00,503.75,504.95,503.5,504.55,11973
2024-06-06 13:22:00,504.55,504.55,503.0,503.2,857
2024-06-06 13:23:00,503.2,503.9,503.2,503.85,867
2024-06-06 13:24:00,503.55,503.75,503.1,503.15,1197
2024-06-06 13:25:00,503.1,503.85,503.1,503.5,1411
2024-06-06 13:26:00,503.5,504.35,503.5,504.35,3168
2024-06-06 13:27:00,504.35,505.0,504.25,504.7,612
2024-06-06 13:28:00,504.7,505.0,504.5,504.8,1254
2024-06-06 13:29:00,504.9,505.2,504.0,504.0,3502
2024-06-06 13:30:00,503.5,504.25,502.85,503.9,17393
2024-06-06 13:31:00,503.9,504.1,503.0,503.4,1156
2024-06-06 13:32:00,503.4,504.8,503.4,504.4,2130
2024-06-06 13:33:00,504.4,504.5,504.1,504.4,427
2024-06-06 13:34:00,504.4,504.4,504.15,504.3,995
2024-06-06 13:35:00,504.15,504.3,504.15,504.3,1308
2024-06-06 13:36:00,504.3,504.8,504.25,504.65,1768
2024-06-06 13:37:00,504.65,504.7,504.15,504.25,703
2024-06-06 13:38:00,504.25,504.55,504.15,504.15,556
2024-06-06 13:39:00,504.15,504.55,504.15,504.3,984
2024-06-06 13:40:00,504.3,504.75,504.3,504.55,850
2024-06-06 13:41:00,504.75,504.8,504.15,504.5,829
2024-06-06 13:42:00,504.5,504.95,504.25,504.3,1037
2024-06-06 13:43:00,504.65,504.65,504.25,504.55,1535
2024-06-06 13:44:00,504.55,504.9,504.55,504.9,1054
2024-06-06 13:45:00,504.9,505.2,504.6,504.95,1660
2024-06-06 13:46:00,504.95,505.5,504.6,505.05,1931
2024-06-06 13:47:00,504.9,506.2,504.9,506.2,1897
2024-06-06 13:48:00,506.2,506.75,505.0,505.1,1225
2024-06-06 13:49:00,504.55,506.3,504.15,506.3,2206
2024-06-06 13:50:00,506.3,506.3,504.0,504.75,5153
2024-06-06 13:51:00,505.15,505.15,504.0,504.15,1408
2024-06-06 13:52:00,504.15,504.25,503.35,503.35,4923
2024-06-06 13:53:00,503.35,504.7,503.35,503.85,1128
2024-06-06 13:54:00,503.85,504.45,503.85,504.2,710
2024-06-06 13:55:00,504.2,505.55,504.2,505.3,3144
2024-06-06 13:56:00,505.3,505.6,503.85,504.2,1527
2024-06-06 13:57:00,503.7,504.2,503.5,503.95,2564
2024-06-06 13:58:00,504.2,504.55,503.9,504.55,587
2024-06-06 13:59:00,504.55,504.7,504.35,504.35,749
2024-06-06 14:00:00,504.0,504.5,504.0,504.1,787
2024-06-06 14:01:00,504.1,504.1,503.1,503.6,1679
2024-06-06 14:02:00,503.4,504.2,503.4,504.2,1541
2024-06-06 14:03:00,504.25,504.3,503.6,504.25,1426
2024-06-06 14:04:00,503.75,504.3,503.15,503.15,820
2024-06-06 14:05:00,503.15,503.95,503.05,503.95,1654
2024-06-06 14:06:00,503.95,503.95,503.05,503.05,1433
2024-06-06 14:07:00,502.8,503.35,502.6,503.35,3123
2024-06-06 14:08:00,503.35,504.65,503.1,503.4,882
2024-06-06 14:09:00,503.4,504.55,502.0,504.4,5668
2024-06-06 14:10:00,504.4,504.7,503.25,503.45,354
2024-06-06 14:11:00,503.45,503.6,503.0,503.35,1209
2024-06-06 14:12:00,503.35,504.0,502.15,504.0,1894
2024-06-06 14:13:00,504.0,505.7,502.95,505.2,8151
2024-06-06 14:14:00,505.15,505.75,505.0,505.3,3430
2024-06-06 14:15:00,505.05,505.05,503.85,503.9,4888
2024-06-06 14:16:00,503.85,505.4,503.7,505.05,2359
2024-06-06 14:17:00,505.0,505.0,504.2,504.2,1365
2024-06-06 14:18:00,504.2,505.0,504.1,504.8,1618
2024-06-06 14:19:00,504.95,505.0,503.7,503.95,1838
2024-06-06 14:20:00,503.95,505.45,503.5,503.7,5310
2024-06-06 14:21:00,503.55,503.9,503.5,503.9,1152
2024-06-06 14:22:00,503.9,505.0,503.75,504.2,1046
2024-06-06 14:23:00,504.2,505.3,504.15,505.05,2986
2024-06-06 14:24:00,505.05,505.3,504.25,504.6,766
2024-06-06 14:25:00,504.25,504.75,504.0,504.5,1665
2024-06-06 14:26:00,504.5,504.75,504.0,504.75,2487
2024-06-06 14:27:00,504.4,504.8,503.5,503.5,10714
2024-06-06 14:28:00,503.55,503.9,503.4,503.4,5922
2024-06-06 14:29:00,503.35,503.35,501.4,501.45,4159
2024-06-06 14:30:00,501.45,502.25,501.0,502.25,10258
2024-06-06 14:31:00,502.25,502.35,500.25,500.75,18896
2024-06-06 14:32:00,500.75,501.65,500.35,500.4,6684
2024-06-06 14:33:00,500.4,501.9,500.1,500.85,21937
2024-06-06 14:34:00,501.0,501.9,500.25,501.2,7865
2024-06-06 14:35:00,501.2,501.9,500.1,500.1,5280
2024-06-06 14:36:00,500.1,500.6,500.1,500.1,23898
2024-06-06 14:37:00,500.1,500.5,500.1,500.15,6015
2024-06-06 14:38:00,500.15,500.55,500.1,500.1,5659
2024-06-06 14:39:00,500.1,500.25,500.1,500.1,5926
2024-06-06 14:40:00,500.1,500.5,500.1,500.15,6061
2024-06-06 14:41:00,500.15,500.45,500.15,500.15,5411
2024-06-06 14:42:00,500.15,501.15,500.15,500.15,7459
2024-06-06 14:43:00,500.15,500.7,500.1,500.1,5554
2024-06-06 14:44:00,500.1,501.05,500.1,500.7,8583
2024-06-06 14:45:00,500.8,500.9,500.15,500.85,6758
2024-06-06 14:46:00,500.85,500.95,500.3,500.65,7457
2024-06-06 14:47:00,500.7,500.7,500.15,500.45,6384
2024-06-06 14:48:00,500.7,500.8,500.1,500.1,5875
2024-06-06 14:49:00,500.45,500.8,500.1,500.3,9794
2024-06-06 14:50:00,500.2,500.45,500.1,500.35,5225
2024-06-06 14:51:00,500.35,500.35,500.1,500.1,5197
2024-06-06 14:52:00,500.1,500.25,500.1,500.1,6439
2024-06-06 14:53:00,500.15,500.3,500.1,500.15,4934
2024-06-06 14:54:00,500.25,500.35,500.1,500.35,7929
2024-06-06 14:55:00,500.25,500.9,500.15,500.35,7813
2024-06-06 14:56:00,500.6,500.9,500.15,500.25,7751
2024-06-06 14:57:00,500.7,502.4,500.6,502.2,15624
2024-06-06 14:58:00,502.0,503.1,501.45,503.1,18869
2024-06-06 14:59:00,503.5,504.9,503.0,504.0,14893
2024-06-06 15:00:00,503.9,504.95,503.9,504.15,7405
2024-06-06 15:01:00,504.5,504.95,503.95,504.3,9326
2024-06-06 15:02:00,504.3,505.45,503.9,504.4,7712
2024-06-06 15:03:00,504.3,505.7,503.95,504.05,9868
2024-06-06 15:04:00,503.95,504.7,503.9,504.0,6951
2024-06-06 15:05:00,504.35,504.4,503.9,503.9,6364
2024-06-06 15:06:00,503.9,504.45,503.2,504.1,9422
2024-06-06 15:07:00,504.5,504.6,504.0,504.05,6926
2024-06-06 15:08:00,504.0,504.85,504.0,504.15,8564
2024-06-06 15:09:00,504.05,504.6,504.0,504.1,8913
2024-06-06 15:10:00,504.7,504.7,504.0,504.15,7162
2024-06-06 15:11:00,504.0,504.25,503.5,504.15,7446
2024-06-06 15:12:00,504.2,504.85,504.0,504.65,8074
2024-06-06 15:13:00,504.65,504.8,504.0,504.0,8626
2024-06-06 15:14:00,504.05,504.85,504.0,504.7,7317
2024-06-06 15:15:00,504.3,504.8,504.0,504.0,6991
2024-06-06 15:16:00,504.0,504.2,503.0,503.55,12757
2024-06-06 15:17:00,504.05,504.8,504.0,504.5,8032
2024-06-06 15:18:00,504.5,504.7,504.0,504.2,9752
2024-06-06 15:19:00,504.05,504.75,503.4,504.0,26238
2024-06-06 15:20:00,504.0,506.0,504.0,505.45,6953
2024-06-06 15:21:00,505.75,511.9,505.45,510.55,35945
2024-06-06 15:22:00,511.35,515.9,510.25,515.05,63193
2024-06-06 15:23:00,515.05,515.05,511.55,511.8,22103
2024-06-06 15:24:00,511.7,516.25,511.7,516.15,19370
2024-06-06 15:25:00,516.15,517.05,515.1,517.05,20863
2024-06-06 15:26:00,517.5,520.65,517.05,518.3,22438
2024-06-06 15:27:00,519.05,520.0,517.65,517.65,7980
2024-06-06 15:28:00,517.65,519.2,517.05,517.55,6669
2024-06-06 15:29:00,517.9,520.0,517.05,518.0,8642
2024-06-07 09:15:00,517.15,522.9,517.15,519.0,11197
2024-06-07 09:16:00,519.0,519.0,515.0,517.95,13103
2024-06-07 09:17:00,517.35,520.05,517.35,519.75,8439
2024-06-07 09:18:00,519.75,520.2,517.6,517.65,7496
2024-06-07 09:19:00,517.8,519.2,516.2,519.2,4165
2024-06-07 09:20:00,520.0,520.0,518.65,519.8,3184
2024-06-07 09:21:00,519.8,520.35,518.3,519.9,6539
2024-06-07 09:22:00,519.9,521.7,519.15,521.25,3188
2024-06-07 09:23:00,521.7,521.7,519.9,521.1,8892
2024-06-07 09:24:00,521.1,521.1,520.05,521.0,3274
2024-06-07 09:25:00,521.0,521.25,520.0,520.2,18744
2024-06-07 09:26:00,520.0,521.4,520.0,520.45,2964
2024-06-07 09:27:00,520.95,521.0,520.5,521.0,1375
2024-06-07 09:28:00,521.55,521.7,520.7,521.2,3373
2024-06-07 09:29:00,521.65,525.0,521.65,523.4,11087
2024-06-07 09:30:00,523.45,525.5,523.0,524.9,11526
2024-06-07 09:31:00,527.95,529.05,524.8,524.95,43232
2024-06-07 09:32:00,524.9,525.35,524.25,524.7,2878
2024-06-07 09:33:00,524.7,525.0,524.0,524.75,6607
2024-06-07 09:34:00,524.75,524.8,524.0,524.2,2592
2024-06-07 09:35:00,524.2,525.25,523.5,525.0,5548
2024-06-07 09:36:00,525.4,525.4,524.55,524.85,1014
2024-06-07 09:37:00,524.85,525.5,524.0,525.1,5268
2024-06-07 09:38:00,525.05,526.3,525.05,525.95,2411
2024-06-07 09:39:00,525.95,526.85,525.3,525.5,8091
2024-06-07 09:40:00,526.0,526.0,524.95,525.2,1777
2024-06-07 09:41:00,525.0,525.15,523.25,523.25,4467
2024-06-07 09:42:00,523.25,523.95,522.5,523.45,5135
2024-06-07 09:43:00,523.75,524.05,523.05,524.05,878
2024-06-07 09:44:00,524.05,524.45,523.25,523.25,5233
2024-06-07 09:45:00,523.65,523.65,521.05,521.1,7174
2024-06-07 09:46:00,521.1,522.0,521.1,521.4,2394
2024-06-07 09:47:00,521.5,521.75,520.5,521.1,2077
2024-06-07 09:48:00,521.4,521.4,520.2,521.0,4484
2024-06-07 09:49:00,521.15,521.9,520.55,520.95,2566
2024-06-07 09:50:00,520.95,521.05,520.0,520.15,2411
2024-06-07 09:51:00,520.5,520.55,520.0,520.4,1472
2024-06-07 09:52:00,520.4,520.45,520.05,520.1,599
2024-06-07 09:53:00,520.45,520.55,519.5,519.9,13009
2024-06-07 09:54:00,519.9,520.15,519.5,519.5,1575
2024-06-07 09:55:00,519.75,520.15,519.5,520.15,1540
2024-06-07 09:56:00,520.15,520.15,518.35,518.9,2795
2024-06-07 09:57:00,518.9,519.0,518.05,519.0,12197
2024-06-07 09:58:00,518.65,519.7,518.65,519.7,1032
2024-06-07 09:59:00,519.7,519.7,519.2,519.2,390
2024-06-07 10:00:00,519.2,519.2,517.05,518.1,7286
2024-06-07 10:01:00,518.15,518.75,517.7,517.9,3474
2024-06-07 10:02:00,517.7,517.75,516.25,516.25,2870
2024-06-07 10:03:00,516.2,517.25,515.7,517.0,13429
2024-06-07 10:04:00,517.05,518.15,517.05,517.5,3875
2024-06-07 10:05:00,517.5,517.5,517.0,517.05,2461
2024-06-07 10:06:00,517.05,518.7,517.0,518.7,4841
2024-06-07 10:07:00,518.9,520.25,518.85,519.95,2922
2024-06-07 10:08:00,519.75,522.4,519.75,521.95,5365
2024-06-07 10:09:00,521.95,524.35,521.65,522.9,5156
2024-06-07 10:10:00,522.9,522.9,522.05,522.45,1052
2024-06-07 10:11:00,522.45,522.85,521.95,522.5,1969
2024-06-07 10:12:00,522.85,522.85,522.3,522.35,728
2024-06-07 10:13:00,522.35,522.35,521.1,521.5,1901
2024-06-07 10:14:00,521.95,522.2,521.6,522.2,1371
2024-06-07 10:15:00,522.0,522.85,521.8,522.85,1600
2024-06-07 10:16:00,523.0,523.9,522.85,523.25,2590
2024-06-07 10:17:00,523.25,523.25,522.25,522.7,347
2024-06-07 10:18:00,522.7,523.95,522.1,523.5,3630
2024-06-07 10:19:00,523.5,523.95,523.0,523.0,663
2024-06-07 10:20:00,523.0,523.9,522.45,523.9,2647
2024-06-07 10:21:00,523.15,523.5,522.5,522.5,2325
2024-06-07 10:22:00,522.5,523.1,522.35,523.0,1781
2024-06-07 10:23:00,523.0,523.35,522.0,522.55,833
2024-06-07 10:24:00,522.95,523.7,522.8,523.7,641
2024-06-07 10:25:00,523.7,524.15,522.9,524.15,2077
2024-06-07 10:26:00,524.25,526.0,524.25,525.9,5327
2024-06-07 10:27:00,525.9,527.15,524.05,524.05,6313
2024-06-07 10:28:00,524.05,524.65,523.8,524.15,935
2024-06-07 10:29:00,524.15,524.85,523.55,524.85,1393
2024-06-07 10:30:00,524.85,524.85,524.5,524.8,480
2024-06-07 10:31:00,524.8,525.3,524.55,525.3,484
2024-06-07 10:32:00,525.3,525.3,524.05,524.05,2822
2024-06-07 10:33:00,524.05,524.35,524.0,524.35,305
2024-06-07 10:34:00,524.35,525.1,524.35,525.0,1446
2024-06-07 10:35:00,525.0,526.0,525.0,525.95,1880
2024-06-07 10:36:00,525.95,525.95,524.75,525.5,718
2024-06-07 10:37:00,525.5,526.9,524.5,526.9,1407
2024-06-07 10:38:00,526.35,526.35,525.05,525.1,3089
2024-06-07 10:39:00,525.1,525.95,525.1,525.45,1556
2024-06-07 10:40:00,525.45,525.85,525.1,525.75,528
2024-06-07 10:41:00,525.75,525.95,525.1,525.6,1433
2024-06-07 10:42:00,525.5,525.5,524.3,524.7,1385
2024-06-07 10:43:00,524.7,525.0,524.2,525.0,205
2024-06-07 10:44:00,525.0,525.65,524.6,525.2,1673
2024-06-07 10:45:00,525.2,525.2,524.6,525.0,409
2024-06-07 10:46:00,525.1,525.65,524.7,525.1,1364
2024-06-07 10:47:00,525.1,525.6,525.0,525.55,388
2024-06-07 10:48:00,525.85,526.0,525.3,525.65,790
2024-06-07 10:49:00,525.65,525.9,525.15,525.9,568
2024-06-07 10:50:00,525.9,525.9,525.45,525.65,417
2024-06-07 10:51:00,525.65,525.65,524.3,524.35,2499
2024-06-07 10:52:00,524.35,525.0,524.35,524.5,809
2024-06-07 10:53:00,524.5,524.95,524.1,524.6,485
2024-06-07 10:54:00,524.6,524.6,524.0,524.05,560
2024-06-07 10:55:00,524.05,524.55,523.8,524.0,1451
2024-06-07 10:56:00,524.15,524.55,524.0,524.1,483
2024-06-07 10:57:00,524.0,524.1,523.25,523.6,1235
2024-06-07 10:58:00,523.25,523.55,522.9,523.0,758
2024-06-07 10:59:00,523.0,523.0,522.25,522.7,727
2024-06-07 11:00:00,522.6,523.75,522.6,523.1,874
2024-06-07 11:01:00,523.05,523.55,522.9,523.55,801
2024-06-07 11:02:00,523.55,523.55,523.0,523.25,193
2024-06-07 11:03:00,523.25,523.4,522.6,523.15,135
2024-06-07 11:04:00,523.15,523.25,523.0,523.0,1179
2024-06-07 11:05:00,523.0,523.55,523.0,523.55,272
2024-06-07 11:06:00,523.55,524.85,523.25,524.85,1453
2024-06-07 11:07:00,524.85,525.0,524.5,524.8,576
2024-06-07 11:08:00,524.3,524.65,523.35,523.35,517
2024-06-07 11:09:00,523.35,524.45,523.35,523.85,1108
2024-06-07 11:10:00,523.85,524.55,523.85,524.55,1231
2024-06-07 11:11:00,524.55,524.55,523.7,524.1,460
2024-06-07 11:12:00,523.7,524.4,523.7,524.4,1483
2024-06-07 11:13:00,524.4,524.9,523.65,524.9,1783
2024-06-07 11:14:00,524.9,524.9,524.5,524.8,132
2024-06-07 11:15:00,524.8,524.8,523.95,523.95,456
2024-06-07 11:16:00,524.2,524.5,523.3,523.3,332
2024-06-07 11:17:00,523.3,524.15,523.3,523.9,2032
2024-06-07 11:18:00,523.9,527.1,523.9,526.65,8286
2024-06-07 11:19:00,526.65,526.95,525.8,526.0,2812
2024-06-07 11:20:00,526.0,526.3,525.15,525.55,1496
2024-06-07 11:21:00,525.05,525.75,525.0,525.35,1331
2024-06-07 11:22:00,525.35,525.65,525.0,525.5,615
2024-06-07 11:23:00,525.5,525.95,525.0,525.95,2396
2024-06-07 11:24:00,526.2,528.05,525.8,527.95,5879
2024-06-07 11:25:00,527.25,527.7,527.0,527.7,2106
2024-06-07 11:26:00,527.7,527.75,527.0,527.55,952
2024-06-07 11:27:00,527.55,527.8,527.45,527.75,623
2024-06-07 11:28:00,527.75,528.4,527.05,527.05,3822
2024-06-07 11:29:00,527.05,527.3,526.6,527.0,1764
2024-06-07 11:30:00,527.0,527.0,526.45,526.6,300
2024-06-07 11:31:00,527.0,528.4,526.9,526.95,3461
2024-06-07 11:32:00,526.95,528.35,526.95,528.35,1964
2024-06-07 11:33:00,528.2,528.2,526.85,527.3,6565
2024-06-07 11:34:00,526.9,527.25,526.3,526.85,474
2024-06-07 11:35:00,526.3,526.9,526.2,526.9,824
2024-06-07 11:36:00,526.9,527.25,526.3,527.25,1489
2024-06-07 11:37:00,527.25,527.75,526.5,527.15,1586
2024-06-07 11:38:00,527.15,527.25,526.5,526.95,772
2024-06-07 11:39:00,526.95,527.35,526.5,526.95,160
2024-06-07 11:40:00,526.7,527.4,526.5,527.0,116
2024-06-07 11:41:00,527.35,527.55,526.95,527.15,501
2024-06-07 11:42:00,527.15,527.9,527.15,527.9,1959
2024-06-07 11:43:00,527.55,528.9,527.5,528.5,4436
2024-06-07 11:44:00,528.5,529.75,528.2,529.0,5863
2024-06-07 11:45:00,529.6,529.8,528.4,529.25,1884
2024-06-07 11:46:00,528.75,529.25,527.8,528.45,538
2024-06-07 11:47:00,528.45,528.45,527.35,527.55,717
2024-06-07 11:48:00,527.55,527.55,527.1,527.55,364
2024-06-07 11:49:00,527.55,528.35,527.55,528.25,543
2024-06-07 11:50:00,528.25,529.5,528.25,529.35,1529
2024-06-07 11:51:00,529.35,529.9,528.95,529.85,1551
2024-06-07 11:52:00,529.85,530.9,529.45,530.0,14133
2024-06-07 11:53:00,530.0,530.0,528.5,528.55,2230
2024-06-07 11:54:00,528.95,529.0,528.25,529.0,1583
2024-06-07 11:55:00,528.95,529.0,528.25,528.75,1984
2024-06-07 11:56:00,528.75,529.95,528.45,529.55,2084
2024-06-07 11:57:00,529.55,529.55,528.5,529.4,6667
2024-06-07 11:58:00,529.4,529.45,528.7,528.7,538
2024-06-07 11:59:00,528.7,529.15,528.5,528.95,2092
2024-06-07 12:00:00,528.95,529.55,528.5,529.5,3830
2024-06-07 12:01:00,529.5,529.55,528.7,529.25,836
2024-06-07 12:02:00,529.25,530.5,529.05,529.9,1895
2024-06-07 12:03:00,529.5,530.0,529.05,530.0,1343
2024-06-07 12:04:00,530.0,530.0,529.25,529.95,1027
2024-06-07 12:05:00,529.95,530.0,529.2,529.95,2252
2024-06-07 12:06:00,529.95,529.95,528.75,529.3,682
2024-06-07 12:07:00,529.3,529.55,528.75,529.4,758
2024-06-07 12:08:00,529.1,530.35,529.0,530.1,3611
2024-06-07 12:09:00,530.1,530.35,530.0,530.0,719
2024-06-07 12:10:00,530.0,530.55,529.85,530.0,2433
2024-06-07 12:11:00,530.0,530.5,529.7,530.05,4131
2024-06-07 12:12:00,530.05,530.25,530.0,530.25,1845
2024-06-07 12:13:00,530.25,530.25,529.2,529.85,1939
2024-06-07 12:14:00,529.4,530.4,529.4,530.05,856
2024-06-07 12:15:00,530.05,530.4,528.5,528.95,9150
2024-06-07 12:16:00,528.6,528.7,527.15,527.7,6742
2024-06-07 12:17:00,527.7,527.7,527.0,527.4,1564
2024-06-07 12:18:00,527.0,528.0,527.0,528.0,1614
2024-06-07 12:19:00,528.0,528.35,527.75,528.15,1279
2024-06-07 12:20:00,527.85,528.7,527.85,528.7,1438
2024-06-07 12:21:00,528.7,529.75,528.7,529.15,4699
2024-06-07 12:22:00,529.45,529.5,528.75,528.75,920
2024-06-07 12:23:00,528.8,529.25,528.75,529.05,1535
2024-06-07 12:24:00,529.05,530.0,528.6,530.0,1315
2024-06-07 12:25:00,530.0,530.0,529.0,529.8,886
2024-06-07 12:26:00,529.8,529.9,529.1,529.1,280
2024-06-07 12:27:00,529.6,529.65,529.1,529.55,320
2024-06-07 12:28:00,529.55,530.1,529.2,529.9,4419
2024-06-07 12:29:00,529.65,529.9,529.55,529.9,484
2024-06-07 12:30:00,529.9,530.45,529.3,530.0,2218
2024-06-07 12:31:00,530.0,530.2,529.05,529.85,870
2024-06-07 12:32:00,529.85,530.7,529.85,530.3,5599
2024-06-07 12:33:00,530.3,530.3,529.85,530.0,1843
2024-06-07 12:34:00,530.0,530.25,529.65,529.9,598
2024-06-07 12:35:00,529.9,529.95,529.1,529.5,1241
2024-06-07 12:36:00,529.5,529.5,528.8,529.35,1531
2024-06-07 12:37:00,529.35,529.35,528.4,528.9,809
2024-06-07 12:38:00,528.9,529.5,528.55,529.3,962
2024-06-07 12:39:00,529.3,529.5,528.75,529.5,829
2024-06-07 12:40:00,529.5,529.5,529.25,529.5,365
2024-06-07 12:41:00,529.5,530.35,528.8,530.35,1386
2024-06-07 12:42:00,530.35,530.95,530.05,530.7,1365
2024-06-07 12:43:00,530.7,530.95,529.9,530.7,2797
2024-06-07 12:44:00,530.7,531.35,530.7,531.2,1301
2024-06-07 12:45:00,531.2,532.0,531.0,531.35,8436
2024-06-07 12:46:00,531.4,531.4,530.4,530.4,271
2024-06-07 12:47:00,530.6,531.05,530.25,530.7,620
2024-06-07 12:48:00,530.35,530.75,530.2,530.75,1214
2024-06-07 12:49:00,530.75,531.6,530.65,531.55,1558
2024-06-07 12:50:00,531.5,531.5,531.0,531.3,286
2024-06-07 12:51:00,531.3,531.5,531.0,531.3,1139
2024-06-07 12:52:00,531.3,531.3,531.0,531.15,286
2024-06-07 12:53:00,531.15,531.15,530.3,530.75,1300
2024-06-07 12:54:00,530.4,531.1,530.35,530.65,800
2024-06-07 12:55:00,530.65,531.0,530.05,530.9,2000
2024-06-07 12:56:00,530.9,530.95,530.5,530.75,396
2024-06-07 12:57:00,530.75,531.3,530.7,531.3,876
2024-06-07 12:58:00,531.3,531.3,530.6,531.3,1168
2024-06-07 12:59:00,531.3,531.6,531.0,531.45,1529
2024-06-07 13:00:00,531.05,531.4,530.3,530.35,758
2024-06-07 13:01:00,530.35,530.7,530.1,530.45,839
2024-06-07 13:02:00,530.45,530.45,529.5,529.95,10912
2024-06-07 13:03:00,529.95,530.0,529.15,529.55,328
2024-06-07 13:04:00,529.55,529.55,528.5,529.35,3524
2024-06-07 13:05:00,529.35,529.95,528.75,529.1,2624
2024-06-07 13:06:00,529.1,529.65,529.1,529.65,77
2024-06-07 13:07:00,529.65,529.65,529.35,529.65,690
2024-06-07 13:08:00,529.4,529.6,528.65,529.2,631
2024-06-07 13:09:00,529.2,529.2,528.15,528.6,837
2024-06-07 13:10:00,528.6,528.7,528.25,528.65,1605
2024-06-07 13:11:00,528.65,529.6,528.25,529.15,3635
2024-06-07 13:12:00,529.15,529.15,528.6,528.65,208
2024-06-07 13:13:00,528.65,528.65,528.25,528.65,389
2024-06-07 13:14:00,528.65,528.65,526.65,527.45,8185
2024-06-07 13:15:00,527.45,527.45,526.3,526.6,2999
2024-06-07 13:16:00,526.6,526.6,525.7,526.0,805
2024-06-07 13:17:00,526.0,526.05,525.25,525.35,2434
2024-06-07 13:18:00,525.35,525.5,525.1,525.5,1639
2024-06-07 13:19:00,525.5,525.95,524.05,524.6,8361
2024-06-07 13:20:00,524.6,525.0,524.05,524.5,4300
2024-06-07 13:21:00,524.3,524.5,524.0,524.25,3366
2024-06-07 13:22:00,524.0,524.2,522.55,523.45,6539
2024-06-07 13:23:00,523.45,523.45,521.35,521.95,2994
2024-06-07 13:24:00,521.95,522.25,521.2,521.6,2716
2024-06-07 13:25:00,522.1,522.1,520.75,520.75,2008
2024-06-07 13:26:00,521.05,522.7,520.5,522.7,4607
2024-06-07 13:27:00,522.4,522.4,521.05,521.05,3911
2024-06-07 13:28:00,521.0,521.0,520.1,520.7,4362
2024-06-07 13:29:00,521.35,521.95,520.85,521.9,966
2024-06-07 13:30:00,521.9,522.45,521.9,522.2,2349
2024-06-07 13:31:00,522.2,522.85,522.05,522.65,1601
2024-06-07 13:32:00,522.85,523.9,522.6,522.8,3111
2024-06-07 13:33:00,522.8,523.45,522.8,523.1,1709
2024-06-07 13:34:00,523.1,523.1,522.6,522.65,947
2024-06-07 13:35:00,522.65,523.8,522.5,523.8,1233
2024-06-07 13:36:00,523.8,524.9,523.8,524.05,2146
2024-06-07 13:37:00,524.05,524.05,523.15,523.75,1107
2024-06-07 13:38:00,523.75,524.0,522.85,522.85,2774
2024-06-07 13:39:00,522.85,523.1,522.85,523.1,502
2024-06-07 13:40:00,523.1,523.35,522.5,522.5,1932
2024-06-07 13:41:00,522.5,522.55,522.0,522.55,3718
2024-06-07 13:42:00,522.55,522.9,522.5,522.85,408
2024-06-07 13:43:00,522.6,522.8,522.35,522.7,416
2024-06-07 13:44:00,522.7,523.35,522.55,523.0,413
2024-06-07 13:45:00,522.95,523.65,522.95,523.65,386
2024-06-07 13:46:00,523.65,523.65,522.5,522.85,3789
2024-06-07 13:47:00,522.85,523.4,522.85,522.9,1744
2024-06-07 13:48:00,522.9,523.0,522.7,522.7,259
2024-06-07 13:49:00,522.7,525.05,522.65,525.05,33456
2024-06-07 13:50:00,525.05,528.8,525.0,528.6,6580
2024-06-07 13:51:00,528.6,529.0,528.15,528.75,1891
2024-06-07 13:52:00,528.75,528.75,528.0,528.0,898
2024-06-07 13:53:00,528.0,528.6,527.25,528.6,2610
2024-06-07 13:54:00,528.4,528.6,527.7,527.9,2013
2024-06-07 13:55:00,527.75,527.8,527.1,527.35,703
2024-06-07 13:56:00,527.25,528.6,527.25,528.2,1629
2024-06-07 13:57:00,528.2,528.2,527.1,527.4,662
2024-06-07 13:58:00,527.4,527.85,527.0,527.75,1437
2024-06-07 13:59:00,527.75,528.5,527.7,528.1,1331
2024-06-07 14:00:00,527.6,528.65,527.35,528.65,2312
2024-06-07 14:01:00,528.55,529.05,527.9,528.9,1456
2024-06-07 14:02:00,529.0,530.2,528.65,529.65,3509
2024-06-07 14:03:00,530.05,530.05,529.05,529.85,1951
2024-06-07 14:04:00,529.85,530.5,529.05,530.05,1262
2024-06-07 14:05:00,530.5,530.5,529.9,530.4,275
2024-06-07 14:06:00,530.4,530.4,529.55,530.35,927
2024-06-07 14:07:00,530.4,530.45,529.55,529.85,2346
2024-06-07 14:08:00,529.85,530.65,529.5,530.3,1179
2024-06-07 14:09:00,530.3,530.65,530.05,530.65,1256
2024-06-07 14:10:00,530.65,530.9,530.3,530.7,798
2024-06-07 14:11:00,530.75,530.75,529.85,530.35,1920
2024-06-07 14:12:00,530.05,530.9,529.7,530.9,2546
2024-06-07 14:13:00,530.9,532.3,529.85,529.85,4297
2024-06-07 14:14:00,530.0,530.55,530.0,530.05,3770
2024-06-07 14:15:00,530.05,531.4,530.05,531.4,2477
2024-06-07 14:16:00,531.4,531.4,531.0,531.05,1420
2024-06-07 14:17:00,531.05,531.95,531.0,531.65,1472
2024-06-07 14:18:00,531.65,531.65,531.05,531.5,265
2024-06-07 14:19:00,531.5,532.15,531.0,532.0,1762
2024-06-07 14:20:00,532.0,532.05,531.5,531.55,2726
2024-06-07 14:21:00,531.0,531.1,530.65,530.8,846
2024-06-07 14:22:00,530.05,531.4,530.05,531.4,1990
2024-06-07 14:23:00,530.6,531.1,530.45,530.45,237
2024-06-07 14:24:00,531.4,531.4,530.65,531.4,519
2024-06-07 14:25:00,531.6,531.65,530.1,530.45,2200
2024-06-07 14:26:00,530.45,531.7,530.45,531.3,3021
2024-06-07 14:27:00,531.15,532.0,531.1,531.35,1737
2024-06-07 14:28:00,531.35,531.65,531.15,531.6,730
2024-06-07 14:29:00,531.6,531.65,531.0,531.0,343
2024-06-07 14:30:00,531.35,531.55,531.0,531.45,1403
2024-06-07 14:31:00,531.45,531.45,530.65,530.7,1444
2024-06-07 14:32:00,530.45,530.85,530.1,530.85,2992
2024-06-07 14:33:00,530.85,530.85,530.55,530.6,193
2024-06-07 14:34:00,530.85,530.95,530.6,530.95,604
2024-06-07 14:35:00,530.95,530.95,530.55,530.65,273
2024-06-07 14:36:00,530.8,531.0,530.1,531.0,2402
2024-06-07 14:37:00,531.0,531.15,530.1,530.5,1973
2024-06-07 14:38:00,530.5,530.5,530.0,530.45,645
2024-06-07 14:39:00,530.45,530.45,530.15,530.25,1035
2024-06-07 14:40:00,530.25,530.4,530.0,530.4,2456
2024-06-07 14:41:00,531.35,531.35,530.7,530.7,13885
2024-06-07 14:42:00,530.7,530.85,530.45,530.45,1333
2024-06-07 14:43:00,530.75,530.75,530.35,530.45,235
2024-06-07 14:44:00,530.55,530.55,530.1,530.3,1608
2024-06-07 14:45:00,530.2,530.95,530.1,530.55,4211
2024-06-07 14:46:00,530.55,530.6,530.3,530.35,144
2024-06-07 14:47:00,530.6,530.75,530.05,530.7,2711
2024-06-07 14:48:00,530.75,530.75,530.05,530.3,1609
2024-06-07 14:49:00,530.5,530.5,530.3,530.3,6629
2024-06-07 14:50:00,530.35,530.35,530.0,530.15,1655
2024-06-07 14:51:00,530.15,530.2,530.0,530.05,1473
2024-06-07 14:52:00,530.2,530.2,530.05,530.15,364
2024-06-07 14:53:00,530.05,530.15,530.0,530.1,462
2024-06-07 14:54:00,530.05,530.05,530.0,530.05,758
2024-06-07 14:55:00,530.05,530.1,530.0,530.1,3769
2024-06-07 14:56:00,530.1,530.25,530.0,530.25,1413
2024-06-07 14:57:00,530.25,530.25,530.15,530.2,563
2024-06-07 14:58:00,530.2,533.7,530.15,531.8,20626
2024-06-07 14:59:00,531.8,535.25,531.8,534.1,40116
2024-06-07 15:00:00,535.85,537.45,535.85,535.9,10711
2024-06-07 15:01:00,535.9,536.0,535.0,535.05,25957
2024-06-07 15:02:00,535.05,536.9,535.05,536.0,9253
2024-06-07 15:03:00,536.45,536.45,535.75,536.0,206
2024-06-07 15:04:00,536.0,536.35,535.65,536.35,2260
2024-06-07 15:05:00,536.3,536.3,535.8,535.95,1542
2024-06-07 15:06:00,535.95,536.15,535.2,535.5,3862
2024-06-07 15:07:00,535.5,537.55,535.2,537.55,12697
2024-06-07 15:08:00,537.8,538.3,536.7,536.7,11290
2024-06-07 15:09:00,536.75,536.95,536.15,536.95,2425
2024-06-07 15:10:00,536.95,537.55,536.2,536.9,3398
2024-06-07 15:11:00,536.9,536.9,536.05,536.5,2756
2024-06-07 15:12:00,536.5,536.5,536.35,536.4,916
2024-06-07 15:13:00,536.4,536.5,536.05,536.2,2412
2024-06-07 15:14:00,536.1,536.65,536.1,536.2,2267
2024-06-07 15:15:00,536.1,536.2,535.45,536.0,3052
2024-06-07 15:16:00,536.0,536.8,535.5,535.95,12028
2024-06-07 15:17:00,535.95,535.95,532.2,533.6,25685
2024-06-07 15:18:00,533.95,535.95,533.45,535.95,6706
2024-06-07 15:19:00,536.0,536.05,535.0,535.1,6581
2024-06-07 15:20:00,535.4,535.5,535.0,535.0,4879
2024-06-07 15:21:00,535.0,535.35,535.0,535.0,3407
2024-06-07 15:22:00,535.1,535.1,532.7,533.0,13190
2024-06-07 15:23:00,533.0,533.15,532.5,532.5,5368
2024-06-07 15:24:00,532.5,533.0,532.5,533.0,3313
2024-06-07 15:25:00,533.0,534.5,532.95,534.15,1824
2024-06-07 15:26:00,533.3,534.35,533.0,533.65,2356
2024-06-07 15:27:00,533.65,533.65,533.5,533.65,1769
2024-06-07 15:28:00,533.65,535.0,533.6,534.3,4654
2024-06-07 15:29:00,533.65,534.3,532.5,532.5,4042
2024-06-10 09:15:00,535.0,535.65,515.55,519.0,56831
2024-06-10 09:16:00,518.4,523.0,516.55,520.15,42814
2024-06-10 09:17:00,519.65,523.85,519.65,519.95,17341
2024-06-10 09:18:00,520.0,521.0,515.3,517.85,41598
2024-06-10 09:19:00,517.0,520.95,516.6,520.0,21063
2024-06-10 09:20:00,520.0,520.15,516.75,517.5,24871
2024-06-10 09:21:00,517.25,521.95,516.75,520.35,24073
2024-06-10 09:22:00,520.35,522.45,518.0,519.35,24701
2024-06-10 09:23:00,518.85,519.75,516.55,518.0,19281
2024-06-10 09:24:00,517.0,519.5,517.0,519.2,17583
2024-06-10 09:25:00,519.4,521.5,518.55,521.0,12414
2024-06-10 09:26:00,521.6,521.75,521.0,521.55,20607
2024-06-10 09:27:00,521.05,521.5,519.0,519.0,12405
2024-06-10 09:28:00,519.0,521.4,519.0,521.0,19788
2024-06-10 09:29:00,521.0,521.3,520.0,521.0,9495
2024-06-10 09:30:00,521.1,521.25,520.0,520.0,13267
2024-06-10 09:31:00,520.0,521.05,520.0,520.4,14119
2024-06-10 09:32:00,520.05,520.4,519.05,519.05,10825
2024-06-10 09:33:00,519.35,519.35,518.05,519.0,10077
2024-06-10 09:34:00,518.2,518.75,518.05,518.25,5641
2024-06-10 09:35:00,518.25,519.2,516.3,516.95,21046
2024-06-10 09:36:00,516.55,516.95,516.0,516.45,11671
2024-06-10 09:37:00,516.0,518.0,516.0,518.0,4438
2024-06-10 09:38:00,518.0,518.0,516.8,517.6,10257
2024-06-10 09:39:00,517.0,517.7,517.0,517.0,4888
2024-06-10 09:40:00,517.1,518.25,517.0,517.55,4420
2024-06-10 09:41:00,517.8,518.0,517.25,517.5,4485
2024-06-10 09:42:00,517.4,519.7,517.0,519.0,12299
2024-06-10 09:43:00,518.1,518.9,518.0,518.0,5262
2024-06-10 09:44:00,518.0,518.5,518.0,518.15,3624
2024-06-10 09:45:00,518.15,519.05,518.15,518.85,6808
2024-06-10 09:46:00,518.5,518.5,516.2,516.55,16113
2024-06-10 09:47:00,517.3,518.7,516.45,518.5,14454
2024-06-10 09:48:00,518.4,518.5,517.6,518.0,4301
2024-06-10 09:49:00,517.6,518.5,517.6,517.8,5190
2024-06-10 09:50:00,517.8,518.5,517.6,517.95,2670
2024-06-10 09:51:00,518.9,519.95,517.6,517.6,7303
2024-06-10 09:52:00,517.6,518.3,517.6,518.0,3199
2024-06-10 09:53:00,518.0,519.0,518.0,519.0,7712
2024-06-10 09:54:00,519.2,519.9,518.15,519.6,8287
2024-06-10 09:55:00,519.6,519.65,518.1,518.2,3718
2024-06-10 09:56:00,518.9,519.35,518.2,519.0,3706
2024-06-10 09:57:00,519.2,519.95,518.2,518.2,5575
2024-06-10 09:58:00,518.2,519.2,518.2,518.65,1973
2024-06-10 09:59:00,518.65,518.9,518.0,518.0,5127
2024-06-10 10:00:00,518.05,520.0,518.0,518.05,6465
2024-06-10 10:01:00,518.05,518.75,518.0,518.1,5079
2024-06-10 10:02:00,518.1,518.75,518.0,518.0,2279
2024-06-10 10:03:00,518.05,519.0,518.0,518.05,5087
2024-06-10 10:04:00,518.05,518.7,518.05,518.05,2137
2024-06-10 10:05:00,518.05,518.65,518.05,518.05,3683
2024-06-10 10:06:00,518.05,518.75,518.0,518.5,3498
2024-06-10 10:07:00,518.5,520.85,518.0,520.85,5774
2024-06-10 10:08:00,520.1,520.65,518.65,518.65,2838
2024-06-10 10:09:00,519.05,520.0,518.75,519.45,3510
2024-06-10 10:10:00,519.3,520.75,519.1,520.25,5893
2024-06-10 10:11:00,520.35,523.0,520.35,521.15,13708
2024-06-10 10:12:00,521.05,521.9,520.75,521.45,1457
2024-06-10 10:13:00,520.85,523.4,520.85,522.85,9594
2024-06-10 10:14:00,522.85,523.25,522.0,522.5,3788
2024-06-10 10:15:00,522.5,523.05,522.05,523.0,4519
2024-06-10 10:16:00,523.0,523.95,523.0,523.9,7020
2024-06-10 10:17:00,523.2,523.7,522.9,523.05,3974
2024-06-10 10:18:00,523.05,523.3,522.5,522.5,1968
2024-06-10 10:19:00,522.5,522.95,522.5,522.5,2849
2024-06-10 10:20:00,522.5,523.05,522.25,523.05,2867
2024-06-10 10:21:00,522.75,524.2,522.75,524.05,5817
2024-06-10 10:22:00,523.75,525.55,523.75,525.3,10008
2024-06-10 10:23:00,525.6,525.6,523.9,524.2,5937
2024-06-10 10:24:00,523.75,523.9,523.0,523.55,3329
2024-06-10 10:25:00,523.1,524.05,523.1,523.5,3139
2024-06-10 10:26:00,523.45,525.6,523.45,525.6,4791
2024-06-10 10:27:00,525.35,525.35,524.05,524.5,3715
2024-06-10 10:28:00,524.05,524.85,524.0,524.0,5562
2024-06-10 10:29:00,524.5,525.6,524.5,525.0,18878
2024-06-10 10:30:00,525.0,525.75,525.0,525.05,4199
2024-06-10 10:31:00,525.35,525.6,525.0,525.25,6517
2024-06-10 10:32:00,525.3,526.05,525.3,525.85,4125
2024-06-10 10:33:00,525.7,526.05,525.0,525.0,2265
2024-06-10 10:34:00,525.0,526.05,524.5,524.9,37949
2024-06-10 10:35:00,524.5,525.8,524.5,525.4,5187
2024-06-10 10:36:00,525.4,526.05,525.0,525.0,6846
2024-06-10 10:37:00,525.0,525.7,525.0,525.4,6797
2024-06-10 10:38:00,525.45,526.55,525.4,526.0,7961
2024-06-10 10:39:00,526.0,526.65,525.0,525.0,4809
2024-06-10 10:40:00,525.0,526.0,525.0,525.65,2945
2024-06-10 10:41:00,525.9,525.9,525.2,525.5,4329
2024-06-10 10:42:00,525.7,526.4,525.25,526.15,2105
2024-06-10 10:43:00,525.65,526.2,525.15,525.95,2614
2024-06-10 10:44:00,525.5,526.15,525.25,525.55,2800
2024-06-10 10:45:00,525.45,525.95,525.0,525.0,2270
2024-06-10 10:46:00,525.0,525.35,525.0,525.05,13649
2024-06-10 10:47:00,525.0,525.3,525.0,525.3,1194
2024-06-10 10:48:00,525.0,525.3,525.0,525.0,5921
2024-06-10 10:49:00,525.0,525.25,525.0,525.25,2229
2024-06-10 10:50:00,525.0,525.25,525.0,525.25,2594
2024-06-10 10:51:00,525.25,525.25,525.0,525.0,917
2024-06-10 10:52:00,525.0,525.3,525.0,525.15,2050
2024-06-10 10:53:00,525.4,526.1,525.25,525.9,3477
2024-06-10 10:54:00,525.9,526.3,525.2,525.65,2374
2024-06-10 10:55:00,525.6,526.4,525.6,526.05,2553
2024-06-10 10:56:00,526.05,527.9,526.05,527.1,7109
2024-06-10 10:57:00,526.75,528.5,526.55,528.35,10925
2024-06-10 10:58:00,528.35,528.6,527.6,528.55,4008
2024-06-10 10:59:00,528.15,528.45,527.6,528.0,3547
2024-06-10 11:00:00,527.5,527.9,527.3,527.55,768
2024-06-10 11:01:00,527.55,527.9,526.6,527.45,938
2024-06-10 11:02:00,527.2,528.05,526.7,527.45,5599
2024-06-10 11:03:00,527.45,527.9,527.45,527.45,558
2024-06-10 11:04:00,527.45,527.8,527.0,527.8,1433
2024-06-10 11:05:00,527.8,529.0,527.5,528.1,3241
2024-06-10 11:06:00,528.05,529.8,528.05,529.8,6697
2024-06-10 11:07:00,529.6,530.25,529.1,530.25,5582
2024-06-10 11:08:00,529.9,530.0,528.2,528.2,4899
2024-06-10 11:09:00,528.2,528.8,528.0,528.5,3574
2024-06-10 11:10:00,528.3,528.7,528.2,528.25,1256
2024-06-10 11:11:00,528.2,528.5,528.0,528.0,2708
2024-06-10 11:12:00,528.0,528.45,526.2,526.2,5951
2024-06-10 11:13:00,526.1,527.3,526.1,527.1,2288
2024-06-10 11:14:00,527.0,527.55,526.8,527.3,1207
2024-06-10 11:15:00,526.8,527.3,526.55,526.6,932
2024-06-10 11:16:00,527.1,527.3,526.6,527.0,967
2024-06-10 11:17:00,527.0,527.3,526.75,526.75,1575
2024-06-10 11:18:00,526.8,527.15,526.1,526.4,2106
2024-06-10 11:19:00,526.3,526.9,526.1,526.5,1649
2024-06-10 11:20:00,526.35,526.9,526.15,526.2,1893
2024-06-10 11:21:00,526.2,527.05,526.2,526.95,1010
2024-06-10 11:22:00,526.95,527.5,526.65,527.5,1372
2024-06-10 11:23:00,527.5,527.75,526.85,527.1,479
2024-06-10 11:24:00,527.65,527.65,526.75,527.35,634
2024-06-10 11:25:00,527.35,527.4,526.5,526.8,1389
2024-06-10 11:26:00,526.8,527.35,526.45,527.35,1203
2024-06-10 11:27:00,526.95,527.85,526.95,527.85,976
2024-06-10 11:28:00,527.4,527.85,526.45,526.45,1364
2024-06-10 11:29:00,527.1,527.1,526.0,526.45,1177
2024-06-10 11:30:00,526.7,527.35,526.0,526.2,1699
2024-06-10 11:31:00,526.2,526.75,526.0,526.5,713
2024-06-10 11:32:00,526.0,526.4,525.5,526.05,2571
2024-06-10 11:33:00,526.05,526.4,525.45,525.45,913
2024-06-10 11:34:00,525.45,526.0,525.45,526.0,1343
2024-06-10 11:35:00,526.0,526.6,525.6,526.6,2708
2024-06-10 11:36:00,526.85,526.85,526.4,526.4,197
2024-06-10 11:37:00,526.2,526.75,526.1,526.1,1331
2024-06-10 11:38:00,526.6,526.6,526.0,526.0,1718
2024-06-10 11:39:00,526.0,526.4,525.65,525.65,1325
2024-06-10 11:40:00,525.65,526.0,525.45,525.45,1126
2024-06-10 11:41:00,525.9,526.35,525.65,525.9,1264
2024-06-10 11:42:00,525.9,526.4,525.0,525.0,673
2024-06-10 11:43:00,525.0,525.9,525.0,525.75,2705
2024-06-10 11:44:00,525.45,525.75,525.25,525.3,652
2024-06-10 11:45:00,525.3,525.65,525.15,525.15,3119
2024-06-10 11:46:00,525.15,526.1,525.15,526.1,2049
2024-06-10 11:47:00,525.7,526.05,525.25,525.35,1156
2024-06-10 11:48:00,525.7,525.7,525.2,525.5,1266
2024-06-10 11:49:00,525.5,526.2,525.3,526.2,1371
2024-06-10 11:50:00,525.85,526.25,525.85,525.9,1073
2024-06-10 11:51:00,525.9,526.0,525.55,526.0,849
2024-06-10 11:52:00,525.75,526.15,525.65,525.9,786
2024-06-10 11:53:00,525.9,526.1,525.6,525.9,566
2024-06-10 11:54:00,525.6,526.15,525.6,525.65,1402
2024-06-10 11:55:00,525.65,525.9,525.6,525.6,304
2024-06-10 11:56:00,525.9,525.9,525.6,525.9,462
2024-06-10 11:57:00,525.55,525.8,525.2,525.7,1750
2024-06-10 11:58:00,525.3,526.1,525.3,526.0,1735
2024-06-10 11:59:00,525.6,526.15,525.35,525.5,1290
2024-06-10 12:00:00,525.5,525.95,525.35,525.35,1069
2024-06-10 12:01:00,525.35,525.75,525.2,525.2,834
2024-06-10 12:02:00,525.2,525.45,525.05,525.05,3450
2024-06-10 12:03:00,525.05,525.4,525.0,525.05,712
2024-06-10 12:04:00,525.4,525.45,525.0,525.0,1080
2024-06-10 12:05:00,525.1,525.45,525.1,525.1,1131
2024-06-10 12:06:00,525.1,525.7,525.1,525.7,827
2024-06-10 12:07:00,525.7,525.7,525.15,525.55,258
2024-06-10 12:08:00,525.55,525.55,525.15,525.55,485
2024-06-10 12:09:00,525.2,525.55,525.1,525.1,880
2024-06-10 12:10:00,525.1,525.5,525.1,525.5,1167
2024-06-10 12:11:00,525.5,525.65,525.1,525.35,862
2024-06-10 12:12:00,525.35,525.65,525.15,525.35,711
2024-06-10 12:13:00,525.5,525.5,525.1,525.1,1201
2024-06-10 12:14:00,525.1,525.4,525.1,525.1,471
2024-06-10 12:15:00,525.1,525.35,525.1,525.15,480
2024-06-10 12:16:00,525.15,525.95,525.0,525.6,8063
2024-06-10 12:17:00,525.6,525.9,525.6,525.9,1143
2024-06-10 12:18:00,525.75,525.9,525.6,525.6,645
2024-06-10 12:19:00,525.6,526.7,525.6,526.5,911
2024-06-10 12:20:00,526.5,527.0,526.4,526.4,5001
2024-06-10 12:21:00,526.35,526.75,526.0,526.0,927
2024-06-10 12:22:00,525.6,526.3,525.6,525.95,415
2024-06-10 12:23:00,525.95,526.3,525.95,526.3,330
2024-06-10 12:24:00,526.3,526.6,525.95,526.1,943
2024-06-10 12:25:00,526.1,526.8,526.0,526.35,1434
2024-06-10 12:26:00,526.5,526.8,525.95,525.95,1116
2024-06-10 12:27:00,525.8,526.3,525.6,526.3,3306
2024-06-10 12:28:00,526.3,527.95,526.25,527.75,2873
2024-06-10 12:29:00,527.75,528.0,527.05,527.5,585
2024-06-10 12:30:00,527.15,527.8,527.15,527.15,887
2024-06-10 12:31:00,527.15,527.6,527.15,527.6,1590
2024-06-10 12:32:00,527.25,527.6,526.15,526.15,3782
2024-06-10 12:33:00,526.15,526.65,526.15,526.25,582
2024-06-10 12:34:00,526.25,526.6,525.75,525.75,591
2024-06-10 12:35:00,525.75,526.65,525.75,526.0,1619
2024-06-10 12:36:00,526.0,526.3,525.35,525.9,1234
2024-06-10 12:37:00,525.3,526.0,525.2,525.7,876
2024-06-10 12:38:00,525.3,526.7,525.3,526.55,1815
2024-06-10 12:39:00,526.1,526.5,526.0,526.0,1475
2024-06-10 12:40:00,526.0,526.2,526.0,526.2,477
2024-06-10 12:41:00,526.2,526.35,525.45,525.45,818
2024-06-10 12:42:00,525.3,525.8,525.1,525.1,376
2024-06-10 12:43:00,525.4,527.2,525.15,525.15,155236
2024-06-10 12:44:00,525.15,525.75,525.15,525.2,1252
2024-06-10 12:45:00,525.2,525.6,525.2,525.5,561
2024-06-10 12:46:00,525.5,525.5,525.1,525.15,1361
2024-06-10 12:47:00,525.15,525.8,525.15,525.4,1737
2024-06-10 12:48:00,525.4,525.75,525.4,525.45,174
2024-06-10 12:49:00,525.45,525.75,525.2,525.2,474
2024-06-10 12:50:00,525.4,525.5,525.1,525.1,1991
2024-06-10 12:51:00,525.25,526.0,525.1,525.6,1213
2024-06-10 12:52:00,525.6,525.95,525.45,525.95,76
2024-06-10 12:53:00,525.95,525.95,525.9,525.95,139
2024-06-10 12:54:00,525.9,526.45,525.1,526.45,1878
2024-06-10 12:55:00,526.5,526.5,525.8,525.8,431
2024-06-10 12:56:00,525.8,526.2,525.55,525.55,469
2024-06-10 12:57:00,525.55,526.5,525.5,526.1,2256
2024-06-10 12:58:00,526.1,526.5,526.05,526.05,636
2024-06-10 12:59:00,526.05,526.05,525.55,525.55,219
2024-06-10 13:00:00,525.55,525.9,525.35,525.9,530
2024-06-10 13:01:00,525.9,526.05,525.6,525.6,571
2024-06-10 13:02:00,525.2,525.7,525.2,525.25,2339
2024-06-10 13:03:00,525.25,525.7,525.2,525.2,456
2024-06-10 13:04:00,525.2,525.65,525.2,525.25,619
2024-06-10 13:05:00,525.25,525.85,525.15,525.25,1519
2024-06-10 13:06:00,525.7,525.9,525.55,525.65,382
2024-06-10 13:07:00,525.65,525.75,525.1,525.15,866
2024-06-10 13:08:00,525.15,525.65,525.15,525.5,1327
2024-06-10 13:09:00,525.5,525.9,525.25,525.9,998
2024-06-10 13:10:00,525.6,525.85,525.4,525.75,1069
2024-06-10 13:11:00,525.85,525.85,525.15,525.75,2195
2024-06-10 13:12:00,525.75,525.8,525.2,525.2,1237
2024-06-10 13:13:00,525.2,525.3,525.2,525.2,1348
2024-06-10 13:14:00,525.25,525.55,525.2,525.35,1033
2024-06-10 13:15:00,525.35,525.55,525.2,525.25,1777
2024-06-10 13:16:00,525.25,525.55,525.1,525.25,2531
2024-06-10 13:17:00,525.25,525.5,525.15,525.5,156
2024-06-10 13:18:00,525.35,525.5,525.1,525.45,1982
2024-06-10 13:19:00,525.15,525.4,525.1,525.4,428
2024-06-10 13:20:00,525.4,525.5,525.15,525.15,864
2024-06-10 13:21:00,525.4,525.4,525.1,525.35,790
2024-06-10 13:22:00,525.1,525.35,525.1,525.1,1188
2024-06-10 13:23:00,525.4,525.4,525.1,525.15,754
2024-06-10 13:24:00,525.15,525.4,525.1,525.4,589
2024-06-10 13:25:00,525.4,525.6,525.0,525.25,23007
2024-06-10 13:26:00,525.35,525.6,525.2,525.6,375
2024-06-10 13:27:00,525.25,526.0,525.1,526.0,4763
2024-06-10 13:28:00,526.0,526.8,526.0,526.5,2780
2024-06-10 13:29:00,526.5,526.75,526.15,526.15,541
2024-06-10 13:30:00,526.15,526.6,526.0,526.6,295
2024-06-10 13:31:00,526.6,526.85,526.0,526.3,1594
2024-06-10 13:32:00,526.3,526.6,526.0,526.6,1428
2024-06-10 13:33:00,526.6,526.6,525.45,525.45,9775
2024-06-10 13:34:00,525.5,526.1,525.5,526.1,467
2024-06-10 13:35:00,526.35,526.4,525.85,526.35,504
2024-06-10 13:36:00,526.35,526.35,525.9,525.9,993
2024-06-10 13:37:00,525.85,526.65,525.8,526.35,1128
2024-06-10 13:38:00,526.35,526.8,526.0,526.0,562
2024-06-10 13:39:00,526.0,526.0,525.7,525.95,275
2024-06-10 13:40:00,525.95,526.4,525.35,525.35,1513
2024-06-10 13:41:00,525.35,525.95,525.3,525.95,1423
2024-06-10 13:42:00,525.65,526.1,525.5,525.5,334
2024-06-10 13:43:00,525.5,526.2,525.5,526.2,530
2024-06-10 13:44:00,526.2,526.45,525.85,526.25,1532
2024-06-10 13:45:00,526.25,526.25,525.45,525.6,632
2024-06-10 13:46:00,525.5,525.95,525.4,525.4,514
2024-06-10 13:47:00,525.4,525.65,525.1,525.4,3655
2024-06-10 13:48:00,525.4,525.65,525.1,525.65,1117
2024-06-10 13:49:00,525.65,525.95,525.3,525.6,1216
2024-06-10 13:50:00,525.15,525.55,525.15,525.15,166
2024-06-10 13:51:00,525.15,525.85,525.1,525.85,1073
2024-06-10 13:52:00,525.85,525.9,525.2,525.5,2024
2024-06-10 13:53:00,525.5,525.65,525.15,525.6,695
2024-06-10 13:54:00,525.2,525.7,525.1,525.1,303
2024-06-10 13:55:00,525.6,525.9,525.5,525.9,575
2024-06-10 13:56:00,525.9,526.2,525.75,525.8,621
2024-06-10 13:57:00,525.8,526.2,525.55,525.85,833
2024-06-10 13:58:00,525.85,526.4,525.85,526.2,1432
2024-06-10 13:59:00,526.2,526.55,526.2,526.2,5280
2024-06-10 14:00:00,526.4,526.4,525.55,525.85,983
2024-06-10 14:01:00,525.85,525.9,525.6,525.6,875
2024-06-10 14:02:00,525.6,525.9,525.6,525.6,648
2024-06-10 14:03:00,525.6,526.1,525.6,526.1,889
2024-06-10 14:04:00,526.1,526.1,525.85,526.1,104
2024-06-10 14:05:00,526.1,526.15,525.6,525.6,347
2024-06-10 14:06:00,525.6,525.95,525.5,525.5,855
2024-06-10 14:07:00,525.5,525.8,525.5,525.7,893
2024-06-10 14:08:00,525.2,525.6,525.15,525.5,999
2024-06-10 14:09:00,525.5,525.75,525.1,525.7,1698
2024-06-10 14:10:00,525.5,525.85,525.5,525.85,254
2024-06-10 14:11:00,525.85,525.85,525.5,525.5,336
2024-06-10 14:12:00,525.8,525.8,525.5,525.8,378
2024-06-10 14:13:00,525.8,525.8,525.2,525.6,1181
2024-06-10 14:14:00,525.35,525.65,525.35,525.6,267
2024-06-10 14:15:00,525.6,526.4,525.45,526.35,4698
2024-06-10 14:16:00,526.35,526.8,526.0,526.8,903
2024-06-10 14:17:00,526.8,527.2,526.5,526.9,1594
2024-06-10 14:18:00,526.5,527.4,526.5,527.4,4206
2024-06-10 14:19:00,527.35,527.45,527.0,527.0,579
2024-06-10 14:20:00,527.0,527.25,526.6,527.25,1137
2024-06-10 14:21:00,527.25,527.25,526.15,526.15,1200
2024-06-10 14:22:00,526.15,526.75,526.15,526.45,1175
2024-06-10 14:23:00,526.45,526.45,525.2,525.2,1991
2024-06-10 14:24:00,525.2,525.55,525.2,525.55,553
2024-06-10 14:25:00,525.55,525.7,525.2,525.5,1782
2024-06-10 14:26:00,525.2,525.55,525.1,525.1,8714
2024-06-10 14:27:00,525.45,525.45,525.1,525.1,770
2024-06-10 14:28:00,525.4,525.45,525.1,525.1,3617
2024-06-10 14:29:00,525.45,525.6,525.1,525.1,1639
2024-06-10 14:30:00,525.1,525.35,525.0,525.1,2573
2024-06-10 14:31:00,525.1,525.45,525.1,525.4,1070
2024-06-10 14:32:00,525.4,525.4,525.1,525.1,306
2024-06-10 14:33:00,525.1,525.4,525.1,525.4,2386
2024-06-10 14:34:00,525.4,525.5,525.1,525.45,1445
2024-06-10 14:35:00,525.2,525.2,522.9,522.9,10669
2024-06-10 14:36:00,522.75,523.9,522.5,523.05,6414
2024-06-10 14:37:00,523.05,523.75,522.5,523.3,6958
2024-06-10 14:38:00,523.3,523.5,523.05,523.5,3313
2024-06-10 14:39:00,523.5,523.5,523.25,523.5,332
2024-06-10 14:40:00,523.5,523.5,523.25,523.25,1263
2024-06-10 14:41:00,523.25,523.25,522.55,522.95,1356
2024-06-10 14:42:00,522.95,523.5,522.85,523.3,1964
2024-06-10 14:43:00,523.3,523.5,523.05,523.15,816
2024-06-10 14:44:00,523.15,523.35,523.15,523.25,673
2024-06-10 14:45:00,523.3,523.35,523.0,523.35,1616
2024-06-10 14:46:00,523.3,523.35,523.05,523.3,1325
2024-06-10 14:47:00,523.3,523.4,523.0,523.4,2884
2024-06-10 14:48:00,523.05,523.45,523.0,523.25,818
2024-06-10 14:49:00,523.25,523.25,523.0,523.25,1277
2024-06-10 14:50:00,523.25,523.25,523.0,523.0,893
2024-06-10 14:51:00,523.0,523.2,523.0,523.0,914
2024-06-10 14:52:00,523.0,523.2,523.0,523.1,903
2024-06-10 14:53:00,523.1,523.2,523.0,523.1,1822
2024-06-10 14:54:00,523.1,523.1,522.5,522.5,6180
2024-06-10 14:55:00,522.45,522.8,522.25,522.55,1733
2024-06-10 14:56:00,522.25,522.55,522.0,522.3,6148
2024-06-10 14:57:00,522.35,524.95,522.15,524.0,17182
2024-06-10 14:58:00,523.9,524.3,523.55,524.1,1127
2024-06-10 14:59:00,524.1,524.7,524.0,524.7,1672
2024-06-10 15:00:00,524.55,524.85,524.0,524.8,1179
2024-06-10 15:01:00,524.5,525.5,524.2,525.0,3144
2024-06-10 15:02:00,525.1,525.5,524.6,525.25,1673
2024-06-10 15:03:00,525.25,525.25,524.6,524.65,150
2024-06-10 15:04:00,524.65,526.45,524.65,526.45,8975
2024-06-10 15:05:00,526.45,526.9,526.0,526.9,4692
2024-06-10 15:06:00,526.95,528.5,526.95,528.15,14574
2024-06-10 15:07:00,528.15,528.25,527.45,527.45,6938
2024-06-10 15:08:00,527.5,527.75,526.9,527.75,10178
2024-06-10 15:09:00,527.75,529.0,527.5,528.8,8845
2024-06-10 15:10:00,529.0,529.15,528.0,528.05,5451
2024-06-10 15:11:00,528.35,528.75,528.0,528.75,3054
2024-06-10 15:12:00,528.9,529.15,528.5,529.15,3416
2024-06-10 15:13:00,529.15,530.0,529.0,529.5,15079
2024-06-10 15:14:00,529.5,529.6,528.5,528.5,9309
2024-06-10 15:15:00,528.5,528.9,528.5,528.65,10067
2024-06-10 15:16:00,528.9,529.1,528.65,529.1,1539
2024-06-10 15:17:00,529.1,529.15,528.95,529.15,3327
2024-06-10 15:18:00,529.1,529.9,529.0,529.4,4532
2024-06-10 15:19:00,529.4,529.75,529.05,529.4,3415
2024-06-10 15:20:00,529.05,529.4,529.0,529.2,6394
2024-06-10 15:21:00,529.0,529.2,529.0,529.0,2044
2024-06-10 15:22:00,529.0,529.1,529.0,529.1,3011
2024-06-10 15:23:00,529.0,530.3,529.0,530.1,10649
2024-06-10 15:24:00,530.0,530.25,529.75,529.75,5001
2024-06-10 15:25:00,529.75,529.8,529.5,529.5,2408
2024-06-10 15:26:00,529.5,529.55,529.5,529.5,4226
2024-06-10 15:27:00,529.5,530.05,529.5,530.0,4610
2024-06-10 15:28:00,530.0,530.4,530.0,530.35,1448
2024-06-10 15:29:00,530.25,530.25,530.0,530.0,2459
2024-06-11 09:15:00,530.0,532.3,529.1,531.7,7186
2024-06-11 09:16:00,531.65,531.95,529.35,529.8,13286
2024-06-11 09:17:00,530.0,532.8,529.35,531.8,11625
2024-06-11 09:18:00,531.9,532.5,529.75,530.45,2367
2024-06-11 09:19:00,530.5,530.5,528.2,528.55,4790
2024-06-11 09:20:00,528.95,528.95,527.25,528.1,9147
2024-06-11 09:21:00,527.65,529.5,527.65,529.0,6396
2024-06-11 09:22:00,529.0,530.0,528.5,529.5,2442
2024-06-11 09:23:00,529.5,530.0,528.5,529.05,4038
2024-06-11 09:24:00,529.05,529.05,528.6,528.6,405
2024-06-11 09:25:00,529.05,529.75,528.85,529.75,12553
2024-06-11 09:26:00,529.7,529.75,529.35,529.5,1360
2024-06-11 09:27:00,529.45,529.8,529.35,529.8,3353
2024-06-11 09:28:00,530.0,530.0,529.25,529.35,3181
2024-06-11 09:29:00,529.35,529.35,529.1,529.1,2853
2024-06-11 09:30:00,529.1,529.65,529.1,529.5,3849
2024-06-11 09:31:00,529.2,529.5,529.2,529.5,836
2024-06-11 09:32:00,529.5,529.55,529.1,529.55,3267
2024-06-11 09:33:00,529.15,529.55,529.05,529.55,1488
2024-06-11 09:34:00,529.55,529.6,527.5,527.85,11494
2024-06-11 09:35:00,527.15,527.85,527.05,527.05,4415
2024-06-11 09:36:00,527.1,527.5,526.0,526.0,5043
2024-06-11 09:37:00,526.1,526.35,524.3,524.4,15192
2024-06-11 09:38:00,524.4,525.1,524.4,525.1,7240
2024-06-11 09:39:00,525.0,525.15,525.0,525.05,4934
2024-06-11 09:40:00,525.05,525.2,524.5,524.5,4337
2024-06-11 09:41:00,524.8,524.8,524.5,524.75,1950
2024-06-11 09:42:00,524.75,524.8,524.5,524.8,2875
2024-06-11 09:43:00,524.9,525.65,523.95,525.1,15960
2024-06-11 09:44:00,525.1,525.7,525.05,525.45,1608
2024-06-11 09:45:00,525.5,525.75,525.5,525.75,1850
2024-06-11 09:46:00,525.75,526.45,525.7,526.45,2062
2024-06-11 09:47:00,526.8,527.0,526.1,526.7,2836
2024-06-11 09:48:00,527.2,527.5,526.75,527.5,581
2024-06-11 09:49:00,527.5,527.6,526.95,527.5,2461
2024-06-11 09:50:00,527.25,527.55,526.65,527.05,2401
2024-06-11 09:51:00,526.8,528.05,526.6,527.7,2712
2024-06-11 09:52:00,527.7,528.2,527.55,528.1,1875
2024-06-11 09:53:00,528.15,528.8,528.0,528.35,1810
2024-06-11 09:54:00,528.85,529.65,528.6,529.45,5207
2024-06-11 09:55:00,529.0,529.35,528.3,528.3,1792
2024-06-11 09:56:00,528.3,528.85,527.65,528.0,1184
2024-06-11 09:57:00,528.0,528.25,527.65,527.85,1122
2024-06-11 09:58:00,527.85,528.45,527.85,528.45,1489
2024-06-11 09:59:00,528.45,528.5,527.65,527.8,1376
2024-06-11 10:00:00,527.8,528.35,527.8,528.25,515
2024-06-11 10:01:00,528.25,528.4,528.25,528.35,543
2024-06-11 10:02:00,528.35,528.35,527.7,528.0,964
2024-06-11 10:03:00,528.0,528.15,527.0,527.0,1527
2024-06-11 10:04:00,527.5,527.5,527.05,527.05,425
2024-06-11 10:05:00,527.05,527.6,527.05,527.45,1259
2024-06-11 10:06:00,527.45,527.6,527.45,527.6,162
2024-06-11 10:07:00,527.6,527.6,526.6,526.9,3385
2024-06-11 10:08:00,527.2,527.2,526.15,526.2,965
2024-06-11 10:09:00,526.2,527.55,526.2,527.15,2344
2024-06-11 10:10:00,527.15,527.4,527.1,527.4,276
2024-06-11 10:11:00,527.45,528.5,527.4,528.1,752
2024-06-11 10:12:00,528.1,528.35,527.5,528.3,2515
2024-06-11 10:13:00,528.0,529.0,527.7,528.3,3468
2024-06-11 10:14:00,528.3,528.5,528.05,528.1,1347
2024-06-11 10:15:00,528.1,528.35,527.5,528.1,1001
2024-06-11 10:16:00,528.1,528.1,527.5,527.8,886
2024-06-11 10:17:00,527.8,528.05,527.8,528.05,631
2024-06-11 10:18:00,528.05,528.1,527.9,527.9,2555
2024-06-11 10:19:00,527.9,527.9,527.5,527.85,431
2024-06-11 10:20:00,527.85,527.85,527.3,527.3,287
2024-06-11 10:21:00,527.7,527.7,527.25,527.35,883
2024-06-11 10:22:00,527.35,527.7,527.3,527.3,1727
2024-06-11 10:23:00,527.3,527.7,527.25,527.3,551
2024-06-11 10:24:00,527.65,527.7,527.3,527.3,1373
2024-06-11 10:25:00,527.3,527.65,527.3,527.3,663
2024-06-11 10:26:00,527.3,527.6,527.15,527.15,774
2024-06-11 10:27:00,527.15,527.2,527.0,527.0,1687
2024-06-11 10:28:00,527.2,527.2,526.95,527.0,701
2024-06-11 10:29:00,527.0,527.0,526.4,526.4,1509
2024-06-11 10:30:00,526.6,526.65,526.3,526.45,953
2024-06-11 10:31:00,526.45,526.65,526.3,526.5,1522
2024-06-11 10:32:00,526.65,526.8,526.65,526.8,1476
2024-06-11 10:33:00,526.8,528.35,526.8,528.35,1890
2024-06-11 10:34:00,527.9,529.0,527.9,528.85,1588
2024-06-11 10:35:00,528.9,529.9,528.7,529.65,6043
2024-06-11 10:36:00,529.9,532.0,529.9,531.55,11516
2024-06-11 10:37:00,532.1,532.8,532.05,532.5,10195
2024-06-11 10:38:00,532.85,533.15,532.5,532.5,3934
2024-06-11 10:39:00,532.5,533.5,532.5,533.0,5277
2024-06-11 10:40:00,533.0,533.0,532.35,532.4,2053
2024-06-11 10:41:00,532.7,532.7,532.0,532.3,2382
2024-06-11 10:42:00,532.25,532.5,532.05,532.3,2308
2024-06-11 10:43:00,532.55,532.55,532.25,532.5,1512
2024-06-11 10:44:00,532.5,532.55,532.1,532.35,2708
2024-06-11 10:45:00,532.35,532.55,532.3,532.55,1248
2024-06-11 10:46:00,532.35,532.55,532.35,532.35,978
2024-06-11 10:47:00,532.55,532.55,532.15,532.4,2073
2024-06-11 10:48:00,532.4,532.55,532.0,532.05,1719
2024-06-11 10:49:00,532.0,532.4,532.0,532.2,1594
2024-06-11 10:50:00,532.35,532.35,532.15,532.35,531
2024-06-11 10:51:00,532.2,532.35,532.0,532.05,1917
2024-06-11 10:52:00,532.0,532.0,531.85,531.85,707
2024-06-11 10:53:00,531.85,531.85,531.2,531.5,8410
2024-06-11 10:54:00,531.5,531.5,530.45,530.45,1327
2024-06-11 10:55:00,530.45,530.9,530.4,530.5,1720
2024-06-11 10:56:00,530.5,531.05,530.15,530.95,2374
2024-06-11 10:57:00,530.9,531.1,530.9,531.0,1047
2024-06-11 10:58:00,531.0,531.1,530.0,530.7,2907
2024-06-11 10:59:00,530.7,530.75,530.5,530.5,1983
2024-06-11 11:00:00,530.5,530.75,530.5,530.5,851
2024-06-11 11:01:00,530.5,530.75,530.5,530.75,1130
2024-06-11 11:02:00,530.5,530.5,528.4,528.65,7121
2024-06-11 11:03:00,528.65,529.2,528.5,528.95,2522
2024-06-11 11:04:00,528.95,530.3,528.95,530.3,1313
2024-06-11 11:05:00,530.3,530.7,530.3,530.3,1231
2024-06-11 11:06:00,530.3,531.6,530.05,530.95,2242
2024-06-11 11:07:00,530.95,531.95,530.95,531.9,337
2024-06-11 11:08:00,531.45,531.9,531.45,531.45,635
2024-06-11 11:09:00,531.45,531.65,530.95,530.95,468
2024-06-11 11:10:00,530.95,531.45,530.85,531.1,1260
2024-06-11 11:11:00,531.0,531.45,531.0,531.45,1615
2024-06-11 11:12:00,531.05,531.4,531.0,531.4,951
2024-06-11 11:13:00,531.1,531.45,531.1,531.45,308
2024-06-11 11:14:00,531.45,531.45,531.1,531.25,67
2024-06-11 11:15:00,531.25,531.45,531.0,531.35,424
2024-06-11 11:16:00,531.35,531.7,531.1,531.55,2832
2024-06-11 11:17:00,531.55,531.55,531.1,531.2,1269
2024-06-11 11:18:00,531.2,531.45,531.0,531.1,1767
2024-06-11 11:19:00,531.1,531.3,530.7,530.7,290
2024-06-11 11:20:00,530.6,530.85,530.1,530.7,420
2024-06-11 11:21:00,530.7,530.95,530.1,530.45,964
2024-06-11 11:22:00,530.8,530.8,530.05,530.05,307
2024-06-11 11:23:00,530.05,530.45,529.95,530.25,1118
2024-06-11 11:24:00,530.25,530.25,530.0,530.25,613
2024-06-11 11:25:00,530.25,530.4,530.05,530.4,912
2024-06-11 11:26:00,530.4,530.4,530.25,530.35,355
2024-06-11 11:27:00,530.35,530.4,530.35,530.4,108
2024-06-11 11:28:00,530.4,530.65,530.35,530.55,1029
2024-06-11 11:29:00,530.55,530.65,530.25,530.6,909
2024-06-11 11:30:00,530.25,530.55,530.0,530.0,255
2024-06-11 11:31:00,530.0,530.35,530.0,530.1,343
2024-06-11 11:32:00,530.1,530.35,529.75,530.35,343
2024-06-11 11:33:00,530.35,530.4,530.15,530.15,2842
2024-06-11 11:34:00,530.15,530.4,530.0,530.0,160
2024-06-11 11:35:00,530.0,530.35,529.9,529.9,694
2024-06-11 11:36:00,529.9,529.9,529.4,529.9,106
2024-06-11 11:37:00,529.4,530.95,529.05,530.95,4901
2024-06-11 11:38:00,530.55,531.95,530.55,531.95,1789
2024-06-11 11:39:00,531.6,532.0,531.55,531.6,615
2024-06-11 11:40:00,531.6,533.0,531.6,533.0,808
2024-06-11 11:41:00,533.0,533.75,532.6,532.6,5411
2024-06-11 11:42:00,532.6,532.95,531.2,531.9,1793
2024-06-11 11:43:00,531.9,531.9,531.4,531.85,139
2024-06-11 11:44:00,531.85,531.85,530.8,531.35,875
2024-06-11 11:45:00,531.35,531.35,530.9,531.35,137
2024-06-11 11:46:00,531.4,531.6,531.15,531.6,8172
2024-06-11 11:47:00,531.6,531.6,531.3,531.3,1680
2024-06-11 11:48:00,531.3,531.3,530.05,530.05,189
2024-06-11 11:49:00,530.05,530.65,530.0,530.55,3096
2024-06-11 11:50:00,530.55,530.65,530.0,530.05,1075
2024-06-11 11:51:00,530.35,530.35,529.95,530.25,901
2024-06-11 11:52:00,530.25,530.25,530.0,530.1,487
2024-06-11 11:53:00,530.25,530.25,530.0,530.0,880
2024-06-11 11:54:00,530.0,530.0,529.45,529.7,1368
2024-06-11 11:55:00,529.7,529.7,529.0,529.0,862
2024-06-11 11:56:00,529.0,529.15,528.2,528.75,854
2024-06-11 11:57:00,528.3,528.95,528.3,528.85,4034
2024-06-11 11:58:00,528.85,529.0,528.85,529.0,959
2024-06-11 11:59:00,529.0,529.0,528.95,529.0,377
2024-06-11 12:00:00,529.0,529.0,528.75,528.75,556
2024-06-11 12:01:00,528.75,528.75,528.45,528.45,960
2024-06-11 12:02:00,528.45,528.65,528.3,528.65,1153
2024-06-11 12:03:00,528.75,528.95,528.75,528.9,1232
2024-06-11 12:04:00,528.9,528.9,528.2,528.5,1393
2024-06-11 12:05:00,528.5,528.85,528.35,528.8,1560
2024-06-11 12:06:00,528.5,528.8,528.25,528.25,738
2024-06-11 12:07:00,528.25,528.5,528.25,528.5,268
2024-06-11 12:08:00,528.2,528.5,528.0,528.05,3418
2024-06-11 12:09:00,528.65,529.9,528.65,529.9,3653
2024-06-11 12:10:00,529.9,529.9,529.5,529.5,120
2024-06-11 12:11:00,529.5,529.85,529.5,529.5,67
2024-06-11 12:12:00,529.5,530.0,529.5,530.0,785
2024-06-11 12:13:00,530.0,530.0,529.65,529.65,57
2024-06-11 12:14:00,529.65,530.0,529.65,529.9,497
2024-06-11 12:15:00,529.9,529.9,529.65,529.65,19
2024-06-11 12:16:00,529.65,529.9,529.6,529.65,180
2024-06-11 12:17:00,529.65,529.85,529.65,529.85,250
2024-06-11 12:18:00,529.65,529.85,529.65,529.85,214
2024-06-11 12:19:00,529.85,529.85,529.65,529.7,663
2024-06-11 12:20:00,529.7,530.45,529.7,530.15,2571
2024-06-11 12:21:00,530.15,530.45,530.15,530.15,217
2024-06-11 12:22:00,530.45,531.0,530.15,530.55,2597
2024-06-11 12:23:00,530.75,530.8,530.25,530.75,440
2024-06-11 12:24:00,530.75,530.75,529.35,529.85,5493
2024-06-11 12:25:00,529.85,529.85,529.0,529.5,1213
2024-06-11 12:26:00,529.5,529.5,529.15,529.5,410
2024-06-11 12:27:00,529.5,529.55,529.15,529.25,168
2024-06-11 12:28:00,529.25,529.55,529.25,529.25,282
2024-06-11 12:29:00,529.25,529.55,529.25,529.25,587
2024-06-11 12:30:00,529.25,529.5,529.25,529.45,288
2024-06-11 12:31:00,529.45,529.45,529.25,529.4,58
2024-06-11 12:32:00,529.4,529.4,529.25,529.4,173
2024-06-11 12:33:00,529.4,529.4,529.25,529.35,195
2024-06-11 12:34:00,529.35,529.4,529.25,529.4,164
2024-06-11 12:35:00,529.4,529.45,529.25,529.3,461
2024-06-11 12:36:00,529.3,529.5,528.45,528.5,7929
2024-06-11 12:37:00,528.5,528.95,528.5,528.55,236
2024-06-11 12:38:00,528.55,528.95,528.55,528.9,734
2024-06-11 12:39:00,528.9,529.0,528.6,528.75,5138
2024-06-11 12:40:00,529.0,530.0,528.75,529.65,36382
2024-06-11 12:41:00,529.65,529.7,529.3,529.35,1369
2024-06-11 12:42:00,529.35,529.65,529.35,529.4,872
2024-06-11 12:43:00,529.4,529.6,529.2,529.2,192
2024-06-11 12:44:00,529.6,529.6,528.95,529.4,515
2024-06-11 12:45:00,529.4,529.45,529.1,529.1,281
2024-06-11 12:46:00,529.1,529.4,528.8,528.8,499
2024-06-11 12:47:00,528.8,529.05,528.3,528.3,447
2024-06-11 12:48:00,528.3,528.65,528.05,528.25,596
2024-06-11 12:49:00,528.25,528.45,528.0,528.25,1454
2024-06-11 12:50:00,528.25,528.3,528.0,528.0,637
2024-06-11 12:51:00,528.25,528.25,528.0,528.0,1057
2024-06-11 12:52:00,528.0,528.2,528.0,528.2,958
2024-06-11 12:53:00,528.2,528.25,528.0,528.25,832
2024-06-11 12:54:00,528.25,528.3,528.2,528.3,3192
2024-06-11 12:55:00,528.35,528.4,528.2,528.3,1204
2024-06-11 12:56:00,528.3,528.4,528.1,528.3,613
2024-06-11 12:57:00,528.4,528.4,528.2,528.2,508
2024-06-11 12:58:00,528.2,528.25,528.0,528.15,1981
2024-06-11 12:59:00,528.1,528.15,527.75,527.75,811
2024-06-11 13:00:00,527.75,528.1,527.65,528.0,1455
2024-06-11 13:01:00,528.05,528.05,527.95,528.05,274
2024-06-11 13:02:00,528.05,528.1,528.05,528.1,549
2024-06-11 13:03:00,528.25,528.4,528.1,528.4,2886
2024-06-11 13:04:00,528.4,528.95,528.4,528.95,247
2024-06-11 13:05:00,528.95,529.25,528.7,529.25,598
2024-06-11 13:06:00,529.25,529.25,528.75,529.2,77
2024-06-11 13:07:00,529.2,529.2,528.5,528.5,2206
2024-06-11 13:08:00,528.5,528.7,528.3,528.3,660
2024-06-11 13:09:00,528.3,528.7,528.3,528.7,566
2024-06-11 13:10:00,528.7,528.7,527.75,528.35,2543
2024-06-11 13:11:00,528.35,528.4,528.2,528.3,523
2024-06-11 13:12:00,528.3,528.55,528.3,528.55,220
2024-06-11 13:13:00,528.55,528.55,528.4,528.55,184
2024-06-11 13:14:00,528.55,528.6,528.5,528.6,427
2024-06-11 13:15:00,528.6,529.0,528.6,529.0,815
2024-06-11 13:16:00,529.0,529.4,528.8,528.9,896
2024-06-11 13:17:00,528.9,529.35,528.55,529.0,2287
2024-06-11 13:18:00,529.0,529.2,529.0,529.0,1012
2024-06-11 13:19:00,529.0,529.3,528.65,529.2,1363
2024-06-11 13:20:00,529.2,529.2,528.75,529.2,689
2024-06-11 13:21:00,528.9,529.3,528.85,529.3,1159
2024-06-11 13:22:00,529.3,529.35,528.65,529.15,1844
2024-06-11 13:23:00,529.15,529.15,528.6,529.0,735
2024-06-11 13:24:00,528.95,528.95,528.6,528.95,259
2024-06-11 13:25:00,528.95,529.05,528.6,528.85,816
2024-06-11 13:26:00,528.85,529.05,528.7,529.05,699
2024-06-11 13:27:00,529.05,529.1,528.85,529.1,167
2024-06-11 13:28:00,529.1,529.1,528.85,529.1,90
2024-06-11 13:29:00,529.1,529.1,528.85,529.05,424
2024-06-11 13:30:00,529.05,529.1,528.55,528.55,303
2024-06-11 13:31:00,528.55,528.95,528.4,528.4,715
2024-06-11 13:32:00,528.4,528.5,528.05,528.05,849
2024-06-11 13:33:00,528.0,528.5,528.0,528.45,1242
2024-06-11 13:34:00,528.45,528.65,528.25,528.6,1433
2024-06-11 13:35:00,528.6,528.6,528.45,528.6,308
2024-06-11 13:36:00,528.6,528.6,528.4,528.6,797
2024-06-11 13:37:00,528.45,528.6,528.45,528.6,207
2024-06-11 13:38:00,528.6,528.6,528.45,528.45,613
2024-06-11 13:39:00,528.45,528.85,528.45,528.6,1178
2024-06-11 13:40:00,528.6,529.7,528.6,529.3,6809
2024-06-11 13:41:00,529.3,529.75,529.3,529.35,1542
2024-06-11 13:42:00,529.35,529.7,529.35,529.35,853
2024-06-11 13:43:00,529.35,529.7,529.35,529.6,1034
2024-06-11 13:44:00,529.4,529.5,528.85,529.45,402
2024-06-11 13:45:00,529.45,529.45,528.75,529.25,610
2024-06-11 13:46:00,529.25,529.25,529.0,529.0,345
2024-06-11 13:47:00,529.25,529.25,528.0,528.2,8619
2024-06-11 13:48:00,528.2,528.55,528.05,528.35,842
2024-06-11 13:49:00,528.35,528.5,528.35,528.5,190
2024-06-11 13:50:00,528.7,528.7,528.55,528.7,847
2024-06-11 13:51:00,528.7,529.25,528.7,529.25,8155
2024-06-11 13:52:00,529.25,529.65,528.75,528.75,3160
2024-06-11 13:53:00,529.2,529.2,528.1,528.45,1293
2024-06-11 13:54:00,528.45,528.45,527.95,528.4,695
2024-06-11 13:55:00,528.45,528.5,528.25,528.5,2518
2024-06-11 13:56:00,528.5,528.5,528.4,528.5,1516
2024-06-11 13:57:00,528.5,529.2,528.5,529.2,2346
2024-06-11 13:58:00,529.2,529.2,528.8,529.2,181
2024-06-11 13:59:00,529.2,529.2,528.8,528.9,670
2024-06-11 14:00:00,528.9,529.15,528.8,528.95,1120
2024-06-11 14:01:00,528.95,529.25,528.95,529.15,1045
2024-06-11 14:02:00,529.15,529.15,528.15,528.15,1713
2024-06-11 14:03:00,528.0,528.4,528.0,528.35,1469
2024-06-11 14:04:00,528.35,528.35,528.0,528.3,317
2024-06-11 14:05:00,528.3,528.3,528.05,528.05,171
2024-06-11 14:06:00,528.2,528.35,527.4,528.35,6704
2024-06-11 14:07:00,529.1,529.1,528.5,528.65,938
2024-06-11 14:08:00,528.65,528.85,528.5,528.65,1736
2024-06-11 14:09:00,528.65,528.65,527.8,528.1,358
2024-06-11 14:10:00,527.7,528.1,527.6,528.05,702
2024-06-11 14:11:00,528.05,528.55,528.05,528.45,1640
2024-06-11 14:12:00,528.45,528.55,528.45,528.55,261
2024-06-11 14:13:00,528.55,528.55,528.45,528.55,176
2024-06-11 14:14:00,528.55,528.55,528.45,528.45,594
2024-06-11 14:15:00,528.55,528.6,528.55,528.6,182
2024-06-11 14:16:00,528.55,528.6,528.55,528.6,530
2024-06-11 14:17:00,528.6,528.6,527.0,527.0,30645
2024-06-11 14:18:00,527.0,527.7,525.4,525.4,18265
2024-06-11 14:19:00,525.9,525.9,524.9,525.5,23971
2024-06-11 14:20:00,525.5,525.85,525.5,525.65,782
2024-06-11 14:21:00,525.65,525.65,524.9,525.2,4906
2024-06-11 14:22:00,525.2,526.5,525.2,526.5,2626
2024-06-11 14:23:00,526.4,526.7,526.4,526.7,2413
2024-06-11 14:24:00,526.45,526.7,526.45,526.65,440
2024-06-11 14:25:00,526.45,526.65,526.45,526.5,915
2024-06-11 14:26:00,526.65,526.65,526.05,526.3,1336
2024-06-11 14:27:00,526.3,526.3,525.2,525.7,4676
2024-06-11 14:28:00,526.0,526.05,525.7,525.7,896
2024-06-11 14:29:00,525.7,526.25,525.7,526.25,1353
2024-06-11 14:30:00,526.25,526.25,526.15,526.15,306
2024-06-11 14:31:00,526.25,526.25,526.15,526.25,1879
2024-06-11 14:32:00,526.25,526.3,526.25,526.3,1278
2024-06-11 14:33:00,526.3,526.3,525.0,525.0,1498
2024-06-11 14:34:00,525.0,525.5,525.0,525.5,2017
2024-06-11 14:35:00,525.5,525.65,525.0,525.65,2899
2024-06-11 14:36:00,525.65,526.75,525.65,526.05,6238
2024-06-11 14:37:00,526.05,526.15,525.9,526.15,1016
2024-06-11 14:38:00,526.15,526.15,525.6,526.0,1277
2024-06-11 14:39:00,526.0,526.0,525.2,525.65,3509
2024-06-11 14:40:00,525.65,525.85,525.6,525.85,1836
2024-06-11 14:41:00,525.95,526.0,525.85,526.0,487
2024-06-11 14:42:00,526.0,526.0,525.85,525.85,96
2024-06-11 14:43:00,525.85,526.0,525.8,525.85,593
2024-06-11 14:44:00,525.85,525.9,525.2,525.85,3591
2024-06-11 14:45:00,525.85,525.85,525.8,525.85,457
2024-06-11 14:46:00,525.55,525.85,525.5,525.8,1715
2024-06-11 14:47:00,525.8,526.0,525.55,526.0,1753
2024-06-11 14:48:00,526.0,526.9,525.8,526.65,2177
2024-06-11 14:49:00,526.65,526.65,525.7,526.1,9521
2024-06-11 14:50:00,526.1,526.65,526.0,526.5,1026
2024-06-11 14:51:00,526.4,526.5,526.15,526.45,1111
2024-06-11 14:52:00,526.15,526.5,526.15,526.4,1020
2024-06-11 14:53:00,526.4,526.5,526.1,526.5,1055
2024-06-11 14:54:00,526.5,526.9,526.2,526.6,2434
2024-06-11 14:55:00,526.6,528.0,526.6,527.55,4273
2024-06-11 14:56:00,527.4,527.75,526.8,527.75,1606
2024-06-11 14:57:00,527.75,527.9,527.25,527.35,2872
2024-06-11 14:58:00,527.05,527.85,526.75,527.45,1384
2024-06-11 14:59:00,527.45,527.45,527.0,527.4,976
2024-06-11 15:00:00,527.4,527.4,526.85,527.0,1604
2024-06-11 15:01:00,527.0,527.0,525.5,526.45,3930
2024-06-11 15:02:00,526.45,526.45,525.5,525.65,3107
2024-06-11 15:03:00,525.65,525.65,525.25,525.3,4835
2024-06-11 15:04:00,525.6,525.6,525.0,525.5,3143
2024-06-11 15:05:00,525.5,525.5,525.05,525.45,1134
2024-06-11 15:06:00,525.45,525.6,525.0,525.5,3947
2024-06-11 15:07:00,525.5,525.6,525.2,525.3,2324
2024-06-11 15:08:00,525.55,525.6,525.0,525.0,2295
2024-06-11 15:09:00,525.0,525.15,524.45,524.95,10347
2024-06-11 15:10:00,524.95,524.95,524.5,524.9,2270
2024-06-11 15:11:00,524.95,524.95,524.0,524.05,3506
2024-06-11 15:12:00,524.05,524.4,524.0,524.05,2782
2024-06-11 15:13:00,524.3,524.35,524.0,524.3,4751
2024-06-11 15:14:00,524.0,524.3,524.0,524.0,3316
2024-06-11 15:15:00,524.0,524.25,523.75,523.95,11945
2024-06-11 15:16:00,523.95,524.1,523.6,523.95,3527
2024-06-11 15:17:00,523.95,524.05,523.75,523.8,5191
2024-06-11 15:18:00,523.55,523.75,523.0,523.45,7106
2024-06-11 15:19:00,523.5,523.55,523.0,523.0,5531
2024-06-11 15:20:00,523.4,523.4,523.0,523.2,6705
2024-06-11 15:21:00,523.05,523.2,523.0,523.0,7071
2024-06-11 15:22:00,522.5,522.85,522.5,522.7,8168
2024-06-11 15:23:00,522.7,522.85,522.5,522.5,7377
2024-06-11 15:24:00,522.75,522.85,522.5,522.7,5129
2024-06-11 15:25:00,522.7,522.7,522.5,522.7,3681
2024-06-11 15:26:00,522.55,522.85,522.5,522.85,7031
2024-06-11 15:27:00,522.85,523.0,522.5,523.0,6051
2024-06-11 15:28:00,523.0,524.0,522.5,523.0,4796
2024-06-11 15:29:00,522.85,525.5,522.5,524.65,11622
2024-06-12 09:15:00,527.0,529.95,526.95,528.35,6285
2024-06-12 09:16:00,529.3,529.6,528.2,529.6,3093
2024-06-12 09:17:00,529.4,529.6,528.45,529.2,1798
2024-06-12 09:18:00,529.2,529.9,529.0,529.6,2633
2024-06-12 09:19:00,529.6,531.15,529.25,531.0,5782
2024-06-12 09:20:00,530.75,531.15,529.0,529.2,4870
2024-06-12 09:21:00,529.2,529.75,529.2,529.6,895
2024-06-12 09:22:00,529.6,531.0,529.0,530.8,5064
2024-06-12 09:23:00,530.9,531.65,530.9,531.6,3327
2024-06-12 09:24:00,531.6,531.6,530.7,531.0,3365
2024-06-12 09:25:00,531.0,531.3,530.75,531.3,1996
2024-06-12 09:26:00,531.3,531.3,530.75,531.1,4384
2024-06-12 09:27:00,531.3,532.55,531.3,532.05,8791
2024-06-12 09:28:00,531.8,532.0,531.55,531.9,1983
2024-06-12 09:29:00,531.6,531.85,531.0,531.25,3716
2024-06-12 09:30:00,530.95,531.05,530.05,530.05,3657
2024-06-12 09:31:00,530.3,530.5,530.05,530.1,1444
2024-06-12 09:32:00,530.05,532.4,530.0,531.8,4852
2024-06-12 09:33:00,532.15,532.25,531.8,531.85,2618
2024-06-12 09:34:00,531.9,532.05,530.4,530.95,5327
2024-06-12 09:35:00,530.95,530.95,530.35,530.35,649
2024-06-12 09:36:00,530.35,530.35,528.3,528.3,4562
2024-06-12 09:37:00,528.75,529.3,528.75,529.3,1120
2024-06-12 09:38:00,529.3,529.75,529.3,529.4,298
2024-06-12 09:39:00,529.4,529.6,529.05,529.1,2021
2024-06-12 09:40:00,529.4,529.45,528.95,529.35,1714
2024-06-12 09:41:00,529.05,529.45,528.85,529.3,1710
2024-06-12 09:42:00,529.3,529.4,528.95,529.0,4366
2024-06-12 09:43:00,529.0,529.0,527.1,528.0,6702
2024-06-12 09:44:00,528.0,528.05,527.0,527.2,6315
2024-06-12 09:45:00,527.8,528.05,527.45,527.65,1666
2024-06-12 09:46:00,527.65,527.65,526.95,526.95,2485
2024-06-12 09:47:00,526.55,526.85,526.55,526.8,5925
2024-06-12 09:48:00,526.8,526.8,526.0,526.0,4737
2024-06-12 09:49:00,526.0,526.0,525.4,525.7,2294
2024-06-12 09:50:00,525.7,526.45,525.65,526.45,2875
2024-06-12 09:51:00,526.45,527.1,526.45,527.0,4243
2024-06-12 09:52:00,526.9,527.2,526.55,526.85,3112
2024-06-12 09:53:00,526.85,526.95,526.55,526.6,685
2024-06-12 09:54:00,526.6,527.0,526.5,527.0,1345
2024-06-12 09:55:00,527.0,527.0,526.8,526.8,1416
2024-06-12 09:56:00,526.85,527.0,526.8,527.0,1920
2024-06-12 09:57:00,527.0,527.45,526.5,526.9,6324
2024-06-12 09:58:00,526.7,526.9,526.4,526.5,587
2024-06-12 09:59:00,526.7,526.9,526.4,526.8,881
2024-06-12 10:00:00,526.4,526.8,526.05,526.05,293
2024-06-12 10:01:00,526.2,527.05,526.1,527.0,13977
2024-06-12 10:02:00,526.75,527.0,526.75,527.0,735
2024-06-12 10:03:00,526.85,527.0,526.75,527.0,1310
2024-06-12 10:04:00,526.75,527.0,526.75,527.0,1621
2024-06-12 10:05:00,526.75,526.95,526.3,526.95,2777
2024-06-12 10:06:00,526.75,526.8,526.4,526.8,557
2024-06-12 10:07:00,526.75,526.8,526.0,526.5,1459
2024-06-12 10:08:00,526.0,526.5,526.0,526.5,15943
2024-06-12 10:09:00,526.5,526.8,526.5,526.8,1770
2024-06-12 10:10:00,526.55,526.8,526.5,526.5,332
2024-06-12 10:11:00,526.55,526.7,526.55,526.55,1450
2024-06-12 10:12:00,526.55,526.7,526.5,526.65,1228
2024-06-12 10:13:00,526.55,526.65,526.25,526.35,4900
2024-06-12 10:14:00,526.25,526.3,525.8,526.1,1504
2024-06-12 10:15:00,526.1,527.0,525.85,527.0,1475
2024-06-12 10:16:00,526.75,527.0,526.75,527.0,1600
2024-06-12 10:17:00,526.75,527.05,526.75,527.0,140
2024-06-12 10:18:00,527.0,527.0,526.85,527.0,402
2024-06-12 10:19:00,526.75,527.0,526.7,526.95,693
2024-06-12 10:20:00,526.8,526.95,525.8,526.65,5993
2024-06-12 10:21:00,526.45,526.55,526.0,526.35,1419
2024-06-12 10:22:00,526.15,526.35,525.2,525.9,4209
2024-06-12 10:23:00,525.9,525.9,525.65,525.65,1290
2024-06-12 10:24:00,525.9,525.9,525.65,525.9,983
2024-06-12 10:25:00,525.75,526.5,525.75,526.2,2925
2024-06-12 10:26:00,526.2,526.5,526.2,526.4,1130
2024-06-12 10:27:00,526.4,526.5,526.15,526.5,593
2024-06-12 10:28:00,526.35,526.5,526.15,526.35,380
2024-06-12 10:29:00,526.15,526.5,526.15,526.5,141
2024-06-12 10:30:00,526.25,526.5,526.25,526.25,321
2024-06-12 10:31:00,526.25,526.5,526.25,526.5,258
2024-06-12 10:32:00,526.3,526.5,526.2,526.45,1299
2024-06-12 10:33:00,526.2,526.45,526.2,526.4,199
2024-06-12 10:34:00,526.2,526.4,526.2,526.25,68
2024-06-12 10:35:00,526.25,526.5,526.2,526.5,831
2024-06-12 10:36:00,526.25,526.5,525.9,526.0,3521
2024-06-12 10:37:00,525.8,526.15,525.8,525.9,725
2024-06-12 10:38:00,526.0,526.0,524.9,525.8,20474
2024-06-12 10:39:00,525.75,526.5,525.0,526.5,6101
2024-06-12 10:40:00,526.5,526.5,526.05,526.25,1156
2024-06-12 10:41:00,526.05,526.25,525.4,525.4,2032
2024-06-12 10:42:00,525.2,526.25,524.9,526.25,12841
2024-06-12 10:43:00,526.1,526.25,525.85,526.0,3706
2024-06-12 10:44:00,526.0,526.0,525.85,526.0,1076
2024-06-12 10:45:00,525.9,526.0,525.7,525.7,727
2024-06-12 10:46:00,525.7,525.9,525.35,525.7,893
2024-06-12 10:47:00,525.5,525.95,525.2,525.95,2688
2024-06-12 10:48:00,525.85,525.95,525.1,525.5,2024
2024-06-12 10:49:00,525.45,525.65,525.0,525.65,16625
2024-06-12 10:50:00,525.65,525.65,525.55,525.6,777
2024-06-12 10:51:00,525.6,526.0,525.6,526.0,839
2024-06-12 10:52:00,526.0,526.0,525.8,525.8,1723
2024-06-12 10:53:00,525.5,525.5,523.45,523.8,11908
2024-06-12 10:54:00,524.0,525.4,523.8,524.8,23045
2024-06-12 10:55:00,524.8,525.5,524.8,525.25,4274
2024-06-12 10:56:00,525.25,525.3,525.0,525.25,2211
2024-06-12 10:57:00,525.05,525.3,525.05,525.3,1616
2024-06-12 10:58:00,525.25,525.55,525.25,525.3,1004
2024-06-12 10:59:00,525.3,525.65,525.25,525.65,1009
2024-06-12 11:00:00,525.6,525.7,525.25,525.5,746
2024-06-12 11:01:00,525.3,525.65,525.0,525.0,1940
2024-06-12 11:02:00,525.0,525.15,524.9,525.15,1235
2024-06-12 11:03:00,525.0,525.65,525.0,525.25,1230
2024-06-12 11:04:00,525.25,525.45,525.0,525.4,2014
2024-06-12 11:05:00,525.05,525.4,525.0,525.3,2020
2024-06-12 11:06:00,525.15,525.25,524.9,525.15,1190
2024-06-12 11:07:00,525.15,525.15,524.05,524.8,5024
2024-06-12 11:08:00,524.8,524.95,524.45,524.95,520
2024-06-12 11:09:00,524.85,524.95,524.85,524.95,907
2024-06-12 11:10:00,524.95,525.45,524.7,524.95,3030
2024-06-12 11:11:00,524.9,525.5,524.9,525.5,1176
2024-06-12 11:12:00,525.5,525.7,525.3,525.7,967
2024-06-12 11:13:00,525.7,526.1,525.55,526.0,2375
2024-06-12 11:14:00,526.0,526.0,525.45,525.8,923
2024-06-12 11:15:00,525.2,526.0,525.2,525.7,1670
2024-06-12 11:16:00,525.4,526.0,525.4,526.0,705
2024-06-12 11:17:00,525.7,526.0,525.5,526.0,674
2024-06-12 11:18:00,525.75,526.0,525.75,526.0,102
2024-06-12 11:19:00,526.0,526.0,525.8,525.8,401
2024-06-12 11:20:00,525.8,526.0,525.55,525.55,1498
2024-06-12 11:21:00,525.55,525.55,525.5,525.5,222
2024-06-12 11:22:00,525.3,525.7,525.0,525.7,3490
2024-06-12 11:23:00,525.7,525.7,525.4,525.7,342
2024-06-12 11:24:00,525.55,526.0,525.55,526.0,6700
2024-06-12 11:25:00,526.0,526.0,525.9,526.0,2849
2024-06-12 11:26:00,525.85,526.0,525.3,525.65,411
2024-06-12 11:27:00,525.25,525.75,524.95,524.95,972
2024-06-12 11:28:00,524.95,525.55,524.7,525.15,1847
2024-06-12 11:29:00,525.15,525.15,524.65,524.8,383
2024-06-12 11:30:00,524.65,524.9,524.0,524.25,484
2024-06-12 11:31:00,524.0,524.4,523.6,524.1,2669
2024-06-12 11:32:00,524.1,524.9,524.0,524.9,357
2024-06-12 11:33:00,524.6,525.15,524.6,525.15,238
2024-06-12 11:34:00,524.85,525.5,524.35,525.5,3752
2024-06-12 11:35:00,525.15,526.0,525.05,526.0,1780
2024-06-12 11:36:00,525.45,525.95,525.45,525.95,791
2024-06-12 11:37:00,525.6,525.8,525.3,525.65,855
2024-06-12 11:38:00,525.3,525.6,525.05,525.1,433
2024-06-12 11:39:00,525.1,525.6,524.9,525.25,940
2024-06-12 11:40:00,524.95,525.3,524.8,525.15,461
2024-06-12 11:41:00,525.0,525.3,524.55,524.55,705
2024-06-12 11:42:00,524.55,525.3,524.55,524.95,958
2024-06-12 11:43:00,524.95,524.95,524.6,524.6,212
2024-06-12 11:44:00,524.55,525.3,524.55,525.3,673
2024-06-12 11:45:00,525.05,526.0,525.05,526.0,1387
2024-06-12 11:46:00,525.55,526.0,525.55,526.0,637
2024-06-12 11:47:00,525.6,526.2,525.55,525.95,381
2024-06-12 11:48:00,525.9,526.2,525.65,526.2,1305
2024-06-12 11:49:00,526.2,526.2,525.6,526.1,164
2024-06-12 11:50:00,525.75,529.85,524.0,528.35,840141
2024-06-12 11:51:00,528.05,528.5,527.0,527.35,9072
2024-06-12 11:52:00,527.35,527.65,527.0,527.2,17941
2024-06-12 11:53:00,526.95,527.0,526.15,526.5,1582
2024-06-12 11:54:00,526.75,526.95,526.45,526.45,1574
2024-06-12 11:55:00,526.5,526.85,526.15,526.7,796
2024-06-12 11:56:00,526.5,526.95,526.4,526.5,6567
2024-06-12 11:57:00,526.25,526.7,526.25,526.5,1486
2024-06-12 11:58:00,526.15,526.5,526.0,526.4,943
2024-06-12 11:59:00,526.05,526.4,526.0,526.2,1586
2024-06-12 12:00:00,525.9,526.2,525.6,526.2,1993
2024-06-12 12:01:00,525.9,527.75,525.9,527.55,11131
2024-06-12 12:02:00,527.55,527.55,526.95,526.95,470
2024-06-12 12:03:00,526.95,527.4,526.6,527.4,1056
2024-06-12 12:04:00,527.0,527.5,526.85,527.4,1841
2024-06-12 12:05:00,527.05,527.05,526.05,527.05,2739
2024-06-12 12:06:00,526.7,527.3,526.55,527.3,820
2024-06-12 12:07:00,527.05,527.25,526.7,527.1,812
2024-06-12 12:08:00,526.85,527.1,524.0,525.25,526997
2024-06-12 12:09:00,525.25,526.15,525.05,525.3,5264
2024-06-12 12:10:00,525.25,525.85,525.05,525.05,1228
2024-06-12 12:11:00,525.05,525.3,525.05,525.05,2704
2024-06-12 12:12:00,525.05,525.55,525.05,525.2,1106
2024-06-12 12:13:00,525.1,525.4,525.1,525.4,351
2024-06-12 12:14:00,525.45,525.75,525.4,525.4,562
2024-06-12 12:15:00,525.35,526.4,525.35,525.95,2034
2024-06-12 12:16:00,525.95,526.85,525.95,526.75,495
2024-06-12 12:17:00,526.4,526.75,526.2,526.45,1015
2024-06-12 12:18:00,526.2,526.5,526.15,526.4,1001
2024-06-12 12:19:00,526.15,526.15,526.1,526.1,488
2024-06-12 12:20:00,526.1,526.4,526.1,526.4,706
2024-06-12 12:21:00,526.1,526.4,526.1,526.4,811
2024-06-12 12:22:00,526.2,526.45,525.0,525.0,1564
2024-06-12 12:23:00,525.45,525.45,525.0,525.3,100624
2024-06-12 12:24:00,525.05,525.3,525.05,525.15,377
2024-06-12 12:25:00,525.1,525.85,525.1,525.85,1031
2024-06-12 12:26:00,525.9,526.25,525.55,526.25,2655
2024-06-12 12:27:00,526.25,528.0,526.25,527.65,6197
2024-06-12 12:28:00,527.65,528.85,527.45,527.95,6766
2024-06-12 12:29:00,527.8,528.4,527.8,528.4,2673
2024-06-12 12:30:00,528.0,528.15,528.0,528.1,2889
2024-06-12 12:31:00,528.0,528.05,527.9,527.9,1500
2024-06-12 12:32:00,527.9,528.45,527.8,528.2,2300
2024-06-12 12:33:00,528.15,528.2,527.65,528.2,17174
2024-06-12 12:34:00,528.2,528.7,528.2,528.4,1200
2024-06-12 12:35:00,528.4,528.5,528.2,528.5,1051
2024-06-12 12:36:00,528.25,528.5,528.2,528.4,3480
2024-06-12 12:37:00,528.2,528.4,528.2,528.2,848
2024-06-12 12:38:00,528.2,528.45,528.2,528.2,1638
2024-06-12 12:39:00,528.2,528.95,528.2,528.95,1564
2024-06-12 12:40:00,528.6,528.95,528.6,528.7,1568
2024-06-12 12:41:00,528.7,529.3,528.7,529.1,1885
2024-06-12 12:42:00,528.75,529.15,528.7,529.15,1950
2024-06-12 12:43:00,528.85,529.45,528.85,529.0,820
2024-06-12 12:44:00,529.0,530.0,529.0,530.0,12932
2024-06-12 12:45:00,529.75,530.45,529.75,530.3,4318
2024-06-12 12:46:00,530.0,530.45,529.95,529.95,4078
2024-06-12 12:47:00,530.1,530.2,529.9,530.0,3583
2024-06-12 12:48:00,530.0,530.1,529.95,530.0,2359
2024-06-12 12:49:00,530.0,530.3,529.95,530.0,3154
2024-06-12 12:50:00,530.0,530.25,529.65,529.85,5850
2024-06-12 12:51:00,529.65,529.9,529.55,529.55,2029
2024-06-12 12:52:00,529.55,530.0,529.55,529.65,1845
2024-06-12 12:53:00,529.65,530.0,529.65,529.75,1635
2024-06-12 12:54:00,529.75,530.6,529.75,530.3,5168
2024-06-12 12:55:00,529.95,530.45,529.95,530.05,1959
2024-06-12 12:56:00,530.05,530.4,530.0,530.2,2294
2024-06-12 12:57:00,530.0,530.35,529.6,529.9,3911
2024-06-12 12:58:00,529.6,529.9,529.6,529.6,21
2024-06-12 12:59:00,529.6,530.0,529.6,530.0,1284
2024-06-12 13:00:00,529.8,530.25,529.8,530.2,1764
2024-06-12 13:01:00,530.2,530.2,529.9,529.95,4136
2024-06-12 13:02:00,529.95,530.0,529.9,530.0,2069
2024-06-12 13:03:00,530.0,530.0,529.95,530.0,852
2024-06-12 13:04:00,530.0,530.25,530.0,530.0,1020
2024-06-12 13:05:00,530.0,530.95,530.0,530.0,6890
2024-06-12 13:06:00,530.25,530.55,530.25,530.5,2661
2024-06-12 13:07:00,530.15,530.6,530.0,530.0,6231
2024-06-12 13:08:00,530.0,530.35,529.95,530.3,3961
2024-06-12 13:09:00,530.3,530.3,530.0,530.0,1932
2024-06-12 13:10:00,530.0,530.1,529.95,530.0,1671
2024-06-12 13:11:00,530.0,530.1,529.95,530.0,3160
2024-06-12 13:12:00,530.0,530.2,530.0,530.05,1043
2024-06-12 13:13:00,530.05,530.25,530.0,530.0,1655
2024-06-12 13:14:00,530.0,530.25,530.0,530.0,1098
2024-06-12 13:15:00,530.0,530.0,529.95,529.95,714
2024-06-12 13:16:00,530.0,530.0,529.7,529.7,1455
2024-06-12 13:17:00,529.7,530.0,529.7,529.8,646
2024-06-12 13:18:00,529.8,530.0,529.55,529.9,2090
2024-06-12 13:19:00,529.9,530.0,529.55,529.95,256
2024-06-12 13:20:00,529.95,529.95,529.55,529.65,144
2024-06-12 13:21:00,529.9,530.0,529.9,530.0,343
2024-06-12 13:22:00,530.0,530.0,529.1,529.1,3345
2024-06-12 13:23:00,529.05,529.35,528.55,528.6,3432
2024-06-12 13:24:00,528.95,529.45,528.55,529.4,4564
2024-06-12 13:25:00,528.7,530.2,528.5,530.0,14835
2024-06-12 13:26:00,530.0,530.2,529.8,530.0,1445
2024-06-12 13:27:00,530.0,530.2,529.55,530.15,2558
2024-06-12 13:28:00,529.95,530.2,529.95,530.0,3496
2024-06-12 13:29:00,530.0,530.2,530.0,530.0,1170
2024-06-12 13:30:00,529.95,530.25,529.9,529.9,2495
2024-06-12 13:31:00,529.95,530.0,529.9,530.0,4003
2024-06-12 13:32:00,530.0,530.0,530.0,530.0,4110
2024-06-12 13:33:00,530.0,530.2,529.95,530.0,1401
2024-06-12 13:34:00,530.0,530.0,529.55,529.55,1789
2024-06-12 13:35:00,529.55,529.75,529.55,529.75,750
2024-06-12 13:36:00,529.55,529.75,529.55,529.75,122
2024-06-12 13:37:00,529.75,530.2,529.75,530.0,2045
2024-06-12 13:38:00,530.0,530.2,529.8,530.0,869
2024-06-12 13:39:00,530.0,530.0,529.7,529.8,2358
2024-06-12 13:40:00,529.75,530.2,529.75,530.0,5064
2024-06-12 13:41:00,530.0,530.1,529.95,530.0,1970
2024-06-12 13:42:00,530.0,530.3,529.95,530.0,1837
2024-06-12 13:43:00,530.0,530.0,529.9,530.0,1977
2024-06-12 13:44:00,530.0,530.0,529.9,530.0,1391
2024-06-12 13:45:00,530.0,530.0,529.9,530.0,458
2024-06-12 13:46:00,530.0,530.3,530.0,530.0,4983
2024-06-12 13:47:00,530.1,530.1,529.85,529.85,1947
2024-06-12 13:48:00,529.85,530.0,529.75,529.85,12158
2024-06-12 13:49:00,529.9,530.0,529.8,529.8,9939
2024-06-12 13:50:00,529.9,530.1,529.8,529.95,9903
2024-06-12 13:51:00,529.8,530.0,529.75,529.8,6811
2024-06-12 13:52:00,530.0,530.1,529.8,530.0,4961
2024-06-12 13:53:00,530.0,530.1,529.55,530.0,3479
2024-06-12 13:54:00,530.1,530.1,530.0,530.0,2088
2024-06-12 13:55:00,530.0,530.1,530.0,530.1,14517
2024-06-12 13:56:00,530.1,530.1,530.0,530.0,1743
2024-06-12 13:57:00,530.05,530.05,530.0,530.0,2825
2024-06-12 13:58:00,529.95,530.05,529.95,530.0,8015
2024-06-12 13:59:00,530.0,530.0,529.95,530.0,1412
2024-06-12 14:00:00,530.0,530.0,529.95,530.0,295
2024-06-12 14:01:00,530.0,530.0,529.95,530.0,2864
2024-06-12 14:02:00,530.0,530.45,529.95,530.0,2672
2024-06-12 14:03:00,530.0,530.0,529.55,529.55,2340
2024-06-12 14:04:00,529.55,529.75,529.55,529.75,1030
2024-06-12 14:05:00,529.75,530.3,529.6,529.95,5286
2024-06-12 14:06:00,529.95,530.0,529.05,529.1,5230
2024-06-12 14:07:00,529.1,529.75,528.65,529.45,8948
2024-06-12 14:08:00,529.45,529.65,529.0,529.5,5848
2024-06-12 14:09:00,529.5,529.75,529.2,529.2,2751
2024-06-12 14:10:00,529.2,529.65,528.9,529.3,5492
2024-06-12 14:11:00,529.3,529.6,529.25,529.45,3692
2024-06-12 14:12:00,529.45,529.65,529.15,529.55,3299
2024-06-12 14:13:00,529.55,529.75,529.25,529.3,3230
2024-06-12 14:14:00,529.3,529.3,528.05,528.2,4925
2024-06-12 14:15:00,528.2,528.2,527.55,527.9,6025
2024-06-12 14:16:00,527.9,527.9,527.55,527.55,3023
2024-06-12 14:17:00,527.6,528.35,527.6,527.75,3446
2024-06-12 14:18:00,527.75,528.15,527.6,527.6,2572
2024-06-12 14:19:00,527.85,528.5,527.65,527.65,3411
2024-06-12 14:20:00,527.65,527.95,527.4,527.45,7160
2024-06-12 14:21:00,527.4,527.75,527.4,527.6,2213
2024-06-12 14:22:00,527.6,527.7,527.4,527.4,4003
2024-06-12 14:23:00,527.35,527.45,527.05,527.05,2890
2024-06-12 14:24:00,527.05,527.4,527.05,527.05,2832
2024-06-12 14:25:00,527.25,527.3,527.05,527.1,5044
2024-06-12 14:26:00,527.1,527.3,527.0,527.1,2347
2024-06-12 14:27:00,527.1,527.3,526.55,526.8,5103
2024-06-12 14:28:00,526.8,526.8,526.55,526.55,5531
2024-06-12 14:29:00,526.55,526.95,526.55,526.65,5938
2024-06-12 14:30:00,526.9,527.95,526.9,527.95,6335
2024-06-12 14:31:00,527.95,530.5,527.95,529.9,5232
2024-06-12 14:32:00,529.8,530.0,529.35,529.55,1118
2024-06-12 14:33:00,529.55,529.55,529.2,529.5,623
2024-06-12 14:34:00,529.5,530.35,529.2,530.35,4075
2024-06-12 14:35:00,530.35,530.35,530.15,530.3,175
2024-06-12 14:36:00,530.3,530.3,530.0,530.2,649
2024-06-12 14:37:00,530.2,530.2,529.95,530.0,1905
2024-06-12 14:38:00,530.1,530.35,530.1,530.2,2455
2024-06-12 14:39:00,530.05,530.65,530.05,530.65,1133
2024-06-12 14:40:00,530.75,532.85,530.6,532.75,29073
2024-06-12 14:41:00,532.75,532.75,532.2,532.7,1182
2024-06-12 14:42:00,532.7,532.7,530.7,530.9,1938
2024-06-12 14:43:00,531.1,531.55,530.7,531.55,742
2024-06-12 14:44:00,531.2,532.2,531.2,532.15,2778
2024-06-12 14:45:00,532.15,532.25,532.0,532.1,2434
2024-06-12 14:46:00,532.3,533.15,532.25,532.9,17828
2024-06-12 14:47:00,532.9,532.95,532.15,532.15,4614
2024-06-12 14:48:00,532.15,532.7,532.15,532.65,1321
2024-06-12 14:49:00,532.65,533.1,532.45,533.0,1782
2024-06-12 14:50:00,533.15,534.0,533.0,533.8,9767
2024-06-12 14:51:00,534.0,534.1,533.55,534.1,14877
2024-06-12 14:52:00,534.2,534.95,534.1,534.1,4630
2024-06-12 14:53:00,534.15,534.35,533.7,534.3,8396
2024-06-12 14:54:00,534.3,535.5,534.1,535.5,12437
2024-06-12 14:55:00,535.75,536.0,535.0,535.15,7564
2024-06-12 14:56:00,535.15,536.15,534.85,536.15,6595
2024-06-12 14:57:00,536.15,536.4,535.6,536.0,15100
2024-06-12 14:58:00,535.75,535.95,535.35,535.9,7512
2024-06-12 14:59:00,535.9,535.9,535.0,535.5,1883
2024-06-12 15:00:00,534.9,535.4,534.85,535.0,6223
2024-06-12 15:01:00,534.85,535.1,534.75,535.0,5123
2024-06-12 15:02:00,535.0,535.0,534.5,534.5,3350
2024-06-12 15:03:00,534.5,535.25,534.5,534.75,7808
2024-06-12 15:04:00,534.75,534.8,534.6,534.6,1511
2024-06-12 15:05:00,534.75,535.1,534.6,534.95,2545
2024-06-12 15:06:00,535.35,535.8,535.25,535.65,2696
2024-06-12 15:07:00,535.5,535.55,535.0,535.05,3933
2024-06-12 15:08:00,535.0,535.75,535.0,535.65,3934
2024-06-12 15:09:00,535.65,536.0,535.1,536.0,6639
2024-06-12 15:10:00,536.15,536.4,535.75,535.95,10286
2024-06-12 15:11:00,535.95,535.95,534.9,535.0,6625
2024-06-12 15:12:00,535.0,535.2,534.85,535.15,2688
2024-06-12 15:13:00,534.85,535.15,534.1,534.85,4403
2024-06-12 15:14:00,534.95,536.25,534.8,536.2,8157
2024-06-12 15:15:00,536.2,537.1,535.85,537.0,7115
2024-06-12 15:16:00,537.0,538.0,536.9,538.0,20226
2024-06-12 15:17:00,538.0,539.6,538.0,539.6,26656
2024-06-12 15:18:00,539.45,540.0,539.1,540.0,42255
2024-06-12 15:19:00,540.0,540.4,539.85,540.0,13651
2024-06-12 15:20:00,540.1,540.85,539.95,540.85,13288
2024-06-12 15:21:00,540.8,542.0,540.8,541.95,29072
2024-06-12 15:22:00,541.95,542.0,541.45,541.55,15766
2024-06-12 15:23:00,541.5,542.0,541.45,541.85,9521
2024-06-12 15:24:00,541.85,542.0,541.85,542.0,9937
2024-06-12 15:25:00,541.95,542.1,541.95,542.0,17323
2024-06-12 15:26:00,541.95,542.1,541.85,542.0,7699
2024-06-12 15:27:00,542.0,542.55,542.0,542.1,8346
2024-06-12 15:28:00,542.25,543.25,542.1,543.25,19716
2024-06-12 15:29:00,543.0,544.4,543.0,544.4,23978
2024-06-13 09:15:00,545.05,553.5,545.05,553.5,79618
2024-06-13 09:16:00,552.95,555.2,552.45,555.2,39266
2024-06-13 09:17:00,555.15,557.05,555.1,556.2,35025
2024-06-13 09:18:00,555.55,556.15,553.25,554.0,61543
2024-06-13 09:19:00,554.0,555.55,552.65,555.3,31805
2024-06-13 09:20:00,555.0,555.55,554.5,554.85,6282
2024-06-13 09:21:00,554.05,554.5,552.85,554.0,30268
2024-06-13 09:22:00,553.55,556.85,553.5,556.3,23825
2024-06-13 09:23:00,556.8,556.8,553.65,554.05,41880
2024-06-13 09:24:00,554.05,555.1,553.95,554.6,34758
2024-06-13 09:25:00,554.1,556.0,554.0,555.95,13475
2024-06-13 09:26:00,555.55,556.0,554.7,555.5,15369
2024-06-13 09:27:00,555.5,556.0,554.45,554.95,28198
2024-06-13 09:28:00,554.95,554.95,552.9,553.0,7479
2024-06-13 09:29:00,553.05,554.25,552.45,554.0,48881
2024-06-13 09:30:00,554.0,554.55,553.15,554.2,18897
2024-06-13 09:31:00,554.1,554.1,553.15,554.0,40077
2024-06-13 09:32:00,554.0,556.0,553.75,555.55,25553
2024-06-13 09:33:00,555.95,556.0,553.35,553.8,18547
2024-06-13 09:34:00,554.0,554.0,551.6,551.9,13966
2024-06-13 09:35:00,551.6,551.95,549.5,549.9,21304
2024-06-13 09:36:00,549.2,550.0,549.0,549.05,4673
2024-06-13 09:37:00,548.8,548.8,548.05,548.55,4373
2024-06-13 09:38:00,548.2,548.2,545.35,545.45,11346
2024-06-13 09:39:00,545.45,545.7,542.1,542.8,20334
2024-06-13 09:40:00,543.0,544.4,542.8,544.05,11459
2024-06-13 09:41:00,543.7,543.95,542.5,543.4,16434
2024-06-13 09:42:00,543.5,544.0,543.3,543.3,5493
2024-06-13 09:43:00,543.9,546.85,542.75,546.85,30388
2024-06-13 09:44:00,546.95,548.0,546.35,546.75,6366
2024-06-13 09:45:00,546.35,547.0,546.0,546.75,5881
2024-06-13 09:46:00,546.95,546.95,546.0,546.05,3439
2024-06-13 09:47:00,546.05,546.55,546.0,546.15,4463
2024-06-13 09:48:00,546.15,546.2,544.75,544.75,30895
2024-06-13 09:49:00,544.3,545.85,544.1,545.1,4660
2024-06-13 09:50:00,545.1,546.3,544.95,545.45,1260
2024-06-13 09:51:00,545.45,545.8,545.1,545.1,1367
2024-06-13 09:52:00,545.1,545.75,544.8,544.8,659
2024-06-13 09:53:00,544.85,545.3,544.1,544.6,4174
2024-06-13 09:54:00,544.1,544.5,544.1,544.3,2160
2024-06-13 09:55:00,544.1,544.3,543.35,543.35,2363
2024-06-13 09:56:00,543.25,544.3,543.25,543.8,4934
2024-06-13 09:57:00,543.75,544.75,543.65,544.3,596
2024-06-13 09:58:00,544.85,545.0,544.05,544.1,2388
2024-06-13 09:59:00,544.1,544.65,543.3,543.35,5715
2024-06-13 10:00:00,543.4,543.75,542.6,542.65,8653
2024-06-13 10:01:00,542.65,542.65,538.55,539.0,140409
2024-06-13 10:02:00,539.4,541.5,538.95,541.0,36637
2024-06-13 10:03:00,541.0,542.6,540.7,542.5,1469
2024-06-13 10:04:00,542.2,543.65,542.2,542.6,3436
2024-06-13 10:05:00,542.6,543.45,542.55,543.05,1061
2024-06-13 10:06:00,543.05,543.45,543.05,543.2,627
2024-06-13 10:07:00,543.2,543.45,541.5,541.85,7515
2024-06-13 10:08:00,542.0,542.5,541.85,542.2,385
2024-06-13 10:09:00,542.3,543.0,541.85,542.4,2346
2024-06-13 10:10:00,542.4,543.3,542.3,542.4,999
2024-06-13 10:11:00,542.4,542.75,542.05,542.75,665
2024-06-13 10:12:00,542.65,543.9,542.65,543.25,2942
2024-06-13 10:13:00,543.5,543.7,539.1,539.25,47894
2024-06-13 10:14:00,539.25,540.05,539.25,539.35,29628
2024-06-13 10:15:00,539.35,540.0,539.35,539.65,5596
2024-06-13 10:16:00,539.65,539.95,539.1,539.35,6013
2024-06-13 10:17:00,539.1,539.6,539.1,539.6,2171
2024-06-13 10:18:00,539.6,539.75,537.65,537.75,24147
2024-06-13 10:19:00,537.75,538.0,537.5,537.75,5654
2024-06-13 10:20:00,537.75,539.7,537.75,539.5,37206
2024-06-13 10:21:00,540.0,540.0,539.6,540.0,3643
2024-06-13 10:22:00,539.6,540.0,539.6,540.0,3036
2024-06-13 10:23:00,539.85,540.0,539.3,539.3,1963
2024-06-13 10:24:00,539.3,539.85,539.1,539.85,1959
2024-06-13 10:25:00,539.6,539.75,539.0,539.75,1507
2024-06-13 10:26:00,539.55,539.9,539.55,539.55,842
2024-06-13 10:27:00,539.3,539.55,539.2,539.2,1250
2024-06-13 10:28:00,539.2,539.55,538.8,539.0,3615
2024-06-13 10:29:00,538.7,539.2,538.7,539.2,8797
2024-06-13 10:30:00,539.0,539.85,539.0,539.8,2335
2024-06-13 10:31:00,539.5,539.9,539.0,539.4,1076
2024-06-13 10:32:00,539.45,539.5,539.0,539.35,1451
2024-06-13 10:33:00,539.1,539.5,539.0,539.05,1444
2024-06-13 10:34:00,539.05,539.45,539.05,539.1,256
2024-06-13 10:35:00,539.1,539.45,539.0,539.35,1078
2024-06-13 10:36:00,539.05,539.4,538.7,538.7,2903
2024-06-13 10:37:00,538.7,539.0,538.6,538.7,660
2024-06-13 10:38:00,538.55,538.7,538.1,538.65,6073
2024-06-13 10:39:00,538.55,538.7,538.15,538.7,1258
2024-06-13 10:40:00,538.25,538.75,538.25,538.5,682
2024-06-13 10:41:00,538.65,539.05,538.6,539.0,1046
2024-06-13 10:42:00,538.65,538.95,534.55,534.55,92826
2024-06-13 10:43:00,534.75,535.35,534.15,534.5,23202
2024-06-13 10:44:00,534.3,534.95,533.35,533.7,17602
2024-06-13 10:45:00,533.8,535.0,532.8,535.0,11800
2024-06-13 10:46:00,534.75,535.0,534.65,534.9,5906
2024-06-13 10:47:00,534.9,535.0,534.5,535.0,5335
2024-06-13 10:48:00,534.85,535.0,534.1,534.7,1991
2024-06-13 10:49:00,534.7,534.95,534.3,534.5,1156
2024-06-13 10:50:00,534.5,534.65,534.3,534.3,275
2024-06-13 10:51:00,534.3,535.15,534.2,535.15,16002
2024-06-13 10:52:00,535.0,535.05,534.6,534.95,4009
2024-06-13 10:53:00,534.8,534.9,534.2,534.35,668
2024-06-13 10:54:00,534.25,534.55,534.2,534.55,987
2024-06-13 10:55:00,534.5,534.75,534.3,534.75,2369
2024-06-13 10:56:00,534.75,534.9,534.5,534.75,1156
2024-06-13 10:57:00,534.55,534.85,534.35,534.65,665
2024-06-13 10:58:00,534.35,534.65,534.35,534.35,620
2024-06-13 10:59:00,534.35,536.0,534.35,536.0,32675
2024-06-13 11:00:00,535.8,537.0,535.8,537.0,5529
2024-06-13 11:01:00,536.65,536.95,535.0,535.4,8571
2024-06-13 11:02:00,535.0,535.5,535.0,535.3,2569
2024-06-13 11:03:00,535.0,535.5,535.0,535.2,2712
2024-06-13 11:04:00,535.2,535.3,535.0,535.15,5932
2024-06-13 11:05:00,535.05,535.2,535.0,535.0,5791
2024-06-13 11:06:00,535.0,535.2,534.95,535.0,5174
2024-06-13 11:07:00,535.0,535.2,535.0,535.0,3316
2024-06-13 11:08:00,535.0,535.2,535.0,535.0,8647
2024-06-13 11:09:00,535.0,535.2,534.8,535.0,3229
2024-06-13 11:10:00,535.0,535.15,535.0,535.15,5206
2024-06-13 11:11:00,535.0,535.15,535.0,535.0,3795
2024-06-13 11:12:00,535.0,535.1,535.0,535.1,2642
2024-06-13 11:13:00,535.0,535.05,534.65,535.05,7377
2024-06-13 11:14:00,534.65,535.1,534.65,535.0,8038
2024-06-13 11:15:00,535.0,535.2,535.0,535.0,4878
2024-06-13 11:16:00,535.0,535.15,534.3,535.15,12482
2024-06-13 11:17:00,535.0,535.2,535.0,535.0,3402
2024-06-13 11:18:00,534.8,535.1,534.5,534.75,4888
2024-06-13 11:19:00,534.75,535.2,534.7,535.0,2845
2024-06-13 11:20:00,534.85,535.15,534.8,535.0,3428
2024-06-13 11:21:00,534.85,535.15,534.85,535.0,1742
2024-06-13 11:22:00,535.0,535.15,535.0,535.1,2907
2024-06-13 11:23:00,535.1,535.9,535.1,535.1,11248
2024-06-13 11:24:00,535.1,536.5,535.0,535.95,3851
2024-06-13 11:25:00,536.25,536.25,535.25,536.0,3069
2024-06-13 11:26:00,536.0,536.35,535.5,536.35,3068
2024-06-13 11:27:00,536.0,536.4,535.55,536.25,2057
2024-06-13 11:28:00,536.35,536.4,535.9,535.9,3543
2024-06-13 11:29:00,536.25,536.55,535.55,536.0,2719
2024-06-13 11:30:00,536.45,536.45,535.2,535.85,2769
2024-06-13 11:31:00,535.3,535.9,535.2,535.2,2216
2024-06-13 11:32:00,535.2,536.8,535.1,536.45,6623
2024-06-13 11:33:00,536.45,536.75,535.65,536.75,3920
2024-06-13 11:34:00,536.75,536.8,536.1,536.55,2039
2024-06-13 11:35:00,536.5,537.0,536.0,536.05,6435
2024-06-13 11:36:00,536.05,536.55,536.0,536.2,3143
2024-06-13 11:37:00,536.25,536.45,536.0,536.3,2380
2024-06-13 11:38:00,536.0,536.3,535.75,536.1,2785
2024-06-13 11:39:00,535.9,536.2,535.25,535.9,2589
2024-06-13 11:40:00,535.25,535.65,535.0,535.6,2436
2024-06-13 11:41:00,535.0,535.6,535.0,535.05,3388
2024-06-13 11:42:00,535.05,535.95,535.05,535.95,4170
2024-06-13 11:43:00,535.65,536.2,535.55,536.05,3126
2024-06-13 11:44:00,536.05,536.4,536.0,536.0,3098
2024-06-13 11:45:00,536.0,536.55,536.0,536.35,4891
2024-06-13 11:46:00,536.1,536.8,536.05,536.05,3153
2024-06-13 11:47:00,536.05,538.4,536.05,538.25,9498
2024-06-13 11:48:00,538.25,541.05,538.25,538.85,10606
2024-06-13 11:49:00,538.85,539.2,538.4,539.05,3520
2024-06-13 11:50:00,539.05,539.2,538.5,538.85,4318
2024-06-13 11:51:00,538.85,539.5,538.55,539.5,3808
2024-06-13 11:52:00,539.2,540.4,539.2,540.4,5131
2024-06-13 11:53:00,540.1,542.4,540.1,542.4,8415
2024-06-13 11:54:00,542.3,545.95,542.0,545.0,46851
2024-06-13 11:55:00,545.0,545.25,543.05,543.05,26857
2024-06-13 11:56:00,543.05,545.15,543.0,544.7,35745
2024-06-13 11:57:00,544.15,545.05,544.1,544.5,6172
2024-06-13 11:58:00,544.5,544.95,544.1,544.1,3440
2024-06-13 11:59:00,544.1,544.7,544.1,544.1,4632
2024-06-13 12:00:00,544.1,544.2,544.1,544.2,440
2024-06-13 12:01:00,544.1,544.2,544.1,544.2,1401
2024-06-13 12:02:00,544.1,544.2,543.55,543.65,2373
2024-06-13 12:03:00,543.65,544.1,543.65,543.8,1157
2024-06-13 12:04:00,543.8,545.0,543.8,544.9,13568
2024-06-13 12:05:00,544.8,545.0,544.7,545.0,1234
2024-06-13 12:06:00,545.0,545.1,544.6,544.6,12756
2024-06-13 12:07:00,544.9,545.0,544.5,545.0,1506
2024-06-13 12:08:00,545.0,545.0,544.15,544.15,893
2024-06-13 12:09:00,544.15,544.5,542.5,542.75,4381
2024-06-13 12:10:00,542.6,543.3,542.6,543.3,1108
2024-06-13 12:11:00,543.15,543.3,542.65,543.3,636
2024-06-13 12:12:00,543.3,543.35,542.8,543.0,1296
2024-06-13 12:13:00,543.0,543.3,542.8,543.3,419
2024-06-13 12:14:00,543.3,543.35,542.55,543.35,1190
2024-06-13 12:15:00,543.1,543.3,542.5,542.5,298
2024-06-13 12:16:00,542.5,542.5,541.8,542.2,1369
2024-06-13 12:17:00,541.8,543.25,541.8,542.7,3216
2024-06-13 12:18:00,542.7,542.7,541.95,542.2,366
2024-06-13 12:19:00,541.8,542.55,541.8,542.55,863
2024-06-13 12:20:00,542.55,543.0,542.55,542.9,608
2024-06-13 12:21:00,542.5,543.15,542.5,543.15,1252
2024-06-13 12:22:00,543.05,544.0,543.05,543.05,2257
2024-06-13 12:23:00,542.8,543.9,542.8,543.9,1070
2024-06-13 12:24:00,543.3,543.3,542.85,542.85,839
2024-06-13 12:25:00,542.8,543.1,542.8,542.8,280
2024-06-13 12:26:00,542.45,542.95,542.45,542.8,103
2024-06-13 12:27:00,542.4,542.8,542.3,542.3,399
2024-06-13 12:28:00,542.3,542.5,541.9,542.0,958
2024-06-13 12:29:00,542.05,542.8,542.05,542.55,2014
2024-06-13 12:30:00,542.9,543.8,542.9,543.3,684
2024-06-13 12:31:00,543.0,543.95,543.0,543.45,7504
2024-06-13 12:32:00,543.25,543.25,542.4,542.6,4198
2024-06-13 12:33:00,542.5,542.75,542.4,542.4,776
2024-06-13 12:34:00,542.05,542.45,542.05,542.35,329
2024-06-13 12:35:00,542.05,542.25,541.55,541.6,1218
2024-06-13 12:36:00,541.6,541.6,535.0,536.45,47994
2024-06-13 12:37:00,537.45,540.55,536.8,540.0,5658
2024-06-13 12:38:00,540.0,540.65,540.0,540.6,78
2024-06-13 12:39:00,540.2,540.7,540.2,540.35,1611
2024-06-13 12:40:00,540.35,541.55,540.1,541.55,1142
2024-06-13 12:41:00,541.15,541.6,541.05,541.05,340
2024-06-13 12:42:00,541.05,541.65,541.05,541.65,921
2024-06-13 12:43:00,541.65,542.0,541.3,541.3,1372
2024-06-13 12:44:00,541.25,541.5,541.2,541.3,488
2024-06-13 12:45:00,541.1,541.1,540.85,540.85,144
2024-06-13 12:46:00,540.85,541.0,540.8,541.0,519
2024-06-13 12:47:00,540.9,540.9,540.25,540.55,2096
2024-06-13 12:48:00,540.55,541.65,540.55,541.65,3644
2024-06-13 12:49:00,541.35,542.65,541.35,542.55,6677
2024-06-13 12:50:00,542.45,543.45,542.45,543.0,489
2024-06-13 12:51:00,543.1,543.1,542.4,542.85,1462
2024-06-13 12:52:00,542.85,543.15,542.55,543.0,458
2024-06-13 12:53:00,543.0,543.0,542.75,543.0,764
2024-06-13 12:54:00,543.0,543.0,542.4,542.45,387
2024-06-13 12:55:00,542.5,542.8,542.5,542.8,462
2024-06-13 12:56:00,542.8,542.8,542.0,542.0,1026
2024-06-13 12:57:00,542.0,542.3,541.95,541.95,4388
2024-06-13 12:58:00,541.8,541.95,541.0,541.65,2199
2024-06-13 12:59:00,541.7,541.95,541.7,541.85,629
2024-06-13 13:00:00,541.85,541.9,541.35,541.85,2366
2024-06-13 13:01:00,541.55,541.85,541.55,541.7,249
2024-06-13 13:02:00,542.05,542.25,541.7,542.15,2939
2024-06-13 13:03:00,542.15,542.2,541.85,541.9,709
2024-06-13 13:04:00,541.9,541.9,541.5,541.9,1121
2024-06-13 13:05:00,541.5,543.3,541.5,543.3,3197
2024-06-13 13:06:00,543.05,543.15,542.5,543.0,1483
2024-06-13 13:07:00,543.05,543.7,543.0,543.7,1315
2024-06-13 13:08:00,543.15,543.75,543.0,543.75,654
2024-06-13 13:09:00,543.55,544.0,543.55,544.0,1853
2024-06-13 13:10:00,543.75,543.95,543.75,543.9,351
2024-06-13 13:11:00,543.85,543.85,543.2,543.2,816
2024-06-13 13:12:00,543.2,543.6,543.15,543.15,317
2024-06-13 13:13:00,543.15,543.75,543.1,543.75,2323
2024-06-13 13:14:00,543.75,545.0,543.75,544.15,8396
2024-06-13 13:15:00,544.15,545.0,544.15,544.6,1709
2024-06-13 13:16:00,544.6,544.6,543.5,544.45,3815
2024-06-13 13:17:00,544.1,544.45,544.1,544.3,765
2024-06-13 13:18:00,544.3,544.3,543.6,543.6,997
2024-06-13 13:19:00,543.6,543.9,543.6,543.75,272
2024-06-13 13:20:00,543.75,543.8,543.35,543.35,360
2024-06-13 13:21:00,543.0,543.45,542.8,543.25,1779
2024-06-13 13:22:00,543.1,543.55,542.8,543.45,4098
2024-06-13 13:23:00,543.2,544.0,543.2,543.2,794
2024-06-13 13:24:00,543.2,543.55,543.15,543.15,1132
2024-06-13 13:25:00,543.0,543.4,543.0,543.4,124
2024-06-13 13:26:00,543.4,543.4,543.3,543.35,30
2024-06-13 13:27:00,543.05,543.35,542.85,542.85,323
2024-06-13 13:28:00,542.85,544.5,542.7,544.5,8493
2024-06-13 13:29:00,544.3,545.2,544.3,544.95,5488
2024-06-13 13:30:00,544.95,544.95,544.5,544.95,41
2024-06-13 13:31:00,544.3,544.85,544.3,544.3,40
2024-06-13 13:32:00,544.85,544.85,544.05,544.75,1630
2024-06-13 13:33:00,544.15,544.75,543.95,544.5,704
2024-06-13 13:34:00,544.5,544.5,544.0,544.0,185
2024-06-13 13:35:00,543.65,544.0,543.35,543.8,166
2024-06-13 13:36:00,543.8,543.8,543.2,543.65,302
2024-06-13 13:37:00,543.2,545.05,543.0,545.0,6053
2024-06-13 13:38:00,545.2,545.25,545.0,545.05,3261
2024-06-13 13:39:00,545.0,545.4,545.0,545.4,1586
2024-06-13 13:40:00,545.4,545.6,544.75,544.75,1106
2024-06-13 13:41:00,544.75,544.85,544.3,544.85,1770
2024-06-13 13:42:00,544.85,544.9,544.35,544.35,166
2024-06-13 13:43:00,544.35,544.35,543.85,544.35,339
2024-06-13 13:44:00,544.35,544.45,544.0,544.0,384
2024-06-13 13:45:00,544.0,544.1,543.85,543.85,560
2024-06-13 13:46:00,543.75,543.75,543.3,543.75,265
2024-06-13 13:47:00,543.5,543.75,543.5,543.55,467
2024-06-13 13:48:00,543.75,543.85,543.55,543.8,134
2024-06-13 13:49:00,543.55,543.55,543.0,543.3,780
2024-06-13 13:50:00,543.0,543.4,543.0,543.15,980
2024-06-13 13:51:00,543.15,544.1,543.15,544.1,749
2024-06-13 13:52:00,544.1,544.1,543.4,544.0,773
2024-06-13 13:53:00,543.6,544.25,543.6,544.25,604
2024-06-13 13:54:00,544.25,544.65,544.05,544.65,677
2024-06-13 13:55:00,544.25,544.4,543.9,544.25,1539
2024-06-13 13:56:00,544.25,544.4,544.25,544.4,143
2024-06-13 13:57:00,544.35,544.6,544.35,544.6,640
2024-06-13 13:58:00,544.6,544.6,544.35,544.6,325
2024-06-13 13:59:00,544.05,544.45,543.85,543.9,1793
2024-06-13 14:00:00,543.9,544.15,543.85,543.85,1943
2024-06-13 14:01:00,543.85,543.85,543.4,543.7,320
2024-06-13 14:02:00,543.7,544.35,543.7,544.3,234
2024-06-13 14:03:00,544.15,544.3,544.05,544.1,188
2024-06-13 14:04:00,543.7,543.7,543.5,543.7,357
2024-06-13 14:05:00,543.5,543.6,543.4,543.4,668
2024-06-13 14:06:00,543.4,543.4,542.5,542.85,1548
2024-06-13 14:07:00,542.85,543.15,542.8,542.9,394
2024-06-13 14:08:00,543.0,543.25,543.0,543.15,225
2024-06-13 14:09:00,543.0,543.0,541.9,541.9,378
2024-06-13 14:10:00,542.35,542.95,542.35,542.95,1148
2024-06-13 14:11:00,542.95,542.95,542.6,542.6,547
2024-06-13 14:12:00,542.95,543.0,542.6,542.7,1027
2024-06-13 14:13:00,542.7,542.9,542.6,542.6,417
2024-06-13 14:14:00,542.6,542.9,542.3,542.9,1469
2024-06-13 14:15:00,542.55,542.85,542.45,542.85,1371
2024-06-13 14:16:00,542.85,543.0,542.1,542.45,1165
2024-06-13 14:17:00,542.5,542.5,542.1,542.1,252
2024-06-13 14:18:00,542.1,542.35,542.1,542.1,895
2024-06-13 14:19:00,542.1,542.15,541.85,541.85,1556
2024-06-13 14:20:00,541.85,541.95,541.75,541.9,185
2024-06-13 14:21:00,541.9,541.95,541.9,541.9,1455
2024-06-13 14:22:00,541.9,541.9,541.5,541.8,799
2024-06-13 14:23:00,541.55,541.8,541.55,541.8,287
2024-06-13 14:24:00,541.95,541.95,541.7,541.7,667
2024-06-13 14:25:00,541.7,541.85,541.25,541.25,1381
2024-06-13 14:26:00,541.25,541.6,541.15,541.25,599
2024-06-13 14:27:00,541.25,541.55,541.25,541.55,1825
2024-06-13 14:28:00,541.55,541.65,541.45,541.65,885
2024-06-13 14:29:00,541.55,541.75,541.55,541.75,397
2024-06-13 14:30:00,541.75,541.75,541.6,541.75,418
2024-06-13 14:31:00,541.6,541.6,541.15,541.6,2285
2024-06-13 14:32:00,541.6,542.0,541.6,542.0,1749
2024-06-13 14:33:00,542.05,542.25,542.05,542.2,945
2024-06-13 14:34:00,542.2,542.4,542.2,542.4,207
2024-06-13 14:35:00,542.25,542.6,542.1,542.6,867
2024-06-13 14:36:00,542.6,542.7,542.4,542.7,582
2024-06-13 14:37:00,542.55,542.75,542.4,542.4,482
2024-06-13 14:38:00,542.4,542.4,541.8,541.8,787
2024-06-13 14:39:00,541.7,541.85,541.5,541.85,684
2024-06-13 14:40:00,541.85,541.85,541.5,541.5,719
2024-06-13 14:41:00,541.5,541.5,541.0,541.25,1756
2024-06-13 14:42:00,541.25,541.35,541.1,541.35,2676
2024-06-13 14:43:00,541.35,541.5,541.35,541.35,272
2024-06-13 14:44:00,541.35,542.75,541.35,542.75,3251
2024-06-13 14:45:00,542.75,543.0,542.0,542.05,403
2024-06-13 14:46:00,542.4,542.8,542.4,542.8,1285
2024-06-13 14:47:00,542.8,543.1,542.4,542.95,1100
2024-06-13 14:48:00,542.45,543.05,542.4,543.05,654
2024-06-13 14:49:00,543.05,543.05,542.0,542.15,2307
2024-06-13 14:50:00,542.05,542.15,542.05,542.15,1135
2024-06-13 14:51:00,542.15,542.15,542.0,542.05,606
2024-06-13 14:52:00,542.05,542.2,542.05,542.2,735
2024-06-13 14:53:00,542.2,542.2,542.0,542.0,292
2024-06-13 14:54:00,542.0,542.35,542.0,542.05,1064
2024-06-13 14:55:00,542.35,542.35,542.05,542.15,1679
2024-06-13 14:56:00,542.15,542.25,542.0,542.0,934
2024-06-13 14:57:00,542.0,542.2,542.0,542.0,527
2024-06-13 14:58:00,542.2,542.25,542.0,542.25,1804
2024-06-13 14:59:00,542.25,542.25,542.0,542.25,646
2024-06-13 15:00:00,542.25,542.95,542.25,542.75,2884
2024-06-13 15:01:00,542.75,542.95,542.75,542.9,136
2024-06-13 15:02:00,542.9,542.9,542.35,542.35,3320
2024-06-13 15:03:00,542.35,542.65,542.35,542.65,741
2024-06-13 15:04:00,542.65,542.65,542.65,542.65,656
2024-06-13 15:05:00,542.65,542.95,542.65,542.95,3399
2024-06-13 15:06:00,542.95,542.95,541.6,542.05,24717
2024-06-13 15:07:00,542.0,542.55,541.9,541.95,13440
2024-06-13 15:08:00,542.0,542.1,541.5,542.1,17463
2024-06-13 15:09:00,542.0,543.15,541.55,543.15,7513
2024-06-13 15:10:00,542.7,543.05,542.4,542.4,6079
2024-06-13 15:11:00,542.6,542.6,542.0,542.05,6239
2024-06-13 15:12:00,542.0,542.3,542.0,542.3,3312
2024-06-13 15:13:00,542.1,542.3,542.05,542.25,1052
2024-06-13 15:14:00,542.25,542.35,542.05,542.25,3164
2024-06-13 15:15:00,542.3,542.45,542.3,542.4,2562
2024-06-13 15:16:00,542.35,542.4,542.0,542.0,3995
2024-06-13 15:17:00,542.2,542.25,542.0,542.25,3818
2024-06-13 15:18:00,542.25,542.25,542.0,542.05,5623
2024-06-13 15:19:00,542.05,542.25,542.0,542.1,8246
2024-06-13 15:20:00,542.35,543.0,542.35,542.4,7469
2024-06-13 15:21:00,542.75,543.95,542.35,543.95,7183
2024-06-13 15:22:00,543.95,543.95,543.4,543.55,6658
2024-06-13 15:23:00,543.5,543.55,543.5,543.55,2448
2024-06-13 15:24:00,543.55,544.8,543.55,544.8,4773
2024-06-13 15:25:00,544.8,544.9,544.0,544.55,11099
2024-06-13 15:26:00,544.4,544.65,543.6,543.9,6742
2024-06-13 15:27:00,543.9,543.9,543.05,543.8,7663
2024-06-13 15:28:00,543.8,543.9,543.1,543.15,3447
2024-06-13 15:29:00,543.15,545.0,543.0,543.0,7022
2024-06-14 09:15:00,543.8,546.45,543.8,544.6,13347
2024-06-14 09:16:00,543.95,544.4,538.95,538.95,10709
2024-06-14 09:17:00,538.95,539.15,537.8,538.7,3933
2024-06-14 09:18:00,538.75,538.75,537.5,537.5,9720
2024-06-14 09:19:00,537.9,539.7,537.35,539.55,5490
2024-06-14 09:20:00,539.55,540.45,537.8,539.55,18527
2024-06-14 09:21:00,539.35,541.0,539.35,540.1,9421
2024-06-14 09:22:00,539.65,540.1,539.65,540.0,2692
2024-06-14 09:23:00,540.0,540.1,539.75,539.9,8621
2024-06-14 09:24:00,540.0,540.1,539.85,540.1,3508
2024-06-14 09:25:00,540.05,540.15,539.55,540.05,8372
2024-06-14 09:26:00,539.9,540.1,537.8,539.75,1115000
2024-06-14 09:27:00,539.2,540.75,539.05,540.35,20283
2024-06-14 09:28:00,540.7,540.7,539.6,539.85,4677
2024-06-14 09:29:00,539.85,540.05,539.4,539.65,8561
2024-06-14 09:30:00,539.7,540.25,539.7,540.05,4406
2024-06-14 09:31:00,540.25,540.25,539.15,539.55,5653
2024-06-14 09:32:00,539.95,539.95,538.95,539.35,8050
2024-06-14 09:33:00,539.15,539.15,538.3,538.3,1063
2024-06-14 09:34:00,538.3,539.25,538.3,539.15,3488
2024-06-14 09:35:00,539.25,539.75,538.9,539.25,2084
2024-06-14 09:36:00,539.25,539.7,539.1,539.55,1307
2024-06-14 09:37:00,539.1,539.65,539.1,539.3,2188
2024-06-14 09:38:00,539.65,539.65,539.0,539.55,543
2024-06-14 09:39:00,539.35,539.45,539.0,539.25,2261
2024-06-14 09:40:00,539.25,539.25,538.05,538.1,3044
2024-06-14 09:41:00,538.5,538.7,538.0,538.5,5690
2024-06-14 09:42:00,538.5,538.5,537.8,538.05,2902
2024-06-14 09:43:00,538.05,538.55,537.0,538.55,14428
2024-06-14 09:44:00,538.9,539.25,538.8,538.85,2119
2024-06-14 09:45:00,538.85,538.85,538.4,538.8,2407
2024-06-14 09:46:00,538.8,540.95,538.8,540.75,7916
2024-06-14 09:47:00,540.65,540.65,540.0,540.4,2607
2024-06-14 09:48:00,540.4,540.6,540.05,540.35,3860
2024-06-14 09:49:00,540.0,541.0,540.0,540.95,5061
2024-06-14 09:50:00,540.95,540.95,540.3,540.95,1251
2024-06-14 09:51:00,540.7,541.15,540.0,540.25,10432
2024-06-14 09:52:00,540.5,540.5,539.2,539.2,518747
2024-06-14 09:53:00,539.2,541.0,539.2,540.0,12242
2024-06-14 09:54:00,540.0,540.9,540.0,540.5,4037
2024-06-14 09:55:00,540.5,540.5,540.05,540.4,2523
2024-06-14 09:56:00,540.4,541.0,540.4,540.45,1867
2024-06-14 09:57:00,540.4,540.4,540.05,540.05,2563
2024-06-14 09:58:00,540.05,540.65,540.05,540.5,2947
2024-06-14 09:59:00,540.45,540.45,540.05,540.1,6232
2024-06-14 10:00:00,540.45,540.45,540.05,540.4,1382
2024-06-14 10:01:00,540.05,540.45,540.0,540.4,5819
2024-06-14 10:02:00,540.4,540.4,539.8,540.35,6288
2024-06-14 10:03:00,540.35,540.35,539.75,540.25,2434
2024-06-14 10:04:00,540.25,540.3,540.05,540.05,4673
2024-06-14 10:05:00,540.05,540.3,540.05,540.05,366
2024-06-14 10:06:00,540.3,540.3,540.05,540.05,2020
2024-06-14 10:07:00,540.3,540.3,540.05,540.3,403
2024-06-14 10:08:00,540.3,540.3,540.05,540.15,2956
2024-06-14 10:09:00,540.05,540.15,540.05,540.15,2434
2024-06-14 10:10:00,540.05,540.25,540.05,540.25,728
2024-06-14 10:11:00,540.25,540.25,540.1,540.25,699
2024-06-14 10:12:00,540.25,540.25,540.15,540.25,414
2024-06-14 10:13:00,540.25,540.25,540.1,540.15,1056
2024-06-14 10:14:00,540.4,541.85,540.25,541.85,4302
2024-06-14 10:15:00,541.85,545.9,541.5,545.25,18378
2024-06-14 10:16:00,545.0,545.45,544.4,544.95,8733
2024-06-14 10:17:00,544.95,544.95,544.05,544.05,1052
2024-06-14 10:18:00,544.05,544.6,544.05,544.55,2991
2024-06-14 10:19:00,544.55,544.55,544.1,544.1,1368
2024-06-14 10:20:00,544.1,544.4,543.75,543.75,733
2024-06-14 10:21:00,543.75,543.75,542.3,542.3,50308
2024-06-14 10:22:00,542.25,542.65,541.05,541.05,4099
2024-06-14 10:23:00,541.7,542.0,541.0,542.0,15763
2024-06-14 10:24:00,542.0,542.0,541.4,541.8,1634
2024-06-14 10:25:00,541.8,541.8,541.05,541.05,945
2024-06-14 10:26:00,541.0,541.9,541.0,541.25,3268
2024-06-14 10:27:00,541.25,541.95,541.15,541.95,2472
2024-06-14 10:28:00,541.6,541.95,541.4,541.4,583
2024-06-14 10:29:00,541.4,541.65,541.0,541.35,2893
2024-06-14 10:30:00,541.35,541.9,541.2,541.2,698
2024-06-14 10:31:00,541.85,541.85,541.0,541.15,8618
2024-06-14 10:32:00,541.15,541.9,541.05,541.9,2006
2024-06-14 10:33:00,541.6,541.9,541.4,541.85,674
2024-06-14 10:34:00,541.85,541.95,541.45,541.9,1369
2024-06-14 10:35:00,541.9,541.9,541.1,541.6,2689
2024-06-14 10:36:00,541.65,541.65,541.3,541.3,762
2024-06-14 10:37:00,541.3,541.65,541.3,541.4,188
2024-06-14 10:38:00,541.4,542.0,541.3,541.4,1362
2024-06-14 10:39:00,541.9,541.9,541.25,541.55,916
2024-06-14 10:40:00,541.25,541.55,541.25,541.25,398
2024-06-14 10:41:00,541.25,541.5,541.15,541.15,467
2024-06-14 10:42:00,541.15,541.2,541.0,541.0,652
2024-06-14 10:43:00,541.0,541.0,540.55,540.55,1815
2024-06-14 10:44:00,540.55,540.85,540.55,540.85,175
2024-06-14 10:45:00,540.85,540.85,540.55,540.55,525
2024-06-14 10:46:00,540.55,540.55,540.0,540.3,995
2024-06-14 10:47:00,540.05,540.5,540.05,540.2,3388
2024-06-14 10:48:00,540.5,540.6,540.2,540.25,1514
2024-06-14 10:49:00,540.25,540.55,540.25,540.25,1257
2024-06-14 10:50:00,540.25,540.55,540.1,540.1,399
2024-06-14 10:51:00,540.1,540.5,540.1,540.15,277
2024-06-14 10:52:00,540.15,540.5,540.15,540.15,292
2024-06-14 10:53:00,540.15,540.5,540.15,540.15,301
2024-06-14 10:54:00,540.15,540.5,540.0,540.35,2846
2024-06-14 10:55:00,540.05,540.45,540.05,540.15,3034
2024-06-14 10:56:00,540.15,540.4,540.0,540.1,2811
2024-06-14 10:57:00,540.1,540.4,540.1,540.4,1125
2024-06-14 10:58:00,540.4,540.4,540.0,540.0,1759
2024-06-14 10:59:00,540.0,540.1,539.55,539.55,2151
2024-06-14 11:00:00,539.55,540.0,539.35,539.6,2074
2024-06-14 11:01:00,539.6,539.6,539.05,539.05,1055
2024-06-14 11:02:00,539.05,539.1,538.75,538.75,9311
2024-06-14 11:03:00,538.75,539.3,538.75,539.25,2064
2024-06-14 11:04:00,539.25,539.25,539.05,539.25,817
2024-06-14 11:05:00,539.25,539.3,539.05,539.3,719
2024-06-14 11:06:00,539.1,539.3,539.1,539.25,95
2024-06-14 11:07:00,539.1,539.3,539.05,539.3,703
2024-06-14 11:08:00,539.3,539.5,539.15,539.2,3623
2024-06-14 11:09:00,539.2,539.55,539.2,539.35,894
2024-06-14 11:10:00,539.35,539.8,539.35,539.35,1419
2024-06-14 11:11:00,539.35,540.5,539.35,540.0,2010
2024-06-14 11:12:00,540.0,540.35,540.0,540.35,511
2024-06-14 11:13:00,540.35,540.85,540.35,540.6,2734
2024-06-14 11:14:00,540.65,542.9,540.3,542.8,3369
2024-06-14 11:15:00,543.0,543.6,541.6,542.6,507059
2024-06-14 11:16:00,542.55,543.05,542.35,542.35,1545
2024-06-14 11:17:00,542.35,542.6,540.45,540.9,7658
2024-06-14 11:18:00,540.55,541.0,540.25,540.25,5220
2024-06-14 11:19:00,540.25,540.85,540.25,540.8,2737
2024-06-14 11:20:00,540.8,541.8,540.8,541.5,3015
2024-06-14 11:21:00,541.5,541.6,540.6,541.6,2948
2024-06-14 11:22:00,541.6,542.05,541.1,542.05,6458
2024-06-14 11:23:00,542.05,542.05,541.95,542.05,2582
2024-06-14 11:24:00,542.05,542.1,542.0,542.0,1042
2024-06-14 11:25:00,542.0,542.45,542.0,542.2,4362
2024-06-14 11:26:00,542.2,542.55,542.15,542.35,2549
2024-06-14 11:27:00,542.6,543.4,542.25,543.4,4496
2024-06-14 11:28:00,543.4,543.4,542.65,542.65,3644
2024-06-14 11:29:00,542.65,542.75,542.15,542.7,2111
2024-06-14 11:30:00,542.7,542.95,542.55,542.95,4847
2024-06-14 11:31:00,542.95,543.1,542.95,543.1,1023
2024-06-14 11:32:00,543.35,543.35,543.0,543.1,1365
2024-06-14 11:33:00,543.1,543.65,543.1,543.45,4899
2024-06-14 11:34:00,543.45,543.5,543.0,543.35,7084
2024-06-14 11:35:00,543.35,543.65,543.2,543.65,2572
2024-06-14 11:36:00,543.7,544.85,543.7,544.5,7973
2024-06-14 11:37:00,544.05,544.4,544.0,544.35,793
2024-06-14 11:38:00,544.35,544.35,544.0,544.0,2855
2024-06-14 11:39:00,544.0,544.1,543.55,543.8,4804
2024-06-14 11:40:00,543.8,543.85,543.65,543.8,1602
2024-06-14 11:41:00,543.95,544.3,543.8,544.1,1973
2024-06-14 11:42:00,544.35,544.65,543.95,543.95,5419
2024-06-14 11:43:00,544.35,544.35,543.95,544.35,2187
2024-06-14 11:44:00,544.35,544.9,544.3,544.9,1270
2024-06-14 11:45:00,544.55,544.9,544.25,544.75,16489
2024-06-14 11:46:00,544.75,545.5,544.7,545.5,8900
2024-06-14 11:47:00,545.5,547.0,545.5,546.95,12580
2024-06-14 11:48:00,546.5,546.9,544.95,545.8,9803
2024-06-14 11:49:00,545.8,546.3,544.95,545.0,12148
2024-06-14 11:50:00,545.0,545.35,545.0,545.2,2916
2024-06-14 11:51:00,545.2,545.3,545.05,545.05,1368
2024-06-14 11:52:00,545.05,545.2,544.25,544.7,2142
2024-06-14 11:53:00,544.7,545.05,544.55,544.85,11687
2024-06-14 11:54:00,544.85,544.85,544.25,544.25,1402
2024-06-14 11:55:00,544.25,544.65,544.25,544.6,2741
2024-06-14 11:56:00,544.6,544.85,544.0,544.3,5703
2024-06-14 11:57:00,544.3,544.3,544.0,544.15,2326
2024-06-14 11:58:00,544.15,544.15,543.65,543.65,5321
2024-06-14 11:59:00,543.65,543.9,543.55,543.55,1711
2024-06-14 12:00:00,543.55,543.55,543.0,543.0,6263
2024-06-14 12:01:00,543.0,543.75,543.0,543.75,2485
2024-06-14 12:02:00,543.75,544.35,543.75,544.35,657
2024-06-14 12:03:00,544.35,544.55,543.95,543.95,2651
2024-06-14 12:04:00,543.95,544.2,543.95,544.2,1170
2024-06-14 12:05:00,544.05,544.25,543.95,544.25,1118
2024-06-14 12:06:00,544.25,544.25,543.95,543.95,1288
2024-06-14 12:07:00,543.95,544.2,543.95,544.0,740
2024-06-14 12:08:00,544.0,544.2,543.95,544.1,613
2024-06-14 12:09:00,544.1,544.2,543.95,544.2,1446
2024-06-14 12:10:00,543.4,543.75,543.35,543.55,2508
2024-06-14 12:11:00,543.55,543.65,543.35,543.6,1881
2024-06-14 12:12:00,543.65,543.65,543.35,543.35,2994
2024-06-14 12:13:00,543.35,543.65,543.35,543.65,927
2024-06-14 12:14:00,543.65,543.65,543.35,543.35,1219
2024-06-14 12:15:00,543.35,543.65,543.35,543.65,464
2024-06-14 12:16:00,543.65,543.7,543.35,543.65,840
2024-06-14 12:17:00,543.7,543.75,543.35,543.35,1105
2024-06-14 12:18:00,543.35,543.35,543.05,543.05,3505
2024-06-14 12:19:00,543.05,543.45,543.05,543.3,1384
2024-06-14 12:20:00,543.3,543.65,543.25,543.65,1027
2024-06-14 12:21:00,543.5,543.75,543.5,543.5,1053
2024-06-14 12:22:00,543.5,543.75,543.5,543.5,1067
2024-06-14 12:23:00,543.5,543.55,543.0,543.05,33514
2024-06-14 12:24:00,543.05,543.05,542.75,542.75,10000
2024-06-14 12:25:00,542.75,542.9,542.75,542.75,2412
2024-06-14 12:26:00,542.75,542.75,542.45,542.45,2626
2024-06-14 12:27:00,542.45,542.55,542.15,542.5,2789
2024-06-14 12:28:00,542.5,542.95,542.5,542.6,2587
2024-06-14 12:29:00,542.6,542.95,542.6,542.7,758
2024-06-14 12:30:00,542.7,542.95,542.7,542.8,774
2024-06-14 12:31:00,542.8,542.95,542.7,542.8,1189
2024-06-14 12:32:00,542.8,542.95,542.7,542.7,1646
2024-06-14 12:33:00,542.7,542.85,542.7,542.85,1320
2024-06-14 12:34:00,542.85,542.85,542.7,542.8,599
2024-06-14 12:35:00,542.85,543.1,542.75,542.75,2538
2024-06-14 12:36:00,542.75,543.2,542.75,543.15,524
2024-06-14 12:37:00,543.15,543.3,542.7,542.7,1035
2024-06-14 12:38:00,542.7,543.0,542.7,542.7,1416
2024-06-14 12:39:00,542.7,543.0,542.65,542.95,813
2024-06-14 12:40:00,543.0,543.0,542.9,542.95,1236
2024-06-14 12:41:00,542.85,543.05,542.75,542.95,754
2024-06-14 12:42:00,543.0,543.15,543.0,543.0,1197
2024-06-14 12:43:00,543.0,543.3,543.0,543.05,722
2024-06-14 12:44:00,543.05,543.45,543.0,543.35,3856
2024-06-14 12:45:00,543.4,543.4,543.0,543.2,1070
2024-06-14 12:46:00,543.25,543.3,543.05,543.3,657
2024-06-14 12:47:00,543.3,543.35,543.05,543.25,894
2024-06-14 12:48:00,543.25,543.35,543.1,543.35,543
2024-06-14 12:49:00,543.35,543.35,543.1,543.3,1010
2024-06-14 12:50:00,543.3,543.4,543.3,543.35,1590
2024-06-14 12:51:00,543.35,543.5,543.35,543.45,5293
2024-06-14 12:52:00,543.5,543.5,543.3,543.3,2642
2024-06-14 12:53:00,543.3,543.45,543.3,543.35,735
2024-06-14 12:54:00,543.3,543.45,543.3,543.3,936
2024-06-14 12:55:00,543.45,543.45,543.3,543.3,1051
2024-06-14 12:56:00,543.3,543.45,543.3,543.3,1130
2024-06-14 12:57:00,543.3,543.45,543.3,543.3,783
2024-06-14 12:58:00,543.3,543.5,543.3,543.3,1739
2024-06-14 12:59:00,543.3,543.45,543.05,543.35,2604
2024-06-14 13:00:00,543.4,543.4,542.9,542.9,3580
2024-06-14 13:01:00,542.8,542.9,542.75,542.75,2085
2024-06-14 13:02:00,542.75,543.05,542.75,543.05,2292
2024-06-14 13:03:00,543.05,543.35,543.0,543.3,1890
2024-06-14 13:04:00,543.3,543.4,543.1,543.35,967
2024-06-14 13:05:00,543.35,543.4,543.0,543.35,1054
2024-06-14 13:06:00,543.35,543.35,542.95,542.95,1049
2024-06-14 13:07:00,542.95,542.95,542.75,542.95,1000
2024-06-14 13:08:00,542.55,543.25,542.55,543.25,1492
2024-06-14 13:09:00,543.35,543.35,543.0,543.1,698
2024-06-14 13:10:00,543.1,543.35,543.1,543.3,974
2024-06-14 13:11:00,543.1,543.35,542.8,543.1,1254
2024-06-14 13:12:00,543.1,543.4,543.1,543.4,676
2024-06-14 13:13:00,543.4,543.45,542.8,543.1,662
2024-06-14 13:14:00,543.1,543.2,542.55,542.6,1405
2024-06-14 13:15:00,542.6,542.85,542.6,542.85,1341
2024-06-14 13:16:00,542.9,543.2,542.9,543.15,972
2024-06-14 13:17:00,543.25,543.3,542.9,543.3,910
2024-06-14 13:18:00,543.3,543.3,542.9,543.25,722
2024-06-14 13:19:00,543.25,543.35,542.9,543.35,1259
2024-06-14 13:20:00,543.35,543.35,543.15,543.35,584
2024-06-14 13:21:00,543.35,543.4,543.1,543.35,744
2024-06-14 13:22:00,543.35,543.45,543.1,543.35,854
2024-06-14 13:23:00,543.35,543.35,543.0,543.25,682
2024-06-14 13:24:00,543.25,543.25,542.9,542.9,1109
2024-06-14 13:25:00,542.9,543.0,541.75,541.75,40508
2024-06-14 13:26:00,541.75,542.2,540.05,541.0,27145
2024-06-14 13:27:00,541.0,541.1,540.9,540.9,17238
2024-06-14 13:28:00,540.9,541.8,540.9,541.05,1888
2024-06-14 13:29:00,541.05,541.4,541.0,541.05,1459
2024-06-14 13:30:00,541.0,541.55,540.65,540.85,4246
2024-06-14 13:31:00,540.85,541.15,540.35,540.7,2246
2024-06-14 13:32:00,540.7,541.5,540.3,541.5,2341
2024-06-14 13:33:00,541.45,541.45,540.9,541.05,1419
2024-06-14 13:34:00,541.05,541.3,540.95,541.15,2192
2024-06-14 13:35:00,540.95,541.15,540.95,540.95,1718
2024-06-14 13:36:00,540.95,541.1,540.95,540.95,2343
2024-06-14 13:37:00,540.95,541.1,540.95,541.1,2060
2024-06-14 13:38:00,541.1,541.3,540.8,540.95,2599
2024-06-14 13:39:00,540.95,541.3,540.45,540.45,7515
2024-06-14 13:40:00,540.05,540.95,539.55,539.6,43622
2024-06-14 13:41:00,539.6,539.9,539.6,539.6,2092
2024-06-14 13:42:00,539.6,540.75,539.6,540.0,5984
2024-06-14 13:43:00,540.0,540.0,539.75,539.9,2957
2024-06-14 13:44:00,539.9,539.9,539.55,539.6,3698
2024-06-14 13:45:00,539.8,539.8,539.55,539.65,1803
2024-06-14 13:46:00,539.65,540.0,539.65,540.0,3385
2024-06-14 13:47:00,540.0,540.0,539.8,539.85,1789
2024-06-14 13:48:00,540.0,540.7,539.8,539.8,2805
2024-06-14 13:49:00,539.95,539.95,539.55,539.65,2561
2024-06-14 13:50:00,539.65,539.8,539.6,539.8,1329
2024-06-14 13:51:00,539.8,540.0,539.8,540.0,3013
2024-06-14 13:52:00,540.0,540.0,539.55,539.55,2072
2024-06-14 13:53:00,539.55,539.8,539.25,539.55,6756
2024-06-14 13:54:00,539.25,540.0,539.15,539.35,3540
2024-06-14 13:55:00,539.35,539.5,539.05,539.35,7859
2024-06-14 13:56:00,539.35,540.0,539.35,539.55,2063
2024-06-14 13:57:00,539.55,539.95,539.4,539.8,1768
2024-06-14 13:58:00,539.8,540.05,539.1,540.0,4742
2024-06-14 13:59:00,540.0,540.2,539.75,540.0,4093
2024-06-14 14:00:00,539.9,540.2,539.85,540.2,2053
2024-06-14 14:01:00,540.1,540.9,539.95,540.0,5487
2024-06-14 14:02:00,540.0,540.05,539.9,539.9,2323
2024-06-14 14:03:00,539.9,540.0,539.8,540.0,1285
2024-06-14 14:04:00,540.0,540.2,539.8,539.8,2095
2024-06-14 14:05:00,539.8,540.2,539.8,540.0,2752
2024-06-14 14:06:00,540.0,540.0,539.8,540.0,1593
2024-06-14 14:07:00,540.0,540.1,539.95,539.95,2241
2024-06-14 14:08:00,540.0,540.05,539.8,539.9,1708
2024-06-14 14:09:00,539.85,540.05,539.75,540.0,1840
2024-06-14 14:10:00,540.0,540.05,539.85,540.05,847
2024-06-14 14:11:00,540.15,540.15,539.85,540.0,1571
2024-06-14 14:12:00,540.05,540.15,539.6,539.65,8901
2024-06-14 14:13:00,539.65,540.0,539.55,539.9,2931
2024-06-14 14:14:00,539.9,540.0,539.9,540.0,996
2024-06-14 14:15:00,540.0,540.0,539.75,539.85,3518
2024-06-14 14:16:00,539.85,540.15,539.75,539.85,1319
2024-06-14 14:17:00,539.85,540.0,539.75,539.9,1961
2024-06-14 14:18:00,539.9,540.0,539.8,539.8,2111
2024-06-14 14:19:00,539.8,540.0,539.55,539.55,3621
2024-06-14 14:20:00,539.55,539.95,539.55,539.95,1342
2024-06-14 14:21:00,539.95,540.4,539.75,540.0,10711
2024-06-14 14:22:00,540.0,540.0,539.9,539.9,1264
2024-06-14 14:23:00,539.9,540.0,539.75,539.85,2090
2024-06-14 14:24:00,539.85,539.95,539.85,539.85,1259
2024-06-14 14:25:00,539.95,539.95,539.7,539.7,1551
2024-06-14 14:26:00,539.7,539.9,539.7,539.9,775
2024-06-14 14:27:00,539.9,540.0,539.85,540.0,1221
2024-06-14 14:28:00,540.0,540.05,539.65,539.65,5500
2024-06-14 14:29:00,539.65,539.9,539.65,539.9,1891
2024-06-14 14:30:00,539.9,539.95,539.85,539.9,1636
2024-06-14 14:31:00,539.9,540.0,539.9,539.95,1589
2024-06-14 14:32:00,539.95,540.0,539.85,540.0,1436
2024-06-14 14:33:00,540.0,540.1,539.95,539.95,1934
2024-06-14 14:34:00,539.95,540.0,539.95,540.0,1353
2024-06-14 14:35:00,540.0,540.0,539.85,540.0,1896
2024-06-14 14:36:00,539.85,540.0,539.65,539.95,3227
2024-06-14 14:37:00,539.75,540.05,539.75,540.05,1366
2024-06-14 14:38:00,540.05,540.55,540.05,540.1,825
2024-06-14 14:39:00,540.0,540.05,539.9,540.0,1097
2024-06-14 14:40:00,540.0,540.25,539.95,540.05,958
2024-06-14 14:41:00,540.05,540.5,540.05,540.4,1145
2024-06-14 14:42:00,540.4,540.45,540.05,540.35,1067
2024-06-14 14:43:00,540.35,540.35,540.05,540.25,1717
2024-06-14 14:44:00,540.25,540.3,540.05,540.2,1491
2024-06-14 14:45:00,540.15,541.1,540.15,540.8,4244
2024-06-14 14:46:00,540.8,540.9,540.7,540.9,1554
2024-06-14 14:47:00,540.9,541.45,540.9,541.35,945
2024-06-14 14:48:00,541.35,541.5,541.0,541.0,2116
2024-06-14 14:49:00,541.0,541.15,540.8,540.8,1535
2024-06-14 14:50:00,540.8,541.0,540.7,540.9,1351
2024-06-14 14:51:00,540.9,540.95,539.8,539.85,20137
2024-06-14 14:52:00,540.0,540.3,540.0,540.05,1603
2024-06-14 14:53:00,540.05,540.65,540.0,540.55,14364
2024-06-14 14:54:00,540.55,540.55,540.2,540.35,865
2024-06-14 14:55:00,540.65,541.5,540.55,541.5,15243
2024-06-14 14:56:00,541.1,541.4,541.05,541.05,1032
2024-06-14 14:57:00,541.05,541.15,540.55,540.95,2054
2024-06-14 14:58:00,540.55,540.85,540.55,540.6,3298
2024-06-14 14:59:00,540.6,540.75,540.6,540.65,1356
2024-06-14 15:00:00,540.75,540.75,540.65,540.65,2904
2024-06-14 15:01:00,540.65,540.75,540.65,540.7,1663
2024-06-14 15:02:00,540.75,540.75,540.7,540.7,1539
2024-06-14 15:03:00,540.7,540.75,540.65,540.65,3573
2024-06-14 15:04:00,540.65,540.75,540.55,540.7,2237
2024-06-14 15:05:00,540.75,540.75,540.55,540.65,1066
2024-06-14 15:06:00,540.8,540.85,540.55,540.7,2685
2024-06-14 15:07:00,540.7,540.8,540.7,540.7,1376
2024-06-14 15:08:00,540.7,540.75,540.55,540.6,1127
2024-06-14 15:09:00,540.6,540.7,540.55,540.6,2960
2024-06-14 15:10:00,540.6,540.7,540.6,540.65,2416
2024-06-14 15:11:00,540.7,540.7,540.65,540.65,1226
2024-06-14 15:12:00,540.7,540.7,540.65,540.7,1696
2024-06-14 15:13:00,540.7,540.7,540.65,540.7,2437
2024-06-14 15:14:00,540.7,540.75,540.65,540.65,1276
2024-06-14 15:15:00,540.7,540.7,540.65,540.7,3774
2024-06-14 15:16:00,540.65,540.8,540.6,540.65,4228
2024-06-14 15:17:00,540.65,540.75,539.45,539.95,7751
2024-06-14 15:18:00,539.35,539.85,539.2,539.55,6618
2024-06-14 15:19:00,539.2,539.5,538.8,538.8,15918
2024-06-14 15:20:00,538.9,538.95,537.95,537.95,9027
2024-06-14 15:21:00,537.95,537.95,537.0,537.4,11451
2024-06-14 15:22:00,537.0,537.35,537.0,537.05,24902
2024-06-14 15:23:00,537.25,538.1,537.0,537.8,7226
2024-06-14 15:24:00,537.9,537.9,537.05,537.6,3052
2024-06-14 15:25:00,537.6,537.65,537.4,537.65,4138
2024-06-14 15:26:00,537.65,538.9,537.55,538.25,6784
2024-06-14 15:27:00,538.45,538.7,536.7,536.7,66591
2024-06-14 15:28:00,537.85,539.5,535.15,538.4,98074
2024-06-14 15:29:00,538.4,538.5,537.5,538.5,3956
